score,unit,stratum,test_event,role,auc,ci_lo,ci_hi,n_units,n_pos_cells,n_clusters,included,reason,y,se,run_id
slope_neg,cell_gate,ALL,2006,development,0.898343431163811,0.8397,0.9326,107,107,3,True,,2.1789522751557087,0.2477937728814675,m2_20260926T165115Z_1ffdde7
slope_neg,cluster_gate,ALL,2006,development,0.8878,0.8397,0.9326,3,107,3,True,,2.0684634993113393,0.2477937728814675,m2_20260926T165115Z_1ffdde7
relelev_neg,cell_gate,ALL,2006,development,0.5007989349024142,0.4636,0.6469,107,107,3,True,,0.003195742329435647,0.1916612922440597,m2_20260926T165115Z_1ffdde7
relelev_neg,cluster_gate,ALL,2006,development,0.5451,0.4636,0.6469,3,107,3,True,,0.18089164949427694,0.1916612922440597,m2_20260926T165115Z_1ffdde7
twi,cell_gate,ALL,2006,development,0.8739509984110673,0.8032,0.9274,107,107,3,True,,1.9363535753442005,0.2910778705137938,m2_20260926T165115Z_1ffdde7
twi,cluster_gate,ALL,2006,development,0.8786,0.8032,0.9274,3,107,3,True,,1.9792388529162817,0.2910778705137938,m2_20260926T165115Z_1ffdde7
impervious,cell_gate,ALL,2006,development,0.4767214089852837,0.4107,0.6344,107,107,3,True,,-0.09318172902951549,0.23271147041920448,m2_20260926T165115Z_1ffdde7
impervious,cluster_gate,ALL,2006,development,0.5312,0.4107,0.6344,3,107,3,True,,0.12496235989942128,0.23271147041920448,m2_20260926T165115Z_1ffdde7
hand_neg,cell_gate,ALL,2006,development,0.9268187297201922,0.8872,0.9469,107,107,3,True,,2.5388184836421166,0.20882079268447729,m2_20260926T165115Z_1ffdde7
hand_neg,cluster_gate,ALL,2006,development,0.9122,0.8872,0.9469,3,107,3,True,,2.3407977636365294,0.20882079268447729,m2_20260926T165115Z_1ffdde7
hand_acc_neg,cell_gate,ALL,2006,development,0.9348709483983506,0.904,0.9499,107,107,3,True,,2.664037785827579,0.17853760181343634,m2_20260926T165115Z_1ffdde7
hand_acc_neg,cluster_gate,ALL,2006,development,0.9346,0.904,0.9499,3,107,3,True,,2.6595963718031728,0.17853760181343634,m2_20260926T165115Z_1ffdde7
L1,cell_gate,ALL,2006,development,0.3869323717400098,0.3647,0.428,107,107,3,True,,-0.4602253255433863,0.06760492456754019,m2_20260926T165115Z_1ffdde7
L1,cluster_gate,ALL,2006,development,0.3952,0.3647,0.428,3,107,3,True,,-0.42550585899161053,0.06760492456754019,m2_20260926T165115Z_1ffdde7
z_sensitivity,cell_gate,ALL,2006,development,0.7544419303478709,0.6972,0.7887,107,107,3,True,,1.1224448553041473,0.12324392374299997,m2_20260926T165115Z_1ffdde7
z_sensitivity,cluster_gate,ALL,2006,development,0.7429,0.6972,0.7887,3,107,3,True,,1.0610963318859166,0.12324392374299997,m2_20260926T165115Z_1ffdde7
slope_neg,object,ALL,2006,development,0.885185228535842,0.8552468977782757,0.9169236063529798,19,107,3,True,,2.0424767739902165,0.15941694001545517,m2_20260926T165115Z_1ffdde7
relelev_neg,object,ALL,2006,development,0.496765423322278,0.4691114637064504,0.5227288463377161,19,107,3,True,,-0.012938487204562144,0.0547688046991375,m2_20260926T165115Z_1ffdde7
twi,object,ALL,2006,development,0.8422664708504762,0.7938833440443553,0.8914412630169934,19,107,3,True,,1.6751893529956592,0.19312955373509616,m2_20260926T165115Z_1ffdde7
impervious,object,ALL,2006,development,0.5081832871054498,0.4441353612287521,0.5751161267012271,19,107,3,True,,0.03273607157717462,0.1344798979254894,m2_20260926T165115Z_1ffdde7
hand_neg,object,ALL,2006,development,0.9169905877075856,0.8944323376634721,0.9373090106971952,19,107,3,True,,2.4021432055002663,0.1448899399843102,m2_20260926T165115Z_1ffdde7
hand_acc_neg,object,ALL,2006,development,0.9213673295683816,0.8962631928132349,0.9433070748260624,19,107,3,True,,2.4610715270702457,0.16718810242496324,m2_20260926T165115Z_1ffdde7
L1,object,ALL,2006,development,0.369319488208016,0.3309815304664778,0.4068226318512331,19,107,3,True,,-0.5351373227262128,0.08332625866042483,m2_20260926T165115Z_1ffdde7
z_sensitivity,object,ALL,2006,development,0.7339420037034096,0.6965492932521357,0.7678549523942265,19,107,3,True,,1.0147156952581473,0.09319535726883621,m2_20260926T165115Z_1ffdde7
slope_neg,cell_gate,FLAT,2006,development,0.678595103554585,0.5039,0.7777,105,105,3,True,,0.7473229488863136,0.3154937330752578,m2_20260926T165115Z_1ffdde7
slope_neg,cluster_gate,FLAT,2006,development,0.6407,0.5039,0.7777,3,105,3,True,,0.578403634525503,0.3154937330752578,m2_20260926T165115Z_1ffdde7
relelev_neg,cell_gate,FLAT,2006,development,0.4430021130183205,0.3605,0.7117,105,105,3,True,,-0.228986906523584,0.3767542530383118,m2_20260926T165115Z_1ffdde7
relelev_neg,cluster_gate,FLAT,2006,development,0.5296,0.3605,0.7117,3,105,3,True,,0.11853860803838112,0.3767542530383118,m2_20260926T165115Z_1ffdde7
twi,cell_gate,FLAT,2006,development,0.6505856168741095,0.5037,0.7715,105,105,3,True,,0.6216143442487634,0.3066383364163756,m2_20260926T165115Z_1ffdde7
twi,cluster_gate,FLAT,2006,development,0.6615,0.5037,0.7715,3,105,3,True,,0.6699858912026805,0.3066383364163756,m2_20260926T165115Z_1ffdde7
impervious,cell_gate,FLAT,2006,development,0.297169848709557,0.2536,0.4303,105,105,3,True,,-0.8608114005401556,0.20379868370788967,m2_20260926T165115Z_1ffdde7
impervious,cluster_gate,FLAT,2006,development,0.3409,0.2536,0.4303,3,105,3,True,,-0.6592860889148168,0.20379868370788967,m2_20260926T165115Z_1ffdde7
hand_neg,cell_gate,FLAT,2006,development,0.815971331368414,0.7086,0.8651,105,105,3,True,,1.489287667967408,0.24738134296123684,m2_20260926T165115Z_1ffdde7
hand_neg,cluster_gate,FLAT,2006,development,0.7767,0.7086,0.8651,3,105,3,True,,1.2465380165794893,0.24738134296123684,m2_20260926T165115Z_1ffdde7
hand_acc_neg,cell_gate,FLAT,2006,development,0.810777227795056,0.7277,0.8489,105,105,3,True,,1.4550683182232285,0.1895481382955782,m2_20260926T165115Z_1ffdde7
hand_acc_neg,cluster_gate,FLAT,2006,development,0.8085,0.7277,0.8489,3,105,3,True,,1.4402928703964608,0.1895481382955782,m2_20260926T165115Z_1ffdde7
L1,cell_gate,FLAT,2006,development,0.1636147840361778,0.1472,0.1976,105,105,3,True,,-1.6315745045466774,0.09065737906052417,m2_20260926T165115Z_1ffdde7
L1,cluster_gate,FLAT,2006,development,0.1705,0.1472,0.1976,3,105,3,True,,-1.5820878129069276,0.09065737906052417,m2_20260926T165115Z_1ffdde7
z_sensitivity,cell_gate,FLAT,2006,development,0.3926972584995275,0.2888,0.4524,105,105,3,True,,-0.43598843673519727,0.18118723956434532,m2_20260926T165115Z_1ffdde7
z_sensitivity,cluster_gate,FLAT,2006,development,0.3688,0.2888,0.4524,3,105,3,True,,-0.5373682778492257,0.18118723956434532,m2_20260926T165115Z_1ffdde7
slope_neg,object,FLAT,2006,development,0.6107649231404799,0.5153409269348502,0.7104085218518609,19,105,3,True,,0.4505286721729856,0.21326564829485753,m2_20260926T165115Z_1ffdde7
relelev_neg,object,FLAT,2006,development,0.4354354117906751,0.3739062834523379,0.4889355101947503,19,105,3,True,,-0.25970831659220117,0.1202138656502587,m2_20260926T165115Z_1ffdde7
twi,object,FLAT,2006,development,0.5795642136568371,0.4781839916720903,0.6748498477440964,19,105,3,True,,0.32098470547927016,0.2085555181745936,m2_20260926T165115Z_1ffdde7
impervious,object,FLAT,2006,development,0.3014231100161875,0.2635155625749163,0.3403427744817928,19,105,3,True,,-0.8405302925348337,0.09337125733965775,m2_20260926T165115Z_1ffdde7
hand_neg,object,FLAT,2006,development,0.7817315740724012,0.7199396887751711,0.8367806657794837,19,105,3,True,,1.275785809016552,0.17610135258449294,m2_20260926T165115Z_1ffdde7
hand_acc_neg,object,FLAT,2006,development,0.7585985768678025,0.6878396827270657,0.8232412125913582,19,105,3,True,,1.1450115492807582,0.1909280820166919,m2_20260926T165115Z_1ffdde7
L1,object,FLAT,2006,development,0.1283641725887806,0.0988198058553594,0.15824432334214,19,105,3,True,,-1.9155003849246366,0.13751721297162453,m2_20260926T165115Z_1ffdde7
z_sensitivity,object,FLAT,2006,development,0.3241855993582994,0.2574460744276102,0.3863532334519803,19,105,3,True,,-0.734602293772851,0.15220121927298183,m2_20260926T165115Z_1ffdde7
slope_neg,cell_gate,URBAN,2006,development,0.3947178376147735,0.1498,0.6396,2,2,2,False,positive_cells_lt_5,,,m2_20260926T165115Z_1ffdde7
slope_neg,cluster_gate,URBAN,2006,development,0.3947,0.1498,0.6396,2,2,2,False,positive_cells_lt_5,,,m2_20260926T165115Z_1ffdde7
relelev_neg,cell_gate,URBAN,2006,development,0.4372743216754359,0.079,0.7955,2,2,2,False,positive_cells_lt_5,,,m2_20260926T165115Z_1ffdde7
relelev_neg,cluster_gate,URBAN,2006,development,0.4373,0.079,0.7955,2,2,2,False,positive_cells_lt_5,,,m2_20260926T165115Z_1ffdde7
twi,cell_gate,URBAN,2006,development,0.5411637264004951,0.1152,0.9671,2,2,2,False,positive_cells_lt_5,,,m2_20260926T165115Z_1ffdde7
twi,cluster_gate,URBAN,2006,development,0.5412,0.1152,0.9671,2,2,2,False,positive_cells_lt_5,,,m2_20260926T165115Z_1ffdde7
impervious,cell_gate,URBAN,2006,development,0.3828278138863097,0.3716,0.394,2,2,2,False,positive_cells_lt_5,,,m2_20260926T165115Z_1ffdde7
impervious,cluster_gate,URBAN,2006,development,0.3828,0.3716,0.394,2,2,2,False,positive_cells_lt_5,,,m2_20260926T165115Z_1ffdde7
hand_neg,cell_gate,URBAN,2006,development,0.6782213968843496,0.47,0.8864,2,2,2,False,positive_cells_lt_5,,,m2_20260926T165115Z_1ffdde7
hand_neg,cluster_gate,URBAN,2006,development,0.6782,0.47,0.8864,2,2,2,False,positive_cells_lt_5,,,m2_20260926T165115Z_1ffdde7
hand_acc_neg,cell_gate,URBAN,2006,development,0.6862942329516145,0.4332,0.9394,2,2,2,False,positive_cells_lt_5,,,m2_20260926T165115Z_1ffdde7
hand_acc_neg,cluster_gate,URBAN,2006,development,0.6863,0.4332,0.9394,2,2,2,False,positive_cells_lt_5,,,m2_20260926T165115Z_1ffdde7
L1,cell_gate,URBAN,2006,development,0.0691736304549675,0.0159,0.1225,2,2,2,False,positive_cells_lt_5,,,m2_20260926T165115Z_1ffdde7
L1,cluster_gate,URBAN,2006,development,0.0692,0.0159,0.1225,2,2,2,False,positive_cells_lt_5,,,m2_20260926T165115Z_1ffdde7
z_sensitivity,cell_gate,URBAN,2006,development,0.2248014030743835,0.0468,0.4028,2,2,2,False,positive_cells_lt_5,,,m2_20260926T165115Z_1ffdde7
z_sensitivity,cluster_gate,URBAN,2006,development,0.2248,0.0468,0.4028,2,2,2,False,positive_cells_lt_5,,,m2_20260926T165115Z_1ffdde7
slope_neg,object,URBAN,2006,development,0.3613016355792806,0.223590593091462,0.5073019149002204,7,2,2,True,,-0.56971913469814,0.32502460337143946,m2_20260926T165115Z_1ffdde7
relelev_neg,object,URBAN,2006,development,0.2975543899941032,0.1238493529064895,0.4994879116104403,7,2,2,True,,-0.8589709429463042,0.4985866520393727,m2_20260926T165115Z_1ffdde7
twi,object,URBAN,2006,development,0.3382421402191117,0.1585961019211073,0.5778719623847801,7,2,2,True,,-0.6711376881246975,0.505814071040565,m2_20260926T165115Z_1ffdde7
impervious,object,URBAN,2006,development,0.3318177586046367,0.2296165544210297,0.4089423435026846,7,2,2,True,,-0.6999750544498551,0.21483512511683467,m2_20260926T165115Z_1ffdde7
hand_neg,object,URBAN,2006,development,0.6580180627541045,0.502700102417678,0.8133367989820304,7,2,2,True,,0.654474461345266,0.37272084043481396,m2_20260926T165115Z_1ffdde7
hand_acc_neg,object,URBAN,2006,development,0.625865119021756,0.4623227087924025,0.7977293535272028,7,2,2,True,,0.5145185063378893,0.3885678920403442,m2_20260926T165115Z_1ffdde7
L1,object,URBAN,2006,development,0.036172061698892,0.0141367431178424,0.0674249712920145,7,2,2,True,,-3.2826257468548947,0.41271324510556956,m2_20260926T165115Z_1ffdde7
z_sensitivity,object,URBAN,2006,development,0.1294187020886999,0.0522485335650662,0.2334987275379411,7,2,2,True,,-1.9061082461464127,0.43608473411293536,m2_20260926T165115Z_1ffdde7
slope_neg,cell_gate,AGRI,2006,development,0.685614849187935,0.4767,0.7738,89,89,3,True,,0.7796971965263972,0.3375473835715104,m2_20260926T165115Z_1ffdde7
slope_neg,cluster_gate,AGRI,2006,development,0.6467,0.4767,0.7738,3,89,3,True,,0.6045649540874478,0.3375473835715104,m2_20260926T165115Z_1ffdde7
relelev_neg,cell_gate,AGRI,2006,development,0.4828288884833633,0.4305,0.6575,89,89,3,True,,-0.06871146706704512,0.23775553344869252,m2_20260926T165115Z_1ffdde7
relelev_neg,cluster_gate,AGRI,2006,development,0.5532,0.4305,0.6575,3,89,3,True,,0.21360853259555757,0.23775553344869252,m2_20260926T165115Z_1ffdde7
twi,cell_gate,AGRI,2006,development,0.6358367658176699,0.4847,0.7137,89,89,3,True,,0.5573396602076218,0.2486376316206954,m2_20260926T165115Z_1ffdde7
twi,cluster_gate,AGRI,2006,development,0.6305,0.4847,0.7137,3,89,3,True,,0.5343624150167176,0.2486376316206954,m2_20260926T165115Z_1ffdde7
impervious,cell_gate,AGRI,2006,development,0.4993851942612338,0.4783,0.5421,89,89,3,True,,-0.0024592241944687565,0.0652191131984839,m2_20260926T165115Z_1ffdde7
impervious,cluster_gate,AGRI,2006,development,0.5181,0.4783,0.5421,3,89,3,True,,0.07243165017445552,0.0652191131984839,m2_20260926T165115Z_1ffdde7
hand_neg,cell_gate,AGRI,2006,development,0.7824999782754156,0.6262,0.8267,89,89,3,True,,1.2802949442393805,0.26696122222669366,m2_20260926T165115Z_1ffdde7
hand_neg,cluster_gate,AGRI,2006,development,0.7208,0.6262,0.8267,3,89,3,True,,0.9484333354059107,0.26696122222669366,m2_20260926T165115Z_1ffdde7
hand_acc_neg,cell_gate,AGRI,2006,development,0.7660729337747769,0.6783,0.8004,89,89,3,True,,1.1862679950369057,0.16398923913798696,m2_20260926T165115Z_1ffdde7
hand_acc_neg,cluster_gate,AGRI,2006,development,0.7597,0.6783,0.8004,3,89,3,True,,1.151035475766753,0.16398923913798696,m2_20260926T165115Z_1ffdde7
L1,cell_gate,AGRI,2006,development,0.2938554185458432,0.2653,0.3076,89,89,3,True,,-0.876732133397073,0.05286765661171195,m2_20260926T165115Z_1ffdde7
L1,cluster_gate,AGRI,2006,development,0.2825,0.2653,0.3076,3,89,3,True,,-0.9320943970472807,0.05286765661171195,m2_20260926T165115Z_1ffdde7
z_sensitivity,cell_gate,AGRI,2006,development,0.6325416894774804,0.4672,0.712,89,89,3,True,,0.5431362591839672,0.264419685046261,m2_20260926T165115Z_1ffdde7
z_sensitivity,cluster_gate,AGRI,2006,development,0.5671,0.4672,0.712,3,89,3,True,,0.27002890057204765,0.264419685046261,m2_20260926T165115Z_1ffdde7
slope_neg,object,AGRI,2006,development,0.6267469389865379,0.536108040771584,0.7206979637663911,19,89,3,True,,0.5182862157205386,0.20491252613664993,m2_20260926T165115Z_1ffdde7
relelev_neg,object,AGRI,2006,development,0.481760388796808,0.4381435544830481,0.5192033137316948,19,89,3,True,,-0.07299083343002155,0.08305020776986999,m2_20260926T165115Z_1ffdde7
twi,object,AGRI,2006,development,0.5855365189549765,0.4883318591433132,0.674123837175261,19,89,3,True,,0.34554368628397414,0.19734480653692804,m2_20260926T165115Z_1ffdde7
impervious,object,AGRI,2006,development,0.563320409640266,0.4884494748985636,0.6430431604393307,19,89,3,True,,0.2546488541860735,0.16194361105828148,m2_20260926T165115Z_1ffdde7
hand_neg,object,AGRI,2006,development,0.7531386604529242,0.6925434380679207,0.80890511070296,19,89,3,True,,1.1154225542310177,0.16094029494911377,m2_20260926T165115Z_1ffdde7
hand_acc_neg,object,AGRI,2006,development,0.7214396687694844,0.6508726975825911,0.7837049536936862,19,89,3,True,,0.9516140904479593,0.1695214132647418,m2_20260926T165115Z_1ffdde7
L1,object,AGRI,2006,development,0.2377291934922701,0.1833751856326412,0.2924279583640233,19,89,3,True,,-1.1651696983008377,0.15562133081495738,m2_20260926T165115Z_1ffdde7
z_sensitivity,object,AGRI,2006,development,0.5386493426746684,0.4399184692150713,0.6299618017567413,19,89,3,True,,0.15490639020930141,0.1973367633352214,m2_20260926T165115Z_1ffdde7
slope_neg,cell_gate,UNIVERSE,2006,development,0.5769230769230769,0.4847,0.7249,10,10,5,True,,0.3101549283038393,0.26279007343619376,m2_20260926T165115Z_1ffdde7
slope_neg,cluster_gate,UNIVERSE,2006,development,0.5777,0.4863,0.7134,5,10,5,True,,0.31333874084732194,0.2466291434995613,m2_20260926T165115Z_1ffdde7
relelev_neg,cell_gate,UNIVERSE,2006,development,0.3467425431711146,0.2315,0.4966,10,10,5,True,,-0.6333887652553285,0.3026230301123602,m2_20260926T165115Z_1ffdde7
relelev_neg,cluster_gate,UNIVERSE,2006,development,0.3534,0.242,0.4788,5,10,5,True,,-0.6041273054057367,0.26962097167485344,m2_20260926T165115Z_1ffdde7
twi,cell_gate,UNIVERSE,2006,development,0.542984693877551,0.3846,0.7662,10,10,5,True,,0.17236424852319843,0.42272353625689263,m2_20260926T165115Z_1ffdde7
twi,cluster_gate,UNIVERSE,2006,development,0.5466,0.3918,0.7356,5,10,5,True,,0.18694253542053896,0.3732149330358171,m2_20260926T165115Z_1ffdde7
impervious,cell_gate,UNIVERSE,2006,development,0.3563775510204082,0.2837,0.4337,10,10,5,True,,-0.5911215893840958,0.16822013433116864,m2_20260926T165115Z_1ffdde7
impervious,cluster_gate,UNIVERSE,2006,development,0.3415,0.2645,0.4314,5,10,5,True,,-0.6566168421724909,0.1904544750235531,m2_20260926T165115Z_1ffdde7
hand_neg,cell_gate,UNIVERSE,2006,development,0.8267072213500785,0.74,0.9113,10,10,5,True,,1.5624680811674876,0.3274661466050084,m2_20260926T165115Z_1ffdde7
hand_neg,cluster_gate,UNIVERSE,2006,development,0.8506,0.7698,0.9135,5,10,5,True,,1.7393147101208166,0.29336169602836487,m2_20260926T165115Z_1ffdde7
hand_acc_neg,cell_gate,UNIVERSE,2006,development,0.842798273155416,0.7414,0.9372,10,10,5,True,,1.6791977680391559,0.42084543945529346,m2_20260926T165115Z_1ffdde7
hand_acc_neg,cluster_gate,UNIVERSE,2006,development,0.8689,0.7645,0.9372,5,10,5,True,,1.8912676530755061,0.38914758977186453,m2_20260926T165115Z_1ffdde7
L1,cell_gate,UNIVERSE,2006,development,0.1131770015698587,0.0609,0.1889,10,10,5,True,,-2.058692432801101,0.3261578346874347,m2_20260926T165115Z_1ffdde7
L1,cluster_gate,UNIVERSE,2006,development,0.1102,0.0556,0.184,5,10,5,True,,-2.0886998216531274,0.34257976605494517,m2_20260926T165115Z_1ffdde7
z_sensitivity,cell_gate,UNIVERSE,2006,development,0.282947409733124,0.2037,0.3993,10,10,5,True,,-0.9298881365196208,0.243612907118749,m2_20260926T165115Z_1ffdde7
z_sensitivity,cluster_gate,UNIVERSE,2006,development,0.287,0.2103,0.3849,5,10,5,True,,-0.909999204654675,0.21794195061975646,m2_20260926T165115Z_1ffdde7
slope_neg,object,UNIVERSE,2006,development,0.5839769669677404,0.5240811144840446,0.6599196565209248,11,10,5,True,,0.33912091533218447,0.1445274417402284,m2_20260926T165115Z_1ffdde7
relelev_neg,object,UNIVERSE,2006,development,0.2977902941973254,0.2400755364001706,0.369200164843022,11,10,5,True,,-0.8578425575931119,0.15730283559569241,m2_20260926T165115Z_1ffdde7
twi,object,UNIVERSE,2006,development,0.4900739094541161,0.3808601053665462,0.6014709691904453,11,10,5,True,,-0.03970957936734554,0.2289575342981934,m2_20260926T165115Z_1ffdde7
impervious,object,UNIVERSE,2006,development,0.3018107315986242,0.2562749559777261,0.3504185165463847,11,10,5,True,,-0.8386901198286933,0.11434404113296145,m2_20260926T165115Z_1ffdde7
hand_neg,object,UNIVERSE,2006,development,0.8160614550867034,0.7629590040511746,0.8723638014655748,11,10,5,True,,1.4898879579507194,0.19210846042953916,m2_20260926T165115Z_1ffdde7
hand_acc_neg,object,UNIVERSE,2006,development,0.8223690526336926,0.7603365924922085,0.8862579330217394,11,10,5,True,,1.5324811948740233,0.22922588673043126,m2_20260926T165115Z_1ffdde7
L1,object,UNIVERSE,2006,development,0.0882712909611689,0.059793834072029,0.1210035143619425,11,10,5,True,,-2.334927553596839,0.19700242612442126,m2_20260926T165115Z_1ffdde7
z_sensitivity,object,UNIVERSE,2006,development,0.2325228745610699,0.1744465899246369,0.2912299592205857,11,10,5,True,,-1.1941200696320333,0.16965041424726143,m2_20260926T165115Z_1ffdde7
slope_neg,cell_gate,ALL,2012,development,0.8717151957228564,0.7418,0.9193,206,206,14,True,,1.9162099345369001,0.35141685250765536,m2_20260926T165115Z_1ffdde7
slope_neg,cluster_gate,ALL,2012,development,0.722,0.6254,0.8105,14,206,14,True,,0.954404025202189,0.23998646634832393,m2_20260926T165115Z_1ffdde7
relelev_neg,cell_gate,ALL,2012,development,0.5869208605003859,0.5067,0.6899,206,206,14,True,,0.3512507947986093,0.19715929356346132,m2_20260926T165115Z_1ffdde7
relelev_neg,cluster_gate,ALL,2012,development,0.6834,0.595,0.773,14,206,14,True,,0.7694411922342796,0.21445666841276317,m2_20260926T165115Z_1ffdde7
twi,cell_gate,ALL,2012,development,0.8222134667323953,0.7443,0.8764,206,206,14,True,,1.5314164739214302,0.22712987908242915,m2_20260926T165115Z_1ffdde7
twi,cluster_gate,ALL,2012,development,0.7233,0.6193,0.8132,14,206,14,True,,0.9608901870623552,0.2511169641810756,m2_20260926T165115Z_1ffdde7
impervious,cell_gate,ALL,2012,development,0.8079026200448238,0.681,0.9297,206,206,14,True,,1.4364391007931667,0.4652429752959204,m2_20260926T165115Z_1ffdde7
impervious,cluster_gate,ALL,2012,development,0.7954,0.7052,0.8647,14,206,14,True,,1.357788279256064,0.2506943516137416,m2_20260926T165115Z_1ffdde7
hand_neg,cell_gate,ALL,2012,development,0.8578793017207786,0.8315,0.8704,206,206,14,True,,1.7977867311593718,0.07862505274944229,m2_20260926T165115Z_1ffdde7
hand_neg,cluster_gate,ALL,2012,development,0.8294,0.7918,0.8629,14,206,14,True,,1.5813809127547023,0.12851729634538508,m2_20260926T165115Z_1ffdde7
hand_acc_neg,cell_gate,ALL,2012,development,0.877414821622568,0.8557,0.8887,206,206,14,True,,1.968173759206858,0.07589554786859054,m2_20260926T165115Z_1ffdde7
hand_acc_neg,cluster_gate,ALL,2012,development,0.8327,0.7985,0.8649,14,206,14,True,,1.6048848252489953,0.12236272346365186,m2_20260926T165115Z_1ffdde7
L1,cell_gate,ALL,2012,development,0.7910914447573926,0.6387,0.9438,206,206,14,True,,1.331516946111629,0.5743144562186939,m2_20260926T165115Z_1ffdde7
L1,cluster_gate,ALL,2012,development,0.8179,0.7562,0.8758,14,206,14,True,,1.502184093007366,0.2095158168559384,m2_20260926T165115Z_1ffdde7
z_sensitivity,cell_gate,ALL,2012,development,0.8739552913099088,0.7895,0.953,206,206,14,True,,1.9363925453518327,0.4305061558993139,m2_20260926T165115Z_1ffdde7
z_sensitivity,cluster_gate,ALL,2012,development,0.7932,0.6955,0.8788,14,206,14,True,,1.344323254011367,0.2946879003322034,m2_20260926T165115Z_1ffdde7
rf_F1_wf,cell_gate,ALL,2012,development,0.7802727624157164,0.6516,0.8201,206,206,14,True,,1.2672566059932464,0.22728619463520777,m2_20260926T165115Z_1ffdde7
rf_F1_wf,cluster_gate,ALL,2012,development,0.6855,0.6108,0.7615,14,206,14,True,,0.7791644228618739,0.18118818625661287,m2_20260926T165115Z_1ffdde7
logit_F1_wf,cell_gate,ALL,2012,development,0.523354218253832,0.2469,0.7895,206,206,14,True,,0.09348489726192954,0.621727956368891,m2_20260926T165115Z_1ffdde7
logit_F1_wf,cluster_gate,ALL,2012,development,0.4763,0.3321,0.6236,14,206,14,True,,-0.09487109347862732,0.3070360150275226,m2_20260926T165115Z_1ffdde7
slope_neg,object,ALL,2012,development,0.7753672623638705,0.7163622424416699,0.8294166719230898,30,206,14,True,,1.2388700126096643,0.16709763728909247,m2_20260926T165115Z_1ffdde7
relelev_neg,object,ALL,2012,development,0.6645513552765874,0.605124048825754,0.7207723002771965,30,206,14,True,,0.6836432854291239,0.13302129402503873,m2_20260926T165115Z_1ffdde7
twi,object,ALL,2012,development,0.7367887753890062,0.6627901427959428,0.799187178242935,30,206,14,True,,1.0293444053137681,0.17996988598197006,m2_20260926T165115Z_1ffdde7
impervious,object,ALL,2012,development,0.7986423115573349,0.738866992010808,0.8505194989677419,30,206,14,True,,1.3778303043544535,0.17821586334776282,m2_20260926T165115Z_1ffdde7
hand_neg,object,ALL,2012,development,0.8436921599814527,0.8157644600653589,0.8680767774178072,30,206,14,True,,1.6859602924669725,0.10106038854644124,m2_20260926T165115Z_1ffdde7
hand_acc_neg,object,ALL,2012,development,0.8508890754414236,0.821644037300128,0.8753520396841534,30,206,14,True,,1.7415912848481419,0.10755472562139136,m2_20260926T165115Z_1ffdde7
L1,object,ALL,2012,development,0.803161166087212,0.75512221408188,0.8480790189056471,30,206,14,True,,1.4061701068292052,0.15140404067303043,m2_20260926T165115Z_1ffdde7
z_sensitivity,object,ALL,2012,development,0.8078426543829131,0.7489569250134269,0.8586767804372076,30,206,14,True,,1.436052760046796,0.18145385432662053,m2_20260926T165115Z_1ffdde7
rf_F1_wf,object,ALL,2012,development,0.697930200561218,0.6369362334778746,0.7535203145185495,30,206,14,True,,0.8374609839268403,0.14168253654257837,m2_20260926T165115Z_1ffdde7
logit_F1_wf,object,ALL,2012,development,0.513355456703192,0.4086309843188681,0.6301241212365174,30,206,14,True,,0.05343453726282654,0.23020245346236443,m2_20260926T165115Z_1ffdde7
slope_neg,cell_gate,FLAT,2012,development,0.6800229165789977,0.451,0.7957,187,187,10,True,,0.7538771195337812,0.39701337444013646,m2_20260926T165115Z_1ffdde7
slope_neg,cluster_gate,FLAT,2012,development,0.5007,0.3443,0.6677,10,187,10,True,,0.0028000018293355966,0.3423508806829672,m2_20260926T165115Z_1ffdde7
relelev_neg,cell_gate,FLAT,2012,development,0.5624658972482474,0.4228,0.7511,187,187,10,True,,0.2511758532197951,0.3611742800861451,m2_20260926T165115Z_1ffdde7
relelev_neg,cluster_gate,FLAT,2012,development,0.7091,0.5567,0.8435,10,187,10,True,,0.8910169948087948,0.3716201292620209,m2_20260926T165115Z_1ffdde7
twi,cell_gate,FLAT,2012,development,0.5808219641821487,0.4827,0.6914,187,187,10,True,,0.3261485437521031,0.2234480400687143,m2_20260926T165115Z_1ffdde7
twi,cluster_gate,FLAT,2012,development,0.5632,0.4217,0.7106,10,187,10,True,,0.25415938041313746,0.30972468968252875,m2_20260926T165115Z_1ffdde7
impervious,cell_gate,FLAT,2012,development,0.6688950461587577,0.4911,0.8355,187,187,10,True,,0.7031917599361698,0.42366174875640206,m2_20260926T165115Z_1ffdde7
impervious,cluster_gate,FLAT,2012,development,0.6054,0.4858,0.7218,10,187,10,True,,0.4280168029991035,0.2577147077577888,m2_20260926T165115Z_1ffdde7
hand_neg,cell_gate,FLAT,2012,development,0.6324167093551033,0.5903,0.6726,187,187,10,True,,0.5425985929321477,0.09050228460156334,m2_20260926T165115Z_1ffdde7
hand_neg,cluster_gate,FLAT,2012,development,0.6482,0.5972,0.7138,10,187,10,True,,0.6111364584039893,0.1326810194512665,m2_20260926T165115Z_1ffdde7
hand_acc_neg,cell_gate,FLAT,2012,development,0.6609872042831528,0.6342,0.6881,187,187,10,True,,0.6676966293994979,0.06147407002066537,m2_20260926T165115Z_1ffdde7
hand_acc_neg,cluster_gate,FLAT,2012,development,0.6437,0.5626,0.7196,10,187,10,True,,0.5914597064467799,0.17621690106335158,m2_20260926T165115Z_1ffdde7
L1,cell_gate,FLAT,2012,development,0.6507130634138979,0.4277,0.8663,187,187,10,True,,0.6221750299629705,0.5509984152788525,m2_20260926T165115Z_1ffdde7
L1,cluster_gate,FLAT,2012,development,0.7028,0.5936,0.809,10,187,10,True,,0.860667043469338,0.2716013411013793,m2_20260926T165115Z_1ffdde7
z_sensitivity,cell_gate,FLAT,2012,development,0.7128788682012248,0.5101,0.8947,187,187,10,True,,0.9094073269272978,0.5355377873491656,m2_20260926T165115Z_1ffdde7
z_sensitivity,cluster_gate,FLAT,2012,development,0.7002,0.5387,0.8342,10,187,10,True,,0.8482504228520682,0.37260396401663803,m2_20260926T165115Z_1ffdde7
rf_F1_wf,cell_gate,FLAT,2012,development,0.4601401277808509,0.2921,0.5566,187,187,10,True,,-0.15977854128824565,0.2838269458193941,m2_20260926T165115Z_1ffdde7
rf_F1_wf,cluster_gate,FLAT,2012,development,0.3818,0.2199,0.5503,10,187,10,True,,-0.48191511840636886,0.3745303793597847,m2_20260926T165115Z_1ffdde7
logit_F1_wf,cell_gate,FLAT,2012,development,0.3471537293864219,0.1141,0.5976,187,187,10,True,,-0.631573975358156,0.6237369295734293,m2_20260926T165115Z_1ffdde7
logit_F1_wf,cluster_gate,FLAT,2012,development,0.3343,0.1649,0.5296,10,187,10,True,,-0.688800325180605,0.4440772561033857,m2_20260926T165115Z_1ffdde7
slope_neg,object,FLAT,2012,development,0.5360798765691385,0.4114133581092219,0.6423171049723052,23,187,10,True,,0.1445707837889859,0.24070875552383333,m2_20260926T165115Z_1ffdde7
relelev_neg,object,FLAT,2012,development,0.6696970336222777,0.5648687028024857,0.771543808829798,23,187,10,True,,0.7068151082780393,0.24390843192871717,m2_20260926T165115Z_1ffdde7
twi,object,FLAT,2012,development,0.5645869762902552,0.4735092049276328,0.6463035782483229,23,187,10,True,,0.259799387998527,0.18084333446251286,m2_20260926T165115Z_1ffdde7
impervious,object,FLAT,2012,development,0.5968216673913959,0.5106196299492389,0.6859542260748174,23,187,10,True,,0.39223937743797643,0.1884695954634773,m2_20260926T165115Z_1ffdde7
hand_neg,object,FLAT,2012,development,0.6747723467510007,0.6340675487046075,0.7146182680567109,23,187,10,True,,0.729849961264182,0.09393388919849793,m2_20260926T165115Z_1ffdde7
hand_acc_neg,object,FLAT,2012,development,0.6809049289970249,0.6240736147371259,0.7325776548161004,23,187,10,True,,0.7579336048010532,0.12777406457731164,m2_20260926T165115Z_1ffdde7
L1,object,FLAT,2012,development,0.6580341824030871,0.5698748382990333,0.7415993914181243,23,187,10,True,,0.6545460953965015,0.19718667227755884,m2_20260926T165115Z_1ffdde7
z_sensitivity,object,FLAT,2012,development,0.6415236652551747,0.5225151139844099,0.7492630472772315,23,187,10,True,,0.5819834278829463,0.2562711184144141,m2_20260926T165115Z_1ffdde7
rf_F1_wf,object,FLAT,2012,development,0.3949921315911424,0.2965060003246751,0.5030798149690167,23,187,10,True,,-0.42637561890045306,0.22355291078047201,m2_20260926T165115Z_1ffdde7
logit_F1_wf,object,FLAT,2012,development,0.361591550157186,0.2483861136443758,0.476903274196321,23,187,10,True,,-0.5684630217004734,0.25887863387501386,m2_20260926T165115Z_1ffdde7
slope_neg,cell_gate,URBAN,2012,development,0.7760470390072977,0.4348,0.8572,108,108,11,True,,1.242777101388921,0.5241218015899897,m2_20260926T165115Z_1ffdde7
slope_neg,cluster_gate,URBAN,2012,development,0.5356,0.3171,0.7175,11,108,11,True,,0.14264136399328087,0.4334838968657837,m2_20260926T165115Z_1ffdde7
relelev_neg,cell_gate,URBAN,2012,development,0.4086784186919787,0.3005,0.7061,108,108,11,True,,-0.36943141581981775,0.4391497371396019,m2_20260926T165115Z_1ffdde7
relelev_neg,cluster_gate,URBAN,2012,development,0.5842,0.4061,0.7749,11,108,11,True,,0.3400390145297283,0.41232919939752843,m2_20260926T165115Z_1ffdde7
twi,cell_gate,URBAN,2012,development,0.6939494647458557,0.468,0.7534,108,108,11,True,,0.8186489042800775,0.31760887132930143,m2_20260926T165115Z_1ffdde7
twi,cluster_gate,URBAN,2012,development,0.5445,0.4208,0.6667,11,108,11,True,,0.17847222567300203,0.25836887104739276,m2_20260926T165115Z_1ffdde7
impervious,cell_gate,URBAN,2012,development,0.5823235747482123,0.2579,0.6552,108,108,11,True,,0.3323192331104996,0.43339778160178527,m2_20260926T165115Z_1ffdde7
impervious,cluster_gate,URBAN,2012,development,0.2914,0.1607,0.432,11,108,11,True,,-0.8885942986702672,0.3518771566080493,m2_20260926T165115Z_1ffdde7
hand_neg,cell_gate,URBAN,2012,development,0.7581451927571673,0.671,0.7878,108,108,11,True,,1.1425373384409157,0.15280985846563422,m2_20260926T165115Z_1ffdde7
hand_neg,cluster_gate,URBAN,2012,development,0.732,0.6648,0.7967,11,108,11,True,,1.0047935334504547,0.17373701919796455,m2_20260926T165115Z_1ffdde7
hand_acc_neg,cell_gate,URBAN,2012,development,0.8029270926292935,0.6566,0.8347,108,108,11,True,,1.4046901676394647,0.24774213329575331,m2_20260926T165115Z_1ffdde7
hand_acc_neg,cluster_gate,URBAN,2012,development,0.7076,0.6462,0.7621,11,108,11,True,,0.8837562344100067,0.14333173877944924,m2_20260926T165115Z_1ffdde7
L1,cell_gate,URBAN,2012,development,0.6280717715733883,0.2283,0.7462,108,108,11,True,,0.5239535445610859,0.5858226078509986,m2_20260926T165115Z_1ffdde7
L1,cluster_gate,URBAN,2012,development,0.4044,0.2529,0.5674,11,108,11,True,,-0.3871648136635377,0.3455308135367292,m2_20260926T165115Z_1ffdde7
z_sensitivity,cell_gate,URBAN,2012,development,0.7201563459777708,0.3157,0.807,108,108,11,True,,0.9452372669025255,0.5623158178278564,m2_20260926T165115Z_1ffdde7
z_sensitivity,cluster_gate,URBAN,2012,development,0.4433,0.2613,0.6369,11,108,11,True,,-0.22777975343845414,0.4084659472303773,m2_20260926T165115Z_1ffdde7
rf_F1_wf,cell_gate,URBAN,2012,development,0.5955982059038281,0.3741,0.6899,108,108,11,True,,0.38715736497912656,0.3352916983142032,m2_20260926T165115Z_1ffdde7
rf_F1_wf,cluster_gate,URBAN,2012,development,0.4977,0.3137,0.668,11,108,11,True,,-0.009200064891490722,0.3780760644144956,m2_20260926T165115Z_1ffdde7
logit_F1_wf,cell_gate,URBAN,2012,development,0.3510927220116747,0.2388,0.7287,108,108,11,True,,-0.6142394835942815,0.5477923767611493,m2_20260926T165115Z_1ffdde7
logit_F1_wf,cluster_gate,URBAN,2012,development,0.5685,0.3695,0.7578,11,108,11,True,,0.2757338026671081,0.427308383137281,m2_20260926T165115Z_1ffdde7
slope_neg,object,URBAN,2012,development,0.5254148913022568,0.3624543424045511,0.6733274659221778,19,108,11,True,,0.10174725266348195,0.3285777017906407,m2_20260926T165115Z_1ffdde7
relelev_neg,object,URBAN,2012,development,0.604088206486859,0.4651718430551032,0.7456218648421374,19,108,11,True,,0.4225287817125717,0.30993817174043664,m2_20260926T165115Z_1ffdde7
twi,object,URBAN,2012,development,0.572961116519211,0.4758772440912771,0.6621310584511354,19,108,11,True,,0.29394278383573413,0.196271828459245,m2_20260926T165115Z_1ffdde7
impervious,object,URBAN,2012,development,0.3615757751020711,0.252719222417405,0.4879990320122771,19,108,11,True,,-0.5685313590441483,0.2643285344230133,m2_20260926T165115Z_1ffdde7
hand_neg,object,URBAN,2012,development,0.7741753628925722,0.7393405058807659,0.8104531779826667,19,108,11,True,,1.2320396589010172,0.10469933435549811,m2_20260926T165115Z_1ffdde7
hand_acc_neg,object,URBAN,2012,development,0.7379439007847644,0.6834513187986475,0.7869950973642015,19,108,11,True,,1.035309206531389,0.1370505915414029,m2_20260926T165115Z_1ffdde7
L1,object,URBAN,2012,development,0.4871858066256869,0.3681273745014017,0.6080571776090736,19,108,11,True,,-0.051267999980831425,0.2498545347630204,m2_20260926T165115Z_1ffdde7
z_sensitivity,object,URBAN,2012,development,0.5397778682713839,0.3999945445574148,0.6806487313610025,19,108,11,True,,0.15944843188657742,0.2964958937677359,m2_20260926T165115Z_1ffdde7
rf_F1_wf,object,URBAN,2012,development,0.4538664560337221,0.3222684513257402,0.579031872365534,19,108,11,True,,-0.1850605267920652,0.2709658883684414,m2_20260926T165115Z_1ffdde7
logit_F1_wf,object,URBAN,2012,development,0.459415220078354,0.3256491751302709,0.5937905768663987,19,108,11,True,,-0.16269705935146073,0.28255306979424116,m2_20260926T165115Z_1ffdde7
slope_neg,cell_gate,AGRI,2012,development,0.5118926200327143,0.2816,0.6408,40,40,8,True,,0.04757945398096086,0.38658285661963887,m2_20260926T165115Z_1ffdde7
slope_neg,cluster_gate,AGRI,2012,development,0.531,0.3602,0.6796,8,40,8,True,,0.12415925279565954,0.33838131206487676,m2_20260926T165115Z_1ffdde7
relelev_neg,cell_gate,AGRI,2012,development,0.7700038487443471,0.6073,0.792,40,40,8,True,,1.2083329380924082,0.22986299184599346,m2_20260926T165115Z_1ffdde7
relelev_neg,cluster_gate,AGRI,2012,development,0.6904,0.5709,0.8002,8,40,8,True,,0.8019899980536462,0.2811329105862523,m2_20260926T165115Z_1ffdde7
twi,cell_gate,AGRI,2012,development,0.4825784181660733,0.281,0.7206,40,40,8,True,,-0.06971454869936422,0.48137273306102185,m2_20260926T165115Z_1ffdde7
twi,cluster_gate,AGRI,2012,development,0.5676,0.3666,0.7787,8,40,8,True,,0.2720658595208344,0.4604516788221587,m2_20260926T165115Z_1ffdde7
impervious,cell_gate,AGRI,2012,development,0.5871355720196286,0.5366,0.8216,40,40,8,True,,0.35213647308285345,0.35219093905931376,m2_20260926T165115Z_1ffdde7
impervious,cluster_gate,AGRI,2012,development,0.704,0.5281,0.873,8,40,8,True,,0.8664189018339818,0.4630773633390121,m2_20260926T165115Z_1ffdde7
hand_neg,cell_gate,AGRI,2012,development,0.7028685172712402,0.5223,0.7341,40,40,8,True,,0.8609950997804157,0.23629662410322094,m2_20260926T165115Z_1ffdde7
hand_neg,cluster_gate,AGRI,2012,development,0.6019,0.5342,0.6799,8,40,8,True,,0.41338808854745357,0.15722185284838372,m2_20260926T165115Z_1ffdde7
hand_acc_neg,cell_gate,AGRI,2012,development,0.664369046473588,0.4385,0.7105,40,40,8,True,,0.6828255842307024,0.29211394237917054,m2_20260926T165115Z_1ffdde7
hand_acc_neg,cluster_gate,AGRI,2012,development,0.6251,0.5023,0.738,8,40,8,True,,0.5112523131959004,0.2618413562810316,m2_20260926T165115Z_1ffdde7
L1,cell_gate,AGRI,2012,development,0.6290724526123352,0.5869,0.872,40,40,8,True,,0.5282396835743288,0.3999038806816802,m2_20260926T165115Z_1ffdde7
L1,cluster_gate,AGRI,2012,development,0.7326,0.6066,0.8501,8,40,8,True,,1.0078541856768715,0.33223643533451463,m2_20260926T165115Z_1ffdde7
z_sensitivity,cell_gate,AGRI,2012,development,0.7235110170306938,0.607,0.8662,40,40,8,True,,0.9619447977920579,0.3655808252600254,m2_20260926T165115Z_1ffdde7
z_sensitivity,cluster_gate,AGRI,2012,development,0.7072,0.5262,0.8662,8,40,8,True,,0.8818237292362774,0.4497209178613008,m2_20260926T165115Z_1ffdde7
rf_F1_wf,cell_gate,AGRI,2012,development,0.5030573462907726,0.2244,0.626,40,40,8,True,,0.012229537583234085,0.4477891780795757,m2_20260926T165115Z_1ffdde7
rf_F1_wf,cluster_gate,AGRI,2012,development,0.5169,0.3573,0.6568,8,40,8,True,,0.06762576064163273,0.31535489621825374,m2_20260926T165115Z_1ffdde7
logit_F1_wf,cell_gate,AGRI,2012,development,0.4894327913018377,0.1422,0.5517,40,40,8,True,,-0.04227512979640491,0.5114069033011006,m2_20260926T165115Z_1ffdde7
logit_F1_wf,cluster_gate,AGRI,2012,development,0.368,0.1779,0.5568,8,40,8,True,,-0.5408064559779264,0.44868819910641844,m2_20260926T165115Z_1ffdde7
slope_neg,object,AGRI,2012,development,0.5222484851117406,0.3594020118551033,0.6647157854175472,12,40,8,True,,0.08905274574083644,0.3220318126947072,m2_20260926T165115Z_1ffdde7
relelev_neg,object,AGRI,2012,development,0.6802699710151496,0.574547944021717,0.7789492349462622,12,40,8,True,,0.755012755288293,0.2446785299574495,m2_20260926T165115Z_1ffdde7
twi,object,AGRI,2012,development,0.5353862625086642,0.3961281326419815,0.6792813464953475,12,40,8,True,,0.14178208406050208,0.29900943188200035,m2_20260926T165115Z_1ffdde7
impervious,object,AGRI,2012,development,0.7021763310664149,0.5723876484946888,0.8257241633101431,12,40,8,True,,0.8576829599546876,0.3224605319406671,m2_20260926T165115Z_1ffdde7
hand_neg,object,AGRI,2012,development,0.6506396902249636,0.5924602300726332,0.7090837172654608,12,40,8,True,,0.6218522218803845,0.13183732923638175,m2_20260926T165115Z_1ffdde7
hand_acc_neg,object,AGRI,2012,development,0.6363701296228628,0.5468658468314949,0.7214307392919782,12,40,8,True,,0.5596438481987367,0.19478785568119478,m2_20260926T165115Z_1ffdde7
L1,object,AGRI,2012,development,0.7277024952301941,0.621528874603645,0.8229362270843901,12,40,8,True,,0.9829970681700371,0.2653942022688534,m2_20260926T165115Z_1ffdde7
z_sensitivity,object,AGRI,2012,development,0.6693933631598336,0.534279971246937,0.8121059817375668,12,40,8,True,,0.7054426137956883,0.33837801482007235,m2_20260926T165115Z_1ffdde7
rf_F1_wf,object,AGRI,2012,development,0.4840152539198019,0.3272012934492321,0.6224515476655386,12,40,8,True,,-0.06396078060129262,0.31144386254566503,m2_20260926T165115Z_1ffdde7
logit_F1_wf,object,AGRI,2012,development,0.3511866441680474,0.1963091905921651,0.517695830198182,12,40,8,True,,-0.6138272561234097,0.37764382888666953,m2_20260926T165115Z_1ffdde7
slope_neg,cell_gate,UNIVERSE,2012,development,0.8246372095436174,0.544,0.9157,105,105,15,True,,1.5480866272469855,0.563492624147038,m2_20260926T165115Z_1ffdde7
slope_neg,cluster_gate,UNIVERSE,2012,development,0.6541,0.5003,0.7919,15,105,15,True,,0.637110529024044,0.34062268444848853,m2_20260926T165115Z_1ffdde7
relelev_neg,cell_gate,UNIVERSE,2012,development,0.3824813593853903,0.2788,0.7099,105,105,15,True,,-0.4790293368305423,0.4707536084633253,m2_20260926T165115Z_1ffdde7
relelev_neg,cluster_gate,UNIVERSE,2012,development,0.6065,0.4738,0.7304,15,105,15,True,,0.432623660526647,0.28101256855049184,m2_20260926T165115Z_1ffdde7
twi,cell_gate,UNIVERSE,2012,development,0.733755429476931,0.507,0.8058,105,105,15,True,,1.0137604463286853,0.3558599031295163,m2_20260926T165115Z_1ffdde7
twi,cluster_gate,UNIVERSE,2012,development,0.5972,0.4825,0.709,15,105,15,True,,0.3938119048206279,0.2450455394328416,m2_20260926T165115Z_1ffdde7
impervious,cell_gate,UNIVERSE,2012,development,0.7037606644123431,0.3664,0.7857,105,105,15,True,,0.865270639248306,0.47115415384428505,m2_20260926T165115Z_1ffdde7
impervious,cluster_gate,UNIVERSE,2012,development,0.4232,0.2995,0.5496,15,105,15,True,,-0.30965070542664963,0.2675392559701355,m2_20260926T165115Z_1ffdde7
hand_neg,cell_gate,UNIVERSE,2012,development,0.7800577257742752,0.7442,0.8024,105,105,15,True,,1.2660028023090977,0.08506496221266766,m2_20260926T165115Z_1ffdde7
hand_neg,cluster_gate,UNIVERSE,2012,development,0.7548,0.6822,0.8116,15,105,15,True,,1.124378609432339,0.17769194623515602,m2_20260926T165115Z_1ffdde7
hand_acc_neg,cell_gate,UNIVERSE,2012,development,0.8418757103713032,0.7582,0.8647,105,105,15,True,,1.6722510239559665,0.18164921179793975,m2_20260926T165115Z_1ffdde7
hand_acc_neg,cluster_gate,UNIVERSE,2012,development,0.7679,0.6862,0.8292,15,105,15,True,,1.1964912030561066,0.203461598114238,m2_20260926T165115Z_1ffdde7
L1,cell_gate,UNIVERSE,2012,development,0.7410848106698359,0.458,0.8249,105,105,15,True,,1.0516145193409723,0.4383503366526339,m2_20260926T165115Z_1ffdde7
L1,cluster_gate,UNIVERSE,2012,development,0.5271,0.4159,0.6523,15,105,15,True,,0.10850633421133116,0.24714533066100686,m2_20260926T165115Z_1ffdde7
z_sensitivity,cell_gate,UNIVERSE,2012,development,0.7913628281856468,0.4989,0.8624,105,105,15,True,,1.3331598348473157,0.4693372674870647,m2_20260926T165115Z_1ffdde7
z_sensitivity,cluster_gate,UNIVERSE,2012,development,0.5591,0.4561,0.6762,15,105,15,True,,0.23751025566870787,0.2327635045690976,m2_20260926T165115Z_1ffdde7
rf_F1_wf,cell_gate,UNIVERSE,2012,development,0.6212991128906747,0.4284,0.7016,105,105,15,True,,0.4950659518238817,0.2916662472445349,m2_20260926T165115Z_1ffdde7
rf_F1_wf,cluster_gate,UNIVERSE,2012,development,0.5917,0.4498,0.724,15,105,15,True,,0.3709975513571183,0.29742111202809185,m2_20260926T165115Z_1ffdde7
logit_F1_wf,cell_gate,UNIVERSE,2012,development,0.2976008904106358,0.2103,0.6026,105,105,15,True,,-0.8587484797255195,0.44373987330730424,m2_20260926T165115Z_1ffdde7
logit_F1_wf,cluster_gate,UNIVERSE,2012,development,0.5417,0.3661,0.7019,15,105,15,True,,0.16718835114877462,0.3585133827206712,m2_20260926T165115Z_1ffdde7
slope_neg,object,UNIVERSE,2012,development,0.6243831431375301,0.5081218580356489,0.7446949079223957,25,105,15,True,,0.5081945652273103,0.26480717596198433,m2_20260926T165115Z_1ffdde7
relelev_neg,object,UNIVERSE,2012,development,0.5740454348872673,0.4721080795986895,0.6828157205182107,25,105,15,True,,0.2983758621264422,0.22409230932282392,m2_20260926T165115Z_1ffdde7
twi,object,UNIVERSE,2012,development,0.5849406433643614,0.4824980194781417,0.687618454251994,25,105,15,True,,0.3430888397087304,0.21914823716749793,m2_20260926T165115Z_1ffdde7
impervious,object,UNIVERSE,2012,development,0.4948611981989163,0.4057888705935325,0.5783989048400234,25,105,15,True,,-0.020555930993131688,0.17796395235078918,m2_20260926T165115Z_1ffdde7
hand_neg,object,UNIVERSE,2012,development,0.7458116333942761,0.6952132874944651,0.7944561851109936,25,105,15,True,,1.0763974731888102,0.13454128756195985,m2_20260926T165115Z_1ffdde7
hand_acc_neg,object,UNIVERSE,2012,development,0.7716063016095963,0.7146362412051573,0.8241614984545212,25,105,15,True,,1.2174035607699523,0.15989875155793937,m2_20260926T165115Z_1ffdde7
L1,object,UNIVERSE,2012,development,0.5923127503721433,0.5088815402301016,0.6833266181725602,25,105,15,True,,0.37353445450457645,0.18713919300288384,m2_20260926T165115Z_1ffdde7
z_sensitivity,object,UNIVERSE,2012,development,0.5880626978193005,0.4764752886510425,0.6945010104520454,25,105,15,True,,0.35596241256251215,0.23352865791246116,m2_20260926T165115Z_1ffdde7
rf_F1_wf,object,UNIVERSE,2012,development,0.5221615290172287,0.4275052691073582,0.6203031295647065,25,105,15,True,,0.08870423400986671,0.19971590712686313,m2_20260926T165115Z_1ffdde7
logit_F1_wf,object,UNIVERSE,2012,development,0.4354147616192017,0.3137645453027727,0.5616905116536217,25,105,15,True,,-0.25979231840120864,0.2629139383250999,m2_20260926T165115Z_1ffdde7
slope_neg,cell_gate,ALL,2014,development,0.8131576499973429,0.7106,0.8533,132,132,13,True,,1.4706597890097248,0.22000956084058976,m2_20260926T165115Z_1ffdde7
slope_neg,cluster_gate,ALL,2014,development,0.7288,0.6483,0.8031,13,132,13,True,,0.988542789879508,0.20260786604063571,m2_20260926T165115Z_1ffdde7
relelev_neg,cell_gate,ALL,2014,development,0.6486230616737605,0.5689,0.8232,132,132,13,True,,0.6129922037066693,0.32164250319340965,m2_20260926T165115Z_1ffdde7
relelev_neg,cluster_gate,ALL,2014,development,0.7407,0.6608,0.8259,13,132,13,True,,1.049609992474625,0.22704053308468317,m2_20260926T165115Z_1ffdde7
twi,cell_gate,ALL,2014,development,0.7909741916158985,0.7112,0.8246,132,132,13,True,,1.3308076102628636,0.16495457780195727,m2_20260926T165115Z_1ffdde7
twi,cluster_gate,ALL,2014,development,0.7098,0.6157,0.7961,13,132,13,True,,0.8944128997623084,0.22723856182918376,m2_20260926T165115Z_1ffdde7
impervious,cell_gate,ALL,2014,development,0.6077199292709204,0.5312,0.7806,132,132,13,True,,0.4377380823645967,0.2918941256143731,m2_20260926T165115Z_1ffdde7
impervious,cluster_gate,ALL,2014,development,0.7241,0.6158,0.8349,13,132,13,True,,0.9648910231715346,0.29311804456130486,m2_20260926T165115Z_1ffdde7
hand_neg,cell_gate,ALL,2014,development,0.8772223114656154,0.8475,0.8957,132,132,13,True,,1.9663851413414908,0.11102447129134746,m2_20260926T165115Z_1ffdde7
hand_neg,cluster_gate,ALL,2014,development,0.857,0.7997,0.9015,13,132,13,True,,1.7905932883378723,0.21163222547529004,m2_20260926T165115Z_1ffdde7
hand_acc_neg,cell_gate,ALL,2014,development,0.8662356613378296,0.8403,0.8786,132,132,13,True,,1.868077412818073,0.08132214155911725,m2_20260926T165115Z_1ffdde7
hand_acc_neg,cluster_gate,ALL,2014,development,0.8279,0.775,0.87,13,132,13,True,,1.5708166709272662,0.16944090281332067,m2_20260926T165115Z_1ffdde7
L1,cell_gate,ALL,2014,development,0.7842200436098241,0.7173,0.8854,132,132,13,True,,1.2904304808202294,0.2840572138997387,m2_20260926T165115Z_1ffdde7
L1,cluster_gate,ALL,2014,development,0.8225,0.7128,0.9141,13,132,13,True,,1.5333778737240567,0.3713675654679572,m2_20260926T165115Z_1ffdde7
z_sensitivity,cell_gate,ALL,2014,development,0.8378485122254055,0.8062,0.8932,132,132,13,True,,1.6423063031305842,0.17815313131312221,m2_20260926T165115Z_1ffdde7
z_sensitivity,cluster_gate,ALL,2014,development,0.8572,0.7981,0.9181,13,132,13,True,,1.7922262136939375,0.2659094649058227,m2_20260926T165115Z_1ffdde7
rf_F1_wf,cell_gate,ALL,2014,development,0.8522077070862744,0.778,0.8831,132,132,13,True,,1.752022422997376,0.1959399355674551,m2_20260926T165115Z_1ffdde7
rf_F1_wf,cluster_gate,ALL,2014,development,0.817,0.7714,0.8673,13,132,13,True,,1.4961529420185817,0.1686410329866247,m2_20260926T165115Z_1ffdde7
logit_F1_wf,cell_gate,ALL,2014,development,0.8354526290701026,0.7617,0.8645,132,132,13,True,,1.6247751507972528,0.17631887039285019,m2_20260926T165115Z_1ffdde7
logit_F1_wf,cluster_gate,ALL,2014,development,0.7824,0.716,0.8473,13,132,13,True,,1.27970760373882,0.20124698423106943,m2_20260926T165115Z_1ffdde7
slope_neg,object,ALL,2014,development,0.7776172656544723,0.7319439395770762,0.8196836420394911,47,132,13,True,,1.2518345306491356,0.13002734452576079,m2_20260926T165115Z_1ffdde7
relelev_neg,object,ALL,2014,development,0.6744521859835444,0.6198774452074696,0.7290031925301043,47,132,13,True,,0.7283914401249814,0.12769188589059993,m2_20260926T165115Z_1ffdde7
twi,object,ALL,2014,development,0.7326708150843473,0.6742879331569669,0.7883950824970415,47,132,13,True,,1.008215707053844,0.1499096268022104,m2_20260926T165115Z_1ffdde7
impervious,object,ALL,2014,development,0.708599459805328,0.6429976124649611,0.7676682063224961,47,132,13,True,,0.8885916825400086,0.15479686995302583,m2_20260926T165115Z_1ffdde7
hand_neg,object,ALL,2014,development,0.8736694989475939,0.8491802253424201,0.8957589344353596,47,132,13,True,,1.9338006594297033,0.10785384681878099,m2_20260926T165115Z_1ffdde7
hand_acc_neg,object,ALL,2014,development,0.8437010362005709,0.8134955786246965,0.8698244719413263,47,132,13,True,,1.686027601489911,0.10880866612001355,m2_20260926T165115Z_1ffdde7
L1,object,ALL,2014,development,0.7872517586970172,0.7276980893334015,0.8425317207539614,47,132,13,True,,1.3084385930305433,0.1770982650882695,m2_20260926T165115Z_1ffdde7
z_sensitivity,object,ALL,2014,development,0.8421796304418592,0.8104509662197552,0.8736944259268739,47,132,13,True,,1.6745358445725684,0.12272761964061643,m2_20260926T165115Z_1ffdde7
rf_F1_wf,object,ALL,2014,development,0.8293385571693932,0.7972314851879627,0.8602143424195294,47,132,13,True,,1.5809467365202776,0.11428559145964941,m2_20260926T165115Z_1ffdde7
logit_F1_wf,object,ALL,2014,development,0.8075651369732932,0.7680458767774753,0.8423082454664916,47,132,13,True,,1.4342659942467333,0.12199049882431108,m2_20260926T165115Z_1ffdde7
slope_neg,cell_gate,FLAT,2014,development,0.5828271898051537,0.4291,0.6518,107,107,13,True,,0.33439017809144567,0.2327810146614099,m2_20260926T165115Z_1ffdde7
slope_neg,cluster_gate,FLAT,2014,development,0.4472,0.3392,0.5478,13,107,13,True,,-0.21199035061257077,0.2190466309705246,m2_20260926T165115Z_1ffdde7
relelev_neg,cell_gate,FLAT,2014,development,0.6698220544698461,0.5819,0.8437,107,107,13,True,,0.7073803487580068,0.3457823156791648,m2_20260926T165115Z_1ffdde7
relelev_neg,cluster_gate,FLAT,2014,development,0.7778,0.6853,0.8719,13,107,13,True,,1.2528915445161175,0.29072642252584563,m2_20260926T165115Z_1ffdde7
twi,cell_gate,FLAT,2014,development,0.6228376054098913,0.5722,0.6899,107,107,13,True,,0.5016099697539285,0.1298031630916319,m2_20260926T165115Z_1ffdde7
twi,cluster_gate,FLAT,2014,development,0.6176,0.494,0.7306,13,107,13,True,,0.4793738175333203,0.2606348919019084,m2_20260926T165115Z_1ffdde7
impervious,cell_gate,FLAT,2014,development,0.4322783029933809,0.3152,0.6492,107,107,13,True,,-0.27256172787219024,0.35496673738950046,m2_20260926T165115Z_1ffdde7
impervious,cluster_gate,FLAT,2014,development,0.5013,0.3582,0.6442,13,107,13,True,,0.005200011717380826,0.3002161544796638,m2_20260926T165115Z_1ffdde7
hand_neg,cell_gate,FLAT,2014,development,0.6777289478069297,0.5958,0.724,107,107,13,True,,0.7433544575646263,0.14704231707966,m2_20260926T165115Z_1ffdde7
hand_neg,cluster_gate,FLAT,2014,development,0.6678,0.5486,0.7672,13,107,13,True,,0.6982515303303594,0.2544822510669691,m2_20260926T165115Z_1ffdde7
hand_acc_neg,cell_gate,FLAT,2014,development,0.670350408947594,0.6028,0.7065,107,107,13,True,,0.7097703290905741,0.11768074105284175,m2_20260926T165115Z_1ffdde7
hand_acc_neg,cluster_gate,FLAT,2014,development,0.6497,0.529,0.7462,13,107,13,True,,0.6177207876830444,0.24549348234343088,m2_20260926T165115Z_1ffdde7
L1,cell_gate,FLAT,2014,development,0.5942663406058328,0.5102,0.7372,107,107,13,True,,0.3816306707387743,0.252724102537029,m2_20260926T165115Z_1ffdde7
L1,cluster_gate,FLAT,2014,development,0.662,0.5331,0.7794,13,107,13,True,,0.6722196604539896,0.2881632961481335,m2_20260926T165115Z_1ffdde7
z_sensitivity,cell_gate,FLAT,2014,development,0.6052207399910501,0.5102,0.7516,107,107,13,True,,0.42726647770111315,0.2720351661310211,m2_20260926T165115Z_1ffdde7
z_sensitivity,cluster_gate,FLAT,2014,development,0.6417,0.5087,0.7737,13,107,13,True,,0.5827502804455617,0.3047298689373924,m2_20260926T165115Z_1ffdde7
rf_F1_wf,cell_gate,FLAT,2014,development,0.6619902894137906,0.4964,0.7381,107,107,13,True,,0.6721762626548635,0.2679939076402483,m2_20260926T165115Z_1ffdde7
rf_F1_wf,cluster_gate,FLAT,2014,development,0.5458,0.4026,0.6889,13,107,13,True,,0.18371497860277974,0.30348137023320026,m2_20260926T165115Z_1ffdde7
logit_F1_wf,cell_gate,FLAT,2014,development,0.6421965462280486,0.5079,0.7187,107,107,13,True,,0.5849105797809195,0.23123375893461354,m2_20260926T165115Z_1ffdde7
logit_F1_wf,cluster_gate,FLAT,2014,development,0.5981,0.4766,0.7206,13,107,13,True,,0.39755466259535577,0.26559370099008545,m2_20260926T165115Z_1ffdde7
slope_neg,object,FLAT,2014,development,0.4886773804134872,0.4276346733654628,0.5543478435717956,43,107,13,True,,-0.04529822248489346,0.13004367607508668,m2_20260926T165115Z_1ffdde7
relelev_neg,object,FLAT,2014,development,0.6892406737717807,0.6053303418204362,0.7666101141044724,43,107,13,True,,0.7965717768940352,0.19427467678765872,m2_20260926T165115Z_1ffdde7
twi,object,FLAT,2014,development,0.5912691742708454,0.5009528952790325,0.6746686206920199,43,107,13,True,,0.36921455775664125,0.18509670751826166,m2_20260926T165115Z_1ffdde7
impervious,object,FLAT,2014,development,0.4961407297191984,0.421889014656205,0.5761118987887914,43,107,13,True,,-0.015437387693336135,0.1586396466223542,m2_20260926T165115Z_1ffdde7
hand_neg,object,FLAT,2014,development,0.645654670581268,0.573310639668501,0.7140149778507928,43,107,13,True,,0.5999928507189966,0.15806235772026242,m2_20260926T165115Z_1ffdde7
hand_acc_neg,object,FLAT,2014,development,0.6308291875025415,0.5588441952182867,0.7016573499266828,43,107,13,True,,0.5357756812016663,0.15784216544844235,m2_20260926T165115Z_1ffdde7
L1,object,FLAT,2014,development,0.610726370400445,0.533611007110647,0.683769004090287,43,107,13,True,,0.45036650558029456,0.1623754615480373,m2_20260926T165115Z_1ffdde7
z_sensitivity,object,FLAT,2014,development,0.6043991391197158,0.5229833328849302,0.6828515820753988,43,107,13,True,,0.4238290301579475,0.1721739570760689,m2_20260926T165115Z_1ffdde7
rf_F1_wf,object,FLAT,2014,development,0.5652316261289961,0.4865815102632125,0.6463402541748537,43,107,13,True,,0.2624221894727843,0.1675228853405432,m2_20260926T165115Z_1ffdde7
logit_F1_wf,object,FLAT,2014,development,0.6113039734737695,0.5359865941127117,0.6792478102193926,43,107,13,True,,0.4527967217156885,0.15462566984856768,m2_20260926T165115Z_1ffdde7
slope_neg,cell_gate,URBAN,2014,development,0.563245387135713,0.2198,0.718,30,30,9,True,,0.25434387879670894,0.5615906135463373,m2_20260926T165115Z_1ffdde7
slope_neg,cluster_gate,URBAN,2014,development,0.3698,0.1763,0.5728,9,30,9,True,,-0.5330749103701498,0.46809626070104216,m2_20260926T165115Z_1ffdde7
relelev_neg,cell_gate,URBAN,2014,development,0.7182445249180893,0.4947,0.8577,30,30,9,True,,0.9357704898797807,0.46366098849293075,m2_20260926T165115Z_1ffdde7
relelev_neg,cluster_gate,URBAN,2014,development,0.6987,0.5008,0.8667,9,30,9,True,,0.8411150194221493,0.4767665837144296,m2_20260926T165115Z_1ffdde7
twi,cell_gate,URBAN,2014,development,0.6061803759268839,0.2832,0.7097,30,30,9,True,,0.4312845942733653,0.4649501186546581,m2_20260926T165115Z_1ffdde7
twi,cluster_gate,URBAN,2014,development,0.4087,0.2117,0.6274,9,30,9,True,,-0.36934211225655256,0.4683217145811325,m2_20260926T165115Z_1ffdde7
impervious,cell_gate,URBAN,2014,development,0.5391533022934989,0.4055,0.6093,30,30,9,True,,0.1569345055528789,0.21096576373133155,m2_20260926T165115Z_1ffdde7
impervious,cluster_gate,URBAN,2014,development,0.4671,0.3455,0.6024,9,30,9,True,,-0.13179042179467415,0.26897283627712193,m2_20260926T165115Z_1ffdde7
hand_neg,cell_gate,URBAN,2014,development,0.6960079324021383,0.5994,0.8131,30,30,9,True,,0.8283594497612863,0.2722791504130361,m2_20260926T165115Z_1ffdde7
hand_neg,cluster_gate,URBAN,2014,development,0.6805,0.4996,0.8392,9,30,9,True,,0.7560705482739314,0.42191788056418633,m2_20260926T165115Z_1ffdde7
hand_acc_neg,cell_gate,URBAN,2014,development,0.6755630281082945,0.4773,0.7781,30,30,9,True,,0.7334551730870946,0.34324372616140414,m2_20260926T165115Z_1ffdde7
hand_acc_neg,cluster_gate,URBAN,2014,development,0.5674,0.4012,0.7574,9,30,9,True,,0.27125100885579256,0.3925952536767104,m2_20260926T165115Z_1ffdde7
L1,cell_gate,URBAN,2014,development,0.5182479737885842,0.3769,0.6822,30,30,9,True,,0.07302432836486705,0.32312525769606343,m2_20260926T165115Z_1ffdde7
L1,cluster_gate,URBAN,2014,development,0.5198,0.3162,0.751,9,30,9,True,,0.07924143842023723,0.4783871853056833,m2_20260926T165115Z_1ffdde7
z_sensitivity,cell_gate,URBAN,2014,development,0.6579341265735472,0.4827,0.7717,30,30,9,True,,0.6541014838501881,0.3283639302619353,m2_20260926T165115Z_1ffdde7
z_sensitivity,cluster_gate,URBAN,2014,development,0.5736,0.3571,0.8105,9,30,9,True,,0.2965544164337758,0.5207329495086375,m2_20260926T165115Z_1ffdde7
rf_F1_wf,cell_gate,URBAN,2014,development,0.6569029142955682,0.4523,0.7665,30,30,9,True,,0.649522780509562,0.35205612128445524,m2_20260926T165115Z_1ffdde7
rf_F1_wf,cluster_gate,URBAN,2014,development,0.5208,0.3264,0.7226,9,30,9,True,,0.08324804409312003,0.4290660858917946,m2_20260926T165115Z_1ffdde7
logit_F1_wf,cell_gate,URBAN,2014,development,0.5651974478358338,0.3485,0.6949,30,30,9,True,,0.26228311032124774,0.36959034359551307,m2_20260926T165115Z_1ffdde7
logit_F1_wf,cluster_gate,URBAN,2014,development,0.4442,0.2541,0.6417,9,30,9,True,,-0.2241336058480764,0.4233786809786771,m2_20260926T165115Z_1ffdde7
slope_neg,object,URBAN,2014,development,0.3765805722232139,0.2691938407266148,0.4913339475012429,24,30,9,True,,-0.5040875034774842,0.2459353490469928,m2_20260926T165115Z_1ffdde7
relelev_neg,object,URBAN,2014,development,0.6759763631661456,0.5567509900724615,0.7915431978872912,24,30,9,True,,0.7353416433788115,0.28221596289050965,m2_20260926T165115Z_1ffdde7
twi,object,URBAN,2014,development,0.3937847618179433,0.262562570318855,0.5293670495414055,24,30,9,True,,-0.43143063130148174,0.29344809158030033,m2_20260926T165115Z_1ffdde7
impervious,object,URBAN,2014,development,0.4090236494971682,0.3170508324398031,0.4957682584500817,24,30,9,True,,-0.3680030234331808,0.1914399834328373,m2_20260926T165115Z_1ffdde7
hand_neg,object,URBAN,2014,development,0.634317249172326,0.524384163536895,0.7300420281986274,24,30,9,True,,0.5507830658038264,0.2288872998293851,m2_20260926T165115Z_1ffdde7
hand_acc_neg,object,URBAN,2014,development,0.5673318073029839,0.4492578356200046,0.6776100875963705,24,30,9,True,,0.2709731950069526,0.24145344205163022,m2_20260926T165115Z_1ffdde7
L1,object,URBAN,2014,development,0.467177278347025,0.3492266819453267,0.5838281186741853,24,30,9,True,,-0.13147996740561896,0.24514440687460443,m2_20260926T165115Z_1ffdde7
z_sensitivity,object,URBAN,2014,development,0.4908745932358374,0.3400594834494531,0.6280716942867759,24,30,9,True,,-0.036505680669169704,0.30280718777503474,m2_20260926T165115Z_1ffdde7
rf_F1_wf,object,URBAN,2014,development,0.4655355348185612,0.3310429939926226,0.5952537126645604,24,30,9,True,,-0.13807681521480963,0.27786195184126616,m2_20260926T165115Z_1ffdde7
logit_F1_wf,object,URBAN,2014,development,0.4224371860056745,0.3133993496035422,0.5331663856215543,24,30,9,True,,-0.3127764417338854,0.23396736277843458,m2_20260926T165115Z_1ffdde7
slope_neg,cell_gate,AGRI,2014,development,0.5459573006075803,0.3737,0.6314,64,64,10,True,,0.18434952352745682,0.2690364956312148,m2_20260926T165115Z_1ffdde7
slope_neg,cluster_gate,AGRI,2014,development,0.4818,0.3532,0.6237,10,64,10,True,,-0.07283217794723851,0.283241287509266,m2_20260926T165115Z_1ffdde7
relelev_neg,cell_gate,AGRI,2014,development,0.686874638345067,0.608,0.8675,64,64,10,True,,0.7855481718112756,0.36738425695025906,m2_20260926T165115Z_1ffdde7
relelev_neg,cluster_gate,AGRI,2014,development,0.7521,0.6354,0.8651,10,64,10,True,,1.1098438547912126,0.3323677104932893,m2_20260926T165115Z_1ffdde7
twi,cell_gate,AGRI,2014,development,0.6057162575947536,0.534,0.694,64,64,10,True,,0.4293408461311652,0.17415540772808602,m2_20260926T165115Z_1ffdde7
twi,cluster_gate,AGRI,2014,development,0.6214,0.5068,0.7448,10,64,10,True,,0.49549475818372435,0.2662973670866694,m2_20260926T165115Z_1ffdde7
impervious,cell_gate,AGRI,2014,development,0.5092515852541228,0.4756,0.6107,64,64,10,True,,0.03701056513816425,0.13978143909980592,m2_20260926T165115Z_1ffdde7
impervious,cluster_gate,AGRI,2014,development,0.6084,0.4963,0.7274,10,64,10,True,,0.4405916497287827,0.25415550778155294,m2_20260926T165115Z_1ffdde7
hand_neg,cell_gate,AGRI,2014,development,0.6492474563603048,0.6201,0.7226,64,64,10,True,,0.615732961764535,0.11924265429301924,m2_20260926T165115Z_1ffdde7
hand_neg,cluster_gate,AGRI,2014,development,0.6863,0.6178,0.7585,10,64,10,True,,0.7828777347179565,0.16945530179564272,m2_20260926T165115Z_1ffdde7
hand_acc_neg,cell_gate,AGRI,2014,development,0.6296864451731121,0.5782,0.6762,64,64,10,True,,0.5308718971772081,0.1073933732490165,m2_20260926T165115Z_1ffdde7
hand_acc_neg,cluster_gate,AGRI,2014,development,0.6485,0.5716,0.726,10,64,10,True,,0.6124522925057789,0.17501336921647584,m2_20260926T165115Z_1ffdde7
L1,cell_gate,AGRI,2014,development,0.7557337375831806,0.6286,0.902,64,64,10,True,,1.1294302454414007,0.432005786663623,m2_20260926T165115Z_1ffdde7
L1,cluster_gate,AGRI,2014,development,0.7773,0.6127,0.905,10,64,10,True,,1.2500008019728521,0.45801408420007444,m2_20260926T165115Z_1ffdde7
z_sensitivity,cell_gate,AGRI,2014,development,0.7481856977529173,0.6431,0.8683,64,64,10,True,,1.088959286165954,0.33091579128610044,m2_20260926T165115Z_1ffdde7
z_sensitivity,cluster_gate,AGRI,2014,development,0.7888,0.6473,0.8877,10,64,10,True,,1.3177072514563188,0.3725241814489515,m2_20260926T165115Z_1ffdde7
rf_F1_wf,cell_gate,AGRI,2014,development,0.6704547509403028,0.4701,0.762,64,64,10,True,,0.7102425439496121,0.3274087594484507,m2_20260926T165115Z_1ffdde7
rf_F1_wf,cluster_gate,AGRI,2014,development,0.6007,0.4577,0.7517,10,64,10,True,,0.40838262778694023,0.3258491053743692,m2_20260926T165115Z_1ffdde7
logit_F1_wf,cell_gate,AGRI,2014,development,0.6417280475455686,0.4973,0.7101,64,64,10,True,,0.5828722702464629,0.23129758541227566,m2_20260926T165115Z_1ffdde7
logit_F1_wf,cluster_gate,AGRI,2014,development,0.5783,0.4649,0.6979,10,64,10,True,,0.31579860441165863,0.24948138383285023,m2_20260926T165115Z_1ffdde7
slope_neg,object,AGRI,2014,development,0.5171569775186928,0.4332033160725411,0.5981903743206295,29,64,10,True,,0.06865486437365032,0.1700858125761587,m2_20260926T165115Z_1ffdde7
relelev_neg,object,AGRI,2014,development,0.655284026551591,0.5618799011194495,0.7508828138655759,29,64,10,True,,0.642347957373312,0.21799664090008442,m2_20260926T165115Z_1ffdde7
twi,object,AGRI,2014,development,0.600830715335532,0.501746458448201,0.7020788969641465,29,64,10,True,,0.4089276239497798,0.2168997069623314,m2_20260926T165115Z_1ffdde7
impervious,object,AGRI,2014,development,0.6181918232963722,0.5438304381090836,0.6979966523018315,29,64,10,True,,0.4818804757206769,0.16888149284090093,m2_20260926T165115Z_1ffdde7
hand_neg,object,AGRI,2014,development,0.665389446271384,0.5923282425509878,0.7300106395995721,29,64,10,True,,0.6874051733461808,0.15844116294695096,m2_20260926T165115Z_1ffdde7
hand_acc_neg,object,AGRI,2014,development,0.6339423427320343,0.5559530026980511,0.7076304648729616,29,64,10,True,,0.5491671537254121,0.1681536320058955,m2_20260926T165115Z_1ffdde7
L1,object,AGRI,2014,development,0.7007833686567472,0.5911156362147462,0.8063623186815718,29,64,10,True,,0.8510309768052426,0.26989401658588835,m2_20260926T165115Z_1ffdde7
z_sensitivity,object,AGRI,2014,development,0.7223577344317621,0.624862212270577,0.8092128249914657,29,64,10,True,,0.9561870227057526,0.23843949405750703,m2_20260926T165115Z_1ffdde7
rf_F1_wf,object,AGRI,2014,development,0.596554020088018,0.5063197858339565,0.6838659991100245,29,64,10,True,,0.3911271992277223,0.19039006067941952,m2_20260926T165115Z_1ffdde7
logit_F1_wf,object,AGRI,2014,development,0.6064268404201202,0.5190928444585424,0.6895752477583583,29,64,10,True,,0.4323171245265426,0.18411709909677912,m2_20260926T165115Z_1ffdde7
slope_neg,cell_gate,UNIVERSE,2014,development,0.6451135066050683,0.4232,0.7696,47,47,14,True,,0.5976282791129233,0.3866664611982912,m2_20260926T165115Z_1ffdde7
slope_neg,cluster_gate,UNIVERSE,2014,development,0.5601,0.3975,0.7167,14,47,14,True,,0.24156791086111273,0.3428745829095512,m2_20260926T165115Z_1ffdde7
relelev_neg,cell_gate,UNIVERSE,2014,development,0.5311585321139362,0.3857,0.6483,47,47,14,True,,0.12479584083126394,0.2747495780922354,m2_20260926T165115Z_1ffdde7
relelev_neg,cluster_gate,UNIVERSE,2014,development,0.5199,0.3928,0.6538,14,47,14,True,,0.07964206985277555,0.27330668053079654,m2_20260926T165115Z_1ffdde7
twi,cell_gate,UNIVERSE,2014,development,0.590225965618027,0.3725,0.7142,47,47,14,True,,0.3648995840362086,0.36668464680697077,m2_20260926T165115Z_1ffdde7
twi,cluster_gate,UNIVERSE,2014,development,0.4958,0.347,0.6387,14,47,14,True,,-0.01680039515272924,0.30663282111931006,m2_20260926T165115Z_1ffdde7
impervious,cell_gate,UNIVERSE,2014,development,0.5483516138156448,0.37,0.6558,47,47,14,True,,0.19401274180721828,0.3002223009359504,m2_20260926T165115Z_1ffdde7
impervious,cluster_gate,UNIVERSE,2014,development,0.4731,0.3436,0.6041,14,47,14,True,,-0.10770399457813762,0.2729311024532711,m2_20260926T165115Z_1ffdde7
hand_neg,cell_gate,UNIVERSE,2014,development,0.7879663094377574,0.7324,0.8559,47,47,14,True,,1.3127101546309135,0.19765989718367982,m2_20260926T165115Z_1ffdde7
hand_neg,cluster_gate,UNIVERSE,2014,development,0.7666,0.6633,0.8429,14,47,14,True,,1.1892114330939987,0.2555992710275498,m2_20260926T165115Z_1ffdde7
hand_acc_neg,cell_gate,UNIVERSE,2014,development,0.7270561614129922,0.6106,0.8022,47,47,14,True,,0.9797376709014788,0.24241938991742804,m2_20260926T165115Z_1ffdde7
hand_acc_neg,cluster_gate,UNIVERSE,2014,development,0.6759,0.5706,0.7666,14,47,14,True,,0.7349930259588064,0.23084910919208446,m2_20260926T165115Z_1ffdde7
L1,cell_gate,UNIVERSE,2014,development,0.5623034455304483,0.4114,0.6676,47,47,14,True,,0.2505157705792552,0.26927305698288245,m2_20260926T165115Z_1ffdde7
L1,cluster_gate,UNIVERSE,2014,development,0.5607,0.4363,0.6968,14,47,14,True,,0.24400345214789287,0.27763211347565475,m2_20260926T165115Z_1ffdde7
z_sensitivity,cell_gate,UNIVERSE,2014,development,0.6447196119718827,0.4801,0.7411,47,47,14,True,,0.5959082090020575,0.28861136249860414,m2_20260926T165115Z_1ffdde7
z_sensitivity,cluster_gate,UNIVERSE,2014,development,0.6086,0.4737,0.7431,14,47,14,True,,0.441431182500895,0.29782202955927706,m2_20260926T165115Z_1ffdde7
rf_F1_wf,cell_gate,UNIVERSE,2014,development,0.7060697486826529,0.5552,0.7982,47,47,14,True,,0.8763715280059481,0.29423459500700133,m2_20260926T165115Z_1ffdde7
rf_F1_wf,cluster_gate,UNIVERSE,2014,development,0.6708,0.5359,0.7981,14,47,14,True,,0.7118055611461388,0.31393787258756334,m2_20260926T165115Z_1ffdde7
logit_F1_wf,cell_gate,UNIVERSE,2014,development,0.6364394439381083,0.4696,0.732,47,47,14,True,,0.5599433995917791,0.2873888787483479,m2_20260926T165115Z_1ffdde7
logit_F1_wf,cluster_gate,UNIVERSE,2014,development,0.5803,0.4286,0.7137,14,47,14,True,,0.32400504085701765,0.3063800942525955,m2_20260926T165115Z_1ffdde7
slope_neg,object,UNIVERSE,2014,development,0.5365006149932228,0.4399716478975401,0.6341365310079949,38,47,14,True,,0.14626265021738627,0.2018611517315132,m2_20260926T165115Z_1ffdde7
relelev_neg,object,UNIVERSE,2014,development,0.5086518490519139,0.4145663550273005,0.6052793783814912,38,47,14,True,,0.03461085085372406,0.1971035468471023,m2_20260926T165115Z_1ffdde7
twi,object,UNIVERSE,2014,development,0.4792962745395471,0.3835592640158272,0.5828542260139706,38,47,14,True,,-0.08286228143470475,0.20637354217792225,m2_20260926T165115Z_1ffdde7
impervious,object,UNIVERSE,2014,development,0.4580351796750351,0.3900104830441523,0.5312555950633804,38,47,14,True,,-0.16825509950169948,0.14603680701355196,m2_20260926T165115Z_1ffdde7
hand_neg,object,UNIVERSE,2014,development,0.7873897993042702,0.7390032123788306,0.8287811894049074,38,47,14,True,,1.3092629780645522,0.13679324673040308,m2_20260926T165115Z_1ffdde7
hand_acc_neg,object,UNIVERSE,2014,development,0.6811212537429189,0.6144962086559658,0.7428113001820227,38,47,14,True,,0.7589294180368233,0.15163040230355135,m2_20260926T165115Z_1ffdde7
L1,object,UNIVERSE,2014,development,0.5169854048014861,0.4372406039245342,0.5965645501710248,38,47,14,True,,0.06796777255355535,0.16417125724648074,m2_20260926T165115Z_1ffdde7
z_sensitivity,object,UNIVERSE,2014,development,0.5677037606402937,0.4870965052714617,0.646032737136187,38,47,14,True,,0.2724886420081446,0.16665387605890475,m2_20260926T165115Z_1ffdde7
rf_F1_wf,object,UNIVERSE,2014,development,0.6148815628181067,0.5238341441223451,0.7032894191668009,38,47,14,True,,0.4678787524533407,0.19582054344144126,m2_20260926T165115Z_1ffdde7
logit_F1_wf,object,UNIVERSE,2014,development,0.5583846117074515,0.4683931778277986,0.648954777487098,38,47,14,True,,0.23460865220522253,0.18904532911118538,m2_20260926T165115Z_1ffdde7
slope_neg,cell_gate,ALL,2016,development,0.8710982008116287,0.7752,0.9201,170,170,6,True,,1.9107038475369802,0.3076068167502658,m2_20260926T165115Z_1ffdde7
slope_neg,cluster_gate,ALL,2016,development,0.8573,0.7814,0.9209,6,170,6,True,,1.7930433912019192,0.30122874205575767,m2_20260926T165115Z_1ffdde7
relelev_neg,cell_gate,ALL,2016,development,0.5531201570087028,0.5007,0.6377,170,170,6,True,,0.2132855091807918,0.14352186010267007,m2_20260926T165115Z_1ffdde7
relelev_neg,cluster_gate,ALL,2016,development,0.5658,0.5037,0.6261,6,170,6,True,,0.26473540142327523,0.12773741113602435,m2_20260926T165115Z_1ffdde7
twi,cell_gate,ALL,2016,development,0.8332331047532665,0.7486,0.8707,170,170,6,True,,1.6087164401754526,0.20816777940286194,m2_20260926T165115Z_1ffdde7
twi,cluster_gate,ALL,2016,development,0.8319,0.7628,0.8857,6,170,6,True,,1.599153200875272,0.2243560397918389,m2_20260926T165115Z_1ffdde7
impervious,cell_gate,ALL,2016,development,0.9371092571017507,0.9217,0.9485,170,170,6,True,,2.7014008973910353,0.11419286202025881,m2_20260926T165115Z_1ffdde7
impervious,cluster_gate,ALL,2016,development,0.9336,0.9195,0.9479,6,170,6,True,,2.643351024489958,0.11875504008025396,m2_20260926T165115Z_1ffdde7
hand_neg,cell_gate,ALL,2016,development,0.8618256953186698,0.8189,0.8824,170,170,6,True,,1.8305370750625207,0.1291972263477174,m2_20260926T165115Z_1ffdde7
hand_neg,cluster_gate,ALL,2016,development,0.8495,0.821,0.8747,6,170,6,True,,1.7306848569230566,0.10715319470798423,m2_20260926T165115Z_1ffdde7
hand_acc_neg,cell_gate,ALL,2016,development,0.8657460259126912,0.8421,0.8791,170,170,6,True,,1.8638582578405298,0.07908258797285593,m2_20260926T165115Z_1ffdde7
hand_acc_neg,cluster_gate,ALL,2016,development,0.8637,0.8383,0.8852,6,170,6,True,,1.8463671475837533,0.10127452911432937,m2_20260926T165115Z_1ffdde7
L1,cell_gate,ALL,2016,development,0.9196080255842868,0.8634,0.957,170,170,6,True,,2.437033169604166,0.32112379352473225,m2_20260926T165115Z_1ffdde7
L1,cluster_gate,ALL,2016,development,0.9243,0.8725,0.9687,6,170,6,True,,2.5022585338273293,0.3849791606661256,m2_20260926T165115Z_1ffdde7
z_sensitivity,cell_gate,ALL,2016,development,0.9540419576045226,0.9304,0.9685,170,170,6,True,,3.0329787927832927,0.2124811756035515,m2_20260926T165115Z_1ffdde7
z_sensitivity,cluster_gate,ALL,2016,development,0.9542,0.9311,0.9763,6,170,6,True,,3.0365892019618683,0.2843379704952146,m2_20260926T165115Z_1ffdde7
rf_F1_wf,cell_gate,ALL,2016,development,0.9009228561822176,0.8667,0.9155,170,170,6,True,,2.207520856548411,0.1302646795613518,m2_20260926T165115Z_1ffdde7
rf_F1_wf,cluster_gate,ALL,2016,development,0.9049,0.8593,0.9457,6,170,6,True,,2.2528954708057434,0.267329664001111,m2_20260926T165115Z_1ffdde7
logit_F1_wf,cell_gate,ALL,2016,development,0.8311109460399871,0.7916,0.8502,170,170,6,True,,1.593521281118857,0.10244413779026897,m2_20260926T165115Z_1ffdde7
logit_F1_wf,cluster_gate,ALL,2016,development,0.8359,0.7797,0.8857,6,170,6,True,,1.6280329906090651,0.19990998602237373,m2_20260926T165115Z_1ffdde7
slope_neg,object,ALL,2016,development,0.855174793438586,0.7890361433773839,0.9072882093659966,21,170,6,True,,1.7757783415481654,0.24537165143677797,m2_20260926T165115Z_1ffdde7
relelev_neg,object,ALL,2016,development,0.565062113922899,0.5277970928138656,0.5992295817416369,21,170,6,True,,0.26173243098485155,0.07422404877946079,m2_20260926T165115Z_1ffdde7
twi,object,ALL,2016,development,0.8197152754231677,0.7510162433821029,0.8738528967319321,21,170,6,True,,1.5144196505061505,0.21210178472280142,m2_20260926T165115Z_1ffdde7
impervious,object,ALL,2016,development,0.9333740514340808,0.9117211437381992,0.9491559263544558,21,170,6,True,,2.6397119133082785,0.15101705222063447,m2_20260926T165115Z_1ffdde7
hand_neg,object,ALL,2016,development,0.8676084568356411,0.8435883961379171,0.8883375914601549,21,170,6,True,,1.8799767582133615,0.09915948964760592,m2_20260926T165115Z_1ffdde7
hand_acc_neg,object,ALL,2016,development,0.876868645168931,0.8511203803932114,0.8982237025070849,21,170,6,True,,1.9631054926944347,0.11077407310457689,m2_20260926T165115Z_1ffdde7
L1,object,ALL,2016,development,0.910918916461999,0.8656112421977461,0.9481020113297132,21,170,6,True,,2.324906882351587,0.26594441470008806,m2_20260926T165115Z_1ffdde7
z_sensitivity,object,ALL,2016,development,0.9545869503642536,0.9353268684573416,0.9715666672001928,21,170,6,True,,3.0454792335566006,0.21934013244958023,m2_20260926T165115Z_1ffdde7
rf_F1_wf,object,ALL,2016,development,0.907361802580625,0.872050413708203,0.9390096495539904,21,170,6,True,,2.281839715157883,0.2078862654791278,m2_20260926T165115Z_1ffdde7
logit_F1_wf,object,ALL,2016,development,0.8445551422331852,0.7933976966272394,0.8913472364988665,21,170,6,True,,1.6925189735360204,0.19363825876816237,m2_20260926T165115Z_1ffdde7
slope_neg,cell_gate,FLAT,2016,development,0.7064701321505535,0.5855,0.7624,154,154,6,True,,0.8783015269516902,0.2093124064679241,m2_20260926T165115Z_1ffdde7
slope_neg,cluster_gate,FLAT,2016,development,0.6697,0.5826,0.7536,6,154,6,True,,0.7068285185192603,0.20011838174277527,m2_20260926T165115Z_1ffdde7
relelev_neg,cell_gate,FLAT,2016,development,0.5371848739495798,0.4407,0.6959,154,154,6,True,,0.1490146284888434,0.2719873976146774,m2_20260926T165115Z_1ffdde7
relelev_neg,cluster_gate,FLAT,2016,development,0.5692,0.4499,0.6779,6,154,6,True,,0.27858792093346396,0.24113006146790647,m2_20260926T165115Z_1ffdde7
twi,cell_gate,FLAT,2016,development,0.6302861646693956,0.5796,0.6478,154,154,6,True,,0.5334446575176355,0.07353483061553202,m2_20260926T165115Z_1ffdde7
twi,cluster_gate,FLAT,2016,development,0.6326,0.5815,0.6827,6,154,6,True,,0.5433871380905233,0.11155147422479571,m2_20260926T165115Z_1ffdde7
impervious,cell_gate,FLAT,2016,development,0.8404122435948599,0.8079,0.8699,154,154,6,True,,1.6612985698158669,0.11828091279766283,m2_20260926T165115Z_1ffdde7
impervious,cluster_gate,FLAT,2016,development,0.8364,0.7944,0.8776,6,154,6,True,,1.6316825433858322,0.15771768374558315,m2_20260926T165115Z_1ffdde7
hand_neg,cell_gate,FLAT,2016,development,0.6670540061343397,0.5992,0.7005,154,154,6,True,,0.694890715110837,0.11417226778639743,m2_20260926T165115Z_1ffdde7
hand_neg,cluster_gate,FLAT,2016,development,0.6333,0.5907,0.674,6,154,6,True,,0.5464001684451041,0.09170393985967171,m2_20260926T165115Z_1ffdde7
hand_acc_neg,cell_gate,FLAT,2016,development,0.6348507177633604,0.6102,0.6599,154,154,6,True,,0.5530836187211985,0.054770300082197756,m2_20260926T165115Z_1ffdde7
hand_acc_neg,cluster_gate,FLAT,2016,development,0.6393,0.6024,0.6722,6,154,6,True,,0.5723272398631877,0.07721495131173049,m2_20260926T165115Z_1ffdde7
L1,cell_gate,FLAT,2016,development,0.8330248110098857,0.787,0.8946,154,154,6,True,,1.6072181943913593,0.21216664661791665,m2_20260926T165115Z_1ffdde7
L1,cluster_gate,FLAT,2016,development,0.855,0.7886,0.9266,6,154,6,True,,1.7743677265161857,0.3109982884815032,m2_20260926T165115Z_1ffdde7
z_sensitivity,cell_gate,FLAT,2016,development,0.8910704308860586,0.8468,0.9299,154,154,6,True,,2.101721952893811,0.22332909798208,m2_20260926T165115Z_1ffdde7
z_sensitivity,cluster_gate,FLAT,2016,development,0.9068,0.8711,0.9461,6,154,6,True,,2.2751741969418293,0.2434988424391217,m2_20260926T165115Z_1ffdde7
rf_F1_wf,cell_gate,FLAT,2016,development,0.7386189754056304,0.6655,0.8127,154,154,6,True,,1.0388029860302361,0.19891913223732455,m2_20260926T165115Z_1ffdde7
rf_F1_wf,cluster_gate,FLAT,2016,development,0.7707,0.6575,0.8772,6,154,6,True,,1.212268002920089,0.33521148981454607,m2_20260926T165115Z_1ffdde7
logit_F1_wf,cell_gate,FLAT,2016,development,0.5624257437031801,0.4583,0.6939,154,154,6,True,,0.251012694096152,0.25143430462937905,m2_20260926T165115Z_1ffdde7
logit_F1_wf,cluster_gate,FLAT,2016,development,0.6045,0.4484,0.765,6,154,6,True,,0.42425088284713897,0.35394216050584915,m2_20260926T165115Z_1ffdde7
slope_neg,object,FLAT,2016,development,0.6353762602438633,0.541172626595695,0.7266432705923904,21,154,6,True,,0.5553513873217342,0.2072981350284713,m2_20260926T165115Z_1ffdde7
relelev_neg,object,FLAT,2016,development,0.5712497147029796,0.4964437709065031,0.638258887761382,21,154,6,True,,0.2869517788867142,0.14848240724091727,m2_20260926T165115Z_1ffdde7
twi,object,FLAT,2016,development,0.6101449045581846,0.5447233606589372,0.6707319521736391,21,154,6,True,,0.4479213574805882,0.1357485632893028,m2_20260926T165115Z_1ffdde7
impervious,object,FLAT,2016,development,0.8205230228064921,0.7786878832575634,0.8581689631211199,21,154,6,True,,1.5198950306785104,0.13830056036093158,m2_20260926T165115Z_1ffdde7
hand_neg,object,FLAT,2016,development,0.6782885750316322,0.6434807937115808,0.7127737372581607,21,154,6,True,,0.7459178763067842,0.08122335140592823,m2_20260926T165115Z_1ffdde7
hand_acc_neg,object,FLAT,2016,development,0.6670838782598695,0.6354010177855142,0.6984677582535062,21,154,6,True,,0.6950252209363412,0.07259159356220679,m2_20260926T165115Z_1ffdde7
L1,object,FLAT,2016,development,0.8130329649751111,0.7631272612382007,0.8627159506868517,21,154,6,True,,1.469839338025153,0.17044486278101936,m2_20260926T165115Z_1ffdde7
z_sensitivity,object,FLAT,2016,development,0.8931350694061829,0.8654195867451105,0.9207410248224892,21,154,6,True,,2.12317211682098,0.1508715420836397,m2_20260926T165115Z_1ffdde7
rf_F1_wf,object,FLAT,2016,development,0.7502028469189442,0.6681403139114757,0.8280407123601168,21,154,6,True,,1.0996944316872221,0.2224578169850174,m2_20260926T165115Z_1ffdde7
logit_F1_wf,object,FLAT,2016,development,0.6241658530311245,0.5204620057387112,0.7337636143487284,21,154,6,True,,0.5072681755771682,0.23773614962568954,m2_20260926T165115Z_1ffdde7
slope_neg,cell_gate,URBAN,2016,development,0.7337565547981122,0.5649,0.8177,160,160,6,True,,1.0137662066271989,0.3162734148836081,m2_20260926T165115Z_1ffdde7
slope_neg,cluster_gate,URBAN,2016,development,0.6979,0.5709,0.823,6,160,6,True,,0.8373177376304796,0.3192105587144616,m2_20260926T165115Z_1ffdde7
relelev_neg,cell_gate,URBAN,2016,development,0.4837513109596224,0.3654,0.6778,160,160,6,True,,-0.06501765054854802,0.33053720217704,m2_20260926T165115Z_1ffdde7
relelev_neg,cluster_gate,URBAN,2016,development,0.5123,0.3636,0.6491,6,160,6,True,,0.0492099282291496,0.29971429293540475,m2_20260926T165115Z_1ffdde7
twi,cell_gate,URBAN,2016,development,0.6671542343995805,0.5482,0.7196,160,160,6,True,,0.6953420388454202,0.19109477852393983,m2_20260926T165115Z_1ffdde7
twi,cluster_gate,URBAN,2016,development,0.6586,0.5509,0.7524,6,160,6,True,,0.6570615595819235,0.23141900549880168,m2_20260926T165115Z_1ffdde7
impervious,cell_gate,URBAN,2016,development,0.5790095700052439,0.5106,0.6296,160,160,6,True,,0.3187089041227573,0.12451627794755078,m2_20260926T165115Z_1ffdde7
impervious,cluster_gate,URBAN,2016,development,0.5502,0.4434,0.6358,6,160,6,True,,0.20147880896525905,0.20014536983364173,m2_20260926T165115Z_1ffdde7
hand_neg,cell_gate,URBAN,2016,development,0.8061916622968013,0.7043,0.8527,160,160,6,True,,1.425451787915358,0.2265545424282099,m2_20260926T165115Z_1ffdde7
hand_neg,cluster_gate,URBAN,2016,development,0.7707,0.7043,0.8287,6,160,6,True,,1.212268002920089,0.1807642470017817,m2_20260926T165115Z_1ffdde7
hand_acc_neg,cell_gate,URBAN,2016,development,0.772975878342947,0.7159,0.8022,160,160,6,True,,1.2251915682097652,0.1214020600273991,m2_20260926T165115Z_1ffdde7
hand_acc_neg,cluster_gate,URBAN,2016,development,0.7647,0.7024,0.8132,6,160,6,True,,1.1786223043168629,0.156172720883221,m2_20260926T165115Z_1ffdde7
L1,cell_gate,URBAN,2016,development,0.6355191400104877,0.522,0.7563,160,160,6,True,,0.5559681684566229,0.26644451507223493,m2_20260926T165115Z_1ffdde7
L1,cluster_gate,URBAN,2016,development,0.676,0.5291,0.8361,6,160,6,True,,0.7354495602506349,0.3859662873092788,m2_20260926T165115Z_1ffdde7
z_sensitivity,cell_gate,URBAN,2016,development,0.7570470634504457,0.6664,0.8218,160,160,6,True,,1.1365576746774846,0.21343328950018808,m2_20260926T165115Z_1ffdde7
z_sensitivity,cluster_gate,URBAN,2016,development,0.7712,0.6787,0.8634,6,160,6,True,,1.215099483790693,0.27960136182144957,m2_20260926T165115Z_1ffdde7
rf_F1_wf,cell_gate,URBAN,2016,development,0.7366229680125852,0.6399,0.7888,160,160,6,True,,1.0284895973625536,0.18948743798984694,m2_20260926T165115Z_1ffdde7
rf_F1_wf,cluster_gate,URBAN,2016,development,0.7511,0.6336,0.8567,6,160,6,True,,1.1044875893184196,0.31644848227319067,m2_20260926T165115Z_1ffdde7
logit_F1_wf,cell_gate,URBAN,2016,development,0.6084281594126901,0.5036,0.6618,160,160,6,True,,0.4407098442290898,0.16758616876765034,m2_20260926T165115Z_1ffdde7
logit_F1_wf,cluster_gate,URBAN,2016,development,0.6198,0.5005,0.7221,6,160,6,True,,0.48869941529931915,0.2430917872875172,m2_20260926T165115Z_1ffdde7
slope_neg,object,URBAN,2016,development,0.6857883149412167,0.5705948579782187,0.7827972460906851,20,160,6,True,,0.7805020862975787,0.25453628010014306,m2_20260926T165115Z_1ffdde7
relelev_neg,object,URBAN,2016,development,0.5090409632661783,0.4234531262516731,0.5851649843895331,20,160,6,True,,0.03616779516846902,0.16648947799130015,m2_20260926T165115Z_1ffdde7
twi,object,URBAN,2016,development,0.6424440366118314,0.5492041288218016,0.7228150724904454,20,160,6,True,,0.5859878195973154,0.19413952428377618,m2_20260926T165115Z_1ffdde7
impervious,object,URBAN,2016,development,0.5581188720843536,0.4645053838659578,0.6380197482306647,20,160,6,True,,0.23353106756319808,0.1808699730351996,m2_20260926T165115Z_1ffdde7
hand_neg,object,URBAN,2016,development,0.7819168938308264,0.7208294883973214,0.833599696527288,20,160,6,True,,1.276872249921866,0.16907889424739864,m2_20260926T165115Z_1ffdde7
hand_acc_neg,object,URBAN,2016,development,0.769218020828135,0.7099038494397997,0.8193493738961531,20,160,6,True,,1.2039009897129396,0.15740813209559193,m2_20260926T165115Z_1ffdde7
L1,object,URBAN,2016,development,0.6504779013376124,0.5613757180555274,0.7391293383218964,20,160,6,True,,0.621140536527504,0.2027335657419089,m2_20260926T165115Z_1ffdde7
z_sensitivity,object,URBAN,2016,development,0.7779858381768439,0.7051746764503444,0.839689778447847,20,160,6,True,,1.2539671493213351,0.19996775782106296,m2_20260926T165115Z_1ffdde7
rf_F1_wf,object,URBAN,2016,development,0.7440239396265853,0.639969457454649,0.8270356183633353,20,160,6,True,,1.066989285292388,0.2524358866349157,m2_20260926T165115Z_1ffdde7
logit_F1_wf,object,URBAN,2016,development,0.6272278371055899,0.5175837044362648,0.732083937792277,20,160,6,True,,0.5203424415157313,0.23848846672963495,m2_20260926T165115Z_1ffdde7
slope_neg,cell_gate,AGRI,2016,development,0.8307131901840491,0.8307,0.8307,1,1,1,False,positive_cells_lt_5,,,m2_20260926T165115Z_1ffdde7
slope_neg,cluster_gate,AGRI,2016,development,0.8307,0.8307,0.8307,1,1,1,False,positive_cells_lt_5,,,m2_20260926T165115Z_1ffdde7
relelev_neg,cell_gate,AGRI,2016,development,0.6923888036809815,0.6924,0.6924,1,1,1,False,positive_cells_lt_5,,,m2_20260926T165115Z_1ffdde7
relelev_neg,cluster_gate,AGRI,2016,development,0.6924,0.6924,0.6924,1,1,1,False,positive_cells_lt_5,,,m2_20260926T165115Z_1ffdde7
twi,cell_gate,AGRI,2016,development,0.9760832055214724,0.9761,0.9761,1,1,1,False,positive_cells_lt_5,,,m2_20260926T165115Z_1ffdde7
twi,cluster_gate,AGRI,2016,development,0.9761,0.9761,0.9761,1,1,1,False,positive_cells_lt_5,,,m2_20260926T165115Z_1ffdde7
impervious,cell_gate,AGRI,2016,development,0.9838477760736196,0.9838,0.9838,1,1,1,False,positive_cells_lt_5,,,m2_20260926T165115Z_1ffdde7
impervious,cluster_gate,AGRI,2016,development,0.9838,0.9838,0.9838,1,1,1,False,positive_cells_lt_5,,,m2_20260926T165115Z_1ffdde7
hand_neg,cell_gate,AGRI,2016,development,0.5522910276073619,0.5523,0.5523,1,1,1,False,positive_cells_lt_5,,,m2_20260926T165115Z_1ffdde7
hand_neg,cluster_gate,AGRI,2016,development,0.5523,0.5523,0.5523,1,1,1,False,positive_cells_lt_5,,,m2_20260926T165115Z_1ffdde7
hand_acc_neg,cell_gate,AGRI,2016,development,0.79826495398773,0.7983,0.7983,1,1,1,False,positive_cells_lt_5,,,m2_20260926T165115Z_1ffdde7
hand_acc_neg,cluster_gate,AGRI,2016,development,0.7983,0.7983,0.7983,1,1,1,False,positive_cells_lt_5,,,m2_20260926T165115Z_1ffdde7
L1,cell_gate,AGRI,2016,development,0.8243865030674846,0.8244,0.8244,1,1,1,False,positive_cells_lt_5,,,m2_20260926T165115Z_1ffdde7
L1,cluster_gate,AGRI,2016,development,0.8244,0.8244,0.8244,1,1,1,False,positive_cells_lt_5,,,m2_20260926T165115Z_1ffdde7
z_sensitivity,cell_gate,AGRI,2016,development,0.966736963190184,0.9667,0.9667,1,1,1,False,positive_cells_lt_5,,,m2_20260926T165115Z_1ffdde7
z_sensitivity,cluster_gate,AGRI,2016,development,0.9667,0.9667,0.9667,1,1,1,False,positive_cells_lt_5,,,m2_20260926T165115Z_1ffdde7
rf_F1_wf,cell_gate,AGRI,2016,development,0.9999041411042944,0.9999,0.9999,1,1,1,False,positive_cells_lt_5,,,m2_20260926T165115Z_1ffdde7
rf_F1_wf,cluster_gate,AGRI,2016,development,0.9999,0.9999,0.9999,1,1,1,False,positive_cells_lt_5,,,m2_20260926T165115Z_1ffdde7
logit_F1_wf,cell_gate,AGRI,2016,development,0.9969325153374232,0.9969,0.9969,1,1,1,False,positive_cells_lt_5,,,m2_20260926T165115Z_1ffdde7
logit_F1_wf,cluster_gate,AGRI,2016,development,0.9969,0.9969,0.9969,1,1,1,False,positive_cells_lt_5,,,m2_20260926T165115Z_1ffdde7
slope_neg,object,AGRI,2016,development,0.8680874929893437,0.8680874929893437,0.8680874929893437,1,1,1,False,polygons_lt_3,,,m2_20260926T165115Z_1ffdde7
relelev_neg,object,AGRI,2016,development,0.6598990465507572,0.6598990465507572,0.6598990465507572,1,1,1,False,polygons_lt_3,,,m2_20260926T165115Z_1ffdde7
twi,object,AGRI,2016,development,0.9762759394279305,0.9762759394279305,0.9762759394279305,1,1,1,False,polygons_lt_3,,,m2_20260926T165115Z_1ffdde7
impervious,object,AGRI,2016,development,0.983510936623668,0.983510936623668,0.983510936623668,1,1,1,False,polygons_lt_3,,,m2_20260926T165115Z_1ffdde7
hand_neg,object,AGRI,2016,development,0.6246214245653393,0.6246214245653393,0.6246214245653393,1,1,1,False,polygons_lt_3,,,m2_20260926T165115Z_1ffdde7
hand_acc_neg,object,AGRI,2016,development,0.8258553000560851,0.8258553000560851,0.8258553000560851,1,1,1,False,polygons_lt_3,,,m2_20260926T165115Z_1ffdde7
L1,object,AGRI,2016,development,0.8049355019629837,0.8049355019629837,0.8049355019629837,1,1,1,False,polygons_lt_3,,,m2_20260926T165115Z_1ffdde7
z_sensitivity,object,AGRI,2016,development,0.9628715647784633,0.9628715647784633,0.9628715647784633,1,1,1,False,polygons_lt_3,,,m2_20260926T165115Z_1ffdde7
rf_F1_wf,object,AGRI,2016,development,1.0,1.0,1.0,1,1,1,False,auc_missing_or_boundary,,,m2_20260926T165115Z_1ffdde7
logit_F1_wf,object,AGRI,2016,development,0.9964105440269208,0.9964105440269208,0.9964105440269208,1,1,1,False,polygons_lt_3,,,m2_20260926T165115Z_1ffdde7
slope_neg,cell_gate,UNIVERSE,2016,development,0.8245689266046764,0.6325,0.913,132,132,6,True,,1.5476145149950988,0.46120002057483106,m2_20260926T165115Z_1ffdde7
slope_neg,cluster_gate,UNIVERSE,2016,development,0.7968,0.6672,0.9084,6,132,6,True,,1.3664129905660614,0.4078405034644053,m2_20260926T165115Z_1ffdde7
relelev_neg,cell_gate,UNIVERSE,2016,development,0.4017859829677109,0.3157,0.5322,132,132,6,True,,-0.39802901176107897,0.23025487557615146,m2_20260926T165115Z_1ffdde7
relelev_neg,cluster_gate,UNIVERSE,2016,development,0.4025,0.2961,0.5089,6,132,6,True,,-0.39505918694704756,0.22998964092385968,m2_20260926T165115Z_1ffdde7
twi,cell_gate,UNIVERSE,2016,development,0.7344557792422738,0.5739,0.8039,132,132,6,True,,1.0173484052100719,0.2839514027560992,m2_20260926T165115Z_1ffdde7
twi,cluster_gate,UNIVERSE,2016,development,0.7214,0.6089,0.8163,6,132,6,True,,0.9514167071237334,0.26755266465503197,m2_20260926T165115Z_1ffdde7
impervious,cell_gate,UNIVERSE,2016,development,0.7685301375221931,0.7162,0.7901,132,132,6,True,,1.2000300968733275,0.10200151717520999,m2_20260926T165115Z_1ffdde7
impervious,cluster_gate,UNIVERSE,2016,development,0.7342,0.6768,0.7831,6,132,6,True,,1.0160373247835888,0.1389616101560203,m2_20260926T165115Z_1ffdde7
hand_neg,cell_gate,UNIVERSE,2016,development,0.8054136198128253,0.7114,0.8466,132,132,6,True,,1.4204797803518094,0.20561250929522165,m2_20260926T165115Z_1ffdde7
hand_neg,cluster_gate,UNIVERSE,2016,development,0.7767,0.728,0.8219,6,132,6,True,,1.2465380165794893,0.13897565599553405,m2_20260926T165115Z_1ffdde7
hand_acc_neg,cell_gate,UNIVERSE,2016,development,0.8169728566699769,0.7557,0.8476,132,132,6,True,,1.4959714050876884,0.1496590483310051,m2_20260926T165115Z_1ffdde7
hand_acc_neg,cluster_gate,UNIVERSE,2016,development,0.8118,0.7621,0.8551,6,132,6,True,,1.4617487772535178,0.15585674361651194,m2_20260926T165115Z_1ffdde7
L1,cell_gate,UNIVERSE,2016,development,0.7502061328277813,0.648,0.8494,132,132,6,True,,1.09971196609989,0.2856285601650858,m2_20260926T165115Z_1ffdde7
L1,cluster_gate,UNIVERSE,2016,development,0.784,0.6676,0.8961,6,132,6,True,,1.289130612666243,0.37176014418463527,m2_20260926T165115Z_1ffdde7
z_sensitivity,cell_gate,UNIVERSE,2016,development,0.8443095302578917,0.7671,0.8861,132,132,6,True,,1.6906493015142263,0.21926447457830825,m2_20260926T165115Z_1ffdde7
z_sensitivity,cluster_gate,UNIVERSE,2016,development,0.8386,0.7738,0.9083,6,132,6,True,,1.6478480789008139,0.27121887724657545,m2_20260926T165115Z_1ffdde7
rf_F1_wf,cell_gate,UNIVERSE,2016,development,0.8295292798892601,0.7153,0.8757,132,132,6,True,,1.582294854825957,0.2630302228291014,m2_20260926T165115Z_1ffdde7
rf_F1_wf,cluster_gate,UNIVERSE,2016,development,0.8237,0.7253,0.9041,6,132,6,True,,1.5416192965433784,0.3246815330855332,m2_20260926T165115Z_1ffdde7
logit_F1_wf,cell_gate,UNIVERSE,2016,development,0.7068324757004002,0.5906,0.7634,132,132,6,True,,0.8800494859844317,0.20535196029969685,m2_20260926T165115Z_1ffdde7
logit_F1_wf,cluster_gate,UNIVERSE,2016,development,0.7055,0.6002,0.7996,6,132,6,True,,0.8736277682012273,0.24936624606011784,m2_20260926T165115Z_1ffdde7
slope_neg,object,UNIVERSE,2016,development,0.7931679978765962,0.6736490979273377,0.8908911881230706,20,132,6,True,,1.3441281704320374,0.35080758861928635,m2_20260926T165115Z_1ffdde7
relelev_neg,object,UNIVERSE,2016,development,0.4122851640754716,0.3473477579329211,0.4705698786997574,20,132,6,True,,-0.3545266016024231,0.13083435657905435,m2_20260926T165115Z_1ffdde7
twi,object,UNIVERSE,2016,development,0.7063999161411434,0.6022139192960482,0.7963555457215837,20,132,6,True,,0.8779629482136242,0.24208908996643588,m2_20260926T165115Z_1ffdde7
impervious,object,UNIVERSE,2016,development,0.7278499514302574,0.6709138410539559,0.7811673569000992,20,132,6,True,,0.9837413529332351,0.14290084884974447,m2_20260926T165115Z_1ffdde7
hand_neg,object,UNIVERSE,2016,development,0.7915147257799665,0.7417236899852453,0.8341749387939059,20,132,6,True,,1.3340800725474506,0.1430033795417894,m2_20260926T165115Z_1ffdde7
hand_acc_neg,object,UNIVERSE,2016,development,0.816079984944636,0.7631233613663314,0.8601788157971273,20,132,6,True,,1.490011408612727,0.1650274554750625,m2_20260926T165115Z_1ffdde7
L1,object,UNIVERSE,2016,development,0.7512889505240665,0.6683081320551401,0.8299751959502865,20,132,6,True,,1.105498553368151,0.22574613028323262,m2_20260926T165115Z_1ffdde7
z_sensitivity,object,UNIVERSE,2016,development,0.8422748418768793,0.7869718223742328,0.8963023944156996,20,132,6,True,,1.6752523637305876,0.2168485833730893,m2_20260926T165115Z_1ffdde7
rf_F1_wf,object,UNIVERSE,2016,development,0.8428646285372897,0.7716815199385124,0.9050476504977542,20,132,6,True,,1.679698689664365,0.26449006004255854,m2_20260926T165115Z_1ffdde7
logit_F1_wf,object,UNIVERSE,2016,development,0.7174910401679746,0.6240916063821311,0.8032757078381122,20,132,6,True,,0.932050193681933,0.22958154080197957,m2_20260926T165115Z_1ffdde7
slope_neg,cell_gate,ALL,2019,development,0.9131891249279496,0.7921,0.9244,56,56,3,True,,2.3532111031662133,0.2974692782128114,m2_20260926T165115Z_1ffdde7
slope_neg,cluster_gate,ALL,2019,development,0.8676,0.7921,0.9244,3,56,3,True,,1.879903135449812,0.2974692782128114,m2_20260926T165115Z_1ffdde7
relelev_neg,cell_gate,ALL,2019,development,0.526207177365531,0.5062,0.6818,56,56,3,True,,0.10492486541168233,0.18807870410261227,m2_20260926T165115Z_1ffdde7
relelev_neg,cluster_gate,ALL,2019,development,0.589,0.5062,0.6818,3,56,3,True,,0.359832969155352,0.18807870410261227,m2_20260926T165115Z_1ffdde7
twi,cell_gate,ALL,2019,development,0.8743526122091436,0.6104,0.8846,56,56,3,True,,1.9400042665503485,0.4050424690663271,m2_20260926T165115Z_1ffdde7
twi,cluster_gate,ALL,2019,development,0.7908,0.6104,0.8846,3,56,3,True,,1.3297543591056937,0.4050424690663271,m2_20260926T165115Z_1ffdde7
impervious,cell_gate,ALL,2019,development,0.9416982440539392,0.9155,0.9487,56,56,3,True,,2.78205267581252,0.13640124223918954,m2_20260926T165115Z_1ffdde7
impervious,cluster_gate,ALL,2019,development,0.9348,0.9155,0.9487,3,56,3,True,,2.662873133732095,0.13640124223918954,m2_20260926T165115Z_1ffdde7
hand_neg,cell_gate,ALL,2019,development,0.833115799343203,0.5308,0.8451,56,56,3,True,,1.60787248466631,0.4013642706853343,m2_20260926T165115Z_1ffdde7
hand_neg,cluster_gate,ALL,2019,development,0.7312,0.5308,0.8451,3,56,3,True,,1.0007194114909455,0.4013642706853343,m2_20260926T165115Z_1ffdde7
hand_acc_neg,cell_gate,ALL,2019,development,0.8878477383733276,0.6514,0.8989,56,56,3,True,,2.0689428356444064,0.39793152325775255,m2_20260926T165115Z_1ffdde7
hand_acc_neg,cluster_gate,ALL,2019,development,0.8069,0.6514,0.8989,3,56,3,True,,1.4299915554199918,0.39793152325775255,m2_20260926T165115Z_1ffdde7
L1,cell_gate,ALL,2019,development,0.9608919944331524,0.7978,0.9662,56,56,3,True,,3.2015348219380892,0.5051902566493122,m2_20260926T165115Z_1ffdde7
L1,cluster_gate,ALL,2019,development,0.9067,0.7978,0.9662,3,56,3,True,,2.273991526798712,0.5051902566493122,m2_20260926T165115Z_1ffdde7
z_sensitivity,cell_gate,ALL,2019,development,0.9719467660710494,0.8154,0.9771,56,56,3,True,,3.545197118636199,0.5785730350055197,m2_20260926T165115Z_1ffdde7
z_sensitivity,cluster_gate,ALL,2019,development,0.9222,0.8154,0.9771,3,56,3,True,,2.47262068858826,0.5785730350055197,m2_20260926T165115Z_1ffdde7
rf_F1_wf,cell_gate,ALL,2019,development,0.971727415018354,0.7886,0.9761,56,56,3,True,,3.5371827213419715,0.6105161758361781,m2_20260926T165115Z_1ffdde7
rf_F1_wf,cluster_gate,ALL,2019,development,0.9121,0.7886,0.9761,3,56,3,True,,2.339549828494982,0.6105161758361781,m2_20260926T165115Z_1ffdde7
logit_F1_wf,cell_gate,ALL,2019,development,0.9723724327276037,0.7837,0.9777,56,56,3,True,,3.5609248038579633,0.6360464413153086,m2_20260926T165115Z_1ffdde7
logit_F1_wf,cluster_gate,ALL,2019,development,0.9103,0.7837,0.9777,3,56,3,True,,2.317303446446493,0.6360464413153086,m2_20260926T165115Z_1ffdde7
slope_neg,object,ALL,2019,development,0.8795802700696598,0.8379386656266077,0.9274797813225432,7,56,3,True,,1.9884614385550896,0.23103372444037773,m2_20260926T165115Z_1ffdde7
relelev_neg,object,ALL,2019,development,0.5903595700589259,0.5283840581692958,0.6466712018463657,7,56,3,True,,0.36545201727897725,0.12520140346332959,m2_20260926T165115Z_1ffdde7
twi,object,ALL,2019,development,0.8165237912359886,0.7245222575059804,0.8948364183675342,7,56,3,True,,1.4929710434814483,0.29952545894706306,m2_20260926T165115Z_1ffdde7
impervious,object,ALL,2019,development,0.9386460014541972,0.9195244346793822,0.9561163187552746,7,56,3,True,,2.7277780678674746,0.1646545656267872,m2_20260926T165115Z_1ffdde7
hand_neg,object,ALL,2019,development,0.7283186652875268,0.631659262608769,0.8554544745669678,7,56,3,True,,0.9861088635436135,0.31599985844987044,m2_20260926T165115Z_1ffdde7
hand_acc_neg,object,ALL,2019,development,0.8107579038738612,0.734500382447646,0.9056233784795688,7,56,3,True,,1.4549423667315313,0.31728976327763353,m2_20260926T165115Z_1ffdde7
L1,object,ALL,2019,development,0.9075982682132838,0.8528448999256634,0.9630926809654144,7,56,3,True,,2.284656124056721,0.38384613513732435,m2_20260926T165115Z_1ffdde7
z_sensitivity,object,ALL,2019,development,0.923337503988858,0.8719736694427297,0.9759789866739136,7,56,3,True,,2.4885822085378257,0.4556177537134977,m2_20260926T165115Z_1ffdde7
rf_F1_wf,object,ALL,2019,development,0.9132502124893644,0.8581910502736322,0.9777496420962298,7,56,3,True,,2.3539819289703376,0.5057617263391689,m2_20260926T165115Z_1ffdde7
logit_F1_wf,object,ALL,2019,development,0.9168689560306554,0.8583790549889388,0.9797767119305932,7,56,3,True,,2.400546351214114,0.530264381936835,m2_20260926T165115Z_1ffdde7
slope_neg,cell_gate,FLAT,2019,development,0.7284520540869157,0.3154,0.751,55,55,3,True,,0.9867830887533402,0.4793317177477389,m2_20260926T165115Z_1ffdde7
slope_neg,cluster_gate,FLAT,2019,development,0.5834,0.3154,0.751,3,55,3,True,,0.3367465286067496,0.4793317177477389,m2_20260926T165115Z_1ffdde7
relelev_neg,cell_gate,FLAT,2019,development,0.496282815920912,0.4626,0.7653,55,55,3,True,,-0.014869010256278847,0.3397612833318192,m2_20260926T165115Z_1ffdde7
relelev_neg,cluster_gate,FLAT,2019,development,0.6065,0.4626,0.7653,3,55,3,True,,0.432623660526647,0.3397612833318192,m2_20260926T165115Z_1ffdde7
twi,cell_gate,FLAT,2019,development,0.6586297875383936,0.1006,0.7328,55,55,3,True,,0.657194042076722,0.8162014745182206,m2_20260926T165115Z_1ffdde7
twi,cluster_gate,FLAT,2019,development,0.4947,0.1006,0.7328,3,55,3,True,,-0.021200794064200057,0.8162014745182206,m2_20260926T165115Z_1ffdde7
impervious,cell_gate,FLAT,2019,development,0.8343832573737727,0.7533,0.8563,55,55,3,True,,1.617016498361578,0.17056498561317449,m2_20260926T165115Z_1ffdde7
impervious,cluster_gate,FLAT,2019,development,0.8132,0.7533,0.8563,3,55,3,True,,1.4709385559594494,0.17056498561317449,m2_20260926T165115Z_1ffdde7
hand_neg,cell_gate,FLAT,2019,development,0.5513269413396167,0.0539,0.5752,55,55,3,True,,0.206033525069666,0.80825901783549,m2_20260926T165115Z_1ffdde7
hand_neg,cluster_gate,FLAT,2019,development,0.3795,0.0539,0.5752,3,55,3,True,,-0.49167100780897727,0.80825901783549,m2_20260926T165115Z_1ffdde7
hand_acc_neg,cell_gate,FLAT,2019,development,0.66764758472438,0.1197,0.6925,55,55,3,True,,0.6975645688194494,0.7161119589084183,m2_20260926T165115Z_1ffdde7
hand_acc_neg,cluster_gate,FLAT,2019,development,0.4795,0.1197,0.6925,3,55,3,True,,-0.08204599373153065,0.7161119589084183,m2_20260926T165115Z_1ffdde7
L1,cell_gate,FLAT,2019,development,0.8867957515625683,0.562,0.8981,55,55,3,True,,2.058420991549466,0.49159233438240757,m2_20260926T165115Z_1ffdde7
L1,cluster_gate,FLAT,2019,development,0.7781,0.562,0.8981,3,55,3,True,,1.2546282206843364,0.49159233438240757,m2_20260926T165115Z_1ffdde7
z_sensitivity,cell_gate,FLAT,2019,development,0.9159117730034292,0.5062,0.934,55,55,3,True,,2.3880534733239607,0.6696603727691682,m2_20260926T165115Z_1ffdde7
z_sensitivity,cluster_gate,FLAT,2019,development,0.7869,0.5062,0.934,3,55,3,True,,1.3063396364363666,0.6696603727691682,m2_20260926T165115Z_1ffdde7
rf_F1_wf,cell_gate,FLAT,2019,development,0.913008356213916,0.3407,0.9266,55,55,3,True,,2.350932967426908,0.8152635466830696,m2_20260926T165115Z_1ffdde7
rf_F1_wf,cluster_gate,FLAT,2019,development,0.73,0.3407,0.9266,3,55,3,True,,0.994622575144062,0.8152635466830696,m2_20260926T165115Z_1ffdde7
logit_F1_wf,cell_gate,FLAT,2019,development,0.9204367641624516,0.2957,0.9502,55,55,3,True,,2.448296176220603,0.9736190332371777,m2_20260926T165115Z_1ffdde7
logit_F1_wf,cluster_gate,FLAT,2019,development,0.7243,0.2957,0.9502,3,55,3,True,,0.9658923531715297,0.9736190332371777,m2_20260926T165115Z_1ffdde7
slope_neg,object,FLAT,2019,development,0.5795963935223164,0.4364576116088242,0.748294522538035,7,55,3,True,,0.3211167704234623,0.34314106974301595,m2_20260926T165115Z_1ffdde7
relelev_neg,object,FLAT,2019,development,0.6027474511101483,0.4928646318533916,0.7021085073552495,7,55,3,True,,0.4169260665512525,0.2259995787539198,m2_20260926T165115Z_1ffdde7
twi,object,FLAT,2019,development,0.515658849098434,0.3159204237495527,0.6921697968088776,7,55,3,True,,0.0626558860145695,0.40379998270485495,m2_20260926T165115Z_1ffdde7
impervious,object,FLAT,2019,development,0.811821613902037,0.7584092120776579,0.8624689348739353,7,55,3,True,,1.4618902535461622,0.17652659811063506,m2_20260926T165115Z_1ffdde7
hand_neg,object,FLAT,2019,development,0.3711192839618198,0.1967609381672353,0.5872118109529021,7,55,3,True,,-0.5274180670339157,0.4487617893902129,m2_20260926T165115Z_1ffdde7
hand_acc_neg,object,FLAT,2019,development,0.4689612650004217,0.2799726007862336,0.7002325775930807,7,55,3,True,,-0.12431479143187651,0.4574071651483977,m2_20260926T165115Z_1ffdde7
L1,object,FLAT,2019,development,0.7636614427131543,0.6479386771789543,0.8822051399694808,7,55,3,True,,1.1728592113465615,0.3580395616650902,m2_20260926T165115Z_1ffdde7
z_sensitivity,object,FLAT,2019,development,0.7742426716408736,0.6319469248626517,0.9210278147194774,7,55,3,True,,1.2324246996538555,0.4887376219090233,m2_20260926T165115Z_1ffdde7
rf_F1_wf,object,FLAT,2019,development,0.709770931357231,0.5287943555772864,0.923838641140366,7,55,3,True,,0.8942717830355373,0.6072504924852661,m2_20260926T165115Z_1ffdde7
logit_F1_wf,object,FLAT,2019,development,0.713008431601702,0.5079762075821262,0.9322980577401654,7,55,3,True,,0.9100404089477843,0.6608871853250947,m2_20260926T165115Z_1ffdde7
slope_neg,cell_gate,URBAN,2019,development,0.7756626084693521,0.4004,0.8064,51,51,3,True,,1.2405665118918072,0.46699440798438685,m2_20260926T165115Z_1ffdde7
slope_neg,cluster_gate,URBAN,2019,development,0.6413,0.4004,0.8064,3,51,3,True,,0.5810109816165803,0.46699440798438685,m2_20260926T165115Z_1ffdde7
relelev_neg,cell_gate,URBAN,2019,development,0.4344995567700327,0.3848,0.7601,51,51,3,True,,-0.26351615472712997,0.41389830270451894,m2_20260926T165115Z_1ffdde7
relelev_neg,cluster_gate,URBAN,2019,development,0.5652,0.3848,0.7601,3,51,3,True,,0.26229349556331805,0.41389830270451894,m2_20260926T165115Z_1ffdde7
twi,cell_gate,URBAN,2019,development,0.7063072844235164,0.1521,0.735,51,51,3,True,,0.8775163542216922,0.6985753819639544,m2_20260926T165115Z_1ffdde7
twi,cluster_gate,URBAN,2019,development,0.5328,0.1521,0.735,3,51,3,True,,0.13138868771216228,0.6985753819639544,m2_20260926T165115Z_1ffdde7
impervious,cell_gate,URBAN,2019,development,0.617983547628923,0.3402,0.632,51,51,3,True,,0.4809981584302848,0.3069468480802222,m2_20260926T165115Z_1ffdde7
impervious,cluster_gate,URBAN,2019,development,0.5239,0.3402,0.632,3,51,3,True,,0.09567291021370106,0.3069468480802222,m2_20260926T165115Z_1ffdde7
hand_neg,cell_gate,URBAN,2019,development,0.711536584770781,0.0594,0.7499,51,51,3,True,,0.9028585678122985,0.9847892104180728,m2_20260926T165115Z_1ffdde7
hand_neg,cluster_gate,URBAN,2019,development,0.4873,0.0594,0.7499,3,51,3,True,,-0.050810928940194344,0.9847892104180728,m2_20260926T165115Z_1ffdde7
hand_acc_neg,cell_gate,URBAN,2019,development,0.8169999024080806,0.1949,0.8497,51,51,3,True,,1.4961522892779864,0.8037724062522432,m2_20260926T165115Z_1ffdde7
hand_acc_neg,cluster_gate,URBAN,2019,development,0.6055,0.1949,0.8497,3,51,3,True,,0.42843542270721824,0.8037724062522432,m2_20260926T165115Z_1ffdde7
L1,cell_gate,URBAN,2019,development,0.7638661852131977,0.2473,0.7937,51,51,3,True,,1.1739939674377813,0.6276744682403262,m2_20260926T165115Z_1ffdde7
L1,cluster_gate,URBAN,2019,development,0.5866,0.2473,0.7937,3,51,3,True,,0.34992750929568284,0.6276744682403262,m2_20260926T165115Z_1ffdde7
z_sensitivity,cell_gate,URBAN,2019,development,0.8322496563951172,0.1872,0.8478,51,51,3,True,,1.6016556394275272,0.8127080016266932,m2_20260926T165115Z_1ffdde7
z_sensitivity,cluster_gate,URBAN,2019,development,0.6264,0.1872,0.8478,3,51,3,True,,0.5168034383219056,0.8127080016266932,m2_20260926T165115Z_1ffdde7
rf_F1_wf,cell_gate,URBAN,2019,development,0.8636529062060329,0.259,0.8839,51,51,3,True,,1.84596716440573,0.7860003125727438,m2_20260926T165115Z_1ffdde7
rf_F1_wf,cluster_gate,URBAN,2019,development,0.6651,0.259,0.8839,3,51,3,True,,0.6861054254902168,0.7860003125727438,m2_20260926T165115Z_1ffdde7
logit_F1_wf,cell_gate,URBAN,2019,development,0.8577048820357674,0.2619,0.8765,51,51,3,True,,1.7963568835332682,0.7642518273769775,m2_20260926T165115Z_1ffdde7
logit_F1_wf,cluster_gate,URBAN,2019,development,0.6628,0.2619,0.8765,3,51,3,True,,0.6757970594247072,0.7642518273769775,m2_20260926T165115Z_1ffdde7
slope_neg,object,URBAN,2019,development,0.6371131045390666,0.4994693917682066,0.8000388990306652,7,51,3,True,,0.5628559949960728,0.3542564920767879,m2_20260926T165115Z_1ffdde7
relelev_neg,object,URBAN,2019,development,0.5697700214987546,0.4307427571001254,0.6967001876179687,7,51,3,True,,0.280912908918579,0.2832844766000327,m2_20260926T165115Z_1ffdde7
twi,object,URBAN,2019,development,0.5611952287517968,0.3621208890133919,0.7276604737272608,7,51,3,True,,0.24601424458177035,0.3951490189889148,m2_20260926T165115Z_1ffdde7
impervious,object,URBAN,2019,development,0.5502083336921055,0.4417985616735372,0.6635726157310123,7,51,3,True,,0.20151248323203175,0.23294352146479344,m2_20260926T165115Z_1ffdde7
hand_neg,object,URBAN,2019,development,0.4530143291906045,0.2349298659838106,0.7225703158876485,7,51,3,True,,-0.1884988493678761,0.545399743502608,m2_20260926T165115Z_1ffdde7
hand_acc_neg,object,URBAN,2019,development,0.5734522179797493,0.3699684223075857,0.8276964505043315,7,51,3,True,,0.2959502230560095,0.5361682762163823,m2_20260926T165115Z_1ffdde7
L1,object,URBAN,2019,development,0.580676002453207,0.4084789982322168,0.7603436871896857,7,51,3,True,,0.3255490613761465,0.3889921916159684,m2_20260926T165115Z_1ffdde7
z_sensitivity,object,URBAN,2019,development,0.6153498531663597,0.3991377039783953,0.8455187852798182,7,51,3,True,,0.46985676136224985,0.5380040665877517,m2_20260926T165115Z_1ffdde7
rf_F1_wf,object,URBAN,2019,development,0.6450100714090512,0.4459932955014977,0.8714492387162247,7,51,3,True,,0.5971765123549089,0.543557597912891,m2_20260926T165115Z_1ffdde7
logit_F1_wf,object,URBAN,2019,development,0.6514202124064725,0.451183689370096,0.8777674014924075,7,51,3,True,,0.6252877717931176,0.5529043208839535,m2_20260926T165115Z_1ffdde7
slope_neg,cell_gate,AGRI,2019,development,,,,0,0,0,False,auc_missing_or_boundary,,,m2_20260926T165115Z_1ffdde7
slope_neg,cluster_gate,AGRI,2019,development,,,,0,0,0,False,auc_missing_or_boundary,,,m2_20260926T165115Z_1ffdde7
relelev_neg,cell_gate,AGRI,2019,development,,,,0,0,0,False,auc_missing_or_boundary,,,m2_20260926T165115Z_1ffdde7
relelev_neg,cluster_gate,AGRI,2019,development,,,,0,0,0,False,auc_missing_or_boundary,,,m2_20260926T165115Z_1ffdde7
twi,cell_gate,AGRI,2019,development,,,,0,0,0,False,auc_missing_or_boundary,,,m2_20260926T165115Z_1ffdde7
twi,cluster_gate,AGRI,2019,development,,,,0,0,0,False,auc_missing_or_boundary,,,m2_20260926T165115Z_1ffdde7
impervious,cell_gate,AGRI,2019,development,,,,0,0,0,False,auc_missing_or_boundary,,,m2_20260926T165115Z_1ffdde7
impervious,cluster_gate,AGRI,2019,development,,,,0,0,0,False,auc_missing_or_boundary,,,m2_20260926T165115Z_1ffdde7
hand_neg,cell_gate,AGRI,2019,development,,,,0,0,0,False,auc_missing_or_boundary,,,m2_20260926T165115Z_1ffdde7
hand_neg,cluster_gate,AGRI,2019,development,,,,0,0,0,False,auc_missing_or_boundary,,,m2_20260926T165115Z_1ffdde7
hand_acc_neg,cell_gate,AGRI,2019,development,,,,0,0,0,False,auc_missing_or_boundary,,,m2_20260926T165115Z_1ffdde7
hand_acc_neg,cluster_gate,AGRI,2019,development,,,,0,0,0,False,auc_missing_or_boundary,,,m2_20260926T165115Z_1ffdde7
L1,cell_gate,AGRI,2019,development,,,,0,0,0,False,auc_missing_or_boundary,,,m2_20260926T165115Z_1ffdde7
L1,cluster_gate,AGRI,2019,development,,,,0,0,0,False,auc_missing_or_boundary,,,m2_20260926T165115Z_1ffdde7
z_sensitivity,cell_gate,AGRI,2019,development,,,,0,0,0,False,auc_missing_or_boundary,,,m2_20260926T165115Z_1ffdde7
z_sensitivity,cluster_gate,AGRI,2019,development,,,,0,0,0,False,auc_missing_or_boundary,,,m2_20260926T165115Z_1ffdde7
rf_F1_wf,cell_gate,AGRI,2019,development,,,,0,0,0,False,auc_missing_or_boundary,,,m2_20260926T165115Z_1ffdde7
rf_F1_wf,cluster_gate,AGRI,2019,development,,,,0,0,0,False,auc_missing_or_boundary,,,m2_20260926T165115Z_1ffdde7
logit_F1_wf,cell_gate,AGRI,2019,development,,,,0,0,0,False,auc_missing_or_boundary,,,m2_20260926T165115Z_1ffdde7
logit_F1_wf,cluster_gate,AGRI,2019,development,,,,0,0,0,False,auc_missing_or_boundary,,,m2_20260926T165115Z_1ffdde7
slope_neg,object,AGRI,2019,development,0.7687044307347167,0.7687044307347167,0.7687044307347167,1,0,0,False,polygons_lt_3,,,m2_20260926T165115Z_1ffdde7
relelev_neg,object,AGRI,2019,development,0.4357823892316321,0.4357823892316321,0.4357823892316321,1,0,0,False,polygons_lt_3,,,m2_20260926T165115Z_1ffdde7
twi,object,AGRI,2019,development,0.4687605159842961,0.4687605159842961,0.4687605159842961,1,0,0,False,polygons_lt_3,,,m2_20260926T165115Z_1ffdde7
impervious,object,AGRI,2019,development,0.9005047672462142,0.9005047672462142,0.9005047672462142,1,0,0,False,polygons_lt_3,,,m2_20260926T165115Z_1ffdde7
hand_neg,object,AGRI,2019,development,0.5913628715647785,0.5913628715647785,0.5913628715647785,1,0,0,False,polygons_lt_3,,,m2_20260926T165115Z_1ffdde7
hand_acc_neg,object,AGRI,2019,development,0.6383623107122827,0.6383623107122827,0.6383623107122827,1,0,0,False,polygons_lt_3,,,m2_20260926T165115Z_1ffdde7
L1,object,AGRI,2019,development,0.9481772293886708,0.9481772293886708,0.9481772293886708,1,0,0,False,polygons_lt_3,,,m2_20260926T165115Z_1ffdde7
z_sensitivity,object,AGRI,2019,development,0.9385305664610208,0.9385305664610208,0.9385305664610208,1,0,0,False,polygons_lt_3,,,m2_20260926T165115Z_1ffdde7
rf_F1_wf,object,AGRI,2019,development,0.9970835670218732,0.9970835670218732,0.9970835670218732,1,0,0,False,polygons_lt_3,,,m2_20260926T165115Z_1ffdde7
logit_F1_wf,object,AGRI,2019,development,0.904206393718452,0.904206393718452,0.904206393718452,1,0,0,False,polygons_lt_3,,,m2_20260926T165115Z_1ffdde7
slope_neg,cell_gate,UNIVERSE,2019,development,0.8825581793585286,0.7855,0.9078,46,46,4,True,,2.0168816447698195,0.2523141363651933,m2_20260926T165115Z_1ffdde7
slope_neg,cluster_gate,UNIVERSE,2019,development,0.8295,0.7005,0.9294,4,46,4,True,,1.5820878129069278,0.44078083514774247,m2_20260926T165115Z_1ffdde7
relelev_neg,cell_gate,UNIVERSE,2019,development,0.3248625785571176,0.2844,0.5309,46,46,4,True,,-0.7315139997733777,0.2669685198848882,m2_20260926T165115Z_1ffdde7
relelev_neg,cluster_gate,UNIVERSE,2019,development,0.4403,0.3256,0.5567,4,46,4,True,,-0.23994461313560567,0.24386507444473374,m2_20260926T165115Z_1ffdde7
twi,cell_gate,UNIVERSE,2019,development,0.775180017809134,0.5903,0.7993,46,46,4,True,,1.237795280605757,0.25937195763687887,m2_20260926T165115Z_1ffdde7
twi,cluster_gate,UNIVERSE,2019,development,0.6883,0.4183,0.8576,4,46,4,True,,0.7921836026310273,0.5421665348371082,m2_20260926T165115Z_1ffdde7
impervious,cell_gate,UNIVERSE,2019,development,0.7887712553727075,0.7203,0.8111,46,46,4,True,,1.31753471764079,0.13041652523053915,m2_20260926T165115Z_1ffdde7
impervious,cluster_gate,UNIVERSE,2019,development,0.7632,0.6644,0.8487,4,46,4,True,,1.1703042171242262,0.2656877246853177,m2_20260926T165115Z_1ffdde7
hand_neg,cell_gate,UNIVERSE,2019,development,0.7431310683768002,0.4313,0.7717,46,46,4,True,,1.0623064723158329,0.38125304402914223,m2_20260926T165115Z_1ffdde7
hand_neg,cluster_gate,UNIVERSE,2019,development,0.5868,0.2724,0.7608,4,46,4,True,,0.3507523090233431,0.5458136931086016,m2_20260926T165115Z_1ffdde7
hand_acc_neg,cell_gate,UNIVERSE,2019,development,0.8518545473226364,0.5645,0.8744,46,46,4,True,,1.7492212136458818,0.428831883848506,m2_20260926T165115Z_1ffdde7
hand_acc_neg,cluster_gate,UNIVERSE,2019,development,0.7091,0.4452,0.8603,4,46,4,True,,0.8910169948087948,0.5198738304576297,m2_20260926T165115Z_1ffdde7
L1,cell_gate,UNIVERSE,2019,development,0.8639998630066613,0.6731,0.8845,46,46,4,True,,1.8489167172074323,0.3350858486972993,m2_20260926T165115Z_1ffdde7
L1,cluster_gate,UNIVERSE,2019,development,0.7667,0.575,0.8771,4,46,4,True,,1.1897704115374648,0.4242346123780084,m2_20260926T165115Z_1ffdde7
z_sensitivity,cell_gate,UNIVERSE,2019,development,0.8939885610562186,0.692,0.9064,46,46,4,True,,2.1321459769988405,0.3727017856220967,m2_20260926T165115Z_1ffdde7
z_sensitivity,cluster_gate,UNIVERSE,2019,development,0.797,0.5665,0.9225,4,46,4,True,,1.3676486997484278,0.5635879467005502,m2_20260926T165115Z_1ffdde7
rf_F1_wf,cell_gate,UNIVERSE,2019,development,0.9271912512629074,0.7473,0.9405,46,46,4,True,,2.5443237333861517,0.42760266333178404,m2_20260926T165115Z_1ffdde7
rf_F1_wf,cluster_gate,UNIVERSE,2019,development,0.8394,0.6213,0.9654,4,46,4,True,,1.6537705493868293,0.7228753031565993,m2_20260926T165115Z_1ffdde7
logit_F1_wf,cell_gate,UNIVERSE,2019,development,0.9230825213623988,0.7475,0.9389,46,46,4,True,,2.484985494938485,0.4201286522425557,m2_20260926T165115Z_1ffdde7
logit_F1_wf,cluster_gate,UNIVERSE,2019,development,0.8358,0.629,0.9544,4,46,4,True,,1.627304152995487,0.6411459547202205,m2_20260926T165115Z_1ffdde7
slope_neg,object,UNIVERSE,2019,development,0.7994558671931626,0.7101278516593886,0.9050417896991164,7,46,4,True,,1.382896993966581,0.346572477340794,m2_20260926T165115Z_1ffdde7
relelev_neg,object,UNIVERSE,2019,development,0.4315414869603916,0.3102317498127568,0.5410910459226873,7,46,4,True,,-0.27556468253178723,0.24586467011689275,m2_20260926T165115Z_1ffdde7
twi,object,UNIVERSE,2019,development,0.6521419182561553,0.4845969601561042,0.7922781445423644,7,46,4,True,,0.6284676187618714,0.35723723577062133,m2_20260926T165115Z_1ffdde7
impervious,object,UNIVERSE,2019,development,0.7506829415139682,0.6890928740740846,0.8085026975874315,7,46,4,True,,1.1022579671570576,0.16439803956849386,m2_20260926T165115Z_1ffdde7
hand_neg,object,UNIVERSE,2019,development,0.4987141669317236,0.2967620670250006,0.7685917687193143,7,46,4,True,,-0.00514334361156954,0.5263211953883413,m2_20260926T165115Z_1ffdde7
hand_acc_neg,object,UNIVERSE,2019,development,0.6498816360239711,0.4803115179258512,0.8718470136731951,7,46,4,True,,0.6185189677818885,0.5092399389402973,m2_20260926T165115Z_1ffdde7
L1,object,UNIVERSE,2019,development,0.7324253440823228,0.6014568520552362,0.8652219840734824,7,46,4,True,,1.0069628014144587,0.36934810669117557,m2_20260926T165115Z_1ffdde7
z_sensitivity,object,UNIVERSE,2019,development,0.7504026322647029,0.6046912395862212,0.9057667658763372,7,46,4,True,,1.1007608149939379,0.4688754698785008,m2_20260926T165115Z_1ffdde7
rf_F1_wf,object,UNIVERSE,2019,development,0.7872894086730148,0.652458689891946,0.93302222555677,7,46,4,True,,1.3086634017396035,0.5112858980094824,m2_20260926T165115Z_1ffdde7
logit_F1_wf,object,UNIVERSE,2019,development,0.795983328923307,0.6621254043124364,0.9412918346535056,7,46,4,True,,1.3613765305919574,0.5362073634657862,m2_20260926T165115Z_1ffdde7
slope_neg,cell_gate,ALL,2025,development,0.952440464344942,0.9394,0.9624,25,25,14,True,,2.997045291998045,0.12793082875568176,m2_20260926T165115Z_1ffdde7
slope_neg,cluster_gate,ALL,2025,development,0.9496,0.9348,0.9619,14,25,14,True,,2.936049668218135,0.144345274647126,m2_20260926T165115Z_1ffdde7
relelev_neg,cell_gate,ALL,2025,development,0.4039546268656716,0.3901,0.4217,25,25,14,True,,-0.3890142316721642,0.03344277992151608,m2_20260926T165115Z_1ffdde7
relelev_neg,cluster_gate,ALL,2025,development,0.4045,0.3912,0.4192,14,25,14,True,,-0.38674965229680824,0.029646600345651707,m2_20260926T165115Z_1ffdde7
twi,cell_gate,ALL,2025,development,0.9097610613598672,0.8938,0.9223,25,25,14,True,,2.3107209689419332,0.08772032748786755,m2_20260926T165115Z_1ffdde7
twi,cluster_gate,ALL,2025,development,0.9142,0.9034,0.9241,14,25,14,True,,2.3660303594037275,0.0673014725197335,m2_20260926T165115Z_1ffdde7
impervious,cell_gate,ALL,2025,development,0.4106801990049751,0.3581,0.4815,25,25,14,True,,-0.36115418514838094,0.12999893337364787,m2_20260926T165115Z_1ffdde7
impervious,cluster_gate,ALL,2025,development,0.4387,0.3581,0.5396,14,25,14,True,,-0.2464397137759854,0.1893791683558479,m2_20260926T165115Z_1ffdde7
hand_neg,cell_gate,ALL,2025,development,0.9174580431177446,0.8877,0.9416,25,25,14,True,,2.4083001169777716,0.18184126989182495,m2_20260926T165115Z_1ffdde7
hand_neg,cluster_gate,ALL,2025,development,0.91,0.8702,0.9414,14,25,14,True,,2.313634929180631,0.2229390879783348,m2_20260926T165115Z_1ffdde7
hand_acc_neg,cell_gate,ALL,2025,development,0.9271676285240464,0.9013,0.9494,25,25,14,True,,2.5439738587620155,0.18370883760648857,m2_20260926T165115Z_1ffdde7
hand_acc_neg,cluster_gate,ALL,2025,development,0.9261,0.8929,0.9494,14,25,14,True,,2.5282693922220676,0.20693416337052922,m2_20260926T165115Z_1ffdde7
L1,cell_gate,ALL,2025,development,0.3648270646766169,0.3156,0.436,25,25,14,True,,-0.5544738550076211,0.13180215273663265,m2_20260926T165115Z_1ffdde7
L1,cluster_gate,ALL,2025,development,0.3806,0.3219,0.4523,14,25,14,True,,-0.4870023126770533,0.1412454056417486,m2_20260926T165115Z_1ffdde7
z_sensitivity,cell_gate,ALL,2025,development,0.7237057379767827,0.6962,0.7637,25,25,14,True,,0.9629184059924873,0.08770708931329958,m2_20260926T165115Z_1ffdde7
z_sensitivity,cluster_gate,ALL,2025,development,0.7319,0.701,0.7703,14,25,14,True,,1.0042838473652678,0.09131331719443873,m2_20260926T165115Z_1ffdde7
rf_F1_wf,cell_gate,ALL,2025,development,0.85457592039801,0.8347,0.8765,25,25,14,True,,1.7709511855989148,0.08683454822345182,m2_20260926T165115Z_1ffdde7
rf_F1_wf,cluster_gate,ALL,2025,development,0.856,0.837,0.8751,14,25,14,True,,1.7824570765657413,0.07927464003897626,m2_20260926T165115Z_1ffdde7
logit_F1_wf,cell_gate,ALL,2025,development,0.8527352570480928,0.8339,0.8793,25,25,14,True,,1.756217192999768,0.09497484054410997,m2_20260926T165115Z_1ffdde7
logit_F1_wf,cluster_gate,ALL,2025,development,0.8535,0.8358,0.876,14,25,14,True,,1.7623201137773736,0.08361897844076663,m2_20260926T165115Z_1ffdde7
slope_neg,object,ALL,2025,development,0.9532667075046692,0.9344731813870264,0.9664762576314272,18,25,14,True,,3.0154379133903952,0.17956436918127158,m2_20260926T165115Z_1ffdde7
relelev_neg,object,ALL,2025,development,0.4072853721312313,0.3977245838199885,0.4183873803864363,18,25,14,True,,-0.37519894877219173,0.021826473508302184,m2_20260926T165115Z_1ffdde7
twi,object,ALL,2025,development,0.9102630620153483,0.8831462175656775,0.9281580724256234,18,25,14,True,,2.3168511578720485,0.1367796693731721,m2_20260926T165115Z_1ffdde7
impervious,object,ALL,2025,development,0.4422275471466484,0.375282806829891,0.5149379788649067,18,25,14,True,,-0.2321265264705683,0.14525493076397472,m2_20260926T165115Z_1ffdde7
hand_neg,object,ALL,2025,development,0.919358615907973,0.8931953834617063,0.942138659069105,18,25,14,True,,2.4336643022792526,0.16997730339352263,m2_20260926T165115Z_1ffdde7
hand_acc_neg,object,ALL,2025,development,0.9306777611848824,0.9086425996460424,0.9493042570201912,18,25,14,True,,2.597147335047569,0.1614098196314635,m2_20260926T165115Z_1ffdde7
L1,object,ALL,2025,development,0.35980076796506,0.3148512562915118,0.4177835258956685,18,25,14,True,,-0.57622897202828,0.11369002894659766,m2_20260926T165115Z_1ffdde7
z_sensitivity,object,ALL,2025,development,0.7285165930514682,0.7040538963901689,0.7590145015606604,18,25,14,True,,0.9871093810907834,0.07158462376947537,m2_20260926T165115Z_1ffdde7
rf_F1_wf,object,ALL,2025,development,0.8559792627169517,0.8355955079941585,0.87693949344774,18,25,14,True,,1.7822888519325684,0.08621255145631329,m2_20260926T165115Z_1ffdde7
logit_F1_wf,object,ALL,2025,development,0.8569485271247775,0.839999258141528,0.8753933529422404,18,25,14,True,,1.7901733394261963,0.07430973857741037,m2_20260926T165115Z_1ffdde7
slope_neg,cell_gate,FLAT,2025,development,0.8435200139683094,0.8007,0.8762,25,25,14,True,,1.6846555119728581,0.14445466899799836,m2_20260926T165115Z_1ffdde7
slope_neg,cluster_gate,FLAT,2025,development,0.834,0.7856,0.8746,14,25,14,True,,1.6142456140022032,0.16420038531663073,m2_20260926T165115Z_1ffdde7
relelev_neg,cell_gate,FLAT,2025,development,0.2167759395870618,0.1807,0.2622,25,25,14,True,,-1.284554527751944,0.12169787544044058,m2_20260926T165115Z_1ffdde7
relelev_neg,cluster_gate,FLAT,2025,development,0.2185,0.184,0.2566,14,25,14,True,,-1.2744291353258865,0.10861495288481529,m2_20260926T165115Z_1ffdde7
twi,cell_gate,FLAT,2025,development,0.7168937971976079,0.6692,0.7547,25,25,14,True,,0.9291056063999741,0.1069584353004417,m2_20260926T165115Z_1ffdde7
twi,cluster_gate,FLAT,2025,development,0.7304,0.6977,0.7602,14,25,14,True,,0.9966529502426069,0.08097266258605312,m2_20260926T165115Z_1ffdde7
impervious,cell_gate,FLAT,2025,development,0.2569339560871273,0.2188,0.312,25,25,14,True,,-1.06196585727647,0.12293273808394015,m2_20260926T165115Z_1ffdde7
impervious,cluster_gate,FLAT,2025,development,0.2786,0.2188,0.3548,14,25,14,True,,-0.9514167071237332,0.17211209949793868,m2_20260926T165115Z_1ffdde7
hand_neg,cell_gate,FLAT,2025,development,0.7832450128770352,0.6992,0.8515,25,25,14,True,,1.2846779385576257,0.2303418115629909,m2_20260926T165115Z_1ffdde7
hand_neg,cluster_gate,FLAT,2025,development,0.7614,0.647,0.8502,14,25,14,True,,1.1603703342845813,0.2883451727147968,m2_20260926T165115Z_1ffdde7
hand_acc_neg,cell_gate,FLAT,2025,development,0.7804365096686892,0.703,0.8478,25,25,14,True,,1.2682119504392515,0.21832660376252347,m2_20260926T165115Z_1ffdde7
hand_acc_neg,cluster_gate,FLAT,2025,development,0.7783,0.6804,0.8478,14,25,14,True,,1.2557869373430766,0.24537151561156856,m2_20260926T165115Z_1ffdde7
L1,cell_gate,FLAT,2025,development,0.1424313588545986,0.0975,0.2079,25,25,14,True,,-1.7952410324101071,0.2264546357991576,m2_20260926T165115Z_1ffdde7
L1,cluster_gate,FLAT,2025,development,0.1568,0.1036,0.2217,14,25,14,True,,-1.6822330698707906,0.23012220680422366,m2_20260926T165115Z_1ffdde7
z_sensitivity,cell_gate,FLAT,2025,development,0.3229752499017853,0.2663,0.4074,25,25,14,True,,-0.7401321361390545,0.1629500864790633,m2_20260926T165115Z_1ffdde7
z_sensitivity,cluster_gate,FLAT,2025,development,0.3415,0.2773,0.4214,14,25,14,True,,-0.6566168421724909,0.1634890639701345,m2_20260926T165115Z_1ffdde7
rf_F1_wf,cell_gate,FLAT,2025,development,0.5363909380592781,0.475,0.6039,25,25,14,True,,0.14582159909646542,0.1331211643068595,m2_20260926T165115Z_1ffdde7
rf_F1_wf,cluster_gate,FLAT,2025,development,0.5405,0.4821,0.5997,14,25,14,True,,0.16235569528352112,0.12139148472819321,m2_20260926T165115Z_1ffdde7
logit_F1_wf,cell_gate,FLAT,2025,development,0.518163167314156,0.4568,0.6051,25,25,14,True,,0.07268465213337172,0.15306227256496208,m2_20260926T165115Z_1ffdde7
logit_F1_wf,cluster_gate,FLAT,2025,development,0.5206,0.4631,0.594,14,25,14,True,,0.08244667056018085,0.13479712073044253,m2_20260926T165115Z_1ffdde7
slope_neg,object,FLAT,2025,development,0.8354091972862859,0.769219947944758,0.88193214362197,18,25,14,True,,1.6244592513481877,0.20585678259690685,m2_20260926T165115Z_1ffdde7
relelev_neg,object,FLAT,2025,development,0.207403506887785,0.1821813852670751,0.2364915594497428,18,25,14,True,,-1.3406480517445265,0.0840898346348743,m2_20260926T165115Z_1ffdde7
twi,object,FLAT,2025,development,0.7147151813655275,0.6545159690464857,0.7601759611334094,18,25,14,True,,0.9183960707249544,0.1313021293836595,m2_20260926T165115Z_1ffdde7
impervious,object,FLAT,2025,development,0.2683878217399376,0.2205744477176535,0.3227507933873072,18,25,14,True,,-1.0028175319207355,0.13295220989044546,m2_20260926T165115Z_1ffdde7
hand_neg,object,FLAT,2025,development,0.7787504448267394,0.7010949204361236,0.84725076707439,18,25,14,True,,1.258399367937904,0.21956574831345185,m2_20260926T165115Z_1ffdde7
hand_acc_neg,object,FLAT,2025,development,0.7789901288266082,0.7089026222166109,0.8385601345340016,18,25,14,True,,1.259791007731116,0.19324162308619208,m2_20260926T165115Z_1ffdde7
L1,object,FLAT,2025,development,0.1204274595346342,0.0820889933613004,0.17048592838076,18,25,14,True,,-1.9883884638911589,0.21227665266446422,m2_20260926T165115Z_1ffdde7
z_sensitivity,object,FLAT,2025,development,0.3070081639083404,0.2559797189127286,0.3706950910838151,18,25,14,True,,-0.8141438788200637,0.1371795748711798,m2_20260926T165115Z_1ffdde7
rf_F1_wf,object,FLAT,2025,development,0.5198455724241319,0.4662583456208015,0.5814258767764836,18,25,14,True,,0.07942401508567509,0.11831889926708808,m2_20260926T165115Z_1ffdde7
logit_F1_wf,object,FLAT,2025,development,0.5012148262485426,0.4443145903175898,0.5644171096000364,18,25,14,True,,0.004859314556039052,0.12315989014428555,m2_20260926T165115Z_1ffdde7
slope_neg,cell_gate,URBAN,2025,development,,,,0,0,0,False,auc_missing_or_boundary,,,m2_20260926T165115Z_1ffdde7
slope_neg,cluster_gate,URBAN,2025,development,,,,0,0,0,False,auc_missing_or_boundary,,,m2_20260926T165115Z_1ffdde7
relelev_neg,cell_gate,URBAN,2025,development,,,,0,0,0,False,auc_missing_or_boundary,,,m2_20260926T165115Z_1ffdde7
relelev_neg,cluster_gate,URBAN,2025,development,,,,0,0,0,False,auc_missing_or_boundary,,,m2_20260926T165115Z_1ffdde7
twi,cell_gate,URBAN,2025,development,,,,0,0,0,False,auc_missing_or_boundary,,,m2_20260926T165115Z_1ffdde7
twi,cluster_gate,URBAN,2025,development,,,,0,0,0,False,auc_missing_or_boundary,,,m2_20260926T165115Z_1ffdde7
impervious,cell_gate,URBAN,2025,development,,,,0,0,0,False,auc_missing_or_boundary,,,m2_20260926T165115Z_1ffdde7
impervious,cluster_gate,URBAN,2025,development,,,,0,0,0,False,auc_missing_or_boundary,,,m2_20260926T165115Z_1ffdde7
hand_neg,cell_gate,URBAN,2025,development,,,,0,0,0,False,auc_missing_or_boundary,,,m2_20260926T165115Z_1ffdde7
hand_neg,cluster_gate,URBAN,2025,development,,,,0,0,0,False,auc_missing_or_boundary,,,m2_20260926T165115Z_1ffdde7
hand_acc_neg,cell_gate,URBAN,2025,development,,,,0,0,0,False,auc_missing_or_boundary,,,m2_20260926T165115Z_1ffdde7
hand_acc_neg,cluster_gate,URBAN,2025,development,,,,0,0,0,False,auc_missing_or_boundary,,,m2_20260926T165115Z_1ffdde7
L1,cell_gate,URBAN,2025,development,,,,0,0,0,False,auc_missing_or_boundary,,,m2_20260926T165115Z_1ffdde7
L1,cluster_gate,URBAN,2025,development,,,,0,0,0,False,auc_missing_or_boundary,,,m2_20260926T165115Z_1ffdde7
z_sensitivity,cell_gate,URBAN,2025,development,,,,0,0,0,False,auc_missing_or_boundary,,,m2_20260926T165115Z_1ffdde7
z_sensitivity,cluster_gate,URBAN,2025,development,,,,0,0,0,False,auc_missing_or_boundary,,,m2_20260926T165115Z_1ffdde7
rf_F1_wf,cell_gate,URBAN,2025,development,,,,0,0,0,False,auc_missing_or_boundary,,,m2_20260926T165115Z_1ffdde7
rf_F1_wf,cluster_gate,URBAN,2025,development,,,,0,0,0,False,auc_missing_or_boundary,,,m2_20260926T165115Z_1ffdde7
logit_F1_wf,cell_gate,URBAN,2025,development,,,,0,0,0,False,auc_missing_or_boundary,,,m2_20260926T165115Z_1ffdde7
logit_F1_wf,cluster_gate,URBAN,2025,development,,,,0,0,0,False,auc_missing_or_boundary,,,m2_20260926T165115Z_1ffdde7
slope_neg,object,URBAN,2025,development,0.940690853791006,0.940690853791006,0.940690853791006,1,0,0,False,polygons_lt_3,,,m2_20260926T165115Z_1ffdde7
relelev_neg,object,URBAN,2025,development,0.0536606560938518,0.0536606560938518,0.0536606560938518,1,0,0,False,polygons_lt_3,,,m2_20260926T165115Z_1ffdde7
twi,object,URBAN,2025,development,0.6834673039322181,0.6834673039322181,0.6834673039322181,1,0,0,False,polygons_lt_3,,,m2_20260926T165115Z_1ffdde7
impervious,object,URBAN,2025,development,0.1791766239409081,0.1791766239409081,0.1791766239409081,1,0,0,False,polygons_lt_3,,,m2_20260926T165115Z_1ffdde7
hand_neg,object,URBAN,2025,development,0.8467303932218119,0.8467303932218119,0.8467303932218119,1,0,0,False,polygons_lt_3,,,m2_20260926T165115Z_1ffdde7
hand_acc_neg,object,URBAN,2025,development,0.7811210080382359,0.7811210080382359,0.7811210080382359,1,0,0,False,polygons_lt_3,,,m2_20260926T165115Z_1ffdde7
L1,object,URBAN,2025,development,0.0221594612209428,0.0221594612209428,0.0221594612209428,1,0,0,False,polygons_lt_3,,,m2_20260926T165115Z_1ffdde7
z_sensitivity,object,URBAN,2025,development,0.1302411470779926,0.1302411470779926,0.1302411470779926,1,0,0,False,polygons_lt_3,,,m2_20260926T165115Z_1ffdde7
rf_F1_wf,object,URBAN,2025,development,0.4347708016510971,0.4347708016510971,0.4347708016510971,1,0,0,False,polygons_lt_3,,,m2_20260926T165115Z_1ffdde7
logit_F1_wf,object,URBAN,2025,development,0.4824027807951336,0.4824027807951336,0.4824027807951336,1,0,0,False,polygons_lt_3,,,m2_20260926T165115Z_1ffdde7
slope_neg,cell_gate,AGRI,2025,development,0.8270601010733826,0.781,0.8637,23,23,12,True,,1.5649332369003575,0.14665160484963496,m2_20260926T165115Z_1ffdde7
slope_neg,cluster_gate,AGRI,2025,development,0.821,0.7775,0.8619,12,23,12,True,,1.5231373036116729,0.14796308921133644,m2_20260926T165115Z_1ffdde7
relelev_neg,cell_gate,AGRI,2025,development,0.3073633212212338,0.2595,0.3656,23,23,12,True,,-0.8124750840632569,0.12689751043512124,m2_20260926T165115Z_1ffdde7
relelev_neg,cluster_gate,AGRI,2025,development,0.3172,0.2721,0.3642,12,23,12,True,,-0.7666695011595928,0.10888290614482325,m2_20260926T165115Z_1ffdde7
twi,cell_gate,AGRI,2025,development,0.6870066407718332,0.6246,0.7372,23,23,12,True,,0.7861619847185256,0.13325413696599686,m2_20260926T165115Z_1ffdde7
twi,cluster_gate,AGRI,2025,development,0.7111,0.6651,0.7554,12,23,12,True,,0.9007324594172825,0.11263415170322093,m2_20260926T165115Z_1ffdde7
impervious,cell_gate,AGRI,2025,development,0.4575596207659859,0.4373,0.5009,23,23,12,True,,-0.170170984506677,0.06523772220446632,m2_20260926T165115Z_1ffdde7
impervious,cluster_gate,AGRI,2025,development,0.4567,0.4373,0.4956,12,23,12,True,,-0.17363493336652414,0.05982934266509434,m2_20260926T165115Z_1ffdde7
hand_neg,cell_gate,AGRI,2025,development,0.7496637848222862,0.659,0.8187,23,23,12,True,,1.0968199440582111,0.21651508601617928,m2_20260926T165115Z_1ffdde7
hand_neg,cluster_gate,AGRI,2025,development,0.7428,0.6351,0.8101,12,23,12,True,,1.0605728371150867,0.2287034258596494,m2_20260926T165115Z_1ffdde7
hand_acc_neg,cell_gate,AGRI,2025,development,0.7419788664745437,0.659,0.7987,23,23,12,True,,1.0562792664652223,0.1835105190025766,m2_20260926T165115Z_1ffdde7
hand_acc_neg,cluster_gate,AGRI,2025,development,0.7582,0.6999,0.7987,12,23,12,True,,1.1428362649015422,0.13555538831830147,m2_20260926T165115Z_1ffdde7
L1,cell_gate,AGRI,2025,development,0.249158417909201,0.1724,0.3565,23,23,12,True,,-1.103105776222902,0.24952621787320792,m2_20260926T165115Z_1ffdde7
L1,cluster_gate,AGRI,2025,development,0.2726,0.1798,0.3798,12,23,12,True,,-0.9814710132904563,0.2620726428484232,m2_20260926T165115Z_1ffdde7
z_sensitivity,cell_gate,AGRI,2025,development,0.5316961115983795,0.4574,0.6361,23,23,12,True,,0.1269546879510789,0.1860469894996408,m2_20260926T165115Z_1ffdde7
z_sensitivity,cluster_gate,AGRI,2025,development,0.5558,0.471,0.6519,12,23,12,True,,0.22413360584807607,0.18967994433057592,m2_20260926T165115Z_1ffdde7
rf_F1_wf,cell_gate,AGRI,2025,development,0.6741135196090715,0.6113,0.7493,23,23,12,True,,0.7268494223853752,0.16380465102786,m2_20260926T165115Z_1ffdde7
rf_F1_wf,cluster_gate,AGRI,2025,development,0.6845,0.6206,0.7543,12,23,12,True,,0.7745299627472357,0.16061090861494326,m2_20260926T165115Z_1ffdde7
logit_F1_wf,cell_gate,AGRI,2025,development,0.6827047571315207,0.621,0.7636,23,23,12,True,,0.7662297865728533,0.17314704117582883,m2_20260926T165115Z_1ffdde7
logit_F1_wf,cluster_gate,AGRI,2025,development,0.687,0.6257,0.7638,12,23,12,True,,0.7861311016821965,0.16832290494589328,m2_20260926T165115Z_1ffdde7
slope_neg,object,AGRI,2025,development,0.8495016880973485,0.8138688485823996,0.8840252666390613,18,23,12,True,,1.7306980607434677,0.1417795439859547,m2_20260926T165115Z_1ffdde7
relelev_neg,object,AGRI,2025,development,0.3029337836681607,0.2699461091522794,0.337704067094978,18,23,12,True,,-0.8333661622806365,0.08197943939640182,m2_20260926T165115Z_1ffdde7
twi,object,AGRI,2025,development,0.7249752420380154,0.6850711534096289,0.7639464065377889,18,23,12,True,,0.9692763827916258,0.10134441095713481,m2_20260926T165115Z_1ffdde7
impervious,object,AGRI,2025,development,0.4639799503498276,0.4350532809871003,0.5142532455213741,18,23,12,True,,-0.1443302255952682,0.08119826458015084,m2_20260926T165115Z_1ffdde7
hand_neg,object,AGRI,2025,development,0.7520519661033929,0.6697809611520843,0.8240943860716973,18,23,12,True,,1.109586241954406,0.21356080074583705,m2_20260926T165115Z_1ffdde7
hand_acc_neg,object,AGRI,2025,development,0.7417503275642683,0.6681456192040038,0.8053076124861565,18,23,12,True,,1.055085861181836,0.1836752211734233,m2_20260926T165115Z_1ffdde7
L1,object,AGRI,2025,development,0.212009884397737,0.1523265920036154,0.2931182000587538,18,23,12,True,,-1.3128526480245057,0.2133154136951885,m2_20260926T165115Z_1ffdde7
z_sensitivity,object,AGRI,2025,development,0.5234338839520133,0.4648336972920591,0.5971292059533483,18,23,12,True,,0.09380425917897439,0.1363329792612183,m2_20260926T165115Z_1ffdde7
rf_F1_wf,object,AGRI,2025,development,0.6736793932085394,0.6275744493507909,0.7287958187853895,18,23,12,True,,0.724873965503829,0.11905741241833825,m2_20260926T165115Z_1ffdde7
logit_F1_wf,object,AGRI,2025,development,0.6887956202398233,0.6408151530818973,0.7455912270883625,18,23,12,True,,0.7944947285717737,0.12661745130985497,m2_20260926T165115Z_1ffdde7
slope_neg,cell_gate,UNIVERSE,2025,development,0.9337254901960784,0.8803,0.9872,2,2,2,False,positive_cells_lt_5,,,m2_20260926T165115Z_1ffdde7
slope_neg,cluster_gate,UNIVERSE,2025,development,0.9337,0.8803,0.9872,2,2,2,False,positive_cells_lt_5,,,m2_20260926T165115Z_1ffdde7
relelev_neg,cell_gate,UNIVERSE,2025,development,0.1053921568627451,0.0859,0.1249,2,2,2,False,positive_cells_lt_5,,,m2_20260926T165115Z_1ffdde7
relelev_neg,cluster_gate,UNIVERSE,2025,development,0.1054,0.0859,0.1249,2,2,2,False,positive_cells_lt_5,,,m2_20260926T165115Z_1ffdde7
twi,cell_gate,UNIVERSE,2025,development,0.831078431372549,0.8059,0.8563,2,2,2,False,positive_cells_lt_5,,,m2_20260926T165115Z_1ffdde7
twi,cluster_gate,UNIVERSE,2025,development,0.8311,0.8059,0.8563,2,2,2,False,positive_cells_lt_5,,,m2_20260926T165115Z_1ffdde7
impervious,cell_gate,UNIVERSE,2025,development,0.3628676470588235,0.2819,0.4439,2,2,2,False,positive_cells_lt_5,,,m2_20260926T165115Z_1ffdde7
impervious,cluster_gate,UNIVERSE,2025,development,0.3629,0.2819,0.4439,2,2,2,False,positive_cells_lt_5,,,m2_20260926T165115Z_1ffdde7
hand_neg,cell_gate,UNIVERSE,2025,development,0.7678186274509804,0.6075,0.9281,2,2,2,False,positive_cells_lt_5,,,m2_20260926T165115Z_1ffdde7
hand_neg,cluster_gate,UNIVERSE,2025,development,0.7678,0.6075,0.9281,2,2,2,False,positive_cells_lt_5,,,m2_20260926T165115Z_1ffdde7
hand_acc_neg,cell_gate,UNIVERSE,2025,development,0.7618137254901961,0.5867,0.937,2,2,2,False,positive_cells_lt_5,,,m2_20260926T165115Z_1ffdde7
hand_acc_neg,cluster_gate,UNIVERSE,2025,development,0.7618,0.5867,0.937,2,2,2,False,positive_cells_lt_5,,,m2_20260926T165115Z_1ffdde7
L1,cell_gate,UNIVERSE,2025,development,0.1321078431372549,0.073,0.1912,2,2,2,False,positive_cells_lt_5,,,m2_20260926T165115Z_1ffdde7
L1,cluster_gate,UNIVERSE,2025,development,0.1321,0.073,0.1912,2,2,2,False,positive_cells_lt_5,,,m2_20260926T165115Z_1ffdde7
z_sensitivity,cell_gate,UNIVERSE,2025,development,0.323235294117647,0.271,0.3755,2,2,2,False,positive_cells_lt_5,,,m2_20260926T165115Z_1ffdde7
z_sensitivity,cluster_gate,UNIVERSE,2025,development,0.3232,0.271,0.3755,2,2,2,False,positive_cells_lt_5,,,m2_20260926T165115Z_1ffdde7
rf_F1_wf,cell_gate,UNIVERSE,2025,development,0.6322058823529412,0.5734,0.691,2,2,2,False,positive_cells_lt_5,,,m2_20260926T165115Z_1ffdde7
rf_F1_wf,cluster_gate,UNIVERSE,2025,development,0.6322,0.5734,0.691,2,2,2,False,positive_cells_lt_5,,,m2_20260926T165115Z_1ffdde7
logit_F1_wf,cell_gate,UNIVERSE,2025,development,0.6292156862745099,0.6046,0.6538,2,2,2,False,positive_cells_lt_5,,,m2_20260926T165115Z_1ffdde7
logit_F1_wf,cluster_gate,UNIVERSE,2025,development,0.6292,0.6046,0.6538,2,2,2,False,positive_cells_lt_5,,,m2_20260926T165115Z_1ffdde7
slope_neg,object,UNIVERSE,2025,development,0.8350708934799549,0.618075117370892,0.9685147148686596,4,2,2,True,,1.6220008995009596,0.7512529182028447,m2_20260926T165115Z_1ffdde7
relelev_neg,object,UNIVERSE,2025,development,0.1008854160226048,0.0824698409132325,0.119300991131977,4,2,2,True,,-2.1874251055099747,0.10464133736419261,m2_20260926T165115Z_1ffdde7
twi,object,UNIVERSE,2025,development,0.667073279005808,0.4134976525821596,0.8411366466918456,4,2,2,True,,0.6949774947681521,0.5143549976753297,m2_20260926T165115Z_1ffdde7
impervious,object,UNIVERSE,2025,development,0.3469099255132906,0.2552302176363996,0.426395409494001,4,2,2,True,,-0.6326498936566267,0.19753832786780176,m2_20260926T165115Z_1ffdde7
hand_neg,object,UNIVERSE,2025,development,0.8024142762969948,0.6913195112071033,0.898135106937924,4,2,2,True,,1.4014524942475595,0.3495925899952618,m2_20260926T165115Z_1ffdde7
hand_acc_neg,object,UNIVERSE,2025,development,0.8018126878804412,0.6781167282213966,0.9056729264475744,4,2,2,True,,1.3976624200244823,0.3869406598788642,m2_20260926T165115Z_1ffdde7
L1,object,UNIVERSE,2025,development,0.095215314433739,0.0558685446009389,0.1594679186228482,4,2,2,True,,-2.2515562041315285,0.2972175889884521,m2_20260926T165115Z_1ffdde7
z_sensitivity,object,UNIVERSE,2025,development,0.2691816532032176,0.2051643192488262,0.345905059989567,4,2,2,True,,-0.9987784868606944,0.1829717351628249,m2_20260926T165115Z_1ffdde7
rf_F1_wf,object,UNIVERSE,2025,development,0.5337107702458562,0.3146844027125717,0.6816502590304154,4,2,2,True,,0.13504795717184748,0.3927815374850424,m2_20260926T165115Z_1ffdde7
logit_F1_wf,object,UNIVERSE,2025,development,0.5596410853673754,0.4534689619196661,0.6465643825240049,4,2,2,True,,0.23970554979426606,0.20169649036058052,m2_20260926T165115Z_1ffdde7
slope_neg,cell_gate,ALL,2022-09-06,holdout,,,,0,0,0,False,auc_missing_or_boundary,,,m2_20260926T165115Z_1ffdde7
slope_neg,cluster_gate,ALL,2022-09-06,holdout,,,,0,0,0,False,auc_missing_or_boundary,,,m2_20260926T165115Z_1ffdde7
relelev_neg,cell_gate,ALL,2022-09-06,holdout,,,,0,0,0,False,auc_missing_or_boundary,,,m2_20260926T165115Z_1ffdde7
relelev_neg,cluster_gate,ALL,2022-09-06,holdout,,,,0,0,0,False,auc_missing_or_boundary,,,m2_20260926T165115Z_1ffdde7
twi,cell_gate,ALL,2022-09-06,holdout,,,,0,0,0,False,auc_missing_or_boundary,,,m2_20260926T165115Z_1ffdde7
twi,cluster_gate,ALL,2022-09-06,holdout,,,,0,0,0,False,auc_missing_or_boundary,,,m2_20260926T165115Z_1ffdde7
impervious,cell_gate,ALL,2022-09-06,holdout,,,,0,0,0,False,auc_missing_or_boundary,,,m2_20260926T165115Z_1ffdde7
impervious,cluster_gate,ALL,2022-09-06,holdout,,,,0,0,0,False,auc_missing_or_boundary,,,m2_20260926T165115Z_1ffdde7
hand_neg,cell_gate,ALL,2022-09-06,holdout,,,,0,0,0,False,auc_missing_or_boundary,,,m2_20260926T165115Z_1ffdde7
hand_neg,cluster_gate,ALL,2022-09-06,holdout,,,,0,0,0,False,auc_missing_or_boundary,,,m2_20260926T165115Z_1ffdde7
hand_acc_neg,cell_gate,ALL,2022-09-06,holdout,,,,0,0,0,False,auc_missing_or_boundary,,,m2_20260926T165115Z_1ffdde7
hand_acc_neg,cluster_gate,ALL,2022-09-06,holdout,,,,0,0,0,False,auc_missing_or_boundary,,,m2_20260926T165115Z_1ffdde7
L1,cell_gate,ALL,2022-09-06,holdout,,,,0,0,0,False,auc_missing_or_boundary,,,m2_20260926T165115Z_1ffdde7
L1,cluster_gate,ALL,2022-09-06,holdout,,,,0,0,0,False,auc_missing_or_boundary,,,m2_20260926T165115Z_1ffdde7
z_sensitivity,cell_gate,ALL,2022-09-06,holdout,,,,0,0,0,False,auc_missing_or_boundary,,,m2_20260926T165115Z_1ffdde7
z_sensitivity,cluster_gate,ALL,2022-09-06,holdout,,,,0,0,0,False,auc_missing_or_boundary,,,m2_20260926T165115Z_1ffdde7
rf_F1_wf,cell_gate,ALL,2022-09-06,holdout,,,,0,0,0,False,auc_missing_or_boundary,,,m2_20260926T165115Z_1ffdde7
rf_F1_wf,cluster_gate,ALL,2022-09-06,holdout,,,,0,0,0,False,auc_missing_or_boundary,,,m2_20260926T165115Z_1ffdde7
logit_F1_wf,cell_gate,ALL,2022-09-06,holdout,,,,0,0,0,False,auc_missing_or_boundary,,,m2_20260926T165115Z_1ffdde7
logit_F1_wf,cluster_gate,ALL,2022-09-06,holdout,,,,0,0,0,False,auc_missing_or_boundary,,,m2_20260926T165115Z_1ffdde7
slope_neg,object,ALL,2022-09-06,holdout,0.7721715443495709,0.7279873528143941,0.8253862075582911,5,0,0,True,,1.2206137747762018,0.14511482444122045,m2_20260926T165115Z_1ffdde7
relelev_neg,object,ALL,2022-09-06,holdout,0.6073803433639534,0.5504119090373254,0.6643487776905814,5,0,0,True,,0.4363138417241158,0.12255316365054696,m2_20260926T165115Z_1ffdde7
twi,object,ALL,2022-09-06,holdout,0.8084368483777922,0.6691568544131152,0.9292887201348812,5,0,0,True,,1.4398850386118358,0.47741700219527733,m2_20260926T165115Z_1ffdde7
impervious,object,ALL,2022-09-06,holdout,0.9243434585163044,0.8904092817175435,0.9582776353150652,5,0,0,True,,2.5028798040574998,0.265099691267606,m2_20260926T165115Z_1ffdde7
hand_neg,object,ALL,2022-09-06,holdout,0.7175638119859091,0.6598315353720888,0.7751789888806221,5,0,0,True,,0.9324092383097852,0.1467490747865133,m2_20260926T165115Z_1ffdde7
hand_acc_neg,object,ALL,2022-09-06,holdout,0.7377906092477954,0.6169506394527986,0.8631804038216385,5,0,0,True,,1.0345166711217058,0.3483062241443653,m2_20260926T165115Z_1ffdde7
L1,object,ALL,2022-09-06,holdout,0.9153128672505148,0.854352802489274,0.970589968884076,5,0,0,True,,2.3803022637244493,0.44067424728804183,m2_20260926T165115Z_1ffdde7
z_sensitivity,object,ALL,2022-09-06,holdout,0.8890136346808595,0.7802998052290206,0.9720998451057532,5,0,0,True,,2.0807052136903175,0.5825137482960974,m2_20260926T165115Z_1ffdde7
rf_F1_wf,object,ALL,2022-09-06,holdout,0.8606011672691304,0.7658442689921576,0.9500034268638712,5,0,0,True,,1.820292051978788,0.44886505724935183,m2_20260926T165115Z_1ffdde7
logit_F1_wf,object,ALL,2022-09-06,holdout,0.8630710982543647,0.7775122566844589,0.9486627691801572,5,0,0,True,,1.8410352469305662,0.42485723322321584,m2_20260926T165115Z_1ffdde7
slope_neg,cell_gate,FLAT,2022-09-06,holdout,,,,0,0,0,False,auc_missing_or_boundary,,,m2_20260926T165115Z_1ffdde7
slope_neg,cluster_gate,FLAT,2022-09-06,holdout,,,,0,0,0,False,auc_missing_or_boundary,,,m2_20260926T165115Z_1ffdde7
relelev_neg,cell_gate,FLAT,2022-09-06,holdout,,,,0,0,0,False,auc_missing_or_boundary,,,m2_20260926T165115Z_1ffdde7
relelev_neg,cluster_gate,FLAT,2022-09-06,holdout,,,,0,0,0,False,auc_missing_or_boundary,,,m2_20260926T165115Z_1ffdde7
twi,cell_gate,FLAT,2022-09-06,holdout,,,,0,0,0,False,auc_missing_or_boundary,,,m2_20260926T165115Z_1ffdde7
twi,cluster_gate,FLAT,2022-09-06,holdout,,,,0,0,0,False,auc_missing_or_boundary,,,m2_20260926T165115Z_1ffdde7
impervious,cell_gate,FLAT,2022-09-06,holdout,,,,0,0,0,False,auc_missing_or_boundary,,,m2_20260926T165115Z_1ffdde7
impervious,cluster_gate,FLAT,2022-09-06,holdout,,,,0,0,0,False,auc_missing_or_boundary,,,m2_20260926T165115Z_1ffdde7
hand_neg,cell_gate,FLAT,2022-09-06,holdout,,,,0,0,0,False,auc_missing_or_boundary,,,m2_20260926T165115Z_1ffdde7
hand_neg,cluster_gate,FLAT,2022-09-06,holdout,,,,0,0,0,False,auc_missing_or_boundary,,,m2_20260926T165115Z_1ffdde7
hand_acc_neg,cell_gate,FLAT,2022-09-06,holdout,,,,0,0,0,False,auc_missing_or_boundary,,,m2_20260926T165115Z_1ffdde7
hand_acc_neg,cluster_gate,FLAT,2022-09-06,holdout,,,,0,0,0,False,auc_missing_or_boundary,,,m2_20260926T165115Z_1ffdde7
L1,cell_gate,FLAT,2022-09-06,holdout,,,,0,0,0,False,auc_missing_or_boundary,,,m2_20260926T165115Z_1ffdde7
L1,cluster_gate,FLAT,2022-09-06,holdout,,,,0,0,0,False,auc_missing_or_boundary,,,m2_20260926T165115Z_1ffdde7
z_sensitivity,cell_gate,FLAT,2022-09-06,holdout,,,,0,0,0,False,auc_missing_or_boundary,,,m2_20260926T165115Z_1ffdde7
z_sensitivity,cluster_gate,FLAT,2022-09-06,holdout,,,,0,0,0,False,auc_missing_or_boundary,,,m2_20260926T165115Z_1ffdde7
rf_F1_wf,cell_gate,FLAT,2022-09-06,holdout,,,,0,0,0,False,auc_missing_or_boundary,,,m2_20260926T165115Z_1ffdde7
rf_F1_wf,cluster_gate,FLAT,2022-09-06,holdout,,,,0,0,0,False,auc_missing_or_boundary,,,m2_20260926T165115Z_1ffdde7
logit_F1_wf,cell_gate,FLAT,2022-09-06,holdout,,,,0,0,0,False,auc_missing_or_boundary,,,m2_20260926T165115Z_1ffdde7
logit_F1_wf,cluster_gate,FLAT,2022-09-06,holdout,,,,0,0,0,False,auc_missing_or_boundary,,,m2_20260926T165115Z_1ffdde7
slope_neg,object,FLAT,2022-09-06,holdout,0.1976069650928959,0.0419938857713862,0.3850246210292556,5,0,0,True,,-1.401318523146522,0.6783428676629326,m2_20260926T165115Z_1ffdde7
relelev_neg,object,FLAT,2022-09-06,holdout,0.6394711772315965,0.5462585690837115,0.7326837853794816,5,0,0,True,,0.5730696434861572,0.2098806412670443,m2_20260926T165115Z_1ffdde7
twi,object,FLAT,2022-09-06,holdout,0.5021313169171011,0.2309087716453848,0.7795210968427151,5,0,0,True,,0.008525319303806067,0.6291096799465636,m2_20260926T165115Z_1ffdde7
impervious,object,FLAT,2022-09-06,holdout,0.7718461533746376,0.6734972106305996,0.8701950961186753,5,0,0,True,,1.2187650796687675,0.30067886401474564,m2_20260926T165115Z_1ffdde7
hand_neg,object,FLAT,2022-09-06,holdout,0.2450524346865954,0.1413641079510543,0.3487407614221366,5,0,0,True,,-1.125176090146386,0.30087979747846116,m2_20260926T165115Z_1ffdde7
hand_acc_neg,object,FLAT,2022-09-06,holdout,0.3223336693201474,0.1160577206863731,0.6009172540310901,5,0,0,True,,-0.7430677800176788,0.6223564798099915,m2_20260926T165115Z_1ffdde7
L1,object,FLAT,2022-09-06,holdout,0.7747422581693331,0.6442513407086575,0.9107270445109586,5,0,0,True,,1.2352851380902783,0.4409979443329214,m2_20260926T165115Z_1ffdde7
z_sensitivity,object,FLAT,2022-09-06,holdout,0.6951244753173894,0.4343539819312737,0.90915322969972,5,0,0,True,,0.8241873531934151,0.6549732724418365,m2_20260926T165115Z_1ffdde7
rf_F1_wf,object,FLAT,2022-09-06,holdout,0.562104474752852,0.298332730523373,0.8258762189823308,5,0,0,True,,0.24970737566211965,0.6152991589260578,m2_20260926T165115Z_1ffdde7
logit_F1_wf,object,FLAT,2022-09-06,holdout,0.5362566956545742,0.2531834695171236,0.8194453026938303,5,0,0,True,,0.14528178048516038,0.6618231386629537,m2_20260926T165115Z_1ffdde7
slope_neg,cell_gate,URBAN,2022-09-06,holdout,,,,0,0,0,False,auc_missing_or_boundary,,,m2_20260926T165115Z_1ffdde7
slope_neg,cluster_gate,URBAN,2022-09-06,holdout,,,,0,0,0,False,auc_missing_or_boundary,,,m2_20260926T165115Z_1ffdde7
relelev_neg,cell_gate,URBAN,2022-09-06,holdout,,,,0,0,0,False,auc_missing_or_boundary,,,m2_20260926T165115Z_1ffdde7
relelev_neg,cluster_gate,URBAN,2022-09-06,holdout,,,,0,0,0,False,auc_missing_or_boundary,,,m2_20260926T165115Z_1ffdde7
twi,cell_gate,URBAN,2022-09-06,holdout,,,,0,0,0,False,auc_missing_or_boundary,,,m2_20260926T165115Z_1ffdde7
twi,cluster_gate,URBAN,2022-09-06,holdout,,,,0,0,0,False,auc_missing_or_boundary,,,m2_20260926T165115Z_1ffdde7
impervious,cell_gate,URBAN,2022-09-06,holdout,,,,0,0,0,False,auc_missing_or_boundary,,,m2_20260926T165115Z_1ffdde7
impervious,cluster_gate,URBAN,2022-09-06,holdout,,,,0,0,0,False,auc_missing_or_boundary,,,m2_20260926T165115Z_1ffdde7
hand_neg,cell_gate,URBAN,2022-09-06,holdout,,,,0,0,0,False,auc_missing_or_boundary,,,m2_20260926T165115Z_1ffdde7
hand_neg,cluster_gate,URBAN,2022-09-06,holdout,,,,0,0,0,False,auc_missing_or_boundary,,,m2_20260926T165115Z_1ffdde7
hand_acc_neg,cell_gate,URBAN,2022-09-06,holdout,,,,0,0,0,False,auc_missing_or_boundary,,,m2_20260926T165115Z_1ffdde7
hand_acc_neg,cluster_gate,URBAN,2022-09-06,holdout,,,,0,0,0,False,auc_missing_or_boundary,,,m2_20260926T165115Z_1ffdde7
L1,cell_gate,URBAN,2022-09-06,holdout,,,,0,0,0,False,auc_missing_or_boundary,,,m2_20260926T165115Z_1ffdde7
L1,cluster_gate,URBAN,2022-09-06,holdout,,,,0,0,0,False,auc_missing_or_boundary,,,m2_20260926T165115Z_1ffdde7
z_sensitivity,cell_gate,URBAN,2022-09-06,holdout,,,,0,0,0,False,auc_missing_or_boundary,,,m2_20260926T165115Z_1ffdde7
z_sensitivity,cluster_gate,URBAN,2022-09-06,holdout,,,,0,0,0,False,auc_missing_or_boundary,,,m2_20260926T165115Z_1ffdde7
rf_F1_wf,cell_gate,URBAN,2022-09-06,holdout,,,,0,0,0,False,auc_missing_or_boundary,,,m2_20260926T165115Z_1ffdde7
rf_F1_wf,cluster_gate,URBAN,2022-09-06,holdout,,,,0,0,0,False,auc_missing_or_boundary,,,m2_20260926T165115Z_1ffdde7
logit_F1_wf,cell_gate,URBAN,2022-09-06,holdout,,,,0,0,0,False,auc_missing_or_boundary,,,m2_20260926T165115Z_1ffdde7
logit_F1_wf,cluster_gate,URBAN,2022-09-06,holdout,,,,0,0,0,False,auc_missing_or_boundary,,,m2_20260926T165115Z_1ffdde7
slope_neg,object,URBAN,2022-09-06,holdout,0.3188362987864518,0.1997842638774877,0.4788181620682164,5,0,0,True,,-0.7591248597158471,0.33236966991121136,m2_20260926T165115Z_1ffdde7
relelev_neg,object,URBAN,2022-09-06,holdout,0.6166851160682228,0.5000868998479253,0.7332833322885205,5,0,0,True,,0.4755017442478675,0.2579123005190412,m2_20260926T165115Z_1ffdde7
twi,object,URBAN,2022-09-06,holdout,0.5703642371927602,0.2977970348457151,0.8213121877036714,5,0,0,True,,0.2833373828780028,0.6079380575891553,m2_20260926T165115Z_1ffdde7
impervious,object,URBAN,2022-09-06,holdout,0.4004593014490495,0.1315477220443134,0.6693708808537856,5,0,0,True,,-0.4035517176628448,0.6614111259594081,m2_20260926T165115Z_1ffdde7
hand_neg,object,URBAN,2022-09-06,holdout,0.3333924064179382,0.2006094387881316,0.4661753740477449,5,0,0,True,,-0.6928813634546354,0.31811407117314794,m2_20260926T165115Z_1ffdde7
hand_acc_neg,object,URBAN,2022-09-06,holdout,0.402304184469195,0.1668707714776677,0.6827938301107974,5,0,0,True,,-0.39587347458660604,0.605779011711663,m2_20260926T165115Z_1ffdde7
L1,object,URBAN,2022-09-06,holdout,0.5935266104780194,0.3804705574756998,0.8176254616554418,5,0,0,True,,0.3785635851557684,0.5071249603358798,m2_20260926T165115Z_1ffdde7
z_sensitivity,object,URBAN,2022-09-06,holdout,0.5417994156970967,0.2547474930379613,0.8207690636541386,5,0,0,True,,0.16758880597057346,0.6620062785557606,m2_20260926T165115Z_1ffdde7
rf_F1_wf,object,URBAN,2022-09-06,holdout,0.4695431073401369,0.2130162603026941,0.7260699543775799,5,0,0,True,,-0.12197858695234787,0.5820547477058821,m2_20260926T165115Z_1ffdde7
logit_F1_wf,object,URBAN,2022-09-06,holdout,0.4793402079393801,0.237455128023014,0.7274266782533124,5,0,0,True,,-0.08268624665020208,0.5480427856648152,m2_20260926T165115Z_1ffdde7
slope_neg,cell_gate,AGRI,2022-09-06,holdout,,,,0,0,0,False,auc_missing_or_boundary,,,m2_20260926T165115Z_1ffdde7
slope_neg,cluster_gate,AGRI,2022-09-06,holdout,,,,0,0,0,False,auc_missing_or_boundary,,,m2_20260926T165115Z_1ffdde7
relelev_neg,cell_gate,AGRI,2022-09-06,holdout,,,,0,0,0,False,auc_missing_or_boundary,,,m2_20260926T165115Z_1ffdde7
relelev_neg,cluster_gate,AGRI,2022-09-06,holdout,,,,0,0,0,False,auc_missing_or_boundary,,,m2_20260926T165115Z_1ffdde7
twi,cell_gate,AGRI,2022-09-06,holdout,,,,0,0,0,False,auc_missing_or_boundary,,,m2_20260926T165115Z_1ffdde7
twi,cluster_gate,AGRI,2022-09-06,holdout,,,,0,0,0,False,auc_missing_or_boundary,,,m2_20260926T165115Z_1ffdde7
impervious,cell_gate,AGRI,2022-09-06,holdout,,,,0,0,0,False,auc_missing_or_boundary,,,m2_20260926T165115Z_1ffdde7
impervious,cluster_gate,AGRI,2022-09-06,holdout,,,,0,0,0,False,auc_missing_or_boundary,,,m2_20260926T165115Z_1ffdde7
hand_neg,cell_gate,AGRI,2022-09-06,holdout,,,,0,0,0,False,auc_missing_or_boundary,,,m2_20260926T165115Z_1ffdde7
hand_neg,cluster_gate,AGRI,2022-09-06,holdout,,,,0,0,0,False,auc_missing_or_boundary,,,m2_20260926T165115Z_1ffdde7
hand_acc_neg,cell_gate,AGRI,2022-09-06,holdout,,,,0,0,0,False,auc_missing_or_boundary,,,m2_20260926T165115Z_1ffdde7
hand_acc_neg,cluster_gate,AGRI,2022-09-06,holdout,,,,0,0,0,False,auc_missing_or_boundary,,,m2_20260926T165115Z_1ffdde7
L1,cell_gate,AGRI,2022-09-06,holdout,,,,0,0,0,False,auc_missing_or_boundary,,,m2_20260926T165115Z_1ffdde7
L1,cluster_gate,AGRI,2022-09-06,holdout,,,,0,0,0,False,auc_missing_or_boundary,,,m2_20260926T165115Z_1ffdde7
z_sensitivity,cell_gate,AGRI,2022-09-06,holdout,,,,0,0,0,False,auc_missing_or_boundary,,,m2_20260926T165115Z_1ffdde7
z_sensitivity,cluster_gate,AGRI,2022-09-06,holdout,,,,0,0,0,False,auc_missing_or_boundary,,,m2_20260926T165115Z_1ffdde7
rf_F1_wf,cell_gate,AGRI,2022-09-06,holdout,,,,0,0,0,False,auc_missing_or_boundary,,,m2_20260926T165115Z_1ffdde7
rf_F1_wf,cluster_gate,AGRI,2022-09-06,holdout,,,,0,0,0,False,auc_missing_or_boundary,,,m2_20260926T165115Z_1ffdde7
logit_F1_wf,cell_gate,AGRI,2022-09-06,holdout,,,,0,0,0,False,auc_missing_or_boundary,,,m2_20260926T165115Z_1ffdde7
logit_F1_wf,cluster_gate,AGRI,2022-09-06,holdout,,,,0,0,0,False,auc_missing_or_boundary,,,m2_20260926T165115Z_1ffdde7
slope_neg,cell_gate,UNIVERSE,2022-09-06,holdout,,,,0,0,0,False,auc_missing_or_boundary,,,m2_20260926T165115Z_1ffdde7
slope_neg,cluster_gate,UNIVERSE,2022-09-06,holdout,,,,0,0,0,False,auc_missing_or_boundary,,,m2_20260926T165115Z_1ffdde7
relelev_neg,cell_gate,UNIVERSE,2022-09-06,holdout,,,,0,0,0,False,auc_missing_or_boundary,,,m2_20260926T165115Z_1ffdde7
relelev_neg,cluster_gate,UNIVERSE,2022-09-06,holdout,,,,0,0,0,False,auc_missing_or_boundary,,,m2_20260926T165115Z_1ffdde7
twi,cell_gate,UNIVERSE,2022-09-06,holdout,,,,0,0,0,False,auc_missing_or_boundary,,,m2_20260926T165115Z_1ffdde7
twi,cluster_gate,UNIVERSE,2022-09-06,holdout,,,,0,0,0,False,auc_missing_or_boundary,,,m2_20260926T165115Z_1ffdde7
impervious,cell_gate,UNIVERSE,2022-09-06,holdout,,,,0,0,0,False,auc_missing_or_boundary,,,m2_20260926T165115Z_1ffdde7
impervious,cluster_gate,UNIVERSE,2022-09-06,holdout,,,,0,0,0,False,auc_missing_or_boundary,,,m2_20260926T165115Z_1ffdde7
hand_neg,cell_gate,UNIVERSE,2022-09-06,holdout,,,,0,0,0,False,auc_missing_or_boundary,,,m2_20260926T165115Z_1ffdde7
hand_neg,cluster_gate,UNIVERSE,2022-09-06,holdout,,,,0,0,0,False,auc_missing_or_boundary,,,m2_20260926T165115Z_1ffdde7
hand_acc_neg,cell_gate,UNIVERSE,2022-09-06,holdout,,,,0,0,0,False,auc_missing_or_boundary,,,m2_20260926T165115Z_1ffdde7
hand_acc_neg,cluster_gate,UNIVERSE,2022-09-06,holdout,,,,0,0,0,False,auc_missing_or_boundary,,,m2_20260926T165115Z_1ffdde7
L1,cell_gate,UNIVERSE,2022-09-06,holdout,,,,0,0,0,False,auc_missing_or_boundary,,,m2_20260926T165115Z_1ffdde7
L1,cluster_gate,UNIVERSE,2022-09-06,holdout,,,,0,0,0,False,auc_missing_or_boundary,,,m2_20260926T165115Z_1ffdde7
z_sensitivity,cell_gate,UNIVERSE,2022-09-06,holdout,,,,0,0,0,False,auc_missing_or_boundary,,,m2_20260926T165115Z_1ffdde7
z_sensitivity,cluster_gate,UNIVERSE,2022-09-06,holdout,,,,0,0,0,False,auc_missing_or_boundary,,,m2_20260926T165115Z_1ffdde7
rf_F1_wf,cell_gate,UNIVERSE,2022-09-06,holdout,,,,0,0,0,False,auc_missing_or_boundary,,,m2_20260926T165115Z_1ffdde7
rf_F1_wf,cluster_gate,UNIVERSE,2022-09-06,holdout,,,,0,0,0,False,auc_missing_or_boundary,,,m2_20260926T165115Z_1ffdde7
logit_F1_wf,cell_gate,UNIVERSE,2022-09-06,holdout,,,,0,0,0,False,auc_missing_or_boundary,,,m2_20260926T165115Z_1ffdde7
logit_F1_wf,cluster_gate,UNIVERSE,2022-09-06,holdout,,,,0,0,0,False,auc_missing_or_boundary,,,m2_20260926T165115Z_1ffdde7
slope_neg,object,UNIVERSE,2022-09-06,holdout,0.5484829877521097,0.4310922144191907,0.6950443401147626,5,0,0,True,,0.19454321174101852,0.2809249551338341,m2_20260926T165115Z_1ffdde7
relelev_neg,object,UNIVERSE,2022-09-06,holdout,0.4697343795077576,0.3671570161711007,0.5723117428444144,5,0,0,True,,-0.12121066677897274,0.21319831446874699,m2_20260926T165115Z_1ffdde7
twi,object,UNIVERSE,2022-09-06,holdout,0.6618855064984149,0.4213875847678665,0.8734063641105895,5,0,0,True,,0.6717080137759688,0.5736070960884498,m2_20260926T165115Z_1ffdde7
impervious,object,UNIVERSE,2022-09-06,holdout,0.6666786628787733,0.5204501808756434,0.8129071448819032,5,0,0,True,,0.6932011640001359,0.353875242983955,m2_20260926T165115Z_1ffdde7
hand_neg,object,UNIVERSE,2022-09-06,holdout,0.4653324914293771,0.3194587303443484,0.6112062525144059,5,0,0,True,,-0.1388928889870632,0.30833368794085336,m2_20260926T165115Z_1ffdde7
hand_acc_neg,object,UNIVERSE,2022-09-06,holdout,0.5016498989658379,0.2649347939488785,0.7713823682837767,5,0,0,True,,0.006599619817107327,0.5705739505245544,m2_20260926T165115Z_1ffdde7
L1,object,UNIVERSE,2022-09-06,holdout,0.7443302110147176,0.5987282363226015,0.8960876369327073,5,0,0,True,,1.0685980432945215,0.4475392056039032,m2_20260926T165115Z_1ffdde7
z_sensitivity,object,UNIVERSE,2022-09-06,holdout,0.6801047214864837,0.447887323943662,0.8886176317162233,5,0,0,True,,0.7542531009100146,0.5831506258387599,m2_20260926T165115Z_1ffdde7
rf_F1_wf,object,UNIVERSE,2022-09-06,holdout,0.6692762737817792,0.4457186316325879,0.8818988002086593,5,0,0,True,,0.7049135773178361,0.5685104436976096,m2_20260926T165115Z_1ffdde7
logit_F1_wf,object,UNIVERSE,2022-09-06,holdout,0.671612610188823,0.4841328886092579,0.8591742305685967,5,0,0,True,,0.7154877233941668,0.4775439909058882,m2_20260926T165115Z_1ffdde7
slope_neg,cell_gate,ALL,2023-08-10,holdout,0.8308437911791497,0.7832,0.875,18,18,3,True,,1.5916191997064888,0.16875241908073568,m2_20260926T165115Z_1ffdde7
slope_neg,cluster_gate,ALL,2023-08-10,holdout,0.841,0.7832,0.875,3,18,3,True,,1.6656874577527163,0.16875241908073568,m2_20260926T165115Z_1ffdde7
relelev_neg,cell_gate,ALL,2023-08-10,holdout,0.5486846255663745,0.5077,0.6878,18,18,3,True,,0.19535745068321075,0.19363918437148406,m2_20260926T165115Z_1ffdde7
relelev_neg,cluster_gate,ALL,2023-08-10,holdout,0.5687,0.5077,0.6878,3,18,3,True,,0.27654915065895647,0.19363918437148406,m2_20260926T165115Z_1ffdde7
twi,cell_gate,ALL,2023-08-10,holdout,0.8404467320521551,0.7995,0.9222,18,18,3,True,,1.6615557395458396,0.27792561793336634,m2_20260926T165115Z_1ffdde7
twi,cluster_gate,ALL,2023-08-10,holdout,0.8507,0.7995,0.9222,3,18,3,True,,1.740101835436694,0.27792561793336634,m2_20260926T165115Z_1ffdde7
impervious,cell_gate,ALL,2023-08-10,holdout,0.9183521559818288,0.8276,0.9506,18,18,3,True,,2.420165515339245,0.3541979248843342,m2_20260926T165115Z_1ffdde7
impervious,cluster_gate,ALL,2023-08-10,holdout,0.9047,0.8276,0.9506,3,18,3,True,,2.250573586371539,0.3541979248843342,m2_20260926T165115Z_1ffdde7
hand_neg,cell_gate,ALL,2023-08-10,holdout,0.7486535247141227,0.6078,0.8862,18,18,3,True,,1.0914439257573643,0.41185097866264364,m2_20260926T165115Z_1ffdde7
hand_neg,cluster_gate,ALL,2023-08-10,holdout,0.7796,0.6078,0.8862,3,18,3,True,,1.2633368903546462,0.41185097866264364,m2_20260926T165115Z_1ffdde7
hand_acc_neg,cell_gate,ALL,2023-08-10,holdout,0.7679835887730345,0.5899,0.9494,18,18,3,True,,1.1969602569224878,0.6551974045113623,m2_20260926T165115Z_1ffdde7
hand_acc_neg,cluster_gate,ALL,2023-08-10,holdout,0.8079,0.5899,0.9494,3,18,3,True,,1.4364222187111515,0.6551974045113623,m2_20260926T165115Z_1ffdde7
L1,cell_gate,ALL,2023-08-10,holdout,0.8637141492664031,0.4873,0.9828,18,18,3,True,,1.8464873447236596,1.044995524937948,m2_20260926T165115Z_1ffdde7
L1,cluster_gate,ALL,2023-08-10,holdout,0.8087,0.4873,0.9828,3,18,3,True,,1.4415851436555691,1.044995524937948,m2_20260926T165115Z_1ffdde7
z_sensitivity,cell_gate,ALL,2023-08-10,holdout,0.8925775089249128,0.7763,0.9285,18,18,3,True,,2.117343780359157,0.33664898094720047,m2_20260926T165115Z_1ffdde7
z_sensitivity,cluster_gate,ALL,2023-08-10,holdout,0.8757,0.7763,0.9285,3,18,3,True,,1.952325568011514,0.33664898094720047,m2_20260926T165115Z_1ffdde7
rf_F1_wf,cell_gate,ALL,2023-08-10,holdout,0.8918961644247522,0.8475,0.9413,18,18,3,True,,2.1102575124606773,0.2703355614875404,m2_20260926T165115Z_1ffdde7
rf_F1_wf,cluster_gate,ALL,2023-08-10,holdout,0.8985,0.8475,0.9413,3,18,3,True,,2.180667907741771,0.2703355614875404,m2_20260926T165115Z_1ffdde7
logit_F1_wf,cell_gate,ALL,2023-08-10,holdout,0.869047724331479,0.851,0.8931,18,18,3,True,,1.8925650934847276,0.09702701657555729,m2_20260926T165115Z_1ffdde7
logit_F1_wf,cluster_gate,ALL,2023-08-10,holdout,0.868,0.851,0.8931,3,18,3,True,,1.8833897920739793,0.09702701657555729,m2_20260926T165115Z_1ffdde7
slope_neg,object,ALL,2023-08-10,holdout,0.8516470605020993,0.800647446763012,0.88608396235955,3,18,3,True,,1.7475780316138962,0.16862662390963928,m2_20260926T165115Z_1ffdde7
relelev_neg,object,ALL,2023-08-10,holdout,0.5660505274682572,0.4985461429491062,0.6873970961665453,3,18,3,True,,0.2657552407792503,0.20250215913412845,m2_20260926T165115Z_1ffdde7
twi,object,ALL,2023-08-10,holdout,0.8366713856124542,0.7821109792595822,0.9205789201488436,3,18,3,True,,1.633667173101689,0.2990432799778317,m2_20260926T165115Z_1ffdde7
impervious,object,ALL,2023-08-10,holdout,0.8650845073620824,0.7007931186683357,0.9498908708494024,3,18,3,True,,1.85817859656126,0.5334451133416647,m2_20260926T165115Z_1ffdde7
hand_neg,object,ALL,2023-08-10,holdout,0.7956796703644423,0.6168925940258677,0.9006966602542045,3,18,3,True,,1.359507675071984,0.44097998568356306,m2_20260926T165115Z_1ffdde7
hand_acc_neg,object,ALL,2023-08-10,holdout,0.8206152365701943,0.6066207436893918,0.9550033972164614,3,18,3,True,,1.5205213321295212,0.6688894054217278,m2_20260926T165115Z_1ffdde7
L1,object,ALL,2023-08-10,holdout,0.8025215799183868,0.4693146873183666,0.9798388788593764,3,18,3,True,,1.4021294325449283,1.0220921971472343,m2_20260926T165115Z_1ffdde7
z_sensitivity,object,ALL,2023-08-10,holdout,0.872605441997338,0.7690758451941674,0.9287409601165008,3,18,3,True,,1.9241944708104686,0.34806963703216975,m2_20260926T165115Z_1ffdde7
rf_F1_wf,object,ALL,2023-08-10,holdout,0.8956295902796229,0.8543239761795934,0.9469357979097772,3,18,3,True,,2.149580720317281,0.28388363762006186,m2_20260926T165115Z_1ffdde7
logit_F1_wf,object,ALL,2023-08-10,holdout,0.8703553339474438,0.8522422033084739,0.8976658659127469,3,18,3,True,,1.904104188079698,0.10695561074874871,m2_20260926T165115Z_1ffdde7
slope_neg,cell_gate,FLAT,2023-08-10,holdout,0.4435619945307499,0.2869,0.5888,18,18,3,True,,-0.22671818701862734,0.32385666352398895,m2_20260926T165115Z_1ffdde7
slope_neg,cluster_gate,FLAT,2023-08-10,holdout,0.4771,0.2869,0.5888,3,18,3,True,,-0.09166412867202345,0.32385666352398895,m2_20260926T165115Z_1ffdde7
relelev_neg,cell_gate,FLAT,2023-08-10,holdout,0.537215628090999,0.4669,0.7692,18,18,3,True,,0.14913832979506336,0.34092294845053406,m2_20260926T165115Z_1ffdde7
relelev_neg,cluster_gate,FLAT,2023-08-10,holdout,0.5708,0.4669,0.7692,3,18,3,True,,0.28511587484613776,0.34092294845053406,m2_20260926T165115Z_1ffdde7
twi,cell_gate,FLAT,2023-08-10,holdout,0.5688892767789608,0.5007,0.7566,18,18,3,True,,0.27732086699943603,0.28860952005749646,m2_20260926T165115Z_1ffdde7
twi,cluster_gate,FLAT,2023-08-10,holdout,0.5945,0.5007,0.7566,3,18,3,True,,0.38259984257536905,0.28860952005749646,m2_20260926T165115Z_1ffdde7
impervious,cell_gate,FLAT,2023-08-10,holdout,0.7814069742634937,0.5932,0.8528,18,18,3,True,,1.2738844369158402,0.3519255741199668,m2_20260926T165115Z_1ffdde7
impervious,cluster_gate,FLAT,2023-08-10,holdout,0.7526,0.5932,0.8528,3,18,3,True,,1.1125274182009497,0.3519255741199668,m2_20260926T165115Z_1ffdde7
hand_neg,cell_gate,FLAT,2023-08-10,holdout,0.3936575124609686,0.1013,0.706,18,18,3,True,,-0.431963713820418,0.7803455465744397,m2_20260926T165115Z_1ffdde7
hand_neg,cluster_gate,FLAT,2023-08-10,holdout,0.4609,0.1013,0.706,3,18,3,True,,-0.1567199827311605,0.7803455465744397,m2_20260926T165115Z_1ffdde7
hand_acc_neg,cell_gate,FLAT,2023-08-10,holdout,0.4391145924245069,0.0766,0.8475,18,18,3,True,,-0.2447562104941744,1.0726196271203872,m2_20260926T165115Z_1ffdde7
hand_acc_neg,cluster_gate,FLAT,2023-08-10,holdout,0.5248,0.0766,0.8475,3,18,3,True,,0.09928146958144435,1.0726196271203872,m2_20260926T165115Z_1ffdde7
L1,cell_gate,FLAT,2023-08-10,holdout,0.7665071468745758,0.2545,0.9461,18,18,3,True,,1.1886925532650476,1.0051133906254557,m2_20260926T165115Z_1ffdde7
L1,cluster_gate,FLAT,2023-08-10,holdout,0.6897,0.2545,0.9461,3,18,3,True,,0.798717148982911,1.0051133906254557,m2_20260926T165115Z_1ffdde7
z_sensitivity,cell_gate,FLAT,2023-08-10,holdout,0.7070920851030817,0.435,0.7922,18,18,3,True,,0.8813026290942831,0.4080986995676487,m2_20260926T165115Z_1ffdde7
z_sensitivity,cluster_gate,FLAT,2023-08-10,holdout,0.6674,0.435,0.7922,3,18,3,True,,0.6964489995584462,0.4080986995676487,m2_20260926T165115Z_1ffdde7
rf_F1_wf,cell_gate,FLAT,2023-08-10,holdout,0.653988722096158,0.5148,0.8105,18,18,3,True,,0.6366187371828982,0.35563026387148494,m2_20260926T165115Z_1ffdde7
rf_F1_wf,cluster_gate,FLAT,2023-08-10,holdout,0.6743,0.5148,0.8105,3,18,3,True,,0.7276984034583486,0.35563026387148494,m2_20260926T165115Z_1ffdde7
logit_F1_wf,cell_gate,FLAT,2023-08-10,holdout,0.5720845212466787,0.513,0.6514,18,18,3,True,,0.29036104834915377,0.14622386997650444,m2_20260926T165115Z_1ffdde7
logit_F1_wf,cluster_gate,FLAT,2023-08-10,holdout,0.5688,0.513,0.6514,3,18,3,True,,0.2769568588942436,0.14622386997650444,m2_20260926T165115Z_1ffdde7
slope_neg,object,FLAT,2023-08-10,holdout,0.4888310177302424,0.297896745375206,0.6327506225441756,3,18,3,True,,-0.04468336217231417,0.3574986121132175,m2_20260926T165115Z_1ffdde7
relelev_neg,object,FLAT,2023-08-10,holdout,0.5497614090923856,0.4338533448322041,0.7476229687059096,3,18,3,True,,0.19970673818329265,0.3449352321180389,m2_20260926T165115Z_1ffdde7
twi,object,FLAT,2023-08-10,holdout,0.550041137145996,0.4161835134485906,0.7750453456533618,3,18,3,True,,0.20083690753473793,0.40191633671230526,m2_20260926T165115Z_1ffdde7
impervious,object,FLAT,2023-08-10,holdout,0.7213627865692908,0.496345142955774,0.8423860768402088,3,18,3,True,,0.9512315567224761,0.4313113955598959,m2_20260926T165115Z_1ffdde7
hand_neg,object,FLAT,2023-08-10,holdout,0.4914560337933186,0.1043399850361893,0.7400775786978114,3,18,3,True,,-0.034179191831244404,0.8153920363613563,m2_20260926T165115Z_1ffdde7
hand_acc_neg,object,FLAT,2023-08-10,holdout,0.5424194024649244,0.0836695568066845,0.8629845716936425,3,18,3,True,,0.17008646881739842,1.080072175820909,m2_20260926T165115Z_1ffdde7
L1,object,FLAT,2023-08-10,holdout,0.6739906544072793,0.2223461551110611,0.9330366898920258,3,18,3,True,,0.7262901965334673,0.99143294654205,m2_20260926T165115Z_1ffdde7
z_sensitivity,object,FLAT,2023-08-10,holdout,0.6486893119586908,0.4116936803981842,0.7790694341691693,3,18,3,True,,0.6132829009251415,0.4125636751528009,m2_20260926T165115Z_1ffdde7
rf_F1_wf,object,FLAT,2023-08-10,holdout,0.6631892384173351,0.5071822897250429,0.8159799922411982,3,18,3,True,,0.6775391426360216,0.37261251283391283,m2_20260926T165115Z_1ffdde7
logit_F1_wf,object,FLAT,2023-08-10,holdout,0.558395825502484,0.5153445518829504,0.6421578880504901,3,18,3,True,,0.23465412756330473,0.13350879418058273,m2_20260926T165115Z_1ffdde7
slope_neg,cell_gate,URBAN,2023-08-10,holdout,0.4947589531680441,0.377,0.6394,15,15,3,True,,-0.020964955186827616,0.2742556153265877,m2_20260926T165115Z_1ffdde7
slope_neg,cluster_gate,URBAN,2023-08-10,holdout,0.548,0.377,0.6394,3,15,3,True,,0.1925931071157846,0.2742556153265877,m2_20260926T165115Z_1ffdde7
relelev_neg,cell_gate,URBAN,2023-08-10,holdout,0.413064738292011,0.3814,0.7952,15,15,3,True,,-0.351310195058381,0.4694397304686943,m2_20260926T165115Z_1ffdde7
relelev_neg,cluster_gate,URBAN,2023-08-10,holdout,0.5227,0.3814,0.7952,3,15,3,True,,0.0908624617070255,0.4694397304686943,m2_20260926T165115Z_1ffdde7
twi,cell_gate,URBAN,2023-08-10,holdout,0.6021694214876033,0.5555,0.9671,15,15,3,True,,0.41451260423064096,0.8056042651127933,m2_20260926T165115Z_1ffdde7
twi,cluster_gate,URBAN,2023-08-10,holdout,0.7047,0.5555,0.9671,3,15,3,True,,0.8697803915830997,0.8056042651127933,m2_20260926T165115Z_1ffdde7
impervious,cell_gate,URBAN,2023-08-10,holdout,0.554555785123967,0.3943,0.6151,15,15,3,True,,0.21909538616477753,0.22910473766656836,m2_20260926T165115Z_1ffdde7
impervious,cluster_gate,URBAN,2023-08-10,holdout,0.5033,0.3943,0.6151,3,15,3,True,,0.01320019166900932,0.22910473766656836,m2_20260926T165115Z_1ffdde7
hand_neg,cell_gate,URBAN,2023-08-10,holdout,0.4374380165289256,0.1444,0.8863,15,15,3,True,,-0.25156630158996385,0.9777495591677442,m2_20260926T165115Z_1ffdde7
hand_neg,cluster_gate,URBAN,2023-08-10,holdout,0.5947,0.1444,0.8863,3,15,3,True,,0.38342954307828514,0.9777495591677442,m2_20260926T165115Z_1ffdde7
hand_acc_neg,cell_gate,URBAN,2023-08-10,holdout,0.4472589531680441,0.1096,0.9394,15,15,3,True,,-0.21175188165524017,1.233639991374602,m2_20260926T165115Z_1ffdde7
hand_acc_neg,cluster_gate,URBAN,2023-08-10,holdout,0.6215,0.1096,0.9394,3,15,3,True,,0.49591983807326256,1.233639991374602,m2_20260926T165115Z_1ffdde7
L1,cell_gate,URBAN,2023-08-10,holdout,0.7671074380165289,0.1227,0.8835,15,15,3,True,,1.1920496273424954,1.0186683805591796,m2_20260926T165115Z_1ffdde7
L1,cluster_gate,URBAN,2023-08-10,holdout,0.5752,0.1227,0.8835,3,15,3,True,,0.30309933647910803,1.0186683805591796,m2_20260926T165115Z_1ffdde7
z_sensitivity,cell_gate,URBAN,2023-08-10,holdout,0.5698415977961433,0.4031,0.5965,15,15,3,True,,0.2812049055327157,0.1998678764149098,m2_20260926T165115Z_1ffdde7
z_sensitivity,cluster_gate,URBAN,2023-08-10,holdout,0.5206,0.4031,0.5965,3,15,3,True,,0.08244667056018085,0.1998678764149098,m2_20260926T165115Z_1ffdde7
rf_F1_wf,cell_gate,URBAN,2023-08-10,holdout,0.5588808539944904,0.4184,0.7346,15,15,3,True,,0.2366212977986445,0.34373923081863655,m2_20260926T165115Z_1ffdde7
rf_F1_wf,cluster_gate,URBAN,2023-08-10,holdout,0.5938,0.4184,0.7346,3,15,3,True,,0.3796969131833752,0.34373923081863655,m2_20260926T165115Z_1ffdde7
logit_F1_wf,cell_gate,URBAN,2023-08-10,holdout,0.4823691460055096,0.4098,0.654,15,15,3,True,,-0.07055266712761354,0.25547938916299207,m2_20260926T165115Z_1ffdde7
logit_F1_wf,cluster_gate,URBAN,2023-08-10,holdout,0.5381,0.4098,0.654,3,15,3,True,,0.15269599905881426,0.25547938916299207,m2_20260926T165115Z_1ffdde7
slope_neg,object,URBAN,2023-08-10,holdout,0.5459762936268177,0.3802412278940734,0.6530140082650039,3,15,3,True,,0.18442614317728023,0.28593347737033287,m2_20260926T165115Z_1ffdde7
relelev_neg,object,URBAN,2023-08-10,holdout,0.5236360636535323,0.3734942020459036,0.7919936152063279,3,15,3,True,,0.09461477375605276,0.47302912632755406,m2_20260926T165115Z_1ffdde7
twi,object,URBAN,2023-08-10,holdout,0.65836726650012,0.4776374079871688,0.969382139167981,3,15,3,True,,0.6560266500031158,0.9042475994692607,m2_20260926T165115Z_1ffdde7
impervious,object,URBAN,2023-08-10,holdout,0.5294016296299917,0.3957821080061352,0.6316818391642584,3,15,3,True,,0.11774235463654725,0.2455427185154019,m2_20260926T165115Z_1ffdde7
hand_neg,object,URBAN,2023-08-10,holdout,0.602607293562385,0.1404585488971413,0.8864829344802031,3,15,3,True,,0.41634075336429033,0.9864455045645112,m2_20260926T165115Z_1ffdde7
hand_acc_neg,object,URBAN,2023-08-10,holdout,0.6285078666529179,0.1136985221706732,0.9406758616280658,3,15,3,True,,0.5258208559483115,1.2288718406012153,m2_20260926T165115Z_1ffdde7
L1,object,URBAN,2023-08-10,holdout,0.5738843645795272,0.1239305355469641,0.8683143838168034,3,15,3,True,,0.29771716650439606,0.9800844964878752,m2_20260926T165115Z_1ffdde7
z_sensitivity,object,URBAN,2023-08-10,holdout,0.523925473848765,0.4127409179266559,0.5878172564126966,3,15,3,True,,0.09577503920597086,0.18051232661884387,m2_20260926T165115Z_1ffdde7
rf_F1_wf,object,URBAN,2023-08-10,holdout,0.5958359005699133,0.4108728259898946,0.7317904135454555,3,15,3,True,,0.38814431234178015,0.34798694879528713,m2_20260926T165115Z_1ffdde7
logit_F1_wf,object,URBAN,2023-08-10,holdout,0.5332277274362828,0.4044905090772902,0.6683184034587152,3,15,3,True,,0.133107089211562,0.277397521532974,m2_20260926T165115Z_1ffdde7
slope_neg,cell_gate,AGRI,2023-08-10,holdout,0.6350651840490797,0.6351,0.6351,1,1,1,False,positive_cells_lt_5,,,m2_20260926T165115Z_1ffdde7
slope_neg,cluster_gate,AGRI,2023-08-10,holdout,0.6351,0.6351,0.6351,1,1,1,False,positive_cells_lt_5,,,m2_20260926T165115Z_1ffdde7
relelev_neg,cell_gate,AGRI,2023-08-10,holdout,0.7080138036809815,0.708,0.708,1,1,1,False,positive_cells_lt_5,,,m2_20260926T165115Z_1ffdde7
relelev_neg,cluster_gate,AGRI,2023-08-10,holdout,0.708,0.708,0.708,1,1,1,False,positive_cells_lt_5,,,m2_20260926T165115Z_1ffdde7
twi,cell_gate,AGRI,2023-08-10,holdout,0.7125671012269938,0.7126,0.7126,1,1,1,False,positive_cells_lt_5,,,m2_20260926T165115Z_1ffdde7
twi,cluster_gate,AGRI,2023-08-10,holdout,0.7126,0.7126,0.7126,1,1,1,False,positive_cells_lt_5,,,m2_20260926T165115Z_1ffdde7
impervious,cell_gate,AGRI,2023-08-10,holdout,0.9203412576687116,0.9203,0.9203,1,1,1,False,positive_cells_lt_5,,,m2_20260926T165115Z_1ffdde7
impervious,cluster_gate,AGRI,2023-08-10,holdout,0.9203,0.9203,0.9203,1,1,1,False,positive_cells_lt_5,,,m2_20260926T165115Z_1ffdde7
hand_neg,cell_gate,AGRI,2023-08-10,holdout,0.6220283742331288,0.622,0.622,1,1,1,False,positive_cells_lt_5,,,m2_20260926T165115Z_1ffdde7
hand_neg,cluster_gate,AGRI,2023-08-10,holdout,0.622,0.622,0.622,1,1,1,False,positive_cells_lt_5,,,m2_20260926T165115Z_1ffdde7
hand_acc_neg,cell_gate,AGRI,2023-08-10,holdout,0.79826495398773,0.7983,0.7983,1,1,1,False,positive_cells_lt_5,,,m2_20260926T165115Z_1ffdde7
hand_acc_neg,cluster_gate,AGRI,2023-08-10,holdout,0.7983,0.7983,0.7983,1,1,1,False,positive_cells_lt_5,,,m2_20260926T165115Z_1ffdde7
L1,cell_gate,AGRI,2023-08-10,holdout,0.310103527607362,0.3101,0.3101,1,1,1,False,positive_cells_lt_5,,,m2_20260926T165115Z_1ffdde7
L1,cluster_gate,AGRI,2023-08-10,holdout,0.3101,0.3101,0.3101,1,1,1,False,positive_cells_lt_5,,,m2_20260926T165115Z_1ffdde7
z_sensitivity,cell_gate,AGRI,2023-08-10,holdout,0.5452453987730062,0.5452,0.5452,1,1,1,False,positive_cells_lt_5,,,m2_20260926T165115Z_1ffdde7
z_sensitivity,cluster_gate,AGRI,2023-08-10,holdout,0.5452,0.5452,0.5452,1,1,1,False,positive_cells_lt_5,,,m2_20260926T165115Z_1ffdde7
rf_F1_wf,cell_gate,AGRI,2023-08-10,holdout,0.8560199386503068,0.856,0.856,1,1,1,False,positive_cells_lt_5,,,m2_20260926T165115Z_1ffdde7
rf_F1_wf,cluster_gate,AGRI,2023-08-10,holdout,0.856,0.856,0.856,1,1,1,False,positive_cells_lt_5,,,m2_20260926T165115Z_1ffdde7
logit_F1_wf,cell_gate,AGRI,2023-08-10,holdout,0.5453412576687117,0.5453,0.5453,1,1,1,False,positive_cells_lt_5,,,m2_20260926T165115Z_1ffdde7
logit_F1_wf,cluster_gate,AGRI,2023-08-10,holdout,0.5453,0.5453,0.5453,1,1,1,False,positive_cells_lt_5,,,m2_20260926T165115Z_1ffdde7
slope_neg,object,AGRI,2023-08-10,holdout,0.6781931519054996,0.6781931519054996,0.6781931519054996,1,1,1,False,polygons_lt_3,,,m2_20260926T165115Z_1ffdde7
relelev_neg,object,AGRI,2023-08-10,holdout,0.6938993730234327,0.6938993730234327,0.6938993730234327,1,1,1,False,polygons_lt_3,,,m2_20260926T165115Z_1ffdde7
twi,object,AGRI,2023-08-10,holdout,0.6757744928321574,0.6757744928321574,0.6757744928321574,1,1,1,False,polygons_lt_3,,,m2_20260926T165115Z_1ffdde7
impervious,object,AGRI,2023-08-10,holdout,0.613090303661725,0.613090303661725,0.613090303661725,1,1,1,False,polygons_lt_3,,,m2_20260926T165115Z_1ffdde7
hand_neg,object,AGRI,2023-08-10,holdout,0.6884464385866517,0.6884464385866517,0.6884464385866517,1,1,1,False,polygons_lt_3,,,m2_20260926T165115Z_1ffdde7
hand_acc_neg,object,AGRI,2023-08-10,holdout,0.8258553000560852,0.8258553000560852,0.8258553000560852,1,1,1,False,polygons_lt_3,,,m2_20260926T165115Z_1ffdde7
L1,object,AGRI,2023-08-10,holdout,0.2446808702047917,0.2446808702047917,0.2446808702047917,1,1,1,False,polygons_lt_3,,,m2_20260926T165115Z_1ffdde7
z_sensitivity,object,AGRI,2023-08-10,holdout,0.5047091121567229,0.5047091121567229,0.5047091121567229,1,1,1,False,polygons_lt_3,,,m2_20260926T165115Z_1ffdde7
rf_F1_wf,object,AGRI,2023-08-10,holdout,0.736951043604872,0.736951043604872,0.736951043604872,1,1,1,False,polygons_lt_3,,,m2_20260926T165115Z_1ffdde7
logit_F1_wf,object,AGRI,2023-08-10,holdout,0.5520402440923876,0.5520402440923876,0.5520402440923876,1,1,1,False,polygons_lt_3,,,m2_20260926T165115Z_1ffdde7
slope_neg,cell_gate,UNIVERSE,2023-08-10,holdout,0.7310015075690672,0.548,0.8143,11,11,4,True,,0.9997097468454772,0.32796604507514315,m2_20260926T165115Z_1ffdde7
slope_neg,cluster_gate,UNIVERSE,2023-08-10,holdout,0.6884,0.5625,0.829,4,11,4,True,,0.7926497503407912,0.33858840795566797,m2_20260926T165115Z_1ffdde7
relelev_neg,cell_gate,UNIVERSE,2023-08-10,holdout,0.3563839751652528,0.273,0.5395,11,11,4,True,,-0.5910935820317622,0.29025650989663254,m2_20260926T165115Z_1ffdde7
relelev_neg,cluster_gate,UNIVERSE,2023-08-10,holdout,0.3688,0.2406,0.5208,4,11,4,True,,-0.5373682778492257,0.314454984395927,m2_20260926T165115Z_1ffdde7
twi,cell_gate,UNIVERSE,2023-08-10,holdout,0.7207607425446695,0.6382,0.8709,11,11,4,True,,0.9482382731469756,0.34219499224061795,m2_20260926T165115Z_1ffdde7
twi,cluster_gate,UNIVERSE,2023-08-10,holdout,0.7428,0.6203,0.8653,4,11,4,True,,1.0605728371150867,0.3492932600433399,m2_20260926T165115Z_1ffdde7
impervious,cell_gate,UNIVERSE,2023-08-10,holdout,0.7061846013862499,0.5812,0.8292,11,11,4,True,,0.8769250041080292,0.3194616473529944,m2_20260926T165115Z_1ffdde7
impervious,cluster_gate,UNIVERSE,2023-08-10,holdout,0.7065,0.5596,0.8387,4,11,4,True,,0.8784455628564309,0.3594576895368472,m2_20260926T165115Z_1ffdde7
hand_neg,cell_gate,UNIVERSE,2023-08-10,holdout,0.6342227098776996,0.2087,0.8131,11,11,4,True,,0.5503755189050175,0.7150793992630593,m2_20260926T165115Z_1ffdde7
hand_neg,cluster_gate,UNIVERSE,2023-08-10,holdout,0.5087,0.2044,0.8324,4,11,4,True,,0.034803512654116964,0.7555625048428634,m2_20260926T165115Z_1ffdde7
hand_acc_neg,cell_gate,UNIVERSE,2023-08-10,holdout,0.6743561609619896,0.1514,0.8927,11,11,4,True,,0.7279541342247418,0.9801926337986285,m2_20260926T165115Z_1ffdde7
hand_acc_neg,cluster_gate,UNIVERSE,2023-08-10,holdout,0.5291,0.1655,0.9148,4,11,4,True,,0.11653169266057728,1.01827523568879,m2_20260926T165115Z_1ffdde7
L1,cell_gate,UNIVERSE,2023-08-10,holdout,0.7610369220613554,0.431,0.9448,11,11,4,True,,1.1583728201201617,0.7953673333324892,m2_20260926T165115Z_1ffdde7
L1,cluster_gate,UNIVERSE,2023-08-10,holdout,0.7407,0.3997,0.9355,4,11,4,True,,1.049609992474625,0.7860172969392568,m2_20260926T165115Z_1ffdde7
z_sensitivity,cell_gate,UNIVERSE,2023-08-10,holdout,0.6886200836745435,0.5407,0.7693,11,11,4,True,,0.7936759538912452,0.2656175951297669,m2_20260926T165115Z_1ffdde7
z_sensitivity,cluster_gate,UNIVERSE,2023-08-10,holdout,0.6693,0.5424,0.7786,4,11,4,True,,0.7050207701188496,0.27743318931353467,m2_20260926T165115Z_1ffdde7
rf_F1_wf,cell_gate,UNIVERSE,2023-08-10,holdout,0.7970936922953408,0.6635,0.8512,11,11,4,True,,1.3682278939865076,0.27171756723653756,m2_20260926T165115Z_1ffdde7
rf_F1_wf,cluster_gate,UNIVERSE,2023-08-10,holdout,0.748,0.6633,0.8327,4,11,4,True,,1.0879738904630538,0.23644561384683258,m2_20260926T165115Z_1ffdde7
logit_F1_wf,cell_gate,UNIVERSE,2023-08-10,holdout,0.7006806362119874,0.6197,0.7311,11,11,4,True,,0.8505410903898336,0.13059821890317524,m2_20260926T165115Z_1ffdde7
logit_F1_wf,cluster_gate,UNIVERSE,2023-08-10,holdout,0.6738,0.6211,0.7266,4,11,4,True,,0.7254226407855389,0.12327277893066693,m2_20260926T165115Z_1ffdde7
slope_neg,object,UNIVERSE,2023-08-10,holdout,0.7212340222157271,0.5640661857983648,0.8107109780214367,3,11,4,True,,0.950591024132695,0.30535137205441737,m2_20260926T165115Z_1ffdde7
relelev_neg,object,UNIVERSE,2023-08-10,holdout,0.4048891711189084,0.2936705299960372,0.627141456444236,3,11,4,True,,-0.38513427712825743,0.35653622566906695,m2_20260926T165115Z_1ffdde7
twi,object,UNIVERSE,2023-08-10,holdout,0.7034637305261607,0.5963094942575947,0.8843556510898783,3,11,4,True,,0.863846783137967,0.41945374575962985,m2_20260926T165115Z_1ffdde7
impervious,object,UNIVERSE,2023-08-10,holdout,0.6820935818636135,0.5233465864712252,0.7752049760285322,3,11,4,True,,0.7634098083583354,0.291965618446379,m2_20260926T165115Z_1ffdde7
hand_neg,object,UNIVERSE,2023-08-10,holdout,0.6179038811926494,0.2024667002594983,0.8510835374078196,3,11,4,True,,0.48066071644047376,0.7944209628965888,m2_20260926T165115Z_1ffdde7
hand_acc_neg,object,UNIVERSE,2023-08-10,holdout,0.6541415748354898,0.1666443303955272,0.9328174066722456,3,11,4,True,,0.6372942878160903,1.08175304894184,m2_20260926T165115Z_1ffdde7
L1,object,UNIVERSE,2023-08-10,holdout,0.6758699212298388,0.2608313128380824,0.9204462502285644,3,11,4,True,,0.7348557204034243,0.8903423775092831,m2_20260926T165115Z_1ffdde7
z_sensitivity,object,UNIVERSE,2023-08-10,holdout,0.6478938986889992,0.4948048538416423,0.7412115097315558,3,11,4,True,,0.6097943919969893,0.27374387376006376,m2_20260926T165115Z_1ffdde7
rf_F1_wf,object,UNIVERSE,2023-08-10,holdout,0.7591174906177325,0.6466143093013937,0.8753468993686019,3,11,4,True,,1.147847260332738,0.34309193026702495,m2_20260926T165115Z_1ffdde7
logit_F1_wf,object,UNIVERSE,2023-08-10,holdout,0.6839367350183448,0.5995068022444555,0.7351719567158623,3,11,4,True,,0.7719230214950148,0.15755727411093634,m2_20260926T165115Z_1ffdde7
slope_neg,cell_gate,ALL,2024-07-24,holdout,,,,0,0,0,False,auc_missing_or_boundary,,,m2_20260926T165115Z_1ffdde7
slope_neg,cluster_gate,ALL,2024-07-24,holdout,,,,0,0,0,False,auc_missing_or_boundary,,,m2_20260926T165115Z_1ffdde7
relelev_neg,cell_gate,ALL,2024-07-24,holdout,,,,0,0,0,False,auc_missing_or_boundary,,,m2_20260926T165115Z_1ffdde7
relelev_neg,cluster_gate,ALL,2024-07-24,holdout,,,,0,0,0,False,auc_missing_or_boundary,,,m2_20260926T165115Z_1ffdde7
twi,cell_gate,ALL,2024-07-24,holdout,,,,0,0,0,False,auc_missing_or_boundary,,,m2_20260926T165115Z_1ffdde7
twi,cluster_gate,ALL,2024-07-24,holdout,,,,0,0,0,False,auc_missing_or_boundary,,,m2_20260926T165115Z_1ffdde7
impervious,cell_gate,ALL,2024-07-24,holdout,,,,0,0,0,False,auc_missing_or_boundary,,,m2_20260926T165115Z_1ffdde7
impervious,cluster_gate,ALL,2024-07-24,holdout,,,,0,0,0,False,auc_missing_or_boundary,,,m2_20260926T165115Z_1ffdde7
hand_neg,cell_gate,ALL,2024-07-24,holdout,,,,0,0,0,False,auc_missing_or_boundary,,,m2_20260926T165115Z_1ffdde7
hand_neg,cluster_gate,ALL,2024-07-24,holdout,,,,0,0,0,False,auc_missing_or_boundary,,,m2_20260926T165115Z_1ffdde7
hand_acc_neg,cell_gate,ALL,2024-07-24,holdout,,,,0,0,0,False,auc_missing_or_boundary,,,m2_20260926T165115Z_1ffdde7
hand_acc_neg,cluster_gate,ALL,2024-07-24,holdout,,,,0,0,0,False,auc_missing_or_boundary,,,m2_20260926T165115Z_1ffdde7
L1,cell_gate,ALL,2024-07-24,holdout,,,,0,0,0,False,auc_missing_or_boundary,,,m2_20260926T165115Z_1ffdde7
L1,cluster_gate,ALL,2024-07-24,holdout,,,,0,0,0,False,auc_missing_or_boundary,,,m2_20260926T165115Z_1ffdde7
z_sensitivity,cell_gate,ALL,2024-07-24,holdout,,,,0,0,0,False,auc_missing_or_boundary,,,m2_20260926T165115Z_1ffdde7
z_sensitivity,cluster_gate,ALL,2024-07-24,holdout,,,,0,0,0,False,auc_missing_or_boundary,,,m2_20260926T165115Z_1ffdde7
rf_F1_wf,cell_gate,ALL,2024-07-24,holdout,,,,0,0,0,False,auc_missing_or_boundary,,,m2_20260926T165115Z_1ffdde7
rf_F1_wf,cluster_gate,ALL,2024-07-24,holdout,,,,0,0,0,False,auc_missing_or_boundary,,,m2_20260926T165115Z_1ffdde7
logit_F1_wf,cell_gate,ALL,2024-07-24,holdout,,,,0,0,0,False,auc_missing_or_boundary,,,m2_20260926T165115Z_1ffdde7
logit_F1_wf,cluster_gate,ALL,2024-07-24,holdout,,,,0,0,0,False,auc_missing_or_boundary,,,m2_20260926T165115Z_1ffdde7
slope_neg,object,ALL,2024-07-24,holdout,0.7220625150243893,0.5404717706207419,0.8666829391820109,5,0,0,True,,0.9547155068366447,0.4361562214812553,m2_20260926T165115Z_1ffdde7
relelev_neg,object,ALL,2024-07-24,holdout,0.5563961540067531,0.4732672416310238,0.6376565952124572,5,0,0,True,,0.22654862234786777,0.17149309777723057,m2_20260926T165115Z_1ffdde7
twi,object,ALL,2024-07-24,holdout,0.6329208635597274,0.4641251381017225,0.7960418817428849,5,0,0,True,,0.5447679408185914,0.38405899257336606,m2_20260926T165115Z_1ffdde7
impervious,object,ALL,2024-07-24,holdout,0.8439607916071111,0.7631956656290686,0.9085993357818886,5,0,0,True,,1.6879987265532332,0.28734488272428155,m2_20260926T165115Z_1ffdde7
hand_neg,object,ALL,2024-07-24,holdout,0.765753012411581,0.6626513662431257,0.865417450762261,5,0,0,True,,1.1844836184200662,0.3025316154225253,m2_20260926T165115Z_1ffdde7
hand_acc_neg,object,ALL,2024-07-24,holdout,0.7962460003055569,0.66303175004392,0.905184976445583,5,0,0,True,,1.3629948013791484,0.40290977047527915,m2_20260926T165115Z_1ffdde7
L1,object,ALL,2024-07-24,holdout,0.6187226728235721,0.4573048920959661,0.7937501797208806,5,0,0,True,,0.48413014458127224,0.3874759875797167,m2_20260926T165115Z_1ffdde7
z_sensitivity,object,ALL,2024-07-24,holdout,0.7812857409371193,0.6713222213725453,0.890073832971624,5,0,0,True,,1.2731748236562241,0.3513646523926357,m2_20260926T165115Z_1ffdde7
rf_F1_wf,object,ALL,2024-07-24,holdout,0.8001912048337092,0.6885566928901844,0.9068976867310978,5,0,0,True,,1.3874898200557566,0.3783105926718747,m2_20260926T165115Z_1ffdde7
logit_F1_wf,object,ALL,2024-07-24,holdout,0.7555302422207818,0.6036560259354344,0.8977364100138541,5,0,0,True,,1.128328199123527,0.44684512747597066,m2_20260926T165115Z_1ffdde7
slope_neg,cell_gate,FLAT,2024-07-24,holdout,,,,0,0,0,False,auc_missing_or_boundary,,,m2_20260926T165115Z_1ffdde7
slope_neg,cluster_gate,FLAT,2024-07-24,holdout,,,,0,0,0,False,auc_missing_or_boundary,,,m2_20260926T165115Z_1ffdde7
relelev_neg,cell_gate,FLAT,2024-07-24,holdout,,,,0,0,0,False,auc_missing_or_boundary,,,m2_20260926T165115Z_1ffdde7
relelev_neg,cluster_gate,FLAT,2024-07-24,holdout,,,,0,0,0,False,auc_missing_or_boundary,,,m2_20260926T165115Z_1ffdde7
twi,cell_gate,FLAT,2024-07-24,holdout,,,,0,0,0,False,auc_missing_or_boundary,,,m2_20260926T165115Z_1ffdde7
twi,cluster_gate,FLAT,2024-07-24,holdout,,,,0,0,0,False,auc_missing_or_boundary,,,m2_20260926T165115Z_1ffdde7
impervious,cell_gate,FLAT,2024-07-24,holdout,,,,0,0,0,False,auc_missing_or_boundary,,,m2_20260926T165115Z_1ffdde7
impervious,cluster_gate,FLAT,2024-07-24,holdout,,,,0,0,0,False,auc_missing_or_boundary,,,m2_20260926T165115Z_1ffdde7
hand_neg,cell_gate,FLAT,2024-07-24,holdout,,,,0,0,0,False,auc_missing_or_boundary,,,m2_20260926T165115Z_1ffdde7
hand_neg,cluster_gate,FLAT,2024-07-24,holdout,,,,0,0,0,False,auc_missing_or_boundary,,,m2_20260926T165115Z_1ffdde7
hand_acc_neg,cell_gate,FLAT,2024-07-24,holdout,,,,0,0,0,False,auc_missing_or_boundary,,,m2_20260926T165115Z_1ffdde7
hand_acc_neg,cluster_gate,FLAT,2024-07-24,holdout,,,,0,0,0,False,auc_missing_or_boundary,,,m2_20260926T165115Z_1ffdde7
L1,cell_gate,FLAT,2024-07-24,holdout,,,,0,0,0,False,auc_missing_or_boundary,,,m2_20260926T165115Z_1ffdde7
L1,cluster_gate,FLAT,2024-07-24,holdout,,,,0,0,0,False,auc_missing_or_boundary,,,m2_20260926T165115Z_1ffdde7
z_sensitivity,cell_gate,FLAT,2024-07-24,holdout,,,,0,0,0,False,auc_missing_or_boundary,,,m2_20260926T165115Z_1ffdde7
z_sensitivity,cluster_gate,FLAT,2024-07-24,holdout,,,,0,0,0,False,auc_missing_or_boundary,,,m2_20260926T165115Z_1ffdde7
rf_F1_wf,cell_gate,FLAT,2024-07-24,holdout,,,,0,0,0,False,auc_missing_or_boundary,,,m2_20260926T165115Z_1ffdde7
rf_F1_wf,cluster_gate,FLAT,2024-07-24,holdout,,,,0,0,0,False,auc_missing_or_boundary,,,m2_20260926T165115Z_1ffdde7
logit_F1_wf,cell_gate,FLAT,2024-07-24,holdout,,,,0,0,0,False,auc_missing_or_boundary,,,m2_20260926T165115Z_1ffdde7
logit_F1_wf,cluster_gate,FLAT,2024-07-24,holdout,,,,0,0,0,False,auc_missing_or_boundary,,,m2_20260926T165115Z_1ffdde7
slope_neg,object,FLAT,2024-07-24,holdout,0.4094078623060215,0.1667444071468815,0.6633564615413964,4,0,0,True,,-0.36641377931381647,0.5834714763497374,m2_20260926T165115Z_1ffdde7
relelev_neg,object,FLAT,2024-07-24,holdout,0.6350942093547192,0.4442967024969707,0.7859479104059626,4,0,0,True,,0.5541341366310064,0.38888802597887057,m2_20260926T165115Z_1ffdde7
twi,object,FLAT,2024-07-24,holdout,0.3700253108806413,0.2537436656086281,0.4863069561526545,4,0,0,True,,-0.532108231493402,0.2612187569670658,m2_20260926T165115Z_1ffdde7
impervious,object,FLAT,2024-07-24,holdout,0.717101297119948,0.6579278029466311,0.7744050515445493,4,0,0,True,,0.9301282165138608,0.14777836476756068,m2_20260926T165115Z_1ffdde7
hand_neg,object,FLAT,2024-07-24,holdout,0.5174996765444704,0.3512538907454053,0.6837454623435355,4,0,0,True,,0.07002730895151843,0.35321324260915493,m2_20260926T165115Z_1ffdde7
hand_acc_neg,object,FLAT,2024-07-24,holdout,0.6028158134274642,0.4459670193367169,0.7828505320457536,4,0,0,True,,0.4172115805746247,0.38249047038901546,m2_20260926T165115Z_1ffdde7
L1,object,FLAT,2024-07-24,holdout,0.4533016150331382,0.3120709150198109,0.5945323150464655,4,0,0,True,,-0.18733953097228084,0.2992884580565,m2_20260926T165115Z_1ffdde7
z_sensitivity,object,FLAT,2024-07-24,holdout,0.542397558375227,0.3940453008066817,0.7547588342730475,4,0,0,True,,0.16999845932562885,0.39656227346451356,m2_20260926T165115Z_1ffdde7
rf_F1_wf,object,FLAT,2024-07-24,holdout,0.5351224307638809,0.2358368529093643,0.7611665018517386,4,0,0,True,,0.1407214843102481,0.5956044453129724,m2_20260926T165115Z_1ffdde7
logit_F1_wf,object,FLAT,2024-07-24,holdout,0.4980950526448321,0.2137214245972543,0.7463566024309671,4,0,0,True,,-0.007619826288829956,0.6076417548029898,m2_20260926T165115Z_1ffdde7
slope_neg,cell_gate,URBAN,2024-07-24,holdout,,,,0,0,0,False,auc_missing_or_boundary,,,m2_20260926T165115Z_1ffdde7
slope_neg,cluster_gate,URBAN,2024-07-24,holdout,,,,0,0,0,False,auc_missing_or_boundary,,,m2_20260926T165115Z_1ffdde7
relelev_neg,cell_gate,URBAN,2024-07-24,holdout,,,,0,0,0,False,auc_missing_or_boundary,,,m2_20260926T165115Z_1ffdde7
relelev_neg,cluster_gate,URBAN,2024-07-24,holdout,,,,0,0,0,False,auc_missing_or_boundary,,,m2_20260926T165115Z_1ffdde7
twi,cell_gate,URBAN,2024-07-24,holdout,,,,0,0,0,False,auc_missing_or_boundary,,,m2_20260926T165115Z_1ffdde7
twi,cluster_gate,URBAN,2024-07-24,holdout,,,,0,0,0,False,auc_missing_or_boundary,,,m2_20260926T165115Z_1ffdde7
impervious,cell_gate,URBAN,2024-07-24,holdout,,,,0,0,0,False,auc_missing_or_boundary,,,m2_20260926T165115Z_1ffdde7
impervious,cluster_gate,URBAN,2024-07-24,holdout,,,,0,0,0,False,auc_missing_or_boundary,,,m2_20260926T165115Z_1ffdde7
hand_neg,cell_gate,URBAN,2024-07-24,holdout,,,,0,0,0,False,auc_missing_or_boundary,,,m2_20260926T165115Z_1ffdde7
hand_neg,cluster_gate,URBAN,2024-07-24,holdout,,,,0,0,0,False,auc_missing_or_boundary,,,m2_20260926T165115Z_1ffdde7
hand_acc_neg,cell_gate,URBAN,2024-07-24,holdout,,,,0,0,0,False,auc_missing_or_boundary,,,m2_20260926T165115Z_1ffdde7
hand_acc_neg,cluster_gate,URBAN,2024-07-24,holdout,,,,0,0,0,False,auc_missing_or_boundary,,,m2_20260926T165115Z_1ffdde7
L1,cell_gate,URBAN,2024-07-24,holdout,,,,0,0,0,False,auc_missing_or_boundary,,,m2_20260926T165115Z_1ffdde7
L1,cluster_gate,URBAN,2024-07-24,holdout,,,,0,0,0,False,auc_missing_or_boundary,,,m2_20260926T165115Z_1ffdde7
z_sensitivity,cell_gate,URBAN,2024-07-24,holdout,,,,0,0,0,False,auc_missing_or_boundary,,,m2_20260926T165115Z_1ffdde7
z_sensitivity,cluster_gate,URBAN,2024-07-24,holdout,,,,0,0,0,False,auc_missing_or_boundary,,,m2_20260926T165115Z_1ffdde7
rf_F1_wf,cell_gate,URBAN,2024-07-24,holdout,,,,0,0,0,False,auc_missing_or_boundary,,,m2_20260926T165115Z_1ffdde7
rf_F1_wf,cluster_gate,URBAN,2024-07-24,holdout,,,,0,0,0,False,auc_missing_or_boundary,,,m2_20260926T165115Z_1ffdde7
logit_F1_wf,cell_gate,URBAN,2024-07-24,holdout,,,,0,0,0,False,auc_missing_or_boundary,,,m2_20260926T165115Z_1ffdde7
logit_F1_wf,cluster_gate,URBAN,2024-07-24,holdout,,,,0,0,0,False,auc_missing_or_boundary,,,m2_20260926T165115Z_1ffdde7
slope_neg,object,URBAN,2024-07-24,holdout,0.4495029988450525,0.1763639604300339,0.7226420372600711,5,0,0,True,,-0.20267898325228417,0.6374565991021893,m2_20260926T165115Z_1ffdde7
relelev_neg,object,URBAN,2024-07-24,holdout,0.6598542132741831,0.4505713758585233,0.8207524435278855,5,0,0,True,,0.6626446114462923,0.4387366480349107,m2_20260926T165115Z_1ffdde7
twi,object,URBAN,2024-07-24,holdout,0.3938552828443117,0.2112541136959277,0.5544438956202169,5,0,0,True,,-0.4311352253467504,0.3918502886118692,m2_20260926T165115Z_1ffdde7
impervious,object,URBAN,2024-07-24,holdout,0.3112703295174804,0.1175810068258087,0.5795818155115862,5,0,0,True,,-0.7941870821259449,0.596081468136164,m2_20260926T165115Z_1ffdde7
hand_neg,object,URBAN,2024-07-24,holdout,0.6144514517144872,0.4372168516199687,0.7916860518090055,5,0,0,True,,0.4660628003881802,0.4050032808792809,m2_20260926T165115Z_1ffdde7
hand_acc_neg,object,URBAN,2024-07-24,holdout,0.6724956125612748,0.4895312160809427,0.8547963946753235,5,0,0,True,,0.7194941356372213,0.46291861591623595,m2_20260926T165115Z_1ffdde7
L1,object,URBAN,2024-07-24,holdout,0.2087618770896021,0.0763327105692293,0.3411910436099749,5,0,0,True,,-1.332404704455895,0.4681870077481729,m2_20260926T165115Z_1ffdde7
z_sensitivity,object,URBAN,2024-07-24,holdout,0.3623450548335691,0.1702188005476362,0.5736414107900372,5,0,0,True,,-0.5652003507653766,0.4798050179850019,m2_20260926T165115Z_1ffdde7
rf_F1_wf,object,URBAN,2024-07-24,holdout,0.4687638070236663,0.2163753724070743,0.7211522416402584,5,0,0,True,,-0.12510769837462887,0.5706991816968806,m2_20260926T165115Z_1ffdde7
logit_F1_wf,object,URBAN,2024-07-24,holdout,0.4188909891746583,0.1904258312581931,0.6589615559627109,5,0,0,True,,-0.3273276484196488,0.5372332381456992,m2_20260926T165115Z_1ffdde7
slope_neg,cell_gate,AGRI,2024-07-24,holdout,,,,0,0,0,False,auc_missing_or_boundary,,,m2_20260926T165115Z_1ffdde7
slope_neg,cluster_gate,AGRI,2024-07-24,holdout,,,,0,0,0,False,auc_missing_or_boundary,,,m2_20260926T165115Z_1ffdde7
relelev_neg,cell_gate,AGRI,2024-07-24,holdout,,,,0,0,0,False,auc_missing_or_boundary,,,m2_20260926T165115Z_1ffdde7
relelev_neg,cluster_gate,AGRI,2024-07-24,holdout,,,,0,0,0,False,auc_missing_or_boundary,,,m2_20260926T165115Z_1ffdde7
twi,cell_gate,AGRI,2024-07-24,holdout,,,,0,0,0,False,auc_missing_or_boundary,,,m2_20260926T165115Z_1ffdde7
twi,cluster_gate,AGRI,2024-07-24,holdout,,,,0,0,0,False,auc_missing_or_boundary,,,m2_20260926T165115Z_1ffdde7
impervious,cell_gate,AGRI,2024-07-24,holdout,,,,0,0,0,False,auc_missing_or_boundary,,,m2_20260926T165115Z_1ffdde7
impervious,cluster_gate,AGRI,2024-07-24,holdout,,,,0,0,0,False,auc_missing_or_boundary,,,m2_20260926T165115Z_1ffdde7
hand_neg,cell_gate,AGRI,2024-07-24,holdout,,,,0,0,0,False,auc_missing_or_boundary,,,m2_20260926T165115Z_1ffdde7
hand_neg,cluster_gate,AGRI,2024-07-24,holdout,,,,0,0,0,False,auc_missing_or_boundary,,,m2_20260926T165115Z_1ffdde7
hand_acc_neg,cell_gate,AGRI,2024-07-24,holdout,,,,0,0,0,False,auc_missing_or_boundary,,,m2_20260926T165115Z_1ffdde7
hand_acc_neg,cluster_gate,AGRI,2024-07-24,holdout,,,,0,0,0,False,auc_missing_or_boundary,,,m2_20260926T165115Z_1ffdde7
L1,cell_gate,AGRI,2024-07-24,holdout,,,,0,0,0,False,auc_missing_or_boundary,,,m2_20260926T165115Z_1ffdde7
L1,cluster_gate,AGRI,2024-07-24,holdout,,,,0,0,0,False,auc_missing_or_boundary,,,m2_20260926T165115Z_1ffdde7
z_sensitivity,cell_gate,AGRI,2024-07-24,holdout,,,,0,0,0,False,auc_missing_or_boundary,,,m2_20260926T165115Z_1ffdde7
z_sensitivity,cluster_gate,AGRI,2024-07-24,holdout,,,,0,0,0,False,auc_missing_or_boundary,,,m2_20260926T165115Z_1ffdde7
rf_F1_wf,cell_gate,AGRI,2024-07-24,holdout,,,,0,0,0,False,auc_missing_or_boundary,,,m2_20260926T165115Z_1ffdde7
rf_F1_wf,cluster_gate,AGRI,2024-07-24,holdout,,,,0,0,0,False,auc_missing_or_boundary,,,m2_20260926T165115Z_1ffdde7
logit_F1_wf,cell_gate,AGRI,2024-07-24,holdout,,,,0,0,0,False,auc_missing_or_boundary,,,m2_20260926T165115Z_1ffdde7
logit_F1_wf,cluster_gate,AGRI,2024-07-24,holdout,,,,0,0,0,False,auc_missing_or_boundary,,,m2_20260926T165115Z_1ffdde7
slope_neg,object,AGRI,2024-07-24,holdout,0.8680874929893438,0.8680874929893438,0.8680874929893438,1,0,0,False,polygons_lt_3,,,m2_20260926T165115Z_1ffdde7
relelev_neg,object,AGRI,2024-07-24,holdout,0.6598990465507572,0.6598990465507572,0.6598990465507572,1,0,0,False,polygons_lt_3,,,m2_20260926T165115Z_1ffdde7
twi,object,AGRI,2024-07-24,holdout,0.9762759394279305,0.9762759394279305,0.9762759394279305,1,0,0,False,polygons_lt_3,,,m2_20260926T165115Z_1ffdde7
impervious,object,AGRI,2024-07-24,holdout,0.983510936623668,0.983510936623668,0.983510936623668,1,0,0,False,polygons_lt_3,,,m2_20260926T165115Z_1ffdde7
hand_neg,object,AGRI,2024-07-24,holdout,0.6246214245653393,0.6246214245653393,0.6246214245653393,1,0,0,False,polygons_lt_3,,,m2_20260926T165115Z_1ffdde7
hand_acc_neg,object,AGRI,2024-07-24,holdout,0.8258553000560852,0.8258553000560852,0.8258553000560852,1,0,0,False,polygons_lt_3,,,m2_20260926T165115Z_1ffdde7
L1,object,AGRI,2024-07-24,holdout,0.8049355019629837,0.8049355019629837,0.8049355019629837,1,0,0,False,polygons_lt_3,,,m2_20260926T165115Z_1ffdde7
z_sensitivity,object,AGRI,2024-07-24,holdout,0.9628715647784633,0.9628715647784633,0.9628715647784633,1,0,0,False,polygons_lt_3,,,m2_20260926T165115Z_1ffdde7
rf_F1_wf,object,AGRI,2024-07-24,holdout,0.997195737521032,0.997195737521032,0.997195737521032,1,0,0,False,polygons_lt_3,,,m2_20260926T165115Z_1ffdde7
logit_F1_wf,object,AGRI,2024-07-24,holdout,0.99472798653954,0.99472798653954,0.99472798653954,1,0,0,False,polygons_lt_3,,,m2_20260926T165115Z_1ffdde7
slope_neg,cell_gate,UNIVERSE,2024-07-24,holdout,,,,0,0,0,False,auc_missing_or_boundary,,,m2_20260926T165115Z_1ffdde7
slope_neg,cluster_gate,UNIVERSE,2024-07-24,holdout,,,,0,0,0,False,auc_missing_or_boundary,,,m2_20260926T165115Z_1ffdde7
relelev_neg,cell_gate,UNIVERSE,2024-07-24,holdout,,,,0,0,0,False,auc_missing_or_boundary,,,m2_20260926T165115Z_1ffdde7
relelev_neg,cluster_gate,UNIVERSE,2024-07-24,holdout,,,,0,0,0,False,auc_missing_or_boundary,,,m2_20260926T165115Z_1ffdde7
twi,cell_gate,UNIVERSE,2024-07-24,holdout,,,,0,0,0,False,auc_missing_or_boundary,,,m2_20260926T165115Z_1ffdde7
twi,cluster_gate,UNIVERSE,2024-07-24,holdout,,,,0,0,0,False,auc_missing_or_boundary,,,m2_20260926T165115Z_1ffdde7
impervious,cell_gate,UNIVERSE,2024-07-24,holdout,,,,0,0,0,False,auc_missing_or_boundary,,,m2_20260926T165115Z_1ffdde7
impervious,cluster_gate,UNIVERSE,2024-07-24,holdout,,,,0,0,0,False,auc_missing_or_boundary,,,m2_20260926T165115Z_1ffdde7
hand_neg,cell_gate,UNIVERSE,2024-07-24,holdout,,,,0,0,0,False,auc_missing_or_boundary,,,m2_20260926T165115Z_1ffdde7
hand_neg,cluster_gate,UNIVERSE,2024-07-24,holdout,,,,0,0,0,False,auc_missing_or_boundary,,,m2_20260926T165115Z_1ffdde7
hand_acc_neg,cell_gate,UNIVERSE,2024-07-24,holdout,,,,0,0,0,False,auc_missing_or_boundary,,,m2_20260926T165115Z_1ffdde7
hand_acc_neg,cluster_gate,UNIVERSE,2024-07-24,holdout,,,,0,0,0,False,auc_missing_or_boundary,,,m2_20260926T165115Z_1ffdde7
L1,cell_gate,UNIVERSE,2024-07-24,holdout,,,,0,0,0,False,auc_missing_or_boundary,,,m2_20260926T165115Z_1ffdde7
L1,cluster_gate,UNIVERSE,2024-07-24,holdout,,,,0,0,0,False,auc_missing_or_boundary,,,m2_20260926T165115Z_1ffdde7
z_sensitivity,cell_gate,UNIVERSE,2024-07-24,holdout,,,,0,0,0,False,auc_missing_or_boundary,,,m2_20260926T165115Z_1ffdde7
z_sensitivity,cluster_gate,UNIVERSE,2024-07-24,holdout,,,,0,0,0,False,auc_missing_or_boundary,,,m2_20260926T165115Z_1ffdde7
rf_F1_wf,cell_gate,UNIVERSE,2024-07-24,holdout,,,,0,0,0,False,auc_missing_or_boundary,,,m2_20260926T165115Z_1ffdde7
rf_F1_wf,cluster_gate,UNIVERSE,2024-07-24,holdout,,,,0,0,0,False,auc_missing_or_boundary,,,m2_20260926T165115Z_1ffdde7
logit_F1_wf,cell_gate,UNIVERSE,2024-07-24,holdout,,,,0,0,0,False,auc_missing_or_boundary,,,m2_20260926T165115Z_1ffdde7
logit_F1_wf,cluster_gate,UNIVERSE,2024-07-24,holdout,,,,0,0,0,False,auc_missing_or_boundary,,,m2_20260926T165115Z_1ffdde7
slope_neg,object,UNIVERSE,2024-07-24,holdout,0.8352262965837868,0.5985368382541958,0.973813249869588,3,0,0,True,,1.6231296639119608,0.8205746932823104,m2_20260926T165115Z_1ffdde7
relelev_neg,object,UNIVERSE,2024-07-24,holdout,0.4159136503857164,0.228417224645455,0.618384759375544,3,0,0,True,,-0.33957116329953985,0.4336732857801848,m2_20260926T165115Z_1ffdde7
twi,object,UNIVERSE,2024-07-24,holdout,0.6610730246707527,0.5835260950791997,0.7511737089201876,3,0,0,True,,0.6680796376344013,0.19582414313701313,m2_20260926T165115Z_1ffdde7
impervious,object,UNIVERSE,2024-07-24,holdout,0.679001849020694,0.5279603547209181,0.8841418883672404,3,0,0,True,,0.7491884877833563,0.48987968310460933,m2_20260926T165115Z_1ffdde7
hand_neg,object,UNIVERSE,2024-07-24,holdout,0.7799571307128136,0.6561989873392754,0.8524778299426187,3,0,0,True,,1.2654165697828066,0.2825989923279274,m2_20260926T165115Z_1ffdde7
hand_acc_neg,object,UNIVERSE,2024-07-24,holdout,0.8670887647442456,0.7931807438936654,0.94037558685446,3,0,0,True,,1.87545985170474,0.36072305241991515,m2_20260926T165115Z_1ffdde7
L1,object,UNIVERSE,2024-07-24,holdout,0.5227504099610653,0.2720858179494335,0.6766823161189358,3,0,0,True,,0.09106451894913892,0.4394550559131988,m2_20260926T165115Z_1ffdde7
z_sensitivity,object,UNIVERSE,2024-07-24,holdout,0.6567112596587535,0.4452171782306069,0.8508425266715793,3,0,0,True,,0.6486725372491648,0.5003252577617511,m2_20260926T165115Z_1ffdde7
rf_F1_wf,object,UNIVERSE,2024-07-24,holdout,0.8761108716952258,0.7892013909173102,0.9708920187793428,3,0,0,True,,1.9561056097287026,0.5579399799216147,m2_20260926T165115Z_1ffdde7
logit_F1_wf,object,UNIVERSE,2024-07-24,holdout,0.8068047256620009,0.7062549011550384,0.8629334020698792,3,0,0,True,,1.429380201822411,0.24556745936770086,m2_20260926T165115Z_1ffdde7
slope_neg,cell_gate,ALL,2024-09-20,holdout,0.9225589273389702,0.8555,0.9438,1254,1254,52,True,,2.4776339573651773,0.26597196296378495,m2_20260926T165115Z_1ffdde7
slope_neg,cluster_gate,ALL,2024-09-20,holdout,0.8306,0.7857,0.8669,52,1254,52,True,,1.5898855489786992,0.14659064434445004,m2_20260926T165115Z_1ffdde7
relelev_neg,cell_gate,ALL,2024-09-20,holdout,0.4612044683081627,0.4193,0.5822,1254,1254,52,True,,-0.15549467464084332,0.16772216366634696,m2_20260926T165115Z_1ffdde7
relelev_neg,cluster_gate,ALL,2024-09-20,holdout,0.5762,0.5304,0.6317,52,1254,52,True,,0.3071931768162296,0.10657507163171336,m2_20260926T165115Z_1ffdde7
twi,cell_gate,ALL,2024-09-20,holdout,0.8906552628546007,0.8484,0.904,1254,1254,52,True,,2.0974518247892693,0.13275101571935277,m2_20260926T165115Z_1ffdde7
twi,cluster_gate,ALL,2024-09-20,holdout,0.8223,0.7827,0.8541,52,1254,52,True,,1.5320085568162443,0.12389417298117407,m2_20260926T165115Z_1ffdde7
impervious,cell_gate,ALL,2024-09-20,holdout,0.4227358972476003,0.4083,0.4594,1254,1254,52,True,,-0.31155225119679986,0.053123223031732496,m2_20260926T165115Z_1ffdde7
impervious,cluster_gate,ALL,2024-09-20,holdout,0.4677,0.4232,0.5143,52,1254,52,True,,-0.1293801754468712,0.0935900638352581,m2_20260926T165115Z_1ffdde7
hand_neg,cell_gate,ALL,2024-09-20,holdout,0.9237680164713172,0.8929,0.9359,1254,1254,52,True,,2.4946798697171717,0.142949732389755,m2_20260926T165115Z_1ffdde7
hand_neg,cluster_gate,ALL,2024-09-20,holdout,0.8829,0.8647,0.8993,52,1254,52,True,,2.0201836733038654,0.08535432157056383,m2_20260926T165115Z_1ffdde7
hand_acc_neg,cell_gate,ALL,2024-09-20,holdout,0.9224031127258684,0.8848,0.9356,1254,1254,52,True,,2.475455029605659,0.1626005692250031,m2_20260926T165115Z_1ffdde7
hand_acc_neg,cluster_gate,ALL,2024-09-20,holdout,0.8799,0.8565,0.9003,52,1254,52,True,,1.9914835355655771,0.10562517598488,m2_20260926T165115Z_1ffdde7
L1,cell_gate,ALL,2024-09-20,holdout,0.4315530361645636,0.3811,0.5864,1254,1254,52,True,,-0.27551760330397024,0.2127551156097992,m2_20260926T165115Z_1ffdde7
L1,cluster_gate,ALL,2024-09-20,holdout,0.5974,0.5362,0.6593,52,1254,52,True,,0.39464339257631853,0.13141122605699035,m2_20260926T165115Z_1ffdde7
z_sensitivity,cell_gate,ALL,2024-09-20,holdout,0.7331409933012462,0.7169,0.7534,1254,1254,52,True,,1.010617580288202,0.0478816287613494,m2_20260926T165115Z_1ffdde7
z_sensitivity,cluster_gate,ALL,2024-09-20,holdout,0.7579,0.7274,0.7852,52,1254,52,True,,1.1412005868739707,0.08029741591170221,m2_20260926T165115Z_1ffdde7
rf_F1_wf,cell_gate,ALL,2024-09-20,holdout,0.8427513224372053,0.8199,0.8515,1254,1254,52,True,,1.67884343753607,0.05886445216847101,m2_20260926T165115Z_1ffdde7
rf_F1_wf,cluster_gate,ALL,2024-09-20,holdout,0.8187,0.7917,0.8433,52,1254,52,True,,1.507564598621597,0.08872265920482589,m2_20260926T165115Z_1ffdde7
logit_F1_wf,cell_gate,ALL,2024-09-20,holdout,0.8459306181162206,0.8213,0.8566,1254,1254,52,True,,1.7030343118925841,0.06687702184907904,m2_20260926T165115Z_1ffdde7
logit_F1_wf,cluster_gate,ALL,2024-09-20,holdout,0.8092,0.7714,0.8385,52,1254,52,True,,1.4448203462794045,0.10991940351604206,m2_20260926T165115Z_1ffdde7
slope_neg,object,ALL,2024-09-20,holdout,0.8189433457412396,0.7963193438642692,0.8388699425388694,183,1254,52,True,,1.509204917297407,0.07306177504220837,m2_20260926T165115Z_1ffdde7
relelev_neg,object,ALL,2024-09-20,holdout,0.6194379133162635,0.5945378882913176,0.6458970622450682,183,1254,52,True,,0.4871631401097124,0.05568864497134362,m2_20260926T165115Z_1ffdde7
twi,object,ALL,2024-09-20,holdout,0.8122472548540232,0.7905081196909389,0.8336744575678477,183,1254,52,True,,1.4646788830415418,0.07242609450945264,m2_20260926T165115Z_1ffdde7
impervious,object,ALL,2024-09-20,holdout,0.6037830418505046,0.5675513900169198,0.6389469155058918,183,1254,52,True,,0.4212529958308352,0.07625869176389895,m2_20260926T165115Z_1ffdde7
hand_neg,object,ALL,2024-09-20,holdout,0.8465279800845695,0.8318301095155625,0.8621591131573989,183,1254,52,True,,1.707624985146692,0.059870056821095675,m2_20260926T165115Z_1ffdde7
hand_acc_neg,object,ALL,2024-09-20,holdout,0.8550357083401541,0.8404285515376531,0.8698508390564866,183,1254,52,True,,1.7746557845275355,0.060771625758142746,m2_20260926T165115Z_1ffdde7
L1,object,ALL,2024-09-20,holdout,0.7072260306270862,0.6769982023933608,0.7390493109536423,183,1254,52,True,,0.8819494429392585,0.07679285435162614,m2_20260926T165115Z_1ffdde7
z_sensitivity,object,ALL,2024-09-20,holdout,0.8081844941834656,0.7911161055970337,0.8259629284877674,183,1254,52,True,,1.4382563639873038,0.057556003697709496,m2_20260926T165115Z_1ffdde7
rf_F1_wf,object,ALL,2024-09-20,holdout,0.8394428837685657,0.823560111133783,0.8555444567899652,183,1254,52,True,,1.6540886945561322,0.06074345311049649,m2_20260926T165115Z_1ffdde7
logit_F1_wf,object,ALL,2024-09-20,holdout,0.8318238028175527,0.8131717956649187,0.8503838137620967,183,1254,52,True,,1.598608420376902,0.06807819990747326,m2_20260926T165115Z_1ffdde7
slope_neg,cell_gate,FLAT,2024-09-20,holdout,0.7707035169105423,0.5974,0.8231,1216,1216,47,True,,1.2122879038902008,0.29154864968213523,m2_20260926T165115Z_1ffdde7
slope_neg,cluster_gate,FLAT,2024-09-20,holdout,0.5704,0.4971,0.6355,47,1216,47,True,,0.28348332590543135,0.14476941253368494,m2_20260926T165115Z_1ffdde7
relelev_neg,cell_gate,FLAT,2024-09-20,holdout,0.2944276606598456,0.2284,0.4959,1216,1216,47,True,,-0.8739759638219512,0.30637487350004894,m2_20260926T165115Z_1ffdde7
relelev_neg,cluster_gate,FLAT,2024-09-20,holdout,0.5003,0.4215,0.5841,47,1216,47,True,,0.001200000143999902,0.16741280162941882,m2_20260926T165115Z_1ffdde7
twi,cell_gate,FLAT,2024-09-20,holdout,0.6897050553203503,0.6178,0.7095,1216,1216,47,True,,0.7987407705456566,0.10529177446254959,m2_20260926T165115Z_1ffdde7
twi,cluster_gate,FLAT,2024-09-20,holdout,0.5911,0.5317,0.6461,47,1216,47,True,,0.36851458045972707,0.12116794049237775,m2_20260926T165115Z_1ffdde7
impervious,cell_gate,FLAT,2024-09-20,holdout,0.2535296561547298,0.2431,0.2858,1216,1216,47,True,,-1.0798750862656374,0.056094779052805924,m2_20260926T165115Z_1ffdde7
impervious,cluster_gate,FLAT,2024-09-20,holdout,0.3101,0.2638,0.3656,47,1216,47,True,,-0.7996518334456597,0.12121925547335295,m2_20260926T165115Z_1ffdde7
hand_neg,cell_gate,FLAT,2024-09-20,holdout,0.8044927942986899,0.726,0.8365,1216,1216,47,True,,1.4146147730939778,0.16785808995547852,m2_20260926T165115Z_1ffdde7
hand_neg,cluster_gate,FLAT,2024-09-20,holdout,0.6929,0.6425,0.7451,47,1216,47,True,,0.8137122611865588,0.12408791063996191,m2_20260926T165115Z_1ffdde7
hand_acc_neg,cell_gate,FLAT,2024-09-20,holdout,0.7747825862066876,0.6855,0.8128,1216,1216,47,True,,1.2355162368906396,0.1758050391116175,m2_20260926T165115Z_1ffdde7
hand_acc_neg,cluster_gate,FLAT,2024-09-20,holdout,0.6793,0.6253,0.7326,47,1216,47,True,,0.750556749498147,0.12646874147016496,m2_20260926T165115Z_1ffdde7
L1,cell_gate,FLAT,2024-09-20,holdout,0.1874193459463651,0.1461,0.3261,1216,1216,47,True,,-1.4668665778902825,0.26522046609034583,m2_20260926T165115Z_1ffdde7
L1,cluster_gate,FLAT,2024-09-20,holdout,0.3736,0.3032,0.4469,47,1216,47,True,,-0.5168034383219058,0.15788601616934508,m2_20260926T165115Z_1ffdde7
z_sensitivity,cell_gate,FLAT,2024-09-20,holdout,0.3295163013580779,0.2961,0.3723,1216,1216,47,True,,-0.7103735644517527,0.08764872818373574,m2_20260926T165115Z_1ffdde7
z_sensitivity,cluster_gate,FLAT,2024-09-20,holdout,0.4169,0.3513,0.4826,47,1216,47,True,,-0.3355123133413591,0.13870195796322798,m2_20260926T165115Z_1ffdde7
rf_F1_wf,cell_gate,FLAT,2024-09-20,holdout,0.5103883935711828,0.4754,0.5345,1216,1216,47,True,,0.04155955504530662,0.06038354483085164,m2_20260926T165115Z_1ffdde7
rf_F1_wf,cluster_gate,FLAT,2024-09-20,holdout,0.5025,0.4437,0.5605,47,1216,47,True,,0.010000083334583132,0.11973449200738998,m2_20260926T165115Z_1ffdde7
logit_F1_wf,cell_gate,FLAT,2024-09-20,holdout,0.4999681927675806,0.4482,0.5262,1216,1216,47,True,,-0.0001272289298492879,0.07980814437548997,m2_20260926T165115Z_1ffdde7
logit_F1_wf,cluster_gate,FLAT,2024-09-20,holdout,0.4769,0.4124,0.5394,47,1216,47,True,,-0.09246582507238676,0.1306095722968371,m2_20260926T165115Z_1ffdde7
slope_neg,object,FLAT,2024-09-20,holdout,0.5433367776896189,0.5034232695752509,0.5852199910663389,163,1216,47,True,,0.17378315667906163,0.08432457414228271,m2_20260926T165115Z_1ffdde7
relelev_neg,object,FLAT,2024-09-20,holdout,0.5781106313327766,0.5370216150309506,0.6201742520200807,163,1216,47,True,,0.31502213393710776,0.08722862419978705,m2_20260926T165115Z_1ffdde7
twi,object,FLAT,2024-09-20,holdout,0.6018522474703076,0.5665428525023317,0.6398899758785235,163,1216,47,True,,0.4131888051839867,0.07835012812407308,m2_20260926T165115Z_1ffdde7
impervious,object,FLAT,2024-09-20,holdout,0.4439078781672166,0.4044661457892237,0.4867845410872917,163,1216,47,True,,-0.2253169079760885,0.08520974119714375,m2_20260926T165115Z_1ffdde7
hand_neg,object,FLAT,2024-09-20,holdout,0.6112243432478597,0.5763174940138158,0.6505613914107541,163,1216,47,True,,0.4524616062795966,0.08006102020257042,m2_20260926T165115Z_1ffdde7
hand_acc_neg,object,FLAT,2024-09-20,holdout,0.622565209905735,0.5870053867456558,0.6632947954823688,163,1216,47,True,,0.5004505654256981,0.08326997398365359,m2_20260926T165115Z_1ffdde7
L1,object,FLAT,2024-09-20,holdout,0.5074563001483847,0.4640647064722341,0.5532907299938902,163,1216,47,True,,0.02982741178743875,0.09131929332924325,m2_20260926T165115Z_1ffdde7
z_sensitivity,object,FLAT,2024-09-20,holdout,0.5358558276089839,0.4983884661602569,0.578050036109971,163,1216,47,True,,0.14366992622431907,0.08194534562338096,m2_20260926T165115Z_1ffdde7
rf_F1_wf,object,FLAT,2024-09-20,holdout,0.571070251592712,0.5340880779670213,0.6099028710229654,163,1216,47,True,,0.28621908575772403,0.07916977166591328,m2_20260926T165115Z_1ffdde7
logit_F1_wf,object,FLAT,2024-09-20,holdout,0.576811977958499,0.536890954319304,0.6179658515334921,163,1216,47,True,,0.3096997751410222,0.0849736884238354,m2_20260926T165115Z_1ffdde7
slope_neg,cell_gate,URBAN,2024-09-20,holdout,0.6659923014068145,0.5663,0.8357,21,21,11,True,,0.6901140686330942,0.34689534103985986,m2_20260926T165115Z_1ffdde7
slope_neg,cluster_gate,URBAN,2024-09-20,holdout,0.7085,0.5491,0.8514,11,21,11,True,,0.8881100533401881,0.39505545623993016,m2_20260926T165115Z_1ffdde7
relelev_neg,cell_gate,URBAN,2024-09-20,holdout,0.3483219626490249,0.1839,0.4828,21,21,11,True,,-0.6264234001343969,0.3625876848762956,m2_20260926T165115Z_1ffdde7
relelev_neg,cluster_gate,URBAN,2024-09-20,holdout,0.3248,0.151,0.5213,11,21,11,True,,-0.7317993349942246,0.46226128621880014,m2_20260926T165115Z_1ffdde7
twi,cell_gate,URBAN,2024-09-20,holdout,0.5548918554397156,0.3826,0.6432,21,21,11,True,,0.22045596557105684,0.27240484535520476,m2_20260926T165115Z_1ffdde7
twi,cluster_gate,URBAN,2024-09-20,holdout,0.5206,0.3617,0.6687,11,21,11,True,,0.08244667056018085,0.32406321827289725,m2_20260926T165115Z_1ffdde7
impervious,cell_gate,URBAN,2024-09-20,holdout,0.330077182826821,0.0909,0.4256,21,21,11,True,,-0.7078359930330512,0.5109453627811977,m2_20260926T165115Z_1ffdde7
impervious,cluster_gate,URBAN,2024-09-20,holdout,0.2416,0.0848,0.4252,11,21,11,True,,-1.1439274848801522,0.5299547814339304,m2_20260926T165115Z_1ffdde7
hand_neg,cell_gate,URBAN,2024-09-20,holdout,0.7316740010041644,0.602,0.8035,21,21,11,True,,1.0031324055002697,0.25370601748002275,m2_20260926T165115Z_1ffdde7
hand_neg,cluster_gate,URBAN,2024-09-20,holdout,0.7119,0.5746,0.8253,11,21,11,True,,0.9046298100193446,0.31940191390133904,m2_20260926T165115Z_1ffdde7
hand_acc_neg,cell_gate,URBAN,2024-09-20,holdout,0.7184844994437717,0.5445,0.7809,21,21,11,True,,0.9369566215845919,0.2786904853893455,m2_20260926T165115Z_1ffdde7
hand_acc_neg,cluster_gate,URBAN,2024-09-20,holdout,0.6636,0.5229,0.7826,11,21,11,True,,0.6793786302174962,0.30337766810961425,m2_20260926T165115Z_1ffdde7
L1,cell_gate,URBAN,2024-09-20,holdout,0.4736603758724908,0.0825,0.6284,21,21,11,True,,-0.10545611934321342,0.748537526499102,m2_20260926T165115Z_1ffdde7
L1,cluster_gate,URBAN,2024-09-20,holdout,0.274,0.0809,0.5118,11,21,11,True,,-0.9744219084367258,0.631998825388574,m2_20260926T165115Z_1ffdde7
z_sensitivity,cell_gate,URBAN,2024-09-20,holdout,0.4089163885525266,0.1129,0.527,21,21,11,True,,-0.3684467757525077,0.5534694569730796,m2_20260926T165115Z_1ffdde7
z_sensitivity,cluster_gate,URBAN,2024-09-20,holdout,0.2987,0.1129,0.524,11,21,11,True,,-0.8534960303208006,0.5504001837479825,m2_20260926T165115Z_1ffdde7
rf_F1_wf,cell_gate,URBAN,2024-09-20,holdout,0.5804660503854219,0.2985,0.6868,21,21,11,True,,0.3246868646340838,0.41828629111297405,m2_20260926T165115Z_1ffdde7
rf_F1_wf,cluster_gate,URBAN,2024-09-20,holdout,0.4631,0.2849,0.6514,11,21,11,True,,-0.14786884394181754,0.3942630893978849,m2_20260926T165115Z_1ffdde7
logit_F1_wf,cell_gate,URBAN,2024-09-20,holdout,0.4992124201344792,0.3535,0.6142,21,21,11,True,,-0.003150322067535849,0.27263032097530315,m2_20260926T165115Z_1ffdde7
logit_F1_wf,cluster_gate,URBAN,2024-09-20,holdout,0.479,0.34,0.6459,11,21,11,True,,-0.08404944434245176,0.32254662874010437,m2_20260926T165115Z_1ffdde7
slope_neg,object,URBAN,2024-09-20,holdout,0.5555325075449611,0.4819254423380769,0.6212852841794831,68,21,11,True,,0.22305020735529768,0.1447314670757406,m2_20260926T165115Z_1ffdde7
relelev_neg,object,URBAN,2024-09-20,holdout,0.5160608211028396,0.4502777243288952,0.5867502631727415,68,21,11,True,,0.0642653935050369,0.14033314579497944,m2_20260926T165115Z_1ffdde7
twi,object,URBAN,2024-09-20,holdout,0.5477427438010082,0.4718117750807668,0.6183120600347183,68,21,11,True,,0.19155456229530332,0.15185546899845587,m2_20260926T165115Z_1ffdde7
impervious,object,URBAN,2024-09-20,holdout,0.4704759968346027,0.400672592876132,0.5437606973552388,68,21,11,True,,-0.11823355433909721,0.14749128627496788,m2_20260926T165115Z_1ffdde7
hand_neg,object,URBAN,2024-09-20,holdout,0.573657612228069,0.5131958847156352,0.6337306778148104,68,21,11,True,,0.29678997335202306,0.1263950141229131,m2_20260926T165115Z_1ffdde7
hand_acc_neg,object,URBAN,2024-09-20,holdout,0.6308962214880426,0.5640651973823793,0.6894685794765276,68,21,11,True,,0.5360635351975565,0.13774714605720512,m2_20260926T165115Z_1ffdde7
L1,object,URBAN,2024-09-20,holdout,0.5539215401755436,0.4710275600330133,0.6374905724353132,68,21,11,True,,0.2165281970486881,0.17360235669830407,m2_20260926T165115Z_1ffdde7
z_sensitivity,object,URBAN,2024-09-20,holdout,0.5575024648564367,0.4726243035904901,0.6436277729516308,68,21,11,True,,0.23103203045621334,0.1787678774346834,m2_20260926T165115Z_1ffdde7
rf_F1_wf,object,URBAN,2024-09-20,holdout,0.5915001872876376,0.5143389171494241,0.6669547348939174,68,21,11,True,,0.37017054422658624,0.16252144761570478,m2_20260926T165115Z_1ffdde7
logit_F1_wf,object,URBAN,2024-09-20,holdout,0.5867351871641645,0.5099028847326001,0.6698668480349159,68,21,11,True,,0.3504850080549431,0.17040266559518805,m2_20260926T165115Z_1ffdde7
slope_neg,cell_gate,AGRI,2024-09-20,holdout,0.7818269684220438,0.6294,0.8265,1112,1112,47,True,,1.2763449772670705,0.26311163246633645,m2_20260926T165115Z_1ffdde7
slope_neg,cluster_gate,AGRI,2024-09-20,holdout,0.566,0.4975,0.6265,47,1112,47,True,,0.26554954410277787,0.13450013807819017,m2_20260926T165115Z_1ffdde7
relelev_neg,cell_gate,AGRI,2024-09-20,holdout,0.3616586936437332,0.3105,0.5002,1112,1112,47,True,,-0.5681721714052352,0.20372384446898234,m2_20260926T165115Z_1ffdde7
relelev_neg,cluster_gate,AGRI,2024-09-20,holdout,0.5348,0.4687,0.6011,47,1112,47,True,,0.139425424583279,0.13658783627792997,m2_20260926T165115Z_1ffdde7
twi,cell_gate,AGRI,2024-09-20,holdout,0.6847534846278112,0.6312,0.699,1112,1112,47,True,,0.7757039757893278,0.07785148146671776,m2_20260926T165115Z_1ffdde7
twi,cluster_gate,AGRI,2024-09-20,holdout,0.5869,0.5268,0.6406,47,1112,47,True,,0.3511647531615699,0.1200701718942953,m2_20260926T165115Z_1ffdde7
impervious,cell_gate,AGRI,2024-09-20,holdout,0.470272028273744,0.4585,0.4925,1112,1112,47,True,,-0.11905230305419312,0.03479158941605027,m2_20260926T165115Z_1ffdde7
impervious,cluster_gate,AGRI,2024-09-20,holdout,0.4851,0.4563,0.5216,47,1112,47,True,,-0.05961765180092493,0.06676167170897089,m2_20260926T165115Z_1ffdde7
hand_neg,cell_gate,AGRI,2024-09-20,holdout,0.7828854875545974,0.7198,0.812,1112,1112,47,True,,1.2825615154879328,0.1325505518693593,m2_20260926T165115Z_1ffdde7
hand_neg,cluster_gate,AGRI,2024-09-20,holdout,0.6813,0.6242,0.7296,47,1112,47,True,,0.7597525163563318,0.12377277224506152,m2_20260926T165115Z_1ffdde7
hand_acc_neg,cell_gate,AGRI,2024-09-20,holdout,0.7426856390651881,0.6825,0.7739,1112,1112,47,True,,1.059974326668899,0.11867069546568355,m2_20260926T165115Z_1ffdde7
hand_acc_neg,cluster_gate,AGRI,2024-09-20,holdout,0.6336,0.573,0.6859,47,1112,47,True,,0.5476922077002412,0.12421624537882145,m2_20260926T165115Z_1ffdde7
L1,cell_gate,AGRI,2024-09-20,holdout,0.2990618769869846,0.2447,0.4782,1112,1112,47,True,,-0.8517691151173417,0.26526679607237513,m2_20260926T165115Z_1ffdde7
L1,cluster_gate,AGRI,2024-09-20,holdout,0.5173,0.4434,0.5882,47,1112,47,True,,0.06922763434302215,0.1489577839290781,m2_20260926T165115Z_1ffdde7
z_sensitivity,cell_gate,AGRI,2024-09-20,holdout,0.54311404432939,0.5044,0.5815,1112,1112,47,True,,0.17288551447424938,0.07942330322117451,m2_20260926T165115Z_1ffdde7
z_sensitivity,cluster_gate,AGRI,2024-09-20,holdout,0.6008,0.5422,0.6561,47,1112,47,True,,0.4087995560126161,0.12162462502554458,m2_20260926T165115Z_1ffdde7
rf_F1_wf,cell_gate,AGRI,2024-09-20,holdout,0.6565349265486227,0.6207,0.6774,1112,1112,47,True,,0.6478904654282946,0.0636053396731979,m2_20260926T165115Z_1ffdde7
rf_F1_wf,cluster_gate,AGRI,2024-09-20,holdout,0.6298,0.5745,0.68,47,1112,47,True,,0.5313589085275273,0.11570025181034908,m2_20260926T165115Z_1ffdde7
logit_F1_wf,cell_gate,AGRI,2024-09-20,holdout,0.677107236000707,0.6157,0.7034,1112,1112,47,True,,0.7405093910916012,0.1000541232092393,m2_20260926T165115Z_1ffdde7
logit_F1_wf,cluster_gate,AGRI,2024-09-20,holdout,0.6104,0.5507,0.6673,47,1112,47,True,,0.44899390820186746,0.12563984863435732,m2_20260926T165115Z_1ffdde7
slope_neg,object,AGRI,2024-09-20,holdout,0.5725185590145807,0.5270166379126437,0.6231732301030755,109,1112,47,True,,0.2921342778608329,0.10073324030350651,m2_20260926T165115Z_1ffdde7
relelev_neg,object,AGRI,2024-09-20,holdout,0.5807891252329445,0.5308976804708525,0.6290374416062086,109,1112,47,True,,0.3260136651771596,0.10315017174067338,m2_20260926T165115Z_1ffdde7
twi,object,AGRI,2024-09-20,holdout,0.6197323487754165,0.5818973437749528,0.6566739276803202,109,1112,47,True,,0.4884123391947505,0.08110860548048174,m2_20260926T165115Z_1ffdde7
impervious,object,AGRI,2024-09-20,holdout,0.4940618090356106,0.4702356118119689,0.5196654193975476,109,1112,47,True,,-0.023753880715568165,0.05048581609313877,m2_20260926T165115Z_1ffdde7
hand_neg,object,AGRI,2024-09-20,holdout,0.6678832386558624,0.6270682097420248,0.7065635441260825,109,1112,47,True,,0.6986267679439528,0.09160684704319066,m2_20260926T165115Z_1ffdde7
hand_acc_neg,object,AGRI,2024-09-20,holdout,0.6313634613872513,0.5892269260830852,0.6724297675066673,109,1112,47,True,,0.5380705368400779,0.09143656183421024,m2_20260926T165115Z_1ffdde7
L1,object,AGRI,2024-09-20,holdout,0.5476708635888542,0.4969476376607035,0.595490592121098,109,1112,47,True,,0.19126439987818555,0.10176722641147246,m2_20260926T165115Z_1ffdde7
z_sensitivity,object,AGRI,2024-09-20,holdout,0.6389012706647366,0.6023200093422274,0.6718343466510764,109,1112,47,True,,0.5705985270332138,0.07687693248517817,m2_20260926T165115Z_1ffdde7
rf_F1_wf,object,AGRI,2024-09-20,holdout,0.6341120867650545,0.5984808507634706,0.6722598267431436,109,1112,47,True,,0.5498986933100807,0.08145161668198382,m2_20260926T165115Z_1ffdde7
logit_F1_wf,object,AGRI,2024-09-20,holdout,0.654466029293895,0.6145030209384116,0.6954645829728585,109,1112,47,True,,0.6387287190171138,0.0917139827045919,m2_20260926T165115Z_1ffdde7
slope_neg,cell_gate,UNIVERSE,2024-09-20,holdout,0.7784268009103503,0.7124,0.8363,96,96,61,True,,1.2565219562250343,0.1846674214811274,m2_20260926T165115Z_1ffdde7
slope_neg,cluster_gate,UNIVERSE,2024-09-20,holdout,0.749,0.689,0.8055,61,96,61,True,,1.0932860443854355,0.1595903510622186,m2_20260926T165115Z_1ffdde7
relelev_neg,cell_gate,UNIVERSE,2024-09-20,holdout,0.3029481248763111,0.2322,0.398,96,96,61,True,,-0.8332982484569531,0.19952529216042325,m2_20260926T165115Z_1ffdde7
relelev_neg,cluster_gate,UNIVERSE,2024-09-20,holdout,0.361,0.2827,0.4497,61,96,61,True,,-0.5710264960446538,0.18603020614047666,m2_20260926T165115Z_1ffdde7
twi,cell_gate,UNIVERSE,2024-09-20,holdout,0.6956304835411307,0.633,0.7479,96,96,61,True,,0.8265761269633527,0.13835327464994507,m2_20260926T165115Z_1ffdde7
twi,cluster_gate,UNIVERSE,2024-09-20,holdout,0.6992,0.6397,0.7517,61,96,61,True,,0.843491232265641,0.13613447011693097,m2_20260926T165115Z_1ffdde7
impervious,cell_gate,UNIVERSE,2024-09-20,holdout,0.2618741341777162,0.1988,0.3337,96,96,61,True,,-1.0362503755248609,0.17916494417698156,m2_20260926T165115Z_1ffdde7
impervious,cluster_gate,UNIVERSE,2024-09-20,holdout,0.2112,0.1754,0.2497,61,96,61,True,,-1.317707251456319,0.11418995823379986,m2_20260926T165115Z_1ffdde7
hand_neg,cell_gate,UNIVERSE,2024-09-20,holdout,0.7937817468170724,0.7526,0.8301,96,96,61,True,,1.347873455991377,0.12087179466548782,m2_20260926T165115Z_1ffdde7
hand_neg,cluster_gate,UNIVERSE,2024-09-20,holdout,0.7917,0.7471,0.8346,61,96,61,True,,1.3352031839104614,0.13657926841642026,m2_20260926T165115Z_1ffdde7
hand_acc_neg,cell_gate,UNIVERSE,2024-09-20,holdout,0.8058826439738769,0.7567,0.844,96,96,61,True,,1.4234752247575369,0.1412334277064127,m2_20260926T165115Z_1ffdde7
hand_acc_neg,cluster_gate,UNIVERSE,2024-09-20,holdout,0.8002,0.7498,0.8454,61,96,61,True,,1.3875448302086817,0.15342701459167457,m2_20260926T165115Z_1ffdde7
L1,cell_gate,UNIVERSE,2024-09-20,holdout,0.269435648789498,0.1816,0.381,96,96,61,True,,-0.9974877374823385,0.2602697955064079,m2_20260926T165115Z_1ffdde7
L1,cluster_gate,UNIVERSE,2024-09-20,holdout,0.2645,0.213,0.3184,61,96,61,True,,-1.022709288743138,0.13923765065794916,m2_20260926T165115Z_1ffdde7
z_sensitivity,cell_gate,UNIVERSE,2024-09-20,holdout,0.3755030015172504,0.3162,0.4378,96,96,61,True,,-0.5086800587210707,0.13296037150612997,m2_20260926T165115Z_1ffdde7
z_sensitivity,cluster_gate,UNIVERSE,2024-09-20,holdout,0.368,0.3269,0.4132,61,96,61,True,,-0.5408064559779264,0.09476890575372904,m2_20260926T165115Z_1ffdde7
rf_F1_wf,cell_gate,UNIVERSE,2024-09-20,holdout,0.566038017844185,0.4938,0.629,96,96,61,True,,0.2657043137393471,0.1410052607223442,m2_20260926T165115Z_1ffdde7
rf_F1_wf,cluster_gate,UNIVERSE,2024-09-20,holdout,0.5447,0.4884,0.5967,61,96,61,True,,0.1792786420488922,0.1117729977624234,m2_20260926T165115Z_1ffdde7
logit_F1_wf,cell_gate,UNIVERSE,2024-09-20,holdout,0.5954455686390923,0.5484,0.6352,96,96,61,True,,0.38652368815273386,0.09193600983557576,m2_20260926T165115Z_1ffdde7
logit_F1_wf,cluster_gate,UNIVERSE,2024-09-20,holdout,0.5819,0.5373,0.6246,61,96,61,True,,0.33057797330010485,0.09174699681003202,m2_20260926T165115Z_1ffdde7
slope_neg,object,UNIVERSE,2024-09-20,holdout,0.6468513909917664,0.599886613364878,0.6910603043722989,134,96,61,True,,0.6052276217358419,0.1020652190806325,m2_20260926T165115Z_1ffdde7
relelev_neg,object,UNIVERSE,2024-09-20,holdout,0.4925333267894706,0.442446516700386,0.543102738194034,134,96,61,True,,-0.029868913278199072,0.10308321897922881,m2_20260926T165115Z_1ffdde7
twi,object,UNIVERSE,2024-09-20,holdout,0.6282492193478382,0.5834533953969226,0.6719607989388415,134,96,61,True,,0.5247132485642718,0.096966236021494,m2_20260926T165115Z_1ffdde7
impervious,object,UNIVERSE,2024-09-20,holdout,0.4179887258699209,0.3683922282101683,0.4672220670640571,134,96,61,True,,-0.3310353583433836,0.10403771297061248,m2_20260926T165115Z_1ffdde7
hand_neg,object,UNIVERSE,2024-09-20,holdout,0.688130186765674,0.6507385497884773,0.7187012287645551,134,96,61,True,,0.791392209527161,0.08054771000310088,m2_20260926T165115Z_1ffdde7
hand_acc_neg,object,UNIVERSE,2024-09-20,holdout,0.7205581138972909,0.6818833268450757,0.7552312946344704,134,96,61,True,,0.9472317198647758,0.09292772592024258,m2_20260926T165115Z_1ffdde7
L1,object,UNIVERSE,2024-09-20,holdout,0.5070065467184192,0.4581242425699018,0.5592575388463115,134,96,61,True,,0.028028021560606686,0.10358498758944674,m2_20260926T165115Z_1ffdde7
z_sensitivity,object,UNIVERSE,2024-09-20,holdout,0.5216650271732164,0.4773708351020568,0.5698400118152918,134,96,61,True,,0.08671440447008161,0.09484280737132957,m2_20260926T165115Z_1ffdde7
rf_F1_wf,object,UNIVERSE,2024-09-20,holdout,0.6002198689244468,0.5527504845651943,0.6475055754142879,134,96,61,True,,0.4063813126261534,0.10109944482808711,m2_20260926T165115Z_1ffdde7
logit_F1_wf,object,UNIVERSE,2024-09-20,holdout,0.6139730097691837,0.5696644769457972,0.6602951943471533,134,96,61,True,,0.4640436792522115,0.09799353978351452,m2_20260926T165115Z_1ffdde7
