score,unit,stratum,set,variant,k,mu,se,ci_lo,ci_hi,pi_lo,pi_hi,tau2,tau2_lo,tau2_hi,q,q_p,i2,i2_lo,i2_hi,tau,tau2_outside_qprofile,auc_mu,auc_ci_lo,auc_ci_hi,auc_pi_lo,auc_pi_hi,fe_max_share,fe_max_event,k_eff_fe,re_max_share,re_max_event,k_eff_re,mean_equal,mean_unit_weighted,median,events,n_units_total,n_pos_cells_total,n_clusters_total,flag,run_id
slope_neg,cell_gate,ALL,development,main,6,2.1634634778590973,0.23506655433338045,1.5592056631240927,2.7677212925941017,0.5969508244043711,3.7299761313138236,0.2630825569912465,0.07064711507496321,1.5663553031720883,44.74024025971974,1.6384364545267782e-08,0.8882437829798252,0.5626783715615293,0.966132617762334,0.5129157406350935,False,0.8969202026358881,0.8262393412614546,0.9409064141295989,0.6449583934787229,0.9765687861646812,0.477302106332287,2025,3.4643104608457764,0.19773308849766727,2025,5.932537938250121,0.8866573444947551,0.8707890574650158,0.8850293134433337,2006;2012;2014;2016;2019;2025,696,696,53,,m2_20260926T165115Z_1ffdde7
slope_neg,cluster_gate,ALL,development,main,6,1.7777685566196175,0.3146433409731442,0.9689520996101296,2.5865850136291053,-0.43298264467944536,3.9885197579186804,0.5350175229320536,0.17838338614974034,3.2572230429530444,86.66725582350932,3.365041911866179e-17,0.9423080844952322,0.7800280171382891,0.9847907419022711,0.7314489202480605,False,0.8554211091034234,0.7249105797491227,0.9299932077817716,0.3934143289260879,0.981809891835951,0.37400649900617466,2025,4.435337028746642,0.17810539395949676,2025,5.989502778135847,0.8355166666666668,0.8167320754716981,0.8624499999999999,2006;2012;2014;2016;2019;2025,53,696,53,,m2_20260926T165115Z_1ffdde7
slope_neg,object,ALL,development,main,6,1.8812740913091037,0.27156810166501344,1.1831860620307841,2.5793621205874233,-0.043840984136302774,3.80638916675451,0.4070183834504659,0.13853703176139184,2.5503125471986716,77.83194834697551,2.3833753515686465e-15,0.9357590281858299,0.8170743784496879,0.9879846721675575,0.6379799240183549,False,0.8677574026787479,0.7655201825438187,0.9295214922530333,0.48904150912377814,0.9782550561703041,0.29474873063924695,2014,5.085545576744923,0.1739674422154508,2014,5.992878978191723,0.8543652545945166,0.8302963520185864,0.8673775317541229,2006;2012;2014;2016;2019;2025,142,696,53,,m2_20260926T165115Z_1ffdde7
slope_neg,cell_gate,FLAT,development,main,6,0.9240911732488527,0.22046345621689725,0.3573718172760947,1.4908105292216107,-0.47677403769451276,2.3249563841922183,0.20597014083502319,0.04288488954472282,1.1515756093978644,30.324170968479663,1.2732427211987895e-05,0.8351150306731475,0.40622447906873416,0.9483763449808832,0.4538393337239768,False,0.7158749765497451,0.5884040765824614,0.8161998974136936,0.38301417805773125,0.9109229332390338,0.4358738129639013,2025,3.642899400749949,0.2142687167934634,2025,5.737158531541391,0.7033145683574192,0.6804558361103139,0.6932465243647756,2006;2012;2014;2016;2019;2025,633,633,49,,m2_20260926T165115Z_1ffdde7
slope_neg,cluster_gate,FLAT,development,main,6,0.5339747305848824,0.28683626548349406,-0.203361363268743,1.2713108244385078,-1.4110323487957719,2.4789818099655365,0.4084793436181535,0.11817189452105567,2.445636491736307,52.829305725405455,3.645978509217795e-10,0.9053555610594459,0.6569240220791206,0.9753864543812932,0.6391238875352364,False,0.6304096766862567,0.44933414969867963,0.7809670568610325,0.1960712789202213,0.9226551684282934,0.35045532610610985,2025,4.264919771512977,0.18894642990182592,2025,5.9108803451332514,0.6126166666666667,0.6160632653061224,0.61205,2006;2012;2014;2016;2019;2025,49,633,49,,m2_20260926T165115Z_1ffdde7
slope_neg,object,FLAT,development,main,6,0.5094412565458305,0.24793376970124864,-0.1278927882890365,1.1467753013806976,-1.199320807026763,2.2182033201184237,0.3173070711247764,0.09544986360185358,2.035019126065742,48.87018156745929,2.359050372370592e-09,0.8976881231124931,0.693094930448162,0.9796534569246742,0.563300160771126,False,0.6246754828282355,0.4680703127358285,0.7589214197700405,0.23159606319043893,0.9018723067263706,0.3846256061359495,2014,4.338107912928442,0.1839250886816549,2014,5.9645369605054865,0.6143173385292618,0.5907247315226698,0.5951806583313981,2006;2012;2014;2016;2019;2025,131,633,49,,m2_20260926T165115Z_1ffdde7
slope_neg,object,URBAN,development,main,5,0.0711005218221838,0.27905847454587196,-0.7036900138946653,0.845891057539033,-1.8805309867708553,2.0227320304152228,0.2982005089003389,0.05291980186196291,2.9858319961356563,19.057216406389806,0.0007658593201704892,0.7901057575932854,0.3776785665924306,0.9716244875680319,0.5460773836191524,False,0.5177676460444219,0.33099461260094376,0.6997044883052825,0.13232789521208735,0.8831632115249181,0.28182594676263667,2014,4.5858490465869295,0.21710887353520722,2014,4.977939368748543,0.5172397037170069,0.5159154045162698,0.5254148913022568,2006;2012;2014;2016;2019,77,351,31,,m2_20260926T165115Z_1ffdde7
slope_neg,cell_gate,AGRI,development,main,4,0.6869005606202957,0.3647159408879067,-0.4737883379364941,1.8475894591770854,-2.590217858152483,3.964018979393074,0.4470940554480279,0.09889569495252319,6.581280223798318,29.935752212998075,1.4236756606007063e-06,0.8997853810836461,0.5870574192448115,0.9895405300339617,0.66865092196753,False,0.6652770867244824,0.383719987662262,0.8638438293863661,0.06977064196902161,0.9813671222216211,0.6135722621988453,2025,2.320622119055001,0.28386151306866697,2025,3.966996558769593,0.642631217725403,0.6271253515861469,0.6157860748977577,2006;2012;2014;2025,216,216,33,,m2_20260926T165115Z_1ffdde7
slope_neg,cluster_gate,AGRI,development,main,4,0.5776074272142476,0.378236408779412,-0.6261096344295703,1.7813244888580657,-2.8518028186565,4.007017673084995,0.4922188406039135,0.11686018480941472,6.992172021059396,34.91417779246986,1.270186278744005e-07,0.9140750208172731,0.6314959671407724,0.9903414686698476,0.7015830960078169,False,0.6405166897563644,0.3483931888993671,0.8558603364112006,0.05458820200942233,0.9821373227652531,0.603775359760686,2025,2.389604525492705,0.27827166881419996,2025,3.9809459439231474,0.620125,0.6320636363636364,0.5888500000000001,2006;2012;2014;2025,33,216,33,,m2_20260926T165115Z_1ffdde7
slope_neg,object,AGRI,development,main,4,0.6204870331744802,0.39965856649479975,-0.6514048951418784,1.8923789614908388,-3.109559371772508,4.350533438121468,0.5918195692013668,0.1641248098730916,8.439976537885341,67.87228649097851,1.2183427688472893e-14,0.9557993379168277,0.8159005143403326,0.9956313532459625,0.7692981016493976,False,0.6503293085600903,0.3426730172880856,0.8690265403524231,0.04271465792769153,0.9872643594339034,0.4224019817865824,2025,3.203441835619782,0.26102547160119105,2025,3.9905309122472286,0.62891352242858,0.6213302102035829,0.5744977120491392,2006;2012;2014;2025,78,216,33,,m2_20260926T165115Z_1ffdde7
slope_neg,cell_gate,UNIVERSE,development,main,5,1.1825803120411182,0.35247408877632674,0.20395535354903338,2.161205270533203,-1.275112358529695,3.6402729826119318,0.4721556229114918,0.09551756687907373,4.157340942849488,25.283470561316012,4.4119821192330636e-05,0.8417938712053225,0.43927620388491856,0.9715078493407829,0.6871358111112328,False,0.7654114335188962,0.5508128186541449,0.8967112343238518,0.21838335678118626,0.9744260152837683,0.35119018822537146,2019,3.7521277103189807,0.23186599277812542,2019,4.900624545401116,0.7507601798069935,0.8003448445413482,0.8245689266046764,2006;2012;2014;2016;2019,340,340,44,,m2_20260926T165115Z_1ffdde7
slope_neg,cluster_gate,UNIVERSE,development,main,5,0.7636614107403338,0.2668932972848205,0.02264682188379441,1.504675999596873,-0.9351467244580817,2.4624695459387493,0.21666901608306188,0.0,2.9585522249285603,10.841047609552163,0.028409715396936923,0.6310319681212767,0.0,0.9617576461950265,0.46547719179682895,False,0.6821481373093202,0.505661463502755,0.8182708495753143,0.2818817232532178,0.9214685557924729,0.367592829831536,2006,4.171047290214542,0.24605695339378927,2006,4.907132694363223,0.68364,0.6509136363636364,0.6541,2006;2012;2014;2016;2019,44,340,44,,m2_20260926T165115Z_1ffdde7
slope_neg,object,UNIVERSE,development,main,6,0.7512776104982835,0.24400786479699324,0.12403542549873092,1.3785197954978359,-0.7909624544671843,2.293517675463751,0.24936951659996182,0.038613613239197396,2.2045796852061,18.821198342805797,0.002075222229953757,0.7343421014469466,0.3638135640381235,0.9702820958709805,0.49936911858860655,False,0.6794570203556402,0.5309691620554636,0.7987531677069011,0.3119620491484351,0.908338750840336,0.45638199591062595,2006,3.4003918615233744,0.2189785776753366,2006,5.553450967136912,0.6954259139413678,0.6401922208250452,0.7087755705070631,2006;2012;2014;2016;2019;2025,105,342,46,,m2_20260926T165115Z_1ffdde7
slope_neg,cell_gate,URBAN,development,main,4,0.9887915983203293,0.21620152862209455,0.3007418423602547,1.6768413542804037,0.05855150101846773,1.919031695622191,0.0,0.0,2.753042357187543,2.242074896495291,0.5237085444273482,0.0,0.0,0.9307660975255012,0.0,False,0.7288491743280421,0.5746238563198671,0.8424858211963439,0.5146336947953157,0.8720304162533068,0.4672960875628651,2016,3.172332925135817,0.4672960875628651,2016,3.172332925135817,0.7121778973526187,0.7383102682707577,0.7547095816337321,2012;2014;2016;2019,349,349,29,,m2_20260926T165115Z_1ffdde7
slope_neg,cluster_gate,URBAN,development,main,4,0.30705172876766945,0.3018133820339541,-0.6534531537714678,1.2675566113068069,-1.9726546402314107,2.5867580977667495,0.1896363611306892,0.0,4.818675362430795,6.342465762770122,0.09608665588062612,0.526997840869743,0.0,0.9655117196550067,0.43547257219104996,False,0.5761654589252292,0.3422117994636332,0.7803241931554528,0.12210403802728893,0.9300044757315167,0.40411794734903894,2016,3.5423160189627323,0.31245763145083316,2016,3.915108483755816,0.56115,0.5286586206896552,0.5884499999999999,2012;2014;2016;2019,29,349,29,,m2_20260926T165115Z_1ffdde7
slope_neg,object,ALL,holdout,main,4,1.4461539848185303,0.1379243587989604,1.0072171187501544,1.8850908508869062,0.43006952597192183,2.4622384436651386,0.038726127171093486,0.0,1.5521452169275756,7.323053497202504,0.062283586091302155,0.5903348239711704,0.0,0.9858807459776008,0.19678955046214594,False,0.8094058226985907,0.7324751818558092,0.8681947785382347,0.605890270469662,0.9214518306192759,0.6806073852315824,2024-09-20,1.9620111423685482,0.38675712843463017,2024-09-20,3.324806125284513,0.7912061164043248,0.8157793048419538,0.7955574450454053,2022-09-06;2023-08-10;2024-07-24;2024-09-20,196,1272,55,,m2_20260926T165115Z_1ffdde7
slope_neg,object,FLAT,holdout,main,4,-0.14210968851907957,0.282913817171016,-1.0424677206886899,0.7582483436505306,-2.0855444867303583,1.8013251096921992,0.13548275469926435,0.0,6.438493874470509,6.328233552911692,0.09668833453578374,0.52593405807223,0.0,0.9811820859970941,0.36807982109763143,False,0.4645322475443409,0.26067412626922576,0.680973309485061,0.11050978015191518,0.858310163287818,0.9157710185853737,2024-09-20,1.187932592702349,0.48063038988581974,2024-09-20,3.005350856000951,0.4097956557046947,0.5294631662359266,0.449119440018132,2022-09-06;2023-08-10;2024-07-24;2024-09-20,175,1234,50,,m2_20260926T165115Z_1ffdde7
slope_neg,object,URBAN,holdout,main,4,-0.07410478159283418,0.2506655452370203,-0.8718344198943155,0.7236248567086472,-2.0516272064754624,1.9034176432897938,0.14840390727816474,0.0,2.804283704277703,7.680423177842451,0.05309940829017805,0.6093965227521817,0.0,0.9713558438548382,0.385232277046154,False,0.48148227802759375,0.2948727407968052,0.6734047352416879,0.11388806434986018,0.87027784664406,0.6678335932812796,2024-09-20,2.0304557663932825,0.37102335782405305,2024-09-20,3.522050851449272,0.46746202470082077,0.5340226652110535,0.4977396462359351,2022-09-06;2023-08-10;2024-07-24;2024-09-20,81,36,14,,m2_20260926T165115Z_1ffdde7
slope_neg,object,UNIVERSE,holdout,main,4,0.6092639209175548,0.15153467335853896,0.12701295956529896,1.0915148822698106,-0.1127117359422608,1.3312395777773705,0.012758934897174586,0.0,4.687125197165983,4.955172370702924,0.17510922718065833,0.39457201978739026,0.0,0.9851092310320304,0.11295545536703655,False,0.6477728742117197,0.531710620932934,0.7486668764665794,0.4718518590539219,0.791045601564774,0.7941564537761703,2024-09-20,1.5391784994424853,0.664351241473933,2024-09-20,2.035942508107863,0.6879486743858475,0.6488957399176261,0.6840427066037467,2022-09-06;2023-08-10;2024-07-24;2024-09-20,145,107,65,,m2_20260926T165115Z_1ffdde7
slope_neg,cell_gate,ALL,holdout,main,2,2.010776125839333,0.4423648874267676,-3.6100027019000467,7.631554953578712,,,0.3429018434297883,0.028519742401215468,399.62803924498746,7.9120570800633345,0.004910639853849142,0.8736106185937684,0.3650341325303076,0.9998758768917821,0.5855782129056616,False,0.8819238673628526,0.026339250333632665,0.9995153287550418,,,0.712983069991425,2023-08-10,1.6928391557058309,0.5269187984628215,2023-08-10,1.9942197802055663,0.87670135925906,0.9212610716385954,0.87670135925906,2023-08-10;2024-09-20,1272,1272,55,"k=2: tau2 불안정, 예측구간 없음",m2_20260926T165115Z_1ffdde7
slope_neg,cluster_gate,ALL,holdout,main,2,1.622485456085329,0.11066699502742142,0.21632795972968566,3.0286429524409724,,,0.0,0.0,2.900436953063107,0.11499633430106038,0.7345260410399607,0.0,0.0,0.9914599963281943,0.0,False,0.835137619410175,0.5538720625082545,0.9538514740816463,,,0.5699328996606443,2024-09-20,1.9616258092346621,0.5699328996606443,2024-09-20,1.9616258092346621,0.8358,0.8311672727272729,0.8358,2023-08-10;2024-09-20,55,1272,55,"k=2: tau2 불안정, 예측구간 없음",m2_20260926T165115Z_1ffdde7
slope_neg,cell_gate,FLAT,holdout,main,2,0.4996932807690553,0.7194698785349125,-8.642038297406282,9.641424858944392,,,0.9404273747437631,0.11114743854918678,1054.178374256369,10.90529595067209,0.0009588971842928448,0.9083014340442205,0.5393168410986241,0.9999099456702855,0.9697563481327478,False,0.622387248337066,0.00017649556514768647,0.9999350238213296,,,0.5523544616014664,2024-09-20,1.9783098922467641,0.5048008291117833,2024-09-20,1.9998156333158195,0.6071327557206461,0.7659315984317446,0.6071327557206461,2023-08-10;2024-09-20,1234,1234,50,"k=2: tau2 불안정, 예측구간 없음",m2_20260926T165115Z_1ffdde7
slope_neg,cluster_gate,FLAT,holdout,main,2,0.20776555741632524,0.15057273209317584,-1.705442404244749,2.1209735190773995,,,0.007447145058332766,0.0,71.58968006501466,1.118357715940637,0.2902723551600254,0.10583171578611393,0.0,0.9991218649425161,0.08629684269040651,False,0.5517553482727237,0.1537557917558236,0.8929250431957576,,,0.8334554772115467,2024-09-20,1.3843031720548613,0.7981653145577373,2024-09-20,1.4753503415966558,0.52375,0.564802,0.52375,2023-08-10;2024-09-20,50,1234,50,"k=2: tau2 불안정, 예측구간 없음",m2_20260926T165115Z_1ffdde7
slope_neg,cell_gate,URBAN,holdout,main,2,0.3028479596875901,0.3541211199148075,-4.1966874913534244,4.802383410728604,,,0.15504042784360247,0.0,257.3349080967204,2.5856653632923274,0.10783508593816715,0.6132523511369236,0.0,0.9996201870779113,0.3937517337658369,False,0.5751385761871279,0.014822325352046377,0.991856702203312,,,0.6153660281570486,2023-08-10,1.8989073350700314,0.5446175403474957,2023-08-10,1.9842000144457872,0.5803756272874293,0.5946450729739935,0.5803756272874293,2023-08-10;2024-09-20,36,36,14,"k=2: tau2 불안정, 예측구간 없음",m2_20260926T165115Z_1ffdde7
slope_neg,cluster_gate,URBAN,holdout,main,2,0.48222742521197404,0.3428666507788358,-3.874306436790425,4.838761287214373,,,0.12622943731814398,0.0,246.17243135771835,2.0915490171144744,0.14811582293086903,0.5218854581856218,0.0,0.9995304584740117,0.3552878232055582,False,0.618273710666463,0.020346172989649185,0.9921453295948524,,,0.6747901643713169,2023-08-10,1.782203335208447,0.5835697179364756,2023-08-10,1.9456471956650483,0.62825,0.6741071428571429,0.62825,2023-08-10;2024-09-20,14,36,14,"k=2: tau2 불안정, 예측구간 없음",m2_20260926T165115Z_1ffdde7
slope_neg,cell_gate,UNIVERSE,holdout,main,2,1.194700760391039,0.1609124880263048,-0.8498862570784491,3.239287777860527,,,0.0,0.0,33.507512917792056,0.46555661129457415,0.495038468931032,0.0,0.0,0.9978905484459895,0.0,False,0.767580737085656,0.2994567182439015,0.9622862704584962,,,0.7592747012170812,2024-09-20,1.5761764302249743,0.7592747012170812,2024-09-20,1.5761764302249743,0.7547141542397088,0.7735513034640502,0.7547141542397088,2023-08-10;2024-09-20,107,107,65,"k=2: tau2 불안정, 예측구간 없음",m2_20260926T165115Z_1ffdde7
slope_neg,cluster_gate,UNIVERSE,holdout,main,2,1.0386370912129603,0.1443584812582705,-0.7956113270578622,2.872885509483783,,,0.0,0.0,45.94614617535721,0.6450746810264154,0.42187913344165606,0.0,0.0,0.9984775884931453,0.0,False,0.7385869463210524,0.31096508040768545,0.9464896787195358,,,0.8182223695041964,2024-09-20,1.4234248268548326,0.8182223695041964,2024-09-20,1.4234248268548326,0.7187,0.7452707692307692,0.7187,2023-08-10;2024-09-20,65,107,65,"k=2: tau2 불안정, 예측구간 없음",m2_20260926T165115Z_1ffdde7
slope_neg,cell_gate,AGRI,holdout,main,1,1.2763449772670705,0.26311163246633645,,,,,,,,,,,,,,False,0.7818269684220438,,,,,1.0,2024-09-20,1.0,1.0,2024-09-20,1.0,0.7818269684220438,0.7818269684220438,0.7818269684220438,2024-09-20,1112,1112,47,k=1: 통합 불가,m2_20260926T165115Z_1ffdde7
slope_neg,cluster_gate,AGRI,holdout,main,1,0.26554954410277787,0.13450013807819017,,,,,,,,,,,,,,False,0.566,,,,,1.0,2024-09-20,1.0,1.0,2024-09-20,1.0,0.566,0.566,0.566,2024-09-20,47,1112,47,k=1: 통합 불가,m2_20260926T165115Z_1ffdde7
slope_neg,object,AGRI,holdout,main,1,0.2921342778608329,0.10073324030350651,,,,,,,,,,,,,,False,0.5725185590145807,,,,,1.0,2024-09-20,1.0,1.0,2024-09-20,1.0,0.5725185590145807,0.5725185590145807,0.5725185590145807,2024-09-20,109,1112,47,k=1: 통합 불가,m2_20260926T165115Z_1ffdde7
slope_neg,cell_gate,ALL,combined,main,8,2.1226594071163447,0.19506850835530923,1.661395681537351,2.5839231326953387,0.8288926482649088,3.4164261659677804,0.24150846785268665,0.07627967875276563,0.9939074362116599,64.85853618796625,1.6055505148644004e-11,0.8920728031894933,0.6082728863490633,0.9529026342073831,0.4914351105208974,False,0.8930861240575898,0.8404252677402552,0.9298197052973546,0.69612073522449,0.96821396830165,0.34468778240372705,2025,5.098394686385199,0.14755892450994137,2025,7.906647563076706,0.8841683481858313,0.9034112129674515,0.8850293134433337,2006;2012;2014;2016;2019;2023-08-10;2024-09-20;2025,1968,1968,108,,m2_20260926T165115Z_1ffdde7
slope_neg,cluster_gate,ALL,combined,main,8,1.7402427030670258,0.23080885500762663,1.1944664870336292,2.2860189191004223,0.13610424397134913,3.344381162162702,0.37650811553965985,0.13920101331964566,1.6043974210677774,93.77937679122715,2.067536795042832e-17,0.925356722986297,0.7778811514477336,0.9758245619595574,0.6136025713274512,False,0.850717890644835,0.7675389399700988,0.9077124937153854,0.533973632179988,0.9659203571340748,0.22857125396979108,2025,6.199894389040979,0.13407216738447925,2025,7.9709158657370915,0.8355875,0.8240833333333334,0.84915,2006;2012;2014;2016;2019;2023-08-10;2024-09-20;2025,108,1968,108,,m2_20260926T165115Z_1ffdde7
slope_neg,object,ALL,combined,main,10,1.6906090103415738,0.1852933075392806,1.2714464274730197,2.109771593210128,0.35679878621093497,3.0244192344722127,0.3004584837061127,0.12238734889906527,1.1191451092645068,96.30711368318734,8.765484108487215e-17,0.9065489593052651,0.8371917683889064,0.979176087284871,0.5481409341639363,False,0.8443042338716017,0.7809902518950999,0.8918493044331767,0.5882652901879452,0.9536651941076794,0.39363142102002746,2024-09-20,4.867517632018467,0.11150167016715692,2024-09-20,9.876145655013282,0.8291015993184399,0.8218781826498883,0.8352952031216694,2006;2012;2014;2016;2019;2022-09-06;2023-08-10;2024-07-24;2024-09-20;2025,338,1968,108,,m2_20260926T165115Z_1ffdde7
slope_neg,cell_gate,FLAT,combined,main,8,0.8169226237031197,0.21639507819877393,0.305229573868982,1.3286156735372576,-0.5916444698228371,2.2254897172290766,0.28454716841631045,0.08082955173297464,1.2729535699772123,46.73522958425217,6.286627105049427e-08,0.8502200574968672,0.5461496566434949,0.9498782140675193,0.5334296283637706,False,0.6935827083503971,0.5757204292034556,0.7906115587649185,0.3562576255876069,0.9025152574935497,0.3651377690222924,2025,4.855501810496854,0.15332231277673736,2025,7.822279355563388,0.679269115198226,0.7369513319349769,0.6932465243647756,2006;2012;2014;2016;2019;2023-08-10;2024-09-20;2025,1867,1867,99,,m2_20260926T165115Z_1ffdde7
slope_neg,cluster_gate,FLAT,combined,main,8,0.4286927506755782,0.22548405770005941,-0.10449232050952895,0.9618778218606854,-1.0805734022574243,1.9379589036085807,0.3296046866001305,0.10686444798512934,1.3698754224090859,64.729931532805,1.7039722054553622e-11,0.8918583747234088,0.6691127307800457,0.9628555381442063,0.5741120853980785,False,0.6055614661984404,0.4739006630019584,0.7234976187755923,0.2533975209462642,0.8741277362812063,0.29257896610522094,2024-09-20,5.325755981275782,0.1450326452516455,2024-09-20,7.85198531248977,0.5904,0.5901737373737374,0.5769,2006;2012;2014;2016;2019;2023-08-10;2024-09-20;2025,99,1867,99,,m2_20260926T165115Z_1ffdde7
slope_neg,object,FLAT,combined,main,10,0.25901377061413594,0.21611299125514855,-0.22986778052744417,0.747895321755716,-1.1417904010587163,1.6598179422869883,0.32700603412627877,0.11865997176928623,1.694774987909295,61.41027005569673,7.164487586974079e-10,0.8534447089739656,0.7478694134811121,0.9769399716779779,0.571844414265173,False,0.564393839339444,0.44278476719135323,0.6787199274828314,0.24199179287954833,0.8402135624607585,0.4576332423426317,2024-09-20,3.7325946272836963,0.12570769977184565,2024-09-20,9.487110634957425,0.532508665399435,0.5556895226168527,0.5397083271293787,2006;2012;2014;2016;2019;2022-09-06;2023-08-10;2024-07-24;2024-09-20;2025,306,1867,99,,m2_20260926T165115Z_1ffdde7
slope_neg,object,URBAN,combined,main,9,0.0031586829414354577,0.18174256765304145,-0.415940429609101,0.4222577954919719,-1.1354807462671455,1.1417981121500163,0.1988415592649159,0.039770171354853306,0.9215193887875802,26.7435419536264,0.0007827879253646281,0.7008623609441079,0.3430599919448903,0.9236650972685847,0.44591653845189,False,0.5007896700787958,0.3974885766018534,0.6040233940648169,0.24315106738130285,0.7580096215767254,0.3668054562212786,2024-09-20,5.184595359254897,0.15028230458188283,2024-09-20,8.585609501123965,0.4951162908209241,0.5251982406952411,0.5254148913022568,2006;2012;2014;2016;2019;2022-09-06;2023-08-10;2024-07-24;2024-09-20,158,387,45,,m2_20260926T165115Z_1ffdde7
slope_neg,cell_gate,AGRI,combined,main,5,0.8134014779360279,0.30277333336553447,-0.027232061471129998,1.654035017343186,-1.3656381825069506,2.9924411383790064,0.37715043454327435,0.08958466611554006,3.5431885333790953,30.364712704561477,4.125040097516416e-06,0.8682681427313782,0.5753096667763413,0.981677739025865,0.6141257481520168,False,0.6928338645952495,0.4931924053279566,0.8394356491009658,0.203325477835883,0.9522314721316122,0.5153401961818395,2025,3.033827988403549,0.2299512162621304,2025,4.955630545410539,0.6704703678647312,0.75666465724994,0.685614849187935,2006;2012;2014;2024-09-20;2025,1328,1328,80,,m2_20260926T165115Z_1ffdde7
slope_neg,cluster_gate,AGRI,combined,main,5,0.5145509791952951,0.2988342153944886,-0.31514581540235587,1.3442477737929461,-1.6676058501088884,2.696707808499479,0.38086251979517755,0.10384524121414873,3.2229427753745887,51.77467398429755,1.5375179105648317e-10,0.9227421499319699,0.6986427227551186,0.9862922501874282,0.617140599697652,False,0.6258727227691064,0.42185920320647674,0.7931876184219584,0.15874364227314025,0.9368320995234877,0.4221977608233823,2024-09-20,3.1450246587876904,0.22384073187951353,2024-09-20,4.954161056695886,0.6093,0.59325125,0.566,2006;2012;2014;2024-09-20;2025,80,1328,80,,m2_20260926T165115Z_1ffdde7
slope_neg,object,AGRI,combined,main,5,0.5545670517610057,0.3154837193747205,-0.32135617666653116,1.4304902801885426,-1.8232205199222467,2.932354623444258,0.45871385787220226,0.1435142959693181,3.903338393248012,85.37560185157977,1.2626523690267799e-17,0.9531482072951737,0.8445373364250809,0.993277407771475,0.6772841780760881,False,0.6351945313744429,0.4203452728076028,0.8069776956045468,0.1390478846632786,0.9494228616713624,0.45556681326778986,2024-09-20,3.3325674760497974,0.21228033029096469,2024-09-20,4.981034482346863,0.6176345297457801,0.5928784990827206,0.5725185590145807,2006;2012;2014;2024-09-20;2025,187,1328,80,,m2_20260926T165115Z_1ffdde7
slope_neg,cell_gate,UNIVERSE,combined,main,7,1.1646132001009253,0.24001792027913013,0.5773105064827511,1.7519158937190995,-0.3393054862614642,2.668531886463315,0.2846748018616341,0.058053363480112266,1.5980696602615119,25.761914088902103,0.00024656327294783923,0.767098051049525,0.38826407919401845,0.9458627050319165,0.5335492497058112,False,0.7621699465113055,0.6404483194034809,0.8521942892488941,0.415978192613449,0.935144047672059,0.35182210817103693,2024-09-20,4.695477186267643,0.18071764161611997,2024-09-20,6.744196192095576,0.7518898867877691,0.793931178108975,0.7784268009103503,2006;2012;2014;2016;2019;2023-08-10;2024-09-20,447,447,109,,m2_20260926T165115Z_1ffdde7
slope_neg,cluster_gate,UNIVERSE,combined,main,7,0.8229833797292583,0.18305855503595808,0.37505523195829715,1.2709115275002194,-0.19354797793289258,1.8395147373914091,0.12426965760602723,0.0025509098205935914,1.1319424857081357,14.988763160295628,0.02034429265216175,0.5997001262990361,0.028936163801543055,0.9296902057356824,0.35251901736789637,False,0.6948692615831423,0.5926799335931171,0.7808987464570492,0.4517634931760619,0.8628913061632371,0.42350448632737686,2024-09-20,4.098325514927504,0.21443640089405522,2024-09-20,6.579242837580533,0.6936571428571429,0.7071816513761469,0.6884,2006;2012;2014;2016;2019;2023-08-10;2024-09-20,109,447,109,,m2_20260926T165115Z_1ffdde7
slope_neg,object,UNIVERSE,combined,main,10,0.6868406562143012,0.1604250504615867,0.32393397922035944,1.049747333208243,-0.24749259979678406,1.6211739122253865,0.1404735596782518,0.02220734893218095,0.910534580814395,24.407134423676563,0.003701989946785361,0.6312553598561986,0.29477294513132146,0.944866919273988,0.37479802517923144,False,0.6652637468705408,0.5802826927039118,0.7407263772713456,0.4384407516704046,0.8349569630294207,0.4251769729816897,2024-09-20,4.004661191661782,0.15701764509967317,2024-09-20,8.603822171560813,0.6924350181191598,0.6452402618987422,0.6840427066037467,2006;2012;2014;2016;2019;2022-09-06;2023-08-10;2024-07-24;2024-09-20;2025,250,449,111,,m2_20260926T165115Z_1ffdde7
slope_neg,cell_gate,URBAN,combined,main,6,0.6915197037438261,0.23049102661905635,0.09902365743971353,1.2840157500479386,-0.5849568914191761,1.9679962989068283,0.15824592233250923,0.0,1.50526788616075,10.654618920377303,0.058674594668439675,0.5307199593560931,0.0,0.9108232871050816,0.3978013603954984,False,0.6663049071059393,0.5247357051186183,0.7831325705496714,0.35779281234720484,0.8773957330598867,0.3091966212792936,2023-08-10,4.739649376334515,0.2275577978004074,2023-08-10,5.61709311444587,0.6682438073308888,0.7248766396196318,0.6998744281024634,2012;2014;2016;2019;2023-08-10;2024-09-20,385,385,43,,m2_20260926T165115Z_1ffdde7
slope_neg,cluster_gate,URBAN,combined,main,6,0.3860133895997909,0.20594362885379186,-0.14338156189679319,0.915408341096375,-0.6217566993004408,1.3937834785000227,0.09202987337135381,0.0,1.5355297424292613,8.451093520785605,0.13306501752325267,0.4083605881650207,0.0,0.9154385411801004,0.3033642585594978,False,0.5953226367626634,0.46421589348114206,0.7141056004902439,0.34938202310385447,0.8011955670702202,0.3022460143382561,2023-08-10,5.034816299544882,0.23748454184519996,2023-08-10,5.655925450975978,0.5835166666666667,0.576013953488372,0.59465,2012;2014;2016;2019;2023-08-10;2024-09-20,43,385,43,,m2_20260926T165115Z_1ffdde7
relelev_neg,cell_gate,ALL,development,main,6,0.0910088942908937,0.14386060745503063,-0.2787965700966142,0.4608143586784016,-0.8377392362311529,1.0197570248129402,0.09120094003224868,0.021976796514874396,0.6477788471969012,45.89551432561636,9.537991917787574e-09,0.8910568914311245,0.5290215890245037,0.9706814846213786,0.30199493378573206,False,0.5227365325692207,0.43074883759383614,0.6132073468647947,0.3020111405073351,0.734925268143515,0.8650948116411964,2025,1.3284725148892587,0.22417697085113555,2025,5.745568892667744,0.5366041363860776,0.5656700024916168,0.5396636671871169,2006;2012;2014;2016;2019;2025,696,696,53,,m2_20260926T165115Z_1ffdde7
relelev_neg,cluster_gate,ALL,development,main,6,0.3443014000588216,0.20782983352254106,-0.18994219489754172,0.8785449950151849,-1.10486088315367,1.7934636832713131,0.22923734481843763,0.07365067284368056,1.4667084546724198,106.68911247585092,2.050719540897126e-21,0.9531348618057747,0.8112857899368564,0.9884543004219758,0.4787873691091251,False,0.5852350045805848,0.45265670352968057,0.7065206176053639,0.2488302197107872,0.8573514094280797,0.8781169829187648,2025,1.2907388839975766,0.18770181049519627,2025,5.970723492857474,0.5880833333333333,0.5972981132075472,0.5773999999999999,2006;2012;2014;2016;2019;2025,53,696,53,,m2_20260926T165115Z_1ffdde7
relelev_neg,object,ALL,development,main,6,0.2614865199703653,0.1737894585974026,-0.18525350552518716,0.7082265454659178,-0.9860949589923433,1.509067998933074,0.17170807320980927,0.06164972627651923,1.0588691793863232,229.96897390522417,1.0860443057104317e-47,0.9782579366464424,0.9348638837693024,0.9959597882508052,0.4143767286055158,False,0.5650016761632783,0.4538186224938284,0.6700091728307145,0.27168408602293065,0.8189230432647362,0.7508508210845148,2025,1.713433316009247,0.1754094097051859,2025,5.991106301582337,0.566412670115911,0.5943964403084719,0.5777108419909125,2006;2012;2014;2016;2019;2025,142,696,53,,m2_20260926T165115Z_1ffdde7
relelev_neg,cell_gate,FLAT,development,main,6,-0.11075887333964533,0.3014779133930294,-0.8857325213533046,0.664214774674014,-2.15213105098769,1.9306133043083993,0.4496988180186821,0.13144043944810058,2.667196495444256,61.94583024874374,4.812034479268049e-12,0.9192843169601169,0.6428926976910763,0.9733556110099005,0.6705958678807096,False,0.4723385540153797,0.2919912696303199,0.6602065426139112,0.10413225230726837,0.8733172878476928,0.5987151737108017,2025,2.5461444024729336,0.19566659614777168,2025,5.9556221945033645,0.4875889490323279,0.535242856926037,0.5167338449352459,2006;2012;2014;2016;2019;2025,633,633,49,,m2_20260926T165115Z_1ffdde7
relelev_neg,cluster_gate,FLAT,development,main,6,0.25339973394411,0.37628308397498583,-0.7138667267792026,1.2206661946674227,-2.3835612219428226,2.8903606898310423,0.7604581447065537,0.2545012376817509,4.510610254817033,121.26421519429566,1.6940538853491845e-24,0.9587677206174241,0.8022796850442385,0.986285413926815,0.872042513130268,False,0.5630131136296922,0.32874499857774037,0.7721807660642004,0.08443485555598934,0.9473678691796159,0.6198841380300885,2025,2.397894828431557,0.18334474314913585,2025,5.981273064615795,0.56845,0.5527530612244899,0.58785,2006;2012;2014;2016;2019;2025,49,633,49,,m2_20260926T165115Z_1ffdde7
relelev_neg,object,FLAT,development,main,6,0.08414107413799676,0.3323978642754948,-0.7703148379728951,0.9385969862488887,-2.307447378288933,2.4757295265649266,0.6314959551927841,0.22980283395523357,3.8226579442325668,217.3945528920969,5.370858401252099e-45,0.977000343690848,0.9137057311896137,0.9943544434164043,0.7946671977581459,False,0.5210228669961291,0.3164110044231512,0.7188161680784629,0.09050804766112511,0.9224227577353395,0.4435211196150141,2025,3.60365697251396,0.17302543127841613,2025,5.995085227307837,0.529295631980941,0.5592549073285153,0.5869985829065639,2006;2012;2014;2016;2019;2025,131,633,49,,m2_20260926T165115Z_1ffdde7
relelev_neg,object,URBAN,development,main,5,0.20884401959622784,0.22230425636590734,-0.408371544855531,0.8260595840479867,-0.9755559820442126,1.3932440212366681,0.10111038685866941,0.0,2.825956407243564,9.674660820730558,0.04627946950034479,0.5865488130158604,0.0,0.9737472696194818,0.3179785949693303,False,0.5520220601188794,0.399302658349464,0.695521105523596,0.27377446337105793,0.8011096276920474,0.47767226757404857,2016,3.280153533845606,0.29028791121859304,2016,4.608200415313529,0.5312859888824082,0.5708207634417064,0.5697700214987546,2006;2012;2014;2016;2019,77,351,31,,m2_20260926T165115Z_1ffdde7
relelev_neg,cell_gate,AGRI,development,main,4,0.25454335481398066,0.4614021777083877,-1.2138443008839346,1.7229310105118958,-4.051289246620211,4.560375956248173,0.7885866748261358,0.21850987359819632,11.22842159257618,68.30580309944234,9.839571579150009e-15,0.9560798663675402,0.8209419559249476,0.9957733698444713,0.8880240282932302,False,0.5632944576209192,0.2290215531156344,0.848505983901857,0.017102347765943045,0.9896501140097016,0.5851571199159469,2025,2.4577677913557623,0.26456406989382625,2025,3.9903499084590632,0.5617676741985028,0.5777836030878051,0.5848517634142152,2006;2012;2014;2025,216,216,33,,m2_20260926T165115Z_1ffdde7
relelev_neg,cluster_gate,AGRI,development,main,4,0.30362559551444485,0.422874926811817,-1.0421511529149403,1.6494023439438301,-3.619744833096623,4.226996024125513,0.6526457509607321,0.17426390631600444,9.437136971024117,56.29112772229681,3.640963341944506e-12,0.9467056333495393,0.7820275203611079,0.9948794422143942,0.8078649336125019,False,0.5753285836513147,0.26073514082235266,0.8388102591394667,0.026090558112803777,0.9856138119612388,0.681639676828731,2025,1.9965021200500097,0.2691089097252273,2025,3.9896811110335135,0.578225,0.5609151515151516,0.6218,2006;2012;2014;2025,33,216,33,,m2_20260926T165115Z_1ffdde7
relelev_neg,object,AGRI,development,main,4,0.0978195677981972,0.369767862661797,-1.078946800542492,1.2745859361388865,-3.382871910721187,3.5785110463175815,0.5176945997326391,0.14759564908765654,7.490763123673468,86.8347164679702,1.0478168736369494e-18,0.9654516059702161,0.9073939111991047,0.9979931323806858,0.719509971948019,False,0.5244354105289419,0.2537053766188332,0.7815267737721922,0.03283506927291429,0.9728409702170984,0.4488213048468879,2025,2.504640687593741,0.260725213343835,2025,3.9924983844018023,0.5300620425079274,0.5355478450685152,0.5685222076741995,2006;2012;2014;2025,78,216,33,,m2_20260926T165115Z_1ffdde7
relelev_neg,cell_gate,UNIVERSE,development,main,5,-0.41263182995291403,0.16231920271772107,-0.8633021858181391,0.038038525912310994,-1.266887268952689,0.44162360904686115,0.0457056867329347,0.0,0.8380423342512172,5.808244564210053,0.21393366432916475,0.3113237647313121,0.0,0.9086533507107553,0.2137888835579032,False,0.39828122591146,0.2966498864285006,0.5095084849968087,0.2197905659325785,0.6086458362075009,0.3063390993523871,2016,4.369026413200804,0.2668833508865969,2016,4.634614785760847,0.39740619923905385,0.40168190453499225,0.3824813593853903,2006;2012;2014;2016;2019,340,340,44,,m2_20260926T165115Z_1ffdde7
relelev_neg,cluster_gate,UNIVERSE,development,main,5,-0.15866107924583375,0.17868632244116167,-0.6547738445533917,0.33745168606172415,-1.2466926030759062,0.9293704445842387,0.08622237536228046,0.0,1.3018389623934352,9.063040056301517,0.059542949832030935,0.5586469909488255,0.0,0.9513235125651128,0.29363646803876464,False,0.46041773019329185,0.341914570142701,0.5835713745130972,0.22327319011163824,0.7169475448946776,0.25031071161667373,2016,4.87981720476291,0.22041181166247378,2016,4.978298334353411,0.46452,0.5072568181818181,0.4403,2006;2012;2014;2016;2019,44,340,44,,m2_20260926T165115Z_1ffdde7
relelev_neg,object,UNIVERSE,development,main,6,-0.5696821944834325,0.36811447360203337,-1.515950573759643,0.37658618479277806,-3.2258300280865875,2.086465639119723,0.7797134233668065,0.2861970811312259,4.730857376200946,223.72677904861516,2.363487904493987e-46,0.9776513119204495,0.9173964670826183,0.99458239085443,0.8830138296577277,False,0.36131016004899297,0.18005859218500622,0.5930494690700088,0.038205180238616535,0.8895807342229444,0.36189415741149683,2025,4.32651856348486,0.171385565996892,2025,5.997170785122895,0.38753327419916245,0.4631012831109293,0.4219133255179316,2006;2012;2014;2016;2019;2025,105,342,46,,m2_20260926T165115Z_1ffdde7
relelev_neg,cell_gate,URBAN,development,main,4,0.029413616211013186,0.279572295862428,-0.8603102038160543,0.9191374362380808,-1.7909373107711153,1.8497645431931418,0.11000237698206981,0.0,4.760771157225409,5.221226699057005,0.1562963201383657,0.4254223819582812,0.0,0.96640260438765,0.33166606245148117,False,0.5073528739421939,0.297274539262553,0.7148663197938459,0.14295784488452246,0.8640994552948442,0.36866626954669834,2016,3.704803116720373,0.3146591166344948,2016,3.9044496986389974,0.5112934528349309,0.47347934703463507,0.45912543386482757,2012;2014;2016;2019,349,349,29,,m2_20260926T165115Z_1ffdde7
relelev_neg,cluster_gate,URBAN,development,main,4,0.285471239981623,0.19156250108167408,-0.324166133816657,0.8951086137799029,-0.5387556782150762,1.1096981581783223,0.0,0.0,1.3820780185806,2.000303418045459,0.5723437313066688,0.0,0.0,0.899709544309762,0.0,False,0.5708870577751016,0.41966076600959873,0.7099432850085976,0.3684770906714809,0.7520728345113051,0.40851319486431104,2016,3.5036401941341273,0.40851319486431104,2016,3.5036401941341273,0.5901000000000001,0.602893103448276,0.5747,2012;2014;2016;2019,29,349,29,,m2_20260926T165115Z_1ffdde7
relelev_neg,object,ALL,holdout,main,4,0.43521350478525567,0.0560438053147254,0.25685710362736835,0.613569905943143,0.1324395790869669,0.7379874304835444,0.001810906225495249,0.0,0.20547512284552194,2.9810486349906564,0.39455634273539864,0.0,0.0,0.9323473153146562,0.04255474386593402,False,0.607117915625724,0.5638635419158509,0.6487547151679495,0.533061583212077,0.6765556060218281,0.7206906592368253,2024-09-20,1.8172385028547724,0.6394185854726854,2024-09-20,2.1777649701278436,0.5873162345388068,0.6167049602353802,0.5867154354161053,2022-09-06;2023-08-10;2024-07-24;2024-09-20,196,1272,55,,m2_20260926T165115Z_1ffdde7
relelev_neg,object,FLAT,holdout,main,4,0.3532731060056356,0.07689015255307065,0.10857432410041529,0.597971887910856,0.022441481232313654,0.6841047307789576,0.0,0.0,0.3754862508552277,1.7539968252962468,0.624996531268581,0.0,0.0,0.8879318777950431,0.0,False,0.5874110729266123,0.5271169475085838,0.6451921691915367,0.5056101348620073,0.6646542141777215,0.7770042597912143,2024-09-20,1.5980919949691306,0.7770042597912143,2024-09-20,1.5980919949691306,0.6006093567528694,0.5806802849034092,0.6066024203437479,2022-09-06;2023-08-10;2024-07-24;2024-09-20,175,1234,50,,m2_20260926T165115Z_1ffdde7
relelev_neg,object,URBAN,holdout,main,4,0.23989204893739516,0.15434686088034638,-0.25130854820340165,0.7310926460781919,-0.7099749836304682,1.1897590815052586,0.024913400833906398,0.0,1.0575178707289425,3.229306181632707,0.3576037206491129,0.07100787870067242,0.0,0.9300131500013967,0.1578397948361135,False,0.5596870462533335,0.43750144705085514,0.675045000431197,0.32960436791788134,0.7666979733784391,0.6727759000258001,2024-09-20,1.997825880942585,0.5340655997054226,2024-09-20,2.6716557868425364,0.5790590535246944,0.531428897193404,0.5701605898608776,2022-09-06;2023-08-10;2024-07-24;2024-09-20,81,36,14,,m2_20260926T165115Z_1ffdde7
relelev_neg,object,UNIVERSE,holdout,main,4,-0.079764187576064,0.08794569447173566,-0.359646638013249,0.20011826286112094,-0.4581639699645896,0.29863559481246155,0.0,0.0,0.3265486703282228,1.364556084579461,0.7138636012193764,0.0,0.0,0.8598259566986594,0.0,False,0.48006951900312855,0.41104510760445934,0.5498632691579936,0.38742147149271877,0.5741089427937681,0.7278689977605604,2024-09-20,1.7726047064818822,0.7278689977605604,2024-09-20,1.7726047064818822,0.4457676319504632,0.48834859415063253,0.442824014946737,2022-09-06;2023-08-10;2024-07-24;2024-09-20,145,107,65,,m2_20260926T165115Z_1ffdde7
relelev_neg,cell_gate,ALL,holdout,main,2,0.006584725641075114,0.1749176093605582,-2.2159542308564046,2.2291236821385545,,,0.028735176752210663,0.0,62.639564559303764,1.8757139647786214,0.17082208425759202,0.4668696726805978,0.0,0.99947642917011,0.16951453256936605,False,0.5016461754622829,0.09832691461656562,0.9028345117261738,,,0.5713534811625653,2024-09-20,1.960082379216146,0.5380407055188318,2024-09-20,1.9884898628494398,0.5049445469372686,0.46244239506181667,0.5049445469372686,2023-08-10;2024-09-20,1272,1272,55,"k=2: tau2 불안정, 예측구간 없음",m2_20260926T165115Z_1ffdde7
relelev_neg,cluster_gate,ALL,holdout,main,2,0.3000686899845208,0.0933678001662074,-0.8862816946935559,1.4864190746625976,,,0.0,0.0,0.4536737517160188,0.019221538508575886,0.8897332397051548,0.0,0.0,0.9489078818151264,0.0,False,0.5744593085634345,0.29187775069564226,0.8155401868319463,,,0.7675081337176751,2024-09-20,1.5549168570533263,0.7675081337176751,2024-09-20,1.5549168570533263,0.57245,0.5757909090909091,0.57245,2023-08-10;2024-09-20,55,1272,55,"k=2: tau2 불안정, 예측구간 없음",m2_20260926T165115Z_1ffdde7
relelev_neg,cell_gate,FLAT,holdout,main,2,-0.3733476515609535,0.5114403924469535,-6.871813988341478,6.125118685219571,,,0.4183344187629065,0.0,532.8324211869278,4.98235436848541,0.025607111749804422,0.7992916749709252,0.0,0.9998028905524291,0.6467877694908172,False,0.4077323592733537,0.0010355215704081627,0.9978175420301174,,,0.5532211570788407,2024-09-20,1.9775939275579275,0.5106819292973348,2024-09-20,1.999087587530133,0.4158216443754223,0.2979691383047085,0.4158216443754223,2023-08-10;2024-09-20,1234,1234,50,"k=2: tau2 불안정, 예측구간 없음",m2_20260926T165115Z_1ffdde7
relelev_neg,cluster_gate,FLAT,holdout,main,2,0.05636131573491837,0.15027222106940885,-1.8530282913326952,1.9657509228025318,,,0.0,0.0,40.96786754934193,0.5587878609193121,0.45474904447203435,0.0,0.0,0.998242500981393,0.0,False,0.5140866001757465,0.13551773282892335,0.8771539876748717,,,0.8057124644798767,2024-09-20,1.4557731278719992,0.8057124644798767,2024-09-20,1.4557731278719992,0.53555,0.5045299999999999,0.53555,2023-08-10;2024-09-20,50,1234,50,"k=2: tau2 불안정, 예측구간 없음",m2_20260926T165115Z_1ffdde7
relelev_neg,cell_gate,URBAN,holdout,main,2,-0.5236246070897843,0.2869578649552456,-4.169769989866705,3.1225207756871356,,,0.0,0.0,38.35867540490727,0.21511631679595272,0.6427865038733827,0.0,0.0,0.9954347065262057,0.0,False,0.37200507067395966,0.015220568423774922,0.957812205255254,,,0.6263400260405221,2024-09-20,1.879969213254753,0.6263400260405221,2024-09-20,1.879969213254753,0.38069335047051794,0.3752981191669358,0.38069335047051794,2023-08-10;2024-09-20,36,36,14,"k=2: tau2 불안정, 예측구간 없음",m2_20260926T165115Z_1ffdde7
relelev_neg,cluster_gate,URBAN,holdout,main,2,-0.32453339003631726,0.41131081457308516,-5.550732810204724,4.9016660301320885,,,0.12135664142253845,0.0,344.3475330961041,1.5591709572353056,0.21178664935773045,0.3586335126629204,0.0,0.9993701337799951,0.3483628014334172,False,0.4195713250104495,0.0038695777202406717,0.9926206721365228,,,0.5077042077026832,2024-09-20,1.9995252741784473,0.5049412205708561,2024-09-20,1.9998046937882819,0.42375,0.3672071428571429,0.42375,2023-08-10;2024-09-20,14,36,14,"k=2: tau2 불안정, 예측구간 없음",m2_20260926T165115Z_1ffdde7
relelev_neg,cell_gate,UNIVERSE,holdout,main,2,-0.7555752587977547,0.16442409669331395,-2.8447814949435863,1.333630977348077,,,0.0,0.0,29.80506398239019,0.47286382729061627,0.49167261598385803,0.0,0.0,0.9979231460295827,0.0,False,0.31960769533982286,0.05495169609307208,0.7914406067630584,,,0.6791020139853313,2024-09-20,1.772562307583673,0.6791020139853313,2024-09-20,1.772562307583673,0.329666050020782,0.30844153004620234,0.329666050020782,2023-08-10;2024-09-20,107,107,65,"k=2: tau2 불안정, 예측구간 없음",m2_20260926T165115Z_1ffdde7
relelev_neg,cluster_gate,UNIVERSE,holdout,main,2,-0.5623005603585273,0.16011017278454137,-2.596693196103215,1.4720920753861608,,,0.0,0.0,0.5100354132490657,0.008486648102511268,0.926600310597162,0.0,0.0,0.8842806835734998,0.0,False,0.3630153217245297,0.069351544076958,0.8133751629424986,,,0.7407487337724896,2024-09-20,1.6235877276663897,0.7407487337724896,2024-09-20,1.6235877276663897,0.3649,0.36148,0.3649,2023-08-10;2024-09-20,65,107,65,"k=2: tau2 불안정, 예측구간 없음",m2_20260926T165115Z_1ffdde7
relelev_neg,cell_gate,AGRI,holdout,main,1,-0.5681721714052352,0.20372384446898234,,,,,,,,,,,,,,False,0.36165869364373326,,,,,1.0,2024-09-20,1.0,1.0,2024-09-20,1.0,0.3616586936437332,0.3616586936437332,0.3616586936437332,2024-09-20,1112,1112,47,k=1: 통합 불가,m2_20260926T165115Z_1ffdde7
relelev_neg,cluster_gate,AGRI,holdout,main,1,0.139425424583279,0.13658783627792997,,,,,,,,,,,,,,False,0.5348,,,,,1.0,2024-09-20,1.0,1.0,2024-09-20,1.0,0.5348,0.5348,0.5348,2024-09-20,47,1112,47,k=1: 통합 불가,m2_20260926T165115Z_1ffdde7
relelev_neg,object,AGRI,holdout,main,1,0.3260136651771596,0.10315017174067338,,,,,,,,,,,,,,False,0.5807891252329445,,,,,1.0,2024-09-20,1.0,1.0,2024-09-20,1.0,0.5807891252329445,0.5807891252329445,0.5807891252329445,2024-09-20,109,1112,47,k=1: 통합 불가,m2_20260926T165115Z_1ffdde7
relelev_neg,cell_gate,ALL,combined,main,8,0.0619253975935188,0.11226161918730768,-0.20353114965986274,0.3273819448469003,-0.6363736877883347,0.7602244829753723,0.06883892894171915,0.017534888709676066,0.34743707893713127,53.19405390224066,3.3940483111400617e-09,0.8684063445725624,0.474278724732088,0.9470204673060573,0.26237173807733016,False,0.5154764040298024,0.4492921393088753,0.5811222276755793,0.34606673160447166,0.6814024694883369,0.815974699275834,2025,1.4895711274072652,0.18014792467231336,2025,7.6241611045466,0.5286892390238753,0.4989497196406484,0.5374459014659527,2006;2012;2014;2016;2019;2023-08-10;2024-09-20;2025,1968,1968,108,,m2_20260926T165115Z_1ffdde7
relelev_neg,cluster_gate,ALL,combined,main,8,0.32256168106258354,0.15225883904415768,-0.037473262260594,0.6825966243857611,-0.7177022017856582,1.3628255639108253,0.1575556287340794,0.05530071473991896,0.7130828661841035,143.00452046137696,1.1923978496673168e-27,0.9510504984218973,0.792077560756343,0.9800486616261614,0.3969327760894525,False,0.5799484262782599,0.49063278056541915,0.6643179904412684,0.32789917430556936,0.7962185421285883,0.8066972083229136,2025,1.5195166287313848,0.14632385498525244,2025,7.930805419792267,0.584175,0.5863453703703704,0.57245,2006;2012;2014;2016;2019;2023-08-10;2024-09-20;2025,108,1968,108,,m2_20260926T165115Z_1ffdde7
relelev_neg,object,ALL,combined,main,10,0.29585721052981495,0.10937364742999961,0.04843683057467585,0.543277590484954,-0.49632537644383945,1.0880397975034692,0.10605056004203749,0.04380548784420281,0.344973715322997,409.12603149663596,1.545679402443323e-82,0.9780018886427813,0.8976845446051922,0.9857334325070882,0.32565404963248573,False,0.5734294665165957,0.5121068407211752,0.6325745388780418,0.3784046067677765,0.7480124230104322,0.6472608010438382,2025,2.25139647995739,0.11229641130272333,2025,9.91132578701276,0.5747740958850694,0.607332741804549,0.5782050487635916,2006;2012;2014;2016;2019;2022-09-06;2023-08-10;2024-07-24;2024-09-20;2025,338,1968,108,,m2_20260926T165115Z_1ffdde7
relelev_neg,cell_gate,FLAT,combined,main,8,-0.18014005731223084,0.2462594474778286,-0.7624511190021438,0.40217100437768216,-1.8184767753446553,1.4581966607201935,0.38765725662501904,0.12326163750478732,1.6561029289378908,68.22017596021045,3.379456315937842e-12,0.8973910591482092,0.6203121869217306,0.9564278331573202,0.6226212786477981,False,0.4550863756082619,0.3181143384651754,0.5992091553073681,0.13961674824211334,0.8112567037799915,0.5113910372426475,2025,3.363659142806053,0.15067973428237424,2025,7.939958574896193,0.46964712286810156,0.37841598559303247,0.5167338449352459,2006;2012;2014;2016;2019;2023-08-10;2024-09-20;2025,1867,1867,99,,m2_20260926T165115Z_1ffdde7
relelev_neg,cluster_gate,FLAT,combined,main,8,0.2143027252868051,0.28033618885922,-0.4485870254888014,0.8771924760624117,-1.718663361198047,2.1472688117716574,0.5454507476209876,0.19903754338248555,2.2357098253237853,134.77391261647315,6.31318658593756e-26,0.9480611650719087,0.787727007690113,0.9765715982307765,0.7385463747260477,False,0.5533715770974765,0.38969676587203195,0.7062400955223341,0.152043411298021,0.8954132817267061,0.4682465322676234,2025,3.583431360157499,0.1410294609298673,2025,7.954227979276022,0.560225,0.5283979797979799,0.5700000000000001,2006;2012;2014;2016;2019;2023-08-10;2024-09-20;2025,99,1867,99,,m2_20260926T165115Z_1ffdde7
relelev_neg,object,FLAT,combined,main,10,0.20102616346794797,0.21144166047596538,-0.27728810329170317,0.6793404302275992,-1.3366011139804226,1.7386534409163186,0.3999052493285811,0.1670271922305996,1.2852583388413297,296.08832653553617,1.763116739263743e-58,0.9696036648749142,0.8795599872056984,0.982515963901071,0.6323806206143426,False,0.550087976766862,0.4311187586783171,0.6635914723704347,0.2080695598060147,0.8505159466636041,0.28979428766618026,2025,5.164115382807716,0.10985300700360602,2025,9.915692281194124,0.5578211218897124,0.5715079827389938,0.5904290412214624,2006;2012;2014;2016;2019;2022-09-06;2023-08-10;2024-07-24;2024-09-20;2025,306,1867,99,,m2_20260926T165115Z_1ffdde7
relelev_neg,object,URBAN,combined,main,9,0.2282621141944552,0.11779301410168143,-0.04336906342218477,0.49989329181109515,-0.24061259323069406,0.6971368216196044,0.02798315756514771,0.0,0.6372961553401114,12.907159808250048,0.11508412187801988,0.38018897117191275,0.0,0.9057264249134951,0.16728167133654456,False,0.5568190361942987,0.489159433237707,0.6224342540536699,0.4401353922878198,0.6675526632588649,0.3362766702130318,2024-09-20,4.967225485265818,0.23774064691932423,2024-09-20,6.70821506771761,0.5525184620567576,0.5506261990992223,0.5697700214987546,2006;2012;2014;2016;2019;2022-09-06;2023-08-10;2024-07-24;2024-09-20,158,387,45,,m2_20260926T165115Z_1ffdde7
relelev_neg,cell_gate,AGRI,combined,main,5,0.08427172929165587,0.3911610194662675,-1.0017653685496413,1.1703088271329531,-2.8663675250078233,3.0349109835911348,0.7066200846734993,0.2190494565456802,6.1512128108313,70.73362765598326,1.588887561781625e-14,0.9434498111781541,0.832212733355233,0.9928714843376958,0.8406069739619696,False,0.5210554729504632,0.26859447045918067,0.7632008331463198,0.05384139976049899,0.9541266019664153,0.4768866267592305,2025,3.284372497999274,0.21170895329000441,2025,4.987756639786645,0.5217458780875488,0.39681154036054006,0.4828288884833633,2006;2012;2014;2024-09-20;2025,1328,1328,80,,m2_20260926T165115Z_1ffdde7
relelev_neg,cluster_gate,AGRI,combined,main,5,0.25892691957467395,0.32502227936448713,-0.6434795970470861,1.161333436196434,-2.167000937735999,2.684854776885347,0.4754373944206679,0.13984551107848336,4.2403020712928985,64.49295334421858,3.2906276891383896e-13,0.9379777201603595,0.8047587422339547,0.99206226567556,0.6895196838529469,False,0.5643724865937876,0.34446039584208377,0.76157492271169,0.1027532027094816,0.936127021688819,0.47561946177290587,2025,2.983206114423301,0.2167884778472191,2025,4.976305397779237,0.56954,0.5455725000000001,0.5532,2006;2012;2014;2024-09-20;2025,80,1328,80,,m2_20260926T165115Z_1ffdde7
relelev_neg,object,AGRI,combined,main,5,0.13931276064332326,0.28932779980537304,-0.6639899929239519,0.9426155142105983,-2.0589563424437185,2.337581863730365,0.3934225200817833,0.12630444224127954,3.3933934342318866,118.07383738401569,1.3772423797073048e-24,0.9661228931944452,0.9049798981282341,0.9961071557409575,0.6272340233770672,False,0.5347719703456826,0.33984388536034543,0.7196276762123951,0.1131505161992715,0.9119420931886378,0.34968718439521895,2025,3.4346569782074905,0.20920157208816656,2025,4.986109918555979,0.5402074590529308,0.5619184308328082,0.5807891252329445,2006;2012;2014;2024-09-20;2025,187,1328,80,,m2_20260926T165115Z_1ffdde7
relelev_neg,cell_gate,UNIVERSE,combined,main,7,-0.522763872579707,0.13078886980522625,-0.8427927081039728,-0.20273503705544127,-1.1558352918815602,0.11030754672214615,0.043545911147740264,0.0,0.4097111819295101,9.053229992084924,0.1706065113983337,0.3372531123979296,0.0,0.8483531298998528,0.2086765706727525,False,0.3722061752877663,0.30094693359387586,0.44948912836776217,0.23942485775699443,0.5275489582629053,0.25486042856453767,2024-09-20,5.9248043764635785,0.20521229992387485,2024-09-20,6.4748881683026935,0.3780518708909762,0.3793626202613893,0.3563839751652528,2006;2012;2014;2016;2019;2023-08-10;2024-09-20,447,447,109,,m2_20260926T165115Z_1ffdde7
relelev_neg,cluster_gate,UNIVERSE,combined,main,7,-0.27832032774602566,0.14291716954149705,-0.6280260436292109,0.07138538813715961,-1.060346549343683,0.5037058938516318,0.07288871088818477,0.0,0.6582597905874749,12.916374825793538,0.04438330964186825,0.5354733753918154,0.0,0.9134070749815962,0.269979093427963,False,0.4308656181041068,0.3479582610439357,0.5178387723334539,0.2572432342375771,0.6233298339650679,0.2522846277001529,2024-09-20,6.228497314193443,0.18290922504034532,2024-09-20,6.858073296306073,0.4360571428571428,0.4203256880733945,0.4025,2006;2012;2014;2016;2019;2023-08-10;2024-09-20,109,447,109,,m2_20260926T165115Z_1ffdde7
relelev_neg,object,UNIVERSE,combined,main,10,-0.4354084606930031,0.23359098187000607,-0.9638279734953029,0.09301105210929672,-2.1418363542448313,1.2710194328588253,0.49302551932998856,0.20835792106441692,1.578175334304289,297.8121206548171,7.598497102002758e-59,0.9697796047380101,0.880533243279488,0.982402716305087,0.7021577595740067,False,0.39283558334098506,0.27611242578931783,0.523236014104196,0.10509655278879775,0.780917208061275,0.24658264861141307,2024-09-20,6.031324539150259,0.10833826259282846,2024-09-20,9.924002061017063,0.41082701729968274,0.4777447235139572,0.423727568673054,2006;2012;2014;2016;2019;2022-09-06;2023-08-10;2024-07-24;2024-09-20;2025,250,449,111,,m2_20260926T165115Z_1ffdde7
relelev_neg,cell_gate,URBAN,combined,main,6,-0.1521296895302194,0.2118027558388215,-0.6965860064272074,0.3923266273667685,-1.1130427226022048,0.808783343541766,0.07893987236159114,0.0,1.6180485535472555,7.778062078370933,0.16889868526761617,0.35716635459828844,0.0,0.9075895936395562,0.280962403822275,False,0.46204075835486963,0.33256958829095,0.5968426617774163,0.24730406629336327,0.6918501816056414,0.24756904784286213,2016,5.58311151912702,0.2170182802593798,2016,5.816770534011876,0.46776008538012653,0.46429876468856446,0.42378214753102184,2012;2014;2016;2019;2023-08-10;2024-09-20,385,385,43,,m2_20260926T165115Z_1ffdde7
relelev_neg,cluster_gate,URBAN,combined,main,6,0.13071541931831673,0.183525890166666,-0.3410529003131002,0.6024837389497337,-0.32904469762982913,0.5904755362664625,0.0,0.0,1.368652997738413,6.141582300343211,0.2926851543236062,0.18587755475969378,0.0,0.889778483963824,0.0,False,0.5326324035358715,0.4155537376836707,0.64622434076376,0.4184730810790194,0.6434742483552893,0.30525971765908894,2016,5.226838730443639,0.30525971765908894,2016,5.226838730443639,0.5346500000000001,0.5261581395348838,0.54395,2012;2014;2016;2019;2023-08-10;2024-09-20,43,385,43,,m2_20260926T165115Z_1ffdde7
twi,cell_gate,ALL,development,main,6,1.7775018117566923,0.1730363146119671,1.332697804509719,2.2223058190036657,0.6751000391753019,2.8799035843380825,0.127711210199008,0.0284007057634838,0.7231500342208845,36.81176230840755,6.533059810016851e-07,0.8641738486163691,0.44640485967959076,0.9535579717951774,0.3573670524810702,False,0.8553881160819491,0.7912865331488259,0.9022347742340369,0.6626442009778454,0.9468440111693038,0.572328126706125,2025,2.6681319268672166,0.22112426013944111,2025,5.708607428224696,0.8507475725136063,0.8342740300228739,0.8535920515821669,2006;2012;2014;2016;2019;2025,696,696,53,,m2_20260926T165115Z_1ffdde7
twi,cluster_gate,ALL,development,main,6,1.5465285600464722,0.2545034099933377,0.8923067172100966,2.2007504028828477,-0.18561042260222038,3.278667542695165,0.3244409709846378,0.09620455075104029,1.9729782155458198,73.11521079984104,2.3001640207059533e-14,0.9316147769348855,0.704260905463293,0.9799347016682279,0.5695972006467709,False,0.8244117824059414,0.7093659685493011,0.9003168770696196,0.45373015588775334,0.9636896872436205,0.7515403342303777,2025,1.728037702737689,0.19689301543403473,2025,5.921350286544467,0.8081,0.7953207547169812,0.81135,2006;2012;2014;2016;2019;2025,53,696,53,,m2_20260926T165115Z_1ffdde7
twi,object,ALL,development,main,6,1.510328439972186,0.2100151510743488,0.9704673074120485,2.0501895725323234,0.06846847113047083,2.952188408813901,0.2255855882130527,0.0681203362244907,1.374519019851645,53.308549747866344,2.906786933147895e-10,0.9062064148499909,0.6733425297586656,0.9765218146586153,0.4749585120966385,False,0.8191098765334405,0.7252126322699929,0.8859667725682938,0.5171104339262539,0.9503668168927646,0.2827968029176639,2025,5.012204007013608,0.18054604544279712,2025,5.961830987113081,0.8097046983330557,0.7877230771521708,0.8181195333295781,2006;2012;2014;2016;2019;2025,142,696,53,,m2_20260926T165115Z_1ffdde7
twi,cell_gate,FLAT,development,main,6,0.6067557213638649,0.10685211287376142,0.3320836209112126,0.8814278218165172,0.012707130133747802,1.200804312593982,0.03436156868844303,0.0,0.21381495054143038,12.291596378080362,0.031003477609076683,0.593218012843595,0.0,0.9104558662410579,0.18536873708487908,False,0.6472003835413577,0.5822662673712513,0.7071180134546091,0.5031767397875648,0.7686678353342873,0.508251828709574,2016,2.88566761602996,0.28709274184790257,2016,4.52918986253981,0.6433424893119244,0.6236648869768412,0.6404358907717526,2006;2012;2014;2016;2019;2025,633,633,49,,m2_20260926T165115Z_1ffdde7
twi,cluster_gate,FLAT,development,main,6,0.6319913085775462,0.13988285561938926,0.27241098080540693,0.9915716363496854,-0.14962684018973615,1.4136094573448283,0.05968494301913052,0.003943382683168585,0.5172414603446658,16.95191277614287,0.004591904409742484,0.7050480340462401,0.11112940795305196,0.9425251207890026,0.24430502045420704,False,0.6529408481528141,0.5676847012227646,0.7293982381645446,0.4626629231090637,0.8043346256735475,0.5645453415217389,2025,2.419954362316851,0.2953919949611511,2025,4.60611501627649,0.6166666666666666,0.6357265306122449,0.6251,2006;2012;2014;2016;2019;2025,49,633,49,,m2_20260926T165115Z_1ffdde7
twi,object,FLAT,development,main,6,0.45518220954183075,0.12324387804749079,0.1383737352795738,0.7719906838040878,-0.2733274820260091,1.1836919011096705,0.05365912982266965,0.0026986080755778586,0.4428188496519673,14.41401623838885,0.013182767727533982,0.6531154178470051,0.07861965027430855,0.9333405552879038,0.23164440382333792,False,0.6118706419093463,0.534538341759631,0.6839513612134501,0.43209038613246276,0.7656109679737906,0.2883483720619737,2025,4.67135046799014,0.21423394238003796,2025,5.542479697184665,0.5959898832066806,0.6008345283342942,0.5854166939638412,2006;2012;2014;2016;2019;2025,131,633,49,,m2_20260926T165115Z_1ffdde7
twi,object,URBAN,development,main,5,0.09472228284525085,0.22585622146520398,-0.5323551177202835,0.7217996834107853,-1.35748067976801,1.5469252454585114,0.15796716573449532,0.0037774347128495334,2.1882513711347116,11.72457292501435,0.01952136498893465,0.6588361874174531,0.047950607990633456,0.966861755238808,0.39745083436130224,False,0.5236628807962567,0.3699677619235759,0.6730031964491474,0.2046500629324386,0.8244691980047885,0.356534704035263,2016,3.5296212184517954,0.25686562881768343,2016,4.669626873860926,0.5017254567839788,0.5127537378250472,0.5611952287517968,2006;2012;2014;2016;2019,77,351,31,,m2_20260926T165115Z_1ffdde7
twi,cell_gate,AGRI,development,main,4,0.5684060117171574,0.1334250200790761,0.14378804953409713,0.9930239739002178,-0.31218762977866654,1.4489996532129814,0.024471507867951416,0.0,1.6686289465570867,4.862171774814433,0.18217231767190784,0.38299177015100494,0.0,0.9744002684915277,0.15643371717104793,False,0.6383952893776355,0.5358852064478666,0.7296847998697199,0.42258085326469746,0.8098444318987823,0.5130032527118972,2025,2.6551164993209544,0.4124123291339833,2025,3.1602905032928366,0.6027845205875825,0.6039796393899627,0.6207765117062117,2006;2012;2014;2025,216,216,33,,m2_20260926T165115Z_1ffdde7
twi,cluster_gate,AGRI,development,main,4,0.6741467315461691,0.14930600776191214,0.19898837878761122,1.149305084304727,-0.35476477657292693,1.7030582396652652,0.03489289162799573,0.0,0.8583255536423845,4.4767167627542,0.21437652507169022,0.32986602481540134,0.0,0.9402355947822023,0.18679639083235983,False,0.6624310590155218,0.549583591694729,0.7593839648701429,0.4122274540313719,0.8459337366450547,0.6925450160203918,2025,1.9346703589529022,0.4685286133249542,2025,3.0751325602677064,0.6326499999999999,0.6418030303030302,0.62595,2006;2012;2014;2025,33,216,33,,m2_20260926T165115Z_1ffdde7
twi,object,AGRI,development,main,4,0.5188311631555899,0.1939671211938048,-0.0984587850341514,1.1361211113453311,-1.1291093602701618,2.166771686581342,0.10907012262875321,0.014106836210291513,1.7096446801911853,15.43088326375495,0.0014831101221309635,0.8055846869733897,0.2892855290364408,0.9801309852374446,0.33025766096905795,False,0.6268744125732711,0.47540516932733046,0.7569667587403305,0.24432550276222728,0.897225659559526,0.6262080722424752,2025,2.2559406628628125,0.31525882379557657,2025,3.875814240175907,0.611682184709297,0.6156855655341439,0.5931836171452542,2006;2012;2014;2025,78,216,33,,m2_20260926T165115Z_1ffdde7
twi,cell_gate,UNIVERSE,development,main,5,0.8342816488758915,0.1992853144221657,0.2809769131106663,1.3875863846411167,-0.25891892483270307,1.927482222584486,0.08007973477666323,0.0,1.6466412705242865,7.052046860828163,0.13316321717210386,0.43278879466631104,0.0,0.9389026052253823,0.28298362987399683,False,0.6972595000889109,0.5697857109135248,0.8002066436381176,0.43562947896396875,0.8729704780197673,0.308412349432679,2019,4.435123815029615,0.25733380707924974,2019,4.801844254585827,0.6753203772047833,0.7141800914620613,0.733755429476931,2006;2012;2014;2016;2019,340,340,44,,m2_20260926T165115Z_1ffdde7
twi,cluster_gate,UNIVERSE,development,main,5,0.4478252026936562,0.19209634518667285,-0.08551975462626726,0.9811701600135797,-0.62897273214149,1.5246231375288024,0.07758337985531,0.0,1.2383733803494563,6.774664809599976,0.1482862109306732,0.40956488440109434,0.0,0.9240991969393432,0.27853793252501535,False,0.6101220321594881,0.47863308223112416,0.7273403399512419,0.3477435041484188,0.8212182525303435,0.3212489045444502,2012,4.142592752250861,0.2681161022880771,2012,4.58426362865285,0.60986,0.5844045454545455,0.5972,2006;2012;2014;2016;2019,44,340,44,,m2_20260926T165115Z_1ffdde7
twi,object,UNIVERSE,development,main,6,0.3477378849673541,0.17608374933182266,-0.10489980261576731,0.8003755725504755,-0.686640767407116,1.382116537341824,0.1077917804837182,0.0,0.8833667033038264,12.812087759335457,0.02520480739663216,0.6097435411057985,0.0,0.9284251405405852,0.3283165857578904,False,0.5860689146439501,0.47379907112401864,0.6900548140052751,0.3347807674173129,0.7993307103166967,0.2550575853324111,2014,4.939658294313243,0.20617842571352896,2014,5.600428265209742,0.5966543234601885,0.5675130703547266,0.6185412808102584,2006;2012;2014;2016;2019;2025,105,342,46,,m2_20260926T165115Z_1ffdde7
twi,cell_gate,URBAN,development,main,4,0.7038517226069321,0.1508027741538598,0.22392999117444756,1.1837734540394167,0.05499975474003571,1.3527036904738283,0.0,0.0,0.2981636714549548,0.5380885908829252,0.9104472789922076,0.0,0.0,0.705485091618521,0.0,False,0.6690411947414453,0.5557497297434034,0.765625602396383,0.5137464736337097,0.794571297003512,0.6227604454272738,2016,2.212915689068775,0.6227604454272738,2016,2.212915689068775,0.6683978398739592,0.6759263681372238,0.6805518495727181,2012;2014;2016;2019,349,349,29,,m2_20260926T165115Z_1ffdde7
twi,cluster_gate,URBAN,development,main,4,0.263635129098401,0.22819382251050868,-0.46257945823873353,0.9898497164355355,-1.3101991124018775,1.8374693705986793,0.08172427544703362,0.0,2.30948562246642,4.650648506634386,0.19924001193433674,0.3549286737709058,0.0,0.9513594892422149,0.28587457992454246,False,0.5655296761582377,0.3863740833387785,0.729058237509502,0.21245352732019504,0.8626491393598342,0.4637818876023183,2016,2.710400533019679,0.3849260305468891,2016,3.231696375341724,0.53615,0.524751724137931,0.5386500000000001,2012;2014;2016;2019,29,349,29,,m2_20260926T165115Z_1ffdde7
twi,object,ALL,holdout,main,4,1.339677942620767,0.2157736182425453,0.6529899884670815,2.0263658967744527,-0.16923409768317565,2.8485899829247097,0.08260220578607608,0.0,3.227177050122387,5.965959831213019,0.11327814927595918,0.4971471339273114,0.0,0.9780700496242937,0.2874059946940496,False,0.7924369742331963,0.6576839330724735,0.8835376537176479,0.45779216419397134,0.9452457514276172,0.8950675781599003,2024-09-20,1.2417115853318026,0.45970076404157967,2024-09-20,3.183239118912454,0.7725690881009992,0.8079492365041389,0.8103420516159077,2022-09-06;2023-08-10;2024-07-24;2024-09-20,196,1272,55,,m2_20260926T165115Z_1ffdde7
twi,object,FLAT,holdout,main,4,0.049980550065534673,0.26128530513027803,-0.7815459038712448,0.8815070040023142,-2.0510428393864615,2.1510039395175307,0.1701755184614123,0.011316654744119196,2.226514184195438,12.381316104067183,0.0061848032426624,0.7576994259104233,0.13794157143337296,0.9692139624091535,0.41252335504964116,False,0.5124925370371994,0.31398680405897206,0.7071344119848817,0.11394705056575667,0.8957625539742994,0.8745256182230053,2024-09-20,1.2948780819752665,0.3872064022213513,2024-09-20,3.462160120054531,0.5060125031035114,0.592815986155464,0.5260862270315485,2022-09-06;2023-08-10;2024-07-24;2024-09-20,175,1234,50,,m2_20260926T165115Z_1ffdde7
twi,object,URBAN,holdout,main,4,0.11237131777625423,0.16459429426144506,-0.41144118586686107,0.6361838214193695,-0.757748326181028,0.9824909617335364,0.013805144331498698,0.0,2.4405003411573367,2.6168999640598973,0.45453446513856577,0.0,0.0,0.9357543258733344,0.11749529493345126,False,0.5280633053118745,0.39856660221354495,0.6538902995168404,0.3191353284691572,0.7276021978870639,0.8059451461890692,2024-09-20,1.498703498784852,0.7348735739044183,2024-09-20,1.7473361511008458,0.54258238258455,0.5437371108414107,0.5590534904968842,2022-09-06;2023-08-10;2024-07-24;2024-09-20,81,36,14,,m2_20260926T165115Z_1ffdde7
twi,object,UNIVERSE,holdout,main,4,0.5680196094378032,0.08416869322281062,0.3001572626703117,0.8358819562052946,0.205870951783232,0.9301682670923743,0.0,0.0,0.17721958809212057,0.9906307975467883,0.8035190129449462,0.0,0.0,0.7675905530813111,0.0,False,0.638306084900408,0.5744809605283944,0.6975972001902434,0.5512867259745163,0.7171094219910851,0.7534598130798068,2024-09-20,1.6558575378556877,0.7534598130798068,2024-09-20,1.6558575378556877,0.6636678702607917,0.6316443668323665,0.6614792655845838,2022-09-06;2023-08-10;2024-07-24;2024-09-20,145,107,65,,m2_20260926T165115Z_1ffdde7
twi,cell_gate,ALL,holdout,main,2,1.947891432070461,0.20694076114529567,-0.6815402473014909,4.577323111442412,,,0.04756995662874182,0.0,96.68985071913542,2.002892881272756,0.15699931826777103,0.500722175733861,0.0,0.9995096746678978,0.2181053796419103,False,0.8752165418724206,0.33591762210000753,0.9898222670754011,,,0.8142334605055509,2024-09-20,1.4337218995762853,0.6568898006154724,2024-09-20,1.820734756208547,0.8655509974533779,0.8899447647772075,0.8655509974533779,2023-08-10;2024-09-20,1272,1272,55,"k=2: tau2 불안정, 예측구간 없음",m2_20260926T165115Z_1ffdde7
twi,cluster_gate,ALL,holdout,main,2,1.5665058009647344,0.11315969147774349,0.12867559316616295,3.004336008763306,,,0.0,0.0,22.000427312002373,0.4676712721272358,0.49406044746367694,0.0,0.0,0.9979000867153797,0.0,False,0.8272849118978952,0.5321245855286435,0.9527696292614025,,,0.8342222085346102,2024-09-20,1.3823439331847291,0.8342222085346102,2024-09-20,1.3823439331847291,0.8365,0.823849090909091,0.8365,2023-08-10;2024-09-20,55,1272,55,"k=2: tau2 불안정, 예측구간 없음",m2_20260926T165115Z_1ffdde7
twi,cell_gate,FLAT,holdout,main,2,0.6072735688613571,0.2513466162942795,-2.586387997518501,3.8009351352412146,,,0.08874845365938348,0.0,138.3741844628421,2.8806261253198664,0.08965115598483107,0.6528532490869638,0.0,0.9996590778968005,0.2979067868635817,False,0.6473186157053713,0.07001962020454024,0.9781387343320989,,,0.8825371389233148,2024-09-20,1.261560108444102,0.6327965227600346,2024-09-20,1.8682166236707802,0.6292971660496556,0.6879427506090497,0.6292971660496556,2023-08-10;2024-09-20,1234,1234,50,"k=2: tau2 불안정, 예측구간 없음",m2_20260926T165115Z_1ffdde7
twi,cluster_gate,FLAT,holdout,main,2,0.3706252278965159,0.111721313571768,-1.048928655740741,1.7901791115337726,,,0.0,0.0,0.052019913137483005,0.002024907437604309,0.9641081287358533,0.0,0.0,0.515005427439609,0.0,False,0.5916100468917287,0.2594308813837912,0.8569492347129943,,,0.8501520653673258,2024-09-20,1.3418983344588162,0.8501520653673258,2024-09-20,1.3418983344588162,0.5928,0.5913039999999999,0.5928,2023-08-10;2024-09-20,50,1234,50,"k=2: tau2 불안정, 예측구간 없음",m2_20260926T165115Z_1ffdde7
twi,cell_gate,URBAN,holdout,main,2,0.24036719896775405,0.25805161781165115,-3.0384894894481898,3.5192238873836983,,,0.0,0.0,18.811172956969248,0.052071131042768594,0.8194977602951677,0.0,0.0,0.9811398543202636,0.0,False,0.5598041376953241,0.045717024594088974,0.9712298255138163,,,0.8973947321038286,2024-09-20,1.2257228037063779,0.8973947321038286,2024-09-20,1.2257228037063779,0.5785306384636595,0.5745908412930022,0.5785306384636595,2023-08-10;2024-09-20,36,36,14,"k=2: tau2 불안정, 예측구간 없음",m2_20260926T165115Z_1ffdde7
twi,cluster_gate,URBAN,holdout,main,2,0.19210414319944003,0.3006501651230366,-3.628018408818592,4.012226695217472,,,0.0,0.0,315.22928599847313,0.8221245236229384,0.36455973647272655,0.0,0.0,0.998805449674646,0.0,False,0.547878882753536,0.0258811501377496,0.9822284786355345,,,0.8607230076506946,2024-09-20,1.3153703266077348,0.8607230076506946,2024-09-20,1.3153703266077348,0.6126499999999999,0.56005,0.6126499999999999,2023-08-10;2024-09-20,14,36,14,"k=2: tau2 불안정, 예측구간 없음",m2_20260926T165115Z_1ffdde7
twi,cell_gate,UNIVERSE,holdout,main,2,0.8436696971699597,0.1282662219892541,-0.7861071801611356,2.4734465745010548,,,0.0,0.0,7.467845899258018,0.1086449058250413,0.7416921966879866,0.0,0.0,0.9909607439969919,0.0,False,0.6992375332900429,0.3130051438916052,0.9222592343110055,,,0.8594996821705915,2024-09-20,1.318426251659126,0.8594996821705915,2024-09-20,1.318426251659126,0.7081956130429001,0.698213968111588,0.7081956130429001,2023-08-10;2024-09-20,107,107,65,"k=2: tau2 불안정, 예측구간 없음",m2_20260926T165115Z_1ffdde7
twi,cluster_gate,UNIVERSE,holdout,main,2,0.8721174720683241,0.12684134726682397,-0.7395546553161737,2.483789599452822,,,0.0,0.0,23.922147608528714,0.33531356120951306,0.5625468958027569,0.0,0.0,0.997071191771568,0.0,False,0.7051861087885918,0.3231015360573553,0.922997568398732,,,0.868131434616321,2024-09-20,1.2969470408821138,0.868131434616321,2024-09-20,1.2969470408821138,0.7210000000000001,0.701883076923077,0.7210000000000001,2023-08-10;2024-09-20,65,107,65,"k=2: tau2 불안정, 예측구간 없음",m2_20260926T165115Z_1ffdde7
twi,cell_gate,AGRI,holdout,main,1,0.7757039757893278,0.07785148146671776,,,,,,,,,,,,,,False,0.6847534846278112,,,,,1.0,2024-09-20,1.0,1.0,2024-09-20,1.0,0.6847534846278112,0.6847534846278112,0.6847534846278112,2024-09-20,1112,1112,47,k=1: 통합 불가,m2_20260926T165115Z_1ffdde7
twi,cluster_gate,AGRI,holdout,main,1,0.3511647531615699,0.1200701718942953,,,,,,,,,,,,,,False,0.5869,,,,,1.0,2024-09-20,1.0,1.0,2024-09-20,1.0,0.5869,0.5869,0.5869,2024-09-20,47,1112,47,k=1: 통합 불가,m2_20260926T165115Z_1ffdde7
twi,object,AGRI,holdout,main,1,0.4884123391947505,0.08110860548048174,,,,,,,,,,,,,,False,0.6197323487754165,,,,,1.0,2024-09-20,1.0,1.0,2024-09-20,1.0,0.6197323487754165,0.6197323487754165,0.6197323487754165,2024-09-20,109,1112,47,k=1: 통합 불가,m2_20260926T165115Z_1ffdde7
twi,cell_gate,ALL,combined,main,8,1.8172250001948802,0.1375914200114987,1.4918729916246016,2.1425770087651586,0.9618149489672176,2.6726350514225428,0.10328009400587555,0.024157638892284436,0.40812520677559116,38.86803525878294,2.0710866366809274e-06,0.819903425696872,0.4318236299285757,0.927745224174049,0.321372204781116,False,0.8602328157852844,0.8163592319564018,0.8949730863358065,0.7234850409510573,0.9353924593430704,0.43792232558905314,2025,3.8775215832222947,0.17059164148833575,2025,7.550820032611541,0.8544484287485492,0.8702563341933579,0.8571988652316112,2006;2012;2014;2016;2019;2023-08-10;2024-09-20;2025,1968,1968,108,,m2_20260926T165115Z_1ffdde7
twi,cluster_gate,ALL,combined,main,8,1.574259707664908,0.18846777134738257,1.1286042448932436,2.0199151704365725,0.320862505861927,2.827656909467889,0.22686598010453166,0.07263427030977612,0.9726462978743151,91.42333441549567,6.31012625350413e-17,0.9234331142617618,0.7007688620723778,0.969098018143265,0.47630450355264503,False,0.8283900156509083,0.7555812254635689,0.8828722372815312,0.5795344370433188,0.944152182125857,0.5937094818507684,2025,2.5441574118196817,0.15350387410954902,2025,7.8334743101654745,0.8152,0.8098490740740741,0.8271,2006;2012;2014;2016;2019;2023-08-10;2024-09-20;2025,108,1968,108,,m2_20260926T165115Z_1ffdde7
twi,object,ALL,combined,main,10,1.442123192681225,0.15309442719643532,1.0957995376143206,1.7884468477481295,0.41046497322929554,2.4737814121331545,0.17671021944128318,0.05769976921862233,0.6812931118411114,60.73376559945574,9.678880703775841e-10,0.8518122512054374,0.6528896689869271,0.9569135677988263,0.42036914663338837,False,0.8087832246779886,0.7494722384098741,0.8567367499372857,0.6011993654639742,0.9222832378172311,0.4742285229015601,2024-09-20,3.7012991786442826,0.12881100228987405,2024-09-20,9.557075111816838,0.794850454240233,0.7994518559479865,0.8143855230450059,2006;2012;2014;2016;2019;2022-09-06;2023-08-10;2024-07-24;2024-09-20;2025,338,1968,108,,m2_20260926T165115Z_1ffdde7
twi,cell_gate,FLAT,combined,main,8,0.6211224411602553,0.08871752554120223,0.4113388287242262,0.8309060535962843,0.14064935149758145,1.101595530822929,0.030686045583326133,0.0002701839962630339,0.16476766222953357,16.369867524850378,0.02194386908406123,0.5723850550791809,0.013323859121807004,0.8917172218055409,0.1751743291219525,False,0.6504737872288338,0.6014088613715027,0.6965464760015977,0.5351044864972266,0.7505589406256844,0.3967944446632107,2016,4.010652621484156,0.21806744871561856,2016,6.105282975798522,0.6398311584963572,0.6661495595650282,0.6404358907717526,2006;2012;2014;2016;2019;2023-08-10;2024-09-20;2025,1867,1867,99,,m2_20260926T165115Z_1ffdde7
twi,cluster_gate,FLAT,combined,main,8,0.5599872349813474,0.11606484547782792,0.2855374866071064,0.8344369833555884,-0.0870356683234127,1.2070101382861074,0.05644915124750989,0.007488955355107653,0.23790802537251882,27.639814232537375,0.00025550522265789413,0.7467421473564155,0.21136766983496802,0.8948956775220848,0.2375903012488302,False,0.6364495866974161,0.570903286467622,0.6972922884359434,0.47825480821480915,0.7697694999817991,0.4354198871403348,2025,3.5112029940014033,0.21380674076903544,2025,6.368858113976143,0.6107,0.6132909090909091,0.60605,2006;2012;2014;2016;2019;2023-08-10;2024-09-20;2025,99,1867,99,,m2_20260926T165115Z_1ffdde7
twi,object,FLAT,combined,main,10,0.3187679677267007,0.12385164169495529,0.03859608934214076,0.5989398461112606,-0.45528049848629937,1.0928164339397006,0.09733280767430143,0.01923194123679299,0.4010585396328719,30.32514629254983,0.0003861812917723211,0.7032166007320767,0.3873766008914361,0.9295096820141853,0.31198206306501247,False,0.5790239671337747,0.509647824701908,0.6454137222869628,0.38810601620133733,0.7489117033826466,0.4204615164342098,2024-09-20,4.233234071881964,0.14824586191346792,2024-09-20,8.821613375025201,0.5599989311654129,0.5962487607483619,0.5720755949735461,2006;2012;2014;2016;2019;2022-09-06;2023-08-10;2024-07-24;2024-09-20;2025,306,1867,99,,m2_20260926T165115Z_1ffdde7
twi,object,URBAN,combined,main,9,0.10937050469132456,0.14704033196490654,-0.2297051088615432,0.44844611824419234,-0.6588418477717978,0.877582857154447,0.08392429369129104,0.0,0.604139997888493,14.645686227593682,0.06641223967683677,0.45376407252755835,0.0,0.8840085159867761,0.28969689969223184,False,0.527315402906626,0.4428249029621173,0.6102697211867466,0.34099982234778603,0.7063210794233483,0.3381995745655831,2024-09-20,4.696511555656815,0.20209361216186586,2024-09-20,6.988493669604385,0.5198840904731215,0.5286376189283728,0.5611952287517968,2006;2012;2014;2016;2019;2022-09-06;2023-08-10;2024-07-24;2024-09-20,158,387,45,,m2_20260926T165115Z_1ffdde7
twi,cell_gate,AGRI,combined,main,5,0.6626986010449746,0.09786336429964226,0.3909863422570443,0.9344108598329048,0.19395356503688066,1.1314436370530685,0.013564792114367433,0.0,0.8622298770578032,6.636665856316174,0.15638044406460902,0.3972877214854558,0.0,0.9716812180334419,0.11646798750887487,False,0.6598663309531052,0.596520118548627,0.7179692958732526,0.5483369579292324,0.756105218790786,0.6004732252406387,2024-09-20,2.3770664280323115,0.4142429511841853,2024-09-20,3.4965049243989537,0.6191783133956281,0.6716155700409323,0.6358367658176699,2006;2012;2014;2024-09-20;2025,1328,1328,80,,m2_20260926T165115Z_1ffdde7
twi,cluster_gate,AGRI,combined,main,5,0.565598800314944,0.1395402936494331,0.17817283503411274,0.9530247655957753,-0.28394015236125025,1.4151377529911384,0.051788277659988245,0.001258276258611435,0.4339036325122112,12.124221224024925,0.01645103885241662,0.6700819024917046,0.03648105945627269,0.9288581847094397,0.22757037957517284,False,0.6377470023291366,0.5444257442198439,0.7217230757797529,0.4294880610930196,0.8045750376425197,0.43030674152339415,2025,2.91601962021181,0.302001941151563,2025,4.2068108834839775,0.6234999999999999,0.6095474999999999,0.6214,2006;2012;2014;2024-09-20;2025,80,1328,80,,m2_20260926T165115Z_1ffdde7
twi,object,AGRI,combined,main,5,0.5238784900382681,0.14433687454880767,0.12313508119768313,0.9246218988788532,-0.45092451721318094,1.4986814972897173,0.07299034956336631,0.010920738439418721,0.7436498670042079,19.922057158848858,0.0005174061231506125,0.7992175221611939,0.3503112371651169,0.9734866391465404,0.2701672621976362,False,0.6280542388468655,0.5307449332535115,0.715982912709696,0.3891409762972344,0.8173777438445391,0.49434992589020993,2024-09-20,2.795489932565198,0.26182489436554063,2024-09-20,4.708568764144978,0.6132922175225209,0.618044385712212,0.600830715335532,2006;2012;2014;2024-09-20;2025,187,1328,80,,m2_20260926T165115Z_1ffdde7
twi,cell_gate,UNIVERSE,combined,main,7,0.8623730568160046,0.10499845562229557,0.6054510914018896,1.1192950222301197,0.6161325897057968,1.1086135239262125,0.0,0.0,0.5858834476847946,7.208768666986163,0.30197132083643774,0.16768032417546344,0.0,0.8845456324864782,0.0,False,0.7031562153630949,0.6469024375355552,0.7538579268981166,0.6493384562831027,0.751870539093859,0.47937689521103655,2024-09-20,3.570865878413729,0.47937689521103655,2024-09-20,3.570865878413729,0.6847133017299595,0.7103582230090396,0.7207607425446695,2006;2012;2014;2016;2019;2023-08-10;2024-09-20,447,447,109,,m2_20260926T165115Z_1ffdde7
twi,cluster_gate,UNIVERSE,combined,main,7,0.616532883695698,0.15416308631464323,0.23930940078331125,0.9937563666080849,-0.20788731643817604,1.440953083829572,0.0790908675939992,0.0,0.7251179052346446,11.973165643555923,0.06257013024644663,0.49887939592406294,0.0,0.9085168818257517,0.2812309861910654,False,0.6494295969846696,0.5595434549346531,0.7298292362873295,0.44821453830728925,0.808602198541282,0.47334400525726394,2024-09-20,3.5823641891475644,0.243448212194018,2024-09-20,6.1713064525592,0.6416142857142857,0.6544605504587157,0.6883,2006;2012;2014;2016;2019;2023-08-10;2024-09-20,109,447,109,,m2_20260926T165115Z_1ffdde7
twi,object,UNIVERSE,combined,main,10,0.45673477041371,0.11823284505986177,0.18927349308353336,0.7241960477438867,-0.19944349636170122,1.1129130371891214,0.06699087900547591,0.0,0.31333373815607274,18.016982608116017,0.03497702159964087,0.5004712944582731,0.0,0.8584932859335372,0.25882596277320385,False,0.6122392876624435,0.5471776145977784,0.6735303452970187,0.45030375037734965,0.7526717926547909,0.4560450034713801,2024-09-20,3.955887901731439,0.182987253770586,2024-09-20,8.3523430648064,0.6234597421804298,0.6047092223117577,0.656607471463454,2006;2012;2014;2016;2019;2022-09-06;2023-08-10;2024-07-24;2024-09-20;2025,250,449,111,,m2_20260926T165115Z_1ffdde7
twi,cell_gate,URBAN,combined,main,6,0.5858614277142528,0.13020033777283846,0.2511708044416815,0.920552050986824,0.22436733720975605,0.9473555182187494,0.0,0.0,0.2378606171062657,2.994870566424848,0.7007766930604477,0.0,0.0,0.6613884718604467,0.0,False,0.6424150026480592,0.5624646547536003,0.7151545765399759,0.5558577043322482,0.720583040525067,0.4642229218299073,2016,3.2897741760220107,0.4642229218299073,2016,3.2897741760220107,0.638442106070526,0.6664508383543876,0.6366673051632322,2012;2014;2016;2019;2023-08-10;2024-09-20,385,385,43,,m2_20260926T165115Z_1ffdde7
twi,cluster_gate,URBAN,combined,main,6,0.27367755738234073,0.17125112611132964,-0.16653747673170705,0.7138925914963885,-0.45843717001432743,1.0057922847790088,0.04020431257245376,0.0,0.8662539430710937,5.652466412519788,0.34151681463356354,0.11543039177988279,0.0,0.8677092101240961,0.20051013084743063,False,0.5679955162155435,0.45846159118536844,0.6712607090087226,0.38735663599176057,0.7321958856356263,0.36381258646008635,2016,3.8115735187921347,0.31279052370878524,2016,4.320354984974365,0.56165,0.5362441860465115,0.5386500000000001,2012;2014;2016;2019;2023-08-10;2024-09-20,43,385,43,,m2_20260926T165115Z_1ffdde7
impervious,cell_gate,ALL,development,main,6,1.1544545859704831,0.5733872442725633,-0.31948424894213057,2.628393420883097,-2.9976845670444554,5.306593738985422,1.9077101502609668,0.7123804410293518,11.387943558539913,463.7913769001429,5.201050857187025e-98,0.9892192907220081,0.9597881763310352,0.9973859835534433,1.3811988091006184,False,0.7603236244242098,0.4208014454759651,0.9326667271463108,0.047530586387047345,0.995065679342357,0.34169674742712036,2016,3.9439332804937854,0.17116902486419086,2016,5.992855664452911,0.696971943076949,0.7470787952641712,0.7078112746578722,2006;2012;2014;2016;2019;2025,696,696,53,,m2_20260926T165115Z_1ffdde7
impervious,cluster_gate,ALL,development,main,6,1.260751958652131,0.506314334419146,-0.040770472528016244,2.562274389832278,-2.4117638488969466,4.933267766201208,1.49328767329624,0.5579828884912015,9.036412901355018,270.24981642405135,2.4733009462472936e-56,0.9814985998282624,0.9440134554980214,0.9963512612601363,1.222001502984444,False,0.7791555261141042,0.48980879350753387,0.9283938037232586,0.0822800316779809,0.9928485838311749,0.35712055964095907,2016,4.1834238975223945,0.17006490133760438,2016,5.998402319427288,0.7263000000000001,0.6922698113207546,0.7597499999999999,2006;2012;2014;2016;2019;2025,53,696,53,,m2_20260926T165115Z_1ffdde7
impervious,object,ALL,development,main,6,1.2374656541306046,0.5149091278948503,-0.08615039703923366,2.5610817053004427,-2.5202807576979342,4.9952120659591435,1.56666310885014,0.5960176160849286,9.529363795930326,352.95910222222255,4.036418862933187e-74,0.9858340528165441,0.9620273323881005,0.9975373196893914,1.2516641358008704,False,0.775122566628779,0.4784757116703992,0.9283144750250167,0.07444859696361217,0.9932752433209199,0.215455914010837,2006,5.818470815904301,0.16730194204632307,2006,5.999954810655262,0.7216121097505065,0.7116225306444278,0.7536208856813315,2006;2012;2014;2016;2019;2025,142,696,53,,m2_20260926T165115Z_1ffdde7
impervious,cell_gate,FLAT,development,main,6,0.2991173435415088,0.5040476771471314,-0.9965784596275846,1.5948131467106024,-3.3351816440563304,3.933416331139348,1.4593531455659505,0.5372197512388787,8.727266336248684,348.42067796820135,3.829303413404701e-73,0.9856495313964795,0.9435237618325835,0.9963289574903009,1.2080368974356497,False,0.5742267299392787,0.26961466863377487,0.831292201895652,0.03438377607813273,0.9807992099141868,0.3410098588204874,2016,3.87333963266589,0.17244047800541007,2016,5.990483921502456,0.5550121091529093,0.6070740912129969,0.5505866745760692,2006;2012;2014;2016;2019;2025,633,633,49,,m2_20260926T165115Z_1ffdde7
impervious,cluster_gate,FLAT,development,main,6,0.3256289763018067,0.44288450714556643,-0.8128418930513279,1.4640998456549414,-2.8721709767134858,3.523428929317099,1.1304056874973856,0.41556258941871865,6.864087206060046,190.02328330402375,3.8622071549931746e-39,0.9736874349655333,0.9139961494508941,0.9943355188718221,1.06320538349718,False,0.5806954609234853,0.30728523636702826,0.8121589347300306,0.05354652174550556,0.9713470921528203,0.2535383106577278,2016,5.165977209281862,0.16978273007013506,2016,5.997640882521572,0.5626333333333333,0.5092244897959184,0.55335,2006;2012;2014;2016;2019;2025,49,633,49,,m2_20260926T165115Z_1ffdde7
impervious,object,FLAT,development,main,6,0.2485514950333578,0.4458005341908308,-0.8974152604745578,1.3945182505412734,-2.999222650516139,3.4963256405828544,1.1696001047829043,0.44250659068651194,7.115355843416927,330.8018601846497,2.373515398814426e-69,0.9848852119597844,0.9574121302537439,0.9972412626764419,1.0814805152118574,False,0.5618199423941191,0.28958195162116357,0.8013125765643523,0.04746100358809089,0.9705830416062835,0.35452813166833036,2006,4.653930357480696,0.16866250560523965,2006,5.999665178326209,0.5491863275958747,0.5231504151588142,0.5464811985552971,2006;2012;2014;2016;2019;2025,131,633,49,,m2_20260926T165115Z_1ffdde7
impervious,object,URBAN,development,main,5,-0.23067597763750722,0.19501429514756916,-0.7721224628435734,0.31077050756855895,-1.5851805512162298,1.1238285959412155,0.1431196096417721,0.02211235944304759,1.511341052871804,16.84624986526094,0.002070514472327633,0.7625584309865606,0.32795206458105475,0.9708906305597994,0.37831152459550066,False,0.4425853728451332,0.3160201538699705,0.5770733221392068,0.17006304042922277,0.7546981909097946,0.27229292486069145,2016,4.680093712687865,0.21628735724124984,2016,4.977276417764359,0.44214887779606704,0.4418580182160475,0.4090236494971682,2006;2012;2014;2016;2019,77,351,31,,m2_20260926T165115Z_1ffdde7
impervious,cell_gate,AGRI,development,main,4,-0.04950628044073586,0.06829521634112048,-0.26685213935408625,0.16783957847261455,-0.5244615557774508,0.42544899489597904,0.007520968451563341,0.0,0.5839133262360545,5.450049989905071,0.14165689313534668,0.44954633341771344,0.0,0.9839768648559187,0.08672351729238927,False,0.48762595705266787,0.4336800528435956,0.541861670022225,0.37180956593782044,0.6047864084357357,0.44416456379939007,2006,2.4757326768893546,0.39613029075160855,2006,2.9007260960550063,0.5133329930752428,0.5141049902959097,0.5043183897576783,2006;2012;2014;2025,216,216,33,,m2_20260926T165115Z_1ffdde7
impervious,cluster_gate,AGRI,development,main,4,0.14572941989766677,0.19062717892982847,-0.4609313413742221,0.7523901811695556,-1.3323333761253173,1.623792215920651,0.08674652270140243,0.00719136998042712,2.7446204909408825,15.366709272068611,0.0015286322458568878,0.8047727755575511,0.4056724807572033,0.9961760191711184,0.2945276263806206,False,0.5363680152556477,0.3867649070676587,0.6796992844877435,0.20877365937337758,0.8353174589466348,0.522560133186999,2025,2.139623664384257,0.34610103753144217,2025,3.433512447214146,0.5718,0.5682030303030302,0.56325,2006;2012;2014;2025,33,216,33,,m2_20260926T165115Z_1ffdde7
impervious,object,AGRI,development,main,4,0.29832849734671596,0.20258653983306849,-0.34639228784524356,0.9430492825386755,-1.4593607462656601,2.056017740959092,0.12661322796450314,0.021354681238097813,2.394231988056906,20.13174342598444,0.00015939840368922644,0.8509816096638784,0.46991157010351225,0.9900388089426239,0.35582752558578595,False,0.5740338533398494,0.4142575544045344,0.719715186569934,0.18856511687738423,0.8865542671673977,0.646840286427657,2025,2.132707780041901,0.3023096829229062,2025,3.8656349560650347,0.5869171285882201,0.5821590479212017,0.590756116468319,2006;2012;2014;2025,78,216,33,,m2_20260926T165115Z_1ffdde7
impervious,cell_gate,UNIVERSE,development,main,5,0.5977644161780321,0.3747655069789472,-0.44275144127063537,1.6382802736266995,-2.2076195828919016,3.403148415247966,0.6366249635977421,0.1977253711975983,5.187676330704611,102.75088010619316,2.5530396782543055e-21,0.9610708930583758,0.8716707834997004,0.9944200225856129,0.7978878139173089,False,0.6451446734908252,0.39108555151801616,0.8373007981135703,0.09906833176792566,0.9678027862887635,0.466922258663529,2016,3.0079513637618898,0.21706774493749773,2016,4.950232442105374,0.6331582444286593,0.7087077265379691,0.7037606644123431,2006;2012;2014;2016;2019,340,340,44,,m2_20260926T165115Z_1ffdde7
impervious,cluster_gate,UNIVERSE,development,main,5,0.22636456936229127,0.3701058500164543,-0.8012140063209618,1.2539431450455445,-2.5629022038941063,3.015631342618689,0.6311927116406473,0.1946321475427694,5.51052056787579,69.25693992726976,3.2571949318151336e-14,0.9422440551921496,0.8101277427214785,0.9917898776887117,0.7944763757599387,False,0.556350725674287,0.3097658910586038,0.7779816920376758,0.07156447120674658,0.953275323884348,0.4282782412570933,2016,3.6389062295822616,0.2105729437652455,2016,4.9944352853101615,0.54704,0.5031113636363637,0.4731,2006;2012;2014;2016;2019,44,340,44,,m2_20260926T165115Z_1ffdde7
impervious,object,UNIVERSE,development,main,6,0.07109065812104215,0.3318708985566876,-0.782010645485081,0.9241919617271652,-2.326398846318842,2.468580162560926,0.6355120924337223,0.232694775779842,3.928372169567509,157.7421770227618,2.99705771893737e-32,0.9683027070224947,0.909527018626061,0.9941423170031458,0.7971901231411,False,0.5177651832325694,0.3138867077927626,0.715895476278058,0.08896009136078341,0.9219096087463371,0.28694663249672175,2006,5.274720937907384,0.16981276586444258,2006,5.9990411001540505,0.513358321321682,0.5171067062044303,0.4764481889369757,2006;2012;2014;2016;2019;2025,105,342,46,,m2_20260926T165115Z_1ffdde7
impervious,cell_gate,URBAN,development,main,4,0.3008295354358702,0.09857861483545793,-0.012891613127218593,0.614550683998959,-0.12332001078083366,0.7249790816525741,0.0,0.0,0.17634195845892955,0.8356612157489112,0.8409196868712543,0.0,0.0,0.7676373695258609,0.0,False,0.57464529111031,0.49677714135296913,0.6489781744395487,0.4692090094175567,0.673702501044443,0.6267771602400006,2016,2.2034255214393474,0.6267771602400006,2016,2.2034255214393474,0.5796174986689695,0.5823044047894729,0.5806665723767281,2012;2014;2016;2019,349,349,29,,m2_20260926T165115Z_1ffdde7
impervious,cluster_gate,URBAN,development,main,4,-0.12996074101888316,0.23275503991738256,-0.8706911578401193,0.6107696758023529,-1.905185183872401,1.6452637018346346,0.12060830261027725,0.0,3.2605394600429722,7.575985365565168,0.05563787244483595,0.6040119066708096,0.0,0.9776323350742351,0.34728706081608807,False,0.46755546701963346,0.2951105067864642,0.648116355538159,0.12952273863544858,0.8382498982920508,0.43432985703091403,2016,3.329746260303871,0.3088438644936081,2016,3.904974308738781,0.45815,0.4235241379310345,0.49550000000000005,2012;2014;2016;2019,29,349,29,,m2_20260926T165115Z_1ffdde7
impervious,object,ALL,holdout,main,4,1.5797994662035775,0.4712725674902911,0.07999982501253378,3.079599107394621,-2.745926239949692,5.905525172356847,0.7886559240703519,0.21031455093413226,10.520195782533845,75.95452595641082,2.262091151715138e-16,0.9605026828589299,0.7895059640247888,0.9946982258608135,0.8880630180738031,False,0.8291761156270343,0.5199892964786355,0.9560433403836726,0.060317133574115035,0.997283051269723,0.8520667567212705,2024-09-20,1.360740821431872,0.27955425133057954,2024-09-20,3.955306047294877,0.8092929498340007,0.6220870991395187,0.8545226494845968,2022-09-06;2023-08-10;2024-07-24;2024-09-20,196,1272,55,,m2_20260926T165115Z_1ffdde7
impervious,object,FLAT,holdout,main,4,0.6738969229576242,0.34871925328816644,-0.4358833762505947,1.783677222165843,-2.490841597687358,3.8386354436026062,0.41940212097078866,0.10438926452959088,5.71398009034217,63.35430838541229,1.1280140165400054e-13,0.9526472614656343,0.7655617992726603,0.9944365738346985,0.6476126318801917,False,0.6623751955139832,0.3927223142494781,0.8561503347074374,0.07650271723581016,0.9789305266381447,0.6887936113661802,2024-09-20,1.8844355212422799,0.2850145633468263,2024-09-20,3.930386757656518,0.6635545288077732,0.4642783340360981,0.7192320418446194,2022-09-06;2023-08-10;2024-07-24;2024-09-20,175,1234,50,,m2_20260926T165115Z_1ffdde7
impervious,object,URBAN,holdout,main,4,-0.09814198424404953,0.12157597467972509,-0.4850509956748062,0.28876702718670716,-0.6212411835717201,0.42495721508362105,0.0,0.0,1.922224084356695,2.3683156264370044,0.49955990890829904,0.0,0.0,0.953718504690307,0.0,False,0.4754841785052056,0.38106011762844777,0.5716942540133584,0.34949921625919916,0.6046688572638499,0.6794582774352967,2024-09-20,1.9060806662875776,0.6794582774352967,2024-09-20,1.9060806662875776,0.4279018143577811,0.45850889911698284,0.4354676491418261,2022-09-06;2023-08-10;2024-07-24;2024-09-20,81,36,14,,m2_20260926T165115Z_1ffdde7
impervious,object,UNIVERSE,holdout,main,4,0.39162014227891384,0.31374905090784044,-0.6068693655690129,1.3901096501268406,-2.3059243456456224,3.0891646302034497,0.294626774479568,0.050595743032221675,3.9185386997451324,21.69023296481733,7.566411806735544e-05,0.861688899106517,0.408680302296714,0.981660404516996,0.5427953338778512,False,0.5966726546521959,0.3527736682787428,0.8006097475924805,0.09063349634978511,0.9564435774231661,0.7945897766375526,2024-09-20,1.5442739489890913,0.322272931975732,2024-09-20,3.8478258624246515,0.6114407049082504,0.4374287508525254,0.6728402559497337,2022-09-06;2023-08-10;2024-07-24;2024-09-20,145,107,65,,m2_20260926T165115Z_1ffdde7
impervious,cell_gate,ALL,holdout,main,2,1.0318602990589654,1.3656744308716013,-16.320678622554453,18.384399220672385,,,3.6670018485334888,0.6785411123467792,3799.2010172194373,58.172621945921904,2.400973133710502e-14,0.9828097829090527,0.9136383057998454,0.9999831180186775,1.9149417350231543,False,0.7372763946204908,8.166186569415743e-08,0.9999999896305228,,,0.9780003477184182,2024-09-20,1.0449662948675897,0.5082169297601781,2024-09-20,1.9994600023606315,0.6705440266147146,0.42974933487119793,0.6705440266147146,2023-08-10;2024-09-20,1272,1272,55,"k=2: tau2 불안정, 예측구간 없음",m2_20260926T165115Z_1ffdde7
impervious,cluster_gate,ALL,holdout,main,2,1.0360800373109917,1.189724300029699,-14.080800498468493,16.152960573090475,,,2.7649822404387807,0.49661730790268444,2883.7319088158665,42.20220178122013,8.23072997499355e-11,0.9763045538433258,0.8809567753512211,0.9999767294341119,1.6628235746581117,False,0.738092938779122,7.669829498772412e-07,0.9999999034264235,,,0.9347384239810544,2024-09-20,1.1389586571487718,0.5103013212040769,2024-09-20,1.9991514224463618,0.6861999999999999,0.4915363636363636,0.6861999999999999,2023-08-10;2024-09-20,55,1272,55,"k=2: tau2 불안정, 예측구간 없음",m2_20260926T165115Z_1ffdde7
impervious,cell_gate,FLAT,holdout,main,2,0.07136378338235375,1.1766004070636107,-14.878761881434368,15.021489448199077,,,2.706592790410559,0.48788517860506553,2820.605533273949,43.624101850570156,3.9790817883076114e-11,0.9770768919569875,0.8848369141323823,0.9999774879235214,1.6451725716199377,False,0.5178333780177776,3.453310803962322e-07,0.999999700601312,,,0.9752230866607393,2024-09-20,1.050780033527947,0.5108935903138014,2024-09-20,1.999051087951348,0.5174683152091117,0.2612296494496712,0.5174683152091117,2023-08-10;2024-09-20,1234,1234,50,"k=2: tau2 불안정, 예측구간 없음",m2_20260926T165115Z_1ffdde7
impervious,cluster_gate,FLAT,holdout,main,2,0.12789509686516515,0.9556634867768311,-12.014960825007828,12.270751018738158,,,1.7589419120654153,0.2946316320674289,1861.5255102786737,26.391501327604534,2.7876433770186526e-07,0.962109014277485,0.809640000204911,0.9999627884331026,1.3262510742937836,False,0.5319302620545565,6.052937431014093e-06,0.9999953131774773,,,0.8939403674813282,2024-09-20,1.2339919982922813,0.5149267886302507,2024-09-20,1.9982191150384263,0.53135,0.33665,0.53135,2023-08-10;2024-09-20,50,1234,50,"k=2: tau2 불안정, 예측구간 없음",m2_20260926T165115Z_1ffdde7
impervious,cell_gate,URBAN,holdout,main,2,-0.13186133695454494,0.44960224409703664,-5.844599500295083,5.580876826385993,,,0.2728238185538992,0.0,437.2878827358384,2.740202279650788,0.09785237960232952,0.635063437678973,0.0,0.9996416070724163,0.5223253952795127,False,0.4670823480105019,0.0028871344442246787,0.9962448948804825,,,0.8325999457177097,2023-08-10,1.3864905533533165,0.6213778808275514,2023-08-10,1.8886983279486915,0.442316483975394,0.4236099337839652,0.442316483975394,2023-08-10;2024-09-20,36,36,14,"k=2: tau2 불안정, 예측구간 없음",m2_20260926T165115Z_1ffdde7
impervious,cluster_gate,URBAN,holdout,main,2,-0.4666869440959971,0.5700868591258135,-7.710327293551364,6.77695340535937,,,0.5028017117553593,0.0,681.5289639361082,4.016740377677455,0.045050704565907165,0.7510419131001401,0.0,0.9997555059513846,0.7090851230672939,False,0.3854006986674335,0.00044797399777278394,0.9988615555868529,,,0.8425367033717474,2023-08-10,1.3611687139045858,0.5852772814179439,2023-08-10,1.9434667693611665,0.37245,0.29767857142857146,0.37245,2023-08-10;2024-09-20,14,36,14,"k=2: tau2 불안정, 예측구간 없음",m2_20260926T165115Z_1ffdde7
impervious,cell_gate,UNIVERSE,holdout,main,2,-0.09794529289889457,0.9564129623665093,-12.250324205059103,12.054433619261316,,,1.7630420798557933,0.2972058227491597,1863.4677635888015,27.283497625087897,1.7570459794907992e-07,0.9633478077575921,0.8158635576585572,0.999964005013922,1.3277959481244825,False,0.4755332333613664,4.7835434019172285e-06,0.999994181333452,,,0.7607254243716142,2024-09-20,1.5724370804338381,0.5095561585127585,2024-09-20,1.999269705438313,0.4840293677819831,0.3075509111804626,0.4840293677819831,2023-08-10;2024-09-20,107,107,65,"k=2: tau2 불안정, 예측구간 없음",m2_20260926T165115Z_1ffdde7
impervious,cluster_gate,UNIVERSE,holdout,main,2,-0.24607947788260287,1.0977578443981975,-14.194415399547902,13.702256443782696,,,2.3404190417703252,0.4088909814531784,2455.5030806601144,33.90590568726686,5.784285526001404e-09,0.9705066129416049,0.8518285801401975,0.9999710354554091,1.529842816033832,False,0.4387887072764471,6.84610287350569e-07,0.9999988800847707,,,0.908334467554436,2024-09-20,1.199797366530976,0.5120431663089599,2024-09-20,1.9988403699230723,0.45885,0.24168,0.45885,2023-08-10;2024-09-20,65,107,65,"k=2: tau2 불안정, 예측구간 없음",m2_20260926T165115Z_1ffdde7
impervious,cell_gate,AGRI,holdout,main,1,-0.11905230305419312,0.03479158941605027,,,,,,,,,,,,,,False,0.470272028273744,,,,,1.0,2024-09-20,1.0,1.0,2024-09-20,1.0,0.470272028273744,0.4702720282737439,0.470272028273744,2024-09-20,1112,1112,47,k=1: 통합 불가,m2_20260926T165115Z_1ffdde7
impervious,cluster_gate,AGRI,holdout,main,1,-0.05961765180092493,0.06676167170897089,,,,,,,,,,,,,,False,0.4850999999999999,,,,,1.0,2024-09-20,1.0,1.0,2024-09-20,1.0,0.4851,0.4851,0.4851,2024-09-20,47,1112,47,k=1: 통합 불가,m2_20260926T165115Z_1ffdde7
impervious,object,AGRI,holdout,main,1,-0.023753880715568165,0.05048581609313877,,,,,,,,,,,,,,False,0.49406180903561064,,,,,1.0,2024-09-20,1.0,1.0,2024-09-20,1.0,0.4940618090356106,0.4940618090356106,0.4940618090356106,2024-09-20,109,1112,47,k=1: 통합 불가,m2_20260926T165115Z_1ffdde7
impervious,cell_gate,ALL,combined,main,8,1.1186755145371625,0.49358767638536405,-0.048473875331000116,2.285824904405325,-2.4511604704403567,4.688511499514682,1.8848036840994686,0.7921471118266638,7.795393565601785,966.1844760004227,2.4347498787573795e-204,0.9927550067571186,0.9754340246037173,0.9974473346506468,1.3728815258788607,False,0.7537429553563426,0.48788390352375305,0.9076962397173344,0.07935372763152744,0.990883504413844,0.6039180850558995,2024-09-20,2.4875772565414214,0.12906625843045771,2024-09-20,7.9907150532047275,0.6903649639613902,0.5419756074492006,0.7078112746578722,2006;2012;2014;2016;2019;2023-08-10;2024-09-20;2025,1968,1968,108,,m2_20260926T165115Z_1ffdde7
impervious,cluster_gate,ALL,combined,main,8,1.2001358555006878,0.43592577214710004,0.16933520278734493,2.2309365082140307,-1.9529490395999674,4.353220750601343,1.4704526605296286,0.617305559472563,6.132444835407594,552.3909910690204,4.317379115464165e-115,0.9873278165046588,0.9566868210705548,0.9954632792211556,1.212622224985848,False,0.7685489505556562,0.542232931856069,0.9029934246338037,0.12423215131805396,0.9872981040004389,0.35600085848357843,2024-09-20,4.566475604024511,0.1284679339946231,2024-09-20,7.995263891413717,0.716275,0.5900444444444445,0.7597499999999999,2006;2012;2014;2016;2019;2023-08-10;2024-09-20;2025,108,1968,108,,m2_20260926T165115Z_1ffdde7
impervious,object,ALL,combined,main,10,1.3732954170142473,0.34930484672764245,0.5831129559891818,2.1634778780393127,-1.243544703005325,3.9901355370338196,1.1657440025851264,0.5245304077095739,3.8790729225082785,451.9634520446867,1.0907979040110255e-91,0.9800868854344662,0.9555064760110581,0.9937428020944098,1.0796962547796145,False,0.7979120560233341,0.6417833824775258,0.8969215339876195,0.22381958161107557,0.9818387259501905,0.3750815723100432,2024-09-20,5.09516245527017,0.10414655622301859,2024-09-20,9.968549699111804,0.7566844457839041,0.6597025762806343,0.8213015515822231,2006;2012;2014;2016;2019;2022-09-06;2023-08-10;2024-07-24;2024-09-20;2025,338,1968,108,,m2_20260926T165115Z_1ffdde7
impervious,cell_gate,FLAT,combined,main,8,0.23666391821513574,0.4334050568084785,-0.7881761898771407,1.2615040263074122,-2.8840307283906306,3.3573585648209017,1.4387043831709814,0.5974326042712661,5.9472669568426735,651.9748933062875,1.5495652342277053e-136,0.9892633902442137,0.965261212970709,0.9963977485964526,1.1994600381717522,False,0.5588913613091786,0.31256041090627695,0.779284908875049,0.05294865056255462,0.9663449767456809,0.593486689200833,2024-09-20,2.5509439941644634,0.1302769442210558,2024-09-20,7.986996928379913,0.5456261606669599,0.3784870311508952,0.5505866745760692,2006;2012;2014;2016;2019;2023-08-10;2024-09-20;2025,1867,1867,99,,m2_20260926T165115Z_1ffdde7
impervious,cluster_gate,FLAT,combined,main,8,0.27276851237488864,0.37365715805691635,-0.6107902653477337,1.156327290097511,-2.413431850810701,2.958968875560478,1.0655277006672075,0.4393135441969175,4.460899518405078,275.0545071788376,1.2734357570074163e-55,0.9745504988382224,0.9240786277299897,0.9919738458367698,1.0322440121730945,False,0.5677724440605344,0.3518789487926264,0.7606647239245867,0.0821541685319594,0.9506856747631047,0.2899768397929016,2024-09-20,5.759393469264609,0.12925092852243228,2024-09-20,7.992360518423113,0.5548124999999999,0.4220656565656566,0.55335,2006;2012;2014;2016;2019;2023-08-10;2024-09-20;2025,99,1867,99,,m2_20260926T165115Z_1ffdde7
impervious,object,FLAT,combined,main,10,0.42033577358874447,0.2970565430940673,-0.25165281312757354,1.0923243603050625,-1.8024771928482697,2.6431487400257585,0.8409070856264393,0.37715207665185146,2.8198482533193894,399.16367781503425,2.0660104354168137e-80,0.977452858312999,0.9485554166383949,0.9927984035503044,0.9170098612481979,False,0.6035635947429189,0.43741672736607234,0.7488191610649397,0.14154978529983148,0.9335874590757599,0.26309468257583096,2024-09-20,6.269737437796973,0.10403907256434591,2024-09-20,9.971885827131464,0.5949336080806342,0.4894817413141236,0.656961482255672,2006;2012;2014;2016;2019;2022-09-06;2023-08-10;2024-07-24;2024-09-20;2025,306,1867,99,,m2_20260926T165115Z_1ffdde7
impervious,object,URBAN,combined,main,9,-0.1966079989168241,0.1311745294931944,-0.49909700636159116,0.105881008527943,-0.9551018982692994,0.5618859004356511,0.08568483916850654,0.0057096712973332,0.457886115994922,19.655595521610405,0.011720617685874523,0.5929912176304006,0.09763605114048156,0.8966633068513422,0.2927197280138572,False,0.45100572030846325,0.3777528991092721,0.5264455504587982,0.2778599474131881,0.6368887888607935,0.2555022021770888,2024-09-20,6.354279487379264,0.1601544529529467,2024-09-20,7.846922885300685,0.43581684960127326,0.4503942293108308,0.4090236494971682,2006;2012;2014;2016;2019;2022-09-06;2023-08-10;2024-07-24;2024-09-20,158,387,45,,m2_20260926T165115Z_1ffdde7
impervious,cell_gate,AGRI,combined,main,5,-0.08566492605714793,0.043170185222169935,-0.20552457550772374,0.0341947233934279,-0.292265745116638,0.12093589300234214,0.002575343499911657,0.0,0.2648458033520355,6.301090146835972,0.17776276388427076,0.3651892122177368,0.0,0.9807242304588706,0.05074784231779374,False,0.47859685576315364,0.4487989585323405,0.5085478479629181,0.4274492658568606,0.5301971781742536,0.6094958758683366,2024-09-20,2.3090394783942716,0.43296450112364077,2024-09-20,3.2435422743482283,0.504720800114943,0.477401485952048,0.4993851942612338,2006;2012;2014;2024-09-20;2025,1328,1328,80,,m2_20260926T165115Z_1ffdde7
impervious,cluster_gate,AGRI,combined,main,5,0.03421186676044647,0.12300269302761312,-0.30729835822221674,0.37572209174310967,-0.6059509619043828,0.6743746954252758,0.030574441345074102,0.0037684714415492098,1.3650830698325358,15.43674657297801,0.003876042517117411,0.7408780418147182,0.32738785847320756,0.9943603509322437,0.17485548703164594,False,0.5085521325514525,0.4237743155839059,0.5928409105453889,0.3529833905935685,0.6624820335330235,0.3680850320511532,2025,3.1320584674836476,0.28953043061608436,2025,3.8978991573004813,0.55446,0.51938,0.5181,2006;2012;2014;2024-09-20;2025,80,1328,80,,m2_20260926T165115Z_1ffdde7
impervious,object,AGRI,combined,main,5,0.20998983286088502,0.165363642160378,-0.24913324199297593,0.669112907714746,-0.9041779676246614,1.3241576333464313,0.09785346453509207,0.01950803372585417,1.2805025120974542,21.048593761100353,0.00030972080301889865,0.8099635517032805,0.6238859453902438,0.9908992554290674,0.31281538410872967,False,0.5523053956066959,0.43803684928572245,0.6613044959505139,0.28819268101988815,0.7898725967052834,0.6259186274900012,2024-09-20,2.186323864706845,0.24616056118676288,2024-09-20,4.773124189065481,0.5683460646776982,0.5308082509237181,0.563320409640266,2006;2012;2014;2024-09-20;2025,187,1328,80,,m2_20260926T165115Z_1ffdde7
impervious,cell_gate,UNIVERSE,combined,main,7,0.3929126721650255,0.3581627413982031,-0.4834799844008118,1.2693053287308629,-2.125046025871015,2.9108713702010656,0.8311959357200112,0.3127468610932416,4.014283796446018,201.15861186737123,1.0754370969745726e-40,0.9701727907927902,0.9062241210446202,0.9920025195308518,0.9116994766478761,False,0.5969836687484071,0.3814307150007221,0.780623808455076,0.10668620740464067,0.9483812384918971,0.3894456370075428,2016,4.019496363895615,0.15242456267514473,2016,6.964840906642739,0.5905499939581803,0.6126813747633535,0.7037606644123431,2006;2012;2014;2016;2019;2023-08-10;2024-09-20,447,447,109,,m2_20260926T165115Z_1ffdde7
impervious,cluster_gate,UNIVERSE,combined,main,7,0.08034665612704228,0.36409114724353203,-0.8105522869601276,0.9712455992142122,-2.493761671793157,2.6544549840472422,0.8701832493180105,0.33123247959229696,4.307141859413689,213.7164638956886,2.273910920223425e-43,0.9719254198266705,0.8964672308387028,0.9911966699371931,0.9328361320821629,False,0.5200758650722296,0.3077728191831943,0.7253677025036662,0.0762966688047311,0.9342850407127434,0.3734710579903714,2024-09-20,4.2339540305309376,0.15008941587269467,2024-09-20,6.989196457482407,0.5218428571428572,0.3472119266055046,0.4731,2006;2012;2014;2016;2019;2023-08-10;2024-09-20,109,447,109,,m2_20260926T165115Z_1ffdde7
impervious,object,UNIVERSE,combined,main,10,0.19785031473942818,0.23067386108030175,-0.3239702123736945,0.7196708418525508,-1.4828652195767928,1.8785658490556492,0.4780020439722484,0.19979286214625994,1.6307225380379706,180.4439691426978,4.092840267930991e-34,0.9501230213303351,0.8781902723802119,0.983290059878138,0.6913769188888564,False,0.5493018577825671,0.41970848256735827,0.6725345300819101,0.18499503481752194,0.8674463100619625,0.24133828932748772,2024-09-20,6.594296879800165,0.1088535433734438,2024-09-20,9.887930734201229,0.5525912747563094,0.47089349210032555,0.5807699305388447,2006;2012;2014;2016;2019;2022-09-06;2023-08-10;2024-07-24;2024-09-20;2025,250,449,111,,m2_20260926T165115Z_1ffdde7
impervious,cell_gate,URBAN,combined,main,6,0.2577341598353185,0.08916260756603223,0.02853438040810702,0.48693393926253,0.010179074491936585,0.5052892451787004,0.0,0.0,0.8721924877852796,4.626457490032218,0.46314415562932676,0.0,0.0,0.9365226936452705,0.0,False,0.5640792167543134,0.5071331111205464,0.6193838812707975,0.502544746650501,0.6237015159729122,0.512758964074153,2016,3.0524351933665224,0.512758964074153,2016,3.0524351933665224,0.5338504937711109,0.5674654412668799,0.5667826775646054,2012;2014;2016;2019;2023-08-10;2024-09-20,385,385,43,,m2_20260926T165115Z_1ffdde7
impervious,cluster_gate,URBAN,combined,main,6,-0.1876285002119953,0.2023847162579999,-0.7078749756352193,0.3326179752112287,-1.2631934888525589,0.8879364884285683,0.11574960976267151,0.0,1.7486153934226523,11.817245204122358,0.03737959258551713,0.5768895445906642,0.0,0.9565900195642,0.3402199432171364,False,0.45323000385659423,0.33006856280782654,0.5823962338596217,0.22042464078468194,0.708464152732163,0.3117011365660062,2016,4.689518681745275,0.22027668950465462,2016,5.612840442180853,0.4295833333333334,0.3825511627906977,0.48519999999999996,2012;2014;2016;2019;2023-08-10;2024-09-20,43,385,43,,m2_20260926T165115Z_1ffdde7
hand_neg,cell_gate,ALL,development,main,6,2.0345650255791807,0.13843729051867035,1.6787006411971794,2.390429409961182,1.1766658732110136,2.892464177947348,0.07737915777038312,0.012776580386067623,0.7518036455018715,19.579215142675725,0.0014985074990043537,0.7446271485570544,0.39710918976551207,0.9748478130281997,0.2781710944192137,False,0.884378685309444,0.8427323979215565,0.9160945807259124,0.7643477894154738,0.9474726546370391,0.44663499887804237,2012,3.4686944964828865,0.21657049797413944,2012,5.56827800037226,0.8790533134477007,0.8732577433812342,0.8695240033921425,2006;2012;2014;2016;2019;2025,696,696,53,,m2_20260926T165115Z_1ffdde7
hand_neg,cluster_gate,ALL,development,main,6,1.8354440718538079,0.18072317323187526,1.3708803654653943,2.3000077782422212,0.761132456684358,2.9097556870232575,0.12201805808442176,0.022484766517211777,1.3996191637135686,19.281496545474123,0.0017033160329365266,0.7406840289493176,0.4202737567923979,0.9783204471298764,0.3493108330476193,False,0.8624089943214586,0.7975223526169015,0.9088776831737478,0.6815995518808284,0.94832659371153,0.3972799348937871,2016,3.778665303862717,0.207511955804176,2016,5.740234567453558,0.8482166666666667,0.8588641509433964,0.8532500000000001,2006;2012;2014;2016;2019;2025,53,696,53,,m2_20260926T165115Z_1ffdde7
hand_neg,object,ALL,development,main,6,1.9247738264819405,0.20053062689535067,1.409293439495989,2.4402542134678917,0.6275225013656622,3.222025151598219,0.18335222447221788,0.05338247810890794,1.6396126839158034,34.39920336887897,1.9826574167275062e-06,0.8546477967416097,0.7596873309128258,0.9898058908648112,0.428196478818098,False,0.872669832275703,0.8036544765750455,0.9198458328536935,0.6519274848759647,0.9616547615799107,0.2691667681355207,2016,4.622038217454189,0.1809457977281837,2016,5.913095999090445,0.8582729974446289,0.8708627869952766,0.8706389778916175,2006;2012;2014;2016;2019;2025,142,696,53,,m2_20260926T165115Z_1ffdde7
hand_neg,cell_gate,FLAT,development,main,6,0.8743321895566919,0.1661408989923293,0.4472534124507225,1.3014109666626612,-0.1684809758221676,1.9171453549355513,0.11367874924328343,0.0178497471285524,1.1577167652657496,20.000393020471392,0.0012495183520336048,0.7500049126593537,0.41434507477345656,0.9786721732260476,0.33716279338515903,False,0.7056463362594381,0.6099860100589475,0.7860723506507846,0.4579791089052667,0.8718197653729889,0.4332911284716857,2012,3.370712891230999,0.22475946022477314,2012,5.234863478135944,0.6879571581469065,0.6778615101085662,0.6723914769706347,2006;2012;2014;2016;2019;2025,633,633,49,,m2_20260926T165115Z_1ffdde7
hand_neg,cluster_gate,FLAT,development,main,6,0.7495700586364256,0.15367487265200058,0.35453622240346905,1.1446038948693822,-0.012135980217293452,1.5112760974901445,0.0567648348009573,0.0,1.895185797584124,12.340407456931883,0.030409689161023316,0.5948269927512493,0.0,0.9814442513781972,0.2382537193853588,False,0.679085009888623,0.5877171671014142,0.7585239165601381,0.49696604218287044,0.8192502474332181,0.5379247798888118,2016,2.7118806035426717,0.28386554878218195,2016,4.798350342445984,0.6444833333333334,0.6753346938775511,0.6579999999999999,2006;2012;2014;2016;2019;2025,49,633,49,,m2_20260926T165115Z_1ffdde7
hand_neg,object,FLAT,development,main,6,0.768187565335179,0.22403363932135947,0.19229076152419466,1.3440843691461632,-0.5319694353545988,2.068344566024957,0.18223757773517454,0.047662591890216564,2.451826420474836,22.9142893928529,0.0003505421609642937,0.7817955462516097,0.7090476411726345,0.9920862227958296,0.42689293474497153,False,0.6831286973769486,0.5479251091200555,0.7931608120727767,0.3700576657575306,0.8877881523709545,0.4176965062982779,2016,3.3838632746897304,0.1962015863631445,2016,5.766158439095913,0.6550528158708103,0.6793528075413855,0.6765304608913165,2006;2012;2014;2016;2019;2025,131,633,49,,m2_20260926T165115Z_1ffdde7
hand_neg,object,URBAN,development,main,5,0.8513939379343135,0.23649830823317777,0.1947693676527481,1.508018508215879,-0.6520538552178207,2.354841731086448,0.17348300334076683,0.02107157518403693,2.7781974227832396,15.452277305995521,0.003849485835650254,0.7411384794105403,0.3261107391395226,0.9845686704951491,0.41651290897253934,False,0.7008594709912543,0.5485389945135962,0.8187673641956636,0.3425268551139284,0.9133183054788271,0.5853259559657754,2012,2.435581438741089,0.26943874434619025,2012,4.588570851041145,0.6602883795680867,0.6928377986405739,0.6580180627541045,2006;2012;2014;2016;2019,77,351,31,,m2_20260926T165115Z_1ffdde7
hand_neg,cell_gate,AGRI,development,main,4,0.9117946586742784,0.1558194979599794,0.41590747310037973,1.407681844248177,-0.2999922648444844,2.123581582193041,0.05503977764612558,0.0,1.1156687956285563,7.559079594580721,0.05605971882219105,0.6031262850902153,0.0,0.9657037943140115,0.23460557888960268,False,0.713367264999044,0.6025035305708032,0.8034000521286759,0.4255593741124879,0.8931741444631093,0.5689985090022088,2014,2.58113496513477,0.35056614000302094,2014,3.779973038107936,0.7210699341823117,0.7247747361821003,0.7262661510467632,2006;2012;2014;2025,216,216,33,,m2_20260926T165115Z_1ffdde7
hand_neg,cluster_gate,AGRI,development,main,4,0.763342048752433,0.1507476507635372,0.2835957445498153,1.2430883529550507,-0.3986224208482536,1.9253065183531195,0.0502063032906068,0.0,1.0741027096327833,6.888369625448578,0.07554221814430123,0.5644833011113807,0.0,0.9649810851828967,0.22406763106394195,False,0.6820788885587776,0.5704275472782617,0.7761011292691514,0.40164336303213277,0.8727290117532176,0.37309923762399644,2012,3.446010901004617,0.30330129959825075,2012,3.860374533690834,0.68795,0.6895212121212122,0.70355,2006;2012;2014;2025,33,216,33,,m2_20260926T165115Z_1ffdde7
hand_neg,object,AGRI,development,main,4,0.8613477777281148,0.13415103754145033,0.4344193039543502,1.2882762515018793,-0.217147804929413,1.9398433603856424,0.044833078282591504,0.0,0.9538640621888776,8.16013610679747,0.042815550422588666,0.6323590733369052,0.0,0.9732446214321301,0.21173823056451452,False,0.7029421668029862,0.6069284621677307,0.7838552839580912,0.4459253645041674,0.8743349339734797,0.36436409191796126,2012,3.6301961047365765,0.2892669606243348,2012,3.933637985519753,0.7053049407631662,0.704494104654312,0.7087207061873884,2006;2012;2014;2025,78,216,33,,m2_20260926T165115Z_1ffdde7
hand_neg,cell_gate,UNIVERSE,development,main,5,1.2965095263955901,0.07007390208720311,1.1019531839434655,1.4910658688477147,1.0735030956013583,1.519515957189822,0.0,0.0,0.1704695189309366,1.5358428259000831,0.8202739579900237,0.0,0.0,0.8148199992696206,0.0,False,0.7852469559734179,0.7506258945199538,0.8162381997652611,0.7452625367303926,0.8204671917693677,0.6785958152842357,2012,2.02832791790498,0.6785958152842357,2012,2.02832791790498,0.7886551889503474,0.7873711086000001,0.7879663094377574,2006;2012;2014;2016;2019,340,340,44,,m2_20260926T165115Z_1ffdde7
hand_neg,cluster_gate,UNIVERSE,development,main,5,1.2287115609239214,0.11486229204712216,0.9098027123978897,1.5476204094499533,0.9302939064627664,1.5271292153850764,0.0,0.0,1.8434954969806254,6.0018908431296385,0.19900710866096524,0.3335433608262306,0.0,0.972932606322973,0.0,False,0.7735929877412381,0.7129597899102242,0.8245697792654821,0.7171349089381067,0.8215858958152161,0.4552494081759393,2016,3.1824239418867966,0.4552494081759393,2016,3.1824239418867966,0.7471,0.7571545454545454,0.7666,2006;2012;2014;2016;2019,44,340,44,,m2_20260926T165115Z_1ffdde7
hand_neg,object,UNIVERSE,development,main,6,1.2545927215807446,0.10655858521463014,0.980675157996912,1.5285102851645773,0.9425969946798104,1.5665884484816788,0.006123127362213496,0.0,1.6535089700887624,9.628230513262148,0.0864811307217113,0.48069377928655904,0.0,0.9802507177271242,0.07825041445394072,False,0.7780938706504191,0.7272421619018806,0.821788246589477,0.7196239396284422,0.8272967206347498,0.2811807469725198,2012,4.235794183749013,0.26850613725155437,2012,4.4140571630846575,0.7403176761323224,0.7626069524160219,0.7894522625421183,2006;2012;2014;2016;2019;2025,105,342,46,,m2_20260926T165115Z_1ffdde7
hand_neg,cell_gate,URBAN,development,main,4,1.154965390925016,0.12046603744474958,0.7715886951468038,1.538342086703228,0.573397798481856,1.7365329833681757,0.003757481909098712,0.0,0.8720990686800114,2.9363740753641654,0.4015394310061926,0.0,0.0,0.929901794314389,0.06129830266082995,False,0.760416696855467,0.6838644601579901,0.8232235841543267,0.6395468291777395,0.8502461542975666,0.557415323512649,2012,2.4628950681584705,0.5353359514577792,2012,2.5580450404165322,0.7429703430567219,0.7680199157038288,0.7348408887639741,2012;2014;2016;2019,349,349,29,,m2_20260926T165115Z_1ffdde7
hand_neg,cluster_gate,URBAN,development,main,4,1.0596915727905842,0.11919811125809705,0.680349984020457,1.4390331615607115,0.5468234940049529,1.5725596515762157,0.0,0.0,3.613875103629242,2.6017485475403577,0.4571830863692784,0.0,0.0,0.9801626105282637,0.0,False,0.742631600050527,0.663816805734657,0.8083048863159933,0.6333983038159717,0.8281482007388469,0.47071064042654664,2012,2.3967849280269884,0.47071064042654664,2012,2.3967849280269884,0.667625,0.6987103448275862,0.70625,2012;2014;2016;2019,29,349,29,,m2_20260926T165115Z_1ffdde7
hand_neg,object,ALL,holdout,main,4,1.3136454771912036,0.21319729145106123,0.63515654471628,1.9921344096661273,-0.47608991697603376,3.103380871358441,0.12757040309558143,0.02120191109708339,1.457629826379994,25.977102133247232,9.643272855935561e-06,0.8845136772911864,0.43018999035257405,0.9810979074517823,0.35716999187443144,False,0.7881225367431081,0.6536577717989794,0.8799687647592528,0.38317585851175484,0.9570319874677802,0.8169669473858585,2024-09-20,1.4552316232020293,0.3465605208080421,2024-09-20,3.623311033261261,0.7813811187116254,0.8403992014722296,0.7807163413880116,2022-09-06;2023-08-10;2024-07-24;2024-09-20,196,1272,55,,m2_20260926T165115Z_1ffdde7
hand_neg,object,FLAT,holdout,main,4,-0.15075648920288612,0.3961087293432701,-1.4113512513920003,1.1098382729862282,-3.575159033656124,3.2736460552503517,0.4765255458287178,0.08601025294644446,6.299018604674714,26.470787251764612,7.600273248192892e-06,0.8866675187455934,0.5192212004245483,0.9875142794677431,0.6903082976675841,False,0.46238209752570825,0.19602101602673902,0.752098959295612,0.02724773521913247,0.9635135662758548,0.8835316243825673,2024-09-20,1.2711735482893043,0.32489263325401885,2024-09-20,3.7160168495399586,0.466308122068061,0.5965668396022397,0.5044778551688944,2022-09-06;2023-08-10;2024-07-24;2024-09-20,175,1234,50,,m2_20260926T165115Z_1ffdde7
hand_neg,object,URBAN,holdout,main,4,0.0615074254999021,0.30774676872656975,-0.9178801415969695,1.0408949925967736,-2.3783017582012347,2.501316609201039,0.22683498071789004,0.0,3.9880737139918923,8.93354313812073,0.030187640936614957,0.6641869912511461,0.0,0.9744344546159011,0.47627196087728074,False,0.5153720104449188,0.2853900268899605,0.7390226585902766,0.0848423312725341,0.9242340676498842,0.7863600279293348,2024-09-20,1.562974765468389,0.39004904372225757,2024-09-20,3.3284840276755983,0.5310271909807198,0.5624167753439255,0.588132452895227,2022-09-06;2023-08-10;2024-07-24;2024-09-20,81,36,14,,m2_20260926T165115Z_1ffdde7
hand_neg,object,UNIVERSE,holdout,main,4,0.6396855732288428,0.32482841964177134,-0.39406343071125816,1.6734345771689436,-2.103343608440677,3.3827147548983625,0.30091884484030335,0.023601096861283817,4.725284110610052,11.964222204910874,0.007506730414271896,0.7492524003132766,0.25864428702988773,0.9858858527319946,0.5485607029675962,False,0.6546823805469841,0.4027394963832436,0.8420332024128904,0.10877226466682396,0.9671599395745856,0.8622448411378641,2024-09-20,1.329939391119587,0.34323739621769883,2024-09-20,3.591824336034947,0.6378309225251284,0.680894417375611,0.6530170339791617,2022-09-06;2023-08-10;2024-07-24;2024-09-20,145,107,65,,m2_20260926T165115Z_1ffdde7
hand_neg,cell_gate,ALL,holdout,main,2,1.8462199583406333,0.699601314462803,-7.043057576920676,10.735497493601942,,,0.8895076294762473,0.10094298455253893,1002.4164450352284,10.360486491734312,0.0012874127283241032,0.9034794359514093,0.5150916714846773,0.9999052101348755,0.9431371212481499,False,0.8636826716146883,0.0008726895767798234,0.9999782417867724,,,0.8924809444485449,2024-09-20,1.2374972811019336,0.5378824821529001,2024-09-20,1.988584866995822,0.83621077059272,0.9212899812106023,0.83621077059272,2023-08-10;2024-09-20,1272,1272,55,"k=2: tau2 불안정, 예측구간 없음",m2_20260926T165115Z_1ffdde7
hand_neg,cluster_gate,ALL,holdout,main,2,1.7490051509989775,0.3629088056963001,-2.8621884347388526,6.360198736736807,,,0.1979552319712473,0.0,291.54939726144994,3.237963360376178,0.07195002723212461,0.6911638926378022,0.0,0.999696701596691,0.4449216020505717,False,0.8518272784942109,0.054054690458859564,0.9982739613033945,,,0.9588180391770544,2024-09-20,1.0857433379214476,0.6416995772272674,2024-09-20,1.851311747513293,0.83125,0.8772654545454546,0.83125,2023-08-10;2024-09-20,55,1272,55,"k=2: tau2 불안정, 예측구간 없음",m2_20260926T165115Z_1ffdde7
hand_neg,cell_gate,FLAT,holdout,main,2,0.6485792969877423,0.9097990326097815,-10.911513480125818,12.208672074101303,,,1.3863682582740393,0.02080623326315043,1735.7364961613982,5.352015533378201,0.02069833061933338,0.8131545034270858,0.061309490605345324,0.9998165048081324,1.1774414033292864,False,0.656690239119664,1.8246601273034865e-05,0.999995013005135,,,0.9557751492428181,2024-09-20,1.0923446621790731,0.5851595361179209,2024-09-20,1.9436183784050094,0.5990751533798293,0.7985000592313649,0.5990751533798293,2023-08-10;2024-09-20,1234,1234,50,"k=2: tau2 불안정, 예측구간 없음",m2_20260926T165115Z_1ffdde7
hand_neg,cluster_gate,FLAT,holdout,main,2,0.6343090191687463,0.3767136424412485,-4.152291648599865,5.4209096869373585,,,0.1587008822918746,0.0,479.15446148728824,1.5083821201544494,0.21938612654799491,0.3370380179940041,0.0,0.9993489255116106,0.3983727931120229,False,0.6534658761138484,0.01548478156958175,0.995596356686329,,,0.9753373418199563,2024-09-20,1.0505402551285534,0.8151305841883961,2024-09-20,1.4314044434253836,0.5769,0.6789799999999999,0.5769,2023-08-10;2024-09-20,50,1234,50,"k=2: tau2 불안정, 예측구간 없음",m2_20260926T165115Z_1ffdde7
hand_neg,cell_gate,URBAN,holdout,main,2,0.7310984165608402,0.5170282420415769,-5.838368281203921,7.300565114325601,,,0.2769539508963674,0.0,800.9959549119518,1.542854864451598,0.21419336405766637,0.35185089470133263,0.0,0.9993634727803614,0.5262641455546515,False,0.6750462662386516,0.002905128551552204,0.999325298403189,,,0.9369176724184564,2024-09-20,1.1340515823299833,0.783187798471314,2024-09-20,1.514255217379412,0.584556008766545,0.6090756741394815,0.584556008766545,2023-08-10;2024-09-20,36,36,14,"k=2: tau2 불안정, 예측구간 없음",m2_20260926T165115Z_1ffdde7
hand_neg,cluster_gate,URBAN,holdout,main,2,0.8543736671886935,0.30361266978643026,-3.00339107561429,4.712138409991677,,,0.0,0.0,137.77578015081374,0.25675490822478914,0.6123583932272754,0.0,0.0,0.9961750716900981,0.0,False,0.7014838134020799,0.04727291060865562,0.9910944786880809,,,0.9035761375841075,2024-09-20,1.2110241011238063,0.9035761375841075,2024-09-20,1.2110241011238063,0.6533,0.6867857142857143,0.6533,2023-08-10;2024-09-20,14,36,14,"k=2: tau2 불안정, 예측구간 없음",m2_20260926T165115Z_1ffdde7
hand_neg,cell_gate,UNIVERSE,holdout,main,2,1.2605538545337334,0.2490230699035681,-1.9035842556917455,4.424691964759212,,,0.05502721141118723,0.0,323.5446623494636,1.2092494107508043,0.2714808251309735,0.17304073823851157,0.0,0.9991878688478619,0.23457879574076432,False,0.7791214360190257,0.12970334492312705,0.9881638716182489,,,0.9722216344562499,2024-09-20,1.057097488584778,0.89050805350461,2024-09-20,1.2422467039937855,0.7140022283473859,0.7773784813373238,0.7140022283473859,2023-08-10;2024-09-20,107,107,65,"k=2: tau2 불안정, 예측구간 없음",m2_20260926T165115Z_1ffdde7
hand_neg,cluster_gate,UNIVERSE,holdout,main,2,0.8973306825130085,0.6145542586648821,-6.911321549571044,8.705982914597062,,,0.5507553715460355,0.0,860.6626140728192,2.86846018755785,0.0903312571246904,0.6513809031278973,0.0,0.9996576319513043,0.7421289453632943,False,0.7104006483319066,0.0009954481765396463,0.9998344352983476,,,0.9683579444486012,2024-09-20,1.0652822789319547,0.6632785203841103,2024-09-20,1.8072732795260773,0.6502,0.7742846153846152,0.6502,2023-08-10;2024-09-20,65,107,65,"k=2: tau2 불안정, 예측구간 없음",m2_20260926T165115Z_1ffdde7
hand_neg,cell_gate,AGRI,holdout,main,1,1.2825615154879328,0.1325505518693593,,,,,,,,,,,,,,False,0.7828854875545974,,,,,1.0,2024-09-20,1.0,1.0,2024-09-20,1.0,0.7828854875545974,0.7828854875545974,0.7828854875545974,2024-09-20,1112,1112,47,k=1: 통합 불가,m2_20260926T165115Z_1ffdde7
hand_neg,cluster_gate,AGRI,holdout,main,1,0.7597525163563318,0.12377277224506152,,,,,,,,,,,,,,False,0.6813,,,,,1.0,2024-09-20,1.0,1.0,2024-09-20,1.0,0.6813,0.6813000000000001,0.6813,2024-09-20,47,1112,47,k=1: 통합 불가,m2_20260926T165115Z_1ffdde7
hand_neg,object,AGRI,holdout,main,1,0.6986267679439528,0.09160684704319066,,,,,,,,,,,,,,False,0.6678832386558624,,,,,1.0,2024-09-20,1.0,1.0,2024-09-20,1.0,0.6678832386558624,0.6678832386558624,0.6678832386558624,2024-09-20,109,1112,47,k=1: 통합 불가,m2_20260926T165115Z_1ffdde7
hand_neg,cell_gate,ALL,combined,main,8,2.0353157600264664,0.15725142195239167,1.663475234080391,2.4071562859725417,1.0836022704637456,2.9870292495891873,0.12979898596412862,0.03785195870627137,0.932428813450177,37.874572197870094,3.2011571513590637e-06,0.8151794305839407,0.634113554022727,0.9771125942607699,0.3602762633925924,False,0.8844554280296428,0.8407039604606577,0.9173713808167083,0.7471750740772373,0.9519846998388016,0.38790800766727784,2012,4.320882117519345,0.15795619728326551,2012,7.5152624521005755,0.8683426777339555,0.9043029702709477,0.8695240033921425,2006;2012;2014;2016;2019;2023-08-10;2024-09-20;2025,1968,1968,108,,m2_20260926T165115Z_1ffdde7
hand_neg,cluster_gate,ALL,combined,main,8,1.8312645751133432,0.14497072314012646,1.488463287405257,2.1740658628214296,1.012838295340583,2.6496908548861033,0.09443555983474061,0.02082289911243448,0.8255226942440709,25.873960479756185,0.0005304618763947315,0.7294577300805261,0.450136689016818,0.9701088265382902,0.3073036931680786,False,0.8619123047987591,0.8158475083908929,0.8978963223259845,0.7335752407077579,0.9339919339598776,0.3787742430890141,2024-09-20,4.156499216527411,0.17141723354838154,2024-09-20,7.327314101910936,0.843975,0.8682351851851853,0.8532500000000001,2006;2012;2014;2016;2019;2023-08-10;2024-09-20;2025,108,1968,108,,m2_20260926T165115Z_1ffdde7
hand_neg,object,ALL,combined,main,10,1.6905876153403356,0.1678701889004187,1.3108388650989657,2.0703363655817055,0.49366577144728896,2.8875094592333825,0.24127677986368512,0.09402329557277114,0.9068989948881567,82.92738047768185,4.2271092187694374e-14,0.8914713096186349,0.8551240986318068,0.9827383831320252,0.49119932803667915,False,0.8443014213796709,0.7876534945072498,0.8879864229287098,0.6209696134066259,0.9472255196718048,0.38783970350042574,2024-09-20,4.660647019772432,0.11488875929624974,2024-09-20,9.750837342714707,0.8275162459514276,0.8531975125499593,0.8451100700330112,2006;2012;2014;2016;2019;2022-09-06;2023-08-10;2024-07-24;2024-09-20;2025,338,1968,108,,m2_20260926T165115Z_1ffdde7
hand_neg,cell_gate,FLAT,combined,main,8,0.9144036143687844,0.17794811538296307,0.49362318520899895,1.3351840435285698,-0.11933340668901526,1.948140635426584,0.15068759126644932,0.04084987118083496,1.4461248614051856,37.69031420400794,3.469834769806039e-06,0.814275891622691,0.584530354232522,0.9803173389350303,0.3881849961892517,False,0.7139004325774372,0.6209595899874117,0.7916968435207531,0.47020200137667384,0.875243755460837,0.3828394851083008,2012,4.098042877363237,0.17491327402313464,2012,6.761563050840208,0.6657366569551372,0.7575979694645028,0.6723914769706347,2006;2012;2014;2016;2019;2023-08-10;2024-09-20;2025,1867,1867,99,,m2_20260926T165115Z_1ffdde7
hand_neg,cluster_gate,FLAT,combined,main,8,0.7356912212642418,0.11452420249331915,0.46488451465421654,1.0064979278742672,0.24031294105508139,1.231069501473402,0.03103670806804,0.0,1.0963791326257593,14.825640878583043,0.03830052715558813,0.5278450316362294,0.0,0.9705383197065255,0.17617238168350907,False,0.6760529273104645,0.6141722771884544,0.7323342290388941,0.5597907672290916,0.7740057072216072,0.41340034520158736,2016,3.720310222482043,0.2522277302569497,2016,5.4993628665115235,0.6275875,0.6771757575757577,0.6579999999999999,2006;2012;2014;2016;2019;2023-08-10;2024-09-20;2025,99,1867,99,,m2_20260926T165115Z_1ffdde7
hand_neg,object,FLAT,combined,main,10,0.4144486881568066,0.23922944811518368,-0.12672592144921768,0.9556232977628308,-1.2866957646316466,2.1155931409452595,0.48708122914997143,0.18641747544784198,1.8387390405673347,73.59816165139499,2.9872099029053048e-12,0.8777143369065468,0.8973101327447766,0.9885305748394283,0.6979120497240118,False,0.6021541095628921,0.468360850611094,0.7222446612564278,0.21641261202163356,0.8924095371442876,0.28919501240868606,2024-09-20,4.587048065586792,0.11575366064675148,2024-09-20,9.625930179346494,0.5795549383497105,0.6320078912363184,0.6284395069145639,2006;2012;2014;2016;2019;2022-09-06;2023-08-10;2024-07-24;2024-09-20;2025,306,1867,99,,m2_20260926T165115Z_1ffdde7
hand_neg,object,URBAN,combined,main,9,0.5067887669152555,0.2286559875861656,-0.02049288599763477,1.0340704198281458,-0.9934271983256484,2.0070047321561595,0.35023256794484725,0.10366329052440888,1.3268601239494189,68.29782924086588,1.0714516639793248e-11,0.8828659696959561,0.6950316344626588,0.9668554875890483,0.5918045014570666,False,0.6240533852926199,0.4948769577880439,0.7377042702640041,0.2702356735381434,0.8815305704184128,0.38744187233094485,2012,3.9522620726611497,0.14475181092875958,2012,8.29876607728759,0.6028389624181458,0.6259763879631782,0.6144514517144872,2006;2012;2014;2016;2019;2022-09-06;2023-08-10;2024-07-24;2024-09-20,158,387,45,,m2_20260926T165115Z_1ffdde7
hand_neg,cell_gate,AGRI,combined,main,5,1.0079619427487458,0.14617335516169014,0.6021196462997327,1.413804239197759,0.045167932679677225,1.9707559528178145,0.07015937278014724,0.008035027929980485,0.6541964988119269,16.27142744094599,0.0026757584573225573,0.7541703077669596,0.20679357579031923,0.9550079934850028,0.2648761461138908,False,0.7326211087838734,0.6461410980384547,0.8043652787092378,0.5112900637906042,0.8776922867782346,0.3895967653550997,2014,3.558155843258006,0.253224813601907,2014,4.799561211977909,0.7334330448567689,0.7734337388373841,0.7496637848222862,2006;2012;2014;2024-09-20;2025,1328,1328,80,,m2_20260926T165115Z_1ffdde7
hand_neg,cluster_gate,AGRI,combined,main,5,0.751307378643312,0.10662492379486299,0.4552691308809769,1.047345626405647,0.15335818577031068,1.3492565715163134,0.024005760005687132,0.0,0.46030127740752397,6.968491116028771,0.13756272402795502,0.4259876444702229,0.0,0.9371317189558395,0.15493792307142604,False,0.6794635036794456,0.6118912842193135,0.7402648609256761,0.538264581282735,0.7940080601631891,0.3757821401814299,2024-09-20,3.9326047710411633,0.28726469727104803,2024-09-20,4.583704022479188,0.6866199999999999,0.6846912500000001,0.6863,2006;2012;2014;2024-09-20;2025,80,1328,80,,m2_20260926T165115Z_1ffdde7
hand_neg,object,AGRI,combined,main,5,0.8128700611216102,0.10421356551266237,0.5235268172587693,1.1022133049844511,0.18227646647793627,1.4434636557652842,0.029082923768559553,0.0,0.4657684799674635,9.275725723982795,0.0545652637649303,0.5687668955478249,0.0,0.9590294890386937,0.1705371624267261,False,0.6927207594845918,0.627972083644008,0.7506745825346751,0.5454433660144398,0.8089904454060205,0.4300919329404268,2024-09-20,3.6436575717490496,0.2716359202737266,2024-09-20,4.763639309037187,0.6978206003417053,0.6831540811578894,0.6678832386558624,2006;2012;2014;2024-09-20;2025,187,1328,80,,m2_20260926T165115Z_1ffdde7
hand_neg,cell_gate,UNIVERSE,combined,main,7,1.3040135157217811,0.06040632742331732,1.156204557265522,1.4518224741780403,1.1487341076899018,1.4592929237536605,0.0,0.0,0.20535598902554297,2.7897320292783516,0.834737073310873,0.0,0.0,0.8618890685245317,0.0,False,0.786509676250392,0.7606423792188299,0.8102787560806559,0.7592796205958451,0.8114245054952369,0.5042703552438909,2012,2.9879490265648796,0.5042703552438909,2012,2.9879490265648796,0.7673257716352155,0.7849791374207913,0.7879663094377574,2006;2012;2014;2016;2019;2023-08-10;2024-09-20,447,447,109,,m2_20260926T165115Z_1ffdde7
hand_neg,cluster_gate,UNIVERSE,combined,main,7,1.2501052715587913,0.09433966060742181,1.0192644379854958,1.4809461051320867,1.052420431494939,1.4477901116226435,0.0,0.0,1.3928294353990698,9.029340002582634,0.17193472142024793,0.3354996048123297,0.0,0.9674507510897343,0.0,False,0.7773180836534884,0.7348292961413,0.8147154417683418,0.7412394175266148,0.8096580970043666,0.3170401745141445,2024-09-20,4.1190440311994445,0.3170401745141445,2024-09-20,4.1190440311994445,0.7194142857142857,0.767369724770642,0.7666,2006;2012;2014;2016;2019;2023-08-10;2024-09-20,109,447,109,,m2_20260926T165115Z_1ffdde7
hand_neg,object,UNIVERSE,combined,main,10,0.9988719298934426,0.173331932865777,0.6067678564194676,1.3909760033674177,-0.09500534712036635,2.0927492069072517,0.19759870276033809,0.05811655451170446,1.0408575325468508,43.833070568883095,1.514990991195085e-06,0.7946755752404656,0.6494548036566729,0.9707444300392116,0.44452075627616994,False,0.7308367287838253,0.6472031543584953,0.8007480108176634,0.47626651210509574,0.89019644005583,0.4107673133497521,2024-09-20,4.248582255390217,0.13435069876699296,2024-09-20,9.083805179529191,0.6993229746894449,0.7152136820925835,0.7628843820535449,2006;2012;2014;2016;2019;2022-09-06;2023-08-10;2024-07-24;2024-09-20;2025,250,449,111,,m2_20260926T165115Z_1ffdde7
hand_neg,cell_gate,URBAN,combined,main,6,1.114734417951241,0.10564637553933336,0.8431617639890181,1.386307071913464,0.8274626952398431,1.402006140662639,0.0,0.0,1.3342285039315516,5.212806850373441,0.39046499545810026,0.04082385104259049,0.0,0.9456138033286371,0.0,False,0.7530106993074899,0.699130701895507,0.8000020337192166,0.6958181629387383,0.8025020398065648,0.45846356614244277,2012,3.3062813418553563,0.45846356614244277,2012,3.3062813418553563,0.6901655649599964,0.7531575970120977,0.7216052928874727,2012;2014;2016;2019;2023-08-10;2024-09-20,385,385,43,,m2_20260926T165115Z_1ffdde7
hand_neg,cluster_gate,URBAN,combined,main,6,1.0322714441805914,0.11095355499097712,0.7470562511215106,1.317486637239672,0.7242149895215988,1.340327898839584,0.0,0.0,0.7117799980178896,3.254742771646642,0.660777345464833,0.0,0.0,0.8859915027072465,0.0,False,0.7373560256250706,0.6785369329911949,0.7887632445299815,0.6735345103381571,0.7925438591130027,0.4078474124934975,2012,3.0492081638114215,0.4078474124934975,2012,3.0492081638114215,0.66285,0.6948279069767441,0.6961999999999999,2012;2014;2016;2019;2023-08-10;2024-09-20,43,385,43,,m2_20260926T165115Z_1ffdde7
hand_acc_neg,cell_gate,ALL,development,main,6,2.140336324284219,0.14945852086322525,1.7561409653721411,2.524531683196297,1.143945554105047,3.1367270944633914,0.10645187363107242,0.025534559285745988,0.7204166296800134,28.226323452946296,3.287205050952666e-05,0.822860387455877,0.6747662341859341,0.9832030610017026,0.32626963332659753,False,0.8947622838982783,0.8527256842899971,0.9258437879622073,0.7584033107985002,0.9583825350495252,0.31448757989642695,2012,3.7868490326453808,0.19906826277437048,2012,5.665048654484586,0.8932138040281355,0.8839040811733206,0.8826312799979479,2006;2012;2014;2016;2019;2025,696,696,53,,m2_20260926T165115Z_1ffdde7
hand_acc_neg,cluster_gate,ALL,development,main,6,1.9585623258057132,0.2107924227137569,1.416703152887958,2.5004214987234685,0.5242062737829913,3.392918377828435,0.22297800606897775,0.06371277524883222,1.6065104549797131,38.58269327370934,2.8813370768112966e-07,0.8704082173701686,0.7138516777705679,0.9843513695096375,0.47220547018112546,False,0.8763772788686218,0.8048210544560406,0.9241713633237348,0.6281308066073357,0.9674824825993804,0.37476813206997367,2016,4.040881495305265,0.1882830847601643,2016,5.875385302982778,0.8653166666666667,0.8640113207547171,0.8482000000000001,2006;2012;2014;2016;2019;2025,53,696,53,,m2_20260926T165115Z_1ffdde7
hand_acc_neg,object,ALL,development,main,6,2.0008362903607564,0.1795464424618782,1.5392974667151316,2.462375114006381,0.7927389119055537,3.208933668815959,0.1583476213402021,0.045441510541646704,1.1970444652811514,37.50476284322774,4.744035652427324e-07,0.8666835990697951,0.7065089571012899,0.9844752555306127,0.39792916623464797,False,0.8808848551429347,0.8233625743466906,0.9214617220239196,0.6884191253194,0.9611690863478339,0.25689882880189546,2012,4.698291599142344,0.18235584737654528,2012,5.896641915341768,0.8723769585730085,0.8699179352356425,0.8638788603051772,2006;2012;2014;2016;2019;2025,142,696,53,,m2_20260926T165115Z_1ffdde7
hand_acc_neg,cell_gate,FLAT,development,main,6,0.8820168203319505,0.1633863334059685,0.4620188794873491,1.3020147611765518,-0.18381094294090627,1.9478445836048073,0.12067042412293248,0.025875109470839423,0.789886840150624,29.328768094714192,1.998587433032355e-05,0.8295189220408773,0.7045283681145582,0.9864478329440401,0.34737648757930134,False,0.7072399814181737,0.6134930010582039,0.7861738687740613,0.45417621031868055,0.8752114253422383,0.4623898246744942,2016,2.7708528458387685,0.2158571087307237,2016,5.319949408804607,0.7041749421970388,0.6863542658987973,0.6689989968359871,2006;2012;2014;2016;2019;2025,633,633,49,,m2_20260926T165115Z_1ffdde7
hand_acc_neg,cluster_gate,FLAT,development,main,6,0.8290434851143744,0.18866593079798247,0.34406227040166276,1.3140246998270861,-0.33756892411459294,1.9956558943433418,0.14262384219767818,0.027975597974253964,1.5713782115813495,24.78659433573442,0.00015319384589515555,0.7982780557798703,0.45114999203889833,0.9788005030297247,0.3776557191380506,False,0.6961526418034825,0.5851769582618545,0.7881858544690814,0.41640013506389567,0.8803402197227606,0.6379463177716441,2016,2.266469420638623,0.22834667479665746,2016,5.40415412556149,0.6665,0.6832469387755102,0.6467,2006;2012;2014;2016;2019;2025,49,633,49,,m2_20260926T165115Z_1ffdde7
hand_acc_neg,object,FLAT,development,main,6,0.7905514347426119,0.15864239289588425,0.38274818120257237,1.1983546882826515,-0.07942073057557941,1.6605236000608032,0.07917707244648581,0.013413462906396731,1.336278095613873,17.304115053765955,0.003957726997099854,0.7110513895414817,0.37923301668611015,0.9838345205666703,0.2813842078839639,False,0.6879497220494889,0.5945357594544337,0.7682319623870181,0.4801552474098518,0.8403082776133991,0.541967436851814,2016,2.860068172740637,0.2250543384560159,2016,5.508226942943657,0.6642279942423781,0.6756729313539562,0.6739944036284472,2006;2012;2014;2016;2019;2025,131,633,49,,m2_20260926T165115Z_1ffdde7
hand_acc_neg,object,URBAN,development,main,5,0.7607440354902845,0.2085674438243058,0.18166797698067483,1.339820093999894,-0.6087054221575586,2.1301934931381274,0.14166928894817557,0.010471439957497922,1.4517628737964146,13.608427639001773,0.008655589355844701,0.7060644986981454,0.1749925640145563,0.9671128570309381,0.3763898098357281,False,0.6815152501454047,0.5452924960643177,0.792460354407654,0.3523545651544545,0.8938033758803929,0.44053184625271674,2012,3.0342711769845727,0.27111121695850865,2012,4.514786560748158,0.6547622131834776,0.667746483970849,0.625865119021756,2006;2012;2014;2016;2019,77,351,31,,m2_20260926T165115Z_1ffdde7
hand_acc_neg,cell_gate,AGRI,development,main,4,0.8632965378143804,0.169812082297732,0.3228787039134303,1.4037143717153304,-0.5653365436821103,2.291929619310871,0.08141137302191363,0.008904195987466869,1.2907901687894467,13.894167326623723,0.0030528063407263078,0.7840820590773036,0.23810945362930316,0.9784040044430979,0.2853267828681942,False,0.7033489351213272,0.5800256537018781,0.8027726417463034,0.3623135878981358,0.9082064443670587,0.5245192861171043,2014,2.7546828596330033,0.3102505070602721,2014,3.848625769470758,0.7005268229740051,0.7042624971522793,0.7031739564740658,2006;2012;2014;2025,216,216,33,,m2_20260926T165115Z_1ffdde7
hand_acc_neg,cluster_gate,AGRI,development,main,4,0.8898092173636225,0.16676154569138513,0.35909955241467373,1.4205188823125714,-0.4932621269605275,2.2728805616877725,0.07601050266819945,0.0023388782690065444,1.5707514436242873,10.051942853931822,0.01812972342569275,0.7015502332639557,0.07120877835392746,0.9809484246716152,0.2757000229746081,False,0.7088508001582683,0.5888224436269616,0.8054197478975015,0.3791253955618593,0.9066059753107752,0.3919697571505369,2025,3.428140496577175,0.28942026082306527,2025,3.913008003627635,0.697875,0.6928272727272727,0.7033499999999999,2006;2012;2014;2025,33,216,33,,m2_20260926T165115Z_1ffdde7
hand_acc_neg,object,AGRI,development,main,4,0.7804036933755707,0.13089407905311634,0.363840315109467,1.1969670716416743,-0.2147256054470148,1.7755329921981562,0.036403543678302036,0.0,0.9264675501917106,6.431880354696528,0.09238803552746336,0.5335734132850567,0.0,0.9667604119806985,0.19079712701794552,False,0.6857671125809542,0.5899697471394842,0.767984803050166,0.44652390980767676,0.8551444040610531,0.28032520416863116,2014,3.944749298974536,0.26419875212902066,2014,3.987236641702914,0.6833756171721624,0.6805080653523127,0.6789048991961736,2006;2012;2014;2025,78,216,33,,m2_20260926T165115Z_1ffdde7
hand_acc_neg,cell_gate,UNIVERSE,development,main,5,1.4788411531066328,0.13823209768886924,1.0950473220971486,1.862634984116117,0.7411587327933226,2.216523573419943,0.03462186953476211,0.0,0.7314263876481689,6.00456182866164,0.19880785228051664,0.33383981810183766,0.0,0.9288486040913854,0.18606952876481983,False,0.8143974799189584,0.7493309732119654,0.8656037813743505,0.677249187212664,0.9017235510311326,0.4332414647014866,2016,3.2548528937224077,0.3351142278357822,2016,4.003000865055283,0.8161115097864649,0.8177126416594995,0.8418757103713032,2006;2012;2014;2016;2019,340,340,44,,m2_20260926T165115Z_1ffdde7
hand_acc_neg,cluster_gate,UNIVERSE,development,main,5,1.233953460017169,0.18976384859571163,0.7070845514401104,1.7608223685942277,0.07349084207710943,2.3944160779572288,0.09808541190949553,0.0,1.6303471847686828,10.07962289945374,0.03910759226754057,0.6031597570761523,0.0,0.9641157680949732,0.3131859063072531,False,0.7745097730932207,0.6697566325101916,0.8533126261416163,0.5183644458792903,0.9164005092680689,0.4361286489090897,2016,3.3150666932675104,0.285025137139372,2016,4.4370137533877365,0.76672,0.7507454545454544,0.7679,2006;2012;2014;2016;2019,44,340,44,,m2_20260926T165115Z_1ffdde7
hand_acc_neg,object,UNIVERSE,development,main,6,1.2055519235113665,0.15279413383665333,0.8127820984790814,1.5983217485436516,0.30663892967753714,2.104464917345196,0.08147708521085778,0.005486062868767585,0.7948028051921476,15.189894907985929,0.009581027204788229,0.670833799029689,0.11119695386645032,0.9477133256020314,0.2854419121482649,False,0.7695109670623088,0.6927020355526745,0.8317836956302345,0.5760646507052554,0.8913363883056569,0.2921181309512631,2014,4.270250477848544,0.22347373576789079,2014,5.294960493990506,0.7571451528058759,0.745684253943083,0.7867094947450188,2006;2012;2014;2016;2019;2025,105,342,46,,m2_20260926T165115Z_1ffdde7
hand_acc_neg,cell_gate,URBAN,development,main,4,1.2163808339624744,0.10304443018458162,0.8884474678414878,1.544314200083461,0.7730164351433064,1.6597452327816424,0.0,0.0,1.3969517375078144,2.6836765045269795,0.44300843276961244,0.0,0.0,0.9510089587786658,0.0,False,0.7714260163832601,0.7085696805550183,0.8240910080090279,0.6841730477193864,0.8402038006241385,0.7204385304286466,2016,1.794192796713422,0.7204385304286466,2016,1.794192796713422,0.767116475372154,0.7803041616186136,0.7879514854861203,2012;2014;2016;2019,349,349,29,,m2_20260926T165115Z_1ffdde7
hand_acc_neg,cluster_gate,URBAN,development,main,4,0.8762917899233021,0.18913395065066005,0.2743831474713979,1.4782004323752065,-0.5113704128756246,2.2639539927222287,0.06824309825974198,0.0,2.2665794088277833,5.757700418771529,0.12401247129949591,0.4789586498423473,0.0,0.9768315004058395,0.261233799994836,False,0.706053199947131,0.5681686432061971,0.8143006127639002,0.37487232375016616,0.9058474003211717,0.49815602885721183,2012,2.3316175286113108,0.4028925045402065,2012,2.942641893065035,0.6613,0.6653413793103449,0.65655,2012;2014;2016;2019,29,349,29,,m2_20260926T165115Z_1ffdde7
hand_acc_neg,object,ALL,holdout,main,4,1.5142661488098124,0.21345002964600468,0.8349728906001869,2.1935594070194377,-0.04373150112418589,3.0722637987438106,0.08555668929120376,0.0,1.2561102324190254,5.40894776030888,0.14418711840111118,0.44536347309283614,0.0,0.9304005413738702,0.2925007509241707,False,0.8196925895002719,0.6974053934997475,0.899669650726761,0.4890688667619497,0.9557340446378751,0.9421099662447764,2024-09-20,1.1249687287765051,0.5104871319026159,2024-09-20,2.8556082948965855,0.8024218886159252,0.850018180529212,0.8084306184378756,2022-09-06;2023-08-10;2024-07-24;2024-09-20,196,1272,55,,m2_20260926T165115Z_1ffdde7
hand_acc_neg,object,FLAT,holdout,main,4,0.37150251663442696,0.1971314593205863,-0.2558577677355584,0.9988628010044123,-0.8486098079751816,1.5916148412440356,0.04448319495821031,0.0,4.227529504616343,4.0264088224033046,0.25862653851893347,0.25491917678410414,0.0,0.9649125111868609,0.2109103955669571,False,0.5918219894705034,0.43638223187882264,0.7308349329960704,0.29972456331772973,0.8308431786295547,0.9334966652186069,2024-09-20,1.1445791689929086,0.6987939738246506,2024-09-20,1.8811672743499963,0.5225335237795677,0.612161822984801,0.5726176079461942,2022-09-06;2023-08-10;2024-07-24;2024-09-20,175,1234,50,,m2_20260926T165115Z_1ffdde7
hand_acc_neg,object,URBAN,holdout,main,4,0.5082416815534384,0.1282930334361189,0.09995599130102267,0.9165273718058542,-0.04375868896831758,1.0602420520751945,0.0,0.0,3.1580474439304984,2.476760938604735,0.4795055456377906,0.0,0.0,0.9387204102719987,0.0,False,0.6243941932097846,0.5249682127517923,0.714334005700313,0.4890620730516028,0.7427367990513901,0.8674429640459071,2024-09-20,1.3149469397887235,0.8674429640459071,2024-09-20,1.3149469397887235,0.5835509712928575,0.6192650079789875,0.6297020440704802,2022-09-06;2023-08-10;2024-07-24;2024-09-20,81,36,14,,m2_20260926T165115Z_1ffdde7
hand_acc_neg,object,UNIVERSE,holdout,main,4,0.9836134225073179,0.4076825629158777,-0.3138144435729098,2.2810412885875455,-2.337835261814724,4.305062106829359,0.42970743916968834,0.0,8.179480918016713,9.297173203687576,0.02558993225558241,0.6773212745127629,0.0,0.9833195026268127,0.6555207389317964,False,0.727824609669994,0.42218395056553065,0.9072946679160778,0.08803756012861438,0.9866797765726157,0.9088670894340758,2024-09-20,1.2043784722706106,0.37916670636776834,2024-09-20,3.4349131377545583,0.685859588110716,0.7146670881090025,0.6873498443663904,2022-09-06;2023-08-10;2024-07-24;2024-09-20,145,107,65,,m2_20260926T165115Z_1ffdde7
hand_acc_neg,cell_gate,ALL,holdout,main,2,1.9937541216151085,0.6195291180434825,-5.878109692267121,9.865617935497339,,,0.5894131411969564,0.0,831.9685977921034,3.5867190725212676,0.05824312631902678,0.7211936648004454,0.0,0.9997261929085277,0.7677324672025773,False,0.880139739527394,0.0027922547577276624,0.9999480729061204,,,0.941984562448559,2024-09-20,1.1227115823186824,0.6232280973823561,2024-09-20,1.8854750110729088,0.8451933507494515,0.9202179307831397,0.8451933507494515,2023-08-10;2024-09-20,1272,1272,55,"k=2: tau2 불안정, 예측구간 없음",m2_20260926T165115Z_1ffdde7
hand_acc_neg,cluster_gate,ALL,holdout,main,2,1.9774234233599461,0.10427881343426137,0.6524354702188568,3.3024113765010354,,,0.0,0.0,156.63893571978292,0.6995114974722648,0.40294788686318916,0.0,0.0,0.9985960643667415,0.0,False,0.878406229450574,0.6575590802619018,0.9645114425392224,,,0.9746692630549169,2024-09-20,1.0519430339771259,0.9746692630549169,2024-09-20,1.0519430339771259,0.8439,0.8759727272727272,0.8439,2023-08-10;2024-09-20,55,1272,55,"k=2: tau2 불안정, 예측구간 없음",m2_20260926T165115Z_1ffdde7
hand_acc_neg,cell_gate,FLAT,holdout,main,2,0.8735554895248546,0.636227112536702,-7.210476461071738,8.957587440121447,,,0.504893098548185,0.0,1115.0163689181943,1.8547222885166572,0.17323516165686662,0.46083572392944855,0.0,0.999470503415387,0.7105583005976251,False,0.7054849824544266,0.0007382596297890698,0.9998712600639845,,,0.9738387664423228,2024-09-20,1.0536893131329075,0.7554769407447539,2024-09-20,1.5859499186763488,0.6069485893155973,0.7698862945631874,0.6069485893155973,2023-08-10;2024-09-20,1234,1234,50,"k=2: tau2 불안정, 예측구간 없음",m2_20260926T165115Z_1ffdde7
hand_acc_neg,cluster_gate,FLAT,holdout,main,2,0.7416269118848356,0.1255987228084659,-0.8542561747215863,2.3375099984912575,,,0.0,0.0,215.36870070015652,0.36361497611504656,0.5465053927152669,0.0,0.0,0.9972991510754922,0.0,False,0.6773515145811304,0.29854079060498845,0.9119363219723334,,,0.9862886894548594,2024-09-20,1.0277984758579175,0.9862886894548594,2024-09-20,1.0277984758579175,0.60205,0.67003,0.60205,2023-08-10;2024-09-20,50,1234,50,"k=2: tau2 불안정, 예측구간 없음",m2_20260926T165115Z_1ffdde7
hand_acc_neg,cell_gate,URBAN,holdout,main,2,0.8811789864834864,0.27184013053342043,-2.5728773675826075,4.3352353405495805,,,0.0,0.0,671.0120232088447,0.8249462425790646,0.3637379584235808,0.0,0.0,0.9988095356200364,0.0,False,0.7070664764716302,0.07090451735574131,0.9870705688828431,,,0.9514431773214965,2024-09-20,1.1018046754390105,0.9514431773214965,2024-09-20,1.1018046754390105,0.5828717263059079,0.6054738551622185,0.5828717263059079,2023-08-10;2024-09-20,36,36,14,"k=2: tau2 불안정, 예측구간 없음",m2_20260926T165115Z_1ffdde7
hand_acc_neg,cluster_gate,URBAN,holdout,main,2,0.6689163196214627,0.29460016049655613,-3.0743336349577035,4.412166274200629,,,0.0,0.0,16.32887185289286,0.020854458666091112,0.8851761450548141,0.0,0.0,0.9529084339757002,0.0,False,0.6612604625842157,0.044178470431899555,0.9880164713449964,,,0.9429718768244802,2024-09-20,1.1205132540176497,0.9429718768244802,2024-09-20,1.1205132540176497,0.64255,0.6545785714285713,0.64255,2023-08-10;2024-09-20,14,36,14,"k=2: tau2 불안정, 예측구간 없음",m2_20260926T165115Z_1ffdde7
hand_acc_neg,cell_gate,UNIVERSE,holdout,main,2,1.4093290738526971,0.1397897814370448,-0.3668685091115067,3.1855266568169007,,,0.0,0.0,245.80064666928067,0.49325737963795663,0.4824778490377041,0.0,0.0,0.9980090128243067,0.0,False,0.8036600994004193,0.40929791632579154,0.9602859721762046,,,0.9796610755627794,2024-09-20,1.0415044796616622,0.9796610755627794,2024-09-20,1.0415044796616622,0.7401194024679332,0.7923612298324678,0.7401194024679332,2023-08-10;2024-09-20,107,107,65,"k=2: tau2 불안정, 예측구간 없음",m2_20260926T165115Z_1ffdde7
hand_acc_neg,cluster_gate,UNIVERSE,holdout,main,2,1.150674818315402,0.49493180912450674,-5.138030078865915,7.4393797154967185,,,0.27752504968822606,0.0,821.9548693797745,1.5234226423148756,0.21710227930648776,0.34358334173077726,0.0,0.9993553534719144,0.5268064632179696,False,0.7596341536841378,0.005834993295565347,0.9994126955347745,,,0.9778014812482918,2024-09-20,1.0453815705877885,0.8136368500877791,2024-09-20,1.435263555130595,0.66465,0.7835169230769231,0.66465,2023-08-10;2024-09-20,65,107,65,"k=2: tau2 불안정, 예측구간 없음",m2_20260926T165115Z_1ffdde7
hand_acc_neg,cell_gate,AGRI,holdout,main,1,1.059974326668899,0.11867069546568355,,,,,,,,,,,,,,False,0.7426856390651881,,,,,1.0,2024-09-20,1.0,1.0,2024-09-20,1.0,0.7426856390651881,0.7426856390651881,0.7426856390651881,2024-09-20,1112,1112,47,k=1: 통합 불가,m2_20260926T165115Z_1ffdde7
hand_acc_neg,cluster_gate,AGRI,holdout,main,1,0.5476922077002412,0.12421624537882145,,,,,,,,,,,,,,False,0.6336,,,,,1.0,2024-09-20,1.0,1.0,2024-09-20,1.0,0.6336,0.6336,0.6336,2024-09-20,47,1112,47,k=1: 통합 불가,m2_20260926T165115Z_1ffdde7
hand_acc_neg,object,AGRI,holdout,main,1,0.5380705368400779,0.09143656183421024,,,,,,,,,,,,,,False,0.6313634613872512,,,,,1.0,2024-09-20,1.0,1.0,2024-09-20,1.0,0.6313634613872513,0.6313634613872513,0.6313634613872513,2024-09-20,109,1112,47,k=1: 통합 불가,m2_20260926T165115Z_1ffdde7
hand_acc_neg,cell_gate,ALL,combined,main,8,2.154384569021802,0.1382901285578616,1.8273803772779986,2.481388760765605,1.2927338757935063,3.0160352622500977,0.10565007849169389,0.02956006101580268,0.7538735272598092,38.388579069364,2.5559088247883943e-06,0.817654100003239,0.6571374620523036,0.9799518012967915,0.3250385800050417,False,0.8960777880550429,0.8614493593796707,0.9228267600713903,0.7846095665457588,0.9532933117692491,0.2931640589795068,2012,4.281363192605549,0.16471655395117368,2012,7.082606716511264,0.8812086907084645,0.90737522787235,0.8826312799979479,2006;2012;2014;2016;2019;2023-08-10;2024-09-20;2025,1968,1968,108,,m2_20260926T165115Z_1ffdde7
hand_acc_neg,cluster_gate,ALL,combined,main,8,1.9411998628428575,0.16563643370294592,1.5495319347615313,2.3328677909241837,0.8629288945592648,3.0194708311264504,0.16675113518150605,0.04701281519769107,0.866558764124681,39.725502513143134,1.420578812038566e-06,0.8237907752662397,0.6542271038807328,0.972125755589198,0.40835172973982375,False,0.8744839017858628,0.8248461183927323,0.9115627997873837,0.7032722209120906,0.9534460430677664,0.2768912394453868,2016,5.001799521405639,0.15499570656085876,2016,7.366141306631069,0.8599625,0.8701027777777779,0.8482000000000001,2006;2012;2014;2016;2019;2023-08-10;2024-09-20;2025,108,1968,108,,m2_20260926T165115Z_1ffdde7
hand_acc_neg,object,ALL,combined,main,10,1.8360670038860956,0.1485732229618412,1.4999710233629517,2.172162984409239,0.839309704404534,2.8328243033676572,0.16476119088208144,0.05098570389222753,0.6960822316573881,49.38269466898346,1.4069438618818298e-07,0.8177499210942661,0.7259450585372,0.973092347371427,0.4059078600890619,False,0.8624828945766805,0.817570154391265,0.8977217371215191,0.6983198118571262,0.9444240282858851,0.43399234351309984,2024-09-20,3.9912555893423596,0.13103845919897458,2024-09-20,9.15412130965754,0.844394930590175,0.8583784325064698,0.8472950558209973,2006;2012;2014;2016;2019;2022-09-06;2023-08-10;2024-07-24;2024-09-20;2025,338,1968,108,,m2_20260926T165115Z_1ffdde7
hand_acc_neg,cell_gate,FLAT,combined,main,8,0.9137784362263364,0.14653607163280657,0.5672756875102645,1.2602811849424083,0.008903248899054694,1.818653623553618,0.1152813913782957,0.027829981263174562,0.7580863221974813,40.102338160181425,1.2032729341953957e-06,0.8254465868788052,0.6671069281088194,0.9820104756934137,0.33953113462287327,False,0.7137727249907082,0.638134316918408,0.7790745084040465,0.5022257975219361,0.8604044941026548,0.44201984569920566,2016,3.015281145479716,0.1815404682898509,2016,6.506253992959479,0.6798683539766783,0.7415650443518542,0.6689989968359871,2006;2012;2014;2016;2019;2023-08-10;2024-09-20;2025,1867,1867,99,,m2_20260926T165115Z_1ffdde7
hand_acc_neg,cluster_gate,FLAT,combined,main,8,0.805005556598637,0.14580275724935868,0.4602368208577079,1.1497742923395662,-0.05624295703648474,1.6662540702337587,0.10262701149704004,0.016799876734602783,0.8061166792999637,25.208843131455872,0.0006967444989305562,0.7223196652263141,0.34642798458273455,0.9621696530607726,0.32035450909428453,False,0.6910441987625385,0.6130703551256109,0.7594696881083995,0.48594296606193305,0.8410757522158723,0.514012420726231,2016,3.0944702034997356,0.1957694854785883,2016,6.4587437727076775,0.6503875,0.6765717171717173,0.6467,2006;2012;2014;2016;2019;2023-08-10;2024-09-20;2025,99,1867,99,,m2_20260926T165115Z_1ffdde7
hand_acc_neg,object,FLAT,combined,main,10,0.6590600305585507,0.14324250207357647,0.3350229784756729,0.9830970826414285,-0.11253551426998032,1.4306555753870818,0.09586667355859035,0.023804478654851496,0.9325858636255527,29.787834406831795,0.0004767118516037472,0.6978632324498264,0.5001941873035006,0.9751289255423424,0.3096234383224086,False,0.659049205756511,0.5829810406043616,0.7277223128037569,0.47189577506614105,0.8070034414541803,0.37604740525015323,2016,3.9965541927302435,0.15911600820451402,2016,7.936343868483496,0.607550206057254,0.6393512190513347,0.6266971987041383,2006;2012;2014;2016;2019;2022-09-06;2023-08-10;2024-07-24;2024-09-20;2025,306,1867,99,,m2_20260926T165115Z_1ffdde7
hand_acc_neg,object,URBAN,combined,main,9,0.65756557166101,0.1602154931600211,0.28810798191022663,1.0270231614117935,-0.2415357461043448,1.5566668894263649,0.11890592537922802,0.011890267139082665,0.6113489257343339,23.390271719096095,0.0028977050102742138,0.6579774661844263,0.17188165180539383,0.9143228663982521,0.34482738490327014,False,0.6587133160596277,0.5715328726111036,0.7363383666993673,0.4399079250250881,0.8258745529336469,0.29315476578221933,2012,4.327940586332154,0.18642769861351474,2012,6.928932693721598,0.6231127723432022,0.642892056405401,0.6285078666529179,2006;2012;2014;2016;2019;2022-09-06;2023-08-10;2024-07-24;2024-09-20,158,387,45,,m2_20260926T165115Z_1ffdde7
hand_acc_neg,cell_gate,AGRI,combined,main,5,0.9084647585427802,0.13608755376700993,0.530625136008024,1.2863043810775365,-0.005609682536084515,1.822539199621645,0.06397771065302432,0.008861655640623554,0.6231833725856049,17.692124409077206,0.0014173156191799735,0.7739107013091236,0.2770725317626325,0.9642250785759653,0.25293815578718903,False,0.7126859021605038,0.6296289032106739,0.7835210104958569,0.49859758304364465,0.86087053199078,0.36690817203064274,2014,3.7324029363793527,0.24525977270406374,2014,4.777193015973627,0.7089585861922417,0.7364360918865824,0.7419788664745437,2006;2012;2014;2024-09-20;2025,1328,1328,80,,m2_20260926T165115Z_1ffdde7
hand_acc_neg,cluster_gate,AGRI,combined,main,5,0.8106284689323895,0.14777580975065185,0.4003370452835518,1.2209198925812272,-0.20468976779455916,1.8259467056593381,0.07994694044435062,0.01200187786355374,0.8420539845586628,17.34490018365892,0.0016563010533332714,0.7693846630626042,0.3180174172087283,0.9703410316160413,0.2827488999878702,False,0.6922434110501067,0.5987686361694177,0.7722253929182821,0.4490054807886619,0.861278155731957,0.31824304042362356,2024-09-20,4.221900237137973,0.22896272534601309,2024-09-20,4.898190704454198,0.68502,0.65803125,0.6485,2006;2012;2014;2024-09-20;2025,80,1328,80,,m2_20260926T165115Z_1ffdde7
hand_acc_neg,object,AGRI,combined,main,5,0.7131409833373006,0.11057337454345109,0.4061400788209335,1.0201418878536677,0.01780237257385664,1.4084795941007444,0.035549107820797364,0.0,0.49429786070497517,10.061977798761486,0.03939651550663619,0.6024638416025571,0.0,0.9548508544872722,0.1885447104025922,False,0.6710948304652307,0.6001619820316021,0.7350002365789168,0.5044504756053667,0.8035260249513563,0.486668243748471,2024-09-20,3.2933082215236302,0.27760540826975744,2024-09-20,4.808703189266891,0.6729731860151802,0.6518622801534266,0.6363701296228628,2006;2012;2014;2024-09-20;2025,187,1328,80,,m2_20260926T165115Z_1ffdde7
hand_acc_neg,cell_gate,UNIVERSE,combined,main,7,1.4601153969242517,0.08621598555488057,1.2491524801118703,1.6710783137366332,1.2269710353932806,1.693259758455223,0.0014036668127197117,0.0,0.3962851051388023,6.698686319355907,0.34961334963840845,0.10430199087499406,0.0,0.8852193359226131,0.03746554167124388,False,0.8115503238103516,0.7771531169463584,0.8417195354198277,0.7732879949708923,0.844652368955969,0.3250591526585753,2024-09-20,4.11721046940217,0.3195374773792862,2024-09-20,4.178569877862741,0.7943994791240273,0.8116441829000086,0.8169728566699769,2006;2012;2014;2016;2019;2023-08-10;2024-09-20,447,447,109,,m2_20260926T165115Z_1ffdde7
hand_acc_neg,cluster_gate,UNIVERSE,combined,main,7,1.250120628124683,0.14681801886575135,0.890869877800449,1.609371378448917,0.5284031698832241,1.971838086366142,0.05940397169211383,0.0,1.1440338957080067,11.914199286817539,0.06391051411377029,0.49639922452542,0.0,0.9525305850333287,0.24372930002794868,False,0.7773207417820347,0.7090696521834073,0.8333240922971136,0.6291105997519721,0.8778084047606365,0.3081976787992815,2024-09-20,4.228373803696282,0.23416335104612282,2024-09-20,5.325262681068105,0.7375571428571428,0.7702880733944953,0.7679,2006;2012;2014;2016;2019;2023-08-10;2024-09-20,109,447,109,,m2_20260926T165115Z_1ffdde7
hand_acc_neg,object,UNIVERSE,combined,main,10,1.154360196743667,0.14469384128491716,0.827039987268205,1.4816804062191289,0.35159464787901007,1.957125745608324,0.10236552617356769,0.017716454713705632,0.8071718920208935,27.374934100472228,0.0012122923491606386,0.6712320852730475,0.2912252944639832,0.9492905319474637,0.31994613011187945,False,0.760306423300738,0.6957286871736401,0.8148262619796006,0.587004223386946,0.876221555390936,0.4191062554081215,2024-09-20,4.089015646181348,0.16956431792189017,2024-09-20,7.950035111781003,0.7286309269278121,0.7276942977593164,0.7460822077534436,2006;2012;2014;2016;2019;2022-09-06;2023-08-10;2024-07-24;2024-09-20;2025,250,449,111,,m2_20260926T165115Z_1ffdde7
hand_acc_neg,cell_gate,URBAN,combined,main,6,1.1742674086132925,0.09635420037771973,0.9265810513350644,1.4219537658915207,0.9067452606093251,1.4417895566172598,0.0,0.0,1.368647027230093,4.838090863087646,0.4359578385474038,0.0,0.0,0.9428510406825901,0.0,False,0.7639155035070654,0.7163811404332439,0.8056445225537731,0.7123336809448516,0.8087316215706901,0.6299255022396151,2016,2.270509594702519,0.6299255022396151,2016,2.270509594702519,0.7057015590167386,0.7639563927032106,0.7457301888933594,2012;2014;2016;2019;2023-08-10;2024-09-20,385,385,43,,m2_20260926T165115Z_1ffdde7
hand_acc_neg,cluster_gate,URBAN,combined,main,6,0.8549320943621461,0.15148382665595186,0.46553052116767607,1.2443336675566161,0.12610496144103878,1.5837592272832535,0.045960846549625206,0.0,0.5225387931184297,6.649453647138239,0.2480430784818688,0.24805852249953247,0.0,0.8807367614873767,0.21438480951230013,False,0.7016007372797092,0.6143253466272607,0.7763174508976566,0.5314845279572196,0.8297362575480245,0.4456100866272808,2012,2.8319823615852915,0.3450478468359697,2012,3.7373116624052614,0.65505,0.6618372093023257,0.64255,2012;2014;2016;2019;2023-08-10;2024-09-20,43,385,43,,m2_20260926T165115Z_1ffdde7
L1,cell_gate,ALL,development,main,6,1.1610141341260374,0.6220305991213235,-0.4379664251852109,2.7599946934372857,-3.300971139876797,5.622999408128871,2.195802437168561,0.7856529017029352,13.601570276375899,168.69264641472014,1.3868214779819114e-34,0.9703602966325644,0.9555807116739679,0.9973221800797962,1.4818240236845133,False,0.7615169394592531,0.392225635958007,0.9404753369549714,0.0355378884869018,0.9963992268032762,0.7164231668723411,2006,1.8125542441963567,0.17584386389709228,2006,5.984799420261304,0.701261824133547,0.7573960342057491,0.7876557441836083,2006;2012;2014;2016;2019;2025,696,696,53,,m2_20260926T165115Z_1ffdde7
L1,cluster_gate,ALL,development,main,6,1.1009574051507436,0.5392910255411032,-0.28533430922689607,2.487249119528383,-2.764730046558892,4.966644856860379,1.6477075378505535,0.5884698602701206,10.176139655337513,175.51789760598828,4.8470267708439816e-36,0.9715128766456383,0.9445903342815555,0.9966192545500553,1.2836306080218536,False,0.7504394514978565,0.42914648716552184,0.923243087536838,0.05926012325371408,0.9930817137063529,0.7066669684655359,2006,1.8790498556183088,0.17602051024275855,2006,5.985529645623317,0.7078666666666665,0.6966603773584905,0.8202,2006;2012;2014;2016;2019;2025,53,696,53,,m2_20260926T165115Z_1ffdde7
L1,object,ALL,development,main,6,1.0104284885693415,0.5326592340447204,-0.35881566304996904,2.379672640188652,-2.8554377287024972,4.876294705841181,1.6549957852307149,0.616905108923999,10.17798893713694,316.83639830537544,2.3989838176925695e-66,0.9842189848554557,0.9650453951908585,0.9978094123123737,1.286466394909216,False,0.7331039967686024,0.4112462907226663,0.9152640490782866,0.05440091380326026,0.9924324884911747,0.4531560018724544,2006,3.3790043489185284,0.17071977429524082,2006,5.9954233737247495,0.6896750609387646,0.7047298370696796,0.7952064623921147,2006;2012;2014;2016;2019;2025,142,696,53,,m2_20260926T165115Z_1ffdde7
L1,cell_gate,FLAT,development,main,6,0.17421561649818762,0.6641065646903187,-1.5329246556215788,1.881355888617954,-4.612935408547838,4.961366641544213,2.5318335441573243,0.9240223062436009,15.524025113129225,288.99064725391213,2.3287524051079354e-60,0.982698402015734,0.9491187715968872,0.9968192352236902,1.5911736373373349,False,0.5434440784392229,0.17756617668178748,0.8677667890050746,0.009825156910562237,0.9930453555903225,0.6524828695413114,2006,2.1800026244434263,0.17363324703088667,2006,5.990010256666732,0.5451410182471602,0.605165505260427,0.6224897020098654,2006;2012;2014;2016;2019;2025,633,633,49,,m2_20260926T165115Z_1ffdde7
L1,cluster_gate,FLAT,development,main,6,0.18882456323906488,0.6108327555630563,-1.3813710228230047,1.7590201493011344,-4.219817875529215,4.5974670020073445,2.1482242607774866,0.7875985860541006,13.125274949393518,231.23848904956284,5.804050438810018e-48,0.9783773020635491,0.936857901557946,0.9959720048752522,1.4656821827318114,False,0.5470663789780407,0.20078889773711003,0.8530868983431426,0.01448832421589164,0.9900232100988474,0.6735940764302261,2006,2.089707127309737,0.17302411963048672,2006,5.994182706815035,0.5542,0.5266326530612244,0.6824,2006;2012;2014;2016;2019;2025,49,633,49,,m2_20260926T165115Z_1ffdde7
L1,object,FLAT,development,main,6,-0.03373522861182105,0.6278996647510141,-1.6478027014229095,1.5803322441992673,-4.606553992592554,4.539083535368912,2.318367236029732,0.8757761550936565,14.1357869291776,370.7644205285432,5.908866877811791e-78,0.9865143478630656,0.9619342624783521,0.9975543261652543,1.5226185458051311,False,0.4915669926082114,0.16140614193781813,0.8292515667116818,0.00988743389354718,0.9894297313811634,0.29224761074933153,2006,4.934800886775703,0.16868252381714688,2006,5.998605947436226,0.5157077654358687,0.5223050079142733,0.6343802764017661,2006;2012;2014;2016;2019;2025,131,633,49,,m2_20260926T165115Z_1ffdde7
L1,object,URBAN,development,main,5,-0.4830864354817293,0.7001101502038843,-2.426903835114596,1.4607309641511375,-5.7916998995768765,4.825527028613418,2.30279323626412,0.7510910896291274,20.532747938448303,73.31732539704923,4.52074457436959e-15,0.94544263612539,0.9073304078619808,0.9962778164958956,1.5174957121073258,False,0.3815235737858606,0.08114401706173496,0.8116444483891635,0.0030434971769124695,0.9920415207438327,0.3502348683735807,2016,4.009560148666824,0.2046755997004174,2016,4.997608991472084,0.44433781009248463,0.49086077249394283,0.4871858066256869,2006;2012;2014;2016;2019,77,351,31,,m2_20260926T165115Z_1ffdde7
L1,cell_gate,AGRI,development,main,4,-0.13644420849351613,0.5376533846757061,-1.8474972360779973,1.5746088190909648,-5.10121278388578,4.828324366898748,1.0455486011070074,0.2642178299439869,16.171292961368657,34.07551418696452,1.9097810729265398e-07,0.9119602426675152,0.8222191029031828,0.9964796702170682,1.0225207093780582,False,0.4659417700570383,0.1361670180434433,0.8284396396407742,0.00605250117095527,0.9920635757553921,0.9282094355250682,2006,1.1577218794174127,0.2727189228851973,2006,3.9829705168918785,0.48195500666264,0.4880260795014288,0.4614639355790892,2006;2012;2014;2025,216,216,33,,m2_20260926T165115Z_1ffdde7
L1,cluster_gate,AGRI,development,main,4,0.03996594057445061,0.6022566892595689,-1.8766836349920626,1.9566155161409637,-5.5883552219557036,5.668287103104605,1.3500978777721677,0.36804445497132887,20.195657494560198,54.9042010356645,7.197000585329805e-12,0.9453593724449014,0.8685650743047305,0.9972498607240967,1.1619371229856492,False,0.5099901554257149,0.13277026267200726,0.8761662066359653,0.003727231979843951,0.996558111338291,0.9264925448013493,2006,1.1620978703810432,0.26686560855499625,2006,3.9895286631507108,0.51625,0.5379545454545455,0.50755,2006;2012;2014;2025,33,216,33,,m2_20260926T165115Z_1ffdde7
L1,object,AGRI,development,main,4,-0.17349143293032926,0.6235277546471836,-2.157835031949105,1.8108521660884465,-6.088652185703703,5.741669319843044,1.5013967282784026,0.44554000521578313,21.577986874715982,88.71277340286285,4.140134604474732e-19,0.9661829984011842,0.9033360374084636,0.9977953861540938,1.2253149506467318,False,0.45673560628269694,0.1036013354497898,0.8594648347076439,0.0022633300404860408,0.9968008610610612,0.45278949369288884,2006,3.225885664019504,0.2547154567195617,2006,3.9993388084320305,0.4695562354442371,0.4793356439656461,0.4692562810745086,2006;2012;2014;2025,78,216,33,,m2_20260926T165115Z_1ffdde7
L1,cell_gate,UNIVERSE,development,main,5,0.4340925343865078,0.6743269968286234,-1.4381393552610515,2.306324424034067,-4.713302987930778,5.581488056703794,2.1613744886906203,0.7046969525754476,18.62121718539256,84.04108998009808,2.423176742657581e-17,0.9524042346315683,0.8722621942215759,0.9944885418526,1.4701613818525572,False,0.6068505032364111,0.19183364543454992,0.9093994723371849,0.008895248375407375,0.9962471808022959,0.27828258754660956,2014,4.589061800186215,0.20355453126316117,2014,4.9983379063434334,0.6061542507209171,0.7180739420809882,0.7410848106698359,2006;2012;2014;2016;2019,340,340,44,,m2_20260926T165115Z_1ffdde7
L1,cluster_gate,UNIVERSE,development,main,5,0.13923650358467154,0.6056215242535556,-1.5422384130315399,1.8207114202008827,-4.437205883051109,4.715678890220452,1.7043098318021537,0.5344604525013833,15.148128929344653,57.84042112560714,8.242838343184978e-12,0.9308442102917346,0.8388851209137926,0.9932693535817757,1.3054921799084642,False,0.5347529982323633,0.17621011096724926,0.8606514699242472,0.011690655730296635,0.9911256734494714,0.32318195002824507,2012,4.333550427384819,0.20596609763635798,2012,4.997272331073212,0.54974,0.5472295454545454,0.5607,2006;2012;2014;2016;2019,44,340,44,,m2_20260926T165115Z_1ffdde7
L1,object,UNIVERSE,development,main,6,-0.34178380232577427,0.6370973813884,-1.9794947584542566,1.2959271538027082,-4.9638264294466685,4.28025882479512,2.366554800274584,0.8830677353260304,14.623352929837926,218.9183822884102,2.533128311232085e-45,0.9771604378411091,0.9480390856890162,0.9967011500904922,1.5383610760398823,False,0.41537623533159107,0.12137270723770333,0.7851487317379594,0.006937677018634728,0.9863498261186932,0.2860727650091388,2014,4.914466747438357,0.16911776891977284,2014,5.998546690293272,0.46274984252915446,0.5329320573250044,0.5546490775868147,2006;2012;2014;2016;2019;2025,105,342,46,,m2_20260926T165115Z_1ffdde7
L1,cell_gate,URBAN,development,main,4,0.4478003304448328,0.18541213992235048,-0.14226384920579727,1.0378645100954629,-0.3509917997870704,1.246592460676736,8.866222744308083e-05,0.0,2.575674753107924,2.8655082659574864,0.4128293093618939,0.0,0.0,0.9411813185470573,0.009416062204715983,False,0.6101161157034058,0.4644939015106065,0.7384377517480691,0.41314193289732465,0.7767094424846326,0.4837929607734325,2016,2.778703611255806,0.4836383323798081,2016,2.7795394904660924,0.6364262676464145,0.641889479630758,0.6317954557919381,2012;2014;2016;2019,349,349,29,,m2_20260926T165115Z_1ffdde7
L1,cluster_gate,URBAN,development,main,4,0.16117685872331208,0.28814793841569925,-0.7558384832628473,1.0781922007094715,-1.8534921736654344,2.1758458911120586,0.13621835712775507,0.0,2.9535213022909566,4.834690063679649,0.18430994949933685,0.37948452527756854,0.0,0.9388599981822845,0.36907771150227303,False,0.5402072105019079,0.319550457630023,0.7461517216826489,0.1354633969597819,0.8980593971357992,0.38078082402758046,2012,3.4375627546934573,0.324827928566722,2012,3.7520055936146925,0.5467,0.5152551724137931,0.5532,2012;2014;2016;2019,29,349,29,,m2_20260926T165115Z_1ffdde7
L1,object,ALL,holdout,main,4,1.2252087393009536,0.4479215768174585,-0.20027762789861958,2.650695106500527,-2.576105802911069,5.026523281512976,0.5799060085344806,0.05254480833346607,9.17775619217557,12.704267437986157,0.005321814472352815,0.7638588754019845,0.29808922341620714,0.9866981137885859,0.7615155996658772,False,0.7729788915835055,0.45009728613272265,0.9340538200999444,0.07069213190955116,0.9934811899786827,0.9299812331096002,2024-09-20,1.1533699375204567,0.3424934444810802,2024-09-20,3.632953529513795,0.76094578765489,0.7117352349228693,0.7548738052727365,2022-09-06;2023-08-10;2024-07-24;2024-09-20,196,1272,55,,m2_20260926T165115Z_1ffdde7
L1,object,FLAT,holdout,main,4,0.31095993504011055,0.3403393027080908,-0.7721516214060865,1.3940714914863075,-2.460336190416147,3.0822560604963685,0.29902124543630637,0.0,5.732939135339985,8.34548002488318,0.03938605497225549,0.6405239733298632,0.0,0.9835829298942182,0.5468283509807318,False,0.5771195530765555,0.3160138512391999,0.8012414381534876,0.0786859617683911,0.9561548622390318,0.8737724660576643,2024-09-20,1.296084798173952,0.3768566764612153,2024-09-20,3.399922727738732,0.6023727069395338,0.5167100950765015,0.590723477277832,2022-09-06;2023-08-10;2024-07-24;2024-09-20,175,1234,50,,m2_20260926T165115Z_1ffdde7
L1,object,URBAN,holdout,main,4,-0.13999835286254603,0.4314979567108096,-1.5132174309343314,1.233220725209239,-3.674662919325727,3.394666213600635,0.48868526169096704,0.012548843035345241,9.023675402143795,10.10877273195844,0.017663800104863746,0.7032280693663602,0.06274509349437482,0.9796497840847904,0.6990602704280705,False,0.46505746461500225,0.1804624594552906,0.7743817793344006,0.024730828599188324,0.9675374248309768,0.7775729485579906,2024-09-20,1.6001342508878715,0.3588708910582622,2024-09-20,3.6128304129776843,0.482523598080673,0.5357995094260946,0.5639029523775354,2022-09-06;2023-08-10;2024-07-24;2024-09-20,81,36,14,,m2_20260926T165115Z_1ffdde7
L1,object,UNIVERSE,holdout,main,4,0.3252266627727306,0.2746902116274621,-0.5489601863186859,1.1994135118641471,-1.7018340721053393,2.3522873976508007,0.14649824288881988,0.0,3.361210947905027,5.663771991094234,0.12916484396002026,0.47031766025941246,0.0,0.9594271447776724,0.38275088881519254,False,0.5805974991303258,0.36610568734159876,0.7684204340895016,0.15422587650240258,0.9131158704534088,0.8907359266541418,2024-09-20,1.252690056035587,0.4799060469644481,2024-09-20,2.99879730130192,0.6124892722310102,0.5190095814407895,0.599310165595452,2022-09-06;2023-08-10;2024-07-24;2024-09-20,145,107,65,,m2_20260926T165115Z_1ffdde7
L1,cell_gate,ALL,holdout,main,2,0.5388429079017809,1.0319370097276392,-12.5731600125335,13.650845828337062,,,1.6828122570389148,0.0,2291.9914865347255,3.95936222365696,0.04661136027450916,0.7474340705619057,0.0,0.9997519628006482,1.2972325377660379,False,0.6315432075941386,3.463733597437299e-06,0.9999988210036206,,,0.960199138434916,2024-09-20,1.0827590719903641,0.6162306256812989,2024-09-20,1.8974643771478383,0.6476335927154834,0.43766852361411795,0.6476335927154834,2023-08-10;2024-09-20,1272,1272,55,"k=2: tau2 불안정, 예측구간 없음",m2_20260926T165115Z_1ffdde7
L1,cluster_gate,ALL,holdout,main,2,0.41094177435967993,0.13038433440253594,-1.2457482729488074,2.0676318216681673,,,0.0,0.0,557.4951991140871,0.9881026674063667,0.3202065416917273,0.0,0.0,0.9990061061976959,0.0,False,0.6013136771597066,0.22343700078351963,0.8877171289020275,,,0.984432389130952,2024-09-20,1.0316196803907887,0.984432389130952,2024-09-20,1.0316196803907887,0.70305,0.6089254545454547,0.70305,2023-08-10;2024-09-20,55,1272,55,"k=2: tau2 불안정, 예측구간 없음",m2_20260926T165115Z_1ffdde7
L1,cell_gate,FLAT,holdout,main,2,-0.31605747493771047,1.3159331404459247,-17.03657337656096,16.404458426685537,,,2.9856996493379424,0.16154913048716457,3589.835459106322,6.5260300574612495,0.010630696517898946,0.8467674847962593,0.23017728342040736,0.9998495150790714,1.7279177206504777,False,0.4216368707551612,3.991261424697818e-08,0.9999999249009931,,,0.9349044673416756,2024-09-20,1.1385841453076104,0.5666415070742937,2024-09-20,1.9650914051891963,0.47696324641047044,0.19586633169734385,0.47696324641047044,2023-08-10;2024-09-20,1234,1234,50,"k=2: tau2 불안정, 예측구간 없음",m2_20260926T165115Z_1ffdde7
L1,cluster_gate,FLAT,holdout,main,2,-0.23354315518223945,0.540738704025945,-7.104279837309669,6.63719352694519,,,0.3477067347765172,0.0,880.5784471582427,1.6717796654179167,0.19602033243758704,0.4018350499854795,0.0,0.999412560675614,0.5896666302043191,False,0.4418781468425797,0.0008209067129035833,0.998691015154474,,,0.9759191909653228,2024-09-20,1.0493199773900126,0.7846781830149857,2024-09-20,1.5103838836811523,0.53165,0.39256599999999997,0.53165,2023-08-10;2024-09-20,50,1234,50,"k=2: tau2 불안정, 예측구간 없음",m2_20260926T165115Z_1ffdde7
L1,cell_gate,URBAN,holdout,main,2,0.35933732181292105,0.622124760871678,-7.5455072612663425,8.264181904892185,,,0.042763732515125344,0.0,856.3306762256674,1.0535217783738144,0.3046973816781873,0.050802726125347974,0.0,0.9990678226712207,0.20679393732681176,False,0.588880008896327,0.0005281999774515117,0.9997424867676173,,,0.6493675605644641,2024-09-20,1.8361381263493288,0.6417792812529869,2024-09-20,1.8511568823583553,0.6203839069445098,0.5959299850991733,0.6203839069445098,2023-08-10;2024-09-20,36,36,14,"k=2: tau2 불안정, 예측구간 없음",m2_20260926T165115Z_1ffdde7
L1,cluster_gate,URBAN,holdout,main,2,-0.5854664282184069,0.5878881905696179,-8.055294139575258,6.8843612831384435,,,0.09747637530351641,0.0,830.2110124020688,1.1356563150125303,0.28657204456707014,0.11945190919053139,0.0,0.9991352409138283,0.31221206783773814,False,0.3576757409365973,0.00031731629477276647,0.9989773770464723,,,0.7220650256681989,2024-09-20,1.6704927877088889,0.6955389338797695,2024-09-20,1.7346927909719454,0.42460000000000003,0.33854285714285715,0.42460000000000003,2023-08-10;2024-09-20,14,36,14,"k=2: tau2 불안정, 예측구간 없음",m2_20260926T165115Z_1ffdde7
L1,cell_gate,UNIVERSE,holdout,main,2,-0.050565197928669293,1.0699395582058728,-13.645436279824791,13.544305883967452,,,1.9736925620539063,0.1123889170639799,2365.946994401513,6.636307067334117,0.009992085381121842,0.8493137840287261,0.242969600963155,0.9998520157209106,1.4048816896998502,False,0.48736139331021266,1.1853914916746756e-06,0.9999986884582384,,,0.9032763491434933,2024-09-20,1.2117340042723739,0.560768187805835,2024-09-20,1.9708878372005383,0.5152362854254267,0.31997409744361416,0.5152362854254267,2023-08-10;2024-09-20,107,107,65,"k=2: tau2 불안정, 예측구간 없음",m2_20260926T165115Z_1ffdde7
L1,cluster_gate,UNIVERSE,holdout,main,2,-0.13093764326037285,1.0260501617296396,-13.16814106778233,12.906265781261585,,,1.8286484988769744,0.10880372936138223,2186.140131911745,6.739544395203587,0.00942987048733555,0.8516220175488892,0.2545659034620715,0.9998542825657659,1.352275304395142,False,0.4673122775204434,1.9105049515836714e-06,0.999997517559139,,,0.9695750007161666,2024-09-20,1.0626977172935357,0.5696745894490106,2024-09-20,1.961903380221527,0.5026,0.2938046153846154,0.5026,2023-08-10;2024-09-20,65,107,65,"k=2: tau2 불안정, 예측구간 없음",m2_20260926T165115Z_1ffdde7
L1,cell_gate,AGRI,holdout,main,1,-0.8517691151173417,0.26526679607237513,,,,,,,,,,,,,,False,0.2990618769869846,,,,,1.0,2024-09-20,1.0,1.0,2024-09-20,1.0,0.2990618769869846,0.2990618769869846,0.2990618769869846,2024-09-20,1112,1112,47,k=1: 통합 불가,m2_20260926T165115Z_1ffdde7
L1,cluster_gate,AGRI,holdout,main,1,0.06922763434302215,0.1489577839290781,,,,,,,,,,,,,,False,0.5173,,,,,1.0,2024-09-20,1.0,1.0,2024-09-20,1.0,0.5173,0.5173,0.5173,2024-09-20,47,1112,47,k=1: 통합 불가,m2_20260926T165115Z_1ffdde7
L1,object,AGRI,holdout,main,1,0.19126439987818555,0.10176722641147246,,,,,,,,,,,,,,False,0.5476708635888542,,,,,1.0,2024-09-20,1.0,1.0,2024-09-20,1.0,0.5476708635888542,0.5476708635888542,0.5476708635888542,2024-09-20,109,1112,47,k=1: 통합 불가,m2_20260926T165115Z_1ffdde7
L1,cell_gate,ALL,combined,main,8,1.0227514748928248,0.5147357659887277,-0.19440520052630883,2.2399081503119582,-2.5944742909712692,4.639977240756918,1.9203647877834704,0.7394177542984707,8.088058305727106,172.7268062492647,6.678905763253598e-34,0.9594735747623435,0.9473184228397278,0.9949416833573197,1.385772271256526,False,0.7355082068014791,0.451551190871034,0.9037764709176908,0.06949489336772753,0.9904344657084532,0.6662316617057212,2006,2.076218073959956,0.1376425070905195,2006,7.879050760117118,0.6878547662790311,0.5507428871160363,0.7876557441836083,2006;2012;2014;2016;2019;2023-08-10;2024-09-20;2025,1968,1968,108,,m2_20260926T165115Z_1ffdde7
L1,cluster_gate,ALL,combined,main,8,1.019106979700532,0.42606772757884875,0.01161689824655876,2.026597061154505,-1.9503199318790383,3.9885338912801025,1.291147114669672,0.48503078488517415,5.321465929412061,192.04843583541995,5.532519919762899e-38,0.9635508616899187,0.9386662089077239,0.9940796439688131,1.1362865460215887,False,0.7347986134409736,0.5029041919010924,0.8835614381618785,0.12451847706331094,0.9818101442451581,0.593844987007106,2006,2.496712670956147,0.14010284094385989,2006,7.802390002749061,0.7066625,0.6519805555555556,0.8132999999999999,2006;2012;2014;2016;2019;2023-08-10;2024-09-20;2025,108,1968,108,,m2_20260926T165115Z_1ffdde7
L1,object,ALL,combined,main,10,1.091535555347305,0.3605717047033362,0.2758656908502938,1.907205419844316,-1.5429924611146646,3.7260635718092745,1.1752133332477503,0.4952544062440478,3.8781794318570113,407.2117965539536,3.96001445494732e-82,0.9778984791792309,0.9546747702158167,0.9939735736036935,1.0840725682571948,False,0.7486707663917549,0.5685323529011348,0.8707048656709888,0.17610067998934906,0.9764790910953379,0.3390345684664825,2024-09-20,4.260230051923365,0.11007603175530245,2024-09-20,9.785675011801922,0.7181833516252147,0.7087921387833636,0.794886669307702,2006;2012;2014;2016;2019;2022-09-06;2023-08-10;2024-07-24;2024-09-20;2025,338,1968,108,,m2_20260926T165115Z_1ffdde7
L1,cell_gate,FLAT,combined,main,8,0.05166035402159306,0.5585627506839269,-1.2691306722819946,1.3724513803251805,-3.9054588452034236,4.00877955324661,2.3033082716106783,0.9112329749656192,9.720755211292847,296.97329249175436,2.6793855239652307e-60,0.9764288568131279,0.9405736175719049,0.994112223244035,1.5176654017307893,False,0.5129122169644856,0.2194061029763353,0.7977759222292929,0.01973442716681207,0.9821682062470501,0.6032881043791923,2006,2.5179748904966774,0.13497239795770907,2006,7.918242436785235,0.5280965752879878,0.3346378243944149,0.6224897020098654,2006;2012;2014;2016;2019;2023-08-10;2024-09-20;2025,1867,1867,99,,m2_20260926T165115Z_1ffdde7
L1,cluster_gate,FLAT,combined,main,8,0.14018519896347412,0.4796199171902205,-0.9939356887714441,1.2743060866983924,-3.241950467731524,3.5223208656584717,1.6804575113767932,0.6569334158624686,6.912463738405655,241.85053335017915,1.5015401863379277e-48,0.9710565037710105,0.9311283099852885,0.9930196445771098,1.2963246165126978,False,0.5349890184711144,0.27013540669079156,0.7814789877654292,0.037617215645668375,0.9713162365029264,0.5487242425214439,2006,2.85461157875062,0.13622224035071878,2006,7.8765463779316685,0.5485625,0.45892222222222223,0.6758500000000001,2006;2012;2014;2016;2019;2023-08-10;2024-09-20;2025,99,1867,99,,m2_20260926T165115Z_1ffdde7
L1,object,FLAT,combined,main,10,0.12623492384800084,0.403470459219367,-0.7864786654525712,1.038948513148573,-2.852170479256698,3.1046403269527,1.5054090601363233,0.6529842165868627,4.966951944819752,388.5905897351926,3.7192264975882354e-78,0.9768393773865366,0.9480751235983613,0.9928512577917863,1.226951123776462,False,0.531516889597947,0.31292526787281644,0.7386470700387284,0.054569230766713224,0.9570837487003175,0.37688048100340965,2024-09-20,4.7829947738038,0.10753994856058338,2024-09-20,9.856901995957697,0.5503737420373348,0.5191053028599921,0.6343802764017661,2006;2012;2014;2016;2019;2022-09-06;2023-08-10;2024-07-24;2024-09-20;2025,306,1867,99,,m2_20260926T165115Z_1ffdde7
L1,object,URBAN,combined,main,9,-0.3324868266038044,0.4168464937703006,-1.2937365649834751,0.6287629117758662,-3.2817360597339884,2.6167624065263797,1.3818416406917984,0.5339725936810142,5.489575211696932,83.9434599390601,7.834701730743029e-15,0.9046977572069616,0.858982565645886,0.984282322531344,1.1755176054367702,False,0.4176356632507017,0.21522102995121903,0.6522089033041536,0.03620309223670545,0.9319326192083921,0.2958854871821473,2024-09-20,5.370556939340328,0.123061991582476,2024-09-20,8.853473419801134,0.4613092714205684,0.5138989857313118,0.5539215401755436,2006;2012;2014;2016;2019;2022-09-06;2023-08-10;2024-07-24;2024-09-20,158,387,45,,m2_20260926T165115Z_1ffdde7
L1,cell_gate,AGRI,combined,main,5,-0.29296489355369926,0.43798354595694095,-1.5090021658830208,0.9230723787756223,-3.5031171753801926,2.9171873882727937,0.8326558245401905,0.2308803552388635,8.107679532734814,34.0791487477537,7.178491029652934e-07,0.8826261762109402,0.8183622520521409,0.9937192051130064,0.9124997668713075,False,0.4272781674773361,0.18108671919764402,0.7156677102304659,0.029223667698695437,0.9486895603266556,0.8952042299941382,2006,1.2427078185781664,0.22123590363310058,2006,4.973787266213408,0.44537638072750896,0.3297970183598159,0.2990618769869846,2006;2012;2014;2024-09-20;2025,1328,1328,80,,m2_20260926T165115Z_1ffdde7
L1,cluster_gate,AGRI,combined,main,5,0.033399886141655476,0.46260674727280676,-1.2510023529554015,1.3178021252387127,-3.425386535733613,3.4921863080169238,0.9713666713508979,0.29529366530626594,8.938824195477357,89.86551400464204,1.4062874170340254e-18,0.9554890433298654,0.9049408104197093,0.996541854900848,0.9855793582207868,False,0.5083491953861025,0.22252667495968276,0.788815805022971,0.031511424144447825,0.9704646265430616,0.8296651009435656,2006,1.426594730251155,0.21540413441236123,2006,4.9775698788056575,0.51646,0.52582,0.5173,2006;2012;2014;2024-09-20;2025,80,1328,80,,m2_20260926T165115Z_1ffdde7
L1,object,AGRI,combined,main,5,-0.10145445887565736,0.4868795682959915,-1.4532488530918777,1.2503399353405629,-3.827353870596795,3.6244449528454803,1.134885251114307,0.37747499864394707,9.790490394645511,115.38052478990349,5.176109241305862e-24,0.965332104293306,0.9214818969607285,0.9967255201997206,1.065309931951405,False,0.4746581185670706,0.18950206787366983,0.7773587000624537,0.021303423590105716,0.974028605533992,0.5142829135362569,2024-09-20,2.9619040791819815,0.20590183620991148,2024-09-20,4.997793285858256,0.4851791610731605,0.5191674029973556,0.5476708635888542,2006;2012;2014;2024-09-20;2025,187,1328,80,,m2_20260926T165115Z_1ffdde7
L1,cell_gate,UNIVERSE,combined,main,7,0.3025422906264769,0.5356152386154753,-1.0080609843955752,1.6131455656485292,-3.448489386197846,4.0535739674508,1.842424849934577,0.6771151154729984,9.225673753575842,107.8734490584451,5.680905552874064e-21,0.9443792698539819,0.8600088184744499,0.9881939563616281,1.357359513885167,False,0.5750638829550181,0.26735949065047043,0.8338476489448491,0.030813941034921983,0.9829360157229701,0.2240008258160308,2024-09-20,5.747634127029515,0.15018789022850215,2024-09-20,6.955936405172222,0.5801776892079199,0.6227793483982162,0.7410848106698359,2006;2012;2014;2016;2019;2023-08-10;2024-09-20,447,447,109,,m2_20260926T165115Z_1ffdde7
L1,cluster_gate,UNIVERSE,combined,main,7,0.057967797776847935,0.47962112525409245,-1.115622817666881,1.231558413220577,-3.2792876509076003,3.395223246461296,1.455414194886323,0.5186447215502811,7.578925344190942,91.6046821273996,1.406045573658178e-17,0.9345011645621403,0.8624115348668066,0.9892002421860867,1.206405485268665,False,0.5144878927407923,0.2468241082926888,0.7740912166340163,0.0362886202460898,0.967554915984656,0.49664942374209753,2024-09-20,3.3134046795155214,0.15597790762990402,2024-09-20,6.934994418417755,0.5362714285714285,0.39610458715596325,0.5607,2006;2012;2014;2016;2019;2023-08-10;2024-09-20,109,447,109,,m2_20260926T165115Z_1ffdde7
L1,object,UNIVERSE,combined,main,10,-0.04737690298291767,0.4126748532965614,-0.9809122782744324,0.8861584723085971,-3.087636812664377,2.9928830066985417,1.5679055344847883,0.6750544149155486,5.300797165106946,234.98656713672446,1.4646557238863236e-45,0.9616999383851442,0.9318940250594424,0.9907786833211103,1.25216034695433,False,0.4881579891908529,0.2727108052173118,0.7080967804166589,0.0436201147300179,0.9522515672454956,0.3977259174206764,2024-09-20,4.514817103309474,0.10787832089311408,2024-09-20,9.89918384548503,0.5226456144098968,0.5248570213121596,0.5575315801666043,2006;2012;2014;2016;2019;2022-09-06;2023-08-10;2024-07-24;2024-09-20;2025,250,449,111,,m2_20260926T165115Z_1ffdde7
L1,cell_gate,URBAN,combined,main,6,0.43929965072348076,0.17715329389921294,-0.016087388696977567,0.8946866901439391,-0.05255674499265511,0.9311560464396167,0.0,0.0,1.2300484152005122,3.9432899188512005,0.5576094294844406,0.0,0.0,0.8450027211294454,0.0,False,0.6080921388865536,0.49597823956271403,0.7098563931873723,0.48686383735087546,0.7173097633848465,0.44206374109030644,2016,3.2837814501108804,0.44206374109030644,2016,3.2837814501108804,0.6310788140791129,0.6375919684537787,0.6317954557919381,2012;2014;2016;2019;2023-08-10;2024-09-20,385,385,43,,m2_20260926T165115Z_1ffdde7
L1,cluster_gate,URBAN,combined,main,6,0.02477743614695447,0.2684136978174888,-0.665201939898657,0.7147568121925659,-1.3076303316011622,1.357185203895071,0.15825524892511397,0.0,1.9186415561331636,7.666338643645279,0.17560842415035574,0.3477981821029312,0.0,0.8829261341439758,0.3978130828983808,False,0.5061940421520917,0.33957203783268675,0.6714513881568623,0.21288364555201778,0.7953018387310155,0.32893127832153496,2012,4.382617010777582,0.25948764849647943,2012,5.146573361670056,0.506,0.4577209302325581,0.5475000000000001,2012;2014;2016;2019;2023-08-10;2024-09-20,43,385,43,,m2_20260926T165115Z_1ffdde7
z_sensitivity,cell_gate,ALL,development,main,6,1.9679523710425992,0.41543384409526296,0.9000456775027477,3.035859064582451,-0.9191668557548138,4.855071597840013,0.9138738896455149,0.30360359163328576,6.372836679825562,104.24511021815272,6.726691697551497e-21,0.9520361195883764,0.9115058342740132,0.9953961067983366,0.9559675149530527,False,0.8773910075531001,0.7109588892754092,0.9541680806894636,0.28512768359145724,0.9922714204981842,0.5041099811074257,2025,2.922380695552755,0.18168922586990427,2025,5.934244038803842,0.8526566992559234,0.8707828668290002,0.8559019017676571,2006;2012;2014;2016;2019;2025,696,696,53,,m2_20260926T165115Z_1ffdde7
z_sensitivity,cluster_gate,ALL,development,main,6,1.725702643762843,0.3371905991354314,0.8589266144779771,2.592478673047709,-0.6147549535932004,4.066160241118887,0.5968995041051189,0.185259833842748,3.958968847936703,57.55510090044235,3.8855059144077634e-11,0.9131267268795359,0.8403515549530275,0.991188313377981,0.7725927155397719,False,0.8488619155269568,0.7024363445735878,0.930375948374409,0.3509752932388969,0.9831458446465877,0.5288383151686026,2025,2.676912248537574,0.18785596807047047,2025,5.900187780772256,0.8336,0.8153867924528302,0.8251999999999999,2006;2012;2014;2016;2019;2025,53,696,53,,m2_20260926T165115Z_1ffdde7
z_sensitivity,object,ALL,development,main,6,1.733178461825103,0.3372993182606741,0.8661229611317018,2.6002339625185042,-0.6657472481727325,4.132104171822938,0.6332301303834099,0.2190596502561985,4.0909161675133,107.27186201930469,1.5447090274712017e-21,0.953389454551463,0.9294311395340666,0.9959507410125285,0.7957575826741521,False,0.8498185289955027,0.7039383269698279,0.9308766355686281,0.3394497561352404,0.98420443098338,0.4510502167302092,2025,3.2768201045895204,0.17750933394456403,2025,5.953198573577975,0.8317342226554603,0.8266592076980092,0.8250111424123862,2006;2012;2014;2016;2019;2025,142,696,53,,m2_20260926T165115Z_1ffdde7
z_sensitivity,cell_gate,FLAT,development,main,6,0.708400478482608,0.5233015534694745,-0.6367889894262887,2.053589946391505,-2.9936860490551744,4.41048700602039,1.5040866706047582,0.5110119329371685,9.777063997280484,130.886061534612,1.54357422906267e-26,0.9617988352512404,0.890965758449754,0.9936444158491582,1.226412112874281,False,0.6700476277410176,0.34597275296393154,0.8863098605407825,0.04771193286499975,0.9879965726353511,0.3506558861932734,2025,3.9129148743601414,0.17890857613692598,2025,5.95328457904748,0.6401257200805125,0.6871635936718927,0.6590498040961374,2006;2012;2014;2016;2019;2025,633,633,49,,m2_20260926T165115Z_1ffdde7
z_sensitivity,cluster_gate,FLAT,development,main,6,0.5973681487648316,0.4749070911903979,-0.6234193934640843,1.8181556909937475,-2.756324043726366,3.951060341256029,1.2335066777920094,0.4224953556517451,7.424930306044399,123.3302517171866,6.181872511501577e-25,0.959458446485087,0.8688535390986327,0.9914842018816236,1.1106334578932913,False,0.6450539495768058,0.34900416378355137,0.86034467738638,0.05973048398586947,0.981128680504705,0.3565130450071121,2025,3.954459380197302,0.1789639886989755,2025,5.949292951938895,0.6243166666666667,0.5925102040816327,0.67095,2006;2012;2014;2016;2019;2025,49,633,49,,m2_20260926T165115Z_1ffdde7
z_sensitivity,object,FLAT,development,main,6,0.4488186853501538,0.471482034237994,-0.7631644676908925,1.6608018383912002,-2.944583158688856,3.8422205293891634,1.2715045040530961,0.46424882426438785,7.693383427342752,262.8964836598252,9.37985823781827e-55,0.980981107353,0.9338305066704057,0.9957423479717906,1.127610085115017,False,0.610358329125224,0.3179596206561489,0.8403456109565852,0.04999315191700612,0.9790043441823292,0.274785012124922,2025,4.672061141639039,0.17227884292039986,2025,5.982765755217286,0.5907490514480979,0.5847741662609967,0.6229614021874452,2006;2012;2014;2016;2019;2025,131,633,49,,m2_20260926T165115Z_1ffdde7
z_sensitivity,object,URBAN,development,main,5,0.013457246928131456,0.5197810624991249,-1.4296863398220723,1.4566008336783354,-3.8554385715523014,3.8823530654085645,1.2092447380368736,0.34888716757646804,11.10646732289449,48.88608109765891,6.167247516652551e-10,0.9181771189224748,0.7758945715376053,0.9910084190217467,1.0996566455202612,False,0.5033642609605835,0.19314756082646228,0.811012230536431,0.02072567441694456,0.9798135965634314,0.4465509037726641,2016,3.4339225550727908,0.21507503136372258,2016,4.979724995378569,0.510681370987825,0.5559722907160868,0.5397778682713839,2006;2012;2014;2016;2019,77,351,31,,m2_20260926T165115Z_1ffdde7
z_sensitivity,cell_gate,AGRI,development,main,4,0.6152598410618396,0.23222909846095804,-0.12379679531460275,1.354316477438282,-1.2574694746264652,2.487989156750144,0.13551215068077682,0.0,2.576295458148397,8.782006871272465,0.03233412005865263,0.6583924330765962,0.0,0.9717809142014574,0.36811975046277645,False,0.6491397072488105,0.46909026706189383,0.7948344235291512,0.22140981563653192,0.9232955140651183,0.48305985108769983,2025,3.0348795650485854,0.31700310662466347,2025,3.8759164948024822,0.6589836289648678,0.6729145660540413,0.6780263532540871,2006;2012;2014;2025,216,216,33,,m2_20260926T165115Z_1ffdde7
z_sensitivity,cluster_gate,AGRI,development,main,4,0.5927988485951361,0.2598823480465169,-0.2342627697539562,1.4198604669442285,-1.5149670512583917,2.700564748448664,0.17243956746583583,0.0,3.711104613455934,8.224693810790397,0.04158919098299365,0.6352447800471129,0.0,0.9773154975764298,0.4152584345511068,False,0.6440070735293593,0.4417006815956837,0.8053165410953828,0.18020384267812525,0.9370599602334049,0.5123649241387056,2025,2.793420382046619,0.3240546355374857,2025,3.813027848840231,0.6547250000000001,0.6641363636363636,0.6371500000000001,2006;2012;2014;2025,33,216,33,,m2_20260926T165115Z_1ffdde7
z_sensitivity,object,AGRI,development,main,4,0.43383671963115533,0.21650890655826213,-0.2551912501062015,1.1228646893685121,-1.4074175898491883,2.2750910291114987,0.13625198182279843,0.011266295907936243,2.4187889602835866,11.836641691396466,0.007964229834649679,0.7465497327522749,0.2047727754204859,0.9822328948107598,0.3691232610156104,False,0.6067894685243339,0.43654617068772555,0.7545197002056824,0.19664168977945495,0.9067929709361398,0.5085056721850318,2025,2.8414357529222314,0.3027416130671862,2025,3.8892477666670073,0.6134585810545693,0.6235543856204364,0.6040213529172509,2006;2012;2014;2025,78,216,33,,m2_20260926T165115Z_1ffdde7
z_sensitivity,cell_gate,UNIVERSE,development,main,5,0.9465702334482357,0.5461877385536985,-0.5698900397782326,2.463030506674704,-3.1814862888818634,5.074626755778334,1.3842332992144628,0.4364629824253601,11.790844467330412,81.47123180382941,8.49676532969773e-17,0.9509029149131879,0.834454057423742,0.9927097753067936,1.1765344445508015,False,0.7204249014527272,0.3612621979856016,0.9215091397028347,0.039868401506434066,0.9937854421834963,0.3387948634984583,2016,4.039366916055213,0.2082796337457862,2016,4.991544393601229,0.6914655882409527,0.7905786018297954,0.7913628281856468,2006;2012;2014;2016;2019,340,340,44,,m2_20260926T165115Z_1ffdde7
z_sensitivity,cluster_gate,UNIVERSE,development,main,5,0.516012091194211,0.46141637180181466,-0.7650851357530626,1.7971093181414846,-2.9257673825162342,3.9577915649046567,0.9567125743529201,0.2833953753933989,8.396186241204436,59.241033908409875,4.187795386421588e-12,0.9324792337995952,0.7837426786458986,0.9907725440413518,0.978116851072979,False,0.6262147880230825,0.3175432477910147,0.8577966898715839,0.05089438971468913,0.981252907619218,0.3117722962942064,2006,4.123903004893189,0.21201222781525372,2006,4.965271874199007,0.61806,0.6036704545454546,0.6086,2006;2012;2014;2016;2019,44,340,44,,m2_20260926T165115Z_1ffdde7
z_sensitivity,object,UNIVERSE,development,main,6,0.1782604920929548,0.46473821960985695,-1.016387133562104,1.3729081177480134,-3.161097869424812,3.5176188536107214,1.2306164291364812,0.44280236242289445,7.637221185106173,148.10847499516254,3.373717421787438e-30,0.9662409595388561,0.9111011642921182,0.9943745916845146,1.1093315235476189,False,0.544447485395806,0.2657317402838297,0.7978495974279077,0.04065621145762175,0.9711849429985883,0.24870591637039605,2014,4.984286327632281,0.17163329528701188,2014,5.986041972502259,0.5416914100609107,0.5905438461541792,0.5778832292297971,2006;2012;2014;2016;2019;2025,105,342,46,,m2_20260926T165115Z_1ffdde7
z_sensitivity,cell_gate,URBAN,development,main,4,1.0146902538177027,0.16689134996490954,0.4835674937380662,1.5458130138973392,0.2966147313196119,1.7327657763157935,0.0,0.0,1.791755640945507,2.0688084784870835,0.558248748264748,0.0,0.0,0.9218229162788092,0.0,False,0.7339370356947902,0.6185899318539861,0.8243081780498723,0.5736147519326442,0.8497658515793088,0.6114252072583332,2016,2.221693783908711,0.6114252072583332,2016,2.221693783908711,0.7418467980992203,0.7481007787708538,0.7386017047141082,2012;2014;2016;2019,349,349,29,,m2_20260926T165115Z_1ffdde7
z_sensitivity,cluster_gate,URBAN,development,main,4,0.4939675825252518,0.37808580816636356,-0.7092702007539966,1.6972053658045003,-2.497200475621067,3.48513564067157,0.3403424897115508,0.0,4.848979706596858,9.181510082642358,0.026972462528531645,0.6732563627336751,0.0,0.9604019157939799,0.5833887980682786,False,0.6210406469852572,0.3297601191957731,0.8451693870719882,0.07605467026804374,0.9702618612663579,0.5332691894902304,2016,2.6707146082140154,0.3415585382573466,2016,3.6880462952843227,0.603625,0.5705206896551724,0.6,2012;2014;2016;2019,29,349,29,,m2_20260926T165115Z_1ffdde7
z_sensitivity,object,ALL,holdout,main,4,1.4659439137095769,0.08112492227820463,1.2077682045388767,1.724119622880277,1.0377968072847592,1.8940910201343946,0.00370309060917174,0.0,1.8759213774490169,3.3212411077336026,0.3446972030142671,0.0967232119901153,0.0,0.9585674578743223,0.060853024650971456,False,0.8124400979213392,0.7699038203560297,0.8486587091073073,0.7384246749125066,0.8692212827765515,0.9399038623667024,2024-09-20,1.1301988952187567,0.8835353195794233,2024-09-20,1.2725847097114655,0.8377723279496956,0.8105463042839598,0.8403949680904018,2022-09-06;2023-08-10;2024-07-24;2024-09-20,196,1272,55,,m2_20260926T165115Z_1ffdde7
z_sensitivity,object,FLAT,holdout,main,4,0.17127367403759072,0.07820990270822935,-0.07762514187281203,0.4201724899479935,-0.1652363773434121,0.5077837254185935,0.0,0.0,1.3374127597754877,2.255041085691377,0.5211885113792358,0.0,0.0,0.9241770197014253,0.0,False,0.5427140526327772,0.48060345330770926,0.6035245244574551,0.4587846384779967,0.6242867844336294,0.9109088230056763,2024-09-20,1.2008225253571287,0.9109088230056763,2024-09-20,1.2008225253571287,0.6055167933150728,0.5424901739784473,0.5955434351669588,2022-09-06;2023-08-10;2024-07-24;2024-09-20,175,1234,50,,m2_20260926T165115Z_1ffdde7
z_sensitivity,object,URBAN,holdout,main,4,0.1180042602026956,0.1207310767244405,-0.2662159088519239,0.5022244292573151,-0.40145963663131,0.6374681570367012,0.0,0.0,1.6880375777599437,2.448079479499993,0.48474739723162974,0.0,0.0,0.9577179506948468,0.0,False,0.5294668791129131,0.4338363187023331,0.6229819377602277,0.40096169707369206,0.654180910018845,0.4560990633474717,2024-09-20,2.4198885416704092,0.4560990633474717,2024-09-20,2.4198885416704092,0.49639310230896694,0.5432427948695966,0.5328624447729309,2022-09-06;2023-08-10;2024-07-24;2024-09-20,81,36,14,,m2_20260926T165115Z_1ffdde7
z_sensitivity,object,UNIVERSE,holdout,main,4,0.36947571094219234,0.20313176848074677,-0.2769802351451057,1.0159316570294905,-1.0921079613163718,1.8310593832007562,0.07412923866366329,0.0,1.1531689862718018,5.27093384016426,0.15299960842780658,0.43084089253024854,0.0,0.932412361607562,0.27226685193696143,False,0.5913322856403279,0.43119426659658655,0.7341793783894355,0.251221543401414,0.8618878811496263,0.8457206569539302,2024-09-20,1.3755659473174497,0.49639476456509835,2024-09-20,2.8642720492728944,0.6265937267518633,0.5325341567150805,0.6523025791738764,2022-09-06;2023-08-10;2024-07-24;2024-09-20,145,107,65,,m2_20260926T165115Z_1ffdde7
z_sensitivity,cell_gate,ALL,holdout,main,2,1.5138147551317838,0.5510844766735086,-5.488377432409504,8.516006942673071,,,0.5546088391979588,0.06408934033509728,623.5453842195618,10.593218626475483,0.0011350320695389764,0.9055999847392261,0.5257450672493945,0.9999072926603516,0.7447206450730091,False,0.8196258653999962,0.0041175232225189404,0.9997998026964626,,,0.9801717044757434,2024-09-20,1.0404422703464788,0.5453282168513578,2024-09-20,1.9836968112637614,0.8128592511130794,0.7353971704091282,0.8128592511130794,2023-08-10;2024-09-20,1272,1272,55,"k=2: tau2 불안정, 예측구간 없음",m2_20260926T165115Z_1ffdde7
z_sensitivity,cluster_gate,ALL,holdout,main,2,1.480876275081174,0.40017479059894884,-3.603826544524906,6.565579094687254,,,0.26907175790180177,0.005589456398049895,334.90825191153465,5.492758173269746,0.019095395411893007,0.817942103319521,0.08536184757546317,0.9998212065621322,0.518721271880961,False,0.8147049003978598,0.026498105151387442,0.9985939713554446,,,0.9461707829023853,2024-09-20,1.1134162104670817,0.5812289152642878,2024-09-20,1.9485722167704629,0.8168,0.7643254545454545,0.8168,2023-08-10;2024-09-20,55,1272,55,"k=2: tau2 불안정, 예측구간 없음",m2_20260926T165115Z_1ffdde7
z_sensitivity,cell_gate,FLAT,holdout,main,2,0.035560459084697134,0.7942719054264092,-10.056620987454842,10.127741905624237,,,1.179603115509562,0.1650253595964004,1289.7574916013648,14.541002905880758,0.00013714198322420075,0.9312289526057673,0.6545020849089378,0.9999324620781983,1.0860953528625201,False,0.5088891780595174,4.289892085267993e-05,0.999960046003788,,,0.9559063391538383,2024-09-20,1.092059311121386,0.5313531567783198,2024-09-20,1.9921666379005027,0.5183041932305799,0.3350238897757522,0.5183041932305799,2023-08-10;2024-09-20,1234,1234,50,"k=2: tau2 불안정, 예측구간 없음",m2_20260926T165115Z_1ffdde7
z_sensitivity,cluster_gate,FLAT,holdout,main,2,0.1090963304312594,0.5110206258816222,-6.384036366428766,6.602229027291284,,,0.43958069792551036,0.01309669401663971,542.101203045688,5.732200483789658,0.016656598481686213,0.8255469251593792,0.12356760697359465,0.9998286750228028,0.6630088219062477,False,0.5272470634002105,0.0016854490747678333,0.998644500755055,,,0.8964477064907853,2024-09-20,1.2279859451368313,0.5691615197053552,2024-09-20,1.9624518913824036,0.54215,0.43193,0.54215,2023-08-10;2024-09-20,50,1234,50,"k=2: tau2 불안정, 예측구간 없음",m2_20260926T165115Z_1ffdde7
z_sensitivity,cell_gate,URBAN,holdout,main,2,0.16139760208898618,0.2519508407487657,-3.039941363916177,3.3627365680941494,,,0.03788584721554896,0.0,214.70344247724913,1.2188190489305253,0.26959253869167965,0.1795336634445712,0.0,0.999194245349187,0.19464287095999422,False,0.5402620389983844,0.04565372545905718,0.9665194441329866,,,0.8846376495487062,2023-08-10,1.2564514969456202,0.8155822467715138,2023-08-10,1.430238046238493,0.489378993174335,0.4759685590707002,0.489378993174335,2023-08-10;2024-09-20,36,36,14,"k=2: tau2 불안정, 예측구간 없음",m2_20260926T165115Z_1ffdde7
z_sensitivity,cluster_gate,URBAN,holdout,main,2,-0.24502826272408873,0.4463831796718198,-5.916864334418884,5.4268078089707075,,,0.26655060780522283,0.0,445.81994523810806,2.5547407296653004,0.10996385264507479,0.6085708469794463,0.0,0.9996155895172565,0.5162853937554527,False,0.43904758898384205,0.0026863971128446313,0.9956221400932551,,,0.8834977521972343,2023-08-10,1.2592221465340794,0.6501121992019118,2023-08-10,1.834635682592946,0.40964999999999996,0.34625,0.40964999999999996,2023-08-10;2024-09-20,14,36,14,"k=2: tau2 불안정, 예측구간 없음",m2_20260926T165115Z_1ffdde7
z_sensitivity,cell_gate,UNIVERSE,holdout,main,2,0.12219848783084582,0.6508615273854712,-8.147781334028325,8.392178309690015,,,0.8039500005428235,0.12469110510459966,863.505686525048,19.22371920001227,1.1625985452885321e-05,0.9479809297256401,0.7386621113716807,0.9999489136775794,0.89663258949406,False,0.5305116635274782,0.00028929296348133656,0.9997734182876281,,,0.7996347442140371,2024-09-20,1.4715361645256921,0.5155867209562184,2024-09-20,1.9980583199312796,0.532061542595897,0.4076926080941684,0.532061542595897,2023-08-10;2024-09-20,107,107,65,"k=2: tau2 불안정, 예측구간 없음",m2_20260926T165115Z_1ffdde7
z_sensitivity,cluster_gate,UNIVERSE,holdout,main,2,0.05482085756473631,0.6223156973596928,-7.852449803622851,7.962091518752323,,,0.733067571636518,0.11149544495220019,790.1689611180936,18.057937151767746,2.1428344544975997e-05,0.9446226890925852,0.7217906926415962,0.9999456156531656,0.8561936531162316,False,0.5137017830355016,0.00038864721568507624,0.9996516977364239,,,0.8955077131233652,2024-09-20,1.2302351916834149,0.5219021537931984,2024-09-20,1.9961697148913249,0.51865,0.38654153846153844,0.51865,2023-08-10;2024-09-20,65,107,65,"k=2: tau2 불안정, 예측구간 없음",m2_20260926T165115Z_1ffdde7
z_sensitivity,cell_gate,AGRI,holdout,main,1,0.17288551447424938,0.07942330322117451,,,,,,,,,,,,,,False,0.54311404432939,,,,,1.0,2024-09-20,1.0,1.0,2024-09-20,1.0,0.54311404432939,0.54311404432939,0.54311404432939,2024-09-20,1112,1112,47,k=1: 통합 불가,m2_20260926T165115Z_1ffdde7
z_sensitivity,cluster_gate,AGRI,holdout,main,1,0.4087995560126161,0.12162462502554458,,,,,,,,,,,,,,False,0.6008,,,,,1.0,2024-09-20,1.0,1.0,2024-09-20,1.0,0.6008,0.6008,0.6008,2024-09-20,47,1112,47,k=1: 통합 불가,m2_20260926T165115Z_1ffdde7
z_sensitivity,object,AGRI,holdout,main,1,0.5705985270332138,0.07687693248517817,,,,,,,,,,,,,,False,0.6389012706647366,,,,,1.0,2024-09-20,1.0,1.0,2024-09-20,1.0,0.6389012706647366,0.6389012706647366,0.6389012706647366,2024-09-20,109,1112,47,k=1: 통합 불가,m2_20260926T165115Z_1ffdde7
z_sensitivity,cell_gate,ALL,combined,main,8,1.8440827514115146,0.32701438710450376,1.0708166010444544,2.6173489017785747,-0.40431691629532907,4.092482419118358,0.7416690208968308,0.28375908863753435,3.6259994808650324,127.83815286462105,1.777651386101618e-24,0.9452432638993704,0.9418711977728164,0.9951934946588793,0.8612020790133004,False,0.863430852105233,0.7447521797453586,0.9319698136494277,0.40027559764869913,0.9835765038266195,0.6205624859875516,2024-09-20,2.3184909639076365,0.13798747608899728,2024-09-20,7.89758379714797,0.8427073372202124,0.7832774776795708,0.8559019017676571,2006;2012;2014;2016;2019;2023-08-10;2024-09-20;2025,1968,1968,108,,m2_20260926T165115Z_1ffdde7
z_sensitivity,cluster_gate,ALL,combined,main,8,1.658075883023848,0.2578374787172247,1.0483871278795602,2.267764638168136,-0.111834453516505,3.4279862195642012,0.45671760241735654,0.15994639221151047,2.1461139454072304,63.14838171131981,3.539040115289933e-11,0.8891499701132453,0.8647251619237957,0.9884753841774935,0.6758088505023861,False,0.8399795441244239,0.7404650632107755,0.9061718999772979,0.4720704899586663,0.9685678176327654,0.39696572445457706,2024-09-20,3.5216949346002933,0.14353443289542894,2024-09-20,7.832115861548001,0.8294,0.7893833333333333,0.8251999999999999,2006;2012;2014;2016;2019;2023-08-10;2024-09-20;2025,108,1968,108,,m2_20260926T165115Z_1ffdde7
z_sensitivity,object,ALL,combined,main,10,1.683291182880343,0.21427542150735782,1.198566503305869,2.168015862454817,0.16559723569380425,3.200985130066882,0.38724593965467746,0.14853692952442896,1.3800272468394954,118.37064047021721,2.8790405814428704e-21,0.9239676328163109,0.9018860461476761,0.9884263536654949,0.6222908802599292,False,0.8433398463020507,0.7682696742510847,0.8973403305383926,0.5413049617837584,0.9608713325648497,0.40045301673294015,2024-09-20,3.829354456760961,0.11755970130283709,2024-09-20,9.686246463260929,0.8341494647731544,0.8173156305703356,0.8251820623126624,2006;2012;2014;2016;2019;2022-09-06;2023-08-10;2024-07-24;2024-09-20;2025,338,1968,108,,m2_20260926T165115Z_1ffdde7
z_sensitivity,cell_gate,FLAT,combined,main,8,0.5304817125762312,0.4241901111940397,-0.4725685116390347,1.5335319367914972,-2.455347860914878,3.516311286067341,1.309862214688724,0.5102422744712776,5.901924821141331,182.16601784699225,6.793924949618791e-36,0.9615735136402908,0.9218199595094729,0.9927211990272449,1.1444921208504337,False,0.6295954567684677,0.3840084918009795,0.8225224911274284,0.07904834898840978,0.9711483284952401,0.5344116146208541,2024-09-20,2.977150565386676,0.13595994012614604,2024-09-20,7.933363383474568,0.6096703383680293,0.4544156586917977,0.6561564125470659,2006;2012;2014;2016;2019;2023-08-10;2024-09-20;2025,1867,1867,99,,m2_20260926T165115Z_1ffdde7
z_sensitivity,cluster_gate,FLAT,combined,main,8,0.4759189383308514,0.3691740611908869,-0.39703899982011825,1.348876876481821,-2.110105974763145,3.061943851424848,0.9806477244241163,0.37501954775921864,4.109544582477394,133.63797687656404,1.091093496596453e-25,0.9476196799472233,0.8736187097994764,0.9869705743373041,0.9902765898596797,False,0.6167837295158797,0.40202395942429786,0.7939459505913532,0.10811844731320645,0.9552953847967972,0.31904006418506436,2024-09-20,4.806365031666381,0.1363050320136606,2024-09-20,7.9182137262986725,0.603775,0.511409090909091,0.65455,2006;2012;2014;2016;2019;2023-08-10;2024-09-20;2025,99,1867,99,,m2_20260926T165115Z_1ffdde7
z_sensitivity,object,FLAT,combined,main,10,0.42405633089689176,0.2937414722730773,-0.24043304461654036,1.0885457064103239,-1.700795406255899,2.5489080680496827,0.7627734444475235,0.31467375799697106,2.4576612773498496,265.5830815937607,5.0854519949281185e-52,0.9661122992248184,0.9048770456363955,0.9867190913378936,0.8733690196288871,False,0.6044534856228508,0.44017963645564,0.748107769732996,0.15436140900467257,0.9275001234210133,0.417291140106848,2024-09-20,4.208476938095864,0.11213170088202573,2024-09-20,9.843200891680773,0.5966561481948878,0.5605921445307805,0.6229614021874452,2006;2012;2014;2016;2019;2022-09-06;2023-08-10;2024-07-24;2024-09-20;2025,306,1867,99,,m2_20260926T165115Z_1ffdde7
z_sensitivity,object,URBAN,combined,main,9,0.021415066005807372,0.2838836021126137,-0.633221694382534,0.6760518263941486,-1.9104523616922473,1.9532824937038622,0.5868779652168441,0.19585736888278854,2.537126489802796,54.43733839809346,5.678218706840096e-09,0.8530420436521529,0.7133931516568763,0.9699190926414771,0.7660796076236752,False,0.505353561905471,0.3467803877229518,0.6628569370775312,0.12893004019492763,0.8758041234506243,0.25111505751988467,2024-09-20,5.432231465104362,0.13022821889539948,2024-09-20,8.779442557620854,0.5043310293527768,0.5494464099340254,0.5397778682713839,2006;2012;2014;2016;2019;2022-09-06;2023-08-10;2024-07-24;2024-09-20,158,387,45,,m2_20260926T165115Z_1ffdde7
z_sensitivity,cell_gate,AGRI,combined,main,5,0.4864351766422151,0.1916376520989468,-0.045636244499503376,1.0185065977839336,-0.772702065366865,1.745572418651295,0.12062740343194996,0.00705259862035047,1.5324192170164268,12.820188253952972,0.012188639067785974,0.6879921011482307,0.14711818229148219,0.9740128431715432,0.3473145597753569,False,0.6192662922361953,0.48859291856890097,0.7346816007587315,0.3158948853252586,0.8513934838918928,0.7260752440521334,2024-09-20,1.8118916059508743,0.2829162546049157,2024-09-20,4.686585183910005,0.6358097120377723,0.5642261773809899,0.6325416894774804,2006;2012;2014;2024-09-20;2025,1328,1328,80,,m2_20260926T165115Z_1ffdde7
z_sensitivity,cluster_gate,AGRI,combined,main,5,0.49755422735675986,0.1820202277748342,-0.00781494309566605,1.0029233978091858,-0.4726590022808564,1.4677674569943762,0.06659236006209826,0.0,1.705526004747686,8.256767827153864,0.08261257828090107,0.5155489310423285,0.0,0.9699484839535094,0.2580549555077334,False,0.6218843936398724,0.49804627416945285,0.7316329651314534,0.3839870868290159,0.8127178133036074,0.5547988013729266,2024-09-20,2.640224827806101,0.3237662009818185,2024-09-20,4.2708553408098116,0.6439400000000001,0.62692625,0.6008,2006;2012;2014;2024-09-20;2025,80,1328,80,,m2_20260926T165115Z_1ffdde7
z_sensitivity,object,AGRI,combined,main,5,0.46015746446544303,0.16111931999522322,0.012818517111908567,0.9074964118189774,-0.6302255476792916,1.5505404766101778,0.09149332589526774,0.011109925317686524,1.067972768825289,16.516136151926503,0.002399313365723584,0.7578126044006106,0.30308090482863714,0.9766380867909927,0.3024786370890806,False,0.6130515304225961,0.5032045853981418,0.7124875780972317,0.3474593973148816,0.8249917797416256,0.6152677506962937,2024-09-20,2.322085296821173,0.26588390608029244,2024-09-20,4.722553564636001,0.6185471189766027,0.6324998961542798,0.6389012706647366,2006;2012;2014;2024-09-20;2025,187,1328,80,,m2_20260926T165115Z_1ffdde7
z_sensitivity,cell_gate,UNIVERSE,combined,main,7,0.7026959011794488,0.4285358244764291,-0.3458934863721098,1.7512852887310073,-2.3180561681287464,3.7234479704876438,1.197273151922179,0.44869878274440583,6.03555473581817,135.59362331360182,8.519560345968472e-27,0.9557501315078574,0.8813569849653895,0.9900916029862543,1.0941997769704483,False,0.66878521691096,0.41437859287473894,0.8521148411175999,0.08963855631077713,0.9764189418838666,0.42809609419066275,2024-09-20,4.028711556834971,0.15115248294542596,2024-09-20,6.984768420411935,0.6459215751995082,0.6989258024344664,0.6886200836745435,2006;2012;2014;2016;2019;2023-08-10;2024-09-20,447,447,109,,m2_20260926T165115Z_1ffdde7
z_sensitivity,cluster_gate,UNIVERSE,combined,main,7,0.37278246437419693,0.353587002321046,-0.4924137620159976,1.2379786907643915,-2.0838234444123342,2.829388373160728,0.7882649974640684,0.2808028161338831,4.119471573976859,96.42109912263047,1.3985889402787164e-18,0.9377729557680206,0.8494964227703687,0.9880674894619698,0.8878428900791335,False,0.5921311484337058,0.3793251120858571,0.7752119801769438,0.11067906751957149,0.9442434100162623,0.5803293434667874,2024-09-20,2.692477131997117,0.15681953348298555,2024-09-20,6.943274834900912,0.589657142857143,0.47418990825688073,0.6086,2006;2012;2014;2016;2019;2023-08-10;2024-09-20,109,447,109,,m2_20260926T165115Z_1ffdde7
z_sensitivity,object,UNIVERSE,combined,main,10,0.28881218619347243,0.2904793117602627,-0.3682976695496987,0.9459220419366436,-1.814944587832745,2.39256896021969,0.7479045152525178,0.30726151617067166,2.49929648150498,158.43764742349947,1.567919012448971e-29,0.9431953191280148,0.8803539732604653,0.9835663138007349,0.8648147288596083,False,0.5717053116089694,0.40895242857412717,0.7202943286933778,0.14004158877876707,0.9162588915569005,0.40246858609260855,2024-09-20,4.550640594413816,0.11147875145177198,2024-09-20,9.869206779329813,0.5756523367372917,0.5568982262795019,0.6179782982541498,2006;2012;2014;2016;2019;2022-09-06;2023-08-10;2024-07-24;2024-09-20;2025,250,449,111,,m2_20260926T165115Z_1ffdde7
z_sensitivity,cell_gate,URBAN,combined,main,6,0.6570553796041585,0.23727373374378904,0.04712382956876704,1.26698692963955,-0.6402010015145101,1.954311760722827,0.16487423098829682,0.004069881605078612,2.495610850013371,13.630162100040701,0.018137452510816037,0.633166505042147,0.0355137408015137,0.957588516494563,0.406047079768217,False,0.6585986104551103,0.5117787777557435,0.7802265236711472,0.34520110414011856,0.8759160348244629,0.38991906259170545,2023-08-10,3.385359904334287,0.2608891376244979,2023-08-10,4.9916492671165775,0.6576908631242585,0.7226546491365536,0.689045236275659,2012;2014;2016;2019;2023-08-10;2024-09-20,385,385,43,,m2_20260926T165115Z_1ffdde7
z_sensitivity,cluster_gate,URBAN,combined,main,6,0.20829713003545078,0.3037210710543492,-0.5724427383168657,0.9890369983877673,-1.6502466474145003,2.066840907485402,0.35584573568032196,0.041517868768249824,2.734476808069703,18.026361160369913,0.0029135475354804454,0.7226284353498775,0.23022332309861143,0.9516863257448335,0.5965280678059683,False,0.5518868139285996,0.3606733670036961,0.7288976695424518,0.1610756172604086,0.8876382700143398,0.4784516562944483,2023-08-10,3.2092870136094676,0.23306756674859172,2023-08-10,5.551563340450575,0.5389666666666667,0.4975023255813954,0.5470999999999999,2012;2014;2016;2019;2023-08-10;2024-09-20,43,385,43,,m2_20260926T165115Z_1ffdde7
rf_F1_wf,cell_gate,ALL,development,main,5,1.9530404680102227,0.3158911688465997,1.0759859784908712,2.830094957529574,0.0299568087187021,3.8761241273017433,0.29349029204132576,0.06465952132494646,5.925374203224205,22.815405843104607,0.00013784434578979312,0.8246798664241644,0.7042769195308892,0.9954388635929322,0.5417474430408746,False,0.8757777956162817,0.7457336157212965,0.9442805984487811,0.507488642155946,0.9796900260219754,0.5534196153628012,2025,2.5959731749957493,0.23805601920846933,2025,4.733626756932962,0.8719413322201145,0.8525732176485243,0.85457592039801,2012;2014;2016;2019;2025,589,589,50,,m2_20260926T165115Z_1ffdde7
rf_F1_wf,cluster_gate,ALL,development,main,5,1.651108190359628,0.2760852898883149,0.8845725386321024,2.4176438420871538,-0.32669218798339283,3.628908568702649,0.3100040111509654,0.07216803118354044,3.202412315018061,33.08452541413322,1.1478158001643786e-06,0.8790975554302115,0.6957327153809152,0.9902406433157719,0.5567800383912532,False,0.8390407692723433,0.7077688665457679,0.9181628776270693,0.4190456817660669,0.9741412824955754,0.6591079767992024,2025,2.1050923840591182,0.24099229717118498,2025,4.747846016110556,0.8351000000000001,0.807354,0.856,2012;2014;2016;2019;2025,50,589,50,,m2_20260926T165115Z_1ffdde7
rf_F1_wf,object,ALL,development,main,5,1.7062134630292125,0.26968604403815377,0.957444966119324,2.454981959939101,-0.2707101880455298,3.683137114103955,0.3131541954003208,0.08440792987225365,3.0382909184555524,46.39443084544437,2.038650308860117e-09,0.9137827552335891,0.8038643463185852,0.9932672299575585,0.5596018186177747,False,0.8463445077356306,0.722609953254426,0.9209250094243594,0.43273275321921634,0.9754727412237331,0.46721053045901706,2025,3.071824740856145,0.22686699040168323,2025,4.835429571878246,0.8407720071035104,0.8192828802790393,0.8559792627169517,2012;2014;2016;2019;2025,123,589,50,,m2_20260926T165115Z_1ffdde7
rf_F1_wf,cell_gate,FLAT,development,main,5,0.6078710976266777,0.3550031609345796,-0.3777756908798804,1.5935178861332358,-1.5796411919768665,2.795383387230222,0.37573177363782284,0.08122907068099852,7.4711444846527915,24.58364137409396,6.099785691573817e-05,0.8372901744240718,0.5919858765127883,0.9925621755898769,0.6129696351678628,False,0.6474550178534851,0.4066634851991157,0.8311104695004565,0.1708463039907147,0.942425840612514,0.5151331256845038,2025,2.8754335921878558,0.245882536410428,2025,4.650123708296477,0.6620297373746931,0.6330525002235021,0.6619902894137906,2012;2014;2016;2019;2025,528,528,46,,m2_20260926T165115Z_1ffdde7
rf_F1_wf,cluster_gate,FLAT,development,main,5,0.3365335487774592,0.2947415539873971,-0.48180019608924063,1.154867293644159,-1.6334953245636876,2.3065624221186063,0.29667061739040534,0.023165340028693488,3.697757561454106,13.41235041723601,0.009427227575661931,0.7017674102177005,0.20966665602693368,0.9769301539359483,0.5446747813056938,False,0.583348235517387,0.38182712534044394,0.7603988247278726,0.1633520992576326,0.9094190795819642,0.7050393657149876,2025,1.9080906017328472,0.27785927720001513,2025,4.570248336349405,0.59376,0.5498826086956522,0.5458,2012;2014;2016;2019;2025,46,528,46,,m2_20260926T165115Z_1ffdde7
rf_F1_wf,object,FLAT,development,main,5,0.32209613975517,0.2761577360755417,-0.4446406548342719,1.088832934344612,-1.6533011253787986,2.2974934048891384,0.30902600810841707,0.06977579432261838,3.073818285517815,26.683204158656164,2.3036341371539734e-05,0.8500929657391847,0.6403516024196386,0.9874112016176583,0.5559010776284006,False,0.5798350123563227,0.39063575133887585,0.7481618918356391,0.16066329202536395,0.9086692309920813,0.47623317656673014,2025,3.129818804973893,0.23609011015688408,2025,4.7628061560939665,0.5880086216840892,0.5666933532015709,0.5652316261289961,2012;2014;2016;2019;2025,112,528,46,,m2_20260926T165115Z_1ffdde7
rf_F1_wf,cell_gate,URBAN,development,main,4,0.8339359080566616,0.21083299602694688,0.16297121881880983,1.5049005972945135,-0.41011306390590263,2.0779848800192258,0.045257494740825764,0.0,5.197295681560332,4.707227099015174,0.1945343032727498,0.3626821190276443,0.0,0.9787336027294224,0.21273808953928716,False,0.6971865131353986,0.5406528674557296,0.818304245689007,0.39888501085787187,0.8887449395516568,0.5998093072323579,2016,2.33711339001169,0.4724044123811223,2016,2.9674591633872747,0.7131942486045036,0.7046924549140453,0.6967629411540768,2012;2014;2016;2019,349,349,29,,m2_20260926T165115Z_1ffdde7
rf_F1_wf,cluster_gate,URBAN,development,main,4,0.46686405034627143,0.31843674304285285,-0.5465437860170331,1.480271886709576,-1.925619836288916,2.8593479369814587,0.2077880500494452,0.0,3.6851902085750465,6.451472771337291,0.09159606978901405,0.5349898997747539,0.0,0.9530087586308038,0.4558377453101544,False,0.6146412511072411,0.36666664817040767,0.8146136440757227,0.12723619112143073,0.9457998828765266,0.4155233310855558,2016,3.194662648510878,0.3293044502328125,2016,3.648708119229433,0.6086750000000001,0.5746137931034482,0.5929500000000001,2012;2014;2016;2019,29,349,29,,m2_20260926T165115Z_1ffdde7
rf_F1_wf,object,URBAN,development,main,4,0.3158051107091083,0.32954769579198673,-0.7329627361788592,1.3645729575970758,-2.513287077352676,3.1448972987708923,0.32373452358536187,0.04348239383296689,5.009048436336624,15.207974065999231,0.0016472757130514646,0.8027350660265026,0.31864131383249467,0.9817759739903708,0.5689767337821133,False,0.5783015866841602,0.3245449123724838,0.7965019179986266,0.07493194006646622,0.9587071896745242,0.3437668579803397,2016,3.410712202538484,0.28029250024429,2016,3.8839627833378367,0.5771090004719799,0.5598837827525893,0.5552728031138062,2012;2014;2016;2019,70,349,29,,m2_20260926T165115Z_1ffdde7
rf_F1_wf,cell_gate,AGRI,development,main,3,0.6547576506493178,0.1487022370544726,0.014943564467039594,1.294571736831596,-1.1143528932880393,2.423868194586675,0.0,0.0,6.41606028858943,2.2813228774452186,0.3196075510762255,0.12331567803337998,0.0,0.9863289274512255,0.0,False,0.6580817860738599,0.5037358215964549,0.7849199978073499,0.24706026562995498,0.9186293586178215,0.7224799286247737,2025,1.772962850846777,0.7224799286247737,2025,1.772962850846777,0.6158752056133823,0.6183937705733774,0.6704547509403028,2012;2014;2025,127,127,30,,m2_20260926T165115Z_1ffdde7
rf_F1_wf,cluster_gate,AGRI,development,main,3,0.4850116495341852,0.22135352264255606,-0.46739568890346794,1.4374189879718382,-4.077005273209597,5.047028572277968,0.079911275696197,0.0,4.87486213071249,4.373940688908064,0.11225633196600426,0.5427464288503437,0.0,0.9861334512947747,0.2826858250712211,False,0.6189306024108447,0.38523283405229675,0.808054648711738,0.01667539059680244,0.9936126538179983,0.6656288702629,2025,2.0039129100866386,0.4635200814513808,2025,2.7870291220543737,0.6006999999999999,0.6118733333333334,0.6007,2012;2014;2025,30,127,30,,m2_20260926T165115Z_1ffdde7
rf_F1_wf,object,AGRI,development,main,3,0.42309328525451045,0.21720694908727434,-0.5114727871564029,1.3576593576654237,-4.303960392910647,5.150146963419668,0.09346151788640455,0.0,6.133337461835493,6.715590301602188,0.03481192944498194,0.7021855249980266,0.0,0.9940580409964642,0.30571476556817556,False,0.6042232084046747,0.3748483333548031,0.7953790186508753,0.013334710794047525,0.9942348768799012,0.6505429479426837,2025,2.012241696001811,0.41754280029432506,2025,2.856514143676,0.5847495557387864,0.5971945543617603,0.596554020088018,2012;2014;2025,59,127,30,,m2_20260926T165115Z_1ffdde7
rf_F1_wf,cell_gate,UNIVERSE,development,main,4,1.3402821580134652,0.4400288601528378,-0.06008606219813495,2.740650378225065,-2.5655253623318837,5.246089678358814,0.6385592181628107,0.12548175778856177,11.135682436388954,19.03075541531152,0.0002694246743746856,0.8423604352780291,0.5678988449673691,0.9914989910220614,0.7990990039806148,False,0.7925363383930798,0.48498300221119334,0.9393831414019815,0.07139037645374367,0.9947595291542846,0.3343585113542924,2016,3.6611068264659457,0.2620753428301529,2016,3.9871708054796886,0.7710223481813738,0.7593040834699443,0.7677995142859565,2012;2014;2016;2019,330,330,39,,m2_20260926T165115Z_1ffdde7
rf_F1_wf,cluster_gate,UNIVERSE,development,main,4,0.9664833547980913,0.31276032994922454,-0.02885960168813162,1.9618263112843142,-1.5319058786202484,3.464872588216431,0.23934995344047694,0.0,5.254647064686077,8.511396718904168,0.03654450827916688,0.6475314100520219,0.0,0.9757538920668551,0.48923404771180523,False,0.72441800117935,0.4927856002964137,0.876730465325649,0.17771500411277746,0.9696715911186787,0.34412064469317777,2012,3.326762805252925,0.29840224956392025,2012,3.706057368007264,0.7313999999999999,0.6811923076923078,0.74725,2012;2014;2016;2019,39,330,39,,m2_20260926T165115Z_1ffdde7
rf_F1_wf,object,UNIVERSE,development,main,5,0.7080929715614593,0.32568123411278344,-0.1961430967457548,1.6123290398686736,-1.6212051043953806,3.0373910475182995,0.4296395291432419,0.09715995971663144,4.16763817680384,26.97910497753044,2.0073207002730528e-05,0.8517371127273717,0.5720461384591512,0.9828582911167812,0.6554689383511944,False,0.6699796393864104,0.45112083250162244,0.833734491930721,0.16503873861490684,0.9542350297835088,0.3442630254146451,2014,3.6558160970231555,0.2266487551202674,2014,4.901171816519342,0.6601815798582992,0.6481138204782881,0.6148815628181067,2012;2014;2016;2019;2025,94,332,41,,m2_20260926T165115Z_1ffdde7
rf_F1_wf,object,ALL,holdout,main,4,1.712177943019199,0.1171516108390999,1.3393492319462708,2.085006654092127,0.9741306251093773,2.4502252609290207,0.015699101041074713,0.0,1.3079271282418257,3.591740444730272,0.30905716011943074,0.16475033589870375,0.0,0.9524451985612342,0.1252960535734255,False,0.8471185601056285,0.7923829025016612,0.889437341239211,0.7259420529411434,0.9205779221516268,0.9175331013349436,2024-09-20,1.1841695942690806,0.7078546218024514,2024-09-20,1.8767515525263883,0.848966211537757,0.8398413181683703,0.850022025518848,2022-09-06;2023-08-10;2024-07-24;2024-09-20,196,1272,55,,m2_20260926T165115Z_1ffdde7
rf_F1_wf,object,FLAT,holdout,main,4,0.29964424075256785,0.07620342407914571,0.05713093534192307,0.5421575461632127,-0.028232629877824322,0.62752111138296,0.0,0.0,0.5717673898493971,1.1350925100684826,0.7686100709150779,0.0,0.0,0.8206406089935253,0.0,False,0.5743555462042846,0.5142788502663705,0.6323141750719318,0.49294231132034133,0.6519271694637487,0.9264674964535743,2024-09-20,1.161987361915125,0.9264674964535743,2024-09-20,1.161987361915125,0.582871598881695,0.5715716046953362,0.566587363172782,2022-09-06;2023-08-10;2024-07-24;2024-09-20,175,1234,50,,m2_20260926T165115Z_1ffdde7
rf_F1_wf,object,URBAN,holdout,main,4,0.3159908863410894,0.13848895064799235,-0.1247427629712316,0.7567245356534105,-0.27987897520463345,0.9118607478868123,0.0,0.0,0.9681432997736162,1.317702723359982,0.7249337436577834,0.0,0.0,0.8812386204106779,0.0,False,0.5783468909168806,0.4688546858420697,0.6806421729847117,0.43048344715143644,0.7133807783612387,0.7261208127060385,2024-09-20,1.7888813337593323,0.7261208127060385,2024-09-20,1.7888813337593323,0.5314107505553386,0.5765562346801002,0.5305216473138873,2022-09-06;2023-08-10;2024-07-24;2024-09-20,81,36,14,,m2_20260926T165115Z_1ffdde7
rf_F1_wf,object,UNIVERSE,holdout,main,4,0.9416037308006526,0.32809595772903277,-0.1025440376526272,1.9857514992539325,-1.7401071452994308,3.623314606900736,0.28081752409630895,0.015512353266836964,6.103889750595019,11.339591306443898,0.010024410854559603,0.7354402007155934,0.1218741576921608,0.982018097921665,0.529922186831528,False,0.719423489708339,0.47438643114095974,0.8792929411184078,0.14929932559819148,0.9739999959805664,0.868591236329295,2024-09-20,1.3128408938639065,0.36987172629271864,2024-09-20,3.6419581525730282,0.726181126254796,0.6115967509774043,0.7141968821997559,2022-09-06;2023-08-10;2024-07-24;2024-09-20,145,107,65,,m2_20260926T165115Z_1ffdde7
rf_F1_wf,cell_gate,ALL,holdout,main,2,1.81386663085491,0.20004910239391838,-0.7279982214501919,4.355731483160012,,,0.05478588240251564,0.0,94.71987612342605,2.4314435566273214,0.11892333852376617,0.5887216886962782,0.0,0.9995960962719046,0.23406384257829238,False,0.8598285425456812,0.32563415756084774,0.987329551495555,,,0.9547329924566719,2024-09-20,1.0946138346895202,0.6870218169343769,2024-09-20,1.754526573229395,0.8673237434309787,0.8434467683143876,0.8673237434309787,2023-08-10;2024-09-20,1272,1272,55,"k=2: tau2 불안정, 예측구간 없음",m2_20260926T165115Z_1ffdde7
rf_F1_wf,cluster_gate,ALL,holdout,main,2,1.7956767308560009,0.3330474874242316,-2.436092831224853,6.027446292936855,,,0.18605751937554854,0.004614881146978419,230.629675325007,5.596678552896085,0.017994561007092538,0.821322595080517,0.1023450534442609,0.9998245264386916,0.43134385283152993,False,0.8576218510963988,0.08046152022617767,0.9975941572820919,,,0.9027620011334887,2024-09-20,1.2129526961725365,0.5719644691525873,2024-09-20,1.95940976994191,0.8586,0.8230527272727274,0.8586,2023-08-10;2024-09-20,55,1272,55,"k=2: tau2 불안정, 예측구간 없음",m2_20260926T165115Z_1ffdde7
rf_F1_wf,cell_gate,FLAT,holdout,main,2,0.2358836870598986,0.2790564293883513,-3.3098644376943698,3.781631811814167,,,0.11198818656207159,0.0,180.21524053056484,2.7213187539638057,0.09901617778167118,0.6325311033323734,0.0,0.9996391201450603,0.3346463604494625,False,0.558699000683165,0.03523432706732981,0.9777221324364069,,,0.9719781823776663,2024-09-20,1.0576114713874354,0.6734373019561949,2024-09-20,1.7852010550123565,0.5821885578336704,0.5124830499029895,0.5821885578336704,2023-08-10;2024-09-20,1234,1234,50,"k=2: tau2 불안정, 예측구간 없음",m2_20260926T165115Z_1ffdde7
rf_F1_wf,cluster_gate,FLAT,holdout,main,2,0.29072691041574733,0.35024223423822826,-4.159522625070435,4.74097644590193,,,0.18714082671709933,0.0,262.1773688344586,3.658076016450375,0.055798031873045065,0.7266322527189162,0.0,0.9997315339777634,0.43259776550174106,False,0.5721740833158125,0.015374930654127575,0.9913454378103499,,,0.8981860190927613,2024-09-20,1.2238341031672846,0.6088512133722793,2024-09-20,1.9095004727420088,0.5884,0.5128079999999999,0.5884,2023-08-10;2024-09-20,50,1234,50,"k=2: tau2 불안정, 예측구간 없음",m2_20260926T165115Z_1ffdde7
rf_F1_wf,cell_gate,URBAN,holdout,main,2,0.2721205141200907,0.2655705706225187,-3.102273528112373,3.646514556352554,,,0.0,0.0,3.8020133986090086,0.026458590139668194,0.8707853815334534,0.0,0.0,0.962882787329515,0.0,False,0.5676134138418498,0.04301357149045085,0.9745810953059078,,,0.5969001552243385,2023-08-10,1.9276020423983438,0.5969001552243385,2023-08-10,1.9276020423983438,0.5696734521899561,0.5714722185558672,0.5696734521899561,2023-08-10;2024-09-20,36,36,14,"k=2: tau2 불안정, 예측구간 없음",m2_20260926T165115Z_1ffdde7
rf_F1_wf,cluster_gate,URBAN,holdout,main,2,0.15125249644943878,0.26140505035897843,-3.1702135924817973,3.472718585380675,,,0.00236279325036727,0.0,141.56688621809772,1.0172718746062466,0.31316700333541636,0.016978621976481915,0.0,0.9990346050631199,0.04860857177872304,False,0.537741200079701,0.04030215330503868,0.9699014825445026,,,0.5681409339739019,2023-08-10,1.9635318192512883,0.5669839946042481,2023-08-10,1.9647380174214333,0.52845,0.4911071428571429,0.52845,2023-08-10;2024-09-20,14,36,14,"k=2: tau2 불안정, 예측구간 없음",m2_20260926T165115Z_1ffdde7
rf_F1_wf,cell_gate,UNIVERSE,holdout,main,2,0.7925004350634327,0.5507186144488379,-6.205043032145956,7.790043902272822,,,0.5609226544142915,0.07412142447030673,618.8292611891576,12.971084951209262,0.0003163386535764879,0.9229054467100092,0.6126857386092037,0.9999242878201116,0.7489476980499316,False,0.6883679701597597,0.0020151528746010553,0.9995863364730326,,,0.7878362602149873,2024-09-20,1.5021794549627294,0.5221906081990645,2024-09-20,1.9960683593845625,0.6815658550697629,0.5897914049372944,0.6815658550697629,2023-08-10;2024-09-20,107,107,65,"k=2: tau2 불안정, 예측구간 없음",m2_20260926T165115Z_1ffdde7
rf_F1_wf,cluster_gate,UNIVERSE,holdout,main,2,0.609738540645368,0.45371923056860963,-5.155310895699038,6.374787976989773,,,0.3786636593237321,0.04798024587314616,420.3675010174262,12.072080377506031,0.0005118255460656554,0.9171642360944428,0.583842549898021,0.9999186495544707,0.6153565302519606,False,0.6478811573604206,0.00573559946225788,0.9982989175715121,,,0.817350115494006,2024-09-20,1.4256748816391829,0.526287939385942,2024-09-20,1.9944867936746147,0.64635,0.5572107692307692,0.64635,2023-08-10;2024-09-20,65,107,65,"k=2: tau2 불안정, 예측구간 없음",m2_20260926T165115Z_1ffdde7
rf_F1_wf,cell_gate,AGRI,holdout,main,1,0.6478904654282946,0.0636053396731979,,,,,,,,,,,,,,False,0.6565349265486227,,,,,1.0,2024-09-20,1.0,1.0,2024-09-20,1.0,0.6565349265486227,0.6565349265486227,0.6565349265486227,2024-09-20,1112,1112,47,k=1: 통합 불가,m2_20260926T165115Z_1ffdde7
rf_F1_wf,cluster_gate,AGRI,holdout,main,1,0.5313589085275273,0.11570025181034908,,,,,,,,,,,,,,False,0.6298000000000001,,,,,1.0,2024-09-20,1.0,1.0,2024-09-20,1.0,0.6298,0.6298,0.6298,2024-09-20,47,1112,47,k=1: 통합 불가,m2_20260926T165115Z_1ffdde7
rf_F1_wf,object,AGRI,holdout,main,1,0.5498986933100807,0.08145161668198382,,,,,,,,,,,,,,False,0.6341120867650545,,,,,1.0,2024-09-20,1.0,1.0,2024-09-20,1.0,0.6341120867650545,0.6341120867650545,0.6341120867650545,2024-09-20,109,1112,47,k=1: 통합 불가,m2_20260926T165115Z_1ffdde7
rf_F1_wf,cell_gate,ALL,combined,main,7,1.8800469993125186,0.1897409567451769,1.4157676036051585,2.3443263950198787,0.9268592224403387,2.8332347761846988,0.11483077559939157,0.03934428274632066,2.282502042386323,28.54031962470269,7.431286889241066e-05,0.7897711000122514,0.6947339371581353,0.9924828454770855,0.338866899533418,False,0.8676165248025044,0.8046740526052336,0.9124822014253948,0.7164376556143824,0.9444455689589929,0.5325455793748901,2024-09-20,2.781110325704008,0.1916085759843714,2024-09-20,6.339990162396392,0.8706220211375043,0.8463352576522739,0.85457592039801,2012;2014;2016;2019;2023-08-10;2024-09-20;2025,1861,1861,105,,m2_20260926T165115Z_1ffdde7
rf_F1_wf,cluster_gate,ALL,combined,main,7,1.688538998215162,0.2028446961036369,1.1921959073772712,2.184882089053053,0.3558357398798164,3.0212422565505075,0.22806851099010236,0.06388784431181313,1.4019409562599052,39.17611059446681,6.610582373206409e-07,0.8468454395049765,0.7397636247783692,0.9842218335025322,0.47756519030400696,False,0.8440319272873719,0.7671335704526657,0.8988836789541256,0.5880320116579217,0.9535246076446684,0.4163966722681273,2025,3.3179423559014793,0.17373742660832456,2025,6.628462426390913,0.8418142857142856,0.8155771428571428,0.856,2012;2014;2016;2019;2023-08-10;2024-09-20;2025,105,1861,105,,m2_20260926T165115Z_1ffdde7
rf_F1_wf,object,ALL,combined,main,9,1.711394830304082,0.16275709351545498,1.3360762996236317,2.0867133609845325,0.6440808921722676,2.778708768435896,0.1772425199842376,0.052526450416360476,0.7560322220720672,50.479676262474385,3.304804742979009e-08,0.8415203782527614,0.7295115998404388,0.9748864433854527,0.42100180520306274,False,0.8470171126202589,0.7918439498100044,0.889605064813565,0.6556753683642641,0.941514383249437,0.4645935468083577,2024-09-20,3.380136340654723,0.14640765292422536,2024-09-20,8.34203933372547,0.8444138757409534,0.8319143969759324,0.8559792627169517,2012;2014;2016;2019;2022-09-06;2023-08-10;2024-07-24;2024-09-20;2025,319,1861,105,,m2_20260926T165115Z_1ffdde7
rf_F1_wf,cell_gate,FLAT,combined,main,7,0.47708897982973736,0.24087862446999062,-0.11231978107338353,1.0664977407328582,-0.8610216535175628,1.8151996131770374,0.22696485728642848,0.06813726684119788,3.060172654410981,37.3147347116372,1.528802858393976e-06,0.8392056101599779,0.6820205979154239,0.9897256325365396,0.47640828843170696,False,0.6170602445353714,0.47194953829473174,0.743930312597819,0.29712593716026875,0.8599891210894166,0.7001605296652847,2024-09-20,1.9311344284858025,0.19081966741407141,2024-09-20,6.405349043415633,0.6392179717915437,0.5486128284326324,0.653988722096158,2012;2014;2016;2019;2023-08-10;2024-09-20;2025,1762,1762,96,,m2_20260926T165115Z_1ffdde7
rf_F1_wf,cluster_gate,FLAT,combined,main,7,0.312161253102605,0.20885836295598922,-0.19889675042514443,0.8232192566303544,-0.913521151667936,1.537843657873146,0.1862590742559718,0.020706335137559876,1.553743007548152,17.96241031008927,0.0063268233916947735,0.6659691045677832,0.28878335993726656,0.9682218454408958,0.431577425563446,False,0.5774127106476684,0.45043909022760864,0.6949192713131708,0.286279841449874,0.8231510378578923,0.4010815261103812,2024-09-20,3.091512804320234,0.20483976133594606,2024-09-20,6.253709576099703,0.5922285714285714,0.5305729166666666,0.5458,2012;2014;2016;2019;2023-08-10;2024-09-20;2025,96,1762,96,,m2_20260926T165115Z_1ffdde7
rf_F1_wf,object,FLAT,combined,main,9,0.3224933251379077,0.16821402511992212,-0.06540891238797014,0.7103955626637855,-0.708764800051757,1.3537514503275723,0.1619040309270495,0.03005815136970037,0.6814017792631312,28.497404368771566,0.0003883504895553026,0.719272678434999,0.4533009188796483,0.9494862701204607,0.4023729997490506,False,0.579931774120135,0.4836535994231237,0.6704885588054564,0.3298718316510307,0.794742267703973,0.49517081131230206,2024-09-20,3.1737963142347425,0.16825617712720045,2024-09-20,7.718383445712124,0.5857255004385807,0.5696678967953301,0.5652316261289961,2012;2014;2016;2019;2022-09-06;2023-08-10;2024-07-24;2024-09-20;2025,287,1762,96,,m2_20260926T165115Z_1ffdde7
rf_F1_wf,cell_gate,URBAN,combined,main,6,0.6618805259181503,0.18209169861902416,0.19379891302792457,1.129962138808376,-0.21339005178224946,1.53715110361855,0.06754729548120808,0.0,1.8163518368148912,8.594068300976245,0.12639263083749727,0.4182033671489411,0.0,0.9407034317962011,0.25989862539307146,False,0.6596826959108,0.5482986559792121,0.7558319118783182,0.44685400247765555,0.8230501978117702,0.459496735448542,2016,3.5778703861613828,0.3077192888576349,2016,4.940840071021625,0.6653539831329879,0.6922354977480858,0.6262505600996982,2012;2014;2016;2019;2023-08-10;2024-09-20,385,385,43,,m2_20260926T165115Z_1ffdde7
rf_F1_wf,cluster_gate,URBAN,combined,main,6,0.3468680904946966,0.22343842583824206,-0.22749866834826027,0.9212348493376534,-0.8323107422592422,1.5260469232486353,0.13045227291328515,0.0,1.1990741095050628,8.723811381620798,0.1206005897463245,0.4268560172525132,0.0,0.8827094866251716,0.3611817726758718,False,0.5858578935555744,0.4433693687200119,0.7152936479374293,0.30315669768083575,0.8214271954954209,0.2565195086374171,2016,5.158107252349592,0.2165068544330821,2016,5.534445403501175,0.5819333333333333,0.5474255813953488,0.5573,2012;2014;2016;2019;2023-08-10;2024-09-20,43,385,43,,m2_20260926T165115Z_1ffdde7
rf_F1_wf,object,URBAN,combined,main,8,0.2716495324049586,0.17981735613608824,-0.15355094877173214,0.6968500135816493,-0.7362482973359556,1.2795473621458728,0.13733232405308085,0.002316013470600379,0.7274466826590376,16.525688399118042,0.020724396409115962,0.5764170404923293,0.024528718602118034,0.8876159593610824,0.3705837611837314,False,0.5674978178617233,0.46168751055980894,0.6674890100096595,0.323825082007498,0.7823727175958116,0.387157901128287,2024-09-20,4.488115159292522,0.19746663379517185,2024-09-20,7.050439566370221,0.5542598755136592,0.5688272834554262,0.5305216473138873,2012;2014;2016;2019;2022-09-06;2023-08-10;2024-07-24;2024-09-20,151,385,43,,m2_20260926T165115Z_1ffdde7
rf_F1_wf,cell_gate,AGRI,combined,main,4,0.6490761563251031,0.057854278804866356,0.46495802049770263,0.8331942921525035,0.4001492856976584,0.8980030269525477,0.0,0.0,1.4738074657508864,2.2833355035174936,0.5157208974087584,0.0,0.0,0.977698752510055,0.0,False,0.6568022464250949,0.614189695331765,0.6970299221631356,0.5987235270770177,0.7105389512373639,0.8273396073286955,2024-09-20,1.4259123105417062,0.8273396073286955,2024-09-20,1.4259123105417062,0.6260401358471923,0.652625381101604,0.6634948387444628,2012;2014;2024-09-20;2025,1239,1239,77,,m2_20260926T165115Z_1ffdde7
rf_F1_wf,cluster_gate,AGRI,combined,main,4,0.5429786450456725,0.1223171108030577,0.15371100769750362,0.9322462823938413,-0.17792635041359217,1.2638836405049372,0.01502988338538799,0.0,1.1378994219195921,4.499365437917311,0.21234689583352356,0.3332393108774345,0.0,0.9673989377297788,0.12259642484749704,False,0.6325050540324167,0.538352268985621,0.7175307851934144,0.4556353911308548,0.7796939303487452,0.5619157809406332,2024-09-20,2.4300104520209667,0.45898694061561446,2024-09-20,2.964785825080042,0.6079749999999999,0.6228155844155844,0.6152500000000001,2012;2014;2024-09-20;2025,77,1239,77,,m2_20260926T165115Z_1ffdde7
rf_F1_wf,object,AGRI,combined,main,4,0.511350366477288,0.13024567791362396,0.09685049002190366,0.9258502429326725,-0.31773725084496784,1.340437983799544,0.02491111007147427,0.0,1.5256900766357773,6.7299351389237,0.08102240552917597,0.5542304735377016,0.0,0.9869720271727094,0.15783253806320885,False,0.6251229785036293,0.5241937140064142,0.7162326318876684,0.4212272959223487,0.7925619584890089,0.5815757452767306,2024-09-20,2.351628579720123,0.3873510618872378,2024-09-20,3.35865398207913,0.5970901884953534,0.6211470009805643,0.6153330534265362,2012;2014;2024-09-20;2025,168,1239,77,,m2_20260926T165115Z_1ffdde7
rf_F1_wf,cell_gate,UNIVERSE,combined,main,6,1.1433372921340272,0.33101619561459517,0.2924330723857118,1.9942415118823427,-1.1015098167297916,3.3881844009978463,0.5485199623903326,0.16252269082106469,4.037706097057922,45.3681631293667,1.2211347578324494e-08,0.889790556744769,0.7144179905651935,0.9841647268659672,0.7406213353599346,False,0.7582918428221774,0.5725916847178604,0.8801911466427121,0.24945710713009495,0.9673332210354137,0.46974790941127526,2024-09-20,3.556291524964796,0.18508968131116812,2024-09-20,5.968469312009402,0.7412035171441702,0.7177986907857485,0.7515817204889969,2012;2014;2016;2019;2023-08-10;2024-09-20,437,437,104,,m2_20260926T165115Z_1ffdde7
rf_F1_wf,cluster_gate,UNIVERSE,combined,main,6,0.8138414444571643,0.24128096672970725,0.19360897409700895,1.4340739148173198,-0.7195505008172308,2.3472333897315596,0.24680339405420693,0.04882895773119974,2.0409581293315244,27.856966801224594,3.88185508981152e-05,0.8205116861545673,0.4287813951988981,0.9691124168069314,0.4967931099101586,False,0.6929274881701587,0.5482516138970429,0.8075352853584078,0.32749197339549535,0.912714071274668,0.6120410367422014,2024-09-20,2.425615735464716,0.22451704172340495,2024-09-20,5.586404679021313,0.7030499999999998,0.6037038461538462,0.7094,2012;2014;2016;2019;2023-08-10;2024-09-20,104,437,104,,m2_20260926T165115Z_1ffdde7
rf_F1_wf,object,UNIVERSE,combined,main,9,0.8055549325511209,0.22147510218576455,0.29483243106598267,1.316277434036259,-0.63201660189797,2.243126467000212,0.320551066685162,0.08836171865912179,1.5230017996473797,38.542807328075305,5.9744578962494045e-06,0.7924385753247234,0.5871493729570113,0.9608039012765525,0.5661722941695063,False,0.691161479377693,0.5731787783031475,0.7885617018358586,0.34705342017285795,0.904055986950452,0.5193304208439781,2024-09-20,3.159310566302929,0.14829307348992016,2024-09-20,8.539545358845773,0.6895147115900757,0.6259591130405135,0.6692762737817792,2012;2014;2016;2019;2022-09-06;2023-08-10;2024-07-24;2024-09-20;2025,239,439,106,,m2_20260926T165115Z_1ffdde7
logit_F1_wf,cell_gate,ALL,development,main,5,1.7072657410830123,0.48734510961814403,0.35417879694163434,3.06035268522439,-1.460810879442254,4.875342361608279,0.8032636120091662,0.15131136244449256,12.116640635844824,16.707118758141586,0.0022032925452272383,0.7605810997153084,0.8512329805647959,0.9978222865458197,0.8962497486801133,False,0.8464813018749486,0.5876305581607167,0.9552273830243231,0.18834333464618785,0.9924253327981178,0.45552395475807367,2025,2.6421823783773832,0.23110909987510017,2025,4.847215394032007,0.8030050966279235,0.7387959498867382,0.8354526290701026,2012;2014;2016;2019;2025,589,589,50,,m2_20260926T165115Z_1ffdde7
logit_F1_wf,cluster_gate,ALL,development,main,5,1.334959389194667,0.3887722062665151,0.2555547000690541,2.41436407832028,-1.4538598396345057,4.12377861802384,0.6242091410264567,0.1633586659511529,6.583163108661618,38.06406691511232,1.086970923557235e-07,0.8949140140773579,0.8030616122851082,0.9939514088741831,0.7900690735793021,False,0.7916597926836653,0.5635432263495688,0.9179160985778853,0.1894082436210619,0.9840744782253997,0.6948987484152088,2025,1.942277517481656,0.2276855682699294,2025,4.879619633587748,0.7716799999999999,0.7306939999999998,0.8359,2012;2014;2016;2019;2025,50,589,50,,m2_20260926T165115Z_1ffdde7
logit_F1_wf,object,ALL,development,main,5,1.431971091670278,0.3783444286735331,0.3815185546007913,2.4824236287397645,-1.344344544526515,4.208286727867071,0.6232289074430031,0.18067380361110733,6.131684810068134,56.03701278697628,1.9696648618716123e-11,0.928618607576283,0.8837429538462362,0.996138744699952,0.7894484830836038,False,0.8072082489063154,0.5942393075656907,0.9229004285716965,0.20679650765854857,0.9853461041800208,0.6089527289771651,2025,2.3036639603850375,0.21920472268593524,2025,4.9266075057126475,0.7878586438130208,0.7555694252536425,0.8445551422331852,2012;2014;2016;2019;2025,123,589,50,,m2_20260926T165115Z_1ffdde7
logit_F1_wf,cell_gate,FLAT,development,main,5,0.2804897164318637,0.24229529397836316,-0.3922298665468231,0.9532092994105505,-0.6373304370106191,1.1983098698743464,0.05382041952846517,0.0,10.231461144099766,10.516454625375994,0.03257108509182506,0.6196436781700099,0.0,0.9923585574629625,0.231992283338186,False,0.5696662803555909,0.40318062117426634,0.7217601358275719,0.3458502468027589,0.7682239823011334,0.5280724744905034,2025,2.6890689940939345,0.38000254797529814,2025,3.479260543387768,0.5980751901588516,0.5375462946661754,0.5624257437031801,2012;2014;2016;2019;2025,528,528,46,,m2_20260926T165115Z_1ffdde7
logit_F1_wf,cluster_gate,FLAT,development,main,5,0.13854802140690356,0.1439144690631068,-0.2610226017904985,0.5381186446043057,-0.30944709329884446,0.5865431361126515,0.005380527915294801,0.0,2.6100423475569494,5.9664241371716225,0.201669810119261,0.32958168778524083,0.0,0.9659443843290667,0.07335208187430539,False,0.5345817051249181,0.4351123466626545,0.6313746580926978,0.42324970285580693,0.642571588107198,0.6605288504702248,2025,2.090780090208252,0.6129668692045894,2025,2.3288427221109282,0.55636,0.5262304347826087,0.5981,2012;2014;2016;2019;2025,46,528,46,,m2_20260926T165115Z_1ffdde7
logit_F1_wf,object,FLAT,development,main,5,0.177897558996536,0.22633902966693495,-0.4505203320374437,0.8063154500305157,-1.3161416177340794,1.6719367357271513,0.17197380803311596,0.022651106097014644,2.449877266855984,16.505416366894636,0.0024108114228087395,0.7576553107728377,0.3524936767973835,0.9832997225557879,0.4146972486442561,False,0.5443574676735603,0.38923705957121346,0.691323793771574,0.2114609439949123,0.8418338675128502,0.46213773628969224,2025,3.066433929046194,0.25874032191265617,2025,4.538511889839557,0.5622569269024649,0.5510989760743452,0.6113039734737695,2012;2014;2016;2019;2025,112,528,46,,m2_20260926T165115Z_1ffdde7
logit_F1_wf,cell_gate,URBAN,development,main,4,0.35354123084126754,0.37125889618313157,-0.8279702716204471,1.5350527333029822,-1.8470024985713762,2.5540849602539115,0.1750243229382062,0.0,13.339249726963068,6.957920121894411,0.07325116424367929,0.5688366713840343,0.0,0.9889529928344313,0.41835908372856706,False,0.587476053951895,0.304074416536141,0.8227443869698031,0.1362252222960107,0.9278474670303372,0.7422344417800938,2016,1.7232447135003737,0.4261021209838896,2016,3.2800217448442273,0.5956058028239916,0.5615054209231818,0.5868128036242619,2012;2014;2016;2019,349,349,29,,m2_20260926T165115Z_1ffdde7
logit_F1_wf,cluster_gate,URBAN,development,main,4,0.3262609421610307,0.1835252103410671,-0.2577981854153137,0.910320069737375,-0.4633843050908059,1.1159061894128672,0.0,0.0,1.8146111949270194,2.359687670539074,0.5011828599757606,0.0,0.0,0.9153947297454986,0.0,False,0.5808493293280088,0.4359050398136644,0.7130656544550694,0.38618328034139776,0.7532285672930741,0.5699685433733033,2016,2.5155746287662697,0.5699685433733033,2016,2.5155746287662697,0.5738249999999999,0.5502931034482759,0.59415,2012;2014;2016;2019,29,349,29,,m2_20260926T165115Z_1ffdde7
logit_F1_wf,object,URBAN,development,main,4,0.09838621964520075,0.23733406961947676,-0.6569167133332493,0.8536891526236509,-1.7630454806579403,1.9598179199483419,0.13083623887271112,0.0,2.987717693775045,7.928627032606136,0.04751003122583722,0.6216242752165502,0.0,0.9728316406969914,0.3617129232868396,False,0.5245767331883577,0.3414325688535581,0.7013404533608533,0.146409325011931,0.8765132458460353,0.3537103084873095,2014,3.2912958695395234,0.30352614282784574,2014,3.6994931431483744,0.5401251138990227,0.5138839982083147,0.5433215285919719,2012;2014;2016;2019,70,349,29,,m2_20260926T165115Z_1ffdde7
logit_F1_wf,cell_gate,AGRI,development,main,3,0.6495564404898813,0.1455500963092152,0.023304921289739378,1.2758079596900231,-1.0503357384080196,2.349448619387782,0.0,0.0,6.918822561185921,2.3672489699037964,0.3061670273444292,0.15513745050598593,0.0,0.9902774415475092,0.0,False,0.6569105005915308,0.505825966641884,0.7817353535588695,0.2591606350400342,0.9128903909134902,0.597009036380398,2025,2.1140269601015342,0.597009036380398,2025,2.1140269601015342,0.604621865326309,0.6011820166064163,0.6417280475455686,2012;2014;2025,127,127,30,,m2_20260926T165115Z_1ffdde7
logit_F1_wf,cluster_gate,AGRI,development,main,3,0.2815396010151956,0.36899376836880315,-1.306112443717376,1.869191645747767,-7.964542318344858,8.527621520375249,0.294779123223788,0.014342793483429322,17.747628635924613,8.746757077095845,0.012608569986757752,0.771343826932478,0.1731109509982342,0.9961545882381875,0.5429356529311627,False,0.5699236371543209,0.21313810006452613,0.8663647164351925,0.0003474499859277265,0.9998021139951132,0.6265893201054529,2025,2.0757842841811245,0.3911862203098082,2025,2.913080249698733,0.5444333333333334,0.5657,0.5783,2012;2014;2025,30,127,30,,m2_20260926T165115Z_1ffdde7
logit_F1_wf,object,AGRI,development,main,3,0.2702508922731536,0.4063518763051978,-1.4781401175502213,2.0186419020965287,-9.23224710088412,9.772748885430428,0.40497708363496404,0.05510620489833972,21.02844618692719,13.502369182251437,0.001169493428380813,0.8518778465464449,0.5806050411754928,0.9981106413395502,0.6363780980163947,False,0.5671544976156208,0.18570850792278615,0.8827405058656995,9.782357769558362e-05,0.9999430197514759,0.6307768484494373,2025,2.0329372660216647,0.3665519685551037,2025,2.9636189180006136,0.5488030349426637,0.5796430384155402,0.6064268404201202,2012;2014;2025,59,127,30,,m2_20260926T165115Z_1ffdde7
logit_F1_wf,cell_gate,UNIVERSE,development,main,4,0.7704118875230662,0.6742518303430395,-1.375358358782917,2.9161821338290497,-5.4254720809318275,6.966295855977959,1.6344760253716264,0.4197448140541056,25.99805417063735,30.908121660260413,8.887674820007811e-07,0.9029381327996648,0.8081029972615439,0.9961806972025186,1.2784662785430152,False,0.683609986543118,0.20175550233128697,0.9486406047969481,0.004383685792832604,0.9990577487050214,0.5092574177281078,2016,2.827675381477385,0.26193184607903625,2016,3.994633529415697,0.6409888328528857,0.5967406973737304,0.6716359598192543,2012;2014;2016;2019,330,330,39,,m2_20260926T165115Z_1ffdde7
logit_F1_wf,cluster_gate,UNIVERSE,development,main,4,0.6211061886345232,0.2649278485506649,-0.22201246415230214,1.4642248414213483,-1.0660909233032365,2.3083033005722826,0.09775909515836999,0.0,5.763674984156884,6.030829897588546,0.11011987968120916,0.5025560244702701,0.0,0.979666621031017,0.3126645089522794,False,0.6504700920839129,0.44472374274598125,0.8121780029400621,0.25614719300015215,0.9095623840392566,0.43525128797210744,2016,3.1127811852689042,0.35016594378029986,2016,3.5535788194147178,0.665825,0.6109205128205127,0.6429,2012;2014;2016;2019,39,330,39,,m2_20260926T165115Z_1ffdde7
logit_F1_wf,object,UNIVERSE,development,main,5,0.41867769183954395,0.26062961546839386,-0.3049461282972613,1.142301511976349,-1.2794881363593937,2.1168435200384814,0.22443286225646097,0.032883326206522276,3.2335078831587394,16.03578310635079,0.002971522001996823,0.7505578634063811,0.3568071064967281,0.9819980242469153,0.47374345616215213,False,0.6031667898785212,0.42434880851620954,0.7581019487343903,0.2176373666897668,0.8925295330938501,0.3127104571330749,2014,4.067322065464667,0.23177173087348524,2014,4.787882861405562,0.6133829655570621,0.5772792843899504,0.5596410853673754,2012;2014;2016;2019;2025,94,332,41,,m2_20260926T165115Z_1ffdde7
logit_F1_wf,object,ALL,holdout,main,4,1.7025974193845925,0.12802841778151453,1.2951538542444927,2.1100409845246926,0.7681992937065169,2.636995545062668,0.030770627887948345,0.0,1.5696752656628263,7.487456355917104,0.057881629286769036,0.5993298848908557,0.0,0.9866081528107192,0.1754155862172696,False,0.8458736684324584,0.7850182549158741,0.8918752855933142,0.683131236140264,0.9332049298414018,0.6877431508972047,2024-09-20,1.8142412271495247,0.4629614781743951,2024-09-20,2.6580990056288427,0.8301951193100358,0.8312644317338277,0.8474474505359587,2022-09-06;2023-08-10;2024-07-24;2024-09-20,196,1272,55,,m2_20260926T165115Z_1ffdde7
logit_F1_wf,object,FLAT,holdout,main,4,0.2824184470320672,0.07078367913645622,0.05715318888986462,0.5076837051742698,-0.02213914322611621,0.5869760372902506,0.0,0.0,0.07407063021603137,0.5018389589286688,0.9184872150451316,0.0,0.0,0.6839636438684064,0.0,False,0.5701390384527685,0.5142844091144122,0.6242633241141249,0.4944654402514842,0.6426710078298484,0.693900698586832,2024-09-20,1.7830869051675646,0.693900698586832,2024-09-20,1.7830869051675646,0.5423898879400975,0.5735383061291142,0.5473262605785292,2022-09-06;2023-08-10;2024-07-24;2024-09-20,175,1234,50,,m2_20260926T165115Z_1ffdde7
logit_F1_wf,object,URBAN,holdout,main,4,0.2284895995879754,0.1357957562673986,-0.20367310321841417,0.660652302394365,-0.3557923818043397,0.8127715809802906,0.0,0.0,1.0117852490103225,2.0235505566640475,0.5675331152631282,0.0,0.0,0.9067080454452733,0.0,False,0.5568751724023498,0.44925701617547736,0.6594069039098878,0.4119784918917742,0.6926997967310231,0.6350671197095272,2024-09-20,2.134055418572212,0.6350671197095272,2024-09-20,2.134055418572212,0.5045485279286215,0.5677633567289163,0.5062839676878315,2022-09-06;2023-08-10;2024-07-24;2024-09-20,81,36,14,,m2_20260926T165115Z_1ffdde7
logit_F1_wf,object,UNIVERSE,holdout,main,4,0.8247070367461699,0.222573602169115,0.1163784988693839,1.5330355746229558,-1.0605636912288219,2.7099777647211614,0.1424493337124991,0.01532000138260775,2.307167434628628,14.282288360946435,0.002545036681463033,0.7899496268256833,0.31060489331958546,0.9854760195661615,0.37742460666005745,False,0.6952345988328691,0.5290618311081561,0.8224500209538368,0.2572017473086225,0.9376128479801308,0.6296528180558362,2024-09-20,2.1434204772668997,0.325802925143771,2024-09-20,3.6841633732848966,0.6940817701595882,0.6213977292555571,0.6777746726035839,2022-09-06;2023-08-10;2024-07-24;2024-09-20,145,107,65,,m2_20260926T165115Z_1ffdde7
logit_F1_wf,cell_gate,ALL,holdout,main,2,1.7847630183302747,0.0938643923629836,0.5921028315295727,2.977423205130977,,,0.011017569378083313,0.0,18.28195122274327,2.5867711847056083,0.10775980720138204,0.6134176822779914,0.0,0.999620349444519,0.10496461012209454,False,0.8562840063346798,0.6438474873016788,0.951543697824137,,,0.677928454506676,2024-09-20,1.7751991791637058,0.5687839951319099,2024-09-20,1.9628530994179763,0.8574891712238498,0.8462577469777572,0.8574891712238498,2023-08-10;2024-09-20,1272,1272,55,"k=2: tau2 불안정, 예측구간 없음",m2_20260926T165115Z_1ffdde7
logit_F1_wf,cluster_gate,ALL,holdout,main,2,1.6671468147753612,0.21926362552838782,-1.1188617023842746,4.4531553319349975,,,0.08542331937386415,0.008394607255070968,97.91675776958347,8.94764286055863,0.0027782784726732195,0.8882387221322816,0.4385240598437091,0.9998902427005101,0.2922726798280403,False,0.8411950466639276,0.24622248710989325,0.9884921959779279,,,0.5620573392680255,2023-08-10,1.969658487559119,0.5069356076394206,2023-08-10,1.9996152528028202,0.8386,0.8124072727272728,0.8386,2023-08-10;2024-09-20,55,1272,55,"k=2: tau2 불안정, 예측구간 없음",m2_20260926T165115Z_1ffdde7
logit_F1_wf,cell_gate,FLAT,holdout,main,2,0.11927751891810313,0.14292720421228225,-1.6967848001722052,1.9353398380084117,,,0.0283163396117911,0.0,42.94819203495836,3.0407613721354245,0.08119782517247157,0.6711349962664996,0.0,0.9996770318361137,0.1682745958598359,False,0.5297840762813262,0.1548856553346476,0.8738392821056759,,,0.7704805239572615,2024-09-20,1.5472225608147876,0.5889515784718959,2024-09-20,1.9386428583923365,0.5360263570071296,0.5010201327291882,0.5360263570071296,2023-08-10;2024-09-20,1234,1234,50,"k=2: tau2 불안정, 예측구간 없음",m2_20260926T165115Z_1ffdde7
logit_F1_wf,cluster_gate,FLAT,holdout,main,2,0.08639509141973842,0.1846186674869931,-2.259407495789754,2.432197678629231,,,0.04901641946297929,0.0,69.46322108630173,3.5502633581234946,0.059536000134426434,0.7183307548968554,0.0,0.9997233813331262,0.2213965208917685,False,0.5215853482371475,0.09454107694125917,0.9192498159516757,,,0.5562243526340374,2024-09-20,1.9750263618124706,0.5158366709601364,2024-09-20,1.997995609628803,0.52285,0.482414,0.52285,2023-08-10;2024-09-20,50,1234,50,"k=2: tau2 불안정, 예측구간 없음",m2_20260926T165115Z_1ffdde7
logit_F1_wf,cell_gate,URBAN,holdout,main,2,-0.0390381521133673,0.18641976901017693,-2.4077259040270698,2.329649599800335,,,0.0,0.0,2.243213909272092,0.03254422220803717,0.8568384189763685,0.0,0.0,0.9698235492955575,0.0,False,0.49024170122568345,0.0825854517547091,0.9113030180392242,,,0.5324418610931648,2023-08-10,1.991615503062392,0.5324418610931648,2023-08-10,1.991615503062392,0.4907907830699944,0.4921943892474086,0.4907907830699944,2023-08-10;2024-09-20,36,36,14,"k=2: tau2 불안정, 예측구간 없음",m2_20260926T165115Z_1ffdde7
logit_F1_wf,cluster_gate,URBAN,holdout,main,2,0.06142750179160739,0.20026826828170238,-2.4832221171548636,2.6060771207380786,,,0.0,0.0,28.451222910292902,0.3310478644790492,0.5650427180059132,0.0,0.0,0.9970334527947471,0.0,False,0.5153520483791993,0.07704277398590012,0.9312516701984611,,,0.6144867839651996,2023-08-10,1.9003659153235175,0.6144867839651996,2023-08-10,1.9003659153235175,0.5085500000000001,0.4916642857142857,0.5085500000000001,2023-08-10;2024-09-20,14,36,14,"k=2: tau2 불안정, 예측구간 없음",m2_20260926T165115Z_1ffdde7
logit_F1_wf,cell_gate,UNIVERSE,holdout,main,2,0.609261546224327,0.23182340016468417,-2.336334038904304,3.5548571313529584,,,0.09490201071759206,0.00867478193761864,109.60893437755679,8.44092430299495,0.003668697316002552,0.8815295619171485,0.40481800251042066,0.9998836538414606,0.30806169953045454,False,0.6477723323939769,0.08815816329863597,0.9722089610040481,,,0.668645578269363,2024-09-20,1.795710421577626,0.519979515859234,2024-09-20,1.9968116424958808,0.6480631024255399,0.6062641269877077,0.6480631024255399,2023-08-10;2024-09-20,107,107,65,"k=2: tau2 불안정, 예측구간 없음",m2_20260926T165115Z_1ffdde7
logit_F1_wf,cluster_gate,UNIVERSE,holdout,main,2,0.5194163408913035,0.1972356302618231,-1.986699958483874,3.025532640266481,,,0.0661443119166032,0.0037092622919736307,79.36260210222811,6.602200464215097,0.010185281562556808,0.848535347355757,0.23905882371406353,0.9998512512422943,0.2571853648958338,False,0.6270112771676843,0.12060642860119103,0.9537143683186491,,,0.6435325601339,2024-09-20,1.8477348534751232,0.5217401091071717,2024-09-20,1.9962260759623223,0.62785,0.5875553846153846,0.62785,2023-08-10;2024-09-20,65,107,65,"k=2: tau2 불안정, 예측구간 없음",m2_20260926T165115Z_1ffdde7
logit_F1_wf,cell_gate,AGRI,holdout,main,1,0.7405093910916012,0.1000541232092393,,,,,,,,,,,,,,False,0.6771072360007071,,,,,1.0,2024-09-20,1.0,1.0,2024-09-20,1.0,0.677107236000707,0.677107236000707,0.677107236000707,2024-09-20,1112,1112,47,k=1: 통합 불가,m2_20260926T165115Z_1ffdde7
logit_F1_wf,cluster_gate,AGRI,holdout,main,1,0.44899390820186746,0.12563984863435732,,,,,,,,,,,,,,False,0.6104,,,,,1.0,2024-09-20,1.0,1.0,2024-09-20,1.0,0.6104,0.6104,0.6104,2024-09-20,47,1112,47,k=1: 통합 불가,m2_20260926T165115Z_1ffdde7
logit_F1_wf,object,AGRI,holdout,main,1,0.6387287190171138,0.0917139827045919,,,,,,,,,,,,,,False,0.6544660292938949,,,,,1.0,2024-09-20,1.0,1.0,2024-09-20,1.0,0.654466029293895,0.654466029293895,0.654466029293895,2024-09-20,109,1112,47,k=1: 통합 불가,m2_20260926T165115Z_1ffdde7
logit_F1_wf,cell_gate,ALL,combined,main,7,1.726771495075159,0.09338687833464558,1.4982620357366805,1.9552809544136374,1.5062175224450471,1.9473254677052707,0.004549897461080921,0.0493489044240782,4.526468986867461,20.385140996477862,0.002364316215864671,0.7056679666313479,0.778437093178531,0.9969065297834042,0.06745292774284094,True,0.8489989930682882,0.8173151219090147,0.8760213353367942,0.8184999672190608,0.8751547183356077,0.3900803324623328,2024-09-20,3.925578963316381,0.3116246230400216,2024-09-20,4.508022821307497,0.8185719750839026,0.812246463535194,0.8459306181162206,2012;2014;2016;2019;2023-08-10;2024-09-20;2025,1861,1861,105,,m2_20260926T165115Z_1ffdde7
logit_F1_wf,cluster_gate,ALL,combined,main,7,1.4357235301539095,0.26959671785294265,0.7760441262097552,2.0954029340980638,-0.32358059787282145,3.1950276581806403,0.40203188919264765,0.1302257993116788,2.6691771168541787,47.85072502149864,1.2656060201713548e-08,0.8746100503742777,0.8643701946128756,0.9924026365381209,0.6340598466963885,False,0.8077915418919861,0.6848269069746017,0.8904555647635188,0.4198033774213241,0.9606467298202743,0.36225488477760254,2025,3.9023307884376424,0.16226519567162742,2025,6.768929215787908,0.7908,0.7734961904761904,0.8359,2012;2014;2016;2019;2023-08-10;2024-09-20;2025,105,1861,105,,m2_20260926T165115Z_1ffdde7
logit_F1_wf,object,ALL,combined,main,9,1.5149592635395297,0.21217543201613215,1.0256818399215986,2.004236687157461,0.07169143918931709,2.9582270878897425,0.3284880327901028,0.11637181325632384,1.4750827697238666,64.5613166184003,5.892653676145672e-11,0.8760867897523645,0.8698670734010976,0.9883353942510973,0.5731387552679568,False,0.8197950068360486,0.7360778744048361,0.8812411858012986,0.5179151872865875,0.9506508863314405,0.3530671125369715,2024-09-20,4.031228905247659,0.1322309003369944,2024-09-20,8.649714541622156,0.8066748551450273,0.8020779558809663,0.8445551422331852,2012;2014;2016;2019;2022-09-06;2023-08-10;2024-07-24;2024-09-20;2025,319,1861,105,,m2_20260926T165115Z_1ffdde7
logit_F1_wf,cell_gate,FLAT,combined,main,7,0.18897241035534307,0.13275748565195558,-0.1358734546146365,0.5138182753253226,-0.3016058087117806,0.6795506294224667,0.02630250843666825,0.0017298891018645032,3.7552418461487713,15.193851339849962,0.01880140349590363,0.6051034154675855,0.04979655525210156,0.9912864163333059,0.16218048105943036,False,0.5471030129846793,0.46608379923039195,0.6257011399025088,0.42516497690647903,0.6636383951689024,0.5516565050123433,2024-09-20,2.7675795777362846,0.3097052104375539,2024-09-20,4.718900813221818,0.5803469521155025,0.5119655433436769,0.5624257437031801,2012;2014;2016;2019;2023-08-10;2024-09-20;2025,1762,1762,96,,m2_20260926T165115Z_1ffdde7
logit_F1_wf,cluster_gate,FLAT,combined,main,7,0.11286885397225557,0.10677350850107956,-0.14839650936736512,0.37413421731187624,-0.31034224358729345,0.5360799515318047,0.01769463049506944,0.0,0.8874787577621123,9.69313642076685,0.13818380290716198,0.38100530730740256,0.0,0.9543423165687116,0.13302116559055344,False,0.5281872957929128,0.46296880467566226,0.5924575720864065,0.42303120328942195,0.6309000442888608,0.3106388390633658,2024-09-20,3.9815346529666544,0.2707780572775854,2024-09-20,4.58959449738853,0.5467857142857143,0.5034093749999999,0.5688,2012;2014;2016;2019;2023-08-10;2024-09-20;2025,96,1762,96,,m2_20260926T165115Z_1ffdde7
logit_F1_wf,object,FLAT,combined,main,9,0.19888342006554152,0.11523324557844265,-0.06684492075134438,0.4646117608824274,-0.4416130293911691,0.8393798695222521,0.0601458873088815,0.0015700658580147207,0.45500657123421273,18.399335132987016,0.018423977372412925,0.5652016802684734,0.04811880255342381,0.9361014427456774,0.24524658470380684,False,0.5495576099234567,0.4832949895201033,0.6141076421627767,0.39135668382793337,0.6983345932843167,0.4046650018307649,2024-09-20,4.042166055842855,0.19627783384151037,2024-09-20,6.717231334904709,0.5534271318080793,0.5647814944004239,0.558395825502484,2012;2014;2016;2019;2022-09-06;2023-08-10;2024-07-24;2024-09-20;2025,287,1762,96,,m2_20260926T165115Z_1ffdde7
logit_F1_wf,cell_gate,URBAN,combined,main,6,0.19150371996834037,0.19505024487821343,-0.30988889655201013,0.6928963364886909,-0.544284654847033,0.9272920947837138,0.0457471331479799,0.0,3.5311387505291885,10.279348072143474,0.06769609169709125,0.5135878301903452,0.0,0.974415460620022,0.21388579463811966,False,0.5477301490771521,0.42314185819095074,0.666610921209444,0.36719142646908587,0.7165255874435922,0.46394368382920453,2016,3.3634857640668336,0.33161216008088473,2016,4.449706223465795,0.5606674629059926,0.5550243893898628,0.5322049339851564,2012;2014;2016;2019;2023-08-10;2024-09-20,385,385,43,,m2_20260926T165115Z_1ffdde7
logit_F1_wf,cluster_gate,URBAN,combined,main,6,0.2053756811806194,0.1353045519646331,-0.14243574237857623,0.553187104739815,-0.17028997983256663,0.5810413421938054,0.0,0.0,0.4457496508620428,3.641241209194458,0.602131937471013,0.0,0.0,0.7900846511313488,0.0,False,0.5511642079385735,0.4644511451812757,0.6348747070693516,0.45753008641639287,0.6413069839444718,0.3098020174987949,2016,4.4036892355407815,0.3098020174987949,2016,4.4036892355407815,0.5520666666666666,0.5312046511627907,0.5533,2012;2014;2016;2019;2023-08-10;2024-09-20,43,385,43,,m2_20260926T165115Z_1ffdde7
logit_F1_wf,object,URBAN,combined,main,8,0.11880263167537382,0.13563999074918334,-0.20193497993596599,0.4395402432867136,-0.5348991382413958,0.7725044015921435,0.05297293934822629,0.0,0.42122259454312194,10.645021234545794,0.15486998745147204,0.3424155907474168,0.0,0.8367930680888702,0.23015850918057817,False,0.5296657740678853,0.4496871094135438,0.6081494744740333,0.36937496848503404,0.6840623969296732,0.32527703183339285,2024-09-20,5.122175390156163,0.22434099918038802,2024-09-20,6.44983566076032,0.5223368209138222,0.5427861706597633,0.5062839676878315,2012;2014;2016;2019;2022-09-06;2023-08-10;2024-07-24;2024-09-20,151,385,43,,m2_20260926T165115Z_1ffdde7
logit_F1_wf,cell_gate,AGRI,combined,main,4,0.707885107726692,0.08012492220766806,0.45289184508575425,0.9628783703676298,0.3631353924689057,1.0526348229844782,0.0,0.0,1.795805077958948,2.663655516935992,0.4464390332617679,0.0,0.0,0.9800869255971418,0.0,False,0.6699336776298858,0.6113265756340083,0.7236977325519789,0.5897992117061237,0.7412805364471751,0.6413059373107115,2024-09-20,2.1180421626317862,0.6413059373107115,2024-09-20,2.1180421626317862,0.6227432079949085,0.6693247478142059,0.6594176417731378,2012;2014;2024-09-20;2025,1239,1239,77,,m2_20260926T165115Z_1ffdde7
logit_F1_wf,cluster_gate,AGRI,combined,main,4,0.3860771529313097,0.2341896912866103,-0.35921896483929544,1.1313732707019148,-1.2914457742367471,2.0636000800993664,0.11053423085357769,0.0,4.292095706662959,8.967141944917756,0.029730957287984076,0.6654452423717583,0.0,0.9905638297487565,0.3324668868527777,False,0.5953379981227108,0.411148645669105,0.7560922422898968,0.21560819906542872,0.8873146347119967,0.5293326525236415,2024-09-20,2.5845598013072992,0.3283182583009675,2024-09-20,3.6725296523124724,0.5609250000000001,0.5929844155844156,0.59435,2012;2014;2024-09-20;2025,77,1239,77,,m2_20260926T165115Z_1ffdde7
logit_F1_wf,object,AGRI,combined,main,4,0.40007815463971536,0.28689547350374844,-0.5129512850149087,1.3131075942943395,-1.954966275824602,2.755122585104033,0.23136044965321598,0.0324618594905547,5.507402129226302,13.649122072813702,0.003423833203249329,0.7802056437039716,0.5859472117367442,0.9958521913744721,0.4809994279136057,False,0.5987064374596358,0.3745019306731594,0.7880327042306327,0.1240128453055321,0.9402020030860662,0.5459172269874997,2024-09-20,2.5034368061626835,0.2845553664115721,2024-09-20,3.899008275511333,0.5752187835304715,0.6281889074973299,0.6304464348570076,2012;2014;2024-09-20;2025,168,1239,77,,m2_20260926T165115Z_1ffdde7
logit_F1_wf,cell_gate,UNIVERSE,combined,main,6,0.7171130828337351,0.4182716608278002,-0.35808845085164154,1.7923146165191117,-2.1026556530412117,3.5368818187086815,0.8724297375450675,0.2732893267993946,6.781744122695746,41.88278747755116,6.221022195402518e-08,0.8806192161235696,0.8859130793342562,0.9948372859661756,0.9340394732264089,False,0.6719709817296909,0.41142237671843274,0.857210820885465,0.10883897360617024,0.9717191470727885,0.5293404025883099,2024-09-20,2.7445131746130493,0.18052558621247458,2024-09-20,5.96634829740395,0.643346922710437,0.5990725211007225,0.6685600400750478,2012;2014;2016;2019;2023-08-10;2024-09-20,437,437,104,,m2_20260926T165115Z_1ffdde7
logit_F1_wf,cluster_gate,UNIVERSE,combined,main,6,0.5569073281350846,0.1443123522027908,0.1859406169046403,0.9278740393655289,-0.1495296751896772,1.2633443314598463,0.04747054035514641,0.0007051767890466422,1.4611584393684904,13.27755550865004,0.02091206341426779,0.623424658496618,0.018864101667078324,0.9755134831318911,0.21787735163423116,False,0.6357366541519982,0.5463516845242689,0.7166437751934763,0.4626870789931148,0.7796012785566093,0.5362135570202282,2024-09-20,2.599557821210685,0.30899025969530064,2024-09-20,4.5007168140232885,0.6531666666666667,0.5963173076923076,0.62785,2012;2014;2016;2019;2023-08-10;2024-09-20,104,437,104,,m2_20260926T165115Z_1ffdde7
logit_F1_wf,object,UNIVERSE,combined,main,9,0.6069064160966554,0.176855128314048,0.19907775887239737,1.0147350733209135,-0.544884612670628,1.7586974448639388,0.2066458843917609,0.05906203628498767,1.007693740705244,35.36221008389637,2.2966751353762153e-05,0.7737697960331069,0.5926586904192591,0.9612758678794979,0.4545831985365945,False,0.6472347912148735,0.5496057168740077,0.7339457876626415,0.3670520302508049,0.8530464493029645,0.4085920587475847,2024-09-20,4.409889071135846,0.14156547725158605,2024-09-20,8.546296945605043,0.6492491009359624,0.6040457049151091,0.671612610188823,2012;2014;2016;2019;2022-09-06;2023-08-10;2024-07-24;2024-09-20;2025,239,439,106,,m2_20260926T165115Z_1ffdde7
slope_neg,cell_gate,ALL,development,S1_dl_wald,6,2.153936684135103,0.290443878619014,1.5846771425117128,2.7231962257584934,0.15033453045353706,4.157538837816669,0.43641096171360955,0.07064711507496321,1.5663553031720883,44.74024025971974,1.6384364545267782e-08,0.8882437829798252,0.5626783715615293,0.966132617762334,0.6606140792577838,False,0.8960360725463059,0.8298658958577095,0.9383816036826804,0.5375130082401088,0.9845950088087592,0.477302106332287,2025,3.4643104608457764,0.18631158039377965,2025,5.971336838905137,0.8866573444947551,0.8707890574650158,0.8850293134433337,2006;2012;2014;2016;2019;2025,696,696,53,,m2_20260926T165115Z_1ffdde7
slope_neg,cluster_gate,ALL,development,S1_dl_wald,6,1.7750834736202996,0.3831835922311001,1.0240574333806614,2.5261095138599376,-0.9572611634912411,4.507428110731841,0.8216550514934209,0.17838338614974034,3.2572230429530444,86.66725582350932,3.365041911866179e-17,0.9423080844952322,0.7800280171382891,0.9847907419022711,0.9064519024710693,False,0.8550887122025421,0.7357621844406078,0.9259520444287791,0.2774268905356085,0.989093480425054,0.37400649900617466,2025,4.435337028746642,0.17428047701193375,2025,5.995246368166165,0.8355166666666668,0.8167320754716981,0.8624499999999999,2006;2012;2014;2016;2019;2025,53,696,53,,m2_20260926T165115Z_1ffdde7
slope_neg,object,ALL,development,S1_dl_wald,6,1.8816794364122063,0.28498809772834155,1.3231130288420756,2.440245843982337,-0.14531967038681182,3.9086785432112245,0.45178389904349825,0.13853703176139184,2.5503125471986716,77.83194834697551,2.3833753515686465e-15,0.9357590281858299,0.8170743784496879,0.9879846721675575,0.672148717951242,False,0.8678039109168956,0.7896991671459691,0.9198452157737355,0.4637338816910522,0.980327761608455,0.29474873063924695,2014,5.085545576744923,0.1732873347759548,2014,5.994108843929602,0.8543652545945166,0.8302963520185864,0.8673775317541229,2006;2012;2014;2016;2019;2025,142,696,53,,m2_20260926T165115Z_1ffdde7
slope_neg,cell_gate,FLAT,development,S1_dl_wald,6,0.9150639598837526,0.2604318340552354,0.40462694470777927,1.4255009750597258,-0.8083718857149361,2.638499805482441,0.317486839290769,0.04288488954472282,1.1515756093978644,30.324170968479663,1.2732427211987895e-05,0.8351150306731475,0.40622447906873416,0.9483763449808832,0.5634597051172062,False,0.7140352868541359,0.5997988239338435,0.8061993475083697,0.30823754545556337,0.9332986345607378,0.4358738129639013,2025,3.642899400749949,0.20045497336042487,2025,5.8508420810266335,0.7033145683574192,0.6804558361103139,0.6932465243647756,2006;2012;2014;2016;2019;2025,633,633,49,,m2_20260926T165115Z_1ffdde7
slope_neg,cluster_gate,FLAT,development,S1_dl_wald,6,0.525926158792922,0.3360527923174656,-0.13272521105342905,1.1845775286392732,-1.802461590747674,2.854313908333518,0.5903552603681187,0.11817189452105567,2.445636491736307,52.829305725405455,3.645978509217795e-10,0.9053555610594459,0.6569240220791206,0.9753864543812932,0.7683457947878147,False,0.6285324530315426,0.4668673216834171,0.7657698571683365,0.14155168117540476,0.9455412462838987,0.35045532610610985,2025,4.264919771512977,0.18293919380506002,2025,5.94920310857019,0.6126166666666667,0.6160632653061224,0.61205,2006;2012;2014;2016;2019;2025,49,633,49,,m2_20260926T165115Z_1ffdde7
slope_neg,object,FLAT,development,S1_dl_wald,6,0.5094952038919497,0.26540535162459106,-0.010689726596437854,1.0296801343803372,-1.3348661208541621,2.3538565286380617,0.37083957925028155,0.09544986360185358,2.035019126065742,48.87018156745929,2.359050372370592e-09,0.8976881231124931,0.693094930448162,0.9796534569246742,0.6089659918667721,False,0.6246881310234372,0.49732759379888686,0.7368538785119737,0.20835559090799805,0.9132402772257513,0.3846256061359495,2014,4.338107912928442,0.18166300571014288,2014,5.972403453304404,0.6143173385292618,0.5907247315226698,0.5951806583313981,2006;2012;2014;2016;2019;2025,131,633,49,,m2_20260926T165115Z_1ffdde7
slope_neg,object,URBAN,development,S1_dl_wald,5,0.07130003482596546,0.2896667192557236,-0.4964363024351278,0.6390363720870588,-1.9717950497612022,2.114395119413133,0.32824289176974053,0.05291980186196291,2.9858319961356563,19.057216406389806,0.0007658593201704892,0.7901057575932854,0.3776785665924306,0.9716244875680319,0.5729248570011084,False,0.517817461134504,0.3783785157114501,0.6545355987281279,0.12219621145549557,0.8922944553122665,0.28182594676263667,2014,4.5858490465869295,0.2158501707329315,2014,4.981006835813023,0.5172397037170069,0.5159154045162698,0.5254148913022568,2006;2012;2014;2016;2019,77,351,31,,m2_20260926T165115Z_1ffdde7
slope_neg,cell_gate,AGRI,development,S1_dl_wald,4,0.675818282356538,0.42150523005564144,-0.15031678784778923,1.5019533525608653,-3.178012915052248,4.5296494797653235,0.6245889934273318,0.09889569495252319,6.581280223798318,29.935752212998075,1.4236756606007063e-06,0.8997853810836461,0.5870574192448115,0.9895405300339617,0.790309428912076,False,0.6628047432273796,0.4624914024464113,0.8178656310916127,0.04000157117692575,0.9893306080038421,0.6135722621988453,2025,2.320622119055001,0.27498505661030637,2025,3.9815854102324173,0.642631217725403,0.6271253515861469,0.6157860748977577,2006;2012;2014;2025,216,216,33,,m2_20260926T165115Z_1ffdde7
slope_neg,cluster_gate,AGRI,development,S1_dl_wald,4,0.5675561009740329,0.44895774631565794,-0.3123849123849268,1.4474971143329927,-3.5750776766837293,4.710189878631795,0.7254385625437338,0.11686018480941472,6.992172021059396,34.91417779246986,1.270186278744005e-07,0.9140750208172731,0.6314959671407724,0.9903414686698476,0.8517268121550089,False,0.6381990671814404,0.4225327158060611,0.8096129385493589,0.027249891692719654,0.9910772640678102,0.603775359760686,2025,2.389604525492705,0.2697103235611944,2025,3.990639479741749,0.620125,0.6320636363636364,0.5888500000000001,2006;2012;2014;2025,33,216,33,,m2_20260926T165115Z_1ffdde7
slope_neg,object,AGRI,development,S1_dl_wald,4,0.6159375065279893,0.46050864805206737,-0.28664285822329405,1.5185178712792726,-3.7143242194811084,4.9461992325370865,0.8008064360579452,0.1641248098730916,8.439976537885341,67.87228649097851,1.2183427688472893e-14,0.9557993379168277,0.8159005143403326,0.9956313532459625,0.8948778889088417,False,0.6492940349347076,0.4288259488851715,0.8203201259098716,0.023792048060616945,0.9929398180475437,0.4224019817865824,2025,3.203441835619782,0.25833375625953575,2025,3.9944892716988534,0.62891352242858,0.6213302102035829,0.5744977120491392,2006;2012;2014;2025,78,216,33,,m2_20260926T165115Z_1ffdde7
slope_neg,cell_gate,UNIVERSE,development,S1_dl_wald,5,1.1865695686191993,0.4001515424038425,0.4022869571495158,1.9708521800888827,-1.6756348267087682,4.048773963947166,0.6487494704872688,0.09551756687907373,4.157340942849488,25.283470561316012,4.4119821192330636e-05,0.8417938712053225,0.43927620388491856,0.9715078493407829,0.8054498559732125,False,0.7661269729905239,0.5992370019198472,0.8777026162595304,0.1576743553582464,0.9828553192945447,0.35119018822537146,2019,3.7521277103189807,0.22475938184059624,2019,4.937760682716698,0.7507601798069935,0.8003448445413482,0.8245689266046764,2006;2012;2014;2016;2019,340,340,44,,m2_20260926T165115Z_1ffdde7
slope_neg,cluster_gate,UNIVERSE,development,S1_dl_wald,5,0.7606633659503859,0.2551932961265486,0.2604936964462857,1.2608330354544859,-0.8816772236493537,2.4030039555501252,0.20119668871539506,0.0,2.9585522249285603,10.841047609552163,0.028409715396936923,0.6310319681212767,0.0,0.9617576461950265,0.44854953875285064,False,0.6814977403867886,0.5647576494497215,0.7791694768614699,0.2928303375631855,0.9170560834992154,0.367592829831536,2006,4.171047290214542,0.24854196789509286,2006,4.897845363673312,0.68364,0.6509136363636364,0.6541,2006;2012;2014;2016;2019,44,340,44,,m2_20260926T165115Z_1ffdde7
slope_neg,object,UNIVERSE,development,S1_dl_wald,6,0.7292662632284557,0.21857832536647473,0.3008606177090875,1.1576719087478238,-0.6150142563154983,2.07354678277241,0.18664727594000372,0.038613613239197396,2.2045796852061,18.821198342805797,0.002075222229953757,0.7343421014469466,0.3638135640381235,0.9702820958709805,0.43202693890543875,False,0.6746442384511618,0.574652888473063,0.7609094311907199,0.3509162285301042,0.888305354470064,0.45638199591062595,2006,3.4003918615233744,0.2302087793993825,2006,5.438913012177666,0.6954259139413678,0.6401922208250452,0.7087755705070631,2006;2012;2014;2016;2019;2025,105,342,46,,m2_20260926T165115Z_1ffdde7
slope_neg,cell_gate,URBAN,development,S1_dl_wald,4,0.9887915983203293,0.21620152862209455,0.5650443888185183,1.4125388078221404,0.05855150101846773,1.919031695622191,0.0,0.0,2.753042357187543,2.242074896495291,0.5237085444273482,0.0,0.0,0.9307660975255012,0.0,False,0.7288491743280421,0.6376189092109642,0.8041660714803984,0.5146336947953157,0.8720304162533068,0.4672960875628651,2016,3.172332925135817,0.4672960875628651,2016,3.172332925135817,0.7121778973526187,0.7383102682707577,0.7547095816337321,2012;2014;2016;2019,349,349,29,,m2_20260926T165115Z_1ffdde7
slope_neg,cluster_gate,URBAN,development,S1_dl_wald,4,0.30672202417308314,0.30271599416842015,-0.2865904219412574,0.9000344702874237,-1.9838493508074162,2.5972933991535827,0.1917729600205009,0.0,4.818675362430795,6.342465762770122,0.09608665588062612,0.526997840869743,0.0,0.9655117196550067,0.4379188966241362,False,0.5760849434301535,0.4288387923747484,0.7109565862281546,0.12090909265481245,0.930687184161244,0.40411794734903894,2016,3.5423160189627323,0.3120423974575091,2016,3.916198080626627,0.56115,0.5286586206896552,0.5884499999999999,2012;2014;2016;2019,29,349,29,,m2_20260926T165115Z_1ffdde7
slope_neg,object,ALL,holdout,S1_dl_wald,4,1.4493482586984034,0.12250647918700396,1.20923997161907,1.6894565457777369,0.5161564680945833,2.3825400493022237,0.03203237004191917,0.0,1.5521452169275756,7.323053497202504,0.062283586091302155,0.5903348239711704,0.0,0.9858807459776008,0.1789758923484366,False,0.8098981100998137,0.7701644431558079,0.8441526769888844,0.6262485816833528,0.9154861685617363,0.6806073852315824,2024-09-20,1.9620111423685482,0.4015969924929107,2024-09-20,3.2536073709259203,0.7912061164043248,0.8157793048419538,0.7955574450454053,2022-09-06;2023-08-10;2024-07-24;2024-09-20,196,1272,55,,m2_20260926T165115Z_1ffdde7
slope_neg,object,FLAT,holdout,S1_dl_wald,4,-0.14338627299009157,0.26274802683171544,-0.6583629425892176,0.3715903966090345,-2.096381278808278,1.8096087328280948,0.13699310073576382,0.0,6.438493874470509,6.328233552911692,0.09668833453578374,0.52593405807223,0.0,0.9811820859970941,0.3701257904223425,False,0.4642147217405807,0.34110744960778455,0.5918432183523644,0.10944903958667025,0.8593145794404285,0.9157710185853737,2024-09-20,1.187932592702349,0.4790752010995047,2024-09-20,3.0142297679637324,0.4097956557046947,0.5294631662359266,0.449119440018132,2022-09-06;2023-08-10;2024-07-24;2024-09-20,175,1234,50,,m2_20260926T165115Z_1ffdde7
slope_neg,object,URBAN,holdout,S1_dl_wald,4,-0.06794327109014782,0.23934530690836014,-0.5370514524992195,0.4011649103189239,-1.9250857773858763,1.7891992352055808,0.12901597538909382,0.0,2.804283704277703,7.680423177842451,0.05309940829017805,0.6093965227521817,0.0,0.9713558438548382,0.35918793881350447,False,0.4830207134981421,0.36887375574857284,0.5989675101305576,0.1272955086440889,0.8568290723555141,0.6678335932812796,2024-09-20,2.0304557663932825,0.3820016262111165,2024-09-20,3.46664040929901,0.46746202470082077,0.5340226652110535,0.4977396462359351,2022-09-06;2023-08-10;2024-07-24;2024-09-20,81,36,14,,m2_20260926T165115Z_1ffdde7
slope_neg,object,UNIVERSE,holdout,S1_dl_wald,4,0.6230184683655775,0.17092869368348243,0.2880043848214729,0.9580325519096822,-0.5583806962708904,1.8044176330020454,0.046174594226830096,0.0,4.687125197165983,4.955172370702924,0.17510922718065833,0.39457201978739026,0.0,0.9851092310320304,0.21488274529805806,False,0.6509047404173125,0.5715075032522522,0.7227277163686847,0.36392221807967984,0.8586858403017165,0.7941564537761703,2024-09-20,1.5391784994424853,0.5162685240524009,2024-09-20,2.7273969167889285,0.6879486743858475,0.6488957399176261,0.6840427066037467,2022-09-06;2023-08-10;2024-07-24;2024-09-20,145,107,65,,m2_20260926T165115Z_1ffdde7
slope_neg,cell_gate,ALL,holdout,S1_dl_wald,2,2.0107761258363253,0.4423648873987115,1.1437568785097343,2.8777953731629164,,,0.3429018433802877,0.028519742401215468,399.62803924498746,7.9120570800633345,0.004910639853849142,0.8736106185937684,0.3650341325303076,0.9998758768917821,0.5855782128633951,False,0.8819238673625395,0.7583687385122109,0.9467378039827528,,,0.712983069991425,2023-08-10,1.6928391557058309,0.5269187984662164,2023-08-10,1.9942197802041124,0.87670135925906,0.9212610716385954,0.87670135925906,2023-08-10;2024-09-20,1272,1272,55,"k=2: tau2 불안정, 예측구간 없음",m2_20260926T165115Z_1ffdde7
slope_neg,cluster_gate,ALL,holdout,S1_dl_wald,2,1.622485456085329,0.11066699502742142,1.4055821315543098,1.8393887806163483,,,0.0,0.0,2.900436953063107,0.11499633430106038,0.7345260410399607,0.0,0.0,0.9914599963281943,0.0,False,0.835137619410175,0.8030681945617342,0.8628764035486283,,,0.5699328996606443,2024-09-20,1.9616258092346621,0.5699328996606443,2024-09-20,1.9616258092346621,0.8358,0.8311672727272729,0.8358,2023-08-10;2024-09-20,55,1272,55,"k=2: tau2 불안정, 예측구간 없음",m2_20260926T165115Z_1ffdde7
slope_neg,cell_gate,FLAT,holdout,S1_dl_wald,2,0.4996932806804962,0.7194698785357628,-0.9104417692110063,1.9098283305719985,,,0.9404273880161698,0.11114743854918678,1054.178374256369,10.90529595067209,0.0009588971842928448,0.9083014340442205,0.5393168410986241,0.9999099456702855,0.9697563549759134,False,0.6223872483162528,0.2869094461099271,0.8709998604591775,,,0.5523544616014664,2024-09-20,1.9783098922467641,0.5048008290502414,2024-09-20,1.999815633320546,0.6071327557206461,0.7659315984317446,0.6071327557206461,2023-08-10;2024-09-20,1234,1234,50,"k=2: tau2 불안정, 예측구간 없음",m2_20260926T165115Z_1ffdde7
slope_neg,cluster_gate,FLAT,holdout,S1_dl_wald,2,0.20776555642677405,0.15057273282828368,-0.0873515769704338,0.5028826898239819,,,0.007447145680852534,0.0,71.58968006501466,1.118357715940637,0.2902723551600254,0.10583171578611393,0.0,0.9991218649425161,0.08629684629725778,False,0.5517553480279864,0.47817598097367975,0.6231365344815929,,,0.8334554772115467,2024-09-20,1.3843031720548613,0.7981653119199714,2024-09-20,1.47535034844434,0.52375,0.564802,0.52375,2023-08-10;2024-09-20,50,1234,50,"k=2: tau2 불안정, 예측구간 없음",m2_20260926T165115Z_1ffdde7
slope_neg,cell_gate,URBAN,holdout,S1_dl_wald,2,0.30284795982915574,0.35412111992749085,-0.3912166813937155,0.9969126010520271,,,0.15504042897168357,0.0,257.3349080967204,2.5856653632923274,0.10783508593816715,0.6132523511369236,0.0,0.9996201870779113,0.39375173519831447,False,0.5751385762217202,0.4034244437700588,0.7304511262983999,,,0.6153660281570486,2023-08-10,1.8989073350700314,0.54461754014841,2023-08-10,1.9842000145856742,0.5803756272874293,0.5946450729739935,0.5803756272874293,2023-08-10;2024-09-20,36,36,14,"k=2: tau2 불안정, 예측구간 없음",m2_20260926T165115Z_1ffdde7
slope_neg,cluster_gate,URBAN,holdout,S1_dl_wald,2,0.48222742422741677,0.3428666477080432,-0.18977885678033063,1.154233705235164,,,0.12622943322110763,0.0,246.17243135771835,2.0915490171144744,0.14811582293086903,0.5218854581856218,0.0,0.9995304584740117,0.3552878174397592,False,0.6182737104340963,0.4526971722677865,0.7602833706576225,,,0.6747901643713169,2023-08-10,1.782203335208447,0.583569719352052,2023-08-10,1.9456471938737392,0.62825,0.6741071428571429,0.62825,2023-08-10;2024-09-20,14,36,14,"k=2: tau2 불안정, 예측구간 없음",m2_20260926T165115Z_1ffdde7
slope_neg,cell_gate,UNIVERSE,holdout,S1_dl_wald,2,1.194700760391039,0.1609124880263048,0.8793180791967488,1.510083441585329,,,0.0,0.0,33.507512917792056,0.46555661129457415,0.495038468931032,0.0,0.0,0.9978905484459895,0.0,False,0.767580737085656,0.706680890421827,0.8190735725571027,,,0.7592747012170812,2024-09-20,1.5761764302249743,0.7592747012170812,2024-09-20,1.5761764302249743,0.7547141542397088,0.7735513034640502,0.7547141542397088,2023-08-10;2024-09-20,107,107,65,"k=2: tau2 불안정, 예측구간 없음",m2_20260926T165115Z_1ffdde7
slope_neg,cluster_gate,UNIVERSE,holdout,S1_dl_wald,2,1.0386370912129603,0.1443584812582705,0.7556996670838498,1.3215745153420708,,,0.0,0.0,45.94614617535721,0.6450746810264154,0.42187913344165606,0.0,0.0,0.9984775884931453,0.0,False,0.7385869463210524,0.6804193577067751,0.7894435455693494,,,0.8182223695041964,2024-09-20,1.4234248268548326,0.8182223695041964,2024-09-20,1.4234248268548326,0.7187,0.7452707692307692,0.7187,2023-08-10;2024-09-20,65,107,65,"k=2: tau2 불안정, 예측구간 없음",m2_20260926T165115Z_1ffdde7
slope_neg,cell_gate,AGRI,holdout,S1_dl_wald,1,1.2763449772670705,0.26311163246633645,,,,,,,,,,,,,,False,0.7818269684220438,,,,,1.0,2024-09-20,1.0,1.0,2024-09-20,1.0,0.7818269684220438,0.7818269684220438,0.7818269684220438,2024-09-20,1112,1112,47,k=1: 통합 불가,m2_20260926T165115Z_1ffdde7
slope_neg,cluster_gate,AGRI,holdout,S1_dl_wald,1,0.26554954410277787,0.13450013807819017,,,,,,,,,,,,,,False,0.566,,,,,1.0,2024-09-20,1.0,1.0,2024-09-20,1.0,0.566,0.566,0.566,2024-09-20,47,1112,47,k=1: 통합 불가,m2_20260926T165115Z_1ffdde7
slope_neg,object,AGRI,holdout,S1_dl_wald,1,0.2921342778608329,0.10073324030350651,,,,,,,,,,,,,,False,0.5725185590145807,,,,,1.0,2024-09-20,1.0,1.0,2024-09-20,1.0,0.5725185590145807,0.5725185590145807,0.5725185590145807,2024-09-20,109,1112,47,k=1: 통합 불가,m2_20260926T165115Z_1ffdde7
slope_neg,cell_gate,ALL,combined,S1_dl_wald,8,2.118609278467867,0.24243504705475236,1.6434453176502792,2.593773239285455,0.4503792946012868,3.7868392623344476,0.40603496293236935,0.07627967875276563,0.9939074362116599,64.85853618796625,1.6055505148644004e-11,0.8920728031894933,0.6082728863490633,0.9529026342073831,0.6372087279160333,False,0.8926987882843599,0.8380031973542399,0.9304597591931364,0.6107294108537813,0.9778352771267753,0.34468778240372705,2025,5.098394686385199,0.1391443578017455,2025,7.960544003083298,0.8841683481858313,0.9034112129674515,0.8850293134433337,2006;2012;2014;2016;2019;2023-08-10;2024-09-20;2025,1968,1968,108,,m2_20260926T165115Z_1ffdde7
slope_neg,cluster_gate,ALL,combined,S1_dl_wald,8,1.7388775823493974,0.26047205053676603,1.2283617443180392,2.2493934203807555,-0.0932091132072872,3.570964277906082,0.4927572793670798,0.13920101331964566,1.6043974210677774,93.77937679122715,2.067536795042832e-17,0.925356722986297,0.7778811514477336,0.9758245619595574,0.7019667224071806,False,0.8505444414463218,0.7735317125913159,0.9045981999455898,0.47671457778448456,0.9726408607777319,0.22857125396979108,2025,6.199894389040979,0.13210014652325652,2025,7.981883098347558,0.8355875,0.8240833333333334,0.84915,2006;2012;2014;2016;2019;2023-08-10;2024-09-20;2025,108,1968,108,,m2_20260926T165115Z_1ffdde7
slope_neg,object,ALL,combined,S1_dl_wald,10,1.6925225650610702,0.16442512903946127,1.3702552339903753,2.014789896131765,0.5213987276978107,2.8636464024243296,0.2308846489359722,0.12238734889906527,1.1191451092645068,96.30711368318734,8.765484108487215e-17,0.9065489593052651,0.8371917683889064,0.979176087284871,0.48050457743498365,False,0.8445556137343097,0.797421387329893,0.8823411976501441,0.6274747774194827,0.9460198110312409,0.39363142102002746,2024-09-20,4.867517632018467,0.11444973863533142,2024-09-20,9.82539118683022,0.8291015993184399,0.8218781826498883,0.8352952031216694,2006;2012;2014;2016;2019;2022-09-06;2023-08-10;2024-07-24;2024-09-20;2025,338,1968,108,,m2_20260926T165115Z_1ffdde7
slope_neg,cell_gate,FLAT,combined,S1_dl_wald,8,0.8116901644601474,0.24318840679283385,0.33504964568851725,1.2883306832317776,-0.8121909464243423,2.4355712753446372,0.38128424507882264,0.08082955173297464,1.2729535699772123,46.73522958425217,6.286627105049427e-08,0.8502200574968672,0.5461496566434949,0.9498782140675193,0.6174821819929889,False,0.6924695511113658,0.5829875237667157,0.783864505975548,0.30742381490930704,0.9194998827322662,0.3651377690222924,2025,4.855501810496854,0.1470605391823854,2025,7.883304258780505,0.679269115198226,0.7369513319349769,0.6932465243647756,2006;2012;2014;2016;2019;2023-08-10;2024-09-20;2025,1867,1867,99,,m2_20260926T165115Z_1ffdde7
slope_neg,cluster_gate,FLAT,combined,S1_dl_wald,8,0.423104358795982,0.25362232252833217,-0.0739862590349506,0.9201949766269146,-1.3073903417002042,2.1535990592921683,0.4358298926599573,0.10686444798512934,1.3698754224090859,64.729931532805,1.7039722054553622e-11,0.8918583747234088,0.6691127307800457,0.9628555381442063,0.6601741381332332,False,0.604225856500895,0.4815118680898739,0.7150818318668818,0.21292386203846692,0.8960046167534336,0.29257896610522094,2024-09-20,5.325755981275782,0.1408186551698873,2024-09-20,7.901872089740199,0.5904,0.5901737373737374,0.5769,2006;2012;2014;2016;2019;2023-08-10;2024-09-20;2025,99,1867,99,,m2_20260926T165115Z_1ffdde7
slope_neg,object,FLAT,combined,S1_dl_wald,10,0.27832404170676167,0.17884901204969889,-0.0722135805812183,0.6288616639947416,-0.9086412930870453,1.4652893765005686,0.23295814053543795,0.11865997176928623,1.694774987909295,61.41027005569673,7.164487586974079e-10,0.8534447089739656,0.7478694134811121,0.9769399716779779,0.48265737385379076,False,0.569135292634735,0.4819544461712164,0.6522313031751701,0.2872779511525327,0.8123403383680328,0.4576332423426317,2024-09-20,3.7325946272836963,0.13324085649676948,2024-09-20,9.277633640453367,0.532508665399435,0.5556895226168527,0.5397083271293787,2006;2012;2014;2016;2019;2022-09-06;2023-08-10;2024-07-24;2024-09-20;2025,306,1867,99,,m2_20260926T165115Z_1ffdde7
slope_neg,object,URBAN,combined,S1_dl_wald,9,0.004723227285928744,0.17506336703458758,-0.3383946671141795,0.3478411216860369,-1.0765075600816068,1.0859540146534643,0.1784328351956084,0.039770171354853306,0.9215193887875802,26.7435419536264,0.0007827879253646281,0.7008623609441079,0.3430599919448903,0.9236650972685847,0.42241310963985057,False,0.501180804626281,0.4161994842428752,0.5860939588381097,0.2541674972671404,0.7476190708003487,0.3668054562212786,2024-09-20,5.184595359254897,0.1537123956377381,2024-09-20,8.54035198830416,0.4951162908209241,0.5251982406952411,0.5254148913022568,2006;2012;2014;2016;2019;2022-09-06;2023-08-10;2024-07-24;2024-09-20,158,387,45,,m2_20260926T165115Z_1ffdde7
slope_neg,cell_gate,AGRI,combined,S1_dl_wald,5,0.8084638637616024,0.32173096560076697,0.1778827584728041,1.4390449690504008,-1.5288285923481446,3.1457563198713494,0.4358804951459308,0.08958466611554006,3.5431885333790953,30.364712704561477,4.125040097516416e-06,0.8682681427313782,0.5753096667763413,0.981677739025865,0.6602124621255878,False,0.6917820664162773,0.544353796661505,0.8083067158573917,0.17816514135838002,0.9587411829595144,0.5153401961818395,2025,3.033827988403549,0.22630894975350538,2025,4.965149127562311,0.6704703678647312,0.75666465724994,0.685614849187935,2006;2012;2014;2024-09-20;2025,1328,1328,80,,m2_20260926T165115Z_1ffdde7
slope_neg,cluster_gate,AGRI,combined,S1_dl_wald,5,0.5077875671769385,0.34690055116726015,-0.17212501932798563,1.1877001536818628,-2.06849347558037,3.0840686099342474,0.5349964298825588,0.10384524121414873,3.2229427753745887,51.77467398429755,1.5375179105648317e-10,0.9227421499319699,0.6986427227551186,0.9862922501874282,0.7314345014302777,False,0.6242876855283576,0.45707467201150576,0.7663294862370736,0.11219701406378048,0.9562307864856546,0.4221977608233823,2024-09-20,3.1450246587876904,0.2175788871721836,2024-09-20,4.974731120265855,0.6093,0.59325125,0.566,2006;2012;2014;2024-09-20;2025,80,1328,80,,m2_20260926T165115Z_1ffdde7
slope_neg,object,AGRI,combined,S1_dl_wald,5,0.5526775042676074,0.3396013952264944,-0.1129289994758742,1.218284008011089,-2.018568438158317,3.1239234466935315,0.537448230350648,0.1435142959693181,3.903338393248012,85.37560185157977,1.2626523690267799e-17,0.9531482072951737,0.8445373364250809,0.993277407771475,0.7331086074727592,False,0.634756569071255,0.4717977156436224,0.7717614257361723,0.11726709857870077,0.9578688479808725,0.45556681326778986,2024-09-20,3.3325674760497974,0.21061006768669552,2024-09-20,4.985579815612469,0.6176345297457801,0.5928784990827206,0.5725185590145807,2006;2012;2014;2024-09-20;2025,187,1328,80,,m2_20260926T165115Z_1ffdde7
slope_neg,cell_gate,UNIVERSE,combined,S1_dl_wald,7,1.164968341830338,0.2450808902770619,0.6846186235882841,1.645318060072392,-0.38021639433791266,2.710153077998589,0.30126030619322053,0.058053363480112266,1.5980696602615119,25.761914088902103,0.00024656327294783923,0.767098051049525,0.38826407919401845,0.9458627050319165,0.548871848606959,False,0.7622343159645018,0.6647687455332867,0.8382572684272623,0.4060747064431734,0.9376231021427479,0.35182210817103693,2024-09-20,4.695477186267643,0.17910370825907296,2024-09-20,6.761391645941637,0.7518898867877691,0.793931178108975,0.7784268009103503,2006;2012;2014;2016;2019;2023-08-10;2024-09-20,447,447,109,,m2_20260926T165115Z_1ffdde7
slope_neg,cluster_gate,UNIVERSE,combined,S1_dl_wald,7,0.8233156625461338,0.1808684346631478,0.4688200446662281,1.1778112804260394,-0.20800162919150744,1.854632954283775,0.1282480054172572,0.0025509098205935914,1.1319424857081357,14.988763160295628,0.02034429265216175,0.5997001262990361,0.028936163801543055,0.9296902057356824,0.35811730678264797,False,0.6949397096077223,0.6151044387923063,0.7645540379733821,0.44818626684274904,0.8646701478050614,0.42350448632737686,2024-09-20,4.098325514927504,0.21281557958450778,2024-09-20,6.594936819069066,0.6936571428571429,0.7071816513761469,0.6884,2006;2012;2014;2016;2019;2023-08-10;2024-09-20,109,447,109,,m2_20260926T165115Z_1ffdde7
slope_neg,object,UNIVERSE,combined,S1_dl_wald,10,0.6588367942248837,0.13343082145206298,0.39731718975124586,0.9203563986985216,-0.10164430620695741,1.4193178946567249,0.09095308265014425,0.02220734893218095,0.910534580814395,24.407134423676563,0.003701989946785361,0.6312553598561986,0.29477294513132146,0.944866919273988,0.30158428780383145,False,0.658999042023578,0.5980429158054398,0.7151147188264985,0.474610778884179,0.8052314615383597,0.4251769729816897,2024-09-20,4.004661191661782,0.17563100855233796,2024-09-20,8.17513515103759,0.6924350181191598,0.6452402618987422,0.6840427066037467,2006;2012;2014;2016;2019;2022-09-06;2023-08-10;2024-07-24;2024-09-20;2025,250,449,111,,m2_20260926T165115Z_1ffdde7
slope_neg,cell_gate,URBAN,combined,S1_dl_wald,6,0.6929899782793614,0.23371771450570514,0.23491167529916473,1.151068281259558,-0.6131103233054587,1.9990902798641814,0.1666726990269995,0.0,1.50526788616075,10.654618920377303,0.058674594668439675,0.5307199593560931,0.0,0.9108232871050816,0.4082556784993927,False,0.666631731911305,0.558459333224525,0.7597059887855695,0.3513500180210693,0.8807015301061224,0.3091966212792936,2023-08-10,4.739649376334515,0.2258226122392447,2023-08-10,5.634491764298848,0.6682438073308888,0.7248766396196318,0.6998744281024634,2012;2014;2016;2019;2023-08-10;2024-09-20,385,385,43,,m2_20260926T165115Z_1ffdde7
slope_neg,cluster_gate,URBAN,combined,S1_dl_wald,6,0.3853993073780988,0.20187833204842917,-0.010274952695840556,0.7810735674520382,-0.6484532263586471,1.4192518411148447,0.09790124860741559,0.0,1.5355297424292613,8.451093520785605,0.13306501752325267,0.4083605881650207,0.0,0.9154385411801004,0.31289175222018173,False,0.5951746873513506,0.49743128442527146,0.6859114461677895,0.3433381838342562,0.8052211019044997,0.3022460143382561,2023-08-10,5.034816299544882,0.23541748567816362,2023-08-10,5.67290986303514,0.5835166666666667,0.576013953488372,0.59465,2012;2014;2016;2019;2023-08-10;2024-09-20,43,385,43,,m2_20260926T165115Z_1ffdde7
relelev_neg,cell_gate,ALL,development,S1_dl_wald,6,0.11092101515149105,0.18029097583292714,-0.2424428042186274,0.4642848345216095,-1.107345184515767,1.329187214818749,0.16002862054880274,0.021976796514874396,0.6477788471969012,45.89551432561636,9.537991917787574e-09,0.8910568914311245,0.5290215890245037,0.9706814846213786,0.40003577408627183,False,0.5277018571925314,0.4396844481318792,0.6140301644453069,0.24836615945191473,0.7907061588064214,0.8650948116411964,2025,1.3284725148892587,0.2017091716429914,2025,5.883773794769587,0.5366041363860776,0.5656700024916168,0.5396636671871169,2006;2012;2014;2016;2019;2025,696,696,53,,m2_20260926T165115Z_1ffdde7
relelev_neg,cluster_gate,ALL,development,S1_dl_wald,6,0.3535470828831446,0.2512448633168293,-0.13888380051852944,0.8459779662848187,-1.4276048070078091,2.1346989727740984,0.3484270834695539,0.07365067284368056,1.4667084546724198,106.68911247585092,2.050719540897126e-21,0.9531348618057747,0.8112857899368564,0.9884543004219758,0.5902771242980317,False,0.5874774721814625,0.46533475262437296,0.6997227490903815,0.193472157400486,0.8942302729025287,0.8781169829187648,2025,1.2907388839975766,0.1807125573316248,2025,5.986606313402466,0.5880833333333333,0.5972981132075472,0.5773999999999999,2006;2012;2014;2016;2019;2025,53,696,53,,m2_20260926T165115Z_1ffdde7
relelev_neg,object,ALL,development,S1_dl_wald,6,0.26295218570238493,0.18384956346946882,-0.09738633727118473,0.6232907086759546,-1.0600682214547745,1.5859725928595443,0.19326679899345964,0.06164972627651923,1.0588691793863232,229.96897390522417,1.0860443057104317e-47,0.9782579366464424,0.9348638837693024,0.9959597882508052,0.43962119943590033,False,0.5653618654592149,0.47567263956765055,0.6509665984313812,0.25729641770452677,0.8300487203861222,0.7508508210845148,2025,1.713433316009247,0.1744611580962662,2025,5.992899902897804,0.566412670115911,0.5943964403084719,0.5777108419909125,2006;2012;2014;2016;2019;2025,142,696,53,,m2_20260926T165115Z_1ffdde7
relelev_neg,cell_gate,FLAT,development,S1_dl_wald,6,-0.09276634496063926,0.3934427748928853,-0.8639000137281944,0.6783673238069158,-2.8501739363886505,2.664641246467372,0.8315362093416221,0.13144043944810058,2.667196495444256,61.94583024874374,4.812034479268049e-12,0.9192843169601169,0.6428926976910763,0.9733556110099005,0.9118860725669748,False,0.4768250309093548,0.2965251655593534,0.6633742036342787,0.05467232691936458,0.9349076818211877,0.5987151737108017,2025,2.5461444024729336,0.18290050478829759,2025,5.985667751206096,0.4875889490323279,0.535242856926037,0.5167338449352459,2006;2012;2014;2016;2019;2025,633,633,49,,m2_20260926T165115Z_1ffdde7
relelev_neg,cluster_gate,FLAT,development,S1_dl_wald,6,0.26738763149520034,0.5080531950987852,-0.7283783331289202,1.2631535961193208,-3.3702511072887016,3.9050263702791024,1.4584497052142213,0.2545012376817509,4.510610254817033,121.26421519429566,1.6940538853491845e-24,0.9587677206174241,0.8022796850442385,0.986285413926815,1.2076629104241885,False,0.5664514602439736,0.3255506918794321,0.7795685040665874,0.03323823894804612,0.9802572048767028,0.6198841380300885,2025,2.397894828431557,0.17556102089513526,2025,5.994497963863527,0.56845,0.5527530612244899,0.58785,2006;2012;2014;2016;2019;2025,49,633,49,,m2_20260926T165115Z_1ffdde7
relelev_neg,object,FLAT,development,S1_dl_wald,6,0.08935467399555107,0.3986526176252904,-0.6919900988926357,0.8706994468837379,-2.7971703221102073,2.9758796701013095,0.9219436015589079,0.22980283395523357,3.8226579442325668,217.3945528920969,5.370858401252099e-45,0.977000343690848,0.9137057311896137,0.9943544434164043,0.9601789424679693,False,0.5223238172158041,0.33359051216019303,0.7048912174999108,0.05747727803557084,0.9514724784410926,0.4435211196150141,2025,3.60365697251396,0.17106716311743322,2025,5.997616791579875,0.529295631980941,0.5592549073285153,0.5869985829065639,2006;2012;2014;2016;2019;2025,131,633,49,,m2_20260926T165115Z_1ffdde7
relelev_neg,object,URBAN,development,S1_dl_wald,5,0.20762163045681387,0.19725032622036398,-0.17898190487387622,0.594225165787504,-1.0125248194969951,1.427768080410623,0.1080870342901145,0.0,2.825956407243564,9.674660820730558,0.04627946950034479,0.5865488130158604,0.0,0.9737472696194818,0.3287659262912057,False,0.5517197517928167,0.4553735923617723,0.6443340066010175,0.26648603031409646,0.806553318617518,0.47767226757404857,2016,3.280153533845606,0.28649510374436804,2016,4.631094957437392,0.5312859888824082,0.5708207634417064,0.5697700214987546,2006;2012;2014;2016;2019,77,351,31,,m2_20260926T165115Z_1ffdde7
relelev_neg,cell_gate,AGRI,development,S1_dl_wald,4,0.2598977269729987,0.5246279695118956,-0.7683541985526943,1.2881496524986917,-4.669827537918511,5.189622991864509,1.0374877322555178,0.21850987359819632,11.22842159257618,68.30580309944234,9.839571579150009e-15,0.9560798663675402,0.8209419559249476,0.9957733698444713,1.0185714173564453,False,0.5646111506614921,0.31683523365095806,0.7838338340020792,0.00928683231978327,0.9944567905447725,0.5851571199159469,2025,2.4577677913557623,0.2612347505294814,2025,3.994133217485005,0.5617676741985028,0.5777836030878051,0.5848517634142152,2006;2012;2014;2025,216,216,33,,m2_20260926T165115Z_1ffdde7
relelev_neg,cluster_gate,AGRI,development,S1_dl_wald,4,0.3119384139595751,0.48111505759505385,-0.6310297713466442,1.2549065992657944,-4.188999837064529,4.812876664983678,0.8628210443494151,0.17426390631600444,9.437136971024117,56.29112772229681,3.640963341944506e-12,0.9467056333495393,0.7820275203611079,0.9948794422143942,0.9288816094365391,False,0.5773583353384508,0.34727707696169097,0.7781480612333713,0.01493500500368024,0.9919410201019505,0.681639676828731,2025,1.9965021200500097,0.2646369146560777,2025,3.993871474855722,0.578225,0.5609151515151516,0.6218,2006;2012;2014;2025,33,216,33,,m2_20260926T165115Z_1ffdde7
relelev_neg,object,AGRI,development,S1_dl_wald,4,0.09248672994393133,0.33538693120317953,-0.5648595760997134,0.7498330359875761,-3.049993883875918,3.2349673437637803,0.4209396949115068,0.14759564908765654,7.490763123673468,86.8347164679702,1.0478168736369494e-18,0.9654516059702161,0.9073939111991047,0.9979931323806858,0.6487986551400263,False,0.523105215060319,0.3624237948932799,0.6791423174646224,0.04521773753455139,0.9621291622944106,0.4488213048468879,2025,2.504640687593741,0.2630227483551828,2025,3.988962845692328,0.5300620425079274,0.5355478450685152,0.5685222076741995,2006;2012;2014;2025,78,216,33,,m2_20260926T165115Z_1ffdde7
relelev_neg,cell_gate,UNIVERSE,development,S1_dl_wald,5,-0.41218315687092877,0.1571567797624451,-0.7202047851316145,-0.10416152861024314,-1.2095975575184272,0.3852312437765697,0.03808531253586506,0.0,0.8380423342512172,5.808244564210053,0.21393366432916475,0.3113237647313121,0.0,0.9086533507107553,0.1951545862537313,False,0.3983887567978818,0.3273478894441958,0.4739831363607557,0.22977226625945238,0.5951341931606066,0.3063390993523871,2016,4.369026413200804,0.271103656010655,2016,4.605692543392901,0.39740619923905385,0.40168190453499225,0.3824813593853903,2006;2012;2014;2016;2019,340,340,44,,m2_20260926T165115Z_1ffdde7
relelev_neg,cluster_gate,UNIVERSE,development,S1_dl_wald,5,-0.1588276810867618,0.1740109246994261,-0.4998828264141483,0.18222746424062472,-1.2361400066889334,0.9184846445154099,0.08431398921643773,0.0,1.3018389623934352,9.063040056301517,0.059542949832030935,0.5586469909488255,0.0,0.9513235125651128,0.29036871253018587,False,0.4603763410305432,0.377568205420884,0.5454312166225562,0.22510858803171427,0.7147332409868306,0.25031071161667373,2016,4.87981720476291,0.220683427827917,2016,4.977735114558985,0.46452,0.5072568181818181,0.4403,2006;2012;2014;2016;2019,44,340,44,,m2_20260926T165115Z_1ffdde7
relelev_neg,object,UNIVERSE,development,S1_dl_wald,6,-0.5658837558540366,0.4398388184356256,-1.4279519989905147,0.2961844872824415,-3.7566898120906735,2.6249223003826003,1.1272979375272734,0.2861970811312259,4.730857376200946,223.72677904861516,2.363487904493987e-46,0.9776513119204495,0.9173964670826183,0.99458239085443,1.0617428773141233,False,0.36218716818429325,0.19341798709238547,0.5735095191411109,0.022827665865651568,0.9324484148526848,0.36189415741149683,2025,4.32651856348486,0.1699614048967662,2025,5.998607857605132,0.38753327419916245,0.4631012831109293,0.4219133255179316,2006;2012;2014;2016;2019;2025,105,342,46,,m2_20260926T165115Z_1ffdde7
relelev_neg,cell_gate,URBAN,development,S1_dl_wald,4,0.030603773408906985,0.2687006752880765,-0.49603987277731465,0.5572474195951286,-1.8681549559438175,1.9293625027616317,0.12254524319313041,0.0,4.760771157225409,5.221226699057005,0.1562963201383657,0.4254223819582812,0.0,0.96640260438765,0.3500646271663711,False,0.5076503462577935,0.37847176371813473,0.6358154073863189,0.13375535388366377,0.8731788417872005,0.36866626954669834,2016,3.704803116720373,0.3114755235440965,2016,3.913208595877026,0.5112934528349309,0.47347934703463507,0.45912543386482757,2012;2014;2016;2019,349,349,29,,m2_20260926T165115Z_1ffdde7
relelev_neg,cluster_gate,URBAN,development,S1_dl_wald,4,0.285471239981623,0.19156250108167408,-0.08998436292687334,0.6609268428901194,-0.5387556782150762,1.1096981581783223,0.0,0.0,1.3820780185806,2.000303418045459,0.5723437313066688,0.0,0.0,0.899709544309762,0.0,False,0.5708870577751016,0.4775190765722596,0.6594685601071205,0.3684770906714809,0.7520728345113051,0.40851319486431104,2016,3.5036401941341273,0.40851319486431104,2016,3.5036401941341273,0.5901000000000001,0.602893103448276,0.5747,2012;2014;2016;2019,29,349,29,,m2_20260926T165115Z_1ffdde7
relelev_neg,object,ALL,holdout,S1_dl_wald,4,0.4477231973548328,0.04727604063911349,0.3550638603705184,0.5403825343391472,0.24431081204720465,0.651135582662461,0.0,0.0,0.20547512284552194,2.9810486349906564,0.39455634273539864,0.0,0.0,0.9323473153146562,0.0,False,0.6100977675569019,0.5878450108676785,0.6319014004850181,0.5607757060973271,0.6572663179851592,0.7206906592368253,2024-09-20,1.8172385028547724,0.7206906592368253,2024-09-20,1.8172385028547724,0.5873162345388068,0.6167049602353802,0.5867154354161053,2022-09-06;2023-08-10;2024-07-24;2024-09-20,196,1272,55,,m2_20260926T165115Z_1ffdde7
relelev_neg,object,FLAT,holdout,S1_dl_wald,4,0.3532731060056356,0.07689015255307065,0.20257117623582666,0.5039750357754446,0.022441481232313654,0.6841047307789576,0.0,0.0,0.3754862508552277,1.7539968252962468,0.624996531268581,0.0,0.0,0.8879318777950431,0.0,False,0.5874110729266123,0.5504703241578229,0.6233930236327767,0.5056101348620073,0.6646542141777215,0.7770042597912143,2024-09-20,1.5980919949691306,0.7770042597912143,2024-09-20,1.5980919949691306,0.6006093567528694,0.5806802849034092,0.6066024203437479,2022-09-06;2023-08-10;2024-07-24;2024-09-20,175,1234,50,,m2_20260926T165115Z_1ffdde7
relelev_neg,object,URBAN,holdout,S1_dl_wald,4,0.20645884291528152,0.1270452584584838,-0.04254528806992938,0.4554629739004924,-0.43495949833744896,0.8478771841680119,0.0060828846457665975,0.0,1.0575178707289425,3.229306181632707,0.3576037206491129,0.07100787870067242,0.0,0.9300131500013967,0.07799284996566415,False,0.5514321480220594,0.48936528209406044,0.6119373171270269,0.39294267310150177,0.7001216438963273,0.6727759000258001,2024-09-20,1.997825880942585,0.6261764659952158,2024-09-20,2.2072144556624433,0.5790590535246944,0.531428897193404,0.5701605898608776,2022-09-06;2023-08-10;2024-07-24;2024-09-20,81,36,14,,m2_20260926T165115Z_1ffdde7
relelev_neg,object,UNIVERSE,holdout,S1_dl_wald,4,-0.079764187576064,0.08794569447173566,-0.25213458133602923,0.09260620618390121,-0.4581639699645896,0.29863559481246155,0.0,0.0,0.3265486703282228,1.364556084579461,0.7138636012193764,0.0,0.0,0.8598259566986594,0.0,False,0.48006951900312855,0.437298175815824,0.5231350202554924,0.38742147149271877,0.5741089427937681,0.7278689977605604,2024-09-20,1.7726047064818822,0.7278689977605604,2024-09-20,1.7726047064818822,0.4457676319504632,0.48834859415063253,0.442824014946737,2022-09-06;2023-08-10;2024-07-24;2024-09-20,145,107,65,,m2_20260926T165115Z_1ffdde7
relelev_neg,cell_gate,ALL,holdout,S1_dl_wald,2,0.0065847259046543614,0.17491760938066994,-0.33624748874330423,0.34941694055261296,,,0.02873517796771563,0.0,62.639564559303764,1.8757139647786214,0.17082208425759202,0.4668696726805978,0.0,0.99947642917011,0.169514536154619,False,0.5016461755281769,0.41672129390987483,0.5864761813831737,,,0.5713534811625653,2024-09-20,1.960082379216146,0.5380407047675771,2024-09-20,1.988489863301444,0.5049445469372686,0.46244239506181667,0.5049445469372686,2023-08-10;2024-09-20,1272,1272,55,"k=2: tau2 불안정, 예측구간 없음",m2_20260926T165115Z_1ffdde7
relelev_neg,cluster_gate,ALL,holdout,S1_dl_wald,2,0.3000686899845208,0.0933678001662074,0.11707116434302142,0.48306621562602015,,,0.0,0.0,0.4536737517160188,0.019221538508575886,0.8897332397051548,0.0,0.0,0.9489078818151264,0.0,False,0.5744593085634345,0.5292344089772997,0.6184716550580945,,,0.7675081337176751,2024-09-20,1.5549168570533263,0.7675081337176751,2024-09-20,1.5549168570533263,0.57245,0.5757909090909091,0.57245,2023-08-10;2024-09-20,55,1272,55,"k=2: tau2 불안정, 예측구간 없음",m2_20260926T165115Z_1ffdde7
relelev_neg,cell_gate,FLAT,holdout,S1_dl_wald,2,-0.3733476515569313,0.5114403924470395,-1.3757524009921598,0.6290570978782973,,,0.4183344189555331,0.0,532.8324211869278,4.98235436848541,0.025607111749804422,0.7992916749709252,0.0,0.9998028905524291,0.6467877696397274,False,0.40773235927432505,0.20169204920484357,0.652275631270043,,,0.5532211570788407,2024-09-20,1.9775939275579275,0.5106819292934034,2024-09-20,1.9990875875308045,0.4158216443754223,0.2979691383047085,0.4158216443754223,2023-08-10;2024-09-20,1234,1234,50,"k=2: tau2 불안정, 예측구간 없음",m2_20260926T165115Z_1ffdde7
relelev_neg,cluster_gate,FLAT,holdout,S1_dl_wald,2,0.05636131573491837,0.15027222106940885,-0.23816682543796408,0.3508894569078008,,,0.0,0.0,40.96786754934193,0.5587878609193121,0.45474904447203435,0.0,0.0,0.998242500981393,0.0,False,0.5140866001757465,0.44073815711698927,0.5868332532701238,,,0.8057124644798767,2024-09-20,1.4557731278719992,0.8057124644798767,2024-09-20,1.4557731278719992,0.53555,0.5045299999999999,0.53555,2023-08-10;2024-09-20,50,1234,50,"k=2: tau2 불안정, 예측구간 없음",m2_20260926T165115Z_1ffdde7
relelev_neg,cell_gate,URBAN,holdout,S1_dl_wald,2,-0.5236246070897843,0.2869578649552456,-1.0860516874825743,0.03880247330300557,,,0.0,0.0,38.35867540490727,0.21511631679595272,0.6427865038733827,0.0,0.0,0.9954347065262057,0.0,False,0.37200507067395966,0.25236250026756823,0.5096994013789172,,,0.6263400260405221,2024-09-20,1.879969213254753,0.6263400260405221,2024-09-20,1.879969213254753,0.38069335047051794,0.3752981191669358,0.38069335047051794,2023-08-10;2024-09-20,36,36,14,"k=2: tau2 불안정, 예측구간 없음",m2_20260926T165115Z_1ffdde7
relelev_neg,cluster_gate,URBAN,holdout,S1_dl_wald,2,-0.3245333900866058,0.41131081202837155,-1.130687768114138,0.4816209879409265,,,0.12135663723627449,0.0,344.3475330961041,1.5591709572353056,0.21178664935773045,0.3586335126629204,0.0,0.9993701337799951,0.3483627954249341,False,0.4195713249982027,0.24403419807056356,0.6181305743377961,,,0.5077042077026832,2024-09-20,1.9995252741784473,0.5049412206319852,2024-09-20,1.9998046937834504,0.42375,0.3672071428571429,0.42375,2023-08-10;2024-09-20,14,36,14,"k=2: tau2 불안정, 예측구간 없음",m2_20260926T165115Z_1ffdde7
relelev_neg,cell_gate,UNIVERSE,holdout,S1_dl_wald,2,-0.7555752587977547,0.16442409669331395,-1.0778405665071813,-0.4333099510883279,,,0.0,0.0,29.80506398239019,0.47286382729061627,0.49167261598385803,0.0,0.0,0.9979231460295827,0.0,False,0.31960769533982286,0.2539148868806234,0.3933362234155527,,,0.6791020139853313,2024-09-20,1.772562307583673,0.6791020139853313,2024-09-20,1.772562307583673,0.329666050020782,0.30844153004620234,0.329666050020782,2023-08-10;2024-09-20,107,107,65,"k=2: tau2 불안정, 예측구간 없음",m2_20260926T165115Z_1ffdde7
relelev_neg,cluster_gate,UNIVERSE,holdout,S1_dl_wald,2,-0.5623005603585273,0.16011017278454137,-0.8761107325747135,-0.24849038814234103,,,0.0,0.0,0.5100354132490657,0.008486648102511268,0.926600310597162,0.0,0.0,0.8842806835734998,0.0,False,0.3630153217245297,0.2939843784732278,0.4381951008529301,,,0.7407487337724896,2024-09-20,1.6235877276663897,0.7407487337724896,2024-09-20,1.6235877276663897,0.3649,0.36148,0.3649,2023-08-10;2024-09-20,65,107,65,"k=2: tau2 불안정, 예측구간 없음",m2_20260926T165115Z_1ffdde7
relelev_neg,cell_gate,AGRI,holdout,S1_dl_wald,1,-0.5681721714052352,0.20372384446898234,,,,,,,,,,,,,,False,0.36165869364373326,,,,,1.0,2024-09-20,1.0,1.0,2024-09-20,1.0,0.3616586936437332,0.3616586936437332,0.3616586936437332,2024-09-20,1112,1112,47,k=1: 통합 불가,m2_20260926T165115Z_1ffdde7
relelev_neg,cluster_gate,AGRI,holdout,S1_dl_wald,1,0.139425424583279,0.13658783627792997,,,,,,,,,,,,,,False,0.5348,,,,,1.0,2024-09-20,1.0,1.0,2024-09-20,1.0,0.5348,0.5348,0.5348,2024-09-20,47,1112,47,k=1: 통합 불가,m2_20260926T165115Z_1ffdde7
relelev_neg,object,AGRI,holdout,S1_dl_wald,1,0.3260136651771596,0.10315017174067338,,,,,,,,,,,,,,False,0.5807891252329445,,,,,1.0,2024-09-20,1.0,1.0,2024-09-20,1.0,0.5807891252329445,0.5807891252329445,0.5807891252329445,2024-09-20,109,1112,47,k=1: 통합 불가,m2_20260926T165115Z_1ffdde7
relelev_neg,cell_gate,ALL,combined,S1_dl_wald,8,0.08142804469913387,0.1423593666145286,-0.19759118672727596,0.3604472761255437,-0.8616100216811348,1.0244661110794024,0.12826641599017588,0.017534888709676066,0.34743707893713127,53.19405390224066,3.3940483111400617e-09,0.8684063445725624,0.474278724732088,0.9470204673060573,0.358143010528163,False,0.520345770486117,0.4507622951841881,0.5891487026822912,0.2970030757776582,0.7358416303469327,0.815974699275834,2025,1.4895711274072652,0.15663496561701093,2025,7.838053736821046,0.5286892390238753,0.4989497196406484,0.5374459014659527,2006;2012;2014;2016;2019;2023-08-10;2024-09-20;2025,1968,1968,108,,m2_20260926T165115Z_1ffdde7
relelev_neg,cluster_gate,ALL,combined,S1_dl_wald,8,0.3348874624006681,0.19703776264930348,-0.05129945598631819,0.7210743807876543,-1.0511746497732821,1.7209495745746184,0.28204584049499437,0.05530071473991896,0.7130828661841035,143.00452046137696,1.1923978496673168e-27,0.9510504984218973,0.792077560756343,0.9800486616261614,0.5310798814632262,False,0.5829480943589567,0.4871779477926715,0.6728435591535066,0.25899959962324887,0.8482511071147455,0.8066972083229136,2025,1.5195166287313848,0.13722333710475984,2025,7.975909030441888,0.584175,0.5863453703703704,0.57245,2006;2012;2014;2016;2019;2023-08-10;2024-09-20;2025,108,1968,108,,m2_20260926T165115Z_1ffdde7
relelev_neg,object,ALL,combined,S1_dl_wald,10,0.3015068194736075,0.15365256570907487,0.000353324551646661,0.6026603143955684,-0.8412623584286378,1.4442759973758528,0.22197308202610164,0.04380548784420281,0.344973715322997,409.12603149663596,1.545679402443323e-82,0.9780018886427813,0.8976845446051922,0.9857334325070882,0.47114019360069637,False,0.5748108299722964,0.5000883311369927,0.6462647081247368,0.30126898334946467,0.8091159409089352,0.6472608010438382,2025,2.25139647995739,0.10613246329171097,2025,9.975509615508537,0.5747740958850694,0.607332741804549,0.5782050487635916,2006;2012;2014;2016;2019;2022-09-06;2023-08-10;2024-07-24;2024-09-20;2025,338,1968,108,,m2_20260926T165115Z_1ffdde7
relelev_neg,cell_gate,FLAT,combined,S1_dl_wald,8,-0.16572680658095493,0.3079367603198547,-0.7692717663238129,0.437818153161903,-2.291399491568617,1.9599458784067074,0.659843298970494,0.12326163750478732,1.6561029289378908,68.22017596021045,3.379456315937842e-12,0.8973910591482092,0.6203121869217306,0.9564278331573202,0.8123073919216136,False,0.45866286672755163,0.3166366588812428,0.6077390176974395,0.09183776062183875,0.8765270951177012,0.5113910372426475,2025,3.363659142806053,0.1405536682180204,2025,7.97720838556176,0.46964712286810156,0.37841598559303247,0.5167338449352459,2006;2012;2014;2016;2019;2023-08-10;2024-09-20;2025,1867,1867,99,,m2_20260926T165115Z_1ffdde7
relelev_neg,cluster_gate,FLAT,combined,S1_dl_wald,8,0.22877620805034105,0.3646488092743277,-0.48592232513275646,0.9434747412334386,-2.3515310665603595,2.809083482661041,0.9790348755507211,0.19903754338248555,2.2357098253237853,134.77391261647315,6.31318658593756e-26,0.9480611650719087,0.787727007690113,0.9765715982307765,0.9894619121273548,False,0.5569458962477718,0.380854633005154,0.7198010043023662,0.08694415203490129,0.9431647091924681,0.4682465322676234,2025,3.583431360157499,0.13419908006006484,2025,7.984284159347619,0.560225,0.5283979797979799,0.5700000000000001,2006;2012;2014;2016;2019;2023-08-10;2024-09-20;2025,99,1867,99,,m2_20260926T165115Z_1ffdde7
relelev_neg,object,FLAT,combined,S1_dl_wald,10,0.21121008303757144,0.2790012120677015,-0.3356222442581454,0.7580424103332883,-1.8608719584420235,2.2832921245171662,0.7295675912514865,0.1670271922305996,1.2852583388413297,296.08832653553617,1.763116739263743e-58,0.9696036648749142,0.8795599872056984,0.982515963901071,0.8541472889680599,False,0.552607100430092,0.41687327665499324,0.6809285690803357,0.1346014504670135,0.9074838146165948,0.28979428766618026,2025,5.164115382807716,0.1056714468425077,2025,9.969557073071897,0.5578211218897124,0.5715079827389938,0.5904290412214624,2006;2012;2014;2016;2019;2022-09-06;2023-08-10;2024-07-24;2024-09-20;2025,306,1867,99,,m2_20260926T165115Z_1ffdde7
relelev_neg,object,URBAN,combined,S1_dl_wald,9,0.23420225737790765,0.11476412277274925,0.00926871002598606,0.45913580472982923,-0.3145717770767039,0.7829762918325193,0.04068875967639347,0.0,0.6372961553401114,12.907159808250048,0.11508412187801988,0.38018897117191275,0.0,0.9057264249134951,0.20171454998684024,False,0.5582843959277655,0.502317160917775,0.6128091449882096,0.42199921399544005,0.6863212181992526,0.3362766702130318,2024-09-20,4.967225485265818,0.2181241236335687,2024-09-20,7.112346364108465,0.5525184620567576,0.5506261990992223,0.5697700214987546,2006;2012;2014;2016;2019;2022-09-06;2023-08-10;2024-07-24;2024-09-20,158,387,45,,m2_20260926T165115Z_1ffdde7
relelev_neg,cell_gate,AGRI,combined,S1_dl_wald,5,0.08518863727657071,0.39882059633655337,-0.6964853678358609,0.8668626423890022,-2.926994980203032,3.0973722547561735,0.7368033050236301,0.2190494565456802,6.1512128108313,70.73362765598326,1.588887561781625e-14,0.9434498111781541,0.832212733355233,0.9928714843376958,0.8583724745258495,False,0.5212842890176401,0.33259192711930496,0.7040924600605314,0.050835124332584664,0.9567842229150828,0.4768866267592305,2025,3.284372497999274,0.21125852130069783,2025,4.988626255747503,0.5217458780875488,0.39681154036054006,0.4828288884833633,2006;2012;2014;2024-09-20;2025,1328,1328,80,,m2_20260926T165115Z_1ffdde7
relelev_neg,cluster_gate,AGRI,combined,S1_dl_wald,5,0.2616151781670184,0.33645927437500406,-0.3978328818724699,0.9210632382065067,-2.2569478599206696,2.7801782162547064,0.5130966988756056,0.13984551107848336,4.2403020712928985,64.49295334421858,3.2906276891383896e-13,0.9379777201603595,0.8047587422339547,0.99206226567556,0.7163076845012942,False,0.5650332968390382,0.4018331244802246,0.7152586982718853,0.09475183938554022,0.9415952459892782,0.47561946177290587,2025,2.983206114423301,0.21564791290487303,2025,4.9793116727400735,0.56954,0.5455725000000001,0.5532,2006;2012;2014;2024-09-20;2025,80,1328,80,,m2_20260926T165115Z_1ffdde7
relelev_neg,object,AGRI,combined,S1_dl_wald,5,0.13842426541277744,0.284002166441088,-0.4182097523431051,0.6950582831686599,-2.0173325076590474,2.2941810384846026,0.37819975607660294,0.12630444224127954,3.3933934342318866,118.07383738401569,1.3772423797073048e-24,0.9661228931944452,0.9049798981282341,0.9961071557409575,0.6149794761425806,False,0.5345509139937409,0.39694521993997484,0.6670912207783078,0.11739509710565359,0.9083939671314238,0.34968718439521895,2025,3.4346569782074905,0.2095426321351014,2025,4.9850756147116035,0.5402074590529308,0.5619184308328082,0.5807891252329445,2006;2012;2014;2024-09-20;2025,187,1328,80,,m2_20260926T165115Z_1ffdde7
relelev_neg,cell_gate,UNIVERSE,combined,S1_dl_wald,7,-0.5240444274917606,0.1270159091408494,-0.7729910348714373,-0.27509782011208395,-1.1180748181137776,0.06998596313025651,0.037268582185259025,0.0,0.4097111819295101,9.053229992084924,0.1706065113983337,0.3372531123979296,0.0,0.8483531298998528,0.1930507243841862,False,0.3719069986373064,0.3158324408043622,0.4316560182412577,0.24636855961154414,0.5174893527433764,0.25486042856453767,2024-09-20,5.9248043764635785,0.2093054787815971,2024-09-20,6.4312998126873575,0.3780518708909762,0.3793626202613893,0.3563839751652528,2006;2012;2014;2016;2019;2023-08-10;2024-09-20,447,447,109,,m2_20260926T165115Z_1ffdde7
relelev_neg,cluster_gate,UNIVERSE,combined,S1_dl_wald,7,-0.27846033168452294,0.13972463357193454,-0.5523155812385707,-0.004605082130475113,-1.0558578687189686,0.49893720534992275,0.07193539571303187,0.0,0.6582597905874749,12.916374825793538,0.04438330964186825,0.5354733753918154,0.0,0.9134070749815962,0.2682077473024071,False,0.43083128660944675,0.36532734349685914,0.49884873150193876,0.258101816760563,0.6222095380269285,0.2522846277001529,2024-09-20,6.228497314193443,0.18324094890785772,2024-09-20,6.855980250251821,0.4360571428571428,0.4203256880733945,0.4025,2006;2012;2014;2016;2019;2023-08-10;2024-09-20,109,447,109,,m2_20260926T165115Z_1ffdde7
relelev_neg,object,UNIVERSE,combined,S1_dl_wald,10,-0.4294251850042867,0.310109515430159,-1.0372286665105666,0.1783782965019931,-2.739264054036412,1.8804136840278387,0.9071607227859462,0.20835792106441692,1.578175334304289,297.8121206548171,7.598497102002758e-59,0.9697796047380101,0.880533243279488,0.982402716305087,0.9524498531607563,False,0.39426360043166303,0.2616850784297027,0.5444767036131305,0.06069584740241832,0.8676586358317804,0.24658264861141307,2024-09-20,6.031324539150259,0.10478240036788715,2024-09-20,9.972658256236071,0.41082701729968274,0.4777447235139572,0.423727568673054,2006;2012;2014;2016;2019;2022-09-06;2023-08-10;2024-07-24;2024-09-20;2025,250,449,111,,m2_20260926T165115Z_1ffdde7
relelev_neg,cell_gate,URBAN,combined,S1_dl_wald,6,-0.15084829388105528,0.2073736169933463,-0.5572931145318174,0.2555965267697068,-1.1692415281815036,0.867544940419393,0.09153661826407555,0.0,1.6180485535472555,7.778062078370933,0.16889868526761617,0.35716635459828844,0.0,0.9075895936395562,0.3025501913138968,False,0.4623592763483996,0.3641740118259762,0.5635535141119777,0.23699210898156817,0.7042345945106502,0.24756904784286213,2016,5.58311151912702,0.21417154376692227,2016,5.8349593099807135,0.46776008538012653,0.46429876468856446,0.42378214753102184,2012;2014;2016;2019;2023-08-10;2024-09-20,385,385,43,,m2_20260926T165115Z_1ffdde7
relelev_neg,cluster_gate,URBAN,combined,S1_dl_wald,6,0.13398876191820178,0.18597378674962883,-0.23051316217960308,0.49849068601600666,-0.6176822881897213,0.8856598120261248,0.038709276643736204,0.0,1.368652997738413,6.141582300343211,0.2926851543236062,0.18587755475969378,0.0,0.889778483963824,0.19674673223140507,False,0.5334471657312165,0.442625540373714,0.6221045713099622,0.35030876214671886,0.7079936987709561,0.30525971765908894,2016,5.226838730443639,0.26907425903532,2016,5.540758652779481,0.5346500000000001,0.5261581395348838,0.54395,2012;2014;2016;2019;2023-08-10;2024-09-20,43,385,43,,m2_20260926T165115Z_1ffdde7
twi,cell_gate,ALL,development,S1_dl_wald,6,1.7743446631847455,0.21578876785264467,1.3514064499252874,2.197282876444204,0.3299300462338488,3.218759280135642,0.22408367184139127,0.0284007057634838,0.7231500342208845,36.81176230840755,6.533059810016851e-07,0.8641738486163691,0.44640485967959076,0.9535579717951774,0.4733747689108401,False,0.8549971407000743,0.7943594704307446,0.9000052467973636,0.5817423559156009,0.9615341512203517,0.572328126706125,2025,2.6681319268672166,0.20090209733510278,2025,5.85893263035936,0.8507475725136063,0.8342740300228739,0.8535920515821669,2006;2012;2014;2016;2019;2025,696,696,53,,m2_20260926T165115Z_1ffdde7
twi,cluster_gate,ALL,development,S1_dl_wald,6,1.5367089999288595,0.3205423538100981,0.9084575309413718,2.1649604689163473,-0.7070724658854501,3.780490465743169,0.5503574815814131,0.09620455075104029,1.9729782155458198,73.11521079984104,2.3001640207059533e-14,0.9316147769348855,0.704260905463293,0.9799347016682279,0.7418608235925476,False,0.8229858012665733,0.7126844222005438,0.8970585237608367,0.3302460406107307,0.9776972585740287,0.7515403342303777,2025,1.728037702737689,0.18516816249258453,2025,5.966916318609491,0.8081,0.7953207547169812,0.81135,2006;2012;2014;2016;2019;2025,53,696,53,,m2_20260926T165115Z_1ffdde7
twi,object,ALL,development,S1_dl_wald,6,1.5091580758250822,0.24453975280910895,1.0298689675309012,1.9884471841192632,-0.20030972334748354,3.218625874997648,0.31929147748217673,0.0681203362244907,1.374519019851645,53.308549747866344,2.906786933147895e-10,0.9062064148499909,0.6733425297586656,0.9765218146586153,0.5650588265677979,False,0.818936400211506,0.7368904916675684,0.8795787602484884,0.45008934220991237,0.9615292167637883,0.2827968029176639,2025,5.012204007013608,0.17692208048484512,2025,5.9780663616859755,0.8097046983330557,0.7877230771521708,0.8181195333295781,2006;2012;2014;2016;2019;2025,142,696,53,,m2_20260926T165115Z_1ffdde7
twi,cell_gate,FLAT,development,S1_dl_wald,6,0.6080303383393415,0.10293557322216736,0.4062803220959079,0.8097803545827751,0.04404579417733867,1.1720148825013443,0.030666832860637684,0.0,0.21381495054143038,12.291596378080362,0.031003477609076683,0.593218012843595,0.0,0.9104558662410579,0.17511948167076583,False,0.6474913648101218,0.6001956353977527,0.6920626972199075,0.5110096686761029,0.7635090220887182,0.508251828709574,2016,2.88566761602996,0.29372047082127867,2016,4.463176752485984,0.6433424893119244,0.6236648869768412,0.6404358907717526,2006;2012;2014;2016;2019;2025,633,633,49,,m2_20260926T165115Z_1ffdde7
twi,cluster_gate,FLAT,development,S1_dl_wald,6,0.6208634263315432,0.1513562806130532,0.32421056749602095,0.9175162851670655,-0.24964975514626253,1.4913766078093489,0.07539557766068601,0.003943382683168585,0.5172414603446658,16.95191277614287,0.004591904409742484,0.7050480340462401,0.11112940795305196,0.9425251207890026,0.27458255163190176,False,0.6504148959338638,0.5803500555792023,0.7145357615042964,0.4379097081865038,0.8162848039788867,0.5645453415217389,2025,2.419954362316851,0.2795378004329517,2025,4.788709042588747,0.6166666666666666,0.6357265306122449,0.6251,2006;2012;2014;2016;2019;2025,49,633,49,,m2_20260926T165115Z_1ffdde7
twi,object,FLAT,development,S1_dl_wald,6,0.45257051732498893,0.12746822058639204,0.20273739580225345,0.7024036388477244,-0.3118052786014091,1.216946313251387,0.059545999936484566,0.0026986080755778586,0.4428188496519673,14.41401623838885,0.013182767727533982,0.6531154178470051,0.07861965027430855,0.9333405552879038,0.24402049081272778,False,0.6112502233729824,0.550511455300887,0.6687204742354249,0.4226741521121075,0.7715257108643944,0.2883483720619737,2025,4.67135046799014,0.21160230440046776,2025,5.573708292493756,0.5959898832066806,0.6008345283342942,0.5854166939638412,2006;2012;2014;2016;2019;2025,131,633,49,,m2_20260926T165115Z_1ffdde7
twi,object,URBAN,development,S1_dl_wald,5,0.09904084407827575,0.21780000946463132,-0.32783933030488455,0.525921018461436,-1.2964280828222607,1.4945097709788122,0.14483609765480446,0.0037774347128495334,2.1882513711347116,11.72457292501435,0.01952136498893465,0.6588361874174531,0.047950607990633456,0.966861755238808,0.3805733801184792,False,0.524739991260704,0.4187664400622111,0.6285312528691948,0.21476677851537265,0.8167541998763268,0.356534704035263,2016,3.5296212184517954,0.25989052786461553,2016,4.639935128350518,0.5017254567839788,0.5127537378250472,0.5611952287517968,2006;2012;2014;2016;2019,77,351,31,,m2_20260926T165115Z_1ffdde7
twi,cell_gate,AGRI,development,S1_dl_wald,4,0.5654252591378977,0.1351963953043615,0.300445193501709,0.8304053247740864,-0.3522590849785948,1.4831096032543902,0.02721173755269601,0.0,1.6686289465570867,4.862171774814433,0.18217231767190784,0.38299177015100494,0.0,0.9744002684915277,0.16495980587008463,False,0.6377069088879129,0.5745513444549728,0.6964406267943457,0.41283470626806545,0.8150418085305532,0.5130032527118972,2025,2.6551164993209544,0.40646463423585316,2025,3.1924029730781376,0.6027845205875825,0.6039796393899627,0.6207765117062117,2006;2012;2014;2025,216,216,33,,m2_20260926T165115Z_1ffdde7
twi,cluster_gate,AGRI,development,S1_dl_wald,4,0.6867668467980039,0.14005408498597546,0.4122658843377801,0.9612678092582277,-0.24075862508703505,1.614292318683043,0.026855541005648412,0.0,0.8583255536423845,4.4767167627542,0.21437652507169022,0.32986602481540134,0.0,0.9402355947822023,0.1638766029842223,False,0.665247310206583,0.6016310707538972,0.7233755698417774,0.4400994079831475,0.8340064658819693,0.6925450160203918,2025,1.9346703589529022,0.4960586244101759,2025,2.92400079515358,0.6326499999999999,0.6418030303030302,0.62595,2006;2012;2014;2025,33,216,33,,m2_20260926T165115Z_1ffdde7
twi,object,AGRI,development,S1_dl_wald,4,0.5087646808836354,0.21559949921099944,0.08619742734520464,0.9313319344220661,-1.3671682297920378,2.3846975915593087,0.14360805694950668,0.014106836210291513,1.7096446801911853,15.43088326375495,0.0014831101221309635,0.8055846869733897,0.2892855290364408,0.9801309852374446,0.3789565370190976,False,0.6245168422128898,0.5215360241053063,0.7173454279651995,0.2030777468076552,0.9156529507165234,0.6262080722424752,2025,2.2559406628628125,0.30207644065606815,2025,3.9166018641814464,0.611682184709297,0.6156855655341439,0.5931836171452542,2006;2012;2014;2025,78,216,33,,m2_20260926T165115Z_1ffdde7
twi,cell_gate,UNIVERSE,development,S1_dl_wald,5,0.8336639231680035,0.1956233989917128,0.4502491066109373,1.2170787397250697,-0.26889140909800846,1.9362192554340156,0.0817583936798589,0.0,1.6466412705242865,7.052046860828163,0.13316321717210386,0.43278879466631104,0.0,0.9389026052253823,0.28593424712660587,False,0.6971290892919815,0.6106984596453219,0.7715490533412227,0.433179272701088,0.8739362008991046,0.308412349432679,2019,4.435123815029615,0.2567801634125384,2019,4.8051649876787765,0.6753203772047833,0.7141800914620613,0.733755429476931,2006;2012;2014;2016;2019,340,340,44,,m2_20260926T165115Z_1ffdde7
twi,cluster_gate,UNIVERSE,development,S1_dl_wald,5,0.4481000219816563,0.1880537909272969,0.07952136460792925,0.8166786793553834,-0.5876362757260064,1.4838363196893192,0.07055534517911202,0.0,1.2383733803494563,6.774664809599976,0.1482862109306732,0.40956488440109434,0.0,0.9240991969393432,0.26562256150242963,False,0.6101874023071655,0.5198698714169392,0.6935308614504584,0.35717738601178484,0.8151513349780343,0.3212489045444502,2012,4.142592752250861,0.2707772403383004,2012,4.561891096446281,0.60986,0.5844045454545455,0.5972,2006;2012;2014;2016;2019,44,340,44,,m2_20260926T165115Z_1ffdde7
twi,object,UNIVERSE,development,S1_dl_wald,6,0.3474081083143083,0.17537768478639035,0.0036741624409650786,0.6911420541876515,-0.6808509183041249,1.3756671349327416,0.10640247898133795,0.0,0.8833667033038264,12.812087759335457,0.02520480739663216,0.6097435411057985,0.0,0.9284251405405852,0.32619392848631923,False,0.5859889111492729,0.5009185395769251,0.6662209342194051,0.3360714129150102,0.7982942215559456,0.2550575853324111,2014,4.939658294313243,0.206435415389428,2014,5.596633494184816,0.5966543234601885,0.5675130703547266,0.6185412808102584,2006;2012;2014;2016;2019;2025,105,342,46,,m2_20260926T165115Z_1ffdde7
twi,cell_gate,URBAN,development,S1_dl_wald,4,0.7038517226069321,0.1508027741538598,0.4082837164966392,0.999419728717225,0.05499975474003571,1.3527036904738283,0.0,0.0,0.2981636714549548,0.5380885908829252,0.9104472789922076,0.0,0.0,0.705485091618521,0.0,False,0.6690411947414453,0.6006762749500841,0.7309444750758725,0.5137464736337097,0.794571297003512,0.6227604454272738,2016,2.212915689068775,0.6227604454272738,2016,2.212915689068775,0.6683978398739592,0.6759263681372238,0.6805518495727181,2012;2014;2016;2019,349,349,29,,m2_20260926T165115Z_1ffdde7
twi,cluster_gate,URBAN,development,S1_dl_wald,4,0.27333928046985795,0.21639773366120932,-0.15079248384220323,0.6974710447819191,-1.16529411912557,1.711972680065286,0.0649683869034509,0.0,2.30948562246642,4.650648506634386,0.19924001193433674,0.3549286737709058,0.0,0.9513594892422149,0.2548889697563449,False,0.5679125090651116,0.4623731498142467,0.6676268319493542,0.23770664742969536,0.8470919748721155,0.4637818876023183,2016,2.710400533019679,0.3950956576468123,2016,3.1566999455724116,0.53615,0.524751724137931,0.5386500000000001,2012;2014;2016;2019,29,349,29,,m2_20260926T165115Z_1ffdde7
twi,object,ALL,holdout,S1_dl_wald,4,1.3455707411625344,0.19194978807111052,0.9693560697030617,1.7217854126220071,-0.07092593743795983,2.762067419763029,0.07153762065857364,0.0,3.227177050122387,5.965959831213019,0.11327814927595918,0.4971471339273114,0.0,0.9780700496242937,0.2674651765343923,False,0.7934045551626723,0.7249911302188875,0.848358665848499,0.4822759450723284,0.9405912653548367,0.8950675781599003,2024-09-20,1.2417115853318026,0.47985419230955145,2024-09-20,3.066659914454589,0.7725690881009992,0.8079492365041389,0.8103420516159077,2022-09-06;2023-08-10;2024-07-24;2024-09-20,196,1272,55,,m2_20260926T165115Z_1ffdde7
twi,object,FLAT,holdout,S1_dl_wald,4,0.04282830167342889,0.28761040834499657,-0.5208777402616226,0.6065343436084804,-2.3290125667211528,2.4146691700680107,0.22115772544165754,0.011316654744119196,2.226514184195438,12.381316104067183,0.0061848032426624,0.7576994259104233,0.13794157143337296,0.9692139624091535,0.4702740960776572,False,0.5107054390854348,0.37264701157367663,0.6471498342582541,0.08874848672779272,0.9179390831309875,0.8745256182230053,2024-09-20,1.2948780819752665,0.36392887100016136,2024-09-20,3.586194845596248,0.5060125031035114,0.592815986155464,0.5260862270315485,2022-09-06;2023-08-10;2024-07-24;2024-09-20,175,1234,50,,m2_20260926T165115Z_1ffdde7
twi,object,URBAN,holdout,S1_dl_wald,4,0.13135735148295377,0.13632740861295214,-0.135839459504108,0.3985541624700155,-0.455212145325235,0.7179268482911426,0.0,0.0,2.4405003411573367,2.6168999640598973,0.45453446513856577,0.0,0.0,0.9357543258733344,0.0,False,0.53279219964745,0.46609225891290657,0.5983402325966454,0.3881222488161541,0.6721503316704508,0.8059451461890692,2024-09-20,1.498703498784852,0.8059451461890692,2024-09-20,1.498703498784852,0.54258238258455,0.5437371108414107,0.5590534904968842,2022-09-06;2023-08-10;2024-07-24;2024-09-20,81,36,14,,m2_20260926T165115Z_1ffdde7
twi,object,UNIVERSE,holdout,S1_dl_wald,4,0.5680196094378032,0.08416869322281062,0.4030520020952938,0.7329872167803125,0.205870951783232,0.9301682670923743,0.0,0.0,0.17721958809212057,0.9906307975467883,0.8035190129449462,0.0,0.0,0.7675905530813111,0.0,False,0.638306084900408,0.5994207150504134,0.6754604541320526,0.5512867259745163,0.7171094219910851,0.7534598130798068,2024-09-20,1.6558575378556877,0.7534598130798068,2024-09-20,1.6558575378556877,0.6636678702607917,0.6316443668323665,0.6614792655845838,2022-09-06;2023-08-10;2024-07-24;2024-09-20,145,107,65,,m2_20260926T165115Z_1ffdde7
twi,cell_gate,ALL,holdout,S1_dl_wald,2,1.9478914311364919,0.20694076145394405,1.542294991753467,2.353487870519517,,,0.04756995792619197,0.0,96.68985071913542,2.002892881272756,0.15699931826777103,0.500722175733861,0.0,0.9995096746678978,0.2181053826162756,False,0.8752165417704194,0.8237981018556647,0.9132110630809449,,,0.8142334605055509,2024-09-20,1.4337218995762853,0.6568897984728311,2024-09-20,1.8207347606661104,0.8655509974533779,0.8899447647772075,0.8655509974533779,2023-08-10;2024-09-20,1272,1272,55,"k=2: tau2 불안정, 예측구간 없음",m2_20260926T165115Z_1ffdde7
twi,cluster_gate,ALL,holdout,S1_dl_wald,2,1.5665058009647344,0.11315969147774349,1.344716881166693,1.7882947207627757,,,0.0,0.0,22.000427312002373,0.4676712721272358,0.49406044746367694,0.0,0.0,0.9979000867153797,0.0,False,0.8272849118978952,0.7932645606904477,0.8567180770264455,,,0.8342222085346102,2024-09-20,1.3823439331847291,0.8342222085346102,2024-09-20,1.3823439331847291,0.8365,0.823849090909091,0.8365,2023-08-10;2024-09-20,55,1272,55,"k=2: tau2 불안정, 예측구간 없음",m2_20260926T165115Z_1ffdde7
twi,cell_gate,FLAT,holdout,S1_dl_wald,2,0.6072735699671649,0.2513466139826388,0.11464325892510124,1.0999038810092285,,,0.08874845148842957,0.0,138.3741844628421,2.8806261253198664,0.08965115598483107,0.6528532490869638,0.0,0.9996590778968005,0.2979067832199018,False,0.647318615957824,0.5286294649930283,0.7502420953581767,,,0.8825371389233148,2024-09-20,1.261560108444102,0.6327965248807974,2024-09-20,1.8682166197389638,0.6292971660496556,0.6879427506090497,0.6292971660496556,2023-08-10;2024-09-20,1234,1234,50,"k=2: tau2 불안정, 예측구간 없음",m2_20260926T165115Z_1ffdde7
twi,cluster_gate,FLAT,holdout,S1_dl_wald,2,0.3706252278965159,0.111721313571768,0.1516554769903447,0.5895949788026871,,,0.0,0.0,0.052019913137483005,0.002024907437604309,0.9641081287358533,0.0,0.0,0.515005427439609,0.0,False,0.5916100468917287,0.5378413696853451,0.6432722096294309,,,0.8501520653673258,2024-09-20,1.3418983344588162,0.8501520653673258,2024-09-20,1.3418983344588162,0.5928,0.5913039999999999,0.5928,2023-08-10;2024-09-20,50,1234,50,"k=2: tau2 불안정, 예측구간 없음",m2_20260926T165115Z_1ffdde7
twi,cell_gate,URBAN,holdout,S1_dl_wald,2,0.24036719896775405,0.25805161781165115,-0.26540467809537693,0.746139076030885,,,0.0,0.0,18.811172956969248,0.052071131042768594,0.8194977602951677,0.0,0.0,0.9811398543202636,0.0,False,0.5598041376953241,0.4340355858057013,0.6783368418240182,,,0.8973947321038286,2024-09-20,1.2257228037063779,0.8973947321038286,2024-09-20,1.2257228037063779,0.5785306384636595,0.5745908412930022,0.5785306384636595,2023-08-10;2024-09-20,36,36,14,"k=2: tau2 불안정, 예측구간 없음",m2_20260926T165115Z_1ffdde7
twi,cluster_gate,URBAN,holdout,S1_dl_wald,2,0.19210414319944003,0.3006501651230366,-0.39715935238773203,0.7813676387866121,,,0.0,0.0,315.22928599847313,0.8221245236229384,0.36455973647272655,0.0,0.0,0.998805449674646,0.0,False,0.547878882753536,0.4019950269245389,0.6859747965306429,,,0.8607230076506946,2024-09-20,1.3153703266077348,0.8607230076506946,2024-09-20,1.3153703266077348,0.6126499999999999,0.56005,0.6126499999999999,2023-08-10;2024-09-20,14,36,14,"k=2: tau2 불안정, 예측구간 없음",m2_20260926T165115Z_1ffdde7
twi,cell_gate,UNIVERSE,holdout,S1_dl_wald,2,0.8436696971699597,0.1282662219892541,0.592272521638002,1.0950668727019173,,,0.0,0.0,7.467845899258018,0.1086449058250413,0.7416921966879866,0.0,0.0,0.9909607439969919,0.0,False,0.6992375332900429,0.643886397634286,0.7493346454636471,,,0.8594996821705915,2024-09-20,1.318426251659126,0.8594996821705915,2024-09-20,1.318426251659126,0.7081956130429001,0.698213968111588,0.7081956130429001,2023-08-10;2024-09-20,107,107,65,"k=2: tau2 불안정, 예측구간 없음",m2_20260926T165115Z_1ffdde7
twi,cluster_gate,UNIVERSE,holdout,S1_dl_wald,2,0.8721174720683241,0.12684134726682397,0.6235129996748111,1.1207219444618373,,,0.0,0.0,23.922147608528714,0.33531356120951306,0.5625468958027569,0.0,0.0,0.997071191771568,0.0,False,0.7051861087885918,0.651017103271017,0.754122605177211,,,0.868131434616321,2024-09-20,1.2969470408821138,0.868131434616321,2024-09-20,1.2969470408821138,0.7210000000000001,0.701883076923077,0.7210000000000001,2023-08-10;2024-09-20,65,107,65,"k=2: tau2 불안정, 예측구간 없음",m2_20260926T165115Z_1ffdde7
twi,cell_gate,AGRI,holdout,S1_dl_wald,1,0.7757039757893278,0.07785148146671776,,,,,,,,,,,,,,False,0.6847534846278112,,,,,1.0,2024-09-20,1.0,1.0,2024-09-20,1.0,0.6847534846278112,0.6847534846278112,0.6847534846278112,2024-09-20,1112,1112,47,k=1: 통합 불가,m2_20260926T165115Z_1ffdde7
twi,cluster_gate,AGRI,holdout,S1_dl_wald,1,0.3511647531615699,0.1200701718942953,,,,,,,,,,,,,,False,0.5869,,,,,1.0,2024-09-20,1.0,1.0,2024-09-20,1.0,0.5869,0.5869,0.5869,2024-09-20,47,1112,47,k=1: 통합 불가,m2_20260926T165115Z_1ffdde7
twi,object,AGRI,holdout,S1_dl_wald,1,0.4884123391947505,0.08110860548048174,,,,,,,,,,,,,,False,0.6197323487754165,,,,,1.0,2024-09-20,1.0,1.0,2024-09-20,1.0,0.6197323487754165,0.6197323487754165,0.6197323487754165,2024-09-20,109,1112,47,k=1: 통합 불가,m2_20260926T165115Z_1ffdde7
twi,cell_gate,ALL,combined,S1_dl_wald,8,1.8120043170389737,0.15607123340520565,1.506110320542026,2.1178983135359215,0.8058953302708893,2.818113303807058,0.14470665287037854,0.024157638892284436,0.40812520677559116,38.86803525878294,2.0710866366809274e-06,0.819903425696872,0.4318236299285757,0.927745224174049,0.38040327662939305,False,0.8596039396709867,0.8184840409995473,0.8926306675999027,0.6912341350235971,0.9436468205808883,0.43792232558905314,2025,3.8775215832222947,0.15982932255993657,2025,7.700944022879893,0.8544484287485492,0.8702563341933579,0.8571988652316112,2006;2012;2014;2016;2019;2023-08-10;2024-09-20;2025,1968,1968,108,,m2_20260926T165115Z_1ffdde7
twi,cluster_gate,ALL,combined,S1_dl_wald,8,1.5654347366828412,0.23276992363979893,1.1092140696646968,2.0216554037009855,-0.03582378911141615,3.1666932624770983,0.3740572072872123,0.07263427030977612,0.9726462978743151,91.42333441549567,6.31012625350413e-17,0.9234331142617618,0.7007688620723778,0.969098018143265,0.6116021642270507,False,0.8271318196701211,0.7519825606986946,0.883052072934452,0.4910450103959108,0.9595614671987008,0.5937094818507684,2025,2.5441574118196817,0.14311606296960366,2025,7.923637728855718,0.8152,0.8098490740740741,0.8271,2006;2012;2014;2016;2019;2023-08-10;2024-09-20;2025,108,1968,108,,m2_20260926T165115Z_1ffdde7
twi,object,ALL,combined,S1_dl_wald,10,1.4421642706372664,0.15296543016774594,1.1423575366288077,1.741971004645725,0.41158075078284906,2.4727477904916837,0.17633292061332842,0.05769976921862233,0.6812931118411114,60.73376559945574,9.678880703775841e-10,0.8518122512054374,0.6528896689869271,0.9569135677988263,0.41992013599412975,False,0.8087895774232641,0.7581122225761857,0.8509372466768897,0.6014668525954708,0.9222091187112568,0.4742285229015601,2024-09-20,3.7012991786442826,0.12886122536149644,2024-09-20,9.555946761156308,0.794850454240233,0.7994518559479865,0.8143855230450059,2006;2012;2014;2016;2019;2022-09-06;2023-08-10;2024-07-24;2024-09-20;2025,338,1968,108,,m2_20260926T165115Z_1ffdde7
twi,cell_gate,FLAT,combined,S1_dl_wald,8,0.6238159298235527,0.08500329898472292,0.45721252524640565,0.7904193344006998,0.17257889632198714,1.0750529633251182,0.026781791588581315,0.0002701839962630339,0.16476766222953357,16.369867524850378,0.02194386908406123,0.5723850550791809,0.013323859121807004,0.8917172218055409,0.163651433200511,False,0.6510859239841902,0.6123527016950308,0.6879213627174667,0.543037958734308,0.7455566615018534,0.3967944446632107,2016,4.010652621484156,0.22447184663457684,2016,5.994299958523212,0.6398311584963572,0.6661495595650282,0.6404358907717526,2006;2012;2014;2016;2019;2023-08-10;2024-09-20;2025,1867,1867,99,,m2_20260926T165115Z_1ffdde7
twi,cluster_gate,FLAT,combined,S1_dl_wald,8,0.5475628379620416,0.13200221013069036,0.28884326022620027,0.806282415697883,-0.22549395924601467,1.320619635170098,0.08238819782633278,0.007488955355107653,0.23790802537251882,27.639814232537375,0.00025550522265789413,0.7467421473564155,0.21136766983496802,0.8948956775220848,0.28703344374189704,False,0.6335699661616756,0.5717129203283435,0.6913167443588054,0.44386417284493196,0.7892847791946476,0.4354198871403348,2025,3.5112029940014033,0.19590340720997315,2025,6.724746488808171,0.6107,0.6132909090909091,0.60605,2006;2012;2014;2016;2019;2023-08-10;2024-09-20;2025,99,1867,99,,m2_20260926T165115Z_1ffdde7
twi,object,FLAT,combined,S1_dl_wald,10,0.3306747593991095,0.11149961207125661,0.11213953544925909,0.5492099833489599,-0.3396492042559358,1.0009987230541548,0.07206640029254328,0.01923194123679299,0.4010585396328719,30.32514629254983,0.0003861812917723211,0.7032166007320767,0.3873766008914361,0.9295096820141853,0.26845185842631686,False,0.5819235471346742,0.5280055418946218,0.6339522816938498,0.4158946920607247,0.7312548941816676,0.4204615164342098,2024-09-20,4.233234071881964,0.15896861812233898,2024-09-20,8.544501457170492,0.5599989311654129,0.5962487607483619,0.5720755949735461,2006;2012;2014;2016;2019;2022-09-06;2023-08-10;2024-07-24;2024-09-20;2025,306,1867,99,,m2_20260926T165115Z_1ffdde7
twi,object,URBAN,combined,S1_dl_wald,9,0.11850579511349675,0.1377948147274035,-0.15156707900858352,0.388578669235577,-0.570235862981114,0.8072474532081075,0.06585019893725512,0.0,0.604139997888493,14.645686227593682,0.06641223967683677,0.45376407252755835,0.0,0.8840085159867761,0.25661293602867163,False,0.5295918255102123,0.46218060330039024,0.5959404960782146,0.36118240248062977,0.6915226433094634,0.3381995745655831,2024-09-20,4.696511555656815,0.21355697510790014,2024-09-20,6.729724275211591,0.5198840904731215,0.5286376189283728,0.5611952287517968,2006;2012;2014;2016;2019;2022-09-06;2023-08-10;2024-07-24;2024-09-20,158,387,45,,m2_20260926T165115Z_1ffdde7
twi,cell_gate,AGRI,combined,S1_dl_wald,5,0.6566128030415889,0.0947258775456899,0.4709534946480852,0.8422721114350925,0.1480469957157049,1.1651786103674728,0.01656414154602963,0.0,0.8622298770578032,6.636665856316174,0.15638044406460902,0.3972877214854558,0.0,0.9716812180334419,0.12870175424612373,False,0.6584990916887492,0.6156094109437271,0.6989435330362088,0.5369442950789308,0.7622724214954126,0.6004732252406387,2024-09-20,2.3770664280323115,0.39659641873007667,2024-09-20,3.614475029601022,0.6191783133956281,0.6716155700409323,0.6358367658176699,2006;2012;2014;2024-09-20;2025,1328,1328,80,,m2_20260926T165115Z_1ffdde7
twi,cluster_gate,AGRI,combined,S1_dl_wald,5,0.5601278927202588,0.15211991536671465,0.2619783372702169,0.8582774481703006,-0.3979862227130616,1.518242008153579,0.06749794733658199,0.001258276258611435,0.4339036325122112,12.124221224024925,0.01645103885241662,0.6700819024917046,0.03648105945627269,0.9288581847094397,0.25980367075270894,False,0.6364821316728002,0.5651225485863797,0.7023006383103523,0.4017962675300707,0.8202794614667519,0.43030674152339415,2025,2.91601962021181,0.28859065859622984,2025,4.349481141251978,0.6234999999999999,0.6095474999999999,0.6214,2006;2012;2014;2024-09-20;2025,80,1328,80,,m2_20260926T165115Z_1ffdde7
twi,object,AGRI,combined,S1_dl_wald,5,0.5206108120676404,0.14982491535455256,0.22695937398595523,0.8142622501493255,-0.5010855428751492,1.54230716701043,0.080619941622814,0.010920738439418721,0.7436498670042079,19.922057158848858,0.0005174061231506125,0.7992175221611939,0.3503112371651169,0.9734866391465404,0.2839365098447433,False,0.6272905835074303,0.5564975331600793,0.6930170195080063,0.3772855961258282,0.8237998691455557,0.49434992589020993,2024-09-20,2.795489932565198,0.2574298070676593,2024-09-20,4.742487588552449,0.6132922175225209,0.618044385712212,0.600830715335532,2006;2012;2014;2024-09-20;2025,187,1328,80,,m2_20260926T165115Z_1ffdde7
twi,cell_gate,UNIVERSE,combined,S1_dl_wald,7,0.8618294827315977,0.11332581771478277,0.6397149614920722,1.0839440039711232,0.4297815710435634,1.2938773944196318,0.015406120701316174,0.0,0.5858834476847946,7.208768666986163,0.30197132083643774,0.16768032417546344,0.0,0.8845456324864782,0.12412139501840999,False,0.7030427439471335,0.6546890244202281,0.7472396236156895,0.605821508407825,0.7848027553187228,0.47937689521103655,2024-09-20,3.570865878413729,0.3717388605071727,2024-09-20,4.773452239146096,0.6847133017299595,0.7103582230090396,0.7207607425446695,2006;2012;2014;2016;2019;2023-08-10;2024-09-20,447,447,109,,m2_20260926T165115Z_1ffdde7
twi,cluster_gate,UNIVERSE,combined,S1_dl_wald,7,0.6180213516149309,0.15074395778589245,0.32256862346755544,0.9134740797623063,-0.17600529554935707,1.4120479987792187,0.07268920091723274,0.0,0.7251179052346446,11.973165643555923,0.06257013024644663,0.49887939592406294,0.0,0.9085168818257517,0.26960934872001885,False,0.6497684022399732,0.5799501175044414,0.7137105405477348,0.45611191425716674,0.804088765860213,0.47334400525726394,2024-09-20,3.5823641891475644,0.24910429400152695,2024-09-20,6.108650653261453,0.6416142857142857,0.6544605504587157,0.6883,2006;2012;2014;2016;2019;2023-08-10;2024-09-20,109,447,109,,m2_20260926T165115Z_1ffdde7
twi,object,UNIVERSE,combined,S1_dl_wald,10,0.453256214322067,0.11010017009721111,0.23746384623979938,0.6690485824043346,-0.1295142637594977,1.0360266924036317,0.051744718168118146,0.0,0.31333373815607274,18.016982608116017,0.03497702159964087,0.5004712944582731,0.0,0.8584932859335372,0.22747465390262306,False,0.6114131485814708,0.5590885597107139,0.661290088162705,0.46766661795946846,0.7380826264506182,0.4560450034713801,2024-09-20,3.955887901731439,0.1982438048169505,2024-09-20,8.053290225672379,0.6234597421804298,0.6047092223117577,0.656607471463454,2006;2012;2014;2016;2019;2022-09-06;2023-08-10;2024-07-24;2024-09-20;2025,250,449,111,,m2_20260926T165115Z_1ffdde7
twi,cell_gate,URBAN,combined,S1_dl_wald,6,0.5858614277142528,0.13020033777283846,0.33067345490453937,0.8410494005239662,0.22436733720975605,0.9473555182187494,0.0,0.0,0.2378606171062657,2.994870566424848,0.7007766930604477,0.0,0.0,0.6613884718604467,0.0,False,0.6424150026480592,0.5819232297660708,0.6986861858403398,0.5558577043322482,0.720583040525067,0.4642229218299073,2016,3.2897741760220107,0.4642229218299073,2016,3.2897741760220107,0.638442106070526,0.6664508383543876,0.6366673051632322,2012;2014;2016;2019;2023-08-10;2024-09-20,385,385,43,,m2_20260926T165115Z_1ffdde7
twi,cluster_gate,URBAN,combined,S1_dl_wald,6,0.2882999967349606,0.1544499972501795,-0.01441643528770159,0.5910164287576227,-0.2744965109002641,0.8510965043701852,0.017234106903621378,0.0,0.8662539430710937,5.652466412519788,0.34151681463356354,0.11543039177988279,0.0,0.8677092101240961,0.1312787374391656,False,0.5715798931406829,0.4963959535980218,0.6435983276498132,0.4318035429473203,0.7007971086914965,0.36381258646008635,2016,3.8115735187921347,0.336985235196105,2016,4.0652962872534895,0.56165,0.5362441860465115,0.5386500000000001,2012;2014;2016;2019;2023-08-10;2024-09-20,43,385,43,,m2_20260926T165115Z_1ffdde7
impervious,cell_gate,ALL,development,S1_dl_wald,6,1.1532108606652773,0.683651724082501,-0.18672189650513893,2.4931436178356936,-3.8181176578746783,6.124539379205233,2.738644138053375,0.7123804410293518,11.387943558539913,463.7913769001429,5.201050857187025e-98,0.9892192907220081,0.9597881763310352,0.9973859835534433,1.65488493196759,False,0.7600969049827666,0.4534546811602044,0.9236597621334319,0.021496848641103947,0.997816280114508,0.34169674742712036,2016,3.9439332804937854,0.16985222675952522,2016,5.996363557637515,0.696971943076949,0.7470787952641712,0.7078112746578722,2006;2012;2014;2016;2019;2025,696,696,53,,m2_20260926T165115Z_1ffdde7
impervious,cluster_gate,ALL,development,S1_dl_wald,6,1.2593512099146995,0.5477895231813759,0.18570347337083382,2.332998946458565,-2.7213548856663077,5.240057305495707,1.7555429029319396,0.5579828884912015,9.036412901355018,270.24981642405135,2.4733009462472936e-56,0.9814985998282624,0.9440134554980214,0.9963512612601363,1.324969019612134,False,0.7789144019615089,0.5462929074928368,0.9115733724593383,0.06172495147377091,0.9947279883040601,0.35712055964095907,2016,4.1834238975223945,0.16956691843459964,2016,5.998832523989676,0.7263000000000001,0.6922698113207546,0.7597499999999999,2006;2012;2014;2016;2019;2025,53,696,53,,m2_20260926T165115Z_1ffdde7
impervious,object,ALL,development,S1_dl_wald,6,1.237534578593772,0.5262006980790965,0.20620016171890798,2.268868995468636,-2.60368937859468,5.078758535782224,1.637197188160711,0.5960176160849286,9.529363795930326,352.95910222222255,4.036418862933187e-74,0.9858340528165441,0.9620273323881005,0.9975373196893914,1.279530065360213,False,0.7751345804568778,0.5513681611525425,0.9062657551714188,0.06890135532216017,0.9938109078053441,0.215455914010837,2006,5.818470815904301,0.1672749232188518,2006,5.999958562211353,0.7216121097505065,0.7116225306444278,0.7536208856813315,2006;2012;2014;2016;2019;2025,142,696,53,,m2_20260926T165115Z_1ffdde7
impervious,cell_gate,FLAT,development,S1_dl_wald,6,0.2985851982385774,0.6156919814695275,-0.9081489110117988,1.5053193074889537,-4.167694423657956,4.764864820135111,2.2086216620698718,0.5372197512388787,8.727266336248684,348.42067796820135,3.829303413404701e-73,0.9856495313964795,0.9435237618325835,0.9963289574903009,1.4861432172135605,False,0.574096620389085,0.2873787766109853,0.8183664922316692,0.015251710207195585,0.9915480047065495,0.3410098588204874,2016,3.87333963266589,0.1705545591571203,2016,5.995623428382834,0.5550121091529093,0.6070740912129969,0.5505866745760692,2006;2012;2014;2016;2019;2025,633,633,49,,m2_20260926T165115Z_1ffdde7
impervious,cluster_gate,FLAT,development,S1_dl_wald,6,0.32461596617537286,0.49892645456397516,-0.653261915704278,1.3024938480550239,-3.291079267346712,3.9403111996974576,1.446992741310732,0.41556258941871865,6.864087206060046,190.02328330402375,3.8622071549931746e-39,0.9736874349655333,0.9139961494508941,0.9943355188718221,1.2029101135624107,False,0.5804487847245479,0.34225484900293796,0.7862543944005104,0.03587849399390946,0.9809286253734374,0.2535383106577278,2016,5.165977209281862,0.169123639605,2016,5.998524675470438,0.5626333333333333,0.5092244897959184,0.55335,2006;2012;2014;2016;2019;2025,49,633,49,,m2_20260926T165115Z_1ffdde7
impervious,object,FLAT,development,S1_dl_wald,6,0.2488979684644406,0.4664460598930201,-0.6653195096564919,1.163115446585373,-3.1517306402674037,3.649526577196285,1.282597208103715,0.44250659068651194,7.115355843416927,330.8018601846497,2.373515398814426e-69,0.9848852119597844,0.9574121302537439,0.9972412626764419,1.1325180829036308,False,0.5619052348048211,0.33954567179882506,0.7618983467486922,0.04102314028653958,0.9746556048836985,0.35452813166833036,2006,4.653930357480696,0.16848860226035284,2006,5.99972067420765,0.5491863275958747,0.5231504151588142,0.5464811985552971,2006;2012;2014;2016;2019;2025,131,633,49,,m2_20260926T165115Z_1ffdde7
impervious,object,URBAN,development,S1_dl_wald,5,-0.23079444989731993,0.19625003020955636,-0.615437441072948,0.15384854127830813,-1.5960614120273546,1.1344725122327146,0.14552625086878704,0.02211235944304759,1.511341052871804,16.84624986526094,0.002070514472327633,0.7625584309865606,0.32795206458105475,0.9708906305597994,0.38147903070652134,False,0.4425561455156461,0.350819844115182,0.5383864499028057,0.16853280692829548,0.7566633406489567,0.27229292486069145,2016,4.680093712687865,0.21607962056970897,2016,4.977822555717702,0.44214887779606704,0.4418580182160475,0.4090236494971682,2006;2012;2014;2016;2019,77,351,31,,m2_20260926T165115Z_1ffdde7
impervious,cell_gate,AGRI,development,S1_dl_wald,4,-0.049065674434999346,0.06890843840151191,-0.1841237319328595,0.0859923830628608,-0.5303821132145277,0.432250764344529,0.007765415282351604,0.0,0.5839133262360545,5.450049989905071,0.14165689313534668,0.44954633341771344,0.0,0.9839768648559187,0.08812159373474587,False,0.4877360416882681,0.45409867098319695,0.5214848579085646,0.37042777060222076,0.6064110019028025,0.44416456379939007,2006,2.4757326768893546,0.39507391823966226,2006,2.9099805833074197,0.5133329930752428,0.5141049902959097,0.5043183897576783,2006;2012;2014;2025,216,216,33,,m2_20260926T165115Z_1ffdde7
impervious,cluster_gate,AGRI,development,S1_dl_wald,4,0.09505330629105298,0.13437849566389914,-0.16832370550686115,0.3584303180889671,-0.9718664544115418,1.1619730669936479,0.043430499204118046,0.00719136998042712,2.7446204909408825,15.366709272068611,0.0015286322458568878,0.8047727755575511,0.4056724807572033,0.9961760191711184,0.20839985413650858,False,0.52374545065959,0.4580181490411241,0.588660405294552,0.2745086346127844,0.7616910465178642,0.522560133186999,2025,2.139623664384257,0.3841216997000283,2025,3.0882921519147195,0.5718,0.5682030303030302,0.56325,2006;2012;2014;2025,33,216,33,,m2_20260926T165115Z_1ffdde7
impervious,object,AGRI,development,S1_dl_wald,4,0.30192971583797146,0.20759910834122647,-0.10495705973346114,0.7088164914094041,-1.5268831566224776,2.1307425882984203,0.1375642506267375,0.021354681238097813,2.394231988056906,20.13174342598444,0.00015939840368922644,0.8509816096638784,0.46991157010351225,0.9900388089426239,0.3708965497638627,False,0.574914183984727,0.47378479617237707,0.6701395949542395,0.17845017495027254,0.89385548412067,0.646840286427657,2025,2.132707780041901,0.2989606302135479,2025,3.8792372403317428,0.5869171285882201,0.5821590479212017,0.590756116468319,2006;2012;2014;2025,78,216,33,,m2_20260926T165115Z_1ffdde7
impervious,cell_gate,UNIVERSE,development,S1_dl_wald,5,0.5974529434834628,0.39623631523919095,-0.17915596375221088,1.3740618507191364,-2.380561165896556,3.5754670528634813,0.7186483557029124,0.1977253711975983,5.187676330704611,102.75088010619316,2.5530396782543055e-21,0.9610708930583758,0.8716707834997004,0.9944200225856129,0.8477312992351482,False,0.6450733638818085,0.4553304246186945,0.7980356140191976,0.08466706604785369,0.9727604277324494,0.466922258663529,2016,3.0079513637618898,0.21535236754032316,2016,4.959111479215193,0.6331582444286593,0.7087077265379691,0.7037606644123431,2006;2012;2014;2016;2019,340,340,44,,m2_20260926T165115Z_1ffdde7
impervious,cluster_gate,UNIVERSE,development,S1_dl_wald,5,0.22577699206741958,0.3995012270007344,-0.5572310246335805,1.0087850087684196,-2.799724678684278,3.251278662819117,0.7441993676978904,0.1946321475427694,5.51052056787579,69.25693992726976,3.2571949318151336e-14,0.9422440551921496,0.8101277427214785,0.9917898776887117,0.8626699065679122,False,0.5562056923480887,0.36418838894393163,0.7327823061903864,0.05733905555713295,0.9627190324298881,0.4282782412570933,2016,3.6389062295822616,0.2090362847322626,2016,4.995920112031624,0.54704,0.5031113636363637,0.4731,2006;2012;2014;2016;2019,44,340,44,,m2_20260926T165115Z_1ffdde7
impervious,object,UNIVERSE,development,S1_dl_wald,6,0.0710877632507048,0.349386329348974,-0.613696858963934,0.7558723854653435,-2.4571054883317247,2.5992810148331342,0.7070968493012437,0.232694775779842,3.928372169567509,157.7421770227618,2.99705771893737e-32,0.9683027070224947,0.909527018626061,0.9941423170031458,0.8408905096986431,False,0.5177644604285739,0.35121635633523907,0.6804569139507202,0.07892048886012785,0.9308152926572455,0.28694663249672175,2006,5.274720937907384,0.1695024345634851,2006,5.999219028631533,0.513358321321682,0.5171067062044303,0.4764481889369757,2006;2012;2014;2016;2019;2025,105,342,46,,m2_20260926T165115Z_1ffdde7
impervious,cell_gate,URBAN,development,S1_dl_wald,4,0.3008295354358702,0.09857861483545793,0.10761900071252678,0.49404007015921364,-0.12332001078083366,0.7249790816525741,0.0,0.0,0.17634195845892955,0.8356612157489112,0.8409196868712543,0.0,0.0,0.7676373695258609,0.0,False,0.57464529111031,0.5268788129875804,0.6210577067394604,0.4692090094175567,0.673702501044443,0.6267771602400006,2016,2.2034255214393474,0.6267771602400006,2016,2.2034255214393474,0.5796174986689695,0.5823044047894729,0.5806665723767281,2012;2014;2016;2019,349,349,29,,m2_20260926T165115Z_1ffdde7
impervious,cluster_gate,URBAN,development,S1_dl_wald,4,-0.12821571103094928,0.21879865173237545,-0.5570531882923274,0.3006217662304289,-1.8581883637585621,1.6017569416966637,0.11378838239376678,0.0,3.2605394600429722,7.575985365565168,0.05563787244483595,0.6040119066708096,0.0,0.9776323350742351,0.3373253361278497,False,0.46798991210137264,0.36422956886909746,0.5745945056947859,0.13491435268012933,0.8322637987456996,0.43432985703091403,2016,3.329746260303871,0.3111727207773843,2016,3.897997726090369,0.45815,0.4235241379310345,0.49550000000000005,2012;2014;2016;2019,29,349,29,,m2_20260926T165115Z_1ffdde7
impervious,object,ALL,holdout,S1_dl_wald,4,1.5950129171354674,0.605684687475414,0.4078927436962576,2.7821330905746775,-4.064973757716026,7.254999591986961,1.3635927591090058,0.21031455093413226,10.520195782533845,75.95452595641082,2.262091151715138e-16,0.9605026828589299,0.7895059640247888,0.9946982258608135,1.1677297457498486,False,0.8313202169399748,0.6005824908475196,0.9417026588815685,0.016873826767727203,0.9992938663095168,0.8520667567212705,2024-09-20,1.360740821431872,0.2678923310030216,2024-09-20,3.982168496007425,0.8092929498340007,0.6220870991395187,0.8545226494845968,2022-09-06;2023-08-10;2024-07-24;2024-09-20,196,1272,55,,m2_20260926T165115Z_1ffdde7
impervious,object,FLAT,holdout,S1_dl_wald,4,0.688159509555138,0.42217186884550983,-0.13928214866802846,1.5156011677783046,-3.211258394429932,4.587577413540209,0.6431184749378359,0.10438926452959088,5.71398009034217,63.35430838541229,1.1280140165400054e-13,0.9526472614656343,0.7655617992726603,0.9944365738346985,0.8019466783632413,False,0.6655573755020081,0.4652356456436164,0.8198898166241478,0.03874424070688749,0.9899250532452536,0.6887936113661802,2024-09-20,1.8844355212422799,0.2740387357312719,2024-09-20,3.9654135593527635,0.6635545288077732,0.4642783340360981,0.7192320418446194,2022-09-06;2023-08-10;2024-07-24;2024-09-20,175,1234,50,,m2_20260926T165115Z_1ffdde7
impervious,object,URBAN,holdout,S1_dl_wald,4,-0.09814198424404953,0.12157597467972509,-0.33642651600166423,0.14014254751356514,-0.6212411835717201,0.42495721508362105,0.0,0.0,1.922224084356695,2.3683156264370044,0.49955990890829904,0.0,0.0,0.953718504690307,0.0,False,0.4754841785052056,0.4166777793595894,0.534978407808049,0.34949921625919916,0.6046688572638499,0.6794582774352967,2024-09-20,1.9060806662875776,0.6794582774352967,2024-09-20,1.9060806662875776,0.4279018143577811,0.45850889911698284,0.4354676491418261,2022-09-06;2023-08-10;2024-07-24;2024-09-20,81,36,14,,m2_20260926T165115Z_1ffdde7
impervious,object,UNIVERSE,holdout,S1_dl_wald,4,0.4156276672158313,0.3740851484470265,-0.31756575089166045,1.148821085323323,-2.9061344983792643,3.7373898328109267,0.45608530379776796,0.050595743032221675,3.9185386997451324,21.69023296481733,7.566411806735544e-05,0.861688899106517,0.408680302296714,0.981660404516996,0.675340879702812,False,0.6024365170911758,0.4212691072943915,0.7592955174941206,0.05185114471625065,0.9767378298770181,0.7945897766375526,2024-09-20,1.5442739489890913,0.29971504827677814,2024-09-20,3.921157898406802,0.6114407049082504,0.4374287508525254,0.6728402559497337,2022-09-06;2023-08-10;2024-07-24;2024-09-20,145,107,65,,m2_20260926T165115Z_1ffdde7
impervious,cell_gate,ALL,holdout,S1_dl_wald,2,1.0318602990954344,1.3656744308722013,-1.6448124000213158,3.708532998212185,,,3.6670018545955188,0.6785411123467792,3799.2010172194373,58.172621945921904,2.400973133710502e-14,0.9828097829090527,0.9136383057998454,0.9999831180186775,1.914941736605978,False,0.7372763946275549,0.16181130171107,0.976073073518116,,,0.9780003477184182,2024-09-20,1.0449662948675897,0.5082169297468279,2024-09-20,1.999460002362386,0.6705440266147146,0.42974933487119793,0.6705440266147146,2023-08-10;2024-09-20,1272,1272,55,"k=2: tau2 불안정, 예측구간 없음",m2_20260926T165115Z_1ffdde7
impervious,cluster_gate,ALL,holdout,S1_dl_wald,2,1.0360800379926018,1.1897243000437447,-1.295736741625263,3.3678968176104664,,,2.764982319176271,0.49661730790268444,2883.7319088158665,42.20220178122013,8.23072997499355e-11,0.9763045538433258,0.8809567753512211,0.9999767294341119,1.6628235983339517,False,0.7380929389108852,0.21488339067450124,0.9666860263932109,,,0.9347384239810544,2024-09-20,1.1389586571487718,0.5103013209176805,2024-09-20,1.999151422493526,0.6861999999999999,0.4915363636363636,0.6861999999999999,2023-08-10;2024-09-20,55,1272,55,"k=2: tau2 불안정, 예측구간 없음",m2_20260926T165115Z_1ffdde7
impervious,cell_gate,FLAT,holdout,S1_dl_wald,2,0.07136378374422901,1.176600407071501,-2.23473063831108,2.3774582057995377,,,2.706592829505442,0.48788517860506553,2820.605533273949,43.624101850570156,3.9790817883076114e-11,0.9770768919569875,0.8848369141323823,0.9999774879235214,1.6451725835016344,False,0.5178333781081313,0.0966747313997642,0.9150921489102865,,,0.9752230866607393,2024-09-20,1.050780033527947,0.510893590160058,2024-09-20,1.9990510879781198,0.5174683152091117,0.2612296494496712,0.5174683152091117,2023-08-10;2024-09-20,1234,1234,50,"k=2: tau2 불안정, 예측구간 없음",m2_20260926T165115Z_1ffdde7
impervious,cluster_gate,FLAT,holdout,S1_dl_wald,2,0.12789509646455086,0.9556634800582055,-1.745170905789744,2.0009610987188458,,,1.7589418864053035,0.2946316320674289,1861.5255102786737,26.391501327604534,2.7876433770186526e-07,0.962109014277485,0.809640000204911,0.9999627884331026,1.3262510646198569,False,0.5319302619548114,0.14865732373481966,0.8808979502529394,,,0.8939403674813282,2024-09-20,1.2339919982922813,0.5149267888397574,2024-09-20,1.9982191149884785,0.53135,0.33665,0.53135,2023-08-10;2024-09-20,50,1234,50,"k=2: tau2 불안정, 예측구간 없음",m2_20260926T165115Z_1ffdde7
impervious,cell_gate,URBAN,holdout,S1_dl_wald,2,-0.13186133696304517,0.44960224409916383,-1.0130655427657924,0.749342868839702,,,0.2728238185863562,0.0,437.2878827358384,2.740202279650788,0.09785237960232952,0.635063437678973,0.0,0.9996416070724163,0.5223253953105824,False,0.4670823480083861,0.2663803478205656,0.6790354967292569,,,0.8325999457177097,2023-08-10,1.3864905533533165,0.6213778808183811,2023-08-10,1.8886983279645733,0.442316483975394,0.4236099337839652,0.442316483975394,2023-08-10;2024-09-20,36,36,14,"k=2: tau2 불안정, 예측구간 없음",m2_20260926T165115Z_1ffdde7
impervious,cluster_gate,URBAN,holdout,S1_dl_wald,2,-0.46668694300080915,0.570086855772621,-1.5840366483748265,0.6506627623732082,,,0.5028017043250544,0.0,681.5289639361082,4.016740377677455,0.045050704565907165,0.7510419131001401,0.0,0.9997555059513846,0.7090851178279336,False,0.3854006989268473,0.17022455364963562,0.6571597991141214,,,0.8425367033717474,2023-08-10,1.3611687139045858,0.585277282364415,2023-08-10,1.9434667681417421,0.37245,0.29767857142857146,0.37245,2023-08-10;2024-09-20,14,36,14,"k=2: tau2 불안정, 예측구간 없음",m2_20260926T165115Z_1ffdde7
impervious,cell_gate,UNIVERSE,holdout,S1_dl_wald,2,-0.0979452926383073,0.9564129623714906,-1.972480253233691,1.7765896679570763,,,1.763042105941011,0.2972058227491597,1863.4677635888015,27.283497625087897,1.7570459794907992e-07,0.9633478077575921,0.8158635576585572,0.999964005013922,1.3277959579472334,False,0.47553323342635717,0.12212273261099417,0.8552752479642676,,,0.7607254243716142,2024-09-20,1.5724370804338381,0.5095561583765519,2024-09-20,1.9992697054591244,0.4840293677819831,0.3075509111804626,0.4840293677819831,2023-08-10;2024-09-20,107,107,65,"k=2: tau2 불안정, 예측구간 없음",m2_20260926T165115Z_1ffdde7
impervious,cluster_gate,UNIVERSE,holdout,S1_dl_wald,2,-0.24607947830405935,1.0977578356417088,-2.397645299908449,1.9054863433003302,,,2.3404190033426024,0.4088909814531784,2455.5030806601144,33.90590568726686,5.784285526001404e-09,0.9705066129416049,0.8518285801401975,0.9999710354554091,1.5298428034744624,False,0.43878870717266205,0.08335243047361707,0.8705112122774983,,,0.908334467554436,2024-09-20,1.199797366530976,0.5120431665008666,2024-09-20,1.9988403698861368,0.45885,0.24168,0.45885,2023-08-10;2024-09-20,65,107,65,"k=2: tau2 불안정, 예측구간 없음",m2_20260926T165115Z_1ffdde7
impervious,cell_gate,AGRI,holdout,S1_dl_wald,1,-0.11905230305419312,0.03479158941605027,,,,,,,,,,,,,,False,0.470272028273744,,,,,1.0,2024-09-20,1.0,1.0,2024-09-20,1.0,0.470272028273744,0.4702720282737439,0.470272028273744,2024-09-20,1112,1112,47,k=1: 통합 불가,m2_20260926T165115Z_1ffdde7
impervious,cluster_gate,AGRI,holdout,S1_dl_wald,1,-0.05961765180092493,0.06676167170897089,,,,,,,,,,,,,,False,0.4850999999999999,,,,,1.0,2024-09-20,1.0,1.0,2024-09-20,1.0,0.4851,0.4851,0.4851,2024-09-20,47,1112,47,k=1: 통합 불가,m2_20260926T165115Z_1ffdde7
impervious,object,AGRI,holdout,S1_dl_wald,1,-0.023753880715568165,0.05048581609313877,,,,,,,,,,,,,,False,0.49406180903561064,,,,,1.0,2024-09-20,1.0,1.0,2024-09-20,1.0,0.4940618090356106,0.4940618090356106,0.4940618090356106,2024-09-20,109,1112,47,k=1: 통합 불가,m2_20260926T165115Z_1ffdde7
impervious,cell_gate,ALL,combined,S1_dl_wald,8,1.1209805650445668,0.5914591367619255,-0.03825804133595745,2.280219171425091,-3.1757671880802016,5.417728318169336,2.7336698099893693,0.7921471118266638,7.795393565601785,966.1844760004227,2.4347498787573795e-204,0.9927550067571186,0.9754340246037173,0.9974473346506468,1.6533813262491412,False,0.754170555894061,0.49043665610867676,0.9072254956174252,0.04008789948233007,0.9955823867521049,0.6039180850558995,2024-09-20,2.4875772565414214,0.1278366335178018,2024-09-20,7.995389705302001,0.6903649639613902,0.5419756074492006,0.7078112746578722,2006;2012;2014;2016;2019;2023-08-10;2024-09-20;2025,1968,1968,108,,m2_20260926T165115Z_1ffdde7
impervious,cluster_gate,ALL,combined,S1_dl_wald,8,1.2011581032435776,0.5276831486789606,0.16691813658412036,2.235398069903035,-2.633520957105271,5.035837163592426,2.1775110937804225,0.617305559472563,6.132444835407594,552.3909910690204,4.317379115464165e-115,0.9873278165046588,0.9566868210705548,0.9954632792211556,1.4756392153166784,False,0.7687307395566302,0.541632915476744,0.9033835388639404,0.06701197962376483,0.9935412332078984,0.35600085848357843,2024-09-20,4.566475604024511,0.12736280546918852,2024-09-20,7.997769491670833,0.716275,0.5900444444444445,0.7597499999999999,2006;2012;2014;2016;2019;2023-08-10;2024-09-20;2025,108,1968,108,,m2_20260926T165115Z_1ffdde7
impervious,object,ALL,combined,S1_dl_wald,10,1.3737660438324406,0.3544937600056872,0.6789710414771082,2.068561046187773,-1.2834646317025147,4.030996719367396,1.2021515612849636,0.5245304077095739,3.8790729225082785,451.9634520446867,1.0907979040110255e-91,0.9800868854344662,0.9555064760110581,0.9937428020944098,1.0964267240837227,False,0.7979879332082093,0.6635090058448673,0.8878097163899501,0.21696104376187084,0.9825531739478124,0.3750815723100432,2024-09-20,5.09516245527017,0.10403084782255106,2024-09-20,9.970125459149514,0.7566844457839041,0.6597025762806343,0.8213015515822231,2006;2012;2014;2016;2019;2022-09-06;2023-08-10;2024-07-24;2024-09-20;2025,338,1968,108,,m2_20260926T165115Z_1ffdde7
impervious,cell_gate,FLAT,combined,S1_dl_wald,8,0.2395062432471044,0.5056870505388471,-0.7516221632573221,1.2306346497515308,-3.420084275617789,3.8990967621119976,1.9810867087232045,0.5974326042712661,5.9472669568426735,651.9748933062875,1.5495652342277053e-136,0.9892633902442137,0.965261212970709,0.9963977485964526,1.4075108201087494,False,0.5595919670920457,0.32046794235540693,0.7739296335159241,0.0316736435081221,0.9801421216785785,0.593486689200833,2024-09-20,2.5509439941644634,0.1288756664021879,2024-09-20,7.992877401283788,0.5456261606669599,0.3784870311508952,0.5505866745760692,2006;2012;2014;2016;2019;2023-08-10;2024-09-20;2025,1867,1867,99,,m2_20260926T165115Z_1ffdde7
impervious,cluster_gate,FLAT,combined,S1_dl_wald,8,0.2742595658138578,0.42335204484880173,-0.5554951948711793,1.1040143264988949,-2.783279644357204,3.3317987759849195,1.3821487659995064,0.4393135441969175,4.460899518405078,275.0545071788376,1.2734357570074163e-55,0.9745504988382224,0.9240786277299897,0.9919738458367698,1.1756482322529587,False,0.5681383218159147,0.3645904240398224,0.7510115135747906,0.05823442860423878,0.9655037304360082,0.2899768397929016,2024-09-20,5.759393469264609,0.1283086002204676,2024-09-20,7.995305617882727,0.5548124999999999,0.4220656565656566,0.55335,2006;2012;2014;2016;2019;2023-08-10;2024-09-20;2025,99,1867,99,,m2_20260926T165115Z_1ffdde7
impervious,object,FLAT,combined,S1_dl_wald,10,0.4212118738833693,0.3046941557974822,-0.17597769777953193,1.0184014455462704,-1.8611283207959874,2.703552068562726,0.8867430151920244,0.37715207665185146,2.8198482533193894,399.16367781503425,2.0660104354168137e-80,0.977452858312999,0.9485554166383949,0.9927984035503044,0.9416703325432019,False,0.6037732042428521,0.4561187605500822,0.7346611035007182,0.13457159117742631,0.9372359182966876,0.26309468257583096,2024-09-20,6.269737437796973,0.10384579728254341,2024-09-20,9.974333522235755,0.5949336080806342,0.4894817413141236,0.656961482255672,2006;2012;2014;2016;2019;2022-09-06;2023-08-10;2024-07-24;2024-09-20;2025,306,1867,99,,m2_20260926T165115Z_1ffdde7
impervious,object,URBAN,combined,S1_dl_wald,9,-0.19457453995667334,0.126810249745621,-0.44311806232862005,0.05396898241527337,-0.9155456137157711,0.5263965338024246,0.07688243286894336,0.0057096712973332,0.457886115994922,19.655595521610405,0.011720617685874523,0.5929912176304006,0.09763605114048156,0.8966633068513422,0.2772768163207003,False,0.4515092538458682,0.3909982487304329,0.5134889717070953,0.2858663749213379,0.6286422692691981,0.2555022021770888,2024-09-20,6.354279487379264,0.16303196719663973,2024-09-20,7.78811788935738,0.43581684960127326,0.4503942293108308,0.4090236494971682,2006;2012;2014;2016;2019;2022-09-06;2023-08-10;2024-07-24;2024-09-20,158,387,45,,m2_20260926T165115Z_1ffdde7
impervious,cell_gate,AGRI,combined,S1_dl_wald,5,-0.08429536627045829,0.04203494541380608,-0.1666823453736253,-0.0019083871672912617,-0.30389538156733475,0.1353046490264182,0.002994549917944162,0.0,0.2648458033520355,6.301090146835972,0.17776276388427076,0.3651892122177368,0.0,0.9807242304588706,0.05472248091912648,False,0.4789386282868236,0.4584256242034507,0.4995229033529736,0.4246055020481812,0.5337746509476321,0.6094958758683366,2024-09-20,2.3090394783942716,0.4201985013007619,2024-09-20,3.3142599842699876,0.504720800114943,0.477401485952048,0.4993851942612338,2006;2012;2014;2024-09-20;2025,1328,1328,80,,m2_20260926T165115Z_1ffdde7
impervious,cluster_gate,AGRI,combined,S1_dl_wald,5,0.019157353311599363,0.08765898692910373,-0.1526511039907113,0.19096581061391005,-0.5304083192895312,0.56872302591273,0.02213654651604178,0.0037684714415492098,1.3650830698325358,15.43674657297801,0.003876042517117411,0.7408780418147182,0.32738785847320756,0.9943603509322437,0.1487835559329114,False,0.5047891918576742,0.4619111586159809,0.5475968937679057,0.3704216590770363,0.6384684678612542,0.3680850320511532,2025,3.1320584674836476,0.2988049882225905,2025,3.752910519223634,0.55446,0.51938,0.5181,2006;2012;2014;2024-09-20;2025,80,1328,80,,m2_20260926T165115Z_1ffdde7
impervious,object,AGRI,combined,S1_dl_wald,5,0.17459095631287344,0.12045809150329174,-0.06150256468000867,0.4106844773057555,-0.6344979823833975,0.9836798950091444,0.050125235847478154,0.01950803372585417,1.2805025120974542,21.048593761100353,0.00030972080301889865,0.8099635517032805,0.6238859453902438,0.9908992554290674,0.22388665848477474,False,0.5435372034614334,0.4846292036115398,0.6012519923042045,0.3464913347426154,0.72783777740379,0.6259186274900012,2024-09-20,2.186323864706845,0.2754705751999665,2024-09-20,4.538137910709908,0.5683460646776982,0.5308082509237181,0.563320409640266,2006;2012;2014;2024-09-20;2025,187,1328,80,,m2_20260926T165115Z_1ffdde7
impervious,cell_gate,UNIVERSE,combined,S1_dl_wald,7,0.394753755160689,0.40005917395901236,-0.3893478174838195,1.1788553278051976,-2.4360389269692897,3.2255464372906673,1.0526523282384188,0.3127468610932416,4.014283796446018,201.15861186737123,1.0754370969745726e-40,0.9701727907927902,0.9062241210446202,0.9920025195308518,1.0259884639889567,False,0.5974265433773917,0.4038743102204046,0.7647419262411225,0.08046550855553974,0.9617843976983773,0.3894456370075428,2016,4.019496363895615,0.15055391875295296,2016,6.976600854401154,0.5905499939581803,0.6126813747633535,0.7037606644123431,2006;2012;2014;2016;2019;2023-08-10;2024-09-20,447,447,109,,m2_20260926T165115Z_1ffdde7
impervious,cluster_gate,UNIVERSE,combined,S1_dl_wald,7,0.08548019534146781,0.4444187976590666,-0.7855646421228965,0.956525032805832,-3.085660860137542,3.2566212508204777,1.3243293284797506,0.33123247959229696,4.307141859413689,213.7164638956886,2.273910920223425e-43,0.9719254198266705,0.8964672308387028,0.9911966699371931,1.1507950853560986,False,0.5213570459999336,0.313121819266302,0.7224255196409025,0.04370262070840316,0.9629103104575537,0.3734710579903714,2024-09-20,4.2339540305309376,0.1476840839768044,2024-09-20,6.99507254440074,0.5218428571428572,0.3472119266055046,0.4731,2006;2012;2014;2016;2019;2023-08-10;2024-09-20,109,447,109,,m2_20260926T165115Z_1ffdde7
impervious,object,UNIVERSE,combined,S1_dl_wald,10,0.20031126068775015,0.24135622610798485,-0.272738249928406,0.6733607713039064,-1.5651822526309285,1.9658047740064288,0.527901652545744,0.19979286214625994,1.6307225380379706,180.4439691426978,4.092840267930991e-34,0.9501230213303351,0.8781902723802119,0.983290059878138,0.726568408717131,False,0.549911038295497,0.4322349825677481,0.662255283179995,0.17290428468648458,0.877159790286471,0.24133828932748772,2024-09-20,6.594296879800165,0.10813081628509956,2024-09-20,9.9035026285312,0.5525912747563094,0.47089349210032555,0.5807699305388447,2006;2012;2014;2016;2019;2022-09-06;2023-08-10;2024-07-24;2024-09-20;2025,250,449,111,,m2_20260926T165115Z_1ffdde7
impervious,cell_gate,URBAN,combined,S1_dl_wald,6,0.2577341598353185,0.08916260756603223,0.08297866023821682,0.4324896594324202,0.010179074491936585,0.5052892451787004,0.0,0.0,0.8721924877852796,4.626457490032218,0.46314415562932676,0.0,0.0,0.9365226936452705,0.0,False,0.5640792167543134,0.5207327702062109,0.6064680191439996,0.502544746650501,0.6237015159729122,0.512758964074153,2016,3.0524351933665224,0.512758964074153,2016,3.0524351933665224,0.5338504937711109,0.5674654412668799,0.5667826775646054,2012;2014;2016;2019;2023-08-10;2024-09-20,385,385,43,,m2_20260926T165115Z_1ffdde7
impervious,cluster_gate,URBAN,combined,S1_dl_wald,6,-0.1841959508213576,0.18158165265851497,-0.5400894502853086,0.1716975486425935,-1.2273575735410334,0.8589656718983183,0.10819244931648443,0.0,1.7486153934226523,11.817245204122358,0.03737959258551713,0.5768895445906642,0.0,0.9565900195642,0.32892620649088516,False,0.45408076848071355,0.36816677409311405,0.5428192460227823,0.2266442467657042,0.7024445082725413,0.3117011365660062,2016,4.689518681745275,0.22240646913974405,2016,5.591574539477282,0.4295833333333334,0.3825511627906977,0.48519999999999996,2012;2014;2016;2019;2023-08-10;2024-09-20,43,385,43,,m2_20260926T165115Z_1ffdde7
hand_neg,cell_gate,ALL,development,S1_dl_wald,6,2.0301950230347687,0.11965795906081189,1.7956697328120093,2.2647203132575284,1.291025345679398,2.769364700390139,0.05655975229310258,0.012776580386067623,0.7518036455018715,19.579215142675725,0.0014985074990043537,0.7446271485570544,0.39710918976551207,0.9748478130281997,0.23782294315961736,False,0.8839310881918208,0.8576209965868206,0.9059127378571201,0.784320689007346,0.9409977239413727,0.44663499887804237,2012,3.4686944964828865,0.22820609419413063,2012,5.4416704165561995,0.8790533134477007,0.8732577433812342,0.8695240033921425,2006;2012;2014;2016;2019;2025,696,696,53,,m2_20260926T165115Z_1ffdde7
hand_neg,cluster_gate,ALL,development,S1_dl_wald,6,1.8384385438839639,0.14775503718009214,1.5488439924766066,2.128033095291321,0.9158347332604526,2.761042354507475,0.08858960911623993,0.022484766517211777,1.3996191637135686,19.281496545474123,0.0017033160329365266,0.7406840289493176,0.4202737567923979,0.9783204471298764,0.2976400663826024,False,0.8627639320845457,0.8247467057191901,0.8935981387605754,0.7141926442515109,0.9405339595117893,0.3972799348937871,2016,3.778665303862717,0.21815970863282355,2016,5.6379738328997355,0.8482166666666667,0.8588641509433964,0.8532500000000001,2006;2012;2014;2016;2019;2025,53,696,53,,m2_20260926T165115Z_1ffdde7
hand_neg,object,ALL,development,S1_dl_wald,6,1.9395379220779208,0.14366871971934467,1.6579524057230257,2.221123438432816,0.978026362868029,2.9010494812878127,0.09929012832236694,0.05338247810890794,1.6396126839158034,34.39920336887897,1.9826574167275062e-06,0.8546477967416097,0.7596873309128258,0.9898058908648112,0.3151033613314319,False,0.8743013706039425,0.8399629463609275,0.9021304301573105,0.7267164281104945,0.9478982921501193,0.2691667681355207,2016,4.622038217454189,0.1891512475291136,2016,5.812150185185329,0.8582729974446289,0.8708627869952766,0.8706389778916175,2006;2012;2014;2016;2019;2025,142,696,53,,m2_20260926T165115Z_1ffdde7
hand_neg,cell_gate,FLAT,development,S1_dl_wald,6,0.863105737984149,0.1415453502437691,0.5856819493272538,1.1405295266410442,0.004083763927292816,1.7221277120410052,0.07569101355356905,0.0178497471285524,1.1577167652657496,20.000393020471392,0.0012495183520336048,0.7500049126593537,0.41434507477345656,0.9786721732260476,0.2751199984617059,False,0.7033091233428356,0.6423737721841165,0.7577768474661671,0.501020939562962,0.8484026961309512,0.4332911284716857,2012,3.370712891230999,0.23884937539473122,2012,5.080810433490223,0.6879571581469065,0.6778615101085662,0.6723914769706347,2006;2012;2014;2016;2019;2025,633,633,49,,m2_20260926T165115Z_1ffdde7
hand_neg,cluster_gate,FLAT,development,S1_dl_wald,6,0.7477338426356783,0.13277461611562677,0.4875003769879184,1.0079673082834382,0.011935982851786209,1.4835317024195704,0.05260351941447417,0.0,1.895185797584124,12.340407456931883,0.030409689161023316,0.5948269927512493,0.0,0.9814442513781972,0.22935457138342408,False,0.6786847144609595,0.6195174085090179,0.7326221598233081,0.5029839602865375,0.8151054309522342,0.5379247798888118,2016,2.7118806035426717,0.28893941528156264,2016,4.748653149062878,0.6444833333333334,0.6753346938775511,0.6579999999999999,2006;2012;2014;2016;2019;2025,49,633,49,,m2_20260926T165115Z_1ffdde7
hand_neg,object,FLAT,development,S1_dl_wald,6,0.7998926202022371,0.13100381551148613,0.5431298599623946,1.0566553804420795,-0.0201485838956732,1.6199338243001473,0.07007348270758341,0.047662591890216564,2.451826420474836,22.9142893928529,0.0003505421609642937,0.7817955462516097,0.7090476411726345,0.9920862227958296,0.26471396394520524,False,0.689951511079107,0.6325402020878672,0.7420508655231789,0.4949630244280929,0.8347860031694387,0.4176965062982779,2016,3.3838632746897304,0.22384034845511974,2016,5.43801447643944,0.6550528158708103,0.6793528075413855,0.6765304608913165,2006;2012;2014;2016;2019;2025,131,633,49,,m2_20260926T165115Z_1ffdde7
hand_neg,object,URBAN,development,S1_dl_wald,5,0.8776280621551024,0.19722377415744713,0.49107656791144455,1.2641795563987601,-0.4094519218446201,2.164708046154825,0.12466722742112574,0.02107157518403693,2.7781974227832396,15.452277305995521,0.003849485835650254,0.7411384794105403,0.3261107391395226,0.9845686704951491,0.3530824654682327,False,0.7063304562820559,0.6203600114182779,0.7797447560010932,0.3990435472900067,0.8970352115635097,0.5853259559657754,2012,2.435581438741089,0.2867909225454058,2012,4.440552731153701,0.6602883795680867,0.6928377986405739,0.6580180627541045,2006;2012;2014;2016;2019,77,351,31,,m2_20260926T165115Z_1ffdde7
hand_neg,cell_gate,AGRI,development,S1_dl_wald,4,0.9147450502200805,0.16013756275667526,0.6008811946449742,1.2286089057951868,-0.34599435686386726,2.1754844573040284,0.06021342671512895,0.0,1.1156687956285563,7.559079594580721,0.05605971882219105,0.6031262850902153,0.0,0.9657037943140115,0.24538424300498382,False,0.713970164597435,0.6458578837875026,0.7735750075110542,0.4143541149473612,0.8980263035737471,0.5689985090022088,2014,2.58113496513477,0.3445286602913351,2014,3.803583045113098,0.7210699341823117,0.7247747361821003,0.7262661510467632,2006;2012;2014;2025,216,216,33,,m2_20260926T165115Z_1ffdde7
hand_neg,cluster_gate,AGRI,development,S1_dl_wald,4,0.7634731898109216,0.15101816648696093,0.4674830224852044,1.0594633571366388,-0.4016479660293478,1.9285943456511911,0.050521470459720025,0.0,1.0741027096327833,6.888369625448578,0.07554221814430123,0.5644833011113807,0.0,0.9649810851828967,0.22476981661183965,False,0.6821073254613321,0.6147878488213395,0.7425879787986698,0.4009164628130106,0.8730937535620014,0.37309923762399644,2012,3.446010901004617,0.30311578418146884,2012,3.8612438776840645,0.68795,0.6895212121212122,0.70355,2006;2012;2014;2025,33,216,33,,m2_20260926T165115Z_1ffdde7
hand_neg,object,AGRI,development,S1_dl_wald,4,0.8614270223259495,0.1344075186275208,0.5979931265646123,1.1248609180872866,-0.2199814194018903,1.9428354640537893,0.04510404344576827,0.0,0.9538640621888776,8.16013610679747,0.042815550422588666,0.6323590733369052,0.0,0.9732446214321301,0.21237712552383856,False,0.7029587139561116,0.645197031112893,0.7548892532493771,0.44522535429098264,0.8746633183969953,0.36436409191796126,2012,3.6301961047365765,0.2891149071707496,2012,3.934085274955448,0.7053049407631662,0.704494104654312,0.7087207061873884,2006;2012;2014;2025,78,216,33,,m2_20260926T165115Z_1ffdde7
hand_neg,cell_gate,UNIVERSE,development,S1_dl_wald,5,1.2965095263955901,0.07007390208720311,1.159167202048486,1.4338518507426943,1.0735030956013583,1.519515957189822,0.0,0.0,0.1704695189309366,1.5358428259000831,0.8202739579900237,0.0,0.0,0.8148199992696206,0.0,False,0.7852469559734179,0.7611813581823355,0.8075007693480405,0.7452625367303926,0.8204671917693677,0.6785958152842357,2012,2.02832791790498,0.6785958152842357,2012,2.02832791790498,0.7886551889503474,0.7873711086000001,0.7879663094377574,2006;2012;2014;2016;2019,340,340,44,,m2_20260926T165115Z_1ffdde7
hand_neg,cluster_gate,UNIVERSE,development,S1_dl_wald,5,1.2286530036719419,0.1262583150933504,0.9811912533402651,1.4761147540036186,0.5794900005063426,1.8778160068375411,0.025667653270051934,0.0,1.8434954969806254,6.0018908431296385,0.19900710866096524,0.3335433608262306,0.0,0.972932606322973,0.1602112769752864,False,0.7735827314571133,0.727344523083158,0.8139850198824194,0.6409500470172319,0.867360067039095,0.4552494081759393,2016,3.1824239418867966,0.35439069960072395,2016,3.896818119018104,0.7471,0.7571545454545454,0.7666,2006;2012;2014;2016;2019,44,340,44,,m2_20260926T165115Z_1ffdde7
hand_neg,object,UNIVERSE,development,S1_dl_wald,6,1.2469487517758016,0.10868386703089229,1.0339322866947125,1.4599652168568906,0.6735693057871567,1.8203281977644465,0.030836542702562177,0.0,1.6535089700887624,9.628230513262148,0.0864811307217113,0.48069377928655904,0.0,0.9802507177271242,0.1756033675718156,False,0.776771228629258,0.7376775410836951,0.8115273547374896,0.6623019251816475,0.8606055035067831,0.2811807469725198,2012,4.235794183749013,0.2413708550839084,2012,4.855044695877853,0.7403176761323224,0.7626069524160219,0.7894522625421183,2006;2012;2014;2016;2019;2025,105,342,46,,m2_20260926T165115Z_1ffdde7
hand_neg,cell_gate,URBAN,development,S1_dl_wald,4,1.1559049284383047,0.11408822547701665,0.9322961154432671,1.3795137414333425,0.6650229136573469,1.6467869432192626,0.0,0.0,0.8720990686800114,2.9363740753641654,0.4015394310061926,0.0,0.0,0.929901794314389,0.0,False,0.7605878228713374,0.7175408852641979,0.7989128936388505,0.6603878120757827,0.838456323633542,0.557415323512649,2012,2.4628950681584705,0.557415323512649,2012,2.4628950681584705,0.7429703430567219,0.7680199157038288,0.7348408887639741,2012;2014;2016;2019,349,349,29,,m2_20260926T165115Z_1ffdde7
hand_neg,cluster_gate,URBAN,development,S1_dl_wald,4,1.0596915727905842,0.11919811125809705,0.8260675676995157,1.2933155778816527,0.5468234940049529,1.5725596515762157,0.0,0.0,3.613875103629242,2.6017485475403577,0.4571830863692784,0.0,0.0,0.9801626105282637,0.0,False,0.742631600050527,0.695522796230795,0.7847078564076642,0.6333983038159717,0.8281482007388469,0.47071064042654664,2012,2.3967849280269884,0.47071064042654664,2012,2.3967849280269884,0.667625,0.6987103448275862,0.70625,2012;2014;2016;2019,29,349,29,,m2_20260926T165115Z_1ffdde7
hand_neg,object,ALL,holdout,S1_dl_wald,4,1.305458012973991,0.26259259938810003,0.7907859755665603,1.8201300503814217,-0.987674904388403,3.598590930336385,0.21508928809140387,0.02120191109708339,1.457629826379994,25.977102133247232,9.643272855935561e-06,0.8845136772911864,0.43018999035257405,0.9810979074517823,0.4637771966056588,False,0.7867521245873089,0.6880000698582238,0.8605817313208308,0.27137157211201524,0.9733665018376876,0.8169669473858585,2024-09-20,1.4552316232020293,0.315332248615189,2024-09-20,3.7982715677347616,0.7813811187116254,0.8403992014722296,0.7807163413880116,2022-09-06;2023-08-10;2024-07-24;2024-09-20,196,1272,55,,m2_20260926T165115Z_1ffdde7
hand_neg,object,FLAT,holdout,S1_dl_wald,4,-0.1549642427145469,0.4426565976652616,-1.0225552316574966,0.7126267462284028,-4.0488841044466115,3.738955619017518,0.6230881887512647,0.08601025294644446,6.299018604674714,26.470787251764612,7.600273248192892e-06,0.8866675187455934,0.5192212004245483,0.9875142794677431,0.789359353369088,False,0.46133628064960447,0.2645299713142397,0.6709813146926877,0.01714282485516606,0.9767733796264311,0.8835316243825673,2024-09-20,1.2711735482893043,0.31127164382364403,2024-09-20,3.786732909212019,0.466308122068061,0.5965668396022397,0.5044778551688944,2022-09-06;2023-08-10;2024-07-24;2024-09-20,175,1234,50,,m2_20260926T165115Z_1ffdde7
hand_neg,object,URBAN,holdout,S1_dl_wald,4,0.061373697705185484,0.29782281346746925,-0.5223482904654447,0.6450956858758158,-2.278118718225777,2.4008661136361478,0.20694667676965264,0.0,3.9880737139918923,8.93354313812073,0.030187640936614957,0.6641869912511461,0.0,0.9744344546159011,0.4549139223739505,False,0.515338610027334,0.37230328899229054,0.6559044372394999,0.09295144534101836,0.916893325161328,0.7863600279293348,2024-09-20,1.562974765468389,0.3978892997109241,2024-09-20,3.2895898059935105,0.5310271909807198,0.5624167753439255,0.588132452895227,2022-09-06;2023-08-10;2024-07-24;2024-09-20,81,36,14,,m2_20260926T165115Z_1ffdde7
hand_neg,object,UNIVERSE,holdout,S1_dl_wald,4,0.6501921675214611,0.2783781272670015,0.10458106399443057,1.1958032710484918,-1.6250612951912005,2.925445630234123,0.20213768815384975,0.023601096861283817,4.725284110610052,11.964222204910874,0.007506730414271896,0.7492524003132766,0.25864428702988773,0.9858858527319946,0.44959725105237214,False,0.6570537658785914,0.526121462368129,0.7677773675643832,0.16450803799696959,0.9490900660685353,0.8622448411378641,2024-09-20,1.329939391119587,0.3714518911633969,2024-09-20,3.4467419384448377,0.6378309225251284,0.680894417375611,0.6530170339791617,2022-09-06;2023-08-10;2024-07-24;2024-09-20,145,107,65,,m2_20260926T165115Z_1ffdde7
hand_neg,cell_gate,ALL,holdout,S1_dl_wald,2,1.846219958317616,0.6996013144645522,0.4750265784302128,3.217413338205019,,,0.8895076299025465,0.10094298455253893,1002.4164450352284,10.360486491734312,0.0012874127283241032,0.9034794359514093,0.5150916714846773,0.9999052101348755,0.9431371214741505,False,0.8636826716119783,0.6165727879683405,0.961484338970472,,,0.8924809444485449,2024-09-20,1.2374972811019336,0.5378824821364971,2024-09-20,1.988584867005651,0.83621077059272,0.9212899812106023,0.83621077059272,2023-08-10;2024-09-20,1272,1272,55,"k=2: tau2 불안정, 예측구간 없음",m2_20260926T165115Z_1ffdde7
hand_neg,cluster_gate,ALL,holdout,S1_dl_wald,2,1.7490051509836364,0.3629088057008336,1.0377169621375582,2.4602933398297147,,,0.19795523201221704,0.0,291.54939726144994,3.237963360376178,0.07195002723212461,0.6911638926378022,0.0,0.999696701596691,0.44492160209661324,False,0.8518272784922746,0.7384092522353481,0.9213109317444942,,,0.9588180391770544,2024-09-20,1.0857433379214476,0.6416995772069978,2024-09-20,1.8513117475526695,0.83125,0.8772654545454546,0.83125,2023-08-10;2024-09-20,55,1272,55,"k=2: tau2 불안정, 예측구간 없음",m2_20260926T165115Z_1ffdde7
hand_neg,cell_gate,FLAT,holdout,S1_dl_wald,2,0.6485792932353974,0.9097990332583547,-1.1345940451203367,2.4317526315911313,,,1.386368298956502,0.02080623326315043,1735.7364961613982,5.352015533378201,0.02069833061933338,0.8131545034270858,0.061309490605345324,0.9998165048081324,1.1774414206050772,False,0.6566902382737047,0.24331428293621857,0.9192167741271019,,,0.9557751492428181,2024-09-20,1.0923446621790731,0.5851595340858683,2024-09-20,1.9436183810198802,0.5990751533798293,0.7985000592313649,0.5990751533798293,2023-08-10;2024-09-20,1234,1234,50,"k=2: tau2 불안정, 예측구간 없음",m2_20260926T165115Z_1ffdde7
hand_neg,cluster_gate,FLAT,holdout,S1_dl_wald,2,0.6343090211736827,0.37671363957877424,-0.10403614488571744,1.3726541872330829,,,0.15870087920481304,0.0,479.15446148728824,1.5083821201544494,0.21938612654799491,0.3370380179940041,0.0,0.9993489255116106,0.398372789237434,False,0.6534658765678627,0.47401439752443936,0.7978086389904592,,,0.9753373418199563,2024-09-20,1.0505402551285534,0.8151305862544204,2024-09-20,1.4314044380894473,0.5769,0.6789799999999999,0.5769,2023-08-10;2024-09-20,50,1234,50,"k=2: tau2 불안정, 예측구간 없음",m2_20260926T165115Z_1ffdde7
hand_neg,cell_gate,URBAN,holdout,S1_dl_wald,2,0.7310984165556766,0.5170282420451255,-0.2822583168428272,1.7444551499541805,,,0.27695395090780633,0.0,800.9959549119518,1.542854864451598,0.21419336405766637,0.35185089470133263,0.0,0.9993634727803614,0.5262641455655195,False,0.675046266237519,0.4299002067772173,0.8512520686246164,,,0.9369176724184564,2024-09-20,1.1340515823299833,0.7831877984671985,2024-09-20,1.5142552173901012,0.584556008766545,0.6090756741394815,0.584556008766545,2023-08-10;2024-09-20,36,36,14,"k=2: tau2 불안정, 예측구간 없음",m2_20260926T165115Z_1ffdde7
hand_neg,cluster_gate,URBAN,holdout,S1_dl_wald,2,0.8543736671886935,0.30361266978643026,0.25930376915723796,1.449443565220149,,,0.0,0.0,137.77578015081374,0.25675490822478914,0.6123583932272754,0.0,0.0,0.9961750716900981,0.0,False,0.7014838134020799,0.5644651351450765,0.8099127833598091,,,0.9035761375841075,2024-09-20,1.2110241011238063,0.9035761375841075,2024-09-20,1.2110241011238063,0.6533,0.6867857142857143,0.6533,2023-08-10;2024-09-20,14,36,14,"k=2: tau2 불안정, 예측구간 없음",m2_20260926T165115Z_1ffdde7
hand_neg,cell_gate,UNIVERSE,holdout,S1_dl_wald,2,1.2605538551024564,0.2490230689649413,0.7724776086115375,1.7486301015933754,,,0.05502721083046243,0.0,323.5446623494636,1.2092494107508043,0.2714808251309735,0.17304073823851157,0.0,0.9991878688478619,0.23457879450296104,False,0.7791214361168979,0.6840566063744433,0.8517799344244471,,,0.9722216344562499,2024-09-20,1.057097488584778,0.8905080542177443,2024-09-20,1.2422467022747816,0.7140022283473859,0.7773784813373238,0.7140022283473859,2023-08-10;2024-09-20,107,107,65,"k=2: tau2 불안정, 예측구간 없음",m2_20260926T165115Z_1ffdde7
hand_neg,cluster_gate,UNIVERSE,holdout,S1_dl_wald,2,0.8973306867034629,0.6145542511527213,-0.30717351210185395,2.10183488550878,,,0.5507553548590102,0.0,860.6626140728192,2.86846018755785,0.0903312571246904,0.6513809031278973,0.0,0.9996576319513043,0.7421289341206218,False,0.7104006491940152,0.42380480200380516,0.8910813920840387,,,0.9683579444486012,2024-09-20,1.0652822789319547,0.663278523606546,2024-09-20,1.8072732726518963,0.6502,0.7742846153846152,0.6502,2023-08-10;2024-09-20,65,107,65,"k=2: tau2 불안정, 예측구간 없음",m2_20260926T165115Z_1ffdde7
hand_neg,cell_gate,AGRI,holdout,S1_dl_wald,1,1.2825615154879328,0.1325505518693593,,,,,,,,,,,,,,False,0.7828854875545974,,,,,1.0,2024-09-20,1.0,1.0,2024-09-20,1.0,0.7828854875545974,0.7828854875545974,0.7828854875545974,2024-09-20,1112,1112,47,k=1: 통합 불가,m2_20260926T165115Z_1ffdde7
hand_neg,cluster_gate,AGRI,holdout,S1_dl_wald,1,0.7597525163563318,0.12377277224506152,,,,,,,,,,,,,,False,0.6813,,,,,1.0,2024-09-20,1.0,1.0,2024-09-20,1.0,0.6813,0.6813000000000001,0.6813,2024-09-20,47,1112,47,k=1: 통합 불가,m2_20260926T165115Z_1ffdde7
hand_neg,object,AGRI,holdout,S1_dl_wald,1,0.6986267679439528,0.09160684704319066,,,,,,,,,,,,,,False,0.6678832386558624,,,,,1.0,2024-09-20,1.0,1.0,2024-09-20,1.0,0.6678832386558624,0.6678832386558624,0.6678832386558624,2024-09-20,109,1112,47,k=1: 통합 불가,m2_20260926T165115Z_1ffdde7
hand_neg,cell_gate,ALL,combined,S1_dl_wald,8,2.0428183971650906,0.13031212355514182,1.787411328248079,2.298225466082102,1.2191381319340011,2.86649866239618,0.09633199438741019,0.03785195870627137,0.932428813450177,37.874572197870094,3.2011571513590637e-06,0.8151794305839407,0.634113554022727,0.9771125942607699,0.3103739589389068,False,0.8852199439299324,0.8566096044648124,0.9087299661819961,0.7719118410926872,0.9461652803155095,0.38790800766727784,2012,4.320882117519345,0.16564827456657993,2012,7.355001329118661,0.8683426777339555,0.9043029702709477,0.8695240033921425,2006;2012;2014;2016;2019;2023-08-10;2024-09-20;2025,1968,1968,108,,m2_20260926T165115Z_1ffdde7
hand_neg,cluster_gate,ALL,combined,S1_dl_wald,8,1.8389995193752333,0.1177189105893382,1.6082746943208397,2.069724344429627,1.1364300224684913,2.5415690162819753,0.06858300767327334,0.02082289911243448,0.8255226942440709,25.873960479756185,0.0005304618763947315,0.7294577300805261,0.450136689016818,0.9701088265382902,0.2618835765627034,False,0.8628303393738123,0.8331717126135547,0.8879255328481764,0.7570235840168272,0.9270050678452972,0.3787742430890141,2024-09-20,4.156499216527411,0.18265506820339739,2024-09-20,7.102970137278111,0.843975,0.8682351851851853,0.8532500000000001,2006;2012;2014;2016;2019;2023-08-10;2024-09-20;2025,108,1968,108,,m2_20260926T165115Z_1ffdde7
hand_neg,object,ALL,combined,S1_dl_wald,10,1.7099712387311425,0.12913314266768325,1.456874929892011,1.9630675475702741,0.8242650257087786,2.5956774517535064,0.13084745594791367,0.09402329557277114,0.9068989948881567,82.92738047768185,4.2271092187694374e-14,0.8914713096186349,0.8551240986318068,0.9827383831320252,0.3617284284486273,False,0.8468325537290597,0.811054238063478,0.8768645481743659,0.6951409359275067,0.9305828691613746,0.38783970350042574,2024-09-20,4.660647019772432,0.12404325951879583,2024-09-20,9.477071277905704,0.8275162459514276,0.8531975125499593,0.8451100700330112,2006;2012;2014;2016;2019;2022-09-06;2023-08-10;2024-07-24;2024-09-20;2025,338,1968,108,,m2_20260926T165115Z_1ffdde7
hand_neg,cell_gate,FLAT,combined,S1_dl_wald,8,0.9174901322657235,0.15590337408346666,0.6119251339938536,1.2230551305375934,-0.03525207109991835,1.8702323356313655,0.12729935906844622,0.04084987118083496,1.4461248614051856,37.69031420400794,3.469834769806039e-06,0.814275891622691,0.584530354232522,0.9803173389350303,0.35679035730866693,False,0.7145304269518226,0.6483798259985102,0.7726007487202338,0.491187894779304,0.8664851583461015,0.3828394851083008,2012,4.098042877363237,0.17939226510264392,2012,6.661952474269374,0.6657366569551372,0.7575979694645028,0.6723914769706347,2006;2012;2014;2016;2019;2023-08-10;2024-09-20;2025,1867,1867,99,,m2_20260926T165115Z_1ffdde7
hand_neg,cluster_gate,FLAT,combined,S1_dl_wald,8,0.7385137337099038,0.10514689836812548,0.5324295998222845,0.9445978675975231,0.2009549296316262,1.2760725377881814,0.037207240393334375,0.0,1.0963791326257593,14.825640878583043,0.03830052715558813,0.5278450316362294,0.0,0.9705383197065255,0.19289178415198086,False,0.6766707652628798,0.6300495990618712,0.7200274689418681,0.5500703469567211,0.781780493882216,0.41340034520158736,2016,3.720310222482043,0.24236372117772573,2016,5.650896426332228,0.6275875,0.6771757575757577,0.6579999999999999,2006;2012;2014;2016;2019;2023-08-10;2024-09-20;2025,99,1867,99,,m2_20260926T165115Z_1ffdde7
hand_neg,object,FLAT,combined,S1_dl_wald,10,0.48781422292300713,0.14670726371602125,0.20027326976918564,0.7753551760768287,-0.47588900824995106,1.4515174540959652,0.15312612492328892,0.18641747544784198,1.8387390405673347,73.59816165139499,2.9872099029053048e-12,0.8777143369065468,0.8973101327447766,0.9885305748394283,0.39131333343407676,True,0.6195913841130465,0.5499016351876506,0.6846781857251358,0.3832233448294752,0.8102318617922012,0.28919501240868606,2024-09-20,4.587048065586792,0.13491021345431184,2024-09-20,8.937040668590614,0.5795549383497105,0.6320078912363184,0.6284395069145639,2006;2012;2014;2016;2019;2022-09-06;2023-08-10;2024-07-24;2024-09-20;2025,306,1867,99,,m2_20260926T165115Z_1ffdde7
hand_neg,object,URBAN,combined,S1_dl_wald,9,0.5077708906616824,0.22669721540147725,0.06345251307926808,0.9520892682440967,-0.9769194293751321,1.992461210698497,0.3428363802052193,0.10366329052440888,1.3268601239494189,68.29782924086588,1.0714516639793248e-11,0.8828659696959561,0.6950316344626588,0.9668554875890483,0.5855223140113613,False,0.6242837740007178,0.5158578080396188,0.7215351525760021,0.27350346366778283,0.8800032784197982,0.38744187233094485,2012,3.9522620726611497,0.14525683982656504,2012,8.285787026215017,0.6028389624181458,0.6259763879631782,0.6144514517144872,2006;2012;2014;2016;2019;2022-09-06;2023-08-10;2024-07-24;2024-09-20,158,387,45,,m2_20260926T165115Z_1ffdde7
hand_neg,cell_gate,AGRI,combined,S1_dl_wald,5,1.0115663978110785,0.162514316399771,0.6930441906953803,1.3300886049267766,-0.09528050515352193,2.118413300775679,0.09455220542527283,0.008035027929980485,0.6541964988119269,16.27142744094599,0.0026757584573225573,0.7541703077669596,0.20679357579031923,0.9550079934850028,0.3074934233854,False,0.7333265839004651,0.6666437796372616,0.790855290703041,0.47619787803604163,0.8926800145947168,0.3895967653550997,2014,3.558155843258006,0.2428119548690955,2014,4.865565863849771,0.7334330448567689,0.7734337388373841,0.7496637848222862,2006;2012;2014;2024-09-20;2025,1328,1328,80,,m2_20260926T165115Z_1ffdde7
hand_neg,cluster_gate,AGRI,combined,S1_dl_wald,5,0.7506745862868462,0.10516097120708844,0.5445628701416994,0.9567863024319931,0.16407314094843217,1.3372760316252603,0.02291653173367955,0.0,0.46030127740752397,6.968491116028771,0.13756272402795502,0.4259876444702229,0.0,0.9371317189558395,0.15138207203522996,False,0.6793256703799547,0.6328732177716243,0.722477908181266,0.5409265146042537,0.7920416289293631,0.3757821401814299,2024-09-20,3.9326047710411633,0.2892238489479794,2024-09-20,4.5698919666565505,0.6866199999999999,0.6846912500000001,0.6863,2006;2012;2014;2024-09-20;2025,80,1328,80,,m2_20260926T165115Z_1ffdde7
hand_neg,object,AGRI,combined,S1_dl_wald,5,0.8110601611625028,0.09788702071510945,0.6192051260069621,1.0029151963180436,0.20869468301275285,1.4134256393122526,0.02624410289645554,0.0,0.4657684799674635,9.275725723982795,0.0545652637649303,0.5687668955478249,0.0,0.9590294890386937,0.16200031758134162,False,0.6923353721961993,0.6500377453146896,0.7316313547970246,0.5519851298349857,0.8043056946931255,0.4300919329404268,2024-09-20,3.6436575717490496,0.27664544684921255,2024-09-20,4.73607699413029,0.6978206003417053,0.6831540811578894,0.6678832386558624,2006;2012;2014;2024-09-20;2025,187,1328,80,,m2_20260926T165115Z_1ffdde7
hand_neg,cell_gate,UNIVERSE,combined,S1_dl_wald,7,1.3040135157217811,0.06040632742331732,1.185619289533745,1.4224077419098173,1.1487341076899018,1.4592929237536605,0.0,0.0,0.20535598902554297,2.7897320292783516,0.834737073310873,0.0,0.0,0.8618890685245317,0.0,False,0.786509676250392,0.7659566623145683,0.8057155969028499,0.7592796205958451,0.8114245054952369,0.5042703552438909,2012,2.9879490265648796,0.5042703552438909,2012,2.9879490265648796,0.7673257716352155,0.7849791374207913,0.7879663094377574,2006;2012;2014;2016;2019;2023-08-10;2024-09-20,447,447,109,,m2_20260926T165115Z_1ffdde7
hand_neg,cluster_gate,UNIVERSE,combined,S1_dl_wald,7,1.234413930559358,0.10532103572182078,1.027988493730133,1.440839367388583,0.7552083248539755,1.7136195362647406,0.023659568028759938,0.0,1.3928294353990698,9.029340002582634,0.17193472142024793,0.3354996048123297,0.0,0.9674507510897343,0.15381667019136755,False,0.7745901815222899,0.7365257375849954,0.8085845986347171,0.6803125064313318,0.8473051655699323,0.3170401745141445,2024-09-20,4.1190440311994445,0.26215108294768064,2024-09-20,4.92663378034523,0.7194142857142857,0.767369724770642,0.7666,2006;2012;2014;2016;2019;2023-08-10;2024-09-20,109,447,109,,m2_20260926T165115Z_1ffdde7
hand_neg,object,UNIVERSE,combined,S1_dl_wald,10,1.0200998167176756,0.13733328013309393,0.7509315337780613,1.2892680996572898,0.15644797392423282,1.8837516595111183,0.12140713087280831,0.05811655451170446,1.0408575325468508,43.833070568883095,1.514990991195085e-06,0.7946755752404656,0.6494548036566729,0.9707444300392116,0.34843526066230485,False,0.7349920420970665,0.679381641834113,0.7840232816879114,0.5390324129296437,0.8680414558024714,0.4107673133497521,2024-09-20,4.248582255390217,0.14746800364668994,2024-09-20,8.67714686639365,0.6993229746894449,0.7152136820925835,0.7628843820535449,2006;2012;2014;2016;2019;2022-09-06;2023-08-10;2024-07-24;2024-09-20;2025,250,449,111,,m2_20260926T165115Z_1ffdde7
hand_neg,cell_gate,URBAN,combined,S1_dl_wald,6,1.1117466633428092,0.10804471132351204,0.8999829204286987,1.3235104062569198,0.7723872214286278,1.4511061052569907,0.00326603398855968,0.0,1.3342285039315516,5.212806850373441,0.39046499545810026,0.04082385104259049,0.0,0.9456138033286371,0.057149225616448036,False,0.7524546000551184,0.7109459927552065,0.7897651537615131,0.6840370712853594,0.810168606289801,0.45846356614244277,2012,3.3062813418553563,0.43858095495131494,2012,3.4375234502224195,0.6901655649599964,0.7531575970120977,0.7216052928874727,2012;2014;2016;2019;2023-08-10;2024-09-20,385,385,43,,m2_20260926T165115Z_1ffdde7
hand_neg,cluster_gate,URBAN,combined,S1_dl_wald,6,1.0322714441805914,0.11095355499097712,0.8148064724415919,1.249736415919591,0.7242149895215988,1.340327898839584,0.0,0.0,0.7117799980178896,3.254742771646642,0.660777345464833,0.0,0.0,0.8859915027072465,0.0,False,0.7373560256250706,0.6931327876058454,0.7772542301736082,0.6735345103381571,0.7925438591130027,0.4078474124934975,2012,3.0492081638114215,0.4078474124934975,2012,3.0492081638114215,0.66285,0.6948279069767441,0.6961999999999999,2012;2014;2016;2019;2023-08-10;2024-09-20,43,385,43,,m2_20260926T165115Z_1ffdde7
hand_acc_neg,cell_gate,ALL,development,S1_dl_wald,6,2.121821919601286,0.1160886451533145,1.8942923560867393,2.3493514831158326,1.3838499395017096,2.859793899700862,0.05717170152511661,0.025534559285745988,0.7204166296800134,28.226323452946296,3.287205050952666e-05,0.822860387455877,0.6747662341859341,0.9832030610017026,0.23910604660927462,False,0.8930061316575189,0.8692441680693509,0.9128826661791961,0.7996086057161846,0.9458227394800628,0.31448757989642695,2012,3.7868490326453808,0.2141455652960243,2012,5.422127009183738,0.8932138040281355,0.8839040811733206,0.8826312799979479,2006;2012;2014;2016;2019;2025,696,696,53,,m2_20260926T165115Z_1ffdde7
hand_acc_neg,cluster_gate,ALL,development,S1_dl_wald,6,1.9603896980828426,0.18741943864581706,1.5930543483343267,2.3277250478313585,0.6982150694850195,3.222564326680666,0.17153599287199378,0.06371277524883222,1.6065104549797131,38.58269327370934,2.8813370768112966e-07,0.8704082173701686,0.7138516777705679,0.9843513695096375,0.41416903900701435,False,0.8765751205173177,0.831045394633397,0.9111473336481741,0.6677919113613671,0.9616746386488363,0.37476813206997367,2016,4.040881495305265,0.19322052073207402,2016,5.828037435813557,0.8653166666666667,0.8640113207547171,0.8482000000000001,2006;2012;2014;2016;2019;2025,53,696,53,,m2_20260926T165115Z_1ffdde7
hand_acc_neg,object,ALL,development,S1_dl_wald,6,2.0025691328076363,0.157873485707184,1.6931427867077566,2.311995478907516,0.9357432289290735,3.069395036686199,0.122717623473402,0.045441510541646704,1.1970444652811514,37.50476284322774,4.744035652427324e-07,0.8666835990697951,0.7065089571012899,0.9844752555306127,0.3503107527230673,False,0.8810665566585951,0.8446370199192302,0.9098656387384978,0.7182390081050096,0.9556125186127857,0.25689882880189546,2012,4.698291599142344,0.18560463374649208,2012,5.857178697308897,0.8723769585730085,0.8699179352356425,0.8638788603051772,2006;2012;2014;2016;2019;2025,142,696,53,,m2_20260926T165115Z_1ffdde7
hand_acc_neg,cell_gate,FLAT,development,S1_dl_wald,6,0.8508891777505206,0.11657146473135195,0.6224133052519897,1.0793650502490517,0.13549880861859298,1.5662795468824484,0.05280190800596853,0.025875109470839423,0.789886840150624,29.328768094714192,1.998587433032355e-05,0.8295189220408773,0.7045283681145582,0.9864478329440401,0.22978665758909617,False,0.7007536345281395,0.6507672180043667,0.7463738061870118,0.5338229690455716,0.8272525812829871,0.4623898246744942,2016,2.7708528458387685,0.24352139639170953,2016,4.978175927659915,0.7041749421970388,0.6863542658987973,0.6689989968359871,2006;2012;2014;2016;2019;2025,633,633,49,,m2_20260926T165115Z_1ffdde7
hand_acc_neg,cluster_gate,FLAT,development,S1_dl_wald,6,0.8297736440895295,0.18015803385232018,0.47667038621343405,1.182876901965625,-0.3053138238185399,1.9648611119975987,0.13468311263089439,0.027975597974253964,1.5713782115813495,24.78659433573442,0.00015319384589515555,0.7982780557798703,0.45114999203889833,0.9788005030297247,0.3669919789735116,False,0.696307065929691,0.6169613273162696,0.7654646840558541,0.42425899149456375,0.877058074045762,0.6379463177716441,2016,2.266469420638623,0.23077149456014232,2016,5.38316837096149,0.6665,0.6832469387755102,0.6467,2006;2012;2014;2016;2019;2025,49,633,49,,m2_20260926T165115Z_1ffdde7
hand_acc_neg,object,FLAT,development,S1_dl_wald,6,0.7945174074409833,0.11991947577471439,0.5594795538776196,1.029555261004347,0.06832029198538137,1.5207145228965853,0.05403109400505506,0.013413462906396731,1.336278095613873,17.304115053765955,0.003957726997099854,0.7110513895414817,0.37923301668611015,0.9838345205666703,0.23244589479071268,False,0.6888004815755451,0.6363321105415017,0.7368296648182396,0.5170734324281916,0.8206436736236745,0.541967436851814,2016,2.860068172740637,0.24250467205465423,2016,5.35387859706716,0.6642279942423781,0.6756729313539562,0.6739944036284472,2006;2012;2014;2016;2019;2025,131,633,49,,m2_20260926T165115Z_1ffdde7
hand_acc_neg,object,URBAN,development,S1_dl_wald,5,0.7708277571914947,0.1958134454665846,0.38704045638829093,1.1546150579946983,-0.48987851406068394,2.0315340284436734,0.1185869796041577,0.010471439957497922,1.4517628737964146,13.608427639001773,0.008655589355844701,0.7060644986981454,0.1749925640145563,0.9671128570309381,0.34436460271659414,False,0.6836999270321905,0.5955700468710347,0.7603528662780021,0.379922187057186,0.884068395413786,0.44053184625271674,2012,3.0342711769845727,0.2791217070671599,2012,4.433145265454957,0.6547622131834776,0.667746483970849,0.625865119021756,2006;2012;2014;2016;2019,77,351,31,,m2_20260926T165115Z_1ffdde7
hand_acc_neg,cell_gate,AGRI,development,S1_dl_wald,4,0.8646146343395601,0.18583636863064346,0.5003820448057898,1.2288472238733303,-0.7337369952109062,2.4629662638900265,0.10346261325730398,0.008904195987466869,1.2907901687894467,13.894167326623723,0.0030528063407263078,0.7840820590773036,0.23810945362930316,0.9784040044430979,0.3216560480657934,False,0.7036238811862109,0.622549108948103,0.7736167478012346,0.3243752058448954,0.9215044928934896,0.5245192861171043,2014,2.7546828596330033,0.30031628021101564,2014,3.887164192908582,0.7005268229740051,0.7042624971522793,0.7031739564740658,2006;2012;2014;2025,216,216,33,,m2_20260926T165115Z_1ffdde7
hand_acc_neg,cluster_gate,AGRI,development,S1_dl_wald,4,0.8910970581183336,0.16191753031722797,0.5737445302308946,1.2084495860057727,-0.45534650122940323,2.2375406174660704,0.07170999880789639,0.0023388782690065444,1.5707514436242873,10.051942853931822,0.01812972342569275,0.7015502332639557,0.07120877835392746,0.9809484246716152,0.267787226745221,False,0.7091165149580241,0.6396267562294549,0.7700245061967325,0.3880903420030686,0.9035703825470826,0.3919697571505369,2025,3.428140496577175,0.29102747785771055,2025,3.906938188546909,0.697875,0.6928272727272727,0.7033499999999999,2006;2012;2014;2025,33,216,33,,m2_20260926T165115Z_1ffdde7
hand_acc_neg,object,AGRI,development,S1_dl_wald,4,0.7804030918658641,0.13075661908146674,0.5241248277259665,1.0366813560057617,-0.21514978536815577,1.775955969099884,0.036439958260828145,0.0,0.9264675501917106,6.431880354696528,0.09238803552746336,0.5335734132850567,0.0,0.9667604119806985,0.19089253065750936,False,0.6857669829612643,0.6281117820354888,0.7382091641063697,0.44641908023088467,0.8551967913768287,0.28032520416863116,2014,3.944749298974536,0.2641912127484681,2014,3.9872498925444333,0.6833756171721624,0.6805080653523127,0.6789048991961736,2006;2012;2014;2025,78,216,33,,m2_20260926T165115Z_1ffdde7
hand_acc_neg,cell_gate,UNIVERSE,development,S1_dl_wald,5,1.479034782090569,0.13211683470797198,1.2200905443115124,1.7379790198696254,0.799949553289731,2.1581200108914067,0.0280781559119349,0.0,0.7314263876481689,6.00456182866164,0.19880785228051664,0.33383981810183766,0.0,0.9288486040913854,0.16756537802283292,False,0.8144267459761838,0.7720794831512369,0.8504301814641426,0.6899636899837128,0.8964251270132451,0.4332414647014866,2016,3.2548528937224077,0.3458051871492352,2016,3.9112379596686213,0.8161115097864649,0.8177126416594995,0.8418757103713032,2006;2012;2014;2016;2019,340,340,44,,m2_20260926T165115Z_1ffdde7
hand_acc_neg,cluster_gate,UNIVERSE,development,S1_dl_wald,5,1.2338664634798515,0.18318534160809113,0.8748297914323262,1.5929031355273768,0.10516685141624427,2.3625660755434588,0.09222978953167561,0.0,1.6303471847686828,10.07962289945374,0.03910759226754057,0.6031597570761523,0.0,0.9641157680949732,0.3036935783510669,False,0.7744945792736692,0.705749682360675,0.8310241619396148,0.5262675072838837,0.9139278770566313,0.4361286489090897,2016,3.3150666932675104,0.28798960300102433,2016,4.410876820428701,0.76672,0.7507454545454544,0.7679,2006;2012;2014;2016;2019,44,340,44,,m2_20260926T165115Z_1ffdde7
hand_acc_neg,object,UNIVERSE,development,S1_dl_wald,6,1.2053403729787595,0.15757473346084466,0.8964995705220054,1.5141811754355137,0.26709924678812347,2.1435814991693958,0.0893661657355301,0.005486062868767585,0.7948028051921476,15.189894907985929,0.009581027204788229,0.670833799029689,0.11119695386645032,0.9477133256020314,0.29894174304624993,False,0.7694734435085082,0.7102296324643916,0.8196800303791973,0.5663806361586519,0.8950674672248462,0.2921181309512631,2014,4.270250477848544,0.2209883484892415,2014,5.3383531698946225,0.7571451528058759,0.745684253943083,0.7867094947450188,2006;2012;2014;2016;2019;2025,105,342,46,,m2_20260926T165115Z_1ffdde7
hand_acc_neg,cell_gate,URBAN,development,S1_dl_wald,4,1.2163808339624744,0.10304443018458162,1.0144174619932425,1.4183442059317064,0.7730164351433064,1.6597452327816424,0.0,0.0,1.3969517375078144,2.6836765045269795,0.44300843276961244,0.0,0.0,0.9510089587786658,0.0,False,0.7714260163832601,0.7338837632911523,0.8050787088934399,0.6841730477193864,0.8402038006241385,0.7204385304286466,2016,1.794192796713422,0.7204385304286466,2016,1.794192796713422,0.767116475372154,0.7803041616186136,0.7879514854861203,2012;2014;2016;2019,349,349,29,,m2_20260926T165115Z_1ffdde7
hand_acc_neg,cluster_gate,URBAN,development,S1_dl_wald,4,0.893444241370792,0.17101305041910855,0.5582648216630068,1.2286236610785772,-0.3133122436394725,2.1002007263810567,0.04941684593601747,0.0,2.2665794088277833,5.757700418771529,0.12401247129949591,0.4789586498423473,0.0,0.9768315004058395,0.22229900120337354,False,0.709600431366991,0.6360509585143997,0.7735775919875929,0.422306464343943,0.8909226868149862,0.49815602885721183,2012,2.3316175286113108,0.41802623044271275,2012,2.823528076224119,0.6613,0.6653413793103449,0.65655,2012;2014;2016;2019,29,349,29,,m2_20260926T165115Z_1ffdde7
hand_acc_neg,object,ALL,holdout,S1_dl_wald,4,1.5238192887242845,0.20482903996259622,1.1223617474096805,1.9252768300388885,0.0495294895134728,2.998109087935096,0.07545183179828545,0.0,1.2561102324190254,5.40894776030888,0.14418711840111118,0.44536347309283614,0.0,0.9304005413738702,0.27468496827872735,False,0.8211002019103567,0.7544265335116037,0.8727257141441132,0.5123798416601487,0.9524886285894749,0.9421099662447764,2024-09-20,1.1249687287765051,0.5301020126738342,2024-09-20,2.746954074937139,0.8024218886159252,0.850018180529212,0.8084306184378756,2022-09-06;2023-08-10;2024-07-24;2024-09-20,196,1272,55,,m2_20260926T165115Z_1ffdde7
hand_acc_neg,object,FLAT,holdout,S1_dl_wald,4,0.3593500702782195,0.2003226717618298,-0.03327515166180578,0.7519752922182448,-0.9508402427194447,1.6695403832758837,0.052595685342528835,0.0,4.227529504616343,4.0264088224033046,0.25862653851893347,0.25491917678410414,0.0,0.9649125111868609,0.22933749223040012,False,0.5888830953006642,0.4916819795711624,0.6796089530411933,0.27871587377763224,0.8415145326939644,0.9334966652186069,2024-09-20,1.1445791689929086,0.6741048219599923,2024-09-20,1.9820463834627382,0.5225335237795677,0.612161822984801,0.5726176079461942,2022-09-06;2023-08-10;2024-07-24;2024-09-20,175,1234,50,,m2_20260926T165115Z_1ffdde7
hand_acc_neg,object,URBAN,holdout,S1_dl_wald,4,0.5082416815534384,0.1282930334361189,0.2567919565512524,0.7596914065556244,-0.04375868896831758,1.0602420520751945,0.0,0.0,3.1580474439304984,2.476760938604735,0.4795055456377906,0.0,0.0,0.9387204102719987,0.0,False,0.6243941932097846,0.5638475207859079,0.6812867310630233,0.4890620730516028,0.7427367990513901,0.8674429640459071,2024-09-20,1.3149469397887235,0.8674429640459071,2024-09-20,1.3149469397887235,0.5835509712928575,0.6192650079789875,0.6297020440704802,2022-09-06;2023-08-10;2024-07-24;2024-09-20,81,36,14,,m2_20260926T165115Z_1ffdde7
hand_acc_neg,object,UNIVERSE,holdout,S1_dl_wald,4,1.005358896356224,0.35325886484251146,0.31298424404539893,1.6977335486670493,-1.7699049610135358,3.780622753725984,0.29124901879091786,0.0,8.179480918016713,9.297173203687576,0.02558993225558241,0.6773212745127629,0.0,0.9833195026268127,0.5396749195496469,False,0.7321108960848527,0.5776135136182066,0.8452384914745786,0.14555414836061345,0.9777001429747568,0.9088670894340758,2024-09-20,1.2043784722706106,0.41613285070830236,2024-09-20,3.235193424264707,0.685859588110716,0.7146670881090025,0.6873498443663904,2022-09-06;2023-08-10;2024-07-24;2024-09-20,145,107,65,,m2_20260926T165115Z_1ffdde7
hand_acc_neg,cell_gate,ALL,holdout,S1_dl_wald,2,1.9937541199386246,0.6195291184698128,0.7794993603639431,3.208008879513306,,,0.5894131498937365,0.0,831.9685977921034,3.5867190725212676,0.05824312631902678,0.7211936648004454,0.0,0.9997261929085277,0.7677324728665165,False,0.8801397393505354,0.685572204605524,0.9611345556441042,,,0.941984562448559,2024-09-20,1.1227115823186824,0.6232280960710613,2024-09-20,1.8854750133707057,0.8451933507494515,0.9202179307831397,0.8451933507494515,2023-08-10;2024-09-20,1272,1272,55,"k=2: tau2 불안정, 예측구간 없음",m2_20260926T165115Z_1ffdde7
hand_acc_neg,cluster_gate,ALL,holdout,S1_dl_wald,2,1.9774234233599461,0.10427881343426137,1.7730407046782224,2.18180614204167,,,0.0,0.0,156.63893571978292,0.6995114974722648,0.40294788686318916,0.0,0.0,0.9985960643667415,0.0,False,0.878406229450574,0.8548354049522585,0.8986037573330095,,,0.9746692630549169,2024-09-20,1.0519430339771259,0.9746692630549169,2024-09-20,1.0519430339771259,0.8439,0.8759727272727272,0.8439,2023-08-10;2024-09-20,55,1272,55,"k=2: tau2 불안정, 예측구간 없음",m2_20260926T165115Z_1ffdde7
hand_acc_neg,cell_gate,FLAT,holdout,S1_dl_wald,2,0.8735554817360816,0.636227117166374,-0.3734267538977567,2.1205377173699196,,,0.5048931211128554,0.0,1115.0163689181943,1.8547222885166572,0.17323516165686662,0.46083572392944855,0.0,0.999470503415387,0.7105583164757524,False,0.7054849808361071,0.40771325725189084,0.8928833690980358,,,0.9738387664423228,2024-09-20,1.0536893131329075,0.7554769354830381,2024-09-20,1.5859499322007493,0.6069485893155973,0.7698862945631874,0.6069485893155973,2023-08-10;2024-09-20,1234,1234,50,"k=2: tau2 불안정, 예측구간 없음",m2_20260926T165115Z_1ffdde7
hand_acc_neg,cluster_gate,FLAT,holdout,S1_dl_wald,2,0.7416269118848356,0.1255987228084659,0.49545793867601307,0.9877958850936582,,,0.0,0.0,215.36870070015652,0.36361497611504656,0.5465053927152669,0.0,0.0,0.9972991510754922,0.0,False,0.6773515145811304,0.6213913377287856,0.7286523486252627,,,0.9862886894548594,2024-09-20,1.0277984758579175,0.9862886894548594,2024-09-20,1.0277984758579175,0.60205,0.67003,0.60205,2023-08-10;2024-09-20,50,1234,50,"k=2: tau2 불안정, 예측구간 없음",m2_20260926T165115Z_1ffdde7
hand_acc_neg,cell_gate,URBAN,holdout,S1_dl_wald,2,0.8811789864834864,0.27184013053342043,0.3483821210853152,1.4139758518816574,,,0.0,0.0,671.0120232088447,0.8249462425790646,0.3637379584235808,0.0,0.0,0.9988095356200364,0.0,False,0.7070664764716302,0.5862251925929014,0.804392282575594,,,0.9514431773214965,2024-09-20,1.1018046754390105,0.9514431773214965,2024-09-20,1.1018046754390105,0.5828717263059079,0.6054738551622185,0.5828717263059079,2023-08-10;2024-09-20,36,36,14,"k=2: tau2 불안정, 예측구간 없음",m2_20260926T165115Z_1ffdde7
hand_acc_neg,cluster_gate,URBAN,holdout,S1_dl_wald,2,0.6689163196214627,0.29460016049655613,0.09151061520849313,1.2463220240344324,,,0.0,0.0,16.32887185289286,0.020854458666091112,0.8851761450548141,0.0,0.0,0.9529084339757002,0.0,False,0.6612604625842157,0.522861702003553,0.7766625366383465,,,0.9429718768244802,2024-09-20,1.1205132540176497,0.9429718768244802,2024-09-20,1.1205132540176497,0.64255,0.6545785714285713,0.64255,2023-08-10;2024-09-20,14,36,14,"k=2: tau2 불안정, 예측구간 없음",m2_20260926T165115Z_1ffdde7
hand_acc_neg,cell_gate,UNIVERSE,holdout,S1_dl_wald,2,1.4093290738526971,0.1397897814370448,1.1353461368293636,1.6833120108760307,,,0.0,0.0,245.80064666928067,0.49325737963795663,0.4824778490377041,0.0,0.0,0.9980090128243067,0.0,False,0.8036600994004193,0.7568241597723745,0.8433425980302989,,,0.9796610755627794,2024-09-20,1.0415044796616622,0.9796610755627794,2024-09-20,1.0415044796616622,0.7401194024679332,0.7923612298324678,0.7401194024679332,2023-08-10;2024-09-20,107,107,65,"k=2: tau2 불안정, 예측구간 없음",m2_20260926T165115Z_1ffdde7
hand_acc_neg,cluster_gate,UNIVERSE,holdout,S1_dl_wald,2,1.1506748202845938,0.49493180631600975,0.18062630510186106,2.1207233354673267,,,0.27752504569815173,0.0,821.9548693797745,1.5234226423148756,0.21710227930648776,0.34358334173077726,0.0,0.9993553534719144,0.5268064594309296,False,0.7596341540436927,0.5450342028280329,0.8929011208116806,,,0.9778014812482918,2024-09-20,1.0453815705877885,0.8136368516370879,2024-09-20,1.4352635511266478,0.66465,0.7835169230769231,0.66465,2023-08-10;2024-09-20,65,107,65,"k=2: tau2 불안정, 예측구간 없음",m2_20260926T165115Z_1ffdde7
hand_acc_neg,cell_gate,AGRI,holdout,S1_dl_wald,1,1.059974326668899,0.11867069546568355,,,,,,,,,,,,,,False,0.7426856390651881,,,,,1.0,2024-09-20,1.0,1.0,2024-09-20,1.0,0.7426856390651881,0.7426856390651881,0.7426856390651881,2024-09-20,1112,1112,47,k=1: 통합 불가,m2_20260926T165115Z_1ffdde7
hand_acc_neg,cluster_gate,AGRI,holdout,S1_dl_wald,1,0.5476922077002412,0.12421624537882145,,,,,,,,,,,,,,False,0.6336,,,,,1.0,2024-09-20,1.0,1.0,2024-09-20,1.0,0.6336,0.6336,0.6336,2024-09-20,47,1112,47,k=1: 통합 불가,m2_20260926T165115Z_1ffdde7
hand_acc_neg,object,AGRI,holdout,S1_dl_wald,1,0.5380705368400779,0.09143656183421024,,,,,,,,,,,,,,False,0.6313634613872512,,,,,1.0,2024-09-20,1.0,1.0,2024-09-20,1.0,0.6313634613872513,0.6313634613872513,0.6313634613872513,2024-09-20,109,1112,47,k=1: 통합 불가,m2_20260926T165115Z_1ffdde7
hand_acc_neg,cell_gate,ALL,combined,S1_dl_wald,8,2.1514457000605525,0.11449455251911787,1.9270405006970517,2.3758508994240533,1.4496167179923143,2.8532746821287907,0.06915805196704172,0.02956006101580268,0.7538735272598092,38.388579069364,2.5559088247883943e-06,0.817654100003239,0.6571374620523036,0.9799518012967915,0.26297918542546617,False,0.895803794829204,0.8729214860739657,0.9149671802534356,0.8099394395027507,0.945487708627075,0.2931640589795068,2012,4.281363192605549,0.17497757526759006,2012,6.819232571744274,0.8812086907084645,0.90737522787235,0.8826312799979479,2006;2012;2014;2016;2019;2023-08-10;2024-09-20;2025,1968,1968,108,,m2_20260926T165115Z_1ffdde7
hand_acc_neg,cluster_gate,ALL,combined,S1_dl_wald,8,1.946961752313729,0.14312926567063294,1.6664335464656232,2.2274899581618346,1.042435521596214,2.851487983031244,0.1161627693620013,0.04701281519769107,0.866558764124681,39.725502513143134,1.420578812038566e-06,0.8237907752662397,0.6542271038807328,0.972125755589198,0.34082659720450414,False,0.8751149737557526,0.8410997408562797,0.9026910999918788,0.7393196681731928,0.9453955475709808,0.2768912394453868,2016,5.001799521405639,0.16204793694255404,2016,7.179633422004183,0.8599625,0.8701027777777779,0.8482000000000001,2006;2012;2014;2016;2019;2023-08-10;2024-09-20;2025,108,1968,108,,m2_20260926T165115Z_1ffdde7
hand_acc_neg,object,ALL,combined,S1_dl_wald,10,1.8620895273415612,0.11521275660195517,1.6362766738421497,2.0879023808409727,1.1341864563557535,2.5899925983273686,0.08636446541004804,0.05098570389222753,0.6960822316573881,49.38269466898346,1.4069438618818298e-07,0.8177499210942661,0.7259450585372,0.973092347371427,0.29387831735268943,False,0.8655403136188635,0.837027666883288,0.8897217818662513,0.7566106670498756,0.9302147366432959,0.43399234351309984,2024-09-20,3.9912555893423596,0.1473942348386186,2024-09-20,8.58427910242148,0.844394930590175,0.8583784325064698,0.8472950558209973,2006;2012;2014;2016;2019;2022-09-06;2023-08-10;2024-07-24;2024-09-20;2025,338,1968,108,,m2_20260926T165115Z_1ffdde7
hand_acc_neg,cell_gate,FLAT,combined,S1_dl_wald,8,0.9014495333806374,0.11695602411839413,0.672219938333587,1.1306791284276878,0.21217089965394864,1.5907281671073261,0.06567239437821216,0.027829981263174562,0.7580863221974813,40.102338160181425,1.2032729341953957e-06,0.8254465868788052,0.6671069281088194,0.9820104756934137,0.2562662568076651,False,0.7112472910708281,0.6620000621772244,0.7559642080635246,0.5528446334928931,0.830718526412965,0.44201984569920566,2016,3.015281145479716,0.19918854400489855,2016,6.192261467583351,0.6798683539766783,0.7415650443518542,0.6689989968359871,2006;2012;2014;2016;2019;2023-08-10;2024-09-20;2025,1867,1867,99,,m2_20260926T165115Z_1ffdde7
hand_acc_neg,cluster_gate,FLAT,combined,S1_dl_wald,8,0.8065513893666825,0.13455158290479335,0.5428351328104323,1.0702676459229328,0.030643491423172242,1.5824592873101926,0.0824462469408522,0.016799876734602783,0.8061166792999637,25.208843131455872,0.0006967444989305562,0.7223196652263141,0.34642798458273455,0.9621696530607726,0.287134545014793,False,0.691374139821909,0.6324716950681989,0.7446478113490804,0.5076602734337341,0.8295525311015314,0.514012420726231,2016,3.0944702034997356,0.20477838478697863,2016,6.331927497981846,0.6503875,0.6765717171717173,0.6467,2006;2012;2014;2016;2019;2023-08-10;2024-09-20;2025,99,1867,99,,m2_20260926T165115Z_1ffdde7
hand_acc_neg,object,FLAT,combined,S1_dl_wald,10,0.6802174432733485,0.10372980097263933,0.4769107692434676,0.8835241173032296,0.08914311150140897,1.2712917750452881,0.054939926699194036,0.023804478654851496,0.9325858636255527,29.787834406831795,0.0004767118516037472,0.6978632324498264,0.5001941873035006,0.9751289255423424,0.23439267629171787,False,0.6637872267620036,0.6170181330480483,0.7075519721365379,0.5222710317759305,0.7809637983017644,0.37604740525015323,2016,3.9965541927302435,0.1787073079523213,2016,7.365284582469609,0.607550206057254,0.6393512190513347,0.6266971987041383,2006;2012;2014;2016;2019;2022-09-06;2023-08-10;2024-07-24;2024-09-20;2025,306,1867,99,,m2_20260926T165115Z_1ffdde7
hand_acc_neg,object,URBAN,combined,S1_dl_wald,9,0.6621047954692546,0.1562234961161828,0.3559123695426033,0.9682972213959059,-0.20546805054421535,1.5296776414827247,0.11020741125865233,0.011890267139082665,0.6113489257343339,23.390271719096095,0.0028977050102742138,0.6579774661844263,0.17188165180539383,0.9143228663982521,0.33197501601574225,False,0.6597330429439773,0.5880505750964604,0.7247799678256429,0.44881294163085433,0.8219591444198905,0.29315476578221933,2012,4.327940586332154,0.1892063612422139,2012,6.842001008741326,0.6231127723432022,0.642892056405401,0.6285078666529179,2006;2012;2014;2016;2019;2022-09-06;2023-08-10;2024-07-24;2024-09-20,158,387,45,,m2_20260926T165115Z_1ffdde7
hand_acc_neg,cell_gate,AGRI,combined,S1_dl_wald,5,0.90888143045396,0.14723679528521455,0.6203026144958426,1.1974602464120774,-0.10163577385468237,1.9193986347626022,0.07914563504747892,0.008861655640623554,0.6231833725856049,17.692124409077206,0.0014173156191799735,0.7739107013091236,0.2770725317626325,0.9642250785759653,0.28132834028493986,False,0.712771214300704,0.6502873703873389,0.7680726673609086,0.47461290647264726,0.8720713586387359,0.36690817203064274,2014,3.7324029363793527,0.2390705748834639,2014,4.823533057483469,0.7089585861922417,0.7364360918865824,0.7419788664745437,2006;2012;2014;2024-09-20;2025,1328,1328,80,,m2_20260926T165115Z_1ffdde7
hand_acc_neg,cluster_gate,AGRI,combined,S1_dl_wald,5,0.8099442089963725,0.1518066607915515,0.5124086212316429,1.107479796761102,-0.24032279657240319,1.8602112145651484,0.0858671242815169,0.01200187786355374,0.8420539845586628,17.34490018365892,0.0016563010533332714,0.7693846630626042,0.3180174172087283,0.9703410316160413,0.29303092717581347,False,0.6920976154496788,0.6253709415536086,0.751658969166055,0.4402068041258513,0.8653215649253408,0.31824304042362356,2024-09-20,4.221900237137973,0.2275023720788188,2024-09-20,4.9067232116907835,0.68502,0.65803125,0.6485,2006;2012;2014;2024-09-20;2025,80,1328,80,,m2_20260926T165115Z_1ffdde7
hand_acc_neg,object,AGRI,combined,S1_dl_wald,5,0.713093050165244,0.11028543820105004,0.49693756327196814,0.92924853705852,0.018885059949434457,1.4073010403810535,0.03542069474736333,0.0,0.49429786070497517,10.061977798761486,0.03939651550663619,0.6024638416025571,0.0,0.9548508544872722,0.1882038648576679,False,0.6710842502543338,0.6217393777652751,0.7169228050874978,0.5047211246742077,0.8033398978147065,0.486668243748471,2024-09-20,3.2933082215236302,0.27780963291244687,2024-09-20,4.8077546396725985,0.6729731860151802,0.6518622801534266,0.6363701296228628,2006;2012;2014;2024-09-20;2025,187,1328,80,,m2_20260926T165115Z_1ffdde7
hand_acc_neg,cell_gate,UNIVERSE,combined,S1_dl_wald,7,1.458816033968594,0.08885475088892275,1.2846639223710272,1.6329681455661609,1.155981369977191,1.761650697959997,0.0059835176960948795,0.0,0.3962851051388023,6.698686319355907,0.34961334963840845,0.10430199087499406,0.0,0.8852193359226131,0.07735320094278503,False,0.8113515234733878,0.7832426333078752,0.836575839355149,0.7606017421386179,0.8534162779436462,0.3250591526585753,2024-09-20,4.11721046940217,0.3044753309464396,2024-09-20,4.354704604841575,0.7943994791240273,0.8116441829000086,0.8169728566699769,2006;2012;2014;2016;2019;2023-08-10;2024-09-20,447,447,109,,m2_20260926T165115Z_1ffdde7
hand_acc_neg,cluster_gate,UNIVERSE,combined,S1_dl_wald,7,1.2510472165656616,0.1371805944190708,0.9821781921264865,1.5199162410048368,0.5469882864755424,1.9551061466557809,0.0561977005832125,0.0,1.1440338957080067,11.914199286817539,0.06391051411377029,0.49639922452542,0.0,0.9525305850333287,0.2370605420208359,False,0.7774810867320283,0.7275402034016425,0.8205261463237907,0.6334365685926336,0.8760023485756514,0.3081976787992815,2024-09-20,4.228373803696282,0.23600569153676826,2024-09-20,5.293300841636102,0.7375571428571428,0.7702880733944953,0.7679,2006;2012;2014;2016;2019;2023-08-10;2024-09-20,109,447,109,,m2_20260926T165115Z_1ffdde7
hand_acc_neg,object,UNIVERSE,combined,S1_dl_wald,10,1.1552517927874832,0.1303819796348215,0.8997078084701984,1.4107957771047681,0.4079100894565715,1.902593496118395,0.08803172588121956,0.017716454713705632,0.8071718920208935,27.374934100472228,0.0012122923491606386,0.6712320852730475,0.2912252944639832,0.9492905319474637,0.2967014086269554,False,0.7604688705555476,0.7108894534749652,0.8038914282339638,0.6005866517961006,0.8701847767163556,0.4191062554081215,2024-09-20,4.089015646181348,0.1758553585505577,2024-09-20,7.776759510508497,0.7286309269278121,0.7276942977593164,0.7460822077534436,2006;2012;2014;2016;2019;2022-09-06;2023-08-10;2024-07-24;2024-09-20;2025,250,449,111,,m2_20260926T165115Z_1ffdde7
hand_acc_neg,cell_gate,URBAN,combined,S1_dl_wald,6,1.1742674086132925,0.09635420037771973,0.9854166461138061,1.3631181711127789,0.9067452606093251,1.4417895566172598,0.0,0.0,1.368647027230093,4.838090863087646,0.4359578385474038,0.0,0.0,0.9428510406825901,0.0,False,0.7639155035070654,0.7281816741728534,0.7962660148708001,0.7123336809448516,0.8087316215706901,0.6299255022396151,2016,2.270509594702519,0.6299255022396151,2016,2.270509594702519,0.7057015590167386,0.7639563927032106,0.7457301888933594,2012;2014;2016;2019;2023-08-10;2024-09-20,385,385,43,,m2_20260926T165115Z_1ffdde7
hand_acc_neg,cluster_gate,URBAN,combined,S1_dl_wald,6,0.884149975426796,0.12890756997651973,0.6314957809382405,1.1368041699153513,0.3291403630510825,1.4391595878025094,0.023342594370217188,0.0,0.5225387931184297,6.649453647138239,0.2480430784818688,0.24805852249953247,0.0,0.8807367614873767,0.1527828340168397,False,0.7076814592387712,0.6528285485734643,0.7570923976598846,0.5815501992412329,0.8083244750580273,0.4456100866272808,2012,2.8319823615852915,0.37863877634378384,2012,3.392094612490169,0.65505,0.6618372093023257,0.64255,2012;2014;2016;2019;2023-08-10;2024-09-20,43,385,43,,m2_20260926T165115Z_1ffdde7
L1,cell_gate,ALL,development,S1_dl_wald,6,1.1252449924868053,0.46850435350143976,0.20699333302376144,2.043496651949849,-2.1775799612322997,4.42806994620591,1.1956225726118679,0.7856529017029352,13.601570276375899,168.69264641472014,1.3868214779819114e-34,0.9703602966325644,0.9555807116739679,0.9973221800797962,1.093445276459626,False,0.7549603121422773,0.5515643530432882,0.8852888404070381,0.10178196051531055,0.9882033155247656,0.7164231668723411,2006,1.8125542441963567,0.18288419407172932,2006,5.955117857999644,0.701261824133547,0.7573960342057491,0.7876557441836083,2006;2012;2014;2016;2019;2025,696,696,53,,m2_20260926T165115Z_1ffdde7
L1,cluster_gate,ALL,development,S1_dl_wald,6,1.0830197389492697,0.4606155608584213,0.1802298289480465,1.985809648950493,-2.1896659577176107,4.35570543561615,1.1772432861969984,0.5884698602701206,10.176139655337513,175.51789760598828,4.8470267708439816e-36,0.9715128766456383,0.9445903342815555,0.9966192545500553,1.0850084267861695,False,0.7470650154188733,0.5449358861205533,0.8792991128087677,0.10068233552290487,0.9873292256390351,0.7066669684655359,2006,1.8790498556183088,0.17952634391233752,2006,5.9733668682783385,0.7078666666666665,0.6966603773584905,0.8202,2006;2012;2014;2016;2019;2025,53,696,53,,m2_20260926T165115Z_1ffdde7
L1,object,ALL,development,S1_dl_wald,6,1.0059807857616303,0.4900178118155697,0.04556352281998799,1.9663980487032726,-2.5427648558424343,4.554726427365695,1.3935797336485225,0.616905108923999,10.17798893713694,316.83639830537544,2.3989838176925695e-66,0.9842189848554557,0.9650453951908585,0.9978094123123737,1.1804997812996505,False,0.7322328462462855,0.5113889104588091,0.8772237016246629,0.07291405497927338,0.9895920868424171,0.4531560018724544,2006,3.3790043489185284,0.17144842038486727,2006,5.993688729390601,0.6896750609387646,0.7047298370696796,0.7952064623921147,2006;2012;2014;2016;2019;2025,142,696,53,,m2_20260926T165115Z_1ffdde7
L1,cell_gate,FLAT,development,S1_dl_wald,6,0.17734002484481134,0.6986129323463657,-1.1919161616879828,1.5465962113776055,-4.867547635465969,5.222227685155592,2.813542717815833,0.9240223062436009,15.524025113129225,288.99064725391213,2.3287524051079354e-60,0.982698402015734,0.9491187715968872,0.9968192352236902,1.6773618327051063,False,0.5442191777149892,0.23291640695536583,0.8244215751944485,0.0076334879062861785,0.9946336563096284,0.6524828695413114,2006,2.1800026244434263,0.1729628932187302,2006,5.991790925045251,0.5451410182471602,0.605165505260427,0.6224897020098654,2006;2012;2014;2016;2019;2025,633,633,49,,m2_20260926T165115Z_1ffdde7
L1,cluster_gate,FLAT,development,S1_dl_wald,6,0.19159791037038845,0.6445349843277097,-1.0716674456880109,1.4548632664287877,-4.468597077009236,4.8517928977500135,2.4018545386329255,0.7875985860541006,13.125274949393518,231.23848904956284,5.804050438810018e-48,0.9783773020635491,0.936857901557946,0.9959720048752522,1.5497917726691304,False,0.5477534819912706,0.25508611146101173,0.8107457672536452,0.011333466908404036,0.9922462360182677,0.6735940764302261,2006,2.089707127309737,0.17237041968507222,2006,5.995272792270045,0.5542,0.5266326530612244,0.6824,2006;2012;2014;2016;2019;2025,49,633,49,,m2_20260926T165115Z_1ffdde7
L1,object,FLAT,development,S1_dl_wald,6,-0.033104794890621174,0.6560530907761938,-1.3189452247581477,1.2527356349769054,-4.8144082079947,4.748198618213457,2.535206994491123,0.8757761550936565,14.1357869291776,370.7644205285432,5.908866877811791e-78,0.9865143478630656,0.9619342624783521,0.9975543261652543,1.592233335441487,False,0.49172455703729545,0.21099383411862563,0.7777730534300746,0.008046745912903455,0.9914071822251462,0.29224761074933153,2006,4.934800886775703,0.16851439971236934,2006,5.998825430862011,0.5157077654358687,0.5223050079142733,0.6343802764017661,2006;2012;2014;2016;2019;2025,131,633,49,,m2_20260926T165115Z_1ffdde7
L1,object,URBAN,development,S1_dl_wald,5,-0.46928837876520546,0.5337580498000031,-1.515434932831548,0.5768581753011371,-4.512709658437857,3.574132900907446,1.3293710028463959,0.7510910896291274,20.532747938448303,73.31732539704923,4.52074457436959e-15,0.94544263612539,0.9073304078619808,0.9962778164958956,1.1529835223655176,False,0.384784688635205,0.1801347326798234,0.6403441525551723,0.010849691451895222,0.9727250536305597,0.3502348683735807,2016,4.009560148666824,0.20788288720791548,2016,4.99331266387788,0.44433781009248463,0.49086077249394283,0.4871858066256869,2006;2012;2014;2016;2019,77,351,31,,m2_20260926T165115Z_1ffdde7
L1,cell_gate,AGRI,development,S1_dl_wald,4,-0.1729339179631574,0.4143051636556067,-0.9849571173371195,0.6390892814108048,-3.9323394416732325,3.5864716057469175,0.5917751451859901,0.2642178299439869,16.171292961368657,34.07551418696452,1.9097810729265398e-07,0.9119602426675152,0.8222191029031828,0.9964796702170682,0.7692692280248768,False,0.45687394479686333,0.27190929132996944,0.6545475624203868,0.019221080701054497,0.9730505096469685,0.9282094355250682,2006,1.1577218794174127,0.2886938961932922,2006,3.9527201684958833,0.48195500666264,0.4880260795014288,0.4614639355790892,2006;2012;2014;2025,216,216,33,,m2_20260926T165115Z_1ffdde7
L1,cluster_gate,AGRI,development,S1_dl_wald,4,0.02335508324340673,0.5138748934875128,-0.9838212005514747,1.030531367038288,-4.743961310115831,4.790671476602644,0.9635848350915048,0.36804445497132887,20.195657494560198,54.9042010356645,7.197000585329805e-12,0.9453593724449014,0.8685650743047305,0.9972498607240967,0.9816235709738763,False,0.5058385054240424,0.27213423228997974,0.7370188994477299,0.00862899058961026,0.9917615580939897,0.9264925448013493,2006,1.1620978703810432,0.27325426249814433,2006,3.980671057783837,0.51625,0.5379545454545455,0.50755,2006;2012;2014;2025,33,216,33,,m2_20260926T165115Z_1ffdde7
L1,object,AGRI,development,S1_dl_wald,4,-0.1747226721273983,0.5947946553908532,-1.3404987748903832,0.9910534306355866,-5.810926492036493,5.461481147781696,1.3621541468419638,0.44554000521578313,21.577986874715982,88.71277340286285,4.140134604474732e-19,0.9661829984011842,0.9033360374084636,0.9977953861540938,1.1671135963743906,False,0.4564301174381394,0.20742804717745086,0.7292959444032624,0.0029857130848961887,0.9957707026629433,0.45278949369288884,2006,3.225885664019504,0.25518449951803013,2006,3.9992015236500222,0.4695562354442371,0.4793356439656461,0.4692562810745086,2006;2012;2014;2025,78,216,33,,m2_20260926T165115Z_1ffdde7
L1,cell_gate,UNIVERSE,development,S1_dl_wald,5,0.4339083867269425,0.659880806544468,-0.8594342281894576,1.7272510016433424,-4.598463569241666,5.466280342695551,2.0650368141650066,0.7046969525754476,18.62121718539256,84.04108998009808,2.423176742657581e-17,0.9524042346315683,0.8722621942215759,0.9944885418526,1.43702359554915,False,0.6068065678765213,0.2974575651529042,0.8490604553811075,0.00996695135926355,0.9957908660288225,0.27828258754660956,2014,4.589061800186215,0.20371160417033535,2014,4.998190657591728,0.6061542507209171,0.7180739420809882,0.7410848106698359,2006;2012;2014;2016;2019,340,340,44,,m2_20260926T165115Z_1ffdde7
L1,cluster_gate,UNIVERSE,development,S1_dl_wald,5,0.13730749858470367,0.5468412291473139,-0.9344816158056465,1.2090966129750538,-3.9884522986706314,4.263067295840039,1.3816472917858962,0.5344604525013833,15.148128929344653,57.84042112560714,8.242838343184978e-12,0.9308442102917346,0.8388851209137926,0.9932693535817757,1.1754349372831727,False,0.5342730447518166,0.2820163770142349,0.7701390660911563,0.01819131297330827,0.9861164161950302,0.32318195002824507,2012,4.333550427384819,0.20727074533253423,2012,4.995976710660722,0.54974,0.5472295454545454,0.5607,2006;2012;2014;2016;2019,44,340,44,,m2_20260926T165115Z_1ffdde7
L1,object,UNIVERSE,development,S1_dl_wald,6,-0.34217807724013943,0.5962098700097312,-1.51072794968652,0.826371795206241,-4.666835426328058,3.9824792718477795,2.070726112686305,0.8830677353260304,14.623352929837926,218.9183822884102,2.533128311232085e-45,0.9771604378411091,0.9480390856890162,0.9967011500904922,1.439001776470865,False,0.41528049327291755,0.18083093610339726,0.6955872189116975,0.009314401962050396,0.9817016988650368,0.2860727650091388,2014,4.914466747438357,0.1694569690014731,2014,5.998123609569405,0.46274984252915446,0.5329320573250044,0.5546490775868147,2006;2012;2014;2016;2019;2025,105,342,46,,m2_20260926T165115Z_1ffdde7
L1,cell_gate,URBAN,development,S1_dl_wald,4,0.4477772169546227,0.18532608737780853,0.08454476029839486,0.8110096736108505,-0.3496165787952925,1.245171012704538,0.0,0.0,2.575674753107924,2.8655082659574864,0.4128293093618939,0.0,0.0,0.9411813185470573,0.0,False,0.6101106175808477,0.5211236092663836,0.6923246178845754,0.4134754028128865,0.7764628211226005,0.4837929607734325,2016,2.778703611255806,0.4837929607734325,2016,2.778703611255806,0.6364262676464145,0.641889479630758,0.6317954557919381,2012;2014;2016;2019,349,349,29,,m2_20260926T165115Z_1ffdde7
L1,cluster_gate,URBAN,development,S1_dl_wald,4,0.15907316836143207,0.27938987169428586,-0.38852091780463494,0.706667254527499,-1.7442633757704276,2.0624097124932916,0.11762677052108365,0.0,2.9535213022909566,4.834690063679649,0.18430994949933685,0.37948452527756854,0.0,0.9388599981822845,0.3429675939809527,False,0.5396846447711491,0.40407341027897176,0.6696643271208436,0.14877221583881847,0.8871955580954511,0.38078082402758046,2012,3.4375627546934573,0.32933615639944086,2012,3.728176728036356,0.5467,0.5152551724137931,0.5532,2012;2014;2016;2019,29,349,29,,m2_20260926T165115Z_1ffdde7
L1,object,ALL,holdout,S1_dl_wald,4,1.2062628366836092,0.387676363291641,0.4464311269745269,1.9660945463926915,-1.9861793164845118,4.39870498985173,0.40022752093452985,0.05254480833346607,9.17775619217557,12.704267437986157,0.005321814472352815,0.7638588754019845,0.29808922341620714,0.9866981137885859,0.6326353775552943,False,0.7696370331920319,0.6097903681306894,0.8771910099915946,0.12066165906965512,0.9878560392569691,0.9299812331096002,2024-09-20,1.1533699375204567,0.37006608116736095,2024-09-20,3.493232243756321,0.76094578765489,0.7117352349228693,0.7548738052727365,2022-09-06;2023-08-10;2024-07-24;2024-09-20,196,1272,55,,m2_20260926T165115Z_1ffdde7
L1,object,FLAT,holdout,S1_dl_wald,4,0.2653167019178094,0.27688755380968444,-0.27737293131656826,0.8080063351521871,-1.873789517378115,2.404422921213734,0.17050120675552433,0.0,5.732939135339985,8.34548002488318,0.03938605497225549,0.6405239733298632,0.0,0.9835829298942182,0.4129179176973607,False,0.5659428028355917,0.43109795427087666,0.6916845037723366,0.13310385239682865,0.9171639521666781,0.8737724660576643,2024-09-20,1.296084798173952,0.4286878627117269,2024-09-20,3.132687523952106,0.6023727069395338,0.5167100950765015,0.590723477277832,2022-09-06;2023-08-10;2024-07-24;2024-09-20,175,1234,50,,m2_20260926T165115Z_1ffdde7
L1,object,URBAN,holdout,S1_dl_wald,4,-0.13910196129648145,0.41690394495465505,-0.9562186784202745,0.6780147558273116,-3.521503786761696,3.2432998641687325,0.44417592373873427,0.012548843035345241,9.023675402143795,10.10877273195844,0.017663800104863746,0.7032280693663602,0.06274509349437482,0.9796497840847904,0.6664652457095825,False,0.46528047499988745,0.2776359168365881,0.663295467542877,0.028706536905303247,0.9624316049526246,0.7775729485579906,2024-09-20,1.6001342508878715,0.3664429228790036,2024-09-20,3.575873544792337,0.482523598080673,0.5357995094260946,0.5639029523775354,2022-09-06;2023-08-10;2024-07-24;2024-09-20,81,36,14,,m2_20260926T165115Z_1ffdde7
L1,object,UNIVERSE,holdout,S1_dl_wald,4,0.312815241426607,0.26184645676434803,-0.20039438331093962,0.8260248661641536,-1.5860832372713378,2.2117137201245516,0.12621039688003055,0.0,3.361210947905027,5.663771991094234,0.12916484396002026,0.47031766025941246,0.0,0.9594271447776724,0.35526102640175794,False,0.5775722804704484,0.4500683882018143,0.6955137532154465,0.16993567181543998,0.9012964861801608,0.8907359266541418,2024-09-20,1.252690056035587,0.500682368079805,2024-09-20,2.8864360140663834,0.6124892722310102,0.5190095814407895,0.599310165595452,2022-09-06;2023-08-10;2024-07-24;2024-09-20,145,107,65,,m2_20260926T165115Z_1ffdde7
L1,cell_gate,ALL,holdout,S1_dl_wald,2,0.5388429133253588,1.031937011023922,-1.4837164625954413,2.5614022892461588,,,1.6828123065476353,0.0,2291.9914865347255,3.95936222365696,0.04661136027450916,0.7474340705619057,0.0,0.9997519628006482,1.2972325568484764,False,0.6315432088561855,0.18486672572743829,0.9283358059028969,,,0.960199138434916,2024-09-20,1.0827590719903641,0.6162306231254246,2024-09-20,1.8974643814260999,0.6476335927154834,0.43766852361411795,0.6476335927154834,2023-08-10;2024-09-20,1272,1272,55,"k=2: tau2 불안정, 예측구간 없음",m2_20260926T165115Z_1ffdde7
L1,cluster_gate,ALL,holdout,S1_dl_wald,2,0.41094177435967993,0.13038433440253594,0.15539317478248277,0.666490373936877,,,0.0,0.0,557.4951991140871,0.9881026674063667,0.3202065416917273,0.0,0.0,0.9990061061976959,0.0,False,0.6013136771597066,0.5387703093947046,0.6607168503277917,,,0.984432389130952,2024-09-20,1.0316196803907887,0.984432389130952,2024-09-20,1.0316196803907887,0.70305,0.6089254545454547,0.70305,2023-08-10;2024-09-20,55,1272,55,"k=2: tau2 불안정, 예측구간 없음",m2_20260926T165115Z_1ffdde7
L1,cell_gate,FLAT,holdout,S1_dl_wald,2,-0.3160574705024338,1.3159331410423931,-2.8952390330081914,2.263124092003324,,,2.9856997377073355,0.16154913048716457,3589.835459106322,6.5260300574612495,0.010630696517898946,0.8467674847962593,0.23017728342040736,0.9998495150790714,1.7279177462215427,False,0.4216368718367443,0.0523894171066458,0.9057765959981388,,,0.9349044673416756,2024-09-20,1.1385841453076104,0.5666415054041081,2024-09-20,1.9650914069084306,0.47696324641047044,0.19586633169734385,0.47696324641047044,2023-08-10;2024-09-20,1234,1234,50,"k=2: tau2 불안정, 예측구간 없음",m2_20260926T165115Z_1ffdde7
L1,cluster_gate,FLAT,holdout,S1_dl_wald,2,-0.23354314999874337,0.5407387076158845,-1.2933715419726117,0.8262852419751249,,,0.3477067467531914,0.0,880.5784471582427,1.6717796654179167,0.19602033243758704,0.4018350499854795,0.0,0.999412560675614,0.5896666403597811,False,0.4418781481209431,0.21528268908906184,0.6955688913321475,,,0.9759191909653228,2024-09-20,1.0493199773900126,0.7846781790747234,2024-09-20,1.5103838939167684,0.53165,0.39256599999999997,0.53165,2023-08-10;2024-09-20,50,1234,50,"k=2: tau2 불안정, 예측구간 없음",m2_20260926T165115Z_1ffdde7
L1,cell_gate,URBAN,holdout,S1_dl_wald,2,0.35933732176087907,0.6221247607682899,-0.8600048032355663,1.5786794467573244,,,0.042763732276991685,0.0,856.3306762256674,1.0535217783738144,0.3046973816781873,0.050802726125347974,0.0,0.9990678226712207,0.2067939367510365,False,0.5888800088837275,0.2973383421226788,0.8290174141234588,,,0.6493675605644641,2024-09-20,1.8361381263493288,0.6417792812930961,2024-09-20,1.8511568822804076,0.6203839069445098,0.5959299850991733,0.6203839069445098,2023-08-10;2024-09-20,36,36,14,"k=2: tau2 불안정, 예측구간 없음",m2_20260926T165115Z_1ffdde7
L1,cluster_gate,URBAN,holdout,S1_dl_wald,2,-0.5854664288672837,0.5878881895303681,-1.7377061072832625,0.566773249548695,,,0.09747637318385143,0.0,830.2110124020688,1.1356563150125303,0.28657204456707014,0.11945190919053139,0.0,0.9991352409138283,0.3122120644431464,False,0.35767574078752185,0.14960453597880932,0.6380182864412043,,,0.7220650256681989,2024-09-20,1.6704927877088889,0.6955389343876881,2024-09-20,1.7346927897764925,0.42460000000000003,0.33854285714285715,0.42460000000000003,2023-08-10;2024-09-20,14,36,14,"k=2: tau2 불안정, 예측구간 없음",m2_20260926T165115Z_1ffdde7
L1,cell_gate,UNIVERSE,holdout,S1_dl_wald,2,-0.050565196284412244,1.069939558407203,-2.1476081963972193,2.0464778038283953,,,1.9736925912203924,0.1123889170639799,2365.946994401513,6.636307067334117,0.009992085381121842,0.8493137840287261,0.242969600963155,0.9998520157209106,1.4048817000802567,False,0.48736139372101434,0.10455493973252672,0.88559123630412,,,0.9032763491434933,2024-09-20,1.2117340042723739,0.5607681870431432,2024-09-20,1.9708878379206654,0.5152362854254267,0.31997409744361416,0.5152362854254267,2023-08-10;2024-09-20,107,107,65,"k=2: tau2 불안정, 예측구간 없음",m2_20260926T165115Z_1ffdde7
L1,cluster_gate,UNIVERSE,holdout,S1_dl_wald,2,-0.13093764692160764,1.0260501482056874,-2.14195898373674,1.8800836898935245,,,1.8286484444292375,0.10880372936138223,2186.140131911745,6.739544395203587,0.00942987048733555,0.8516220175488892,0.2545659034620715,0.9998542825657659,1.352275284263244,False,0.4673122766090467,0.10508501988818153,0.867620738955744,,,0.9695750007161666,2024-09-20,1.0626977172935357,0.5696745912157436,2024-09-20,1.9619033783263027,0.5026,0.2938046153846154,0.5026,2023-08-10;2024-09-20,65,107,65,"k=2: tau2 불안정, 예측구간 없음",m2_20260926T165115Z_1ffdde7
L1,cell_gate,AGRI,holdout,S1_dl_wald,1,-0.8517691151173417,0.26526679607237513,,,,,,,,,,,,,,False,0.2990618769869846,,,,,1.0,2024-09-20,1.0,1.0,2024-09-20,1.0,0.2990618769869846,0.2990618769869846,0.2990618769869846,2024-09-20,1112,1112,47,k=1: 통합 불가,m2_20260926T165115Z_1ffdde7
L1,cluster_gate,AGRI,holdout,S1_dl_wald,1,0.06922763434302215,0.1489577839290781,,,,,,,,,,,,,,False,0.5173,,,,,1.0,2024-09-20,1.0,1.0,2024-09-20,1.0,0.5173,0.5173,0.5173,2024-09-20,47,1112,47,k=1: 통합 불가,m2_20260926T165115Z_1ffdde7
L1,object,AGRI,holdout,S1_dl_wald,1,0.19126439987818555,0.10176722641147246,,,,,,,,,,,,,,False,0.5476708635888542,,,,,1.0,2024-09-20,1.0,1.0,2024-09-20,1.0,0.5476708635888542,0.5476708635888542,0.5476708635888542,2024-09-20,109,1112,47,k=1: 통합 불가,m2_20260926T165115Z_1ffdde7
L1,cell_gate,ALL,combined,S1_dl_wald,8,0.9644063567446891,0.3791650269701087,0.2212565596861179,1.7075561538032602,-1.6220289246874797,3.550841638176858,0.9735256089895713,0.7394177542984707,8.088058305727106,172.7268062492647,6.678905763253598e-34,0.9594735747623435,0.9473184228397278,0.9949416833573197,0.9866740135371821,False,0.7240031632179145,0.5550895829857936,0.8465190374160849,0.1649252467175166,0.9721002616455918,0.6662316617057212,2006,2.076218073959956,0.14698568704900597,2006,7.710248527586146,0.6878547662790311,0.5507428871160363,0.7876557441836083,2006;2012;2014;2016;2019;2023-08-10;2024-09-20;2025,1968,1968,108,,m2_20260926T165115Z_1ffdde7
L1,cluster_gate,ALL,combined,S1_dl_wald,8,0.987743899795002,0.35074291081940123,0.3003004267562315,1.6751873728337725,-1.410766655119764,3.386254454709768,0.837809553417357,0.48503078488517415,5.321465929412061,192.04843583541995,5.532519919762899e-38,0.9635508616899187,0.9386662089077239,0.9940796439688131,0.9153193723599194,False,0.7286420700684298,0.5745159569862671,0.8422662077785381,0.19611316288759847,0.9672721803525395,0.593844987007106,2006,2.496712670956147,0.14603930829481224,2006,7.6771180513881525,0.7066625,0.6519805555555556,0.8132999999999999,2006;2012;2014;2016;2019;2023-08-10;2024-09-20;2025,108,1968,108,,m2_20260926T165115Z_1ffdde7
L1,object,ALL,combined,S1_dl_wald,10,1.0867328699461003,0.3408948601942467,0.41859122145055994,1.7548745184416408,-1.393236461446156,3.566702201338357,1.0403621156922882,0.4952544062440478,3.8781794318570113,407.2117965539536,3.96001445494732e-82,0.9778984791792309,0.9546747702158167,0.9939735736036935,1.0199814290918674,False,0.7477660006079532,0.6031460924344226,0.8525665670116425,0.19889157683473646,0.9725272155332114,0.3390345684664825,2024-09-20,4.260230051923365,0.11107123287006328,2024-09-20,9.753041034873581,0.7181833516252147,0.7087921387833636,0.794886669307702,2006;2012;2014;2016;2019;2022-09-06;2023-08-10;2024-07-24;2024-09-20;2025,338,1968,108,,m2_20260926T165115Z_1ffdde7
L1,cell_gate,FLAT,combined,S1_dl_wald,8,0.05362304088291632,0.5677128009181109,-1.059073602478939,1.1663196842447716,-3.97244247073773,4.079688552503563,2.384931378015908,0.9112329749656192,9.720755211292847,296.97329249175436,2.6793855239652307e-60,0.9764288568131279,0.9405736175719049,0.994112223244035,1.5443223038005724,False,0.5134025488664622,0.2574865302660515,0.7624791372311175,0.018479471334506774,0.9833685509836725,0.6032881043791923,2006,2.5179748904966774,0.13467513765875577,2006,7.9224248765939285,0.5280965752879878,0.3346378243944149,0.6224897020098654,2006;2012;2014;2016;2019;2023-08-10;2024-09-20;2025,1867,1867,99,,m2_20260926T165115Z_1ffdde7
L1,cluster_gate,FLAT,combined,S1_dl_wald,8,0.13874884393810977,0.47292180874369383,-0.7881608687030697,1.0656585565792893,-3.1928943925751168,3.470392080451336,1.630219460711588,0.6569334158624686,6.912463738405655,241.85053335017915,1.5015401863379277e-48,0.9710565037710105,0.9311283099852885,0.9930196445771098,1.2768004780354636,False,0.5346316702480285,0.31256370292125407,0.7437704169711106,0.039433996709835724,0.9698334915253477,0.5487242425214439,2006,2.85461157875062,0.13650501697687192,2006,7.871445022677941,0.5485625,0.45892222222222223,0.6758500000000001,2006;2012;2014;2016;2019;2023-08-10;2024-09-20;2025,99,1867,99,,m2_20260926T165115Z_1ffdde7
L1,object,FLAT,combined,S1_dl_wald,10,0.1262929325710305,0.40384273623004047,-0.6652242858579577,0.9178101510000186,-2.855023962609426,3.107609827751487,1.5083715490428897,0.6529842165868627,4.966951944819752,388.5905897351926,3.7192264975882354e-78,0.9768393773865366,0.9480751235983613,0.9928512577917863,1.2281577867044975,False,0.5315313341313962,0.33956702648170994,0.714595698834157,0.05442220245762746,0.9572055538855562,0.37688048100340965,2024-09-20,4.7829947738038,0.10752805323947678,2024-09-20,9.857266054345029,0.5503737420373348,0.5191053028599921,0.6343802764017661,2006;2012;2014;2016;2019;2022-09-06;2023-08-10;2024-07-24;2024-09-20;2025,306,1867,99,,m2_20260926T165115Z_1ffdde7
L1,object,URBAN,combined,S1_dl_wald,9,-0.32716203529722143,0.3336177023559751,-0.9810407165199362,0.3267166459254933,-2.623969000273135,1.969644929678692,0.8321618835593849,0.5339725936810142,5.489575211696932,83.9434599390601,7.834701730743029e-15,0.9046977572069616,0.858982565645886,0.984282322531344,0.9122290740594629,False,0.4189313034823524,0.27268533156793434,0.5809602724200593,0.06761165672603951,0.8775729700142151,0.2958854871821473,2024-09-20,5.370556939340328,0.12907435344643325,2024-09-20,8.727608525547652,0.4613092714205684,0.5138989857313118,0.5539215401755436,2006;2012;2014;2016;2019;2022-09-06;2023-08-10;2024-07-24;2024-09-20,158,387,45,,m2_20260926T165115Z_1ffdde7
L1,cell_gate,AGRI,combined,S1_dl_wald,5,-0.34465843694739107,0.3073349023573796,-0.9470237767599892,0.25770690286520703,-2.5490687020858016,1.8597518281910195,0.3853479490206353,0.2308803552388635,8.107679532734814,34.0791487477537,7.178491029652934e-07,0.8826261762109402,0.8183622520521409,0.9937192051130064,0.6207640042887759,False,0.41467833271065635,0.27948375822350235,0.564072514421179,0.07248907570270234,0.8652680189811228,0.8952042299941382,2006,1.2427078185781664,0.24335040761159937,2006,4.902302147037301,0.44537638072750896,0.3297970183598159,0.2990618769869846,2006;2012;2014;2024-09-20;2025,1328,1328,80,,m2_20260926T165115Z_1ffdde7
L1,cluster_gate,AGRI,combined,S1_dl_wald,5,0.014298105945937658,0.385169936242117,-0.7406210970162006,0.7692173089080758,-2.857358277619945,2.88595448951182,0.6658660101776789,0.29529366530626594,8.938824195477357,89.86551400464204,1.4062874170340254e-18,0.9554890433298654,0.9049408104197093,0.996541854900848,0.8160061336642507,False,0.5035744655909542,0.3228683418780598,0.683351557620649,0.0543022024807198,0.9471477336917523,0.8296651009435656,2006,1.426594730251155,0.22187009552157771,2006,4.95688151653284,0.51646,0.52582,0.5173,2006;2012;2014;2024-09-20;2025,80,1328,80,,m2_20260926T165115Z_1ffdde7
L1,object,AGRI,combined,S1_dl_wald,5,-0.10416845266851962,0.4335048341308732,-0.9538223146890411,0.7454854093520019,-3.4168788677247197,3.2085419623876805,0.8956131297597948,0.37747499864394707,9.790490394645511,115.38052478990349,5.176109241305862e-24,0.965332104293306,0.9214818969607285,0.9967255201997206,0.9463683900890788,False,0.47398141003323474,0.27811677368418664,0.6781941977650626,0.031772102446694116,0.9611544640186716,0.5142829135362569,2024-09-20,2.9619040791819815,0.20743126575035248,2024-09-20,4.996522464461621,0.4851791610731605,0.5191674029973556,0.5476708635888542,2006;2012;2014;2024-09-20;2025,187,1328,80,,m2_20260926T165115Z_1ffdde7
L1,cell_gate,UNIVERSE,combined,S1_dl_wald,7,0.3029650627572046,0.5394914374537271,-0.7544187246198436,1.3603488501342529,-3.477158987504853,4.083089113019263,1.87141472756434,0.6771151154729984,9.225673753575842,107.8734490584451,5.680905552874064e-21,0.9443792698539819,0.8600088184744499,0.9881939563616281,1.3679966109476807,False,0.5751671905615523,0.31985924611495864,0.795816389153259,0.02996916070915369,0.9834240752999893,0.2240008258160308,2024-09-20,5.747634127029515,0.15009166207687258,2024-09-20,6.956992717308708,0.5801776892079199,0.6227793483982162,0.7410848106698359,2006;2012;2014;2016;2019;2023-08-10;2024-09-20,447,447,109,,m2_20260926T165115Z_1ffdde7
L1,cluster_gate,UNIVERSE,combined,S1_dl_wald,7,0.04863218041660079,0.4362799305052507,-0.8064607705513283,0.9037251313845298,-2.9611320163314008,3.0583963771646023,1.1805481368421753,0.5186447215502811,7.578925344190942,91.6046821273996,1.406045573658178e-17,0.9345011645621403,0.8624115348668066,0.9892002421860867,1.086530320259023,False,0.5121556494325464,0.30864519638819,0.7117144163045348,0.04921301076784188,0.9551436410320526,0.49664942374209753,2024-09-20,3.3134046795155214,0.15862537261341753,2024-09-20,6.911687595695705,0.5362714285714285,0.39610458715596325,0.5607,2006;2012;2014;2016;2019;2023-08-10;2024-09-20,109,447,109,,m2_20260926T165115Z_1ffdde7
L1,object,UNIVERSE,combined,S1_dl_wald,10,-0.0544590691908259,0.3701257848447684,-0.7798922772361928,0.670974138854541,-2.7592582018632155,2.6503400634815635,1.2387896966785337,0.6750544149155486,5.300797165106946,234.98656713672446,1.4646557238863236e-45,0.9616999383851442,0.9318940250594424,0.9907786833211103,1.1130092976604165,False,0.4863885965832789,0.3143431032480574,0.6617212508605617,0.05956590630925015,0.934031947044669,0.3977259174206764,2024-09-20,4.514817103309474,0.1096366175375605,2024-09-20,9.85985935711441,0.5226456144098968,0.5248570213121596,0.5575315801666043,2006;2012;2014;2016;2019;2022-09-06;2023-08-10;2024-07-24;2024-09-20;2025,250,449,111,,m2_20260926T165115Z_1ffdde7
L1,cell_gate,URBAN,combined,S1_dl_wald,6,0.43929965072348076,0.17715329389921294,0.0920855749383841,0.7865137265085774,-0.05255674499265511,0.9311560464396167,0.0,0.0,1.2300484152005122,3.9432899188512005,0.5576094294844406,0.0,0.0,0.8450027211294454,0.0,False,0.6080921388865536,0.5230051395396831,0.6870822703115278,0.48686383735087546,0.7173097633848465,0.44206374109030644,2016,3.2837814501108804,0.44206374109030644,2016,3.2837814501108804,0.6310788140791129,0.6375919684537787,0.6317954557919381,2012;2014;2016;2019;2023-08-10;2024-09-20,385,385,43,,m2_20260926T165115Z_1ffdde7
L1,cluster_gate,URBAN,combined,S1_dl_wald,6,0.025781570917954234,0.26005709498894913,-0.48392096918449784,0.5354841110204063,-1.2260745575384073,1.277637699374316,0.1356671609346822,0.0,1.9186415561331636,7.666338643645279,0.17560842415035574,0.3477981821029312,0.0,0.8829261341439758,0.3683302335332822,False,0.5064450357378658,0.38132667390841535,0.6307612829632124,0.2268692083572955,0.7820473922974055,0.32893127832153496,2012,4.382617010777582,0.2651534395156572,2012,5.081756158027064,0.506,0.4577209302325581,0.5475000000000001,2012;2014;2016;2019;2023-08-10;2024-09-20,43,385,43,,m2_20260926T165115Z_1ffdde7
z_sensitivity,cell_gate,ALL,development,S1_dl_wald,6,1.9379576160434648,0.3343326898607488,1.2826775850619976,2.593237647024932,-0.3797329210434459,4.255648153130376,0.585061075999269,0.30360359163328576,6.372836679825562,104.24511021815272,6.726691697551497e-21,0.9520361195883764,0.9115058342740132,0.9953961067983366,0.7648928526266074,False,0.874127594612361,0.7829052159256215,0.9304250960287738,0.40619131487731397,0.9860144747832098,0.5041099811074257,2025,2.922380695552755,0.18857472264229197,2025,5.869967277459567,0.8526566992559234,0.8707828668290002,0.8559019017676571,2006;2012;2014;2016;2019;2025,696,696,53,,m2_20260926T165115Z_1ffdde7
z_sensitivity,cluster_gate,ALL,development,S1_dl_wald,6,1.699545877311145,0.2738323105202863,1.1628444108879954,2.2362473437342945,-0.1524135300693361,3.551505284691626,0.36993875020431255,0.185259833842748,3.958968847936703,57.55510090044235,3.8855059144077634e-11,0.9131267268795359,0.8403515549530275,0.991188313377981,0.6082259039241198,False,0.8454754145762318,0.761849174874384,0.9034576395550735,0.46197020796767585,0.9721182549922047,0.5288383151686026,2025,2.676912248537574,0.19822553218317135,2025,5.810634844680337,0.8336,0.8153867924528302,0.8251999999999999,2006;2012;2014;2016;2019;2025,53,696,53,,m2_20260926T165115Z_1ffdde7
z_sensitivity,object,ALL,development,S1_dl_wald,6,1.7061863850189982,0.2527199883210291,1.210864309736398,2.201508460301598,-0.05871423656557284,3.471087006603569,0.34020793141892575,0.2190596502561985,4.0909161675133,107.27186201930469,1.5447090274712017e-21,0.953389454551463,0.9294311395340666,0.9959507410125285,0.5832734619532469,False,0.846340986329717,0.7704518429671018,0.9003848893498995,0.48532565626380747,0.9698538159887921,0.4510502167302092,2025,3.2768201045895204,0.18494474564723565,2025,5.883257058276401,0.8317342226554603,0.8266592076980092,0.8250111424123862,2006;2012;2014;2016;2019;2025,142,696,53,,m2_20260926T165115Z_1ffdde7
z_sensitivity,cell_gate,FLAT,development,S1_dl_wald,6,0.7109121571125518,0.5344786327875085,-0.3366467136571738,1.7584710278822775,-3.075816821057168,4.497641135282272,1.574492430919442,0.5110119329371685,9.777063997280484,130.886061534612,1.54357422906267e-26,0.9617988352512404,0.890965758449754,0.9936444158491582,1.2547878031441977,False,0.6706026818495248,0.4166242596704543,0.853018063807751,0.044115882653295614,0.9889873958143941,0.3506558861932734,2025,3.9129148743601414,0.17842557833933456,2025,5.956723151700832,0.6401257200805125,0.6871635936718927,0.6590498040961374,2006;2012;2014;2016;2019;2025,633,633,49,,m2_20260926T165115Z_1ffdde7
z_sensitivity,cluster_gate,FLAT,development,S1_dl_wald,6,0.6035253680502981,0.5213685693270431,-0.41833825050188067,1.6253889866024769,-3.101820490785559,4.308871226886155,1.509237974466949,0.4224953556517451,7.424930306044399,123.3302517171866,6.181872511501577e-25,0.959458446485087,0.8688535390986327,0.9914842018816236,1.228510469823904,False,0.6464624400992464,0.3969144604950649,0.8355369966446405,0.04303222391036028,0.9867297463614412,0.3565130450071121,2025,3.954459380197302,0.17697336419820175,2025,5.963209755605152,0.6243166666666667,0.5925102040816327,0.67095,2006;2012;2014;2016;2019;2025,49,633,49,,m2_20260926T165115Z_1ffdde7
z_sensitivity,object,FLAT,development,S1_dl_wald,6,0.45333853759736487,0.5415962991115971,-0.608170702821548,1.5148477780162777,-3.4633873832669844,4.370064458461714,1.696742665735468,0.46424882426438785,7.693383427342752,262.8964836598252,9.37985823781827e-55,0.980981107353,0.9338305066704057,0.9957423479717906,1.3025907514394028,False,0.6114327073511591,0.35247659817984167,0.8197785363638919,0.03037211715544027,0.9875076089427925,0.274785012124922,2025,4.672061141639039,0.17097996984856048,2025,5.989637482361325,0.5907490514480979,0.5847741662609967,0.6229614021874452,2006;2012;2014;2016;2019;2025,131,633,49,,m2_20260926T165115Z_1ffdde7
z_sensitivity,object,URBAN,development,S1_dl_wald,5,0.0151460432413424,0.5029137471423696,-0.9705467884877855,1.0008388749704704,-3.7284223590386043,3.7587144455212895,1.1308014521228853,0.34888716757646804,11.10646732289449,48.88608109765891,6.167247516652551e-10,0.9181771189224748,0.7758945715376053,0.9910084190217467,1.0633914858239581,False,0.5037864384257026,0.2747715290827567,0.731223479487416,0.023466793890066107,0.9772174531437621,0.4465509037726641,2016,3.4339225550727908,0.2160272542004106,2016,4.977247438571256,0.510681370987825,0.5559722907160868,0.5397778682713839,2006;2012;2014;2016;2019,77,351,31,,m2_20260926T165115Z_1ffdde7
z_sensitivity,cell_gate,AGRI,development,S1_dl_wald,4,0.6179085652458208,0.2369933007860877,0.15341023112782082,1.082406899363821,-1.3079951217754124,2.543812252267054,0.1441874931880515,0.0,2.576295458148397,8.782006871272465,0.03233412005865263,0.6583924330765962,0.0,0.9717809142014574,0.3797202828241487,False,0.6497427350771909,0.5382775163926726,0.7469491964056438,0.21282252618081443,0.9271567148368244,0.48305985108769983,2025,3.0348795650485854,0.3141248221022596,2025,3.8854330327064357,0.6589836289648678,0.6729145660540413,0.6780263532540871,2006;2012;2014;2025,216,216,33,,m2_20260926T165115Z_1ffdde7
z_sensitivity,cluster_gate,AGRI,development,S1_dl_wald,4,0.5854596369047785,0.24826182790635953,0.0988753954722329,1.072043878337324,-1.3939936200344305,2.564912893843988,0.15001588843323937,0.0,3.711104613455934,8.224693810790397,0.04158919098299365,0.6352447800471129,0.0,0.9773154975764298,0.38731884595671223,False,0.6423226987996589,0.5246987302060575,0.7449854106174599,0.1987709634461566,0.928569010028388,0.5123649241387056,2025,2.793420382046619,0.33137527383230964,2025,3.7806524338064658,0.6547250000000001,0.6641363636363636,0.6371500000000001,2006;2012;2014;2025,33,216,33,,m2_20260926T165115Z_1ffdde7
z_sensitivity,object,AGRI,development,S1_dl_wald,4,0.4320565467243192,0.21207825525764157,0.01639080451524938,0.8477222889333891,-1.3619558638859102,2.2260689573345487,0.12887425498692676,0.011266295907936243,2.4187889602835866,11.836641691396466,0.007964229834649679,0.7465497327522749,0.2047727754204859,0.9822328948107598,0.35899060570845964,False,0.6063646457244941,0.5040976093910997,0.7000891224281406,0.203922607033722,0.9025662080073666,0.5085056721850318,2025,2.8414357529222314,0.3050108557948335,2025,3.88105023662873,0.6134585810545693,0.6235543856204364,0.6040213529172509,2006;2012;2014;2025,78,216,33,,m2_20260926T165115Z_1ffdde7
z_sensitivity,cell_gate,UNIVERSE,development,S1_dl_wald,5,0.9494532045326527,0.5974664637140852,-0.22155954631746133,2.120465955382767,-3.5893092690259256,5.4882156780912315,1.6770422199906796,0.4364629824253601,11.790844467330412,81.47123180382941,8.49676532969773e-17,0.9509029149131879,0.834454057423742,0.9927097753067936,1.2950066486279828,False,0.7210051997431803,0.4448355911285528,0.8928765053973077,0.02687517750217295,0.9958818134394959,0.3387948634984583,2016,4.039366916055213,0.20692262296333316,2016,4.994028466777269,0.6914655882409527,0.7905786018297954,0.7913628281856468,2006;2012;2014;2016;2019,340,340,44,,m2_20260926T165115Z_1ffdde7
z_sensitivity,cluster_gate,UNIVERSE,development,S1_dl_wald,5,0.5199049316180171,0.4875481229370386,-0.43567183006868515,1.4754816933047192,-3.1331552036534314,4.172965066889466,1.0799207561368522,0.2833953753933989,8.396186241204436,59.241033908409875,4.187795386421588e-12,0.9324792337995952,0.7837426786458986,0.9907725440413518,1.0391923576204996,False,0.6271255358771776,0.3927727673601316,0.8138891469513662,0.041760164918207596,0.9848272481707383,0.3117722962942064,2006,4.123903004893189,0.21083827512849973,2006,4.971341661791574,0.61806,0.6036704545454546,0.6086,2006;2012;2014;2016;2019,44,340,44,,m2_20260926T165115Z_1ffdde7
z_sensitivity,object,UNIVERSE,development,S1_dl_wald,6,0.1783626841081852,0.46581521027833306,-0.7346183514882996,1.09134371970467,-3.1690670746431833,3.5257924428595535,1.2366156835456246,0.44280236242289445,7.637221185106173,148.10847499516254,3.373717421787438e-30,0.9662409595388561,0.9111011642921182,0.9943745916845146,1.11203223134297,False,0.5444728313960705,0.32418208129465015,0.748634668328608,0.040346521575105744,0.9714128000381377,0.24870591637039605,2014,4.984286327632281,0.1716115658677453,2014,5.98615935547818,0.5416914100609107,0.5905438461541792,0.5778832292297971,2006;2012;2014;2016;2019;2025,105,342,46,,m2_20260926T165115Z_1ffdde7
z_sensitivity,cell_gate,URBAN,development,S1_dl_wald,4,1.0146902538177027,0.16689134996490954,0.68758921855521,1.3417912890801955,0.2966147313196119,1.7327657763157935,0.0,0.0,1.791755640945507,2.0688084784870835,0.558248748264748,0.0,0.0,0.9218229162788092,0.0,False,0.7339370356947902,0.6654304220145421,0.7927843639375761,0.5736147519326442,0.8497658515793088,0.6114252072583332,2016,2.221693783908711,0.6114252072583332,2016,2.221693783908711,0.7418467980992203,0.7481007787708538,0.7386017047141082,2012;2014;2016;2019,349,349,29,,m2_20260926T165115Z_1ffdde7
z_sensitivity,cluster_gate,URBAN,development,S1_dl_wald,4,0.4869328271792562,0.40276929242680826,-0.3024804800559691,1.2763461344144815,-2.7733692499003544,3.7472349042588666,0.4119503260511047,0.0,4.848979706596858,9.181510082642358,0.026972462528531645,0.6732563627336751,0.0,0.9604019157939799,0.6418335656937122,False,0.6193836190999235,0.4249512214806771,0.7818271658007327,0.058780331685068354,0.9769604733750088,0.5332691894902304,2016,2.6707146082140154,0.3309816047195993,2016,3.7399922723718575,0.603625,0.5705206896551724,0.6,2012;2014;2016;2019,29,349,29,,m2_20260926T165115Z_1ffdde7
z_sensitivity,object,ALL,holdout,S1_dl_wald,4,1.4810060529285902,0.09925330500066556,1.2864731497807165,1.675538956076464,0.8952493740253052,2.0667627318318753,0.008682472011974567,0.0,1.8759213774490169,3.3212411077336026,0.3446972030142671,0.0967232119901153,0.0,0.9585674578743223,0.09317978327928525,False,0.8147244909687186,0.783549634970906,0.8423129113429111,0.7099722700390201,0.8876304728063912,0.9399038623667024,2024-09-20,1.1301988952187567,0.8212657418598512,2024-09-20,1.456465460229429,0.8377723279496956,0.8105463042839598,0.8403949680904018,2022-09-06;2023-08-10;2024-07-24;2024-09-20,196,1272,55,,m2_20260926T165115Z_1ffdde7
z_sensitivity,object,FLAT,holdout,S1_dl_wald,4,0.17127367403759072,0.07820990270822935,0.017985081495079575,0.3245622665801019,-0.1652363773434121,0.5077837254185935,0.0,0.0,1.3374127597754877,2.255041085691377,0.5211885113792358,0.0,0.0,0.9241770197014253,0.0,False,0.5427140526327772,0.5044961491795396,0.5804357073133926,0.4587846384779967,0.6242867844336294,0.9109088230056763,2024-09-20,1.2008225253571287,0.9109088230056763,2024-09-20,1.2008225253571287,0.6055167933150728,0.5424901739784473,0.5955434351669588,2022-09-06;2023-08-10;2024-07-24;2024-09-20,175,1234,50,,m2_20260926T165115Z_1ffdde7
z_sensitivity,object,URBAN,holdout,S1_dl_wald,4,0.1180042602026956,0.1207310767244405,-0.11862430199194977,0.35463282239734095,-0.40145963663131,0.6374681570367012,0.0,0.0,1.6880375777599437,2.448079479499993,0.48474739723162974,0.0,0.0,0.9577179506948468,0.0,False,0.5294668791129131,0.4703786516473862,0.5877405736320607,0.40096169707369206,0.654180910018845,0.4560990633474717,2024-09-20,2.4198885416704092,0.4560990633474717,2024-09-20,2.4198885416704092,0.49639310230896694,0.5432427948695966,0.5328624447729309,2022-09-06;2023-08-10;2024-07-24;2024-09-20,81,36,14,,m2_20260926T165115Z_1ffdde7
z_sensitivity,object,UNIVERSE,holdout,S1_dl_wald,4,0.35715406122207444,0.19338255488368752,-0.021868781588293473,0.7361769040324424,-1.00803018771879,1.722338310162939,0.06327547736789461,0.0,1.1531689862718018,5.27093384016426,0.15299960842780658,0.43084089253024854,0.0,0.932412361607562,0.25154617343123037,False,0.5883513383786253,0.4945330224801112,0.676159285346928,0.26736552309726075,0.8484297803392701,0.8457206569539302,2024-09-20,1.3755659473174497,0.5174551501590446,2024-09-20,2.7488461169671963,0.6265937267518633,0.5325341567150805,0.6523025791738764,2022-09-06;2023-08-10;2024-07-24;2024-09-20,145,107,65,,m2_20260926T165115Z_1ffdde7
z_sensitivity,cell_gate,ALL,holdout,S1_dl_wald,2,1.5138147558191228,0.5510844767360793,0.43370902897730623,2.5939204826609394,,,0.5546088475889364,0.06408934033509728,623.5453842195618,10.593218626475483,0.0011350320695389764,0.9055999847392261,0.5257450672493945,0.9999072926603516,0.7447206507066501,False,0.819625865501612,0.6067590016284806,0.9304692858829292,,,0.9801717044757434,2024-09-20,1.0404422703464788,0.5453282162303017,2024-09-20,1.98369681170687,0.8128592511130794,0.7353971704091282,0.8128592511130794,2023-08-10;2024-09-20,1272,1272,55,"k=2: tau2 불안정, 예측구간 없음",m2_20260926T165115Z_1ffdde7
z_sensitivity,cluster_gate,ALL,holdout,S1_dl_wald,2,1.4808762758669891,0.4001747907283294,0.6965480985186103,2.265204453215368,,,0.2690717618252471,0.005589456398049895,334.90825191153465,5.492758173269746,0.019095395411893007,0.817942103319521,0.08536184757546317,0.9998212065621322,0.5187212756628043,False,0.814704900516487,0.6674219973487283,0.9059539953447717,,,0.9461707829023853,2024-09-20,1.1134162104670817,0.581228914295491,2024-09-20,1.9485722179656515,0.8168,0.7643254545454545,0.8168,2023-08-10;2024-09-20,55,1272,55,"k=2: tau2 불안정, 예측구간 없음",m2_20260926T165115Z_1ffdde7
z_sensitivity,cell_gate,FLAT,holdout,S1_dl_wald,2,0.035560459595688765,0.7942719054585136,-1.5211838690350006,1.5923047882263779,,,1.1796031284800785,0.1650253595964004,1289.7574916013648,14.541002905880758,0.00013714198322420075,0.9312289526057673,0.6545020849089378,0.9999324620781983,1.0860953588336886,False,0.508889178187225,0.179287254824464,0.8309401235712912,,,0.9559063391538383,2024-09-20,1.092059311121386,0.5313531564572799,2024-09-20,1.9921666380602934,0.5183041932305799,0.3350238897757522,0.5183041932305799,2023-08-10;2024-09-20,1234,1234,50,"k=2: tau2 불안정, 예측구간 없음",m2_20260926T165115Z_1ffdde7
z_sensitivity,cluster_gate,FLAT,holdout,S1_dl_wald,2,0.10909632867127596,0.5110206193351094,-0.8924856805828915,1.1106783379254435,,,0.43958068479512524,0.01309669401663971,542.101203045688,5.732200483789658,0.016656598481686213,0.8255469251593792,0.12356760697359465,0.9998286750228028,0.6630088120041281,False,0.5272470629615214,0.29059713668995446,0.7522555529671049,,,0.8964477064907853,2024-09-20,1.2279859451368313,0.5691615214108295,2024-09-20,1.9624518895653495,0.54215,0.43193,0.54215,2023-08-10;2024-09-20,50,1234,50,"k=2: tau2 불안정, 예측구간 없음",m2_20260926T165115Z_1ffdde7
z_sensitivity,cell_gate,URBAN,holdout,S1_dl_wald,2,0.16139759978597362,0.25195084262278317,-0.3324169776292005,0.6552121772011478,,,0.03788584958601814,0.0,214.70344247724913,1.2188190489305253,0.26959253869167965,0.1795336634445712,0.0,0.999194245349187,0.19464287704927233,False,0.5402620384263644,0.41765265174474275,0.6581840518111753,,,0.8846376495487062,2023-08-10,1.2564514969456202,0.8155822432265178,2023-08-10,1.4302380553923677,0.489378993174335,0.4759685590707002,0.489378993174335,2023-08-10;2024-09-20,36,36,14,"k=2: tau2 불안정, 예측구간 없음",m2_20260926T165115Z_1ffdde7
z_sensitivity,cluster_gate,URBAN,holdout,S1_dl_wald,2,-0.24502826167027522,0.446383177666058,-1.1199232132002932,0.6298666898597427,,,0.26655060451998364,0.0,445.81994523810806,2.5547407296653004,0.10996385264507479,0.6085708469794463,0.0,0.9996155895172565,0.516285390573841,False,0.43904758924338033,0.2460255269917268,0.6524592339087338,,,0.8834977521972343,2023-08-10,1.2592221465340794,0.6501122003278497,2023-08-10,1.8346356803173764,0.40964999999999996,0.34625,0.40964999999999996,2023-08-10;2024-09-20,14,36,14,"k=2: tau2 불안정, 예측구간 없음",m2_20260926T165115Z_1ffdde7
z_sensitivity,cell_gate,UNIVERSE,holdout,S1_dl_wald,2,0.12219848801357754,0.6508615273911705,-1.1534666645958465,1.3978636406230016,,,0.8039500081769413,0.12469110510459966,863.505686525048,19.22371920001227,1.1625985452885321e-05,0.9479809297256401,0.7386621113716807,0.9999489136775794,0.8966325937511648,False,0.530511663572991,0.23985645237637804,0.801844661723033,,,0.7996347442140371,2024-09-20,1.4715361645256921,0.5155867208159098,2024-09-20,1.9980583199662028,0.532061542595897,0.4076926080941684,0.532061542595897,2023-08-10;2024-09-20,107,107,65,"k=2: tau2 불안정, 예측구간 없음",m2_20260926T165115Z_1ffdde7
z_sensitivity,cluster_gate,UNIVERSE,holdout,S1_dl_wald,2,0.05482085781051945,0.6223156973704695,-1.1648954960495286,1.2745372116705673,,,0.7330675786267745,0.11149544495220019,790.1689611180936,18.057937151767746,2.1428344544975997e-05,0.9446226890925852,0.7217906926415962,0.9999456156531656,0.8561936571984019,False,0.5137017830969013,0.23777888635899783,0.7815184543119833,,,0.8955077131233652,2024-09-20,1.2302351916834149,0.5219021535959133,2024-09-20,1.9961697149601956,0.51865,0.38654153846153844,0.51865,2023-08-10;2024-09-20,65,107,65,"k=2: tau2 불안정, 예측구간 없음",m2_20260926T165115Z_1ffdde7
z_sensitivity,cell_gate,AGRI,holdout,S1_dl_wald,1,0.17288551447424938,0.07942330322117451,,,,,,,,,,,,,,False,0.54311404432939,,,,,1.0,2024-09-20,1.0,1.0,2024-09-20,1.0,0.54311404432939,0.54311404432939,0.54311404432939,2024-09-20,1112,1112,47,k=1: 통합 불가,m2_20260926T165115Z_1ffdde7
z_sensitivity,cluster_gate,AGRI,holdout,S1_dl_wald,1,0.4087995560126161,0.12162462502554458,,,,,,,,,,,,,,False,0.6008,,,,,1.0,2024-09-20,1.0,1.0,2024-09-20,1.0,0.6008,0.6008,0.6008,2024-09-20,47,1112,47,k=1: 통합 불가,m2_20260926T165115Z_1ffdde7
z_sensitivity,object,AGRI,holdout,S1_dl_wald,1,0.5705985270332138,0.07687693248517817,,,,,,,,,,,,,,False,0.6389012706647366,,,,,1.0,2024-09-20,1.0,1.0,2024-09-20,1.0,0.6389012706647366,0.6389012706647366,0.6389012706647366,2024-09-20,109,1112,47,k=1: 통합 불가,m2_20260926T165115Z_1ffdde7
z_sensitivity,cell_gate,ALL,combined,S1_dl_wald,8,1.773714648969135,0.21538447755718002,1.3515688301280866,2.1958604678101836,0.32878745780811736,3.218641840130153,0.3023122018048755,0.28375908863753435,3.6259994808650324,127.83815286462105,1.777651386101618e-24,0.9452432638993704,0.9418711977728164,0.9951934946588793,0.5498292478623482,False,0.8549190159384331,0.7943859943753208,0.8998771631365304,0.5814643174331262,0.9615298073221742,0.6205624859875516,2024-09-20,2.3184909639076365,0.15229722324158465,2024-09-20,7.641913343465956,0.8427073372202124,0.7832774776795708,0.8559019017676571,2006;2012;2014;2016;2019;2023-08-10;2024-09-20;2025,1968,1968,108,,m2_20260926T165115Z_1ffdde7
z_sensitivity,cluster_gate,ALL,combined,S1_dl_wald,8,1.603744379068473,0.18254667650878,1.2459594676137802,1.9615292905231656,0.42002135158079335,2.7874674065561527,0.20070240590143146,0.15994639221151047,2.1461139454072304,63.14838171131981,3.539040115289933e-11,0.8891499701132453,0.8647251619237957,0.9884753841774935,0.44799822086860064,False,0.8325410633453313,0.7765996420764453,0.8766983614653441,0.60348835909919,0.9419948171497645,0.39696572445457706,2024-09-20,3.5216949346002933,0.16086544093564767,2024-09-20,7.532373251573084,0.8294,0.7893833333333333,0.8251999999999999,2006;2012;2014;2016;2019;2023-08-10;2024-09-20;2025,108,1968,108,,m2_20260926T165115Z_1ffdde7
z_sensitivity,object,ALL,combined,S1_dl_wald,10,1.6502015567541521,0.16085714733047868,1.3349273413305607,1.9654757721777436,0.5630887146015424,2.737314398906762,0.19636848881016541,0.14853692952442896,1.3800272468394954,118.37064047021721,2.8790405814428704e-21,0.9239676328163109,0.9018860461476761,0.9884263536654949,0.4431348426948229,False,0.8389182895336921,0.7916545068337222,0.8771243357782692,0.637166907594012,0.9391929038809856,0.40045301673294015,2024-09-20,3.829354456760961,0.1295816738460551,2024-09-20,9.281572964503273,0.8341494647731544,0.8173156305703356,0.8251820623126624,2006;2012;2014;2016;2019;2022-09-06;2023-08-10;2024-07-24;2024-09-20;2025,338,1968,108,,m2_20260926T165115Z_1ffdde7
z_sensitivity,cell_gate,FLAT,combined,S1_dl_wald,8,0.5182968701251911,0.3879195425257399,-0.24201146212451297,1.2786052023748953,-2.199159146912802,3.2357528871631844,1.0828742796032047,0.5102422744712776,5.901924821141331,182.16601784699225,6.793924949618791e-36,0.9615735136402908,0.9218199595094729,0.9927211990272449,1.0406124540880743,False,0.6267494314235987,0.43979071721073887,0.7822122574745741,0.09982602342028665,0.962157774466049,0.5344116146208541,2024-09-20,2.977150565386676,0.13798602873948826,2024-09-20,7.909451273297979,0.6096703383680293,0.4544156586917977,0.6561564125470659,2006;2012;2014;2016;2019;2023-08-10;2024-09-20;2025,1867,1867,99,,m2_20260926T165115Z_1ffdde7
z_sensitivity,cluster_gate,FLAT,combined,S1_dl_wald,8,0.4759513412408035,0.3693160935972986,-0.24789490112092538,1.1997975836025323,-2.111156240665209,3.0630589231468157,0.9814782676590763,0.37501954775921864,4.109544582477394,133.63797687656404,1.091093496596453e-25,0.9476196799472233,0.8736187097994764,0.9869705743373041,0.9906958502280487,False,0.6167913882892588,0.4383417033310578,0.7684887727900158,0.10801721305676354,0.9553429810063843,0.31904006418506436,2024-09-20,4.806365031666381,0.13629672028058995,2024-09-20,7.918318349699746,0.603775,0.511409090909091,0.65455,2006;2012;2014;2016;2019;2023-08-10;2024-09-20;2025,99,1867,99,,m2_20260926T165115Z_1ffdde7
z_sensitivity,object,FLAT,combined,S1_dl_wald,10,0.4291351667046343,0.3233520168124869,-0.20462314057623004,1.0628934739854987,-1.9311385120941222,2.7894088455033907,0.9430653599088362,0.31467375799697106,2.4576612773498496,265.5830815937607,5.0854519949281185e-52,0.9661122992248184,0.9048770456363955,0.9867190913378936,0.9711155234619804,False,0.6056671353284772,0.44902196438909364,0.7432431035382959,0.12662461759962237,0.9421008075187493,0.417291140106848,2024-09-20,4.208476938095864,0.11008494892413,2024-09-20,9.886942566562473,0.5966561481948878,0.5605921445307805,0.6229614021874452,2006;2012;2014;2016;2019;2022-09-06;2023-08-10;2024-07-24;2024-09-20;2025,306,1867,99,,m2_20260926T165115Z_1ffdde7
z_sensitivity,object,URBAN,combined,S1_dl_wald,9,0.03066729295060931,0.256314986196374,-0.4717008486921648,0.5330354345933834,-1.6784891063860925,1.7398236922873112,0.45674612998554787,0.19585736888278854,2.537126489802796,54.43733839809346,5.678218706840096e-09,0.8530420436521529,0.7133931516568763,0.9699190926414771,0.6758299564132593,False,0.5076662224178398,0.3842137546194896,0.6301908002034717,0.15729563977220937,0.8506646697288305,0.25111505751988467,2024-09-20,5.432231465104362,0.134431805056194,2024-09-20,8.688963129701957,0.5043310293527768,0.5494464099340254,0.5397778682713839,2006;2012;2014;2016;2019;2022-09-06;2023-08-10;2024-07-24;2024-09-20,158,387,45,,m2_20260926T165115Z_1ffdde7
z_sensitivity,cell_gate,AGRI,combined,S1_dl_wald,5,0.4678160766367386,0.17123343571762914,0.13220470968113096,0.8034274435923462,-0.6322052754441325,1.5678374287176096,0.09015494166303488,0.00705259862035047,1.5324192170164268,12.820188253952972,0.012188639067785974,0.6879921011482307,0.14711818229148219,0.9740128431715432,0.3002581250574826,False,0.614866720938325,0.533003122135226,0.690707166757768,0.34701066659559765,0.8274750980633058,0.7260752440521334,2024-09-20,1.8118916059508743,0.30395995013076754,2024-09-20,4.547522437936158,0.6358097120377723,0.5642261773809899,0.6325416894774804,2006;2012;2014;2024-09-20;2025,1328,1328,80,,m2_20260926T165115Z_1ffdde7
z_sensitivity,cluster_gate,AGRI,combined,S1_dl_wald,5,0.4897654181463582,0.15458407099969257,0.18678620640337817,0.7927446298893382,-0.41109656770453573,1.3906274039972522,0.056233619187646834,0.0,1.705526004747686,8.256767827153864,0.08261257828090107,0.5155489310423285,0.0,0.9699484839535094,0.2371362882134382,False,0.6200511692963613,0.5465612569413886,0.6884203518154979,0.3986492139563996,0.8006923857359435,0.5547988013729266,2024-09-20,2.640224827806101,0.3364426869388179,2024-09-20,4.17024697717221,0.6439400000000001,0.62692625,0.6008,2006;2012;2014;2024-09-20;2025,80,1328,80,,m2_20260926T165115Z_1ffdde7
z_sensitivity,object,AGRI,combined,S1_dl_wald,5,0.4575328002775202,0.15309771203565553,0.157466798572151,0.7575988019828894,-0.5656888950944271,1.4807544956494674,0.07993651603876649,0.011109925317686524,1.067972768825289,16.516136151926503,0.002399313365723584,0.7578126044006106,0.30308090482863714,0.9766380867909927,0.2827304653530753,False,0.612428724843342,0.5392855567937465,0.6808321808426687,0.36223218371398075,0.8146865157697397,0.6152677506962937,2024-09-20,2.322085296821173,0.27303253969714875,2024-09-20,4.674823492103869,0.6185471189766027,0.6324998961542798,0.6389012706647366,2006;2012;2014;2024-09-20;2025,187,1328,80,,m2_20260926T165115Z_1ffdde7
z_sensitivity,cell_gate,UNIVERSE,combined,S1_dl_wald,7,0.7047294025660714,0.44610135254902533,-0.1696131818846237,1.5790719870167664,-2.4473606502485903,3.8568194553807333,1.304600670688173,0.44869878274440583,6.03555473581817,135.59362331360182,8.519560345968472e-27,0.9557501315078574,0.8813569849653895,0.9900916029862543,1.1421911708151893,False,0.6692355062504479,0.4576980699893108,0.8290730485540133,0.07963177409620316,0.979302333627304,0.42809609419066275,2024-09-20,4.028711556834971,0.15050257700402805,2024-09-20,6.9869350194391515,0.6459215751995082,0.6989258024344664,0.6886200836745435,2006;2012;2014;2016;2019;2023-08-10;2024-09-20,447,447,109,,m2_20260926T165115Z_1ffdde7
z_sensitivity,cluster_gate,UNIVERSE,combined,S1_dl_wald,7,0.3707677520903075,0.3456474090340606,-0.3066887209660358,1.0482242251466507,-2.025812547274665,2.76734805145528,0.7497306375843401,0.2808028161338831,4.119471573976859,96.42109912263047,1.3985889402787164e-18,0.9377729557680206,0.8494964227703687,0.9880674894619698,0.8658698733553097,False,0.5916444813703768,0.4239231896026604,0.7404337558987157,0.11651929740489315,0.940885657934246,0.5803293434667874,2024-09-20,2.692477131997117,0.15746708306892246,2024-09-20,6.938801724090689,0.589657142857143,0.47418990825688073,0.6086,2006;2012;2014;2016;2019;2023-08-10;2024-09-20,109,447,109,,m2_20260926T165115Z_1ffdde7
z_sensitivity,object,UNIVERSE,combined,S1_dl_wald,10,0.2861017860327405,0.28079952465836366,-0.26425516917361913,0.8364587412391001,-1.7403247287806751,2.3125283008461563,0.6933725334723246,0.30726151617067166,2.49929648150498,158.43764742349947,1.567919012448971e-29,0.9431953191280148,0.8803539732604653,0.9835663138007349,0.8326899383758186,False,0.5710415189006108,0.43431798255555326,0.6977188622075648,0.14927169263846543,0.9099093260082726,0.40246858609260855,2024-09-20,4.550640594413816,0.11226082007092536,2024-09-20,9.85307156927908,0.5756523367372917,0.5568982262795019,0.6179782982541498,2006;2012;2014;2016;2019;2022-09-06;2023-08-10;2024-07-24;2024-09-20;2025,250,449,111,,m2_20260926T165115Z_1ffdde7
z_sensitivity,cell_gate,URBAN,combined,S1_dl_wald,6,0.6573582464401327,0.24201492354765586,0.18301771256551264,1.131698780314753,-0.7290587946589432,2.0437752875392086,0.19077890353788565,0.004069881605078612,2.495610850013371,13.630162100040701,0.018137452510816037,0.633166505042147,0.0355137408015137,0.957588516494563,0.4367824441731669,False,0.6586667057258921,0.545627140590589,0.7561522667149693,0.3254013024232131,0.8853171335127673,0.38991906259170545,2023-08-10,3.385359904334287,0.2538561109441922,2023-08-10,5.094146816722636,0.6576908631242585,0.7226546491365536,0.689045236275659,2012;2014;2016;2019;2023-08-10;2024-09-20,385,385,43,,m2_20260926T165115Z_1ffdde7
z_sensitivity,cluster_gate,URBAN,combined,S1_dl_wald,6,0.20775558312786288,0.3054399353936266,-0.3908956896838862,0.806406855939612,-1.6649687789801397,2.0804799452358655,0.36166259373041565,0.041517868768249824,2.734476808069703,18.026361160369913,0.0029135475354804454,0.7226284353498775,0.23022332309861143,0.9516863257448335,0.6013838987954496,False,0.551752881416624,0.40350170025410365,0.6913432990132458,0.15909612455984695,0.8889914058568097,0.4784516562944483,2023-08-10,3.2092870136094676,0.23229902013844902,2023-08-10,5.559188871384205,0.5389666666666667,0.4975023255813954,0.5470999999999999,2012;2014;2016;2019;2023-08-10;2024-09-20,43,385,43,,m2_20260926T165115Z_1ffdde7
rf_F1_wf,cell_gate,ALL,development,S1_dl_wald,5,1.9008745697907852,0.18932355872780046,1.5298072132593425,2.271941926322228,0.6138345947088293,3.187914544872741,0.1277108659719402,0.06465952132494646,5.925374203224205,22.815405843104607,0.00013784434578979312,0.8246798664241644,0.7042769195308892,0.9954388635929322,0.3573665708651835,False,0.8699904776557811,0.8219781054618833,0.9065264692325059,0.6488150279604626,0.9603769386168128,0.5534196153628012,2025,2.5959731749957493,0.26501380494472165,2025,4.479563643927996,0.8719413322201145,0.8525732176485243,0.85457592039801,2012;2014;2016;2019;2025,589,589,50,,m2_20260926T165115Z_1ffdde7
rf_F1_wf,cluster_gate,ALL,development,S1_dl_wald,5,1.6378117582628997,0.2431519758003703,1.1612426429244191,2.1143808736013803,-0.07187802936591337,3.3475015458917126,0.22948784135232192,0.07216803118354044,3.202412315018061,33.08452541413322,1.1478158001643786e-06,0.8790975554302115,0.6957327153809152,0.9902406433157719,0.47904889244452065,False,0.8372369630354686,0.7615584362085867,0.8922930862100173,0.48203822521198275,0.9660229254125259,0.6591079767992024,2025,2.1050923840591182,0.25076262500582885,2025,4.662957058997873,0.8351000000000001,0.807354,0.856,2012;2014;2016;2019;2025,50,589,50,,m2_20260926T165115Z_1ffdde7
rf_F1_wf,object,ALL,development,S1_dl_wald,5,1.691300265963613,0.2301296965655032,1.2402543489220956,2.14234618300513,0.03387316415257957,3.3487273677746465,0.2182759300330871,0.08440792987225365,3.0382909184555524,46.39443084544437,2.038650308860117e-09,0.9137827552335891,0.8038643463185852,0.9932672299575585,0.4672000963538932,False,0.8443950809736879,0.7756082842773232,0.8949513875992284,0.5084674814274524,0.9660631371378706,0.46721053045901706,2025,3.071824740856145,0.2346374604819095,2025,4.75442882176907,0.8407720071035104,0.8192828802790393,0.8559792627169517,2012;2014;2016;2019;2025,123,589,50,,m2_20260926T165115Z_1ffdde7
rf_F1_wf,cell_gate,FLAT,development,S1_dl_wald,5,0.5868921079361299,0.2788296355363181,0.040396064462516756,1.133388151409743,-1.3380070068318513,2.5117912227041113,0.28809621390322326,0.08122907068099852,7.4711444846527915,24.58364137409396,6.099785691573817e-05,0.8372901744240718,0.5919858765127883,0.9925621755898769,0.5367459491260491,False,0.6426517336439208,0.5100976430064569,0.7564636283096582,0.2078379966135444,0.9249643056090148,0.5151331256845038,2025,2.8754335921878558,0.25422343802126385,2025,4.572001365908329,0.6620297373746931,0.6330525002235021,0.6619902894137906,2012;2014;2016;2019;2025,528,528,46,,m2_20260926T165115Z_1ffdde7
rf_F1_wf,cluster_gate,FLAT,development,S1_dl_wald,5,0.3259218621793612,0.25743310952837367,-0.17863776092440625,0.8304814852831286,-1.3330645387326758,1.9849082630913981,0.2054743956590235,0.023165340028693488,3.697757561454106,13.41235041723601,0.009427227575661931,0.7017674102177005,0.20966665602693368,0.9769301539359483,0.45329283654060043,False,0.5807667735051381,0.45545894429085376,0.6964567277289325,0.20865290637375425,0.8792034140473617,0.7050393657149876,2025,1.9080906017328472,0.30094781863313386,2025,4.421194761386587,0.59376,0.5498826086956522,0.5458,2012;2014;2016;2019;2025,46,528,46,,m2_20260926T165115Z_1ffdde7
rf_F1_wf,object,FLAT,development,S1_dl_wald,5,0.3113654351400765,0.24060191636455217,-0.16020565554576405,0.782936525825917,-1.3729949698291515,1.9957258401093045,0.22223314300876754,0.06977579432261838,3.073818285517815,26.683204158656164,2.3036341371539734e-05,0.8500929657391847,0.6403516024196386,0.9874112016176583,0.4714161038920579,False,0.5772185133238862,0.46003402962752843,0.6863126571348058,0.2021363949429412,0.8803475877058692,0.47623317656673014,2025,3.129818804973893,0.24505214544808498,2025,4.678311059651247,0.5880086216840892,0.5666933532015709,0.5652316261289961,2012;2014;2016;2019;2025,112,528,46,,m2_20260926T165115Z_1ffdde7
rf_F1_wf,cell_gate,URBAN,development,S1_dl_wald,4,0.830256880889432,0.21118443126072553,0.4163430015228352,1.2441707602560288,-0.5893852177557197,2.2498989795345836,0.06426535184014605,0.0,5.197295681560332,4.707227099015174,0.1945343032727498,0.3626821190276443,0.0,0.9787336027294224,0.2535061179540763,False,0.6964092431972492,0.6026078319327067,0.7762891609887912,0.35677592632926125,0.9046418209269865,0.5998093072323579,2016,2.33711339001169,0.4452280081051884,2016,3.1020138391380216,0.7131942486045036,0.7046924549140453,0.6967629411540768,2012;2014;2016;2019,349,349,29,,m2_20260926T165115Z_1ffdde7
rf_F1_wf,cluster_gate,URBAN,development,S1_dl_wald,4,0.46677731247322324,0.3189819254939008,-0.15841577321406125,1.0919703981605078,-1.9319494889810396,2.865504113927486,0.20905623820624397,0.0,3.6851902085750465,6.451472771337291,0.09159606978901405,0.5349898997747539,0.0,0.9530087586308038,0.4572266814242624,False,0.6146207063972984,0.46047867295795203,0.7487525788068778,0.12653495815128912,0.9461145989702178,0.4155233310855558,2016,3.194662648510878,0.3290776990494585,2016,3.6500163394698464,0.6086750000000001,0.5746137931034482,0.5929500000000001,2012;2014;2016;2019,29,349,29,,m2_20260926T165115Z_1ffdde7
rf_F1_wf,object,URBAN,development,S1_dl_wald,4,0.31725531559894293,0.35018681818071123,-0.3690982358959273,1.003608867093813,-2.728203927669685,3.3627145588675704,0.37836373266887235,0.04348239383296689,5.009048436336624,15.207974065999231,0.0016472757130514646,0.8027350660265026,0.31864131383249467,0.9817759739903708,0.6151127804467018,False,0.5786552062829564,0.40875893752442144,0.7317675330281814,0.06132947799461674,0.9665187319157238,0.3437668579803397,2016,3.410712202538484,0.27739028415181344,2016,3.903163459549698,0.5771090004719799,0.5598837827525893,0.5552728031138062,2012;2014;2016;2019,70,349,29,,m2_20260926T165115Z_1ffdde7
rf_F1_wf,cell_gate,AGRI,development,S1_dl_wald,3,0.6360343866619662,0.1612339171501,0.3200217159614553,0.9520470573624771,-1.8572786750815966,3.129347448405529,0.012509049435594548,0.0,6.41606028858943,2.2813228774452186,0.3196075510762255,0.12331567803337998,0.0,0.9863289274512255,0.11184386185926587,False,0.6538564789972376,0.5793295444858492,0.721526671394501,0.1350205599582886,0.9580871968336254,0.7224799286247737,2025,1.772962850846777,0.6607957947358746,2025,2.0051889647645122,0.6158752056133823,0.6183937705733774,0.6704547509403028,2012;2014;2025,127,127,30,,m2_20260926T165115Z_1ffdde7
rf_F1_wf,cluster_gate,AGRI,development,S1_dl_wald,3,0.4842565782048703,0.222527295964189,0.04811109253797452,0.920402063871766,-4.112561107434147,5.081074263843887,0.08136448812527763,0.0,4.87486213071249,4.373940688908064,0.11225633196600426,0.5427464288503437,0.0,0.9861334512947747,0.2852446110363483,False,0.6187524986905699,0.5120254536370022,0.7151240219025657,0.016102279433698637,0.9938251350804721,0.6656288702629,2025,2.0039129100866386,0.46209625558994366,2025,2.79133556441435,0.6006999999999999,0.6118733333333334,0.6007,2012;2014;2025,30,127,30,,m2_20260926T165115Z_1ffdde7
rf_F1_wf,object,AGRI,development,S1_dl_wald,3,0.42664687474176477,0.20610515202491195,0.022688199744784754,0.8306055497387448,-4.135580369190519,4.988874118674049,0.08644121033342368,0.0,6.133337461835493,6.715590301602188,0.03481192944498194,0.7021855249980266,0.0,0.9940580409964642,0.2940088609777326,False,0.6050726894785438,0.505671806639328,0.696482954905392,0.015741618675441632,0.9932327761593093,0.6505429479426837,2025,2.012241696001811,0.4221931431330366,2025,2.842919545976122,0.5847495557387864,0.5971945543617603,0.596554020088018,2012;2014;2025,59,127,30,,m2_20260926T165115Z_1ffdde7
rf_F1_wf,cell_gate,UNIVERSE,development,S1_dl_wald,4,1.3338097079814466,0.39149137006738405,0.5665007223911317,2.1011186935717614,-2.1708074897951652,4.838426905758058,0.5101850977654113,0.12548175778856177,11.135682436388954,19.03075541531152,0.0002694246743746856,0.8423604352780291,0.5678988449673691,0.9914989910220614,0.71427242545503,False,0.7914701069287584,0.6379553436674306,0.8910118623571097,0.10240278801016278,0.9921427233397984,0.3343585113542924,2016,3.6611068264659457,0.26453819480694446,2016,3.981746271644353,0.7710223481813738,0.7593040834699443,0.7677995142859565,2012;2014;2016;2019,330,330,39,,m2_20260926T165115Z_1ffdde7
rf_F1_wf,cluster_gate,UNIVERSE,development,S1_dl_wald,4,0.9665731908085865,0.31298689437164723,0.3531301502071158,1.5800162314100572,-1.534286833133744,3.4674332147509173,0.2398753999554151,0.0,5.254647064686077,8.511396718904168,0.03654450827916688,0.6475314100520219,0.0,0.9757538920668551,0.4897707626588332,False,0.7244359353699364,0.5873764258258448,0.8292068167288148,0.17736733650521444,0.9697468050538064,0.34412064469317777,2012,3.326762805252925,0.29835649636510764,2012,3.7064964151973596,0.7313999999999999,0.6811923076923078,0.74725,2012;2014;2016;2019,39,330,39,,m2_20260926T165115Z_1ffdde7
rf_F1_wf,object,UNIVERSE,development,S1_dl_wald,5,0.7075217723554089,0.32187589831458996,0.07665660416733588,1.338386940543482,-1.5899559629194315,3.004999507630249,0.417567159337754,0.09715995971663144,4.16763817680384,26.97910497753044,2.0073207002730528e-05,0.8517371127273717,0.5720461384591512,0.9828582911167812,0.6461943665320474,False,0.6698533310278741,0.5191547721318651,0.7922245492474033,0.16939009273286607,0.9527994775188217,0.3442630254146451,2014,3.6558160970231555,0.22724539382786868,2014,4.897103706569723,0.6601815798582992,0.6481138204782881,0.6148815628181067,2012;2014;2016;2019;2025,94,332,41,,m2_20260926T165115Z_1ffdde7
rf_F1_wf,object,ALL,holdout,S1_dl_wald,4,1.7072711266812868,0.11034998446998813,1.4909891314255557,1.9235531219370179,1.026172344826909,2.3883699085356644,0.01288095083758028,0.0,1.3079271282418257,3.591740444730272,0.30905716011943074,0.16475033589870375,0.0,0.9524451985612342,0.11349427667323264,False,0.8464820017359485,0.8162266893790063,0.8725341292922731,0.7361731524027815,0.9159361408125486,0.9175331013349436,2024-09-20,1.1841695942690806,0.7348576640729824,2024-09-20,1.7658233790783364,0.848966211537757,0.8398413181683703,0.850022025518848,2022-09-06;2023-08-10;2024-07-24;2024-09-20,196,1272,55,,m2_20260926T165115Z_1ffdde7
rf_F1_wf,object,FLAT,holdout,S1_dl_wald,4,0.29964424075256785,0.07620342407914571,0.15028827405880993,0.44900020744632574,-0.028232629877824322,0.62752111138296,0.0,0.0,0.5717673898493971,1.1350925100684826,0.7686100709150779,0.0,0.0,0.8206406089935253,0.0,False,0.5743555462042846,0.5375015092146673,0.6104014980338736,0.49294231132034133,0.6519271694637487,0.9264674964535743,2024-09-20,1.161987361915125,0.9264674964535743,2024-09-20,1.161987361915125,0.582871598881695,0.5715716046953362,0.566587363172782,2022-09-06;2023-08-10;2024-07-24;2024-09-20,175,1234,50,,m2_20260926T165115Z_1ffdde7
rf_F1_wf,object,URBAN,holdout,S1_dl_wald,4,0.3159908863410894,0.13848895064799235,0.044557530814279434,0.5874242418678994,-0.27987897520463345,0.9118607478868123,0.0,0.0,0.9681432997736162,1.317702723359982,0.7249337436577834,0.0,0.0,0.8812386204106779,0.0,False,0.5783468909168806,0.5111375400830807,0.6427739291795875,0.43048344715143644,0.7133807783612387,0.7261208127060385,2024-09-20,1.7888813337593323,0.7261208127060385,2024-09-20,1.7888813337593323,0.5314107505553386,0.5765562346801002,0.5305216473138873,2022-09-06;2023-08-10;2024-07-24;2024-09-20,81,36,14,,m2_20260926T165115Z_1ffdde7
rf_F1_wf,object,UNIVERSE,holdout,S1_dl_wald,4,0.9498612213092481,0.3402973346870672,0.2828907012876235,1.6168317413308726,-1.8600902607138394,3.7598127033323356,0.31070363248358507,0.015512353266836964,6.103889750595019,11.339591306443898,0.010024410854559603,0.7354402007155934,0.1218741576921608,0.982018097921665,0.5574079587551518,False,0.721087267650677,0.5702547749333221,0.8343577246219622,0.13469253167801198,0.9772418913984544,0.868591236329295,2024-09-20,1.3128408938639065,0.3608393653951275,2024-09-20,3.6859165352994827,0.726181126254796,0.6115967509774043,0.7141968821997559,2022-09-06;2023-08-10;2024-07-24;2024-09-20,145,107,65,,m2_20260926T165115Z_1ffdde7
rf_F1_wf,cell_gate,ALL,holdout,S1_dl_wald,2,1.8138666307266542,0.20004910218319066,1.4217775953080274,2.205955666145281,,,0.054785882254588386,0.0,94.71987612342605,2.4314435566273214,0.11892333852376617,0.5887216886962782,0.0,0.9995960962719046,0.23406384226229474,False,0.8598285425302233,0.8056169360272789,0.9007830582379125,,,0.9547329924566719,2024-09-20,1.0946138346895202,0.6870218172316681,2024-09-20,1.7545265725447678,0.8673237434309787,0.8434467683143876,0.8673237434309787,2023-08-10;2024-09-20,1272,1272,55,"k=2: tau2 불안정, 예측구간 없음",m2_20260926T165115Z_1ffdde7
rf_F1_wf,cluster_gate,ALL,holdout,S1_dl_wald,2,1.7956767308491877,0.33304748739981754,1.142915650403988,2.4484378112943874,,,0.18605751934368447,0.004614881146978419,230.629675325007,5.596678552896085,0.017994561007092538,0.821322595080517,0.1023450534442609,0.9998245264386916,0.4313438527945941,False,0.8576218510955668,0.7582145536649484,0.9204471358958795,,,0.9027620011334887,2024-09-20,1.2129526961725365,0.5719644691627097,2024-09-20,1.9594097699307231,0.8586,0.8230527272727274,0.8586,2023-08-10;2024-09-20,55,1272,55,"k=2: tau2 불안정, 예측구간 없음",m2_20260926T165115Z_1ffdde7
rf_F1_wf,cell_gate,FLAT,holdout,S1_dl_wald,2,0.23588368707577567,0.2790564293942229,-0.3110568641912458,0.7828242383427971,,,0.11198818658930855,0.0,180.21524053056484,2.7213187539638057,0.09901617778167118,0.6325311033323734,0.0,0.9996391201450603,0.33464636049015767,False,0.5586990006870796,0.42285679129141013,0.6862884825270306,,,0.9719781823776663,2024-09-20,1.0576114713874354,0.6734373019295132,2024-09-20,1.7852010550713482,0.5821885578336704,0.5124830499029895,0.5821885578336704,2023-08-10;2024-09-20,1234,1234,50,"k=2: tau2 불안정, 예측구간 없음",m2_20260926T165115Z_1ffdde7
rf_F1_wf,cluster_gate,FLAT,holdout,S1_dl_wald,2,0.29072690922011124,0.35024223129136883,-0.39573524997591925,0.9771890684161417,,,0.18714082277545255,0.0,262.1773688344586,3.658076016450375,0.055798031873045065,0.7266322527189162,0.0,0.9997315339777634,0.43259776094595376,False,0.5721740830231317,0.4023374217896716,0.726550110153848,,,0.8981860190927613,2024-09-20,1.2238341031672846,0.6088512150382108,2024-09-20,1.9095004700972265,0.5884,0.5128079999999999,0.5884,2023-08-10;2024-09-20,50,1234,50,"k=2: tau2 불안정, 예측구간 없음",m2_20260926T165115Z_1ffdde7
rf_F1_wf,cell_gate,URBAN,holdout,S1_dl_wald,2,0.2721205141200907,0.2655705706225187,-0.24838823965379692,0.7926292678939784,,,0.0,0.0,3.8020133986090086,0.026458590139668194,0.8707853815334534,0.0,0.0,0.962882787329515,0.0,False,0.5676134138418498,0.43822024794235465,0.6883956063867799,,,0.5969001552243385,2023-08-10,1.9276020423983438,0.5969001552243385,2023-08-10,1.9276020423983438,0.5696734521899561,0.5714722185558672,0.5696734521899561,2023-08-10;2024-09-20,36,36,14,"k=2: tau2 불안정, 예측구간 없음",m2_20260926T165115Z_1ffdde7
rf_F1_wf,cluster_gate,URBAN,holdout,S1_dl_wald,2,0.15125249656053702,0.2614050499330526,-0.3610919866851405,0.6635969798062145,,,0.0023627928128626525,0.0,141.56688621809772,1.0172718746062466,0.31316700333541636,0.016978621976481915,0.0,0.9990346050631199,0.048608567278440255,False,0.5377412001073174,0.41069525248340105,0.6600679365901492,,,0.5681409339739019,2023-08-10,1.9635318192512883,0.5669839948148346,2023-08-10,1.9647380172036266,0.52845,0.4911071428571429,0.52845,2023-08-10;2024-09-20,14,36,14,"k=2: tau2 불안정, 예측구간 없음",m2_20260926T165115Z_1ffdde7
rf_F1_wf,cell_gate,UNIVERSE,holdout,S1_dl_wald,2,0.7925004353910239,0.550718614463391,-0.2868882145730218,1.8718890853550696,,,0.560922662552349,0.07412142447030673,618.8292611891576,12.971084951209262,0.0003163386535764879,0.9229054467100092,0.6126857386092037,0.9999242878201116,0.7489477034829262,False,0.6883679702300337,0.4287658537603199,0.8666767091012678,,,0.7878362602149873,2024-09-20,1.5021794549627294,0.5221906079019359,2024-09-20,1.9960683594896438,0.6815658550697629,0.5897914049372944,0.6815658550697629,2023-08-10;2024-09-20,107,107,65,"k=2: tau2 불안정, 예측구간 없음",m2_20260926T165115Z_1ffdde7
rf_F1_wf,cluster_gate,UNIVERSE,holdout,S1_dl_wald,2,0.6097385407757469,0.45371923057547386,-0.2795348102454064,1.4990118917969002,,,0.37866366157713527,0.04798024587314616,420.3675010174262,12.072080377506031,0.0005118255460656554,0.9171642360944428,0.583842549898021,0.9999186495544707,0.6153565320829343,False,0.647881157390164,0.4305678272144578,0.8174270571130797,,,0.817350115494006,2024-09-20,1.4256748816391829,0.5262879392424628,2024-09-20,1.9944867937346311,0.64635,0.5572107692307692,0.64635,2023-08-10;2024-09-20,65,107,65,"k=2: tau2 불안정, 예측구간 없음",m2_20260926T165115Z_1ffdde7
rf_F1_wf,cell_gate,AGRI,holdout,S1_dl_wald,1,0.6478904654282946,0.0636053396731979,,,,,,,,,,,,,,False,0.6565349265486227,,,,,1.0,2024-09-20,1.0,1.0,2024-09-20,1.0,0.6565349265486227,0.6565349265486227,0.6565349265486227,2024-09-20,1112,1112,47,k=1: 통합 불가,m2_20260926T165115Z_1ffdde7
rf_F1_wf,cluster_gate,AGRI,holdout,S1_dl_wald,1,0.5313589085275273,0.11570025181034908,,,,,,,,,,,,,,False,0.6298000000000001,,,,,1.0,2024-09-20,1.0,1.0,2024-09-20,1.0,0.6298,0.6298,0.6298,2024-09-20,47,1112,47,k=1: 통합 불가,m2_20260926T165115Z_1ffdde7
rf_F1_wf,object,AGRI,holdout,S1_dl_wald,1,0.5498986933100807,0.08145161668198382,,,,,,,,,,,,,,False,0.6341120867650545,,,,,1.0,2024-09-20,1.0,1.0,2024-09-20,1.0,0.6341120867650545,0.6341120867650545,0.6341120867650545,2024-09-20,109,1112,47,k=1: 통합 불가,m2_20260926T165115Z_1ffdde7
rf_F1_wf,cell_gate,ALL,combined,S1_dl_wald,7,1.8582863928021596,0.1209092556580966,1.6213086063147446,2.0952641792895745,1.1331965767813075,2.5833762088230117,0.06494570915225523,0.03934428274632066,2.282502042386323,28.54031962470269,7.431286889241066e-05,0.7897711000122514,0.6947339371581353,0.9924828454770855,0.2548444803252667,False,0.8650970881222284,0.8349755235537875,0.8904420292684712,0.7564283334701258,0.9297840073776851,0.5325455793748901,2024-09-20,2.781110325704008,0.21369524178537924,2024-09-20,6.014805024267146,0.8706220211375043,0.8463352576522739,0.85457592039801,2012;2014;2016;2019;2023-08-10;2024-09-20;2025,1861,1861,105,,m2_20260926T165115Z_1ffdde7
rf_F1_wf,cluster_gate,ALL,combined,S1_dl_wald,7,1.6634528806299524,0.15746746260658223,1.3548223251841436,1.9720834360757613,0.6709741014653944,2.6559316597945104,0.12427033890472551,0.06388784431181313,1.4019409562599052,39.17611059446681,6.610582373206409e-07,0.8468454395049765,0.7397636247783692,0.9842218335025322,0.3525199836955708,False,0.84070096684564,0.7949169011654079,0.8778347187297397,0.661721242491142,0.9343756453192666,0.4163966722681273,2025,3.3179423559014793,0.1899279104503734,2025,6.374106110417143,0.8418142857142856,0.8155771428571428,0.856,2012;2014;2016;2019;2023-08-10;2024-09-20;2025,105,1861,105,,m2_20260926T165115Z_1ffdde7
rf_F1_wf,object,ALL,combined,S1_dl_wald,9,1.6941778309391475,0.13197303729750065,1.435515430905685,1.95284023097261,0.8722118573217674,2.5161438045565276,0.10341551714871323,0.052526450416360476,0.7560322220720672,50.479676262474385,3.304804742979009e-08,0.8415203782527614,0.7295115998404388,0.9748864433854527,0.32158283092962725,False,0.8447727954891234,0.8077592294244562,0.8757560099798676,0.7052057309763498,0.9252658398064091,0.4645935468083577,2024-09-20,3.380136340654723,0.16261459643548654,2024-09-20,7.870539006065677,0.8444138757409534,0.8319143969759324,0.8559792627169517,2012;2014;2016;2019;2022-09-06;2023-08-10;2024-07-24;2024-09-20;2025,319,1861,105,,m2_20260926T165115Z_1ffdde7
rf_F1_wf,cell_gate,FLAT,combined,S1_dl_wald,7,0.4564064953032596,0.18533455679314675,0.09315743889799877,0.8196555517085204,-0.6936195884437102,1.6064325790502294,0.16579968177330232,0.06813726684119788,3.060172654410981,37.3147347116372,1.528802858393976e-06,0.8392056101599779,0.6820205979154239,0.9897256325365396,0.40718507066603304,False,0.612161351511416,0.5232725316410586,0.6941632184047547,0.3332283620704353,0.8329155076649145,0.7001605296652847,2024-09-20,1.9311344284858025,0.20271312090692603,2024-09-20,6.251711198429392,0.6392179717915437,0.5486128284326324,0.653988722096158,2012;2014;2016;2019;2023-08-10;2024-09-20;2025,1762,1762,96,,m2_20260926T165115Z_1ffdde7
rf_F1_wf,cluster_gate,FLAT,combined,S1_dl_wald,7,0.2872267861692013,0.16470059637248713,-0.03558045095314177,0.6100340232915443,-0.6353151267515558,1.2097686990899583,0.10167178006055413,0.020706335137559876,1.553743007548152,17.96241031008927,0.0063268233916947735,0.6659691045677832,0.28878335993726656,0.9682218454408958,0.3188601261690683,False,0.5713170691229444,0.4911058255539667,0.6479485632143492,0.3463063278016534,0.7702580204568967,0.4010815261103812,2024-09-20,3.091512804320234,0.2338309113697989,2024-09-20,5.793785434842713,0.5922285714285714,0.5305729166666666,0.5458,2012;2014;2016;2019;2023-08-10;2024-09-20;2025,96,1762,96,,m2_20260926T165115Z_1ffdde7
rf_F1_wf,object,FLAT,combined,S1_dl_wald,9,0.3089992311243668,0.1379203632505209,0.03868028641866422,0.5793181758300694,-0.4820172831088134,1.100015745357547,0.09288228556446503,0.03005815136970037,0.6814017792631312,28.497404368771566,0.0003883504895553026,0.719272678434999,0.4533009188796483,0.9494862701204607,0.3047659521082777,False,0.5766409660248598,0.5096688661168264,0.6409105035169368,0.3817758864831788,0.7502630557892396,0.49517081131230206,2024-09-20,3.1737963142347425,0.19185073186346072,2024-09-20,7.1089030847915655,0.5857255004385807,0.5696678967953301,0.5652316261289961,2012;2014;2016;2019;2022-09-06;2023-08-10;2024-07-24;2024-09-20;2025,287,1762,96,,m2_20260926T165115Z_1ffdde7
rf_F1_wf,cell_gate,URBAN,combined,S1_dl_wald,6,0.6580492832669418,0.18650645935912066,0.292503340038982,1.0235952264949015,-0.2919794335891318,1.6080780001230153,0.08229872936522153,0.0,1.8163518368148912,8.594068300976245,0.12639263083749727,0.4182033671489411,0.0,0.9407034317962011,0.2868775511698703,False,0.6588220509561946,0.5726088812643526,0.7356723141461355,0.4275193381618682,0.8331443709951787,0.459496735448542,2016,3.5778703861613828,0.29427595578108123,2016,5.05512002541028,0.6653539831329879,0.6922354977480858,0.6262505600996982,2012;2014;2016;2019;2023-08-10;2024-09-20,385,385,43,,m2_20260926T165115Z_1ffdde7
rf_F1_wf,cluster_gate,URBAN,combined,S1_dl_wald,6,0.34806802473417053,0.2186103776084688,-0.0804004420251298,0.7765364914934709,-0.7846797668677163,1.4808158163360574,0.11866121464014727,0.0,1.1990741095050628,8.723811381620798,0.1206005897463245,0.4268560172525132,0.0,0.8827094866251716,0.34447237137417464,False,0.5861490016807367,0.47991071014563547,0.6849331689399568,0.31331216664360284,0.8146957733221233,0.2565195086374171,2016,5.158107252349592,0.21842006446688297,2016,5.51477821137921,0.5819333333333333,0.5474255813953488,0.5573,2012;2014;2016;2019;2023-08-10;2024-09-20,43,385,43,,m2_20260926T165115Z_1ffdde7
rf_F1_wf,object,URBAN,combined,S1_dl_wald,8,0.27329977651156556,0.17499857429015672,-0.06969112644299869,0.6162906794661298,-0.6930334763250015,1.2396330293481326,0.1253369259829578,0.002316013470600379,0.7274466826590376,16.525688399118042,0.020724396409115962,0.5764170404923293,0.024528718602118034,0.8876159593610824,0.35402955523932994,False,0.5679028152460902,0.48258426662362636,0.649374452159481,0.33335860141991946,0.7755001312561853,0.387157901128287,2024-09-20,4.488115159292522,0.20180870744147145,2024-09-20,6.979808602215988,0.5542598755136592,0.5688272834554262,0.5305216473138873,2012;2014;2016;2019;2022-09-06;2023-08-10;2024-07-24;2024-09-20,151,385,43,,m2_20260926T165115Z_1ffdde7
rf_F1_wf,cell_gate,AGRI,combined,S1_dl_wald,4,0.6490761563251031,0.057854278804866356,0.535683853516026,0.7624684591341802,0.4001492856976584,0.8980030269525477,0.0,0.0,1.4738074657508864,2.2833355035174936,0.5157208974087584,0.0,0.0,0.977698752510055,0.0,False,0.6568022464250949,0.630807802072267,0.6818894229028927,0.5987235270770177,0.7105389512373639,0.8273396073286955,2024-09-20,1.4259123105417062,0.8273396073286955,2024-09-20,1.4259123105417062,0.6260401358471923,0.652625381101604,0.6634948387444628,2012;2014;2024-09-20;2025,1239,1239,77,,m2_20260926T165115Z_1ffdde7
rf_F1_wf,cluster_gate,AGRI,combined,S1_dl_wald,4,0.5388224598250904,0.1200640138431624,0.3035013168531736,0.7741436027970071,-0.24964021677300952,1.3272851364231903,0.019165328290591036,0.0,1.1378994219195921,4.499365437917311,0.21234689583352356,0.3332393108774345,0.0,0.9673989377297788,0.13843889731788186,False,0.6315384493878236,0.5752982189080473,0.6844165558545934,0.43791205600882954,0.7903912099326114,0.5619157809406332,2024-09-20,2.4300104520209667,0.4428429001243995,2024-09-20,3.0590170842907756,0.6079749999999999,0.6228155844155844,0.6152500000000001,2012;2014;2024-09-20;2025,77,1239,77,,m2_20260926T165115Z_1ffdde7
rf_F1_wf,object,AGRI,combined,S1_dl_wald,4,0.5111822990092377,0.11071252298869794,0.294189741313827,0.7281748567046484,-0.3197572153361553,1.3421218133546309,0.025039078781900537,0.0,1.5256900766357773,6.7299351389237,0.08102240552917597,0.5542304735377016,0.0,0.9869720271727094,0.15823741271235617,False,0.6250835920323488,0.5730215401648967,0.6744046297374506,0.42073491747353353,0.792838656323835,0.5815757452767306,2024-09-20,2.351628579720123,0.38698862359497915,2024-09-20,3.360775954488432,0.5970901884953534,0.6211470009805643,0.6153330534265362,2012;2014;2024-09-20;2025,168,1239,77,,m2_20260926T165115Z_1ffdde7
rf_F1_wf,cell_gate,UNIVERSE,combined,S1_dl_wald,6,1.1416528363999439,0.31809335497038915,0.5182013169364661,1.7651043558634216,-1.0545532473447266,3.3378589201446145,0.524519273011729,0.16252269082106469,4.037706097057922,45.3681631293667,1.2211347578324494e-08,0.889790556744769,0.7144179905651935,0.9841647268659672,0.7242370281970737,False,0.7579829724966755,0.6267270779576578,0.8538477928332273,0.25835171136296065,0.9657050028662726,0.46974790941127526,2024-09-20,3.556291524964796,0.185861601760995,2024-09-20,5.966055971294582,0.7412035171441702,0.7177986907857485,0.7515817204889969,2012;2014;2016;2019;2023-08-10;2024-09-20,437,437,104,,m2_20260926T165115Z_1ffdde7
rf_F1_wf,cluster_gate,UNIVERSE,combined,S1_dl_wald,6,0.8241825663525139,0.2592565131014536,0.31604913791622813,1.3323159947887997,-0.8522494388042848,2.5006145715093124,0.29736678566970226,0.04882895773119974,2.0409581293315244,27.856966801224594,3.88185508981152e-05,0.8205116861545673,0.4287813951988981,0.9691124168069314,0.5453134746819505,False,0.6951234608582949,0.578361096183955,0.7912234694374553,0.29896119939539667,0.9241848924967678,0.6120410367422014,2024-09-20,2.425615735464716,0.21691713043636776,2024-09-20,5.65012134712354,0.7030499999999998,0.6037038461538462,0.7094,2012;2014;2016;2019;2023-08-10;2024-09-20,104,437,104,,m2_20260926T165115Z_1ffdde7
rf_F1_wf,object,UNIVERSE,combined,S1_dl_wald,9,0.7898348034969644,0.19795129385133,0.40185739685525257,1.1778122101386763,-0.4533183471928639,2.032987954186793,0.23720698150860156,0.08836171865912179,1.5230017996473797,38.542807328075305,5.9744578962494045e-06,0.7924385753247234,0.5871493729570113,0.9608039012765525,0.4870389938276006,False,0.6877958585896891,0.5991338377524392,0.764554205331992,0.388572089551493,0.884217327206264,0.5193304208439781,2024-09-20,3.159310566302929,0.1583680997552621,2024-09-20,8.336775343330414,0.6895147115900757,0.6259591130405135,0.6692762737817792,2012;2014;2016;2019;2022-09-06;2023-08-10;2024-07-24;2024-09-20;2025,239,439,106,,m2_20260926T165115Z_1ffdde7
logit_F1_wf,cell_gate,ALL,development,S1_dl_wald,5,1.6771543319581022,0.17101714640493298,1.34196688426562,2.0123417796505843,0.6061576807727507,2.7481509831434536,0.08400726764142848,0.15131136244449256,12.116640635844824,16.707118758141586,0.0022032925452272383,0.7605810997153084,0.8512329805647959,0.9978222865458197,0.28984007252522637,True,0.8425273499659655,0.7928132087603508,0.8820868079412922,0.6470638196910565,0.9398088393178254,0.45552395475807367,2025,2.6421823783773832,0.31438948852906085,2025,3.7503851494861458,0.8030050966279235,0.7387959498867382,0.8354526290701026,2012;2014;2016;2019;2025,589,589,50,,m2_20260926T165115Z_1ffdde7
logit_F1_wf,cluster_gate,ALL,development,S1_dl_wald,5,1.3252028060251158,0.2916830973169522,0.7535144403847978,1.8968911716654338,-0.7525244088465264,3.4029300208967577,0.34116164184183373,0.1633586659511529,6.583163108661618,38.06406691511232,1.086970923557235e-07,0.8949140140773579,0.8030616122851082,0.9939514088741831,0.5840904397795206,False,0.7900460155116612,0.6799439954365205,0.8695392628465195,0.3202714937556125,0.9677959803046674,0.6948987484152088,2025,1.942277517481656,0.24437198523359077,2025,4.752050287297179,0.7716799999999999,0.7306939999999998,0.8359,2012;2014;2016;2019;2025,50,589,50,,m2_20260926T165115Z_1ffdde7
logit_F1_wf,object,ALL,development,S1_dl_wald,5,1.4122146483930889,0.2711414805233284,0.8807871118524966,1.9436421849336811,-0.5565822717918343,3.381011568578012,0.30920098877144125,0.18067380361110733,6.131684810068134,56.03701278697628,1.9696648618716123e-11,0.928618607576283,0.8837429538462362,0.996138744699952,0.5560584400685249,False,0.8041150168472689,0.7069853034508883,0.8747517303806435,0.36433862427373187,0.9671058006043778,0.6089527289771651,2025,2.3036639603850375,0.23359500176981454,2025,4.814637705155248,0.7878586438130208,0.7555694252536425,0.8445551422331852,2012;2014;2016;2019;2025,123,589,50,,m2_20260926T165115Z_1ffdde7
logit_F1_wf,cell_gate,FLAT,development,S1_dl_wald,5,0.3004528559705318,0.2226599366118115,-0.13595260058859016,0.7368583125296537,-1.0419489384725784,1.6428546504136419,0.12834997133220583,0.0,10.231461144099766,10.516454625375994,0.03257108509182506,0.6196436781700099,0.0,0.9923585574629625,0.3582596423436581,False,0.5745532174838504,0.46606410383208313,0.6763084740249703,0.2607741200124938,0.8379229959998825,0.5280724744905034,2025,2.6890689940939345,0.32664442390709497,2025,3.856132237976768,0.5980751901588516,0.5375462946661754,0.5624257437031801,2012;2014;2016;2019;2025,528,528,46,,m2_20260926T165115Z_1ffdde7
logit_F1_wf,cluster_gate,FLAT,development,S1_dl_wald,5,0.15121202467154743,0.16806288616199003,-0.17818517934380806,0.4806092286869029,-0.7114770467082681,1.013901096051363,0.045237789236220176,0.0,2.6100423475569494,5.9664241371716225,0.201669810119261,0.32958168778524083,0.0,0.9659443843290667,0.21269177049481763,False,0.5377311397677899,0.45557119406771807,0.6178917249284697,0.32927254904613074,0.7337829056782019,0.6605288504702248,2025,2.090780090208252,0.4454502602062424,2025,3.335965913285974,0.55636,0.5262304347826087,0.5981,2012;2014;2016;2019;2025,46,528,46,,m2_20260926T165115Z_1ffdde7
logit_F1_wf,object,FLAT,development,S1_dl_wald,5,0.17257403864144294,0.1977383849084411,-0.21498607414022014,0.560134151423106,-1.1364268432398787,1.4815749205227646,0.13008291552780155,0.022651106097014644,2.449877266855984,16.505416366894636,0.0024108114228087395,0.7576553107728377,0.3524936767973835,0.9832997225557879,0.3606700923666967,False,0.543036753311636,0.4464595383916552,0.6364835797640872,0.24297700076739218,0.8148103453024107,0.46213773628969224,2025,3.066433929046194,0.2691919166771115,2025,4.4453436468151715,0.5622569269024649,0.5510989760743452,0.6113039734737695,2012;2014;2016;2019;2025,112,528,46,,m2_20260926T165115Z_1ffdde7
logit_F1_wf,cell_gate,URBAN,development,S1_dl_wald,4,0.3548159168634022,0.3050425461580359,-0.2430564873587452,0.9526883210855496,-1.9607710741666906,2.6704029078934948,0.1965830913050075,0.0,13.339249726963068,6.957920121894411,0.07325116424367929,0.5688366713840343,0.0,0.9889529928344313,0.44337691787575895,False,0.5877849369998127,0.43953326550583854,0.7216554996015447,0.12338362388017354,0.9352574321348834,0.7422344417800938,2016,1.7232447135003737,0.4141705352308067,2016,3.3462277809768293,0.5956058028239916,0.5615054209231818,0.5868128036242619,2012;2014;2016;2019,349,349,29,,m2_20260926T165115Z_1ffdde7
logit_F1_wf,cluster_gate,URBAN,development,S1_dl_wald,4,0.3262609421610307,0.1835252103410671,-0.03344186036259872,0.68596374468466,-0.4633843050908059,1.1159061894128672,0.0,0.0,1.8146111949270194,2.359687670539074,0.5011828599757606,0.0,0.0,0.9153947297454986,0.0,False,0.5808493293280088,0.4916403139883234,0.6650684409972659,0.38618328034139776,0.7532285672930741,0.5699685433733033,2016,2.5155746287662697,0.5699685433733033,2016,2.5155746287662697,0.5738249999999999,0.5502931034482759,0.59415,2012;2014;2016;2019,29,349,29,,m2_20260926T165115Z_1ffdde7
logit_F1_wf,object,URBAN,development,S1_dl_wald,4,0.09945382206146289,0.24085822347857164,-0.3726196213368371,0.571527265459763,-1.800991339535208,1.9998989836581338,0.13707870216226414,0.0,2.987717693775045,7.928627032606136,0.04751003122583722,0.6216242752165502,0.0,0.9728316406969914,0.37024141065292,False,0.5248429819325096,0.40790818067971335,0.6391155089452688,0.14173043263289442,0.8807864715019781,0.3537103084873095,2014,3.2912958695395234,0.3024338260067845,2014,3.7089058769311887,0.5401251138990227,0.5138839982083147,0.5433215285919719,2012;2014;2016;2019,70,349,29,,m2_20260926T165115Z_1ffdde7
logit_F1_wf,cell_gate,AGRI,development,S1_dl_wald,3,0.6309703097979051,0.1536413611610328,0.3298387753865698,0.9321018442092405,-1.7825101200192002,3.0444507396150104,0.012473446263851995,0.0,6.918822561185921,2.3672489699037964,0.3061670273444292,0.15513745050598593,0.0,0.9902774415475092,0.11168458382360565,False,0.6527094444272065,0.5817201478928203,0.7175015094907394,0.14399346177521877,0.9545423435757291,0.597009036380398,2025,2.1140269601015342,0.5560378891738484,2025,2.249060382831276,0.604621865326309,0.6011820166064163,0.6417280475455686,2012;2014;2025,127,127,30,,m2_20260926T165115Z_1ffdde7
logit_F1_wf,cluster_gate,AGRI,development,S1_dl_wald,3,0.2982489596813547,0.32315680223525267,-0.3351267340588734,0.9316246534215827,-7.061943383692817,7.658441303055527,0.2311114811912056,0.014342793483429322,17.747628635924613,8.746757077095845,0.012608569986757752,0.771343826932478,0.1731109509982342,0.9961545882381875,0.48074055496827556,False,0.5740144047558504,0.4169937351627394,0.7174047761757741,0.0008563767695113457,0.9995281801100482,0.6265893201054529,2025,2.0757842841811245,0.4025157105871786,2025,2.8812872226376385,0.5444333333333334,0.5657,0.5783,2012;2014;2025,30,127,30,,m2_20260926T165115Z_1ffdde7
logit_F1_wf,object,AGRI,development,S1_dl_wald,3,0.30591421349674,0.30745901369059186,-0.2966943800590275,0.9085228070525074,-6.920551702857948,7.532380129851428,0.2289286848114049,0.05510620489833972,21.02844618692719,13.502369182251437,0.001169493428380813,0.8518778465464449,0.5806050411754928,0.9981106413395502,0.4784649253721791,False,0.5758876549962724,0.4263657676237412,0.7126977882998403,0.0009863113317541033,0.9994648242973473,0.6307768484494373,2025,2.0329372660216647,0.38590295943006636,2025,2.9153113091296357,0.5488030349426637,0.5796430384155402,0.6064268404201202,2012;2014;2025,59,127,30,,m2_20260926T165115Z_1ffdde7
logit_F1_wf,cell_gate,UNIVERSE,development,S1_dl_wald,4,0.7727287324396012,0.5118216217792447,-0.23042321275659983,1.775880677635802,-3.919352891597658,5.46481035647686,0.9272485564245512,0.4197448140541056,25.99805417063735,30.908121660260413,8.887674820007811e-07,0.9029381327996648,0.8081029972615439,0.9961806972025186,0.9629374623642758,False,0.6841108775423819,0.4426477317458902,0.8551874673909999,0.019467433025653777,0.9957847002107837,0.5092574177281078,2016,2.827675381477385,0.2702254103369218,2016,3.984921914929241,0.6409888328528857,0.5967406973737304,0.6716359598192543,2012;2014;2016;2019,330,330,39,,m2_20260926T165115Z_1ffdde7
logit_F1_wf,cluster_gate,UNIVERSE,development,S1_dl_wald,4,0.6253196084743906,0.24992069653249985,0.13548404427952654,1.1151551726692546,-1.216884856030962,2.467524072979743,0.12085678432655886,0.0,5.763674984156884,6.030829897588546,0.11011987968120916,0.5025560244702701,0.0,0.979666621031017,0.3476446236123304,False,0.6514274415879421,0.5338192948492743,0.7530889452894316,0.228485122613448,0.9218335445621619,0.43525128797210744,2016,3.1127811852689042,0.34123824908457656,2016,3.6026588844699536,0.665825,0.6109205128205127,0.6429,2012;2014;2016;2019,39,330,39,,m2_20260926T165115Z_1ffdde7
logit_F1_wf,object,UNIVERSE,development,S1_dl_wald,5,0.40991582421621714,0.2250120157343352,-0.03109962271183986,0.8509312711442741,-1.112978884528306,1.9328105329607401,0.17836015619240536,0.032883326206522276,3.2335078831587394,16.03578310635079,0.002971522001996823,0.7505578634063811,0.3568071064967281,0.9819980242469153,0.4223270725307642,False,0.6010676949027569,0.4922257209101094,0.7007624613531147,0.24731594960832598,0.8735601771566222,0.3127104571330749,2014,4.067322065464667,0.2364820690435057,2014,4.738726486893331,0.6133829655570621,0.5772792843899504,0.5596410853673754,2012;2014;2016;2019;2025,94,332,41,,m2_20260926T165115Z_1ffdde7
logit_F1_wf,object,ALL,holdout,S1_dl_wald,4,1.7021892435450858,0.12962905439818684,1.448120965574656,1.9562575215155156,0.7529312481119522,2.6514472389782195,0.03187018489552104,0.0,1.5696752656628263,7.487456355917104,0.057881629286769036,0.5993298848908557,0.0,0.9866081528107192,0.17852222521445626,False,0.845820446461583,0.8097090802994935,0.8761273593515008,0.6798170677252204,0.9341001342935235,0.6877431508972047,2024-09-20,1.8142412271495247,0.46031425140749505,2024-09-20,2.6741384875960876,0.8301951193100358,0.8312644317338277,0.8474474505359587,2022-09-06;2023-08-10;2024-07-24;2024-09-20,196,1272,55,,m2_20260926T165115Z_1ffdde7
logit_F1_wf,object,FLAT,holdout,S1_dl_wald,4,0.2824184470320672,0.07078367913645622,0.14368498523137377,0.42115190883276066,-0.02213914322611621,0.5869760372902506,0.0,0.0,0.07407063021603137,0.5018389589286688,0.9184872150451316,0.0,0.0,0.6839636438684064,0.0,False,0.5701390384527685,0.5358595729982577,0.6037588586472443,0.4944654402514842,0.6426710078298484,0.693900698586832,2024-09-20,1.7830869051675646,0.693900698586832,2024-09-20,1.7830869051675646,0.5423898879400975,0.5735383061291142,0.5473262605785292,2022-09-06;2023-08-10;2024-07-24;2024-09-20,175,1234,50,,m2_20260926T165115Z_1ffdde7
logit_F1_wf,object,URBAN,holdout,S1_dl_wald,4,0.2284895995879754,0.1357957562673986,-0.037665191949505156,0.494644391125456,-0.3557923818043397,0.8127715809802906,0.0,0.0,1.0117852490103225,2.0235505566640475,0.5675331152631282,0.0,0.0,0.9067080454452733,0.0,False,0.5568751724023498,0.49058481507040547,0.6211999202680365,0.4119784918917742,0.6926997967310231,0.6350671197095272,2024-09-20,2.134055418572212,0.6350671197095272,2024-09-20,2.134055418572212,0.5045485279286215,0.5677633567289163,0.5062839676878315,2022-09-06;2023-08-10;2024-07-24;2024-09-20,81,36,14,,m2_20260926T165115Z_1ffdde7
logit_F1_wf,object,UNIVERSE,holdout,S1_dl_wald,4,0.8218521036771619,0.21346248755114947,0.40347331602657927,1.2402308913277444,-0.9700562353181897,2.6137604426725134,0.1278776505069272,0.01532000138260775,2.307167434628628,14.282288360946435,0.002545036681463033,0.7899496268256833,0.31060489331958546,0.9854760195661615,0.3575998469056261,False,0.694629348816446,0.5995218748258956,0.7756042016894809,0.27486929346031613,0.9317419449015721,0.6296528180558362,2024-09-20,2.1434204772668997,0.33143807248000334,2024-09-20,3.6507650944087953,0.6940817701595882,0.6213977292555571,0.6777746726035839,2022-09-06;2023-08-10;2024-07-24;2024-09-20,145,107,65,,m2_20260926T165115Z_1ffdde7
logit_F1_wf,cell_gate,ALL,holdout,S1_dl_wald,2,1.784763018481904,0.09386439238404316,1.6007921899784439,1.9687338469853644,,,0.011017569586986556,0.0,18.28195122274327,2.5867711847056083,0.10775980720138204,0.6134176822779914,0.0,0.999620349444519,0.10496461111720728,False,0.8562840063533396,0.8321290754894958,0.8774750508400546,,,0.677928454506676,2024-09-20,1.7751991791637058,0.5687839943318859,2024-09-20,1.9628531002660345,0.8574891712238498,0.8462577469777572,0.8574891712238498,2023-08-10;2024-09-20,1272,1272,55,"k=2: tau2 불안정, 예측구간 없음",m2_20260926T165115Z_1ffdde7
logit_F1_wf,cluster_gate,ALL,holdout,S1_dl_wald,2,1.6671468147307347,0.219263625529007,1.2373980055742038,2.0968956238872654,,,0.08542332078484229,0.008394607255070968,97.91675776958347,8.94764286055863,0.0027782784726732195,0.8882387221322816,0.4385240598437091,0.9998902427005101,0.29227268224184466,False,0.8411950466579662,0.7751107747536117,0.8906010835313481,,,0.5620573392680255,2023-08-10,1.969658487559119,0.5069356075376651,2023-08-10,1.9996152528141073,0.8386,0.8124072727272728,0.8386,2023-08-10;2024-09-20,55,1272,55,"k=2: tau2 불안정, 예측구간 없음",m2_20260926T165115Z_1ffdde7
logit_F1_wf,cell_gate,FLAT,holdout,S1_dl_wald,2,0.11927751890382621,0.14292720417021576,-0.1608546536807997,0.3994096914884521,,,0.028316339588479126,0.0,42.94819203495836,3.0407613721354245,0.08119782517247157,0.6711349962664996,0.0,0.9996770318361137,0.16827459579056825,False,0.5297840762777696,0.4598728209117883,0.5985458238905342,,,0.7704805239572615,2024-09-20,1.5472225608147876,0.588951578521044,2024-09-20,1.938642858326614,0.5360263570071296,0.5010201327291882,0.5360263570071296,2023-08-10;2024-09-20,1234,1234,50,"k=2: tau2 불안정, 예측구간 없음",m2_20260926T165115Z_1ffdde7
logit_F1_wf,cluster_gate,FLAT,holdout,S1_dl_wald,2,0.0863950914187388,0.18461866747118924,-0.27545084769856854,0.44824103053604614,,,0.049016419451320216,0.0,69.46322108630173,3.5502633581234946,0.059536000134426434,0.7183307548968554,0.0,0.9997233813331262,0.22139652086543776,False,0.5215853482368981,0.4315694123916004,0.6102209419025579,,,0.5562243526340374,2024-09-20,1.9750263618124706,0.5158366709628424,2024-09-20,1.9979956096281182,0.52285,0.482414,0.52285,2023-08-10;2024-09-20,50,1234,50,"k=2: tau2 불안정, 예측구간 없음",m2_20260926T165115Z_1ffdde7
logit_F1_wf,cell_gate,URBAN,holdout,S1_dl_wald,2,-0.0390381521133673,0.18641976901017693,-0.4044141853795902,0.32633788115285556,,,0.0,0.0,2.243213909272092,0.03254422220803717,0.8568384189763685,0.0,0.0,0.9698235492955575,0.0,False,0.49024170122568345,0.4002522479409512,0.5808680610389406,,,0.5324418610931648,2023-08-10,1.991615503062392,0.5324418610931648,2023-08-10,1.991615503062392,0.4907907830699944,0.4921943892474086,0.4907907830699944,2023-08-10;2024-09-20,36,36,14,"k=2: tau2 불안정, 예측구간 없음",m2_20260926T165115Z_1ffdde7
logit_F1_wf,cluster_gate,URBAN,holdout,S1_dl_wald,2,0.06142750179160739,0.20026826828170238,-0.33109109128673453,0.4539460948699493,,,0.0,0.0,28.451222910292902,0.3310478644790492,0.5650427180059132,0.0,0.0,0.9970334527947471,0.0,False,0.5153520483791993,0.4179751675474241,0.6115770427036188,,,0.6144867839651996,2023-08-10,1.9003659153235175,0.6144867839651996,2023-08-10,1.9003659153235175,0.5085500000000001,0.4916642857142857,0.5085500000000001,2023-08-10;2024-09-20,14,36,14,"k=2: tau2 불안정, 예측구간 없음",m2_20260926T165115Z_1ffdde7
logit_F1_wf,cell_gate,UNIVERSE,holdout,S1_dl_wald,2,0.6092615463732427,0.23182340017063952,0.15489603126517265,1.0636270614813128,,,0.09490201244684884,0.00867478193761864,109.60893437755679,8.44092430299495,0.003668697316002552,0.8815295619171485,0.40481800251042066,0.9998836538414606,0.3080617023371273,False,0.647772332427954,0.538646768411503,0.7433830711066208,,,0.668645578269363,2024-09-20,1.795710421577626,0.5199795155383072,2024-09-20,1.9968116425981453,0.6480631024255399,0.6062641269877077,0.6480631024255399,2023-08-10;2024-09-20,107,107,65,"k=2: tau2 불안정, 예측구간 없음",m2_20260926T165115Z_1ffdde7
logit_F1_wf,cluster_gate,UNIVERSE,holdout,S1_dl_wald,2,0.5194163407899673,0.19723562909320058,0.13284161129919375,0.905991070280741,,,0.06614431099636693,0.0037092622919736307,79.36260210222811,6.602200464215097,0.010185281562556808,0.848535347355757,0.23905882371406353,0.9998512512422943,0.25718536310678125,False,0.6270112771439851,0.533161650485049,0.7121791117348103,,,0.6435325601339,2024-09-20,1.8477348534751232,0.5217401093638201,2024-09-20,1.9962260758733859,0.62785,0.5875553846153846,0.62785,2023-08-10;2024-09-20,65,107,65,"k=2: tau2 불안정, 예측구간 없음",m2_20260926T165115Z_1ffdde7
logit_F1_wf,cell_gate,AGRI,holdout,S1_dl_wald,1,0.7405093910916012,0.1000541232092393,,,,,,,,,,,,,,False,0.6771072360007071,,,,,1.0,2024-09-20,1.0,1.0,2024-09-20,1.0,0.677107236000707,0.677107236000707,0.677107236000707,2024-09-20,1112,1112,47,k=1: 통합 불가,m2_20260926T165115Z_1ffdde7
logit_F1_wf,cluster_gate,AGRI,holdout,S1_dl_wald,1,0.44899390820186746,0.12563984863435732,,,,,,,,,,,,,,False,0.6104,,,,,1.0,2024-09-20,1.0,1.0,2024-09-20,1.0,0.6104,0.6104,0.6104,2024-09-20,47,1112,47,k=1: 통합 불가,m2_20260926T165115Z_1ffdde7
logit_F1_wf,object,AGRI,holdout,S1_dl_wald,1,0.6387287190171138,0.0917139827045919,,,,,,,,,,,,,,False,0.6544660292938949,,,,,1.0,2024-09-20,1.0,1.0,2024-09-20,1.0,0.654466029293895,0.654466029293895,0.654466029293895,2024-09-20,109,1112,47,k=1: 통합 불가,m2_20260926T165115Z_1ffdde7
logit_F1_wf,cell_gate,ALL,combined,S1_dl_wald,7,1.723501650763087,0.09301436643034977,1.54119684251479,1.905806459011384,1.1946412983965282,2.2523620031296456,0.03367548972578858,0.0493489044240782,4.526468986867461,20.385140996477862,0.002364316215864671,0.7056679666313479,0.778437093178531,0.9969065297834042,0.1835088273783814,True,0.8485793214554295,0.8236386435504338,0.8705472919023349,0.7675701288643991,0.9048540819937513,0.3900803324623328,2024-09-20,3.925578963316381,0.22679213894241235,2024-09-20,5.2677504734327165,0.8185719750839026,0.812246463535194,0.8459306181162206,2012;2014;2016;2019;2023-08-10;2024-09-20;2025,1861,1861,105,,m2_20260926T165115Z_1ffdde7
logit_F1_wf,cluster_gate,ALL,combined,S1_dl_wald,7,1.4503848895831384,0.16499919240220617,1.1269924149966193,1.7737773641696575,0.3912739027533305,2.509495876412946,0.14252929042855936,0.1302257993116788,2.6691771168541787,47.85072502149864,1.2656060201713548e-08,0.8746100503742777,0.8643701946128756,0.9924026365381209,0.3775305158905163,False,0.8100576617977241,0.7552834329474238,0.8549267944879042,0.5965893277993822,0.9248048408433134,0.36225488477760254,2025,3.9023307884376424,0.18207914804427508,2025,6.3964155363754935,0.7908,0.7734961904761904,0.8359,2012;2014;2016;2019;2023-08-10;2024-09-20;2025,105,1861,105,,m2_20260926T165115Z_1ffdde7
logit_F1_wf,object,ALL,combined,S1_dl_wald,9,1.5144665935852697,0.13994713881131143,1.2401752417756717,1.7887579453948677,0.6213018314546414,2.407631355715898,0.12308684206289087,0.11637181325632384,1.4750827697238666,64.5613166184003,5.892653676145672e-11,0.8760867897523645,0.8698670734010976,0.9883353942510973,0.3508373441680502,False,0.8197222126678647,0.7755945161635611,0.856774929480043,0.6505145718816575,0.9174073845008033,0.3530671125369715,2024-09-20,4.031228905247659,0.15334304883870292,2024-09-20,7.96881614324093,0.8066748551450273,0.8020779558809663,0.8445551422331852,2012;2014;2016;2019;2022-09-06;2023-08-10;2024-07-24;2024-09-20;2025,319,1861,105,,m2_20260926T165115Z_1ffdde7
logit_F1_wf,cell_gate,FLAT,combined,S1_dl_wald,7,0.2079374776289059,0.12249720183442597,-0.03215262617350284,0.44802758143131466,-0.4503820044676804,0.8662569597254922,0.0505803452123425,0.0017298891018645032,3.7552418461487713,15.193851339849962,0.01880140349590363,0.6051034154675855,0.04979655525210156,0.9912864163333059,0.22490074524630305,False,0.5517978674391925,0.491962535866449,0.6101701715518701,0.3892699449054921,0.7039662527408573,0.5516565050123433,2024-09-20,2.7675795777362846,0.26348810226749503,2024-09-20,5.165484691420713,0.5803469521155025,0.5119655433436769,0.5624257437031801,2012;2014;2016;2019;2023-08-10;2024-09-20;2025,1762,1762,96,,m2_20260926T165115Z_1ffdde7
logit_F1_wf,cluster_gate,FLAT,combined,S1_dl_wald,7,0.11623600467832601,0.10586832342384929,-0.09126209633605678,0.3237341056927088,-0.38050826830571904,0.6129802776623711,0.0261343533091107,0.0,0.8874787577621123,9.69313642076685,0.13818380290716198,0.38100530730740256,0.0,0.9543423165687116,0.1616612300742225,False,0.5290263277626001,0.47720029817626264,0.5802340117880044,0.4060043147821567,0.6486203435900479,0.3106388390633658,2024-09-20,3.9815346529666544,0.2594875664126334,2024-09-20,4.795155049093204,0.5467857142857143,0.5034093749999999,0.5688,2012;2014;2016;2019;2023-08-10;2024-09-20;2025,96,1762,96,,m2_20260926T165115Z_1ffdde7
logit_F1_wf,object,FLAT,combined,S1_dl_wald,9,0.2020599976667441,0.10100812877073564,0.004087703130318199,0.40003229220317,-0.32972610278952497,0.7338460981230132,0.040373964225867365,0.0015700658580147207,0.45500657123421273,18.399335132987016,0.018423977372412925,0.5652016802684734,0.04811880255342381,0.9361014427456774,0.20093273557553373,False,0.5503438283562584,0.5010219243596085,0.5986954186365414,0.4183072680606737,0.6756487042472871,0.4046650018307649,2024-09-20,4.042166055842855,0.2143660255568437,2024-09-20,6.358724751844087,0.5534271318080793,0.5647814944004239,0.558395825502484,2012;2014;2016;2019;2022-09-06;2023-08-10;2024-07-24;2024-09-20;2025,287,1762,96,,m2_20260926T165115Z_1ffdde7
logit_F1_wf,cell_gate,URBAN,combined,S1_dl_wald,6,0.18696052835824487,0.188589753075373,-0.18266859552278816,0.5565896522392779,-0.827337776474541,1.2012588331910308,0.09789454927548012,0.0,3.5311387505291885,10.279348072143474,0.06769609169709125,0.5135878301903452,0.0,0.974415460620022,0.3128810465264397,False,0.5466044591579436,0.4544594132435341,0.6356630850065974,0.3042082774201274,0.7687486472236543,0.46394368382920453,2016,3.3634857640668336,0.2823161391911515,2016,4.912182475994381,0.5606674629059926,0.5550243893898628,0.5322049339851564,2012;2014;2016;2019;2023-08-10;2024-09-20,385,385,43,,m2_20260926T165115Z_1ffdde7
logit_F1_wf,cluster_gate,URBAN,combined,S1_dl_wald,6,0.2053756811806194,0.1353045519646331,-0.05981636761438966,0.47056772997562846,-0.17028997983256663,0.5810413421938054,0.0,0.0,0.4457496508620428,3.641241209194458,0.602131937471013,0.0,0.0,0.7900846511313488,0.0,False,0.5511642079385735,0.4850503653106565,0.6155181216570011,0.45753008641639287,0.6413069839444718,0.3098020174987949,2016,4.4036892355407815,0.3098020174987949,2016,4.4036892355407815,0.5520666666666666,0.5312046511627907,0.5533,2012;2014;2016;2019;2023-08-10;2024-09-20,43,385,43,,m2_20260926T165115Z_1ffdde7
logit_F1_wf,object,URBAN,combined,S1_dl_wald,8,0.12171622507131989,0.1296163231668599,-0.1323271001442301,0.3757595502868699,-0.4755495652688107,0.7189820154114505,0.0427793526414228,0.0,0.42122259454312194,10.645021234545794,0.15486998745147204,0.3424155907474168,0.0,0.8367930680888702,0.206831701248679,False,0.5303915450405402,0.46696641368052566,0.5928499522784128,0.383303579842729,0.6723828105448362,0.32527703183339285,2024-09-20,5.122175390156163,0.23393523344463352,2024-09-20,6.305957550321779,0.5223368209138222,0.5427861706597633,0.5062839676878315,2012;2014;2016;2019;2022-09-06;2023-08-10;2024-07-24;2024-09-20,151,385,43,,m2_20260926T165115Z_1ffdde7
logit_F1_wf,cell_gate,AGRI,combined,S1_dl_wald,4,0.707885107726692,0.08012492220766806,0.550843145935589,0.864927069517795,0.3631353924689057,1.0526348229844782,0.0,0.0,1.795805077958948,2.663655516935992,0.4464390332617679,0.0,0.0,0.9800869255971418,0.0,False,0.6699336776298858,0.6343311851797291,0.703689031434054,0.5897992117061237,0.7412805364471751,0.6413059373107115,2024-09-20,2.1180421626317862,0.6413059373107115,2024-09-20,2.1180421626317862,0.6227432079949085,0.6693247478142059,0.6594176417731378,2012;2014;2024-09-20;2025,1239,1239,77,,m2_20260926T165115Z_1ffdde7
logit_F1_wf,cluster_gate,AGRI,combined,S1_dl_wald,4,0.40369916772118675,0.18281775918863227,0.04538294397715098,0.7620153914652226,-1.0538020341558498,1.8612003695982233,0.08132570070010506,0.0,4.292095706662959,8.967141944917756,0.029730957287984076,0.6654452423717583,0.0,0.9905638297487565,0.2851766131717414,False,0.5995760995589973,0.5113437890778167,0.6817911370707783,0.25849567452257777,0.8654367995548808,0.5293326525236415,2024-09-20,2.5845598013072992,0.34416603889986214,2024-09-20,3.577519644967782,0.5609250000000001,0.5929844155844156,0.59435,2012;2014;2024-09-20;2025,77,1239,77,,m2_20260926T165115Z_1ffdde7
logit_F1_wf,object,AGRI,combined,S1_dl_wald,4,0.4712557192896621,0.17018557889138647,0.13769811397444454,0.8048133246048796,-0.9582946993270842,1.9008061379064083,0.08142601219353296,0.0324618594905547,5.507402129226302,13.649122072813702,0.003423833203249329,0.7802056437039716,0.5859472117367442,0.9958521913744721,0.285352435058005,False,0.615680925210571,0.5343702384637424,0.6910031553182838,0.2772197543578845,0.8699827373314811,0.5459172269874997,2024-09-20,2.5034368061626835,0.32239479015555544,2024-09-20,3.6758885034004605,0.5752187835304715,0.6281889074973299,0.6304464348570076,2012;2014;2024-09-20;2025,168,1239,77,,m2_20260926T165115Z_1ffdde7
logit_F1_wf,cell_gate,UNIVERSE,combined,S1_dl_wald,6,0.7133134919772173,0.23528210022001528,0.2521690493390438,1.1744579346153907,-0.844882082506893,2.2715090664613276,0.2596098386863133,0.2732893267993946,6.781744122695746,41.88278747755116,6.221022195402518e-08,0.8806192161235696,0.8859130793342562,0.9948372859661756,0.5095192230782989,True,0.6711329065797915,0.5627103056549984,0.7639498628783545,0.30050755833766446,0.9064897838649414,0.5293404025883099,2024-09-20,2.7445131746130493,0.20651063007517628,2024-09-20,5.769777743113927,0.643346922710437,0.5990725211007225,0.6685600400750478,2012;2014;2016;2019;2023-08-10;2024-09-20,437,437,104,,m2_20260926T165115Z_1ffdde7
logit_F1_wf,cluster_gate,UNIVERSE,combined,S1_dl_wald,6,0.5614609173596581,0.14192497649138094,0.2832930749298576,0.8396287597894585,-0.2280533301892652,1.3509751649085815,0.060718795022790595,0.0007051767890466422,1.4611584393684904,13.27755550865004,0.02091206341426779,0.623424658496618,0.018864101667078324,0.9755134831318911,0.24641184026501364,False,0.6367905009379214,0.5703533795461033,0.6983870227631462,0.44323248637913665,0.7942890100000595,0.5362135570202282,2024-09-20,2.599557821210685,0.2913476288710985,2024-09-20,4.710886564408495,0.6531666666666667,0.5963173076923076,0.62785,2012;2014;2016;2019;2023-08-10;2024-09-20,104,437,104,,m2_20260926T165115Z_1ffdde7
logit_F1_wf,object,UNIVERSE,combined,S1_dl_wald,9,0.5977203445166621,0.1503016765665053,0.3031344716303239,0.8923062174030003,-0.3523567418490561,1.5477974308823803,0.13884281183229974,0.05906203628498767,1.007693740705244,35.36221008389637,2.2966751353762153e-05,0.7737697960331069,0.5926586904192591,0.9612758678794979,0.3726161722634966,False,0.645134583967587,0.5752085850744345,0.7093658655061148,0.41281103422821286,0.8245953847336631,0.4085920587475847,2024-09-20,4.409889071135846,0.15218101611939344,2024-09-20,8.335800691842909,0.6492491009359624,0.6040457049151091,0.671612610188823,2012;2014;2016;2019;2022-09-06;2023-08-10;2024-07-24;2024-09-20;2025,239,439,106,,m2_20260926T165115Z_1ffdde7
slope_neg,cell_gate,UNIVERSE,development,S2_min5clusters,4,0.8955226343348457,0.3268957561179588,-0.14480555693567632,1.9358508256053677,-1.7058574215055131,3.4969026901752045,0.25867926103377964,0.0,5.5633416175001384,7.910023097049852,0.047908322263949525,0.620734356500313,0.0,0.9726109372689488,0.5086052113710394,False,0.7100285342904643,0.4638617362567336,0.8738956047596059,0.15370179956572147,0.9705995128227622,0.49898813494825284,2006,2.940016237692521,0.3260557923655943,2006,3.8368208978477556,0.7178106799191097,0.7874815336515854,0.7348412166048723,2006;2012;2014;2016,294,294,40,,m2_20260926T165115Z_1ffdde7
slope_neg,cluster_gate,UNIVERSE,development,S2_min5clusters,4,0.5787619297836971,0.23910766087443275,-0.1821853621311712,1.3397092216985653,-1.0630863132162935,2.220610172783688,0.09485417913514944,0.0,3.533126539712524,5.784089358535788,0.12260051371464006,0.4813358138091708,0.0,0.9706990454068317,0.3079840566249322,False,0.6407824766673448,0.45457922202621,0.7924421189881232,0.25672009813897845,0.9020851040054481,0.4153979933919712,2006,3.4572406308196535,0.32603116914682034,2006,3.8596815291742534,0.6471750000000001,0.633055,0.6159,2006;2012;2014;2016,40,294,40,,m2_20260926T165115Z_1ffdde7
slope_neg,cell_gate,ALL,development,S2_min5clusters,4,2.1001969593532963,0.3523662988488804,0.9788101334751822,3.2215837852314104,-1.1009145559328228,5.3013084746394155,0.4293525099931575,0.10634012691572885,5.844772936025632,43.38045252085807,2.043278596768908e-09,0.9308444281774713,0.6698409667867083,0.9911120061246276,0.655249959933732,False,0.89092232073675,0.7268720570253128,0.9616384829309532,0.24956857339326713,0.9950396608181143,0.6084169764503691,2025,2.3252229779230387,0.27856578325036874,2025,3.9725174090045208,0.8771028777191925,0.8608027126926042,0.8714066982672426,2012;2014;2016;2025,533,533,47,,m2_20260926T165115Z_1ffdde7
slope_neg,cluster_gate,ALL,development,S2_min5clusters,4,1.6770488007193942,0.47555572616540875,0.16361823702777856,3.1904793644110097,-2.792182405894838,6.146280007333626,0.852776218830413,0.2459234002206871,11.990760322022838,86.42889580361947,1.2806006590229775e-18,0.9652893864707414,0.8474809144961781,0.9963225450890048,0.923458834399462,False,0.8425133481012199,0.5408135484776626,0.9604744227244073,0.057748088805702535,0.9978631428497765,0.4764271830025738,2025,3.0568545759551533,0.2588715658438239,2025,3.9968575809982476,0.814425,0.8089489361702128,0.79305,2012;2014;2016;2025,47,533,47,,m2_20260926T165115Z_1ffdde7
slope_neg,cell_gate,FLAT,development,S2_min5clusters,4,0.9414012639610821,0.3053673505895679,-0.030413932676962796,1.913216460599127,-1.7919210859575747,3.6747236138797392,0.3103117114903475,0.06748783992589298,4.39755739120431,28.619668003182376,2.6917797834731376e-06,0.8951769811003254,0.5827013893961164,0.989129041191518,0.5570562911325456,False,0.7193826192865501,0.4923971028830027,0.8713800694269223,0.14283735419577795,0.9752706352635645,0.5015607597848343,2025,2.8543143734694794,0.2815675432712746,2025,3.940412104454971,0.7032100631257536,0.6752879395556384,0.6932465243647756,2012;2014;2016;2025,473,473,43,,m2_20260926T165115Z_1ffdde7
slope_neg,cluster_gate,FLAT,development,S2_min5clusters,4,0.5491075749963898,0.4192918187217096,-0.785266124330201,1.8834812743229807,-3.353361907461302,4.451577057454082,0.6468279641034997,0.17439704491326985,9.386759261353102,51.573574875024995,3.6921792863008475e-11,0.9418306757429612,0.7882144162952045,0.9950327862011642,0.8042561557759441,False,0.6339285168146875,0.3131860270233916,0.8680104813172959,0.033785246533965266,0.9884742286660788,0.40564513055394885,2025,3.335603980858153,0.2609206125470992,2025,3.9910642026272893,0.6129,0.6166232558139535,0.5851999999999999,2012;2014;2016;2025,43,473,43,,m2_20260926T165115Z_1ffdde7
slope_neg,cell_gate,URBAN,development,S2_min5clusters,3,0.9201053967941599,0.24391595106034739,-0.12938023586507996,1.9695910294533998,-2.1791406157973805,4.019351409385701,0.0,0.0,10.283151008237368,1.8721066639480437,0.39217255999898504,0.0,0.0,0.9798870187605733,0.0,False,0.7150635805375347,0.4676999849584816,0.8775671789287957,0.10163937038624847,0.9823524191171283,0.5947781817375143,2016,2.292244427827608,0.5947781817375143,2016,2.292244427827608,0.6910163269803743,0.7319177536730117,0.7337565547981122,2012;2014;2016,298,298,26,,m2_20260926T165115Z_1ffdde7
slope_neg,cluster_gate,URBAN,development,S2_min5clusters,3,0.2057319693799189,0.4031378741579961,-1.528830305331378,1.9402942440912159,-8.649548689888084,9.061012628647921,0.32318528893934273,0.0,18.385301582541313,6.112146942960926,0.047072163014508624,0.6727827359740907,0.0,0.9912443228659117,0.5684938776621458,False,0.5512523456980256,0.1781648905395327,0.8743844657190387,0.00017517521078187025,0.9998839081334481,0.4981829667381662,2016,2.667829525266422,0.38232777247263067,2016,2.9664662580386634,0.5344333333333333,0.5156615384615384,0.5356,2012;2014;2016,26,298,26,,m2_20260926T165115Z_1ffdde7
slope_neg,cell_gate,AGRI,development,S2_min5clusters,3,0.6399319725352297,0.5008355064237379,-1.51498928633432,2.7948532314047796,-11.586042505718082,12.865906450788541,0.6750023711335159,0.1385892582072785,27.77149804238587,28.990340676307788,5.067893828263293e-07,0.93101150406161,0.683889678799566,0.9976986521082858,0.8215852792823858,False,0.6547380827430688,0.18020055790442654,0.9423970679403871,9.294833957421467e-06,0.9999974153204826,0.6939421021510709,2025,1.8725040132639041,0.36013343879875276,2025,2.9859409257277942,0.6283033405712257,0.5861366485423741,0.5459573006075803,2012;2014;2025,127,127,30,,m2_20260926T165115Z_1ffdde7
slope_neg,cluster_gate,AGRI,development,S2_min5clusters,3,0.5554118808631244,0.5186980208144214,-1.6763655743096888,2.787189336035938,-12.187704518808184,13.298528280534432,0.73677082412948,0.15985171783701138,29.86143736609034,33.42304328890158,5.5243141254159385e-08,0.9401610445011716,0.7202538773986846,0.9979251674829348,0.858353554270896,False,0.6353902748655245,0.15757732674168556,0.9419796213472574,5.092663356580607e-06,0.9999983230434042,0.6830150866680966,2025,1.929362427091224,0.3546335034958349,2025,2.993099804990059,0.6112666666666666,0.6305999999999999,0.531,2012;2014;2025,30,127,30,,m2_20260926T165115Z_1ffdde7
slope_neg,cell_gate,ALL,holdout,S2_min5clusters,1,2.4776339573651773,0.26597196296378495,,,,,,,,,,,,,,False,0.9225589273389702,,,,,1.0,2024-09-20,1.0,1.0,2024-09-20,1.0,0.9225589273389702,0.9225589273389702,0.9225589273389702,2024-09-20,1254,1254,52,k=1: 통합 불가,m2_20260926T165115Z_1ffdde7
slope_neg,cluster_gate,ALL,holdout,S2_min5clusters,1,1.5898855489786992,0.14659064434445004,,,,,,,,,,,,,,False,0.8305999999999999,,,,,1.0,2024-09-20,1.0,1.0,2024-09-20,1.0,0.8306,0.8306,0.8306,2024-09-20,52,1254,52,k=1: 통합 불가,m2_20260926T165115Z_1ffdde7
slope_neg,cell_gate,FLAT,holdout,S2_min5clusters,1,1.2122879038902008,0.29154864968213523,,,,,,,,,,,,,,False,0.7707035169105423,,,,,1.0,2024-09-20,1.0,1.0,2024-09-20,1.0,0.7707035169105423,0.7707035169105423,0.7707035169105423,2024-09-20,1216,1216,47,k=1: 통합 불가,m2_20260926T165115Z_1ffdde7
slope_neg,cluster_gate,FLAT,holdout,S2_min5clusters,1,0.28348332590543135,0.14476941253368494,,,,,,,,,,,,,,False,0.5704,,,,,1.0,2024-09-20,1.0,1.0,2024-09-20,1.0,0.5704,0.5704,0.5704,2024-09-20,47,1216,47,k=1: 통합 불가,m2_20260926T165115Z_1ffdde7
slope_neg,cell_gate,URBAN,holdout,S2_min5clusters,1,0.6901140686330942,0.34689534103985986,,,,,,,,,,,,,,False,0.6659923014068145,,,,,1.0,2024-09-20,1.0,1.0,2024-09-20,1.0,0.6659923014068145,0.6659923014068145,0.6659923014068145,2024-09-20,21,21,11,k=1: 통합 불가,m2_20260926T165115Z_1ffdde7
slope_neg,cluster_gate,URBAN,holdout,S2_min5clusters,1,0.8881100533401881,0.39505545623993016,,,,,,,,,,,,,,False,0.7084999999999999,,,,,1.0,2024-09-20,1.0,1.0,2024-09-20,1.0,0.7085,0.7085,0.7085,2024-09-20,11,21,11,k=1: 통합 불가,m2_20260926T165115Z_1ffdde7
slope_neg,cell_gate,AGRI,holdout,S2_min5clusters,1,1.2763449772670705,0.26311163246633645,,,,,,,,,,,,,,False,0.7818269684220438,,,,,1.0,2024-09-20,1.0,1.0,2024-09-20,1.0,0.7818269684220438,0.7818269684220438,0.7818269684220438,2024-09-20,1112,1112,47,k=1: 통합 불가,m2_20260926T165115Z_1ffdde7
slope_neg,cluster_gate,AGRI,holdout,S2_min5clusters,1,0.26554954410277787,0.13450013807819017,,,,,,,,,,,,,,False,0.566,,,,,1.0,2024-09-20,1.0,1.0,2024-09-20,1.0,0.566,0.566,0.566,2024-09-20,47,1112,47,k=1: 통합 불가,m2_20260926T165115Z_1ffdde7
slope_neg,cell_gate,UNIVERSE,holdout,S2_min5clusters,1,1.2565219562250343,0.1846674214811274,,,,,,,,,,,,,,False,0.7784268009103503,,,,,1.0,2024-09-20,1.0,1.0,2024-09-20,1.0,0.7784268009103503,0.7784268009103504,0.7784268009103503,2024-09-20,96,96,61,k=1: 통합 불가,m2_20260926T165115Z_1ffdde7
slope_neg,cluster_gate,UNIVERSE,holdout,S2_min5clusters,1,1.0932860443854355,0.1595903510622186,,,,,,,,,,,,,,False,0.749,,,,,1.0,2024-09-20,1.0,1.0,2024-09-20,1.0,0.749,0.749,0.749,2024-09-20,61,96,61,k=1: 통합 불가,m2_20260926T165115Z_1ffdde7
slope_neg,cell_gate,UNIVERSE,combined,S2_min5clusters,5,0.984575210618434,0.2562395293650837,0.27314022355456113,1.6960101976823068,-0.6541458975442531,2.6232963187811214,0.19948904122810318,0.00707743443549605,2.510359877057044,12.246839597118717,0.015607060364267815,0.6733851237064401,0.0640789998719529,0.960450733817536,0.4466419608904913,False,0.7280150942434256,0.5678636622482833,0.8450129251217593,0.34205587789218705,0.9323459248808428,0.5026062501377603,2024-09-20,2.9694524503381925,0.2810838984531313,2024-09-20,4.636454145524069,0.7299339041173578,0.7852526763614351,0.7784268009103503,2006;2012;2014;2016;2024-09-20,390,390,101,,m2_20260926T165115Z_1ffdde7
slope_neg,cluster_gate,UNIVERSE,combined,S2_min5clusters,5,0.727426760835925,0.21124214633450106,0.14092453763402346,1.3139289840378265,-0.6278958625189514,2.082749384190801,0.1367526110830178,0.004522899961087135,1.8633978359151548,12.073650852791761,0.01681190030785162,0.6687000436926591,0.05708382792149529,0.961452243364725,0.36980077215038076,False,0.6742403391559546,0.5351729432508465,0.7881698743812988,0.34798779754965403,0.8892151693645685,0.49800823042481707,2024-09-20,3.1162213614923537,0.2750338135554053,2024-09-20,4.756492178460578,0.66754,0.7030811881188119,0.6541,2006;2012;2014;2016;2024-09-20,101,390,101,,m2_20260926T165115Z_1ffdde7
slope_neg,cell_gate,ALL,combined,S2_min5clusters,5,2.180124612146271,0.28576420283382525,1.3867159899475476,2.9735332343449947,0.11132499288937892,4.248924231403164,0.3409244120391237,0.0894327585264189,2.847587801808118,43.38064471129992,8.626872035284941e-09,0.9077929794123584,0.6262959547835447,0.9816048060502491,0.5838873282056425,False,0.8984504419358403,0.8000674520795036,0.951364022555543,0.5278025404892495,0.9859214487196857,0.533343422363514,2025,2.892626326831119,0.22855668386446987,2025,4.958999535294711,0.8861940876431479,0.9041391945988957,0.8717151957228564,2012;2014;2016;2024-09-20;2025,1787,1787,99,,m2_20260926T165115Z_1ffdde7
slope_neg,cluster_gate,ALL,combined,S2_min5clusters,5,1.661425693131172,0.3682070239027412,0.6391191039169593,2.6837322823453844,-1.127700915770237,4.45055230203258,0.6325174381170302,0.20224786358347846,5.334264832147044,91.74404316254204,5.609805946463673e-19,0.9564004390681449,0.8476367660677764,0.9932309145879937,0.7953096492040256,False,0.8404292925731015,0.6545543057068052,0.9360598712583167,0.244585638279618,0.9884625478554151,0.32588610753083364,2025,3.95407573088055,0.2075086717167029,2025,4.992976783102692,0.81766,0.8203212121212121,0.8306,2012;2014;2016;2024-09-20;2025,99,1787,99,,m2_20260926T165115Z_1ffdde7
slope_neg,cell_gate,FLAT,combined,S2_min5clusters,5,0.9980237426191899,0.24724036458787552,0.31157444255186506,1.6844730426865149,-0.7477482400419916,2.7437957252803713,0.23979346025018078,0.05298971716898982,2.0793168566106184,28.638917744271893,9.2551071904513e-06,0.8603299176415267,0.5024067070151162,0.9753813372934854,0.4896871044352514,False,0.7306698454646005,0.5772695181052258,0.8434959276076163,0.32131214587919893,0.9395619978559954,0.44657400500096617,2025,3.4511471440531643,0.23451106592460277,2025,4.9075512049171675,0.7167087538827114,0.7439826358632542,0.7064701321505535,2012;2014;2016;2024-09-20;2025,1689,1689,90,,m2_20260926T165115Z_1ffdde7
slope_neg,cluster_gate,FLAT,combined,S2_min5clusters,5,0.4978432276009225,0.32777431914512517,-0.4122041763990997,1.4078906316009445,-1.959138385733263,2.954824840935108,0.48861255577238966,0.14731040386260483,4.258600719899585,59.93121821195256,2.9990309353567412e-12,0.9332568214139481,0.7941788799821915,0.9911149043427951,0.6990082658827359,False,0.6219523479753828,0.3983837189499642,0.8034330276697415,0.12356032424626301,0.9504910291279444,0.34290257788530415,2024-09-20,4.048138726285206,0.21083629054312422,2024-09-20,4.982274378814732,0.6043999999999999,0.5924844444444445,0.5704,2012;2014;2016;2024-09-20;2025,90,1689,90,,m2_20260926T165115Z_1ffdde7
slope_neg,cell_gate,URBAN,combined,S2_min5clusters,4,0.8440156014996523,0.19952896250832197,0.20902539196795156,1.479005811031353,-0.014488233700857278,1.702519436700162,0.0,0.0,2.27839276781203,2.1662489561260436,0.5386268325888084,0.0,0.0,0.9298831802476952,0.0,False,0.6993102734806292,0.5520669119413988,0.8144223673714664,0.4963780049319855,0.8458635014460654,0.39800315349665283,2016,3.2808565916900143,0.39800315349665283,2016,3.2808565916900143,0.6847603205869843,0.7275778336178702,0.6998744281024634,2012;2014;2016;2024-09-20,319,319,37,,m2_20260926T165115Z_1ffdde7
slope_neg,cluster_gate,URBAN,combined,S2_min5clusters,4,0.3859711089441983,0.32799592874422345,-0.6578583226359539,1.4298005405243503,-2.1863517949488243,2.9582940128372206,0.2536196731556548,0.0,6.068628614754391,7.606437125149447,0.05488578136753034,0.605597213170804,0.0,0.974592826920348,0.5036066651223501,False,0.5953124507368778,0.34122087362755354,0.8068702357678221,0.10098281510664364,0.9506540259389215,0.37591410607642284,2016,3.6541854073898055,0.291970586163132,2016,3.953806450241005,0.57795,0.5729918918918918,0.6167499999999999,2012;2014;2016;2024-09-20,37,319,37,,m2_20260926T165115Z_1ffdde7
slope_neg,cell_gate,AGRI,combined,S2_min5clusters,4,0.8089958804793876,0.38364706705556667,-0.4119403106045313,2.0299320715633065,-2.6897412418293802,4.307733002788155,0.514041100501762,0.11767048676950788,8.04805793962691,29.249256905790606,1.984970977801512e-06,0.8974332917358295,0.6598200907530688,0.9925183373674086,0.7169665965034647,False,0.691895491253231,0.3984469624504751,0.8839041074571743,0.06358142275294665,0.9867148340198681,0.5708713099078165,2025,2.5453779726784846,0.27483088118356924,2025,3.977467051846959,0.6666842475339303,0.7617683157790106,0.6638921345148121,2012;2014;2024-09-20;2025,1239,1239,77,,m2_20260926T165115Z_1ffdde7
slope_neg,cluster_gate,AGRI,combined,S2_min5clusters,4,0.48728972159593764,0.373242305351611,-0.7005338740458703,1.6751133172377455,-2.9568752624143344,3.93145470560621,0.5014500499808798,0.13030678857628278,7.212168901826857,51.7132731426577,3.447573686579348e-11,0.941987814391015,0.7724689531554215,0.9947063445314149,0.7081313790398501,False,0.6194677524992027,0.331693871713283,0.8422563689586319,0.049412571558652946,0.9807622334848616,0.452532605091982,2024-09-20,2.776754248404578,0.2681405245170676,2024-09-20,3.979791578971214,0.59995,0.5911688311688311,0.5485,2012;2014;2024-09-20;2025,77,1239,77,,m2_20260926T165115Z_1ffdde7
relelev_neg,cell_gate,UNIVERSE,development,S2_min5clusters,4,-0.3187890799108248,0.17713048134613524,-0.8824973258239577,0.24491916600230806,-1.4371153541319903,0.7995371943103406,0.03618087646856065,0.0,1.4175392873737285,3.9205978760360454,0.2701667591846083,0.23481058377933517,0.0,0.940462028949447,0.19021271374059268,False,0.42097088666988125,0.292660539063733,0.5609255419728171,0.19199245001037935,0.6898754737999067,0.3967489575680205,2016,3.369051460237353,0.35174715388006367,2016,3.5998442778566626,0.4155421044095379,0.41370125485806114,0.3921336711765506,2006;2012;2014;2016,294,294,40,,m2_20260926T165115Z_1ffdde7
relelev_neg,cluster_gate,UNIVERSE,development,S2_min5clusters,4,-0.1329313031171753,0.23146854745033701,-0.8695675267398869,0.6037049205055364,-2.0277415158426177,1.7618789096082672,0.1412861305417537,0.0,2.9630633960903814,8.97372333265971,0.02964229688710535,0.6656906070324731,0.0,0.9773143587556553,0.3758804737436539,False,0.46681602526051963,0.2953442986590625,0.6465034755098573,0.1163208713019413,0.8534448242187714,0.32199965482263015,2016,3.8896698846927755,0.2711385414494266,2016,3.9900833154547852,0.470575,0.5139525,0.46120000000000005,2006;2012;2014;2016,40,294,40,,m2_20260926T165115Z_1ffdde7
relelev_neg,cell_gate,ALL,development,S2_min5clusters,4,0.13906319822349578,0.22057105673073374,-0.5628923463217509,0.8410187427687424,-1.8269057031074398,2.1050320995544314,0.16012446865431404,0.034824777337217054,2.4697029172138283,37.97778860881277,2.857245248814278e-08,0.9210064590410657,0.646419384557924,0.9923461333504222,0.400155555570973,False,0.5347098809456566,0.362878491076452,0.6986797316139103,0.13860730477329464,0.8913913110179027,0.9141779663968177,2025,1.191931163766009,0.3017286009664996,2025,3.88568716037568,0.5481546765121302,0.5828390877432217,0.5700205087545444,2012;2014;2016;2025,533,533,47,,m2_20260926T165115Z_1ffdde7
relelev_neg,cluster_gate,ALL,development,S2_min5clusters,4,0.3966553171412632,0.32011988357277316,-0.6221090235827593,1.4154196578652858,-2.5990961089658824,3.3924067432484084,0.3822968580276382,0.10665741545173345,5.5079443388044,88.13788199292848,5.50135498316589e-19,0.9659624223754243,0.8726184490106688,0.9971812422381992,0.618301591480758,False,0.5978837995264973,0.34930193903325735,0.8046193588808269,0.06919661589334923,0.9674663826593312,0.9174084438697095,2025,1.183947070309,0.26744054684827656,2025,3.989472079120304,0.5986,0.6011595744680851,0.6246,2012;2014;2016;2025,47,533,47,,m2_20260926T165115Z_1ffdde7
relelev_neg,cell_gate,FLAT,development,S2_min5clusters,4,-0.08408906525375778,0.45121041838389486,-1.5200419941451,1.3518638636375844,-4.246511761089979,4.078333630582464,0.7322883068926439,0.19354376908342338,10.277444001953256,55.49593552630533,5.3815297202162435e-12,0.945941987074387,0.751565595761795,0.9938135170293606,0.8557384570607096,False,0.47899011225322363,0.1794553356392663,0.794434180044666,0.014112076486559669,0.9833463769281416,0.6956008513487648,2025,1.9345530312163575,0.2725086352960703,2025,3.986756374941499,0.4965621913136838,0.560249369326866,0.5498253855989136,2012;2014;2016;2025,473,473,43,,m2_20260926T165115Z_1ffdde7
relelev_neg,cluster_gate,FLAT,development,S2_min5clusters,4,0.2585561527643942,0.5711447021537198,-1.559081194387075,2.0761934999158633,-5.11456191891211,5.631674224440899,1.233275051466129,0.35854324368773766,17.270047127280268,107.82848151668748,3.2182709360327285e-23,0.9721780372142612,0.8732367568099183,0.9969952906991602,1.11052917632367,False,0.5642813291064124,0.17377852917840017,0.8885676892068732,0.005972721763305676,0.9964302167331113,0.7003304183772417,2025,1.909170433912583,0.2619978626306474,2025,3.995143002114339,0.56865,0.5506186046511627,0.63915,2012;2014;2016;2025,43,473,43,,m2_20260926T165115Z_1ffdde7
relelev_neg,cell_gate,URBAN,development,S2_min5clusters,3,0.13731719390155142,0.37806509115340486,-1.4893656025726252,1.763999990375728,-7.52222182589124,7.796856213694342,0.23083099538814741,0.0,18.215810396508434,4.640910048322124,0.09822887892059938,0.5690500399327756,0.0,0.9909504828883472,0.4804487437678939,False,0.5342754571917044,0.1840169660944024,0.8537099232806886,0.0005406369324053446,0.9995891437471379,0.4819913551647516,2016,2.725708057669745,0.38978248679643673,2016,2.956535773794,0.5368914181898968,0.4801503849658254,0.4837513109596224,2012;2014;2016,298,298,26,,m2_20260926T165115Z_1ffdde7
relelev_neg,cluster_gate,URBAN,development,S2_min5clusters,3,0.29273772695076067,0.21713188893228186,-0.6415053876793788,1.2269808415809003,-2.499713542764336,3.0851889966658574,0.0011528951023401976,0.0,6.167523770044397,1.9963127380366128,0.3685583006976558,0.0,0.0,0.9758557574999264,0.03395430903935755,False,0.572666241316415,0.3449063237739749,0.773289714125043,0.0758782641781523,0.9562776545957448,0.5198738179599639,2016,2.577812457830158,0.5181957869469137,2016,2.5841129421814903,0.5984,0.6072423076923077,0.5842,2012;2014;2016,26,298,26,,m2_20260926T165115Z_1ffdde7
relelev_neg,cell_gate,AGRI,development,S2_min5clusters,3,0.37224843734711766,0.6321000636845565,-2.3474586271400484,3.0919555018342835,-15.356029193215,16.100526067909236,1.1327030566241492,0.27346728694530537,44.8353423509337,67.8418276119749,1.854958991715697e-15,0.9705196621258627,0.8459354999683755,0.9988903958878815,1.0642852327379861,False,0.5920021682348231,0.08726798638320034,0.9565596950770215,2.1426989874648992e-07,0.9999998982275268,0.7022107557544719,2025,1.83177230179699,0.3477963019118015,2025,2.9950386865657377,0.588080602770216,0.6443266708027288,0.686874638345067,2012;2014;2025,127,127,30,,m2_20260926T165115Z_1ffdde7
relelev_neg,cluster_gate,AGRI,development,S2_min5clusters,3,0.34960614429609843,0.593814361592914,-2.205370839576087,2.9045831281682837,-14.386116385506108,15.085328674098305,0.9923500921438314,0.23192594980492856,39.95974275499836,50.21686091765368,1.246083663911754e-11,0.9601727395250844,0.8096746636228922,0.998637549889153,0.9961677028210819,False,0.5865220666779704,0.09926922168442741,0.9480725328376978,5.651826121422002e-07,0.9999997191173738,0.7953412612628435,2025,1.5288497872137172,0.35113875412508555,2025,2.9953313489598434,0.5865666666666666,0.5616866666666667,0.6904,2012;2014;2025,30,127,30,,m2_20260926T165115Z_1ffdde7
relelev_neg,cell_gate,ALL,holdout,S2_min5clusters,1,-0.15549467464084332,0.16772216366634696,,,,,,,,,,,,,,False,0.46120446830816275,,,,,1.0,2024-09-20,1.0,1.0,2024-09-20,1.0,0.4612044683081627,0.4612044683081627,0.4612044683081627,2024-09-20,1254,1254,52,k=1: 통합 불가,m2_20260926T165115Z_1ffdde7
relelev_neg,cluster_gate,ALL,holdout,S2_min5clusters,1,0.3071931768162296,0.10657507163171336,,,,,,,,,,,,,,False,0.5762,,,,,1.0,2024-09-20,1.0,1.0,2024-09-20,1.0,0.5762,0.5762,0.5762,2024-09-20,52,1254,52,k=1: 통합 불가,m2_20260926T165115Z_1ffdde7
relelev_neg,cell_gate,FLAT,holdout,S2_min5clusters,1,-0.8739759638219512,0.30637487350004894,,,,,,,,,,,,,,False,0.2944276606598456,,,,,1.0,2024-09-20,1.0,1.0,2024-09-20,1.0,0.2944276606598456,0.2944276606598456,0.2944276606598456,2024-09-20,1216,1216,47,k=1: 통합 불가,m2_20260926T165115Z_1ffdde7
relelev_neg,cluster_gate,FLAT,holdout,S2_min5clusters,1,0.001200000143999902,0.16741280162941882,,,,,,,,,,,,,,False,0.5003,,,,,1.0,2024-09-20,1.0,1.0,2024-09-20,1.0,0.5003,0.5003,0.5003,2024-09-20,47,1216,47,k=1: 통합 불가,m2_20260926T165115Z_1ffdde7
relelev_neg,cell_gate,URBAN,holdout,S2_min5clusters,1,-0.6264234001343969,0.3625876848762956,,,,,,,,,,,,,,False,0.3483219626490248,,,,,1.0,2024-09-20,1.0,1.0,2024-09-20,1.0,0.3483219626490249,0.3483219626490249,0.3483219626490249,2024-09-20,21,21,11,k=1: 통합 불가,m2_20260926T165115Z_1ffdde7
relelev_neg,cluster_gate,URBAN,holdout,S2_min5clusters,1,-0.7317993349942246,0.46226128621880014,,,,,,,,,,,,,,False,0.3248,,,,,1.0,2024-09-20,1.0,1.0,2024-09-20,1.0,0.3248,0.3248,0.3248,2024-09-20,11,21,11,k=1: 통합 불가,m2_20260926T165115Z_1ffdde7
relelev_neg,cell_gate,AGRI,holdout,S2_min5clusters,1,-0.5681721714052352,0.20372384446898234,,,,,,,,,,,,,,False,0.36165869364373326,,,,,1.0,2024-09-20,1.0,1.0,2024-09-20,1.0,0.3616586936437332,0.3616586936437332,0.3616586936437332,2024-09-20,1112,1112,47,k=1: 통합 불가,m2_20260926T165115Z_1ffdde7
relelev_neg,cluster_gate,AGRI,holdout,S2_min5clusters,1,0.139425424583279,0.13658783627792997,,,,,,,,,,,,,,False,0.5348,,,,,1.0,2024-09-20,1.0,1.0,2024-09-20,1.0,0.5348,0.5348,0.5348,2024-09-20,47,1112,47,k=1: 통합 불가,m2_20260926T165115Z_1ffdde7
relelev_neg,cell_gate,UNIVERSE,holdout,S2_min5clusters,1,-0.8332982484569531,0.19952529216042325,,,,,,,,,,,,,,False,0.30294812487631106,,,,,1.0,2024-09-20,1.0,1.0,2024-09-20,1.0,0.3029481248763111,0.3029481248763111,0.3029481248763111,2024-09-20,96,96,61,k=1: 통합 불가,m2_20260926T165115Z_1ffdde7
relelev_neg,cluster_gate,UNIVERSE,holdout,S2_min5clusters,1,-0.5710264960446538,0.18603020614047666,,,,,,,,,,,,,,False,0.361,,,,,1.0,2024-09-20,1.0,1.0,2024-09-20,1.0,0.361,0.361,0.361,2024-09-20,61,96,61,k=1: 통합 불가,m2_20260926T165115Z_1ffdde7
relelev_neg,cell_gate,UNIVERSE,combined,S2_min5clusters,5,-0.45847815075673676,0.17969327562551396,-0.957386666304153,0.04043036479067946,-1.535516936714813,0.6185606352013393,0.08224593234998405,0.0,0.9956428363290356,8.351155974325268,0.07952952314796541,0.5210243932339942,0.0,0.931629506960496,0.28678551628348325,False,0.3873469108363281,0.2774017327925335,0.5101062145881844,0.1771879255753468,0.6498911167816784,0.3457078615460431,2024-09-20,4.05544937505274,0.26454742634888445,2024-09-20,4.658175048161482,0.3930233085028926,0.3864389459394765,0.3824813593853903,2006;2012;2014;2016;2024-09-20,390,390,101,,m2_20260926T165115Z_1ffdde7
relelev_neg,cluster_gate,UNIVERSE,combined,S2_min5clusters,5,-0.23528416982494416,0.1983408425347135,-0.7859666312412558,0.31539829159136745,-1.5381648301263477,1.0675964904764594,0.1294670846394407,0.006498622648198973,1.6169119796960583,12.288700186806675,0.015328702221798713,0.6744977142257521,0.0994348594933044,0.9648776430524237,0.3598153479764874,False,0.44144881814284115,0.31303536733106274,0.5782023730100292,0.17680221285543848,0.7441395661244873,0.32982992364019625,2024-09-20,4.459216757879886,0.2324432422176358,2024-09-20,4.957147063805822,0.44866,0.42157524752475245,0.4025,2006;2012;2014;2016;2024-09-20,101,390,101,,m2_20260926T165115Z_1ffdde7
relelev_neg,cell_gate,ALL,combined,S2_min5clusters,5,0.06834881504431843,0.1763505181880213,-0.4212787179779077,0.5579763480665446,-1.1823780565474782,1.3190756866361149,0.12335578626768322,0.028368801455689718,1.2765926515086463,39.019287900340046,6.902833682353285e-08,0.8974865966232782,0.6100361199963155,0.9859934393701788,0.3512204240468985,False,0.5170805548749253,0.39621080468033704,0.6359841771016097,0.23462488477392573,0.7890278837605131,0.882116703543759,2025,1.278136672243595,0.24984698690114127,2025,4.835752446894472,0.5307646348713366,0.4974838483634993,0.5531201570087028,2012;2014;2016;2024-09-20;2025,1787,1787,99,,m2_20260926T165115Z_1ffdde7
relelev_neg,cluster_gate,ALL,combined,S2_min5clusters,5,0.37058994737051937,0.24645216929615474,-0.31367097173716735,1.0548508664782061,-1.4864406280172722,2.227620522758311,0.2797604051059125,0.0863586624968961,2.462306336140695,119.63697174585035,6.38553476080582e-25,0.9665655194909366,0.8814302763914537,0.9953042439777803,0.5289238178659688,False,0.5916015228209909,0.42221895014476163,0.7417053101784975,0.18445657082433137,0.902702568167122,0.8565979807847196,2025,1.3499573641633356,0.21642965229645636,2025,4.979277765535184,0.59412,0.5880494949494949,0.5762,2012;2014;2016;2024-09-20;2025,99,1787,99,,m2_20260926T165115Z_1ffdde7
relelev_neg,cell_gate,FLAT,combined,S2_min5clusters,5,-0.24409496994881744,0.38146883208469323,-1.303222241575883,0.815032301678248,-3.07088071527867,2.5826907753810353,0.6434572084330216,0.18414196956587617,5.665687502873489,55.56044962958555,2.4791102386508696e-11,0.9280063421612408,0.7388398983382539,0.9886421590541717,0.802157845086004,False,0.4392774578714314,0.21362321845785315,0.6931808193275752,0.04432450565183385,0.9297392451861557,0.6268064258619401,2025,2.328249561453937,0.22106279267211487,2025,4.982856170199066,0.45613528518291613,0.36887032981289514,0.5371848739495798,2012;2014;2016;2024-09-20;2025,1689,1689,90,,m2_20260926T165115Z_1ffdde7
relelev_neg,cluster_gate,FLAT,combined,S2_min5clusters,5,0.1980015101074186,0.44361832369832266,-1.0336804133008397,1.429683433515677,-3.167944438696977,3.563947458911814,0.9218473186017592,0.29673600552613816,7.8005766951037305,120.50929161153553,4.1579460548156205e-25,0.9668075386842859,0.8808236080581047,0.9948794655900284,0.9601288031309961,False,0.5493392888389483,0.26237120169993194,0.8068519862497514,0.04039001099380263,0.9724535183564882,0.5408856263900245,2025,2.745221192168332,0.2107838813550121,2025,4.990175004890166,0.55498,0.524341111111111,0.5692,2012;2014;2016;2024-09-20;2025,90,1689,90,,m2_20260926T165115Z_1ffdde7
relelev_neg,cell_gate,URBAN,combined,S2_min5clusters,4,-0.06602766066518513,0.3290052591249406,-1.1130692319862612,0.9810139106558909,-2.5998151935774674,2.467759872247097,0.24592314686314923,0.0,6.318240871169066,7.4831815107913595,0.05799216924873717,0.5991009979279863,0.0,0.9761652216434434,0.49590638921388097,False,0.4834990792541312,0.24729913174335139,0.7273093520451541,0.06915031511747706,0.9218505337328405,0.34414499536815674,2016,3.719848026512606,0.28399236821094226,2016,3.9552421869721575,0.48974905430467885,0.47147202487600465,0.44621486482580053,2012;2014;2016;2024-09-20,319,319,37,,m2_20260926T165115Z_1ffdde7
relelev_neg,cluster_gate,URBAN,combined,S2_min5clusters,4,0.1173011179734247,0.30619290439378327,-0.8571413593186584,1.091743595265508,-2.0153764699191505,2.249978705866,0.1634360101183841,0.0,5.802246704077696,6.020099913422179,0.11063640507980305,0.5016694003182044,0.0,0.972721207246655,0.40427219805272796,False,0.5292917004694787,0.29793694342164384,0.7487099097505037,0.11759792072551936,0.9046486982968359,0.4266354352399349,2016,3.4080611955085782,0.3247532528041239,2016,3.87329798709924,0.53,0.523272972972973,0.54825,2012;2014;2016;2024-09-20,37,319,37,,m2_20260926T165115Z_1ffdde7
relelev_neg,cell_gate,AGRI,combined,S2_min5clusters,4,0.1299377515185045,0.5022531527783622,-1.468455938858088,1.728331441895097,-4.58697628224366,4.846851785280669,0.9495725767211434,0.26854052914384374,13.69453642512561,69.80575796958534,4.697328397004561e-15,0.9570236025328009,0.8613974283864848,0.996854699942035,0.974460146296986,False,0.5324388098008485,0.18717741710653746,0.8491988689301235,0.010080943869013849,0.9922081282524305,0.5518563934246956,2025,2.6108771055080884,0.2612246195962323,2025,3.9927776727142583,0.5314751254885953,0.39063273165760926,0.5242666659944001,2012;2014;2024-09-20;2025,1239,1239,77,,m2_20260926T165115Z_1ffdde7
relelev_neg,cluster_gate,AGRI,combined,S2_min5clusters,4,0.2826046484584623,0.41838512219016405,-1.048883537841298,1.6140928347582226,-3.6198637883239733,4.185073085240898,0.6475870420274882,0.1749433386522413,9.541620057482524,61.334120679896195,3.049097318980755e-13,0.9510875844188417,0.8478791019612837,0.9967212826986456,0.8047279304382868,False,0.5701846721981881,0.25943954982194656,0.8339788475510146,0.02608753564979567,0.985007114645298,0.5283199675330941,2025,2.4916964914361155,0.265445588809266,2025,3.986481611315933,0.573625,0.5452753246753246,0.6126,2012;2014;2024-09-20;2025,77,1239,77,,m2_20260926T165115Z_1ffdde7
twi,cell_gate,UNIVERSE,development,S2_min5clusters,4,0.7016172686624005,0.21354008639357241,0.022037409689212195,1.3811971276355888,-0.6611488163227226,2.0643833536475236,0.055590948773034415,0.0,2.5350814108402226,4.391411562790813,0.22218305726671456,0.3168483625129748,0.0,0.9534673967018078,0.2357773287935768,False,0.6685462438660329,0.5055091294662291,0.7991831953778537,0.3404815931329924,0.887392928420771,0.3720853173973333,2016,3.669170225899352,0.3283308435631621,2016,3.8481586575702633,0.6503554670536957,0.7046358852989139,0.661990697547479,2006;2012;2014;2016,294,294,40,,m2_20260926T165115Z_1ffdde7
twi,cluster_gate,UNIVERSE,development,S2_min5clusters,4,0.40676011449379923,0.21447877270176166,-0.2758070632527063,1.0893272922403048,-1.2216129438699763,2.0351331728575746,0.09722926308388474,0.0,2.3332385115766896,6.366401643042296,0.09508284508591408,0.5287761960041217,0.0,0.9648408257906981,0.31181607252334625,False,0.6003107612453427,0.43148202870077756,0.7482550251848957,0.22765272697843106,0.8844367674022874,0.34381156595455825,2012,3.682414350382981,0.29248565865178394,2012,3.9141706744547378,0.5902499999999999,0.5740149999999999,0.5719,2006;2012;2014;2016,40,294,40,,m2_20260926T165115Z_1ffdde7
twi,cell_gate,ALL,development,S2_min5clusters,4,1.7174486639829492,0.23093359487734164,0.9825148981996686,2.4523824297662298,-0.3707739642167067,3.805671292182605,0.18221853355492013,0.043429978542200716,2.5148587449058066,36.76834787693147,5.1510461540136976e-08,0.9184080826791186,0.6300200909289937,0.9899603731535476,0.4268706285924579,False,0.8477999161906121,0.7276069420027288,0.9207354988262741,0.40835401777273195,0.9782397802257371,0.6213007560963287,2025,2.284955009147236,0.2808139300172205,2025,3.9740152750464994,0.8390454561153569,0.8220979770773434,0.8277232857428309,2012;2014;2016;2025,533,533,47,,m2_20260926T165115Z_1ffdde7
twi,cluster_gate,ALL,development,S2_min5clusters,4,1.4804536616423423,0.35423701875442476,0.3531133701126077,2.607793953172077,-1.8134613984602865,4.774368721744971,0.4605897917512704,0.1263015392540443,6.504249852095461,69.13519364283226,6.537684720812367e-15,0.9566067607259674,0.8007830731441563,0.9951923834336495,0.6786676592790247,False,0.8146410938389682,0.5873723589062323,0.9313615038929144,0.14022030457033502,0.9916272817660547,0.8002999384640505,2025,1.5292887619901112,0.2697885700809316,2025,3.9913206892646054,0.7948000000000001,0.7902936170212765,0.7776000000000001,2012;2014;2016;2025,47,533,47,,m2_20260926T165115Z_1ffdde7
twi,cell_gate,FLAT,development,S2_min5clusters,4,0.6009144266072894,0.12370083561568306,0.2072431593416516,0.9945856938729273,-0.44524048524484483,1.6470693384594237,0.04385543483332092,0.0038359102695877433,0.8775504292132656,12.288402428878292,0.006457769277941157,0.7558673702816026,0.22079382893132488,0.9848080542533053,0.20941689242589986,False,0.6458654847471157,0.5516261445676068,0.7299927306397964,0.3904929774014343,0.8384945696554034,0.525789172005381,2016,2.70317587129138,0.3098183371708356,2016,3.8186683324988073,0.6377098828647609,0.6136231403170134,0.6265618850396435,2012;2014;2016;2025,473,473,43,,m2_20260926T165115Z_1ffdde7
twi,cluster_gate,FLAT,development,S2_min5clusters,4,0.6364235359070156,0.16612196482540936,0.10774930272192151,1.1650977690921098,-0.7474576150712346,2.020304686885266,0.07585218333063778,0.008548359390094913,1.3091030164394533,15.805090587301676,0.0012432369250334945,0.8101877377146893,0.2874613967994885,0.9840718757230911,0.2754127508497705,False,0.6539445491649761,0.5269112942367528,0.7622577716804738,0.32137552594666147,0.882912510722825,0.5910989072088888,2025,2.2158932475415933,0.3348734859280616,2025,3.670115406318799,0.63595,0.6437674418604652,0.6251,2012;2014;2016;2025,43,473,43,,m2_20260926T165115Z_1ffdde7
twi,cell_gate,URBAN,development,S2_min5clusters,3,0.6953632677689588,0.1544443084355957,0.030843042484275163,1.3598834930536425,-1.2670377355506326,2.65776427108855,0.0,0.0,1.3785457074059646,0.47326675005227575,0.7892806049601241,0.0,0.0,0.9358965276711153,0.0,False,0.6671589484661906,0.507710149412989,0.7957407616320233,0.2197647646060453,0.9344879275969864,0.6531999993349001,2016,2.021187675105931,0.6531999993349001,2016,2.021187675105931,0.6557613583574401,0.6707269495781604,0.6671542343995805,2012;2014;2016,298,298,26,,m2_20260926T165115Z_1ffdde7
twi,cluster_gate,URBAN,development,S2_min5clusters,3,0.2616429127203735,0.27341901275592195,-0.9147841488792972,1.438069974320044,-5.196938828143279,5.720224653584025,0.11517364817090626,0.0,10.278686915654381,4.560259603511019,0.10227093090757508,0.5614284769094797,0.0,0.9914904217205623,0.3393724328387712,False,0.5650401131665121,0.28602185086751997,0.808155597965496,0.0055030265727170555,0.9967317423461901,0.48865243493874544,2016,2.4587868350975888,0.4112067214504746,2016,2.796740573267194,0.5372666666666667,0.5238230769230768,0.5445,2012;2014;2016,26,298,26,,m2_20260926T165115Z_1ffdde7
twi,cell_gate,AGRI,development,S2_min5clusters,3,0.5361934016050338,0.19923341786339274,-0.32103880762220816,1.3934256108322758,-3.3524119967034025,4.42479879991347,0.05793691599502122,0.0,7.1643887952596845,4.806248641257936,0.09043496362195798,0.5838750449089247,0.0,0.9942066769535406,0.24070088490701735,False,0.6309264624680486,0.42042260335585235,0.8011385593236378,0.03381626897057006,0.9881651211007277,0.6016569225219008,2025,2.048389385825183,0.4719487823135084,2025,2.489141553675256,0.5917671055108866,0.5816545665390498,0.6057162575947536,2012;2014;2025,127,127,30,,m2_20260926T165115Z_1ffdde7
twi,cluster_gate,AGRI,development,S2_min5clusters,3,0.6953003080639579,0.18917987747997014,-0.11867500818890431,1.5092756243168202,-3.0326216017703786,4.423222217898294,0.05029090593539303,0.0,3.9193587627358633,3.4082791029123083,0.18192885926923238,0.41319359723473387,0.0,0.9841798241395338,0.22425633978862902,False,0.6671449676200646,0.4703660196079718,0.8189538295981666,0.04597370629737342,0.9881466690689934,0.8072747052987714,2025,1.4817382807766641,0.5682840173484119,2025,2.332358156272008,0.6333666666666667,0.6429333333333332,0.6214,2012;2014;2025,30,127,30,,m2_20260926T165115Z_1ffdde7
twi,cell_gate,ALL,holdout,S2_min5clusters,1,2.0974518247892693,0.13275101571935277,,,,,,,,,,,,,,False,0.8906552628546006,,,,,1.0,2024-09-20,1.0,1.0,2024-09-20,1.0,0.8906552628546007,0.8906552628546006,0.8906552628546007,2024-09-20,1254,1254,52,k=1: 통합 불가,m2_20260926T165115Z_1ffdde7
twi,cluster_gate,ALL,holdout,S2_min5clusters,1,1.5320085568162443,0.12389417298117407,,,,,,,,,,,,,,False,0.8223,,,,,1.0,2024-09-20,1.0,1.0,2024-09-20,1.0,0.8223,0.8223,0.8223,2024-09-20,52,1254,52,k=1: 통합 불가,m2_20260926T165115Z_1ffdde7
twi,cell_gate,FLAT,holdout,S2_min5clusters,1,0.7987407705456566,0.10529177446254959,,,,,,,,,,,,,,False,0.6897050553203504,,,,,1.0,2024-09-20,1.0,1.0,2024-09-20,1.0,0.6897050553203503,0.6897050553203503,0.6897050553203503,2024-09-20,1216,1216,47,k=1: 통합 불가,m2_20260926T165115Z_1ffdde7
twi,cluster_gate,FLAT,holdout,S2_min5clusters,1,0.36851458045972707,0.12116794049237775,,,,,,,,,,,,,,False,0.5911,,,,,1.0,2024-09-20,1.0,1.0,2024-09-20,1.0,0.5911,0.5911,0.5911,2024-09-20,47,1216,47,k=1: 통합 불가,m2_20260926T165115Z_1ffdde7
twi,cell_gate,URBAN,holdout,S2_min5clusters,1,0.22045596557105684,0.27240484535520476,,,,,,,,,,,,,,False,0.5548918554397156,,,,,1.0,2024-09-20,1.0,1.0,2024-09-20,1.0,0.5548918554397156,0.5548918554397156,0.5548918554397156,2024-09-20,21,21,11,k=1: 통합 불가,m2_20260926T165115Z_1ffdde7
twi,cluster_gate,URBAN,holdout,S2_min5clusters,1,0.08244667056018085,0.32406321827289725,,,,,,,,,,,,,,False,0.5206,,,,,1.0,2024-09-20,1.0,1.0,2024-09-20,1.0,0.5206,0.5206,0.5206,2024-09-20,11,21,11,k=1: 통합 불가,m2_20260926T165115Z_1ffdde7
twi,cell_gate,AGRI,holdout,S2_min5clusters,1,0.7757039757893278,0.07785148146671776,,,,,,,,,,,,,,False,0.6847534846278112,,,,,1.0,2024-09-20,1.0,1.0,2024-09-20,1.0,0.6847534846278112,0.6847534846278112,0.6847534846278112,2024-09-20,1112,1112,47,k=1: 통합 불가,m2_20260926T165115Z_1ffdde7
twi,cluster_gate,AGRI,holdout,S2_min5clusters,1,0.3511647531615699,0.1200701718942953,,,,,,,,,,,,,,False,0.5869,,,,,1.0,2024-09-20,1.0,1.0,2024-09-20,1.0,0.5869,0.5869,0.5869,2024-09-20,47,1112,47,k=1: 통합 불가,m2_20260926T165115Z_1ffdde7
twi,cell_gate,UNIVERSE,holdout,S2_min5clusters,1,0.8265761269633527,0.13835327464994507,,,,,,,,,,,,,,False,0.6956304835411307,,,,,1.0,2024-09-20,1.0,1.0,2024-09-20,1.0,0.6956304835411307,0.6956304835411307,0.6956304835411307,2024-09-20,96,96,61,k=1: 통합 불가,m2_20260926T165115Z_1ffdde7
twi,cluster_gate,UNIVERSE,holdout,S2_min5clusters,1,0.843491232265641,0.13613447011693097,,,,,,,,,,,,,,False,0.6992,,,,,1.0,2024-09-20,1.0,1.0,2024-09-20,1.0,0.6992,0.6992,0.6992,2024-09-20,61,96,61,k=1: 통합 불가,m2_20260926T165115Z_1ffdde7
twi,cell_gate,UNIVERSE,combined,S2_min5clusters,5,0.7885920778863773,0.11573454236505952,0.4672614742346011,1.1099226815381535,0.4445685092234646,1.13261564654929,0.0,0.0,1.1092473916715095,4.584920032160375,0.33259657648781954,0.1275747511532422,0.0,0.9329097219406302,0.0,False,0.6875289424865227,0.6147353795997457,0.7521146966072793,0.6093470750233106,0.7563212843205263,0.61048547831607,2024-09-20,2.4152087026663898,0.61048547831607,2024-09-20,2.4152087026663898,0.6594104703511827,0.7024191710200749,0.6956304835411307,2006;2012;2014;2016;2024-09-20,390,390,101,,m2_20260926T165115Z_1ffdde7
twi,cluster_gate,UNIVERSE,combined,S2_min5clusters,5,0.5294019040547401,0.18389828730905075,0.018818404401268585,1.0399854037082115,-0.6412042855158339,1.7000080936253141,0.10148193889415857,0.0,1.356777383396091,10.65056143841506,0.03078504363849336,0.6244329443917793,0.0,0.9582936848325114,0.31856229986324275,False,0.6293436047839632,0.5047044622676157,0.7388471897100831,0.3449743597655458,0.8455357919874887,0.5269589039233041,2024-09-20,2.9546260343192734,0.28178737418396,2024-09-20,4.737694460302845,0.61204,0.6496217821782179,0.5972,2006;2012;2014;2016;2024-09-20,101,390,101,,m2_20260926T165115Z_1ffdde7
twi,cell_gate,ALL,combined,S2_min5clusters,5,1.8005507770944753,0.19240831027052704,1.2663396658444923,2.3347618883444583,0.3987250774477509,3.2023764767411995,0.15700769369105802,0.04098939507438971,1.3736938672507437,37.29450535450897,1.5664007778554782e-07,0.8927455945057495,0.6507088444658518,0.9842354552218877,0.3962419635665284,False,0.8582159676073254,0.7801155152137561,0.9117153754776566,0.5983813077657983,0.9609236103505799,0.48871849046503235,2025,3.1612609907066305,0.2247746495927886,2025,4.962846633032029,0.8493674174632057,0.8702070069400634,0.8332331047532665,2012;2014;2016;2024-09-20;2025,1787,1787,99,,m2_20260926T165115Z_1ffdde7
twi,cluster_gate,ALL,combined,S2_min5clusters,5,1.4982055957518852,0.27327408207021586,0.7394751082106142,2.256936083293156,-0.5457730701300445,3.542184261633815,0.33782753952861094,0.10229335478097057,2.8919370592625486,87.774946798799,3.908747700285536e-18,0.9544289100035691,0.8236560539356711,0.9924838284452308,0.5812293347110166,False,0.8173066946411203,0.6768810661943149,0.9052471504820347,0.36684564390770796,0.9718644998460394,0.6474098143717932,2025,2.153234641185013,0.21813112593614498,2025,4.980725498622634,0.8003,0.8071050505050505,0.8223,2012;2014;2016;2024-09-20;2025,99,1787,99,,m2_20260926T165115Z_1ffdde7
twi,cell_gate,FLAT,combined,S2_min5clusters,5,0.6468581654366852,0.1023439274347734,0.3627058690636904,0.93101046180968,-0.026076612223921547,1.319792943097292,0.03468186808618138,0.003697133945228555,0.4608364450318878,14.72265716586676,0.005312401707290113,0.7283099134255695,0.2282347385394416,0.9735882504333675,0.18623068513588564,False,0.6563021085859495,0.5896952904811962,0.7172802413140402,0.493481216331982,0.7891472555867203,0.4184707951770513,2016,3.623278304258341,0.2501942958635517,2016,4.765191515208077,0.6481089173558787,0.6683985154763135,0.6302861646693956,2012;2014;2016;2024-09-20;2025,1689,1689,90,,m2_20260926T165115Z_1ffdde7
twi,cluster_gate,FLAT,combined,S2_min5clusters,5,0.5752466579248167,0.14273978199757817,0.17893748888064065,0.9715558269689927,-0.3932975777520542,1.5437908936016875,0.07224790853131302,0.0131528368887538,0.638869345700214,25.65150842569194,3.719928145300989e-05,0.8440637511985963,0.41951926164070247,0.972302244316246,0.2687897106128005,False,0.6399729305548852,0.544615392073259,0.7254294984671663,0.40292372867008125,0.8240151340087846,0.46765107195510874,2025,3.0666602690025857,0.25854678826687,2025,4.641226802857699,0.62698,0.6162633333333334,0.6176,2012;2014;2016;2024-09-20;2025,90,1689,90,,m2_20260926T165115Z_1ffdde7
twi,cell_gate,URBAN,combined,S2_min5clusters,4,0.576282666755598,0.14080838898815143,0.12816752946730442,1.0243978040438917,-0.10557014132032516,1.2581354748315212,0.0052865804484005805,0.0,0.9130628712078224,2.7733159463606443,0.4279114457547569,0.0,0.0,0.9172606191698707,0.072708874619269,False,0.640211600209514,0.5319980918582504,0.7358283526985415,0.47363194956930454,0.7787049731776405,0.49430529509647464,2016,2.9196848003287754,0.4742871428597897,2016,3.0297900905702964,0.6305439826280089,0.6631014418135606,0.6366673051632322,2012;2014;2016;2024-09-20,319,319,37,,m2_20260926T165115Z_1ffdde7
twi,cluster_gate,URBAN,combined,S2_min5clusters,4,0.24116013625157046,0.196312274424601,-0.38359313617284235,0.8659134086759832,-1.1179969291948018,1.6003172016979428,0.061425153444510563,0.0,2.3306434779985477,5.093647370082458,0.16506686213599003,0.4110310781188932,0.0,0.962884884236884,0.2478409841904897,False,0.5599995267726513,0.40526056945491246,0.703894652452504,0.24638302161791065,0.8320627137771143,0.3911739883359873,2016,3.328665857247521,0.3336250482901847,2016,3.66765636135313,0.5331,0.5228648648648647,0.53255,2012;2014;2016;2024-09-20,37,319,37,,m2_20260926T165115Z_1ffdde7
twi,cell_gate,AGRI,combined,S2_min5clusters,4,0.6639564265839094,0.12391130017905484,0.2696153671461759,1.058297486021643,-0.09130921018712723,1.4192220633549462,0.019652599598392082,0.0,2.1045452072982127,6.235299523636566,0.10070701150392664,0.5188683416686399,0.0,0.9896860877139122,0.140187729842494,False,0.6601485839901472,0.5669984757249059,0.7423650582620481,0.4771885442171469,0.8052164315158384,0.6380342729197314,2024-09-20,2.122917856697117,0.4340099753967638,2024-09-20,3.0378362108867427,0.6150137002901177,0.6741856374952263,0.6452348711112823,2012;2014;2024-09-20;2025,1239,1239,77,,m2_20260926T165115Z_1ffdde7
twi,cluster_gate,AGRI,combined,S2_min5clusters,4,0.5651238468566513,0.16940212649600142,0.02601067528224832,1.1042370184310544,-0.7814526335503926,1.9117003272636952,0.06924954071014455,0.004115533309196663,1.0323350505167388,12.014785913963369,0.007332681455914,0.7503076607870762,0.12028380759305721,0.9716691705262073,0.263153074673553,False,0.637637268666791,0.5065023022274815,0.7510531531285151,0.314006894749844,0.8712100502888571,0.47198534185158425,2025,2.480155323463744,0.3502377827701221,2025,3.417172634006398,0.62175,0.6087311688311688,0.60415,2012;2014;2024-09-20;2025,77,1239,77,,m2_20260926T165115Z_1ffdde7
impervious,cell_gate,UNIVERSE,development,S2_min5clusters,4,0.40064035258276837,0.42058872690478283,-0.937860687399336,1.7391413925648729,-3.461307864099873,4.26258856926541,0.628743789151295,0.16719027236931264,8.668092265213508,85.86315524835784,1.6938255152606273e-18,0.9650606829981667,0.8064484240918642,0.9953921133270023,0.7929336599938831,False,0.5988415019742478,0.28133267623970376,0.8505779735289987,0.030433418114958966,0.9861098605054314,0.6536072788593693,2016,2.0342455115837055,0.276766648560779,2016,3.9545810999782023,0.5942549916926473,0.6961807798495405,0.6260561391139939,2006;2012;2014;2016,294,294,40,,m2_20260926T165115Z_1ffdde7
impervious,cluster_gate,UNIVERSE,development,S2_min5clusters,4,-0.00010542151156398958,0.3767818578088447,-1.199193452793253,1.1989826097701253,-3.4966093329074344,3.4963984898843066,0.5184177647201026,0.1411173254132584,7.249013138218927,59.10278542926679,9.139182673638586e-13,0.9492409709929771,0.7695520043272864,0.9942042183851632,0.7200123365054953,False,0.49997364462213345,0.23161872783878829,0.7683437459903202,0.029408859604920796,0.9705851214991651,0.4851132370063745,2016,2.9853081239666635,0.26400809257723157,2016,3.9931158227942407,0.493,0.4771025,0.44815000000000005,2006;2012;2014;2016,40,294,40,,m2_20260926T165115Z_1ffdde7
impervious,cell_gate,ALL,development,S2_min5clusters,4,1.0504554599385292,0.6813482289831201,-1.117898694000399,3.2188096138774576,-5.3917484268391505,7.492659346716209,1.7775618842600784,0.5373253439992085,24.269089801091916,322.70194653816225,1.2129506175550384e-69,0.9907034958041531,0.9413013673058903,0.9986212550403635,1.333252370806097,False,0.7408623504000785,0.24640126222884273,0.9615360128323183,0.004533359092453832,0.9994431509448313,0.5038028725706541,2016,2.428348657241625,0.2592622127201621,2016,3.9926932904691754,0.6908530013556176,0.7809053453572556,0.7078112746578722,2012;2014;2016;2025,533,533,47,,m2_20260926T165115Z_1ffdde7
impervious,cluster_gate,ALL,development,S2_min5clusters,4,1.186505711292174,0.6051875815712606,-0.7394712716828669,3.112482694267215,-4.557299915693478,6.930311338277826,1.4158266893710572,0.4295699080084934,19.687511300619292,176.87706249841605,4.167202131158994e-38,0.9830390670354622,0.917155005755668,0.9980329678908029,1.189885158059826,False,0.766115531067925,0.32311977290508703,0.9574047174029424,0.01038144065568504,0.9990232585299612,0.5612423833465247,2016,2.5770108467388773,0.25613292261785525,2016,3.998630667869569,0.72295,0.6870702127659574,0.7597499999999999,2012;2014;2016;2025,47,533,47,,m2_20260926T165115Z_1ffdde7
impervious,cell_gate,FLAT,development,S2_min5clusters,4,0.25574352715240684,0.6125246851962481,-1.6935833941454592,2.205070448450273,-5.5099160165704495,6.021403070875263,1.4204788410373934,0.42187367303029066,19.392617017161314,258.5506909046303,9.253666111138247e-56,0.9883968594726882,0.9250498577656221,0.9982405030787843,1.191838429082312,False,0.5635896701280324,0.15530517000615354,0.9007039156567094,0.004030139456930929,0.9975796095170478,0.472873598359669,2016,2.3845781362842673,0.26155074361639946,2016,3.9911048488821392,0.5496298872085315,0.6494376035259325,0.5505866745760692,2012;2014;2016;2025,473,473,43,,m2_20260926T165115Z_1ffdde7
impervious,cluster_gate,FLAT,development,S2_min5clusters,4,0.2820317335090758,0.5463248226706677,-1.4566176798839674,2.020681146902119,-4.8815022726229795,5.445565739641131,1.1417248306086625,0.33960496689527864,15.91631317318448,124.38129231163767,8.784430608487067e-27,0.9758806172194812,0.8866351252256772,0.9972792919666797,1.0685152458475558,False,0.5700442599337218,0.18898518743570236,0.8829514228002008,0.007528501534561934,0.995703144715148,0.40156729491902965,2016,3.2271903992489603,0.2558468104200229,2016,3.9979944569594665,0.5554250000000001,0.49976046511627914,0.55335,2012;2014;2016;2025,43,473,43,,m2_20260926T165115Z_1ffdde7
impervious,cell_gate,URBAN,development,S2_min5clusters,3,0.2801092876783783,0.10409289101003459,-0.16776627397346028,0.7279848493302168,-1.0425162970754394,1.6027348724321961,0.0,0.0,0.3119546512903489,0.4515042782565418,0.7979158492756823,0.0,0.0,0.8660134116802831,0.0,False,0.5695730170659253,0.4581565276996363,0.6743629059608528,0.2606647645849506,0.8324002742714698,0.6988595119451178,2016,1.814873925546203,0.6988595119451178,2016,1.814873925546203,0.5668288156823184,0.5761982427599025,0.5790095700052439,2012;2014;2016,298,298,26,,m2_20260926T165115Z_1ffdde7
impervious,cluster_gate,URBAN,development,S2_min5clusters,3,-0.2202740336802359,0.31391571163460924,-1.5709443272561323,1.1303962598956603,-7.219596869070318,6.779048801709846,0.2089063298524653,0.0,12.231942001551724,7.294477804433748,0.026062991991831416,0.7258199896386888,0.0,0.9942139873186356,0.457062719823511,False,0.44515307979976143,0.17208181208463336,0.7559120200410107,0.0007315619158993937,0.9988639358743553,0.5327010606934717,2016,2.497055679497649,0.37972854355727886,2016,2.9593324326397346,0.4362333333333333,0.41194230769230766,0.4671,2012;2014;2016,26,298,26,,m2_20260926T165115Z_1ffdde7
impervious,cell_gate,AGRI,development,S2_min5clusters,3,-0.05606764515146863,0.11124091039192982,-0.5346986519091208,0.4225633616061835,-2.2059131170663275,2.09377782676339,0.01655867254645931,0.0,2.660630352605857,3.650260611117364,0.16119663794323036,0.45209391518273284,0.0,0.9923438408380205,0.12868050569709194,False,0.48598675949933384,0.3694216704129913,0.6040964767796595,0.09922074456322602,0.8902969439440974,0.7986378267451376,2025,1.4951365606236535,0.5798221770919721,2025,2.196140388086563,0.5179822593465792,0.5244204379107613,0.5092515852541228,2012;2014;2025,127,127,30,,m2_20260926T165115Z_1ffdde7
impervious,cluster_gate,AGRI,development,S2_min5clusters,3,0.26190986252202686,0.3008403643724458,-1.0325017524639,1.5563214775079537,-6.601319778402161,7.125139503446215,0.2012548150704905,0.014665348468899154,10.702432234364528,10.196559090404463,0.006107244770649225,0.8038554004083482,0.2181938145177093,0.9951141573922301,0.44861432775881166,False,0.5651057202220292,0.2625993748234325,0.8258248751134774,0.0013567306187036567,0.9991960261391283,0.9327420562972365,2025,1.145577953658164,0.4418444370743464,2025,2.789205392006517,0.5897,0.5732133333333334,0.6084,2012;2014;2025,30,127,30,,m2_20260926T165115Z_1ffdde7
impervious,cell_gate,ALL,holdout,S2_min5clusters,1,-0.31155225119679986,0.053123223031732496,,,,,,,,,,,,,,False,0.4227358972476003,,,,,1.0,2024-09-20,1.0,1.0,2024-09-20,1.0,0.4227358972476003,0.42273589724760036,0.4227358972476003,2024-09-20,1254,1254,52,k=1: 통합 불가,m2_20260926T165115Z_1ffdde7
impervious,cluster_gate,ALL,holdout,S2_min5clusters,1,-0.1293801754468712,0.0935900638352581,,,,,,,,,,,,,,False,0.46769999999999995,,,,,1.0,2024-09-20,1.0,1.0,2024-09-20,1.0,0.4677,0.4677,0.4677,2024-09-20,52,1254,52,k=1: 통합 불가,m2_20260926T165115Z_1ffdde7
impervious,cell_gate,FLAT,holdout,S2_min5clusters,1,-1.0798750862656374,0.056094779052805924,,,,,,,,,,,,,,False,0.2535296561547298,,,,,1.0,2024-09-20,1.0,1.0,2024-09-20,1.0,0.2535296561547298,0.2535296561547298,0.2535296561547298,2024-09-20,1216,1216,47,k=1: 통합 불가,m2_20260926T165115Z_1ffdde7
impervious,cluster_gate,FLAT,holdout,S2_min5clusters,1,-0.7996518334456597,0.12121925547335295,,,,,,,,,,,,,,False,0.31010000000000004,,,,,1.0,2024-09-20,1.0,1.0,2024-09-20,1.0,0.3101,0.3101,0.3101,2024-09-20,47,1216,47,k=1: 통합 불가,m2_20260926T165115Z_1ffdde7
impervious,cell_gate,URBAN,holdout,S2_min5clusters,1,-0.7078359930330512,0.5109453627811977,,,,,,,,,,,,,,False,0.330077182826821,,,,,1.0,2024-09-20,1.0,1.0,2024-09-20,1.0,0.330077182826821,0.330077182826821,0.330077182826821,2024-09-20,21,21,11,k=1: 통합 불가,m2_20260926T165115Z_1ffdde7
impervious,cluster_gate,URBAN,holdout,S2_min5clusters,1,-1.1439274848801522,0.5299547814339304,,,,,,,,,,,,,,False,0.24160000000000004,,,,,1.0,2024-09-20,1.0,1.0,2024-09-20,1.0,0.2416,0.2416,0.2416,2024-09-20,11,21,11,k=1: 통합 불가,m2_20260926T165115Z_1ffdde7
impervious,cell_gate,AGRI,holdout,S2_min5clusters,1,-0.11905230305419312,0.03479158941605027,,,,,,,,,,,,,,False,0.470272028273744,,,,,1.0,2024-09-20,1.0,1.0,2024-09-20,1.0,0.470272028273744,0.4702720282737439,0.470272028273744,2024-09-20,1112,1112,47,k=1: 통합 불가,m2_20260926T165115Z_1ffdde7
impervious,cluster_gate,AGRI,holdout,S2_min5clusters,1,-0.05961765180092493,0.06676167170897089,,,,,,,,,,,,,,False,0.4850999999999999,,,,,1.0,2024-09-20,1.0,1.0,2024-09-20,1.0,0.4851,0.4851,0.4851,2024-09-20,47,1112,47,k=1: 통합 불가,m2_20260926T165115Z_1ffdde7
impervious,cell_gate,UNIVERSE,holdout,S2_min5clusters,1,-1.0362503755248609,0.17916494417698156,,,,,,,,,,,,,,False,0.26187413417771616,,,,,1.0,2024-09-20,1.0,1.0,2024-09-20,1.0,0.2618741341777162,0.2618741341777162,0.2618741341777162,2024-09-20,96,96,61,k=1: 통합 불가,m2_20260926T165115Z_1ffdde7
impervious,cluster_gate,UNIVERSE,holdout,S2_min5clusters,1,-1.317707251456319,0.11418995823379986,,,,,,,,,,,,,,False,0.21120000000000003,,,,,1.0,2024-09-20,1.0,1.0,2024-09-20,1.0,0.2112,0.2112,0.2112,2024-09-20,61,96,61,k=1: 통합 불가,m2_20260926T165115Z_1ffdde7
impervious,cell_gate,UNIVERSE,combined,S2_min5clusters,5,0.10360148330382163,0.43352909553345076,-1.1000682519508542,1.3072712185584976,-3.1681843922587114,3.3753873588663548,0.8689858123706363,0.276974393232474,7.316119619293417,161.8863628350656,5.758850229301319e-34,0.975291309719057,0.8867747273613416,0.995189450880668,0.9321940851403404,False,0.5258772293636257,0.2497271062635078,0.7870561737542169,0.04038071174137928,0.9669264114825836,0.5393476396473781,2016,2.737518225764153,0.21372479858308918,2016,4.971747893237017,0.527778820189661,0.5892745286072453,0.5483516138156448,2006;2012;2014;2016;2024-09-20,390,390,101,,m2_20260926T165115Z_1ffdde7
impervious,cluster_gate,UNIVERSE,combined,S2_min5clusters,5,-0.27708530916062685,0.394795971357965,-1.3732146513892571,0.8190440330680033,-3.2846056631173526,2.7304350447960988,0.7372256351377365,0.24464369114861403,6.027718641884628,171.4972101965437,4.990183031013901e-36,0.9766760054264684,0.8887128853071644,0.9949433510072947,0.858618445607673,False,0.43116849572349164,0.20210096761838126,0.6940333771906005,0.03610309795858096,0.9387988377033254,0.418069279927368,2024-09-20,3.4695889942373026,0.20774508047474666,2024-09-20,4.994620711511979,0.43664,0.31650792079207923,0.4232,2006;2012;2014;2016;2024-09-20,101,390,101,,m2_20260926T165115Z_1ffdde7
impervious,cell_gate,ALL,combined,S2_min5clusters,5,0.7682595760955371,0.5934804862470907,-0.8795064149756042,2.4160255671666784,-3.7882130591130325,5.324732211304107,1.6976935976705252,0.5809698982857401,13.874206154607318,598.5238823497448,3.233631985769838e-128,0.9933168915761617,0.9720963509509184,0.9987994632026188,1.3029557159284137,False,0.6831442848999887,0.2932800722907865,0.9180411984465674,0.022134967497826587,0.995153943743319,0.6995128163515836,2024-09-20,1.8993320751767966,0.20712486973136232,2024-09-20,4.990603762198036,0.637229580534014,0.5295653968796351,0.6077199292709204,2012;2014;2016;2024-09-20;2025,1787,1787,99,,m2_20260926T165115Z_1ffdde7
impervious,cluster_gate,ALL,combined,S2_min5clusters,5,0.9173846136501742,0.5382056661809094,-0.5769138738075292,2.4116831011078776,-3.2284537768902313,5.06322300419058,1.4074156473233448,0.48513177228635185,11.592634926517487,375.19182823535834,6.363000402671091e-80,0.9893387869911421,0.9511557329559752,0.9978555929713953,1.186345500823156,False,0.7145089031260516,0.35964301998308634,0.917713870848536,0.038108885889060064,0.9937146152718849,0.474690378860127,2024-09-20,3.0083108189054877,0.20454067525689376,2024-09-20,4.997986529774575,0.6718999999999999,0.5718454545454545,0.7241,2012;2014;2016;2024-09-20;2025,99,1787,99,,m2_20260926T165115Z_1ffdde7
impervious,cell_gate,FLAT,combined,S2_min5clusters,5,-0.02286377095983999,0.544229207260729,-1.5338862895645664,1.4881587476448863,-4.1880271615146185,4.142299619594938,1.4167536401965934,0.4795589284621636,11.57767118055432,462.8308694536064,7.308338210015509e-99,0.9913575341145197,0.9654617231327578,0.9985204034160239,1.1902746070535966,False,0.4942843062487431,0.1774257866348114,0.8158017498291897,0.014949321711998493,0.9843621501427157,0.6776760286502103,2024-09-20,1.988809349108616,0.20859593976749852,2024-09-20,4.988947968461527,0.4904098409977711,0.3644026337193117,0.4322783029933809,2012;2014;2016;2024-09-20;2025,1689,1689,90,,m2_20260926T165115Z_1ffdde7
impervious,cluster_gate,FLAT,combined,S2_min5clusters,5,0.05999134568888916,0.47547673004514,-1.2601436940803925,1.380126385458171,-3.5853046569602003,3.7052873483379787,1.0859508624308887,0.3667976340680787,8.996694451942405,182.62442907813863,2.0364242732442336e-38,0.9780971252302257,0.9180445226353112,0.9963735642169753,1.042089661416372,False,0.5149933399874042,0.22094915707623844,0.7990112975408216,0.02698010840081146,0.9759971559810463,0.4046881118076087,2024-09-20,3.6551285347016647,0.2054051278197032,2024-09-20,4.996911906479783,0.50636,0.40071555555555555,0.5013,2012;2014;2016;2024-09-20;2025,90,1689,90,,m2_20260926T165115Z_1ffdde7
impervious,cell_gate,URBAN,combined,S2_min5clusters,4,0.24073932202715065,0.11838161400910382,-0.13600380808964385,0.6174824521439451,-0.19812151760000696,0.6796001616543083,0.0,0.0,3.1896077298091217,4.04118469543807,0.25705113132841706,0.2576434322869285,0.0,0.9804389975561364,0.0,False,0.5598958355073226,0.4660513609518318,0.649645755300976,0.4506310016059435,0.6636494517866971,0.6710097154862493,2016,1.9625149859940332,0.6710097154862493,2016,1.9625149859940332,0.507640907468444,0.559995915930452,0.5590814361493714,2012;2014;2016;2024-09-20,319,319,37,,m2_20260926T165115Z_1ffdde7
impervious,cluster_gate,URBAN,combined,S2_min5clusters,4,-0.38618438212286393,0.30775461829452655,-1.3655969300482778,0.5932281658025498,-2.9642184459430747,2.1918496816973465,0.26506261204505926,0.015675185639981187,5.388270529710574,11.007328001252358,0.011686316225450978,0.7274542922988508,0.14604006986704504,0.983273574929383,0.5148423176517828,False,0.4046361694854348,0.20333216016533112,0.6441054935486821,0.04906879412737126,0.8995152182991729,0.49508471963963924,2016,2.849840366401871,0.3078973251499902,2016,3.8416979108891125,0.387575,0.3613,0.37925,2012;2014;2016;2024-09-20,37,319,37,,m2_20260926T165115Z_1ffdde7
impervious,cell_gate,AGRI,combined,S2_min5clusters,4,-0.11925316865222134,0.03295592065797371,-0.2241336165874128,-0.014372720717029885,-0.24779985458259202,0.009293517278149324,0.0,0.0,0.689489578442519,3.650387540118155,0.30177472880654826,0.1781694499475262,0.0,0.9906193185261971,0.0,False,0.47022198968863677,0.4441999973486043,0.4964068816745946,0.43836510376000565,0.5023233625972631,0.737395765967157,2024-09-20,1.6952714025072775,0.737395765967157,2024-09-20,1.6952714025072775,0.5060547015783703,0.47582234951983043,0.48976180676393344,2012;2014;2024-09-20;2025,1239,1239,77,,m2_20260926T165115Z_1ffdde7
impervious,cluster_gate,AGRI,combined,S2_min5clusters,4,0.10926817553316366,0.20259590033132485,-0.5354823989418874,0.7540187500082148,-1.4481928601032243,1.6667292111695517,0.09682775105184899,0.00359585865192978,3.084377889883401,10.75659420082717,0.013117575813220053,0.7211013129258605,0.2501397310094025,0.9965172882351604,0.3111715781556037,False,0.527289896896796,0.3692391157825095,0.680053733415933,0.19027984241766896,0.8411392527446975,0.5332719124607328,2025,2.1333289216052647,0.3406081827256773,2025,3.484514979161407,0.56355,0.5194298701298701,0.5467500000000001,2012;2014;2024-09-20;2025,77,1239,77,,m2_20260926T165115Z_1ffdde7
hand_neg,cell_gate,UNIVERSE,development,S2_min5clusters,4,1.3046980087155815,0.07128838082362064,1.077826564553792,1.531569452877371,0.9979688623654109,1.6114271550657522,0.0,0.0,0.17668794207810878,1.1452867794489374,0.766154429406297,0.0,0.0,0.8457529807951266,0.0,False,0.786624588438212,0.7460824605505432,0.8222358278616649,0.7306590453646798,0.8336094338641455,0.702321679396933,2012,1.8979940034019818,0.702321679396933,2012,1.8979940034019818,0.8000362190937341,0.7942930196553306,0.7966899646252914,2006;2012;2014;2016,294,294,40,,m2_20260926T165115Z_1ffdde7
hand_neg,cluster_gate,UNIVERSE,development,S2_min5clusters,4,1.2554123065016518,0.10037138907825595,0.9359857501733626,1.574838862829941,0.8458639037641451,1.6649607092391585,0.0,0.0,1.0225978124772577,3.3358248636778063,0.3426875344962952,0.1006722107429685,0.0,0.9616934882720045,0.0,False,0.7782353510422048,0.7182880849523136,0.8284723326897139,0.699698782774285,0.8409027958305357,0.46909458219261974,2016,3.005672293868838,0.46909458219261974,2016,3.005672293868838,0.787175,0.77419,0.77165,2006;2012;2014;2016,40,294,40,,m2_20260926T165115Z_1ffdde7
hand_neg,cell_gate,ALL,development,S2_min5clusters,4,1.9678950959273331,0.12982049614961905,1.5547483376058802,2.381041854248786,0.9357748880162062,3.00001530383846,0.042922339663665626,0.001612195342882087,1.0740501228164734,10.150280688986292,0.017330954058003945,0.7044416709327859,0.10623683617925876,0.9875293115072038,0.2071770732095268,False,0.8773848459905487,0.8255984815836659,0.9153701791677921,0.7182454149651449,0.9525748181939474,0.4857143417901041,2012,2.977423732948976,0.2977352013831155,2012,3.908799009743779,0.878596337905702,0.8667228903378219,0.8695240033921425,2012;2014;2016;2025,533,533,47,,m2_20260926T165115Z_1ffdde7
hand_neg,cluster_gate,ALL,development,S2_min5clusters,4,1.8133440166189267,0.148912326419789,1.3394385335930679,2.2872494996447856,0.6589859279819583,2.967702105255895,0.05214453810459746,0.0,1.3729307420802384,8.181855803764943,0.0423990708763869,0.6333350193461578,0.0,0.9829727505955199,0.22835178585813043,False,0.8597655434449931,0.7923975933318704,0.907815528382655,0.6590325544630522,0.9510935019520081,0.4581827370224541,2016,2.9728163308810265,0.31174051519114643,2016,3.8397347406607585,0.861475,0.8636085106382979,0.8532500000000001,2012;2014;2016;2025,47,533,47,,m2_20260926T165115Z_1ffdde7
hand_neg,cell_gate,FLAT,development,S2_min5clusters,4,0.7601668612281431,0.14401821288107003,0.30183663175121933,1.218497090705067,-0.33573650888344186,1.8560702313397281,0.04781150109036868,0.0001093581850294676,1.416834959307997,9.392468252803104,0.02450326727497197,0.6805951407815858,0.006362824041353475,0.9880901438672643,0.21865841189025562,False,0.6813899600713105,0.5748914352048786,0.7717989571688177,0.4168455003370491,0.8648382436285114,0.46263320592476154,2012,2.990905141288339,0.30467905901660725,2012,3.8392301349599736,0.690111169043352,0.6619162036603806,0.6723914769706347,2012;2014;2016;2025,473,473,43,,m2_20260926T165115Z_1ffdde7
hand_neg,cluster_gate,FLAT,development,S2_min5clusters,4,0.6123825194752092,0.08343533556135088,0.3468540440878817,0.8779109948625367,0.31053287512371314,0.9142321638267052,0.0,0.0,1.0110124774477245,4.243386028841407,0.23635385931904995,0.2930174206141916,0.0,0.9750213302546858,0.0,False,0.6484840952298834,0.5858544854939425,0.7063891409486629,0.5770153245733315,0.7138654131021064,0.5852383231302604,2016,2.3258898063167393,0.5852383231302604,2016,2.3258898063167393,0.6776749999999999,0.6889023255813953,0.6579999999999999,2012;2014;2016;2025,43,473,43,,m2_20260926T165115Z_1ffdde7
hand_neg,cell_gate,URBAN,development,S2_min5clusters,3,1.1582563472724479,0.14339953675065004,0.5412579390274552,1.7752547555174405,-0.7547565659289008,3.0712692604737963,0.006746260071631615,0.0,3.46056111036221,2.869450073965202,0.23818084593580635,0.30300233548365474,0.0,0.9870909367263659,0.08213561999298243,False,0.7610157396972643,0.632104997862516,0.8551099347952725,0.3197857534450812,0.9556919501482456,0.5649983445754362,2012,2.3982921214645048,0.5289964217122257,2012,2.5396949451970046,0.753448262485369,0.7776865260312967,0.7581451927571673,2012;2014;2016,298,298,26,,m2_20260926T165115Z_1ffdde7
hand_neg,cluster_gate,URBAN,development,S2_min5clusters,3,1.0762028786006546,0.12008097946567682,0.5595361245116711,1.5928696326896379,-0.4495706314106245,2.6019763886119334,0.0,0.0,1.9518236868663708,1.311236050129159,0.5191211335540807,0.0,0.0,0.9747547124370951,0.0,False,0.7457747410413404,0.636345201652105,0.8310194573183148,0.38946285712827583,0.9309886684024478,0.47770931653940873,2012,2.3282689648650896,0.47770931653940873,2012,2.3282689648650896,0.7277333333333335,0.7231038461538462,0.732,2012;2014;2016,26,298,26,,m2_20260926T165115Z_1ffdde7
hand_neg,cell_gate,AGRI,development,S2_min5clusters,3,0.813447473973171,0.1527411793824467,0.15625522155813454,1.4706397263882074,-2.2816576552621073,3.908552603208449,0.03600624773310958,0.0,2.255386936737271,4.054340365660176,0.1317077030162131,0.5067015051474751,0.0,0.9847726710806122,0.18975312311819686,False,0.692843653159702,0.5389845181417962,0.8131546018182367,0.09265350184684229,0.9803253326781671,0.6418638403241533,2014,2.0981618890619727,0.4645065362211806,2014,2.781488376636436,0.7005932528179438,0.6843216137702497,0.7028685172712402,2012;2014;2025,127,127,30,,m2_20260926T165115Z_1ffdde7
hand_neg,cluster_gate,AGRI,development,S2_min5clusters,3,0.7258372520603479,0.18512624673632483,-0.07069669880797258,1.5223712029286682,-3.3230532968114694,4.774727800932165,0.06767851997508173,0.0,4.126482953182343,6.01320255478864,0.04945949251800382,0.6673985315184017,0.0,0.9920318564889229,0.26015095612947825,False,0.6738911223205777,0.48233318294862426,0.8208873869216151,0.034788737704680994,0.9916302625363594,0.42855701004809255,2012,2.771800318929583,0.36648535692269035,2012,2.9641301829169175,0.677,0.6863933333333333,0.6863,2012;2014;2025,30,127,30,,m2_20260926T165115Z_1ffdde7
hand_neg,cell_gate,ALL,holdout,S2_min5clusters,1,2.4946798697171717,0.142949732389755,,,,,,,,,,,,,,False,0.9237680164713172,,,,,1.0,2024-09-20,1.0,1.0,2024-09-20,1.0,0.9237680164713172,0.9237680164713173,0.9237680164713172,2024-09-20,1254,1254,52,k=1: 통합 불가,m2_20260926T165115Z_1ffdde7
hand_neg,cluster_gate,ALL,holdout,S2_min5clusters,1,2.0201836733038654,0.08535432157056383,,,,,,,,,,,,,,False,0.8828999999999999,,,,,1.0,2024-09-20,1.0,1.0,2024-09-20,1.0,0.8829,0.8829,0.8829,2024-09-20,52,1254,52,k=1: 통합 불가,m2_20260926T165115Z_1ffdde7
hand_neg,cell_gate,FLAT,holdout,S2_min5clusters,1,1.4146147730939778,0.16785808995547852,,,,,,,,,,,,,,False,0.8044927942986899,,,,,1.0,2024-09-20,1.0,1.0,2024-09-20,1.0,0.8044927942986899,0.8044927942986899,0.8044927942986899,2024-09-20,1216,1216,47,k=1: 통합 불가,m2_20260926T165115Z_1ffdde7
hand_neg,cluster_gate,FLAT,holdout,S2_min5clusters,1,0.8137122611865588,0.12408791063996191,,,,,,,,,,,,,,False,0.6929,,,,,1.0,2024-09-20,1.0,1.0,2024-09-20,1.0,0.6929,0.6929,0.6929,2024-09-20,47,1216,47,k=1: 통합 불가,m2_20260926T165115Z_1ffdde7
hand_neg,cell_gate,URBAN,holdout,S2_min5clusters,1,1.0031324055002697,0.25370601748002275,,,,,,,,,,,,,,False,0.7316740010041642,,,,,1.0,2024-09-20,1.0,1.0,2024-09-20,1.0,0.7316740010041644,0.7316740010041644,0.7316740010041644,2024-09-20,21,21,11,k=1: 통합 불가,m2_20260926T165115Z_1ffdde7
hand_neg,cluster_gate,URBAN,holdout,S2_min5clusters,1,0.9046298100193446,0.31940191390133904,,,,,,,,,,,,,,False,0.7118999999999999,,,,,1.0,2024-09-20,1.0,1.0,2024-09-20,1.0,0.7119,0.7119,0.7119,2024-09-20,11,21,11,k=1: 통합 불가,m2_20260926T165115Z_1ffdde7
hand_neg,cell_gate,AGRI,holdout,S2_min5clusters,1,1.2825615154879328,0.1325505518693593,,,,,,,,,,,,,,False,0.7828854875545974,,,,,1.0,2024-09-20,1.0,1.0,2024-09-20,1.0,0.7828854875545974,0.7828854875545974,0.7828854875545974,2024-09-20,1112,1112,47,k=1: 통합 불가,m2_20260926T165115Z_1ffdde7
hand_neg,cluster_gate,AGRI,holdout,S2_min5clusters,1,0.7597525163563318,0.12377277224506152,,,,,,,,,,,,,,False,0.6813,,,,,1.0,2024-09-20,1.0,1.0,2024-09-20,1.0,0.6813,0.6813000000000001,0.6813,2024-09-20,47,1112,47,k=1: 통합 불가,m2_20260926T165115Z_1ffdde7
hand_neg,cell_gate,UNIVERSE,holdout,S2_min5clusters,1,1.347873455991377,0.12087179466548782,,,,,,,,,,,,,,False,0.7937817468170724,,,,,1.0,2024-09-20,1.0,1.0,2024-09-20,1.0,0.7937817468170724,0.7937817468170724,0.7937817468170724,2024-09-20,96,96,61,k=1: 통합 불가,m2_20260926T165115Z_1ffdde7
hand_neg,cluster_gate,UNIVERSE,holdout,S2_min5clusters,1,1.3352031839104614,0.13657926841642026,,,,,,,,,,,,,,False,0.7917,,,,,1.0,2024-09-20,1.0,1.0,2024-09-20,1.0,0.7917,0.7916999999999998,0.7917,2024-09-20,61,96,61,k=1: 통합 불가,m2_20260926T165115Z_1ffdde7
hand_neg,cell_gate,UNIVERSE,combined,S2_min5clusters,5,1.3158405432961722,0.06140426581346424,1.145354970040115,1.4863261165522292,1.1204247644294543,1.51125632216289,0.0,0.0,0.048947182756966294,1.2399504487995303,0.8714782521363589,0.0,0.0,0.676169452190724,0.0,False,0.7884888489225648,0.7586614608190659,0.8155262023250877,0.7540674973885998,0.8192473190985188,0.5210695073142623,2012,2.80409999958609,0.5210695073142623,2012,2.80409999958609,0.7987853246384018,0.7941671678797594,0.7937817468170724,2006;2012;2014;2016;2024-09-20,390,390,101,,m2_20260926T165115Z_1ffdde7
hand_neg,cluster_gate,UNIVERSE,combined,S2_min5clusters,5,1.2814972779344507,0.07809142438916594,1.0646807249312273,1.498313830937674,1.0329755129128075,1.5300190429560938,0.0,0.0,0.4157479835297822,3.565548521992839,0.46798178943259916,0.0,0.0,0.9267569661653802,0.0,False,0.7827045384650869,0.7435840213271689,0.8173228553810398,0.7374923542781466,0.8220091004083961,0.3269167137886232,2024-09-20,3.8819386219251197,0.3269167137886232,2024-09-20,3.8819386219251197,0.78808,0.7847653465346534,0.7767,2006;2012;2014;2016;2024-09-20,101,390,101,,m2_20260926T165115Z_1ffdde7
hand_neg,cell_gate,ALL,combined,S2_min5clusters,5,2.0804559661860678,0.14571865913649534,1.6758761082905596,2.485035824081576,1.0314903632671735,3.129421569104962,0.08770257356948181,0.02041528334721929,0.8738391511253181,25.229802497034143,4.523061508325261e-05,0.8414573399664855,0.586741715581871,0.9838113606271778,0.2961462030306683,False,0.8889890394457536,0.8423576873626131,0.923086094714863,0.7372047318004371,0.9580901731322756,0.42348762872145046,2012,3.6801278443377496,0.22304082327112193,2012,4.966057726680093,0.8876306736188251,0.906753437719693,0.8772223114656154,2012;2014;2016;2024-09-20;2025,1787,1787,99,,m2_20260926T165115Z_1ffdde7
hand_neg,cluster_gate,ALL,combined,S2_min5clusters,5,1.8634390957402593,0.1195048727353618,1.531640376786879,2.1952378146936398,1.0967656326591522,2.6301125588213665,0.04472265152148774,0.003855656267688062,0.640246906350692,13.920069969735447,0.007554577636840899,0.7126451225678703,0.18318437172410415,0.9738496003460162,0.21147730734404516,False,0.8656972992975328,0.8222461941521092,0.8998210492079316,0.749653592172738,0.9327746078850514,0.419313962482271,2024-09-20,3.4572080911361995,0.255989628442837,2024-09-20,4.741428373799474,0.8657600000000001,0.8737414141414142,0.857,2012;2014;2016;2024-09-20;2025,99,1787,99,,m2_20260926T165115Z_1ffdde7
hand_neg,cell_gate,FLAT,combined,S2_min5clusters,5,0.9080471712984419,0.1719518910417151,0.43063218508616774,1.385462157510716,-0.33470581233769736,2.150800154934581,0.12319779421993653,0.02928293207015685,1.2138450565343961,26.503208363266946,2.504754580460307e-05,0.8490748763253908,0.6141391069116174,0.9850692345327227,0.35099543333202576,False,0.7126003874370199,0.6060246182845849,0.7998668141789024,0.417096068999482,0.8957435246653888,0.40779166185466953,2012,3.6519129142475033,0.2229598115876431,2012,4.951906994635202,0.7129874940944196,0.7645645957362741,0.6777289478069297,2012;2014;2016;2024-09-20;2025,1689,1689,90,,m2_20260926T165115Z_1ffdde7
hand_neg,cluster_gate,FLAT,combined,S2_min5clusters,5,0.6865975826059308,0.08396629085091994,0.4534697853712799,0.9197253798405818,0.27165830571706195,1.1015368594947996,0.010403956698262428,0.0,0.4255186340075701,6.238208258832982,0.18205099587899656,0.3587902432824031,0.0,0.9519413346362939,0.10199978773635966,False,0.6652096151463402,0.6114638891023576,0.7149861466463087,0.5674999712176552,0.7505479560054067,0.4434861158333861,2016,3.2726998100039166,0.35059615366247604,2016,3.9001182286437146,0.68072,0.69099,0.6678,2012;2014;2016;2024-09-20;2025,90,1689,90,,m2_20260926T165115Z_1ffdde7
hand_neg,cell_gate,URBAN,combined,S2_min5clusters,4,1.1327746844964162,0.10779999562576975,0.7897069867075854,1.475842382285247,0.6825562203990085,1.5829931485938238,0.0,0.0,0.8241668628776293,3.184085548167451,0.364104314239596,0.05781425950486742,0.0,0.9449326039690354,0.0,False,0.7563505937237783,0.6877684114846315,0.8139437756255111,0.6643089803086463,0.8296280032067264,0.4688903195539529,2012,3.1634582738585495,0.4688903195539529,2012,3.1634582738585495,0.7480046971150678,0.7746574883335858,0.7449095968806658,2012;2014;2016;2024-09-20,319,319,37,,m2_20260926T165115Z_1ffdde7
hand_neg,cluster_gate,URBAN,combined,S2_min5clusters,4,1.05495544580269,0.112399967841686,0.6972485834309088,1.4126623081744711,0.571337417344908,1.538573474260472,0.0,0.0,0.41806470067188545,1.5640535543229364,0.6675676163288985,0.0,0.0,0.8784099731747173,0.0,False,0.7417253448266716,0.667577465657864,0.8041855199559038,0.639071719914448,0.8232572546607004,0.41855028485651713,2012,2.89814700122091,0.41855028485651713,2012,2.89814700122091,0.7237750000000001,0.7197729729729729,0.72195,2012;2014;2016;2024-09-20,37,319,37,,m2_20260926T165115Z_1ffdde7
hand_neg,cell_gate,AGRI,combined,S2_min5clusters,4,0.9598966515351398,0.16419667322032122,0.43734955550525223,1.4824437475650274,-0.4282743878744496,2.3480676909447293,0.07713049758864853,0.009357378167365777,1.143718794452199,14.699092654067988,0.002092715628129063,0.7959057697911887,0.26002693722157794,0.977247093570834,0.2777237792999521,False,0.7231011125627939,0.6076273019843275,0.8149414106213765,0.3945384670036842,0.9127805147467944,0.4224319125381913,2014,3.0930027437645475,0.29513685467769835,2014,3.8981079058193733,0.7211663115021072,0.772782491613829,0.7262661510467632,2012;2014;2024-09-20;2025,1239,1239,77,,m2_20260926T165115Z_1ffdde7
hand_neg,cluster_gate,AGRI,combined,S2_min5clusters,4,0.7266179935414221,0.12422794750236286,0.331269220999549,1.1219667660832953,-0.1674698169915565,1.6207058040744007,0.029045322873900613,0.0,0.9402655107713247,6.2539279798103315,0.09988884800429604,0.5203014793766487,0.0,0.9725057198753355,0.1704268842462967,False,0.6740626762347995,0.5820681657777831,0.7543533490976647,0.45823012379805095,0.8348924458171264,0.40880429905044785,2024-09-20,3.41044640211937,0.3186110474182177,2024-09-20,3.8356039460792832,0.678075,0.6832844155844158,0.6838,2012;2014;2024-09-20;2025,77,1239,77,,m2_20260926T165115Z_1ffdde7
hand_acc_neg,cell_gate,UNIVERSE,development,S2_min5clusters,4,1.450584259340504,0.15565884397976926,0.9552083464323542,1.945960172248654,0.31042504537362947,2.590743473307379,0.04600791648764137,0.0,1.4342676902175324,5.6067304167567364,0.13239250552279594,0.4649287950364168,0.0,0.9685867234475813,0.21449456050828275,False,0.8100883357789401,0.7221614113098394,0.8750054711841382,0.5769890064943666,0.9302634641600459,0.457375781121115,2016,2.9471271134884507,0.35394238521264976,2016,3.5165736846297455,0.8071757504024221,0.8123707108414577,0.82942428352064,2006;2012;2014;2016,294,294,40,,m2_20260926T165115Z_1ffdde7
hand_acc_neg,cluster_gate,UNIVERSE,development,S2_min5clusters,4,1.2734879563366108,0.22287973773336553,0.5641851584644599,1.9827907542087617,-0.4779150156013863,3.024890928274608,0.12111498872545026,0.0012134074085203758,3.164919706083953,9.56362875079061,0.022664003264015815,0.6863115373699554,0.024158459761838297,0.9847496489870604,0.34801578804050004,False,0.7813392438142637,0.6374203510887848,0.878978343862125,0.3827445846565257,0.9536860328026332,0.45392171785262697,2016,3.075936676488698,0.30656345096360943,2016,3.8271039277710255,0.781125,0.75491,0.7898499999999999,2006;2012;2014;2016,40,294,40,,m2_20260926T165115Z_1ffdde7
hand_acc_neg,cell_gate,ALL,development,S2_min5clusters,4,2.0240668843829575,0.1486090822026645,1.551126459795485,2.4970073089704297,0.7976755165611371,3.250458252204778,0.0626934106353496,0.008144304845816196,1.447008288338889,12.655635897297245,0.005443707627433222,0.762951460966044,0.494179576777087,0.9942720423577074,0.2503865224714573,False,0.8833008792711987,0.8250763680835709,0.9239317547307354,0.6894770321348626,0.9626895758122693,0.3375306999949399,2012,3.329818843390206,0.2709796802980483,2012,3.930217644109577,0.8841410343492838,0.8732581157018783,0.8718252414801988,2012;2014;2016;2025,533,533,47,,m2_20260926T165115Z_1ffdde7
hand_acc_neg,cluster_gate,ALL,development,S2_min5clusters,4,1.869103845115309,0.21408821885401239,1.1877795840185876,2.5504281062120304,-0.006607947810512771,3.744815638041131,0.14738286598090555,0.027352580891554252,2.7087928291497225,16.966226050017283,0.0007181362022639639,0.8231781192142643,0.5805218750262225,0.9927563754241405,0.38390476160228276,False,0.8663545508236355,0.7663437094157529,0.9276022699306355,0.49834801905850956,0.9769059559401806,0.43825465825199067,2016,3.147372184945316,0.2706399940567411,2016,3.979161246047718,0.8626,0.8631510638297872,0.8482000000000001,2012;2014;2016;2025,47,533,47,,m2_20260926T165115Z_1ffdde7
hand_acc_neg,cell_gate,FLAT,development,S2_min5clusters,4,0.7352476490881726,0.1355387858677958,0.3039027407805663,1.166592557395779,-0.2865759194310743,1.7570712176074195,0.04257300586951277,0.0030136060060897162,1.381903051415208,11.33522735996756,0.010044648468583174,0.7353383479015999,0.2971584141618222,0.9948685039740522,0.20633227054804776,False,0.6759557750381088,0.5753962959219302,0.7625285523023685,0.4288423445664454,0.85284247130806,0.482314840744866,2016,2.55725988313008,0.3034049783681164,2016,3.7796466543087495,0.6866562101656991,0.6609091421471815,0.6656688066153734,2012;2014;2016;2025,473,473,43,,m2_20260926T165115Z_1ffdde7
hand_acc_neg,cluster_gate,FLAT,development,S2_min5clusters,4,0.710911343777286,0.14941255538344186,0.23541390893425412,1.186408778620318,-0.3790173480835848,1.8008400356381569,0.04488613366407543,0.0,1.4758436020336603,7.110325499846209,0.06846323146541881,0.5780783875414863,0.0,0.9811227245361606,0.21186347883501636,False,0.6706025021880301,0.5585831716145149,0.7660981619790846,0.406363922604835,0.8582511613219879,0.7194457400319281,2016,1.8287380875726558,0.3792186392217653,2016,3.6287585061378502,0.6777500000000001,0.6887232558139535,0.6467,2012;2014;2016;2025,43,473,43,,m2_20260926T165115Z_1ffdde7
hand_acc_neg,cell_gate,URBAN,development,S2_min5clusters,3,1.2117058145948854,0.11756288985326711,0.7058735256504903,1.7175381035392805,-0.10849181227995985,2.531903441469731,0.0,0.0,4.675501520169272,2.5604971930225076,0.277968189940975,0.2189017018061541,0.0,0.989229576078021,0.0,False,0.7706006341109466,0.6694887195288522,0.847811456684289,0.4729036198192157,0.9263483251363995,0.7324771570251774,2016,1.7365421790583977,0.7324771570251774,2016,1.7365421790583977,0.7504886663601784,0.7740240180606848,0.772975878342947,2012;2014;2016,298,298,26,,m2_20260926T165115Z_1ffdde7
hand_acc_neg,cluster_gate,URBAN,development,S2_min5clusters,3,0.8964438994805084,0.22398797208517007,-0.06729856004279489,1.8601863590038117,-3.3789262592191402,5.171814058180157,0.07357399329723235,0.0,8.360041319562264,5.3139607425705995,0.07015975862426015,0.6236328989076214,0.0,0.9955571332520395,0.2712452641010205,False,0.7102181750350206,0.48318170714903264,0.8653186682280872,0.032960602269949096,0.994357749601352,0.5061743618516349,2012,2.2596541945711714,0.42121681699800856,2012,2.6917783214438664,0.6799,0.6722461538461538,0.7076,2012;2014;2016,26,298,26,,m2_20260926T165115Z_1ffdde7
hand_acc_neg,cell_gate,AGRI,development,S2_min5clusters,3,0.7417936941251522,0.17772838528879897,-0.022909827991662857,1.5064972162419672,-3.09633482345754,4.579922211707844,0.05965725385624741,0.0,2.8595636889912863,6.109507049803198,0.04713433677903635,0.6726413467246224,0.0,0.9887529343181993,0.24424834463358683,False,0.6773879631678525,0.4942727934984644,0.8185415142046819,0.0432586933078378,0.9898484174859682,0.6767552950851787,2014,1.9227670452987848,0.44370160054899166,2014,2.7864926632469205,0.6786781193737479,0.6609465218813954,0.664369046473588,2012;2014;2025,127,127,30,,m2_20260926T165115Z_1ffdde7
hand_acc_neg,cluster_gate,AGRI,development,S2_min5clusters,3,0.7907996871263729,0.20574990339459648,-0.09447069636007566,1.6760700706128215,-3.8497122145809635,5.43131158883371,0.09104985525782573,0.0025030595513143143,4.5127642708281535,8.079481182175485,0.017602037948945628,0.7524593529084155,0.06978408692564445,0.9926606650032178,0.30174468555026074,False,0.6880030131188596,0.4763998753270041,0.8423834421445239,0.020842216781565982,0.9956417269383091,0.5353517695474582,2025,2.437024382153322,0.3868675063275585,2025,2.9321203449542974,0.6772666666666667,0.68614,0.6485,2012;2014;2025,30,127,30,,m2_20260926T165115Z_1ffdde7
hand_acc_neg,cell_gate,ALL,holdout,S2_min5clusters,1,2.475455029605659,0.1626005692250031,,,,,,,,,,,,,,False,0.9224031127258684,,,,,1.0,2024-09-20,1.0,1.0,2024-09-20,1.0,0.9224031127258684,0.9224031127258684,0.9224031127258684,2024-09-20,1254,1254,52,k=1: 통합 불가,m2_20260926T165115Z_1ffdde7
hand_acc_neg,cluster_gate,ALL,holdout,S2_min5clusters,1,1.9914835355655771,0.10562517598488,,,,,,,,,,,,,,False,0.8799,,,,,1.0,2024-09-20,1.0,1.0,2024-09-20,1.0,0.8799,0.8799,0.8799,2024-09-20,52,1254,52,k=1: 통합 불가,m2_20260926T165115Z_1ffdde7
hand_acc_neg,cell_gate,FLAT,holdout,S2_min5clusters,1,1.2355162368906396,0.1758050391116175,,,,,,,,,,,,,,False,0.7747825862066877,,,,,1.0,2024-09-20,1.0,1.0,2024-09-20,1.0,0.7747825862066876,0.7747825862066876,0.7747825862066876,2024-09-20,1216,1216,47,k=1: 통합 불가,m2_20260926T165115Z_1ffdde7
hand_acc_neg,cluster_gate,FLAT,holdout,S2_min5clusters,1,0.750556749498147,0.12646874147016496,,,,,,,,,,,,,,False,0.6793,,,,,1.0,2024-09-20,1.0,1.0,2024-09-20,1.0,0.6793,0.6793,0.6793,2024-09-20,47,1216,47,k=1: 통합 불가,m2_20260926T165115Z_1ffdde7
hand_acc_neg,cell_gate,URBAN,holdout,S2_min5clusters,1,0.9369566215845919,0.2786904853893455,,,,,,,,,,,,,,False,0.7184844994437716,,,,,1.0,2024-09-20,1.0,1.0,2024-09-20,1.0,0.7184844994437717,0.7184844994437717,0.7184844994437717,2024-09-20,21,21,11,k=1: 통합 불가,m2_20260926T165115Z_1ffdde7
hand_acc_neg,cluster_gate,URBAN,holdout,S2_min5clusters,1,0.6793786302174962,0.30337766810961425,,,,,,,,,,,,,,False,0.6636,,,,,1.0,2024-09-20,1.0,1.0,2024-09-20,1.0,0.6636,0.6636,0.6636,2024-09-20,11,21,11,k=1: 통합 불가,m2_20260926T165115Z_1ffdde7
hand_acc_neg,cell_gate,AGRI,holdout,S2_min5clusters,1,1.059974326668899,0.11867069546568355,,,,,,,,,,,,,,False,0.7426856390651881,,,,,1.0,2024-09-20,1.0,1.0,2024-09-20,1.0,0.7426856390651881,0.7426856390651881,0.7426856390651881,2024-09-20,1112,1112,47,k=1: 통합 불가,m2_20260926T165115Z_1ffdde7
hand_acc_neg,cluster_gate,AGRI,holdout,S2_min5clusters,1,0.5476922077002412,0.12421624537882145,,,,,,,,,,,,,,False,0.6336,,,,,1.0,2024-09-20,1.0,1.0,2024-09-20,1.0,0.6336,0.6336,0.6336,2024-09-20,47,1112,47,k=1: 통합 불가,m2_20260926T165115Z_1ffdde7
hand_acc_neg,cell_gate,UNIVERSE,holdout,S2_min5clusters,1,1.4234752247575369,0.1412334277064127,,,,,,,,,,,,,,False,0.8058826439738769,,,,,1.0,2024-09-20,1.0,1.0,2024-09-20,1.0,0.8058826439738769,0.8058826439738769,0.8058826439738769,2024-09-20,96,96,61,k=1: 통합 불가,m2_20260926T165115Z_1ffdde7
hand_acc_neg,cluster_gate,UNIVERSE,holdout,S2_min5clusters,1,1.3875448302086817,0.15342701459167457,,,,,,,,,,,,,,False,0.8002000000000001,,,,,1.0,2024-09-20,1.0,1.0,2024-09-20,1.0,0.8002,0.8002,0.8002,2024-09-20,61,96,61,k=1: 통합 불가,m2_20260926T165115Z_1ffdde7
hand_acc_neg,cell_gate,UNIVERSE,combined,S2_min5clusters,5,1.4522848840640046,0.10278796093955651,1.1668997530401108,1.7376700150878983,1.0675992227799032,1.836970545348106,0.006238548253582384,0.0,0.6017462437727457,5.682515540335494,0.22414594191220066,0.2960863949060417,0.0,0.9424484738760982,0.0789844810933286,False,0.8103498308096608,0.7625841744222542,0.8503908722050715,0.7441400863434375,0.8625900250574005,0.3393126832061,2024-09-20,3.798727313078043,0.319749745766681,2024-09-20,3.9691585357432686,0.806917129116713,0.8107736482278993,0.8169728566699769,2006;2012;2014;2016;2024-09-20,390,390,101,,m2_20260926T165115Z_1ffdde7
hand_acc_neg,cluster_gate,UNIVERSE,combined,S2_min5clusters,5,1.2952112814884817,0.1633451060843798,0.8416925612424911,1.7487300017344722,0.35163736721629457,2.238785195760669,0.06555115032112098,0.0,1.3664243157455769,9.949873904958475,0.04128056765365259,0.5979848550636789,0.0,0.9714321660977981,0.2560295887609887,False,0.7850279464427796,0.6988215691736118,0.8517925464617129,0.5870145798087154,0.9036787693776944,0.31899245584663033,2024-09-20,3.9599226292834024,0.2509468918423442,2024-09-20,4.65968172909258,0.78494,0.7822633663366336,0.8002,2006;2012;2014;2016;2024-09-20,101,390,101,,m2_20260926T165115Z_1ffdde7
hand_acc_neg,cell_gate,ALL,combined,S2_min5clusters,5,2.1112836558591157,0.14646310776871918,1.7046368772025984,2.517930434515633,1.068725871775634,3.1538414399425974,0.08702364591840148,0.020387231198333515,0.9192307515043906,22.776420410729887,0.00014033684704594689,0.8243797783906546,0.6740261090613954,0.9893877776430868,0.29499770493751554,False,0.8919950627196667,0.8461393678995128,0.9253892895907198,0.7443545363661729,0.9590598186818875,0.31441014234248377,2012,3.7696724278776306,0.2187421186755289,2012,4.940514215879899,0.8917934500246008,0.9077448679503863,0.877414821622568,2012;2014;2016;2024-09-20;2025,1787,1787,99,,m2_20260926T165115Z_1ffdde7
hand_acc_neg,cluster_gate,ALL,combined,S2_min5clusters,5,1.8907039411785334,0.16390067967052893,1.4356427013687019,2.345765180988365,0.7668274714406058,3.014580410916461,0.10053068834831538,0.02042835107052896,1.2055595614347363,19.252698183886096,0.0007009931716595725,0.7922369134032405,0.5465171922849809,0.9861344289384971,0.3170657476743828,False,0.86883577265047,0.8077789917496158,0.9125970324499989,0.6828342128725831,0.9532284915253376,0.31239300838538103,2016,4.09981310651587,0.21828554235490535,2016,4.954392155320243,0.86606,0.8719484848484849,0.8637,2012;2014;2016;2024-09-20;2025,99,1787,99,,m2_20260926T165115Z_1ffdde7
hand_acc_neg,cell_gate,FLAT,combined,S2_min5clusters,5,0.8417339949582386,0.14593420674994956,0.4365556809464184,1.246912308970059,-0.18084204186060393,1.864310031777081,0.08317307188145096,0.01765676922638847,0.9196898876725758,22.479704805668412,0.00016083120092885014,0.8220617203571386,0.6718794052829928,0.9907112116302932,0.28839742003258445,False,0.6988302896552472,0.6074380131352578,0.7767649094672979,0.45491230103351393,0.8657985268512385,0.460746332214549,2016,2.7866690148021873,0.23292640355873967,2016,4.882052092578311,0.7042814853738968,0.7428926282196264,0.670350408947594,2012;2014;2016;2024-09-20;2025,1689,1689,90,,m2_20260926T165115Z_1ffdde7
hand_acc_neg,cluster_gate,FLAT,combined,S2_min5clusters,5,0.6987931768155053,0.10307529910998868,0.41261026713477883,0.9849760864962318,0.19207035402029993,1.2055159996107108,0.017046504691881414,0.0,0.6288255689210485,7.864253668843332,0.09667924496377499,0.49136940790106576,0.0,0.9662129221096515,0.13056226365945642,False,0.6679201496447356,0.6017136064768766,0.7280944640660124,0.5478705129031002,0.7695045953997008,0.5673034689303481,2016,2.5992686039456805,0.3609892605290775,2016,4.058005551614409,0.67806,0.6838022222222222,0.6497,2012;2014;2016;2024-09-20;2025,90,1689,90,,m2_20260926T165115Z_1ffdde7
hand_acc_neg,cell_gate,URBAN,combined,S2_min5clusters,4,1.1781771552920888,0.10385342837538691,0.8476691958677924,1.5086851147163851,0.7592887702377091,1.5970655403464684,0.0,0.0,1.1541171625869526,3.413806368546521,0.3321144039654974,0.12121553593641728,0.0,0.9564602268312867,0.0,False,0.7646198931576974,0.7000779746590762,0.8188662591613574,0.6811992981965841,0.8316078542420514,0.6430902628330695,2016,2.179707693688114,0.6430902628330695,2016,2.179707693688114,0.7424876246310768,0.7703678115059663,0.7457301888933594,2012;2014;2016;2024-09-20,319,319,37,,m2_20260926T165115Z_1ffdde7
hand_acc_neg,cluster_gate,URBAN,combined,S2_min5clusters,4,0.8737346751417419,0.1660120588555466,0.34541021180436615,1.4020591384791175,-0.2833100454005757,2.0307793956840596,0.04770465612856738,0.0,1.925776406073871,6.128015735638407,0.10554539846970122,0.5104451213215652,0.0,0.9775036803825884,0.21841395589240029,False,0.7055222115403091,0.5855041265308063,0.8025104394291721,0.42964246183819044,0.8839910295754054,0.4547902546490223,2012,2.720632170435844,0.3605966003430083,2012,3.4195129341584662,0.6758249999999999,0.6696756756756757,0.6856,2012;2014;2016;2024-09-20,37,319,37,,m2_20260926T165115Z_1ffdde7
hand_acc_neg,cell_gate,AGRI,combined,S2_min5clusters,4,0.8372921834465799,0.1506914937514118,0.35772459591971645,1.3168597709734433,-0.41418369834328517,2.0887680652364446,0.06189246626687839,0.005781250199893738,0.9727309673659179,13.181200205515443,0.004260693773283248,0.772403123143164,0.20148337226812182,0.9769875527214044,0.2487819653167777,False,0.6978946122413139,0.5884895115138709,0.7886587798063228,0.39790937431745665,0.8898066915120701,0.43542458107425935,2014,2.920055122486099,0.3092635748865526,2014,3.770380574200534,0.694679999296608,0.7343072146242343,0.7031739564740658,2012;2014;2024-09-20;2025,1239,1239,77,,m2_20260926T165115Z_1ffdde7
hand_acc_neg,cluster_gate,AGRI,combined,S2_min5clusters,4,0.7245529082831104,0.1588654356515336,0.21897218955660058,1.2301336270096201,-0.6126433001644704,2.061749116730691,0.07134855215798654,0.006471730103253052,1.1912300574374732,12.499390804974478,0.005854321575660247,0.7599883028854441,0.1998217609329393,0.9787077413963803,0.2671114976147349,False,0.6736088095088347,0.554525352441636,0.7738419612657026,0.35145646146905557,0.8871294290238341,0.3893325910730191,2024-09-20,3.2829901635143703,0.2908359307645811,2024-09-20,3.8835190236726387,0.66635,0.6540701298701298,0.64105,2012;2014;2024-09-20;2025,77,1239,77,,m2_20260926T165115Z_1ffdde7
L1,cell_gate,UNIVERSE,development,S2_min5clusters,4,0.08021445356933907,0.7405529085941831,-2.276555414253322,2.4369843213920004,-6.895497246758245,7.055926153896923,2.0803515356063347,0.5913914332932791,30.40886211912426,61.055660174103025,3.496881565629093e-13,0.9508645063955519,0.8530139947568576,0.996660036392241,1.4423423780803,False,0.5200428676282401,0.09308333370254236,0.9196044142056651,0.0010113096871799262,0.9991384591330091,0.33924687736652526,2014,3.6251480920129144,0.25460422498268986,2014,3.9982155460417528,0.541692847649481,0.6952419952694883,0.651694128100142,2006;2012;2014;2016,294,294,40,,m2_20260926T165115Z_1ffdde7
L1,cluster_gate,UNIVERSE,development,S2_min5clusters,4,-0.1119533613094849,0.7053695444426208,-2.3567540618805554,2.132847339261586,-6.720550761293942,6.4966440386749715,1.8676884516662613,0.5241664103157829,27.893868155176147,49.886889710604166,8.444823300585106e-11,0.939863959902028,0.8508750686107106,0.9967174077129447,1.366633985991224,False,0.4720408558637916,0.08653041877290835,0.8940550129063163,0.001204421501938432,0.9984937789716407,0.36299653556201666,2012,3.6239839580525417,0.254778864135428,2012,3.999021303497206,0.4955,0.5252825,0.5439,2006;2012;2014;2016,40,294,40,,m2_20260926T165115Z_1ffdde7
L1,cell_gate,ALL,development,S2_min5clusters,4,1.0972652715191933,0.6485060306887203,-0.9665703498003271,3.1611008928387134,-4.953762829063149,7.148293372101535,1.5572553047357758,0.44179090388345205,21.319928347466277,99.6363859280639,1.860705906396536e-21,0.9698905176853168,0.8533255982786176,0.9964508328343322,1.2479003584965331,False,0.7497473492415541,0.27556463177667356,0.9593439064652852,0.007007355809798114,0.99921441293635,0.6961733676655015,2025,1.9148992636600366,0.26708550143759063,2025,3.9827155505051035,0.7149366446570301,0.8103863496111892,0.7876557441836083,2012;2014;2016;2025,533,533,47,,m2_20260926T165115Z_1ffdde7
L1,cluster_gate,ALL,development,S2_min5clusters,4,1.2322232118049223,0.6369874703971994,-0.79495520987266,3.2594016334825047,-4.765664179262577,7.230110602872422,1.5374761496499616,0.4450600874166223,21.84868296164109,106.13727510616212,7.438632060199519e-23,0.9717347181091723,0.8830404341291277,0.9973092188476371,1.2399500593370532,False,0.7742074514408963,0.3111056813142793,0.9630094814638988,0.00844529884861168,0.9992760837009621,0.5767855161582055,2025,2.4132011221398773,0.2605279027802713,2025,3.995179410437679,0.736325,0.7024957446808511,0.8202,2012;2014;2016;2025,47,533,47,,m2_20260926T165115Z_1ffdde7
L1,cell_gate,FLAT,development,S2_min5clusters,4,0.19325960455706817,0.7362071534636182,-2.1496801309066593,2.536199340020796,-6.743484290099074,7.13000349921321,2.0571932356958147,0.6054311143756825,28.546628065181988,122.53296189523519,2.197221460679082e-26,0.9755167919423593,0.8945680154222116,0.9975066414754361,1.4342918934776892,False,0.5481650834627753,0.10436111745958844,0.9266408855719743,0.001177146334782635,0.9991999240484747,0.3661857722916842,2016,3.2576669538114778,0.2578246267809703,2016,3.991084635985442,0.5551088934710537,0.6704364612475906,0.6224897020098654,2012;2014;2016;2025,473,473,43,,m2_20260926T165115Z_1ffdde7
L1,cluster_gate,FLAT,development,S2_min5clusters,4,0.39739789940811704,0.7400029905398657,-1.9576218837343733,2.7524176825506075,-6.622017929711976,7.41681372852821,2.1139132259338402,0.6301550015601551,30.10440156590883,100.74008361675779,1.077354464775801e-21,0.9702203939852502,0.894511122158849,0.9975375491599345,1.4539302685940065,False,0.5980623172515408,0.12372464483027024,0.9400497463234195,0.0013289743655700713,0.9993992998156432,0.3444548760359469,2025,3.793347487144686,0.25271685125842563,2025,3.999787876415303,0.5941500000000001,0.5339348837209302,0.6824,2012;2014;2016;2025,43,473,43,,m2_20260926T165115Z_1ffdde7
L1,cell_gate,URBAN,development,S2_min5clusters,3,0.37842120840571813,0.1939739359071953,-0.4561812764256229,1.213023693237059,-2.086251334712734,2.8430937515241697,0.0,0.0,2.7529562945285884,1.3990245685259013,0.4968275553289978,0.0,0.0,0.954785013908806,0.0,False,0.5934922612349032,0.3878921212670436,0.770833519414105,0.1104403179817656,0.9449605901401485,0.5299967266614793,2016,2.365290846627509,0.5299967266614793,2016,2.365290846627509,0.5939462951241534,0.6210142716283943,0.6280717715733883,2012;2014;2016,298,298,26,,m2_20260926T165115Z_1ffdde7
L1,cluster_gate,URBAN,development,S2_min5clusters,3,0.13001135788202978,0.3501907654995097,-1.3767378952274893,1.6367606109915491,-7.171483445486804,7.431506161250863,0.2075776761900738,0.0,12.426596775010871,4.699836764413444,0.0953769463537742,0.5744533054544061,0.0,0.9873437705783923,0.45560693167474287,False,0.5324571338937312,0.20153341909288883,0.8370936711213462,0.0007675926778340373,0.9994080558570531,0.4304519994834651,2012,2.819029667786403,0.375061519570988,2012,2.9592196891558324,0.5334,0.5070230769230769,0.5198,2012;2014;2016,26,298,26,,m2_20260926T165115Z_1ffdde7
L1,cell_gate,AGRI,development,S2_min5clusters,3,0.14785677596067623,0.6802878752068239,-2.779185707313426,3.0748992592347784,-16.50161981225261,16.797333364173962,1.2542051540644412,0.25512842803713237,52.6013673888555,25.596501541479263,2.765606022375361e-06,0.9218643220926505,0.6697766115332643,0.9976143739487511,1.1199130118292409,False,0.5368969994352624,0.058459359617322064,0.9558454078764989,6.814555665620663e-08,0.99999994929967,0.5803986101762543,2025,2.350629307801394,0.3515401983093564,2025,2.995366479611401,0.544654869368239,0.6240984324545559,0.6290724526123352,2012;2014;2025,127,127,30,,m2_20260926T165115Z_1ffdde7
L1,cluster_gate,AGRI,development,S2_min5clusters,3,0.3952065562846264,0.7179051972200745,-2.693690200235653,3.4841033128049057,-17.275844058857203,18.066257171426457,1.4187750066706726,0.3035811444726776,59.111948115546184,30.653566805706973,2.2062897269895032e-07,0.9347547379175579,0.7233606173960633,0.9980397723253525,1.1911234220980933,False,0.5975354408953323,0.06334671121434983,0.9702320602386154,3.14192809251583e-08,0.9999999857464121,0.5129172267691429,2025,2.5436069069849774,0.346489240082329,2025,2.9957652433619235,0.5941666666666666,0.5635,0.7326,2012;2014;2025,30,127,30,,m2_20260926T165115Z_1ffdde7
L1,cell_gate,ALL,holdout,S2_min5clusters,1,-0.27551760330397024,0.2127551156097992,,,,,,,,,,,,,,False,0.4315530361645636,,,,,1.0,2024-09-20,1.0,1.0,2024-09-20,1.0,0.4315530361645636,0.4315530361645636,0.4315530361645636,2024-09-20,1254,1254,52,k=1: 통합 불가,m2_20260926T165115Z_1ffdde7
L1,cluster_gate,ALL,holdout,S2_min5clusters,1,0.39464339257631853,0.13141122605699035,,,,,,,,,,,,,,False,0.5974,,,,,1.0,2024-09-20,1.0,1.0,2024-09-20,1.0,0.5974,0.5974,0.5974,2024-09-20,52,1254,52,k=1: 통합 불가,m2_20260926T165115Z_1ffdde7
L1,cell_gate,FLAT,holdout,S2_min5clusters,1,-1.4668665778902825,0.26522046609034583,,,,,,,,,,,,,,False,0.1874193459463651,,,,,1.0,2024-09-20,1.0,1.0,2024-09-20,1.0,0.1874193459463651,0.1874193459463651,0.1874193459463651,2024-09-20,1216,1216,47,k=1: 통합 불가,m2_20260926T165115Z_1ffdde7
L1,cluster_gate,FLAT,holdout,S2_min5clusters,1,-0.5168034383219058,0.15788601616934508,,,,,,,,,,,,,,False,0.37360000000000004,,,,,1.0,2024-09-20,1.0,1.0,2024-09-20,1.0,0.3736,0.3736,0.3736,2024-09-20,47,1216,47,k=1: 통합 불가,m2_20260926T165115Z_1ffdde7
L1,cell_gate,URBAN,holdout,S2_min5clusters,1,-0.10545611934321342,0.748537526499102,,,,,,,,,,,,,,False,0.4736603758724908,,,,,1.0,2024-09-20,1.0,1.0,2024-09-20,1.0,0.4736603758724908,0.4736603758724908,0.4736603758724908,2024-09-20,21,21,11,k=1: 통합 불가,m2_20260926T165115Z_1ffdde7
L1,cluster_gate,URBAN,holdout,S2_min5clusters,1,-0.9744219084367258,0.631998825388574,,,,,,,,,,,,,,False,0.274,,,,,1.0,2024-09-20,1.0,1.0,2024-09-20,1.0,0.274,0.274,0.274,2024-09-20,11,21,11,k=1: 통합 불가,m2_20260926T165115Z_1ffdde7
L1,cell_gate,AGRI,holdout,S2_min5clusters,1,-0.8517691151173417,0.26526679607237513,,,,,,,,,,,,,,False,0.2990618769869846,,,,,1.0,2024-09-20,1.0,1.0,2024-09-20,1.0,0.2990618769869846,0.2990618769869846,0.2990618769869846,2024-09-20,1112,1112,47,k=1: 통합 불가,m2_20260926T165115Z_1ffdde7
L1,cluster_gate,AGRI,holdout,S2_min5clusters,1,0.06922763434302215,0.1489577839290781,,,,,,,,,,,,,,False,0.5173,,,,,1.0,2024-09-20,1.0,1.0,2024-09-20,1.0,0.5173,0.5173,0.5173,2024-09-20,47,1112,47,k=1: 통합 불가,m2_20260926T165115Z_1ffdde7
L1,cell_gate,UNIVERSE,holdout,S2_min5clusters,1,-0.9974877374823385,0.2602697955064079,,,,,,,,,,,,,,False,0.269435648789498,,,,,1.0,2024-09-20,1.0,1.0,2024-09-20,1.0,0.269435648789498,0.269435648789498,0.269435648789498,2024-09-20,96,96,61,k=1: 통합 불가,m2_20260926T165115Z_1ffdde7
L1,cluster_gate,UNIVERSE,holdout,S2_min5clusters,1,-1.022709288743138,0.13923765065794916,,,,,,,,,,,,,,False,0.26450000000000007,,,,,1.0,2024-09-20,1.0,1.0,2024-09-20,1.0,0.2645,0.2645,0.2645,2024-09-20,61,96,61,k=1: 통합 불가,m2_20260926T165115Z_1ffdde7
L1,cell_gate,UNIVERSE,combined,S2_min5clusters,5,-0.14017654554447875,0.6119225652227198,-1.8391459565171766,1.558792865428219,-4.7891469581034976,4.508793867014541,1.7611592588556904,0.564517772148875,15.422563532823508,73.51573848198699,4.1045703180632e-15,0.9455898820770182,0.8592489481147095,0.9940398459578947,1.3270867563410051,False,0.4650131342904989,0.13715233010431507,0.8261800687849145,0.008250907434081859,0.9891082037757842,0.2663906495778356,2024-09-20,4.557426063807846,0.20385257576511837,2024-09-20,4.997132085941052,0.4872414078774844,0.5904281253667214,0.5623034455304483,2006;2012;2014;2016;2024-09-20,390,390,101,,m2_20260926T165115Z_1ffdde7
L1,cluster_gate,UNIVERSE,combined,S2_min5clusters,5,-0.30140790220084845,0.5735228838653115,-1.893762705827615,1.290946901425918,-4.635294872641312,4.032479068239615,1.531850300245863,0.48959240364135465,13.736865685486412,71.35195677785772,1.176254119252293e-14,0.9439398696176852,0.8857783060131604,0.9954251256061728,1.2376794012367915,False,0.42521334591840576,0.13081604308814887,0.7843074189445195,0.009609997233461051,0.9825785668474837,0.5335063897254212,2024-09-20,2.90125874778842,0.20801198573124421,2024-09-20,4.996601344099458,0.44930000000000003,0.36778019801980194,0.5271,2006;2012;2014;2016;2024-09-20,101,390,101,,m2_20260926T165115Z_1ffdde7
L1,cell_gate,ALL,combined,S2_min5clusters,5,0.8109710171172481,0.5694362216203718,-0.770037393122959,2.3919794273574553,-3.502746455409486,5.124688489643982,1.5130472555021597,0.4848934916064713,12.693333446779604,102.67604501845989,2.6484844173204827e-21,0.961042519710602,0.8889651541569052,0.9952512647195972,1.230059858503707,False,0.6923163835556688,0.3164710174357859,0.9162136464621706,0.029234186728364062,0.9940871003872292,0.5493883216503439,2025,2.705067936470758,0.21187504673680943,2025,4.980152872844526,0.6582599229585367,0.5445458487370601,0.7842200436098241,2012;2014;2016;2024-09-20;2025,1787,1787,99,,m2_20260926T165115Z_1ffdde7
L1,cluster_gate,ALL,combined,S2_min5clusters,5,1.052708054755169,0.5163923761470952,-0.38102703035989127,2.4864431398702296,-2.8824401792821295,4.987856288792468,1.2623126425102555,0.40888623224923765,10.933049243195498,106.1941515394402,4.714186695589674e-22,0.9623331422492282,0.9109258574225002,0.9963562844316498,1.12352687663013,False,0.7412945808591531,0.4058792137322323,0.9231859520682919,0.053028465528460134,0.9932259314528754,0.39988358572547894,2024-09-20,3.234736204039673,0.20839710102896514,2024-09-20,4.990957754579931,0.70854,0.6472939393939393,0.8179,2012;2014;2016;2024-09-20;2025,99,1787,99,,m2_20260926T165115Z_1ffdde7
L1,cell_gate,FLAT,combined,S2_min5clusters,5,-0.14373788058965994,0.6588576838680501,-1.9730200719870628,1.685544310807743,-5.177586394938381,4.890110633759062,2.067853602124017,0.6875682441449839,17.281870024526626,152.41031591083853,6.196789207072153e-32,0.9737550573522855,0.9075304996748245,0.9959625665867373,1.4380033387040576,False,0.4641272712057439,0.12206487111029238,0.843637294265961,0.005609957432408974,0.9925355466980471,0.29666586280112855,2016,4.210179328030171,0.2054522044960601,2016,4.990945457549947,0.48157098396611603,0.3226870164836532,0.5942663406058328,2012;2014;2016;2024-09-20;2025,1689,1689,90,,m2_20260926T165115Z_1ffdde7
L1,cluster_gate,FLAT,combined,S2_min5clusters,5,0.20877743911179805,0.5994299598963427,-1.4555069389513124,1.8730618171749085,-4.390241861241209,4.807796739464805,1.7293236664324902,0.578167543057059,14.779913020772184,110.006716219982,7.25369275026848e-23,0.9636385837388224,0.9096333269955887,0.99612885641208,1.3150375152186686,False,0.5520055951271639,0.1891554892755916,0.8668121578812616,0.01224590885179693,0.9919003093614709,0.42254906936975206,2024-09-20,3.753028301753596,0.20467440479616592,2024-09-20,4.999008603922012,0.5500400000000001,0.45020444444444446,0.662,2012;2014;2016;2024-09-20;2025,90,1689,90,,m2_20260926T165115Z_1ffdde7
L1,cell_gate,URBAN,combined,S2_min5clusters,4,0.3479725227402332,0.1877717338015545,-0.24960093773323982,0.9455459832137063,-0.45994404027081465,1.1558890857512811,0.0,0.0,1.1995420848606857,1.790601472362998,0.6169822934630762,0.0,0.0,0.876321742245414,0.0,False,0.5861258347740868,0.4379217243750767,0.7202185577125071,0.3869990991478361,0.7605849380013894,0.4966459106417946,2016,2.665198249701104,0.4966459106417946,2016,2.665198249701104,0.5638748153112377,0.6113138584281624,0.5731598726809863,2012;2014;2016;2024-09-20,319,319,37,,m2_20260926T165115Z_1ffdde7
L1,cluster_gate,URBAN,combined,S2_min5clusters,4,-0.06337464517668215,0.3481017200259825,-1.1711896779362738,1.0444403875829096,-2.7447424344325375,2.617993144079173,0.27005443531867274,0.0,7.023095769698947,7.283700543789676,0.06338448145821805,0.5881214525550615,0.0,0.973282270721306,0.5196676200406108,False,0.48416163937858453,0.23664001171804036,0.7397058727368613,0.06038426539396603,0.9320106485858728,0.38138100981537715,2012,3.431006152213953,0.3037922128756507,2012,3.8539328031967526,0.46855,0.43774594594594596,0.4621,2012;2014;2016;2024-09-20,37,319,37,,m2_20260926T165115Z_1ffdde7
L1,cell_gate,AGRI,combined,S2_min5clusters,4,-0.11824140844628529,0.5362276678017482,-1.8247571686328583,1.5882743517402877,-5.046482626475007,4.809999809582437,1.0261008583850242,0.24720495790118557,15.977150886096476,28.432521857048393,2.946754100111521e-06,0.8944870238706489,0.7070038186043511,0.9936287858118954,1.0129663658705674,False,0.4704740401544237,0.13886402897257938,0.8303731779134035,0.006390811987139456,0.991917989848156,0.3834653487033911,2025,3.324129182643122,0.26262452983966195,2025,3.9910721525428343,0.4832566212729254,0.33237877976695357,0.4640671647996599,2012;2014;2024-09-20;2025,1239,1239,77,,m2_20260926T165115Z_1ffdde7
L1,cluster_gate,AGRI,combined,S2_min5clusters,4,0.2963147117448965,0.5047164108410568,-1.3099181651522784,1.9025475886420715,-4.345546971079548,4.938176394569341,0.9114765607476736,0.22322936294938395,14.224541901330081,30.68294193079559,9.912695618201671e-07,0.9022258032894497,0.7553383447175126,0.9949425057980537,0.9547128158497055,False,0.5735413712644286,0.21250053837597202,0.8701795907713687,0.012798490207617003,0.9928833522527413,0.6135541536845153,2024-09-20,2.2980013396817616,0.27034651360107237,2024-09-20,3.982498387534382,0.5749500000000001,0.5353,0.62495,2012;2014;2024-09-20;2025,77,1239,77,,m2_20260926T165115Z_1ffdde7
z_sensitivity,cell_gate,UNIVERSE,development,S2_min5clusters,4,0.6570421227139548,0.5926262241175991,-1.228959014643333,2.5430432600712427,-4.880692947597075,6.1947771930249855,1.3052953754537082,0.36298935914138736,18.67834978496731,66.62006195197478,2.2581775983295267e-14,0.9549685198107044,0.8211029573517865,0.9957837537159195,1.1424952408888662,False,0.658595629683735,0.2263636744468508,0.927104762239653,0.007534551078899887,0.9979640956741307,0.38379921378832765,2016,3.332695949930831,0.2595042364436361,2016,3.991305295167703,0.6408348450371363,0.7743988122909673,0.7180412200787647,2006;2012;2014;2016,294,294,40,,m2_20260926T165115Z_1ffdde7
z_sensitivity,cluster_gate,UNIVERSE,development,S2_min5clusters,4,0.3458877914808261,0.5262259276322541,-1.3287979676569326,2.0205735506185847,-4.595277429783728,5.28705301274538,1.0419082066187952,0.291576476663773,15.198743317152994,55.119066629150154,6.47609086220383e-12,0.9455723729833003,0.821517885378869,0.9958493498682394,1.0207390492279578,False,0.5856200251511587,0.2093582649679998,0.8829403024589407,0.009998440081924319,0.9949688007864723,0.32701873566893347,2006,3.7822372537946234,0.25418760134144586,2006,3.9991470763107886,0.5733250000000001,0.5843375000000001,0.58385,2006;2012;2014;2016,40,294,40,,m2_20260926T165115Z_1ffdde7
z_sensitivity,cell_gate,ALL,development,S2_min5clusters,4,1.879074922511972,0.4492412073879823,0.4493889018788959,3.308760943145048,-2.3081378643274295,6.066287709351373,0.7452422904496638,0.20867179810651104,10.300456011963085,86.7585841548489,1.0880054893826553e-18,0.9654212890952033,0.8644162604883455,0.9968325177969289,0.8632741687608079,False,0.8675048340131121,0.6104939300758642,0.9647281427425576,0.09045122544559785,0.9976855999709342,0.6876340663648396,2025,1.9411493569376008,0.2680413443390769,2025,3.975410541573971,0.8473878747791549,0.883509511943308,0.8559019017676571,2012;2014;2016;2025,533,533,47,,m2_20260926T165115Z_1ffdde7
z_sensitivity,cluster_gate,ALL,development,S2_min5clusters,4,1.776224060062324,0.44426888915069435,0.3623621752321997,3.1900859448924486,-2.365257011192969,5.917705131317617,0.7291109617215482,0.19426886862707043,10.919932456823444,50.96965491396707,4.9654537785719334e-11,0.9411414496514883,0.8051845058398452,0.9957140610142431,0.853879945730984,False,0.8552299873240575,0.5896121295616062,0.9604594845128231,0.08586067959927615,0.997315854592053,0.7592594790707088,2025,1.6780279878331077,0.2676453876634984,2025,3.9931743649250357,0.834125,0.8131957446808512,0.8251999999999999,2012;2014;2016;2025,47,533,47,,m2_20260926T165115Z_1ffdde7
z_sensitivity,cell_gate,FLAT,development,S2_min5clusters,4,0.6611072840936595,0.6136514242350157,-1.2918054236951515,2.6140199918824703,-5.079633908362214,6.4018484765495325,1.4036095861986424,0.40317556590001463,19.20970983576514,107.33526578841105,4.109088756219713e-23,0.9720501926560291,0.865149790332195,0.9967392666437578,1.1847403032726802,False,0.6595090805821281,0.21554738090141817,0.9317584500943716,0.006183710290851093,0.998344257270278,0.5040921874086932,2025,2.7699141058119268,0.26330442777054847,2025,3.983673677793226,0.6330363222450297,0.7259327592741418,0.6590498040961374,2012;2014;2016;2025,473,473,43,,m2_20260926T165115Z_1ffdde7
z_sensitivity,cluster_gate,FLAT,development,S2_min5clusters,4,0.7542941827653264,0.6153500983889802,-1.2040244643086497,2.7126128298393026,-5.042292883016473,6.5508812485471255,1.4363254791777225,0.4202015349941272,20.07514563521921,102.77948472315798,3.924435862710912e-22,0.9708112955802352,0.8671891457707473,0.9968045745553203,1.1984679716945807,False,0.6801136592828416,0.2307600604856447,0.9377668084749486,0.006417471826457587,0.99857318284989,0.5178234514069172,2025,2.818591432076368,0.25881184421991793,2025,3.997030647401408,0.6475500000000001,0.5945558139534883,0.67095,2012;2014;2016;2025,43,473,43,,m2_20260926T165115Z_1ffdde7
z_sensitivity,cell_gate,URBAN,development,S2_min5clusters,3,0.9787224135739092,0.18319036387704454,0.19051789437454625,1.7669269327732722,-1.654872212910976,3.6123170400587945,0.009401476983003575,0.0,2.2485775294064214,1.5242214982902655,0.46668034155451243,0.0,0.0,0.9518525820359796,0.09696121380739607,False,0.7268546417283412,0.5474859270824224,0.8540750887267843,0.16045154286405647,0.9737200369943607,0.6383438567217278,2016,2.0463537272029053,0.6106552482168445,2016,2.148331329154607,0.7117125120005879,0.7336994607881778,0.7201563459777708,2012;2014;2016,298,298,26,,m2_20260926T165115Z_1ffdde7
z_sensitivity,cluster_gate,URBAN,development,S2_min5clusters,3,0.47683040127307946,0.4564889055406385,-1.4872828342516928,2.4409436367978516,-9.933112235328766,10.886773037874926,0.4628380128063836,0.02789078703631986,20.95214055576062,9.143942651628235,0.010337560917187731,0.781275968562219,0.1533516517765441,0.9927043014413907,0.6803219920055382,False,0.6169991413750392,0.18432990943418606,0.9198966489641789,4.853813527579226e-05,0.9999812963476754,0.5691959259829324,2016,2.3694226161133223,0.3851688884270199,2016,2.9544735623252993,0.5960333333333333,0.564073076923077,0.5736,2012;2014;2016,26,298,26,,m2_20260926T165115Z_1ffdde7
z_sensitivity,cell_gate,AGRI,development,S2_min5clusters,3,0.6693821603442865,0.3275877824711762,-0.7401143061378926,2.078878626826466,-6.766867103561492,8.105631424250065,0.2351985510984602,0.011266308158223723,10.725374818047788,8.701843136607387,0.012894923550222146,0.7701636344619577,0.11952952135263997,0.9923217670474723,0.4849727323246743,False,0.6613648007664216,0.322979148662046,0.8888332801882548,0.0011499719396302276,0.9996982564921735,0.6348896041428119,2025,2.125873951396972,0.3977352450591166,2025,2.943233403565919,0.6677976087939969,0.7012073693242297,0.7235110170306938,2012;2014;2025,127,127,30,,m2_20260926T165115Z_1ffdde7
z_sensitivity,cluster_gate,AGRI,development,S2_min5clusters,3,0.7411666162936194,0.3514987524737481,-0.7712104505410834,2.253543683128322,-7.107832658947089,8.590165891534328,0.258038534929746,0.002924812306201727,11.889326651373173,7.653960990862954,0.02177526698082003,0.7386973878770046,0.02660914747152347,0.9910812029471718,0.5079749353361305,False,0.6772509104072385,0.31621731968991984,0.904955767914285,0.0008179977340921289,0.9998141093200966,0.6958210474217564,2025,1.879585907531842,0.4202184437581554,2025,2.8936971513563714,0.6839333333333334,0.67384,0.7072,2012;2014;2025,30,127,30,,m2_20260926T165115Z_1ffdde7
z_sensitivity,cell_gate,ALL,holdout,S2_min5clusters,1,1.010617580288202,0.0478816287613494,,,,,,,,,,,,,,False,0.7331409933012463,,,,,1.0,2024-09-20,1.0,1.0,2024-09-20,1.0,0.7331409933012462,0.7331409933012462,0.7331409933012462,2024-09-20,1254,1254,52,k=1: 통합 불가,m2_20260926T165115Z_1ffdde7
z_sensitivity,cluster_gate,ALL,holdout,S2_min5clusters,1,1.1412005868739707,0.08029741591170221,,,,,,,,,,,,,,False,0.7579,,,,,1.0,2024-09-20,1.0,1.0,2024-09-20,1.0,0.7579,0.7579,0.7579,2024-09-20,52,1254,52,k=1: 통합 불가,m2_20260926T165115Z_1ffdde7
z_sensitivity,cell_gate,FLAT,holdout,S2_min5clusters,1,-0.7103735644517527,0.08764872818373574,,,,,,,,,,,,,,False,0.3295163013580779,,,,,1.0,2024-09-20,1.0,1.0,2024-09-20,1.0,0.3295163013580779,0.3295163013580779,0.3295163013580779,2024-09-20,1216,1216,47,k=1: 통합 불가,m2_20260926T165115Z_1ffdde7
z_sensitivity,cluster_gate,FLAT,holdout,S2_min5clusters,1,-0.3355123133413591,0.13870195796322798,,,,,,,,,,,,,,False,0.4169,,,,,1.0,2024-09-20,1.0,1.0,2024-09-20,1.0,0.4169,0.4169,0.4169,2024-09-20,47,1216,47,k=1: 통합 불가,m2_20260926T165115Z_1ffdde7
z_sensitivity,cell_gate,URBAN,holdout,S2_min5clusters,1,-0.3684467757525077,0.5534694569730796,,,,,,,,,,,,,,False,0.40891638855252666,,,,,1.0,2024-09-20,1.0,1.0,2024-09-20,1.0,0.4089163885525266,0.40891638855252654,0.4089163885525266,2024-09-20,21,21,11,k=1: 통합 불가,m2_20260926T165115Z_1ffdde7
z_sensitivity,cluster_gate,URBAN,holdout,S2_min5clusters,1,-0.8534960303208006,0.5504001837479825,,,,,,,,,,,,,,False,0.2987,,,,,1.0,2024-09-20,1.0,1.0,2024-09-20,1.0,0.2987,0.2987,0.2987,2024-09-20,11,21,11,k=1: 통합 불가,m2_20260926T165115Z_1ffdde7
z_sensitivity,cell_gate,AGRI,holdout,S2_min5clusters,1,0.17288551447424938,0.07942330322117451,,,,,,,,,,,,,,False,0.54311404432939,,,,,1.0,2024-09-20,1.0,1.0,2024-09-20,1.0,0.54311404432939,0.54311404432939,0.54311404432939,2024-09-20,1112,1112,47,k=1: 통합 불가,m2_20260926T165115Z_1ffdde7
z_sensitivity,cluster_gate,AGRI,holdout,S2_min5clusters,1,0.4087995560126161,0.12162462502554458,,,,,,,,,,,,,,False,0.6008,,,,,1.0,2024-09-20,1.0,1.0,2024-09-20,1.0,0.6008,0.6008,0.6008,2024-09-20,47,1112,47,k=1: 통합 불가,m2_20260926T165115Z_1ffdde7
z_sensitivity,cell_gate,UNIVERSE,holdout,S2_min5clusters,1,-0.5086800587210707,0.13296037150612997,,,,,,,,,,,,,,False,0.3755030015172504,,,,,1.0,2024-09-20,1.0,1.0,2024-09-20,1.0,0.3755030015172504,0.3755030015172504,0.3755030015172504,2024-09-20,96,96,61,k=1: 통합 불가,m2_20260926T165115Z_1ffdde7
z_sensitivity,cluster_gate,UNIVERSE,holdout,S2_min5clusters,1,-0.5408064559779264,0.09476890575372904,,,,,,,,,,,,,,False,0.368,,,,,1.0,2024-09-20,1.0,1.0,2024-09-20,1.0,0.368,0.368,0.368,2024-09-20,61,96,61,k=1: 통합 불가,m2_20260926T165115Z_1ffdde7
z_sensitivity,cell_gate,UNIVERSE,combined,S2_min5clusters,5,0.4112461360710721,0.5127031072414598,-1.0122458964491785,1.8347381685913224,-3.479944908514619,4.302437180656763,1.2321415308437516,0.39488984933146537,10.58385978352684,100.85166519184185,6.4791866327686204e-21,0.9603377892433295,0.8794767302798415,0.9949129788738423,1.1100187074296322,False,0.6013866412280999,0.26654055529519305,0.8623252106068481,0.029888277138123455,0.9866452335970771,0.5107031899482459,2024-09-20,3.0061183972986836,0.21032186876395095,2024-09-20,4.987305551029464,0.5877684763331591,0.67620907425436,0.6447196119718827,2006;2012;2014;2016;2024-09-20,390,390,101,,m2_20260926T165115Z_1ffdde7
z_sensitivity,cluster_gate,UNIVERSE,combined,S2_min5clusters,5,0.15921698501065215,0.44268784103780545,-1.0698815043693417,1.388315474390646,-3.206066998495858,3.5245009685171618,0.9228663567986305,0.2960038793757784,8.063043192898196,77.25119520387638,6.654139881132347e-16,0.9482208658462377,0.8798272939935827,0.9950107576186387,0.960659334414979,False,0.5397203722368101,0.2554256194180527,0.8003231820570438,0.03893804816064196,0.9713769139887939,0.6336336045077284,2024-09-20,2.2884362218395813,0.20962466952090558,2024-09-20,4.996063854078733,0.5322600000000001,0.4536782178217822,0.5591,2006;2012;2014;2016;2024-09-20,101,390,101,,m2_20260926T165115Z_1ffdde7
z_sensitivity,cell_gate,ALL,combined,S2_min5clusters,5,1.693054848389717,0.38674163127697925,0.6192879392545381,2.766821757524896,-1.238198664143433,4.624308360922867,0.6987995207960817,0.22417468543988484,5.857307872723221,101.63431797443273,4.414300192294464e-21,0.9606432150112303,0.9423165596427276,0.99766263489814,0.8359422951353052,False,0.8446254798351738,0.6500565841565661,0.9408563787586891,0.2247496899420872,0.9902848716915169,0.697631215599125,2024-09-20,1.8734005812575938,0.2133372693541913,2024-09-20,4.967982101595832,0.8245384984835733,0.7779906969588951,0.8378485122254055,2012;2014;2016;2024-09-20;2025,1787,1787,99,,m2_20260926T165115Z_1ffdde7
z_sensitivity,cluster_gate,ALL,combined,S2_min5clusters,5,1.637655637655937,0.3647333451763202,0.6249935267387254,2.6503177485731486,-1.0929263706335104,4.368237645945385,0.6053798123328491,0.18362012671957414,5.534978367421391,52.05118877601232,1.3458703433744177e-10,0.923152571649941,0.8965133780244411,0.996185199103087,0.7780615736128145,False,0.8372156871680869,0.6513533946406747,0.9340305720699535,0.2510676243613134,0.9874850526965273,0.4954268043885579,2024-09-20,2.5178140029427536,0.21379787398485764,2024-09-20,4.984664593511676,0.81888,0.7841515151515152,0.7932,2012;2014;2016;2024-09-20;2025,99,1787,99,,m2_20260926T165115Z_1ffdde7
z_sensitivity,cell_gate,FLAT,combined,S2_min5clusters,5,0.3724365339625231,0.5474234854968566,-1.1474547228155396,1.8923277907405858,-3.795633660942595,4.540506728867641,1.4156583004223628,0.46668270482607727,11.69753368051113,156.8198886530581,7.028598640788922e-33,0.9744930312452305,0.9291131381058073,0.9969653778167126,1.1898143974680937,False,0.5920475994775436,0.24095429535773843,0.8690207160177095,0.021974916773427555,0.9894446055413536,0.6353452540064408,2024-09-20,2.214006762506649,0.2105416458146962,2024-09-20,4.980871507942638,0.5723323180676394,0.440531685960978,0.6052207399910501,2012;2014;2016;2024-09-20;2025,1689,1689,90,,m2_20260926T165115Z_1ffdde7
z_sensitivity,cluster_gate,FLAT,combined,S2_min5clusters,5,0.5279524744861187,0.5227984971484578,-0.9235688539264796,1.9794738028987169,-3.4646290966232884,4.520534045595526,1.3006117766490788,0.4302715541285464,10.907399227187044,117.50918358917332,1.817926335209948e-24,0.9659601073054469,0.9040312052723569,0.9958298355792478,1.1404436753514304,False,0.6290054326729411,0.2842312741308652,0.8786250580153471,0.030335570446303077,0.9892339590979062,0.41841494266927265,2024-09-20,3.3889725173278764,0.20708282501265243,2024-09-20,4.994918612213252,0.6014200000000001,0.50178,0.6417,2012;2014;2016;2024-09-20;2025,90,1689,90,,m2_20260926T165115Z_1ffdde7
z_sensitivity,cell_gate,URBAN,combined,S2_min5clusters,4,0.7038240266769766,0.30463744999055453,-0.2656683004965139,1.6733163538504672,-1.5397352589015467,2.9473833122555,0.18658643096676852,0.0,5.996942066472502,7.016796644782189,0.07136432888421028,0.5724544757569893,0.0,0.9777888615572936,0.43195651513406824,False,0.6690350621393811,0.4339708284330959,0.8420174765046494,0.17657376363965435,0.9501396706641976,0.5830010690532084,2016,2.4088838817248344,0.36749074798760695,2016,3.600286417082653,0.6360134811385726,0.7123187569732916,0.689045236275659,2012;2014;2016;2024-09-20,319,319,37,,m2_20260926T165115Z_1ffdde7
z_sensitivity,cluster_gate,URBAN,combined,S2_min5clusters,4,0.17367066928423247,0.4555935551332218,-1.2762313569605586,1.6235726955290235,-3.7762977233258304,4.123639061894295,0.6352153460420179,0.09215895116722173,10.475848607359655,15.908349016780324,0.0011841159946122835,0.8114197773234946,0.34414694721499667,0.9835111554691864,0.7970039811958394,False,0.543308866964791,0.21819241281870247,0.8352872590153727,0.022394348897310967,0.9840722909680005,0.49629645447770154,2016,2.9650400934229384,0.290955617145476,2016,3.9522245322794918,0.5217,0.48517837837837835,0.5084500000000001,2012;2014;2016;2024-09-20,37,319,37,,m2_20260926T165115Z_1ffdde7
z_sensitivity,cell_gate,AGRI,combined,S2_min5clusters,4,0.5015945904683466,0.24912806313982414,-0.291242093613473,1.2944312745501663,-1.61897329058288,2.622162471519573,0.1823091374164161,0.014481622986241642,3.5240479560526645,11.561997173017671,0.009044585445571678,0.7405292567445766,0.2686243073376225,0.9889353282967107,0.4269767410719419,False,0.6228339926408999,0.42769980921650425,0.7848962839324426,0.16534651464274933,0.9322743701262276,0.776972654546015,2024-09-20,1.594681405764203,0.32124982088193726,2024-09-20,3.8296422068614353,0.6366267176778452,0.5593189291351565,0.6333125306800419,2012;2014;2024-09-20;2025,1239,1239,77,,m2_20260926T165115Z_1ffdde7
z_sensitivity,cluster_gate,AGRI,combined,S2_min5clusters,4,0.6003758586296694,0.23586254663940934,-0.15024403147772514,1.3509957487370639,-1.2785681357319394,2.479319852991278,0.13771501478113463,0.0,3.269569822268432,7.875923694252313,0.048646810540744816,0.6190922974292732,0.0,0.9842012371471456,0.37109973697260235,False,0.6457422920484958,0.4625094892277126,0.7942923732533166,0.2177940571254676,0.9226792886140132,0.6285811217545825,2024-09-20,2.134430227159325,0.34743792445941246,2024-09-20,3.6390939253148953,0.66315,0.6292571428571428,0.654,2012;2014;2024-09-20;2025,77,1239,77,,m2_20260926T165115Z_1ffdde7
rf_F1_wf,cell_gate,ALL,development,S2_min5clusters,4,1.7781303992507345,0.18678875782078164,1.1836852070554547,2.3725755914460143,0.16432057397307598,3.391940224528393,0.10725674037650856,0.015570802931067936,2.016877959410199,15.140621032409289,0.0017003375654132083,0.8018575332162172,0.427091813845278,0.9897500744294951,0.32750074866556955,False,0.8554658545379967,0.7656097667181788,0.9147120073693928,0.5409879577926243,0.9674516956954464,0.5596856015090917,2025,2.5389980175039133,0.2911503614479304,2025,3.936201821621696,0.8469948115205546,0.8400542025402497,0.8533918137421421,2012;2014;2016;2025,533,533,47,,m2_20260926T165115Z_1ffdde7
rf_F1_wf,cluster_gate,ALL,development,S2_min5clusters,4,1.564968514142323,0.3029764302091485,0.6007622932351713,2.529174735049475,-1.1938748814731774,4.323811909757824,0.32225429056340105,0.07783152954973153,5.24543218119772,31.78563196055494,5.807152339857255e-07,0.9056177330775455,0.7610957322783901,0.9953640274964617,0.5676744582623047,False,0.8270651467787128,0.6458306875341172,0.926161936670315,0.23256663272558772,0.9869239659715424,0.6665149482144765,2025,2.059099950436706,0.27052492527176164,2025,3.983718652201016,0.81585,0.800668085106383,0.8365,2012;2014;2016;2025,47,533,47,,m2_20260926T165115Z_1ffdde7
rf_F1_wf,cell_gate,FLAT,development,S2_min5clusters,4,0.431025069183887,0.26530175504141656,-0.41328352093295245,1.2753336593007265,-1.9239864853196789,2.786036623687453,0.2296412369770323,0.041078477673572845,3.9187691523007944,18.862780881422893,0.00029185297974436815,0.840956642667966,0.4873724164686905,0.9890945524100029,0.4792089700506787,False,0.6061184189040549,0.39812505638126167,0.7816544151505107,0.12741768053997146,0.9419165888835555,0.5223068279572066,2025,2.7985078359848394,0.2827398481065639,2025,3.9667782229164916,0.5992850826648874,0.6004994937129889,0.5991906137365344,2012;2014;2016;2025,473,473,43,,m2_20260926T165115Z_1ffdde7
rf_F1_wf,cluster_gate,FLAT,development,S2_min5clusters,4,0.2715034284399853,0.3355488568614509,-0.7963627913209108,1.3393696482008814,-2.5688622632320235,3.111869120111994,0.3317830537019726,0.037894912286606505,6.70038935145302,12.512037145646573,0.0058199777630615,0.7602308908550661,0.35475856057509064,0.9898181743179051,0.5760061229726404,False,0.5674619571600468,0.3108040901935287,0.7923862612053559,0.0711694767860341,0.9573796882579576,0.7162350157494681,2025,1.8497675168196812,0.30014407122169134,2025,3.9421729500205727,0.5597000000000001,0.5373162790697674,0.54315,2012;2014;2016;2025,43,473,43,,m2_20260926T165115Z_1ffdde7
rf_F1_wf,cell_gate,URBAN,development,S2_min5clusters,3,0.7664568966895668,0.20839855272562813,-0.13020970507119423,1.6631234984503278,-3.1707523926635375,4.703666186042671,0.05258641796490472,0.0,4.036332122763866,3.104105377451999,0.21181274165466107,0.3556919766552199,0.0,0.9800064696218501,0.22931728666828569,False,0.6827539514499853,0.4674934885789502,0.8406568500945939,0.04028131881191664,0.9910193890614709,0.6214739503930015,2016,2.183210088976382,0.49077885414787675,2016,2.697857096593982,0.6630413627373272,0.6774878139211212,0.6569029142955682,2012;2014;2016,298,298,26,,m2_20260926T165115Z_1ffdde7
rf_F1_wf,cluster_gate,URBAN,development,S2_min5clusters,3,0.4281690286709383,0.37528432444580745,-1.1865490943379977,2.0428871516798743,-7.842950149119472,8.699288206461349,0.2828991362348285,0.0,14.967000830902728,6.404327706695076,0.0406740959076852,0.6877111710087536,0.0,0.9908464299264316,0.5318826338910009,False,0.6054363647350869,0.23387669553816448,0.88522692958828,0.0003923553665659642,0.9998333233578324,0.44553112436594783,2016,2.8196792478694293,0.3676868562718617,2016,2.980374032527295,0.5898666666666667,0.5641730769230768,0.5208,2012;2014;2016,26,298,26,,m2_20260926T165115Z_1ffdde7
rf_F1_wf,cell_gate,AGRI,development,S2_min5clusters,3,0.6547576506493178,0.1487022370544726,0.014943564467039594,1.294571736831596,-1.1143528932880393,2.423868194586675,0.0,0.0,6.41606028858943,2.2813228774452186,0.3196075510762255,0.12331567803337998,0.0,0.9863289274512255,0.0,False,0.6580817860738599,0.5037358215964549,0.7849199978073499,0.24706026562995498,0.9186293586178215,0.7224799286247737,2025,1.772962850846777,0.7224799286247737,2025,1.772962850846777,0.6158752056133823,0.6183937705733774,0.6704547509403028,2012;2014;2025,127,127,30,,m2_20260926T165115Z_1ffdde7
rf_F1_wf,cluster_gate,AGRI,development,S2_min5clusters,3,0.4850116495341852,0.22135352264255606,-0.46739568890346794,1.4374189879718382,-4.077005273209597,5.047028572277968,0.079911275696197,0.0,4.87486213071249,4.373940688908064,0.11225633196600426,0.5427464288503437,0.0,0.9861334512947747,0.2826858250712211,False,0.6189306024108447,0.38523283405229675,0.808054648711738,0.01667539059680244,0.9936126538179983,0.6656288702629,2025,2.0039129100866386,0.4635200814513808,2025,2.7870291220543737,0.6006999999999999,0.6118733333333334,0.6007,2012;2014;2025,30,127,30,,m2_20260926T165115Z_1ffdde7
rf_F1_wf,cell_gate,UNIVERSE,development,S2_min5clusters,3,0.9950543530248943,0.3230271754106386,-0.39481940503894797,2.384928111088737,-6.384518903101829,8.374627609151617,0.23296467282592667,0.0068335758810949805,11.943358799902281,8.045138674503868,0.017906896925376677,0.7514026692494101,0.07879667790254641,0.9933553248521776,0.48266414081214554,False,0.7300850949683013,0.4025576673981756,0.9156707526390037,0.0016846373497383519,0.9997694074432257,0.3827868914735629,2016,2.9672141674769477,0.3453473580206482,2016,2.998041988980794,0.718966047154196,0.7321110915034784,0.7060697486826529,2012;2014;2016,284,284,35,,m2_20260926T165115Z_1ffdde7
rf_F1_wf,cluster_gate,UNIVERSE,development,S2_min5clusters,3,0.8658393521755106,0.3467369201976915,-0.6260492040180079,2.357727908369029,-6.980151947562241,8.711830651913262,0.2616375143423299,0.0,14.2193903840753,7.322945711478683,0.02569464034442719,0.7268858627662623,0.0,0.9932086425124591,0.5115051459587967,False,0.7038792168473835,0.3484069076575814,0.9135465258946487,0.0009292974595895993,0.9998354004930169,0.36540716107414967,2012,2.98414597351316,0.3417910842513965,2012,2.998861204851467,0.6953999999999999,0.6631114285714286,0.6708,2012;2014;2016,35,284,35,,m2_20260926T165115Z_1ffdde7
rf_F1_wf,cell_gate,ALL,holdout,S2_min5clusters,1,1.67884343753607,0.05886445216847101,,,,,,,,,,,,,,False,0.8427513224372052,,,,,1.0,2024-09-20,1.0,1.0,2024-09-20,1.0,0.8427513224372053,0.8427513224372053,0.8427513224372053,2024-09-20,1254,1254,52,k=1: 통합 불가,m2_20260926T165115Z_1ffdde7
rf_F1_wf,cluster_gate,ALL,holdout,S2_min5clusters,1,1.507564598621597,0.08872265920482589,,,,,,,,,,,,,,False,0.8187000000000001,,,,,1.0,2024-09-20,1.0,1.0,2024-09-20,1.0,0.8187,0.8187,0.8187,2024-09-20,52,1254,52,k=1: 통합 불가,m2_20260926T165115Z_1ffdde7
rf_F1_wf,cell_gate,FLAT,holdout,S2_min5clusters,1,0.04155955504530662,0.06038354483085164,,,,,,,,,,,,,,False,0.5103883935711828,,,,,1.0,2024-09-20,1.0,1.0,2024-09-20,1.0,0.5103883935711828,0.5103883935711828,0.5103883935711828,2024-09-20,1216,1216,47,k=1: 통합 불가,m2_20260926T165115Z_1ffdde7
rf_F1_wf,cluster_gate,FLAT,holdout,S2_min5clusters,1,0.010000083334583132,0.11973449200738998,,,,,,,,,,,,,,False,0.5025,,,,,1.0,2024-09-20,1.0,1.0,2024-09-20,1.0,0.5025,0.5025,0.5025,2024-09-20,47,1216,47,k=1: 통합 불가,m2_20260926T165115Z_1ffdde7
rf_F1_wf,cell_gate,URBAN,holdout,S2_min5clusters,1,0.3246868646340838,0.41828629111297405,,,,,,,,,,,,,,False,0.5804660503854219,,,,,1.0,2024-09-20,1.0,1.0,2024-09-20,1.0,0.5804660503854219,0.5804660503854219,0.5804660503854219,2024-09-20,21,21,11,k=1: 통합 불가,m2_20260926T165115Z_1ffdde7
rf_F1_wf,cluster_gate,URBAN,holdout,S2_min5clusters,1,-0.14786884394181754,0.3942630893978849,,,,,,,,,,,,,,False,0.4631,,,,,1.0,2024-09-20,1.0,1.0,2024-09-20,1.0,0.4631,0.4631,0.4631,2024-09-20,11,21,11,k=1: 통합 불가,m2_20260926T165115Z_1ffdde7
rf_F1_wf,cell_gate,AGRI,holdout,S2_min5clusters,1,0.6478904654282946,0.0636053396731979,,,,,,,,,,,,,,False,0.6565349265486227,,,,,1.0,2024-09-20,1.0,1.0,2024-09-20,1.0,0.6565349265486227,0.6565349265486227,0.6565349265486227,2024-09-20,1112,1112,47,k=1: 통합 불가,m2_20260926T165115Z_1ffdde7
rf_F1_wf,cluster_gate,AGRI,holdout,S2_min5clusters,1,0.5313589085275273,0.11570025181034908,,,,,,,,,,,,,,False,0.6298000000000001,,,,,1.0,2024-09-20,1.0,1.0,2024-09-20,1.0,0.6298,0.6298,0.6298,2024-09-20,47,1112,47,k=1: 통합 불가,m2_20260926T165115Z_1ffdde7
rf_F1_wf,cell_gate,UNIVERSE,holdout,S2_min5clusters,1,0.2657043137393471,0.1410052607223442,,,,,,,,,,,,,,False,0.566038017844185,,,,,1.0,2024-09-20,1.0,1.0,2024-09-20,1.0,0.566038017844185,0.566038017844185,0.566038017844185,2024-09-20,96,96,61,k=1: 통합 불가,m2_20260926T165115Z_1ffdde7
rf_F1_wf,cluster_gate,UNIVERSE,holdout,S2_min5clusters,1,0.1792786420488922,0.1117729977624234,,,,,,,,,,,,,,False,0.5447,,,,,1.0,2024-09-20,1.0,1.0,2024-09-20,1.0,0.5447,0.5447,0.5447,2024-09-20,61,96,61,k=1: 통합 불가,m2_20260926T165115Z_1ffdde7
rf_F1_wf,cell_gate,ALL,combined,S2_min5clusters,5,1.7609898808718862,0.14071971757705531,1.370289309800255,2.1516904519435176,0.8146792241706583,2.707300537573114,0.07031931358470317,0.011918474450613245,0.8886817798692571,18.36652862541636,0.001046275364102727,0.7822125192201734,0.4919667089013019,0.9863397891273026,0.2651778904522456,False,0.8533335924440152,0.7974268918980958,0.8958266375993614,0.6931057212682984,0.9374560599933035,0.5491295370932894,2024-09-20,2.620490328468274,0.24530441803282854,2024-09-20,4.832141637772701,0.8461461137038848,0.8419468652995011,0.8522077070862744,2012;2014;2016;2024-09-20;2025,1787,1787,99,,m2_20260926T165115Z_1ffdde7
rf_F1_wf,cluster_gate,ALL,combined,S2_min5clusters,5,1.5494392144865454,0.23074120398295342,0.9087989281206288,2.190079500852462,-0.10923306703602753,3.2081114960091184,0.22181826242777478,0.058946501047492654,2.3183317175428813,33.23665518112349,1.0683577624390376e-06,0.8796509462759727,0.7837792261901457,0.9930345292476088,0.4709758618313414,False,0.8248327222275821,0.712754323432655,0.8993551027239292,0.472718854089223,0.961138388693876,0.4350279817598101,2025,3.053316047426866,0.21843246473787578,2025,4.961484814192788,0.8164199999999999,0.8101393939393938,0.8187,2012;2014;2016;2024-09-20;2025,99,1787,99,,m2_20260926T165115Z_1ffdde7
rf_F1_wf,cell_gate,FLAT,combined,S2_min5clusters,5,0.33961024492137687,0.21697372255852448,-0.26280538503278245,0.9420258748755361,-1.2125533549197334,1.8917738447624872,0.1917534505125554,0.044474770181754344,1.9633395290926698,28.134572151397744,1.1713598019220386e-05,0.857826165669938,0.6600626476933822,0.9884682621293267,0.4378966208051341,False,0.5840958436613801,0.4346742078963267,0.7195086930030038,0.22924957605907,0.8689576509407105,0.7173969626935282,2024-09-20,1.8409539568924898,0.23604830692400974,2024-09-20,4.9195559598440255,0.5815057448461465,0.5356237697506229,0.5363909380592781,2012;2014;2016;2024-09-20;2025,1689,1689,90,,m2_20260926T165115Z_1ffdde7
rf_F1_wf,cluster_gate,FLAT,combined,S2_min5clusters,5,0.2068722820142356,0.2535425593374103,-0.49707471581743845,0.9108192798459096,-1.4312710819034933,1.8450156459319647,0.20994889759870883,0.024851414179774444,3.0319552766103017,14.199484254493527,0.00668486072756935,0.7182996277675245,0.3957580164196788,0.987640289696677,0.4582018088121312,False,0.551534411964465,0.3782283673029862,0.713167783489303,0.19290071220538868,0.8635408198842346,0.42402815731747034,2024-09-20,2.784404189202732,0.24527655750436225,2024-09-20,4.829000215330807,0.54826,0.5191344444444445,0.5405,2012;2014;2016;2024-09-20;2025,90,1689,90,,m2_20260926T165115Z_1ffdde7
rf_F1_wf,cell_gate,URBAN,combined,S2_min5clusters,4,0.6923803453610322,0.1940334642885718,0.07487926383446863,1.3098814268875958,-0.6293276284773468,2.014088319199411,0.05671329556195149,0.0,1.3428967808567829,4.413657909182361,0.22012231825953874,0.32029168056756896,0.0,0.9341248205753037,0.23814553441530556,False,0.6664962370711354,0.5187110741755326,0.7874933136287386,0.3476630116359757,0.8822683437551081,0.5511782752858387,2016,2.680416576217579,0.40649405386275966,2016,3.5133722484903847,0.6423975346493509,0.6711008012745705,0.6262505600996982,2012;2014;2016;2024-09-20,319,319,37,,m2_20260926T165115Z_1ffdde7
rf_F1_wf,cluster_gate,URBAN,combined,S2_min5clusters,4,0.29179570282973505,0.3094021401579365,-0.6928599949627618,1.2764514006222318,-2.20017355794308,2.78376496360255,0.23970871049786038,0.0,4.4411111745091985,8.563619201357383,0.03569229927375162,0.6496808265920462,0.0,0.9691711715593997,0.48960056219111964,False,0.5724356937692583,0.3333971554092878,0.7818451208881234,0.099734904641927,0.9417921821406618,0.346172706889761,2016,3.7901690072904315,0.28168353222717246,2016,3.973843834562244,0.558175,0.5341243243243243,0.50925,2012;2014;2016;2024-09-20,37,319,37,,m2_20260926T165115Z_1ffdde7
rf_F1_wf,cell_gate,AGRI,combined,S2_min5clusters,4,0.6490761563251031,0.057854278804866356,0.46495802049770263,0.8331942921525035,0.4001492856976584,0.8980030269525477,0.0,0.0,1.4738074657508864,2.2833355035174936,0.5157208974087584,0.0,0.0,0.977698752510055,0.0,False,0.6568022464250949,0.614189695331765,0.6970299221631356,0.5987235270770177,0.7105389512373639,0.8273396073286955,2024-09-20,1.4259123105417062,0.8273396073286955,2024-09-20,1.4259123105417062,0.6260401358471923,0.652625381101604,0.6634948387444628,2012;2014;2024-09-20;2025,1239,1239,77,,m2_20260926T165115Z_1ffdde7
rf_F1_wf,cluster_gate,AGRI,combined,S2_min5clusters,4,0.5429786450456725,0.1223171108030577,0.15371100769750362,0.9322462823938413,-0.17792635041359217,1.2638836405049372,0.01502988338538799,0.0,1.1378994219195921,4.499365437917311,0.21234689583352356,0.3332393108774345,0.0,0.9673989377297788,0.12259642484749704,False,0.6325050540324167,0.538352268985621,0.7175307851934144,0.4556353911308548,0.7796939303487452,0.5619157809406332,2024-09-20,2.4300104520209667,0.45898694061561446,2024-09-20,2.964785825080042,0.6079749999999999,0.6228155844155844,0.6152500000000001,2012;2014;2024-09-20;2025,77,1239,77,,m2_20260926T165115Z_1ffdde7
rf_F1_wf,cell_gate,UNIVERSE,combined,S2_min5clusters,4,0.7859894059502044,0.29559871367746393,-0.1547376282392573,1.7267164401396662,-1.8451760234696466,3.4171548353700554,0.2865801666245723,0.05417020646592578,4.559997459892824,20.57424359463144,0.00012903589935684727,0.8541866199745585,0.49308778613468013,0.9879348505328872,0.5353318285181372,False,0.6869695302177441,0.46139259599943677,0.8489919349063038,0.13644028263772315,0.9682363859486258,0.5711798709875793,2024-09-20,2.575863761168505,0.2851198978981773,2024-09-20,3.9725853604713204,0.6807340398266932,0.6901557886842885,0.6636844307866638,2012;2014;2016;2024-09-20,380,380,96,,m2_20260926T165115Z_1ffdde7
rf_F1_wf,cluster_gate,UNIVERSE,combined,S2_min5clusters,4,0.6600982649025321,0.2986032894092287,-0.2901906702234295,1.6103872000284936,-1.9645230868382026,3.2847196166432666,0.2833053211380262,0.04501760826550318,4.960833797856868,17.11431032760222,0.0006694957927260958,0.8247080985108962,0.43042590961415667,0.9881342413959932,0.532264333896257,False,0.6592824619532128,0.4279571884818114,0.8334651371160914,0.12297837890944728,0.9639008673762414,0.7212388397161258,2024-09-20,1.8307451476610845,0.30018940310304976,2024-09-20,3.9461159336360216,0.6577249999999999,0.5878708333333333,0.63125,2012;2014;2016;2024-09-20,96,380,96,,m2_20260926T165115Z_1ffdde7
logit_F1_wf,cell_gate,ALL,development,S2_min5clusters,4,1.6514164908522102,0.11151078978118281,1.2965393899138167,2.0062935917906035,1.2888733928234866,2.013959588880934,0.002136370374377096,0.0,8.286589320409327,7.832787853447192,0.049596885934231026,0.6169946057354653,0.0,0.9975576839021995,0.04622088677618698,False,0.8390824013201804,0.7852519919402507,0.8814562827313319,0.7839564381809786,0.8822549717613395,0.4601980274799566,2025,2.589489263127228,0.4448885147069309,2025,2.667967356826243,0.7606632626030037,0.7142550811454842,0.8332817875550449,2012;2014;2016;2025,533,533,47,,m2_20260926T165115Z_1ffdde7
logit_F1_wf,cluster_gate,ALL,development,S2_min5clusters,4,1.1754969624787674,0.4165603114369095,-0.1501838615814559,2.5011777865389906,-2.6484106909538756,4.99940461591141,0.623077080414826,0.16131918874610388,9.982495975369453,36.773325620512914,5.138572068939619e-08,0.918419127196738,0.8378866936746703,0.9968830884097103,0.7893523170389924,False,0.7641371798724085,0.46252444716441804,0.9242243459571657,0.0660870332902236,0.9933031897657923,0.7033461414192672,2025,1.8964343627331508,0.26468284970671363,2025,3.9915919004041935,0.7370249999999999,0.7192297872340424,0.80915,2012;2014;2016;2025,47,533,47,,m2_20260926T165115Z_1ffdde7
logit_F1_wf,cell_gate,FLAT,development,S2_min5clusters,4,0.2179368894350786,0.17032116695638158,-0.32410107905686747,0.7599748579270247,-0.8113929692078707,1.247266748078028,0.03334145020510227,0.0,3.4015002141391406,5.279006964673289,0.15247041232967154,0.4317113009935825,0.0,0.9824360683919658,0.18259641345081856,False,0.5542695909581543,0.41967660989339295,0.6813482751479749,0.3075937418637857,0.7768263635995234,0.5350556130403273,2025,2.6205359891563833,0.42082867170577964,2025,3.1521549403398614,0.5174847966579517,0.4930241470503293,0.5402944555086681,2012;2014;2016;2025,473,473,43,,m2_20260926T165115Z_1ffdde7
logit_F1_wf,cluster_gate,FLAT,development,S2_min5clusters,4,0.12465550530923432,0.15243984543806258,-0.3604761175831474,0.6097871282016161,-0.4350457986770052,0.6843568092954738,0.00323221159235967,0.0,3.5766621636884612,5.225323682679446,0.1560220831726226,0.4258728870817707,0.0,0.9803819046946388,0.05685254253205981,False,0.5311235843259919,0.4108443161884882,0.6478922416165047,0.3929220873184192,0.6647103973713809,0.6689991837788601,2025,2.0388550319035765,0.6396145537658974,2025,2.176030479871342,0.514375,0.5124116279069767,0.55935,2012;2014;2016;2025,43,473,43,,m2_20260926T165115Z_1ffdde7
logit_F1_wf,cell_gate,URBAN,development,S2_min5clusters,3,0.24025660941195737,0.25474076631880643,-0.855804444168125,1.3363176629920397,-4.03311219619188,4.513625415015795,0.0607455337850326,0.0,12.379666631115281,3.4392451777057005,0.1791337422264138,0.4184770504398329,0.0,0.990829116263632,0.24646609053789245,False,0.5597768856535699,0.2982166621823242,0.7918837302338841,0.017410598625240338,0.989160132024358,0.7697050852406827,2016,1.6059601934097176,0.5895100221993467,2016,2.2779022916782354,0.5082394430867329,0.5108135668401554,0.5651974478358338,2012;2014;2016,298,298,26,,m2_20260926T165115Z_1ffdde7
logit_F1_wf,cluster_gate,URBAN,development,S2_min5clusters,3,0.28487604314923404,0.2092423789544155,-0.6154212498382532,1.1851733361367212,-2.8952394390881357,3.464991525386604,0.018857963714658123,0.0,5.152133146716695,2.1377115787319756,0.3434012160340157,0.06442009301070532,0.0,0.9756561684600579,0.1373243012531217,False,0.5707412432683185,0.35082353160138546,0.765876708081376,0.052389396946905614,0.969675088698541,0.6048475762223727,2016,2.252658272360969,0.561661132755897,2016,2.4298948942049083,0.5441666666666666,0.5373115384615385,0.5685,2012;2014;2016,26,298,26,,m2_20260926T165115Z_1ffdde7
logit_F1_wf,cell_gate,AGRI,development,S2_min5clusters,3,0.6495564404898813,0.1455500963092152,0.023304921289739378,1.2758079596900231,-1.0503357384080196,2.349448619387782,0.0,0.0,6.918822561185921,2.3672489699037964,0.3061670273444292,0.15513745050598593,0.0,0.9902774415475092,0.0,False,0.6569105005915308,0.505825966641884,0.7817353535588695,0.2591606350400342,0.9128903909134902,0.597009036380398,2025,2.1140269601015342,0.597009036380398,2025,2.1140269601015342,0.604621865326309,0.6011820166064163,0.6417280475455686,2012;2014;2025,127,127,30,,m2_20260926T165115Z_1ffdde7
logit_F1_wf,cluster_gate,AGRI,development,S2_min5clusters,3,0.2815396010151956,0.36899376836880315,-1.306112443717376,1.869191645747767,-7.964542318344858,8.527621520375249,0.294779123223788,0.014342793483429322,17.747628635924613,8.746757077095845,0.012608569986757752,0.771343826932478,0.1731109509982342,0.9961545882381875,0.5429356529311627,False,0.5699236371543209,0.21313810006452613,0.8663647164351925,0.0003474499859277265,0.9998021139951132,0.6265893201054529,2025,2.0757842841811245,0.3911862203098082,2025,2.913080249698733,0.5444333333333334,0.5657,0.5783,2012;2014;2025,30,127,30,,m2_20260926T165115Z_1ffdde7
logit_F1_wf,cell_gate,UNIVERSE,development,S2_min5clusters,3,0.25444454007606665,0.5201723302695872,-1.9836763566985114,2.4925654368506445,-11.989631643362772,12.498520723514906,0.6709558939626105,0.09106258569135421,33.6817462670376,12.647875731869172,0.0017928695073840145,0.8418706791243569,0.5108361829992079,0.9974177686307434,0.8191189742415997,False,0.5632701496548814,0.12092748141907234,0.9236189832133594,6.208210600602478e-06,0.9999962678439271,0.5797995054011292,2016,2.2767658572578924,0.36126370169710303,2016,2.980470978217856,0.5469576033497147,0.5438825146150024,0.6364394439381083,2012;2014;2016,284,284,35,,m2_20260926T165115Z_1ffdde7
logit_F1_wf,cluster_gate,UNIVERSE,development,S2_min5clusters,3,0.5055489224311037,0.22783145414808834,-0.47473070568195797,1.4858285505441655,-3.847506215124373,4.858604059986581,0.06546270254615494,0.0,5.351716566103721,3.367573658764881,0.1856695442141888,0.40610059269392895,0.0,0.9832819171175908,0.25585680085968976,False,0.6237624597297974,0.38349716195247785,0.8154513351426012,0.020887284037503517,0.9922984633616612,0.46592887621123613,2016,2.7535304852869413,0.4066486932642348,2016,2.914684608206523,0.6091666666666666,0.58522,0.5803,2012;2014;2016,35,284,35,,m2_20260926T165115Z_1ffdde7
logit_F1_wf,cell_gate,ALL,holdout,S2_min5clusters,1,1.7030343118925841,0.06687702184907904,,,,,,,,,,,,,,False,0.8459306181162206,,,,,1.0,2024-09-20,1.0,1.0,2024-09-20,1.0,0.8459306181162206,0.8459306181162206,0.8459306181162206,2024-09-20,1254,1254,52,k=1: 통합 불가,m2_20260926T165115Z_1ffdde7
logit_F1_wf,cluster_gate,ALL,holdout,S2_min5clusters,1,1.4448203462794045,0.10991940351604206,,,,,,,,,,,,,,False,0.8092,,,,,1.0,2024-09-20,1.0,1.0,2024-09-20,1.0,0.8092,0.8092,0.8092,2024-09-20,52,1254,52,k=1: 통합 불가,m2_20260926T165115Z_1ffdde7
logit_F1_wf,cell_gate,FLAT,holdout,S2_min5clusters,1,-0.0001272289298492879,0.07980814437548997,,,,,,,,,,,,,,False,0.49996819276758064,,,,,1.0,2024-09-20,1.0,1.0,2024-09-20,1.0,0.4999681927675806,0.49996819276758064,0.4999681927675806,2024-09-20,1216,1216,47,k=1: 통합 불가,m2_20260926T165115Z_1ffdde7
logit_F1_wf,cluster_gate,FLAT,holdout,S2_min5clusters,1,-0.09246582507238676,0.1306095722968371,,,,,,,,,,,,,,False,0.4769,,,,,1.0,2024-09-20,1.0,1.0,2024-09-20,1.0,0.4769,0.4769,0.4769,2024-09-20,47,1216,47,k=1: 통합 불가,m2_20260926T165115Z_1ffdde7
logit_F1_wf,cell_gate,URBAN,holdout,S2_min5clusters,1,-0.003150322067535849,0.27263032097530315,,,,,,,,,,,,,,False,0.49921242013447925,,,,,1.0,2024-09-20,1.0,1.0,2024-09-20,1.0,0.4992124201344792,0.49921242013447925,0.4992124201344792,2024-09-20,21,21,11,k=1: 통합 불가,m2_20260926T165115Z_1ffdde7
logit_F1_wf,cluster_gate,URBAN,holdout,S2_min5clusters,1,-0.08404944434245176,0.32254662874010437,,,,,,,,,,,,,,False,0.479,,,,,1.0,2024-09-20,1.0,1.0,2024-09-20,1.0,0.479,0.47900000000000004,0.479,2024-09-20,11,21,11,k=1: 통합 불가,m2_20260926T165115Z_1ffdde7
logit_F1_wf,cell_gate,AGRI,holdout,S2_min5clusters,1,0.7405093910916012,0.1000541232092393,,,,,,,,,,,,,,False,0.6771072360007071,,,,,1.0,2024-09-20,1.0,1.0,2024-09-20,1.0,0.677107236000707,0.677107236000707,0.677107236000707,2024-09-20,1112,1112,47,k=1: 통합 불가,m2_20260926T165115Z_1ffdde7
logit_F1_wf,cluster_gate,AGRI,holdout,S2_min5clusters,1,0.44899390820186746,0.12563984863435732,,,,,,,,,,,,,,False,0.6104,,,,,1.0,2024-09-20,1.0,1.0,2024-09-20,1.0,0.6104,0.6104,0.6104,2024-09-20,47,1112,47,k=1: 통합 불가,m2_20260926T165115Z_1ffdde7
logit_F1_wf,cell_gate,UNIVERSE,holdout,S2_min5clusters,1,0.38652368815273386,0.09193600983557576,,,,,,,,,,,,,,False,0.5954455686390923,,,,,1.0,2024-09-20,1.0,1.0,2024-09-20,1.0,0.5954455686390923,0.5954455686390923,0.5954455686390923,2024-09-20,96,96,61,k=1: 통합 불가,m2_20260926T165115Z_1ffdde7
logit_F1_wf,cluster_gate,UNIVERSE,holdout,S2_min5clusters,1,0.33057797330010485,0.09174699681003202,,,,,,,,,,,,,,False,0.5819,,,,,1.0,2024-09-20,1.0,1.0,2024-09-20,1.0,0.5819,0.5819,0.5819,2024-09-20,61,96,61,k=1: 통합 불가,m2_20260926T165115Z_1ffdde7
logit_F1_wf,cell_gate,ALL,combined,S2_min5clusters,5,1.6788780920753057,0.0659637676364283,1.4957333123007397,1.8620228718498717,1.5312142848277823,1.826541899322829,0.0,0.0,3.8263364928805705,8.084346958674384,0.08853686639152201,0.5052166834937658,0.0,0.9966240579204213,0.0,False,0.8427559148552511,0.8169372523953257,0.8655325560451234,0.8221839091121173,0.8613492530463577,0.48136233340370727,2024-09-20,2.9798673886845255,0.48136233340370727,2024-09-20,2.9798673886845255,0.777716733705647,0.8066563812917088,0.8354526290701026,2012;2014;2016;2024-09-20;2025,1787,1787,99,,m2_20260926T165115Z_1ffdde7
logit_F1_wf,cluster_gate,ALL,combined,S2_min5clusters,5,1.2409162022889924,0.32239651041797807,0.3457999890061477,2.136032415571837,-1.1034021201324682,3.5852345247104527,0.44605403801036253,0.12775801788857746,4.55343213259979,38.01839585179272,1.1108103446401742e-07,0.8947877754865509,0.8558954428990226,0.9952982499406073,0.6678727708256734,False,0.7757234522737755,0.5855987180337131,0.894356326961962,0.2491029824561304,0.9730180504135149,0.49987876455123764,2025,2.856848096675663,0.21319008043667637,2025,4.981410710291178,0.75146,0.7664868686868687,0.8092,2012;2014;2016;2024-09-20;2025,99,1787,99,,m2_20260926T165115Z_1ffdde7
logit_F1_wf,cell_gate,FLAT,combined,S2_min5clusters,5,0.13047644349894777,0.12372618877618814,-0.21304252771347798,0.4739954147113735,-0.49294096626705025,0.7538938532649457,0.025562736420066772,0.0,1.3952233410840995,7.514303786397248,0.1110802078025909,0.4676818886080981,0.0,0.977116238230351,0.15988350890591177,False,0.5325729135964682,0.44693990349982604,0.6163289804585658,0.3792009962965036,0.6800265576898687,0.6630808619977286,2024-09-20,2.070421173135855,0.4011997459570261,2024-09-20,3.6049323632516193,0.5139814758798774,0.49802353105990754,0.518163167314156,2012;2014;2016;2024-09-20;2025,1689,1689,90,,m2_20260926T165115Z_1ffdde7
logit_F1_wf,cluster_gate,FLAT,combined,S2_min5clusters,5,0.04322195305379953,0.12294736205333165,-0.298134648516154,0.3845785546237531,-0.39904832674488555,0.48549223285248455,0.009243568316619129,0.0,1.5456158269782176,6.8052168244354005,0.1465466859325283,0.4122156423235107,0.0,0.9729071059812049,0.09614347776432434,False,0.5108038063997388,0.4260135470602457,0.5949769182850855,0.4015410110726988,0.6190439441550002,0.41608744867589964,2024-09-20,2.9380925792723085,0.3828388617264582,2024-09-20,3.274395486898822,0.50688,0.49386666666666656,0.5206,2012;2014;2016;2024-09-20;2025,90,1689,90,,m2_20260926T165115Z_1ffdde7
logit_F1_wf,cell_gate,URBAN,combined,S2_min5clusters,4,0.18890536127308263,0.18258618014184672,-0.39216535311520295,0.7699760756613683,-0.9819991977336557,1.359809920279821,0.0421495598008468,0.0,2.7508310181750857,4.641454458714504,0.20001461957594668,0.3536508810579003,0.0,0.9692429028444939,0.20530357961040718,False,0.5470863994230365,0.40319614488073,0.6835157183987088,0.27249527928852757,0.7957288030443199,0.5962828715902916,2016,2.355918373030346,0.4543078966707623,2016,3.105586474976441,0.5059826873486695,0.5100498549880577,0.5322049339851564,2012;2014;2016;2024-09-20,319,319,37,,m2_20260926T165115Z_1ffdde7
logit_F1_wf,cluster_gate,URBAN,combined,S2_min5clusters,4,0.1814555654376555,0.18721925726745758,-0.4143596681311248,0.7772707990064358,-0.902569528030128,1.265480658905439,0.028424442405514713,0.0,1.367489491682446,3.2198434450242246,0.35895565510668975,0.06827768143943737,0.0,0.9218779582916182,0.16859549936316423,False,0.5452398284152697,0.39786721667234576,0.685091610774696,0.28852274492873703,0.7799681297473635,0.4501830691618703,2016,3.2122822093650294,0.4005007710544672,2016,3.4904113722672956,0.527875,0.5199756756756757,0.5237499999999999,2012;2014;2016;2024-09-20,37,319,37,,m2_20260926T165115Z_1ffdde7
logit_F1_wf,cell_gate,AGRI,combined,S2_min5clusters,4,0.707885107726692,0.08012492220766806,0.45289184508575425,0.9628783703676298,0.3631353924689057,1.0526348229844782,0.0,0.0,1.795805077958948,2.663655516935992,0.4464390332617679,0.0,0.0,0.9800869255971418,0.0,False,0.6699336776298858,0.6113265756340083,0.7236977325519789,0.5897992117061237,0.7412805364471751,0.6413059373107115,2024-09-20,2.1180421626317862,0.6413059373107115,2024-09-20,2.1180421626317862,0.6227432079949085,0.6693247478142059,0.6594176417731378,2012;2014;2024-09-20;2025,1239,1239,77,,m2_20260926T165115Z_1ffdde7
logit_F1_wf,cluster_gate,AGRI,combined,S2_min5clusters,4,0.3860771529313097,0.2341896912866103,-0.35921896483929544,1.1313732707019148,-1.2914457742367471,2.0636000800993664,0.11053423085357769,0.0,4.292095706662959,8.967141944917756,0.029730957287984076,0.6654452423717583,0.0,0.9905638297487565,0.3324668868527777,False,0.5953379981227108,0.411148645669105,0.7560922422898968,0.21560819906542872,0.8873146347119967,0.5293326525236415,2024-09-20,2.5845598013072992,0.3283182583009675,2024-09-20,3.6725296523124724,0.5609250000000001,0.5929844155844156,0.59435,2012;2014;2024-09-20;2025,77,1239,77,,m2_20260926T165115Z_1ffdde7
logit_F1_wf,cell_gate,UNIVERSE,combined,S2_min5clusters,4,0.3218206866934051,0.34989134399509214,-0.7916897282545268,1.4353311016413368,-2.5705286119705133,3.2141699853573233,0.3471318720842467,0.04515249957309872,7.91489299949387,13.664128471507528,0.0033998801649725145,0.7804470291496741,0.5008903068778929,0.9943476586488131,0.5891789813666528,False,0.5797679032512002,0.31180596719711307,0.8077306043678624,0.07105940251435554,0.9613640505262319,0.7431092695073304,2024-09-20,1.7205877859223275,0.294597340862427,2024-09-20,3.9109491297607226,0.559079594672059,0.5569089703684567,0.6159425062886003,2012;2014;2016;2024-09-20,380,380,96,,m2_20260926T165115Z_1ffdde7
logit_F1_wf,cluster_gate,UNIVERSE,combined,S2_min5clusters,4,0.42343142969458897,0.13760351434367987,-0.014484366122508752,0.8613472255116867,-0.5120481045490166,1.3589109639381944,0.028336403588962212,0.0,1.2528938355061903,4.594242139957019,0.20403657685823787,0.34700873210220773,0.0,0.9606382363984705,0.16833420207718397,False,0.6043040685779487,0.496378971775848,0.7029420514921886,0.3747135248784468,0.7955826438114852,0.7748763351312152,2024-09-20,1.6159290847935737,0.5151757888439542,2024-09-20,2.875728537932072,0.6023499999999999,0.5831104166666666,0.5811,2012;2014;2016;2024-09-20,96,380,96,,m2_20260926T165115Z_1ffdde7
slope_neg,cell_gate,ALL,development,S4_se_draw,6,2.1634406998993296,0.2329721145253866,1.5645668140905875,2.7623145857080718,0.6060688114427444,3.7208125883559147,0.26035859394920385,0.07040342640473507,1.5669157725186371,43.92921292756446,2.3941394949872096e-08,0.8861805239205042,0.5642770619377145,0.966468433374695,0.5102534604970395,False,0.8969180966953213,0.8270076847184328,0.9406050753199845,0.6470435241384845,0.9763581859851961,0.47952115859872574,2025,3.484414663654041,0.19627844832037886,2025,5.95207098308521,0.8866573444947551,0.8707890574650158,0.8850293134433337,2006;2012;2014;2016;2019;2025,696,696,53,,m2_20260926T165115Z_1ffdde7
relelev_neg,cell_gate,ALL,development,S4_se_draw,6,0.08543961177377628,0.13999728136699588,-0.2744348567466896,0.4453140802942422,-0.8222389359973201,0.9931181595448726,0.08727818093897788,0.02135481310864698,0.6456250512663683,46.642514544290336,6.7192560730800085e-09,0.8928016628423378,0.5483536994155656,0.9734796079648881,0.29542880857996545,False,0.5213469186103497,0.43181866981084027,0.609524538683512,0.3052886027158518,0.7297033771051992,0.8359126322846434,2025,1.418132985148054,0.22141285056525803,2025,5.723137338929954,0.5366041363860776,0.5656700024916168,0.5396636671871169,2006;2012;2014;2016;2019;2025,696,696,53,,m2_20260926T165115Z_1ffdde7
twi,cell_gate,ALL,development,S4_se_draw,6,1.7814564799808328,0.16732475677177883,1.3513344995710337,2.2115784603906317,0.7004603021175868,2.862452657844079,0.12359227967912059,0.028922543794486322,0.726501169102127,37.20595068478854,5.446207833593409e-07,0.865612895034981,0.46704954693269185,0.956545985606193,0.3515569366107297,False,0.8558766185228417,0.7943477169114196,0.9012844526682118,0.6682898191712454,0.9459588184114722,0.5317355986108853,2025,2.973104580914998,0.2123755096253585,2025,5.8372303156768295,0.8507475725136063,0.8342740300228739,0.8535920515821669,2006;2012;2014;2016;2019;2025,696,696,53,,m2_20260926T165115Z_1ffdde7
impervious,cell_gate,ALL,development,S4_se_draw,6,1.1550612753928329,0.5755799699324419,-0.3245141402715983,2.6346366910572643,-3.008843261299263,5.318965812084929,1.9178832073694068,0.7151166926175125,11.390468861899071,537.4260554425848,6.639475426947683e-114,0.9906963945097854,0.9672379494268926,0.997877974979559,1.3848766036616427,False,0.7604341649530842,0.41957601293655267,0.9330577439055366,0.04702795930744565,0.9951260553166288,0.4043755446540044,2019,3.48816443757171,0.17197225391179458,2019,5.989337831615505,0.696971943076949,0.7470787952641712,0.7078112746578722,2006;2012;2014;2016;2019;2025,696,696,53,,m2_20260926T165115Z_1ffdde7
hand_neg,cell_gate,ALL,development,S4_se_draw,6,2.014267559252136,0.1385260925735079,1.658174901921002,2.37036021658327,1.173968132408696,2.854566986095576,0.07443116107222202,0.011859796531456902,0.7641846301942055,18.447968756592086,0.0024343331592328902,0.7289674507816298,0.3842329531189653,0.9757321452124884,0.2728207489767265,False,0.8822869603074808,0.8399928531934596,0.9145390183619168,0.7638615251974556,0.9455542765472412,0.4383605184508066,2012,3.516472765736871,0.2129013825952228,2012,5.7081486502867005,0.8790533134477007,0.8732577433812342,0.8695240033921425,2006;2012;2014;2016;2019;2025,696,696,53,,m2_20260926T165115Z_1ffdde7
hand_acc_neg,cell_gate,ALL,development,S4_se_draw,6,2.122374109172006,0.14080528786264604,1.7604225938307456,2.484325624513266,1.2013235255353505,3.043424692808661,0.09061563198074511,0.019034458921335515,0.7130673559445115,22.426627093695586,0.0004343082133299423,0.7770507362025222,0.5969672646242475,0.982297170788905,0.30102430463460106,False,0.8930588798134792,0.8532625791909916,0.9230356567015248,0.7687601476511726,0.9544978013443658,0.30553397641971686,2014,3.7288794613287317,0.20082356413462077,2014,5.724737164535428,0.8932138040281355,0.8839040811733206,0.8826312799979479,2006;2012;2014;2016;2019;2025,696,696,53,,m2_20260926T165115Z_1ffdde7
L1,cell_gate,ALL,development,S4_se_draw,6,1.175890050561447,0.6310004434066551,-0.44614822753816097,2.7979283286610546,-3.3546716994400483,5.706451800562942,2.2645610487378542,0.8190145377924813,13.639718735116775,210.74262218120555,1.4270393865504894e-43,0.9762743770185189,0.961384310650771,0.9975939383046976,1.5048458554741926,False,0.7642080193907974,0.39027694877022145,0.9425637721672003,0.03374251604103066,0.9966865678856748,0.8192113266217862,2006,1.4582506254721976,0.17562710599451142,2006,5.979846195813202,0.701261824133547,0.7573960342057491,0.7876557441836083,2006;2012;2014;2016;2019;2025,696,696,53,,m2_20260926T165115Z_1ffdde7
z_sensitivity,cell_gate,ALL,development,S4_se_draw,6,2.0038160919617964,0.42423887477674943,0.9132753464898953,3.094356837433698,-1.0128614741490054,5.020493658072598,1.0005755349875367,0.34371894643611983,6.436959034663172,117.50165308281724,1.0611218789429124e-23,0.9574474071741279,0.9116364495992975,0.9948508896939305,1.0002877261006138,False,0.8811971612859344,0.7136699320898664,0.9566593690373587,0.2664202291900247,0.9934420238166455,0.5421906376548903,2025,2.8062039832130283,0.17844723640266774,2025,5.967286992232149,0.8526566992559234,0.8707828668290002,0.8559019017676571,2006;2012;2014;2016;2019;2025,696,696,53,,m2_20260926T165115Z_1ffdde7
rf_F1_wf,cell_gate,ALL,development,S4_se_draw,5,2.0331122939838284,0.35588185232088565,1.0450258670787815,3.0211987208888753,-0.4118619002545847,4.4780864882222415,0.4820664214807989,0.11979542017219272,6.029998154646358,27.377335076270107,1.667514521871715e-05,0.8538937413427399,0.808526966319805,0.9953172853796457,0.6943100326805014,False,0.8842300561391971,0.7398185857781562,0.953522678304998,0.3984657565401429,0.9887723705494843,0.5562424499372934,2025,2.6035471378727126,0.2207923968950246,2025,4.931375252788303,0.8719413322201145,0.8525732176485243,0.85457592039801,2012;2014;2016;2019;2025,589,589,50,,m2_20260926T165115Z_1ffdde7
logit_F1_wf,cell_gate,ALL,development,S4_se_draw,5,1.7686211986572955,0.5037180439363181,0.37007570117049804,3.167166696144093,-1.66438436916268,5.201626766477271,0.9483133444411007,0.2214620219072137,12.165152550407603,21.28384688225493,0.0002781609184503182,0.8120640492234072,0.8902765481826829,0.9977613669358641,0.9738138140533337,False,0.8542861198452769,0.5914772703777832,0.9595798339709277,0.1591743251404391,0.9945225699263092,0.4811121209071586,2025,2.6108148547076717,0.22500966887272392,2025,4.891523501155681,0.8030050966279235,0.7387959498867382,0.8354526290701026,2012;2014;2016;2019;2025,589,589,50,,m2_20260926T165115Z_1ffdde7
