block,dist,median,shape,beta,n_obj,n_events,counts,upsilon,mu0,tau,delta_star,object_auc_limit,top10_share_theory,neff_ratio_theory,scenario_no,rule,n_replicates,n_evaluable,gap_median,gap_median_lo,gap_median_hi,gap_mean,gap_sd,p10,p_pos10,p_neg10,class,cell_auc_median,object_auc_median,capture_median,object_capture_median,term_size_weight_median,term_within_object_median,term_erasure_median,n_eff_median,n_survive_median,n_K_median,top10_share_median,max_event_share_median,sd_A_median,rho_wA_median,concentration_factor_median,n_pos_cells_median,n_polygons_median,erased_frac_median,erasure_median_lo,erasure_median_hi,grid_pass_rate,object_pass_rate,unit_flip_rate,auc_unit_flip_rate,rule_flip_rate,B_n,B_max_event_share_median,B_v1_auc_median,B_v2_auc_median,B_v1_minus_v2_auc_median,B_p_abs_v1_v2_ge_01,B_v1_pass_rate,B_v2_pass_rate,B_v1_v2_flip_rate,B_n_events_used_median
A,lognormal,5000.0,0.5,-1.0,30,1,equal,0.0,0.95,0.5,-0.10233363231071502,0.700891117754484,0.21723908042730522,0.7788007830714049,0,any,200,200,-0.04407139460117393,-0.04788033805188863,-0.040348075996869626,-0.04514302974252555,0.02317154760392828,0.015,0.0,0.015,없음,0.656945645841233,0.6976344815273388,0.4681791883626746,0.5323433736438393,-0.04402042860732297,-0.0005507651333755414,0.0,26.64739251175707,30.0,30.0,0.1614532420984034,1.0,0.304937233722208,-0.4180179280096132,0.354702157432375,101.0,30.0,0.0,0.0,0.0,0.205,0.455,0.25,0.25,0.08,,,,,,,,,,
A,lognormal,5000.0,0.5,-1.0,30,1,equal,0.0,0.95,0.5,-0.10233363231071502,0.700891117754484,0.21723908042730522,0.7788007830714049,0,center,200,200,-0.10024170185599196,-0.11243253578604928,-0.08982704710726352,-0.10329130851204138,0.06228151545983403,0.505,0.0,0.505,벌어짐,0.6015634957426703,0.6976344815273388,0.38461538461538464,0.5323433736438393,-0.017278270601867596,-0.0007916664748863766,-0.08130387794067528,14.727272727272728,16.0,30.0,0.25,1.0,0.322296931014427,-0.2655673385869035,0.2439029573418149,17.0,30.0,0.4666666666666667,-0.08798811823191999,-0.07227378382831817,0.1,0.455,0.355,0.355,0.105,,,,,,,,,,
A,lognormal,5000.0,0.5,-1.0,30,1,equal,0.0,0.95,0.5,-0.10233363231071502,0.700891117754484,0.21723908042730522,0.7788007830714049,0,f01,200,200,-0.04757460916091777,-0.051632158841102505,-0.04372192251230789,-0.048140681132336056,0.022866302976086585,0.02,0.0,0.02,없음,0.6489211760035043,0.6976344815273388,0.46875,0.5323433736438393,-0.04719581080393448,-0.00015233870377745484,0.0,26.3156146179402,30.0,30.0,0.16129032258064516,1.0,0.3049810677802587,-0.43025413680468655,0.3741758607943081,88.5,30.0,0.0,0.0,0.0,0.2,0.455,0.265,0.255,0.075,,,,,,,,,,
A,lognormal,5000.0,0.5,-1.0,30,1,equal,0.0,0.95,0.5,-0.10233363231071502,0.700891117754484,0.21723908042730522,0.7788007830714049,0,f10,200,200,-0.062158750118305295,-0.0685372052899954,-0.05819050202741605,-0.06436869538352286,0.029152486210790675,0.105,0.0,0.105,가끔,0.6334528412882412,0.6976344815273388,0.4423076923076923,0.5323433736438393,-0.06026728489499755,-0.0003942398684916304,0.0,24.801526717557252,30.0,30.0,0.18867924528301888,1.0,0.308494087141741,-0.45349426986225183,0.4452244962611629,54.0,30.0,0.0,0.0,0.0,0.135,0.455,0.32,0.315,0.0,,,,,,,,,,
A,lognormal,5000.0,0.5,-1.0,30,1,equal,0.0,0.95,0.5,-0.10233363231071502,0.700891117754484,0.21723908042730522,0.7788007830714049,0,f25,200,200,-0.11647372472755552,-0.1244938224929999,-0.10849627215457835,-0.12253866800238392,0.053617683548392275,0.675,0.0,0.675,벌어짐,0.577475443555385,0.6976344815273388,0.36,0.5323433736438393,-0.040840990116986275,-0.0005510279340327773,-0.07196234646270905,18.15000805279189,21.0,30.0,0.25,1.0,0.3164498700341748,-0.3384208678925681,0.353105805561851,26.0,30.0,0.30000000000000004,-0.07842880370627547,-0.06686488594536955,0.04,0.455,0.415,0.425,0.105,,,,,,,,,,
A,lognormal,5000.0,0.5,-1.0,30,1,equal,0.0,0.95,0.5,-0.10233363231071502,0.700891117754484,0.21723908042730522,0.7788007830714049,0,f50,200,129,-0.26675720811153514,-0.30235631897480575,-0.23729378125839512,-0.26685750998027663,0.12587568962072831,0.9069767441860465,0.0,0.9069767441860465,벌어짐,0.4062156181236247,0.6826959748393265,0.16666666666666666,0.5147775231000834,0.0,-0.002847949765314106,-0.24048763256636219,5.444444444444445,6.0,30.0,0.5714285714285714,1.0,0.29796718439030573,-0.2603958788775439,1.4901161193847656e-08,6.0,30.0,0.8,-0.2685429285569342,-0.22183227442051445,0.015503875968992248,0.34108527131782945,0.32558139534883723,0.34108527131782945,0.08527131782945736,,,,,,,,,,
A,lognormal,5000.0,0.5,-1.0,30,1,equal,0.0,0.95,0.5,-0.10233363231071502,0.700891117754484,0.21723908042730522,0.7788007830714049,0,rep_point,200,200,0.0003289840734672089,-0.0005801033532863986,0.001188288526683512,0.0002153549116565684,0.005650967656963661,0.0,0.0,0.0,없음,0.6980681344341589,0.6976344815273388,0.5333333333333333,0.5323433736438393,0.0,0.0003289840734671534,0.0,30.0,30.0,30.0,0.1,1.0,0.3107143440693999,-0.04121568410190782,0.0,30.0,30.0,0.0,0.0,0.0,0.475,0.455,0.04,0.015,0.34,,,,,,,,,,
A,lognormal,5000.0,0.5,-1.0,30,1,equal,0.0,0.95,0.5,-0.10233363231071502,0.700891117754484,0.21723908042730522,0.7788007830714049,0,soft,200,200,-0.09820188394210877,-0.10566141538662854,-0.09299861658684261,-0.09989327065121077,0.035209366001817434,0.475,0.0,0.475,가끔,0.599430026576641,0.6976344815273388,0.3936840675494475,0.5323433736438393,-0.09778925223239121,-0.0003541805283582833,0.0,23.882492190845944,30.0,30.0,0.20986686938153407,1.0,0.3070556793424481,-0.6282902471646306,0.506112941772314,101.0,30.0,0.0,0.0,0.0,0.075,0.455,0.38,0.405,0.06,,,,,,,,,,
A,lognormal,5000.0,0.5,-1.0,200,1,equal,0.0,0.95,0.5,-0.10233363231071502,0.700891117754484,0.21723908042730522,0.7788007830714049,1,any,200,200,-0.04481339928507694,-0.046048598435060595,-0.043479615345365374,-0.0447847872797868,0.008752351013647687,0.0,0.0,0.0,없음,0.6595628309812338,0.7020982504791071,0.4691887882159699,0.5257330467873602,-0.04425439922519042,0.00012465666963495936,0.0,176.42211384653626,200.0,200.0,0.16598935600451167,1.0,0.30810254427229433,-0.4005604205966572,0.3655745209719917,670.0,200.0,0.0,0.0,0.0,0.045,0.545,0.5,0.505,0.035,,,,,,,,,,
A,lognormal,5000.0,0.5,-1.0,200,1,equal,0.0,0.95,0.5,-0.10233363231071502,0.700891117754484,0.21723908042730522,0.7788007830714049,1,center,200,200,-0.1017584585983205,-0.10722568159019308,-0.0976504570786314,-0.10163372817175871,0.025114442412952905,0.53,0.0,0.53,벌어짐,0.5997476803237121,0.7020982504791071,0.3942174033917153,0.5257330467873602,-0.022514912441189694,-0.003197657528656861,-0.07495242806718122,96.87942599161597,104.5,200.0,0.25879328723024175,1.0,0.3291919422450059,-0.24762722237743393,0.28255719016747627,112.0,200.0,0.4775,-0.07843061758189773,-0.07203818317517352,0.005,0.545,0.54,0.545,0.015,,,,,,,,,,
A,lognormal,5000.0,0.5,-1.0,200,1,equal,0.0,0.95,0.5,-0.10233363231071502,0.700891117754484,0.21723908042730522,0.7788007830714049,1,f01,200,200,-0.04870368859315111,-0.049547129229102316,-0.04697306047495353,-0.04813882578660093,0.008883338931075808,0.0,0.0,0.0,없음,0.6561133712767995,0.7020982504791071,0.4625335343415399,0.5257330467873602,-0.047768964512717615,-0.0003325886782419296,0.0,174.30482171256497,200.0,200.0,0.16378641397802068,1.0,0.3088092514027899,-0.40265481498861433,0.3839468456055361,587.0,200.0,0.0,0.0,0.0,0.04,0.545,0.505,0.51,0.03,,,,,,,,,,
A,lognormal,5000.0,0.5,-1.0,200,1,equal,0.0,0.95,0.5,-0.10233363231071502,0.700891117754484,0.21723908042730522,0.7788007830714049,1,f10,200,200,-0.06830225301907084,-0.07104996821854415,-0.066677420550319,-0.06846148029153869,0.012315868326744304,0.0,0.0,0.0,없음,0.6322974830734696,0.7020982504791071,0.4383561643835616,0.5257330467873602,-0.06486220529984871,-0.0013073775502031593,-0.0027732986926659597,162.8186611591505,198.0,200.0,0.19396910176410964,1.0,0.31012113459165547,-0.4501127016666697,0.4642156860913703,363.0,200.0,0.010000000000000009,-0.0029845262652314908,-0.0020632500038050283,0.01,0.545,0.535,0.54,0.0,,,,,,,,,,
A,lognormal,5000.0,0.5,-1.0,200,1,equal,0.0,0.95,0.5,-0.10233363231071502,0.700891117754484,0.21723908042730522,0.7788007830714049,1,f25,200,200,-0.12130532022577167,-0.12618117373771576,-0.11869298667653216,-0.12239321126779011,0.02241183955758267,0.83,0.0,0.83,벌어짐,0.5775918617582767,0.7020982504791071,0.36312849162011174,0.5257330467873602,-0.04848061407705634,-0.0025329976523782993,-0.07189164370829165,121.22494764873797,141.0,200.0,0.2547438030527061,1.0,0.32231402899890116,-0.36093340005706853,0.4153479544491399,174.0,200.0,0.29500000000000004,-0.07563658636225645,-0.06840071897718736,0.0,0.545,0.545,0.55,0.01,,,,,,,,,,
A,lognormal,5000.0,0.5,-1.0,200,1,equal,0.0,0.95,0.5,-0.10233363231071502,0.700891117754484,0.21723908042730522,0.7788007830714049,1,f50,200,200,-0.286173068346429,-0.293234016795477,-0.2751382237702324,-0.2850790525746168,0.05327802630278541,1.0,0.0,1.0,벌어짐,0.4147434173717478,0.7020982504791071,0.16666666666666666,0.5257330467873602,-0.013633713988476237,-0.004349876790401497,-0.26362942239904175,31.674563275864344,34.0,200.0,0.6313588850174217,1.0,0.3171723608503664,-0.18416839397748513,0.24826622026294348,35.0,200.0,0.83,-0.27154852930194273,-0.25524883488255923,0.0,0.545,0.545,0.55,0.01,,,,,,,,,,
A,lognormal,5000.0,0.5,-1.0,200,1,equal,0.0,0.95,0.5,-0.10233363231071502,0.700891117754484,0.21723908042730522,0.7788007830714049,1,rep_point,200,200,-0.0014871087307414266,-0.0018473628501565198,-0.0010054295689850834,-0.0014773847678996492,0.002474941189188224,0.0,0.0,0.0,없음,0.7004561891389562,0.7020982504791071,0.5252525252525253,0.5257330467873602,-3.4370817413864607e-06,-0.0015405760708853133,0.0,199.6057089671121,200.0,200.0,0.10160029155164599,1.0,0.3133119772270502,-0.0018207629686036431,0.04444430200140091,200.0,200.0,0.0,0.0,0.0,0.5,0.545,0.045,0.05,0.49,,,,,,,,,,
A,lognormal,5000.0,0.5,-1.0,200,1,equal,0.0,0.95,0.5,-0.10233363231071502,0.700891117754484,0.21723908042730522,0.7788007830714049,1,soft,200,200,-0.10349807654806503,-0.10567724197655737,-0.0993425205257743,-0.10359643496751612,0.014453613525932007,0.565,0.0,0.565,벌어짐,0.59822848650125,0.7020982504791071,0.3926515660834582,0.5257330467873602,-0.10135810991830835,-0.0024087596159821922,0.0,156.6112626588854,200.0,200.0,0.21679007704138892,1.0,0.3100599444627429,-0.6144158654742101,0.5263528882843235,670.0,200.0,0.0,0.0,0.0,0.0,0.545,0.545,0.55,0.01,,,,,,,,,,
A,lognormal,5000.0,0.5,-0.5,30,1,equal,0.0,0.95,0.5,-0.055008852533911856,0.7260243075020016,0.21723908042730522,0.7788007830714049,2,any,200,200,-0.022837374427180757,-0.026113508382044626,-0.020521495824583624,-0.023427086590578947,0.019025629326478624,0.0,0.0,0.0,없음,0.7120954050740067,0.7367388829054278,0.5072069492172585,0.5482641182679016,-0.02216906006884317,-0.0007786249887797303,0.0,26.555455267986392,30.0,30.0,0.16129032258064516,1.0,0.2642406486377361,-0.25393173802316493,0.3601544777563044,101.0,30.0,0.0,0.0,0.0,0.51,0.65,0.19,0.17,0.185,,,,,,,,,,
A,lognormal,5000.0,0.5,-0.5,30,1,equal,0.0,0.95,0.5,-0.055008852533911856,0.7260243075020016,0.21723908042730522,0.7788007830714049,2,center,200,200,-0.04952917218385111,-0.059152819113370114,-0.04227840189578658,-0.05344855866904754,0.04979363268134163,0.165,0.0,0.165,가끔,0.6847612224975902,0.7367388829054278,0.4641025641025641,0.5482641182679016,-0.00019224286868074758,-0.0011522815175630807,-0.04192796680360539,15.0,16.0,30.0,0.25,1.0,0.2842110146966676,-0.050961400911416516,0.2439029573418147,17.0,30.0,0.4666666666666667,-0.05324353375037538,-0.035793285289101306,0.29,0.65,0.41,0.405,0.325,,,,,,,,,,
A,lognormal,5000.0,0.5,-0.5,30,1,equal,0.0,0.95,0.5,-0.055008852533911856,0.7260243075020016,0.21723908042730522,0.7788007830714049,2,f01,200,200,-0.0259400454826596,-0.028978468191362627,-0.02257371861145052,-0.02504141539682064,0.020493481760518767,0.0,0.0,0.0,없음,0.7142917388154052,0.7367388829054278,0.505688429217841,0.5482641182679016,-0.025129959813554148,-0.0008223656797430312,0.0,26.284008701590515,30.0,30.0,0.16279069767441862,1.0,0.2639443225974847,-0.2494487679676285,0.376003148444095,88.0,30.0,0.0,0.0,0.0,0.495,0.65,0.215,0.19,0.13,,,,,,,,,,
A,lognormal,5000.0,0.5,-0.5,30,1,equal,0.0,0.95,0.5,-0.055008852533911856,0.7260243075020016,0.21723908042730522,0.7788007830714049,2,f10,200,200,-0.030502135100520467,-0.034006277634782256,-0.027462595659806133,-0.03154917096524164,0.02413486015096222,0.005,0.0,0.005,없음,0.7053459414877157,0.7367388829054278,0.4916643512086691,0.5482641182679016,-0.030140449446641293,0.00012475949984208645,0.0,24.713349975573337,30.0,30.0,0.18808962264150944,1.0,0.2665455752712708,-0.24695841220531184,0.44721359549995787,54.0,30.0,0.0,0.0,0.0,0.425,0.65,0.265,0.23,0.0,,,,,,,,,,
A,lognormal,5000.0,0.5,-0.5,30,1,equal,0.0,0.95,0.5,-0.055008852533911856,0.7260243075020016,0.21723908042730522,0.7788007830714049,2,f25,200,200,-0.05850487405859761,-0.06859896861676218,-0.049161060543195356,-0.06040516824751435,0.04269429436334961,0.165,0.0,0.165,가끔,0.6717126992711736,0.7367388829054278,0.44913793103448274,0.5482641182679016,-0.01598829047468736,-0.00041684272543329737,-0.04046487135095267,18.677777777777777,21.0,30.0,0.2413793103448276,1.0,0.2795909628275137,-0.1596119443752271,0.3528540089729337,26.0,30.0,0.30000000000000004,-0.04700144636784631,-0.03532839208003291,0.26,0.65,0.41,0.42,0.195,,,,,,,,,,
A,lognormal,5000.0,0.5,-0.5,30,1,equal,0.0,0.95,0.5,-0.055008852533911856,0.7260243075020016,0.21723908042730522,0.7788007830714049,2,f50,200,129,-0.1485342069186687,-0.16549734829551738,-0.12919903509576847,-0.14294748465404797,0.10833588079480869,0.6821705426356589,0.007751937984496124,0.6744186046511628,벌어짐,0.5901375343835958,0.7349762554458809,0.3333333333333333,0.5337120810501872,0.0,-0.001954566651051759,-0.1429991649533222,5.999999999999999,6.0,30.0,0.5,1.0,0.26956957367660456,-3.842359606022392e-16,1.4901161193847656e-08,6.0,30.0,0.8,-0.16771964250203308,-0.12224940723857969,0.15503875968992248,0.6356589147286822,0.5736434108527132,0.6201550387596899,0.40310077519379844,,,,,,,,,,
A,lognormal,5000.0,0.5,-0.5,30,1,equal,0.0,0.95,0.5,-0.055008852533911856,0.7260243075020016,0.21723908042730522,0.7788007830714049,2,rep_point,200,200,3.006183819470598e-05,-0.0008000547492309495,0.0008424785747195296,0.00034419627735729095,0.006150206547620951,0.0,0.0,0.0,없음,0.7383512634475857,0.7367388829054278,0.5333333333333333,0.5482641182679016,0.0,-0.00013804631309050075,0.0,30.0,30.0,30.0,0.1,1.0,0.26977315772482713,-0.0035129230446321754,0.0,30.0,30.0,0.0,0.0,0.0,0.705,0.65,0.055,0.02,0.31,,,,,,,,,,
A,lognormal,5000.0,0.5,-0.5,30,1,equal,0.0,0.95,0.5,-0.055008852533911856,0.7260243075020016,0.21723908042730522,0.7788007830714049,2,soft,200,200,-0.04982098759714404,-0.0537040871300376,-0.04314195020329148,-0.050152817703582556,0.028080294623152473,0.035,0.0,0.035,없음,0.6869854314810543,0.7367388829054278,0.46373836729253315,0.5482641182679016,-0.049474170874004186,-0.0004540593602855858,0.0,23.98488422845162,30.0,30.0,0.20636608611485568,1.0,0.26638139230378793,-0.3817538654050874,0.5007871549720737,101.0,30.0,0.0,0.0,0.0,0.275,0.65,0.375,0.375,0.17,,,,,,,,,,
A,lognormal,5000.0,0.5,-0.5,200,1,equal,0.0,0.95,0.5,-0.055008852533911856,0.7260243075020016,0.21723908042730522,0.7788007830714049,3,any,200,200,-0.02334193127592682,-0.025016403657324382,-0.02254746388074813,-0.023658779995095205,0.007622259157325048,0.0,0.0,0.0,없음,0.7036554743477321,0.7254299639172844,0.4985161114193372,0.5311637297372629,-0.023556279713697448,0.00032009375558611497,0.0,176.60697044345784,200.0,200.0,0.16547780163422304,1.0,0.2705019495527745,-0.24231487928387999,0.3639479705085681,669.5,200.0,0.0,0.0,0.0,0.445,0.81,0.365,0.34,0.245,,,,,,,,,,
A,lognormal,5000.0,0.5,-0.5,200,1,equal,0.0,0.95,0.5,-0.055008852533911856,0.7260243075020016,0.21723908042730522,0.7788007830714049,3,center,200,200,-0.0584875383045908,-0.06290621625203374,-0.0551980823609739,-0.05822553659937897,0.023975981893453267,0.04,0.0,0.04,없음,0.6709081696864139,0.7254299639172844,0.4541958041958042,0.5311637297372629,-0.011745440396220386,-0.00363823791423018,-0.04166533577267123,97.50401478075739,105.5,200.0,0.2576890890092002,1.0,0.28972537490132344,-0.14709194212497975,0.2788239857707906,114.0,200.0,0.4725,-0.04613857757597417,-0.0385026041828499,0.105,0.81,0.715,0.755,0.185,,,,,,,,,,
A,lognormal,5000.0,0.5,-0.5,200,1,equal,0.0,0.95,0.5,-0.055008852533911856,0.7260243075020016,0.21723908042730522,0.7788007830714049,3,f01,200,200,-0.02560018387408103,-0.02736500388647889,-0.024319962983631704,-0.026069052635276365,0.0080644424662082,0.0,0.0,0.0,없음,0.6997982388729285,0.7254299639172844,0.49699769390197623,0.5311637297372629,-0.02532557405332958,-0.00031727908737927413,0.0,174.12833101768345,200.0,200.0,0.1640654037863357,1.0,0.271489249323837,-0.2439694164834653,0.3854583864294543,585.0,200.0,0.0,0.0,0.0,0.405,0.81,0.405,0.41,0.215,,,,,,,,,,
A,lognormal,5000.0,0.5,-0.5,200,1,equal,0.0,0.95,0.5,-0.055008852533911856,0.7260243075020016,0.21723908042730522,0.7788007830714049,3,f10,200,200,-0.03627709857475381,-0.03774691387314755,-0.034525798203099534,-0.037000041727554514,0.009949670499749286,0.0,0.0,0.0,없음,0.6889120633624779,0.7254299639172844,0.48081486153661324,0.5311637297372629,-0.03222973557736308,-0.0016555808192045274,-0.002014752005405629,162.84111097428016,198.0,200.0,0.1937163237602028,1.0,0.2735433213801156,-0.26011686476261436,0.4610502841322341,361.5,200.0,0.010000000000000009,-0.0024372301070865188,-0.0015315704670523234,0.23,0.81,0.58,0.565,0.0,,,,,,,,,,
A,lognormal,5000.0,0.5,-0.5,200,1,equal,0.0,0.95,0.5,-0.055008852533911856,0.7260243075020016,0.21723908042730522,0.7788007830714049,3,f25,200,200,-0.06657194117603227,-0.07021597627728282,-0.0623352702323412,-0.06688734447702738,0.017145037006224256,0.03,0.0,0.03,없음,0.6610522708464968,0.7254299639172844,0.43529411764705883,0.5311637297372629,-0.024635835760821623,-0.00280931007480284,-0.0387940889036788,120.97462347815127,142.0,200.0,0.2558599963405658,1.0,0.2860884664056589,-0.21014439767432358,0.4146885855518541,174.0,200.0,0.29000000000000004,-0.04157360591972459,-0.036674869199514015,0.04,0.81,0.77,0.84,0.19,,,,,,,,,,
A,lognormal,5000.0,0.5,-0.5,200,1,equal,0.0,0.95,0.5,-0.055008852533911856,0.7260243075020016,0.21723908042730522,0.7788007830714049,3,f50,200,200,-0.15735956015270502,-0.16977185518715554,-0.1470606516646401,-0.15715145007641873,0.0477191778804193,0.89,0.0,0.89,벌어짐,0.5676726388611107,0.7254299639172844,0.3111111111111111,0.5311637297372629,-0.00893809807430146,-0.00456566362302363,-0.1394795357367718,32.995695030235545,35.0,200.0,0.6060606060606061,1.0,0.303654861926559,-0.12971765883881342,0.24637964112023503,36.0,200.0,0.825,-0.14877536394289947,-0.13237030859947785,0.0,0.81,0.81,0.9,0.23,,,,,,,,,,
A,lognormal,5000.0,0.5,-0.5,200,1,equal,0.0,0.95,0.5,-0.055008852533911856,0.7260243075020016,0.21723908042730522,0.7788007830714049,3,rep_point,200,200,-0.0021590130119987228,-0.002474519593948399,-0.0016199422533748065,-0.002120441154984645,0.002475706813566063,0.0,0.0,0.0,없음,0.7238835207118354,0.7254299639172844,0.535,0.5311637297372629,-2.7755575615628914e-16,-0.0023601932126155467,0.0,199.46491088603324,200.0,200.0,0.101963931508288,1.0,0.2765210250757137,-4.1561323614507625e-16,0.05179403815756908,200.0,200.0,0.0,0.0,0.0,0.805,0.81,0.045,0.02,0.575,,,,,,,,,,
A,lognormal,5000.0,0.5,-0.5,200,1,equal,0.0,0.95,0.5,-0.055008852533911856,0.7260243075020016,0.21723908042730522,0.7788007830714049,3,soft,200,200,-0.0580348819022638,-0.05971503729812444,-0.05583883779911658,-0.05787199590457865,0.011267420444600204,0.0,0.0,0.0,없음,0.6705441053811629,0.7254299639172844,0.45326848463762887,0.5311637297372629,-0.05517813488973289,-0.0029034531119739304,0.0,156.51423952349887,200.0,200.0,0.21644482070184207,1.0,0.27246983548797304,-0.3798048315863053,0.527104356990205,669.5,200.0,0.0,0.0,0.0,0.045,0.81,0.765,0.81,0.185,,,,,,,,,,
A,lognormal,5000.0,0.5,0.0,30,1,equal,0.0,0.95,0.5,0.0,0.7367420049605218,0.21723908042730522,0.7788007830714049,4,any,200,200,-0.0017751997608970171,-0.0033650598607276594,0.000849750255171311,-0.0020778216702731773,0.01812151669837102,0.0,0.0,0.0,없음,0.7390102015721038,0.7434898173370701,0.5352206273258905,0.5408194767039742,-0.000928186967808442,-0.0005930824113531408,0.0,26.596938087922155,30.0,30.0,0.16129032258064516,1.0,0.24659629076504486,-0.012157009372573892,0.3576993113193245,100.0,30.0,0.0,0.0,0.0,0.63,0.665,0.115,0.07,0.12,,,,,,,,,,
A,lognormal,5000.0,0.5,0.0,30,1,equal,0.0,0.95,0.5,0.0,0.7367420049605218,0.21723908042730522,0.7788007830714049,4,center,200,200,0.004031462527822882,-0.005202397295906325,0.008313801993473757,-0.0009376295942317825,0.04595951508679182,0.03,0.015,0.015,없음,0.7432032994410402,0.7434898173370701,0.5294117647058824,0.5408194767039742,0.0,5.186694276976267e-05,-0.001665447712422219,15.0,16.0,30.0,0.25,1.0,0.25033266414387256,1.8868891467395342e-16,0.23385358667337133,17.0,30.0,0.4666666666666667,-0.00943734609876945,0.0034633295432346944,0.6,0.665,0.195,0.22,0.2,,,,,,,,,,
A,lognormal,5000.0,0.5,0.0,30,1,equal,0.0,0.95,0.5,0.0,0.7367420049605218,0.21723908042730522,0.7788007830714049,4,f01,200,200,-0.0005968385208740545,-0.003923907295660944,0.0043853068694165165,-0.0012944037908518401,0.018349310813605198,0.0,0.0,0.0,없음,0.7405560757144158,0.7434898173370701,0.536462289744981,0.5408194767039742,-0.0009575230642617782,-0.0007385379011180526,0.0,26.265625,30.0,30.0,0.16049382716049382,1.0,0.24703817237251854,-0.009850866008866607,0.37706402033512926,88.0,30.0,0.0,0.0,0.0,0.62,0.665,0.135,0.065,0.11,,,,,,,,,,
A,lognormal,5000.0,0.5,0.0,30,1,equal,0.0,0.95,0.5,0.0,0.7367420049605218,0.21723908042730522,0.7788007830714049,4,f10,200,200,-0.00157151305494313,-0.005371046681707847,0.002775155821170827,-0.0027805262278637194,0.021991532069405854,0.0,0.0,0.0,없음,0.7407153337800679,0.7434898173370701,0.5409698996655519,0.5408194767039742,-0.0013457729246473815,-0.0009463577739185491,0.0,24.581818181818175,30.0,30.0,0.19098277608915906,1.0,0.2487933226908272,-0.01296015935552247,0.45070373781663176,54.0,30.0,0.0,0.0,0.0,0.61,0.665,0.145,0.095,0.0,,,,,,,,,,
A,lognormal,5000.0,0.5,0.0,30,1,equal,0.0,0.95,0.5,0.0,0.7367420049605218,0.21723908042730522,0.7788007830714049,4,f25,200,200,-0.0025949791888763007,-0.0074110574442680655,0.0031391331011590973,-0.0025362099189697356,0.039887178198770495,0.02,0.0,0.02,없음,0.739978665469969,0.7434898173370701,0.5334821428571428,0.5408194767039742,0.0010812794239797863,-0.001100554485142069,0.0009708199552324603,18.64102564102564,21.0,30.0,0.25,1.0,0.25165721863797946,0.01122012594513792,0.35334312986067556,26.0,30.0,0.30000000000000004,-0.006505448313658624,0.004986272166069505,0.585,0.665,0.18,0.185,0.175,,,,,,,,,,
A,lognormal,5000.0,0.5,0.0,30,1,equal,0.0,0.95,0.5,0.0,0.7367420049605218,0.21723908042730522,0.7788007830714049,4,f50,200,121,0.004690788681206648,-0.009832592553516428,0.032830998365248276,-0.001342629605117655,0.10564451463396454,0.371900826446281,0.17355371900826447,0.19834710743801653,가끔,0.7488636079509938,0.7408712633468365,0.5714285714285714,0.540524412670519,0.0,0.0017907671332541009,0.006354315690952794,5.999999999999999,6.0,30.0,0.5454545454545454,1.0,0.22904922794929433,-2.323562571356103e-16,1.4901161193847656e-08,6.0,30.0,0.8,-0.013824639460300214,0.0330455789003804,0.5785123966942148,0.6446280991735537,0.3305785123966942,0.32231404958677684,0.36363636363636365,,,,,,,,,,
A,lognormal,5000.0,0.5,0.0,30,1,equal,0.0,0.95,0.5,0.0,0.7367420049605218,0.21723908042730522,0.7788007830714049,4,rep_point,200,200,-0.00015807615141150144,-0.0013057043494134613,0.0012171604511949097,0.0002675008146833541,0.006145657661976334,0.0,0.0,0.0,없음,0.7411913101492786,0.7434898173370701,0.5333333333333333,0.5408194767039742,0.0,-8.008418251309601e-05,0.0,30.0,30.0,30.0,0.1,1.0,0.2538691503856839,0.0002479017594028792,0.0,30.0,30.0,0.0,0.0,0.0,0.68,0.665,0.025,0.03,0.15,,,,,,,,,,
A,lognormal,5000.0,0.5,0.0,30,1,equal,0.0,0.95,0.5,0.0,0.7367420049605218,0.21723908042730522,0.7788007830714049,4,soft,200,200,-0.0019193958791621224,-0.006601105400028673,0.002094086245394977,-0.0019621030936623606,0.023971201331385066,0.0,0.0,0.0,없음,0.7417305037412711,0.7434898173370701,0.5316036177285155,0.5408194767039742,-0.0013712362430033376,-0.0004928173207917608,0.0,24.192985311526705,30.0,30.0,0.20496474784085306,1.0,0.24687945895005636,-0.012984361313569798,0.48992738955210813,100.0,30.0,0.0,0.0,0.0,0.595,0.665,0.13,0.145,0.095,,,,,,,,,,
A,lognormal,5000.0,0.5,0.0,200,1,equal,0.0,0.95,0.5,0.0,0.7367420049605218,0.21723908042730522,0.7788007830714049,5,any,200,200,0.000555221675209272,-0.0006576250280218021,0.00149718716419589,0.0006568345175428192,0.006945113290567445,0.0,0.0,0.0,없음,0.7358582982791928,0.736128074019105,0.5321251588600477,0.5305553451015657,0.0008650715172817125,0.00018114754566339597,0.0,176.22069125264596,200.0,200.0,0.1657656642262209,1.0,0.25475843235607876,0.009922806987896174,0.36734243494485314,666.5,200.0,0.0,0.0,0.0,0.845,0.855,0.09,0.01,0.09,,,,,,,,,,
A,lognormal,5000.0,0.5,0.0,200,1,equal,0.0,0.95,0.5,0.0,0.7367420049605218,0.21723908042730522,0.7788007830714049,5,center,200,200,-0.0036215394882002094,-0.008058840923519162,-0.0005600392806163201,-0.0027065737114678845,0.02047359257048596,0.0,0.0,0.0,없음,0.73469229184676,0.736128074019105,0.539142273655548,0.5305553451015657,-0.0005583181979865737,-0.00314796841488163,-0.00012497298326463735,97.14075660110753,104.0,200.0,0.2601502115929004,1.0,0.2589587261956513,-0.008491928022426482,0.2819796853604334,113.0,200.0,0.48,-0.0043379217589188945,0.003849361086665559,0.71,0.855,0.225,0.1,0.195,,,,,,,,,,
A,lognormal,5000.0,0.5,0.0,200,1,equal,0.0,0.95,0.5,0.0,0.7367420049605218,0.21723908042730522,0.7788007830714049,5,f01,200,200,1.3983812407525331e-05,-0.0010420028821231941,0.0017539257338048397,-2.6101265233888783e-05,0.007325430609070982,0.0,0.0,0.0,없음,0.7357580761050795,0.736128074019105,0.5336791583267957,0.5305553451015657,0.0005360527895519884,-0.0003396278938852526,0.0,173.97551455613424,200.0,200.0,0.1641192557311034,1.0,0.2556929099420644,0.005336520253352252,0.38676480975105565,585.0,200.0,0.0,0.0,0.0,0.83,0.855,0.085,0.03,0.095,,,,,,,,,,
A,lognormal,5000.0,0.5,0.0,200,1,equal,0.0,0.95,0.5,0.0,0.7367420049605218,0.21723908042730522,0.7788007830714049,5,f10,200,200,-0.002023025402099088,-0.003513961133391419,-0.00017981159355606735,-0.0016443898373510336,0.008724734624135462,0.0,0.0,0.0,없음,0.7344407763811746,0.736128074019105,0.5294946147473074,0.5305553451015657,-5.5041865468341555e-05,-0.0019162399663453233,0.0,163.69360276672535,198.0,200.0,0.19346049046321526,1.0,0.25879003828913044,-0.0005028243254069051,0.45853190090801565,361.0,200.0,0.010000000000000009,-0.00031760687586956937,0.0,0.815,0.855,0.1,0.02,0.0,,,,,,,,,,
A,lognormal,5000.0,0.5,0.0,200,1,equal,0.0,0.95,0.5,0.0,0.7367420049605218,0.21723908042730522,0.7788007830714049,5,f25,200,200,-0.002441842083945933,-0.004567407690553971,-0.0006126125909646785,-0.0025620861637766917,0.014737183456091044,0.0,0.0,0.0,없음,0.7340192532396772,0.736128074019105,0.5340463458110517,0.5305553451015657,-0.00018520792046833323,-0.0029723971857119613,0.00021983388320423458,120.99611674380007,141.0,200.0,0.2556818181818182,1.0,0.2587884187620555,-0.0020345586199627804,0.40782870568268775,173.0,200.0,0.29500000000000004,-0.0016587716616521808,0.0033025615619022286,0.745,0.855,0.17,0.06,0.12,,,,,,,,,,
A,lognormal,5000.0,0.5,0.0,200,1,equal,0.0,0.95,0.5,0.0,0.7367420049605218,0.21723908042730522,0.7788007830714049,5,f50,200,200,-0.005549033235138667,-0.012295140637952229,-0.0010298847400073141,-0.003941019656894017,0.04351257755046975,0.035,0.01,0.025,없음,0.736571081885931,0.736128074019105,0.5384615384615384,0.5305553451015657,0.0009056957744371097,-0.0036657020914859784,-0.004312849976687627,32.026808069162115,34.0,200.0,0.625,1.0,0.2552393148316527,0.02988303945379637,0.24303112247975053,35.0,200.0,0.83,-0.01011877338256928,0.004907873340708191,0.63,0.855,0.335,0.2,0.275,,,,,,,,,,
A,lognormal,5000.0,0.5,0.0,200,1,equal,0.0,0.95,0.5,0.0,0.7367420049605218,0.21723908042730522,0.7788007830714049,5,rep_point,200,200,-0.002814600388460542,-0.0033004429401154445,-0.0024227793702991107,-0.0029443230982883015,0.002193179132427192,0.0,0.0,0.0,없음,0.7328623743718592,0.736128074019105,0.53,0.5305553451015657,-9.872608725536303e-07,-0.0027453442622715207,0.0,199.61381932860502,200.0,200.0,0.10168843957858509,1.0,0.2619590292222551,-0.00015421139639162533,0.04396973121708395,200.0,200.0,0.0,0.0,0.0,0.825,0.855,0.05,0.015,0.09,,,,,,,,,,
A,lognormal,5000.0,0.5,0.0,200,1,equal,0.0,0.95,0.5,0.0,0.7367420049605218,0.21723908042730522,0.7788007830714049,5,soft,200,200,-0.003107774066129443,-0.0047153314492732745,-0.0017914152116599302,-0.0026329077239196043,0.009512106892836705,0.0,0.0,0.0,없음,0.7352492955499195,0.736128074019105,0.5332110184988579,0.5305553451015657,9.323809135264316e-05,-0.003270092658466728,0.0,156.84047811848066,200.0,200.0,0.21550646104143517,1.0,0.2582440611603009,0.0007504805037707531,0.5245769760447071,666.5,200.0,0.0,0.0,0.0,0.785,0.855,0.11,0.035,0.06,,,,,,,,,,
A,lognormal,5000.0,0.5,0.5,30,1,equal,0.0,0.95,0.5,0.05003345336594234,0.7260243075020016,0.21723908042730522,0.7788007830714049,6,any,200,200,0.02201815332979873,0.018002269946372107,0.024453657262347495,0.02193707021208561,0.01799561965513506,0.0,0.0,0.0,없음,0.7493539820695132,0.7311414317259213,0.5694036697247706,0.536106817676467,0.019245736106314304,0.00035425321713056235,0.0,26.7304449143981,30.0,30.0,0.1588785046728972,1.0,0.2656212996208464,0.2333257642923744,0.3497365579547724,102.0,30.0,0.0,0.0,0.0,0.755,0.595,0.17,0.165,0.08,,,,,,,,,,
A,lognormal,5000.0,0.5,0.5,30,1,equal,0.0,0.95,0.5,0.05003345336594234,0.7260243075020016,0.21723908042730522,0.7788007830714049,6,center,200,200,0.04123641469769218,0.03123417741767287,0.05030969739376945,0.045424438544380566,0.05110304046502925,0.165,0.165,0.0,가끔,0.7843247946912599,0.7311414317259213,0.6190476190476191,0.536106817676467,0.007838911832262485,-0.0009005577635594064,0.033956671478479306,15.210526315789474,16.0,30.0,0.26006441223832527,1.0,0.2481459482541764,0.1687600604214442,0.2439029573418149,17.0,30.0,0.4666666666666667,0.024414144982016883,0.04480887980242654,0.8,0.595,0.265,0.2,0.175,,,,,,,,,,
A,lognormal,5000.0,0.5,0.5,30,1,equal,0.0,0.95,0.5,0.05003345336594234,0.7260243075020016,0.21723908042730522,0.7788007830714049,6,f01,200,200,0.023630074539534363,0.019512944313449854,0.027279917211128768,0.02231841241167451,0.01947262239740094,0.0,0.0,0.0,없음,0.7545663824679404,0.7311414317259213,0.5730337078651685,0.536106817676467,0.024010272175402136,-0.00021353215462344144,0.0,26.34013605442177,30.0,30.0,0.16049382716049382,1.0,0.26633464851735134,0.24359974495182507,0.37275498788310746,90.0,30.0,0.0,0.0,0.0,0.74,0.595,0.175,0.16,0.085,,,,,,,,,,
A,lognormal,5000.0,0.5,0.5,30,1,equal,0.0,0.95,0.5,0.05003345336594234,0.7260243075020016,0.21723908042730522,0.7788007830714049,6,f10,200,200,0.03325226559526673,0.029252357699848686,0.03697210304460685,0.03150931913021344,0.023257761467887408,0.005,0.005,0.0,없음,0.7636782672594575,0.7311414317259213,0.5934851694915254,0.536106817676467,0.030328907483205825,-0.00043952363981875076,0.0,24.749682708071433,30.0,30.0,0.19098277608915906,1.0,0.27005546920746226,0.2657224878685094,0.4448782605013046,55.0,30.0,0.0,0.0,0.0,0.805,0.595,0.21,0.17,0.0,,,,,,,,,,
A,lognormal,5000.0,0.5,0.5,30,1,equal,0.0,0.95,0.5,0.05003345336594234,0.7260243075020016,0.21723908042730522,0.7788007830714049,6,f25,200,200,0.06471549096435741,0.05315538050370405,0.07460572137015153,0.061844550327347515,0.039439444285144475,0.155,0.155,0.0,가끔,0.7922544124051707,0.7311414317259213,0.6394444444444445,0.536106817676467,0.015506455902892291,-4.46880442430686e-05,0.041520373496054974,18.615384615384613,21.0,30.0,0.24242424242424243,1.0,0.24665114265627947,0.18215781072163112,0.35332697260014256,26.0,30.0,0.30000000000000004,0.03456092810882316,0.05106955921983991,0.87,0.595,0.285,0.225,0.115,,,,,,,,,,
A,lognormal,5000.0,0.5,0.5,30,1,equal,0.0,0.95,0.5,0.05003345336594234,0.7260243075020016,0.21723908042730522,0.7788007830714049,6,f50,200,119,0.1317099377339611,0.11873338758332364,0.1561565896163003,0.12999474196296196,0.07613875286461164,0.6722689075630253,0.6722689075630253,0.0,벌어짐,0.8795319297894685,0.7340956260835618,0.8,0.5370889426477855,0.0,-3.513232386653797e-05,0.12856366680023257,5.999999999999999,6.0,30.0,0.5,1.0,0.1437963070049588,0.05076884958917919,1.4901161193847656e-08,7.0,30.0,0.8,0.11678751932261766,0.1444957857151108,0.9327731092436975,0.6218487394957983,0.36134453781512604,0.25210084033613445,0.13445378151260504,,,,,,,,,,
A,lognormal,5000.0,0.5,0.5,30,1,equal,0.0,0.95,0.5,0.05003345336594234,0.7260243075020016,0.21723908042730522,0.7788007830714049,6,rep_point,200,200,-0.0010860839713613957,-0.00234714465849839,0.0001822344699605738,-0.00091408546625247,0.00543198878799268,0.0,0.0,0.0,없음,0.732142440163456,0.7311414317259213,0.5333333333333333,0.536106817676467,0.0,-0.0009859445269286837,0.0,30.0,30.0,30.0,0.1,1.0,0.2728174546560918,0.011720513137207863,0.0,30.0,30.0,0.0,0.0,0.0,0.625,0.595,0.05,0.035,0.18,,,,,,,,,,
A,lognormal,5000.0,0.5,0.5,30,1,equal,0.0,0.95,0.5,0.05003345336594234,0.7260243075020016,0.21723908042730522,0.7788007830714049,6,soft,200,200,0.043716222041607855,0.04155508396441909,0.049469989789191704,0.04572601789803401,0.02419185350649398,0.01,0.01,0.0,없음,0.7757554724443344,0.7311414317259213,0.6161690430468533,0.536106817676467,0.04423927693100177,-0.0005286594770615438,0.0,24.14833422612041,30.0,30.0,0.20760672316170461,1.0,0.2687278847172147,0.3425971220826507,0.4922616488596292,102.0,30.0,0.0,0.0,0.0,0.855,0.595,0.26,0.205,0.08,,,,,,,,,,
A,lognormal,5000.0,0.5,0.5,200,1,equal,0.0,0.95,0.5,0.05003345336594234,0.7260243075020016,0.21723908042730522,0.7788007830714049,7,any,200,200,0.020174554330589678,0.01888314416955683,0.021691387958904462,0.02031668557350316,0.007006935720591493,0.0,0.0,0.0,없음,0.748384804968782,0.7263775861047921,0.5615333133422858,0.5312082769457386,0.02033798595572922,-0.00014034031453180607,0.0,176.64208620694444,200.0,200.0,0.16543024256659628,1.0,0.26998993448684633,0.2125445612886046,0.3636385596283156,667.0,200.0,0.0,0.0,0.0,0.96,0.81,0.15,0.055,0.04,,,,,,,,,,
A,lognormal,5000.0,0.5,0.5,200,1,equal,0.0,0.95,0.5,0.05003345336594234,0.7260243075020016,0.21723908042730522,0.7788007830714049,7,center,200,200,0.04416707809492065,0.03985991437817138,0.049258091964307305,0.044554551749067334,0.019408533112199977,0.005,0.005,0.0,없음,0.7746854056825829,0.7263775861047921,0.6113807982740022,0.5312082769457386,0.0075985665042552775,-0.003243388164935912,0.040161654534597135,96.48389561905032,104.0,200.0,0.2566712112366809,1.0,0.2597928654008227,0.1062308736743251,0.27648257895058914,112.0,200.0,0.48,0.03549965044228809,0.044072261221974385,0.995,0.81,0.185,0.06,0.005,,,,,,,,,,
A,lognormal,5000.0,0.5,0.5,200,1,equal,0.0,0.95,0.5,0.05003345336594234,0.7260243075020016,0.21723908042730522,0.7788007830714049,7,f01,200,200,0.02196163119950334,0.020685148412527776,0.023950255064968062,0.02198969065006624,0.007147358236078181,0.0,0.0,0.0,없음,0.7489722784685733,0.7263775861047921,0.5663796586988281,0.5312082769457386,0.02273074192156377,-0.0005550662845909549,0.0,174.4965077988207,200.0,200.0,0.1631110225784228,1.0,0.27039259406400795,0.21973825768075445,0.38230189416836324,585.5,200.0,0.0,0.0,0.0,0.97,0.81,0.17,0.06,0.03,,,,,,,,,,
A,lognormal,5000.0,0.5,0.5,200,1,equal,0.0,0.95,0.5,0.05003345336594234,0.7260243075020016,0.21723908042730522,0.7788007830714049,7,f10,200,200,0.031660621150184365,0.029885911453995218,0.03306880195401529,0.03086558274045543,0.007901147810228553,0.0,0.0,0.0,없음,0.7574504538931195,0.7263775861047921,0.5813639458940787,0.5312082769457386,0.030468656506955683,-0.0019762795205706674,0.002578994849185612,163.26070029190686,198.0,200.0,0.1938810222392312,1.0,0.27187855696717567,0.24151109426810535,0.461218504951854,361.0,200.0,0.010000000000000009,0.0021761349569314747,0.0030370638106838044,1.0,0.81,0.19,0.06,0.0,,,,,,,,,,
A,lognormal,5000.0,0.5,0.5,200,1,equal,0.0,0.95,0.5,0.05003345336594234,0.7260243075020016,0.21723908042730522,0.7788007830714049,7,f25,200,200,0.05842862322319847,0.05571833040560126,0.06084538323555466,0.05807245850836873,0.015124947872071352,0.005,0.005,0.0,없음,0.787114068465324,0.7263775861047921,0.626812334082091,0.5312082769457386,0.017534344518326472,-0.0026730413150079513,0.04291517905254211,120.41855116439874,140.0,200.0,0.2557478858350951,1.0,0.25347044388345935,0.1678326343728222,0.40803680212665155,173.0,200.0,0.30000000000000004,0.040726549638823384,0.04501069697426785,1.0,0.81,0.19,0.06,0.0,,,,,,,,,,
A,lognormal,5000.0,0.5,0.5,200,1,equal,0.0,0.95,0.5,0.05003345336594234,0.7260243075020016,0.21723908042730522,0.7788007830714049,7,f50,200,200,0.11828656009173327,0.11397619130772352,0.12243322145399971,0.11887334591114863,0.033384172025040446,0.735,0.735,0.0,벌어짐,0.848635729581699,0.7263775861047921,0.7325203252032519,0.5312082769457386,0.0034948014536081984,-0.002562415621563563,0.11779388289572068,32.39277438668119,34.0,200.0,0.6176470588235294,1.0,0.20100250293419414,0.07957424234281227,0.2504064128650796,35.0,200.0,0.83,0.11331040596765851,0.12369320169731701,1.0,0.81,0.19,0.06,0.0,,,,,,,,,,
A,lognormal,5000.0,0.5,0.5,200,1,equal,0.0,0.95,0.5,0.05003345336594234,0.7260243075020016,0.21723908042730522,0.7788007830714049,7,rep_point,200,200,-0.003057550558734967,-0.0032943828537751463,-0.0027532246225011603,-0.0030109459653880717,0.0021705134965620434,0.0,0.0,0.0,없음,0.7235502676364407,0.7263775861047921,0.53,0.5312082769457386,0.0,-0.002959111859008823,0.0,199.4994163766657,200.0,200.0,0.10185422207833494,1.0,0.2759224251623999,-2.320776486988142e-16,0.05009188567372065,200.0,200.0,0.0,0.0,0.0,0.81,0.81,0.03,0.015,0.19,,,,,,,,,,
A,lognormal,5000.0,0.5,0.5,200,1,equal,0.0,0.95,0.5,0.05003345336594234,0.7260243075020016,0.21723908042730522,0.7788007830714049,7,soft,200,200,0.0452943793359919,0.04366565789901178,0.0467668418166558,0.04475301778040775,0.008788104608795505,0.0,0.0,0.0,없음,0.7707535942658608,0.7263775861047921,0.6049104857041849,0.5312082769457386,0.048564483260963964,-0.003408734332567054,0.0,156.80226742667605,200.0,200.0,0.2159592872067,1.0,0.27207120463128953,0.3372541537449282,0.5248730786005302,667.0,200.0,0.0,0.0,0.0,1.0,0.81,0.19,0.06,0.0,,,,,,,,,,
A,lognormal,5000.0,0.5,1.0,30,1,equal,0.0,0.95,0.5,0.08850142593097321,0.700891117754484,0.21723908042730522,0.7788007830714049,8,any,200,200,0.03662490926670592,0.034725851442769184,0.039194971733584216,0.037782902026965,0.019851153734324573,0.0,0.0,0.0,없음,0.7369127168334644,0.6983696487695064,0.5729166666666666,0.5173541961097852,0.03537629609517634,0.0010808474710525262,0.0,26.69666397632499,30.0,30.0,0.16161616161616163,1.0,0.30709757745480426,0.3453234571013649,0.35176114672665576,101.0,30.0,0.0,0.0,0.0,0.705,0.44,0.275,0.255,0.135,,,,,,,,,,
A,lognormal,5000.0,0.5,1.0,30,1,equal,0.0,0.95,0.5,0.08850142593097321,0.700891117754484,0.21723908042730522,0.7788007830714049,8,center,200,200,0.08750725365423634,0.0794212580281396,0.09897136122191963,0.08844598967419966,0.0549428554955817,0.41,0.41,0.0,가끔,0.7855819256612144,0.6983696487695064,0.6470588235294118,0.5173541961097852,0.010992406807037225,-0.0010585930968665114,0.07614635735106201,14.440000000000001,15.0,30.0,0.2631578947368421,1.0,0.27418050666466776,0.21236226742193573,0.2474358296526969,17.0,30.0,0.5,0.06553400326330872,0.08792005479340881,0.885,0.44,0.465,0.44,0.195,,,,,,,,,,
A,lognormal,5000.0,0.5,1.0,30,1,equal,0.0,0.95,0.5,0.08850142593097321,0.700891117754484,0.21723908042730522,0.7788007830714049,8,f01,200,200,0.03993223509546601,0.03665723243960095,0.043771970748862854,0.041336989745749175,0.01898112605972408,0.0,0.0,0.0,없음,0.7411061136624844,0.6983696487695064,0.577816420320457,0.5173541961097852,0.04003172973727831,0.0008518636187571094,0.0,26.426567317574516,30.0,30.0,0.16018867924528302,1.0,0.30724108975397135,0.3623392583827202,0.3677240146192756,88.5,30.0,0.0,0.0,0.0,0.725,0.44,0.285,0.27,0.105,,,,,,,,,,
A,lognormal,5000.0,0.5,1.0,30,1,equal,0.0,0.95,0.5,0.08850142593097321,0.700891117754484,0.21723908042730522,0.7788007830714049,8,f10,200,200,0.05744140169355677,0.05281385304564701,0.0612880461121974,0.057978648492790566,0.02631177667122782,0.07,0.07,0.0,없음,0.7564447589956459,0.6983696487695064,0.6017241379310345,0.5173541961097852,0.05266222731765957,-0.0007073637071887684,0.0,24.743935718617344,30.0,30.0,0.19230769230769232,1.0,0.3065360488423338,0.3936048799143012,0.4494470717406569,54.0,30.0,0.0,0.0,0.0,0.82,0.44,0.38,0.37,0.0,,,,,,,,,,
A,lognormal,5000.0,0.5,1.0,30,1,equal,0.0,0.95,0.5,0.08850142593097321,0.700891117754484,0.21723908042730522,0.7788007830714049,8,f25,200,200,0.10754947268103526,0.10193690412111167,0.12049093778349085,0.11035863582087231,0.045028043050140326,0.605,0.605,0.0,벌어짐,0.8049230955966706,0.6983696487695064,0.6785714285714286,0.5173541961097852,0.025937969425576468,-0.0006699474437222852,0.08297398746387796,18.666666666666668,21.0,30.0,0.25,1.0,0.2593577345112531,0.27380583936865355,0.3535533905932738,26.0,30.0,0.30000000000000004,0.07478040629996674,0.0935071786078997,0.96,0.44,0.52,0.49,0.16,,,,,,,,,,
A,lognormal,5000.0,0.5,1.0,30,1,equal,0.0,0.95,0.5,0.08850142593097321,0.700891117754484,0.21723908042730522,0.7788007830714049,8,f50,200,120,0.21079379398261572,0.19460309371069873,0.2253806617961922,0.21596691580702973,0.06795552381291353,0.975,0.975,0.0,벌어짐,0.9262811085933425,0.7028725253312739,0.8571428571428571,0.5273393713278152,0.0,-0.00011217648880890163,0.20788649994223962,5.999999999999999,6.0,30.0,0.5,1.0,0.10329944647023176,0.23110525023183873,1.4901161193847656e-08,6.0,30.0,0.8,0.1983167459711238,0.22141438231942623,1.0,0.48333333333333334,0.5166666666666667,0.4666666666666667,0.125,,,,,,,,,,
A,lognormal,5000.0,0.5,1.0,30,1,equal,0.0,0.95,0.5,0.08850142593097321,0.700891117754484,0.21723908042730522,0.7788007830714049,8,rep_point,200,200,-0.0007344654127867112,-0.001619836418337517,0.00028425069235482603,-0.0008929760932123231,0.005560821183303223,0.0,0.0,0.0,없음,0.696096238845801,0.6983696487695064,0.5,0.5173541961097852,0.0,-0.0007344654127866557,0.0,30.0,30.0,30.0,0.1,1.0,0.3112978621171074,-0.017233848248756213,0.0,30.0,30.0,0.0,0.0,0.0,0.455,0.44,0.065,0.04,0.365,,,,,,,,,,
A,lognormal,5000.0,0.5,1.0,30,1,equal,0.0,0.95,0.5,0.08850142593097321,0.700891117754484,0.21723908042730522,0.7788007830714049,8,soft,200,200,0.08552167377221104,0.07971980514461596,0.09014058511289691,0.08548297546553162,0.025250250310733132,0.265,0.265,0.0,가끔,0.7826648674640228,0.6983696487695064,0.6435396190110593,0.5173541961097852,0.08589236947983198,-0.00047125997465324865,0.0,24.079465719346665,30.0,30.0,0.20623426733222228,1.0,0.3080866542393352,0.5538026790397509,0.49585763671804906,101.0,30.0,0.0,0.0,0.0,0.93,0.44,0.49,0.45,0.12,,,,,,,,,,
A,lognormal,5000.0,0.5,1.0,200,1,equal,0.0,0.95,0.5,0.08850142593097321,0.700891117754484,0.21723908042730522,0.7788007830714049,9,any,200,200,0.03779202961813499,0.036265620580731905,0.03905941665764523,0.03810232244796898,0.008464590410386724,0.0,0.0,0.0,없음,0.7403292330351439,0.7032974873781956,0.5759683549324621,0.5189597398944683,0.03803244703296094,-0.0006310477577327056,0.0,176.5001667797279,200.0,200.0,0.16576351931383046,1.0,0.3064594604247973,0.3483240475394181,0.36488820849390835,669.0,200.0,0.0,0.0,0.0,0.97,0.54,0.43,0.41,0.025,,,,,,,,,,
A,lognormal,5000.0,0.5,1.0,200,1,equal,0.0,0.95,0.5,0.08850142593097321,0.700891117754484,0.21723908042730522,0.7788007830714049,9,center,200,200,0.08449761414728874,0.07998656412923533,0.08922873677566057,0.08321456961910777,0.021123127356428652,0.245,0.245,0.0,가끔,0.7874452556225895,0.7032974873781956,0.6451612903225806,0.5189597398944683,0.013789799397053937,-0.002863506171132013,0.0727736373907567,96.52963771032444,105.0,200.0,0.2630692006122558,1.0,0.27277412942623114,0.17696630570853308,0.2834885681308469,113.0,200.0,0.475,0.07089502455877017,0.07794353530774667,0.995,0.54,0.455,0.435,0.01,,,,,,,,,,
A,lognormal,5000.0,0.5,1.0,200,1,equal,0.0,0.95,0.5,0.08850142593097321,0.700891117754484,0.21723908042730522,0.7788007830714049,9,f01,200,200,0.040472524687678424,0.03884475779409269,0.04208541080318884,0.04054719694962436,0.008948760783759559,0.0,0.0,0.0,없음,0.7435120069533679,0.7032974873781956,0.5807560137457045,0.5189597398944683,0.04073921333008468,-0.0009071063477193997,0.0,174.20433325592649,200.0,200.0,0.16358751337935146,1.0,0.30718804706210445,0.34840877584538704,0.3848078281585011,588.5,200.0,0.0,0.0,0.0,0.97,0.54,0.43,0.41,0.025,,,,,,,,,,
A,lognormal,5000.0,0.5,1.0,200,1,equal,0.0,0.95,0.5,0.08850142593097321,0.700891117754484,0.21723908042730522,0.7788007830714049,9,f10,200,200,0.05877818112300803,0.057383928793151795,0.06023671640121131,0.058168190046029106,0.010857107001971256,0.0,0.0,0.0,없음,0.7621109561300263,0.7032974873781956,0.6090538544994274,0.5189597398944683,0.05495631813879248,-0.0015812135966708496,0.004702152351350852,163.2933445245398,198.0,200.0,0.19256728045325777,1.0,0.30611251861263056,0.3880835887542744,0.4590358339948747,363.5,200.0,0.010000000000000009,0.003581816898838519,0.005610420860734822,0.995,0.54,0.455,0.435,0.0,,,,,,,,,,
A,lognormal,5000.0,0.5,1.0,200,1,equal,0.0,0.95,0.5,0.08850142593097321,0.700891117754484,0.21723908042730522,0.7788007830714049,9,f25,200,200,0.1065909053709157,0.10217908879419113,0.11135817325393926,0.10767542780008516,0.018895045046390602,0.625,0.625,0.0,벌어짐,0.811031275853076,0.7032974873781956,0.6749752597723899,0.5189597398944683,0.028929958139145895,-0.0024364983347201496,0.07876224754178307,120.0049145243059,142.0,200.0,0.25748502994011974,1.0,0.2623387036246395,0.26457058028954544,0.4133631814229789,174.0,200.0,0.29000000000000004,0.07653121644282312,0.08140100519685134,1.0,0.54,0.46,0.44,0.005,,,,,,,,,,
A,lognormal,5000.0,0.5,1.0,200,1,equal,0.0,0.95,0.5,0.08850142593097321,0.700891117754484,0.21723908042730522,0.7788007830714049,9,f50,200,200,0.20618945989820364,0.19763155115103614,0.21503162121289965,0.20508842198058297,0.0343160509390768,1.0,1.0,0.0,벌어짐,0.9090673999304579,0.7032974873781956,0.84375,0.5189597398944683,0.004592912482715705,-0.002331896944683276,0.20005859004168453,32.15266135832974,34.5,200.0,0.6216216216216216,1.0,0.16338375418878104,0.1260248323215418,0.2591264231505,35.0,200.0,0.8274999999999999,0.1930289505839723,0.21292314037696536,1.0,0.54,0.46,0.44,0.005,,,,,,,,,,
A,lognormal,5000.0,0.5,1.0,200,1,equal,0.0,0.95,0.5,0.08850142593097321,0.700891117754484,0.21723908042730522,0.7788007830714049,9,rep_point,200,200,-0.0030202766913225987,-0.0034564928928273453,-0.0026109688377248252,-0.0029723859039547124,0.0023805489379558806,0.0,0.0,0.0,없음,0.7008841708542715,0.7032974873781956,0.5214075427643268,0.5189597398944683,0.0,-0.002849081346293192,0.0,199.48334333352477,200.0,200.0,0.1018807146596205,1.0,0.31033536497420966,-7.272035056228232e-17,0.05089168841762787,200.0,200.0,0.0,0.0,0.0,0.505,0.54,0.065,0.055,0.49,,,,,,,,,,
A,lognormal,5000.0,0.5,1.0,200,1,equal,0.0,0.95,0.5,0.08850142593097321,0.700891117754484,0.21723908042730522,0.7788007830714049,9,soft,200,200,0.08273248638847802,0.07980648719728856,0.0852657218683891,0.08286161126949715,0.011045954262118088,0.055,0.055,0.0,없음,0.7865277210082333,0.7032974873781956,0.6466841656368127,0.5189597398944683,0.08603128885748373,-0.003235930339622939,0.0,156.41267220889722,200.0,200.0,0.21748049035816844,1.0,0.30775927093258604,0.528937266594814,0.527890839955406,669.0,200.0,0.0,0.0,0.0,1.0,0.54,0.46,0.44,0.005,,,,,,,,,,
A,lognormal,5000.0,1.0,-1.0,30,1,equal,0.0,0.95,0.5,-0.21195436743202095,0.700891117754484,0.389143691645361,0.36787944117144233,10,any,200,200,-0.09322534050728315,-0.10257300165980132,-0.08864146720195587,-0.09847470591774835,0.04063756937835627,0.455,0.0,0.455,가끔,0.5965377429384642,0.6984910362851795,0.4,0.5300851764110928,-0.09673004848427291,0.000376474179276276,0.0,22.903275475188266,30.0,30.0,0.21666666666666667,1.0,0.3032290864104465,-0.5674298233927528,0.5566473741817414,114.0,30.0,0.0,0.0,0.0,0.08,0.43,0.35,0.4,0.06,,,,,,,,,,
A,lognormal,5000.0,1.0,-1.0,30,1,equal,0.0,0.95,0.5,-0.21195436743202095,0.700891117754484,0.389143691645361,0.36787944117144233,10,center,200,200,-0.18794818096491267,-0.19875604612225006,-0.1700685480558689,-0.19283094464792988,0.08815646622167998,0.86,0.0,0.86,벌어짐,0.5125843564969788,0.6984910362851795,0.2857142857142857,0.5300851764110928,-0.07618529700679097,-0.00026904568509211746,-0.10503803412290111,11.91891891891892,16.0,30.0,0.37037037037037035,1.0,0.32374819467216687,-0.43388129734104103,0.5731617505435518,24.0,30.0,0.4666666666666667,-0.11309207768561358,-0.0966203211960035,0.04,0.43,0.39,0.445,0.02,,,,,,,,,,
A,lognormal,5000.0,1.0,-1.0,30,1,equal,0.0,0.95,0.5,-0.21195436743202095,0.700891117754484,0.389143691645361,0.36787944117144233,10,f01,200,200,-0.1001997524213255,-0.10825119811747952,-0.09305269975623687,-0.10491897397536624,0.043867632892302305,0.5,0.0,0.5,벌어짐,0.592710105668732,0.6984910362851795,0.3942307692307692,0.5300851764110928,-0.09899564636565666,0.0002796337652503089,0.0,22.54316695531029,30.0,30.0,0.22376470588235295,1.0,0.30385076277442413,-0.5747054767140434,0.575134931652274,101.0,30.0,0.0,0.0,0.0,0.08,0.43,0.35,0.4,0.06,,,,,,,,,,
A,lognormal,5000.0,1.0,-1.0,30,1,equal,0.0,0.95,0.5,-0.21195436743202095,0.700891117754484,0.389143691645361,0.36787944117144233,10,f10,200,200,-0.13808484588521686,-0.1488584167018444,-0.13150705245102456,-0.14443213763740773,0.05572012510199548,0.815,0.0,0.815,벌어짐,0.5560600767373722,0.6984910362851795,0.3455667789001122,0.5300851764110928,-0.11570336516971663,-0.0002755288010975465,-0.02198195053024765,18.540975726988705,27.0,30.0,0.27130750605326875,1.0,0.30877388382607596,-0.5406608474282718,0.6755960416061949,64.0,30.0,0.09999999999999998,-0.02674715795190208,-0.019902791613965576,0.03,0.43,0.4,0.46,0.0,,,,,,,,,,
A,lognormal,5000.0,1.0,-1.0,30,1,equal,0.0,0.95,0.5,-0.21195436743202095,0.700891117754484,0.389143691645361,0.36787944117144233,10,f25,200,200,-0.20567000215003636,-0.2190510259635836,-0.19231305535355558,-0.21096340856322562,0.0787277481276673,0.935,0.0,0.935,벌어짐,0.49678589566333087,0.6984910362851795,0.25677655677655675,0.5300851764110928,-0.0967024750344107,-0.0005242236395611721,-0.10533972687553472,12.533070337418165,19.0,30.0,0.3647450110864745,1.0,0.31384131941319937,-0.4657914870752232,0.6526994631805707,36.0,30.0,0.3666666666666667,-0.11276899832557385,-0.09788034106175059,0.015,0.43,0.415,0.475,0.015,,,,,,,,,,
A,lognormal,5000.0,1.0,-1.0,30,1,equal,0.0,0.95,0.5,-0.21195436743202095,0.700891117754484,0.389143691645361,0.36787944117144233,10,f50,200,195,-0.2996293192251399,-0.32227233445386433,-0.28450449123038635,-0.30548245388710454,0.11450320265229691,0.9743589743589743,0.0,0.9743589743589743,벌어짐,0.3827318577800008,0.6970101515579958,0.13333333333333333,0.5258030708125009,-0.06509647225165754,0.00047703914832053496,-0.2338571312097824,6.4,9.0,30.0,0.5454545454545454,1.0,0.3002774259130134,-0.40489559738741016,0.5656854249492381,15.0,30.0,0.7,-0.2515340502527986,-0.2151864514077677,0.010256410256410256,0.4153846153846154,0.40512820512820513,0.4717948717948718,0.015384615384615385,,,,,,,,,,
A,lognormal,5000.0,1.0,-1.0,30,1,equal,0.0,0.95,0.5,-0.21195436743202095,0.700891117754484,0.389143691645361,0.36787944117144233,10,rep_point,200,200,0.00036986741036409976,-0.0005363569833627402,0.0012488745557578396,-0.0004472961815656501,0.006279129562674185,0.0,0.0,0.0,없음,0.698663997998499,0.6984910362851795,0.5333333333333333,0.5300851764110928,0.0,0.00040341183238712386,0.0,30.0,30.0,30.0,0.1,1.0,0.3126230312097881,-0.001189257228705953,0.0,30.0,30.0,0.0,0.0,0.0,0.435,0.43,0.025,0.025,0.405,,,,,,,,,,
A,lognormal,5000.0,1.0,-1.0,30,1,equal,0.0,0.95,0.5,-0.21195436743202095,0.700891117754484,0.389143691645361,0.36787944117144233,10,soft,200,200,-0.19120535345643874,-0.20392327194720633,-0.1802081374894201,-0.19788081360237023,0.0763910846654827,0.9,0.0,0.9,벌어짐,0.49805835074520344,0.6984910362851795,0.2807162476627907,0.5300851764110928,-0.19087923670940504,-0.0002937265534197486,0.0,14.316889493787592,30.0,30.0,0.3536002935969923,1.0,0.3067675944526702,-0.5844038854151523,1.0466278576200239,114.0,30.0,0.0,0.0,0.0,0.03,0.43,0.4,0.465,0.01,,,,,,,,,,
A,lognormal,5000.0,1.0,-1.0,200,1,equal,0.0,0.95,0.5,-0.21195436743202095,0.700891117754484,0.389143691645361,0.36787944117144233,11,any,200,200,-0.09449446780066995,-0.09798834382168553,-0.09087019910940053,-0.09598932102340124,0.017253428368541077,0.41,0.0,0.41,가끔,0.6035613247063253,0.699915110372128,0.40304408003083503,0.5230786884004825,-0.09496733463293117,0.0006601507285536323,0.0,149.48970174490623,200.0,200.0,0.22514799388984158,1.0,0.308047932687729,-0.5258097345986927,0.5812785930274531,752.5,200.0,0.0,0.0,0.0,0.0,0.48,0.48,0.495,0.0,,,,,,,,,,
A,lognormal,5000.0,1.0,-1.0,200,1,equal,0.0,0.95,0.5,-0.21195436743202095,0.700891117754484,0.389143691645361,0.36787944117144233,11,center,200,200,-0.20641361562337673,-0.21238772466851175,-0.19594660503346656,-0.20681476724802042,0.039278466821039346,1.0,0.0,1.0,벌어짐,0.4952165034466577,0.699915110372128,0.2768199233716475,0.5230786884004825,-0.09155657859323874,-0.00272526490271241,-0.11032899194249302,70.15753538510342,107.5,200.0,0.39490761123636087,1.0,0.32859095086846707,-0.3811412218328362,0.7133482552008461,163.0,200.0,0.46249999999999997,-0.11492479444791048,-0.10567883106870313,0.0,0.48,0.48,0.495,0.0,,,,,,,,,,
A,lognormal,5000.0,1.0,-1.0,200,1,equal,0.0,0.95,0.5,-0.21195436743202095,0.700891117754484,0.389143691645361,0.36787944117144233,11,f01,200,200,-0.10170793184523541,-0.10617130588996093,-0.09876556550982751,-0.10379495455267396,0.01808564830897998,0.555,0.0,0.555,벌어짐,0.5957463028994275,0.699915110372128,0.3922432201580184,0.5230786884004825,-0.10160356900322853,0.0001771849699824246,0.0,143.99259371514418,200.0,200.0,0.2341381103358001,1.0,0.3082228966432343,-0.5324579490365442,0.6236668394578061,665.5,200.0,0.0,0.0,0.0,0.0,0.48,0.48,0.495,0.0,,,,,,,,,,
A,lognormal,5000.0,1.0,-1.0,200,1,equal,0.0,0.95,0.5,-0.21195436743202095,0.700891117754484,0.389143691645361,0.36787944117144233,11,f10,200,200,-0.1454285671323775,-0.14911971058736617,-0.14144043881590207,-0.1462369745655424,0.022062842886915367,0.98,0.0,0.98,벌어짐,0.5537610546869591,0.699915110372128,0.33873797471709116,0.5230786884004825,-0.11800751248147329,-0.0015062064123432806,-0.025854302757279124,117.00857049756618,182.0,200.0,0.2885074126125725,1.0,0.3114155105873785,-0.502911304423124,0.7453196958556849,424.0,200.0,0.08999999999999997,-0.02692343524130325,-0.024191736253336926,0.0,0.48,0.48,0.495,0.0,,,,,,,,,,
A,lognormal,5000.0,1.0,-1.0,200,1,equal,0.0,0.95,0.5,-0.21195436743202095,0.700891117754484,0.389143691645361,0.36787944117144233,11,f25,200,200,-0.21799948050980522,-0.2233583383486355,-0.21383662980144597,-0.2185349332287743,0.033663645497709734,1.0,0.0,1.0,벌어짐,0.4810291696467493,0.699915110372128,0.24945414847161573,0.5230786884004825,-0.10805422314320404,-0.002856494650067709,-0.10752653464874479,76.38722411752846,124.5,200.0,0.3843386064312241,1.0,0.31965439071458485,-0.415177713865848,0.7916967304252065,236.0,200.0,0.3775,-0.11142525491380462,-0.10329034681381566,0.0,0.48,0.48,0.495,0.0,,,,,,,,,,
A,lognormal,5000.0,1.0,-1.0,200,1,equal,0.0,0.95,0.5,-0.21195436743202095,0.700891117754484,0.389143691645361,0.36787944117144233,11,f50,200,200,-0.32180627931579,-0.3288204375416523,-0.311081770893352,-0.3199375252497301,0.04857427107198179,1.0,0.0,1.0,벌어짐,0.3773053868349465,0.699915110372128,0.14423076923076922,0.5230786884004825,-0.0768461709786073,-0.003779065509001922,-0.23634129096617032,36.60798977109363,58.0,200.0,0.5936816022171774,1.0,0.3167096288452806,-0.3161769336901291,0.7520156150742378,96.0,200.0,0.71,-0.24199899492951776,-0.23020199788270612,0.0,0.48,0.48,0.495,0.0,,,,,,,,,,
A,lognormal,5000.0,1.0,-1.0,200,1,equal,0.0,0.95,0.5,-0.21195436743202095,0.700891117754484,0.389143691645361,0.36787944117144233,11,rep_point,200,200,-0.0011999138027954936,-0.0017851110278787052,-0.0008916970161940707,-0.001047628408868218,0.0023740876233321155,0.0,0.0,0.0,없음,0.6991824748743718,0.699915110372128,0.5226130653266332,0.5230786884004825,-4.188298764018494e-05,-0.0011705935049854954,0.0,199.2184892760019,200.0,200.0,0.10314337075688973,1.0,0.3132901294216806,-0.004530616499961485,0.06263287807466048,200.0,200.0,0.0,0.0,0.0,0.475,0.48,0.035,0.04,0.475,,,,,,,,,,
A,lognormal,5000.0,1.0,-1.0,200,1,equal,0.0,0.95,0.5,-0.21195436743202095,0.700891117754484,0.389143691645361,0.36787944117144233,11,soft,200,200,-0.2032821363487989,-0.21218890738784135,-0.1988181153847215,-0.20634759364047542,0.03416561162733223,1.0,0.0,1.0,벌어짐,0.4957387956578968,0.699915110372128,0.2748315803452231,0.5230786884004825,-0.20110080958763227,-0.0020518284397222364,0.0,81.9401749766403,200.0,200.0,0.38062970370843924,1.0,0.309178977776683,-0.5367156648649842,1.2003378189232596,752.5,200.0,0.0,0.0,0.0,0.0,0.48,0.48,0.495,0.0,,,,,,,,,,
A,lognormal,5000.0,1.0,-0.5,30,1,equal,0.0,0.95,0.5,-0.11399770164107315,0.7260243075020016,0.389143691645361,0.36787944117144233,12,any,200,200,-0.04547306682981589,-0.051437649173720734,-0.04043694867913117,-0.05040073456982107,0.0340529525259606,0.075,0.0,0.075,없음,0.6773999225880345,0.7262522833318259,0.46225071225071224,0.5353560171566618,-0.044367808715537194,-0.0001122064828101843,0.0,23.648078869295787,30.0,30.0,0.21100917431192662,1.0,0.2578677522795892,-0.31819614403359603,0.5182682558692968,113.0,30.0,0.0,0.0,0.0,0.29,0.59,0.3,0.36,0.11,,,,,,,,,,
A,lognormal,5000.0,1.0,-0.5,30,1,equal,0.0,0.95,0.5,-0.11399770164107315,0.7260243075020016,0.389143691645361,0.36787944117144233,12,center,200,200,-0.09002332997302676,-0.10380251392456175,-0.07618069871636846,-0.10275724859145838,0.0803301113394582,0.455,0.0,0.455,가끔,0.634227726365058,0.7262522833318259,0.38461538461538464,0.5353560171566618,-0.034212068293607234,-0.0004298626862144217,-0.0538789138380239,12.085714285714289,16.0,30.0,0.3618181818181818,1.0,0.2783969463704108,-0.23988003070104008,0.5113625454312827,24.0,30.0,0.4666666666666667,-0.06388134086239972,-0.04511014387708334,0.175,0.59,0.425,0.535,0.105,,,,,,,,,,
A,lognormal,5000.0,1.0,-0.5,30,1,equal,0.0,0.95,0.5,-0.11399770164107315,0.7260243075020016,0.389143691645361,0.36787944117144233,12,f01,200,200,-0.050250543250716206,-0.055439420061894396,-0.04385568740396206,-0.05444064599496337,0.03630905740562,0.095,0.0,0.095,없음,0.6714930079920065,0.7262522833318259,0.45961478720099413,0.5353560171566618,-0.049512108730263016,-0.00012580976281278966,0.0,22.845024186511466,30.0,30.0,0.21902412280701755,1.0,0.259096540398057,-0.3437258074261138,0.5596393680223677,100.5,30.0,0.0,0.0,0.0,0.27,0.59,0.32,0.39,0.09,,,,,,,,,,
A,lognormal,5000.0,1.0,-0.5,30,1,equal,0.0,0.95,0.5,-0.11399770164107315,0.7260243075020016,0.389143691645361,0.36787944117144233,12,f10,200,200,-0.07155782348873435,-0.07659266908054574,-0.06426562322876939,-0.07785014913991715,0.04794820739771749,0.285,0.0,0.285,가끔,0.657300738628034,0.7262522833318259,0.4196172248803828,0.5353560171566618,-0.0534561853104239,-0.00014687207672997582,-0.014704349480796963,19.04874979023326,28.0,30.0,0.2631578947368421,1.0,0.26630873898845153,-0.32724280993248084,0.6535493966413037,63.0,30.0,0.06666666666666665,-0.016216394540076062,-0.011714974726184879,0.2,0.59,0.39,0.485,0.0,,,,,,,,,,
A,lognormal,5000.0,1.0,-0.5,30,1,equal,0.0,0.95,0.5,-0.11399770164107315,0.7260243075020016,0.389143691645361,0.36787944117144233,12,f25,200,200,-0.0986173249770837,-0.11087202469817226,-0.08717686761594123,-0.11092885067908846,0.07293342435197905,0.485,0.0,0.485,가끔,0.6279333163071661,0.7262522833318259,0.375,0.5353560171566618,-0.047771630132999676,-0.00011937873723644188,-0.0532644371949173,12.82857142857143,19.0,30.0,0.35519713261648744,1.0,0.2751574789740041,-0.2980505159079982,0.6318014735692234,35.0,30.0,0.3666666666666667,-0.06249612193819665,-0.04808634794172573,0.135,0.59,0.465,0.595,0.085,,,,,,,,,,
A,lognormal,5000.0,1.0,-0.5,30,1,equal,0.0,0.95,0.5,-0.11399770164107315,0.7260243075020016,0.389143691645361,0.36787944117144233,12,f50,200,197,-0.14696178240685698,-0.17256398364559988,-0.12421704532968403,-0.16170213685583135,0.11616044088693211,0.6802030456852792,0.0,0.6802030456852792,벌어짐,0.5752807302738527,0.7262326632385759,0.2857142857142857,0.5349382432580541,-0.02691843782967729,-0.002166156893709109,-0.12001854460162864,6.36842105263158,9.0,30.0,0.5454545454545454,1.0,0.274857878763473,-0.23653194934829597,0.506160396620911,14.0,30.0,0.7,-0.13421883107066968,-0.10295988008129353,0.116751269035533,0.5888324873096447,0.4720812182741117,0.6040609137055838,0.12690355329949238,,,,,,,,,,
A,lognormal,5000.0,1.0,-0.5,30,1,equal,0.0,0.95,0.5,-0.11399770164107315,0.7260243075020016,0.389143691645361,0.36787944117144233,12,rep_point,200,200,0.0001966336595722873,-0.0016296651177418742,0.001450466457468047,0.0003193459349423744,0.006579017827773464,0.0,0.0,0.0,없음,0.7270890668001,0.7262522833318259,0.5333333333333333,0.5353560171566618,0.0,6.0264192057235544e-05,0.0,30.0,30.0,30.0,0.1,1.0,0.2654005162222767,-0.006949220671069098,0.0,30.0,30.0,0.0,0.0,0.0,0.64,0.59,0.06,0.045,0.44,,,,,,,,,,
A,lognormal,5000.0,1.0,-0.5,30,1,equal,0.0,0.95,0.5,-0.11399770164107315,0.7260243075020016,0.389143691645361,0.36787944117144233,12,soft,200,200,-0.09384713173561965,-0.10636830348728321,-0.08553726076547596,-0.10511656033734418,0.06928107179833896,0.47,0.0,0.47,가끔,0.632386900975299,0.7262522833318259,0.3795789712378832,0.5353560171566618,-0.09339169100984207,-0.00043331526710993495,0.0,15.216162999480394,30.0,30.0,0.33578682210642863,1.0,0.262812224312467,-0.36374897305959464,0.9856914926334098,113.0,30.0,0.0,0.0,0.0,0.155,0.59,0.435,0.55,0.055,,,,,,,,,,
A,lognormal,5000.0,1.0,-0.5,200,1,equal,0.0,0.95,0.5,-0.11399770164107315,0.7260243075020016,0.389143691645361,0.36787944117144233,13,any,200,200,-0.05074889508155439,-0.05338064825022648,-0.04795137129125171,-0.05193397330933287,0.014056872602852724,0.0,0.0,0.0,없음,0.6742087302585349,0.7254501394267865,0.4524672650798073,0.5261590247286065,-0.05104785101433257,0.00017104025215347596,0.0,149.2714802858148,200.0,200.0,0.2260243830796813,1.0,0.26913988447732873,-0.3210822317824141,0.5829585516737313,751.0,200.0,0.0,0.0,0.0,0.095,0.82,0.725,0.785,0.075,,,,,,,,,,
A,lognormal,5000.0,1.0,-0.5,200,1,equal,0.0,0.95,0.5,-0.11399770164107315,0.7260243075020016,0.389143691645361,0.36787944117144233,13,center,200,200,-0.11411059670546808,-0.11757918893363817,-0.10841194498869522,-0.11394704565210972,0.03362463881595774,0.665,0.0,0.665,벌어짐,0.6120061225416042,0.7254501394267865,0.3741913943491507,0.5261590247286065,-0.04862801093170527,-0.0035877275652826945,-0.06205591464824867,71.38329118881293,107.0,200.0,0.39385588761046453,1.0,0.29122376381657555,-0.22624561254514955,0.7026317785876448,161.0,200.0,0.46499999999999997,-0.06567162837325802,-0.058271828483705934,0.005,0.82,0.815,0.935,0.015,,,,,,,,,,
A,lognormal,5000.0,1.0,-0.5,200,1,equal,0.0,0.95,0.5,-0.11399770164107315,0.7260243075020016,0.389143691645361,0.36787944117144233,13,f01,200,200,-0.05505684723719262,-0.05726595256287581,-0.05302368774759825,-0.055719215508150136,0.015105810874508562,0.005,0.0,0.005,없음,0.6710293571147864,0.7254501394267865,0.4463070691771941,0.5261590247286065,-0.0547174031676918,-0.0005125294176189787,0.0,144.62134264740473,200.0,200.0,0.23513502017112664,1.0,0.27081008818249785,-0.32705622817835744,0.6188067187439709,663.0,200.0,0.0,0.0,0.0,0.075,0.82,0.745,0.815,0.055,,,,,,,,,,
A,lognormal,5000.0,1.0,-0.5,200,1,equal,0.0,0.95,0.5,-0.11399770164107315,0.7260243075020016,0.389143691645361,0.36787944117144233,13,f10,200,200,-0.07821810944835134,-0.08062660342832872,-0.07393799207301555,-0.07942666966579848,0.02020929455073485,0.145,0.0,0.145,가끔,0.6484165308778567,0.7254501394267865,0.4162808232270671,0.5261590247286065,-0.06000636276711102,-0.0019404430162233144,-0.015458402473854715,118.35280683377567,183.0,200.0,0.2845811196669618,1.0,0.2755330804605086,-0.296342130387384,0.7353674369674531,423.5,200.0,0.08499999999999996,-0.01616994479845213,-0.013855566669954578,0.02,0.82,0.8,0.905,0.0,,,,,,,,,,
A,lognormal,5000.0,1.0,-0.5,200,1,equal,0.0,0.95,0.5,-0.11399770164107315,0.7260243075020016,0.389143691645361,0.36787944117144233,13,f25,200,200,-0.11646058791008956,-0.12198662854799824,-0.11064246403652078,-0.11863057587716003,0.03045486532972171,0.76,0.0,0.76,벌어짐,0.6094981607045392,0.7254501394267865,0.3622669930333271,0.5261590247286065,-0.05655520871348019,-0.00308583858578243,-0.059214673100655923,77.70234352334111,125.0,200.0,0.3833841935822925,1.0,0.2867272416812593,-0.2496898074766431,0.7672299009052347,233.5,200.0,0.375,-0.06172737534881434,-0.056107099385119374,0.0,0.82,0.82,0.935,0.02,,,,,,,,,,
A,lognormal,5000.0,1.0,-0.5,200,1,equal,0.0,0.95,0.5,-0.11399770164107315,0.7260243075020016,0.389143691645361,0.36787944117144233,13,f50,200,200,-0.1726530157514341,-0.18111423006210303,-0.16383318855231788,-0.17523564796236385,0.048014508818299544,0.955,0.0,0.955,벌어짐,0.5551444113771393,0.7254501394267865,0.2957134109001837,0.5261590247286065,-0.043927634663966375,-0.0043492895014026756,-0.12248284077341087,37.68640427126668,59.0,200.0,0.5884081757754599,1.0,0.29981695946749043,-0.18784941915303832,0.7399936248668761,97.0,200.0,0.7050000000000001,-0.12931150513825318,-0.1183194247810706,0.0,0.82,0.82,0.94,0.02,,,,,,,,,,
A,lognormal,5000.0,1.0,-0.5,200,1,equal,0.0,0.95,0.5,-0.11399770164107315,0.7260243075020016,0.389143691645361,0.36787944117144233,13,rep_point,200,200,-0.001898504902983822,-0.0026159743656748446,-0.00152779349642862,-0.002162420647176244,0.002534942999342738,0.0,0.0,0.0,없음,0.7233814070351758,0.7254501394267865,0.53,0.5261590247286065,-1.0823298792095315e-05,-0.0022626757140933873,0.0,199.33568095560284,200.0,200.0,0.10248621165045886,1.0,0.2780770717428214,-0.0017969777359123284,0.05772839156298279,200.0,200.0,0.0,0.0,0.0,0.82,0.82,0.04,0.035,0.8,,,,,,,,,,
A,lognormal,5000.0,1.0,-0.5,200,1,equal,0.0,0.95,0.5,-0.11399770164107315,0.7260243075020016,0.389143691645361,0.36787944117144233,13,soft,200,200,-0.11065079590975846,-0.11345977655216533,-0.10786306482515273,-0.1131664564471902,0.030274252212813435,0.67,0.0,0.67,벌어짐,0.6129602094369885,0.7254501394267865,0.3753946908735455,0.5261590247286065,-0.10789009958802964,-0.002837481553544241,0.0,83.47184696452727,200.0,200.0,0.37896657970045655,1.0,0.2729546855090503,-0.3265227577218587,1.1815357555628374,751.0,200.0,0.0,0.0,0.0,0.0,0.82,0.82,0.935,0.02,,,,,,,,,,
A,lognormal,5000.0,1.0,0.0,30,1,equal,0.0,0.95,0.5,0.0,0.7367420049605218,0.389143691645361,0.36787944117144233,14,any,200,200,0.002585654496107148,-0.0010859958013379467,0.007393523736744401,0.00018785693867130415,0.026943019083333845,0.0,0.0,0.0,없음,0.7440963021077516,0.7459268448319104,0.5406422018348624,0.5397796939524182,0.004913248267936765,-6.463866926842421e-05,0.0,23.2289526085225,30.0,30.0,0.21621621621621623,1.0,0.24212731833785195,0.03876151260676247,0.5398997307369273,114.0,30.0,0.0,0.0,0.0,0.645,0.645,0.17,0.125,0.13,,,,,,,,,,
A,lognormal,5000.0,1.0,0.0,30,1,equal,0.0,0.95,0.5,0.0,0.7367420049605218,0.389143691645361,0.36787944117144233,14,center,200,200,0.00601289278776912,-0.007363475508505357,0.017754756112779435,-0.00037561926702796457,0.06469703480435915,0.095,0.03,0.065,없음,0.7463058869755239,0.7459268448319104,0.5345238095238095,0.5397796939524182,0.0019659319936914943,-0.001071836801966708,0.003665241652152207,11.983516483516482,16.0,30.0,0.36363636363636365,1.0,0.24167520336561954,0.024111718777212732,0.5584055369582894,24.5,30.0,0.4666666666666667,-0.004537361518175631,0.0112564516492617,0.53,0.645,0.315,0.25,0.195,,,,,,,,,,
A,lognormal,5000.0,1.0,0.0,30,1,equal,0.0,0.95,0.5,0.0,0.7367420049605218,0.389143691645361,0.36787944117144233,14,f01,200,200,0.0032704212397611787,-0.0009153892848091649,0.008871094181189143,0.0003345094225583245,0.02900869786549516,0.005,0.0,0.005,없음,0.7429487029679022,0.7459268448319104,0.5402702702702703,0.5397796939524182,0.003917548697069118,-0.0006361636433580009,0.0,22.646635897870656,30.0,30.0,0.22271825396825395,1.0,0.24276453747047172,0.028711778254846484,0.5698245891408718,100.0,30.0,0.0,0.0,0.0,0.625,0.645,0.18,0.12,0.11,,,,,,,,,,
A,lognormal,5000.0,1.0,0.0,30,1,equal,0.0,0.95,0.5,0.0,0.7367420049605218,0.389143691645361,0.36787944117144233,14,f10,200,200,-0.000693565712295563,-0.009152896568012436,0.007884590984139295,-0.0015951685518866194,0.040065126614983515,0.02,0.0,0.02,없음,0.743619920832892,0.7459268448319104,0.5447860962566844,0.5397796939524182,0.0036890646036594754,-0.00017843410649281966,0.0,18.91697066977966,27.0,30.0,0.2698412698412698,1.0,0.24838185502555882,0.02644205731631368,0.6567234270137235,64.5,30.0,0.09999999999999998,-0.0033993631834309257,0.0003337992846468296,0.625,0.645,0.23,0.16,0.0,,,,,,,,,,
A,lognormal,5000.0,1.0,0.0,30,1,equal,0.0,0.95,0.5,0.0,0.7367420049605218,0.389143691645361,0.36787944117144233,14,f25,200,200,0.002469099586342949,-0.004080579743769519,0.016262656919513563,-0.0001117170629192904,0.06113725808220482,0.11,0.03,0.08,가끔,0.7464572552094038,0.7459268448319104,0.5422619047619047,0.5397796939524182,0.0027408473350351015,-0.0006768454831510007,0.006232753672622826,12.897648083623693,19.0,30.0,0.35714285714285715,1.0,0.24636340856232014,0.011493195683269685,0.6568639473158538,36.0,30.0,0.3666666666666667,0.00034480728037822317,0.013519933072814072,0.61,0.645,0.275,0.205,0.145,,,,,,,,,,
A,lognormal,5000.0,1.0,0.0,30,1,equal,0.0,0.95,0.5,0.0,0.7367420049605218,0.389143691645361,0.36787944117144233,14,f50,200,195,0.0030189169029885,-0.006961346184489958,0.025773618882675042,0.0010095552939228224,0.0968882956168419,0.2923076923076923,0.14871794871794872,0.14358974358974358,가끔,0.7567826065213041,0.7461094288662387,0.5294117647058824,0.5397395202178965,0.006213587377791097,-0.0009848809600828679,0.008039284532017632,6.545454545454545,9.0,30.0,0.5454545454545454,1.0,0.22651079368925767,0.08127994704043918,0.5443310539518174,14.0,30.0,0.7,-0.007012285759186221,0.02001985529278094,0.5282051282051282,0.6410256410256411,0.3487179487179487,0.30256410256410254,0.21025641025641026,,,,,,,,,,
A,lognormal,5000.0,1.0,0.0,30,1,equal,0.0,0.95,0.5,0.0,0.7367420049605218,0.389143691645361,0.36787944117144233,14,rep_point,200,200,-0.0006739603416885953,-0.0016725707631711773,0.0006620997390890393,-0.00045336856457071364,0.005800382952824983,0.0,0.0,0.0,없음,0.7454303227420566,0.7459268448319104,0.5333333333333333,0.5397796939524182,0.0,-0.00044883845553350676,0.0,30.0,30.0,30.0,0.1,1.0,0.24863440412912982,-0.002575738315039172,0.0,30.0,30.0,0.0,0.0,0.0,0.68,0.645,0.065,0.03,0.225,,,,,,,,,,
A,lognormal,5000.0,1.0,0.0,30,1,equal,0.0,0.95,0.5,0.0,0.7367420049605218,0.389143691645361,0.36787944117144233,14,soft,200,200,0.008469690936782126,-0.005386089674198624,0.015673330094532645,-0.0012789722271738635,0.05527936444054802,0.075,0.015,0.06,없음,0.7451938007129884,0.7459268448319104,0.535605534604819,0.5397796939524182,0.009143080946765691,-0.0005436766599669629,0.0,14.761255056837285,30.0,30.0,0.34550742689221114,1.0,0.24483037515838446,0.03065181728967619,1.016045646974761,114.0,30.0,0.0,0.0,0.0,0.595,0.645,0.27,0.195,0.1,,,,,,,,,,
A,lognormal,5000.0,1.0,0.0,200,1,equal,0.0,0.95,0.5,0.0,0.7367420049605218,0.389143691645361,0.36787944117144233,15,any,200,200,3.993951728636924e-05,-0.0016557055049818414,0.002225433025867307,0.0003990784215045212,0.009693476778998388,0.0,0.0,0.0,없음,0.737306017487835,0.737330808632445,0.5301456320006148,0.5304632871827786,-4.502888013924178e-05,-0.0001528741085511931,0.0,146.79335339783324,200.0,200.0,0.22964579868678298,1.0,0.2515268787826926,-0.0002598204168567128,0.6020461433186912,755.5,200.0,0.0,0.0,0.0,0.84,0.83,0.1,0.02,0.11,,,,,,,,,,
A,lognormal,5000.0,1.0,0.0,200,1,equal,0.0,0.95,0.5,0.0,0.7367420049605218,0.389143691645361,0.36787944117144233,15,center,200,200,-0.0019084258728245262,-0.0058949447857988835,0.0023603882363614215,-0.0010951145311367278,0.024279753681313618,0.0,0.0,0.0,없음,0.7373778508983703,0.737330808632445,0.5339080459770115,0.5304632871827786,0.0015963860992701528,-0.003716820109691432,0.0019299732055944596,67.94176185867978,108.0,200.0,0.4026101541886612,1.0,0.2571100118951918,0.009341232697966197,0.7575195518147779,164.0,200.0,0.45999999999999996,-0.0011866603500065853,0.005689701756161791,0.71,0.83,0.22,0.095,0.13,,,,,,,,,,
A,lognormal,5000.0,1.0,0.0,200,1,equal,0.0,0.95,0.5,0.0,0.7367420049605218,0.389143691645361,0.36787944117144233,15,f01,200,200,6.446564544670963e-05,-0.0020387227194222923,0.0015678265331938723,-0.0002250568555671656,0.01037176962460527,0.0,0.0,0.0,없음,0.7366126438482827,0.737330808632445,0.5306020066889632,0.5304632871827786,0.00015234747563247497,-0.00039136545799939304,0.0,143.3838370323802,200.0,200.0,0.23740434140970862,1.0,0.2520669630171247,0.0010096512532158678,0.6273224660676826,666.0,200.0,0.0,0.0,0.0,0.82,0.83,0.11,0.03,0.09,,,,,,,,,,
A,lognormal,5000.0,1.0,0.0,200,1,equal,0.0,0.95,0.5,0.0,0.7367420049605218,0.389143691645361,0.36787944117144233,15,f10,200,200,-3.147154358745796e-05,-0.0034476082406497133,0.0019313390990070012,-0.001127685139426275,0.014028342150058937,0.0,0.0,0.0,없음,0.7365524822420644,0.737330808632445,0.5294594941996851,0.5304632871827786,0.0017263798453919788,-0.0018829827659660459,-0.000125973654051037,115.9685244167456,182.0,200.0,0.28892494652692,1.0,0.25562386136127285,0.009413593869187198,0.7505756130731756,426.0,200.0,0.08999999999999997,-0.0017627848464863982,0.0006827221765168812,0.77,0.83,0.18,0.045,0.0,,,,,,,,,,
A,lognormal,5000.0,1.0,0.0,200,1,equal,0.0,0.95,0.5,0.0,0.7367420049605218,0.389143691645361,0.36787944117144233,15,f25,200,200,-0.0012620770430447625,-0.002923875905014528,0.0023164534119124447,-0.0015430854490060498,0.022730013633280644,0.0,0.0,0.0,없음,0.7366804311662594,0.737330808632445,0.5301087259548369,0.5304632871827786,0.0002500988169185647,-0.0033034182024407888,0.001630336092519391,75.40062273359135,124.0,200.0,0.3932580612164721,1.0,0.2552881261287182,0.0011410979808514452,0.800496728783372,236.0,200.0,0.38,0.0001157131400291167,0.004258343751312732,0.71,0.83,0.21,0.085,0.12,,,,,,,,,,
A,lognormal,5000.0,1.0,0.0,200,1,equal,0.0,0.95,0.5,0.0,0.7367420049605218,0.389143691645361,0.36787944117144233,15,f50,200,200,0.0006195596022120498,-0.007266222429970659,0.00837087357559585,-0.0002694250053220015,0.03743723592790425,0.015,0.005,0.01,없음,0.7395770390041538,0.737330808632445,0.5385308458766165,0.5304632871827786,0.002158773753500265,-0.0036739928754729867,0.002357561788811302,35.661275026340036,59.0,200.0,0.6011735761454235,1.0,0.25337524716362547,0.011258489360079824,0.7857076448762828,98.0,200.0,0.7050000000000001,-0.003602151063856418,0.006540542638239111,0.685,0.83,0.305,0.18,0.195,,,,,,,,,,
A,lognormal,5000.0,1.0,0.0,200,1,equal,0.0,0.95,0.5,0.0,0.7367420049605218,0.389143691645361,0.36787944117144233,15,rep_point,200,200,-0.0031865222115460834,-0.0035583886376591156,-0.0027077726729503038,-0.003053930493750755,0.002391318644675096,0.0,0.0,0.0,없음,0.7343243620728577,0.737330808632445,0.53,0.5304632871827786,0.0,-0.0032933784994703674,0.0,199.23367354500357,200.0,200.0,0.10353934937662944,1.0,0.2587155655385726,3.122473392601433e-18,0.062018379618375155,200.0,200.0,0.0,0.0,0.0,0.815,0.83,0.045,0.0,0.195,,,,,,,,,,
A,lognormal,5000.0,1.0,0.0,200,1,equal,0.0,0.95,0.5,0.0,0.7367420049605218,0.389143691645361,0.36787944117144233,15,soft,200,200,-0.0002782559408139873,-0.004434608078922153,0.002491229685983032,-0.0018487868931385243,0.02132523458106532,0.0,0.0,0.0,없음,0.7370332595494662,0.737330808632445,0.5329853003432,0.5304632871827786,0.0032671040514087313,-0.0034818315291872404,0.0,79.01847188638132,200.0,200.0,0.3859005772549977,1.0,0.2545521308004801,0.01001873873738719,1.2373595597712814,755.5,200.0,0.0,0.0,0.0,0.73,0.83,0.2,0.08,0.09,,,,,,,,,,
A,lognormal,5000.0,1.0,0.5,30,1,equal,0.0,0.95,0.5,0.09442022905641356,0.7260243075020016,0.389143691645361,0.36787944117144233,16,any,200,200,0.045945299725661526,0.040551575032304,0.04889732421390902,0.04550020347582122,0.025076425756861153,0.01,0.01,0.0,없음,0.7817926827723236,0.7334399506206452,0.6318272095332671,0.5407090406242332,0.04480130570715707,0.00036384195459066015,0.0,23.300940438871475,30.0,30.0,0.2130388585306618,1.0,0.2671432265486611,0.31366318602263166,0.536191622468854,113.0,30.0,0.0,0.0,0.0,0.895,0.66,0.255,0.19,0.05,,,,,,,,,,
A,lognormal,5000.0,1.0,0.5,30,1,equal,0.0,0.95,0.5,0.09442022905641356,0.7260243075020016,0.389143691645361,0.36787944117144233,16,center,200,200,0.09670764737493198,0.08814072185211741,0.10466439155344198,0.09309365517546225,0.04865887356769389,0.47,0.47,0.0,가끔,0.8354042134432582,0.7334399506206452,0.7142857142857143,0.5407090406242332,0.030877895249377285,-0.0012620066688300846,0.058140266978316035,11.655172413793103,16.0,30.0,0.38095238095238093,1.0,0.23256092091653008,0.25787246557683974,0.5766771859489551,24.0,30.0,0.4666666666666667,0.05366557294633634,0.06465789925513543,0.91,0.66,0.28,0.215,0.055,,,,,,,,,,
A,lognormal,5000.0,1.0,0.5,30,1,equal,0.0,0.95,0.5,0.09442022905641356,0.7260243075020016,0.389143691645361,0.36787944117144233,16,f01,200,200,0.04870848391541249,0.044972119341604944,0.05472959042837666,0.049720574120257634,0.026004246901910215,0.02,0.02,0.0,없음,0.7855744444548988,0.7334399506206452,0.6399759783805425,0.5407090406242332,0.04937029567192419,0.00012662415173270158,0.0,22.71689244134156,30.0,30.0,0.22168803418803418,1.0,0.2674264504800251,0.3248816203408943,0.5662182818702779,100.0,30.0,0.0,0.0,0.0,0.905,0.66,0.255,0.18,0.04,,,,,,,,,,
A,lognormal,5000.0,1.0,0.5,30,1,equal,0.0,0.95,0.5,0.09442022905641356,0.7260243075020016,0.389143691645361,0.36787944117144233,16,f10,200,200,0.06884952358786,0.06157331000645516,0.07464071379827364,0.06897384492721992,0.03393940243549283,0.175,0.175,0.0,가끔,0.8053222046684202,0.7334399506206452,0.6691542288557214,0.5407090406242332,0.047334917791816034,-3.919724092193988e-05,0.014618260367168123,18.817465626161276,27.0,30.0,0.27055180180180183,1.0,0.2567255056795077,0.2959878416610585,0.6699417089050339,63.0,30.0,0.09999999999999998,0.011018246600599357,0.02030977701459924,0.925,0.66,0.265,0.2,0.0,,,,,,,,,,
A,lognormal,5000.0,1.0,0.5,30,1,equal,0.0,0.95,0.5,0.09442022905641356,0.7260243075020016,0.389143691645361,0.36787944117144233,16,f25,200,200,0.10330811916097848,0.09457433247550417,0.1105539067483775,0.10057162532128441,0.04812503054953378,0.525,0.525,0.0,벌어짐,0.8438197452790477,0.7334399506206452,0.7302494802494802,0.5407090406242332,0.034695456998534435,-0.0007012613214849028,0.06377945283141939,12.398136292502492,18.0,30.0,0.36811594202898545,1.0,0.2252346717912112,0.24595163594958297,0.6603893418052584,34.5,30.0,0.4,0.05738131614002184,0.06866198529100986,0.935,0.66,0.305,0.235,0.07,,,,,,,,,,
A,lognormal,5000.0,1.0,0.5,30,1,equal,0.0,0.95,0.5,0.09442022905641356,0.7260243075020016,0.389143691645361,0.36787944117144233,16,f50,200,199,0.14798617760276223,0.1276163773641179,0.15857689785859852,0.13726331966405625,0.06768035656360431,0.6984924623115578,0.6984924623115578,0.0,벌어짐,0.8861923101657011,0.7332227523440348,0.8,0.5420087039951944,0.01876938129892214,-0.0005604373198840884,0.11877891108797856,6.4,9.0,30.0,0.5652173913043478,1.0,0.15769574111934304,0.25723063688452846,0.5329387100211931,14.0,30.0,0.7,0.1049595344842017,0.13094859819547244,0.9447236180904522,0.6582914572864321,0.3065326633165829,0.23115577889447236,0.07035175879396985,,,,,,,,,,
A,lognormal,5000.0,1.0,0.5,30,1,equal,0.0,0.95,0.5,0.09442022905641356,0.7260243075020016,0.389143691645361,0.36787944117144233,16,rep_point,200,200,-0.0005543041027921691,-0.0015798507137562146,0.00029124962552318223,-0.0007613106322514207,0.004878511160370915,0.0,0.0,0.0,없음,0.7318697356350596,0.7334399506206452,0.5333333333333333,0.5407090406242332,0.0,-0.0005543041027921691,0.0,30.0,30.0,30.0,0.1,1.0,0.2726782296053122,0.001936701611341072,0.0,30.0,30.0,0.0,0.0,0.0,0.66,0.66,0.04,0.03,0.275,,,,,,,,,,
A,lognormal,5000.0,1.0,0.5,30,1,equal,0.0,0.95,0.5,0.09442022905641356,0.7260243075020016,0.389143691645361,0.36787944117144233,16,soft,200,200,0.09212663340140198,0.08581430923515254,0.09951249588705191,0.0903810855606762,0.040994742091290476,0.425,0.425,0.0,가끔,0.8285175788394814,0.7334399506206452,0.7076052595919051,0.5407090406242332,0.09279476737382436,-0.0005943647969544608,0.0,14.232438731973247,30.0,30.0,0.3571710367931913,1.0,0.2674400256970152,0.33229847529959505,1.0525515247150876,113.0,30.0,0.0,0.0,0.0,0.935,0.66,0.295,0.225,0.04,,,,,,,,,,
A,lognormal,5000.0,1.0,0.5,200,1,equal,0.0,0.95,0.5,0.09442022905641356,0.7260243075020016,0.389143691645361,0.36787944117144233,17,any,200,200,0.04482742610949675,0.043038208036658254,0.047294307220066,0.044721717836151614,0.01057528680773878,0.0,0.0,0.0,없음,0.7754713629042408,0.7294147454881277,0.6086967920301254,0.534832813663407,0.045738901383621966,-0.0002840969210690103,0.0,147.60649640407883,200.0,200.0,0.22806837352316842,1.0,0.2699632827033168,0.28024774368964345,0.5957800885164504,756.0,200.0,0.0,0.0,0.0,1.0,0.855,0.145,0.075,0.0,,,,,,,,,,
A,lognormal,5000.0,1.0,0.5,200,1,equal,0.0,0.95,0.5,0.09442022905641356,0.7260243075020016,0.389143691645361,0.36787944117144233,17,center,200,200,0.0885087714604304,0.08298265181573805,0.0923549555468488,0.08747032796646077,0.022282200895299864,0.3,0.3,0.0,가끔,0.8179887715410574,0.7294147454881277,0.6835033187631536,0.534832813663407,0.033702662570430086,-0.003673266884853754,0.055128496717324504,70.00325237337941,107.0,200.0,0.39670637761485317,1.0,0.2454572430043082,0.18683020337838835,0.7314613587443797,165.0,200.0,0.46499999999999997,0.0527000307810892,0.05951175684866861,1.0,0.855,0.145,0.075,0.0,,,,,,,,,,
A,lognormal,5000.0,1.0,0.5,200,1,equal,0.0,0.95,0.5,0.09442022905641356,0.7260243075020016,0.389143691645361,0.36787944117144233,17,f01,200,200,0.04682104284250077,0.04496083191290934,0.04915371407560154,0.047312416827787765,0.011181233359097705,0.0,0.0,0.0,없음,0.777381638360698,0.7294147454881277,0.6153786498119354,0.534832813663407,0.04789475286397704,-0.0008472869577159647,0.0,143.55084539133566,200.0,200.0,0.23756684363180453,1.0,0.2707211774147701,0.2804816307833107,0.6270841956086517,666.0,200.0,0.0,0.0,0.0,1.0,0.855,0.145,0.075,0.0,,,,,,,,,,
A,lognormal,5000.0,1.0,0.5,200,1,equal,0.0,0.95,0.5,0.09442022905641356,0.7260243075020016,0.389143691645361,0.36787944117144233,17,f10,200,200,0.06647868232631737,0.06389578417757169,0.07069996455460303,0.06687153772342427,0.013723804931658097,0.015,0.015,0.0,없음,0.797134133847037,0.7294147454881277,0.6453416869121664,0.534832813663407,0.04966585009155261,-0.001968702439484993,0.01918440589621867,116.36584076841557,182.0,200.0,0.2857142857142857,1.0,0.26118644991820594,0.24987929756476113,0.7411094887136643,427.0,200.0,0.08999999999999997,0.017439308075396176,0.020892246620078492,1.0,0.855,0.145,0.075,0.0,,,,,,,,,,
A,lognormal,5000.0,1.0,0.5,200,1,equal,0.0,0.95,0.5,0.09442022905641356,0.7260243075020016,0.389143691645361,0.36787944117144233,17,f25,200,200,0.09363174834277177,0.09083086714991262,0.10068475315209979,0.09579746660232724,0.02012093518891914,0.43,0.43,0.0,가끔,0.8269223952442164,0.7294147454881277,0.6969640074350838,0.534832813663407,0.038262194168585784,-0.0028864541919710884,0.06123306936899403,76.50028941815242,124.0,200.0,0.3854596578901883,1.0,0.24041669064200516,0.19707383122947267,0.7884544306417134,237.0,200.0,0.38,0.05692332842831349,0.06344208718397248,1.0,0.855,0.145,0.075,0.0,,,,,,,,,,
A,lognormal,5000.0,1.0,0.5,200,1,equal,0.0,0.95,0.5,0.09442022905641356,0.7260243075020016,0.389143691645361,0.36787944117144233,17,f50,200,200,0.13194122725376423,0.12729148907795684,0.1385285051552697,0.13076711662922388,0.0291261230154573,0.845,0.845,0.0,벌어짐,0.8630362260390437,0.7294147454881277,0.7641328828828828,0.534832813663407,0.025529645360173103,-0.0034322319099618914,0.10716395235408105,37.1798592486317,58.5,200.0,0.5954488372252398,1.0,0.20959309347763694,0.1570646446845364,0.7698591716917442,100.0,200.0,0.7075,0.10174348859990612,0.11248278866269823,1.0,0.855,0.145,0.075,0.0,,,,,,,,,,
A,lognormal,5000.0,1.0,0.5,200,1,equal,0.0,0.95,0.5,0.09442022905641356,0.7260243075020016,0.389143691645361,0.36787944117144233,17,rep_point,200,200,-0.004410069522991056,-0.004623587085388348,-0.003931802510140026,-0.0042342517710554405,0.002137995496716538,0.0,0.0,0.0,없음,0.7247477386934673,0.7294147454881277,0.535,0.534832813663407,7.543074708626918e-06,-0.004257368252056415,0.0,199.21492097082165,200.0,200.0,0.10303706109699078,1.0,0.2765736174671337,0.0004433616839267058,0.06277516906509722,200.0,200.0,0.0,0.0,0.0,0.84,0.855,0.025,0.015,0.16,,,,,,,,,,
A,lognormal,5000.0,1.0,0.5,200,1,equal,0.0,0.95,0.5,0.09442022905641356,0.7260243075020016,0.389143691645361,0.36787944117144233,17,soft,200,200,0.08754262719537981,0.0839337263236779,0.09087544654575685,0.0875631187735462,0.018244442814860838,0.305,0.305,0.0,가끔,0.8174496046534345,0.7294147454881277,0.6833111889091065,0.534832813663407,0.09200773248160043,-0.003930873476174768,0.0,80.0337029356485,200.0,200.0,0.3822133088349924,1.0,0.2720792262256691,0.2754118899133245,1.224315157124955,756.0,200.0,0.0,0.0,0.0,1.0,0.855,0.145,0.075,0.0,,,,,,,,,,
A,lognormal,5000.0,1.0,1.0,30,1,equal,0.0,0.95,0.5,0.15940826199094882,0.700891117754484,0.389143691645361,0.36787944117144233,18,any,200,200,0.0723544091302149,0.06861067807588128,0.0785890763489957,0.07715488928243203,0.029675776335877577,0.23,0.23,0.0,가끔,0.7849314781217018,0.7054338186138656,0.650242718446602,0.5416470575372974,0.07271280114030876,-0.0001842532835963362,0.0,23.084949302085455,30.0,30.0,0.21649484536082475,1.0,0.3031978646066472,0.43976503033065084,0.5473097922438901,114.0,30.0,0.0,0.0,0.0,0.925,0.5,0.425,0.395,0.05,,,,,,,,,,
A,lognormal,5000.0,1.0,1.0,30,1,equal,0.0,0.95,0.5,0.15940826199094882,0.700891117754484,0.389143691645361,0.36787944117144233,18,center,200,200,0.14227276231801267,0.1327215328759056,0.14916642795547863,0.1470267147006727,0.058040766085187975,0.81,0.81,0.0,벌어짐,0.8547923941034173,0.7054338186138656,0.7602627257799671,0.5416470575372974,0.03800540719093182,-0.00045469312919838023,0.0956054941912945,11.74363327674024,16.0,30.0,0.3684210526315789,1.0,0.24746521161581853,0.29796302439801686,0.5697971635983956,24.0,30.0,0.4666666666666667,0.08940459491204966,0.10525106761423286,0.975,0.5,0.475,0.44,0.01,,,,,,,,,,
A,lognormal,5000.0,1.0,1.0,30,1,equal,0.0,0.95,0.5,0.15940826199094882,0.700891117754484,0.389143691645361,0.36787944117144233,18,f01,200,200,0.07910857154806694,0.07154937812770168,0.08496731182483519,0.08129063035882986,0.030173966131543592,0.265,0.265,0.0,가끔,0.7885807573925987,0.7054338186138656,0.6595672368868245,0.5416470575372974,0.07898413306197061,-0.0005315601928131408,0.0,22.4807162331442,30.0,30.0,0.22376470588235295,1.0,0.3035928797132171,0.44049540815798244,0.5783399133340601,100.0,30.0,0.0,0.0,0.0,0.93,0.5,0.43,0.385,0.055,,,,,,,,,,
A,lognormal,5000.0,1.0,1.0,30,1,equal,0.0,0.95,0.5,0.15940826199094882,0.700891117754484,0.389143691645361,0.36787944117144233,18,f10,200,200,0.11963144162668143,0.11446210109762711,0.12549920872450293,0.11990295525677305,0.04156226558655443,0.66,0.66,0.0,벌어짐,0.822877201292255,0.7054338186138656,0.7111909175162188,0.5416470575372974,0.07484162945729267,-0.0003116589803742742,0.04166140750290881,18.520899346052722,27.0,30.0,0.27735042735042736,1.0,0.2775490020473212,0.40358116405111755,0.6693177917145436,64.0,30.0,0.09999999999999998,0.03650639688047441,0.046822137987429624,0.975,0.5,0.475,0.45,0.0,,,,,,,,,,
A,lognormal,5000.0,1.0,1.0,30,1,equal,0.0,0.95,0.5,0.15940826199094882,0.700891117754484,0.389143691645361,0.36787944117144233,18,f25,200,200,0.16650318095919575,0.15898195913151547,0.1746283477488425,0.1700775514458622,0.05548390709810712,0.915,0.915,0.0,벌어짐,0.8752919475171242,0.7054338186138656,0.7886904761904762,0.5416470575372974,0.04724178458621098,-0.00022360991844921907,0.11626939250832519,12.560869565217395,19.0,30.0,0.36666666666666664,1.0,0.21884852366523133,0.31975537699189627,0.6735135265052037,36.0,30.0,0.3666666666666667,0.10480454516489646,0.1298406746218429,1.0,0.5,0.5,0.455,0.025,,,,,,,,,,
A,lognormal,5000.0,1.0,1.0,30,1,equal,0.0,0.95,0.5,0.15940826199094882,0.700891117754484,0.389143691645361,0.36787944117144233,18,f50,200,198,0.21741216922424167,0.20402899206531022,0.23137483768482803,0.21526814899795085,0.07147032487073164,0.9393939393939394,0.9393939393939394,0.0,벌어짐,0.9324640534550834,0.7061024482199396,0.8947368421052632,0.5430277776579595,0.016049217222620815,-0.0002504048232343514,0.19806979843904726,6.10304054054054,8.0,30.0,0.5811403508771931,1.0,0.12313567159393068,0.3103143088446888,0.5656854249492381,14.0,30.0,0.7333333333333334,0.18006087188317021,0.21083871150012168,0.9949494949494949,0.5050505050505051,0.4898989898989899,0.4494949494949495,0.015151515151515152,,,,,,,,,,
A,lognormal,5000.0,1.0,1.0,30,1,equal,0.0,0.95,0.5,0.15940826199094882,0.700891117754484,0.389143691645361,0.36787944117144233,18,rep_point,200,200,-0.0004588032244821627,-0.0013675670106776394,0.000659570658833375,-0.00022497886900715692,0.004931335058442091,0.0,0.0,0.0,없음,0.7046568259527979,0.7054338186138656,0.5333333333333333,0.5416470575372974,0.0,-0.0004588032244821627,0.0,30.0,30.0,30.0,0.1,1.0,0.30753834820689374,0.0045858326877423125,0.0,30.0,30.0,0.0,0.0,0.0,0.505,0.5,0.035,0.035,0.47,,,,,,,,,,
A,lognormal,5000.0,1.0,1.0,30,1,equal,0.0,0.95,0.5,0.15940826199094882,0.700891117754484,0.389143691645361,0.36787944117144233,18,soft,200,200,0.14902214137918268,0.13740979692939093,0.15544067154278507,0.1494602690788244,0.046489111313828914,0.85,0.85,0.0,벌어짐,0.8555773337161721,0.7054338186138656,0.7609166159203468,0.5416470575372974,0.14987878436284935,-0.0005871816697418653,0.0,14.193826990571914,30.0,30.0,0.35746399817008956,1.0,0.3052878232214269,0.4522463655636305,1.0552701978909491,114.0,30.0,0.0,0.0,0.0,0.995,0.5,0.495,0.455,0.02,,,,,,,,,,
A,lognormal,5000.0,1.0,1.0,200,1,equal,0.0,0.95,0.5,0.15940826199094882,0.700891117754484,0.389143691645361,0.36787944117144233,19,any,200,200,0.07921261019641002,0.07760532960115629,0.08102078604031682,0.07917499985836919,0.01150303731452421,0.035,0.035,0.0,없음,0.7803236563066294,0.7021598342417933,0.6410256410256411,0.5243288146388942,0.07951769039446693,-0.0003485160026895917,0.0,148.54807050287698,200.0,200.0,0.22649006622516557,1.0,0.30991565474721716,0.4258034063033071,0.5885282650835262,752.0,200.0,0.0,0.0,0.0,1.0,0.52,0.48,0.48,0.0,,,,,,,,,,
A,lognormal,5000.0,1.0,1.0,200,1,equal,0.0,0.95,0.5,0.15940826199094882,0.700891117754484,0.389143691645361,0.36787944117144233,19,center,200,200,0.1550735424204971,0.15199403936473177,0.15913952939085985,0.1550151972048606,0.02200992394765144,0.99,0.99,0.0,벌어짐,0.8536366718565258,0.7021598342417933,0.763932022084196,0.5243288146388942,0.04744209718043024,-0.003450165888073342,0.10835917566097886,70.25233849112684,107.0,200.0,0.3986825520689061,1.0,0.25001036637908325,0.2515880525534014,0.7189699599988402,163.0,200.0,0.46499999999999997,0.10506965846075011,0.11219053097014386,1.0,0.52,0.48,0.48,0.0,,,,,,,,,,
A,lognormal,5000.0,1.0,1.0,200,1,equal,0.0,0.95,0.5,0.15940826199094882,0.700891117754484,0.389143691645361,0.36787944117144233,19,f01,200,200,0.08497875460344423,0.08233391335426399,0.08669625008741544,0.08442720172729919,0.011474072033327766,0.09,0.09,0.0,없음,0.7858150670464648,0.7021598342417933,0.6526506303007344,0.5243288146388942,0.08497864293872359,-0.0008763001696008299,0.0,144.0320660200004,200.0,200.0,0.2350307556598813,1.0,0.31000486921584103,0.43157757292413135,0.6233615960049363,664.0,200.0,0.0,0.0,0.0,1.0,0.52,0.48,0.48,0.0,,,,,,,,,,
A,lognormal,5000.0,1.0,1.0,200,1,equal,0.0,0.95,0.5,0.15940826199094882,0.700891117754484,0.389143691645361,0.36787944117144233,19,f10,200,200,0.12090941940645866,0.1185620652452638,0.12448941540306546,0.12032011862774245,0.01585044227355854,0.9,0.9,0.0,벌어짐,0.8222903314189114,0.7021598342417933,0.7034306273436708,0.5243288146388942,0.08400428884389066,-0.0020118147652712914,0.03851746479857926,117.66162181933585,182.0,200.0,0.2845111284477277,1.0,0.2868400375452693,0.38273140771991543,0.7355360500028214,427.0,200.0,0.08999999999999997,0.036950637074345316,0.04077164342299844,1.0,0.52,0.48,0.48,0.0,,,,,,,,,,
A,lognormal,5000.0,1.0,1.0,200,1,equal,0.0,0.95,0.5,0.15940826199094882,0.700891117754484,0.389143691645361,0.36787944117144233,19,f25,200,200,0.17412937515280486,0.17008207332761704,0.17730112468308645,0.17347574452874764,0.020626372925749106,1.0,1.0,0.0,벌어짐,0.8760947402830002,0.7021598342417933,0.7911821705426356,0.5243288146388942,0.05402700399841831,-0.0026776782768490603,0.11958885807259029,76.97858015047822,124.0,200.0,0.3840173278613771,1.0,0.23509898873425705,0.29066760342891085,0.7855248953786939,236.0,200.0,0.38,0.11797060955924576,0.1224467179793377,1.0,0.52,0.48,0.48,0.0,,,,,,,,,,
A,lognormal,5000.0,1.0,1.0,200,1,equal,0.0,0.95,0.5,0.15940826199094882,0.700891117754484,0.389143691645361,0.36787944117144233,19,f50,200,200,0.22399514204538518,0.21830229586162897,0.23008454560173108,0.22318364506807345,0.025236740257586304,1.0,1.0,0.0,벌어짐,0.925198148639819,0.7021598342417933,0.8828476914414414,0.5243288146388942,0.02657974044707695,-0.0031368775697772633,0.19878759902222942,37.51952818960575,59.0,200.0,0.5868272058188719,1.0,0.16392233962593764,0.20494993765575253,0.7535823842452907,97.0,200.0,0.7050000000000001,0.193558625306136,0.2029455010790554,1.0,0.52,0.48,0.48,0.0,,,,,,,,,,
A,lognormal,5000.0,1.0,1.0,200,1,equal,0.0,0.95,0.5,0.15940826199094882,0.700891117754484,0.389143691645361,0.36787944117144233,19,rep_point,200,200,-0.004865311479859968,-0.005206122342914066,-0.004492478716819903,-0.004752216700179212,0.002467224564125419,0.0,0.0,0.0,없음,0.696610552763819,0.7021598342417933,0.525,0.5243288146388942,1.2876466011280119e-05,-0.004794531730110407,0.0,199.2735385416123,200.0,200.0,0.10284957430418262,1.0,0.31358324455828723,0.0011190698017878073,0.060377791161170744,200.0,200.0,0.0,0.0,0.0,0.46,0.52,0.06,0.05,0.54,,,,,,,,,,
A,lognormal,5000.0,1.0,1.0,200,1,equal,0.0,0.95,0.5,0.15940826199094882,0.700891117754484,0.389143691645361,0.36787944117144233,19,soft,200,200,0.15514526100108456,0.15143989972894323,0.15845480746513474,0.15377199212887194,0.01787229688604014,0.995,0.995,0.0,벌어짐,0.8561722160339909,0.7021598342417933,0.7637308429171276,0.5243288146388942,0.15901747412987077,-0.003856532756507214,0.0,82.52921526435534,200.0,200.0,0.3764779456841395,1.0,0.31029429740904924,0.41928716921967313,1.1930574259756674,752.0,200.0,0.0,0.0,0.0,1.0,0.52,0.48,0.48,0.0,,,,,,,,,,
A,lognormal,5000.0,1.5,-1.0,30,1,equal,0.0,0.95,0.5,-0.3207404512418122,0.700891117754484,0.5864601343061464,0.10539922456186433,20,any,200,200,-0.14756124790593078,-0.15795845495090743,-0.1361706571717085,-0.15842427903765527,0.07596140924195917,0.755,0.0,0.755,벌어짐,0.5484746826365057,0.6951234377407343,0.3333333333333333,0.5218146865023492,-0.14749714558627797,0.000713242390348201,0.0,16.859657136924618,30.0,30.0,0.31129326047358835,1.0,0.30117901389247154,-0.5546253054731447,0.8828349637861708,138.5,30.0,0.0,0.0,0.0,0.045,0.43,0.385,0.4,0.025,,,,,,,,,,
A,lognormal,5000.0,1.5,-1.0,30,1,equal,0.0,0.95,0.5,-0.3207404512418122,0.700891117754484,0.5864601343061464,0.10539922456186433,20,center,200,200,-0.2715962635606154,-0.29670562770150055,-0.24240405738172066,-0.27610895224255166,0.11856075912276472,0.945,0.0,0.945,벌어짐,0.41844823258897407,0.6951234377407343,0.18518518518518517,0.5218146865023492,-0.14658850468782936,-0.00035193365953456457,-0.11945237520331398,7.379041248606466,16.0,30.0,0.5344217151848938,1.0,0.31233348997481164,-0.44076274517867464,1.07721617323753,41.0,30.0,0.4666666666666667,-0.12447083247122803,-0.10550961383841329,0.015,0.43,0.415,0.455,0.005,,,,,,,,,,
A,lognormal,5000.0,1.5,-1.0,30,1,equal,0.0,0.95,0.5,-0.3207404512418122,0.700891117754484,0.5864601343061464,0.10539922456186433,20,f01,200,200,-0.1570969798463212,-0.16619934777312773,-0.14574305378314267,-0.1680655049355127,0.0795845559789079,0.785,0.0,0.785,벌어짐,0.5377257743529421,0.6951234377407343,0.3231940618304254,0.5218146865023492,-0.15682348998044887,0.0008352630147331896,0.0,15.992079651194786,30.0,30.0,0.32404079650315687,1.0,0.30114046570863096,-0.5443220383542784,0.9322989104834367,124.5,30.0,0.0,0.0,0.0,0.035,0.43,0.395,0.4,0.015,,,,,,,,,,
A,lognormal,5000.0,1.5,-1.0,30,1,equal,0.0,0.95,0.5,-0.3207404512418122,0.700891117754484,0.5864601343061464,0.10539922456186433,20,f10,200,200,-0.20590009672931414,-0.22075845327630383,-0.19364136240621344,-0.21947988353683365,0.09230163492727686,0.935,0.0,0.935,벌어짐,0.47963169196189004,0.6951234377407343,0.25,0.5218146865023492,-0.15577576898255815,0.0007208622221521188,-0.05137595957614327,11.560739194903618,25.0,30.0,0.4012987012987013,1.0,0.30449581710887264,-0.48776366297351625,1.0226197127105716,86.0,30.0,0.16666666666666663,-0.057074384170327286,-0.04620842303533512,0.02,0.43,0.41,0.425,0.0,,,,,,,,,,
A,lognormal,5000.0,1.5,-1.0,30,1,equal,0.0,0.95,0.5,-0.3207404512418122,0.700891117754484,0.5864601343061464,0.10539922456186433,20,f25,200,200,-0.2678391428744231,-0.28647699078300337,-0.252139302322596,-0.27699488565448754,0.10824989515594598,0.97,0.0,0.97,벌어짐,0.42408076020233076,0.6951234377407343,0.17274535809018568,0.5218146865023492,-0.13853910547379109,-0.0002280809779512949,-0.12512859910806642,8.189279080053073,17.0,30.0,0.49206349206349204,1.0,0.30682597982172866,-0.45149315386000766,1.0147673770243395,54.5,30.0,0.43333333333333335,-0.1375860538347613,-0.11253343951321315,0.005,0.43,0.425,0.45,0.015,,,,,,,,,,
A,lognormal,5000.0,1.5,-1.0,30,1,equal,0.0,0.95,0.5,-0.3207404512418122,0.700891117754484,0.5864601343061464,0.10539922456186433,20,f50,200,200,-0.33361507030426496,-0.35467122324294065,-0.3104157069374068,-0.3307618874247825,0.1283834654302207,0.975,0.0,0.975,벌어짐,0.3629577440733658,0.6951234377407343,0.125,0.5218146865023492,-0.11255275375407028,9.915253275608049e-06,-0.20411120354813456,5.134484944532488,10.5,30.0,0.6485294117647059,1.0,0.2952183782824789,-0.39606693208167904,0.976588692533463,32.0,30.0,0.65,-0.2191129399720485,-0.19015806961110626,0.015,0.43,0.415,0.445,0.015,,,,,,,,,,
A,lognormal,5000.0,1.5,-1.0,30,1,equal,0.0,0.95,0.5,-0.3207404512418122,0.700891117754484,0.5864601343061464,0.10539922456186433,20,rep_point,200,200,-0.0009397653941947137,-0.0019001665379168031,0.00025597589977899293,-0.001321245205640402,0.00702321890139816,0.0,0.0,0.0,없음,0.6950446167959303,0.6951234377407343,0.5333333333333333,0.5218146865023492,0.0,-0.0008673662981157348,0.0,30.0,30.0,30.0,0.1,1.0,0.3095793837660253,-0.0030951354032017456,0.0,30.0,30.0,0.0,0.0,0.0,0.445,0.43,0.055,0.04,0.425,,,,,,,,,,
A,lognormal,5000.0,1.5,-1.0,30,1,equal,0.0,0.95,0.5,-0.3207404512418122,0.700891117754484,0.5864601343061464,0.10539922456186433,20,soft,200,200,-0.2643814404983396,-0.2827518701344466,-0.24558335451466473,-0.2744262591684298,0.11521950490893558,0.965,0.0,0.965,벌어짐,0.42883690141204883,0.6951234377407343,0.18476084084328404,0.5218146865023492,-0.2639523399344883,-0.0002575337200864669,0.0,7.753955238683584,30.0,30.0,0.5212543540420209,1.0,0.3041174385590423,-0.5221857542241213,1.6938111009601005,138.5,30.0,0.0,0.0,0.0,0.015,0.43,0.415,0.44,0.005,,,,,,,,,,
A,lognormal,5000.0,1.5,-1.0,200,1,equal,0.0,0.95,0.5,-0.3207404512418122,0.700891117754484,0.5864601343061464,0.10539922456186433,21,any,200,200,-0.1637569869602316,-0.17002696135265594,-0.15648959785773064,-0.16822655274022477,0.035077300207392095,1.0,0.0,1.0,벌어짐,0.5291026106475669,0.6938529200162679,0.3199323265025036,0.515107049415265,-0.16528149498862887,0.0006099570794582676,0.0,93.2824683959764,200.0,200.0,0.33915558255726386,1.0,0.30611497965910883,-0.4989157505931501,1.0695917637513908,945.0,200.0,0.0,0.0,0.0,0.0,0.375,0.375,0.395,0.0,,,,,,,,,,
A,lognormal,5000.0,1.5,-1.0,200,1,equal,0.0,0.95,0.5,-0.3207404512418122,0.700891117754484,0.5864601343061464,0.10539922456186433,21,center,200,200,-0.29877345007818207,-0.3110651176519908,-0.28754143393822656,-0.3045806678130007,0.05582659050972785,1.0,0.0,1.0,벌어짐,0.3931268006802429,0.6938529200162679,0.17738464187327824,0.515107049415265,-0.17242793503294673,-0.0022369904261366758,-0.12132082909139924,35.52916678634955,109.0,200.0,0.5698567501796776,1.0,0.32302988312664893,-0.3726305448573549,1.4131022689987383,292.5,200.0,0.45499999999999996,-0.12753424002256764,-0.11737983550010256,0.0,0.375,0.375,0.395,0.0,,,,,,,,,,
A,lognormal,5000.0,1.5,-1.0,200,1,equal,0.0,0.95,0.5,-0.3207404512418122,0.700891117754484,0.5864601343061464,0.10539922456186433,21,f01,200,200,-0.17528640925449063,-0.18116145023358554,-0.16748537313584289,-0.17941226292568452,0.036857433587915246,1.0,0.0,1.0,벌어짐,0.5175927435005034,0.6938529200162679,0.3095934146781605,0.515107049415265,-0.17342363913957756,0.00019718314497418898,-0.0014292866104638757,87.61390708220893,199.0,200.0,0.3529351870159211,1.0,0.306947922133029,-0.4926594874790027,1.1277494037009879,848.0,200.0,0.0050000000000000044,-0.0014898754240909584,-0.0013490676340131014,0.0,0.375,0.375,0.395,0.0,,,,,,,,,,
A,lognormal,5000.0,1.5,-1.0,200,1,equal,0.0,0.95,0.5,-0.3207404512418122,0.700891117754484,0.5864601343061464,0.10539922456186433,21,f10,200,200,-0.23287557656693458,-0.24408243209340474,-0.22253378085420994,-0.23714791744213518,0.04197839859226005,1.0,0.0,1.0,벌어짐,0.4579719165527779,0.6938529200162679,0.24159611462444794,0.515107049415265,-0.17841342370805127,-0.0014705394766736934,-0.053038905937754954,62.69891349207912,164.0,200.0,0.4327615565177149,1.0,0.3119992894639857,-0.4428024291288848,1.2620609123135451,590.0,200.0,0.18000000000000005,-0.05428969382263704,-0.05062179966769209,0.0,0.375,0.375,0.395,0.0,,,,,,,,,,
A,lognormal,5000.0,1.5,-1.0,200,1,equal,0.0,0.95,0.5,-0.3207404512418122,0.700891117754484,0.5864601343061464,0.10539922456186433,21,f25,200,200,-0.29084738616675654,-0.3000941913034771,-0.28114073593365324,-0.2976851435040283,0.04989316115984491,1.0,0.0,1.0,벌어짐,0.4011155913295402,0.6938529200162679,0.1755061270207466,0.515107049415265,-0.1621815999106015,-0.0029734961407242855,-0.12440411228741266,42.07435489477507,119.0,200.0,0.5356946123793086,1.0,0.31625219436885177,-0.3792128873504751,1.335898811520482,396.0,200.0,0.405,-0.12851627824565592,-0.11972025073319847,0.0,0.375,0.375,0.395,0.0,,,,,,,,,,
A,lognormal,5000.0,1.5,-1.0,200,1,equal,0.0,0.95,0.5,-0.3207404512418122,0.700891117754484,0.5864601343061464,0.10539922456186433,21,f50,200,200,-0.35844380316190305,-0.36594813555497574,-0.3477382654448794,-0.3648263647006507,0.05865348808726657,1.0,0.0,1.0,벌어짐,0.3345889611912708,0.6938529200162679,0.11273422663709645,0.515107049415265,-0.1429142868486075,-0.00322328812638481,-0.21352384512156092,25.111762481351384,72.0,200.0,0.6838004896960542,1.0,0.3113486290370787,-0.32492830585961907,1.3609406266184654,234.5,200.0,0.64,-0.21760185519747716,-0.20959064077164458,0.0,0.375,0.375,0.395,0.0,,,,,,,,,,
A,lognormal,5000.0,1.5,-1.0,200,1,equal,0.0,0.95,0.5,-0.3207404512418122,0.700891117754484,0.5864601343061464,0.10539922456186433,21,rep_point,200,200,-0.00027102547066193416,-0.0008153136206368039,0.00019302615791061406,-7.870905926703919e-05,0.00272681720740826,0.0,0.0,0.0,없음,0.6940302763819095,0.6938529200162679,0.5175879396984925,0.515107049415265,-0.00017322230929217586,-1.1444058301279814e-05,0.0,198.21835407973927,200.0,200.0,0.10631353922441,1.0,0.3140253612464509,-0.006172881970998068,0.09480629207248961,200.0,200.0,0.0,0.0,0.0,0.385,0.375,0.04,0.025,0.385,,,,,,,,,,
A,lognormal,5000.0,1.5,-1.0,200,1,equal,0.0,0.95,0.5,-0.3207404512418122,0.700891117754484,0.5864601343061464,0.10539922456186433,21,soft,200,200,-0.2960664166359055,-0.30989483854577743,-0.28612348890206624,-0.3051525152672788,0.05491245131726414,1.0,0.0,1.0,벌어짐,0.3920925358004954,0.6938529200162679,0.17946458696305564,0.515107049415265,-0.29416210959650785,-0.0016906753018341991,0.0,36.71668850547668,200.0,200.0,0.5621335492491883,1.0,0.308887338427147,-0.4508537069644004,2.108818241815221,945.0,200.0,0.0,0.0,0.0,0.0,0.375,0.375,0.395,0.0,,,,,,,,,,
A,lognormal,5000.0,1.5,-0.5,30,1,equal,0.0,0.95,0.5,-0.1756959017826848,0.7260243075020016,0.5864601343061464,0.10539922456186433,22,any,200,200,-0.07056388310016126,-0.08168808611643952,-0.06390549777979349,-0.08252170603894157,0.060147995784981395,0.29,0.0,0.29,가끔,0.6430980266673973,0.7190095486550814,0.40274433072446314,0.524052047628289,-0.07116428098549471,0.00015545604454525463,0.0,17.469910750704294,30.0,30.0,0.3042009400705053,1.0,0.2628775830643399,-0.3142188970694174,0.8468992346904174,145.0,30.0,0.0,0.0,0.0,0.165,0.575,0.43,0.495,0.065,,,,,,,,,,
A,lognormal,5000.0,1.5,-0.5,30,1,equal,0.0,0.95,0.5,-0.1756959017826848,0.7260243075020016,0.5864601343061464,0.10539922456186433,22,center,200,200,-0.13276862651780807,-0.14916204109273035,-0.11661090764899007,-0.1434079085194491,0.1092856802085078,0.605,0.0,0.605,벌어짐,0.5984630335944767,0.7190095486550814,0.3112535612535613,0.524052047628289,-0.05600688601617482,-0.0001853023984912383,-0.06563040163016909,7.947425527717498,16.0,30.0,0.5096474953617811,1.0,0.2781771368533586,-0.2231247092142188,0.9961059198811484,42.0,30.0,0.4666666666666667,-0.07398989461298533,-0.05639479009775983,0.115,0.575,0.47,0.57,0.045,,,,,,,,,,
A,lognormal,5000.0,1.5,-0.5,30,1,equal,0.0,0.95,0.5,-0.1756959017826848,0.7260243075020016,0.5864601343061464,0.10539922456186433,22,f01,200,200,-0.07493832552826496,-0.08427100128398646,-0.06749880213727266,-0.08716776711559004,0.0639081465264089,0.33,0.0,0.33,가끔,0.6423916888221561,0.7190095486550814,0.39249824138277556,0.524052047628289,-0.07485310758269181,-6.117940309219305e-05,0.0,16.678964415026023,30.0,30.0,0.317077993988293,1.0,0.26412868008428503,-0.3082799770944903,0.8936850135389807,131.0,30.0,0.0,0.0,0.0,0.175,0.575,0.42,0.48,0.065,,,,,,,,,,
A,lognormal,5000.0,1.5,-0.5,30,1,equal,0.0,0.95,0.5,-0.1756959017826848,0.7260243075020016,0.5864601343061464,0.10539922456186433,22,f10,200,200,-0.1031810133770627,-0.1135359669658621,-0.08997131596605668,-0.11324919752813883,0.08110521399955312,0.51,0.0,0.51,벌어짐,0.6122993559620908,0.7190095486550814,0.3617021276595745,0.524052047628289,-0.07256685867893825,-0.0003855449629598384,-0.026427531752554245,12.296076226926601,25.0,30.0,0.39202437731849493,1.0,0.2678279434275007,-0.271224942246653,0.9972012167487168,89.5,30.0,0.16666666666666663,-0.030838731027294064,-0.021648275753937685,0.13,0.575,0.455,0.53,0.0,,,,,,,,,,
A,lognormal,5000.0,1.5,-0.5,30,1,equal,0.0,0.95,0.5,-0.1756959017826848,0.7260243075020016,0.5864601343061464,0.10539922456186433,22,f25,200,200,-0.12996913928778536,-0.14795117805794328,-0.11166857280805209,-0.1410306804668808,0.098533681726525,0.645,0.0,0.645,벌어짐,0.591141763667802,0.7190095486550814,0.314446227929374,0.524052047628289,-0.05466275232474849,-0.00013032871347429253,-0.06560702294529186,8.846613045117508,18.0,30.0,0.4818121693121693,1.0,0.2728908686627481,-0.22875822222641548,0.9778688601339931,60.0,30.0,0.4,-0.0731614282580092,-0.057509222687341044,0.1,0.575,0.485,0.57,0.04,,,,,,,,,,
A,lognormal,5000.0,1.5,-0.5,30,1,equal,0.0,0.95,0.5,-0.1756959017826848,0.7260243075020016,0.5864601343061464,0.10539922456186433,22,f50,200,200,-0.15468670117196126,-0.1956186747710903,-0.1404698757043369,-0.17166800935873866,0.12844495233002415,0.685,0.0,0.685,벌어짐,0.5661976587031288,0.7190095486550814,0.25925925925925924,0.524052047628289,-0.03812298447275514,-0.0007905704315711026,-0.11464072763351835,5.627815315315315,11.0,30.0,0.625,1.0,0.27325370990135806,-0.16543901106253037,0.9308320929645948,34.0,30.0,0.6333333333333333,-0.12517946294666338,-0.09969619162862775,0.095,0.575,0.49,0.58,0.065,,,,,,,,,,
A,lognormal,5000.0,1.5,-0.5,30,1,equal,0.0,0.95,0.5,-0.1756959017826848,0.7260243075020016,0.5864601343061464,0.10539922456186433,22,rep_point,200,200,-0.0007760689346908434,-0.0014472267485120538,0.0005005499271633074,-0.00032909480847236993,0.006712856442585572,0.0,0.0,0.0,없음,0.7183487615711784,0.7190095486550814,0.5333333333333333,0.524052047628289,0.0,-0.0006546622767050203,0.0,30.0,30.0,30.0,0.1,1.0,0.2731292839351894,-0.05945586109412466,0.0,30.0,30.0,0.0,0.0,0.0,0.58,0.575,0.035,0.03,0.46,,,,,,,,,,
A,lognormal,5000.0,1.5,-0.5,30,1,equal,0.0,0.95,0.5,-0.1756959017826848,0.7260243075020016,0.5864601343061464,0.10539922456186433,22,soft,200,200,-0.12945945475161202,-0.14982653688174175,-0.11072936160785829,-0.14066328523806568,0.10556112420056273,0.61,0.0,0.61,벌어짐,0.5940715289678737,0.7190095486550814,0.3213652353410832,0.524052047628289,-0.12895644862781264,-0.00041561125581413005,0.0,8.71894338504618,30.0,30.0,0.5012776685611493,1.0,0.26652027590722277,-0.29390385621054393,1.5623093914857527,145.0,30.0,0.0,0.0,0.0,0.115,0.575,0.47,0.545,0.035,,,,,,,,,,
A,lognormal,5000.0,1.5,-0.5,200,1,equal,0.0,0.95,0.5,-0.1756959017826848,0.7260243075020016,0.5864601343061464,0.10539922456186433,23,any,200,200,-0.08964228247723594,-0.09457147687600753,-0.08303678197058117,-0.0904055956604343,0.02721624435193756,0.355,0.0,0.355,가끔,0.6308952007178708,0.7248920798337573,0.39898406996222907,0.5277177484894937,-0.08948153408713716,0.0002654790938642071,0.0,92.20807930293891,200.0,200.0,0.34357607599170614,1.0,0.2674997539935323,-0.2945524223405852,1.0812157894796703,955.5,200.0,0.0,0.0,0.0,0.01,0.75,0.74,0.83,0.01,,,,,,,,,,
A,lognormal,5000.0,1.5,-0.5,200,1,equal,0.0,0.95,0.5,-0.1756959017826848,0.7260243075020016,0.5864601343061464,0.10539922456186433,23,center,200,200,-0.16006571777873707,-0.1741248894819475,-0.14711609253063218,-0.1661492069115623,0.05247281955963256,0.895,0.0,0.895,벌어짐,0.5551787353492531,0.7248920798337573,0.29917651665320705,0.5277177484894937,-0.0909365900082737,-0.0027845991292377303,-0.06492555315955367,34.756342997789346,108.5,200.0,0.5736697879929833,1.0,0.2884443737383827,-0.21900815335317425,1.4574777871631417,301.5,200.0,0.45749999999999996,-0.0677034121158765,-0.061972932525826585,0.0,0.75,0.75,0.845,0.0,,,,,,,,,,
A,lognormal,5000.0,1.5,-0.5,200,1,equal,0.0,0.95,0.5,-0.1756959017826848,0.7260243075020016,0.5864601343061464,0.10539922456186433,23,f01,200,200,-0.09510824756754716,-0.10299360179091122,-0.08782995060037835,-0.09673220901037195,0.029005425823604207,0.45,0.0,0.45,가끔,0.6243473383243394,0.7248920798337573,0.3909136091398661,0.5277177484894937,-0.09463632825162704,-0.0003272667540623053,-0.0008799489103228919,86.5740233442382,199.0,200.0,0.35768548055706534,1.0,0.2686751070910899,-0.2925110527401169,1.1421161980329453,856.5,200.0,0.0050000000000000044,-0.0011365591448604384,0.0,0.005,0.75,0.745,0.84,0.005,,,,,,,,,,
A,lognormal,5000.0,1.5,-0.5,200,1,equal,0.0,0.95,0.5,-0.1756959017826848,0.7260243075020016,0.5864601343061464,0.10539922456186433,23,f10,200,200,-0.1263395375755671,-0.13443645090215262,-0.11914463151804255,-0.1281658054181053,0.03643274398834934,0.775,0.0,0.775,벌어짐,0.5946165392541891,0.7248920798337573,0.3480719368147548,0.5277177484894937,-0.09391410001987183,-0.0017984052833833752,-0.029857827559403083,62.06527772450335,165.0,200.0,0.43470254133290154,1.0,0.2758256535928474,-0.25714119667507573,1.285202824725785,594.0,200.0,0.17500000000000004,-0.03085766795564715,-0.028383124079878086,0.0,0.75,0.75,0.845,0.0,,,,,,,,,,
A,lognormal,5000.0,1.5,-0.5,200,1,equal,0.0,0.95,0.5,-0.1756959017826848,0.7260243075020016,0.5864601343061464,0.10539922456186433,23,f25,200,200,-0.15984778212702178,-0.1678492728198726,-0.15060171407462586,-0.1610749503840035,0.04542810767064382,0.91,0.0,0.91,벌어짐,0.5634202881034668,0.7248920798337573,0.3001164493330105,0.5277177484894937,-0.08605415242575315,-0.0028850855256726815,-0.06764911524665979,41.440148668440706,118.0,200.0,0.5405468101203356,1.0,0.2849217284546116,-0.21695507851349727,1.3590956169845931,403.5,200.0,0.41000000000000003,-0.06934905898150412,-0.06546789896202077,0.0,0.75,0.75,0.845,0.0,,,,,,,,,,
A,lognormal,5000.0,1.5,-0.5,200,1,equal,0.0,0.95,0.5,-0.1756959017826848,0.7260243075020016,0.5864601343061464,0.10539922456186433,23,f50,200,200,-0.19289651596018065,-0.2082206667732393,-0.18382780243410113,-0.1983074201174225,0.05966182020094629,0.965,0.0,0.965,벌어짐,0.525765738808168,0.7248920798337573,0.257921146953405,0.5277177484894937,-0.07604573640105305,-0.003726835624179081,-0.10986994442696535,24.111312047655815,71.0,200.0,0.6902404763289487,1.0,0.29280201439282716,-0.18081214748438768,1.3865806367604994,242.0,200.0,0.645,-0.11602810076403247,-0.10538549896598115,0.0,0.75,0.75,0.845,0.0,,,,,,,,,,
A,lognormal,5000.0,1.5,-0.5,200,1,equal,0.0,0.95,0.5,-0.1756959017826848,0.7260243075020016,0.5864601343061464,0.10539922456186433,23,rep_point,200,200,-0.0018838013414136379,-0.002186507858799369,-0.0014206219739421044,-0.0017905943399152125,0.0026225654785935622,0.0,0.0,0.0,없음,0.7236841708542714,0.7248920798337573,0.5263190954773869,0.5277177484894937,-3.1453285597171643e-06,-0.0018792007963947532,0.0,198.3282289792707,200.0,200.0,0.10605364634411835,1.0,0.27669842588621135,-0.00014991041985137194,0.09181067999895015,200.0,200.0,0.0,0.0,0.0,0.745,0.75,0.025,0.015,0.745,,,,,,,,,,
A,lognormal,5000.0,1.5,-0.5,200,1,equal,0.0,0.95,0.5,-0.1756959017826848,0.7260243075020016,0.5864601343061464,0.10539922456186433,23,soft,200,200,-0.162648702752145,-0.17257000490342966,-0.15232872503136718,-0.16612796344677544,0.0509349423413171,0.91,0.0,0.91,벌어짐,0.5572634523787701,0.7248920798337573,0.29920064177757255,0.5277177484894937,-0.16018106085828965,-0.0027405007764306766,0.0,35.586740473857084,200.0,200.0,0.564011170469231,1.0,0.27082428273748643,-0.26199653238891807,2.149446022869693,955.5,200.0,0.0,0.0,0.0,0.0,0.75,0.75,0.845,0.0,,,,,,,,,,
A,lognormal,5000.0,1.5,0.0,30,1,equal,0.0,0.95,0.5,0.0,0.7367420049605218,0.5864601343061464,0.10539922456186433,24,any,200,200,0.0012186505303715123,-0.003811783530908275,0.009198707252397353,-0.0012246297957128288,0.04193057029035638,0.02,0.005,0.015,없음,0.740764366310651,0.7378358322630248,0.5379382522239665,0.5396978983903109,0.0003884026364509019,-3.661989375008945e-05,0.0,17.749531669657898,30.0,30.0,0.2976152924105735,1.0,0.2448420609116684,0.0018033233930951145,0.8307740675443869,140.0,30.0,0.0,0.0,0.0,0.635,0.685,0.21,0.18,0.11,,,,,,,,,,
A,lognormal,5000.0,1.5,0.0,30,1,equal,0.0,0.95,0.5,0.0,0.7367420049605218,0.5864601343061464,0.10539922456186433,24,center,200,200,0.00907651188592401,-0.0031894222830247676,0.018130726525777074,-0.005057890873541875,0.08168412304336269,0.22,0.075,0.145,가끔,0.7593020486202187,0.7378358322630248,0.5513157894736842,0.5396978983903109,0.010248165764998263,0.0001358946831504504,-0.006273031814864549,8.116101690554231,17.0,30.0,0.5169930875576036,1.0,0.24796376683860616,0.03887937275759621,0.9551197173825479,41.0,30.0,0.43333333333333335,-0.011699626007317221,0.0005332055101147093,0.605,0.685,0.32,0.29,0.09,,,,,,,,,,
A,lognormal,5000.0,1.5,0.0,30,1,equal,0.0,0.95,0.5,0.0,0.7367420049605218,0.5864601343061464,0.10539922456186433,24,f01,200,200,0.0037751818593847464,-0.006540429829576366,0.010520800099905858,-0.0007643146086831648,0.043978072825281746,0.025,0.01,0.015,없음,0.7416062058598005,0.7378358322630248,0.5474452554744526,0.5396978983903109,0.0033060663856552264,-0.00045091641983718844,0.0,16.661250453266966,30.0,30.0,0.3148877223680373,1.0,0.24617629299124522,0.016092804800592147,0.8939344613206665,125.5,30.0,0.0,0.0,0.0,0.645,0.685,0.23,0.185,0.1,,,,,,,,,,
A,lognormal,5000.0,1.5,0.0,30,1,equal,0.0,0.95,0.5,0.0,0.7367420049605218,0.5864601343061464,0.10539922456186433,24,f10,200,200,0.0020555636641324537,-0.0070872509410517814,0.011626389156431882,-0.001531210009611395,0.05627674955558379,0.055,0.015,0.04,없음,0.7432918484659837,0.7378358322630248,0.5524507558405863,0.5396978983903109,0.007272466958099022,-0.00037345956273809877,-0.0029429238105839195,12.321192575324698,25.0,30.0,0.38762626262626265,1.0,0.25105612352156664,0.01908661066808153,0.9749625415841536,86.0,30.0,0.16666666666666663,-0.0048429031204382245,0.0009676823598500084,0.605,0.685,0.28,0.245,0.0,,,,,,,,,,
A,lognormal,5000.0,1.5,0.0,30,1,equal,0.0,0.95,0.5,0.0,0.7367420049605218,0.5864601343061464,0.10539922456186433,24,f25,200,200,0.002714695551103763,-0.0078035702677961005,0.013751745450597097,-0.004486334763677432,0.07452480596830681,0.17,0.06,0.11,가끔,0.7487841382512461,0.7378358322630248,0.5406746031746031,0.5396978983903109,0.006249335086775054,-0.0011556619836811666,-0.007003290915097327,8.630419663601327,18.0,30.0,0.4913767469521261,1.0,0.2486241950802005,0.030524308031554037,0.9541048075892172,56.0,30.0,0.4,-0.014371758335812834,-0.0009655570346462916,0.59,0.685,0.305,0.28,0.075,,,,,,,,,,
A,lognormal,5000.0,1.5,0.0,30,1,equal,0.0,0.95,0.5,0.0,0.7367420049605218,0.5864601343061464,0.10539922456186433,24,f50,200,200,0.012734301466040931,-0.005940429347243925,0.0254375144698048,-0.005075812901156793,0.10554127457272733,0.315,0.135,0.18,가끔,0.7593097140801237,0.7378358322630248,0.56,0.5396978983903109,0.00809684788592463,-0.00043543733010936725,0.0006616070918293859,5.67741935483871,11.0,30.0,0.6233108108108107,1.0,0.2367170184295631,0.03965697710409243,0.8753746070399353,32.5,30.0,0.6333333333333333,-0.010714407798594894,0.011229755590097867,0.6,0.685,0.325,0.3,0.095,,,,,,,,,,
A,lognormal,5000.0,1.5,0.0,30,1,equal,0.0,0.95,0.5,0.0,0.7367420049605218,0.5864601343061464,0.10539922456186433,24,rep_point,200,200,-0.0001069247136684659,-0.0009168269094408377,0.0008144846379565251,0.00010397957100012623,0.006093280637419825,0.0,0.0,0.0,없음,0.7395308981736303,0.7378358322630248,0.5333333333333333,0.5396978983903109,0.0,-0.0002223045591845385,0.0,30.0,30.0,30.0,0.1,1.0,0.254650795925089,0.01365322649728773,0.0,30.0,30.0,0.0,0.0,0.0,0.705,0.685,0.03,0.025,0.28,,,,,,,,,,
A,lognormal,5000.0,1.5,0.0,30,1,equal,0.0,0.95,0.5,0.0,0.7367420049605218,0.5864601343061464,0.10539922456186433,24,soft,200,200,0.00906482287036603,-0.001683984125076865,0.01962432127144309,-0.004043706781125776,0.07858241206443363,0.19,0.06,0.13,가끔,0.7536678319593394,0.7378358322630248,0.5525573670840653,0.5396978983903109,0.009667084348927546,-0.000593159118518205,0.0,8.642583314170448,30.0,30.0,0.5023215328332048,1.0,0.24984582339300765,0.024030227787828762,1.5720056948041008,140.0,30.0,0.0,0.0,0.0,0.595,0.685,0.31,0.29,0.07,,,,,,,,,,
A,lognormal,5000.0,1.5,0.0,200,1,equal,0.0,0.95,0.5,0.0,0.7367420049605218,0.5864601343061464,0.10539922456186433,25,any,200,200,0.0009317170872902847,-0.002374174910843019,0.0032900579503454264,6.726802890502926e-05,0.017948290263752102,0.0,0.0,0.0,없음,0.7387087408761164,0.7363680632829348,0.5270371603881336,0.5312759640648568,0.001308070245301829,4.4001680192473636e-05,0.0,93.110881070072,200.0,200.0,0.3451656102568812,1.0,0.2523737242511172,0.004519364583471873,1.0714370690825445,945.0,200.0,0.0,0.0,0.0,0.73,0.805,0.225,0.085,0.065,,,,,,,,,,
A,lognormal,5000.0,1.5,0.0,200,1,equal,0.0,0.95,0.5,0.0,0.7367420049605218,0.5864601343061464,0.10539922456186433,25,center,200,200,-0.004236718457143129,-0.010178651616246537,0.0036818280975432494,-0.005565824683876992,0.037137019882209556,0.01,0.0,0.01,없음,0.7324595912366825,0.7363680632829348,0.5251383336422122,0.5312759640648568,-0.0009014739889350865,-0.004033639003187983,0.0019096297044757238,34.824660355899,108.0,200.0,0.5765562073288585,1.0,0.2531343230316361,-0.0027741586015146962,1.432444225321606,298.0,200.0,0.45999999999999996,-0.0018435490369981267,0.004678791627590662,0.645,0.805,0.36,0.215,0.11,,,,,,,,,,
A,lognormal,5000.0,1.5,0.0,200,1,equal,0.0,0.95,0.5,0.0,0.7367420049605218,0.5864601343061464,0.10539922456186433,25,f01,200,200,9.640880330208379e-05,-0.0030865422241772578,0.0037707923132285215,-0.0005241440351918353,0.018923745192529266,0.0,0.0,0.0,없음,0.7368946416397648,0.7363680632829348,0.5266743729858484,0.5312759640648568,0.0006499196592584244,-0.0006489405425734174,0.0,88.52582447425291,199.0,200.0,0.3601912899933764,1.0,0.25254055428251154,0.0021917008583634346,1.1176466077387357,851.0,200.0,0.0050000000000000044,0.0,0.0,0.73,0.805,0.215,0.08,0.065,,,,,,,,,,
A,lognormal,5000.0,1.5,0.0,200,1,equal,0.0,0.95,0.5,0.0,0.7367420049605218,0.5864601343061464,0.10539922456186433,25,f10,200,200,-0.0006606591118060168,-0.0054471276346885755,0.0025177210066670286,-0.002705119504198252,0.024746070792242565,0.005,0.0,0.005,없음,0.7355047967854955,0.7363680632829348,0.5290062947647801,0.5312759640648568,0.0010060886625778975,-0.002275285329220056,0.0011778782500880824,62.17277133099576,164.0,200.0,0.43907974018127044,1.0,0.25420651156261287,0.0030024078710330555,1.2775977985547073,591.5,200.0,0.18000000000000005,1.7742561834954707e-05,0.00248186152630403,0.695,0.805,0.26,0.115,0.0,,,,,,,,,,
A,lognormal,5000.0,1.5,0.0,200,1,equal,0.0,0.95,0.5,0.0,0.7367420049605218,0.5864601343061464,0.10539922456186433,25,f25,200,200,-0.0011577439916692356,-0.008108817469270169,0.0043084050784678585,-0.003913495272158635,0.032659926380451454,0.005,0.0,0.005,없음,0.7338127875123872,0.7363680632829348,0.5290736984448952,0.5312759640648568,-0.0028423532592025125,-0.0033246388541313676,0.0037815830493561076,41.335572472488295,119.0,200.0,0.5421719872724988,1.0,0.2522147148193054,-0.008328448814200529,1.3431483913749744,399.0,200.0,0.405,0.0006326643897345274,0.006142905450914782,0.655,0.805,0.33,0.165,0.08,,,,,,,,,,
A,lognormal,5000.0,1.5,0.0,200,1,equal,0.0,0.95,0.5,0.0,0.7367420049605218,0.5864601343061464,0.10539922456186433,25,f50,200,200,-0.00253398480921585,-0.011401713934623081,0.003404621294525012,-0.007154094200794385,0.04454965952871033,0.025,0.0,0.025,없음,0.7328369879648212,0.7363680632829348,0.5253846754666875,0.5312759640648568,-0.004837694479152055,-0.0048787746013802535,0.0010685430342244895,24.355492826367133,73.0,200.0,0.6869884139596008,1.0,0.25188763931958763,-0.015019116667496508,1.362225953108104,240.5,200.0,0.635,-0.0025204452786992126,0.008427962791187404,0.615,0.805,0.4,0.225,0.15,,,,,,,,,,
A,lognormal,5000.0,1.5,0.0,200,1,equal,0.0,0.95,0.5,0.0,0.7367420049605218,0.5864601343061464,0.10539922456186433,25,rep_point,200,200,-0.004503387455548735,-0.004933817911916605,-0.003998440264095682,-0.004491939059391397,0.0027013512046303706,0.0,0.0,0.0,없음,0.7309902793782848,0.7363680632829348,0.53,0.5312759640648568,-1.217958690113985e-05,-0.004494313391132654,0.0,198.32341072652605,200.0,200.0,0.10579149159514994,1.0,0.2619566686237642,-0.0007831580017559289,0.09194418364474437,200.0,200.0,0.0,0.0,0.0,0.795,0.805,0.07,0.015,0.23,,,,,,,,,,
A,lognormal,5000.0,1.5,0.0,200,1,equal,0.0,0.95,0.5,0.0,0.7367420049605218,0.5864601343061464,0.10539922456186433,25,soft,200,200,-0.003102261227050762,-0.008888901453508957,0.0050208383847046845,-0.005737596017693916,0.03640738418748801,0.015,0.0,0.015,없음,0.7335156555789066,0.7363680632829348,0.5272668930981774,0.5312759640648568,0.0007958931271807024,-0.0038711286021013702,0.0,36.64491776367035,200.0,200.0,0.5727519530749601,1.0,0.256147086753669,0.0012106763533915451,2.111346770032733,945.0,200.0,0.0,0.0,0.0,0.63,0.805,0.335,0.2,0.085,,,,,,,,,,
A,lognormal,5000.0,1.5,0.5,30,1,equal,0.0,0.95,0.5,0.13282736620634106,0.7260243075020016,0.5864601343061464,0.10539922456186433,26,any,200,200,0.06697397669526772,0.06182174958366016,0.07143122534292679,0.06838321463152272,0.03652841677175542,0.185,0.185,0.0,가끔,0.7998661072263216,0.7267361087369846,0.6457396301849075,0.5370579301182856,0.06825504913397551,-0.0002506473781557217,0.0,17.49770899495979,30.0,30.0,0.3,1.0,0.26397917385248937,0.296067590817355,0.845291013680177,140.0,30.0,0.0,0.0,0.0,0.92,0.6,0.32,0.245,0.025,,,,,,,,,,
A,lognormal,5000.0,1.5,0.5,30,1,equal,0.0,0.95,0.5,0.13282736620634106,0.7260243075020016,0.5864601343061464,0.10539922456186433,26,center,200,200,0.11413414676184314,0.10577636351264019,0.12538593691367872,0.11295889543752644,0.05866430476292004,0.6,0.6,0.0,벌어짐,0.8469343667408686,0.7267361087369846,0.7325203252032519,0.5370579301182856,0.04440295364955915,-0.0004774813298306091,0.06395570569806275,8.437229853040055,16.0,30.0,0.5,1.0,0.22347106275850373,0.22832825449740402,0.9707217253850104,41.0,30.0,0.4666666666666667,0.05288573456045487,0.06971270823320153,0.935,0.6,0.335,0.26,0.02,,,,,,,,,,
A,lognormal,5000.0,1.5,0.5,30,1,equal,0.0,0.95,0.5,0.13282736620634106,0.7260243075020016,0.5864601343061464,0.10539922456186433,26,f01,200,200,0.07004778471376333,0.06618532468809957,0.07695368183721818,0.07273311580410954,0.038504802327230185,0.235,0.235,0.0,가끔,0.8049986696410947,0.7267361087369846,0.6584249084249084,0.5370579301182856,0.07003164317437938,-0.0004428920335777242,0.0,16.8413150917119,30.0,30.0,0.3177932333550677,1.0,0.26057166147982147,0.2930235708835876,0.8839365462926818,127.5,30.0,0.0,0.0,0.0,0.925,0.6,0.325,0.25,0.03,,,,,,,,,,
A,lognormal,5000.0,1.5,0.5,30,1,equal,0.0,0.95,0.5,0.13282736620634106,0.7260243075020016,0.5864601343061464,0.10539922456186433,26,f10,200,200,0.09293552537549515,0.08453973061686437,0.09857448434924243,0.09360178436115393,0.04645185773644652,0.42,0.42,0.0,가끔,0.8260079657711974,0.7267361087369846,0.6930926216640503,0.5370579301182856,0.057246304388471836,-4.2847275957047515e-05,0.029367565197972567,12.555860041001996,25.0,30.0,0.38461538461538464,1.0,0.24572637231813815,0.2533572741758497,0.9733364598018037,86.0,30.0,0.16666666666666663,0.025099606794307894,0.03619843536564993,0.935,0.6,0.335,0.26,0.0,,,,,,,,,,
A,lognormal,5000.0,1.5,0.5,30,1,equal,0.0,0.95,0.5,0.13282736620634106,0.7260243075020016,0.5864601343061464,0.10539922456186433,26,f25,200,200,0.11203438296016899,0.10375001999403233,0.12150828117136858,0.11566160235661702,0.05511560698324445,0.58,0.58,0.0,벌어짐,0.8508398944919662,0.7267361087369846,0.7302494802494802,0.5370579301182856,0.04333744411820134,-0.0009314695148638918,0.06756825678141376,8.873966162624006,18.0,30.0,0.4811748178131912,1.0,0.2242103252822581,0.20613354815439566,0.964706265465695,55.0,30.0,0.4,0.06034540982812464,0.07501559345543296,0.96,0.6,0.36,0.28,0.025,,,,,,,,,,
A,lognormal,5000.0,1.5,0.5,30,1,equal,0.0,0.95,0.5,0.13282736620634106,0.7260243075020016,0.5864601343061464,0.10539922456186433,26,f50,200,200,0.1358082822130114,0.12948907451526126,0.1472696218442746,0.136425554492403,0.06838994072776472,0.71,0.71,0.0,벌어짐,0.8781417106496148,0.7267361087369846,0.7720779220779221,0.5370579301182856,0.02931936971463761,-0.0011073762580934843,0.09663632627494173,5.544464406018415,11.0,30.0,0.6228448275862069,1.0,0.18817355162101854,0.2130666146620608,0.8952564779690728,31.5,30.0,0.6333333333333333,0.08771074930453693,0.11097973958422336,0.95,0.6,0.35,0.27,0.025,,,,,,,,,,
A,lognormal,5000.0,1.5,0.5,30,1,equal,0.0,0.95,0.5,0.13282736620634106,0.7260243075020016,0.5864601343061464,0.10539922456186433,26,rep_point,200,200,-0.0011994683413186769,-0.0019330984946867025,-0.00031757962584955113,-0.0010116066627701998,0.005427051005226172,0.0,0.0,0.0,없음,0.7271637061129181,0.7267361087369846,0.5333333333333333,0.5370579301182856,0.0,-0.0011511194694030502,0.0,30.0,30.0,30.0,0.1,1.0,0.2716905533520908,0.0016297183279586928,0.0,30.0,30.0,0.0,0.0,0.0,0.595,0.6,0.065,0.03,0.34,,,,,,,,,,
A,lognormal,5000.0,1.5,0.5,30,1,equal,0.0,0.95,0.5,0.13282736620634106,0.7260243075020016,0.5864601343061464,0.10539922456186433,26,soft,200,200,0.11441945724083741,0.10617589065946031,0.12105694214526741,0.11338989204229868,0.05524225741257744,0.6,0.6,0.0,벌어짐,0.849491140902456,0.7267361087369846,0.734974271861904,0.5370579301182856,0.11532359130274411,-0.000685196240550745,0.0,8.653132318633617,30.0,30.0,0.49326621912642277,1.0,0.26502698839741723,0.2652564736673916,1.5706544270219505,140.0,30.0,0.0,0.0,0.0,0.955,0.6,0.355,0.275,0.03,,,,,,,,,,
A,lognormal,5000.0,1.5,0.5,200,1,equal,0.0,0.95,0.5,0.13282736620634106,0.7260243075020016,0.5864601343061464,0.10539922456186433,27,any,200,200,0.07442365625074215,0.0703237535728306,0.07657347497557498,0.0736051024569851,0.016342657918435654,0.06,0.06,0.0,없음,0.7992645071440052,0.7295993069874053,0.6466178418233213,0.5251049668164309,0.07471320910810952,-0.00014012132906748853,0.0,91.9402479702832,200.0,200.0,0.34047180014827316,1.0,0.2702446830877422,0.24091196630504885,1.0841244761279794,953.0,200.0,0.0,0.0,0.0,1.0,0.775,0.225,0.085,0.0,,,,,,,,,,
A,lognormal,5000.0,1.5,0.5,200,1,equal,0.0,0.95,0.5,0.13282736620634106,0.7260243075020016,0.5864601343061464,0.10539922456186433,27,center,200,200,0.12285916430326638,0.11842858849021654,0.1302790710941959,0.12439622105194648,0.02848323487446166,0.81,0.81,0.0,벌어짐,0.8528701038141819,0.7295993069874053,0.7382675351945721,0.5251049668164309,0.06015054585710322,-0.004629419030676318,0.06601071357709298,35.52758373300473,109.0,200.0,0.5706168460752529,1.0,0.2372557521613875,0.1677752704067879,1.4288066355352778,298.0,200.0,0.45499999999999996,0.06206306780659476,0.07029946764007344,1.0,0.775,0.225,0.085,0.0,,,,,,,,,,
A,lognormal,5000.0,1.5,0.5,200,1,equal,0.0,0.95,0.5,0.13282736620634106,0.7260243075020016,0.5864601343061464,0.10539922456186433,27,f01,200,200,0.0771749513612861,0.07506386836998691,0.08178832975935979,0.07820096072337844,0.017294798842015263,0.13,0.13,0.0,가끔,0.8042375754666442,0.7295993069874053,0.6569133838580341,0.5251049668164309,0.07754604958372785,-0.0006528279832160866,1.7047861797958586e-05,85.77676251941497,199.0,200.0,0.35721554660201105,1.0,0.26953006708942384,0.2392158313201542,1.151103694122791,852.5,200.0,0.0050000000000000044,0.0,0.0011136761758632208,1.0,0.775,0.225,0.085,0.0,,,,,,,,,,
A,lognormal,5000.0,1.5,0.5,200,1,equal,0.0,0.95,0.5,0.13282736620634106,0.7260243075020016,0.5864601343061464,0.10539922456186433,27,f10,200,200,0.10373947341831863,0.09895073862271986,0.1073412744514659,0.10289434030970232,0.02202230502218515,0.545,0.545,0.0,벌어짐,0.8296122587274894,0.7295993069874053,0.6965667859713471,0.5251049668164309,0.0690860462711595,-0.0020135478064907675,0.03545455461747976,60.62318984023423,164.0,200.0,0.43652227041116687,1.0,0.2522751157186928,0.20198407834008222,1.2856454575664436,591.5,200.0,0.18000000000000005,0.03431622384520028,0.03774824383258413,1.0,0.775,0.225,0.085,0.0,,,,,,,,,,
A,lognormal,5000.0,1.5,0.5,200,1,equal,0.0,0.95,0.5,0.13282736620634106,0.7260243075020016,0.5864601343061464,0.10539922456186433,27,f25,200,200,0.12310468567645882,0.11948703382884118,0.13119630945432015,0.12439996237380356,0.026926298074284545,0.81,0.81,0.0,벌어짐,0.8549346479580502,0.7295993069874053,0.7393513066174364,0.5251049668164309,0.05948550565162847,-0.003320065600205424,0.06953884066812033,40.92949530186631,118.0,200.0,0.537861448108866,1.0,0.23281323461043668,0.17231883325774955,1.3217254518749653,402.5,200.0,0.41000000000000003,0.06594894611254332,0.07229778762784222,1.0,0.775,0.225,0.085,0.0,,,,,,,,,,
A,lognormal,5000.0,1.5,0.5,200,1,equal,0.0,0.95,0.5,0.13282736620634106,0.7260243075020016,0.5864601343061464,0.10539922456186433,27,f50,200,200,0.14492325003779438,0.14067138596229523,0.1505560961650234,0.14515906179287175,0.03175366103233147,0.91,0.91,0.0,벌어짐,0.8739066252793215,0.7295993069874053,0.7804284037558685,0.5251049668164309,0.04980093504962502,-0.0044959418564012865,0.10189018272473876,24.999779643906948,72.0,200.0,0.681031724016389,1.0,0.20985479350867603,0.14946674787199216,1.3661703581262352,239.5,200.0,0.64,0.09748301607290388,0.10686475201101897,1.0,0.775,0.225,0.085,0.0,,,,,,,,,,
A,lognormal,5000.0,1.5,0.5,200,1,equal,0.0,0.95,0.5,0.13282736620634106,0.7260243075020016,0.5864601343061464,0.10539922456186433,27,rep_point,200,200,-0.006807656019071517,-0.007241406152568186,-0.006359383349341385,-0.006684049696929022,0.0025726002818929326,0.0,0.0,0.0,없음,0.721975,0.7295993069874053,0.525,0.5251049668164309,1.2946185401485621e-06,-0.0067751514621887665,0.0,198.45979957296493,200.0,200.0,0.10578277638793501,1.0,0.27571073541886826,0.000394338309963546,0.08809516040453787,200.0,200.0,0.0,0.0,0.0,0.75,0.775,0.055,0.055,0.25,,,,,,,,,,
A,lognormal,5000.0,1.5,0.5,200,1,equal,0.0,0.95,0.5,0.13282736620634106,0.7260243075020016,0.5864601343061464,0.10539922456186433,27,soft,200,200,0.12349883147882396,0.11813756492273542,0.13072810761087383,0.12391569963920133,0.027587697997725664,0.8,0.8,0.0,벌어짐,0.8528548096739129,0.7295993069874053,0.7395619200165982,0.5251049668164309,0.12832754543194924,-0.004641501747164822,0.0,35.99653261964606,200.0,200.0,0.5681405768783039,1.0,0.27222048124533316,0.21049489584027656,2.1345075631360166,953.0,200.0,0.0,0.0,0.0,1.0,0.775,0.225,0.085,0.0,,,,,,,,,,
A,lognormal,5000.0,1.5,1.0,30,1,equal,0.0,0.95,0.5,0.21203804063799447,0.700891117754484,0.5864601343061464,0.10539922456186433,28,any,200,200,0.1138606115499376,0.10694149660982677,0.1232703678787418,0.1191315780461582,0.04131678452711643,0.645,0.645,0.0,벌어짐,0.827036715384174,0.7057557806537353,0.7210093339661445,0.5477721730411776,0.11430765665772447,7.388066144597971e-05,0.0,17.335295082639547,30.0,30.0,0.30666192508297774,1.0,0.3105734119461982,0.41889369792804354,0.8547378305430544,139.5,30.0,0.0,0.0,0.0,0.965,0.51,0.455,0.43,0.02,,,,,,,,,,
A,lognormal,5000.0,1.5,1.0,30,1,equal,0.0,0.95,0.5,0.21203804063799447,0.700891117754484,0.5864601343061464,0.10539922456186433,28,center,200,200,0.19912794565055275,0.19111612464108996,0.20982040941767588,0.19814829467646397,0.06047943838210529,0.945,0.945,0.0,벌어짐,0.9023525188494147,0.7057557806537353,0.853299856527977,0.5477721730411776,0.06396755994285325,-0.0008003451109404591,0.13097410511200352,8.057142857142857,16.0,30.0,0.5092624356775299,1.0,0.22560256390957775,0.2977522279342718,0.9753619303346606,41.0,30.0,0.4666666666666667,0.11828410011171153,0.1391736171937148,0.995,0.51,0.485,0.46,0.01,,,,,,,,,,
A,lognormal,5000.0,1.5,1.0,30,1,equal,0.0,0.95,0.5,0.21203804063799447,0.700891117754484,0.5864601343061464,0.10539922456186433,28,f01,200,200,0.12144807293867249,0.11341817978360602,0.1312145037039486,0.1259983580700337,0.04287615627599071,0.72,0.72,0.0,벌어짐,0.8348457901278679,0.7057557806537353,0.7301343259427091,0.5477721730411776,0.11661217785310274,-0.00019831331560982157,0.0,16.642917778316757,30.0,30.0,0.3135226741467976,1.0,0.30928640831800647,0.4191694665054222,0.8943920917763823,125.5,30.0,0.0,0.0,0.0,0.975,0.51,0.465,0.44,0.01,,,,,,,,,,
A,lognormal,5000.0,1.5,1.0,30,1,equal,0.0,0.95,0.5,0.21203804063799447,0.700891117754484,0.5864601343061464,0.10539922456186433,28,f10,200,200,0.16820986116438585,0.15523653954632066,0.17739731081878063,0.16800849488415956,0.0527999045978942,0.895,0.895,0.0,벌어짐,0.8748710149529549,0.7057557806537353,0.7958754208754208,0.5477721730411776,0.09420452374839022,-0.0004230764256756836,0.06986274913917923,12.428031519717155,25.0,30.0,0.381842789015377,1.0,0.2628214606744168,0.35649888611333613,0.9649456565797541,88.0,30.0,0.16666666666666663,0.06158508077837033,0.07846321584237248,0.985,0.51,0.475,0.455,0.0,,,,,,,,,,
A,lognormal,5000.0,1.5,1.0,30,1,equal,0.0,0.95,0.5,0.21203804063799447,0.700891117754484,0.5864601343061464,0.10539922456186433,28,f25,200,200,0.2038589965380852,0.19320099179970185,0.21919604886444677,0.2044909478019762,0.059757540986618354,0.97,0.97,0.0,벌어짐,0.9123780331025984,0.7057557806537353,0.8571428571428571,0.5477721730411776,0.06453656977741185,-0.0002878649545656753,0.13009345157528074,8.853378831953457,18.0,30.0,0.4791304347826087,1.0,0.21621733068567844,0.3161906704338828,0.9755891672357069,58.5,30.0,0.4,0.12550398501227478,0.14138237276461918,0.99,0.51,0.48,0.455,0.005,,,,,,,,,,
A,lognormal,5000.0,1.5,1.0,30,1,equal,0.0,0.95,0.5,0.21203804063799447,0.700891117754484,0.5864601343061464,0.10539922456186433,28,f50,200,200,0.23180567781986383,0.2228348902274584,0.24303933284860102,0.2308206584021441,0.06727801339120844,0.97,0.97,0.0,벌어짐,0.9453764677380538,0.7057557806537353,0.9136645962732919,0.5477721730411776,0.03299983756901392,-0.0006362419257194829,0.191992858418079,5.570881226053639,11.0,30.0,0.625,1.0,0.13957104268097903,0.2818366745553321,0.8820423542272972,32.5,30.0,0.6333333333333333,0.17671336297353268,0.20199023124234827,1.0,0.51,0.49,0.465,0.015,,,,,,,,,,
A,lognormal,5000.0,1.5,1.0,30,1,equal,0.0,0.95,0.5,0.21203804063799447,0.700891117754484,0.5864601343061464,0.10539922456186433,28,rep_point,200,200,-0.000817336243770006,-0.001491612949852783,0.00015068079753421948,-0.0006530008734242831,0.004533558511273724,0.0,0.0,0.0,없음,0.7053606871820531,0.7057557806537353,0.5333333333333333,0.5477721730411776,0.0,-0.0007787715643221005,0.0,30.0,30.0,30.0,0.1,1.0,0.31616032643150105,0.00019583919583069533,0.0,30.0,30.0,0.0,0.0,0.0,0.505,0.51,0.025,0.025,0.48,,,,,,,,,,
A,lognormal,5000.0,1.5,1.0,30,1,equal,0.0,0.95,0.5,0.21203804063799447,0.700891117754484,0.5864601343061464,0.10539922456186433,28,soft,200,200,0.19485685827056604,0.18194286388936354,0.20718664292229527,0.19580178430704664,0.057503412579841484,0.96,0.96,0.0,벌어짐,0.9025185066440125,0.7057557806537353,0.8467786161024378,0.5477721730411776,0.19561279869536563,-0.0007272370471604894,0.0,8.45784675471053,30.0,30.0,0.5005040640366755,1.0,0.31348551676192365,0.3858593657835222,1.5959792263578723,139.5,30.0,0.0,0.0,0.0,0.99,0.51,0.48,0.455,0.005,,,,,,,,,,
A,lognormal,5000.0,1.5,1.0,200,1,equal,0.0,0.95,0.5,0.21203804063799447,0.700891117754484,0.5864601343061464,0.10539922456186433,29,any,200,200,0.12222922662228752,0.11943683723097809,0.1268590555543111,0.12402236183513844,0.015943374441035683,0.935,0.935,0.0,벌어짐,0.8284215961801267,0.7023014169599913,0.7149033725072722,0.5186888010614616,0.12358955976824088,-0.0005989983002732124,0.0,92.33610577983217,200.0,200.0,0.34377558358820703,1.0,0.30691801517067396,0.36708335900548084,1.0798186041905047,946.5,200.0,0.0,0.0,0.0,1.0,0.505,0.495,0.465,0.0,,,,,,,,,,
A,lognormal,5000.0,1.5,1.0,200,1,equal,0.0,0.95,0.5,0.21203804063799447,0.700891117754484,0.5864601343061464,0.10539922456186433,29,center,200,200,0.20554111418543242,0.19889268635692559,0.20899327797525247,0.204251097906617,0.023128922798724194,1.0,1.0,0.0,벌어짐,0.9097058476679062,0.7023014169599913,0.8536871291973332,0.5186888010614616,0.08256184022035667,-0.004061597276464435,0.1248623530314168,33.14257464235325,109.0,200.0,0.5779996663158757,1.0,0.2349807351619631,0.23870562432600545,1.498829466598468,294.5,200.0,0.45499999999999996,0.1207424086775557,0.12830210241272122,1.0,0.505,0.495,0.465,0.0,,,,,,,,,,
A,lognormal,5000.0,1.5,1.0,200,1,equal,0.0,0.95,0.5,0.21203804063799447,0.700891117754484,0.5864601343061464,0.10539922456186433,29,f01,200,200,0.13015614181599944,0.1264921271805023,0.1341986339443091,0.13178138681643842,0.016454576717637816,0.985,0.985,0.0,벌어짐,0.8365204531318855,0.7023014169599913,0.7259808560480305,0.5186888010614616,0.12819009615151522,-0.0008332717898169029,0.0028919792666520228,85.58963288104215,199.0,200.0,0.35799288663788226,1.0,0.3064373452944602,0.3647970210953485,1.1467896662142278,851.0,200.0,0.0050000000000000044,0.0005445121843994372,0.0033484178657134933,1.0,0.505,0.495,0.465,0.0,,,,,,,,,,
A,lognormal,5000.0,1.5,1.0,200,1,equal,0.0,0.95,0.5,0.21203804063799447,0.700891117754484,0.5864601343061464,0.10539922456186433,29,f10,200,200,0.17138596083437246,0.16901270961424275,0.17530082577097794,0.17338412862394928,0.01937747704440573,1.0,1.0,0.0,벌어짐,0.8793608704353735,0.7023014169599913,0.7913862287347923,0.5186888010614616,0.10522740843431494,-0.0023184156479663653,0.06976043229234308,60.82076422535344,165.0,200.0,0.4366806640679136,1.0,0.26456869685389517,0.30173841814141766,1.3205572050448642,589.0,200.0,0.17500000000000004,0.06634619304000722,0.07321254940828215,1.0,0.505,0.495,0.465,0.0,,,,,,,,,,
A,lognormal,5000.0,1.5,1.0,200,1,equal,0.0,0.95,0.5,0.21203804063799447,0.700891117754484,0.5864601343061464,0.10539922456186433,29,f25,200,200,0.20599712339594783,0.20229131456703398,0.21104108761737872,0.20760823799551126,0.020935412743902274,1.0,1.0,0.0,벌어짐,0.9128019084889536,0.7023014169599913,0.8551818353118523,0.5186888010614616,0.07546354499400809,-0.0028628285512312668,0.1339783228095337,39.78928979064053,118.0,200.0,0.545347857086678,1.0,0.222186024245407,0.2451879669484213,1.4016421760489777,401.0,200.0,0.41000000000000003,0.13102319253085082,0.13650165648017387,1.0,0.505,0.495,0.465,0.0,,,,,,,,,,
A,lognormal,5000.0,1.5,1.0,200,1,equal,0.0,0.95,0.5,0.21203804063799447,0.700891117754484,0.5864601343061464,0.10539922456186433,29,f50,200,200,0.23775036715624903,0.23451460745058272,0.24118864029596665,0.23683076102779965,0.022362791629367256,1.0,1.0,0.0,벌어짐,0.9423582580963346,0.7023014169599913,0.9095192410190811,0.5186888010614616,0.05146150264511068,-0.0038119249306642344,0.1875014743220096,23.598089738990605,71.0,200.0,0.6944938787754348,1.0,0.1719069600158648,0.20572453631278295,1.4167501874269859,237.0,200.0,0.645,0.1835302829357387,0.1910686179194283,1.0,0.505,0.495,0.465,0.0,,,,,,,,,,
A,lognormal,5000.0,1.5,1.0,200,1,equal,0.0,0.95,0.5,0.21203804063799447,0.700891117754484,0.5864601343061464,0.10539922456186433,29,rep_point,200,200,-0.007357360381069378,-0.008030563376911992,-0.006834895224944737,-0.0074913907347654764,0.002744841762551019,0.0,0.0,0.0,없음,0.6954280150753769,0.7023014169599913,0.52,0.5186888010614616,3.6527024685262255e-05,-0.007385645776316507,0.0,198.09390691559986,200.0,200.0,0.10613349694943562,1.0,0.31114702305308106,0.0014948354796104671,0.09809259023643242,200.0,200.0,0.0,0.0,0.0,0.405,0.505,0.1,0.13,0.595,,,,,,,,,,
A,lognormal,5000.0,1.5,1.0,200,1,equal,0.0,0.95,0.5,0.21203804063799447,0.700891117754484,0.5864601343061464,0.10539922456186433,29,soft,200,200,0.20388850537258302,0.19839791337955326,0.20625939963309725,0.20368968356278278,0.021237316641786425,1.0,1.0,0.0,벌어짐,0.9101593456989676,0.7023014169599913,0.8526239674189482,0.5186888010614616,0.20896265962486377,-0.004890694826141018,0.0,34.30449262657594,200.0,200.0,0.5722482364986083,1.0,0.30826974613500213,0.3051428837624669,2.19775863295846,946.5,200.0,0.0,0.0,0.0,1.0,0.505,0.495,0.465,0.0,,,,,,,,,,
A,lognormal,5000.0,2.0,-1.0,30,1,equal,0.0,0.95,0.5,-0.42075433108202875,0.700891117754484,0.7637595841058832,0.01831563888873418,30,any,200,200,-0.21812797714931703,-0.23961777143144924,-0.20162937972101147,-0.23976836930546802,0.11460420762075793,0.955,0.0,0.955,벌어짐,0.471287637406253,0.7013513440630288,0.25520033282130056,0.5339216085258099,-0.21969516767644212,-1.4266068951218625e-05,0.0,11.3847351232133,30.0,30.0,0.41843694096601075,1.0,0.2989563307952389,-0.5176151134316598,1.2787249943226624,186.5,30.0,0.0,0.0,0.0,0.015,0.455,0.44,0.495,0.005,,,,,,,,,,
A,lognormal,5000.0,2.0,-1.0,30,1,equal,0.0,0.95,0.5,-0.42075433108202875,0.700891117754484,0.7637595841058832,0.01831563888873418,30,center,200,200,-0.326679474161356,-0.3681123372169921,-0.3016430301626103,-0.34379942955103404,0.12880163205739004,0.995,0.0,0.995,벌어짐,0.3580913141272859,0.7013513440630288,0.1293610547667343,0.5339216085258099,-0.1973163864054281,-0.0007925809590084709,-0.13356423570996606,5.3256363035368555,16.0,30.0,0.6274509803921569,1.0,0.31338268948653447,-0.436422717217918,1.3955511888557846,74.5,30.0,0.4666666666666667,-0.14340246364543152,-0.12112079289405231,0.0,0.455,0.455,0.51,0.01,,,,,,,,,,
A,lognormal,5000.0,2.0,-1.0,30,1,equal,0.0,0.95,0.5,-0.42075433108202875,0.700891117754484,0.7637595841058832,0.01831563888873418,30,f01,200,200,-0.2333368337523946,-0.24521229412433732,-0.21158013233769624,-0.2517034664085898,0.1158575205267292,0.965,0.0,0.965,벌어짐,0.4601042803080385,0.7013513440630288,0.23546386688770185,0.5339216085258099,-0.227049172190696,-0.00021666095365346916,0.0,10.36423864501879,30.0,30.0,0.44525289351401554,1.0,0.3006333106258011,-0.51638925175679,1.3646009605694567,171.5,30.0,0.0,0.0,0.0,0.01,0.455,0.445,0.5,0.0,,,,,,,,,,
A,lognormal,5000.0,2.0,-1.0,30,1,equal,0.0,0.95,0.5,-0.42075433108202875,0.700891117754484,0.7637595841058832,0.01831563888873418,30,f10,200,200,-0.28121771894994985,-0.30946687726460426,-0.25974790631850597,-0.29775402349921565,0.11924675594382743,0.985,0.0,0.985,벌어짐,0.4145225634496986,0.7013513440630288,0.17467581998474446,0.5339216085258099,-0.21301054617504966,-0.0002528333641320657,-0.06547850580831838,7.730922725125138,23.0,30.0,0.5180243447473748,1.0,0.30697216020003465,-0.4668058319005957,1.3575062913502502,128.0,30.0,0.23333333333333328,-0.06879408549162536,-0.061174407868086256,0.01,0.455,0.445,0.505,0.0,,,,,,,,,,
A,lognormal,5000.0,2.0,-1.0,30,1,equal,0.0,0.95,0.5,-0.42075433108202875,0.700891117754484,0.7637595841058832,0.01831563888873418,30,f25,200,200,-0.3151423908568485,-0.3463202331386859,-0.3009193870221163,-0.3370504440858824,0.12198316404260745,0.985,0.0,0.985,벌어짐,0.3735003682333339,0.7013513440630288,0.13205453392517438,0.5339216085258099,-0.18405418595359507,-0.0011813500077353933,-0.13057118285452024,5.932043218928042,17.0,30.0,0.6070695956852248,1.0,0.3077444160340193,-0.43643987289670505,1.306894522601949,96.0,30.0,0.43333333333333335,-0.13646474084441407,-0.12001930298523467,0.005,0.455,0.45,0.51,0.005,,,,,,,,,,
A,lognormal,5000.0,2.0,-1.0,30,1,equal,0.0,0.95,0.5,-0.42075433108202875,0.700891117754484,0.7637595841058832,0.01831563888873418,30,f50,200,200,-0.35946684633465176,-0.3967136672425491,-0.32846531244571875,-0.3733113269931421,0.12999792677633132,0.995,0.0,0.995,벌어짐,0.3295446798426435,0.7013513440630288,0.09201742245379793,0.5339216085258099,-0.15309343400154446,0.000614709617625081,-0.20816149960648203,4.359388064474897,11.5,30.0,0.7116161616161616,1.0,0.30263439384944746,-0.4044604233209155,1.228132943180818,68.0,30.0,0.6166666666666667,-0.21873213247201218,-0.19083450854632933,0.0,0.455,0.455,0.515,0.01,,,,,,,,,,
A,lognormal,5000.0,2.0,-1.0,30,1,equal,0.0,0.95,0.5,-0.42075433108202875,0.700891117754484,0.7637595841058832,0.01831563888873418,30,rep_point,200,200,0.00064497628899296,-0.0002225212217241701,0.0015452891193966645,0.0009007639241016196,0.007299318908600179,0.0,0.0,0.0,없음,0.7021090818113586,0.7013513440630288,0.5333333333333333,0.5339216085258099,0.0,0.0008931054669196747,0.0,30.0,30.0,30.0,0.1,1.0,0.3058858267949638,-0.0009138641046836945,0.0,30.0,30.0,0.0,0.0,0.0,0.465,0.455,0.04,0.02,0.455,,,,,,,,,,
A,lognormal,5000.0,2.0,-1.0,30,1,equal,0.0,0.95,0.5,-0.42075433108202875,0.700891117754484,0.7637595841058832,0.01831563888873418,30,soft,200,200,-0.3194306429739682,-0.3641860381517513,-0.3061616215840438,-0.34387774339890403,0.12873095674062748,0.985,0.0,0.985,벌어짐,0.3632163779312406,0.7013513440630288,0.1267257553924193,0.5339216085258099,-0.3191590794483108,-0.0002034028468215765,0.0,5.356576946319987,30.0,30.0,0.6337800470658581,1.0,0.3024956662509051,-0.48599742831826,2.1449010733807685,186.5,30.0,0.0,0.0,0.0,0.005,0.455,0.45,0.51,0.005,,,,,,,,,,
A,lognormal,5000.0,2.0,-1.0,200,1,equal,0.0,0.95,0.5,-0.42075433108202875,0.700891117754484,0.7637595841058832,0.01831563888873418,31,any,200,200,-0.2492126495827767,-0.26040487481935415,-0.2402638112480593,-0.2575041803774969,0.05623242460694802,1.0,0.0,1.0,벌어짐,0.44091532415742307,0.688743767319679,0.23375885351996614,0.5134494688214064,-0.24985233405729515,0.0009399705762298538,0.0,40.60736710720228,200.0,200.0,0.5025181634305242,1.0,0.30901510284711325,-0.41071679467783073,1.9812170772484141,1413.5,200.0,0.0,0.0,0.0,0.0,0.285,0.285,0.305,0.0,,,,,,,,,,
A,lognormal,5000.0,2.0,-1.0,200,1,equal,0.0,0.95,0.5,-0.42075433108202875,0.700891117754484,0.7637595841058832,0.01831563888873418,31,center,200,200,-0.3737872872525634,-0.3855490821884913,-0.3610040074461435,-0.37967378604019864,0.06556864837367134,1.0,0.0,1.0,벌어짐,0.314733999686875,0.688743767319679,0.11728886209898867,0.5134494688214064,-0.23811738361102175,-0.001905907352900582,-0.12883357869741324,16.69499279478015,110.0,200.0,0.7311947895490726,1.0,0.32103586030510695,-0.31183103539902146,2.3556588118260358,657.0,200.0,0.44999999999999996,-0.13347329971616595,-0.12515418833093483,0.0,0.285,0.285,0.305,0.0,,,,,,,,,,
A,lognormal,5000.0,2.0,-1.0,200,1,equal,0.0,0.95,0.5,-0.42075433108202875,0.700891117754484,0.7637595841058832,0.01831563888873418,31,f01,200,200,-0.2622017052678245,-0.2731230753001668,-0.25236138088150767,-0.2710264046081907,0.057563642477699455,1.0,0.0,1.0,벌어짐,0.42754000556774985,0.688743767319679,0.22181100729162118,0.5134494688214064,-0.2588115545241175,0.0003467113612851125,-0.004698987240929708,36.85408013985803,197.0,200.0,0.5224207945128354,1.0,0.3098411940447696,-0.40596109683627946,2.091055665174419,1307.5,200.0,0.015000000000000013,-0.005317976294518467,-0.004211971292696903,0.0,0.285,0.285,0.305,0.0,,,,,,,,,,
A,lognormal,5000.0,2.0,-1.0,200,1,equal,0.0,0.95,0.5,-0.42075433108202875,0.700891117754484,0.7637595841058832,0.01831563888873418,31,f10,200,200,-0.31325759856543256,-0.3258493407314459,-0.30340923452405927,-0.3227417937398645,0.060239741570058195,1.0,0.0,1.0,벌어짐,0.37105366229201686,0.688743767319679,0.16597399586487882,0.5134494688214064,-0.2435135948375577,-0.0014484005971582281,-0.06856578042302969,26.902064074745446,154.0,200.0,0.6018077018762715,1.0,0.31412804719533527,-0.3582804541299306,2.1826243075564555,1013.0,200.0,0.22999999999999998,-0.07016841072864044,-0.0665232650734019,0.0,0.285,0.285,0.305,0.0,,,,,,,,,,
A,lognormal,5000.0,2.0,-1.0,200,1,equal,0.0,0.95,0.5,-0.42075433108202875,0.700891117754484,0.7637595841058832,0.01831563888873418,31,f25,200,200,-0.3568854340480474,-0.37236116495579374,-0.34645408094197994,-0.3651061229113719,0.06220985164925977,1.0,0.0,1.0,벌어짐,0.3313037880524789,0.688743767319679,0.1226110772976263,0.5134494688214064,-0.2216825862481512,-0.0025260772749283733,-0.13062053176277533,20.042743390610504,116.0,200.0,0.6869818839714,1.0,0.3144834058543504,-0.32231439313323107,2.2007337180038076,808.5,200.0,0.42000000000000004,-0.1347329382461503,-0.12687122087816471,0.0,0.285,0.285,0.305,0.0,,,,,,,,,,
A,lognormal,5000.0,2.0,-1.0,200,1,equal,0.0,0.95,0.5,-0.42075433108202875,0.700891117754484,0.7637595841058832,0.01831563888873418,31,f50,200,200,-0.39673593175274446,-0.41486518249972054,-0.3870493498285098,-0.40756233961653343,0.06419628246521634,1.0,0.0,1.0,벌어짐,0.28614074515730314,0.688743767319679,0.08890364364924053,0.5134494688214064,-0.20075751515282697,-0.002640144439718106,-0.20124759185429447,14.303978839435832,81.0,200.0,0.783675965042095,1.0,0.3110023807509945,-0.29025575081007415,2.192842925283556,604.5,200.0,0.595,-0.20390716796394287,-0.19657507883448555,0.0,0.285,0.285,0.305,0.0,,,,,,,,,,
A,lognormal,5000.0,2.0,-1.0,200,1,equal,0.0,0.95,0.5,-0.42075433108202875,0.700891117754484,0.7637595841058832,0.01831563888873418,31,rep_point,200,200,0.002407200813727306,0.0018829245408986672,0.003184731904310012,0.0027062941471145646,0.00396310277415316,0.0,0.0,0.0,없음,0.6916787060301508,0.688743767319679,0.511331912085681,0.5134494688214064,-0.0002069828237747373,0.0024659355821435858,0.0,195.5918996899934,200.0,200.0,0.11433685392070855,1.0,0.31617192891013746,-0.00462883335477811,0.1501240538124994,200.0,200.0,0.0,0.0,0.0,0.325,0.285,0.04,0.04,0.325,,,,,,,,,,
A,lognormal,5000.0,2.0,-1.0,200,1,equal,0.0,0.95,0.5,-0.42075433108202875,0.700891117754484,0.7637595841058832,0.01831563888873418,31,soft,200,200,-0.37135269770988666,-0.3865066672075632,-0.3595988922602726,-0.3798696381809311,0.06543830235908374,1.0,0.0,1.0,벌어짐,0.3147838925071173,0.688743767319679,0.11624407789989079,0.5134494688214064,-0.37036249104795627,-0.0012435860024662126,0.0,16.692259529555546,200.0,200.0,0.7247774926910922,1.0,0.3119780443333342,-0.3595769974877604,3.313850426175714,1413.5,200.0,0.0,0.0,0.0,0.0,0.285,0.285,0.305,0.0,,,,,,,,,,
A,lognormal,5000.0,2.0,-0.5,30,1,equal,0.0,0.95,0.5,-0.23863786781702145,0.7260243075020016,0.7637595841058832,0.01831563888873418,32,any,200,200,-0.1052093038625071,-0.12157719037678816,-0.0967800998910251,-0.11980475280816413,0.07875363738379927,0.565,0.0,0.565,벌어짐,0.612391912255916,0.7260038673464804,0.35066413662239093,0.5178326135253598,-0.10732306763858324,-0.00020987819600520874,0.0,10.903816501645528,30.0,30.0,0.43577441077441076,1.0,0.25541758110777724,-0.3153333217532502,1.3233823305239305,202.0,30.0,0.0,0.0,0.0,0.09,0.55,0.47,0.54,0.05,,,,,,,,,,
A,lognormal,5000.0,2.0,-0.5,30,1,equal,0.0,0.95,0.5,-0.23863786781702145,0.7260243075020016,0.7637595841058832,0.01831563888873418,32,center,200,200,-0.16675429198637332,-0.181320527672846,-0.14618851498204616,-0.17237599894824102,0.10994274126127575,0.77,0.0,0.77,벌어짐,0.5527646112436775,0.7260038673464804,0.2721151470224858,0.5178326135253598,-0.09383793512346922,-0.00039919743660526974,-0.06276639475102186,5.201447779579841,16.0,30.0,0.6486859300130681,1.0,0.271774103158125,-0.2563805009708907,1.4302496015023376,85.5,30.0,0.4666666666666667,-0.07272831635369637,-0.05655443140021532,0.045,0.55,0.505,0.585,0.025,,,,,,,,,,
A,lognormal,5000.0,2.0,-0.5,30,1,equal,0.0,0.95,0.5,-0.23863786781702145,0.7260243075020016,0.7637595841058832,0.01831563888873418,32,f01,200,200,-0.11027070843129227,-0.12420156620087874,-0.10292373951223455,-0.12536237801489758,0.08020638878686862,0.585,0.0,0.585,벌어짐,0.6049311925757941,0.7260038673464804,0.34590955974159926,0.5178326135253598,-0.10989317156477835,-1.7947210792623736e-05,0.0,10.261364192315035,30.0,30.0,0.45308066687377035,1.0,0.25726530017772503,-0.3120741924791037,1.376871062403176,185.0,30.0,0.0,0.0,0.0,0.08,0.55,0.47,0.57,0.04,,,,,,,,,,
A,lognormal,5000.0,2.0,-0.5,30,1,equal,0.0,0.95,0.5,-0.23863786781702145,0.7260243075020016,0.7637595841058832,0.01831563888873418,32,f10,200,200,-0.1375881662933608,-0.15558943956315074,-0.12608485125155178,-0.1506361912043669,0.08929875146670758,0.73,0.0,0.73,벌어짐,0.5754300336599838,0.7260038673464804,0.31118469462840326,0.5178326135253598,-0.09778799953938522,9.659135112938255e-05,-0.036271978857447706,7.771701960733966,23.0,30.0,0.5304067935899193,1.0,0.2647116288228613,-0.2759765303203396,1.373915953732273,141.0,30.0,0.23333333333333328,-0.040892770645542864,-0.033253531663086644,0.04,0.55,0.51,0.605,0.0,,,,,,,,,,
A,lognormal,5000.0,2.0,-0.5,30,1,equal,0.0,0.95,0.5,-0.23863786781702145,0.7260243075020016,0.7637595841058832,0.01831563888873418,32,f25,200,200,-0.1613383286303013,-0.17570374319428966,-0.14487821409931645,-0.16808548310160126,0.10250545043366194,0.75,0.0,0.75,벌어짐,0.5661639958179697,0.7260038673464804,0.2779421433267587,0.5178326135253598,-0.08626913577202022,0.0004080879311617047,-0.06602741294937065,5.849185142460287,17.0,30.0,0.6130289953819366,1.0,0.27036084590324266,-0.25181949915253327,1.3496170372901826,109.0,30.0,0.43333333333333335,-0.07388442055012268,-0.06005437745967501,0.05,0.55,0.51,0.6,0.02,,,,,,,,,,
A,lognormal,5000.0,2.0,-0.5,30,1,equal,0.0,0.95,0.5,-0.23863786781702145,0.7260243075020016,0.7637595841058832,0.01831563888873418,32,f50,200,200,-0.18008769543051778,-0.19738878171598717,-0.15656946180551823,-0.18762789596165536,0.1216359459978515,0.805,0.005,0.8,벌어짐,0.5391326343226004,0.7260038673464804,0.2442304278359666,0.5178326135253598,-0.06893151350051296,-0.0007434459089963319,-0.09871326486306614,4.331571529245949,12.0,30.0,0.7182462139716659,1.0,0.2708502222152498,-0.231148462687808,1.2422717737654896,77.0,30.0,0.6,-0.10858871747926557,-0.09223402321464524,0.06,0.55,0.52,0.605,0.03,,,,,,,,,,
A,lognormal,5000.0,2.0,-0.5,30,1,equal,0.0,0.95,0.5,-0.23863786781702145,0.7260243075020016,0.7637595841058832,0.01831563888873418,32,rep_point,200,200,0.00037557731871951106,-0.0007471217631324079,0.0012558024865362283,-0.00022994664123236806,0.008231753924951462,0.0,0.0,0.0,없음,0.7267713284963724,0.7260038673464804,0.5333333333333333,0.5178326135253598,0.0,0.00034927906326193137,0.0,30.0,30.0,30.0,0.1,1.0,0.26969012981493223,-0.0016394824259338807,0.0,30.0,30.0,0.0,0.0,0.0,0.59,0.55,0.09,0.035,0.55,,,,,,,,,,
A,lognormal,5000.0,2.0,-0.5,30,1,equal,0.0,0.95,0.5,-0.23863786781702145,0.7260243075020016,0.7637595841058832,0.01831563888873418,32,soft,200,200,-0.16322100311640214,-0.17635690943826332,-0.14332157295341563,-0.1726626749460892,0.108645378171778,0.765,0.0,0.765,벌어짐,0.563122072040268,0.7260038673464804,0.26317174905313134,0.5178326135253598,-0.16278329997189628,-0.00042285218227933186,0.0,5.439235964355261,30.0,30.0,0.6457858582990275,1.0,0.2593424498171277,-0.30312744724493473,2.1249727678668897,202.0,30.0,0.0,0.0,0.0,0.045,0.55,0.505,0.605,0.015,,,,,,,,,,
A,lognormal,5000.0,2.0,-0.5,200,1,equal,0.0,0.95,0.5,-0.23863786781702145,0.7260243075020016,0.7637595841058832,0.01831563888873418,33,any,200,200,-0.1331139595653455,-0.1387242489769528,-0.12693656369661233,-0.14208083703676305,0.05115033220274122,0.84,0.0,0.84,벌어짐,0.5885506637729285,0.7179044450768758,0.3410950802742654,0.5193183174836004,-0.13453823930646497,0.0005363646711443182,0.0,43.07530864417035,200.0,200.0,0.5006279638792241,1.0,0.26693054939009386,-0.25375254878313713,1.9087189094894834,1405.0,200.0,0.0,0.0,0.0,0.0,0.73,0.73,0.84,0.0,,,,,,,,,,
A,lognormal,5000.0,2.0,-0.5,200,1,equal,0.0,0.95,0.5,-0.23863786781702145,0.7260243075020016,0.7637595841058832,0.01831563888873418,33,center,200,200,-0.208771066838133,-0.21689756960561912,-0.19040654198741302,-0.21310306998847114,0.07069971011847631,0.96,0.0,0.96,벌어짐,0.5160121299847994,0.7179044450768758,0.25247487973848926,0.5193183174836004,-0.13224072591893815,-0.003035112703553333,-0.07005220011006469,17.270750280062554,110.0,200.0,0.7226323889678544,1.0,0.2848616159475865,-0.19354428697400242,2.313087625196796,647.0,200.0,0.44999999999999996,-0.07314223056680047,-0.06567928069104478,0.0,0.73,0.73,0.84,0.0,,,,,,,,,,
A,lognormal,5000.0,2.0,-0.5,200,1,equal,0.0,0.95,0.5,-0.23863786781702145,0.7260243075020016,0.7637595841058832,0.01831563888873418,33,f01,200,200,-0.14071984631092554,-0.14814883232714926,-0.1358002998325487,-0.1500198996792877,0.05292025099317293,0.865,0.0,0.865,벌어짐,0.5801880833550759,0.7179044450768758,0.33154979589306743,0.5193183174836004,-0.13795274397938867,1.5533451835914036e-05,-0.0030723113757184506,39.39851329983267,197.0,200.0,0.521822858414456,1.0,0.2684122234017414,-0.24853591687376228,2.0012478659124247,1289.5,200.0,0.015000000000000013,-0.0035599216456397853,-0.0027532933976344154,0.0,0.73,0.73,0.84,0.0,,,,,,,,,,
A,lognormal,5000.0,2.0,-0.5,200,1,equal,0.0,0.95,0.5,-0.23863786781702145,0.7260243075020016,0.7637595841058832,0.01831563888873418,33,f10,200,200,-0.17151690341000186,-0.17930514044903278,-0.16303516530176776,-0.17936346665891073,0.059259284858446136,0.935,0.0,0.935,벌어짐,0.5496828873315105,0.7179044450768758,0.29291751348522765,0.5193183174836004,-0.12780137811527537,-0.0017975849868647198,-0.03885255130023707,28.549020236529024,154.0,200.0,0.597849121328925,1.0,0.2756921091467297,-0.21600118681531047,2.062832914507938,1004.0,200.0,0.22999999999999998,-0.040544920978163757,-0.037330007292530776,0.0,0.73,0.73,0.84,0.0,,,,,,,,,,
A,lognormal,5000.0,2.0,-0.5,200,1,equal,0.0,0.95,0.5,-0.23863786781702145,0.7260243075020016,0.7637595841058832,0.01831563888873418,33,f25,200,200,-0.19707833105878525,-0.20789362900299935,-0.18410696292905815,-0.20364056465508015,0.0653188667211589,0.96,0.0,0.96,벌어짐,0.5247954462776818,0.7179044450768758,0.2615387610650099,0.5193183174836004,-0.1231056160651759,-0.0027356683738393173,-0.07011611974767973,21.26215890138166,116.0,200.0,0.6816355424249881,1.0,0.28271065240084536,-0.19833468838563445,2.114741416702053,795.5,200.0,0.42000000000000004,-0.07262906335795383,-0.06693267113035495,0.0,0.73,0.73,0.84,0.0,,,,,,,,,,
A,lognormal,5000.0,2.0,-0.5,200,1,equal,0.0,0.95,0.5,-0.23863786781702145,0.7260243075020016,0.7637595841058832,0.01831563888873418,33,f50,200,200,-0.22292718844815185,-0.2371711191478042,-0.20697260628678582,-0.2288466342444038,0.07367112715630954,0.97,0.0,0.97,벌어짐,0.5004431033715283,0.7179044450768758,0.2314577857258481,0.5193183174836004,-0.10895411344035,-0.0034213670489826042,-0.10321507064740842,14.785844988586689,81.0,200.0,0.7796580793752086,1.0,0.2877559570838243,-0.18647940323310896,2.1039662446525025,591.0,200.0,0.595,-0.10766546833964308,-0.09898443668234835,0.0,0.73,0.73,0.84,0.0,,,,,,,,,,
A,lognormal,5000.0,2.0,-0.5,200,1,equal,0.0,0.95,0.5,-0.23863786781702145,0.7260243075020016,0.7637595841058832,0.01831563888873418,33,rep_point,200,200,-0.0019487529002991666,-0.0023038726853120695,-0.0013887505570941983,-0.001643418313277218,0.003403769064791637,0.0,0.0,0.0,없음,0.7163798818721128,0.7179044450768758,0.52,0.5193183174836004,-0.00014253711495954002,-0.0018483675239525654,0.0,196.017830232071,200.0,200.0,0.11320961200486802,1.0,0.2806815829655873,-0.004579693352448813,0.14253164609863278,200.0,200.0,0.0,0.0,0.0,0.715,0.73,0.045,0.03,0.715,,,,,,,,,,
A,lognormal,5000.0,2.0,-0.5,200,1,equal,0.0,0.95,0.5,-0.23863786781702145,0.7260243075020016,0.7637595841058832,0.01831563888873418,33,soft,200,200,-0.2061088249075394,-0.21863590231854646,-0.19264398064240928,-0.21308335587306473,0.07096968558789836,0.96,0.0,0.96,벌어짐,0.5170462221322492,0.7179044450768758,0.2517132243621821,0.5193183174836004,-0.20301630657751318,-0.0027292899505852453,0.0,17.47804913187518,200.0,200.0,0.7223812098321145,1.0,0.27167605420283725,-0.22797422745378948,3.2315523554956176,1405.0,200.0,0.0,0.0,0.0,0.0,0.73,0.73,0.84,0.0,,,,,,,,,,
A,lognormal,5000.0,2.0,0.0,30,1,equal,0.0,0.95,0.5,0.0,0.7367420049605218,0.7637595841058832,0.01831563888873418,34,any,200,200,-0.0012334226729061593,-0.011557477684654649,0.006108069396203897,-0.002839498395675004,0.057344643337201316,0.085,0.035,0.05,없음,0.7326691384571826,0.7324761248150171,0.536452184179457,0.5275850393678867,-0.002305221284388481,-2.6547538855614672e-05,0.0,10.929040013637454,30.0,30.0,0.4272486772486772,1.0,0.2448552123859976,-0.0074225167178787925,1.320977823143058,196.0,30.0,0.0,0.0,0.0,0.575,0.6,0.295,0.3,0.065,,,,,,,,,,
A,lognormal,5000.0,2.0,0.0,30,1,equal,0.0,0.95,0.5,0.0,0.7367420049605218,0.7637595841058832,0.01831563888873418,34,center,200,200,-0.0005094256749226811,-0.015070779317105543,0.013739901473803884,-0.005154261815918176,0.09414566336250228,0.235,0.1,0.135,가끔,0.7381631922566769,0.7324761248150171,0.5166852057842046,0.5275850393678867,0.003754334537622861,-0.0007132089828888466,-0.0031105821666816413,5.2645811240721105,16.0,30.0,0.6433463796477495,1.0,0.24607576410140294,0.013181409494251681,1.4239431140392012,81.0,30.0,0.4666666666666667,-0.009560323951060545,0.004270166325012759,0.52,0.6,0.35,0.35,0.07,,,,,,,,,,
A,lognormal,5000.0,2.0,0.0,30,1,equal,0.0,0.95,0.5,0.0,0.7367420049605218,0.7637595841058832,0.01831563888873418,34,f01,200,200,-0.0036315258673947914,-0.013214035634770638,0.006539943703985696,-0.0031524710020466927,0.060525083737099056,0.085,0.035,0.05,없음,0.7332454286581827,0.7324761248150171,0.535091125608367,0.5275850393678867,-0.0030577946015322155,-0.0003277481645587166,0.0,10.15456409250686,30.0,30.0,0.4473023009785771,1.0,0.24675246638050286,-0.00730504633249946,1.3838790633556035,178.0,30.0,0.0,0.0,0.0,0.57,0.6,0.31,0.3,0.05,,,,,,,,,,
A,lognormal,5000.0,2.0,0.0,30,1,equal,0.0,0.95,0.5,0.0,0.7367420049605218,0.7637595841058832,0.01831563888873418,34,f10,200,200,-0.0038071130686675447,-0.01312628813241734,0.006485534584267372,-0.003915446116158493,0.07262200424492,0.13,0.06,0.07,가끔,0.7352414649822352,0.7324761248150171,0.5288568257491676,0.5275850393678867,0.00019370859387346506,-0.0003761172427225179,-0.00019748449950690583,7.715998754437077,23.0,30.0,0.5265271810199887,1.0,0.24638631450585252,0.00044291108939780767,1.397136175151716,134.5,30.0,0.23333333333333328,-0.004867561216936767,0.0024024466173176995,0.54,0.6,0.33,0.32,0.0,,,,,,,,,,
A,lognormal,5000.0,2.0,0.0,30,1,equal,0.0,0.95,0.5,0.0,0.7367420049605218,0.7637595841058832,0.01831563888873418,34,f25,200,200,-0.0011302851319308638,-0.017024647284068273,0.015522809427203077,-0.004147917602199572,0.08656915605720703,0.2,0.095,0.105,가끔,0.7398673741476824,0.7324761248150171,0.5235326688815061,0.5275850393678867,0.008599464501814369,-0.0004451421545146328,-0.0028167862415549028,5.988625013465235,18.0,30.0,0.6110445205479452,1.0,0.2443115513122906,0.029845241375456202,1.3171277703985083,103.0,30.0,0.4,-0.00894953455281422,0.001908132670718321,0.52,0.6,0.35,0.33,0.08,,,,,,,,,,
A,lognormal,5000.0,2.0,0.0,30,1,equal,0.0,0.95,0.5,0.0,0.7367420049605218,0.7637595841058832,0.01831563888873418,34,f50,200,200,-0.0045935160244763296,-0.01991923707010168,0.018615483860287885,-0.004677524839087125,0.10409577125412914,0.32,0.145,0.175,가끔,0.7388691233649474,0.7324761248150171,0.5238095238095238,0.5275850393678867,0.00046958885393705296,-0.00015343658478428335,0.001030023328972396,4.444104894592323,12.0,30.0,0.7159663865546219,1.0,0.23967963663243858,0.001585940761747284,1.2756713040415117,73.0,30.0,0.6,-0.006867889561884,0.011105317316667751,0.51,0.6,0.37,0.365,0.08,,,,,,,,,,
A,lognormal,5000.0,2.0,0.0,30,1,equal,0.0,0.95,0.5,0.0,0.7367420049605218,0.7637595841058832,0.01831563888873418,34,rep_point,200,200,-0.000521046373205436,-0.0023343640145833122,0.000669693223353196,-0.001148138029119688,0.00761424091772475,0.0,0.0,0.0,없음,0.7306471520306896,0.7324761248150171,0.5333333333333333,0.5275850393678867,0.0,-0.0005005839815006574,0.0,30.0,30.0,30.0,0.1,1.0,0.25589779853520955,0.0002693140567283639,0.0,30.0,30.0,0.0,0.0,0.0,0.625,0.6,0.065,0.035,0.335,,,,,,,,,,
A,lognormal,5000.0,2.0,0.0,30,1,equal,0.0,0.95,0.5,0.0,0.7367420049605218,0.7637595841058832,0.01831563888873418,34,soft,200,200,-0.0026173080457365105,-0.014913096108309043,0.014079500341502738,-0.005021662163365481,0.09239706180954657,0.22,0.1,0.12,가끔,0.7406446247367832,0.7324761248150171,0.5119763800744404,0.5275850393678867,-0.0017836725420471988,-0.0006809489129283031,0.0,5.423991397040288,30.0,30.0,0.6453273773480429,1.0,0.2497581539142826,-0.003588153685343715,2.128610571378152,196.0,30.0,0.0,0.0,0.0,0.52,0.6,0.36,0.35,0.07,,,,,,,,,,
A,lognormal,5000.0,2.0,0.0,200,1,equal,0.0,0.95,0.5,0.0,0.7367420049605218,0.7637595841058832,0.01831563888873418,35,any,200,200,0.0019375398902765628,-0.002970024453142095,0.007262446576567938,0.0011672608543224366,0.026362538544009204,0.0,0.0,0.0,없음,0.7384445570493754,0.7375620357675697,0.5223271766006176,0.5212095505415442,0.001965560102799413,0.00018722088955547278,0.0,40.90337099641721,200.0,200.0,0.5036790364244697,1.0,0.24668759802288515,0.003912431770784447,1.972345456701361,1424.0,200.0,0.0,0.0,0.0,0.69,0.75,0.31,0.095,0.045,,,,,,,,,,
A,lognormal,5000.0,2.0,0.0,200,1,equal,0.0,0.95,0.5,0.0,0.7367420049605218,0.7637595841058832,0.01831563888873418,35,center,200,200,-0.004284802973867519,-0.012707481257711817,0.0052929904914390535,-0.003812393089945229,0.04352950520728751,0.015,0.01,0.005,없음,0.7385485063608852,0.7375620357675697,0.5228239645161707,0.5212095505415442,0.00419349363654109,-0.004741561968546415,0.0010334415026340693,17.354527477833333,109.0,200.0,0.7330119597752197,1.0,0.24854945222609262,0.006569304994815025,2.2822353855198663,655.5,200.0,0.45499999999999996,-0.0017854880120049543,0.0038274703213386774,0.6,0.75,0.39,0.23,0.085,,,,,,,,,,
A,lognormal,5000.0,2.0,0.0,200,1,equal,0.0,0.95,0.5,0.0,0.7367420049605218,0.7637595841058832,0.01831563888873418,35,f01,200,200,0.00164622220290217,-0.004406149633734646,0.007132913318383949,0.0003055632435294986,0.02802697078904935,0.0,0.0,0.0,없음,0.7377108116717728,0.7375620357675697,0.524161733584992,0.5212095505415442,0.0017530192677121526,-0.0007244252403277862,0.0,37.42511076255778,197.0,200.0,0.5248985104765468,1.0,0.247696802939183,0.0031066372140574417,2.0423559084331995,1310.5,200.0,0.015000000000000013,-0.0003095901020235825,0.0002761061368621309,0.68,0.75,0.31,0.105,0.035,,,,,,,,,,
A,lognormal,5000.0,2.0,0.0,200,1,equal,0.0,0.95,0.5,0.0,0.7367420049605218,0.7637595841058832,0.01831563888873418,35,f10,200,200,-0.0019967611310698907,-0.005370070281041195,0.005720370137812458,-0.0013854705356381996,0.03344418980002565,0.01,0.01,0.0,없음,0.7369391091492954,0.7375620357675697,0.5239016659295297,0.5212095505415442,0.0007604191604256294,-0.002468701248474703,-0.0002615597017742721,27.553737016772963,153.0,200.0,0.6087021778654336,1.0,0.24785460954829563,0.0015193225777180976,2.1304123115739078,1007.0,200.0,0.235,-0.0015060515505611605,0.001186183415979758,0.655,0.75,0.335,0.14,0.0,,,,,,,,,,
A,lognormal,5000.0,2.0,0.0,200,1,equal,0.0,0.95,0.5,0.0,0.7367420049605218,0.7637595841058832,0.01831563888873418,35,f25,200,200,-0.003454426271616129,-0.008760423229213776,0.005289017412711816,-0.0028267156524990887,0.039513006890317004,0.01,0.01,0.0,없음,0.7354707929858244,0.7375620357675697,0.5242544142511025,0.5212095505415442,0.0003696427987069373,-0.0037830186581955805,0.0015794025760486607,20.33969113066071,116.0,200.0,0.6939975893831575,1.0,0.2474090789746865,0.0006924431443992164,2.1238693623805514,801.5,200.0,0.42000000000000004,-0.00208362660238004,0.0036881057133854034,0.625,0.75,0.375,0.195,0.05,,,,,,,,,,
A,lognormal,5000.0,2.0,0.0,200,1,equal,0.0,0.95,0.5,0.0,0.7367420049605218,0.7637595841058832,0.01831563888873418,35,f50,200,200,-0.0043079173332173926,-0.014541275384317154,0.006092343783372756,-0.0039380052838760135,0.04688073043350037,0.03,0.01,0.02,없음,0.737226061949342,0.7375620357675697,0.5210951489333868,0.5212095505415442,0.0004891263862331074,-0.004966043205365422,0.0033971363263197163,14.920245583255133,81.0,200.0,0.789492783070818,1.0,0.24638766996721634,0.00034002892160093996,2.0816031025878052,600.0,200.0,0.595,-0.0014640181536106356,0.007180333223118174,0.59,0.75,0.41,0.25,0.095,,,,,,,,,,
A,lognormal,5000.0,2.0,0.0,200,1,equal,0.0,0.95,0.5,0.0,0.7367420049605218,0.7637595841058832,0.01831563888873418,35,rep_point,200,200,-0.007138603405988542,-0.007699029977130123,-0.006518191967441522,-0.007602011706295403,0.003749499668558325,0.0,0.0,0.0,없음,0.7301787060301508,0.7375620357675697,0.5201010101010102,0.5212095505415442,-7.432002211671396e-05,-0.007031014745030317,0.0,195.67492926828328,200.0,200.0,0.1137433521266249,1.0,0.25853067520096196,-0.00199388040755096,0.1486719094240042,200.0,200.0,0.0,0.0,0.0,0.735,0.75,0.065,0.045,0.32,,,,,,,,,,
A,lognormal,5000.0,2.0,0.0,200,1,equal,0.0,0.95,0.5,0.0,0.7367420049605218,0.7637595841058832,0.01831563888873418,35,soft,200,200,-0.003173912283509994,-0.012409765630382652,0.00427252401988909,-0.003641990166638978,0.0431876613358731,0.015,0.01,0.005,없음,0.7372505449078117,0.7375620357675697,0.5231007490480644,0.5212095505415442,0.001408754009609825,-0.004593759378797246,0.0,17.24545525520285,200.0,200.0,0.7345458298257592,1.0,0.2499582049850979,0.0013649279950567568,3.255343103885913,1424.0,200.0,0.0,0.0,0.0,0.615,0.75,0.375,0.225,0.07,,,,,,,,,,
A,lognormal,5000.0,2.0,0.5,30,1,equal,0.0,0.95,0.5,0.1652415794262272,0.7260243075020016,0.7637595841058832,0.01831563888873418,36,any,200,200,0.09222289594440575,0.08375221873415106,0.10255740869599173,0.09647312733588383,0.048305259828903144,0.445,0.445,0.0,가끔,0.825811585103781,0.7293893232325185,0.6982986892625447,0.5299032862695341,0.09380054659676013,2.19023335659152e-05,0.0,11.004158664003159,30.0,30.0,0.4246303642264695,1.0,0.2613315892142407,0.26155981420517327,1.3138660893542529,200.5,30.0,0.0,0.0,0.0,0.96,0.59,0.38,0.275,0.005,,,,,,,,,,
A,lognormal,5000.0,2.0,0.5,30,1,equal,0.0,0.95,0.5,0.1652415794262272,0.7260243075020016,0.7637595841058832,0.01831563888873418,36,center,200,200,0.1404552370082396,0.1327033015623026,0.15096440232846609,0.13779793893904177,0.06628241103118232,0.73,0.725,0.005,벌어짐,0.8722861827666986,0.7293893232325185,0.7864741641337386,0.5299032862695341,0.06765705218176787,-0.0012669435257542383,0.06876651180565141,5.40205445171352,16.0,30.0,0.6480237462896423,1.0,0.2289528226917028,0.21603016213077875,1.3827549912751198,80.5,30.0,0.4666666666666667,0.059552224650241015,0.07749319515745456,0.955,0.59,0.395,0.275,0.02,,,,,,,,,,
A,lognormal,5000.0,2.0,0.5,30,1,equal,0.0,0.95,0.5,0.1652415794262272,0.7260243075020016,0.7637595841058832,0.01831563888873418,36,f01,200,200,0.0989112804639331,0.08805632550449094,0.110190841594622,0.10142354583821266,0.049675177536919066,0.495,0.495,0.0,가끔,0.8325488725810093,0.7293893232325185,0.7027169413712652,0.5299032862695341,0.0947881583966576,6.171743654914685e-06,0.0,10.270004724497433,30.0,30.0,0.4371966019417476,1.0,0.2581254250131436,0.2556564482154876,1.3515562861357473,183.0,30.0,0.0,0.0,0.0,0.955,0.59,0.375,0.27,0.01,,,,,,,,,,
A,lognormal,5000.0,2.0,0.5,30,1,equal,0.0,0.95,0.5,0.1652415794262272,0.7260243075020016,0.7637595841058832,0.01831563888873418,36,f10,200,200,0.12024055911585424,0.10745869123091178,0.13058539129024915,0.12147001136348258,0.055465794258028306,0.625,0.625,0.0,벌어짐,0.8523666519299935,0.7293893232325185,0.7397742818057456,0.5299032862695341,0.0806442186157626,-3.1501657827948115e-05,0.040741267625019006,7.613985940467032,23.0,30.0,0.5252379857235614,1.0,0.2383351754972696,0.22815856140432894,1.3694264969218048,137.5,30.0,0.23333333333333328,0.034232470959099426,0.04706178274736883,0.965,0.59,0.385,0.285,0.0,,,,,,,,,,
A,lognormal,5000.0,2.0,0.5,30,1,equal,0.0,0.95,0.5,0.1652415794262272,0.7260243075020016,0.7637595841058832,0.01831563888873418,36,f25,200,200,0.14052086520446883,0.12614446418467873,0.14977816874497907,0.1356425973705766,0.06228089138871965,0.72,0.72,0.0,벌어짐,0.8738303079282016,0.7293893232325185,0.7723285486443381,0.5299032862695341,0.06510365074458258,-0.001272664853595451,0.06656401256376943,5.848693104315164,17.0,30.0,0.6117148573204589,1.0,0.2209154728889022,0.20613715714761185,1.3270345308327098,104.5,30.0,0.43333333333333335,0.06118267164860691,0.07490843651095624,0.96,0.59,0.39,0.28,0.015,,,,,,,,,,
A,lognormal,5000.0,2.0,0.5,30,1,equal,0.0,0.95,0.5,0.1652415794262272,0.7260243075020016,0.7637595841058832,0.01831563888873418,36,f50,200,200,0.1553370885722496,0.14275864975264618,0.16444870700647873,0.14832759030668308,0.07233039142171463,0.755,0.75,0.005,벌어짐,0.8854874010475877,0.7293893232325185,0.8106685633001423,0.5299032862695341,0.05599932415354869,-0.0015472295312616846,0.09821693797569359,4.321485518215763,12.0,30.0,0.7099358974358975,1.0,0.20294878188318843,0.21366866599036816,1.2627196327091135,74.0,30.0,0.6,0.08683867046681537,0.10524767995364592,0.955,0.59,0.385,0.275,0.02,,,,,,,,,,
A,lognormal,5000.0,2.0,0.5,30,1,equal,0.0,0.95,0.5,0.1652415794262272,0.7260243075020016,0.7637595841058832,0.01831563888873418,36,rep_point,200,200,-0.0021164799910707854,-0.0032867393215099128,-0.0008556489314127669,-0.0023501880427262783,0.006409429160906079,0.0,0.0,0.0,없음,0.7283721124176465,0.7293893232325185,0.5333333333333333,0.5299032862695341,0.0,-0.0022880564890800925,0.0,30.0,30.0,30.0,0.1,1.0,0.2702500856989398,0.0003372731191254547,0.0,30.0,30.0,0.0,0.0,0.0,0.61,0.59,0.05,0.01,0.375,,,,,,,,,,
A,lognormal,5000.0,2.0,0.5,30,1,equal,0.0,0.95,0.5,0.1652415794262272,0.7260243075020016,0.7637595841058832,0.01831563888873418,36,soft,200,200,0.14013216046085109,0.12806843893070685,0.15247351966604628,0.1372793833554426,0.0643472825020583,0.725,0.725,0.0,벌어짐,0.8710066695156071,0.7293893232325185,0.7796627052240954,0.5299032862695341,0.14100894592832913,-0.0008703617527358598,0.0,5.4266389702971685,30.0,30.0,0.6415337300618048,1.0,0.26500036030808727,0.2440501922630782,2.127976786468915,200.5,30.0,0.0,0.0,0.0,0.955,0.59,0.385,0.27,0.02,,,,,,,,,,
A,lognormal,5000.0,2.0,0.5,200,1,equal,0.0,0.95,0.5,0.1652415794262272,0.7260243075020016,0.7637595841058832,0.01831563888873418,37,any,200,200,0.10422202950930115,0.09950428736511507,0.10721853379252588,0.10520694814284275,0.024814497368616142,0.565,0.565,0.0,벌어짐,0.835340820845297,0.7301993659799213,0.7015748398440274,0.5178510725342664,0.10460188376275759,-0.00015091897598629167,0.0,40.6030776993572,200.0,200.0,0.503495877785329,1.0,0.2673623980166428,0.19221511998111085,1.981353043849416,1399.5,200.0,0.0,0.0,0.0,1.0,0.67,0.33,0.065,0.0,,,,,,,,,,
A,lognormal,5000.0,2.0,0.5,200,1,equal,0.0,0.95,0.5,0.1652415794262272,0.7260243075020016,0.7637595841058832,0.01831563888873418,37,center,200,200,0.14362931461615874,0.1389289947501815,0.14902217736939705,0.14467636027520445,0.033210094702031866,0.925,0.925,0.0,벌어짐,0.8779466678724266,0.7301993659799213,0.7917418819379604,0.5178510725342664,0.07934400834022776,-0.00545339232167702,0.06874319287944297,16.53720855235565,109.0,200.0,0.7279558645076525,1.0,0.23038460594596966,0.13940849436985012,2.334667152976861,638.5,200.0,0.45499999999999996,0.06508707386592327,0.07146113778355556,1.0,0.67,0.33,0.065,0.0,,,,,,,,,,
A,lognormal,5000.0,2.0,0.5,200,1,equal,0.0,0.95,0.5,0.1652415794262272,0.7260243075020016,0.7637595841058832,0.01831563888873418,37,f01,200,200,0.10811911371186034,0.1033058010371084,0.11220167053181196,0.11015138573654003,0.02559295910868407,0.635,0.635,0.0,벌어짐,0.8408230272505752,0.7301993659799213,0.7102758954501451,0.5178510725342664,0.1036748590854305,-0.0009908155682385456,0.003876875798854207,37.544774664584665,197.0,200.0,0.5251170539281735,1.0,0.2659602135424981,0.18615424550779178,2.0575816119495305,1283.5,200.0,0.015000000000000013,0.003277493743174209,0.004770068505183911,1.0,0.67,0.33,0.065,0.0,,,,,,,,,,
A,lognormal,5000.0,2.0,0.5,200,1,equal,0.0,0.95,0.5,0.1652415794262272,0.7260243075020016,0.7637595841058832,0.01831563888873418,37,f10,200,200,0.12719711867149508,0.12112249027607713,0.13193054046984876,0.1288710301221564,0.028122948917802294,0.87,0.87,0.0,벌어짐,0.8613939806393227,0.7301993659799213,0.748421139417924,0.5178510725342664,0.0877531054318908,-0.0026076094361839885,0.04247902090393907,26.960812321838162,153.0,200.0,0.6041454612591554,1.0,0.2439759653638621,0.15747138725881304,2.1558233488696885,993.0,200.0,0.235,0.041030942859608066,0.044860254419299306,1.0,0.67,0.33,0.065,0.0,,,,,,,,,,
A,lognormal,5000.0,2.0,0.5,200,1,equal,0.0,0.95,0.5,0.1652415794262272,0.7260243075020016,0.7637595841058832,0.01831563888873418,37,f25,200,200,0.14022292672274378,0.13776296734553228,0.14473377074348348,0.14220429814970525,0.030677152076790015,0.91,0.91,0.0,벌어짐,0.8742669577079434,0.7301993659799213,0.7822942051133782,0.5178510725342664,0.07631609832749014,-0.004234980968458701,0.06999992100011598,19.74383494771488,116.0,200.0,0.686925752273098,1.0,0.2291154768084985,0.14043476497101015,2.1565585782004297,782.0,200.0,0.42000000000000004,0.06607039949046634,0.0730765639423705,1.0,0.67,0.33,0.065,0.0,,,,,,,,,,
A,lognormal,5000.0,2.0,0.5,200,1,equal,0.0,0.95,0.5,0.1652415794262272,0.7260243075020016,0.7637595841058832,0.01831563888873418,37,f50,200,200,0.15209411543985152,0.14848936512615218,0.16015457807687705,0.1539099483718163,0.034165306503599106,0.945,0.945,0.0,벌어짐,0.8861713718352571,0.7301993659799213,0.808017765310893,0.5178510725342664,0.06276952790369089,-0.005237221828401972,0.09727186676926869,14.276548053605048,80.0,200.0,0.7876772805278096,1.0,0.20709633078150091,0.1308853035859488,2.146999734365232,585.5,200.0,0.6,0.09421395393726728,0.10133326158659872,1.0,0.67,0.33,0.065,0.0,,,,,,,,,,
A,lognormal,5000.0,2.0,0.5,200,1,equal,0.0,0.95,0.5,0.1652415794262272,0.7260243075020016,0.7637595841058832,0.01831563888873418,37,rep_point,200,200,-0.01253665702962542,-0.013261728615464374,-0.011974232940214935,-0.013387560207530281,0.004663488469564111,0.0,0.0,0.0,없음,0.7172046671733331,0.7301993659799213,0.515,0.5178510725342664,1.302695977628554e-05,-0.012597899637956045,0.0,195.59832008222537,200.0,200.0,0.1134104885019312,1.0,0.27284933715453147,0.00029665445990836664,0.15001194899720283,200.0,200.0,0.0,0.0,0.0,0.655,0.67,0.105,0.1,0.345,,,,,,,,,,
A,lognormal,5000.0,2.0,0.5,200,1,equal,0.0,0.95,0.5,0.1652415794262272,0.7260243075020016,0.7637595841058832,0.01831563888873418,37,soft,200,200,0.14391820814594614,0.13779925464743148,0.1493789208647751,0.14477014068478883,0.032541890661687715,0.92,0.92,0.0,벌어짐,0.8763642445406369,0.7301993659799213,0.7905595004622112,0.5178510725342664,0.14988550060038486,-0.005966832741601258,0.0,16.617534657850467,200.0,200.0,0.7263872476837268,1.0,0.26921032972612213,0.16266978758026837,3.3220984703772682,1399.5,200.0,0.0,0.0,0.0,1.0,0.67,0.33,0.065,0.0,,,,,,,,,,
A,lognormal,5000.0,2.0,1.0,30,1,equal,0.0,0.95,0.5,0.2482273329206528,0.700891117754484,0.7637595841058832,0.01831563888873418,38,any,200,200,0.15893593783137666,0.14602850980178161,0.16690703611554125,0.15707002344654664,0.054221851390053595,0.85,0.85,0.0,벌어짐,0.8634791190591713,0.6954964359899368,0.7810891089108911,0.5189973734456892,0.1603382871874915,-0.0006544294259420713,0.0,11.607725597713033,30.0,30.0,0.4100386100386101,1.0,0.30371138766782046,0.37092576897822166,1.258779756759083,193.0,30.0,0.0,0.0,0.0,0.99,0.435,0.555,0.515,0.01,,,,,,,,,,
A,lognormal,5000.0,2.0,1.0,30,1,equal,0.0,0.95,0.5,0.2482273329206528,0.700891117754484,0.7637595841058832,0.01831563888873418,38,center,200,200,0.22406610180037811,0.20566117859844257,0.24154502777473108,0.22280977964417736,0.06410635225588665,0.965,0.965,0.0,벌어짐,0.9318738912075741,0.6954964359899368,0.9032258064516129,0.5189973734456892,0.0941669348460949,-0.000811346401843438,0.12416534417986319,5.534564598922338,16.0,30.0,0.6270796633392053,1.0,0.22055901392347693,0.2891505192677174,1.3321931839383434,79.5,30.0,0.4666666666666667,0.11648297511534955,0.13253448054363415,1.0,0.435,0.565,0.525,0.0,,,,,,,,,,
A,lognormal,5000.0,2.0,1.0,30,1,equal,0.0,0.95,0.5,0.2482273329206528,0.700891117754484,0.7637595841058832,0.01831563888873418,38,f01,200,200,0.16745311367992866,0.15446018498712977,0.17702638248967084,0.16581285312380328,0.055431664627380105,0.87,0.87,0.0,벌어짐,0.8709575522309856,0.6954964359899368,0.7922619047619047,0.5189973734456892,0.158432730711009,-0.0005731289236358128,0.0,10.681034160226933,30.0,30.0,0.42965587044534415,1.0,0.30028347105355224,0.3670671130034747,1.3219252996653479,176.5,30.0,0.0,0.0,0.0,0.99,0.435,0.555,0.52,0.01,,,,,,,,,,
A,lognormal,5000.0,2.0,1.0,30,1,equal,0.0,0.95,0.5,0.2482273329206528,0.700891117754484,0.7637595841058832,0.01831563888873418,38,f10,200,200,0.20389520984028808,0.19146423122590628,0.21099663992927964,0.20134927782336465,0.060542445182870566,0.945,0.945,0.0,벌어짐,0.9084545082331823,0.6954964359899368,0.8538893690579084,0.5189973734456892,0.11950823422585227,-0.00026116258025926653,0.08050562945178719,7.894580485699382,23.0,30.0,0.5157964748919188,1.0,0.25546903572995927,0.31847867966797216,1.353218698260243,132.5,30.0,0.23333333333333328,0.06988949157473079,0.08999283823728432,1.0,0.435,0.565,0.525,0.0,,,,,,,,,,
A,lognormal,5000.0,2.0,1.0,30,1,equal,0.0,0.95,0.5,0.2482273329206528,0.700891117754484,0.7637595841058832,0.01831563888873418,38,f25,200,200,0.22059020466077728,0.20947019819728718,0.2391402181282103,0.22290146169259828,0.06363532522776118,0.975,0.975,0.0,벌어짐,0.9316846104074539,0.6954964359899368,0.8990180341799641,0.5189973734456892,0.08991396148390646,-0.00040367631331816867,0.13159992653900604,6.390921315448332,17.0,30.0,0.5931712962962963,1.0,0.2158148809818196,0.2909687017419901,1.2936964849317567,100.5,30.0,0.43333333333333335,0.12443650370578863,0.14597091604931023,1.0,0.435,0.565,0.525,0.0,,,,,,,,,,
A,lognormal,5000.0,2.0,1.0,30,1,equal,0.0,0.95,0.5,0.2482273329206528,0.700891117754484,0.7637595841058832,0.01831563888873418,38,f50,200,200,0.23913485269616797,0.22810544437534863,0.25397479023631875,0.24004996236669882,0.0666452606215189,0.98,0.98,0.0,벌어짐,0.9514940422298597,0.6954964359899368,0.9364395367627256,0.5189973734456892,0.053611235811736824,-0.0010907819789437445,0.1795050022148208,4.6053720600303345,11.5,30.0,0.6903085177733065,1.0,0.15797431389248826,0.2989614406456796,1.1936565003526223,70.5,30.0,0.6166666666666667,0.17048709268265305,0.19008937388032143,0.985,0.435,0.55,0.525,0.015,,,,,,,,,,
A,lognormal,5000.0,2.0,1.0,30,1,equal,0.0,0.95,0.5,0.2482273329206528,0.700891117754484,0.7637595841058832,0.01831563888873418,38,rep_point,200,200,-0.0014185518263966634,-0.002588032906897686,-0.0007527556984570083,-0.0017318394792289137,0.0056691004320108375,0.0,0.0,0.0,없음,0.6926282211658743,0.6954964359899368,0.5166666666666666,0.5189973734456892,0.0,-0.0014668130045427108,0.0,30.0,30.0,30.0,0.1,1.0,0.30731360461394686,-4.763286918616549e-05,0.0,30.0,30.0,0.0,0.0,0.0,0.43,0.435,0.035,0.02,0.57,,,,,,,,,,
A,lognormal,5000.0,2.0,1.0,30,1,equal,0.0,0.95,0.5,0.2482273329206528,0.700891117754484,0.7637595841058832,0.01831563888873418,38,soft,200,200,0.22170110284220473,0.21014829859882944,0.2373615714802514,0.2225004479791975,0.06368687940215974,0.97,0.97,0.0,벌어짐,0.933457176979898,0.6954964359899368,0.9005161787423701,0.5189973734456892,0.22273361036639933,-0.0009298342157350037,0.0,5.810127654183325,30.0,30.0,0.6254709773935685,1.0,0.30523037967021205,0.3316777934762125,2.0404548292879516,193.0,30.0,0.0,0.0,0.0,0.995,0.435,0.56,0.525,0.005,,,,,,,,,,
A,lognormal,5000.0,2.0,1.0,200,1,equal,0.0,0.95,0.5,0.2482273329206528,0.700891117754484,0.7637595841058832,0.01831563888873418,39,any,200,200,0.16250086533444202,0.15910427991356735,0.16744560596109337,0.16473735615410912,0.023861914588054537,1.0,1.0,0.0,벌어짐,0.8740917322026518,0.7102592810571917,0.783847582589267,0.5218744734550747,0.16355309229084375,-0.0008175094112967685,0.0,44.6384561150129,200.0,200.0,0.4938043170077552,1.0,0.3051802115766685,0.28996001329322385,1.8656387876709233,1381.5,200.0,0.0,0.0,0.0,1.0,0.6,0.4,0.33,0.0,,,,,,,,,,
A,lognormal,5000.0,2.0,1.0,200,1,equal,0.0,0.95,0.5,0.2482273329206528,0.700891117754484,0.7637595841058832,0.01831563888873418,39,center,200,200,0.227192134969268,0.22107091347751728,0.23083454505493572,0.22490879427667945,0.024939636864313733,1.0,1.0,0.0,벌어짐,0.9374153542816788,0.7102592810571917,0.8995919664827208,0.5218744734550747,0.1047601586739274,-0.0061554038157287105,0.12351320905820501,18.686915566685776,109.0,200.0,0.7166486876080445,1.0,0.228247693392521,0.21089829581629344,2.2153496221584925,629.0,200.0,0.45499999999999996,0.1191044245963716,0.12734712286544025,1.0,0.6,0.4,0.33,0.0,,,,,,,,,,
A,lognormal,5000.0,2.0,1.0,200,1,equal,0.0,0.95,0.5,0.2482273329206528,0.700891117754484,0.7637595841058832,0.01831563888873418,39,f01,200,200,0.17213734388056373,0.1668338480210393,0.176731028691532,0.17303030197347424,0.023788285267343553,1.0,1.0,0.0,벌어짐,0.882022352019473,0.7102592810571917,0.7983489458130406,0.5218744734550747,0.1639312029556153,-0.0011693449983870008,0.007359928130998616,41.316040226200855,197.0,200.0,0.5135641323771145,1.0,0.2989123678871827,0.2814352700729417,1.94427742541354,1263.5,200.0,0.015000000000000013,0.006729205894123291,0.008536473913377751,1.0,0.6,0.4,0.33,0.0,,,,,,,,,,
A,lognormal,5000.0,2.0,1.0,200,1,equal,0.0,0.95,0.5,0.2482273329206528,0.700891117754484,0.7637595841058832,0.01831563888873418,39,f10,200,200,0.20387317147756884,0.198079354360144,0.20993021936888667,0.204063937390828,0.0243846052631882,1.0,1.0,0.0,벌어짐,0.9161755041225939,0.7102592810571917,0.8549102983563792,0.5218744734550747,0.12358864723093815,-0.002652372192323005,0.08258355849746929,30.246277109125025,154.0,200.0,0.5965849268700392,1.0,0.2518663166558115,0.23783048933525247,2.0194982042433747,981.0,200.0,0.22999999999999998,0.07869989536387212,0.08500386246189606,1.0,0.6,0.4,0.33,0.0,,,,,,,,,,
A,lognormal,5000.0,2.0,1.0,200,1,equal,0.0,0.95,0.5,0.2482273329206528,0.700891117754484,0.7637595841058832,0.01831563888873418,39,f25,200,200,0.22508105476839768,0.21870238698330735,0.23008115595076528,0.22399037679925257,0.024694316929461717,1.0,1.0,0.0,벌어짐,0.9347058235689809,0.7102592810571917,0.8913237959171931,0.5218744734550747,0.0933319138261342,-0.004376720765952524,0.13425396940313172,22.484272742755326,115.0,200.0,0.6783734632913184,1.0,0.2152412438486927,0.20656488731166583,2.0308128832835597,770.5,200.0,0.42500000000000004,0.13067289204245847,0.13891922992366135,1.0,0.6,0.4,0.33,0.0,,,,,,,,,,
A,lognormal,5000.0,2.0,1.0,200,1,equal,0.0,0.95,0.5,0.2482273329206528,0.700891117754484,0.7637595841058832,0.01831563888873418,39,f50,200,200,0.24114309246707022,0.2341227877671016,0.24629765450202445,0.23915573522418448,0.02467791204106069,1.0,1.0,0.0,벌어짐,0.9498056801258133,0.7102592810571917,0.9259430539940297,0.5218744734550747,0.06984210083492975,-0.0062715957965955305,0.17433528969077056,16.034716831198082,80.0,200.0,0.7747360206281336,1.0,0.17971283428142998,0.19184718629230665,2.025826470042748,576.5,200.0,0.6,0.17040559401231625,0.17972248290158277,1.0,0.6,0.4,0.33,0.0,,,,,,,,,,
A,lognormal,5000.0,2.0,1.0,200,1,equal,0.0,0.95,0.5,0.2482273329206528,0.700891117754484,0.7637595841058832,0.01831563888873418,39,rep_point,200,200,-0.013604504104413218,-0.014973107807659036,-0.012677936234723575,-0.014756775339538494,0.005258633290111164,0.0,0.0,0.0,없음,0.6946430600685194,0.7102592810571917,0.5214075427643268,0.5218744734550747,2.8754335325065217e-05,-0.013801554216428202,0.0,195.9443306619734,200.0,200.0,0.11310871271510611,1.0,0.30636596921252024,0.0007630169842189572,0.14386821449265175,200.0,200.0,0.0,0.0,0.0,0.41,0.6,0.19,0.24,0.59,,,,,,,,,,
A,lognormal,5000.0,2.0,1.0,200,1,equal,0.0,0.95,0.5,0.2482273329206528,0.700891117754484,0.7637595841058832,0.01831563888873418,39,soft,200,200,0.22577792183905204,0.21992875884394403,0.2303957684939134,0.22519147475975473,0.024801717962530972,1.0,1.0,0.0,벌어짐,0.9364301134751635,0.7102592810571917,0.8998690729990203,0.5218744734550747,0.23187187526841152,-0.006358309408125096,0.0,18.83014347751356,200.0,200.0,0.7160740510689292,1.0,0.3055244373923539,0.24422214557561941,3.1018173594538707,1381.5,200.0,0.0,0.0,0.0,1.0,0.6,0.4,0.33,0.0,,,,,,,,,,
A,lognormal,5000.0,2.5,-1.0,30,1,equal,0.0,0.95,0.5,-0.5059374169457933,0.700891117754484,0.8884731955196588,0.0019304541362277093,40,any,200,200,-0.24375747789226096,-0.2737798927717816,-0.22966156081604527,-0.26619825084645266,0.11177581178641977,0.955,0.0,0.955,벌어짐,0.4130897520736853,0.6854666213445458,0.192958374798394,0.4964141676993159,-0.24620663224522685,0.00041322409793537185,0.0,7.761142858110098,30.0,30.0,0.5258321933424532,1.0,0.30236849385198716,-0.47899492178555747,1.6928140177864202,303.0,30.0,0.0,0.0,0.0,0.005,0.33,0.325,0.4,0.0,,,,,,,,,,
A,lognormal,5000.0,2.5,-1.0,30,1,equal,0.0,0.95,0.5,-0.5059374169457933,0.700891117754484,0.8884731955196588,0.0019304541362277093,40,center,200,200,-0.33322048144891653,-0.35782456803601803,-0.3093455683546355,-0.3411717621682715,0.12514765516845583,0.97,0.0,0.97,벌어짐,0.32758585073801316,0.6854666213445458,0.09857902110342681,0.4964141676993159,-0.2156469308557199,0.00026514127056739833,-0.12256848449682065,4.12770625657394,17.0,30.0,0.7111182778360075,1.0,0.302736859696472,-0.4023348759935784,1.6871351585526773,158.0,30.0,0.43333333333333335,-0.13160065807853927,-0.11489110432355676,0.01,0.33,0.33,0.405,0.005,,,,,,,,,,
A,lognormal,5000.0,2.5,-1.0,30,1,equal,0.0,0.95,0.5,-0.5059374169457933,0.700891117754484,0.8884731955196588,0.0019304541362277093,40,f01,200,200,-0.2576559540233153,-0.27983328764932514,-0.23990573915097252,-0.27697409268610645,0.11289455091310802,0.965,0.0,0.965,벌어짐,0.40323410600661835,0.6854666213445458,0.17586206896551723,0.4964141676993159,-0.25611724841643296,8.929309109556582e-05,-0.008442613430886925,7.305906884195799,29.0,30.0,0.5457509433404104,1.0,0.30242260921887887,-0.4686487847010002,1.7205273717335277,277.5,30.0,0.033333333333333326,-0.009934922214886566,-0.006884724224264227,0.005,0.33,0.325,0.4,0.0,,,,,,,,,,
A,lognormal,5000.0,2.5,-1.0,30,1,equal,0.0,0.95,0.5,-0.5059374169457933,0.700891117754484,0.8884731955196588,0.0019304541362277093,40,f10,200,200,-0.2932380496831316,-0.32108665880839604,-0.27665045160256113,-0.31130966988214515,0.11456868286839034,0.97,0.0,0.97,벌어짐,0.3687989361605176,0.6854666213445458,0.13217124917717354,0.4964141676993159,-0.22861240465828192,0.0002086781356314127,-0.06967546917609097,5.780469299651446,22.0,30.0,0.6146589112014941,1.0,0.29940199686100166,-0.42563874293871373,1.6923844187605384,225.0,30.0,0.2666666666666667,-0.07709157065795313,-0.06525995714449129,0.005,0.33,0.325,0.4,0.0,,,,,,,,,,
A,lognormal,5000.0,2.5,-1.0,30,1,equal,0.0,0.95,0.5,-0.5059374169457933,0.700891117754484,0.8884731955196588,0.0019304541362277093,40,f25,200,200,-0.328550867775222,-0.3484888257125713,-0.3052984053955625,-0.33525653365679176,0.1197477391678968,0.975,0.0,0.975,벌어짐,0.33769290382111483,0.6854666213445458,0.1038723597547127,0.4964141676993159,-0.19491237381689971,-0.0009583115601150549,-0.12857657091373212,4.652017822336022,17.0,30.0,0.6825038770618921,1.0,0.2972015562497008,-0.3913223242963305,1.6129848083595721,189.0,30.0,0.43333333333333335,-0.1363887809944344,-0.1217594435487328,0.01,0.33,0.33,0.405,0.005,,,,,,,,,,
A,lognormal,5000.0,2.5,-1.0,30,1,equal,0.0,0.95,0.5,-0.5059374169457933,0.700891117754484,0.8884731955196588,0.0019304541362277093,40,f50,200,200,-0.35312737154735263,-0.37788713079055286,-0.3334842788875115,-0.3569599135937708,0.12613505511829037,0.97,0.0,0.97,벌어짐,0.31437035120479445,0.6854666213445458,0.07908970490838177,0.4964141676993159,-0.16200940689851387,0.00034760836844058285,-0.18333046320998556,3.689772549497232,13.0,30.0,0.7642427049559981,1.0,0.2913201026796739,-0.3683378239055961,1.5220110108839815,151.0,30.0,0.5666666666666667,-0.19364485097970907,-0.17373130851011176,0.005,0.33,0.335,0.41,0.01,,,,,,,,,,
A,lognormal,5000.0,2.5,-1.0,30,1,equal,0.0,0.95,0.5,-0.5059374169457933,0.700891117754484,0.8884731955196588,0.0019304541362277093,40,rep_point,200,200,0.0006100417043637396,-0.0010941024788793108,0.0018807993535846501,0.0008230311274718554,0.0088183888813886,0.0,0.0,0.0,없음,0.6864323242431825,0.6854666213445458,0.5,0.4964141676993159,0.0,0.0007713046460465778,0.0,30.0,30.0,30.0,0.1,1.0,0.3135226499838524,-0.011729733373954387,0.0,30.0,30.0,0.0,0.0,0.0,0.36,0.33,0.09,0.05,0.355,,,,,,,,,,
A,lognormal,5000.0,2.5,-1.0,30,1,equal,0.0,0.95,0.5,-0.5059374169457933,0.700891117754484,0.8884731955196588,0.0019304541362277093,40,soft,200,200,-0.33540199912062707,-0.3575898040330827,-0.3143886095762514,-0.3429728973998579,0.1240001247218397,0.975,0.0,0.975,벌어짐,0.32972312068330173,0.6854666213445458,0.0986210145301798,0.4964141676993159,-0.3350748023047259,-0.00012365941913478062,0.0,4.186269686767378,30.0,30.0,0.7133294576218097,1.0,0.3054712927508682,-0.4424296291036013,2.4832214223280102,303.0,30.0,0.0,0.0,0.0,0.01,0.33,0.33,0.405,0.005,,,,,,,,,,
A,lognormal,5000.0,2.5,-1.0,200,1,equal,0.0,0.95,0.5,-0.5059374169457933,0.700891117754484,0.8884731955196588,0.0019304541362277093,41,any,200,200,-0.31153021937709613,-0.3188144773455277,-0.30391329137501655,-0.31349745552321584,0.053606147877655455,1.0,0.0,1.0,벌어짐,0.35875369957627873,0.6762459319591231,0.15902626133991687,0.5024860517424816,-0.3118039705248199,0.0012428438078999071,0.0,20.191383503040583,200.0,200.0,0.6551140184626825,1.0,0.3109637591892619,-0.3400848572691363,2.984165693948192,2406.5,200.0,0.0,0.0,0.0,0.0,0.16,0.16,0.17,0.0,,,,,,,,,,
A,lognormal,5000.0,2.5,-1.0,200,1,equal,0.0,0.95,0.5,-0.5059374169457933,0.700891117754484,0.8884731955196588,0.0019304541362277093,41,center,200,200,-0.39508283622717255,-0.402306784068984,-0.3843283891548913,-0.3975532205303196,0.05514630437491859,1.0,0.0,1.0,벌어짐,0.275763380323205,0.6762459319591231,0.08195315850619994,0.5024860517424816,-0.2649949593711798,-0.0014576610315220062,-0.12931575476720836,11.244134336533993,113.0,200.0,0.8251846074335218,1.0,0.31672133048291606,-0.2821966286811307,2.9557529215946254,1492.5,200.0,0.43500000000000005,-0.13182648600171265,-0.12318499616779743,0.0,0.16,0.16,0.17,0.0,,,,,,,,,,
A,lognormal,5000.0,2.5,-1.0,200,1,equal,0.0,0.95,0.5,-0.5059374169457933,0.700891117754484,0.8884731955196588,0.0019304541362277093,41,f01,200,200,-0.3234535079917176,-0.3304624568285267,-0.31542424055457735,-0.32493049499857135,0.0537338585116261,1.0,0.0,1.0,벌어짐,0.3483064307507089,0.6762459319591231,0.1470992059419255,0.5024860517424816,-0.3134710037976244,0.0005576826776818034,-0.00854419649600563,18.760039933545364,194.0,200.0,0.6748018158149636,1.0,0.312300300983937,-0.334766039439096,3.0499827066869036,2266.5,200.0,0.030000000000000027,-0.009069665192323884,-0.008020328469189875,0.0,0.16,0.16,0.17,0.0,,,,,,,,,,
A,lognormal,5000.0,2.5,-1.0,200,1,equal,0.0,0.95,0.5,-0.5059374169457933,0.700891117754484,0.8884731955196588,0.0019304541362277093,41,f10,200,200,-0.3569149194951333,-0.3637136304569672,-0.3500706107562163,-0.36004474623608856,0.053778422386271535,1.0,0.0,1.0,벌어짐,0.3136151404469544,0.6762459319591231,0.11227835848334547,0.5024860517424816,-0.2815072908344646,-0.0009435815290779193,-0.07440810822062371,14.980651529206806,150.0,200.0,0.7383986897313146,1.0,0.3136066126312393,-0.30593113650547255,2.9829775499918387,1948.5,200.0,0.25,-0.07733699628129831,-0.07181118357306948,0.0,0.16,0.16,0.17,0.0,,,,,,,,,,
A,lognormal,5000.0,2.5,-1.0,200,1,equal,0.0,0.95,0.5,-0.5059374169457933,0.700891117754484,0.8884731955196588,0.0019304541362277093,41,f25,200,200,-0.3831665644509825,-0.39125494800970784,-0.374226937161722,-0.38538867366936613,0.05379584721514532,1.0,0.0,1.0,벌어짐,0.28837893409832493,0.6762459319591231,0.08939501728914376,0.5024860517424816,-0.2514174605642665,-0.0018617828141975212,-0.12988614828742243,12.641643128449175,117.0,200.0,0.7926108281717708,1.0,0.31271854877669425,-0.28531446950216677,2.830775553189889,1700.0,200.0,0.41500000000000004,-0.13182361146883637,-0.12652538189362283,0.0,0.16,0.16,0.17,0.0,,,,,,,,,,
A,lognormal,5000.0,2.5,-1.0,200,1,equal,0.0,0.95,0.5,-0.5059374169457933,0.700891117754484,0.8884731955196588,0.0019304541362277093,41,f50,200,200,-0.40757076011272686,-0.41461972489090504,-0.3988889921719268,-0.4099296016479319,0.054337345208594595,1.0,0.0,1.0,벌어짐,0.2625453119829161,0.6762459319591231,0.07014869490800171,0.5024860517424816,-0.2200558154855614,-0.0022077118662377493,-0.18492203487973927,10.626431497097924,89.0,200.0,0.8508266901976861,1.0,0.30750486818602035,-0.2637943682621997,2.6764636088582034,1436.5,200.0,0.5549999999999999,-0.1881469432512602,-0.1801415099016187,0.0,0.16,0.16,0.17,0.0,,,,,,,,,,
A,lognormal,5000.0,2.5,-1.0,200,1,equal,0.0,0.95,0.5,-0.5059374169457933,0.700891117754484,0.8884731955196588,0.0019304541362277093,41,rep_point,200,200,0.0070802388790452975,0.006254453797417514,0.007850503482483284,0.007705898204468509,0.005731743418947099,0.0,0.0,0.0,없음,0.6841392094372392,0.6762459319591231,0.5037690355329949,0.5024860517424816,-0.00023742686977012983,0.007008569703579215,0.0,189.20820425387666,200.0,200.0,0.12946421636778377,1.0,0.3160486628096101,-0.0042586003996749,0.23882339008896886,200.0,200.0,0.0,0.0,0.0,0.285,0.16,0.125,0.13,0.285,,,,,,,,,,
A,lognormal,5000.0,2.5,-1.0,200,1,equal,0.0,0.95,0.5,-0.5059374169457933,0.700891117754484,0.8884731955196588,0.0019304541362277093,41,soft,200,200,-0.39529928350457505,-0.4034068105470715,-0.38611643774022575,-0.39738271780735873,0.055180446999153934,1.0,0.0,1.0,벌어짐,0.276101232940279,0.6762459319591231,0.08161959509336238,0.5024860517424816,-0.395220478230647,-0.0006107497146120577,0.0,11.305450185431619,200.0,200.0,0.825331584895163,1.0,0.3138357758911212,-0.3108315271195091,4.08541580461222,2406.5,200.0,0.0,0.0,0.0,0.0,0.16,0.16,0.17,0.0,,,,,,,,,,
A,lognormal,5000.0,2.5,-0.5,30,1,equal,0.0,0.95,0.5,-0.3012665613194842,0.7260243075020016,0.8884731955196588,0.0019304541362277093,42,any,200,200,-0.12303905280245836,-0.14128460199333392,-0.10712167800633166,-0.1417213104255952,0.09696471895135685,0.61,0.0,0.61,벌어짐,0.6003473008351834,0.7166930615893927,0.32125178129453236,0.5104830852129612,-0.12485333380837865,0.00017860996823049202,0.0,6.664783908205672,30.0,30.0,0.5576679452440441,1.0,0.26046968272043597,-0.2727829636124335,1.8711785665278262,304.0,30.0,0.0,0.0,0.0,0.055,0.505,0.46,0.54,0.02,,,,,,,,,,
A,lognormal,5000.0,2.5,-0.5,30,1,equal,0.0,0.95,0.5,-0.3012665613194842,0.7260243075020016,0.8884731955196588,0.0019304541362277093,42,center,200,200,-0.16912483402590917,-0.18905544155146986,-0.14299097337364208,-0.18135550613468746,0.12350331781468775,0.705,0.0,0.705,벌어짐,0.5532260785906775,0.7166930615893927,0.2507379311926956,0.5104830852129612,-0.10257550795372886,-0.0003685506596020627,-0.06211976593889412,3.810222014279671,16.0,30.0,0.7390072881765742,1.0,0.2678398676639714,-0.21313952504567052,1.7707771650400497,169.0,30.0,0.4666666666666667,-0.07237931372066664,-0.0551054672638408,0.045,0.505,0.48,0.57,0.01,,,,,,,,,,
A,lognormal,5000.0,2.5,-0.5,30,1,equal,0.0,0.95,0.5,-0.3012665613194842,0.7260243075020016,0.8884731955196588,0.0019304541362277093,42,f01,200,200,-0.1310161896408059,-0.14342511412517456,-0.11376451200384208,-0.14636054695332434,0.09958213582822781,0.615,0.0,0.615,벌어짐,0.5949566043005865,0.7166930615893927,0.31418114143920595,0.5104830852129612,-0.12389192928573606,0.00031105561129018966,-0.0035815999324014802,6.295938238535474,29.0,30.0,0.5761744492562606,1.0,0.260811299005112,-0.25999934522107165,1.9091294016831855,283.0,30.0,0.033333333333333326,-0.006733284033543119,0.0,0.065,0.505,0.46,0.55,0.02,,,,,,,,,,
A,lognormal,5000.0,2.5,-0.5,30,1,equal,0.0,0.95,0.5,-0.3012665613194842,0.7260243075020016,0.8884731955196588,0.0019304541362277093,42,f10,200,200,-0.14763340962968757,-0.17177398872916594,-0.12770970732208176,-0.1644858559757177,0.1082540208602855,0.7,0.0,0.7,벌어짐,0.5688246074065209,0.7166930615893927,0.27800780078007803,0.5104830852129612,-0.10750844922343672,-0.00024164637892942764,-0.04209245656933058,4.946323324377831,22.0,30.0,0.6420581947124159,1.0,0.26365114801051037,-0.23288950085471657,1.7906845484054208,233.5,30.0,0.2666666666666667,-0.04662665722370418,-0.038345416942146104,0.045,0.505,0.48,0.575,0.0,,,,,,,,,,
A,lognormal,5000.0,2.5,-0.5,30,1,equal,0.0,0.95,0.5,-0.3012665613194842,0.7260243075020016,0.8884731955196588,0.0019304541362277093,42,f25,200,200,-0.1639800632616465,-0.18513933987592113,-0.13852336833641843,-0.1772617471656772,0.1166344131064126,0.725,0.0,0.725,벌어짐,0.562356306269789,0.7166930615893927,0.2585349969150614,0.5104830852129612,-0.10502134124474322,4.19858486701008e-05,-0.06750338025007996,4.200420356648429,17.0,30.0,0.6983574131406949,1.0,0.2641935079705596,-0.22416427359231111,1.704782407728218,193.5,30.0,0.43333333333333335,-0.07275005653634758,-0.05988441067868944,0.04,0.505,0.475,0.57,0.015,,,,,,,,,,
A,lognormal,5000.0,2.5,-0.5,30,1,equal,0.0,0.95,0.5,-0.3012665613194842,0.7260243075020016,0.8884731955196588,0.0019304541362277093,42,f50,200,200,-0.1801358723992333,-0.19615262216001061,-0.149604424487929,-0.18945029974183142,0.12889241611498972,0.715,0.0,0.715,벌어짐,0.5444196674585724,0.7166930615893927,0.2408012836584265,0.5104830852129612,-0.0866839909766452,-5.911487076482036e-05,-0.09385856636359602,3.4558919598262507,13.0,30.0,0.7822134387351779,1.0,0.26363109215494934,-0.20394470605482581,1.5404255976076837,161.0,30.0,0.5666666666666667,-0.10501515978094356,-0.08465794190804787,0.05,0.505,0.485,0.59,0.015,,,,,,,,,,
A,lognormal,5000.0,2.5,-0.5,30,1,equal,0.0,0.95,0.5,-0.3012665613194842,0.7260243075020016,0.8884731955196588,0.0019304541362277093,42,rep_point,200,200,-0.0011465207996306792,-0.0032299080365839616,-0.00042478255079370086,-0.0020956736474607497,0.01009268917444134,0.0,0.0,0.0,없음,0.7141326828454675,0.7166930615893927,0.5,0.5104830852129612,0.0,-0.0012662536971499994,0.0,30.0,30.0,30.0,0.1,1.0,0.2760537876956476,-0.00986408869326167,0.0,30.0,30.0,0.0,0.0,0.0,0.51,0.505,0.105,0.105,0.485,,,,,,,,,,
A,lognormal,5000.0,2.5,-0.5,30,1,equal,0.0,0.95,0.5,-0.3012665613194842,0.7260243075020016,0.8884731955196588,0.0019304541362277093,42,soft,200,200,-0.16571672588548714,-0.18872232904664615,-0.14422066131055322,-0.1816524339520479,0.12274056981382452,0.71,0.0,0.71,벌어짐,0.5549184672320835,0.7166930615893927,0.2523375443905804,0.5104830852129612,-0.1654440186916707,-0.0004317981390485892,0.0,3.8402915691540724,30.0,30.0,0.7379477785567443,1.0,0.2643765105753242,-0.25023997718849533,2.6099683466005414,304.0,30.0,0.0,0.0,0.0,0.04,0.505,0.485,0.57,0.015,,,,,,,,,,
A,lognormal,5000.0,2.5,-0.5,200,1,equal,0.0,0.95,0.5,-0.3012665613194842,0.7260243075020016,0.8884731955196588,0.0019304541362277093,43,any,200,200,-0.1694316149436838,-0.17615265776322275,-0.15977049272876476,-0.1728712226192758,0.049894684005828034,0.945,0.0,0.945,벌어짐,0.5387951776896592,0.7096871141869352,0.2799691952252599,0.5094616976585956,-0.17062184267083957,0.000836107557288801,0.0,19.363089111283045,200.0,200.0,0.6613991496501332,1.0,0.26824745698762253,-0.20618743168127615,3.054333166568234,2447.0,200.0,0.0,0.0,0.0,0.0,0.575,0.575,0.705,0.0,,,,,,,,,,
A,lognormal,5000.0,2.5,-0.5,200,1,equal,0.0,0.95,0.5,-0.3012665613194842,0.7260243075020016,0.8884731955196588,0.0019304541362277093,43,center,200,200,-0.22131178502784168,-0.22790493495413472,-0.21062070583311815,-0.22311146912916097,0.0616134964959966,0.99,0.0,0.99,벌어짐,0.4873496280041306,0.7096871141869352,0.22121358541257585,0.5094616976585956,-0.14678311957603152,-0.0032350506540485546,-0.066619726716237,10.7004770292955,113.0,200.0,0.827452041719289,1.0,0.2796034028425609,-0.1744861545422733,3.0898057866562647,1524.0,200.0,0.43500000000000005,-0.07021846768174622,-0.06222873248530014,0.0,0.575,0.575,0.705,0.0,,,,,,,,,,
A,lognormal,5000.0,2.5,-0.5,200,1,equal,0.0,0.95,0.5,-0.3012665613194842,0.7260243075020016,0.8884731955196588,0.0019304541362277093,43,f01,200,200,-0.17681055037567966,-0.1831861516476031,-0.1654575812782435,-0.1796144274989656,0.05105236708167096,0.95,0.0,0.95,벌어짐,0.5321618921039315,0.7096871141869352,0.2732316545297143,0.5094616976585956,-0.16955697259173463,-0.00011128323542475282,-0.0052183878020498065,18.19954243995545,194.0,200.0,0.6799409629694816,1.0,0.26874952821166476,-0.20189590122798184,3.1056890971283675,2310.0,200.0,0.030000000000000027,-0.005758875289954668,-0.004652872075829317,0.0,0.575,0.575,0.705,0.0,,,,,,,,,,
A,lognormal,5000.0,2.5,-0.5,200,1,equal,0.0,0.95,0.5,-0.3012665613194842,0.7260243075020016,0.8884731955196588,0.0019304541362277093,43,f10,200,200,-0.19662681876227311,-0.20428397199008874,-0.18613902398885396,-0.19999762662813175,0.05427099047881034,0.985,0.0,0.985,벌어짐,0.5109425572277377,0.7096871141869352,0.24776668745415736,0.5094616976585956,-0.14957369401297227,-0.0018101967701895094,-0.04212031586271664,14.771020158288891,150.0,200.0,0.7404220839637965,1.0,0.2738758026897053,-0.18242238695739058,3.023743685189344,1989.5,200.0,0.25,-0.04383335487874196,-0.03964755471553427,0.0,0.575,0.575,0.705,0.0,,,,,,,,,,
A,lognormal,5000.0,2.5,-0.5,200,1,equal,0.0,0.95,0.5,-0.3012665613194842,0.7260243075020016,0.8884731955196588,0.0019304541362277093,43,f25,200,200,-0.21021938358473943,-0.2174693645648491,-0.20287820076352758,-0.21475464072839412,0.057740836879024635,0.99,0.0,0.99,벌어짐,0.4986144705494018,0.7096871141869352,0.23262273249898668,0.5094616976585956,-0.1375818537306412,-0.0030920438929596394,-0.0685626900166399,12.437715306485497,118.0,200.0,0.7910272269306045,1.0,0.2761417311494532,-0.17130238209599585,2.9216931144840315,1739.5,200.0,0.41000000000000003,-0.07073244792268407,-0.0653904656641846,0.0,0.575,0.575,0.705,0.0,,,,,,,,,,
A,lognormal,5000.0,2.5,-0.5,200,1,equal,0.0,0.95,0.5,-0.3012665613194842,0.7260243075020016,0.8884731955196588,0.0019304541362277093,43,f50,200,200,-0.22683812371769607,-0.23491314227037935,-0.21948775988441643,-0.22952823013774853,0.06248832151197853,0.99,0.0,0.99,벌어짐,0.4786620438490665,0.7096871141869352,0.21523486694208066,0.5094616976585956,-0.1260628172589992,-0.0035825751647784454,-0.09521088539470196,9.944085134844045,89.0,200.0,0.850449128370609,1.0,0.27728616538789097,-0.16636847584675743,2.8152107790741123,1480.5,200.0,0.5549999999999999,-0.10083716621588101,-0.09131657900957768,0.0,0.575,0.575,0.705,0.0,,,,,,,,,,
A,lognormal,5000.0,2.5,-0.5,200,1,equal,0.0,0.95,0.5,-0.3012665613194842,0.7260243075020016,0.8884731955196588,0.0019304541362277093,43,rep_point,200,200,-0.0007581144239835469,-0.0016816471785852105,0.0002558211119979559,-0.0006684331254080888,0.004505978144982976,0.0,0.0,0.0,없음,0.7098198492462312,0.7096871141869352,0.51,0.5094616976585956,-0.00012269644380630274,-0.0007374635446018019,0.0,189.06068061285978,200.0,200.0,0.1297876735771895,1.0,0.28137941921367393,-0.0022531609942305396,0.24054309923746994,200.0,200.0,0.0,0.0,0.0,0.57,0.575,0.075,0.065,0.57,,,,,,,,,,
A,lognormal,5000.0,2.5,-0.5,200,1,equal,0.0,0.95,0.5,-0.3012665613194842,0.7260243075020016,0.8884731955196588,0.0019304541362277093,43,soft,200,200,-0.22107537243384243,-0.22654323191758963,-0.21187796793756097,-0.22283776218443854,0.06123021246661664,0.99,0.0,0.99,벌어짐,0.4864163950951155,0.7096871141869352,0.22396801074329561,0.5094616976585956,-0.2188866926338844,-0.002783127329832047,0.0,10.750356933583097,200.0,200.0,0.8261344495164977,1.0,0.27219648946610703,-0.1890992935101669,4.195720839669392,2447.0,200.0,0.0,0.0,0.0,0.0,0.575,0.575,0.705,0.0,,,,,,,,,,
A,lognormal,5000.0,2.5,0.0,30,1,equal,0.0,0.95,0.5,0.0,0.7367420049605218,0.8884731955196588,0.0019304541362277093,44,any,200,200,0.0020355513912559964,-0.00840939199239954,0.014235503643172165,-0.003015404221517407,0.06879451992334217,0.145,0.05,0.095,가끔,0.7382811725181889,0.734065627693608,0.5232501692663423,0.5305801616095067,0.002453831055951372,-0.0002257080096745856,0.0,6.768394247845539,30.0,30.0,0.561786941580756,1.0,0.24375013928019376,0.004452819995013252,1.8526649529322967,324.5,30.0,0.0,0.0,0.0,0.555,0.615,0.42,0.295,0.05,,,,,,,,,,
A,lognormal,5000.0,2.5,0.0,30,1,equal,0.0,0.95,0.5,0.0,0.7367420049605218,0.8884731955196588,0.0019304541362277093,44,center,200,200,0.007346241382302943,-0.011725086664847617,0.020215731169225704,-0.003341887900035016,0.09679353451078165,0.31,0.135,0.175,가끔,0.7448918672906395,0.734065627693608,0.518857955700061,0.5305801616095067,0.002537456430067364,-0.001068531697627606,0.0006433122202258446,3.8014311622020234,17.0,30.0,0.7454537350965598,1.0,0.23578390506954777,0.006018968088575315,1.809457496739613,185.5,30.0,0.43333333333333335,-0.004179360824406286,0.009727291016978001,0.54,0.615,0.445,0.325,0.035,,,,,,,,,,
A,lognormal,5000.0,2.5,0.0,30,1,equal,0.0,0.95,0.5,0.0,0.7367420049605218,0.8884731955196588,0.0019304541362277093,44,f01,200,200,0.00386739853758139,-0.008341147862771847,0.014648324335236218,-0.0028924239992840313,0.07169247085177556,0.16,0.055,0.105,가끔,0.7392742107587962,0.734065627693608,0.5265188976248166,0.5305801616095067,0.00027360726697434057,-0.00018125190501588895,0.0,6.322426130583086,29.0,30.0,0.5777956192751919,1.0,0.2435561589319286,0.0008207849555514079,1.902355885969019,306.5,30.0,0.033333333333333326,0.0,0.0,0.54,0.615,0.405,0.3,0.025,,,,,,,,,,
A,lognormal,5000.0,2.5,0.0,30,1,equal,0.0,0.95,0.5,0.0,0.7367420049605218,0.8884731955196588,0.0019304541362277093,44,f10,200,200,0.002323246509868482,-0.010434368613803091,0.015558020921073279,-0.0038410731066291846,0.08270259005843869,0.185,0.065,0.12,가끔,0.7442897597952969,0.734065627693608,0.5247913598429063,0.5305801616095067,0.003443994014032503,-0.0005279431192050654,-0.002275553596125357,5.180723672072432,22.0,30.0,0.6428571428571429,1.0,0.23774164749291266,0.008806917445799697,1.8485159403120712,256.0,30.0,0.2666666666666667,-0.006213548747002862,0.002015929362797264,0.535,0.615,0.42,0.325,0.0,,,,,,,,,,
A,lognormal,5000.0,2.5,0.0,30,1,equal,0.0,0.95,0.5,0.0,0.7367420049605218,0.8884731955196588,0.0019304541362277093,44,f25,200,200,0.004628547046108267,-0.011139051946137402,0.015335116924000913,-0.004188467151987243,0.09096261345427634,0.25,0.105,0.145,가끔,0.7461481850944847,0.734065627693608,0.5207296137339056,0.5305801616095067,0.004129868922273294,-0.0008406480002773331,0.00018286099864672778,4.341775787177624,17.0,30.0,0.7144236542086274,1.0,0.23747183590705084,0.009434499749492913,1.7261369329586196,217.0,30.0,0.43333333333333335,-0.008225253435012458,0.006406739346769497,0.51,0.615,0.425,0.315,0.025,,,,,,,,,,
A,lognormal,5000.0,2.5,0.0,30,1,equal,0.0,0.95,0.5,0.0,0.7367420049605218,0.8884731955196588,0.0019304541362277093,44,f50,200,200,0.007191049748723699,-0.011649684465367738,0.021870484870675222,-0.0036682525861922253,0.1020480815030296,0.32,0.135,0.185,가끔,0.7452838013147507,0.734065627693608,0.523603050344176,0.5305801616095067,-0.002536348130887156,-0.0009174865149987887,0.0007288721829414313,3.498299049845474,13.0,30.0,0.7800015868607926,1.0,0.22643783170063225,-0.005952992739658838,1.6405161334000635,176.0,30.0,0.5666666666666667,-0.007948373321327695,0.01234441104273809,0.54,0.615,0.455,0.35,0.045,,,,,,,,,,
A,lognormal,5000.0,2.5,0.0,30,1,equal,0.0,0.95,0.5,0.0,0.7367420049605218,0.8884731955196588,0.0019304541362277093,44,rep_point,200,200,-0.0016186974599525228,-0.0030489617008242487,-0.00023017709752704008,-0.0014506963953244052,0.010128675376159897,0.0,0.0,0.0,없음,0.7310774747727462,0.734065627693608,0.5333333333333333,0.5305801616095067,0.0,-0.0014627069656407143,0.0,30.0,30.0,30.0,0.1,1.0,0.25888366336775254,-0.002967304672878297,0.0,30.0,30.0,0.0,0.0,0.0,0.685,0.615,0.1,0.05,0.41,,,,,,,,,,
A,lognormal,5000.0,2.5,0.0,30,1,equal,0.0,0.95,0.5,0.0,0.7367420049605218,0.8884731955196588,0.0019304541362277093,44,soft,200,200,0.007760209650923167,-0.011742573404130874,0.01985791127011982,-0.0038087525632490315,0.09671176013079212,0.295,0.13,0.165,가끔,0.7427877257046271,0.734065627693608,0.5256852869423128,0.5305801616095067,0.008512570977815492,-0.0007988743225693651,0.0,3.851654858162045,30.0,30.0,0.7428881729652544,1.0,0.247329410767833,0.015624300621618977,2.6055578034304494,324.5,30.0,0.0,0.0,0.0,0.535,0.615,0.45,0.34,0.04,,,,,,,,,,
A,lognormal,5000.0,2.5,0.0,200,1,equal,0.0,0.95,0.5,0.0,0.7367420049605218,0.8884731955196588,0.0019304541362277093,45,any,200,200,0.00039652449830734904,-0.0047436622438221665,0.007773781318478612,-0.0019931905929539105,0.03310289196978709,0.01,0.0,0.01,없음,0.7355022894190287,0.7363736087319573,0.508792285176219,0.51390909420668,0.0009027693622765121,-0.00031938908983203396,0.0,21.121255819581265,200.0,200.0,0.648626103579048,1.0,0.2470942961642152,0.0012172160995804712,2.9102054401202255,2422.5,200.0,0.0,0.0,0.0,0.57,0.66,0.42,0.185,0.045,,,,,,,,,,
A,lognormal,5000.0,2.5,0.0,200,1,equal,0.0,0.95,0.5,0.0,0.7367420049605218,0.8884731955196588,0.0019304541362277093,45,center,200,200,-0.001425551620850618,-0.013484312172761803,0.005580003373871878,-0.008748851056012957,0.04602665717092227,0.03,0.005,0.025,없음,0.7336758823245939,0.7363736087319573,0.5126024728575796,0.51390909420668,0.0018621996392233497,-0.005607369748167501,-0.0005145634356256146,11.598226538264758,114.0,200.0,0.819394689078573,1.0,0.24611595917424378,0.0023185285768586557,2.9414748181311747,1508.5,200.0,0.43000000000000005,-0.00418666935604417,0.0037669425037893944,0.54,0.66,0.47,0.285,0.025,,,,,,,,,,
A,lognormal,5000.0,2.5,0.0,200,1,equal,0.0,0.95,0.5,0.0,0.7367420049605218,0.8884731955196588,0.0019304541362277093,45,f01,200,200,0.0002020138378744929,-0.0062450715968906945,0.0073296589844167315,-0.002919252621822109,0.03455832728505589,0.01,0.0,0.01,없음,0.7354656314933032,0.7363736087319573,0.508440098665045,0.51390909420668,0.0007141251307924423,-0.0008351835199004176,-0.000526195173969235,19.581798118308367,194.0,200.0,0.6703567767753373,1.0,0.247780120418567,0.0010442747454668568,2.980125009724378,2283.5,200.0,0.030000000000000027,-0.0011543130631678222,0.0002712206151292973,0.57,0.66,0.43,0.195,0.035,,,,,,,,,,
A,lognormal,5000.0,2.5,0.0,200,1,equal,0.0,0.95,0.5,0.0,0.7367420049605218,0.8884731955196588,0.0019304541362277093,45,f10,200,200,-0.0004633546886480544,-0.009179569981112468,0.006330218327599724,-0.005162377783020786,0.038741528084285194,0.02,0.0,0.02,없음,0.7357726484568281,0.7363736087319573,0.5115404995354678,0.51390909420668,0.005008162884354628,-0.0026731648051991908,-0.0006885081465717868,15.936678129106923,149.0,200.0,0.7355512022221236,1.0,0.2465717349355961,0.006935674550104116,2.9004993482633603,1960.5,200.0,0.255,-0.0019501324029103095,0.0015639514555392253,0.565,0.66,0.455,0.235,0.0,,,,,,,,,,
A,lognormal,5000.0,2.5,0.0,200,1,equal,0.0,0.95,0.5,0.0,0.7367420049605218,0.8884731955196588,0.0019304541362277093,45,f25,200,200,-0.0030521127502391443,-0.00974695781707724,0.0055740688658355575,-0.0071771821345185845,0.04276935257892544,0.025,0.005,0.02,없음,0.7354927644590276,0.7363736087319573,0.5120221319197004,0.51390909420668,0.003938066860342204,-0.004195483747324591,0.00018532682471178452,13.237031507141303,118.0,200.0,0.787373666216719,1.0,0.2445299005739759,0.005382713153057203,2.7875543401369227,1719.0,200.0,0.41000000000000003,-0.0018404678140705455,0.0026078381275524976,0.56,0.66,0.46,0.28,0.005,,,,,,,,,,
A,lognormal,5000.0,2.5,0.0,200,1,equal,0.0,0.95,0.5,0.0,0.7367420049605218,0.8884731955196588,0.0019304541362277093,45,f50,200,200,-0.0019691498854376155,-0.014393274241346177,0.005385149151562296,-0.009205698180932746,0.04753975646570969,0.04,0.005,0.035,없음,0.7326735051521058,0.7363736087319573,0.5119401296058764,0.51390909420668,0.0007443035993889846,-0.005868923262401238,0.0014925065439496676,10.976477421343933,90.0,200.0,0.8412277567530719,1.0,0.24322134037335408,0.0012227388636246556,2.6529416970071473,1455.5,200.0,0.55,-0.004862952460974568,0.003942705808471891,0.535,0.66,0.485,0.295,0.03,,,,,,,,,,
A,lognormal,5000.0,2.5,0.0,200,1,equal,0.0,0.95,0.5,0.0,0.7367420049605218,0.8884731955196588,0.0019304541362277093,45,rep_point,200,200,-0.012622722246262819,-0.013426906646418879,-0.011683227853224953,-0.013281927177080419,0.005504687391228741,0.0,0.0,0.0,없음,0.7245135678391961,0.7363736087319573,0.5125628140703518,0.51390909420668,9.946950860106885e-05,-0.013101773693817265,0.0,189.73414933922257,200.0,200.0,0.12850613627106094,1.0,0.26209362324187324,0.0014464360697945178,0.2326079723753549,200.0,200.0,0.0,0.0,0.0,0.635,0.66,0.075,0.1,0.46,,,,,,,,,,
A,lognormal,5000.0,2.5,0.0,200,1,equal,0.0,0.95,0.5,0.0,0.7367420049605218,0.8884731955196588,0.0019304541362277093,45,soft,200,200,-0.002712510978615079,-0.013509851196369604,0.005868881440263762,-0.008632265243923137,0.04581803057544606,0.03,0.005,0.025,없음,0.7334534774169412,0.7363736087319573,0.5124948228194615,0.51390909420668,0.002607417660259126,-0.005496928183268357,0.0,11.555177947665804,200.0,200.0,0.8175378791135008,1.0,0.2509612309120723,0.003204041526798156,4.038411042983472,2422.5,200.0,0.0,0.0,0.0,0.56,0.66,0.46,0.29,0.015,,,,,,,,,,
A,lognormal,5000.0,2.5,0.5,30,1,equal,0.0,0.95,0.5,0.19192393908510486,0.7260243075020016,0.8884731955196588,0.0019304541362277093,46,any,200,200,0.10342343418119215,0.0955830002456034,0.11267996880157671,0.10573015511268188,0.05501944977705649,0.52,0.52,0.0,벌어짐,0.8492657445023426,0.7413658958937501,0.7347265523013837,0.5484287135549504,0.10430932197816606,-3.893248244646319e-05,0.0,6.867371772617527,30.0,30.0,0.5529280845736542,1.0,0.25674108022567615,0.21003808258695073,1.8353429536557746,317.0,30.0,0.0,0.0,0.0,0.96,0.655,0.305,0.245,0.015,,,,,,,,,,
A,lognormal,5000.0,2.5,0.5,30,1,equal,0.0,0.95,0.5,0.19192393908510486,0.7260243075020016,0.8884731955196588,0.0019304541362277093,46,center,200,200,0.13704708478016286,0.11908978741638387,0.1493372405836697,0.1314255721711831,0.0701969317455696,0.72,0.72,0.0,벌어짐,0.8873075548180983,0.7413658958937501,0.8071858864027539,0.5484287135549504,0.05893855022576383,-0.0007574277318277423,0.06675724225178487,3.741217572557363,17.0,30.0,0.7373390074120001,1.0,0.22143006855839265,0.18399865728229486,1.7740279865668112,175.5,30.0,0.43333333333333335,0.053325437034319134,0.07237532814200887,0.945,0.655,0.31,0.25,0.03,,,,,,,,,,
A,lognormal,5000.0,2.5,0.5,30,1,equal,0.0,0.95,0.5,0.19192393908510486,0.7260243075020016,0.8884731955196588,0.0019304541362277093,46,f01,200,200,0.1089609442947354,0.09950055836225269,0.11772030749326001,0.11033611531127653,0.05622743083945734,0.57,0.57,0.0,벌어짐,0.8554297995048796,0.7413658958937501,0.7449245821443131,0.5484287135549504,0.09985808213097663,-0.00045554752423943023,0.0,6.429533630656019,29.0,30.0,0.5708936727667828,1.0,0.2536691290954806,0.20646055834950816,1.898207664013865,295.0,30.0,0.033333333333333326,0.0,0.00225299905450016,0.97,0.655,0.315,0.25,0.005,,,,,,,,,,
A,lognormal,5000.0,2.5,0.5,30,1,equal,0.0,0.95,0.5,0.19192393908510486,0.7260243075020016,0.8884731955196588,0.0019304541362277093,46,f10,200,200,0.12348915875517136,0.11185205723695024,0.1359966385151926,0.12328944438612424,0.06093417402306294,0.675,0.675,0.0,벌어짐,0.8712269245880455,0.7413658958937501,0.7752723311546841,0.5484287135549504,0.0735961462615104,-0.0005468209763848653,0.04448797810353522,5.17252943767389,22.0,30.0,0.6421385796179707,1.0,0.2286364159446307,0.18646004890406526,1.7995371408129959,245.5,30.0,0.2666666666666667,0.038567126002500896,0.05203130021063607,0.975,0.655,0.32,0.255,0.0,,,,,,,,,,
A,lognormal,5000.0,2.5,0.5,30,1,equal,0.0,0.95,0.5,0.19192393908510486,0.7260243075020016,0.8884731955196588,0.0019304541362277093,46,f25,200,200,0.1327396753673062,0.11560643504068058,0.1457292182147074,0.12978907503487203,0.06646191059958031,0.7,0.7,0.0,벌어짐,0.8822287048705638,0.7413658958937501,0.7961073318216175,0.5484287135549504,0.06442131600017842,-0.00021295153233430453,0.06564962521092893,4.222268189304265,17.0,30.0,0.7025624240157112,1.0,0.215411223796865,0.1847078753073977,1.691152718226294,205.0,30.0,0.43333333333333335,0.059498769126259066,0.07383483308927652,0.965,0.655,0.33,0.255,0.01,,,,,,,,,,
A,lognormal,5000.0,2.5,0.5,30,1,equal,0.0,0.95,0.5,0.19192393908510486,0.7260243075020016,0.8884731955196588,0.0019304541362277093,46,f50,200,200,0.1414447954259993,0.12461572799015941,0.1531587126645284,0.13680563964462117,0.07255533256150323,0.765,0.76,0.005,벌어짐,0.8925377564524271,0.7413658958937501,0.8137585509201272,0.5484287135549504,0.048472486047181684,-0.0005430847569658503,0.0893059683924054,3.391413156591936,13.0,30.0,0.7902242973593181,1.0,0.18956129566948357,0.1707093254023777,1.595884772432468,167.0,30.0,0.5666666666666667,0.08069874367148522,0.09968471246477861,0.95,0.655,0.315,0.255,0.025,,,,,,,,,,
A,lognormal,5000.0,2.5,0.5,30,1,equal,0.0,0.95,0.5,0.19192393908510486,0.7260243075020016,0.8884731955196588,0.0019304541362277093,46,rep_point,200,200,-0.002101419888927536,-0.004015157715242634,-0.001330367621029449,-0.003825657308861691,0.00805520862005002,0.0,0.0,0.0,없음,0.7373359186056208,0.7413658958937501,0.5666666666666667,0.5484287135549504,0.0,-0.0025359787146825297,0.0,30.0,30.0,30.0,0.1,1.0,0.2665830656616767,0.00331109507967214,0.0,30.0,30.0,0.0,0.0,0.0,0.645,0.655,0.05,0.035,0.33,,,,,,,,,,
A,lognormal,5000.0,2.5,0.5,30,1,equal,0.0,0.95,0.5,0.19192393908510486,0.7260243075020016,0.8884731955196588,0.0019304541362277093,46,soft,200,200,0.13665715591787025,0.11971742337919067,0.14643714036250766,0.13177477596129908,0.0688489592628923,0.725,0.72,0.005,벌어짐,0.8852843239283383,0.7413658958937501,0.804225488297325,0.5484287135549504,0.13770094596508048,-0.0011254296110067563,0.0,3.7686133003753914,30.0,30.0,0.7409739173973386,1.0,0.2596488238535142,0.19355879927234693,2.638319760378131,317.0,30.0,0.0,0.0,0.0,0.955,0.655,0.32,0.26,0.02,,,,,,,,,,
A,lognormal,5000.0,2.5,0.5,200,1,equal,0.0,0.95,0.5,0.19192393908510486,0.7260243075020016,0.8884731955196588,0.0019304541362277093,47,any,200,200,0.12346362494412655,0.11793682270844308,0.12714783799033924,0.12330316649328055,0.022584998023264944,0.85,0.85,0.0,벌어짐,0.8637598572184003,0.7406873378220018,0.7377303520160663,0.5100827622759758,0.12463644923660205,-0.0005696839421458488,0.0,21.088539409039534,200.0,200.0,0.6653762848312655,1.0,0.26359978688646946,0.16373841613259185,2.9127347776636174,2375.0,200.0,0.0,0.0,0.0,1.0,0.64,0.36,0.015,0.0,,,,,,,,,,
A,lognormal,5000.0,2.5,0.5,200,1,equal,0.0,0.95,0.5,0.19192393908510486,0.7260243075020016,0.8884731955196588,0.0019304541362277093,47,center,200,200,0.1472844688877309,0.1422087695659181,0.15084449627839025,0.14673911246673463,0.027387805075167686,0.97,0.97,0.0,벌어짐,0.8908319767429802,0.7406873378220018,0.7952800347695412,0.5100827622759758,0.08782628493490091,-0.007119293843897256,0.06597544894088947,11.498614732120489,112.5,200.0,0.8284187745343013,1.0,0.2244412016712558,0.13136281695570162,2.9392742698669903,1478.0,200.0,0.4375,0.06309866896607474,0.06964479909015531,1.0,0.64,0.36,0.015,0.0,,,,,,,,,,
A,lognormal,5000.0,2.5,0.5,200,1,equal,0.0,0.95,0.5,0.19192393908510486,0.7260243075020016,0.8884731955196588,0.0019304541362277093,47,f01,200,200,0.12753595870143192,0.12205201952720446,0.13101847962347823,0.12675207919742154,0.023261939379656062,0.875,0.875,0.0,벌어짐,0.8679624680725984,0.7406873378220018,0.744843078825673,0.5100827622759758,0.12049191722525099,-0.0015395292492820234,0.006232037681660474,19.680236005375924,194.0,200.0,0.6860977109067598,1.0,0.2580739973902585,0.1586592801161935,2.9876934653398592,2247.0,200.0,0.030000000000000027,0.005536679445914294,0.00688429607352381,1.0,0.64,0.36,0.015,0.0,,,,,,,,,,
A,lognormal,5000.0,2.5,0.5,200,1,equal,0.0,0.95,0.5,0.19192393908510486,0.7260243075020016,0.8884731955196588,0.0019304541362277093,47,f10,200,200,0.13798042949992473,0.13419461070557792,0.14111167617809361,0.1381178604976921,0.02462503909021389,0.945,0.945,0.0,벌어짐,0.8809019327871646,0.7406873378220018,0.7705454349828857,0.5100827622759758,0.09426527433954557,-0.003331255622025686,0.044407727045064016,15.851570771010584,148.5,200.0,0.745269146546119,1.0,0.23468982854436454,0.1383389901317572,2.902724037448083,1916.5,200.0,0.2575,0.04184298294137223,0.04670547600564423,1.0,0.64,0.36,0.015,0.0,,,,,,,,,,
A,lognormal,5000.0,2.5,0.5,200,1,equal,0.0,0.95,0.5,0.19192393908510486,0.7260243075020016,0.8884731955196588,0.0019304541362277093,47,f25,200,200,0.14471315461823203,0.14016412969529746,0.14899224610539175,0.1448302926669929,0.026098361930934493,0.965,0.965,0.0,벌어짐,0.8883649793243111,0.7406873378220018,0.7872757951320644,0.5100827622759758,0.08334484663241515,-0.004771952503334398,0.0662541551522679,13.00585022049779,117.5,200.0,0.7974323665251101,1.0,0.2176980596193476,0.13373400538683136,2.798239532819955,1672.0,200.0,0.41250000000000003,0.0648159907358925,0.07010173368040407,1.0,0.64,0.36,0.015,0.0,,,,,,,,,,
A,lognormal,5000.0,2.5,0.5,200,1,equal,0.0,0.95,0.5,0.19192393908510486,0.7260243075020016,0.8884731955196588,0.0019304541362277093,47,f50,200,200,0.1508784634945199,0.14490480255333238,0.15614574437501805,0.1507337769055662,0.027858073956974354,0.98,0.98,0.0,벌어짐,0.8944711091344069,0.7406873378220018,0.8033626357603904,0.5100827622759758,0.06838871298206844,-0.0073117638090308135,0.08920850064066782,10.94601975165456,88.0,200.0,0.8523039519520451,1.0,0.2041325074428459,0.12427657299092232,2.6984797443726176,1433.0,200.0,0.56,0.08492406266966135,0.0931386502384215,1.0,0.64,0.36,0.015,0.0,,,,,,,,,,
A,lognormal,5000.0,2.5,0.5,200,1,equal,0.0,0.95,0.5,0.19192393908510486,0.7260243075020016,0.8884731955196588,0.0019304541362277093,47,rep_point,200,200,-0.023495721478108467,-0.024802469332329324,-0.02241915257995597,-0.02438148797050485,0.0081971827488161,0.0,0.0,0.0,없음,0.7159291457286432,0.7406873378220018,0.5125628140703518,0.5100827622759758,0.00012989841659133416,-0.0231608482492347,0.0,188.96292930928263,200.0,200.0,0.13014482379363568,1.0,0.26775756874345535,0.0018230259148076557,0.24167881430456833,200.0,200.0,0.0,0.0,0.0,0.64,0.64,0.07,0.2,0.36,,,,,,,,,,
A,lognormal,5000.0,2.5,0.5,200,1,equal,0.0,0.95,0.5,0.19192393908510486,0.7260243075020016,0.8884731955196588,0.0019304541362277093,47,soft,200,200,0.1465043547975331,0.14175243188981768,0.15078832363787975,0.14677021694006595,0.027211906798566915,0.97,0.97,0.0,벌어짐,0.8906559463368825,0.7406873378220018,0.7967945989438805,0.5100827622759758,0.15455229968864975,-0.007698882891380321,0.0,11.524428388382434,200.0,200.0,0.8287240027424991,1.0,0.2654439946779813,0.14836936320219907,4.044120337715251,2375.0,200.0,0.0,0.0,0.0,1.0,0.64,0.36,0.015,0.0,,,,,,,,,,
A,lognormal,5000.0,2.5,1.0,30,1,equal,0.0,0.95,0.5,0.27128063483005005,0.700891117754484,0.8884731955196588,0.0019304541362277093,48,any,200,200,0.17485260141434744,0.1617468775477896,0.18466570069323274,0.17639489739676548,0.05636358109048775,0.925,0.925,0.0,벌어짐,0.9038317957836508,0.7231316336000426,0.849444949954504,0.5476640851725307,0.17528950856106257,-0.00031350408313091105,0.0,6.867397826452777,30.0,30.0,0.5626385099015914,1.0,0.2920027303729722,0.3072766080129913,1.8353441302743865,314.0,30.0,0.0,0.0,0.0,1.0,0.61,0.39,0.315,0.0,,,,,,,,,,
A,lognormal,5000.0,2.5,1.0,30,1,equal,0.0,0.95,0.5,0.27128063483005005,0.700891117754484,0.8884731955196588,0.0019304541362277093,48,center,200,200,0.22304505317088708,0.21148246687512073,0.22877946944477423,0.2181158678630276,0.06274607238019082,0.975,0.975,0.0,벌어짐,0.9519405963456581,0.7231316336000426,0.9296699899528558,0.5476640851725307,0.09566849738371969,-0.0012656100479319643,0.1224398282702499,3.9016481579560978,17.0,30.0,0.7378483267591297,1.0,0.19995532850583558,0.2473565512068146,1.772313106664247,173.5,30.0,0.43333333333333335,0.11237663248904906,0.13273741601490807,0.995,0.61,0.385,0.31,0.005,,,,,,,,,,
A,lognormal,5000.0,2.5,1.0,30,1,equal,0.0,0.95,0.5,0.27128063483005005,0.700891117754484,0.8884731955196588,0.0019304541362277093,48,f01,200,200,0.1804503757210183,0.16723786125895046,0.19481923394918743,0.1826069062108013,0.05713483863661288,0.94,0.94,0.0,벌어짐,0.9099141390826048,0.7231316336000426,0.8584538152610441,0.5476640851725307,0.17282171120113587,-0.0005469848239892383,0.0,6.377243834767018,29.0,30.0,0.5809592762132416,1.0,0.2844812823437155,0.302314401026473,1.863042966254047,296.0,30.0,0.033333333333333326,0.0,0.006317316351340252,1.0,0.61,0.39,0.315,0.0,,,,,,,,,,
A,lognormal,5000.0,2.5,1.0,30,1,equal,0.0,0.95,0.5,0.27128063483005005,0.700891117754484,0.8884731955196588,0.0019304541362277093,48,f10,200,200,0.20263437345245283,0.19383865072027817,0.2142784001313518,0.2043842357099611,0.05938316815206817,0.96,0.96,0.0,벌어짐,0.9333751859536541,0.7231316336000426,0.8982634859230604,0.5476640851725307,0.11308373338914762,-0.0004237975909561209,0.0850035516185611,5.086653176623468,22.0,30.0,0.6428379340346437,1.0,0.23038442945818816,0.2579117447627923,1.7655204967846552,243.5,30.0,0.2666666666666667,0.07618020134643133,0.09314619244115896,1.0,0.61,0.39,0.315,0.0,,,,,,,,,,
A,lognormal,5000.0,2.5,1.0,30,1,equal,0.0,0.95,0.5,0.27128063483005005,0.700891117754484,0.8884731955196588,0.0019304541362277093,48,f25,200,200,0.21783510402916845,0.20719439113495464,0.22680315133326134,0.21626608366778718,0.06080415917042484,0.975,0.975,0.0,벌어짐,0.9484647696481319,0.7231316336000426,0.9218695652173914,0.5476640851725307,0.08832318461562211,-0.0007983977956428912,0.12727027321416512,4.3905396098271074,17.0,30.0,0.6991411276265331,1.0,0.19760204397257602,0.25517381326062705,1.6971510933381948,206.5,30.0,0.43333333333333335,0.11953444257888324,0.13430965803033423,1.0,0.61,0.39,0.315,0.0,,,,,,,,,,
A,lognormal,5000.0,2.5,1.0,30,1,equal,0.0,0.95,0.5,0.27128063483005005,0.700891117754484,0.8884731955196588,0.0019304541362277093,48,f50,200,200,0.22958421300263104,0.2198215311228312,0.23621412846201295,0.22559499206652484,0.06296755718505775,0.975,0.975,0.0,벌어짐,0.9609909514435537,0.7231316336000426,0.9502250562640661,0.5476640851725307,0.06327932470184927,-0.001561650260666736,0.15793569364212323,3.456575161206759,13.0,30.0,0.7773351040283312,1.0,0.15211352693504573,0.25986236205717916,1.6391917545285606,165.0,30.0,0.5666666666666667,0.14555498483746065,0.1671668345263978,0.995,0.61,0.395,0.315,0.005,,,,,,,,,,
A,lognormal,5000.0,2.5,1.0,30,1,equal,0.0,0.95,0.5,0.27128063483005005,0.700891117754484,0.8884731955196588,0.0019304541362277093,48,rep_point,200,200,-0.004424302615786024,-0.005470051679227872,-0.0032693268152339527,-0.005151041015705915,0.007725523366756765,0.0,0.0,0.0,없음,0.7199116003669419,0.7231316336000426,0.5333333333333333,0.5476640851725307,0.0,-0.0044750494533057905,0.0,30.0,30.0,30.0,0.1,1.0,0.2959700585364592,0.000554684834778022,0.0,30.0,30.0,0.0,0.0,0.0,0.61,0.61,0.05,0.035,0.39,,,,,,,,,,
A,lognormal,5000.0,2.5,1.0,30,1,equal,0.0,0.95,0.5,0.27128063483005005,0.700891117754484,0.8884731955196588,0.0019304541362277093,48,soft,200,200,0.2209409985029429,0.21219515919072496,0.2282365526435688,0.21789686642324405,0.06138181813008986,0.975,0.975,0.0,벌어짐,0.9498675072679603,0.7231316336000426,0.9276838557312879,0.5476640851725307,0.22214885541410662,-0.0012699171571404766,0.0,3.89768537914432,30.0,30.0,0.7395213896902287,1.0,0.2943428562738858,0.2783910569892986,2.587851354446443,314.0,30.0,0.0,0.0,0.0,0.995,0.61,0.395,0.315,0.005,,,,,,,,,,
A,lognormal,5000.0,2.5,1.0,200,1,equal,0.0,0.95,0.5,0.27128063483005005,0.700891117754484,0.8884731955196588,0.0019304541362277093,49,any,200,200,0.18787308854525142,0.18353915156909628,0.19105344108357303,0.18592411848921897,0.022003702256207125,1.0,1.0,0.0,벌어짐,0.9156210427601186,0.7264849453043063,0.8433898218145168,0.5162313975480349,0.18907679686719187,-0.0006809359151552785,0.0,21.064551157920405,200.0,200.0,0.6473762425729186,1.0,0.2951959475363398,0.21790562385307802,2.9146087652122157,2351.5,200.0,0.0,0.0,0.0,1.0,0.68,0.32,0.115,0.0,,,,,,,,,,
A,lognormal,5000.0,2.5,1.0,200,1,equal,0.0,0.95,0.5,0.27128063483005005,0.700891117754484,0.8884731955196588,0.0019304541362277093,49,center,200,200,0.22237170779967014,0.21967922260272266,0.227065186065876,0.22153798481743292,0.0217549733399737,1.0,1.0,0.0,벌어짐,0.9524268369629206,0.7264849453043063,0.9204728931433098,0.5162313975480349,0.10929878913210589,-0.007961442197159718,0.11828513969861582,11.258295410198535,114.0,200.0,0.8179328682456681,1.0,0.2153335264068134,0.17692753889323104,2.9530837209296434,1461.0,200.0,0.43000000000000005,0.11407201930331401,0.12138341596554414,1.0,0.68,0.32,0.115,0.0,,,,,,,,,,
A,lognormal,5000.0,2.5,1.0,200,1,equal,0.0,0.95,0.5,0.27128063483005005,0.700891117754484,0.8884731955196588,0.0019304541362277093,49,f01,200,200,0.19390208650621082,0.18907614110701054,0.19652923145554857,0.19183083411059884,0.022097103156508112,1.0,1.0,0.0,벌어짐,0.9218195744359154,0.7264849453043063,0.8546392515110945,0.5162313975480349,0.1816484210788244,-0.0017695648777381057,0.011697088106481512,19.652620103883713,194.0,200.0,0.6691938284470833,1.0,0.28699210804171915,0.21367402535440283,2.9837000878295137,2225.5,200.0,0.030000000000000027,0.010412881331152146,0.013224427229283964,1.0,0.68,0.32,0.115,0.0,,,,,,,,,,
A,lognormal,5000.0,2.5,1.0,200,1,equal,0.0,0.95,0.5,0.27128063483005005,0.700891117754484,0.8884731955196588,0.0019304541362277093,49,f10,200,200,0.21275514396549894,0.20851530311693822,0.21506852454029712,0.2100558127228831,0.021747921186845598,1.0,1.0,0.0,벌어짐,0.9397424165027914,0.7264849453043063,0.8893606403453386,0.5162313975480349,0.12986425757524794,-0.003835443587811682,0.08372647709024639,15.773177693766883,150.0,200.0,0.7355696250206875,1.0,0.23687902542897718,0.191857136635744,2.8539618191710985,1906.5,200.0,0.25,0.08084613509115579,0.08782327771234211,1.0,0.68,0.32,0.115,0.0,,,,,,,,,,
A,lognormal,5000.0,2.5,1.0,200,1,equal,0.0,0.95,0.5,0.27128063483005005,0.700891117754484,0.8884731955196588,0.0019304541362277093,49,f25,200,200,0.22162528352124722,0.2177180503512982,0.22529976344110514,0.2196827179317503,0.021865036293406245,1.0,1.0,0.0,벌어짐,0.9504919377957574,0.7264849453043063,0.9113638441934342,0.5162313975480349,0.10020252910361654,-0.005480640880295651,0.1245382873451526,13.170030762855253,118.0,200.0,0.7881712709181825,1.0,0.20724072978583402,0.17710214846822958,2.8148875939718714,1665.5,200.0,0.41000000000000003,0.12145265788544535,0.12788653548158246,1.0,0.68,0.32,0.115,0.0,,,,,,,,,,
A,lognormal,5000.0,2.5,1.0,200,1,equal,0.0,0.95,0.5,0.27128063483005005,0.700891117754484,0.8884731955196588,0.0019304541362277093,49,f50,200,200,0.22780200063490857,0.22558102928855672,0.23259195374754438,0.22741935148033948,0.021853933309794207,1.0,1.0,0.0,벌어짐,0.9572291785491813,0.7264849453043063,0.9325213373141886,0.5162313975480349,0.07770357607508743,-0.007487203917629026,0.1558628892958065,10.578032614605545,91.0,200.0,0.8441075379879711,1.0,0.17611431074476824,0.1646588550374345,2.7393672556730837,1411.5,200.0,0.5449999999999999,0.15270277706991875,0.16005537951534543,1.0,0.68,0.32,0.115,0.0,,,,,,,,,,
A,lognormal,5000.0,2.5,1.0,200,1,equal,0.0,0.95,0.5,0.27128063483005005,0.700891117754484,0.8884731955196588,0.0019304541362277093,49,rep_point,200,200,-0.027966042018741644,-0.0293998898577692,-0.02685576616039076,-0.02889082287004681,0.0096723280095445,0.0,0.0,0.0,없음,0.6975473079070891,0.7264849453043063,0.5151515151515151,0.5162313975480349,9.36023758454918e-05,-0.028165264253118216,0.0,189.45989157988348,200.0,200.0,0.1300192768577722,1.0,0.29361169087447747,0.0015607027322927405,0.23586500582242031,200.0,200.0,0.0,0.0,0.0,0.43,0.68,0.25,0.435,0.57,,,,,,,,,,
A,lognormal,5000.0,2.5,1.0,200,1,equal,0.0,0.95,0.5,0.27128063483005005,0.700891117754484,0.8884731955196588,0.0019304541362277093,49,soft,200,200,0.22244916952971938,0.21952331427761718,0.22786797602388942,0.22156162983374414,0.021807682524693152,1.0,1.0,0.0,벌어짐,0.9517228221897813,0.7264849453043063,0.9212532874183542,0.5162313975480349,0.23166043699213756,-0.008672084644908595,0.0,11.416288857893068,200.0,200.0,0.8187810446888564,1.0,0.2956361146970481,0.19338466934680731,4.064374189222889,2351.5,200.0,0.0,0.0,0.0,1.0,0.68,0.32,0.115,0.0,,,,,,,,,,
A,lognormal,5000.0,3.0,-1.0,30,1,equal,0.0,0.95,0.5,-0.5731502745905315,0.700891117754484,0.9571425738271104,0.00012340980408667956,50,any,200,200,-0.28435285774548585,-0.3050245932644556,-0.2685882857415349,-0.291959893877687,0.10995922608187937,0.96,0.0,0.96,벌어짐,0.37849468091217053,0.6847430027131458,0.14431012250161185,0.4960412773326861,-0.2836320785093202,0.001165071405908047,0.0,4.616308616385968,30.0,30.0,0.6689700259095415,1.0,0.29197358244325466,-0.45337588257921047,2.3449305058673504,528.0,30.0,0.0,0.0,0.0,0.005,0.33,0.325,0.385,0.005,,,,,,,,,,
A,lognormal,5000.0,3.0,-1.0,30,1,equal,0.0,0.95,0.5,-0.5731502745905315,0.700891117754484,0.9571425738271104,0.00012340980408667956,50,center,200,200,-0.3407067990035124,-0.3661889653305471,-0.31902835760577497,-0.34370009404795054,0.11872594458444652,0.97,0.0,0.97,벌어짐,0.324788515448847,0.6847430027131458,0.08630414300628964,0.4960412773326861,-0.22189016457152955,-8.257924430932206e-06,-0.1244952975624613,3.3012161224734298,17.0,30.0,0.8123695526441521,1.0,0.2976035114237619,-0.37330499018591307,2.025320709489313,361.5,30.0,0.43333333333333335,-0.13239555916125745,-0.11097106953830493,0.005,0.33,0.325,0.39,0.005,,,,,,,,,,
A,lognormal,5000.0,3.0,-1.0,30,1,equal,0.0,0.95,0.5,-0.5731502745905315,0.700891117754484,0.9571425738271104,0.00012340980408667956,50,f01,200,200,-0.2917394991461974,-0.3138901332200772,-0.27565350525032206,-0.29995250340170776,0.11039668060884542,0.965,0.0,0.965,벌어짐,0.37069214260335975,0.6847430027131458,0.13567289011821265,0.4960412773326861,-0.2802193666883773,0.0008417856925998501,-0.010536397025781019,4.460565559334061,29.0,30.0,0.6847287041745084,1.0,0.294568759529428,-0.4457413093947762,2.328476491695752,502.5,30.0,0.033333333333333326,-0.01172009249749828,-0.009322323718608083,0.005,0.33,0.325,0.39,0.005,,,,,,,,,,
A,lognormal,5000.0,3.0,-1.0,30,1,equal,0.0,0.95,0.5,-0.5731502745905315,0.700891117754484,0.9571425738271104,0.00012340980408667956,50,f10,200,200,-0.3164193977224947,-0.33706924215276146,-0.30282441387169834,-0.3226792631606642,0.1119256361823246,0.965,0.0,0.965,벌어짐,0.3459469447909801,0.6847430027131458,0.10632372214941022,0.4960412773326861,-0.2426173139665247,-0.0003783702878950579,-0.07317665656063355,3.8872754668934686,22.0,30.0,0.732094835629219,1.0,0.2948153847841204,-0.40175461694882375,2.1473458041662123,445.0,30.0,0.2666666666666667,-0.07841221886386085,-0.06814247579644839,0.0,0.33,0.33,0.395,0.0,,,,,,,,,,
A,lognormal,5000.0,3.0,-1.0,30,1,equal,0.0,0.95,0.5,-0.5731502745905315,0.700891117754484,0.9571425738271104,0.00012340980408667956,50,f25,200,200,-0.3354035989360417,-0.3562908893117282,-0.31531617755398295,-0.3371305300458827,0.11489159472466219,0.97,0.0,0.97,벌어짐,0.33051794370630305,0.6847430027131458,0.09054010866091403,0.4960412773326861,-0.20763151825572176,-0.00018069114704871714,-0.11974938674864072,3.5608983564894015,17.0,30.0,0.7742534138182792,1.0,0.2914314407484926,-0.3690652135044581,1.9364971825384143,403.5,30.0,0.43333333333333335,-0.12644773784092578,-0.11356162876300446,0.0,0.33,0.33,0.395,0.0,,,,,,,,,,
A,lognormal,5000.0,3.0,-1.0,30,1,equal,0.0,0.95,0.5,-0.5731502745905315,0.700891117754484,0.9571425738271104,0.00012340980408667956,50,f50,200,200,-0.3487950376065989,-0.3739058779641027,-0.3297955969472247,-0.35104750755024844,0.11907167964842177,0.975,0.0,0.975,벌어짐,0.31391050044013535,0.6847430027131458,0.07748022864301934,0.4960412773326861,-0.18387729750881857,0.0010501577561675968,-0.1657224212327441,3.213736737312209,13.5,30.0,0.8267346962043212,1.0,0.28688114900516143,-0.3527709435107377,1.7941740351269717,353.5,30.0,0.55,-0.1790506876369563,-0.15151547706188184,0.005,0.33,0.325,0.39,0.005,,,,,,,,,,
A,lognormal,5000.0,3.0,-1.0,30,1,equal,0.0,0.95,0.5,-0.5731502745905315,0.700891117754484,0.9571425738271104,0.00012340980408667956,50,rep_point,200,200,0.0010447080804340536,-0.0004393149044219502,0.0031858227947824114,0.0020204382119329766,0.011995459810776913,0.0,0.0,0.0,없음,0.6840555416562422,0.6847430027131458,0.5,0.4960412773326861,0.0,0.0010760728964697708,0.0,30.0,30.0,30.0,0.1,1.0,0.3098907199431721,-0.004459442602286512,0.0,30.0,30.0,0.0,0.0,0.0,0.375,0.33,0.055,0.045,0.375,,,,,,,,,,
A,lognormal,5000.0,3.0,-1.0,30,1,equal,0.0,0.95,0.5,-0.5731502745905315,0.700891117754484,0.9571425738271104,0.00012340980408667956,50,soft,200,200,-0.3429951455708595,-0.36432943621416874,-0.32272849755938887,-0.3435427836721572,0.11815630910798457,0.97,0.0,0.97,벌어짐,0.3234054208228351,0.6847430027131458,0.08601066895036139,0.4960412773326861,-0.34304559042985683,-9.965277567519637e-05,0.0,3.337114774976264,30.0,30.0,0.8011996923721396,1.0,0.2968766361894536,-0.42489306474971744,2.8266237575526736,528.0,30.0,0.0,0.0,0.0,0.0,0.33,0.33,0.39,0.0,,,,,,,,,,
A,lognormal,5000.0,3.0,-1.0,200,1,equal,0.0,0.95,0.5,-0.5731502745905315,0.700891117754484,0.9571425738271104,0.00012340980408667956,51,any,200,200,-0.32166027612269754,-0.32717500998947385,-0.31159026588155664,-0.31944272823883013,0.03802056677139731,1.0,0.0,1.0,벌어짐,0.32918130988007505,0.6545408057969349,0.13103274843235962,0.47768075383223474,-0.3224092451036203,0.0014733109536435585,0.0,17.249767310550716,200.0,200.0,0.7448573729930873,1.0,0.31213657569050224,-0.3142914009943077,3.25490515097311,3946.5,200.0,0.0,0.0,0.0,0.0,0.04,0.04,0.05,0.0,,,,,,,,,,
A,lognormal,5000.0,3.0,-1.0,200,1,equal,0.0,0.95,0.5,-0.5731502745905315,0.700891117754484,0.9571425738271104,0.00012340980408667956,51,center,200,200,-0.37000259035077465,-0.3772919714348245,-0.36445574715963974,-0.3712482758201422,0.04306592657166491,1.0,0.0,1.0,벌어짐,0.2789500985034523,0.6545408057969349,0.07832692460883098,0.47768075383223474,-0.2446690803229937,-0.0005454787028409402,-0.12215998393277278,11.8747908773781,118.0,200.0,0.8579529320967886,1.0,0.3112623533558997,-0.25932265734441373,2.9800962372422193,2836.5,200.0,0.41000000000000003,-0.12741389824373583,-0.11906386068884367,0.0,0.04,0.04,0.05,0.0,,,,,,,,,,
A,lognormal,5000.0,3.0,-1.0,200,1,equal,0.0,0.95,0.5,-0.5731502745905315,0.700891117754484,0.9571425738271104,0.00012340980408667956,51,f01,200,200,-0.3280021203684934,-0.3363236359047221,-0.3187422601520454,-0.32715774279308035,0.03841590700418132,1.0,0.0,1.0,벌어짐,0.3212679590955151,0.6545408057969349,0.12233715549209342,0.47768075383223474,-0.317523206971828,0.0008753654651995624,-0.010229642937185646,16.432885220117385,193.0,200.0,0.7584090818504179,1.0,0.3124247027487058,-0.30780128858236566,3.2476389128545806,3803.0,200.0,0.03500000000000003,-0.011003993651863553,-0.009224143509292348,0.0,0.04,0.04,0.05,0.0,,,,,,,,,,
A,lognormal,5000.0,3.0,-1.0,200,1,equal,0.0,0.95,0.5,-0.5731502745905315,0.700891117754484,0.9571425738271104,0.00012340980408667956,51,f10,200,200,-0.3470765521769895,-0.3586478460272081,-0.3428551231024348,-0.3490805826755269,0.03985585537796406,1.0,0.0,1.0,벌어짐,0.30137159719702883,0.6545408057969349,0.09837382440690258,0.47768075383223474,-0.26883377304574296,-0.0006738604626268518,-0.07921877294431895,14.477422959942896,148.5,200.0,0.8009443370214635,1.0,0.31160607059854883,-0.2773371091761926,3.051766611374136,3428.0,200.0,0.2575,-0.08161909765180353,-0.07720355715227756,0.0,0.04,0.04,0.05,0.0,,,,,,,,,,
A,lognormal,5000.0,3.0,-1.0,200,1,equal,0.0,0.95,0.5,-0.5731502745905315,0.700891117754484,0.9571425738271104,0.00012340980408667956,51,f25,200,200,-0.36241446419287915,-0.3673416524909843,-0.356235324188833,-0.36342927381701656,0.041411946769980605,1.0,0.0,1.0,벌어짐,0.2872025454829288,0.6545408057969349,0.08450166046788163,0.47768075383223474,-0.2384491521603449,-0.0012882313265969447,-0.12379241436742472,13.12197419828972,123.0,200.0,0.8335790707383679,1.0,0.3080562281423642,-0.26277632395385087,2.8600860820448437,3136.0,200.0,0.385,-0.12754468504105743,-0.1208618402703106,0.0,0.04,0.04,0.05,0.0,,,,,,,,,,
A,lognormal,5000.0,3.0,-1.0,200,1,equal,0.0,0.95,0.5,-0.5731502745905315,0.700891117754484,0.9571425738271104,0.00012340980408667956,51,f50,200,200,-0.3765171964383993,-0.3823610972524636,-0.36931359101499195,-0.3770345837222269,0.04364046143159512,1.0,0.0,1.0,벌어짐,0.27443168831361375,0.6545408057969349,0.07373262816359535,0.47768075383223474,-0.2058007671691111,-0.0013543280386314749,-0.1717290275784642,11.508250607879374,99.0,200.0,0.8698331827383261,1.0,0.30165970474258097,-0.2457712058616887,2.7392328792415386,2781.5,200.0,0.505,-0.17532775070044826,-0.16717985973168276,0.0,0.04,0.04,0.05,0.0,,,,,,,,,,
A,lognormal,5000.0,3.0,-1.0,200,1,equal,0.0,0.95,0.5,-0.5731502745905315,0.700891117754484,0.9571425738271104,0.00012340980408667956,51,rep_point,200,200,0.01247000266547238,0.011545327871077538,0.01364172761712601,0.013026972638654093,0.007186262038066353,0.0,0.0,0.0,없음,0.6658923994974875,0.6545408057969349,0.47738693467336685,0.47768075383223474,-0.0009579362586134565,0.013701120310058712,0.0,177.5729576714878,200.0,200.0,0.15463091176198987,1.0,0.3172504961624107,-0.009211570367487074,0.3553834367985933,200.0,200.0,0.0,0.0,0.0,0.08,0.04,0.04,0.045,0.08,,,,,,,,,,
A,lognormal,5000.0,3.0,-1.0,200,1,equal,0.0,0.95,0.5,-0.5731502745905315,0.700891117754484,0.9571425738271104,0.00012340980408667956,51,soft,200,200,-0.3699933076459775,-0.37647408196954746,-0.3633991602618775,-0.3713633436616676,0.04308409683215371,1.0,0.0,1.0,벌어짐,0.2792311929783702,0.6545408057969349,0.07842277516044038,0.47768075383223474,-0.37014564950362994,5.597744869301202e-07,0.0,11.91949773784953,200.0,200.0,0.8571370921589915,1.0,0.31468679432421753,-0.2923668622424473,3.9723244408506835,3946.5,200.0,0.0,0.0,0.0,0.0,0.04,0.04,0.05,0.0,,,,,,,,,,
A,lognormal,5000.0,3.0,-0.5,30,1,equal,0.0,0.95,0.5,-0.3620480926966525,0.7260243075020016,0.9571425738271104,0.00012340980408667956,52,any,200,200,-0.16360160811655267,-0.18008294680359999,-0.1441854669392889,-0.16110632493694443,0.09007124682110146,0.715,0.0,0.715,벌어짐,0.5519047394461076,0.7173525987551064,0.28009259259259256,0.5095241173258567,-0.16467720953918885,-2.6313671938782424e-05,0.0,4.806350475304228,30.0,30.0,0.6689253603539318,1.0,0.2534712374501359,-0.28096209914223513,2.289707324345641,490.0,30.0,0.0,0.0,0.0,0.035,0.495,0.46,0.53,0.01,,,,,,,,,,
A,lognormal,5000.0,3.0,-0.5,30,1,equal,0.0,0.95,0.5,-0.3620480926966525,0.7260243075020016,0.9571425738271104,0.00012340980408667956,52,center,200,200,-0.19541826262602602,-0.21420442593467254,-0.17999598184766974,-0.19281004281713676,0.10352038440882792,0.8,0.0,0.8,벌어짐,0.5167202815858827,0.7173525987551064,0.23373622467116956,0.5095241173258567,-0.13000234314508502,0.00021940206118670202,-0.05922329513722735,3.238679959966129,17.0,30.0,0.8066019513644693,1.0,0.25986269058790296,-0.2508221480478158,2.0289083942923476,332.5,30.0,0.43333333333333335,-0.06655015029775901,-0.050994227527990765,0.045,0.495,0.46,0.55,0.01,,,,,,,,,,
A,lognormal,5000.0,3.0,-0.5,30,1,equal,0.0,0.95,0.5,-0.3620480926966525,0.7260243075020016,0.9571425738271104,0.00012340980408667956,52,f01,200,200,-0.16859316951295455,-0.18487063274371962,-0.15191120122188195,-0.16585161827406456,0.0913171367462348,0.72,0.0,0.72,벌어짐,0.5459116492961227,0.7173525987551064,0.2741024239110625,0.5095241173258567,-0.16129382786971552,-9.134633811208603e-05,-0.00679078847317649,4.533409302374881,29.0,30.0,0.6853428261878967,1.0,0.25541361759868825,-0.2708092377225311,2.30711515761771,464.5,30.0,0.033333333333333326,-0.0083997119303586,-0.0029143758321370505,0.035,0.495,0.46,0.535,0.01,,,,,,,,,,
A,lognormal,5000.0,3.0,-0.5,30,1,equal,0.0,0.95,0.5,-0.3620480926966525,0.7260243075020016,0.9571425738271104,0.00012340980408667956,52,f10,200,200,-0.18073747674983948,-0.19864050804734662,-0.16528935879223738,-0.17922118088458197,0.09608586845714538,0.77,0.0,0.77,벌어짐,0.5324516181159222,0.7173525987551064,0.25723554782082325,0.5095241173258567,-0.13365099179784973,8.829173751057073e-06,-0.03810945535779736,4.026567879113433,22.0,30.0,0.7330502512442971,1.0,0.2585834736269299,-0.23872283332288763,2.1372392112313894,411.5,30.0,0.2666666666666667,-0.045334412387999734,-0.03255128133916729,0.035,0.495,0.47,0.55,0.0,,,,,,,,,,
A,lognormal,5000.0,3.0,-0.5,30,1,equal,0.0,0.95,0.5,-0.3620480926966525,0.7260243075020016,0.9571425738271104,0.00012340980408667956,52,f25,200,200,-0.1892038758958754,-0.20803325509144788,-0.17462442187380844,-0.18851727773806626,0.09975241454863899,0.8,0.0,0.8,벌어짐,0.5221120963557856,0.7173525987551064,0.24091435185185184,0.5095241173258567,-0.12291653446358591,-4.036076651281473e-06,-0.06513135744824117,3.46396895621363,17.0,30.0,0.7686422889969067,1.0,0.25932963228666933,-0.2379576271854151,1.9398512463991056,373.5,30.0,0.43333333333333335,-0.0716059607887568,-0.05652149654338401,0.03,0.495,0.475,0.555,0.015,,,,,,,,,,
A,lognormal,5000.0,3.0,-0.5,30,1,equal,0.0,0.95,0.5,-0.3620480926966525,0.7260243075020016,0.9571425738271104,0.00012340980408667956,52,f50,200,200,-0.20297918035198387,-0.2172808752283042,-0.1861473985617933,-0.19764165075289875,0.10532132324848142,0.8,0.0,0.8,벌어짐,0.5131017644932745,0.7173525987551064,0.22455273069679849,0.5095241173258567,-0.10573994963170424,4.476562826927211e-06,-0.08847209101103493,3.0662601129092257,13.0,30.0,0.8192227408484243,1.0,0.2607232069477633,-0.2295505519298879,1.8119377241266346,327.5,30.0,0.5666666666666667,-0.0956653498897101,-0.07530463655418951,0.035,0.495,0.47,0.56,0.01,,,,,,,,,,
A,lognormal,5000.0,3.0,-0.5,30,1,equal,0.0,0.95,0.5,-0.3620480926966525,0.7260243075020016,0.9571425738271104,0.00012340980408667956,52,rep_point,200,200,-0.0010365791164886895,-0.0026598004193069125,0.0009315981464805834,-0.0001064445650602347,0.013220324295091668,0.0,0.0,0.0,없음,0.7149178550579602,0.7173525987551064,0.5,0.5095241173258567,0.0,-0.0007524073162047951,0.0,30.0,30.0,30.0,0.1,1.0,0.26975327830115436,-0.006690401596395359,0.0,30.0,30.0,0.0,0.0,0.0,0.525,0.495,0.08,0.08,0.5,,,,,,,,,,
A,lognormal,5000.0,3.0,-0.5,30,1,equal,0.0,0.95,0.5,-0.3620480926966525,0.7260243075020016,0.9571425738271104,0.00012340980408667956,52,soft,200,200,-0.19401928842014787,-0.21470097425302725,-0.18188441107808329,-0.1927525488403428,0.10362024100406324,0.805,0.0,0.805,벌어짐,0.5174182396206661,0.7173525987551064,0.2347953453181605,0.5095241173258567,-0.19340922208839662,-0.0004359363100653324,0.0,3.1971118053308993,30.0,30.0,0.8022003430682019,1.0,0.2590849072937398,-0.26392201727227027,2.8954609233929984,490.0,30.0,0.0,0.0,0.0,0.035,0.495,0.47,0.56,0.01,,,,,,,,,,
A,lognormal,5000.0,3.0,-0.5,200,1,equal,0.0,0.95,0.5,-0.3620480926966525,0.7260243075020016,0.9571425738271104,0.00012340980408667956,53,any,200,200,-0.15931520478303518,-0.16706316792871623,-0.15375880901551775,-0.15840574355921444,0.03868459383956847,0.93,0.0,0.93,벌어짐,0.5412202862359254,0.6993685359686839,0.2713265513249904,0.4825046342624806,-0.16043140055646782,0.0007854840118500239,0.0,17.150233961739573,200.0,200.0,0.7374527734859323,1.0,0.26548200869918986,-0.1901311654251564,3.2652203022454263,3857.0,200.0,0.0,0.0,0.0,0.0,0.33,0.33,0.495,0.0,,,,,,,,,,
A,lognormal,5000.0,3.0,-0.5,200,1,equal,0.0,0.95,0.5,-0.3620480926966525,0.7260243075020016,0.9571425738271104,0.00012340980408667956,53,center,200,200,-0.1917275388523342,-0.19703757250890525,-0.17889151810576553,-0.18804864968776283,0.04663619060559801,0.975,0.0,0.975,벌어짐,0.5115151545992547,0.6993685359686839,0.23914556184101043,0.4825046342624806,-0.11820199344160448,-0.004008817703436918,-0.06360503903392217,11.88581944265157,119.0,200.0,0.8529033861337212,1.0,0.2749918694408343,-0.1426387148583349,3.0097837949304074,2815.0,200.0,0.405,-0.06602223906634475,-0.06168069982154656,0.0,0.33,0.33,0.495,0.0,,,,,,,,,,
A,lognormal,5000.0,3.0,-0.5,200,1,equal,0.0,0.95,0.5,-0.3620480926966525,0.7260243075020016,0.9571425738271104,0.00012340980408667956,53,f01,200,200,-0.16356717713417607,-0.17156794193008196,-0.15633530906066462,-0.16288544119277495,0.0395984289150035,0.935,0.0,0.935,벌어짐,0.5363872670083348,0.6993685359686839,0.26642341107680934,0.4825046342624806,-0.15844983377323196,0.00019411772370181435,-0.0064832060418298365,16.293073745375736,193.0,200.0,0.7529311142436337,1.0,0.26704030889733055,-0.18630736579772839,3.275750443508627,3718.0,200.0,0.03500000000000003,-0.007208243215264698,-0.005721431017670198,0.0,0.33,0.33,0.495,0.0,,,,,,,,,,
A,lognormal,5000.0,3.0,-0.5,200,1,equal,0.0,0.95,0.5,-0.3620480926966525,0.7260243075020016,0.9571425738271104,0.00012340980408667956,53,f10,200,200,-0.1761829531987698,-0.18357931486959772,-0.1674606072821404,-0.1749247862184139,0.04210837850031516,0.96,0.0,0.96,벌어짐,0.5265038298684245,0.6993685359686839,0.2533138029495295,0.4825046342624806,-0.12898327585206995,-0.001931588620088187,-0.04080408844765332,14.350955709716985,149.0,200.0,0.796310988589831,1.0,0.270783043121407,-0.16096323886940767,3.064957243136134,3360.0,200.0,0.255,-0.043121032027975126,-0.03943881884152167,0.0,0.33,0.33,0.495,0.0,,,,,,,,,,
A,lognormal,5000.0,3.0,-0.5,200,1,equal,0.0,0.95,0.5,-0.3620480926966525,0.7260243075020016,0.9571425738271104,0.00012340980408667956,53,f25,200,200,-0.18464369284605847,-0.1921086240003821,-0.17642001020141473,-0.18323526271366192,0.0445226648836871,0.97,0.0,0.97,벌어짐,0.5181190547461738,0.6993685359686839,0.2428795718232335,0.4825046342624806,-0.11308939250497477,-0.003156724875425343,-0.06411126611704204,12.965070390417395,122.5,200.0,0.8303886654369823,1.0,0.2725310357808848,-0.14177376395734465,2.8995461129739173,3083.5,200.0,0.3875,-0.0670902881127462,-0.062394858396324304,0.0,0.33,0.33,0.495,0.0,,,,,,,,,,
A,lognormal,5000.0,3.0,-0.5,200,1,equal,0.0,0.95,0.5,-0.3620480926966525,0.7260243075020016,0.9571425738271104,0.00012340980408667956,53,f50,200,200,-0.1947582877639127,-0.2008558913149121,-0.1822384946767397,-0.19127635973366544,0.0473212724847385,0.975,0.0,0.975,벌어짐,0.5089528426291797,0.6993685359686839,0.23584208674674573,0.4825046342624806,-0.09528603092284568,-0.004851622626181551,-0.0891860168772095,11.535614909489176,99.0,200.0,0.8656746687480259,1.0,0.2737112490392624,-0.13000507748689893,2.7559797065889207,2768.5,200.0,0.505,-0.09156225305299515,-0.08588719360877584,0.0,0.33,0.33,0.495,0.0,,,,,,,,,,
A,lognormal,5000.0,3.0,-0.5,200,1,equal,0.0,0.95,0.5,-0.3620480926966525,0.7260243075020016,0.9571425738271104,0.00012340980408667956,53,rep_point,200,200,-0.002499032788762068,-0.003913711585031621,-0.0015904359862047857,-0.002698590537579846,0.005985147020152323,0.0,0.0,0.0,없음,0.6973731783919599,0.6993685359686839,0.4862185929648241,0.4825046342624806,-0.00014163200432604217,-0.0017860176150034102,0.0,177.90583986569595,200.0,200.0,0.1530177235161657,1.0,0.2829692926157664,-0.00173518484279957,0.3524062791780286,200.0,200.0,0.0,0.0,0.0,0.315,0.33,0.085,0.075,0.315,,,,,,,,,,
A,lognormal,5000.0,3.0,-0.5,200,1,equal,0.0,0.95,0.5,-0.3620480926966525,0.7260243075020016,0.9571425738271104,0.00012340980408667956,53,soft,200,200,-0.19241048960959736,-0.1974777210804045,-0.17948151940246337,-0.1881531292524917,0.04653886976417776,0.975,0.0,0.975,벌어짐,0.5133710268460243,0.6993685359686839,0.23887486733426658,0.4825046342624806,-0.1896504538163311,-0.003056276277090264,0.0,11.896904124409488,200.0,200.0,0.8534867501058696,1.0,0.269939057549138,-0.17624347828212134,3.97631691728803,3857.0,200.0,0.0,0.0,0.0,0.0,0.33,0.33,0.495,0.0,,,,,,,,,,
A,lognormal,5000.0,3.0,0.0,30,1,equal,0.0,0.95,0.5,0.0,0.7367420049605218,0.9571425738271104,0.00012340980408667956,54,any,200,200,0.004747570997856165,-0.002931928057990474,0.015457951569146089,-0.004142818423167533,0.07070815421478989,0.15,0.045,0.105,가끔,0.7411591774858544,0.7351188594944424,0.5295280167402929,0.5306428518997933,0.004615798697720441,-0.0001876303889623565,0.0,5.01689966055833,30.0,30.0,0.6599780805126578,1.0,0.2408006708529917,0.007580198557464474,2.2315494595981606,511.5,30.0,0.0,0.0,0.0,0.585,0.665,0.34,0.305,0.035,,,,,,,,,,
A,lognormal,5000.0,3.0,0.0,30,1,equal,0.0,0.95,0.5,0.0,0.7367420049605218,0.9571425738271104,0.00012340980408667956,54,center,200,200,0.005994970860578708,-0.008194432141498287,0.020265885742413836,-0.006808146377325594,0.08857833567719328,0.22,0.09,0.13,가끔,0.7420949089646643,0.7351188594944424,0.5254621848739496,0.5306428518997933,-0.0012944826016891842,-5.6994786360675675e-05,-0.0012542118777695843,3.361762899015173,17.0,30.0,0.7873952836772509,1.0,0.2323874466362913,-0.001512624121360563,2.0165210967488685,347.0,30.0,0.43333333333333335,-0.010112538175414354,0.007010411910442049,0.545,0.665,0.39,0.33,0.055,,,,,,,,,,
A,lognormal,5000.0,3.0,0.0,30,1,equal,0.0,0.95,0.5,0.0,0.7367420049605218,0.9571425738271104,0.00012340980408667956,54,f01,200,200,0.0042075970308694255,-0.0056936544141424905,0.014163649867508954,-0.004531841540286345,0.07254152490312667,0.165,0.05,0.115,가끔,0.7408218357739063,0.7351188594944424,0.5313602904104064,0.5306428518997933,0.006469863250109342,-0.0008694742186374227,0.0,4.781268454173299,29.0,30.0,0.6746854877781632,1.0,0.2385908083291945,0.010707785870434014,2.221531528352269,486.0,30.0,0.033333333333333326,-0.0006606681731629038,0.0,0.59,0.665,0.355,0.305,0.03,,,,,,,,,,
A,lognormal,5000.0,3.0,0.0,30,1,equal,0.0,0.95,0.5,0.0,0.7367420049605218,0.9571425738271104,0.00012340980408667956,54,f10,200,200,0.0027057664338305254,-0.005431859795839156,0.02016259265687903,-0.005312416587331581,0.07964011473828128,0.19,0.07,0.12,가끔,0.7402752348259667,0.7351188594944424,0.532982368113647,0.5306428518997933,-0.00248495238457791,-0.0005360657511786493,-0.0006545232534332368,4.2016050002911225,22.0,30.0,0.7177642262377777,1.0,0.23351781374059333,-0.00576907190443543,2.10216447154287,432.0,30.0,0.2666666666666667,-0.004950722451030232,0.00638280037714678,0.58,0.665,0.365,0.325,0.0,,,,,,,,,,
A,lognormal,5000.0,3.0,0.0,30,1,equal,0.0,0.95,0.5,0.0,0.7367420049605218,0.9571425738271104,0.00012340980408667956,54,f25,200,200,0.0052488674213088116,-0.003229359756540817,0.021311358054940555,-0.005944041229175567,0.08413871957449115,0.21,0.075,0.135,가끔,0.7394694006959979,0.7351188594944424,0.5266655175385676,0.5306428518997933,0.004645942342737741,3.703325941906144e-05,-0.002772198348200361,3.6688705417845373,18.0,30.0,0.7519497555672333,1.0,0.2328917580174013,0.010718786532789211,1.9603318673811736,387.5,30.0,0.4,-0.0074667244408683775,0.0013089850495219268,0.565,0.665,0.38,0.32,0.025,,,,,,,,,,
A,lognormal,5000.0,3.0,0.0,30,1,equal,0.0,0.95,0.5,0.0,0.7367420049605218,0.9571425738271104,0.00012340980408667956,54,f50,200,200,0.0055506829560606485,-0.00854714115900923,0.01943966386031215,-0.006712373144385946,0.09154643434798995,0.235,0.095,0.14,가끔,0.7435352490504131,0.7351188594944424,0.5290538554252285,0.5306428518997933,0.0015904967805948078,-0.0013150074726098748,-0.0015022989102165818,3.273124218044976,14.0,30.0,0.8034637982463178,1.0,0.222303076362669,0.002793104500746029,1.8168195867616932,337.5,30.0,0.5333333333333333,-0.007342788203885009,0.009843086468868112,0.56,0.665,0.395,0.34,0.06,,,,,,,,,,
A,lognormal,5000.0,3.0,0.0,30,1,equal,0.0,0.95,0.5,0.0,0.7367420049605218,0.9571425738271104,0.00012340980408667956,54,rep_point,200,200,-0.002930504933820799,-0.005148508370691807,-0.0002847077476249016,-0.0030992095364028587,0.01038503329085236,0.0,0.0,0.0,없음,0.7320094237344674,0.7351188594944424,0.5333333333333333,0.5306428518997933,0.0,-0.001497214894820409,0.0,30.0,30.0,30.0,0.1,1.0,0.2550172068964809,-0.0015406380917229808,0.0,30.0,30.0,0.0,0.0,0.0,0.68,0.665,0.075,0.045,0.34,,,,,,,,,,
A,lognormal,5000.0,3.0,0.0,30,1,equal,0.0,0.95,0.5,0.0,0.7367420049605218,0.9571425738271104,0.00012340980408667956,54,soft,200,200,0.005685993911080267,-0.007398086602012133,0.023804447186949074,-0.006402699205048165,0.08886104028376801,0.235,0.095,0.14,가끔,0.7415495485877646,0.7351188594944424,0.528095208481959,0.5306428518997933,0.0074437642765578516,-0.0010161987195294597,0.0,3.3649071932415,30.0,30.0,0.7828464112032452,1.0,0.24534000353284408,0.009773445988326294,2.8134787148666023,511.5,30.0,0.0,0.0,0.0,0.555,0.665,0.39,0.33,0.045,,,,,,,,,,
A,lognormal,5000.0,3.0,0.0,200,1,equal,0.0,0.95,0.5,0.0,0.7367420049605218,0.9571425738271104,0.00012340980408667956,55,any,200,200,-0.0027512044187110174,-0.007823147935758001,0.004785374972025136,0.0009123309249640343,0.028966341464218615,0.0,0.0,0.0,없음,0.73957684773689,0.7374712244235173,0.4981766351404344,0.49413585152286604,-0.0030238555712338022,0.00023988478851511008,0.0,17.261049384443126,200.0,200.0,0.7400010033422981,1.0,0.2421173611921813,-0.0031352621281857205,3.2537417324786606,4003.0,200.0,0.0,0.0,0.0,0.495,0.44,0.435,0.13,0.015,,,,,,,,,,
A,lognormal,5000.0,3.0,0.0,200,1,equal,0.0,0.95,0.5,0.0,0.7367420049605218,0.9571425738271104,0.00012340980408667956,55,center,200,200,-0.009143154156321165,-0.016743220629459987,-0.000410286167169982,-0.005725446893713515,0.03644644523404646,0.0,0.0,0.0,없음,0.7344906877014092,0.7374712244235173,0.4981065247130197,0.49413585152286604,0.0014262778546158539,-0.006904089784851075,0.0004719696708934129,11.984154748051965,119.5,200.0,0.8553341934946512,1.0,0.23850711949155728,0.002134391065443303,3.016778276409174,2911.5,200.0,0.4025,-0.0019703132880684038,0.0022180288575199825,0.485,0.44,0.475,0.205,0.035,,,,,,,,,,
A,lognormal,5000.0,3.0,0.0,200,1,equal,0.0,0.95,0.5,0.0,0.7367420049605218,0.9571425738271104,0.00012340980408667956,55,f01,200,200,-0.002933433102895344,-0.009832105382896694,0.0032412464977892297,-3.327218967006884e-05,0.029790697576219598,0.0,0.0,0.0,없음,0.7379335372398096,0.7374712244235173,0.4986328887383174,0.49413585152286604,-0.002310379169150889,-0.00084836909912539,-0.0002436982404418475,16.586429824641066,193.0,200.0,0.7546195892259298,1.0,0.24229030194355433,-0.002768741282025421,3.2383311251374645,3837.0,200.0,0.03500000000000003,-0.00101400620834724,0.00023624888461815097,0.495,0.44,0.435,0.135,0.015,,,,,,,,,,
A,lognormal,5000.0,3.0,0.0,200,1,equal,0.0,0.95,0.5,0.0,0.7367420049605218,0.9571425738271104,0.00012340980408667956,55,f10,200,200,-0.005919416357495988,-0.011884259582027212,0.002170285244940895,-0.0022943454521312814,0.03215593710581429,0.0,0.0,0.0,없음,0.7355272045279991,0.7374712244235173,0.4986927421041623,0.49413585152286604,0.0006752962714638988,-0.003350454862315777,-0.0005877570020129119,14.535429553363242,150.0,200.0,0.7987190408559817,1.0,0.23973566590753942,0.0009573565441552261,3.0569998270518166,3472.5,200.0,0.25,-0.0025942275154586802,0.001214477774349132,0.5,0.44,0.45,0.17,0.0,,,,,,,,,,
A,lognormal,5000.0,3.0,0.0,200,1,equal,0.0,0.95,0.5,0.0,0.7367420049605218,0.9571425738271104,0.00012340980408667956,55,f25,200,200,-0.007174758675045412,-0.01429221713576656,0.002230252680329614,-0.004046406520856307,0.0345437759294987,0.0,0.0,0.0,없음,0.7352381967880753,0.7374712244235173,0.499279724071496,0.49413585152286604,-0.000762084118207329,-0.0051253587861240235,-0.00028388113067073784,13.07426516813842,123.0,200.0,0.8302637614204709,1.0,0.2376250967205265,-0.0009229292268492098,2.9079248151116643,3202.5,200.0,0.385,-0.001778111869459531,0.001796436649243227,0.495,0.44,0.455,0.19,0.015,,,,,,,,,,
A,lognormal,5000.0,3.0,0.0,200,1,equal,0.0,0.95,0.5,0.0,0.7367420049605218,0.9571425738271104,0.00012340980408667956,55,f50,200,200,-0.009070658067061366,-0.016838690329002204,-0.0006805947974556359,-0.006019492547792542,0.037300188481406885,0.005,0.005,0.0,없음,0.7343325860085592,0.7374712244235173,0.4973978450581917,0.49413585152286604,-0.0019558670926159705,-0.007316915344849351,-9.923879274287284e-06,11.686974097682105,100.0,200.0,0.8664544505060772,1.0,0.23451926473381074,-0.002800773035025772,2.7605526170279138,2861.5,200.0,0.5,-0.0035174435267314452,0.004028931924487056,0.485,0.44,0.475,0.21,0.035,,,,,,,,,,
A,lognormal,5000.0,3.0,0.0,200,1,equal,0.0,0.95,0.5,0.0,0.7367420049605218,0.9571425738271104,0.00012340980408667956,55,rep_point,200,200,-0.02373319038963978,-0.025053545911265962,-0.02199626367539942,-0.023997167389545684,0.007575734331132946,0.0,0.0,0.0,없음,0.7141156407035176,0.7374712244235173,0.49246231155778897,0.49413585152286604,-7.450585052792835e-05,-0.022984084892856915,0.0,177.2818396685375,200.0,200.0,0.15335249200465456,1.0,0.2578271289094467,-0.0008340977589158889,0.3579747050513812,200.0,200.0,0.0,0.0,0.0,0.435,0.44,0.115,0.165,0.465,,,,,,,,,,
A,lognormal,5000.0,3.0,0.0,200,1,equal,0.0,0.95,0.5,0.0,0.7367420049605218,0.9571425738271104,0.00012340980408667956,55,soft,200,200,-0.008493896162209802,-0.01691723342587148,-3.5461632406641463e-05,-0.005814680716048345,0.03655669663501202,0.0,0.0,0.0,없음,0.7331594825753618,0.7374712244235173,0.49864151858972905,0.49413585152286604,-0.0023098944785568953,-0.006952632441543927,0.0,11.984770192274997,200.0,200.0,0.8548013887176134,1.0,0.24612648987362973,-0.0019392317262648885,3.960790024133137,4003.0,200.0,0.0,0.0,0.0,0.49,0.44,0.47,0.205,0.02,,,,,,,,,,
A,lognormal,5000.0,3.0,0.5,30,1,equal,0.0,0.95,0.5,0.21334683477217764,0.7260243075020016,0.9571425738271104,0.00012340980408667956,56,any,200,200,0.12135251884537784,0.11179688986149261,0.12925371418982123,0.11806712757775188,0.052938268898934965,0.66,0.66,0.0,벌어짐,0.8627455082596416,0.7443724220024409,0.7593920808848058,0.5365148612037545,0.12128119152150163,0.00016518419299893505,0.0,5.0100031094783475,30.0,30.0,0.6415222859400094,1.0,0.25313143710481234,0.21411725595547842,2.233388119138357,478.0,30.0,0.0,0.0,0.0,0.985,0.665,0.32,0.2,0.0,,,,,,,,,,
A,lognormal,5000.0,3.0,0.5,30,1,equal,0.0,0.95,0.5,0.21334683477217764,0.7260243075020016,0.9571425738271104,0.00012340980408667956,56,center,200,200,0.1430306590143493,0.13283733976545575,0.1508410564248971,0.1373892635070276,0.062012382065500485,0.765,0.765,0.0,벌어짐,0.8868263083625031,0.7443724220024409,0.8039185531496063,0.5365148612037545,0.07592289785888262,-0.0008555754057763543,0.05730696115923273,3.345229747999608,17.0,30.0,0.7867262892617862,1.0,0.21161225292696598,0.2003636983941208,1.9638390294013002,308.0,30.0,0.43333333333333335,0.047729277328497965,0.06565840545647017,0.985,0.665,0.32,0.2,0.0,,,,,,,,,,
A,lognormal,5000.0,3.0,0.5,30,1,equal,0.0,0.95,0.5,0.21334683477217764,0.7260243075020016,0.9571425738271104,0.00012340980408667956,56,f01,200,200,0.12424749399668084,0.11502527623153824,0.1313736279985559,0.12116949688767158,0.05384207568384428,0.695,0.695,0.0,벌어짐,0.8677737659408481,0.7443724220024409,0.7670326305660047,0.5365148612037545,0.11550759668015365,-0.00047043928244089317,6.708312346864753e-05,4.7683887360517385,29.0,30.0,0.6642338949554634,1.0,0.25005780023198254,0.20975420730988578,2.2458083169036795,453.5,30.0,0.033333333333333326,0.0,0.003985537510406201,0.985,0.665,0.32,0.2,0.0,,,,,,,,,,
A,lognormal,5000.0,3.0,0.5,30,1,equal,0.0,0.95,0.5,0.21334683477217764,0.7260243075020016,0.9571425738271104,0.00012340980408667956,56,f10,200,200,0.1326834864756789,0.12274687197829404,0.1413813483365738,0.1301945578976684,0.056521049515554665,0.75,0.75,0.0,벌어짐,0.876940077532467,0.7443724220024409,0.7842863172933308,0.5365148612037545,0.08806756550657585,-0.0005346748586886885,0.037188747529531885,4.032578935522057,22.0,30.0,0.720691018582818,1.0,0.22847648272975285,0.19682481327300283,2.0378361494247383,404.0,30.0,0.2666666666666667,0.03138300284224982,0.04336331071009736,0.985,0.665,0.32,0.2,0.0,,,,,,,,,,
A,lognormal,5000.0,3.0,0.5,30,1,equal,0.0,0.95,0.5,0.21334683477217764,0.7260243075020016,0.9571425738271104,0.00012340980408667956,56,f25,200,200,0.14024080215412038,0.12869853063932812,0.14977224697843317,0.13554178232959302,0.0597033150028089,0.755,0.755,0.0,벌어짐,0.8839646586066996,0.7443724220024409,0.7961878890962234,0.5365148612037545,0.065536833971238,-0.0008350061536797071,0.06530371567594312,3.6513031137426073,18.0,30.0,0.7562135161039434,1.0,0.2029921689067229,0.17177850780426002,1.9048631720878608,358.5,30.0,0.4,0.05876540448343548,0.06998045430398547,0.985,0.665,0.32,0.2,0.0,,,,,,,,,,
A,lognormal,5000.0,3.0,0.5,30,1,equal,0.0,0.95,0.5,0.21334683477217764,0.7260243075020016,0.9571425738271104,0.00012340980408667956,56,f50,200,200,0.14673634620888404,0.13580747845349272,0.15401474949031035,0.1400930983391626,0.06280523938878253,0.77,0.765,0.005,벌어짐,0.8886816087891851,0.7443724220024409,0.8092287581699347,0.5365148612037545,0.05902239422032407,-0.0018449099429345694,0.07784694236118572,3.2154692914101766,14.0,30.0,0.8048816201327094,1.0,0.19034700466660193,0.18898504980028935,1.76108291414669,300.0,30.0,0.5333333333333333,0.06912716773128524,0.0880770153160314,0.99,0.665,0.325,0.2,0.005,,,,,,,,,,
A,lognormal,5000.0,3.0,0.5,30,1,equal,0.0,0.95,0.5,0.21334683477217764,0.7260243075020016,0.9571425738271104,0.00012340980408667956,56,rep_point,200,200,-0.00409548314715158,-0.005837935129038074,-0.0027449757850265266,-0.005218355468732336,0.008988122391178851,0.0,0.0,0.0,없음,0.739304478358769,0.7443724220024409,0.5333333333333333,0.5365148612037545,0.0,-0.004192079824777484,0.0,30.0,30.0,30.0,0.1,1.0,0.26261340894125274,0.006719012534412705,0.0,30.0,30.0,0.0,0.0,0.0,0.685,0.665,0.06,0.055,0.3,,,,,,,,,,
A,lognormal,5000.0,3.0,0.5,30,1,equal,0.0,0.95,0.5,0.21334683477217764,0.7260243075020016,0.9571425738271104,0.00012340980408667956,56,soft,200,200,0.1421928733673618,0.13159831460974458,0.15247486798298548,0.1373061565946973,0.061173927174333474,0.77,0.765,0.005,벌어짐,0.886053516074017,0.7443724220024409,0.8064667332730717,0.5365148612037545,0.14381491463511736,-0.0014131421914739817,0.0,3.374945309328804,30.0,30.0,0.7882011796464483,1.0,0.2548371607637202,0.1960327593929576,2.808985885768621,478.0,30.0,0.0,0.0,0.0,0.985,0.665,0.32,0.2,0.0,,,,,,,,,,
A,lognormal,5000.0,3.0,0.5,200,1,equal,0.0,0.95,0.5,0.21334683477217764,0.7260243075020016,0.9571425738271104,0.00012340980408667956,57,any,200,200,0.11982251046016223,0.11764681594060755,0.1239750162971297,0.12098985224562803,0.021771028135448397,0.825,0.825,0.0,벌어짐,0.8754955453362883,0.7517262768541384,0.7219234414684281,0.4993976050708759,0.1210043572506953,-0.0006709056285325588,0.0,17.709566335827212,200.0,200.0,0.7436420800549959,1.0,0.2541064848346587,0.15105314281481608,3.208322282134129,3968.0,200.0,0.0,0.0,0.0,1.0,0.5,0.5,0.005,0.0,,,,,,,,,,
A,lognormal,5000.0,3.0,0.5,200,1,equal,0.0,0.95,0.5,0.21334683477217764,0.7260243075020016,0.9571425738271104,0.00012340980408667956,57,center,200,200,0.12997437461081296,0.12540252755329562,0.13395093616015552,0.13042730925021473,0.02500747848192582,0.895,0.895,0.0,벌어짐,0.8825496088557059,0.7517262768541384,0.7574805249223854,0.4993976050708759,0.08060819877065001,-0.009455231754913085,0.058606997596477695,12.43306363703056,118.0,200.0,0.8603979576292864,1.0,0.21837451028145122,0.1273775778033734,2.955907588509639,2882.0,200.0,0.41000000000000003,0.05653148630209093,0.061209555749590194,1.0,0.5,0.5,0.005,0.0,,,,,,,,,,
A,lognormal,5000.0,3.0,0.5,200,1,equal,0.0,0.95,0.5,0.21334683477217764,0.7260243075020016,0.9571425738271104,0.00012340980408667956,57,f01,200,200,0.12141924976298396,0.11936193506159265,0.12568187754058002,0.12267838750947377,0.022207303398348033,0.855,0.855,0.0,벌어짐,0.8772366531919914,0.7517262768541384,0.7265063970924932,0.4993976050708759,0.11891456625811325,-0.0016357229481403501,0.005764496488753379,16.83480825587987,193.0,200.0,0.7569816977606667,1.0,0.2497908677283457,0.14676077746857547,3.224235127867013,3818.0,200.0,0.03500000000000003,0.0049484410944079515,0.007028102717776652,1.0,0.5,0.5,0.005,0.0,,,,,,,,,,
A,lognormal,5000.0,3.0,0.5,200,1,equal,0.0,0.95,0.5,0.21334683477217764,0.7260243075020016,0.9571425738271104,0.00012340980408667956,57,f10,200,200,0.12743594783603857,0.12349260094776815,0.1312072464785773,0.12786443112210755,0.02321977903958521,0.895,0.895,0.0,벌어짐,0.8814880917641483,0.7517262768541384,0.7426999385674908,0.4993976050708759,0.0898791713416513,-0.004071297817683672,0.04148738097761495,15.058277232536755,149.0,200.0,0.8022019745826705,1.0,0.22815012346808575,0.13272287427219928,2.986599966177967,3463.5,200.0,0.255,0.039033968719027645,0.042736986822737855,1.0,0.5,0.5,0.005,0.0,,,,,,,,,,
A,lognormal,5000.0,3.0,0.5,200,1,equal,0.0,0.95,0.5,0.21334683477217764,0.7260243075020016,0.9571425738271104,0.00012340980408667956,57,f25,200,200,0.12985046227870473,0.12587655748570692,0.13417560741586165,0.13040053251837125,0.024323834748317535,0.895,0.895,0.0,벌어짐,0.8832561580971139,0.7517262768541384,0.7510296359215152,0.4993976050708759,0.07440133791970027,-0.0065452552545338105,0.060305676148767084,13.436995872867755,122.0,200.0,0.8379394661175651,1.0,0.21462508775690867,0.12400993958800638,2.8555951534105093,3176.0,200.0,0.39,0.05788019162717217,0.0635578089674741,1.0,0.5,0.5,0.005,0.0,,,,,,,,,,
A,lognormal,5000.0,3.0,0.5,200,1,equal,0.0,0.95,0.5,0.21334683477217764,0.7260243075020016,0.9571425738271104,0.00012340980408667956,57,f50,200,200,0.13218122106458757,0.1272480461327511,0.13579507765742793,0.13206863062910215,0.025345540787607142,0.895,0.895,0.0,벌어짐,0.8847312113787877,0.7517262768541384,0.761539823143794,0.4993976050708759,0.06287151476951558,-0.00916127571276687,0.07753266527171088,12.1419803264392,99.0,200.0,0.8724562231475744,1.0,0.20369525390208493,0.11777737614734272,2.723599298391643,2843.5,200.0,0.505,0.07524516190974406,0.08027264692863889,1.0,0.5,0.5,0.005,0.0,,,,,,,,,,
A,lognormal,5000.0,3.0,0.5,200,1,equal,0.0,0.95,0.5,0.21334683477217764,0.7260243075020016,0.9571425738271104,0.00012340980408667956,57,rep_point,200,200,-0.04029018996360656,-0.041857652676478785,-0.03818856004036553,-0.041055726210255925,0.011771342796625112,0.0,0.0,0.0,없음,0.7111873115577889,0.7517262768541384,0.5,0.4993976050708759,0.0001598613356845191,-0.04047105139534607,0.0,178.27313948165835,200.0,200.0,0.1550507102298923,1.0,0.25995879330227295,0.0021932857148351742,0.3491042842415344,200.0,200.0,0.0,0.0,0.0,0.505,0.5,0.085,0.24,0.495,,,,,,,,,,
A,lognormal,5000.0,3.0,0.5,200,1,equal,0.0,0.95,0.5,0.21334683477217764,0.7260243075020016,0.9571425738271104,0.00012340980408667956,57,soft,200,200,0.13003000405173765,0.12593598643373438,0.13426776456854894,0.1303983724462009,0.025046643793436737,0.89,0.89,0.0,벌어짐,0.883117657950615,0.7517262768541384,0.7570244608573011,0.4993976050708759,0.1395293040341078,-0.009914295549966534,0.0,12.515971018874026,200.0,200.0,0.8600547536525266,1.0,0.25609659568368814,0.14149795736101456,3.8703682089661307,3968.0,200.0,0.0,0.0,0.0,1.0,0.5,0.5,0.005,0.0,,,,,,,,,,
A,lognormal,5000.0,3.0,1.0,30,1,equal,0.0,0.95,0.5,0.28488536575723444,0.700891117754484,0.9571425738271104,0.00012340980408667956,58,any,200,200,0.17955328100707763,0.1731662193926713,0.18876961455808194,0.1811501943858471,0.050171830843052205,0.935,0.935,0.0,벌어짐,0.9256165829807508,0.7367660029698537,0.8797560551376267,0.5631109105902915,0.180964398862759,-0.0005761281146920427,0.0,5.563980174661221,30.0,30.0,0.630536398467433,1.0,0.282163093578858,0.3015596742607741,2.0956742469827327,499.0,30.0,0.0,0.0,0.0,1.0,0.715,0.285,0.2,0.0,,,,,,,,,,
A,lognormal,5000.0,3.0,1.0,30,1,equal,0.0,0.95,0.5,0.28488536575723444,0.700891117754484,0.9571425738271104,0.00012340980408667956,58,center,200,200,0.20881049019444847,0.19940040054455133,0.21919027060025031,0.21019632334125485,0.05308364100196841,0.985,0.985,0.0,벌어짐,0.9540823559277052,0.7367660029698537,0.9344290487421384,0.5631109105902915,0.10211755998701355,-0.0011793033666852581,0.10837486383477313,3.491512162494929,17.0,30.0,0.7776949355853043,1.0,0.20050331657134213,0.2521476261749105,1.880157365088849,323.0,30.0,0.43333333333333335,0.0977824232102199,0.11909302326447768,1.0,0.715,0.285,0.2,0.0,,,,,,,,,,
A,lognormal,5000.0,3.0,1.0,30,1,equal,0.0,0.95,0.5,0.28488536575723444,0.700891117754484,0.9571425738271104,0.00012340980408667956,58,f01,200,200,0.18415412093659295,0.1788150403401284,0.1959476648413876,0.18666985662983593,0.050881278583511824,0.94,0.94,0.0,벌어짐,0.9318538280663089,0.7367660029698537,0.8914761016782804,0.5631109105902915,0.17037435390885397,-0.0005019269330460707,0.012418933465252302,5.330461381872251,29.0,30.0,0.6497690094422456,1.0,0.270098599013899,0.2943762248345374,2.089629894043172,474.5,30.0,0.033333333333333326,0.006979926031292383,0.01864383770772582,1.0,0.715,0.285,0.2,0.0,,,,,,,,,,
A,lognormal,5000.0,3.0,1.0,30,1,equal,0.0,0.95,0.5,0.28488536575723444,0.700891117754484,0.9571425738271104,0.00012340980408667956,58,f10,200,200,0.19624640773093388,0.19099054012101413,0.20795042806512098,0.2004396048776451,0.05250742772040388,0.965,0.965,0.0,벌어짐,0.9459726444966544,0.7367660029698537,0.9143875127248049,0.5631109105902915,0.11721973523741513,-0.001142161884700399,0.07439208397151886,4.4909256649419,22.0,30.0,0.6986181648663004,1.0,0.21930004709170164,0.2645425228454454,1.963528316669575,415.5,30.0,0.2666666666666667,0.06946712032108138,0.07927272429695909,1.0,0.715,0.285,0.2,0.0,,,,,,,,,,
A,lognormal,5000.0,3.0,1.0,30,1,equal,0.0,0.95,0.5,0.28488536575723444,0.700891117754484,0.9571425738271104,0.00012340980408667956,58,f25,200,200,0.20683363647428937,0.19862275929488105,0.21678358558707,0.20830235716518153,0.05320595613004669,0.975,0.975,0.0,벌어짐,0.9537693620930802,0.7367660029698537,0.9285913020604111,0.5631109105902915,0.08748253995330485,-0.0006540561875948425,0.10990702127824109,3.889097732714991,17.5,30.0,0.7493849880856762,1.0,0.18948926646647915,0.2507919063387368,1.8265519407014037,365.5,30.0,0.4166666666666667,0.10404234381468946,0.12001367299235866,1.0,0.715,0.285,0.2,0.0,,,,,,,,,,
A,lognormal,5000.0,3.0,1.0,30,1,equal,0.0,0.95,0.5,0.28488536575723444,0.700891117754484,0.9571425738271104,0.00012340980408667956,58,f50,200,200,0.21388023490441432,0.2014263983032465,0.22484323742978352,0.21429130298196233,0.05336750833579052,0.99,0.99,0.0,벌어짐,0.9591773445122203,0.7367660029698537,0.9414786462530218,0.5631109105902915,0.06193357739685146,-0.0013050590371828097,0.13768159874865754,3.398322583486763,14.0,30.0,0.8036118915979334,1.0,0.15339685398574632,0.2422739495624257,1.6828516899641515,316.5,30.0,0.5333333333333333,0.1272894428044138,0.15006110811433848,1.0,0.715,0.285,0.2,0.0,,,,,,,,,,
A,lognormal,5000.0,3.0,1.0,30,1,equal,0.0,0.95,0.5,0.28488536575723444,0.700891117754484,0.9571425738271104,0.00012340980408667956,58,rep_point,200,200,-0.005504103982824193,-0.008297829207411955,-0.004362357988421106,-0.007143944129549387,0.008642130878971855,0.0,0.0,0.0,없음,0.7335005420732215,0.7367660029698537,0.5666666666666667,0.5631109105902915,0.0,-0.0055651022562693275,0.0,30.0,30.0,30.0,0.1,1.0,0.28878597952782825,-0.00012537316254753548,0.0,30.0,30.0,0.0,0.0,0.0,0.695,0.715,0.08,0.075,0.305,,,,,,,,,,
A,lognormal,5000.0,3.0,1.0,30,1,equal,0.0,0.95,0.5,0.28488536575723444,0.700891117754484,0.9571425738271104,0.00012340980408667956,58,soft,200,200,0.20761297526148786,0.19991964836319742,0.2186355269309631,0.20990959342823706,0.05330291562498372,0.985,0.985,0.0,벌어짐,0.9547025000604531,0.7367660029698537,0.9348077877875166,0.5631109105902915,0.20940396327770844,-0.0017149160339839375,0.0,3.523343479970144,30.0,30.0,0.7785298712216027,1.0,0.2846142561142361,0.27535844619636995,2.741294561663084,499.0,30.0,0.0,0.0,0.0,1.0,0.715,0.285,0.2,0.0,,,,,,,,,,
A,lognormal,5000.0,3.0,1.0,200,1,equal,0.0,0.95,0.5,0.28488536575723444,0.700891117754484,0.9571425738271104,0.00012340980408667956,59,any,200,200,0.1865606626637598,0.18322411301397679,0.1895786890890062,0.187086344595184,0.019808765146454136,1.0,1.0,0.0,벌어짐,0.9371549332980047,0.7461050606963184,0.8602628787241259,0.5063430067287322,0.1878608381558532,-0.0010759434508780252,0.0,16.801835747882553,200.0,200.0,0.7429283303330495,1.0,0.28429146775269115,0.20190873530296513,3.302038961168316,3981.5,200.0,0.0,0.0,0.0,1.0,0.57,0.43,0.015,0.0,,,,,,,,,,
A,lognormal,5000.0,3.0,1.0,200,1,equal,0.0,0.95,0.5,0.28488536575723444,0.700891117754484,0.9571425738271104,0.00012340980408667956,59,center,200,200,0.20412577905847185,0.20031080809300883,0.2075954710539749,0.204366255231192,0.02143812011138872,1.0,1.0,0.0,벌어짐,0.9538708181749977,0.7461050606963184,0.9109249406764495,0.5063430067287322,0.10260297333547469,-0.010735366113509781,0.1109764607493694,11.52092885818682,118.0,200.0,0.8609100304295145,1.0,0.20307986982490783,0.17046623034656877,3.0525302909479817,2900.5,200.0,0.41000000000000003,0.10744420907187235,0.11356988530167944,1.0,0.57,0.43,0.015,0.0,,,,,,,,,,
A,lognormal,5000.0,3.0,1.0,200,1,equal,0.0,0.95,0.5,0.28488536575723444,0.700891117754484,0.9571425738271104,0.00012340980408667956,59,f01,200,200,0.1903987056642838,0.18703512320382332,0.19379137106511046,0.19080737451338756,0.019926458096172432,1.0,1.0,0.0,벌어짐,0.9407127105739697,0.7461050606963184,0.8687001925147319,0.5063430067287322,0.17616432891969208,-0.0021933786819730017,0.014150140539022193,16.02280417235545,192.0,200.0,0.7580029438853275,1.0,0.27377204139843336,0.19731344100581838,3.306307096729279,3838.0,200.0,0.040000000000000036,0.012796064449273614,0.014953871209028358,1.0,0.57,0.43,0.015,0.0,,,,,,,,,,
A,lognormal,5000.0,3.0,1.0,200,1,equal,0.0,0.95,0.5,0.28488536575723444,0.700891117754484,0.9571425738271104,0.00012340980408667956,59,f10,200,200,0.19959897838600388,0.19571167318671412,0.20351987452143883,0.20002957897132512,0.020636859141395122,1.0,1.0,0.0,벌어짐,0.9494888330138582,0.7461050606963184,0.8908331815172252,0.5063430067287322,0.12319801714212852,-0.004661642520453868,0.07964114818792495,14.074637314202754,149.0,200.0,0.8026463382510187,1.0,0.22533498738977584,0.18001593593405202,3.1033727822772086,3466.0,200.0,0.255,0.07743062928920208,0.08253805358862121,1.0,0.57,0.43,0.015,0.0,,,,,,,,,,
A,lognormal,5000.0,3.0,1.0,200,1,equal,0.0,0.95,0.5,0.28488536575723444,0.700891117754484,0.9571425738271104,0.00012340980408667956,59,f25,200,200,0.2042155353174046,0.20029456434293968,0.20790923196472733,0.20425229565713263,0.021220699881031622,1.0,1.0,0.0,벌어짐,0.9532625887103712,0.7461050606963184,0.903802313496523,0.5063430067287322,0.09755111749304507,-0.007176764433948435,0.11249695262959447,12.65642313238688,122.0,200.0,0.8372333240473502,1.0,0.19644251502840535,0.1694745980258307,2.962597273303599,3183.0,200.0,0.39,0.10932110389604255,0.11528801204061045,1.0,0.57,0.43,0.015,0.0,,,,,,,,,,
A,lognormal,5000.0,3.0,1.0,200,1,equal,0.0,0.95,0.5,0.28488536575723444,0.700891117754484,0.9571425738271104,0.00012340980408667956,59,f50,200,200,0.2069873726413013,0.20250182456033972,0.2105367363291828,0.20697444670874732,0.021721382600699727,1.0,1.0,0.0,벌어짐,0.956521424980052,0.7461050606963184,0.9174937695212598,0.5063430067287322,0.07449802642653264,-0.010360138589260826,0.14074411670581932,11.124300722773045,98.0,200.0,0.8735022945646684,1.0,0.16847811956793635,0.16079288033375594,2.8180238091785674,2855.0,200.0,0.51,0.13649685761559682,0.14450821387133828,1.0,0.57,0.43,0.015,0.0,,,,,,,,,,
A,lognormal,5000.0,3.0,1.0,200,1,equal,0.0,0.95,0.5,0.28488536575723444,0.700891117754484,0.9571425738271104,0.00012340980408667956,59,rep_point,200,200,-0.05050376191923167,-0.05224079336148146,-0.04756242242731945,-0.050313619226501675,0.014334867736710244,0.0,0.0,0.0,없음,0.6963775125628141,0.7461050606963184,0.505,0.5063430067287322,0.00039731993693914447,-0.05080916508156136,0.0,177.8600571561464,200.0,200.0,0.15399147175141598,1.0,0.2779623391530672,0.004219380351757468,0.35281417718786046,200.0,200.0,0.0,0.0,0.0,0.375,0.57,0.225,0.535,0.625,,,,,,,,,,
A,lognormal,5000.0,3.0,1.0,200,1,equal,0.0,0.95,0.5,0.28488536575723444,0.700891117754484,0.9571425738271104,0.00012340980408667956,59,soft,200,200,0.20379537249055124,0.20007632112618123,0.20769824716195873,0.2043377698886452,0.021384468247044746,1.0,1.0,0.0,벌어짐,0.9537482414691335,0.7461050606963184,0.9112242706448619,0.5063430067287322,0.2152774207154416,-0.011455696580970731,0.0,11.473661089319927,200.0,200.0,0.8604052722772925,1.0,0.28370364581634167,0.1893219595064946,4.053548531687452,3981.5,200.0,0.0,0.0,0.0,1.0,0.57,0.43,0.015,0.0,,,,,,,,,,
B,lognormal,5000.0,1.5,-0.5,50,4,equal,0.0,0.95,0.5,-0.1756959017826848,0.7260243075020016,0.5864601343061464,0.10539922456186433,60,f10,200,200,-0.12377031328037974,-0.13114725467998467,-0.11824825089084201,-0.1291217136408351,0.04110114751921974,0.78,0.0,0.78,벌어짐,0.5983888647044,0.7233360984969432,0.34943330729844657,0.5269659100880495,-0.09364687228875412,-0.0018584199592202033,-0.02985600354848894,66.55338031799717,163.5,200.0,0.42534954999058766,0.30148171487405895,0.2751369163898336,-0.26165247625163157,1.2045362477342765,582.5,200.0,0.18250000000000005,-0.03140185515761307,-0.0286788357309955,0.0,0.79,0.79,0.915,0.0,200.0,0.30148171487405895,0.5983888647044,0.6058785855986293,-0.00795032430568754,0.005,0.0,0.0,0.0,4.0
B,lognormal,5000.0,1.5,0.0,50,4,equal,0.0,0.95,0.5,0.0,0.7367420049605218,0.5864601343061464,0.10539922456186433,61,f10,200,200,-0.0014923439585011744,-0.005950272354074748,0.004462964550567383,-0.00357815817845002,0.02346850715149869,0.0,0.0,0.0,없음,0.7368284513138251,0.7385414536438548,0.5270106557590599,0.5302942181491986,0.0013190147137467356,-0.0021263489593289497,5.875839895214119e-05,61.57902058677815,165.0,200.0,0.4328116678028887,0.3105374646953465,0.2517444789663956,0.0032209971082955906,1.2971180831089,586.5,200.0,0.17500000000000004,-0.001528657674038869,0.002308968461908756,0.69,0.825,0.255,0.135,0.0,200.0,0.3105374646953465,0.7368284513138251,0.7338925409585165,0.0016429612157646822,0.0,0.69,0.69,0.11,4.0
B,lognormal,5000.0,1.5,0.5,50,4,equal,0.0,0.95,0.5,0.13282736620634106,0.7260243075020016,0.5864601343061464,0.10539922456186433,62,f10,200,200,0.10230792175398529,0.09897364224167182,0.10567081829220826,0.10202609541875987,0.021226666259127093,0.53,0.53,0.0,벌어짐,0.8306230155566708,0.7292625454744248,0.699822155675382,0.525888588606947,0.06778000360889996,-0.002265032359046404,0.03651404773065192,61.13129113896278,164.0,200.0,0.43461097604708965,0.3084906282509683,0.25297137317517626,0.19558255615667847,1.276980406371985,592.5,200.0,0.18000000000000005,0.03362572974167577,0.03772023750371423,1.0,0.8,0.2,0.09,0.0,200.0,0.3084906282509683,0.8306230155566708,0.823488999877319,0.0051969726120367765,0.0,1.0,1.0,0.0,4.0
B,lognormal,5000.0,1.5,-0.5,50,4,equal,0.5,0.95,0.5,-0.1756959017826848,0.7260243075020016,0.5864601343061464,0.10539922456186433,63,f10,200,200,-0.1225994760187964,-0.1303165771163084,-0.11473455920948461,-0.1278936253419599,0.04250960592997895,0.745,0.0,0.745,벌어짐,0.5921648533941293,0.7125695992522388,0.35150787199365874,0.5242015000723415,-0.09077659837179813,-0.002121193242983155,-0.029369426465321535,63.0491741902829,164.0,200.0,0.4341940275291091,0.30135720058974974,0.29026712710598845,-0.24780270534787596,1.2755128178240962,589.5,200.0,0.18000000000000005,-0.0312191131236067,-0.028125149521835646,0.025,0.57,0.545,0.555,0.0,200.0,0.30135720058974974,0.5921648533941293,0.5962218421575788,-0.007629040085753658,0.015,0.025,0.045,0.03,4.0
B,lognormal,5000.0,1.5,0.0,50,4,equal,0.5,0.95,0.5,0.0,0.7367420049605218,0.5864601343061464,0.10539922456186433,64,f10,200,200,-0.0025889637578656033,-0.005704395974192811,0.0011818227609896592,-0.0025995229423708766,0.02424346869933963,0.0,0.0,0.0,없음,0.7215681496052073,0.7244522936370641,0.5212192398602109,0.5196998455754638,-0.0005954109570336374,-0.002166994543013945,-0.0005892557713386704,60.224984475230784,165.0,200.0,0.44153894108392744,0.30917802227319235,0.2660231675979841,-0.0020983276630406698,1.3217600439196469,599.5,200.0,0.17500000000000004,-0.0020231390642220237,0.0006505340492312106,0.585,0.6,0.135,0.135,0.0,200.0,0.30917802227319235,0.7215681496052073,0.7287813557582443,-0.0016246816669298059,0.0,0.585,0.58,0.125,4.0
B,lognormal,5000.0,1.5,0.5,50,4,equal,0.5,0.95,0.5,0.13282736620634106,0.7260243075020016,0.5864601343061464,0.10539922456186433,65,f10,200,200,0.10143821399876729,0.09678565358788549,0.10515870072755451,0.10227717120232413,0.0248103733936782,0.515,0.515,0.0,벌어짐,0.8224893776552837,0.7191049723481702,0.6965904688105385,0.5231486590373156,0.07009599739697597,-0.002226629682264336,0.03325863298182963,63.659551166904606,165.0,200.0,0.4367303181263352,0.3105859564688376,0.2658222435794846,0.19545785585701037,1.255286714810154,596.0,200.0,0.17500000000000004,0.03139408941688593,0.036104328220076476,0.985,0.595,0.39,0.32,0.0,200.0,0.3105859564688376,0.8224893776552837,0.8204943353318478,0.0044820792097032824,0.0,0.985,0.965,0.04,4.0
B,lognormal,5000.0,1.5,-0.5,50,4,skewed,0.0,0.95,0.5,-0.1756959017826848,0.7260243075020016,0.5864601343061464,0.10539922456186433,66,f10,200,200,-0.12607405728008286,-0.13317629856437074,-0.12072307707372776,-0.1302422045601953,0.03861567012593282,0.795,0.0,0.795,벌어짐,0.6017239248320827,0.7233517445533174,0.34389717584225715,0.5251918317695138,-0.09660898209921637,-0.001719565496515696,-0.02937651057628954,63.20024526606494,164.5,200.0,0.43456003550246114,0.5670247336498742,0.27726747216048314,-0.2747082749570734,1.2561425602180472,586.0,200.0,0.17910447761194026,-0.030847520786449478,-0.02838453607343272,0.0,0.75,0.75,0.88,0.0,200.0,0.5670247336498742,0.6017239248320827,0.6086045118389666,-0.007917130633962377,0.015,0.0,0.01,0.01,4.0
B,lognormal,5000.0,1.5,0.0,50,4,skewed,0.0,0.95,0.5,0.0,0.7367420049605218,0.5864601343061464,0.10539922456186433,67,f10,200,200,-0.0009805935398060628,-0.0054327056035904375,0.002209529151993017,-0.0011751947052687295,0.02414508659861806,0.0,0.0,0.0,없음,0.7348219338365416,0.7363017295961607,0.5244143718565037,0.52556221853996,0.0009737381457837202,-0.0018230208653472468,-0.000731711107795352,64.23574821643888,164.5,200.0,0.43411404366362816,0.5568853764015711,0.25306382575268316,0.002805110766741869,1.2605200288145615,593.0,200.0,0.17910447761194026,-0.0020458169421178063,0.0016530714493836474,0.68,0.795,0.255,0.125,0.0,200.0,0.5568853764015711,0.7348219338365416,0.7362135840487036,0.0003332949855013312,0.0,0.68,0.655,0.225,4.0
B,lognormal,5000.0,1.5,0.5,50,4,skewed,0.0,0.95,0.5,0.13282736620634106,0.7260243075020016,0.5864601343061464,0.10539922456186433,68,f10,200,200,0.10102113093732329,0.09619439205917113,0.10352652331487511,0.10051090231901874,0.020293157257898143,0.505,0.505,0.0,벌어짐,0.833265108250687,0.7304597862516029,0.70046576349885,0.530968346625859,0.06671377028263609,-0.002066346553177112,0.034627036733586025,63.106643931571625,165.0,200.0,0.43821455742289556,0.5841806777177092,0.25152389903886674,0.20418980754397395,1.2666200080829217,590.0,200.0,0.17500000000000004,0.03235788437240128,0.03657255390977043,1.0,0.785,0.215,0.08,0.0,200.0,0.5841806777177092,0.833265108250687,0.8276128893864034,0.003117994831106863,0.01,1.0,0.995,0.005,4.0
B,lognormal,5000.0,1.5,-0.5,50,4,skewed,0.5,0.95,0.5,-0.1756959017826848,0.7260243075020016,0.5864601343061464,0.10539922456186433,69,f10,200,200,-0.12533110796920394,-0.13364322418817975,-0.1185906318054698,-0.13065920200974276,0.04286617813437637,0.765,0.0,0.765,벌어짐,0.5780679661164779,0.7208112735557901,0.33936401004795613,0.5256035492615116,-0.0955113010917088,-0.0017387938120237423,-0.030368672899680316,61.15665156606853,164.0,200.0,0.4379522447439831,0.5884753560759426,0.2859969763305519,-0.2548186517997212,1.2869576129429465,592.0,200.0,0.1840796019900498,-0.03190225882375319,-0.028668930746585608,0.1,0.575,0.475,0.49,0.0,200.0,0.5884753560759426,0.5780679661164779,0.6003443447069956,-0.004978245005832216,0.2,0.1,0.08,0.12,4.0
B,lognormal,5000.0,1.5,0.0,50,4,skewed,0.5,0.95,0.5,0.0,0.7367420049605218,0.5864601343061464,0.10539922456186433,70,f10,200,200,-0.002046332930166317,-0.005760721478727193,0.002084228761241036,-0.0016770460536813336,0.028323921358513793,0.005,0.0,0.005,없음,0.7217261733172005,0.7191437267539827,0.5120717517776341,0.5057878967889124,-0.000864411199738846,-0.0020558273175653174,0.00015910064927943113,61.96053998480565,165.0,200.0,0.43844577666707873,0.5789447284613003,0.2652226986914762,-0.0023633693568753055,1.2845610682344741,590.0,200.0,0.17543969849246233,-0.0010288808748878386,0.001427205265745246,0.535,0.53,0.105,0.095,0.0,200.0,0.5789447284613003,0.7217261733172005,0.7268455797185027,-0.0034548169127811,0.145,0.535,0.51,0.295,4.0
B,lognormal,5000.0,1.5,0.5,50,4,skewed,0.5,0.95,0.5,0.13282736620634106,0.7260243075020016,0.5864601343061464,0.10539922456186433,71,f10,200,200,0.09576042861145334,0.09138558944497444,0.10130874896631181,0.09811336786214361,0.02663312928946598,0.45,0.45,0.0,가끔,0.8299272336254715,0.7284120604604003,0.6958644763313215,0.5328411753232645,0.06320926879279604,-0.0022269190879331546,0.0345436044536207,62.305349458292326,164.0,200.0,0.436214754592501,0.6016650646231316,0.25914414652555073,0.19295383766589058,1.274679208785967,590.5,200.0,0.17910447761194026,0.032642504223431734,0.036818244658995636,0.96,0.58,0.38,0.345,0.0,200.0,0.6016650646231316,0.8299272336254715,0.8219893483911298,0.0004581696390187351,0.045,0.96,0.955,0.025,4.0
B,lognormal,5000.0,1.5,-0.5,50,10,equal,0.0,0.95,0.5,-0.1756959017826848,0.7260243075020016,0.5864601343061464,0.10539922456186433,72,f10,200,200,-0.1287243709793297,-0.13453583155746252,-0.1237117547779818,-0.13152834731842308,0.025880979922274845,0.905,0.0,0.905,벌어짐,0.5921078068934253,0.7196748006203012,0.3400275857902977,0.5149742318753572,-0.09311630197902626,-0.004725962623325752,-0.028636660221798005,140.78264095521712,414.0,500.0,0.4404039518440099,0.14126678858142122,0.2783131676189178,-0.24113317380803523,1.3809160126839655,1472.0,500.0,0.17200000000000004,-0.029946296766226843,-0.027780959322657672,0.0,0.69,0.69,0.915,0.0,200.0,0.14126678858142122,0.5921078068934253,0.6036041537791322,-0.009889873518901138,0.005,0.0,0.0,0.0,10.0
B,lognormal,5000.0,1.5,0.0,50,10,equal,0.0,0.95,0.5,0.0,0.7367420049605218,0.5864601343061464,0.10539922456186433,73,f10,200,200,-0.00527979952557156,-0.007195384164073837,-0.002350766594363063,-0.0053661974603979165,0.015004284207077907,0.0,0.0,0.0,없음,0.732553463186728,0.7366526173560639,0.5137836040657358,0.5101154267782451,0.0011767541383981839,-0.005375280778395053,0.00011326058616190071,138.32833883112266,415.0,500.0,0.44583100587662616,0.14099023339199027,0.25472469262995145,0.0038309480813300285,1.4130413364838261,1505.5,500.0,0.17000000000000004,-0.0009909042514738564,0.0016687307444971378,0.69,0.715,0.225,0.065,0.0,200.0,0.14099023339199027,0.732553463186728,0.7273871093009935,0.005644208793534,0.0,0.69,0.625,0.175,10.0
B,lognormal,5000.0,1.5,0.5,50,10,equal,0.0,0.95,0.5,0.13282736620634106,0.7260243075020016,0.5864601343061464,0.10539922456186433,74,f10,200,200,0.0970475876270604,0.09472648559052,0.09911498414481834,0.09783281339120144,0.012294728568674277,0.405,0.405,0.0,가끔,0.8301222243024116,0.7325516750353,0.6873439793420482,0.5120662391314105,0.0686052060092765,-0.0055094811062895155,0.03405581061786267,140.782274857651,415.0,500.0,0.44548623065513326,0.1406798930977884,0.2508477788611333,0.19128625784800074,1.401996807937797,1481.5,500.0,0.17000000000000004,0.03296273380354964,0.035315302642194735,1.0,0.715,0.285,0.005,0.0,200.0,0.1406798930977884,0.8301222243024116,0.8173903540862795,0.01156174611547195,0.0,1.0,1.0,0.0,10.0
B,lognormal,5000.0,1.5,-0.5,50,10,equal,0.5,0.95,0.5,-0.1756959017826848,0.7260243075020016,0.5864601343061464,0.10539922456186433,75,f10,200,200,-0.12832431772584407,-0.1320446461032272,-0.1241320547011584,-0.1286214757141154,0.02308907923206569,0.9,0.0,0.9,벌어짐,0.5821403346324123,0.7120055244509264,0.34492284429280395,0.5167291722514696,-0.09577280517406273,-0.004698715170288137,-0.028515765433786366,140.50038067112268,413.5,500.0,0.44508720412197544,0.14314938534366628,0.2908955587280413,-0.2269706306990305,1.3923916414959236,1487.0,500.0,0.17300000000000004,-0.029808582419963647,-0.027665364626667133,0.005,0.58,0.575,0.62,0.0,200.0,0.14314938534366628,0.5821403346324123,0.5888126269921559,-0.004972761232860001,0.0,0.005,0.015,0.01,10.0
B,lognormal,5000.0,1.5,0.0,50,10,equal,0.5,0.95,0.5,0.0,0.7367420049605218,0.5864601343061464,0.10539922456186433,76,f10,200,200,-0.0049145393924547864,-0.007993265405863537,-0.0008484408473793392,-0.003968344037119514,0.015977553029947973,0.0,0.0,0.0,없음,0.7225219237933092,0.7259558649777611,0.5121285501781575,0.508488704284352,0.00030266249442301163,-0.005028328122367587,0.00024529711200405035,142.9932748172647,415.0,500.0,0.4386348407180751,0.1395177239106717,0.2702903844462268,0.000804617541773371,1.3706675276973357,1484.0,500.0,0.17000000000000004,-0.0005647504212797916,0.00135150439004883,0.585,0.57,0.125,0.105,0.0,200.0,0.1395177239106717,0.7225219237933092,0.7282165407582596,-0.0035025238695354233,0.0,0.585,0.56,0.135,10.0
B,lognormal,5000.0,1.5,0.5,50,10,equal,0.5,0.95,0.5,0.13282736620634106,0.7260243075020016,0.5864601343061464,0.10539922456186433,77,f10,200,200,0.09755888653537059,0.09495853812475752,0.10032448365971791,0.09762832326142433,0.01698471504404072,0.435,0.435,0.0,가끔,0.8200476972518229,0.7229698862890297,0.6733967788384361,0.5048253409627077,0.06899593546901606,-0.005000919164982964,0.03348075848951365,140.96522290337185,414.0,500.0,0.4471018442567934,0.1395283840205509,0.26502150743965097,0.18148649102861597,1.3794277331817117,1492.5,500.0,0.17200000000000004,0.03213808593327372,0.03468044613098897,1.0,0.545,0.455,0.275,0.0,200.0,0.1395283840205509,0.8200476972518229,0.8161945072089728,0.0040003135209947804,0.0,1.0,0.995,0.005,10.0
B,lognormal,5000.0,1.5,-0.5,50,10,skewed,0.0,0.95,0.5,-0.1756959017826848,0.7260243075020016,0.5864601343061464,0.10539922456186433,78,f10,200,200,-0.1283386349502425,-0.13375703533197802,-0.12341954649388986,-0.13090292772871423,0.023384450452748,0.93,0.0,0.93,벌어짐,0.593309367088699,0.7203166627748805,0.3395932522188914,0.5136077895428852,-0.09486270369181543,-0.004646797206330822,-0.029656181524476244,141.71453740950474,413.0,500.0,0.4449441170673902,0.385997775779755,0.278750103092773,-0.23646046493512177,1.3805765118728663,1471.0,500.0,0.17400000000000004,-0.03071008338178638,-0.028740436076198583,0.0,0.755,0.755,0.94,0.0,200.0,0.385997775779755,0.593309367088699,0.6015105690617484,-0.01094182809699451,0.01,0.0,0.005,0.005,9.0
B,lognormal,5000.0,1.5,0.0,50,10,skewed,0.0,0.95,0.5,0.0,0.7367420049605218,0.5864601343061464,0.10539922456186433,79,f10,200,200,-0.002982951905850184,-0.005462964724496366,8.507670966284575e-05,-0.004402522844440584,0.015777910376744708,0.0,0.0,0.0,없음,0.7334089535576227,0.7364458898877976,0.5118784116262047,0.5143533291466107,0.0022047060277020636,-0.0053146897592636355,-0.00018401806988438407,138.9813687685002,414.0,500.0,0.4447215607173479,0.3989932675302085,0.25515504605196576,0.005512191258325885,1.4016995881708176,1479.0,500.0,0.1716566866267465,-0.001324126059333075,0.0008765337258849204,0.675,0.76,0.275,0.065,0.0,200.0,0.3989932675302085,0.7334089535576227,0.7277474519473051,0.0049098113119175335,0.005,0.675,0.62,0.305,9.0
B,lognormal,5000.0,1.5,0.5,50,10,skewed,0.0,0.95,0.5,0.13282736620634106,0.7260243075020016,0.5864601343061464,0.10539922456186433,80,f10,200,200,0.09789299510278615,0.09465380343823282,0.09946567569852893,0.09749433186153096,0.012847367681663632,0.42,0.42,0.0,가끔,0.8284696777577627,0.7306128607468108,0.6835857362103739,0.513598105747986,0.06782410209315481,-0.005291191070194545,0.03387760116089711,140.15618125140594,413.0,500.0,0.4492011553596895,0.3936627628449863,0.251477561861867,0.19465909950150917,1.4004844716889728,1474.5,500.0,0.17400000000000004,0.0325204669610778,0.035521946482583444,1.0,0.71,0.29,0.005,0.0,200.0,0.3936627628449863,0.8284696777577627,0.8172263881084668,0.010544044339021175,0.0,1.0,1.0,0.0,9.0
B,lognormal,5000.0,1.5,-0.5,50,10,skewed,0.5,0.95,0.5,-0.1756959017826848,0.7260243075020016,0.5864601343061464,0.10539922456186433,81,f10,200,200,-0.12848114028978957,-0.1328116849480958,-0.1218984116222861,-0.1285981052716191,0.02592709512882433,0.865,0.0,0.865,벌어짐,0.581753216296239,0.7098556156481473,0.33733705030295114,0.507851853063312,-0.09385377698954311,-0.004616212375319451,-0.028401967326459165,142.57889318011473,414.0,500.0,0.4422113103624965,0.40002604279314397,0.28920947325717916,-0.231508560808317,1.3922111641844923,1476.5,500.0,0.17200000000000004,-0.029694224602206942,-0.02760611132871349,0.03,0.51,0.48,0.52,0.0,200.0,0.40002604279314397,0.581753216296239,0.6003964931925354,-0.0031265463646290292,0.15,0.03,0.04,0.06,9.0
B,lognormal,5000.0,1.5,0.0,50,10,skewed,0.5,0.95,0.5,0.0,0.7367420049605218,0.5864601343061464,0.10539922456186433,82,f10,200,200,-0.004641283221812509,-0.006427965789527312,-0.0012942641764234208,-0.00555520836271862,0.01680413475802403,0.0,0.0,0.0,없음,0.7189382568811026,0.725226414658376,0.5027011620559875,0.5054333710535956,0.0002597502344455771,-0.005047954194902726,-0.0002341763284864351,142.87636552479717,414.5,500.0,0.44232852743213413,0.4210483544947459,0.2672213350453143,0.0006442443897224457,1.379149310946905,1482.5,500.0,0.17082771119929097,-0.001301560820827663,0.0008870822827533598,0.505,0.535,0.1,0.07,0.0,200.0,0.4210483544947459,0.7189382568811026,0.7294051581081715,-0.005827978933670985,0.15,0.505,0.555,0.31,9.0
B,lognormal,5000.0,1.5,0.5,50,10,skewed,0.5,0.95,0.5,0.13282736620634106,0.7260243075020016,0.5864601343061464,0.10539922456186433,83,f10,200,200,0.09411188299396928,0.0910579727323857,0.09740759639963303,0.09595050793649246,0.017938492409078154,0.395,0.395,0.0,가끔,0.8254592843815847,0.7304528225038548,0.6841813819559872,0.5139636284441501,0.06660683509745124,-0.00533658732156983,0.03340415858792123,140.6831352835925,413.0,500.0,0.4447725619895441,0.4224698319073892,0.25864489736945806,0.18020578920879632,1.4051057283748913,1483.5,500.0,0.17382634730538926,0.031681459021573155,0.03427585206751438,0.97,0.6,0.37,0.305,0.0,200.0,0.4224698319073892,0.8254592843815847,0.8181847173507895,0.006059132819339119,0.03,0.97,0.96,0.04,9.0
C1,lognormal,500.0,1.5,-0.5,200,1,equal,0.0,0.95,0.5,-0.1756959017826848,0.7260243075020016,0.5864601343061464,0.10539922456186433,84,any,200,200,-0.043709067018874614,-0.04551370033419988,-0.03980027778526862,-0.04419281050135592,0.014761623329649245,0.005,0.0,0.005,없음,0.6707820082910597,0.713303348140641,0.45418752085418757,0.5102892899057679,-0.042847915974551565,0.00016689554730253686,0.0,142.9727043774538,200.0,200.0,0.24064976512353425,1.0,0.2783966415589876,-0.23965874243215096,0.6315603049435821,385.0,200.0,0.0,0.0,0.0,0.04,0.555,0.515,0.605,0.04,,,,,,,,,,
C1,lognormal,500.0,1.5,-0.5,200,1,equal,0.0,0.95,0.5,-0.1756959017826848,0.7260243075020016,0.5864601343061464,0.10539922456186433,84,center,200,200,-0.14945510451654825,-0.16076871457589303,-0.14294968968490063,-0.15970157032862958,0.06917036599056636,0.835,0.0,0.835,벌어짐,0.5627410202915173,0.713303348140641,0.29520697167755994,0.5102892899057679,-0.02203546243693616,-0.0012243823834889866,-0.12970459999119738,21.1425,27.0,200.0,0.7886762360446571,1.0,0.30660346310880804,-0.18929276811416668,0.4713585759669262,32.0,200.0,0.865,-0.1345883190190773,-0.12363788498651984,0.01,0.555,0.545,0.685,0.01,,,,,,,,,,
C1,lognormal,500.0,1.5,-0.5,200,1,equal,0.0,0.95,0.5,-0.1756959017826848,0.7260243075020016,0.5864601343061464,0.10539922456186433,84,f01,200,200,-0.0620530354443804,-0.06550367156091375,-0.05827478509662487,-0.06358132641713686,0.01861914566761806,0.025,0.0,0.025,없음,0.6504629218200397,0.713303348140641,0.42476844212703235,0.5102892899057679,-0.04702454283973789,-0.0005079062637811105,-0.014113726543678318,125.7128301149215,181.0,200.0,0.27393715790974194,1.0,0.28292642202512663,-0.24790429984442214,0.6546314359266985,295.5,200.0,0.09499999999999997,-0.015432305123340928,-0.013304228321140199,0.015,0.555,0.54,0.665,0.015,,,,,,,,,,
C1,lognormal,500.0,1.5,-0.5,200,1,equal,0.0,0.95,0.5,-0.1756959017826848,0.7260243075020016,0.5864601343061464,0.10539922456186433,84,f10,200,200,-0.16935701449066565,-0.17817537895804714,-0.16282535223470584,-0.16892668117635298,0.04590237606021503,0.945,0.0,0.945,벌어짐,0.5426819182777353,0.713303348140641,0.2837663534180947,0.5102892899057679,-0.03980144007774983,-0.0017761977897914893,-0.1257384479492588,39.54333882040646,59.0,200.0,0.563953387042527,1.0,0.2995679814516551,-0.1785834713378484,0.6893809195318994,90.0,200.0,0.7050000000000001,-0.13055053697023444,-0.12047921631343084,0.0,0.555,0.555,0.7,0.0,,,,,,,,,,
C1,lognormal,500.0,1.5,-0.5,200,1,equal,0.0,0.95,0.5,-0.1756959017826848,0.7260243075020016,0.5864601343061464,0.10539922456186433,84,f25,200,200,-0.2299364226796964,-0.25094075645645525,-0.2194624073112248,-0.23214263271298577,0.08219125029114743,0.955,0.0,0.955,벌어짐,0.4801495398333817,0.713303348140641,0.20185185185185184,0.5102892899057679,-0.030743251929151394,-0.0018113794801769834,-0.1887953808288988,14.224014336917563,20.0,200.0,1.0,1.0,0.29786064128416984,-0.17871627280967733,0.6392043503993871,31.0,200.0,0.9,-0.2022703370276977,-0.1822745235403872,0.0,0.555,0.555,0.695,0.0,,,,,,,,,,
C1,lognormal,500.0,1.5,-0.5,200,1,equal,0.0,0.95,0.5,-0.1756959017826848,0.7260243075020016,0.5864601343061464,0.10539922456186433,84,f50,200,178,-0.28492050281199255,-0.3250698514270077,-0.2529998537008415,-0.28734085781532365,0.14500441019460295,0.898876404494382,0.0,0.898876404494382,벌어짐,0.42690864690747193,0.712909901319343,0.1380952380952381,0.5097586639682498,-0.0180978495736841,-0.0008572217825595363,-0.25680524542459215,5.333333333333333,7.0,200.0,1.0,1.0,0.2813954402766164,-0.18959337056573267,0.5310444861170558,10.5,200.0,0.965,-0.2856649204462932,-0.22940211706599317,0.028089887640449437,0.5337078651685393,0.5280898876404494,0.6685393258426966,0.028089887640449437,,,,,,,,,,
C1,lognormal,500.0,1.5,-0.5,200,1,equal,0.0,0.95,0.5,-0.1756959017826848,0.7260243075020016,0.5864601343061464,0.10539922456186433,84,rep_point,200,200,-0.000508181049745593,-0.0007865452160309427,-0.00013953553789991524,-0.00047531421748208904,0.0019179692071576821,0.0,0.0,0.0,없음,0.7118211055276382,0.713303348140641,0.51,0.5102892899057679,0.0,-0.0005182360274137987,0.0,199.35820402226705,200.0,200.0,0.10081783029637122,1.0,0.2819275427203802,-2.4493482021918053e-17,0.05673489476397442,200.0,200.0,0.0,0.0,0.0,0.58,0.555,0.055,0.01,0.58,,,,,,,,,,
C1,lognormal,500.0,1.5,-0.5,200,1,equal,0.0,0.95,0.5,-0.1756959017826848,0.7260243075020016,0.5864601343061464,0.10539922456186433,84,soft,200,200,-0.16037434969460151,-0.168827453580765,-0.14798272624625153,-0.16389308366979624,0.05639405955181632,0.905,0.0,0.905,벌어짐,0.5515471947203722,0.713303348140641,0.2984488500388538,0.5102892899057679,-0.15864453489563568,-0.0015765243922068461,0.0,36.64380102757737,200.0,200.0,0.5521825468632882,1.0,0.2799469856519307,-0.26632666141563177,2.111386063961737,385.0,200.0,0.0,0.0,0.0,0.0,0.555,0.555,0.7,0.0,,,,,,,,,,
C1,lognormal,500.0,1.5,0.0,200,1,equal,0.0,0.95,0.5,0.0,0.7367420049605218,0.5864601343061464,0.10539922456186433,85,any,200,200,0.0003703944641711976,-0.0016470424065421208,0.0029914897606009294,0.0010487462143631038,0.010562138833632616,0.0,0.0,0.0,없음,0.7393273359949771,0.736173548809173,0.5328083989501312,0.5328758633032936,0.0007963135008234867,0.00011324360035092074,0.0,143.63827606599642,200.0,200.0,0.24031007751937986,1.0,0.257394355273837,0.005006635551726874,0.626407671393113,385.5,200.0,0.0,0.0,0.0,0.8,0.845,0.125,0.045,0.235,,,,,,,,,,
C1,lognormal,500.0,1.5,0.0,200,1,equal,0.0,0.95,0.5,0.0,0.7367420049605218,0.5864601343061464,0.10539922456186433,85,center,200,200,0.007170181412119059,-0.004655305540496202,0.015677946087854222,0.002007407215614739,0.053543873897898484,0.05,0.02,0.03,없음,0.740095195699072,0.736173548809173,0.5400641025641025,0.5328758633032936,0.0022598539206927226,-0.0024387308903761062,0.0069357717535395436,22.066287878787882,28.0,200.0,0.7793986138358591,1.0,0.2528468666818944,0.031251286114722956,0.41377347113197305,32.0,200.0,0.86,-0.00564097681785336,0.014187464985213727,0.605,0.845,0.37,0.255,0.27,,,,,,,,,,
C1,lognormal,500.0,1.5,0.0,200,1,equal,0.0,0.95,0.5,0.0,0.7367420049605218,0.5864601343061464,0.10539922456186433,85,f01,200,200,0.0014556910831254322,-0.0014997696794959436,0.0037871750307751917,0.0007098384141016645,0.013057008063226124,0.0,0.0,0.0,없음,0.7376711054712689,0.736173548809173,0.5333333333333333,0.5328758633032936,2.7314844224912704e-05,-0.0004150990777894714,0.0004694326678372218,126.6857102160563,181.0,200.0,0.2732676135549336,1.0,0.25783518014134554,0.0001962606522228416,0.6446202662063515,297.5,200.0,0.09499999999999997,-0.0008165747309066829,0.001787560078969297,0.81,0.845,0.175,0.055,0.205,,,,,,,,,,
C1,lognormal,500.0,1.5,0.0,200,1,equal,0.0,0.95,0.5,0.0,0.7367420049605218,0.5864601343061464,0.10539922456186433,85,f10,200,200,0.0016179798811256085,-0.005184209570618492,0.007286368465660886,0.0010643530520996398,0.03807888835428822,0.005,0.0,0.005,없음,0.7384528747905861,0.736173548809173,0.5368421052631579,0.5328758633032936,0.0027376093026563186,-0.0019633655831984287,0.0031652500042994025,39.468327997464115,59.0,200.0,0.5608125595581879,1.0,0.25742066785924084,0.01346026242681219,0.6652114661024591,88.5,200.0,0.7050000000000001,-0.0018513904629267053,0.008166424670650985,0.705,0.845,0.29,0.185,0.0,,,,,,,,,,
C1,lognormal,500.0,1.5,0.0,200,1,equal,0.0,0.95,0.5,0.0,0.7367420049605218,0.5864601343061464,0.10539922456186433,85,f25,200,200,0.006499069973436966,-0.005754363770003823,0.01542125521133264,-0.001495516604744156,0.06566455348177327,0.13,0.04,0.09,가끔,0.7400859977743955,0.736173548809173,0.5357142857142857,0.5328758633032936,0.0028815409579333595,-0.0016250930122503338,0.003828598748061185,14.48455921158796,20.0,200.0,1.0,1.0,0.24512841146121767,0.02067332483121519,0.6244089765668127,30.5,200.0,0.9,-0.005266559435830653,0.011938800120163351,0.575,0.845,0.4,0.29,0.2,,,,,,,,,,
C1,lognormal,500.0,1.5,0.0,200,1,equal,0.0,0.95,0.5,0.0,0.7367420049605218,0.5864601343061464,0.10539922456186433,85,f50,200,182,0.01166854591719274,-0.006461631206899687,0.04141336342603785,0.005647778229914493,0.11006655075086261,0.3131868131868132,0.17582417582417584,0.13736263736263737,가끔,0.7510131747476587,0.7359341524367713,0.5384615384615384,0.5308373725908622,0.0,-0.0034426777639345874,0.005776303605024291,5.333333333333333,7.0,200.0,1.0,1.0,0.2177268013761699,0.022119730143033835,0.4749493850244332,9.5,200.0,0.965,-0.010941476865159894,0.027477550900000147,0.5714285714285714,0.8351648351648352,0.4175824175824176,0.33516483516483514,0.26373626373626374,,,,,,,,,,
C1,lognormal,500.0,1.5,0.0,200,1,equal,0.0,0.95,0.5,0.0,0.7367420049605218,0.5864601343061464,0.10539922456186433,85,rep_point,200,200,-0.0011893276627850669,-0.0013906528970909493,-0.0008595856156607962,-0.0011736648378457937,0.001697594545626732,0.0,0.0,0.0,없음,0.7354617462311558,0.736173548809173,0.5326633165829145,0.5328758633032936,0.0,-0.0011922002267163445,0.0,199.48176453500707,200.0,200.0,0.1009110648097747,1.0,0.260280032070238,0.0,0.050969358279838645,200.0,200.0,0.0,0.0,0.0,0.86,0.845,0.035,0.005,0.315,,,,,,,,,,
C1,lognormal,500.0,1.5,0.0,200,1,equal,0.0,0.95,0.5,0.0,0.7367420049605218,0.5864601343061464,0.10539922456186433,85,soft,200,200,0.0026345984681855894,-0.0034272459659581145,0.00825721097647425,0.0001378666468903278,0.037365980002768896,0.01,0.005,0.005,없음,0.7365893466360911,0.736173548809173,0.5360561320148883,0.5328758633032936,0.004802708480606599,-0.0020945991960497623,0.0,38.78778818720653,200.0,200.0,0.5517826613188352,1.0,0.25864887267712133,0.008642667661254128,2.038697797122496,385.5,200.0,0.0,0.0,0.0,0.64,0.845,0.325,0.19,0.135,,,,,,,,,,
C1,lognormal,500.0,1.5,0.5,200,1,equal,0.0,0.95,0.5,0.13282736620634106,0.7260243075020016,0.5864601343061464,0.10539922456186433,86,any,200,200,0.031981474411787336,0.030521228280720014,0.0347093966655041,0.032263636513179046,0.011888953214201003,0.0,0.0,0.0,없음,0.7747055359995851,0.7425702688707434,0.6081237113402062,0.5548584958359994,0.03276209640944572,6.439569374944165e-05,0.0,143.40750370447438,200.0,200.0,0.23967080392091264,1.0,0.265163859213777,0.1879029396585703,0.6281937222373339,386.0,200.0,0.0,0.0,0.0,0.995,0.925,0.07,0.025,0.005,,,,,,,,,,
C1,lognormal,500.0,1.5,0.5,200,1,equal,0.0,0.95,0.5,0.13282736620634106,0.7260243075020016,0.5864601343061464,0.10539922456186433,86,center,200,200,0.11169710985132159,0.10431156811700615,0.11909501890095431,0.10702258767761563,0.03950753840253501,0.61,0.61,0.0,벌어짐,0.8542707508835687,0.7425702688707434,0.75,0.5548584958359994,0.010610044218545056,-0.001976963916090757,0.10097323351406029,21.88888888888889,27.0,200.0,0.7862411190929685,1.0,0.21008948158647775,0.1393670593537708,0.43218146549373515,32.0,200.0,0.865,0.09298475392122085,0.10904228742818833,0.99,0.925,0.075,0.025,0.01,,,,,,,,,,
C1,lognormal,500.0,1.5,0.5,200,1,equal,0.0,0.95,0.5,0.13282736620634106,0.7260243075020016,0.5864601343061464,0.10539922456186433,86,f01,200,200,0.04878299237750028,0.046167802171158456,0.05090449437389288,0.047913281977504774,0.013807873563690095,0.0,0.0,0.0,없음,0.7912716451781729,0.7425702688707434,0.6384864374959539,0.5548584958359994,0.03255529958734049,-0.00048708585803614035,0.015498233669530015,126.69146211320464,182.0,200.0,0.273701323638598,1.0,0.2578581567476872,0.18628536927483597,0.6513228141593234,299.0,200.0,0.08999999999999997,0.014354759372560033,0.016372278390068384,0.995,0.925,0.07,0.025,0.005,,,,,,,,,,
C1,lognormal,500.0,1.5,0.5,200,1,equal,0.0,0.95,0.5,0.13282736620634106,0.7260243075020016,0.5864601343061464,0.10539922456186433,86,f10,200,200,0.1189704134665201,0.1129156297220979,0.12239178643486126,0.11633384743826937,0.029500405138239826,0.73,0.73,0.0,벌어짐,0.8628225666222421,0.7425702688707434,0.7667982597486304,0.5548584958359994,0.01869335593022653,-0.0014046179316603014,0.0973344330113588,40.14231665400396,59.0,200.0,0.5706310513799615,1.0,0.20417420675398967,0.13746418991899778,0.6700230804107545,90.0,200.0,0.7050000000000001,0.09385122359810993,0.10214592275732015,1.0,0.925,0.075,0.025,0.0,,,,,,,,,,
C1,lognormal,500.0,1.5,0.5,200,1,equal,0.0,0.95,0.5,0.13282736620634106,0.7260243075020016,0.5864601343061464,0.10539922456186433,86,f25,200,200,0.14697163536589686,0.1416379236480081,0.15931619594546897,0.14450225569821717,0.045753514904653445,0.84,0.84,0.0,벌어짐,0.8940204665450642,0.7425702688707434,0.8242647058823529,0.5548584958359994,0.013331923271397816,-0.001549464456237104,0.13673836561021663,14.260846022260791,20.0,200.0,0.9999999999999999,1.0,0.16720098984996365,0.13742072822335294,0.6378650876253968,32.0,200.0,0.9,0.13122473333558726,0.14465835302042285,0.995,0.925,0.08,0.03,0.005,,,,,,,,,,
C1,lognormal,500.0,1.5,0.5,200,1,equal,0.0,0.95,0.5,0.13282736620634106,0.7260243075020016,0.5864601343061464,0.10539922456186433,86,f50,200,173,0.17976879956153002,0.16998661045916041,0.19243183313183598,0.16462698135275033,0.07269182222987815,0.8208092485549133,0.8208092485549133,0.0,벌어짐,0.9319837617952054,0.7443564928385142,0.8888888888888888,0.5581233786188327,0.004818601194198524,-0.0012563411480667197,0.1666258436678928,4.999999999999999,7.0,200.0,1.0,1.0,0.11237257550327082,0.17129603407430802,0.5091750772173156,10.0,200.0,0.965,0.1576654289272127,0.18023141195595938,0.9710982658959537,0.9421965317919075,0.07514450867052024,0.04046242774566474,0.028901734104046242,,,,,,,,,,
C1,lognormal,500.0,1.5,0.5,200,1,equal,0.0,0.95,0.5,0.13282736620634106,0.7260243075020016,0.5864601343061464,0.10539922456186433,86,rep_point,200,200,-0.0016052034901551937,-0.0017894653090710921,-0.0014450831225690797,-0.0016543114115563306,0.0014497070893867204,0.0,0.0,0.0,없음,0.7405974874371859,0.7425702688707434,0.555,0.5548584958359994,0.0,-0.0014678846839351056,0.0,199.45529768737026,200.0,200.0,0.10088810673240378,1.0,0.26836563637262023,-8.356224569142802e-17,0.052258370120314424,200.0,200.0,0.0,0.0,0.0,0.925,0.925,0.01,0.005,0.075,,,,,,,,,,
C1,lognormal,500.0,1.5,0.5,200,1,equal,0.0,0.95,0.5,0.13282736620634106,0.7260243075020016,0.5864601343061464,0.10539922456186433,86,soft,200,200,0.10824808519593204,0.10232439660464343,0.11310516837983908,0.10635760819947078,0.029144545805832697,0.61,0.61,0.0,벌어짐,0.8532201919077338,0.7425702688707434,0.7516199918119234,0.5548584958359994,0.11081264122518475,-0.002407945053480798,0.0,37.88186699956401,200.0,200.0,0.5539709176138183,1.0,0.2665304816745275,0.1896453680441299,2.0687393112261807,386.0,200.0,0.0,0.0,0.0,1.0,0.925,0.075,0.025,0.0,,,,,,,,,,
C1,lognormal,2000.0,1.5,-0.5,200,1,equal,0.0,0.95,0.5,-0.1756959017826848,0.7260243075020016,0.5864601343061464,0.10539922456186433,87,any,200,200,-0.06579204858893922,-0.06934095518629768,-0.06271272537131378,-0.07088604538712137,0.022481176318806608,0.09,0.0,0.09,없음,0.651757746917062,0.7229936325100503,0.4297945205479452,0.525186889098987,-0.06692865511761947,0.00022272218168267743,0.0,116.38699950270838,200.0,200.0,0.29108968758273907,1.0,0.27136139533085174,-0.290579394796892,0.8475877753802512,611.0,200.0,0.0,0.0,0.0,0.035,0.775,0.74,0.85,0.03,,,,,,,,,,
C1,lognormal,2000.0,1.5,-0.5,200,1,equal,0.0,0.95,0.5,-0.1756959017826848,0.7260243075020016,0.5864601343061464,0.10539922456186433,87,center,200,200,-0.1537489126971791,-0.16625477247097198,-0.14626610886018176,-0.1649238271778432,0.05899572770066066,0.91,0.0,0.91,벌어짐,0.5667191941837039,0.7229936325100503,0.30471628592483424,0.525186889098987,-0.06068726234203148,-0.002517249732448268,-0.09088654275757041,33.91165676679397,70.0,200.0,0.5831597363287312,1.0,0.2954238963212431,-0.21087788683822828,1.0338482070155166,121.0,200.0,0.65,-0.09622995939137069,-0.08824499432267718,0.005,0.775,0.77,0.9,0.0,,,,,,,,,,
C1,lognormal,2000.0,1.5,-0.5,200,1,equal,0.0,0.95,0.5,-0.1756959017826848,0.7260243075020016,0.5864601343061464,0.10539922456186433,87,f01,200,200,-0.0742006541718288,-0.07965727414997448,-0.0713589984584223,-0.08006899037885756,0.024513449914106984,0.175,0.0,0.175,가끔,0.6455218462745703,0.7229936325100503,0.41560498564487636,0.525186889098987,-0.07095328513865151,-0.0002927727980183703,-0.0031266403288885414,107.19036749238757,197.0,200.0,0.30877801098559565,1.0,0.27224518674709874,-0.2905903065558988,0.9092565937054282,527.0,200.0,0.015000000000000013,-0.003537230384314416,-0.002659671384429685,0.015,0.775,0.76,0.86,0.01,,,,,,,,,,
C1,lognormal,2000.0,1.5,-0.5,200,1,equal,0.0,0.95,0.5,-0.1756959017826848,0.7260243075020016,0.5864601343061464,0.10539922456186433,87,f10,200,200,-0.12335083008664294,-0.13123779689493742,-0.1188638678969478,-0.13224803771291715,0.03786831286063759,0.83,0.0,0.83,벌어짐,0.5977505096200011,0.7229936325100503,0.3424212164139244,0.525186889098987,-0.06531424748665993,-0.0018783820106518245,-0.05972147826770391,62.574710711555,126.0,200.0,0.4386733183529371,1.0,0.2841722005124211,-0.23278815302078515,1.0042194263236177,292.0,200.0,0.37,-0.06279993053608668,-0.05747861729439707,0.005,0.775,0.77,0.9,0.0,,,,,,,,,,
C1,lognormal,2000.0,1.5,-0.5,200,1,equal,0.0,0.95,0.5,-0.1756959017826848,0.7260243075020016,0.5864601343061464,0.10539922456186433,87,f25,200,200,-0.1694673280677368,-0.1806420361459692,-0.1613950319946904,-0.17758836304976866,0.054189555972477314,0.95,0.0,0.95,벌어짐,0.5520088912627152,0.7229936325100503,0.2779421433267587,0.525186889098987,-0.05831553650723287,-0.003011336788395602,-0.10902801438821291,34.608979249208446,72.0,200.0,0.6055104677302876,1.0,0.2929681982009671,-0.19531890688857806,1.0339716572503133,159.5,200.0,0.64,-0.11497739187557654,-0.10539035411602737,0.0,0.775,0.775,0.905,0.005,,,,,,,,,,
C1,lognormal,2000.0,1.5,-0.5,200,1,equal,0.0,0.95,0.5,-0.1756959017826848,0.7260243075020016,0.5864601343061464,0.10539922456186433,87,f50,200,200,-0.21598297552396853,-0.23376494104899165,-0.20120480052319056,-0.22324274387436943,0.07841674142958469,0.965,0.0,0.965,벌어짐,0.5101962215310618,0.7229936325100503,0.2288690476190476,0.525186889098987,-0.05250272252710486,-0.002543392976471326,-0.15988944732477234,16.5441829290982,34.0,200.0,0.8181818181818182,1.0,0.2950003481240474,-0.18268397720960963,1.0119347606682432,76.0,200.0,0.83,-0.16668155432809106,-0.14978327326375418,0.005,0.775,0.77,0.9,0.0,,,,,,,,,,
C1,lognormal,2000.0,1.5,-0.5,200,1,equal,0.0,0.95,0.5,-0.1756959017826848,0.7260243075020016,0.5864601343061464,0.10539922456186433,87,rep_point,200,200,-0.0011011038040965038,-0.0014187362848264717,-0.0007963179668548648,-0.0010728675156326062,0.002094526118226556,0.0,0.0,0.0,없음,0.7219065605154488,0.7229936325100503,0.5276381909547738,0.525186889098987,-3.937814312737764e-06,-0.0011241902558979389,0.0,198.82369664317213,200.0,200.0,0.10375409629116042,1.0,0.27658488975354567,-0.0006297598514256938,0.07691628593564644,200.0,200.0,0.0,0.0,0.0,0.79,0.775,0.055,0.015,0.785,,,,,,,,,,
C1,lognormal,2000.0,1.5,-0.5,200,1,equal,0.0,0.95,0.5,-0.1756959017826848,0.7260243075020016,0.5864601343061464,0.10539922456186433,87,soft,200,200,-0.15355982923407596,-0.16370343151845235,-0.14426072356986608,-0.16416098132204401,0.05666572435298353,0.91,0.0,0.91,벌어짐,0.5679471631655452,0.7229936325100503,0.3072000296801791,0.525186889098987,-0.15173218480920364,-0.002168307690932625,0.0,36.83267799266257,200.0,200.0,0.5684222738427724,1.0,0.27351840673175143,-0.26697484708438535,2.1047489124449275,611.0,200.0,0.0,0.0,0.0,0.005,0.775,0.77,0.9,0.0,,,,,,,,,,
C1,lognormal,2000.0,1.5,0.0,200,1,equal,0.0,0.95,0.5,0.0,0.7367420049605218,0.5864601343061464,0.10539922456186433,88,any,200,200,0.0006840491816965111,-0.002181927147552387,0.0025583158088325897,2.6592364862190186e-05,0.014619940084931967,0.0,0.0,0.0,없음,0.7366751996975189,0.7361021291279644,0.5342377462446073,0.5331061460358084,0.00033046858756163866,-2.7758850479675523e-05,0.0,113.54212565361735,200.0,200.0,0.28987864512145345,1.0,0.25646617654129217,0.0016440260161986492,0.8726179069266693,610.0,200.0,0.0,0.0,0.0,0.8,0.85,0.17,0.03,0.145,,,,,,,,,,
C1,lognormal,2000.0,1.5,0.0,200,1,equal,0.0,0.95,0.5,0.0,0.7367420049605218,0.5864601343061464,0.10539922456186433,88,center,200,200,0.001846479487443653,-0.004142607785799557,0.008639126288504162,-0.002009918896376365,0.03910513656610078,0.02,0.0,0.02,없음,0.7336004790867905,0.7361021291279644,0.5404033077034673,0.5331061460358084,0.0016374719151817652,-0.002847621862060945,-0.0008425100610722769,32.25304513203504,68.0,200.0,0.5887706855791962,1.0,0.2575399588582453,0.007690062073787442,1.0560684626510293,119.5,200.0,0.6599999999999999,-0.0044095872887151,0.003841999054129075,0.68,0.85,0.29,0.21,0.125,,,,,,,,,,
C1,lognormal,2000.0,1.5,0.0,200,1,equal,0.0,0.95,0.5,0.0,0.7367420049605218,0.5864601343061464,0.10539922456186433,88,f01,200,200,8.557151804594598e-05,-0.0019777471537587576,0.0019313307570916205,-0.00013758613510668095,0.016333432851558936,0.0,0.0,0.0,없음,0.7368071113677382,0.7361021291279644,0.5360135674381484,0.5331061460358084,0.0002061253305045696,-0.0004855584740908192,-1.0799641052605669e-05,105.36498834377889,196.0,200.0,0.3078127003920452,1.0,0.25735124441832413,0.0009531646433167885,0.9308164354576939,523.0,200.0,0.020000000000000018,-0.0005845625910503305,0.00042086826292297985,0.805,0.85,0.165,0.05,0.12,,,,,,,,,,
C1,lognormal,2000.0,1.5,0.0,200,1,equal,0.0,0.95,0.5,0.0,0.7367420049605218,0.5864601343061464,0.10539922456186433,88,f10,200,200,-0.0016383344631123453,-0.006078043923943843,0.0022776914110803625,-0.0015637008208542148,0.02614353705118669,0.0,0.0,0.0,없음,0.7318730973868008,0.7361021291279644,0.5345804195804196,0.5331061460358084,0.0004990717361089136,-0.001785504083599898,0.0008799884557024185,60.174248625076956,125.0,200.0,0.4433891534639298,1.0,0.25804585583791684,0.001618225590252155,1.0335056861231706,288.5,200.0,0.375,-0.0024859876057535812,0.0032125723994714805,0.705,0.85,0.255,0.125,0.0,,,,,,,,,,
C1,lognormal,2000.0,1.5,0.0,200,1,equal,0.0,0.95,0.5,0.0,0.7367420049605218,0.5864601343061464,0.10539922456186433,88,f25,200,200,0.0014835669873973778,-0.008960645078293195,0.00937003990527141,-0.0015202272003699653,0.03878756789821132,0.01,0.0,0.01,없음,0.733272838193145,0.7361021291279644,0.5363131167960142,0.5331061460358084,0.0014754035950215738,-0.0026605415173615587,0.001398313793856687,32.663226349860835,71.0,200.0,0.6111458966511184,1.0,0.25437844465813936,0.00605023499822111,1.0648937605385203,159.5,200.0,0.645,-0.0033624205407591923,0.005481975902323577,0.67,0.85,0.3,0.21,0.125,,,,,,,,,,
C1,lognormal,2000.0,1.5,0.0,200,1,equal,0.0,0.95,0.5,0.0,0.7367420049605218,0.5864601343061464,0.10539922456186433,88,f50,200,200,0.0021127346548957537,-0.010073633650034108,0.014343982176644565,-6.698814492312189e-05,0.05677466250796277,0.07,0.025,0.045,없음,0.7395597026087609,0.7361021291279644,0.5422619047619047,0.5331061460358084,0.003371558362971261,-0.0029754154970092483,-0.0024412805360171097,15.626492933819573,33.5,200.0,0.8333333333333334,1.0,0.25194042576165054,0.011238972213864476,1.0556260939902913,75.0,200.0,0.8325,-0.00752431311822066,0.0032764417787817246,0.615,0.85,0.345,0.285,0.16,,,,,,,,,,
C1,lognormal,2000.0,1.5,0.0,200,1,equal,0.0,0.95,0.5,0.0,0.7367420049605218,0.5864601343061464,0.10539922456186433,88,rep_point,200,200,-0.0025899638982541107,-0.003027277317826038,-0.002053727332329891,-0.0024643345166804574,0.002357093034293464,0.0,0.0,0.0,없음,0.7347159273873072,0.7361021291279644,0.5326633165829145,0.5331061460358084,-5.551115123125783e-17,-0.0024323044374193192,0.0,199.12700577261165,200.0,200.0,0.10329893223053566,1.0,0.26227023013078266,-2.113638567528282e-16,0.06621030366100678,200.0,200.0,0.0,0.0,0.0,0.855,0.85,0.045,0.005,0.25,,,,,,,,,,
C1,lognormal,2000.0,1.5,0.0,200,1,equal,0.0,0.95,0.5,0.0,0.7367420049605218,0.5864601343061464,0.10539922456186433,88,soft,200,200,0.002018028976376207,-0.007793904934587426,0.007705525617679898,-0.001554949414936404,0.037545173544153286,0.01,0.0,0.01,없음,0.7342160762821872,0.7361021291279644,0.5377040480305986,0.5331061460358084,0.004950209761707514,-0.0028918645017902422,0.0,35.55182598705184,200.0,200.0,0.5686222319283689,1.0,0.25898412785034153,0.007977333887379255,2.1507194515743775,610.0,200.0,0.0,0.0,0.0,0.69,0.85,0.29,0.185,0.095,,,,,,,,,,
C1,lognormal,2000.0,1.5,0.5,200,1,equal,0.0,0.95,0.5,0.13282736620634106,0.7260243075020016,0.5864601343061464,0.10539922456186433,89,any,200,200,0.05904982497677874,0.05624513150459498,0.06161564461377156,0.06001509461308634,0.014930173915709966,0.01,0.01,0.0,없음,0.7901689188273687,0.7284380961715731,0.6331017897691716,0.5339635011305739,0.05897064263468055,-0.0001548658937417513,0.0,114.15829263703243,200.0,200.0,0.29244248618928353,1.0,0.27194908236487814,0.24457213020422042,0.8671558074727486,618.0,200.0,0.0,0.0,0.0,1.0,0.805,0.195,0.06,0.0,,,,,,,,,,
C1,lognormal,2000.0,1.5,0.5,200,1,equal,0.0,0.95,0.5,0.13282736620634106,0.7260243075020016,0.5864601343061464,0.10539922456186433,89,center,200,200,0.12773254025462277,0.12160490752234732,0.13627914808590302,0.128641355219684,0.02983449656255167,0.82,0.82,0.0,벌어짐,0.8599013471320074,0.7284380961715731,0.7611365823286353,0.5339635011305739,0.04330352705119389,-0.0033518393140000713,0.08484475763998034,32.359784538424826,69.0,200.0,0.5918831168831169,1.0,0.22800913865077255,0.17277070897062924,1.0459758672792236,124.5,200.0,0.655,0.08200988625516281,0.09003206187411439,1.0,0.805,0.195,0.06,0.0,,,,,,,,,,
C1,lognormal,2000.0,1.5,0.5,200,1,equal,0.0,0.95,0.5,0.13282736620634106,0.7260243075020016,0.5864601343061464,0.10539922456186433,89,f01,200,200,0.0663355234662335,0.06328272110927635,0.06972864251024313,0.06749117870650856,0.016010401053377428,0.025,0.025,0.0,없음,0.7981438870999968,0.7284380961715731,0.6462555465684978,0.5339635011305739,0.06145389712116073,-0.0005740696479727969,0.004164575096479106,104.43879469350941,196.0,200.0,0.3136059876092918,1.0,0.26975565639516735,0.24179059759236282,0.9347162972193419,533.0,200.0,0.020000000000000018,0.0035483827957248915,0.005179766553093934,1.0,0.805,0.195,0.06,0.0,,,,,,,,,,
C1,lognormal,2000.0,1.5,0.5,200,1,equal,0.0,0.95,0.5,0.13282736620634106,0.7260243075020016,0.5864601343061464,0.10539922456186433,89,f10,200,200,0.10974139566113655,0.10568034754098976,0.11451066306460145,0.11066470987760639,0.02180104167158025,0.655,0.655,0.0,벌어짐,0.8404527840852257,0.7284380961715731,0.7206988081221211,0.5339635011305739,0.046585606149927294,-0.0016736528081675028,0.06408684803706088,59.9936569935179,125.0,200.0,0.4463580900233144,1.0,0.23723895020077085,0.18700300923562957,1.0368792437572216,297.0,200.0,0.375,0.06083159103551694,0.06628288938027682,1.0,0.805,0.195,0.06,0.0,,,,,,,,,,
C1,lognormal,2000.0,1.5,0.5,200,1,equal,0.0,0.95,0.5,0.13282736620634106,0.7260243075020016,0.5864601343061464,0.10539922456186433,89,f25,200,200,0.13929277303171528,0.13515212075190397,0.14628297605118212,0.1410934798938721,0.027872100498382527,0.94,0.94,0.0,벌어짐,0.8704784524546962,0.7284380961715731,0.7803030303030303,0.5339635011305739,0.040328073383614105,-0.002251221546701765,0.10066388845459978,32.44668632842822,71.5,200.0,0.6137970529991749,1.0,0.21256274594802377,0.16878319436704492,1.088259572606424,163.0,200.0,0.6425000000000001,0.09714096516312742,0.10612574045414935,1.0,0.805,0.195,0.06,0.0,,,,,,,,,,
C1,lognormal,2000.0,1.5,0.5,200,1,equal,0.0,0.95,0.5,0.13282736620634106,0.7260243075020016,0.5864601343061464,0.10539922456186433,89,f50,200,200,0.16504298242238308,0.15756115120570757,0.17305885392516662,0.1645991728558129,0.03719014474774583,0.96,0.96,0.0,벌어짐,0.8947310301013374,0.7284380961715731,0.8347689612380466,0.5339635011305739,0.03214728008895823,-0.0038707336574514417,0.13472856809896816,16.348333335466478,35.0,200.0,0.8289668929603655,1.0,0.18693457684315162,0.1622236610346603,1.0357851003469025,79.0,200.0,0.825,0.12785204880811485,0.142281582389143,1.0,0.805,0.195,0.06,0.0,,,,,,,,,,
C1,lognormal,2000.0,1.5,0.5,200,1,equal,0.0,0.95,0.5,0.13282736620634106,0.7260243075020016,0.5864601343061464,0.10539922456186433,89,rep_point,200,200,-0.0035490293841401455,-0.004008103531437213,-0.0032158929852715845,-0.003810991112438701,0.0021345995201402963,0.0,0.0,0.0,없음,0.7251138819095477,0.7284380961715731,0.535,0.5339635011305739,-1.1102230246251565e-16,-0.003481692636251643,0.0,198.93123032514774,200.0,200.0,0.10348438235097476,1.0,0.2756646156544238,-2.1745295563162818e-16,0.07329766892564485,200.0,200.0,0.0,0.0,0.0,0.785,0.805,0.05,0.03,0.215,,,,,,,,,,
C1,lognormal,2000.0,1.5,0.5,200,1,equal,0.0,0.95,0.5,0.13282736620634106,0.7260243075020016,0.5864601343061464,0.10539922456186433,89,soft,200,200,0.12599395076850084,0.12160430421413637,0.13209061535677102,0.12808031424457705,0.02718136316574252,0.825,0.825,0.0,벌어짐,0.8572013284205859,0.7284380961715731,0.7582329079082888,0.5339635011305739,0.1292190906915891,-0.0034061705317093294,0.0,34.60826051978195,200.0,200.0,0.5720496708037133,1.0,0.27330548755299533,0.21413680365583773,2.186097132930248,618.0,200.0,0.0,0.0,0.0,1.0,0.805,0.195,0.06,0.0,,,,,,,,,,
C1,lognormal,20000.0,1.5,-0.5,200,1,equal,0.0,0.95,0.5,-0.1756959017826848,0.7260243075020016,0.5864601343061464,0.10539922456186433,90,any,200,200,-0.11048347242080997,-0.11490707225708963,-0.10630286136145306,-0.11477693150603592,0.033641446647990125,0.645,0.0,0.645,벌어짐,0.6068079581601891,0.7168397460219011,0.3531471614564532,0.5170673693315532,-0.11187979916780821,0.0009735400892112445,0.0,66.51528082704718,200.0,200.0,0.41953946239523576,1.0,0.2608001025158566,-0.2988886145875619,1.4166870178760362,2273.5,200.0,0.0,0.0,0.0,0.0,0.64,0.64,0.815,0.0,,,,,,,,,,
C1,lognormal,20000.0,1.5,-0.5,200,1,equal,0.0,0.95,0.5,-0.1756959017826848,0.7260243075020016,0.5864601343061464,0.10539922456186433,90,center,200,200,-0.16158621432467768,-0.16973112238846066,-0.15273290566719955,-0.16554328430007917,0.04802787173982948,0.945,0.0,0.945,벌어짐,0.5594157570579048,0.7168397460219011,0.2940965476221552,0.5170673693315532,-0.1286185477741716,-0.004773701200270819,-0.027441106466186582,36.894199870482204,164.0,200.0,0.5674121516509913,1.0,0.2728221919020162,-0.24138134602868958,1.868046728641558,1184.0,200.0,0.18000000000000005,-0.028539997696073627,-0.026062475008213237,0.0,0.64,0.64,0.825,0.0,,,,,,,,,,
C1,lognormal,20000.0,1.5,-0.5,200,1,equal,0.0,0.95,0.5,-0.1756959017826848,0.7260243075020016,0.5864601343061464,0.10539922456186433,90,f01,200,200,-0.11480351744347383,-0.12100524121982825,-0.11060721839377008,-0.11934814985980453,0.034845885245703846,0.68,0.0,0.68,벌어짐,0.6003506368030401,0.7168397460219011,0.3491486734989543,0.5170673693315532,-0.11445890647473578,1.2038078092413418e-05,0.0,63.031023715698524,200.0,200.0,0.43256346055170725,1.0,0.26133588059549107,-0.2968218706984719,1.471618010887942,2118.5,200.0,0.0,0.0,0.0,0.0,0.64,0.64,0.815,0.0,,,,,,,,,,
C1,lognormal,20000.0,1.5,-0.5,200,1,equal,0.0,0.95,0.5,-0.1756959017826848,0.7260243075020016,0.5864601343061464,0.10539922456186433,90,f10,200,200,-0.13111238399813935,-0.1370558775686972,-0.12552727224313553,-0.13510675873927075,0.03858668959673086,0.84,0.0,0.84,벌어짐,0.5857492029063937,0.7168397460219011,0.32989591307690536,0.5170673693315532,-0.12246596089897926,-0.0019030776852906883,-0.006330920783128857,52.820823055601245,194.0,200.0,0.4721698768101761,1.0,0.2651268624612567,-0.28082310980108904,1.630416639731782,1773.5,200.0,0.030000000000000027,-0.006973345156925159,-0.005769891560146401,0.0,0.64,0.64,0.825,0.0,,,,,,,,,,
C1,lognormal,20000.0,1.5,-0.5,200,1,equal,0.0,0.95,0.5,-0.1756959017826848,0.7260243075020016,0.5864601343061464,0.10539922456186433,90,f25,200,200,-0.14706255837370036,-0.15576845908573633,-0.13958301722358601,-0.1526929413878311,0.04292709540350674,0.91,0.0,0.91,벌어짐,0.5709908772480715,0.7168397460219011,0.311290723778877,0.5170673693315532,-0.12270373430785825,-0.003490408446163551,-0.021753084069516038,44.08401634924222,175.0,200.0,0.5211375656950896,1.0,0.26983133652372243,-0.255733377599906,1.7341799479001931,1463.5,200.0,0.125,-0.023232504352670325,-0.020566940448053628,0.0,0.64,0.64,0.825,0.0,,,,,,,,,,
C1,lognormal,20000.0,1.5,-0.5,200,1,equal,0.0,0.95,0.5,-0.1756959017826848,0.7260243075020016,0.5864601343061464,0.10539922456186433,90,f50,200,200,-0.17151712926020596,-0.18068172226258938,-0.15982938506064048,-0.1750961913017648,0.04963204381308327,0.95,0.0,0.95,벌어짐,0.5499259166124915,0.7168397460219011,0.28008793573073365,0.5170673693315532,-0.11668336185942729,-0.006171687756721167,-0.047621028719358915,33.06147491990765,143.0,200.0,0.5933814062943465,1.0,0.2756335652145972,-0.2251193707138276,1.8063265535502415,1116.0,200.0,0.28500000000000003,-0.0498670480005301,-0.045401745903578816,0.0,0.64,0.64,0.825,0.0,,,,,,,,,,
C1,lognormal,20000.0,1.5,-0.5,200,1,equal,0.0,0.95,0.5,-0.1756959017826848,0.7260243075020016,0.5864601343061464,0.10539922456186433,90,rep_point,200,200,-0.004249025788610805,-0.004920495775963429,-0.0034470646470454724,-0.004043044598566935,0.0038187840908240835,0.0,0.0,0.0,없음,0.7137028552033805,0.7168397460219011,0.5188832487309645,0.5170673693315532,-0.00038507180226876603,-0.004060415801077244,0.0,195.78732879672282,200.0,200.0,0.11661809236299359,1.0,0.27946272370475805,-0.010228913203285186,0.1466830531540319,200.0,200.0,0.0,0.0,0.0,0.62,0.64,0.08,0.08,0.62,,,,,,,,,,
C1,lognormal,20000.0,1.5,-0.5,200,1,equal,0.0,0.95,0.5,-0.1756959017826848,0.7260243075020016,0.5864601343061464,0.10539922456186433,90,soft,200,200,-0.1605555232318363,-0.16932498346482605,-0.15163680230534926,-0.16535087984480148,0.04750030918172738,0.94,0.0,0.94,벌어짐,0.5597482840145626,0.7168397460219011,0.29449873101080637,0.5170673693315532,-0.15585257115641832,-0.004161332357610736,0.0,37.11074864727834,200.0,200.0,0.5643850231214886,1.0,0.2669936522215737,-0.2734679768812916,2.095063482200339,2273.5,200.0,0.0,0.0,0.0,0.0,0.64,0.64,0.825,0.0,,,,,,,,,,
C1,lognormal,20000.0,1.5,0.0,200,1,equal,0.0,0.95,0.5,0.0,0.7367420049605218,0.5864601343061464,0.10539922456186433,91,any,200,200,0.0020864672916512395,-0.001137962434757167,0.005086215418632523,0.0006718526364066263,0.017285627556362988,0.0,0.0,0.0,없음,0.7407846086601042,0.7408325565114543,0.5184088598106245,0.5172442242015475,0.002984845478542386,-9.799206674315775e-05,0.0,65.97025059275867,200.0,200.0,0.4184743928807536,1.0,0.23784727249621254,0.0075199137233258485,1.4253677839829586,2267.0,200.0,0.0,0.0,0.0,0.685,0.7,0.305,0.04,0.045,,,,,,,,,,
C1,lognormal,20000.0,1.5,0.0,200,1,equal,0.0,0.95,0.5,0.0,0.7367420049605218,0.5864601343061464,0.10539922456186433,91,center,200,200,-0.0040184301031558345,-0.009118232339308863,-0.0005885609859491714,-0.0061899768958452485,0.026323095998352485,0.0,0.0,0.0,없음,0.7324705556313956,0.7408325565114543,0.5152121710973852,0.5172442242015475,0.0022395058286538982,-0.00636896410315152,-0.0009641809327191053,36.97167870747356,165.0,200.0,0.5660733839555869,1.0,0.24438897429404752,0.004866873324860551,1.8453974984375696,1190.5,200.0,0.17500000000000004,-0.002476940250245474,0.0005405358147707595,0.61,0.7,0.39,0.11,0.07,,,,,,,,,,
C1,lognormal,20000.0,1.5,0.0,200,1,equal,0.0,0.95,0.5,0.0,0.7367420049605218,0.5864601343061464,0.10539922456186433,91,f01,200,200,0.0012349942448691698,-0.00209286806930431,0.004557244398255,-0.00016127262161589828,0.018021709000736325,0.0,0.0,0.0,없음,0.7405011175349712,0.7408325565114543,0.5173215026047833,0.5172442242015475,0.0027345217747478667,-0.0009968385472768904,0.0,62.913988804765445,200.0,200.0,0.42961150026602607,1.0,0.2390138162429861,0.0064904568901516385,1.4761259428624547,2121.5,200.0,0.0,0.0,0.0,0.69,0.7,0.31,0.045,0.05,,,,,,,,,,
C1,lognormal,20000.0,1.5,0.0,200,1,equal,0.0,0.95,0.5,0.0,0.7367420049605218,0.5864601343061464,0.10539922456186433,91,f10,200,200,-0.0005454547114526198,-0.004096746480346081,0.0027922851870315624,-0.0024986055049032894,0.0204098694024227,0.0,0.0,0.0,없음,0.7379129192664434,0.7408325565114543,0.5160268108611434,0.5172442242015475,0.0025551606184998077,-0.003050297447430683,-0.000126376584375254,52.801249061063345,193.0,200.0,0.4697588945945514,1.0,0.24272076595845737,0.006298941838383012,1.6233426527312664,1765.0,200.0,0.03500000000000003,-0.0007803812326462323,0.0004584671223591963,0.67,0.7,0.33,0.055,0.0,,,,,,,,,,
C1,lognormal,20000.0,1.5,0.0,200,1,equal,0.0,0.95,0.5,0.0,0.7367420049605218,0.5864601343061464,0.10539922456186433,91,f25,200,200,-0.0020016434002381733,-0.006327787233433191,0.0010105339742757513,-0.004565869308795556,0.023521985834360496,0.0,0.0,0.0,없음,0.7361820789932081,0.7408325565114543,0.5173409509230404,0.5172442242015475,0.0013973017199632731,-0.005073286208722549,-0.0010608629876565634,43.58875352981939,175.0,200.0,0.5222869499121612,1.0,0.24355885091730975,0.0035213661202579396,1.7296798864877116,1456.5,200.0,0.125,-0.00253486235751732,-4.984412578779018e-05,0.65,0.7,0.37,0.09,0.04,,,,,,,,,,
C1,lognormal,20000.0,1.5,0.0,200,1,equal,0.0,0.95,0.5,0.0,0.7367420049605218,0.5864601343061464,0.10539922456186433,91,f50,200,200,-0.0042531737611877785,-0.009392723817325699,0.000572031107214932,-0.00656126957558937,0.028042440723407194,0.005,0.0,0.005,없음,0.7307619162374294,0.7408325565114543,0.5150134673158604,0.5172442242015475,0.002468042519620406,-0.00702570087804133,-0.0009410241694925436,33.41241472954158,143.0,200.0,0.5902880374483224,1.0,0.24360855961469552,0.005662344377766672,1.8184763839424594,1123.5,200.0,0.28500000000000003,-0.003621071891985128,0.0007912437994103128,0.61,0.7,0.4,0.125,0.08,,,,,,,,,,
C1,lognormal,20000.0,1.5,0.0,200,1,equal,0.0,0.95,0.5,0.0,0.7367420049605218,0.5864601343061464,0.10539922456186433,91,rep_point,200,200,-0.012349226309108119,-0.013222358317398486,-0.011580808505416318,-0.012594482383547354,0.0044406312942657095,0.0,0.0,0.0,없음,0.7276584798994975,0.7408325565114543,0.515,0.5172442242015475,-7.144640782791312e-05,-0.012737497753309512,0.0,195.73394170170184,200.0,200.0,0.11770470854891485,1.0,0.25863513873486216,-0.0022848146913206297,0.14763192933648106,200.0,200.0,0.0,0.0,0.0,0.67,0.7,0.08,0.07,0.29,,,,,,,,,,
C1,lognormal,20000.0,1.5,0.0,200,1,equal,0.0,0.95,0.5,0.0,0.7367420049605218,0.5864601343061464,0.10539922456186433,91,soft,200,200,-0.0032472599324421814,-0.008586899267799986,0.00037711370456361415,-0.006262190352787053,0.026354648100024223,0.0,0.0,0.0,없음,0.7339072225435141,0.7408325565114543,0.5161447453388022,0.5172442242015475,0.003037716266664159,-0.006613018175595897,0.0,36.763754911016704,200.0,200.0,0.5642665528687278,1.0,0.24442247814921572,0.004932420053517244,2.107167841275294,2267.0,200.0,0.0,0.0,0.0,0.61,0.7,0.4,0.11,0.08,,,,,,,,,,
C1,lognormal,20000.0,1.5,0.5,200,1,equal,0.0,0.95,0.5,0.13282736620634106,0.7260243075020016,0.5864601343061464,0.10539922456186433,92,any,200,200,0.09090747279612599,0.0868035590856252,0.0938416999097208,0.09198423799230078,0.018025859284379258,0.32,0.32,0.0,가끔,0.8239390260336945,0.7326096417899481,0.6719837625198294,0.5106138764660175,0.09069500353369087,-0.0007051110019822282,0.0,63.8441096173256,200.0,200.0,0.42372287191553504,1.0,0.2625307397347671,0.23270630661559788,1.460353734805576,2284.5,200.0,0.0,0.0,0.0,1.0,0.67,0.33,0.05,0.0,,,,,,,,,,
C1,lognormal,20000.0,1.5,0.5,200,1,equal,0.0,0.95,0.5,0.13282736620634106,0.7260243075020016,0.5864601343061464,0.10539922456186433,92,center,200,200,0.11664380785941858,0.11220030471899944,0.12167574504806178,0.11747930378466688,0.02431913080369408,0.78,0.78,0.0,벌어짐,0.8500315223116495,0.7326096417899481,0.7298605249021564,0.5106138764660175,0.09431661249349432,-0.007918652541703597,0.030294051220640217,34.493587884024095,166.0,200.0,0.5710663842273107,1.0,0.249372528152134,0.1869123984993782,1.9452111416007956,1189.5,200.0,0.17000000000000004,0.027851329023930282,0.03267640430580743,1.0,0.67,0.33,0.05,0.0,,,,,,,,,,
C1,lognormal,20000.0,1.5,0.5,200,1,equal,0.0,0.95,0.5,0.13282736620634106,0.7260243075020016,0.5864601343061464,0.10539922456186433,92,f01,200,200,0.09275878754843958,0.0888890854550588,0.09664690921696717,0.09421350469548706,0.018545368321938913,0.37,0.37,0.0,가끔,0.8266942628135758,0.7326096417899481,0.6769575995527348,0.5106138764660175,0.09321157795175578,-0.00167996846203039,0.0,60.7557830636578,200.0,200.0,0.43636025530351147,1.0,0.26353041140254874,0.2305330002076311,1.5129170012300284,2142.0,200.0,0.0,0.0,0.0,1.0,0.67,0.33,0.05,0.0,,,,,,,,,,
C1,lognormal,20000.0,1.5,0.5,200,1,equal,0.0,0.95,0.5,0.13282736620634106,0.7260243075020016,0.5864601343061464,0.10539922456186433,92,f10,200,200,0.10116315391205588,0.09658508396231158,0.10584161481689502,0.10289110738472292,0.02068652027469595,0.515,0.515,0.0,벌어짐,0.8343224334502649,0.7326096417899481,0.695513169755624,0.5106138764660175,0.09531870024478833,-0.003638888879270774,0.008834189791072589,51.1091997563047,194.0,200.0,0.476706469240905,1.0,0.25919818891684687,0.2130391347970052,1.6676665887385296,1785.0,200.0,0.030000000000000027,0.008330210184022802,0.00994406344022336,1.0,0.67,0.33,0.05,0.0,,,,,,,,,,
C1,lognormal,20000.0,1.5,0.5,200,1,equal,0.0,0.95,0.5,0.13282736620634106,0.7260243075020016,0.5864601343061464,0.10539922456186433,92,f25,200,200,0.10971836890854414,0.1057453481956524,0.11506216422329274,0.11222925692114206,0.022600041282675756,0.71,0.71,0.0,벌어짐,0.8460778117378632,0.7326096417899481,0.7160700023295284,0.5106138764660175,0.0925918454840054,-0.005869258385611642,0.02522315984079815,42.010831337752414,175.0,200.0,0.5267268295852581,1.0,0.25029709853912674,0.19426951524510117,1.8040420263859578,1468.0,200.0,0.125,0.02367962190661166,0.027244545309975,1.0,0.67,0.33,0.05,0.0,,,,,,,,,,
C1,lognormal,20000.0,1.5,0.5,200,1,equal,0.0,0.95,0.5,0.13282736620634106,0.7260243075020016,0.5864601343061464,0.10539922456186433,92,f50,200,200,0.12318326570320465,0.11785286924610905,0.12907867164665576,0.12465543499134454,0.025241782783435057,0.85,0.85,0.0,벌어짐,0.8576383470605142,0.7326096417899481,0.7427528405408909,0.5106138764660175,0.08098607186154977,-0.007906542931221672,0.05113352170442187,31.427436411440702,144.0,200.0,0.5998099554494123,1.0,0.23654512445680187,0.17592042764658455,1.898119502456237,1128.5,200.0,0.28,0.04835349628050378,0.05338933601191431,1.0,0.67,0.33,0.05,0.0,,,,,,,,,,
C1,lognormal,20000.0,1.5,0.5,200,1,equal,0.0,0.95,0.5,0.13282736620634106,0.7260243075020016,0.5864601343061464,0.10539922456186433,92,rep_point,200,200,-0.019047030031301926,-0.019896818483292056,-0.018000875906071245,-0.019309681627716003,0.004985097109082876,0.0,0.0,0.0,없음,0.7122065297746394,0.7326096417899481,0.51,0.5106138764660175,0.00023247577260865349,-0.019251886950688135,0.0,195.88176493001689,200.0,200.0,0.11740999065749633,1.0,0.27373443768339223,0.006235452293028712,0.14499683947162384,200.0,200.0,0.0,0.0,0.0,0.58,0.67,0.12,0.205,0.42,,,,,,,,,,
C1,lognormal,20000.0,1.5,0.5,200,1,equal,0.0,0.95,0.5,0.13282736620634106,0.7260243075020016,0.5864601343061464,0.10539922456186433,92,soft,200,200,0.11615534223585672,0.11114729579413385,0.12260713976735982,0.11774072995927753,0.024291833870013314,0.805,0.805,0.0,벌어짐,0.8503327309019744,0.7326096417899481,0.7305060461272344,0.5106138764660175,0.12394183512395984,-0.008261758619081239,0.0,34.789706557547774,200.0,200.0,0.5700686358282563,1.0,0.2655271790652225,0.20885811603883656,2.1791824109085027,2284.5,200.0,0.0,0.0,0.0,1.0,0.67,0.33,0.05,0.0,,,,,,,,,,
C1,lognormal,50000.0,1.5,-0.5,200,1,equal,0.0,0.95,0.5,-0.1756959017826848,0.7260243075020016,0.5864601343061464,0.10539922456186433,93,any,200,200,-0.12089291252605944,-0.12617085333227296,-0.11593995188750983,-0.1220560522364254,0.026047828167248446,0.82,0.0,0.82,벌어짐,0.5949916416135488,0.7135279913923324,0.33566324281100485,0.5011953891419201,-0.12224401350961922,0.0014869337129325144,0.0,56.49314404539068,200.0,200.0,0.4629074030181071,1.0,0.24754711930299148,-0.30358522638924557,1.5938182332168145,4319.0,200.0,0.0,0.0,0.0,0.0,0.5,0.5,0.755,0.0,,,,,,,,,,
C1,lognormal,50000.0,1.5,-0.5,200,1,equal,0.0,0.95,0.5,-0.1756959017826848,0.7260243075020016,0.5864601343061464,0.10539922456186433,93,center,200,200,-0.15722272462921028,-0.16468769681012374,-0.15274065894614253,-0.16001851004910705,0.03196295430378384,0.975,0.0,0.975,벌어짐,0.5570938908277525,0.7135279913923324,0.29483951437799605,0.5011953891419201,-0.1394957214881657,-0.006253067756737285,-0.01176793094413131,37.87787123603363,186.5,200.0,0.5653403558183263,1.0,0.2577623213814283,-0.26976214119732495,1.9868636287632353,2832.0,200.0,0.06749999999999995,-0.01281462876753281,-0.0105662229408241,0.0,0.5,0.5,0.755,0.0,,,,,,,,,,
C1,lognormal,50000.0,1.5,-0.5,200,1,equal,0.0,0.95,0.5,-0.1756959017826848,0.7260243075020016,0.5864601343061464,0.10539922456186433,93,f01,200,200,-0.12322071713548283,-0.12958058569379194,-0.11996126800413454,-0.12579422311261287,0.026444415910750384,0.835,0.0,0.835,벌어짐,0.591400618793743,0.7135279913923324,0.33203487509077423,0.5011953891419201,-0.12445348705258685,0.0004428387274783563,0.0,54.79501797508448,200.0,200.0,0.472497718787519,1.0,0.24862899361912663,-0.2994380720155023,1.627873928108242,4130.0,200.0,0.0,0.0,0.0,0.0,0.5,0.5,0.755,0.0,,,,,,,,,,
C1,lognormal,50000.0,1.5,-0.5,200,1,equal,0.0,0.95,0.5,-0.1756959017826848,0.7260243075020016,0.5864601343061464,0.10539922456186433,93,f10,200,200,-0.13408563183492345,-0.14059851275952684,-0.13036111103887837,-0.13689201965292697,0.02798436485020563,0.9,0.0,0.9,벌어짐,0.580674745476184,0.7135279913923324,0.3205915370550151,0.5011953891419201,-0.12998016638211302,-0.0021959088952385186,-0.0014134562426525443,49.10521093045277,199.0,200.0,0.5011655723568083,1.0,0.2515167556782074,-0.2921359327335595,1.7437550838980562,3675.5,200.0,0.0050000000000000044,-0.001489659165099022,-0.0013594275829429403,0.0,0.5,0.5,0.755,0.0,,,,,,,,,,
C1,lognormal,50000.0,1.5,-0.5,200,1,equal,0.0,0.95,0.5,-0.1756959017826848,0.7260243075020016,0.5864601343061464,0.10539922456186433,93,f25,200,200,-0.14566677894717206,-0.15234477185475315,-0.14195945727255255,-0.14846435059502194,0.029742495080892797,0.96,0.0,0.96,벌어짐,0.5680470413270077,0.7135279913923324,0.30668467561292656,0.5011953891419201,-0.13279149130734924,-0.00445865423411268,-0.007538299897246303,43.59319615178384,192.0,200.0,0.5300077531981242,1.0,0.25465925052667066,-0.27930581727938225,1.8443432459968563,3269.0,200.0,0.040000000000000036,-0.008368027050813076,-0.0068015881348747476,0.0,0.5,0.5,0.755,0.0,,,,,,,,,,
C1,lognormal,50000.0,1.5,-0.5,200,1,equal,0.0,0.95,0.5,-0.1756959017826848,0.7260243075020016,0.5864601343061464,0.10539922456186433,93,f50,200,200,-0.16144990987679653,-0.16938171352784326,-0.1566226799725784,-0.1641117154309736,0.03236608817496397,0.98,0.0,0.98,벌어짐,0.5532058524006478,0.7135279913923324,0.2894906133562625,0.5011953891419201,-0.13245827389176879,-0.007223400400020841,-0.022303135159021104,36.71365184047135,177.0,200.0,0.575693276944969,1.0,0.2596329275257939,-0.25851271224746064,1.9611745268031406,2769.5,200.0,0.11499999999999999,-0.0230207483075191,-0.020791102947381734,0.0,0.5,0.5,0.755,0.0,,,,,,,,,,
C1,lognormal,50000.0,1.5,-0.5,200,1,equal,0.0,0.95,0.5,-0.1756959017826848,0.7260243075020016,0.5864601343061464,0.10539922456186433,93,rep_point,200,200,-0.005933136306838338,-0.006994430070846769,-0.00477142832734212,-0.006085318441447869,0.005802523301369456,0.0,0.0,0.0,없음,0.7072574120603015,0.7135279913923324,0.5050252525252525,0.5011953891419201,-0.0010642066167509956,-0.005216400431248214,0.0,191.57392036424864,200.0,200.0,0.13405029309769068,1.0,0.277727631293211,-0.019056614071024915,0.20972179403237468,200.0,200.0,0.0,0.0,0.0,0.545,0.5,0.125,0.125,0.545,,,,,,,,,,
C1,lognormal,50000.0,1.5,-0.5,200,1,equal,0.0,0.95,0.5,-0.1756959017826848,0.7260243075020016,0.5864601343061464,0.10539922456186433,93,soft,200,200,-0.15630354036238092,-0.16518361854821306,-0.1525066663764546,-0.15995272727599466,0.031985037340981924,0.97,0.0,0.97,벌어짐,0.5574199082705908,0.7135279913923324,0.2949067745905627,0.5011953891419201,-0.15022692647075742,-0.005901430053611767,0.0,38.00597925729007,200.0,200.0,0.5643964828996978,1.0,0.2547797681401753,-0.28434556618208834,2.064541654926704,4319.0,200.0,0.0,0.0,0.0,0.0,0.5,0.5,0.755,0.0,,,,,,,,,,
C1,lognormal,50000.0,1.5,0.0,200,1,equal,0.0,0.95,0.5,0.0,0.7367420049605218,0.5864601343061464,0.10539922456186433,94,any,200,200,0.001457593379561195,-0.0022050668302779908,0.0038443458115100526,0.0001686976763915793,0.02029583889115689,0.0,0.0,0.0,없음,0.7359911353142357,0.7375141351965271,0.4902775962812926,0.4933102641641456,0.0014552778920159382,-0.0001952905197707966,0.0,52.55016457435249,200.0,200.0,0.4738125071361825,1.0,0.22992911073687688,0.004086256332913713,1.675079073892288,4361.5,200.0,0.0,0.0,0.0,0.395,0.435,0.31,0.085,0.02,,,,,,,,,,
C1,lognormal,50000.0,1.5,0.0,200,1,equal,0.0,0.95,0.5,0.0,0.7367420049605218,0.5864601343061464,0.10539922456186433,94,center,200,200,-0.0071863886564300095,-0.012048585096414488,-0.0044071539221354206,-0.009012477454603072,0.026433878190190083,0.0,0.0,0.0,없음,0.7263793256290343,0.7375141351965271,0.48984680877385955,0.4933102641641456,0.00208084140853676,-0.009706694311314323,-0.00015953204609481242,34.51556773156,186.0,200.0,0.5763069211863797,1.0,0.23819660025491984,0.003869262753519037,2.0951399262018033,2847.0,200.0,0.06999999999999995,-0.0008303708286213629,0.000641298338260321,0.435,0.435,0.34,0.185,0.04,,,,,,,,,,
C1,lognormal,50000.0,1.5,0.0,200,1,equal,0.0,0.95,0.5,0.0,0.7367420049605218,0.5864601343061464,0.10539922456186433,94,f01,200,200,0.0003565265213926194,-0.0033981838703170952,0.002708286178264241,-0.0010205640949334605,0.020780431074042774,0.0,0.0,0.0,없음,0.7344731654655074,0.7375141351965271,0.4912563007619526,0.4933102641641456,0.0021000891383789466,-0.0014054245438982482,0.0,50.47231889573622,200.0,200.0,0.48340902460408874,1.0,0.23138238851891996,0.005089792178915942,1.721224176144036,4173.5,200.0,0.0,0.0,0.0,0.39,0.435,0.315,0.085,0.025,,,,,,,,,,
C1,lognormal,50000.0,1.5,0.0,200,1,equal,0.0,0.95,0.5,0.0,0.7367420049605218,0.5864601343061464,0.10539922456186433,94,f10,200,200,-0.002570855602953781,-0.006399161247817586,-0.00010351705201805395,-0.004028663681075129,0.0223341423028375,0.0,0.0,0.0,없음,0.7314167543309562,0.7375141351965271,0.48993002468821656,0.4933102641641456,0.0008532227946463355,-0.004213759180799248,0.0,44.85033396468407,199.0,200.0,0.5122117003675061,1.0,0.23444559868633563,0.0017806884644200034,1.8525733790999972,3723.5,200.0,0.0050000000000000044,0.0,0.0,0.395,0.435,0.32,0.11,0.0,,,,,,,,,,
C1,lognormal,50000.0,1.5,0.0,200,1,equal,0.0,0.95,0.5,0.0,0.7367420049605218,0.5864601343061464,0.10539922456186433,94,f25,200,200,-0.005364453755732745,-0.008403811142977724,-0.0024942510338293866,-0.00654913091958702,0.024337952366980265,0.0,0.0,0.0,없음,0.7295405899520486,0.7375141351965271,0.48961742348506865,0.4933102641641456,0.0011781989719626962,-0.0069165787613270635,-0.0007239265231691605,39.51998081154095,192.0,200.0,0.5418900401142315,1.0,0.23577059267973766,0.003123324835327404,1.9640799706942862,3292.5,200.0,0.040000000000000036,-0.001261378628838683,9.184114012406042e-05,0.395,0.435,0.32,0.145,0.01,,,,,,,,,,
C1,lognormal,50000.0,1.5,0.0,200,1,equal,0.0,0.95,0.5,0.0,0.7367420049605218,0.5864601343061464,0.10539922456186433,94,f50,200,200,-0.00757458092283636,-0.012359244184880658,-0.0050312296349178665,-0.009372723107613551,0.027101983494277674,0.0,0.0,0.0,없음,0.727337233865349,0.7375141351965271,0.4904221449155236,0.4933102641641456,0.0009525300140969528,-0.010014153556175964,-0.00041330121039490075,33.36701191224352,177.0,200.0,0.5869618507584944,1.0,0.23739941711458254,0.002522572214097647,2.068100205927683,2789.0,200.0,0.11499999999999999,-0.0011334206882381848,0.0011801313586119466,0.425,0.435,0.35,0.195,0.05,,,,,,,,,,
C1,lognormal,50000.0,1.5,0.0,200,1,equal,0.0,0.95,0.5,0.0,0.7367420049605218,0.5864601343061464,0.10539922456186433,94,rep_point,200,200,-0.024116646908202533,-0.0250281973747426,-0.02289808573654173,-0.024925231544286514,0.006791795882806411,0.0,0.0,0.0,없음,0.7125252261168105,0.7375141351965271,0.495,0.4933102641641456,-0.0002813233437762852,-0.02393183807567628,0.0,191.92261473503896,200.0,200.0,0.13281835745844298,1.0,0.2609144029663389,-0.0053004051745222484,0.20514893109988577,200.0,200.0,0.0,0.0,0.0,0.43,0.435,0.145,0.195,0.365,,,,,,,,,,
C1,lognormal,50000.0,1.5,0.0,200,1,equal,0.0,0.95,0.5,0.0,0.7367420049605218,0.5864601343061464,0.10539922456186433,94,soft,200,200,-0.007477294358729236,-0.012314017602863991,-0.00437694323953175,-0.009109237079376171,0.026452580456439948,0.0,0.0,0.0,없음,0.7270363855882602,0.7375141351965271,0.4907716150191751,0.4933102641641456,0.0022211301889940582,-0.009646440713874938,0.0,34.56297149282133,200.0,200.0,0.5766848002056781,1.0,0.2377698172432644,0.0047456134126994415,2.187843207906659,4361.5,200.0,0.0,0.0,0.0,0.42,0.435,0.345,0.185,0.025,,,,,,,,,,
C1,lognormal,50000.0,1.5,0.5,200,1,equal,0.0,0.95,0.5,0.13282736620634106,0.7260243075020016,0.5864601343061464,0.10539922456186433,95,any,200,200,0.09829203638991052,0.09484967160705626,0.10084563188249729,0.09822258252646854,0.01635605887927222,0.44,0.44,0.0,가끔,0.8327946761142375,0.7349244516430388,0.6495060045013225,0.4773441029380069,0.0990327269355209,-0.0011045080633005355,0.0,55.51708150302065,200.0,200.0,0.4633508348149969,1.0,0.2517950592475142,0.2348289153683306,1.6132289510721538,4344.0,200.0,0.0,0.0,0.0,1.0,0.215,0.785,0.05,0.0,,,,,,,,,,
C1,lognormal,50000.0,1.5,0.5,200,1,equal,0.0,0.95,0.5,0.13282736620634106,0.7260243075020016,0.5864601343061464,0.10539922456186433,95,center,200,200,0.11013618497485345,0.10653368346282444,0.11340327767475356,0.10998620502422377,0.019951132668600536,0.675,0.675,0.0,벌어짐,0.8434686795671922,0.7349244516430388,0.6913932381222101,0.4773441029380069,0.1058749092876512,-0.011849081921689486,0.014904697978375736,37.39536229470336,187.0,200.0,0.5612795323356194,1.0,0.2496162582298292,0.20250966744079857,1.988704809563182,2843.5,200.0,0.06499999999999995,0.01410479088180605,0.015759637167258256,1.0,0.215,0.785,0.05,0.0,,,,,,,,,,
C1,lognormal,50000.0,1.5,0.5,200,1,equal,0.0,0.95,0.5,0.13282736620634106,0.7260243075020016,0.5864601343061464,0.10539922456186433,95,f01,200,200,0.0986070015344993,0.09520160788011811,0.10180884648067767,0.09903334304230023,0.016593283761526006,0.48,0.48,0.0,가끔,0.833719522950026,0.7349244516430388,0.6538076407887232,0.4773441029380069,0.10140907739733929,-0.0026432255870804666,0.0,53.536692970602274,200.0,200.0,0.47243927053149365,1.0,0.25251498066184597,0.23400734555094874,1.6540340111446825,4150.0,200.0,0.0,0.0,0.0,1.0,0.215,0.785,0.05,0.0,,,,,,,,,,
C1,lognormal,50000.0,1.5,0.5,200,1,equal,0.0,0.95,0.5,0.13282736620634106,0.7260243075020016,0.5864601343061464,0.10539922456186433,95,f10,200,200,0.10260445169169702,0.09942288243920061,0.10562107190441394,0.10258984499008171,0.01758851039630639,0.565,0.565,0.0,벌어짐,0.8370215653361276,0.7349244516430388,0.6648135279223216,0.4773441029380069,0.10614833841723142,-0.0057763335551082595,0.002423814748914954,47.92394130235982,199.0,200.0,0.5006412131892858,1.0,0.2527215311063596,0.2259795789041348,1.7715208992927898,3707.0,200.0,0.0050000000000000044,0.0017177749819661248,0.0029757873392068923,1.0,0.215,0.785,0.05,0.0,,,,,,,,,,
C1,lognormal,50000.0,1.5,0.5,200,1,equal,0.0,0.95,0.5,0.13282736620634106,0.7260243075020016,0.5864601343061464,0.10539922456186433,95,f25,200,200,0.1070583701578679,0.1031174823485832,0.10991043239578557,0.10685591023594494,0.018705372511463605,0.635,0.635,0.0,벌어짐,0.8404716064441511,0.7349244516430388,0.6785538823655631,0.4773441029380069,0.1045218748628694,-0.008425690090794358,0.010059755111187063,42.57761237589352,192.0,200.0,0.5294539224277185,1.0,0.24941055875060691,0.21148529664413845,1.8733331436612133,3291.0,200.0,0.040000000000000036,0.0089486382954711,0.011121455035805417,1.0,0.215,0.785,0.05,0.0,,,,,,,,,,
C1,lognormal,50000.0,1.5,0.5,200,1,equal,0.0,0.95,0.5,0.13282736620634106,0.7260243075020016,0.5864601343061464,0.10539922456186433,95,f50,200,200,0.11304947728378179,0.10938548685742322,0.1159104431409731,0.11274686016546923,0.02041183296126513,0.74,0.74,0.0,벌어짐,0.8457294283374458,0.7349244516430388,0.6966977759314774,0.4773441029380069,0.09644342587732196,-0.011524250609915021,0.025683335493083104,36.04340753605149,176.0,200.0,0.5734042479881121,1.0,0.24139719367394458,0.19383789596670367,1.9804169104263059,2788.0,200.0,0.12,0.0239739445411441,0.027816815483996282,1.0,0.215,0.785,0.05,0.0,,,,,,,,,,
C1,lognormal,50000.0,1.5,0.5,200,1,equal,0.0,0.95,0.5,0.13282736620634106,0.7260243075020016,0.5864601343061464,0.10539922456186433,95,rep_point,200,200,-0.039648181227459944,-0.04154658529007438,-0.03856838892228798,-0.04073627627268642,0.008199520292613288,0.0,0.0,0.0,없음,0.6937521425735622,0.7349244516430388,0.47355464189635044,0.4773441029380069,0.0007132511244236639,-0.040572308747809815,0.0,192.19786920646789,200.0,200.0,0.1330544903010416,1.0,0.26961680166978563,0.012983117435795014,0.2014799535117564,200.0,200.0,0.0,0.0,0.0,0.21,0.215,0.085,0.605,0.79,,,,,,,,,,
C1,lognormal,50000.0,1.5,0.5,200,1,equal,0.0,0.95,0.5,0.13282736620634106,0.7260243075020016,0.5864601343061464,0.10539922456186433,95,soft,200,200,0.11019048416727345,0.10639661096672548,0.11374122951568233,0.1101804847478758,0.019918322164920656,0.695,0.695,0.0,벌어짐,0.8433458560717326,0.7349244516430388,0.691222757062426,0.4773441029380069,0.12217916762779191,-0.01207420050683844,0.0,37.41045880923146,200.0,200.0,0.5631483906639573,0.9999999999999999,0.25622519354800116,0.2187357533211522,2.0847399833015103,4344.0,200.0,0.0,0.0,0.0,1.0,0.215,0.785,0.05,0.0,,,,,,,,,,
C2,pareto,5000.0,1.0,-0.5,200,1,equal,0.0,0.95,0.5,,0.7260243075020016,,,96,any,200,200,-0.1314455231244106,-0.14096121201323142,-0.11924721448554598,-0.15040704752473164,0.0775198979565321,0.685,0.0,0.685,벌어짐,0.5970911107681226,0.7232433235885178,0.38370937167691527,0.5291946656118638,-0.1313921976887334,0.0005707307952761975,0.0,61.84033421823806,200.0,200.0,0.37736883277184907,1.0,0.27092213647359575,-0.3013198011636056,1.4947028065560457,1005.0,200.0,0.0,0.0,0.0,0.0,0.775,0.775,0.855,0.0,,,,,,,,,,
C2,pareto,5000.0,1.0,-0.5,200,1,equal,0.0,0.95,0.5,,0.7260243075020016,,,96,center,200,200,-0.2680298585330607,-0.28624126008553125,-0.24462312544153947,-0.28865673516550705,0.10984097827005908,1.0,0.0,1.0,벌어짐,0.4592124717013584,0.7232433235885178,0.23655292076344708,0.5291946656118638,-0.21557784016784093,-0.00351027819475197,-0.046698192576622166,15.931659998056633,117.0,200.0,0.6526972406102637,1.0,0.2941819581960764,-0.2822805614788111,2.477471409686283,332.5,200.0,0.41500000000000004,-0.05057373739994475,-0.0430639658898363,0.0,0.775,0.775,0.855,0.0,,,,,,,,,,
C2,pareto,5000.0,1.0,-0.5,200,1,equal,0.0,0.95,0.5,,0.7260243075020016,,,96,f01,200,200,-0.13926825317843522,-0.14950475331939073,-0.12760801317187476,-0.1602972430839724,0.08064608881859175,0.79,0.0,0.79,벌어짐,0.5879898048190491,0.7232433235885178,0.37679385649148067,0.5291946656118638,-0.1396042127327189,3.2319289103521776e-05,0.0,58.556148119128466,200.0,200.0,0.39296019728543496,1.0,0.2718303527517272,-0.2957838897771817,1.5541960309652474,901.5,200.0,0.0,0.0,0.0,0.0,0.775,0.775,0.855,0.0,,,,,,,,,,
C2,pareto,5000.0,1.0,-0.5,200,1,equal,0.0,0.95,0.5,,0.7260243075020016,,,96,f10,200,200,-0.17838325422460577,-0.19273066074962475,-0.16238824065110846,-0.20006655473315388,0.09145614526471127,0.945,0.0,0.945,벌어짐,0.5512899366465707,0.7232433235885178,0.33502025190527795,0.5291946656118638,-0.17778903197796025,-0.0015836158395148292,0.0,40.292399278160474,200.0,200.0,0.4674983320831232,1.0,0.27444188514956314,-0.2894374114676977,1.9909085218938767,651.5,200.0,0.0,0.0,0.0,0.0,0.775,0.775,0.855,0.0,,,,,,,,,,
C2,pareto,5000.0,1.0,-0.5,200,1,equal,0.0,0.95,0.5,,0.7260243075020016,,,96,f25,200,200,-0.24154286740222478,-0.26206958504799527,-0.22465685282446263,-0.2641682342413557,0.10201511497762408,1.0,0.0,1.0,벌어짐,0.48489850817642344,0.7232433235885178,0.25904323630136983,0.5291946656118638,-0.20763432142847316,-0.0030353266022612457,-0.031400667322983356,21.97677321694364,145.0,200.0,0.6003918825247466,1.0,0.2879475724405439,-0.29150146368026814,2.3403084687778173,436.5,200.0,0.275,-0.03312977383243265,-0.029560761666141744,0.0,0.775,0.775,0.855,0.0,,,,,,,,,,
C2,pareto,5000.0,1.0,-0.5,200,1,equal,0.0,0.95,0.5,,0.7260243075020016,,,96,f50,200,200,-0.34218429461835176,-0.36444026588872575,-0.3223062461405231,-0.36025968045012746,0.10909846054692289,1.0,0.0,1.0,벌어짐,0.3779462026480378,0.7232433235885178,0.15439570119802679,0.5291946656118638,-0.20794029768981476,-0.004833163843292521,-0.1307742581128108,9.590473238300463,61.0,200.0,0.8168804918059467,1.0,0.3063426658474972,-0.28465997474044247,2.2626498961338903,258.5,200.0,0.6950000000000001,-0.13516078153417233,-0.12474163221640411,0.0,0.775,0.775,0.855,0.0,,,,,,,,,,
C2,pareto,5000.0,1.0,-0.5,200,1,equal,0.0,0.95,0.5,,0.7260243075020016,,,96,rep_point,200,200,-0.0016419778739200641,-0.0022411975305215437,-0.0008168662755565492,-0.0013549825579467318,0.003178388075141849,0.0,0.0,0.0,없음,0.7224570351758794,0.7232433235885178,0.5316377807404369,0.5291946656118638,-0.0003562718138454546,-0.0013090819147570376,0.0,198.17567633079832,200.0,200.0,0.10648969835938871,1.0,0.2794488353419962,-0.011939894466277925,0.09594572926576152,200.0,200.0,0.0,0.0,0.0,0.765,0.775,0.05,0.05,0.765,,,,,,,,,,
C2,pareto,5000.0,1.0,-0.5,200,1,equal,0.0,0.95,0.5,,0.7260243075020016,,,96,soft,200,200,-0.2672978769643243,-0.28799539116554207,-0.2459360007757796,-0.2892238688835457,0.10984412130833048,1.0,0.0,1.0,벌어짐,0.4602530872210162,0.7232433235885178,0.23985346499179422,0.5291946656118638,-0.2642261490469444,-0.002866816685122564,0.0,16.654388808596362,200.0,200.0,0.6461232606378242,1.0,0.27471849274065197,-0.27674855418556077,3.3179581938368212,1005.0,200.0,0.0,0.0,0.0,0.0,0.775,0.775,0.855,0.0,,,,,,,,,,
C2,pareto,5000.0,1.0,0.0,200,1,equal,0.0,0.95,0.5,,0.7367420049605218,,,97,any,200,200,0.0018003404660320022,-0.0016990488775857626,0.004841311491752265,0.0010578531321340644,0.024162806106498284,0.0,0.0,0.0,없음,0.7390912734012348,0.7361103356421645,0.5284081503481182,0.5247934003045337,0.0022076455431164765,0.0003141956981470573,0.0,58.33393941714406,200.0,200.0,0.38373548607509356,1.0,0.24903764774329185,0.004323103070193705,1.5583784310604076,1013.5,200.0,0.0,0.0,0.0,0.715,0.78,0.195,0.095,0.065,,,,,,,,,,
C2,pareto,5000.0,1.0,0.0,200,1,equal,0.0,0.95,0.5,,0.7367420049605218,,,97,center,200,200,-0.003222861912593744,-0.007895442877645209,0.004115135637599021,-0.004498609894681344,0.05020243452146593,0.045,0.005,0.04,없음,0.7374876550059171,0.7361103356421645,0.5247535537280105,0.5247934003045337,0.004108785730664588,-0.004549199735600806,-0.0013874751370971383,15.809987555789546,118.0,200.0,0.6652910035709132,1.0,0.25685672133963566,0.0060223283041764275,2.5395704423650916,344.0,200.0,0.41000000000000003,-0.0038763489600074363,0.0023386427371681062,0.61,0.78,0.32,0.275,0.09,,,,,,,,,,
C2,pareto,5000.0,1.0,0.0,200,1,equal,0.0,0.95,0.5,,0.7367420049605218,,,97,f01,200,200,0.0019517584780488484,-0.004271201583242457,0.004936589823564819,0.0004854908189791773,0.02586041228929856,0.005,0.005,0.0,없음,0.7390694255792145,0.7361103356421645,0.5271174005358116,0.5247934003045337,0.002970539579065179,-0.0004880711691319095,0.0,53.333108362070604,200.0,200.0,0.40165611061287804,1.0,0.24996728536870583,0.004567040973353214,1.6583270545199904,916.5,200.0,0.0,0.0,0.0,0.695,0.78,0.205,0.11,0.055,,,,,,,,,,
C2,pareto,5000.0,1.0,0.0,200,1,equal,0.0,0.95,0.5,,0.7367420049605218,,,97,f10,200,200,0.0007178894128561653,-0.00308107020515469,0.004694532291035114,-0.0006769006257096205,0.03190115411713382,0.005,0.005,0.0,없음,0.7376388195565349,0.7361103356421645,0.5272418058132344,0.5247934003045337,0.0032842437398641344,-0.002120881675028774,0.0,37.15195037640886,200.0,200.0,0.47757084021903273,1.0,0.25261303563613946,0.00552666303591794,2.0877503594417375,664.5,200.0,0.0,0.0,0.0,0.65,0.78,0.26,0.175,0.0,,,,,,,,,,
C2,pareto,5000.0,1.0,0.0,200,1,equal,0.0,0.95,0.5,,0.7367420049605218,,,97,f25,200,200,-0.00024286159317526979,-0.006292153333056105,0.00577976919380363,-0.0024518898926493564,0.043104887053940694,0.02,0.005,0.015,없음,0.737987219501774,0.7361103356421645,0.5250330378283135,0.5247934003045337,0.003994582027163629,-0.003645246732824292,-0.000603309633783855,21.552939841628067,146.0,200.0,0.6102421902098454,1.0,0.25524845841717203,0.005606504883078218,2.4019016156653743,457.0,200.0,0.27,-0.0031070424775093697,0.0018842223544111025,0.635,0.78,0.305,0.24,0.065,,,,,,,,,,
C2,pareto,5000.0,1.0,0.0,200,1,equal,0.0,0.95,0.5,,0.7367420049605218,,,97,f50,200,200,-0.0013600730984067444,-0.010345661888014668,0.01163442514491031,-0.005261186550890251,0.06228959820287671,0.12,0.045,0.075,가끔,0.7357019742691876,0.7361103356421645,0.5282045454545454,0.5247934003045337,0.005799138707601126,-0.0046698018176612455,0.00032930607339182183,9.868352477065798,62.0,200.0,0.8228508910723056,1.0,0.2489358025748536,0.009262540157344436,2.2803762627203477,269.0,200.0,0.69,-0.005358178653447676,0.005312707082860246,0.595,0.78,0.345,0.29,0.105,,,,,,,,,,
C2,pareto,5000.0,1.0,0.0,200,1,equal,0.0,0.95,0.5,,0.7367420049605218,,,97,rep_point,200,200,-0.005547532223292739,-0.005931686716489248,-0.004981323263560045,-0.005520049393442269,0.0029672368067035146,0.0,0.0,0.0,없음,0.7320709798994975,0.7361103356421645,0.525,0.5247934003045337,0.0,-0.005272050133802775,0.0,198.2699950677768,200.0,200.0,0.10680195180122895,1.0,0.2594730410232697,-2.192880036630893e-16,0.09340928206676669,200.0,200.0,0.0,0.0,0.0,0.765,0.78,0.045,0.02,0.265,,,,,,,,,,
C2,pareto,5000.0,1.0,0.0,200,1,equal,0.0,0.95,0.5,,0.7367420049605218,,,97,soft,200,200,-0.0011681684893331545,-0.005753901666287753,0.006919254807143949,-0.003606994248534041,0.049135575138384686,0.045,0.005,0.04,없음,0.7378876667515804,0.7361103356421645,0.5307531946447716,0.5247934003045337,0.0029051593489592964,-0.004049942268779083,0.0,15.77299324995602,200.0,200.0,0.6612113945115803,1.0,0.25307091567214546,0.004563875007664957,3.4178774844894235,1013.5,200.0,0.0,0.0,0.0,0.62,0.78,0.31,0.26,0.08,,,,,,,,,,
C2,pareto,5000.0,1.0,0.5,200,1,equal,0.0,0.95,0.5,,0.7260243075020016,,,98,any,200,200,0.07838249377258844,0.07293334003004126,0.08333814532460293,0.08332961584170764,0.029334198342287943,0.225,0.225,0.0,가끔,0.8050252646738887,0.7267549265520852,0.6545674458708565,0.5129639383407041,0.07778335515939216,-0.0002571916048147993,0.0,64.16750363589617,200.0,200.0,0.37673819191514546,1.0,0.2669429187679665,0.19212536462675533,1.4549373259790417,1005.5,200.0,0.0,0.0,0.0,1.0,0.65,0.35,0.085,0.0,,,,,,,,,,
C2,pareto,5000.0,1.0,0.5,200,1,equal,0.0,0.95,0.5,,0.7260243075020016,,,98,center,200,200,0.149337838187801,0.1444216011664693,0.15560553955996936,0.15117772391924456,0.0389739097093283,0.9,0.9,0.0,벌어짐,0.8741687782424123,0.7267549265520852,0.7889759323245562,0.5129639383407041,0.11469554395317605,-0.004114496542447055,0.03680835332300347,17.083573254173185,118.0,200.0,0.6534517847030766,1.0,0.2572860423159438,0.1809610916768351,2.4105710953708193,334.0,200.0,0.41000000000000003,0.03315006089617689,0.04126733951274886,1.0,0.65,0.35,0.085,0.0,,,,,,,,,,
C2,pareto,5000.0,1.0,0.5,200,1,equal,0.0,0.95,0.5,,0.7260243075020016,,,98,f01,200,200,0.0821856193611395,0.07759986321549339,0.08932986708513824,0.08785675307050889,0.030754458695934198,0.275,0.275,0.0,가끔,0.8098186400700855,0.7267549265520852,0.6646064602200232,0.5129639383407041,0.08373126424512972,-0.001079034629515585,0.0,57.96226163173372,200.0,200.0,0.3933402823699923,1.0,0.26775312041919724,0.19023033801152972,1.565416426915367,909.0,200.0,0.0,0.0,0.0,1.0,0.65,0.35,0.085,0.0,,,,,,,,,,
C2,pareto,5000.0,1.0,0.5,200,1,equal,0.0,0.95,0.5,,0.7260243075020016,,,98,f10,200,200,0.10327838745910123,0.09854294232809746,0.11000989939053718,0.10850170974855448,0.0338588376404041,0.54,0.54,0.0,벌어짐,0.8313398604684692,0.7267549265520852,0.7024543431908779,0.5129639383407041,0.10438795560164332,-0.002307170472316933,0.0,39.82066943004182,200.0,200.0,0.4685633129557504,1.0,0.2703984299300606,0.18588997904314053,2.002488017687382,657.0,200.0,0.0,0.0,0.0,1.0,0.65,0.35,0.085,0.0,,,,,,,,,,
C2,pareto,5000.0,1.0,0.5,200,1,equal,0.0,0.95,0.5,,0.7260243075020016,,,98,f25,200,200,0.1394022638814031,0.13313183965822772,0.1449921216113218,0.14258347750450362,0.03620550371958601,0.895,0.895,0.0,벌어짐,0.865196525718841,0.7267549265520852,0.7704556146636268,0.5129639383407041,0.11362540413673655,-0.002999564655236042,0.029082605987741317,22.526103331573538,145.0,200.0,0.5978969323694541,1.0,0.26071662454921873,0.17982885793786324,2.3162911826902857,443.5,200.0,0.275,0.025757850715808273,0.03167464292454725,1.0,0.65,0.35,0.085,0.0,,,,,,,,,,
C2,pareto,5000.0,1.0,0.5,200,1,equal,0.0,0.95,0.5,,0.7260243075020016,,,98,f50,200,200,0.19370397083503382,0.18795575864237946,0.19993395909196232,0.19332374215446077,0.03322722854280421,0.99,0.99,0.0,벌어짐,0.9198541030016905,0.7267549265520852,0.8711981566820277,0.5129639383407041,0.08906047657143434,-0.0029742206416702444,0.10583250050333359,10.752091724364384,62.0,200.0,0.8133425480260892,1.0,0.21542260783066083,0.17823073166996006,2.1375954374200057,261.0,200.0,0.69,0.10141660235905847,0.10863678837708635,1.0,0.65,0.35,0.085,0.0,,,,,,,,,,
C2,pareto,5000.0,1.0,0.5,200,1,equal,0.0,0.95,0.5,,0.7260243075020016,,,98,rep_point,200,200,-0.007777646041262298,-0.008513735693898572,-0.00736783588198231,-0.008810984433422243,0.004689482664286296,0.0,0.0,0.0,없음,0.7175054648241206,0.7267549265520852,0.515,0.5129639383407041,2.4506655429523683e-05,-0.007782528071429651,0.0,198.2671292233082,200.0,200.0,0.10693292325860251,1.0,0.2730767448960186,0.0009861362563493659,0.09348838674455281,200.0,200.0,0.0,0.0,0.0,0.66,0.65,0.07,0.1,0.34,,,,,,,,,,
C2,pareto,5000.0,1.0,0.5,200,1,equal,0.0,0.95,0.5,,0.7260243075020016,,,98,soft,200,200,0.14774439409517387,0.14303863513764148,0.1544270156298767,0.15196508555037497,0.03776885683875579,0.92,0.92,0.0,벌어짐,0.8761552013624447,0.7267549265520852,0.7907305017154443,0.5129639383407041,0.15327088589976084,-0.004772598109083648,0.0,17.359292411830978,200.0,200.0,0.648058892724164,1.0,0.26934504065216225,0.17513574320127023,3.243650450307706,1005.5,200.0,0.0,0.0,0.0,1.0,0.65,0.35,0.085,0.0,,,,,,,,,,
C2,pareto,5000.0,1.5,-0.5,200,1,equal,0.0,0.95,0.5,,0.7260243075020016,,,99,any,200,200,-0.05788299960729221,-0.06453387192926996,-0.05493429641539593,-0.06645039564401889,0.032733594271560064,0.095,0.0,0.095,없음,0.6678128649335712,0.7316028119031738,0.4616376600959827,0.539035975168227,-0.05783870843629252,0.00040025190347903195,0.0,144.77754669576353,200.0,200.0,0.23040836359636546,1.0,0.27110835894397445,-0.33340677237928307,0.6176000501801266,783.0,200.0,0.0,0.0,0.0,0.105,0.84,0.735,0.775,0.08,,,,,,,,,,
C2,pareto,5000.0,1.5,-0.5,200,1,equal,0.0,0.95,0.5,,0.7260243075020016,,,99,center,200,200,-0.15058878660952002,-0.1642245061284464,-0.14259449941871394,-0.16602905313851668,0.07259226890335875,0.86,0.0,0.86,벌어짐,0.5770239947334634,0.7316028119031738,0.35555555555555557,0.539035975168227,-0.10550380888843486,-0.0035895837125378693,-0.04223060154530822,54.427123504335334,115.0,200.0,0.42926331273747265,1.0,0.2941884466493441,-0.32445184425419593,1.0558282188702592,172.0,200.0,0.42500000000000004,-0.044894416199539044,-0.03937877869142348,0.01,0.84,0.83,0.91,0.015,,,,,,,,,,
C2,pareto,5000.0,1.5,-0.5,200,1,equal,0.0,0.95,0.5,,0.7260243075020016,,,99,f01,200,200,-0.0635233069390102,-0.06947910942308066,-0.059772986009705265,-0.07180739531088993,0.035109382575980126,0.135,0.0,0.135,가끔,0.6628384201441104,0.7316028119031738,0.45650729511308785,0.539035975168227,-0.06335794797857636,7.380027987646809e-05,0.0,138.7777080458168,200.0,200.0,0.2402208289123714,1.0,0.27175134197943984,-0.33402845158811334,0.6641939995464065,693.0,200.0,0.0,0.0,0.0,0.085,0.84,0.755,0.795,0.06,,,,,,,,,,
C2,pareto,5000.0,1.5,-0.5,200,1,equal,0.0,0.95,0.5,,0.7260243075020016,,,99,f10,200,200,-0.087842182515528,-0.09535705645932935,-0.08276619713293687,-0.09814766790760128,0.045203992096081745,0.38,0.0,0.38,가끔,0.6415062142926256,0.7316028119031738,0.4300881221409685,0.539035975168227,-0.08550138254920264,-0.0015455237600107696,0.0,114.71584165433883,200.0,200.0,0.28627981318532375,1.0,0.27399720789727017,-0.3429403835087869,0.8622354208269654,456.5,200.0,0.0,0.0,0.0,0.025,0.84,0.815,0.875,0.0,,,,,,,,,,
C2,pareto,5000.0,1.5,-0.5,200,1,equal,0.0,0.95,0.5,,0.7260243075020016,,,99,f25,200,200,-0.13428402867176886,-0.14057428967357388,-0.12469333285069184,-0.14660357443207045,0.06167008501960581,0.81,0.0,0.81,벌어짐,0.5958938198204267,0.7316028119031738,0.37525510204081636,0.539035975168227,-0.10898933507802278,-0.0033394768534044106,-0.021660713591730718,70.65919795273066,155.0,200.0,0.3871949585924125,1.0,0.28483986802108396,-0.32923042852290174,1.0914804596388703,258.5,200.0,0.22499999999999998,-0.023813552784704095,-0.0202541050095999,0.0,0.84,0.84,0.915,0.025,,,,,,,,,,
C2,pareto,5000.0,1.5,-0.5,200,1,equal,0.0,0.95,0.5,,0.7260243075020016,,,99,f50,200,200,-0.2773521046267112,-0.2953608039519933,-0.26768799066820126,-0.2970741231036746,0.08952384006720916,0.995,0.0,0.995,벌어짐,0.4451967959288062,0.7316028119031738,0.202572601010101,0.539035975168227,-0.12722097228085177,-0.004390862129550477,-0.15033643780823758,19.93474422583986,48.0,200.0,0.711586022278351,1.0,0.31157054144004526,-0.33492745211900543,1.1587242424790958,91.5,200.0,0.76,-0.1568846685026436,-0.14536048564377457,0.0,0.84,0.84,0.92,0.025,,,,,,,,,,
C2,pareto,5000.0,1.5,-0.5,200,1,equal,0.0,0.95,0.5,,0.7260243075020016,,,99,rep_point,200,200,-0.002259104805439671,-0.0026773299732294475,-0.0018918628996428266,-0.0021283581251934375,0.0025677435276690455,0.0,0.0,0.0,없음,0.7291900169249681,0.7316028119031738,0.54,0.539035975168227,-3.301351223022886e-05,-0.00236574392224298,0.0,199.33564121269484,200.0,200.0,0.10257531917169202,1.0,0.27825461040072236,-0.004344907861844335,0.05773095272348555,200.0,200.0,0.0,0.0,0.0,0.825,0.84,0.025,0.025,0.8,,,,,,,,,,
C2,pareto,5000.0,1.5,-0.5,200,1,equal,0.0,0.95,0.5,,0.7260243075020016,,,99,soft,200,200,-0.14969921556055749,-0.1598784333271287,-0.13939810234643735,-0.16539944548755423,0.07245630997327776,0.865,0.0,0.865,벌어짐,0.5831085634004619,0.7316028119031738,0.36033777092236496,0.539035975168227,-0.14669716883457062,-0.003030259905442201,0.0,62.984989766987624,200.0,200.0,0.4080781670720348,1.0,0.27360613240869525,-0.3455379768716673,1.4749222000003508,783.0,200.0,0.0,0.0,0.0,0.0,0.84,0.84,0.915,0.025,,,,,,,,,,
C2,pareto,5000.0,1.5,0.0,200,1,equal,0.0,0.95,0.5,,0.7367420049605218,,,100,any,200,200,-0.0006232042710441199,-0.0025052846317592525,0.0010664325574505362,-0.0008911420700703215,0.014214916229965832,0.005,0.0,0.005,없음,0.734935609510289,0.738830173212937,0.5290363310524602,0.5330589495342972,-0.0005342334378980462,0.00012367616922009939,0.0,144.52370140618103,200.0,200.0,0.23136854648194904,1.0,0.25324621235895145,-0.0036545617840994084,0.6195612686788476,776.5,200.0,0.0,0.0,0.0,0.785,0.82,0.125,0.045,0.085,,,,,,,,,,
C2,pareto,5000.0,1.5,0.0,200,1,equal,0.0,0.95,0.5,,0.7367420049605218,,,100,center,200,200,-0.003938066953973085,-0.010735682189004558,0.0022511829222197077,-0.0066110692299263,0.03808934902218142,0.01,0.0,0.01,없음,0.7321614084655189,0.738830173212937,0.5310674806137601,0.5330589495342972,0.0014094149516252208,-0.0037827773975540047,-0.0010252109599515613,57.686013422508125,115.0,200.0,0.41938403607690455,1.0,0.26090941826421377,0.00483342164964957,1.0119840051987128,169.5,200.0,0.42500000000000004,-0.003107154903326137,0.0022408675082776774,0.67,0.82,0.3,0.185,0.15,,,,,,,,,,
C2,pareto,5000.0,1.5,0.0,200,1,equal,0.0,0.95,0.5,,0.7367420049605218,,,100,f01,200,200,-0.0011809813764528387,-0.003191645839382362,0.0010490110488752258,-0.0014728566177602037,0.015665520722831974,0.005,0.0,0.005,없음,0.7348435436404344,0.738830173212937,0.5276701573775919,0.5330589495342972,-0.0002998265204010586,-0.0004249253272793907,0.0,138.46744721025462,200.0,200.0,0.2391479077546299,1.0,0.2543408956345775,-0.002045627743987834,0.6666205409060812,688.0,200.0,0.0,0.0,0.0,0.77,0.82,0.14,0.045,0.08,,,,,,,,,,
C2,pareto,5000.0,1.5,0.0,200,1,equal,0.0,0.95,0.5,,0.7367420049605218,,,100,f10,200,200,-0.001742899447746138,-0.00396022416699382,1.749290338748377e-05,-0.0034093461171782096,0.02085553752698844,0.005,0.0,0.005,없음,0.7339222357582103,0.738830173212937,0.5285187594881804,0.5330589495342972,-7.070345771742481e-05,-0.0019566700803197445,0.0,114.61020605924814,200.0,200.0,0.284746072376504,1.0,0.2576678844777077,-0.00035924959114525505,0.8631643912990897,456.5,200.0,0.0,0.0,0.0,0.76,0.82,0.19,0.07,0.0,,,,,,,,,,
C2,pareto,5000.0,1.5,0.0,200,1,equal,0.0,0.95,0.5,,0.7367420049605218,,,100,f25,200,200,-0.0044666598821194725,-0.00933220914535049,0.0009876078391298782,-0.004616009665460265,0.03138693771628201,0.01,0.0,0.01,없음,0.7337556739553901,0.738830173212937,0.5308054226475278,0.5330589495342972,-0.0008202474345884725,-0.002979819035618003,0.00148713955606522,72.42495189100907,155.0,200.0,0.3807977969965626,1.0,0.25816379935629163,-0.0021917238916721567,1.0695634457804295,257.5,200.0,0.22499999999999998,-0.0009778552909174287,0.002890876227439332,0.695,0.82,0.275,0.14,0.115,,,,,,,,,,
C2,pareto,5000.0,1.5,0.0,200,1,equal,0.0,0.95,0.5,,0.7367420049605218,,,100,f50,200,200,-0.0019769458594005584,-0.013980106157914451,0.006518152241935082,-0.005819164051216146,0.059869944454527764,0.07,0.025,0.045,없음,0.7378475939382539,0.738830173212937,0.5329710144927536,0.5330589495342972,3.4955281240645064e-06,-0.003979475540382915,-0.0004973468483339682,21.641273746801964,48.0,200.0,0.6971518160438986,1.0,0.25636490895869435,0.0003600326565232957,1.1059608494034938,91.0,200.0,0.76,-0.0069896083306881795,0.004738241077335892,0.625,0.82,0.375,0.275,0.195,,,,,,,,,,
C2,pareto,5000.0,1.5,0.0,200,1,equal,0.0,0.95,0.5,,0.7367420049605218,,,100,rep_point,200,200,-0.0035342141630812507,-0.003868185972257576,-0.0030230539827031944,-0.0034431645600532007,0.0028070511583917113,0.0,0.0,0.0,없음,0.7345999605243241,0.738830173212937,0.533997461928934,0.5330589495342972,-1.4467906916781903e-05,-0.003199754567144497,0.0,199.35818279998898,200.0,200.0,0.10245610284193613,1.0,0.2617149008349444,-0.0030889872736143123,0.05673989506041774,200.0,200.0,0.0,0.0,0.0,0.83,0.82,0.04,0.005,0.19,,,,,,,,,,
C2,pareto,5000.0,1.5,0.0,200,1,equal,0.0,0.95,0.5,,0.7367420049605218,,,100,soft,200,200,-0.004693948918936375,-0.010853291094790385,0.0015086125385752602,-0.005486577985286215,0.03566886484182431,0.015,0.005,0.01,없음,0.7325943707860331,0.738830173212937,0.5314328448002046,0.5330589495342972,-0.0009278519415498176,-0.0036125409752676974,0.0,63.9108015179939,200.0,200.0,0.4041999459002865,1.0,0.25721157427636593,-0.0021950582255241455,1.4592505047976443,776.5,200.0,0.0,0.0,0.0,0.685,0.82,0.285,0.15,0.105,,,,,,,,,,
C2,pareto,5000.0,1.5,0.5,200,1,equal,0.0,0.95,0.5,,0.7260243075020016,,,101,any,200,200,0.04060731111532073,0.038229952748905505,0.0426857105037749,0.04338581867299366,0.01652009559293807,0.01,0.01,0.0,없음,0.7677189711023278,0.726447767496868,0.5952519676485982,0.5209547726242096,0.040506571167358674,6.041895739367087e-05,0.0,138.5376697815861,200.0,200.0,0.2380452721448332,1.0,0.265357689689144,0.21402330743124998,0.6660711140916218,786.0,200.0,0.0,0.0,0.0,0.985,0.72,0.265,0.07,0.015,,,,,,,,,,
C2,pareto,5000.0,1.5,0.5,200,1,equal,0.0,0.95,0.5,,0.7260243075020016,,,101,center,200,200,0.09193977742968962,0.08763228675601675,0.09645393026072124,0.0963837530182246,0.033831480560803304,0.405,0.405,0.0,가끔,0.8210680540205604,0.726447767496868,0.6900979991833401,0.5209547726242096,0.06016034092729572,-0.003441753114055368,0.03277279321798371,49.15270882670154,116.0,200.0,0.4341616716737282,1.0,0.2588495209829623,0.19220841081876083,1.1377952626150378,175.0,200.0,0.42000000000000004,0.02938092408736437,0.03504481402706805,1.0,0.72,0.28,0.07,0.0,,,,,,,,,,
C2,pareto,5000.0,1.5,0.5,200,1,equal,0.0,0.95,0.5,,0.7260243075020016,,,101,f01,200,200,0.042923923949373555,0.04130875117979649,0.04550792512579349,0.04610106938589891,0.0175103078534074,0.02,0.02,0.0,없음,0.7708883579982211,0.726447767496868,0.5997329147394004,0.5209547726242096,0.04368489484778576,-0.0005442316773318634,0.0,132.17493668161978,200.0,200.0,0.24958803335968832,1.0,0.26650832386890666,0.2107446928228365,0.7163474259508424,697.0,200.0,0.0,0.0,0.0,0.99,0.72,0.27,0.07,0.01,,,,,,,,,,
C2,pareto,5000.0,1.5,0.5,200,1,equal,0.0,0.95,0.5,,0.7260243075020016,,,101,f10,200,200,0.05716755348956082,0.05351480726194957,0.05934004599781695,0.059925152005137955,0.021828119961876148,0.05,0.05,0.0,없음,0.7852857772087742,0.726447767496868,0.6265895230089604,0.5209547726242096,0.05950185114095802,-0.002300943435323277,0.0,108.1531033063631,200.0,200.0,0.29448749946238084,1.0,0.2691140040843868,0.21472208191069186,0.9215374021932041,459.0,200.0,0.0,0.0,0.0,1.0,0.72,0.28,0.07,0.0,,,,,,,,,,
C2,pareto,5000.0,1.5,0.5,200,1,equal,0.0,0.95,0.5,,0.7260243075020016,,,101,f25,200,200,0.08565797934834529,0.0815132072802297,0.08994742537913891,0.08824891724486505,0.02912696410192276,0.265,0.265,0.0,가끔,0.8136512863903111,0.726447767496868,0.6786358947911295,0.5209547726242096,0.06702344157709716,-0.002888659139379468,0.018651579416328612,65.5000477090139,154.0,200.0,0.3964889699605859,1.0,0.2650390885168119,0.20877675547046054,1.1614036164472723,263.5,200.0,0.22999999999999998,0.01754569512061588,0.02005206597642828,1.0,0.72,0.28,0.07,0.0,,,,,,,,,,
C2,pareto,5000.0,1.5,0.5,200,1,equal,0.0,0.95,0.5,,0.7260243075020016,,,101,f50,200,200,0.17317660327884787,0.1678526570846478,0.1771483902843003,0.17325216049106382,0.033541851035223856,0.99,0.99,0.0,벌어짐,0.9026774166847381,0.726447767496868,0.8302656850192062,0.5209547726242096,0.05366714692256014,-0.0021542628743832504,0.1192517149195434,18.192937526971246,50.0,200.0,0.7162314327292905,1.0,0.20207432350007581,0.19508391782591694,1.2547181585115528,97.0,200.0,0.75,0.11474217344308368,0.1242122747782527,1.0,0.72,0.28,0.07,0.0,,,,,,,,,,
C2,pareto,5000.0,1.5,0.5,200,1,equal,0.0,0.95,0.5,,0.7260243075020016,,,101,rep_point,200,200,-0.004726359931292057,-0.005574336615925324,-0.004269864209138552,-0.00520438125102372,0.0028622817876254977,0.0,0.0,0.0,없음,0.7224584262045032,0.726447767496868,0.52,0.5209547726242096,2.220446049250313e-16,-0.004773753989647134,0.0,199.38962055446927,200.0,200.0,0.10280523159171316,1.0,0.2720164984553086,5.285706184769872e-16,0.05532771892917038,200.0,200.0,0.0,0.0,0.0,0.71,0.72,0.08,0.065,0.29,,,,,,,,,,
C2,pareto,5000.0,1.5,0.5,200,1,equal,0.0,0.95,0.5,,0.7260243075020016,,,101,soft,200,200,0.09208528470679067,0.08639648964200852,0.09724945122975004,0.09667197183422946,0.03176482822904191,0.375,0.375,0.0,가끔,0.8212277077203264,0.726447767496868,0.6915387750282662,0.5209547726242096,0.09636663363275749,-0.004012934730027173,0.0,55.750127836104156,200.0,200.0,0.4210329721501246,1.0,0.2681929058137389,0.2057553686825021,1.608553600271101,786.0,200.0,0.0,0.0,0.0,1.0,0.72,0.28,0.07,0.0,,,,,,,,,,
C2,pareto,5000.0,2.0,-0.5,200,1,equal,0.0,0.95,0.5,,0.7260243075020016,,,102,any,200,200,-0.040787306816269076,-0.04373083349053897,-0.03665987649724478,-0.04119216765032412,0.016184690463965874,0.005,0.0,0.005,없음,0.688331116822211,0.728773513478793,0.4855281896623942,0.5312931880700809,-0.041340062567361446,0.00032525140927741614,0.0,166.76100349927498,200.0,200.0,0.190920123472969,1.0,0.2697477764324636,-0.3258508108467706,0.4464538528676555,723.0,200.0,0.0,0.0,0.0,0.245,0.79,0.545,0.565,0.13,,,,,,,,,,
C2,pareto,5000.0,2.0,-0.5,200,1,equal,0.0,0.95,0.5,,0.7260243075020016,,,102,center,200,200,-0.10368396035344091,-0.10823761606118687,-0.09832006948702743,-0.1069918350767011,0.04505560415542416,0.535,0.0,0.535,벌어짐,0.6255325480980579,0.728773513478793,0.41529464687359424,0.5312931880700809,-0.05925341525300265,-0.003282416321629622,-0.03686138143736839,81.40924386126264,114.0,200.0,0.33382953488963174,1.0,0.2948610911150946,-0.3228602808421203,0.6133135613104956,141.0,200.0,0.43000000000000005,-0.03919158806922307,-0.03331814589315918,0.025,0.79,0.765,0.835,0.1,,,,,,,,,,
C2,pareto,5000.0,2.0,-0.5,200,1,equal,0.0,0.95,0.5,,0.7260243075020016,,,102,f01,200,200,-0.04321210411511289,-0.046830716380792614,-0.040850225256723105,-0.04480552754005268,0.01730351627957426,0.01,0.0,0.01,없음,0.6838318018267144,0.728773513478793,0.48287050206229554,0.5312931880700809,-0.04406129557539784,-0.00030971925257300414,0.0,163.20944592236162,200.0,200.0,0.19535922445453935,1.0,0.2706267835822584,-0.31988247263517466,0.4747833913162355,637.5,200.0,0.0,0.0,0.0,0.21,0.79,0.58,0.605,0.105,,,,,,,,,,
C2,pareto,5000.0,2.0,-0.5,200,1,equal,0.0,0.95,0.5,,0.7260243075020016,,,102,f10,200,200,-0.059195146254704956,-0.06385567089280098,-0.05510686549072186,-0.06186869892703143,0.024476699287853437,0.045,0.0,0.045,없음,0.668136541551988,0.728773513478793,0.4637443350523519,0.5312931880700809,-0.05776423242208978,-0.0015401964834458326,0.0,146.84707817767222,200.0,200.0,0.22944289436476878,1.0,0.2731869160154362,-0.33540843605606624,0.6016319862703041,411.0,200.0,0.0,0.0,0.0,0.115,0.79,0.675,0.73,0.0,,,,,,,,,,
C2,pareto,5000.0,2.0,-0.5,200,1,equal,0.0,0.95,0.5,,0.7260243075020016,,,102,f25,200,200,-0.09421888231994846,-0.1007725306375924,-0.08923902213878754,-0.09956687072285618,0.037767711901256815,0.435,0.0,0.435,가끔,0.6308495351265229,0.728773513478793,0.4196514230892229,0.5312931880700809,-0.07476505733809347,-0.0028042701112515056,-0.01902447890964798,103.62247434180473,159.0,200.0,0.3026996651575704,1.0,0.28418198607837153,-0.3459820103911858,0.7261868775096748,221.0,200.0,0.20499999999999996,-0.020284274789916457,-0.018093979459720688,0.01,0.79,0.78,0.86,0.105,,,,,,,,,,
C2,pareto,5000.0,2.0,-0.5,200,1,equal,0.0,0.95,0.5,,0.7260243075020016,,,102,f50,200,200,-0.26198709389092956,-0.27482060572780603,-0.24994062821550994,-0.2618572178870937,0.08183068753675153,0.98,0.0,0.98,벌어짐,0.46216707793690587,0.728773513478793,0.23076923076923078,0.5312931880700809,-0.07836884744797892,-0.0041117955113648685,-0.16686042895534742,25.249258322625316,40.0,200.0,0.6590555267254801,1.0,0.3134244084879325,-0.31998802355795236,0.745984437406454,56.0,200.0,0.8,-0.1737648571849908,-0.15858170096652802,0.0,0.79,0.79,0.875,0.115,,,,,,,,,,
C2,pareto,5000.0,2.0,-0.5,200,1,equal,0.0,0.95,0.5,,0.7260243075020016,,,102,rep_point,200,200,-0.0021773813363931693,-0.0026680436965753618,-0.001530314174676084,-0.0021161539276148456,0.002753761202610777,0.0,0.0,0.0,없음,0.7274016959798995,0.728773513478793,0.5326633165829145,0.5312931880700809,-2.220446049250313e-16,-0.0023783510052576284,0.0,199.473090435262,200.0,200.0,0.10190967738831624,1.0,0.2779427824691007,-3.9470952141529017e-16,0.051395567923642416,200.0,200.0,0.0,0.0,0.0,0.765,0.79,0.045,0.02,0.65,,,,,,,,,,
C2,pareto,5000.0,2.0,-0.5,200,1,equal,0.0,0.95,0.5,,0.7260243075020016,,,102,soft,200,200,-0.10349329373196875,-0.10977824186386342,-0.09984760239171431,-0.10828218581618192,0.043200948887319957,0.57,0.0,0.57,벌어짐,0.6206363330983693,0.728773513478793,0.41611956321186183,0.5312931880700809,-0.10041707584404486,-0.0029985169894376495,0.0,108.29578897287703,200.0,200.0,0.3041104731112009,1.0000000000000002,0.27300473788389235,-0.37389566439655575,0.9202142323490199,723.0,200.0,0.0,0.0,0.0,0.0,0.79,0.79,0.865,0.115,,,,,,,,,,
C2,pareto,5000.0,2.0,0.0,200,1,equal,0.0,0.95,0.5,,0.7367420049605218,,,103,any,200,200,0.0010814544843437135,-0.0001365566629495385,0.002905842222085675,0.0005746556565014199,0.008180403231010616,0.0,0.0,0.0,없음,0.7381187752537897,0.7357998440774625,0.5330148108328545,0.5300223345131038,0.0009418552862386353,-0.00012550710514219743,0.0,168.19736935962885,200.0,200.0,0.18901893664525637,1.0,0.2544821337341254,0.008020960844730807,0.43483241601699096,724.0,200.0,0.0,0.0,0.0,0.805,0.8,0.105,0.03,0.11,,,,,,,,,,
C2,pareto,5000.0,2.0,0.0,200,1,equal,0.0,0.95,0.5,,0.7367420049605218,,,103,center,200,200,-0.002267127186201756,-0.006071107359075789,0.0028550623200815917,-0.0029572084450990386,0.025452629182877978,0.0,0.0,0.0,없음,0.7364694484390992,0.7357998440774625,0.530285277636271,0.5300223345131038,0.002401166074860739,-0.0036442342205690315,0.0002140755450003029,81.50258997358802,113.0,200.0,0.3333333333333333,1.0,0.2584442158598763,0.011939449076477402,0.5867219923302477,137.0,200.0,0.43500000000000005,-0.002947782514764019,0.0025255310033877043,0.715,0.8,0.185,0.145,0.18,,,,,,,,,,
C2,pareto,5000.0,2.0,0.0,200,1,equal,0.0,0.95,0.5,,0.7367420049605218,,,103,f01,200,200,-6.009883572677399e-05,-0.0006325739117779561,0.0015545440990393233,3.191902524136925e-05,0.008790861538644234,0.0,0.0,0.0,없음,0.7386947236426638,0.7357998440774625,0.5343006712388735,0.5300223345131038,0.0009145529763366911,-0.0007374283801130921,0.0,164.62841548882176,200.0,200.0,0.19275714101548208,1.0,0.25498038602884077,0.007808060457807985,0.4635265922376458,640.0,200.0,0.0,0.0,0.0,0.795,0.8,0.105,0.03,0.09,,,,,,,,,,
C2,pareto,5000.0,2.0,0.0,200,1,equal,0.0,0.95,0.5,,0.7367420049605218,,,103,f10,200,200,-0.00040362714803982014,-0.001947627154354925,0.0018308200756946835,-0.00035722126073573445,0.011201245950695254,0.0,0.0,0.0,없음,0.7364677179645546,0.7357998440774625,0.5334176842905023,0.5300223345131038,0.0015356321900095726,-0.0018449422526503612,0.0,147.42805718262042,200.0,200.0,0.22638069316465587,1.0,0.2577759737016452,0.00784554215327251,0.5971548305822794,409.0,200.0,0.0,0.0,0.0,0.815,0.8,0.105,0.045,0.0,,,,,,,,,,
C2,pareto,5000.0,2.0,0.0,200,1,equal,0.0,0.95,0.5,,0.7367420049605218,,,103,f25,200,200,-0.0010063281060606055,-0.004148409319189916,0.002273384546550239,-0.0016573201125985914,0.020078175352151575,0.0,0.0,0.0,없음,0.7344068568896441,0.7357998440774625,0.5322981243045621,0.5300223345131038,0.004182882864246451,-0.003257817603490587,0.0005662153092910738,106.72854066578344,159.0,200.0,0.2951190476190476,1.0,0.25876612680731065,0.023106111108994493,0.7071954725852285,217.5,200.0,0.20499999999999996,-0.001932999002609903,0.0018352056068782208,0.745,0.8,0.175,0.095,0.15,,,,,,,,,,
C2,pareto,5000.0,2.0,0.0,200,1,equal,0.0,0.95,0.5,,0.7367420049605218,,,103,f50,200,200,0.0038666932741250326,-0.008342919188958575,0.009824065236903379,-0.0026621227559039673,0.054237413058880884,0.065,0.015,0.05,없음,0.7411028210407944,0.7357998440774625,0.5416666666666666,0.5300223345131038,0.0029936810536719816,-0.0034019245876218407,-0.0008194554002005083,24.82710737655824,39.5,200.0,0.664345901795603,1.0,0.26005292367638283,0.017993677297044125,0.7414137337585803,55.0,200.0,0.8025,-0.009170174120877062,0.005782514091945079,0.635,0.8,0.335,0.265,0.29,,,,,,,,,,
C2,pareto,5000.0,2.0,0.0,200,1,equal,0.0,0.95,0.5,,0.7367420049605218,,,103,rep_point,200,200,-0.003124522173659272,-0.0034927421345598564,-0.0028411859297167164,-0.00312809478630153,0.0025344966735742413,0.0,0.0,0.0,없음,0.7330020804460103,0.7357998440774625,0.5288190954773869,0.5300223345131038,0.0,-0.003265796871556814,0.0,199.45149469094804,200.0,200.0,0.1024008809494151,1.0,0.26207511851639,-1.0689550755777e-16,0.052441086190602205,200.0,200.0,0.0,0.0,0.0,0.8,0.8,0.04,0.005,0.115,,,,,,,,,,
C2,pareto,5000.0,2.0,0.0,200,1,equal,0.0,0.95,0.5,,0.7367420049605218,,,103,soft,200,200,0.00038617102099508527,-0.0028434615588228684,0.0032992945944899654,-0.002053704550000731,0.020896399724233725,0.0,0.0,0.0,없음,0.7344397475467588,0.7357998440774625,0.5337304135120173,0.5300223345131038,0.003729597672321394,-0.0034738627710884096,0.0,108.40829977628988,200.0,200.0,0.29854538238511596,1.0,0.25704640842259985,0.015004029727514903,0.9191720979749882,724.0,200.0,0.0,0.0,0.0,0.755,0.8,0.165,0.11,0.12,,,,,,,,,,
C2,pareto,5000.0,2.0,0.5,200,1,equal,0.0,0.95,0.5,,0.7260243075020016,,,104,any,200,200,0.02531294792880745,0.023500524034414716,0.02672726956667104,0.025740776015192184,0.009465049816333355,0.0,0.0,0.0,없음,0.7538043755045829,0.7283260546457087,0.5691023425146178,0.526015781803161,0.025550278859155673,-0.00018207005579062852,0.0,167.03297680188032,200.0,200.0,0.19077809892014397,1.0,0.26732916842663657,0.1994155278173279,0.4442615721445001,726.5,200.0,0.0,0.0,0.0,0.97,0.77,0.2,0.085,0.025,,,,,,,,,,
C2,pareto,5000.0,2.0,0.5,200,1,equal,0.0,0.95,0.5,,0.7260243075020016,,,104,center,200,200,0.05864834143857106,0.0549966322078167,0.06233890455689095,0.059836922441851,0.022171794898045282,0.05,0.05,0.0,없음,0.7880319814024805,0.7283260546457087,0.6377923976608187,0.526015781803161,0.03274172456972685,-0.0035248740251743182,0.027787780009087992,81.00992424701843,114.0,200.0,0.3303040521569556,1.0,0.26471289937976983,0.18752448375123798,0.6118927391798124,141.0,200.0,0.43000000000000005,0.024820085306544892,0.03090240996603333,1.0,0.77,0.23,0.09,0.015,,,,,,,,,,
C2,pareto,5000.0,2.0,0.5,200,1,equal,0.0,0.95,0.5,,0.7260243075020016,,,104,f01,200,200,0.026642818827705028,0.02486065918521818,0.02846733344681207,0.026926269748563804,0.010008700937097104,0.0,0.0,0.0,없음,0.75389541826746,0.7283260546457087,0.5697157692437371,0.526015781803161,0.027104604717148595,-0.00042926380175378753,0.0,163.89134112172502,200.0,200.0,0.1941807232390349,1.0,0.2679568249632185,0.20242779059061267,0.46938331547002854,641.0,200.0,0.0,0.0,0.0,0.965,0.77,0.195,0.085,0.02,,,,,,,,,,
C2,pareto,5000.0,2.0,0.5,200,1,equal,0.0,0.95,0.5,,0.7260243075020016,,,104,f10,200,200,0.0354332302240834,0.033733572158785474,0.03676482507994061,0.03595115270989276,0.012104492038880943,0.0,0.0,0.0,없음,0.7652881853551802,0.7283260546457087,0.5916671863219178,0.526015781803161,0.03754082394632935,-0.0019745511239233626,0.0,147.52909773026286,200.0,200.0,0.22850452165889212,1.0,0.2696188766104711,0.2166861703405475,0.5963763664999695,412.0,200.0,0.0,0.0,0.0,0.985,0.77,0.215,0.085,0.0,,,,,,,,,,
C2,pareto,5000.0,2.0,0.5,200,1,equal,0.0,0.95,0.5,,0.7260243075020016,,,104,f25,200,200,0.05544632974073638,0.05234140801224785,0.05897505259382607,0.057192109089056524,0.017861137582479137,0.025,0.025,0.0,없음,0.7864288800872203,0.7283260546457087,0.6282994799332744,0.526015781803161,0.04293188668200337,-0.0028528160719518136,0.01586246247494988,105.1852902897777,160.0,200.0,0.2969944226399504,1.0,0.2659445446418184,0.21278306262624452,0.7146892634506097,219.0,200.0,0.19999999999999996,0.014435277716316586,0.017545008172202947,0.995,0.77,0.225,0.09,0.02,,,,,,,,,,
C2,pareto,5000.0,2.0,0.5,200,1,equal,0.0,0.95,0.5,,0.7260243075020016,,,104,f50,200,200,0.16034805369783006,0.15012604009628372,0.16526028817902938,0.15647063135965297,0.03478175310461468,0.95,0.95,0.0,벌어짐,0.8881558865728381,0.7283260546457087,0.8136434108527132,0.526015781803161,0.031636044948921416,-0.0024584255285231005,0.12361135445209437,24.137195352255283,39.0,200.0,0.676056338028169,1.0,0.20138623163982283,0.20135589172121898,0.7768788009710241,57.0,200.0,0.8049999999999999,0.11875721062080946,0.12969021753150722,0.995,0.77,0.235,0.095,0.02,,,,,,,,,,
C2,pareto,5000.0,2.0,0.5,200,1,equal,0.0,0.95,0.5,,0.7260243075020016,,,104,rep_point,200,200,-0.004144048596797678,-0.004503681097715373,-0.0037247451077587757,-0.004027732789333046,0.002116678139694037,0.0,0.0,0.0,없음,0.7240272988366356,0.7283260546457087,0.5263190954773869,0.526015781803161,-2.220446049250313e-16,-0.003903672362973787,0.0,199.4907569014598,200.0,200.0,0.10204116780708783,1.0,0.2725124096613776,-2.2408729360518417e-16,0.050524384741116625,200.0,200.0,0.0,0.0,0.0,0.775,0.77,0.045,0.02,0.21,,,,,,,,,,
C2,pareto,5000.0,2.0,0.5,200,1,equal,0.0,0.95,0.5,,0.7260243075020016,,,104,soft,200,200,0.056575738493219396,0.0551710840873636,0.0615565769537898,0.06067237819503764,0.01830741704800187,0.03,0.03,0.0,없음,0.788397472693102,0.7283260546457087,0.6362575535164812,0.526015781803161,0.0602433377340425,-0.0036656768159818442,0.0,108.9382283250736,200.0,200.0,0.3004994236706862,1.0,0.268795679865444,0.24150552433150557,0.9142837816081455,726.5,200.0,0.0,0.0,0.0,1.0,0.77,0.23,0.09,0.015,,,,,,,,,,
D,lognormal,5000.0,1.5,-1.0,200,1,equal,0.0,0.55,0.5,-0.32074045124181216,0.6198493334873282,0.5864601343061464,0.10539922456186433,105,any,200,200,-0.17177398027191246,-0.17697682416396593,-0.1644588466535436,-0.17358138519899952,0.03088924905280594,1.0,0.0,1.0,벌어짐,0.4448875811193575,0.6143468937628351,0.24192027571855898,0.41776721226809743,-0.17253805247700907,0.0008744217510022745,0.0,93.65500598590054,200.0,200.0,0.33877138821974495,1.0,0.33038025909236113,-0.4784897941138012,1.0655977791216262,952.0,200.0,0.0,0.0,0.0,0.0,0.0,0.0,0.0,0.0,,,,,,,,,,
D,lognormal,5000.0,1.5,-1.0,200,1,equal,0.0,0.55,0.5,-0.32074045124181216,0.6198493334873282,0.5864601343061464,0.10539922456186433,105,center,200,200,-0.3038431103412689,-0.3124574172950934,-0.29462840984354693,-0.3063717221380285,0.04563267538049468,1.0,0.0,1.0,벌어짐,0.30809879474326907,0.6143468937628351,0.1197140578719526,0.41776721226809743,-0.1641139396320581,-0.001034333218987299,-0.13612496978349858,34.66543869004255,109.0,200.0,0.5696491150781249,1.0,0.32820504676900697,-0.3333648286730281,1.4651288389777513,297.0,200.0,0.45499999999999996,-0.14069705826745932,-0.13116321666310837,0.0,0.0,0.0,0.0,0.0,,,,,,,,,,
D,lognormal,5000.0,1.5,-1.0,200,1,equal,0.0,0.55,0.5,-0.32074045124181216,0.6198493334873282,0.5864601343061464,0.10539922456186433,105,f01,200,200,-0.18135171603394737,-0.18693435739560682,-0.17584761338181665,-0.1852154998718102,0.03190493386876732,1.0,0.0,1.0,벌어짐,0.43129731637091884,0.6143468937628351,0.2282427379925223,0.41776721226809743,-0.18004326060980627,0.00046655476707962995,-0.0018347181460087736,86.88084575322294,199.0,200.0,0.3553995001345759,1.0,0.33066716419197006,-0.47189257826464687,1.135779858462603,855.0,200.0,0.0050000000000000044,-0.0018709938436851647,-0.001684373298274644,0.0,0.0,0.0,0.0,0.0,,,,,,,,,,
D,lognormal,5000.0,1.5,-1.0,200,1,equal,0.0,0.55,0.5,-0.32074045124181216,0.6198493334873282,0.5864601343061464,0.10539922456186433,105,f10,200,200,-0.24073416454763705,-0.24687279556375546,-0.23404735835935275,-0.24368357412681196,0.03589056122639127,1.0,0.0,1.0,벌어짐,0.3726184025362409,0.6143468937628351,0.16813482672092656,0.41776721226809743,-0.1783830256132751,-0.0004070217329499859,-0.06131889030154669,59.98897756607384,164.0,200.0,0.4357319292213694,1.0,0.3269606397593306,-0.4138830551697738,1.2938341067247108,588.5,200.0,0.18000000000000005,-0.06319783489597675,-0.059208035068574305,0.0,0.0,0.0,0.0,0.0,,,,,,,,,,
D,lognormal,5000.0,1.5,-1.0,200,1,equal,0.0,0.55,0.5,-0.32074045124181216,0.6198493334873282,0.5864601343061464,0.10539922456186433,105,f25,200,200,-0.29821001783662343,-0.3059246402914189,-0.29242609726551894,-0.3025177419730251,0.040636742500911184,1.0,0.0,1.0,벌어짐,0.31533969549132757,0.6143468937628351,0.11505890690052263,0.41776721226809743,-0.15939492622418733,-0.0015622509460043177,-0.1396090208712479,40.925883556905085,118.0,200.0,0.5396824070907069,1.0,0.320564835436515,-0.3440238063008668,1.3629573906903396,401.5,200.0,0.41000000000000003,-0.14336348357956136,-0.13618541947944618,0.0,0.0,0.0,0.0,0.0,,,,,,,,,,
D,lognormal,5000.0,1.5,-1.0,200,1,equal,0.0,0.55,0.5,-0.32074045124181216,0.6198493334873282,0.5864601343061464,0.10539922456186433,105,f50,200,200,-0.36261994332091896,-0.3702426111048096,-0.35650600912990377,-0.3654360170898968,0.047344231106467745,1.0,0.0,1.0,벌어짐,0.24883971360437315,0.6143468937628351,0.06445503421309873,0.41776721226809743,-0.12756955818591614,-0.0016747352667144944,-0.23085612383018983,24.53839626858322,72.0,200.0,0.6825055543221361,1.0,0.3033032992121087,-0.2901732102988622,1.4225210219839544,237.0,200.0,0.64,-0.23560347893538142,-0.2268491872366985,0.0,0.0,0.0,0.0,0.0,,,,,,,,,,
D,lognormal,5000.0,1.5,-1.0,200,1,equal,0.0,0.55,0.5,-0.32074045124181216,0.6198493334873282,0.5864601343061464,0.10539922456186433,105,rep_point,200,200,0.0016306440194674976,0.0011662112535268943,0.0021966261275113697,0.0017372985666236223,0.0027842647793186446,0.0,0.0,0.0,없음,0.616197675879397,0.6143468937628351,0.42,0.41776721226809743,-9.705338942561648e-05,0.0016942203653103616,0.0,198.22157132846564,200.0,200.0,0.10652261710927446,1.0,0.3354460297762474,-0.0042408125177453545,0.0947199705497615,200.0,200.0,0.0,0.0,0.0,0.005,0.0,0.005,0.005,0.005,,,,,,,,,,
D,lognormal,5000.0,1.5,-1.0,200,1,equal,0.0,0.55,0.5,-0.32074045124181216,0.6198493334873282,0.5864601343061464,0.10539922456186433,105,soft,200,200,-0.3021627537224037,-0.31372596378095435,-0.29703029991823915,-0.3070701147263734,0.0442343235408223,1.0,0.0,1.0,벌어짐,0.31073568998338186,0.6143468937628351,0.11921686190759578,0.41776721226809743,-0.30102663538423335,-0.0003907606153708554,0.0,35.835085599928895,200.0,200.0,0.5612879740085143,1.0,0.33200180325683315,-0.41978071830063524,2.1403568738889227,952.0,200.0,0.0,0.0,0.0,0.0,0.0,0.0,0.0,0.0,,,,,,,,,,
D,lognormal,5000.0,1.5,-0.5,200,1,equal,0.0,0.55,0.5,-0.1863521909139677,0.6360237851946509,0.5864601343061464,0.10539922456186433,106,any,200,200,-0.0978470958829945,-0.10237110014022055,-0.09235352802360719,-0.09876549336280917,0.024607243767041986,0.47,0.0,0.47,가끔,0.5356180535608204,0.6368305016506145,0.28467362451737455,0.40548486791363897,-0.09822245777620647,0.0006409536824305562,0.0,93.20481770710145,200.0,200.0,0.33887722278810084,1.0,0.2954994084334208,-0.2977866340603256,1.0704288855793467,938.0,200.0,0.0,0.0,0.0,0.0,0.0,0.0,0.0,0.0,,,,,,,,,,
D,lognormal,5000.0,1.5,-0.5,200,1,equal,0.0,0.55,0.5,-0.1863521909139677,0.6360237851946509,0.5864601343061464,0.10539922456186433,106,center,200,200,-0.1765972465002913,-0.18645233990692145,-0.16860910574905325,-0.18032087766281923,0.04809953901965451,0.97,0.0,0.97,벌어짐,0.4560685191860062,0.6368305016506145,0.20003233335690973,0.40548486791363897,-0.10094313203797281,-0.0015311239601261128,-0.07276499635233569,35.84234458238798,109.0,200.0,0.5669534697063552,1.0,0.30598371806793184,-0.23207591951715226,1.4302183239275155,292.5,200.0,0.45499999999999996,-0.07640010460241631,-0.06979510170042247,0.0,0.0,0.0,0.0,0.0,,,,,,,,,,
D,lognormal,5000.0,1.5,-0.5,200,1,equal,0.0,0.55,0.5,-0.1863521909139677,0.6360237851946509,0.5864601343061464,0.10539922456186433,106,f01,200,200,-0.10399415761641345,-0.10913849861323976,-0.09871879625338587,-0.10547617194433784,0.026526570345003987,0.565,0.0,0.565,벌어짐,0.5299977049344222,0.6368305016506145,0.27866531850353893,0.40548486791363897,-0.10339172917772993,9.223323984741683e-05,-0.0013001195887683004,86.67833373728837,199.0,200.0,0.3541646944319473,1.0,0.296664973903761,-0.2965422985073841,1.1403365406666324,842.5,200.0,0.0050000000000000044,-0.0016327628723902254,-0.00036637875917333584,0.0,0.0,0.0,0.0,0.0,,,,,,,,,,
D,lognormal,5000.0,1.5,-0.5,200,1,equal,0.0,0.55,0.5,-0.1863521909139677,0.6360237851946509,0.5864601343061464,0.10539922456186433,106,f10,200,200,-0.13852525209514416,-0.1444172635766781,-0.13156024816137002,-0.13978816678934733,0.03412634121174466,0.895,0.0,0.895,벌어짐,0.495389283527436,0.6368305016506145,0.23916953393806695,0.40548486791363897,-0.10115161497388275,-0.0011769607440272334,-0.03400458804692719,62.06561553748908,164.5,200.0,0.4336667074199799,1.0,0.2997815219140709,-0.2609822056779211,1.2783943719744046,584.5,200.0,0.17750000000000005,-0.03511406191138755,-0.032994855787167876,0.0,0.0,0.0,0.0,0.0,,,,,,,,,,
D,lognormal,5000.0,1.5,-0.5,200,1,equal,0.0,0.55,0.5,-0.1863521909139677,0.6360237851946509,0.5864601343061464,0.10539922456186433,106,f25,200,200,-0.17174333372956352,-0.18388259019525438,-0.16357703183506583,-0.17537633545609604,0.042740660351251125,0.97,0.0,0.97,벌어짐,0.46082842077209096,0.6368305016506145,0.19784052678494407,0.40548486791363897,-0.09554597633880232,-0.0020474746627052176,-0.07531808095695308,42.27507538813232,117.5,200.0,0.5358348004694835,1.0,0.3015367092242398,-0.22962475022703333,1.342428175669268,393.5,200.0,0.41250000000000003,-0.07858360813073384,-0.07180843911519674,0.0,0.0,0.0,0.0,0.0,,,,,,,,,,
D,lognormal,5000.0,1.5,-0.5,200,1,equal,0.0,0.55,0.5,-0.1863521909139677,0.6360237851946509,0.5864601343061464,0.10539922456186433,106,f50,200,200,-0.21558702738929844,-0.22531784483659906,-0.20082974954345822,-0.21575321350750226,0.0564902112787986,0.99,0.0,0.99,벌어짐,0.4226969720488537,0.6368305016506145,0.16065900044228215,0.40548486791363897,-0.08759908675546804,-0.0025779128799695294,-0.12226247527376163,24.33761639129728,72.0,200.0,0.6854714548473457,1.0,0.3016865518530154,-0.20677657089491952,1.3800820381478276,237.5,200.0,0.64,-0.12863840172784896,-0.1173292988929222,0.0,0.0,0.0,0.0,0.0,,,,,,,,,,
D,lognormal,5000.0,1.5,-0.5,200,1,equal,0.0,0.55,0.5,-0.1863521909139677,0.6360237851946509,0.5864601343061464,0.10539922456186433,106,rep_point,200,200,-0.0004072788663343485,-0.000992703693102115,0.000113224965872738,-0.0004187508886968011,0.002640082386407023,0.0,0.0,0.0,없음,0.6354739949748744,0.6368305016506145,0.404520202020202,0.40548486791363897,-5.843977620573204e-05,-0.00026975362471243214,0.0,198.41960398024878,200.0,200.0,0.10607397839739768,1.0,0.3058536453879218,-0.002766247544033368,0.08924636770355074,200.0,200.0,0.0,0.0,0.0,0.0,0.0,0.0,0.0,0.0,,,,,,,,,,
D,lognormal,5000.0,1.5,-0.5,200,1,equal,0.0,0.55,0.5,-0.1863521909139677,0.6360237851946509,0.5864601343061464,0.10539922456186433,106,soft,200,200,-0.17779940150766804,-0.18555982420411743,-0.16997182672163974,-0.17981544000159036,0.04691904221072341,0.97,0.0,0.97,벌어짐,0.4565559411248947,0.6368305016506145,0.19993574179944054,0.40548486791363897,-0.1764615708551978,-0.0012656841950389186,0.0,36.9873893097796,200.0,200.0,0.5621433253041832,1.0,0.29897108491494967,-0.2725689318108865,2.0993552261518307,938.0,200.0,0.0,0.0,0.0,0.0,0.0,0.0,0.0,0.0,,,,,,,,,,
D,lognormal,5000.0,1.5,0.0,200,1,equal,0.0,0.55,0.5,0.0,0.6430661632625014,0.5864601343061464,0.10539922456186433,107,any,200,200,0.0005234982619919948,-0.002302789524230686,0.0035476342815763395,0.0015358872161331228,0.019441613382285092,0.0,0.0,0.0,없음,0.647595549676258,0.6433318432380601,0.3905855993823871,0.38895013713126614,-0.00010325730221361074,0.0002302484326988652,0.0,92.6622331901606,200.0,200.0,0.3413199573097979,1.0,0.2783878338517398,-0.0004214749113672135,1.0762833858317582,955.0,200.0,0.0,0.0,0.0,0.01,0.0,0.01,0.025,0.02,,,,,,,,,,
D,lognormal,5000.0,1.5,0.0,200,1,equal,0.0,0.55,0.5,0.0,0.6430661632625014,0.5864601343061464,0.10539922456186433,107,center,200,200,-0.0022671603446014488,-0.008679926166526797,0.0053699956031493246,-0.0012257985505114094,0.04201699710126135,0.005,0.005,0.0,없음,0.6460418745736434,0.6433318432380601,0.3920537303770837,0.38895013713126614,0.0024269208442886936,-0.0019282830940188789,-0.0038451688692340835,35.25677717346874,108.0,200.0,0.5774540139549611,1.0,0.2838304217622151,0.006535361747324962,1.435159606047463,299.0,200.0,0.45999999999999996,-0.006777452449949761,-0.00021161895094845562,0.08,0.0,0.08,0.13,0.05,,,,,,,,,,
D,lognormal,5000.0,1.5,0.0,200,1,equal,0.0,0.55,0.5,0.0,0.6430661632625014,0.5864601343061464,0.10539922456186433,107,f01,200,200,0.0005246415511202529,-0.0023781741696093928,0.0034313117502375867,0.0012373779891999021,0.020701423188472165,0.0,0.0,0.0,없음,0.6464598596944193,0.6433318432380601,0.39262357737387465,0.38895013713126614,0.00047552784763355005,-0.00025255964104770046,0.0,86.83670244177054,199.0,200.0,0.3558746687214981,1.0,0.27929575861833955,0.0014486070362214947,1.1369182349420002,861.0,200.0,0.0050000000000000044,0.0,0.0,0.01,0.0,0.01,0.025,0.02,,,,,,,,,,
D,lognormal,5000.0,1.5,0.0,200,1,equal,0.0,0.55,0.5,0.0,0.6430661632625014,0.5864601343061464,0.10539922456186433,107,f10,200,200,-0.001917578047583468,-0.005069994524840249,0.0034344019571971307,6.319600835201777e-06,0.027737339859983185,0.0,0.0,0.0,없음,0.6451690592910149,0.6433318432380601,0.3966173629002576,0.38895013713126614,0.001980220075958272,-0.0015449825994252597,-0.0006548571541594161,61.04883271434055,164.0,200.0,0.43579190233754905,1.0,0.2820246484627495,0.0049424751007843964,1.2843192511044252,598.0,200.0,0.18000000000000005,-0.002371414996094723,0.0009474957312824994,0.03,0.0,0.03,0.04,0.0,,,,,,,,,,
D,lognormal,5000.0,1.5,0.0,200,1,equal,0.0,0.55,0.5,0.0,0.6430661632625014,0.5864601343061464,0.10539922456186433,107,f25,200,200,-0.002640153111740484,-0.006768350664245637,0.004373004260360247,-0.00011672122546516894,0.03702243320092488,0.0,0.0,0.0,없음,0.6472876910885337,0.6433318432380601,0.39477283829995113,0.38895013713126614,0.005408450316412572,-0.0018228347394533828,-0.0027592813427272933,41.62919692181379,117.0,200.0,0.5406828082025344,1.0,0.2825007917550274,0.012714035307730322,1.3546648301142936,404.5,200.0,0.41500000000000004,-0.0043856584447373725,0.00047293316233676386,0.065,0.0,0.065,0.1,0.035,,,,,,,,,,
D,lognormal,5000.0,1.5,0.0,200,1,equal,0.0,0.55,0.5,0.0,0.6430661632625014,0.5864601343061464,0.10539922456186433,107,f50,200,200,-0.0027017102529608983,-0.008841777485989577,0.0038969185289371433,-0.000954646385845524,0.051328268980584485,0.055,0.02,0.035,없음,0.6461342978947036,0.6433318432380601,0.39285935563816604,0.38895013713126614,0.003690546431578068,-0.002405057417786405,-0.002773844264725045,24.51180176204476,73.0,200.0,0.6929359353273028,1.0,0.28378532066919104,0.00911793770453333,1.3899860450030777,240.0,200.0,0.635,-0.006973481697501782,0.0020107615920038624,0.105,0.0,0.105,0.16,0.075,,,,,,,,,,
D,lognormal,5000.0,1.5,0.0,200,1,equal,0.0,0.55,0.5,0.0,0.6430661632625014,0.5864601343061464,0.10539922456186433,107,rep_point,200,200,-0.0033321036514012414,-0.003677566639856411,-0.0027131864880518552,-0.003120706806511138,0.0028749612731998136,0.0,0.0,0.0,없음,0.6405148283754392,0.6433318432380601,0.3894444444444445,0.38895013713126614,-0.0001312396784540204,-0.00314239943783573,0.0,198.09925038975746,200.0,200.0,0.10657481462878549,1.0,0.28818963321133473,-0.006005789175091264,0.09795357643834228,200.0,200.0,0.0,0.0,0.0,0.0,0.0,0.0,0.0,0.03,,,,,,,,,,
D,lognormal,5000.0,1.5,0.0,200,1,equal,0.0,0.55,0.5,0.0,0.6430661632625014,0.5864601343061464,0.10539922456186433,107,soft,200,200,-0.001895255569376364,-0.008006427755163803,0.0035874214180884323,-0.00036380426138456933,0.040894118799921025,0.015,0.01,0.005,없음,0.6460541725118052,0.6433318432380601,0.3925482409397648,0.38895013713126614,0.0003253488327958909,-0.002370563918132007,0.0,36.23911402129564,200.0,200.0,0.5676832834353369,1.0,0.28188877721407646,0.0004421842520090498,2.125770170147854,955.0,200.0,0.0,0.0,0.0,0.075,0.0,0.075,0.105,0.045,,,,,,,,,,
D,lognormal,5000.0,1.5,0.5,200,1,equal,0.0,0.55,0.5,0.15849245376118115,0.6360237851946509,0.5864601343061464,0.10539922456186433,108,any,200,200,0.08736811006746126,0.08399919119930543,0.09112975503512688,0.08813813979438732,0.02049154273930205,0.3,0.3,0.0,가끔,0.7238542416683773,0.6355790573234212,0.5240292094116494,0.3971050643723806,0.08816666550138846,-0.0003341812573089964,0.0,93.32346409707482,200.0,200.0,0.34355342663114363,1.0,0.29778493959254493,0.2675113648250292,1.0691510405610614,956.5,200.0,0.0,0.0,0.0,0.705,0.005,0.7,0.785,0.25,,,,,,,,,,
D,lognormal,5000.0,1.5,0.5,200,1,equal,0.0,0.55,0.5,0.15849245376118115,0.6360237851946509,0.5864601343061464,0.10539922456186433,108,center,200,200,0.15088068749834543,0.14388796904823586,0.1591480745842041,0.15126741972303623,0.03646631762439157,0.915,0.915,0.0,벌어짐,0.7876156567164031,0.6355790573234212,0.6194836246362574,0.3971050643723806,0.07496603140123781,-0.0029039110397519607,0.0757450949341611,35.10236976143475,109.0,200.0,0.5709524544198454,1.0,0.2717857220643044,0.1911113714530578,1.4294667449962954,303.5,200.0,0.45499999999999996,0.0728369672801622,0.07949499075715694,0.995,0.005,0.99,0.995,0.04,,,,,,,,,,
D,lognormal,5000.0,1.5,0.5,200,1,equal,0.0,0.55,0.5,0.15849245376118115,0.6360237851946509,0.5864601343061464,0.10539922456186433,108,f01,200,200,0.09354829447560675,0.0896236952891104,0.0972755745546483,0.0939796053271856,0.02157086971694267,0.4,0.4,0.0,가끔,0.7297845709951765,0.6355790573234212,0.530598675640469,0.3971050643723806,0.09351021509728791,-0.0008736579829493052,0.0010090191566843876,87.37313654097753,199.0,200.0,0.3581558020479797,1.0,0.2976837470740219,0.2647037676919275,1.1285478709434715,858.0,200.0,0.0050000000000000044,0.0,0.0016321715300985362,0.79,0.005,0.785,0.87,0.165,,,,,,,,,,
D,lognormal,5000.0,1.5,0.5,200,1,equal,0.0,0.55,0.5,0.15849245376118115,0.6360237851946509,0.5864601343061464,0.10539922456186433,108,f10,200,200,0.12302430579944612,0.119311102298162,0.12737703899969655,0.12332869921059818,0.02686451518863458,0.82,0.82,0.0,벌어짐,0.7589371499857019,0.6355790573234212,0.5776188610240334,0.3971050643723806,0.08374144810833295,-0.0012813331073945333,0.03774846505062063,62.79784461544011,164.0,200.0,0.43611016555041004,1.0,0.2834907942474042,0.22234496191473663,1.2790475305427718,597.0,200.0,0.18000000000000005,0.03630638412963616,0.04059768468605918,0.955,0.005,0.95,0.975,0.0,,,,,,,,,,
D,lognormal,5000.0,1.5,0.5,200,1,equal,0.0,0.55,0.5,0.15849245376118115,0.6360237851946509,0.5864601343061464,0.10539922456186433,108,f25,200,200,0.1511621990025055,0.14620711702733058,0.1562763903840615,0.15058318457930542,0.03348962171420567,0.93,0.93,0.0,벌어짐,0.7848324436950045,0.6355790573234212,0.6178249727791647,0.3971050643723806,0.07163310307159598,-0.0019283854512954224,0.07926695937234618,41.55130986404488,117.0,200.0,0.5367620080689606,1.0,0.2679449416865287,0.18887136785936753,1.3314631340818326,402.0,200.0,0.41500000000000004,0.07484958749289039,0.08403799830704073,0.99,0.005,0.985,0.995,0.035,,,,,,,,,,
D,lognormal,5000.0,1.5,0.5,200,1,equal,0.0,0.55,0.5,0.15849245376118115,0.6360237851946509,0.5864601343061464,0.10539922456186433,108,f50,200,200,0.181720525897492,0.171811485056221,0.18795185220433908,0.17890983629889498,0.04088295800658727,0.98,0.98,0.0,벌어짐,0.8170944912261421,0.6355790573234212,0.6750180414797151,0.3971050643723806,0.059230984592797076,-0.002944310033187736,0.1204038298329016,24.354981243969515,73.0,200.0,0.6791543410865518,1.0,0.24935608653250746,0.16042108455094622,1.3813505517960865,243.5,200.0,0.635,0.11333516181019465,0.1287923910465616,0.995,0.005,0.99,0.995,0.04,,,,,,,,,,
D,lognormal,5000.0,1.5,0.5,200,1,equal,0.0,0.55,0.5,0.15849245376118115,0.6360237851946509,0.5864601343061464,0.10539922456186433,108,rep_point,200,200,-0.0051816381805113165,-0.005560978661050209,-0.004578280279632474,-0.005047388978514564,0.002640865208596944,0.0,0.0,0.0,없음,0.6306051507537689,0.6355790573234212,0.3969849246231156,0.3971050643723806,2.7402200509840657e-05,-0.005141513114052809,0.0,198.01854018260298,200.0,200.0,0.10676059984803393,1.0,0.3041849241222332,0.0014194488149410554,0.10003152975710661,200.0,200.0,0.0,0.0,0.0,0.005,0.005,0.0,0.0,0.95,,,,,,,,,,
D,lognormal,5000.0,1.5,0.5,200,1,equal,0.0,0.55,0.5,0.15849245376118115,0.6360237851946509,0.5864601343061464,0.10539922456186433,108,soft,200,200,0.1511768870858095,0.14530452567175645,0.15701785815311353,0.15121706463063014,0.03521950897166735,0.915,0.915,0.0,벌어짐,0.7875905084815538,0.6355790573234212,0.6235760393963231,0.3971050643723806,0.15400311396681343,-0.0031672988504021227,0.0,36.391654589281394,200.0,200.0,0.5655203720000995,1.0,0.30020608067569354,0.2287652246125027,2.120326669675831,956.5,200.0,0.0,0.0,0.0,0.99,0.005,0.985,0.995,0.035,,,,,,,,,,
D,lognormal,5000.0,1.5,1.0,200,1,equal,0.0,0.55,0.5,0.2524098233487193,0.6198493334873282,0.5864601343061464,0.10539922456186433,109,any,200,200,0.14221326968509668,0.13875160977772028,0.14625558670158367,0.14331231346028228,0.02099234682060724,0.99,0.99,0.0,벌어짐,0.7698103098095025,0.6256618463653105,0.6241459552616154,0.4174118021999633,0.14234383595324407,-0.0007633385674879478,0.0,91.94466554288374,200.0,200.0,0.3442144484910874,1.0,0.3282475201481002,0.3991163752468856,1.0840762718870007,958.5,200.0,0.0,0.0,0.0,1.0,0.0,1.0,1.0,0.0,,,,,,,,,,
D,lognormal,5000.0,1.5,1.0,200,1,equal,0.0,0.55,0.5,0.2524098233487193,0.6198493334873282,0.5864601343061464,0.10539922456186433,109,center,200,200,0.24096837970163099,0.23498431395395336,0.24743708462205616,0.24008276379768057,0.030384493684385828,1.0,1.0,0.0,벌어짐,0.8686880124489293,0.6256618463653105,0.7831560283687944,0.4174118021999633,0.10737846823488978,-0.003273123423135016,0.13405414913529434,34.055954857066,108.0,200.0,0.5751986804618383,1.0,0.2730806859575719,0.2664100406941582,1.472608157160695,298.0,200.0,0.45999999999999996,0.13016669360155175,0.13918467094801423,1.0,0.0,1.0,1.0,0.0,,,,,,,,,,
D,lognormal,5000.0,1.5,1.0,200,1,equal,0.0,0.55,0.5,0.2524098233487193,0.6198493334873282,0.5864601343061464,0.10539922456186433,109,f01,200,200,0.15146344347449853,0.14733769789858897,0.15516841305599138,0.15229915741052874,0.021438674366486946,0.99,0.99,0.0,벌어짐,0.7792228009581228,0.6256618463653105,0.6377003104287273,0.4174118021999633,0.1491175675614445,-0.0010049353807722317,0.002655954556386897,85.66988204453202,199.0,200.0,0.3594099825441267,1.0,0.3272045378389481,0.3961725375859884,1.1484423758851316,863.0,200.0,0.0050000000000000044,0.0005744160722261915,0.002940725270907274,1.0,0.0,1.0,1.0,0.0,,,,,,,,,,
D,lognormal,5000.0,1.5,1.0,200,1,equal,0.0,0.55,0.5,0.2524098233487193,0.6198493334873282,0.5864601343061464,0.10539922456186433,109,f10,200,200,0.19946197717775993,0.19447477354158393,0.20271840652109674,0.20013467993051862,0.02492215744526145,1.0,1.0,0.0,벌어짐,0.82811090590342,0.6256618463653105,0.7108276395244364,0.4174118021999633,0.1296558731277212,-0.0015260727924718553,0.06986305487596928,61.33017454595484,165.0,200.0,0.43757165639092743,1.0,0.2962018898679879,0.33054503189035034,1.3035564134347788,597.0,200.0,0.17500000000000004,0.06678417474425091,0.07323101722826186,1.0,0.0,1.0,1.0,0.0,,,,,,,,,,
D,lognormal,5000.0,1.5,1.0,200,1,equal,0.0,0.55,0.5,0.2524098233487193,0.6198493334873282,0.5864601343061464,0.10539922456186433,109,f25,200,200,0.2451292597210461,0.23938173179301303,0.24949666897106137,0.24298621887946975,0.028811374480028403,1.0,1.0,0.0,벌어짐,0.8700965848013691,0.6256618463653105,0.7782064482913958,0.4174118021999633,0.09978237443314697,-0.0020683964355857065,0.1423369457964508,40.7127580288137,118.0,200.0,0.5352882946653708,1.0,0.2579316511110704,0.27722336395454206,1.380082180351161,403.0,200.0,0.41000000000000003,0.13771958397211925,0.14716479680634642,1.0,0.0,1.0,1.0,0.0,,,,,,,,,,
D,lognormal,5000.0,1.5,1.0,200,1,equal,0.0,0.55,0.5,0.2524098233487193,0.6198493334873282,0.5864601343061464,0.10539922456186433,109,f50,200,200,0.28277409120378044,0.27770352191821246,0.28777279764696173,0.2810441511636095,0.03236625801306506,1.0,1.0,0.0,벌어짐,0.90937644386172,0.6256618463653105,0.8491314764899671,0.4174118021999633,0.07051096334010415,-0.0030064442874698227,0.21238202203028966,23.829092652767553,72.0,200.0,0.6853792002606209,1.0,0.21297076235768192,0.23355180067302944,1.3941256970102924,240.0,200.0,0.64,0.2063928322655051,0.21931997728586616,1.0,0.0,1.0,1.0,0.0,,,,,,,,,,
D,lognormal,5000.0,1.5,1.0,200,1,equal,0.0,0.55,0.5,0.2524098233487193,0.6198493334873282,0.5864601343061464,0.10539922456186433,109,rep_point,200,200,-0.006348737436624896,-0.006846226353343643,-0.006096796784527236,-0.006536722759088536,0.002908421124780528,0.0,0.0,0.0,없음,0.6191970778082013,0.6256618463653105,0.41708542713567837,0.4174118021999633,1.887592503913016e-06,-0.006328501019667976,0.0,198.28824259676486,200.0,200.0,0.10619410945098315,1.0,0.33207954072927054,0.00013682826100769741,0.09290789584463408,200.0,200.0,0.0,0.0,0.0,0.0,0.0,0.0,0.0,1.0,,,,,,,,,,
D,lognormal,5000.0,1.5,1.0,200,1,equal,0.0,0.55,0.5,0.2524098233487193,0.6198493334873282,0.5864601343061464,0.10539922456186433,109,soft,200,200,0.2412871834967001,0.23422418512706789,0.24649959162984147,0.23996555873934666,0.029317808084594093,1.0,1.0,0.0,벌어짐,0.8672253888760073,0.6256618463653105,0.7816701475950902,0.4174118021999633,0.2448922200561614,-0.0036175991695323595,0.0,34.43885059879176,200.0,200.0,0.5664179130689878,1.0,0.32896303580124997,0.34077162919776477,2.192578454242542,958.5,200.0,0.0,0.0,0.0,1.0,0.0,1.0,1.0,0.0,,,,,,,,,,
D,lognormal,5000.0,1.5,-1.0,200,1,equal,0.0,1.45,0.5,-0.30045579336299416,0.7893925436854572,0.5864601343061464,0.10539922456186433,110,any,200,200,-0.14912778719862535,-0.15522424382291977,-0.14435967810408645,-0.1553947697092251,0.03951868734350199,0.96,0.0,0.96,벌어짐,0.6322842271796234,0.786188225700705,0.439354988130392,0.6480254920188826,-0.14949287491185226,0.0005512610086529923,0.0,93.52962534342798,200.0,200.0,0.34084608271714434,1.0,0.26836784546314646,-0.517012343680791,1.066942205688457,952.5,200.0,0.0,0.0,0.0,0.03,1.0,0.97,0.955,0.03,,,,,,,,,,
D,lognormal,5000.0,1.5,-1.0,200,1,equal,0.0,1.45,0.5,-0.30045579336299416,0.7893925436854572,0.5864601343061464,0.10539922456186433,110,center,200,200,-0.2783934575321473,-0.28806788562317887,-0.2646115875032615,-0.28876185436377505,0.0675266740811716,1.0,0.0,1.0,벌어짐,0.5034007315096641,0.786188225700705,0.276692355005608,0.6480254920188826,-0.1721820081908927,-0.004163102220511694,-0.10336550519156334,36.205934587211374,108.0,200.0,0.5710206253094416,1.0,0.30092399616875454,-0.38187819728149597,1.41491799972416,293.5,200.0,0.45999999999999996,-0.10529477953344801,-0.0986565802535696,0.0,1.0,1.0,1.0,0.0,,,,,,,,,,
D,lognormal,5000.0,1.5,-1.0,200,1,equal,0.0,1.45,0.5,-0.30045579336299416,0.7893925436854572,0.5864601343061464,0.10539922456186433,110,f01,200,200,-0.1608388179281156,-0.16569325901401244,-0.15505144360953205,-0.16622859107133195,0.041665685250934954,0.98,0.0,0.98,벌어짐,0.6224031289528219,0.786188225700705,0.4277153399808461,0.6480254920188826,-0.15940707092400636,-6.634710206443462e-05,-0.0010274743622353255,86.909177528475,199.0,200.0,0.35552825647577463,1.0,0.268789461895774,-0.5077683136069702,1.1370052494715033,854.0,200.0,0.0050000000000000044,-0.001092885364509688,-0.0009587533543515825,0.015,1.0,0.985,0.975,0.015,,,,,,,,,,
D,lognormal,5000.0,1.5,-1.0,200,1,equal,0.0,1.45,0.5,-0.30045579336299416,0.7893925436854572,0.5864601343061464,0.10539922456186433,110,f10,200,200,-0.21418519707224248,-0.21993679877138217,-0.20384294710405526,-0.21948865702409812,0.049671581371742636,1.0,0.0,1.0,벌어짐,0.569251495104367,0.786188225700705,0.3543650011055931,0.6480254920188826,-0.16972051069677563,-0.0023956928901613384,-0.039574601207507554,62.373713176296164,164.0,200.0,0.4362687087441358,1.0,0.28189567890016476,-0.46504243409442303,1.269514246461011,594.0,200.0,0.18000000000000005,-0.04112544550859221,-0.038483793863274385,0.0,1.0,1.0,0.995,0.0,,,,,,,,,,
D,lognormal,5000.0,1.5,-1.0,200,1,equal,0.0,1.45,0.5,-0.30045579336299416,0.7893925436854572,0.5864601343061464,0.10539922456186433,110,f25,200,200,-0.26903240199982154,-0.2803656211084876,-0.26188268545589366,-0.27911931525299527,0.060513405755304873,1.0,0.0,1.0,벌어짐,0.5117768232733574,0.786188225700705,0.28003180023669494,0.6480254920188826,-0.16702899992273318,-0.004091602598463473,-0.10224576132849444,42.2493018603345,116.0,200.0,0.5398399405952139,1.0,0.2951252564352358,-0.3999991135209764,1.3422819021092984,398.5,200.0,0.42000000000000004,-0.1044711673392148,-0.09889566780451908,0.0,1.0,1.0,1.0,0.0,,,,,,,,,,
D,lognormal,5000.0,1.5,-1.0,200,1,equal,0.0,1.45,0.5,-0.30045579336299416,0.7893925436854572,0.5864601343061464,0.10539922456186433,110,f50,200,200,-0.3363986836948428,-0.35543736652105945,-0.323596804631078,-0.347384271947111,0.07309757454814625,1.0,0.0,1.0,벌어짐,0.4453866226288523,0.786188225700705,0.20249621882958233,0.6480254920188826,-0.15062969182455543,-0.00591613002473329,-0.17860672864557176,25.490705721032676,72.0,200.0,0.6832844785422683,1.0,0.3060448555538484,-0.3441393388801045,1.3372574657171805,236.0,200.0,0.64,-0.18538931947350912,-0.17364654870984786,0.0,1.0,1.0,1.0,0.0,,,,,,,,,,
D,lognormal,5000.0,1.5,-1.0,200,1,equal,0.0,1.45,0.5,-0.30045579336299416,0.7893925436854572,0.5864601343061464,0.10539922456186433,110,rep_point,200,200,-0.0015510160040405618,-0.0019612633253431877,-0.0010343874566934863,-0.001336100210891174,0.002908015955033729,0.0,0.0,0.0,없음,0.7832852795610423,0.786188225700705,0.645,0.6480254920188826,-0.00021543075293350977,-0.0012440210972489707,0.0,198.34691115877712,200.0,200.0,0.10599292196383917,1.0,0.27711250837919343,-0.008936986145235543,0.09129131275631955,200.0,200.0,0.0,0.0,0.0,1.0,1.0,0.0,0.0,1.0,,,,,,,,,,
D,lognormal,5000.0,1.5,-1.0,200,1,equal,0.0,1.45,0.5,-0.30045579336299416,0.7893925436854572,0.5864601343061464,0.10539922456186433,110,soft,200,200,-0.27924026487248804,-0.28953820164190647,-0.2669499988360875,-0.28885203528036796,0.06725555822798088,1.0,0.0,1.0,벌어짐,0.5020152065432242,0.786188225700705,0.2744372330720497,0.6480254920188826,-0.2760440211051838,-0.003179363892510778,0.0,37.09882854090698,200.0,200.0,0.5641922038754404,1.0,0.2718992955107373,-0.4665180203955184,2.0954741177301486,952.5,200.0,0.0,0.0,0.0,0.0,1.0,1.0,1.0,0.0,,,,,,,,,,
D,lognormal,5000.0,1.5,-0.5,200,1,equal,0.0,1.45,0.5,-0.14942908159032542,0.8204445365584152,0.5864601343061464,0.10539922456186433,111,any,200,200,-0.078334518939085,-0.08392765689994874,-0.07434107405526047,-0.08170656835311398,0.02678050227218466,0.175,0.0,0.175,가끔,0.7359918219667239,0.8166898063890142,0.5455868422299057,0.6754848192823739,-0.07880463973807278,0.0005122675115097897,0.0,87.52862540091589,200.0,200.0,0.3471971660831707,1.0,0.22470219871919728,-0.3167095581460071,1.1335641823703952,966.5,200.0,0.0,0.0,0.0,0.79,1.0,0.21,0.155,0.405,,,,,,,,,,
D,lognormal,5000.0,1.5,-0.5,200,1,equal,0.0,1.45,0.5,-0.14942908159032542,0.8204445365584152,0.5864601343061464,0.10539922456186433,111,center,200,200,-0.15132059672402892,-0.15672183579664367,-0.14298595977726591,-0.15648288983839045,0.05271319235981109,0.885,0.0,0.885,벌어짐,0.6645783164895285,0.8166898063890142,0.4363609641387419,0.6754848192823739,-0.08918230352168971,-0.004860161786755524,-0.052500551535403284,32.054497023908255,109.0,200.0,0.5816689065722802,1.0,0.2514571259818967,-0.24520173332508477,1.5190516037116186,304.5,200.0,0.45499999999999996,-0.0545696314529458,-0.05064187903871753,0.12,1.0,0.88,0.785,0.265,,,,,,,,,,
D,lognormal,5000.0,1.5,-0.5,200,1,equal,0.0,1.45,0.5,-0.14942908159032542,0.8204445365584152,0.5864601343061464,0.10539922456186433,111,f01,200,200,-0.08491349582558039,-0.08804035172697877,-0.08103877920816549,-0.08789771123108558,0.028512970444290166,0.255,0.0,0.255,가끔,0.730262817472433,0.8166898063890142,0.5365126686462254,0.6754848192823739,-0.08322235687572055,-0.0003389207334442701,-0.0007770309424919297,82.12221919167166,199.0,200.0,0.3620589608145202,1.0,0.22559042111892852,-0.31431755567741326,1.1972660964669932,871.0,200.0,0.0050000000000000044,-0.0008657574144964597,0.0,0.745,1.0,0.255,0.17,0.36,,,,,,,,,,
D,lognormal,5000.0,1.5,-0.5,200,1,equal,0.0,1.45,0.5,-0.14942908159032542,0.8204445365584152,0.5864601343061464,0.10539922456186433,111,f10,200,200,-0.11292985283039292,-0.11889206599748725,-0.10744333823680263,-0.11708149184952381,0.03704626766792111,0.68,0.0,0.68,벌어짐,0.7030536912251248,0.8166898063890142,0.49342113379803837,0.6754848192823739,-0.08647749827147755,-0.0025742260614214363,-0.02263247258927914,57.74344955602167,164.0,200.0,0.4416683432369748,1.0,0.23580612989238664,-0.2751370639787695,1.352206220600514,608.5,200.0,0.18000000000000005,-0.023591284476316865,-0.022059027630294437,0.385,1.0,0.615,0.465,0.0,,,,,,,,,,
D,lognormal,5000.0,1.5,-0.5,200,1,equal,0.0,1.45,0.5,-0.14942908159032542,0.8204445365584152,0.5864601343061464,0.10539922456186433,111,f25,200,200,-0.14392046836321043,-0.15151246627769477,-0.13408397641723424,-0.1481332758777048,0.04668091925666753,0.88,0.0,0.88,벌어짐,0.6740821557617049,0.8166898063890142,0.44885287963332005,0.6754848192823739,-0.08497908071537985,-0.004663833488755154,-0.051475279661027606,38.26613694330417,118.5,200.0,0.5466543052491698,1.0,0.24985399195714575,-0.24582787289301394,1.4258734637653125,409.5,200.0,0.40750000000000003,-0.053908276664268784,-0.04913419250696749,0.145,1.0,0.855,0.745,0.24,,,,,,,,,,
D,lognormal,5000.0,1.5,-0.5,200,1,equal,0.0,1.45,0.5,-0.14942908159032542,0.8204445365584152,0.5864601343061464,0.10539922456186433,111,f50,200,200,-0.18208480334956395,-0.1906146595127135,-0.16996654867326055,-0.1868032321473972,0.06148786658222781,0.925,0.0,0.925,벌어짐,0.6359696978093925,0.8166898063890142,0.3895098488318828,0.6754848192823739,-0.07852577085707885,-0.005830336736055208,-0.09202322329233847,22.879732925241953,73.0,200.0,0.6912706387603524,1.0,0.26264334413054413,-0.2173098079676434,1.4580018593210833,248.0,200.0,0.635,-0.09485941358255734,-0.08594814138343276,0.07,1.0,0.93,0.885,0.315,,,,,,,,,,
D,lognormal,5000.0,1.5,-0.5,200,1,equal,0.0,1.45,0.5,-0.14942908159032542,0.8204445365584152,0.5864601343061464,0.10539922456186433,111,rep_point,200,200,-0.003572058478709561,-0.00394423076947259,-0.0032399368958671015,-0.003627308513171243,0.002034382613948577,0.0,0.0,0.0,없음,0.8125238065326632,0.8166898063890142,0.678391959798995,0.6754848192823739,-6.797773610228708e-05,-0.0035538036765740966,0.0,198.3475638011936,200.0,200.0,0.10592462243574706,1.0,0.234031704143455,-0.0033957707425916204,0.09127388469060949,200.0,200.0,0.0,0.0,0.0,1.0,1.0,0.0,0.0,0.615,,,,,,,,,,
D,lognormal,5000.0,1.5,-0.5,200,1,equal,0.0,1.45,0.5,-0.14942908159032542,0.8204445365584152,0.5864601343061464,0.10539922456186433,111,soft,200,200,-0.15100105723217438,-0.15847844873639694,-0.13989066979831388,-0.1559439594739654,0.05212006835988285,0.87,0.0,0.87,벌어짐,0.667743445361718,0.8166898063890142,0.4378754093961709,0.6754848192823739,-0.14677989295460636,-0.004219007817399922,0.0,32.74894444309811,200.0,200.0,0.5768508881740197,1.0,0.2286409231921942,-0.2852187685210753,2.259882256998596,966.5,200.0,0.0,0.0,0.0,0.14,1.0,0.86,0.785,0.245,,,,,,,,,,
D,lognormal,5000.0,1.5,0.0,200,1,equal,0.0,1.45,0.5,0.0,0.833144652128217,0.5864601343061464,0.10539922456186433,112,any,200,200,0.0006675541562364828,-0.0015053577883433755,0.00315290607439489,-0.0007080916403153237,0.015163847465451212,0.0,0.0,0.0,없음,0.8314481731119683,0.8311781224744821,0.6911249591412816,0.6885324265395179,-3.706535304259795e-05,9.3513125652811e-05,0.0,92.43127602198217,200.0,200.0,0.34354209900848676,1.0,0.2043065451153484,-0.00010018070456929625,1.078781814810537,957.0,200.0,0.0,0.0,0.0,1.0,1.0,0.0,0.0,0.0,,,,,,,,,,
D,lognormal,5000.0,1.5,0.0,200,1,equal,0.0,1.45,0.5,0.0,0.833144652128217,0.5864601343061464,0.10539922456186433,112,center,200,200,-0.0032874922990369093,-0.00904644207153027,0.0015133215470432004,-0.007953737933921205,0.03259917911092007,0.015,0.0,0.015,없음,0.8270254721296968,0.8311781224744821,0.6893397813288478,0.6885324265395179,0.002675626670915976,-0.005549331161444682,-3.409716908725491e-05,33.35646834529005,109.5,200.0,0.5795556657202929,1.0,0.2071138401384667,0.01005072634509977,1.4938522981800888,306.5,200.0,0.45249999999999996,-0.0028848706868337404,0.002652532336969937,0.995,1.0,0.005,0.0,0.005,,,,,,,,,,
D,lognormal,5000.0,1.5,0.0,200,1,equal,0.0,1.45,0.5,0.0,0.833144652128217,0.5864601343061464,0.10539922456186433,112,f01,200,200,0.0002224257886698222,-0.002596887908800527,0.003240531417523229,-0.0014487677935611637,0.01633367108608044,0.0,0.0,0.0,없음,0.8299478891165566,0.8311781224744821,0.6909593523513253,0.6885324265395179,0.0008379573939454876,-0.0007918320784832678,0.0,84.95240451211549,199.0,200.0,0.35975358023934423,1.0,0.20501200922790952,0.003036173446465778,1.1564811893163705,864.5,200.0,0.0050000000000000044,0.0,0.0,1.0,1.0,0.0,0.0,0.0,,,,,,,,,,
D,lognormal,5000.0,1.5,0.0,200,1,equal,0.0,1.45,0.5,0.0,0.833144652128217,0.5864601343061464,0.10539922456186433,112,f10,200,200,-0.0025734270797174164,-0.004432949241289452,0.0013232952546172738,-0.004046118349253397,0.022004362326043074,0.0,0.0,0.0,없음,0.8296352839408745,0.8311781224744821,0.6893343101318679,0.6885324265395179,0.0006614869057670614,-0.003071948042168149,-0.00026527628111161494,60.280413030523526,164.0,200.0,0.44041100042169995,1.0,0.20583390458229064,0.0024783774619694604,1.322980007678657,598.0,200.0,0.18000000000000005,-0.00115105795337489,0.001402394244503391,1.0,1.0,0.0,0.0,0.0,,,,,,,,,,
D,lognormal,5000.0,1.5,0.0,200,1,equal,0.0,1.45,0.5,0.0,0.833144652128217,0.5864601343061464,0.10539922456186433,112,f25,200,200,-0.002051798628941892,-0.006503618690781865,0.002355963018096041,-0.005782762630801272,0.029330126926017254,0.01,0.0,0.01,없음,0.8260040926083535,0.8311781224744821,0.6894603545684785,0.6885324265395179,0.00039969019229851854,-0.004546313109071054,0.00012862222146781122,40.145618733760834,119.0,200.0,0.5465848954965731,1.0,0.2055575865299204,0.0013058041870352148,1.396247136987204,406.0,200.0,0.405,-0.0023818674853254285,0.00275241866688003,1.0,1.0,0.0,0.0,0.0,,,,,,,,,,
D,lognormal,5000.0,1.5,0.0,200,1,equal,0.0,1.45,0.5,0.0,0.833144652128217,0.5864601343061464,0.10539922456186433,112,f50,200,200,-0.0035951552724861058,-0.010632703787627151,1.9654619279219077e-05,-0.00875245529577784,0.03908039800952096,0.03,0.0,0.03,없음,0.8262380864401851,0.8311781224744821,0.6875708563222734,0.6885324265395179,0.0028785291801404767,-0.005958801611002762,0.000779400370590877,23.684266017161747,72.0,200.0,0.6905889487809393,1.0,0.20532084840288306,0.00828763500063834,1.4521697377751037,247.0,200.0,0.64,-0.0036656935148995373,0.003514336408151686,0.975,1.0,0.025,0.0,0.025,,,,,,,,,,
D,lognormal,5000.0,1.5,0.0,200,1,equal,0.0,1.45,0.5,0.0,0.833144652128217,0.5864601343061464,0.10539922456186433,112,rep_point,200,200,-0.006473870070844212,-0.006751619498911454,-0.005884277179094011,-0.006420606960489565,0.002356774200035586,0.0,0.0,0.0,없음,0.8249412165411991,0.8311781224744821,0.6884422110552764,0.6885324265395179,1.4585938922451192e-05,-0.006570284880818733,0.0,198.30733944686386,200.0,200.0,0.10595079158965165,1.0,0.21358175135133206,0.0010387014411968626,0.09238739423600165,200.0,200.0,0.0,0.0,0.0,1.0,1.0,0.0,0.0,0.0,,,,,,,,,,
D,lognormal,5000.0,1.5,0.0,200,1,equal,0.0,1.45,0.5,0.0,0.833144652128217,0.5864601343061464,0.10539922456186433,112,soft,200,200,-0.0036775778341958665,-0.008530439764834141,0.0016910824305446104,-0.007510446784992246,0.032155455532519486,0.01,0.0,0.01,없음,0.8272729010118123,0.8311781224744821,0.6895055117400872,0.6885324265395179,0.001752661768778474,-0.005491688663515015,0.0,33.932718535258346,200.0,200.0,0.5688712090574128,1.0,0.20755306476999127,0.004280837023399464,2.212250735411522,957.0,200.0,0.0,0.0,0.0,1.0,1.0,0.0,0.0,0.0,,,,,,,,,,
D,lognormal,5000.0,1.5,0.5,200,1,equal,0.0,1.45,0.5,0.09750371002869129,0.8204445365584152,0.5864601343061464,0.10539922456186433,113,any,200,200,0.05733140374003953,0.05487869893068964,0.05940769308169502,0.05703090255322316,0.012230801918072793,0.0,0.0,0.0,없음,0.8775461168605827,0.8214967063737728,0.7779658131123689,0.6766254114252845,0.057089974170385915,-0.0002596036432939153,0.0,90.868452075103,200.0,200.0,0.34225564229322913,1.0,0.2258300161105703,0.22605611386731173,1.0958949840141088,952.0,200.0,0.0,0.0,0.0,1.0,1.0,0.0,0.0,0.0,,,,,,,,,,
D,lognormal,5000.0,1.5,0.5,200,1,equal,0.0,1.45,0.5,0.09750371002869129,0.8204445365584152,0.5864601343061464,0.10539922456186433,113,center,200,200,0.09098551125968335,0.08734736895432427,0.09457001777048113,0.09209800933030303,0.020738247453820163,0.35,0.35,0.0,가끔,0.9127872113501909,0.8214967063737728,0.85741037988229,0.6766254114252845,0.04467013360811706,-0.005767902256054447,0.05142498638690868,33.91490144730028,109.0,200.0,0.5822443304403986,1.0,0.18447850469741398,0.16223980652672151,1.4611897662716293,296.5,200.0,0.45499999999999996,0.04855679304139393,0.05453329045227273,1.0,1.0,0.0,0.0,0.0,,,,,,,,,,
D,lognormal,5000.0,1.5,0.5,200,1,equal,0.0,1.45,0.5,0.09750371002869129,0.8204445365584152,0.5864601343061464,0.10539922456186433,113,f01,200,200,0.059447902876369974,0.05740904513950662,0.062245052392953526,0.060407503358138805,0.013033066593938715,0.0,0.0,0.0,없음,0.8816528147683405,0.8214967063737728,0.786215913128442,0.6766254114252845,0.05977346107821613,-0.0011504286142177689,0.0004832920147538333,84.87165073398612,199.0,200.0,0.35879269508793016,1.0,0.22464448426090877,0.22316517130018454,1.162034020493163,856.0,200.0,0.0050000000000000044,0.0,0.001392678384470325,1.0,1.0,0.0,0.0,0.0,,,,,,,,,,
D,lognormal,5000.0,1.5,0.5,200,1,equal,0.0,1.45,0.5,0.09750371002869129,0.8204445365584152,0.5864601343061464,0.10539922456186433,113,f10,200,200,0.07730590040395224,0.07359808634126785,0.08025260213873042,0.07832474482346927,0.016814597771237463,0.09,0.09,0.0,없음,0.89958462570632,0.8214967063737728,0.8239119426035373,0.6766254114252845,0.05017214238056883,-0.0030455349191687575,0.030950063086294277,60.248386278538476,163.0,200.0,0.4393091783399279,1.0,0.1997240487805495,0.18429948683201747,1.307102784217157,592.0,200.0,0.18500000000000005,0.028964888713899573,0.03215699758462287,1.0,1.0,0.0,0.0,0.0,,,,,,,,,,
D,lognormal,5000.0,1.5,0.5,200,1,equal,0.0,1.45,0.5,0.09750371002869129,0.8204445365584152,0.5864601343061464,0.10539922456186433,113,f25,200,200,0.09175329786791542,0.08815775959483252,0.09604805933711169,0.09338413789970293,0.01972328652834226,0.365,0.365,0.0,가끔,0.9155588542331559,0.8214967063737728,0.8555677121322636,0.6766254114252845,0.0405464166258544,-0.004534926658516125,0.0555102566087618,40.02177378841252,118.0,200.0,0.5453374338884927,1.0,0.17688052167822144,0.154721290251084,1.391438339515738,402.0,200.0,0.41000000000000003,0.05355573027877025,0.05980488008305329,1.0,1.0,0.0,0.0,0.0,,,,,,,,,,
D,lognormal,5000.0,1.5,0.5,200,1,equal,0.0,1.45,0.5,0.09750371002869129,0.8204445365584152,0.5864601343061464,0.10539922456186433,113,f50,200,200,0.10838692831930846,0.10362978906353781,0.11250265079376232,0.10847363938656804,0.022552792912874896,0.665,0.665,0.0,벌어짐,0.930840738440672,0.8214967063737728,0.8921977304785365,0.6766254114252845,0.0327269081777965,-0.005854887143282861,0.08194650342864362,24.437016038669952,72.0,200.0,0.6924439220898304,1.0,0.1556582169015082,0.1494156536551391,1.415861348783008,239.0,200.0,0.64,0.07801953461764255,0.08535368336553839,1.0,1.0,0.0,0.0,0.0,,,,,,,,,,
D,lognormal,5000.0,1.5,0.5,200,1,equal,0.0,1.45,0.5,0.09750371002869129,0.8204445365584152,0.5864601343061464,0.10539922456186433,113,rep_point,200,200,-0.00846518370885424,-0.008955224750364588,-0.008142589227265296,-0.008578582765734527,0.0023439872452667987,0.0,0.0,0.0,없음,0.8131772660742849,0.8214967063737728,0.675,0.6766254114252845,-1.5910625575710213e-05,-0.008350689950697765,0.0,198.1648931365504,200.0,200.0,0.10593519134976137,1.0,0.230684317559694,-0.0008247957194022452,0.09623028039321646,200.0,200.0,0.0,0.0,0.0,1.0,1.0,0.0,0.0,0.0,,,,,,,,,,
D,lognormal,5000.0,1.5,0.5,200,1,equal,0.0,1.45,0.5,0.09750371002869129,0.8204445365584152,0.5864601343061464,0.10539922456186433,113,soft,200,200,0.09084744712922843,0.08818826537512015,0.09547175881222125,0.09253780649953289,0.019633762306197546,0.355,0.355,0.0,가끔,0.9138701148428037,0.8214967063737728,0.8593923851582346,0.6766254114252845,0.09720744174366158,-0.006206071675339764,0.0,35.34569951421898,200.0,200.0,0.5714035595620828,1.0,0.22679868915628257,0.19456662103503658,2.158332050235662,952.0,200.0,0.0,0.0,0.0,1.0,1.0,0.0,0.0,0.0,,,,,,,,,,
D,lognormal,5000.0,1.5,1.0,200,1,equal,0.0,1.45,0.5,0.1597259069896796,0.7893925436854572,0.5864601343061464,0.10539922456186433,114,any,200,200,0.09631882185338192,0.09364822253904048,0.09760608175851515,0.09628352376321087,0.013488805558118036,0.375,0.375,0.0,가끔,0.8884062439424638,0.7941304571085694,0.8113369213055935,0.6475297524147351,0.09601332268906748,-0.00031301927799787244,0.0,87.7671899094388,200.0,200.0,0.3526243845138689,1.0,0.26544588151113235,0.3217058508239945,1.1308209138187832,957.5,200.0,0.0,0.0,0.0,1.0,1.0,0.0,0.0,0.0,,,,,,,,,,
D,lognormal,5000.0,1.5,1.0,200,1,equal,0.0,1.45,0.5,0.1597259069896796,0.7893925436854572,0.5864601343061464,0.10539922456186433,114,center,200,200,0.1498059493724349,0.14650661655815367,0.15443419553100113,0.15207721475924052,0.020038151170925382,1.0,1.0,0.0,벌어짐,0.9450081591255806,0.7941304571085694,0.9165309698031536,0.6475297524147351,0.05556416606318004,-0.005654769426849504,0.0988387925116247,32.728558219862606,109.0,200.0,0.5824890923247061,1.0,0.18249671775686632,0.19778561259046612,1.5230719392172123,306.5,200.0,0.45499999999999996,0.09528758156570138,0.10278478491023946,1.0,1.0,0.0,0.0,0.0,,,,,,,,,,
D,lognormal,5000.0,1.5,1.0,200,1,equal,0.0,1.45,0.5,0.1597259069896796,0.7893925436854572,0.5864601343061464,0.10539922456186433,114,f01,200,200,0.10153951675530326,0.09840225054345986,0.10468096598651477,0.10213879288199547,0.014326198577526547,0.52,0.52,0.0,벌어짐,0.8947899726134567,0.7941304571085694,0.8208219325071088,0.6475297524147351,0.09948797197264836,-0.0012797954693257174,0.0018584868457338088,81.53773532574974,199.0,200.0,0.3666632321872923,1.0,0.26528353124992954,0.3155969502239886,1.1985679321580993,862.5,200.0,0.0050000000000000044,0.0,0.0026682690778532248,1.0,1.0,0.0,0.0,0.0,,,,,,,,,,
D,lognormal,5000.0,1.5,1.0,200,1,equal,0.0,1.45,0.5,0.1597259069896796,0.7893925436854572,0.5864601343061464,0.10539922456186433,114,f10,200,200,0.13245140128634625,0.12853928669000103,0.13387142313460232,0.13301771215981406,0.01770055489019574,0.975,0.975,0.0,벌어짐,0.9260038696076067,0.7941304571085694,0.8781426775612822,0.6475297524147351,0.07283499383049463,-0.002903189318881505,0.060173478506504674,58.03483654257124,164.0,200.0,0.44496490240436987,1.0,0.21245992936565253,0.25737429776340925,1.3395580749296738,604.0,200.0,0.18000000000000005,0.05721569423618367,0.06262443475326007,1.0,1.0,0.0,0.0,0.0,,,,,,,,,,
D,lognormal,5000.0,1.5,1.0,200,1,equal,0.0,1.45,0.5,0.1597259069896796,0.7893925436854572,0.5864601343061464,0.10539922456186433,114,f25,200,200,0.15409044069154987,0.15082247283016326,0.15910415226162566,0.1563809266515926,0.019817252023997,1.0,1.0,0.0,벌어짐,0.9486844851719181,0.7941304571085694,0.9219032594489696,0.6475297524147351,0.050041531310683895,-0.004229043375343633,0.10940445190557929,39.306775619418154,119.0,200.0,0.5532006460250876,1.0,0.16470975600516813,0.21007590446295213,1.4157383728601727,411.0,200.0,0.405,0.10557813133874494,0.11231445281380403,1.0,1.0,0.0,0.0,0.0,,,,,,,,,,
D,lognormal,5000.0,1.5,1.0,200,1,equal,0.0,1.45,0.5,0.1597259069896796,0.7893925436854572,0.5864601343061464,0.10539922456186433,114,f50,200,200,0.1716453768338801,0.1682414668297164,0.1763761691329382,0.17423908435667598,0.0212338749257701,1.0,1.0,0.0,벌어짐,0.9670367855693793,0.7941304571085694,0.9575717292566744,0.6475297524147351,0.031150002735481852,-0.005547043198880552,0.14554660092065225,23.1171928376055,73.0,200.0,0.6930486371365314,1.0,0.12075605766448591,0.17664650630918136,1.4491253992014612,248.0,200.0,0.635,0.14105804940063427,0.1511391808644107,1.0,1.0,0.0,0.0,0.0,,,,,,,,,,
D,lognormal,5000.0,1.5,1.0,200,1,equal,0.0,1.45,0.5,0.1597259069896796,0.7893925436854572,0.5864601343061464,0.10539922456186433,114,rep_point,200,200,-0.009490795038603672,-0.009808409994314649,-0.009168505416319306,-0.009609551611044813,0.002372472135768125,0.0,0.0,0.0,없음,0.7853758793969849,0.7941304571085694,0.6481001948518101,0.6475297524147351,1.1102230246251565e-16,-0.009336134602658919,0.0,198.31832520758417,200.0,200.0,0.1052030991958809,1.0,0.26792114869229505,-1.0417441441319454e-16,0.09208448197104119,200.0,200.0,0.0,0.0,0.0,1.0,1.0,0.0,0.0,0.0,,,,,,,,,,
D,lognormal,5000.0,1.5,1.0,200,1,equal,0.0,1.45,0.5,0.1597259069896796,0.7893925436854572,0.5864601343061464,0.10539922456186433,114,soft,200,200,0.14930730885018634,0.14636533732570456,0.15316275493059028,0.15200314612948307,0.019170017377052262,1.0,1.0,0.0,벌어짐,0.9450017058751887,0.7941304571085694,0.9155224292433253,0.6475297524147351,0.1560287185972825,-0.006382452004726424,0.0,33.07867830981168,200.0,200.0,0.5789973187980543,1.0,0.26646315028204015,0.26380527193328146,2.246372857592066,957.5,200.0,0.0,0.0,0.0,1.0,1.0,0.0,0.0,0.0,,,,,,,,,,
