score,unit,stratum,storm,metric,value,ci_lo,ci_hi,n_units,test_event,role,year,n_polygons,train_events,run_id
slope_neg,cell_gate,ALL,ALL,observed-label_auc,0.898343431163811,0.8397,0.9326,107,2006,development,2006,19,[],m1_20260926T160821Z_a181f6c
slope_neg,cluster_gate,ALL,ALL,observed-label_auc,0.8878,0.8397,0.9326,3,2006,development,2006,19,[],m1_20260926T160821Z_a181f6c
slope_neg,cell_gate,ALL,ALL,capture_0.2,0.8692,,,107,2006,development,2006,19,[],m1_20260926T160821Z_a181f6c
slope_neg,object,ALL,ALL,capture_0.2,0.7579637844915906,,,19,2006,development,2006,19,[],m1_20260926T160821Z_a181f6c
relelev_neg,cell_gate,ALL,ALL,observed-label_auc,0.5007989349024142,0.4636,0.6469,107,2006,development,2006,19,[],m1_20260926T160821Z_a181f6c
relelev_neg,cluster_gate,ALL,ALL,observed-label_auc,0.5451,0.4636,0.6469,3,2006,development,2006,19,[],m1_20260926T160821Z_a181f6c
relelev_neg,cell_gate,ALL,ALL,capture_0.2,0.0,,,107,2006,development,2006,19,[],m1_20260926T160821Z_a181f6c
relelev_neg,object,ALL,ALL,capture_0.2,9.300944101684397e-07,,,19,2006,development,2006,19,[],m1_20260926T160821Z_a181f6c
twi,cell_gate,ALL,ALL,observed-label_auc,0.8739509984110673,0.8032,0.9274,107,2006,development,2006,19,[],m1_20260926T160821Z_a181f6c
twi,cluster_gate,ALL,ALL,observed-label_auc,0.8786,0.8032,0.9274,3,2006,development,2006,19,[],m1_20260926T160821Z_a181f6c
twi,cell_gate,ALL,ALL,capture_0.2,0.8131,,,107,2006,development,2006,19,[],m1_20260926T160821Z_a181f6c
twi,object,ALL,ALL,capture_0.2,0.6716284475497437,,,19,2006,development,2006,19,[],m1_20260926T160821Z_a181f6c
impervious,cell_gate,ALL,ALL,observed-label_auc,0.47672140898528376,0.4107,0.6344,107,2006,development,2006,19,[],m1_20260926T160821Z_a181f6c
impervious,cluster_gate,ALL,ALL,observed-label_auc,0.5312,0.4107,0.6344,3,2006,development,2006,19,[],m1_20260926T160821Z_a181f6c
impervious,cell_gate,ALL,ALL,capture_0.2,0.1121,,,107,2006,development,2006,19,[],m1_20260926T160821Z_a181f6c
impervious,object,ALL,ALL,capture_0.2,0.11086671223334381,,,19,2006,development,2006,19,[],m1_20260926T160821Z_a181f6c
hand_neg,cell_gate,ALL,ALL,observed-label_auc,0.9268187297201922,0.8872,0.9469,107,2006,development,2006,19,[],m1_20260926T160821Z_a181f6c
hand_neg,cluster_gate,ALL,ALL,observed-label_auc,0.9122,0.8872,0.9469,3,2006,development,2006,19,[],m1_20260926T160821Z_a181f6c
hand_neg,cell_gate,ALL,ALL,capture_0.2,0.972,,,107,2006,development,2006,19,[],m1_20260926T160821Z_a181f6c
hand_neg,object,ALL,ALL,capture_0.2,0.8817823226071612,,,19,2006,development,2006,19,[],m1_20260926T160821Z_a181f6c
hand_acc_neg,cell_gate,ALL,ALL,observed-label_auc,0.9348709483983506,0.904,0.9499,107,2006,development,2006,19,[],m1_20260926T160821Z_a181f6c
hand_acc_neg,cluster_gate,ALL,ALL,observed-label_auc,0.9346,0.904,0.9499,3,2006,development,2006,19,[],m1_20260926T160821Z_a181f6c
hand_acc_neg,cell_gate,ALL,ALL,capture_0.2,0.972,,,107,2006,development,2006,19,[],m1_20260926T160821Z_a181f6c
hand_acc_neg,object,ALL,ALL,capture_0.2,0.8817823226071612,,,19,2006,development,2006,19,[],m1_20260926T160821Z_a181f6c
L1,cell_gate,ALL,ALL,observed-label_auc,0.38693237174000983,0.3647,0.428,107,2006,development,2006,19,[],m1_20260926T160821Z_a181f6c
L1,cluster_gate,ALL,ALL,observed-label_auc,0.3952,0.3647,0.428,3,2006,development,2006,19,[],m1_20260926T160821Z_a181f6c
L1,cell_gate,ALL,ALL,capture_0.2,0.0,,,107,2006,development,2006,19,[],m1_20260926T160821Z_a181f6c
L1,object,ALL,ALL,capture_0.2,0.0,,,19,2006,development,2006,19,[],m1_20260926T160821Z_a181f6c
z_sensitivity,cell_gate,ALL,ALL,observed-label_auc,0.7544419303478709,0.6972,0.7887,107,2006,development,2006,19,[],m1_20260926T160821Z_a181f6c
z_sensitivity,cluster_gate,ALL,ALL,observed-label_auc,0.7429,0.6972,0.7887,3,2006,development,2006,19,[],m1_20260926T160821Z_a181f6c
z_sensitivity,cell_gate,ALL,ALL,capture_0.2,0.3178,,,107,2006,development,2006,19,[],m1_20260926T160821Z_a181f6c
z_sensitivity,object,ALL,ALL,capture_0.2,0.2381150850002445,,,19,2006,development,2006,19,[],m1_20260926T160821Z_a181f6c
slope_neg,object,ALL,ALL,observed-label_auc,0.885185228535842,0.8552468977782757,0.9169236063529798,19,2006,development,2006,19,[],m1_20260926T160821Z_a181f6c
relelev_neg,object,ALL,ALL,observed-label_auc,0.496765423322278,0.46911146370645046,0.5227288463377161,19,2006,development,2006,19,[],m1_20260926T160821Z_a181f6c
twi,object,ALL,ALL,observed-label_auc,0.8422664708504762,0.7938833440443553,0.8914412630169934,19,2006,development,2006,19,[],m1_20260926T160821Z_a181f6c
impervious,object,ALL,ALL,observed-label_auc,0.5081832871054498,0.4441353612287521,0.5751161267012271,19,2006,development,2006,19,[],m1_20260926T160821Z_a181f6c
hand_neg,object,ALL,ALL,observed-label_auc,0.9169905877075856,0.8944323376634721,0.9373090106971953,19,2006,development,2006,19,[],m1_20260926T160821Z_a181f6c
hand_acc_neg,object,ALL,ALL,observed-label_auc,0.9213673295683816,0.8962631928132349,0.9433070748260625,19,2006,development,2006,19,[],m1_20260926T160821Z_a181f6c
L1,object,ALL,ALL,observed-label_auc,0.369319488208016,0.3309815304664778,0.4068226318512331,19,2006,development,2006,19,[],m1_20260926T160821Z_a181f6c
z_sensitivity,object,ALL,ALL,observed-label_auc,0.7339420037034096,0.6965492932521357,0.7678549523942265,19,2006,development,2006,19,[],m1_20260926T160821Z_a181f6c
slope_neg,cell_gate,FLAT,ALL,observed-label_auc,0.678595103554585,0.5039,0.7777,105,2006,development,2006,19,[],m1_20260926T160821Z_a181f6c
slope_neg,cluster_gate,FLAT,ALL,observed-label_auc,0.6407,0.5039,0.7777,3,2006,development,2006,19,[],m1_20260926T160821Z_a181f6c
slope_neg,cell_gate,FLAT,ALL,capture_0.2,0.3429,,,105,2006,development,2006,19,[],m1_20260926T160821Z_a181f6c
slope_neg,object,FLAT,ALL,capture_0.2,0.24001671897237797,,,19,2006,development,2006,19,[],m1_20260926T160821Z_a181f6c
relelev_neg,cell_gate,FLAT,ALL,observed-label_auc,0.4430021130183205,0.3605,0.7117,105,2006,development,2006,19,[],m1_20260926T160821Z_a181f6c
relelev_neg,cluster_gate,FLAT,ALL,observed-label_auc,0.5296,0.3605,0.7117,3,2006,development,2006,19,[],m1_20260926T160821Z_a181f6c
relelev_neg,cell_gate,FLAT,ALL,capture_0.2,0.0095,,,105,2006,development,2006,19,[],m1_20260926T160821Z_a181f6c
relelev_neg,object,FLAT,ALL,capture_0.2,0.004423581207838311,,,19,2006,development,2006,19,[],m1_20260926T160821Z_a181f6c
twi,cell_gate,FLAT,ALL,observed-label_auc,0.6505856168741095,0.5037,0.7715,105,2006,development,2006,19,[],m1_20260926T160821Z_a181f6c
twi,cluster_gate,FLAT,ALL,observed-label_auc,0.6615,0.5037,0.7715,3,2006,development,2006,19,[],m1_20260926T160821Z_a181f6c
twi,cell_gate,FLAT,ALL,capture_0.2,0.1048,,,105,2006,development,2006,19,[],m1_20260926T160821Z_a181f6c
twi,object,FLAT,ALL,capture_0.2,0.129378254169202,,,19,2006,development,2006,19,[],m1_20260926T160821Z_a181f6c
impervious,cell_gate,FLAT,ALL,observed-label_auc,0.297169848709557,0.2536,0.4303,105,2006,development,2006,19,[],m1_20260926T160821Z_a181f6c
impervious,cluster_gate,FLAT,ALL,observed-label_auc,0.3409,0.2536,0.4303,3,2006,development,2006,19,[],m1_20260926T160821Z_a181f6c
impervious,cell_gate,FLAT,ALL,capture_0.2,0.0,,,105,2006,development,2006,19,[],m1_20260926T160821Z_a181f6c
impervious,object,FLAT,ALL,capture_0.2,0.0,,,19,2006,development,2006,19,[],m1_20260926T160821Z_a181f6c
hand_neg,cell_gate,FLAT,ALL,observed-label_auc,0.815971331368414,0.7086,0.8651,105,2006,development,2006,19,[],m1_20260926T160821Z_a181f6c
hand_neg,cluster_gate,FLAT,ALL,observed-label_auc,0.7767,0.7086,0.8651,3,2006,development,2006,19,[],m1_20260926T160821Z_a181f6c
hand_neg,cell_gate,FLAT,ALL,capture_0.2,0.0952,,,105,2006,development,2006,19,[],m1_20260926T160821Z_a181f6c
hand_neg,object,FLAT,ALL,capture_0.2,0.10652657403814131,,,19,2006,development,2006,19,[],m1_20260926T160821Z_a181f6c
hand_acc_neg,cell_gate,FLAT,ALL,observed-label_auc,0.810777227795056,0.7277,0.8489,105,2006,development,2006,19,[],m1_20260926T160821Z_a181f6c
hand_acc_neg,cluster_gate,FLAT,ALL,observed-label_auc,0.8085,0.7277,0.8489,3,2006,development,2006,19,[],m1_20260926T160821Z_a181f6c
hand_acc_neg,cell_gate,FLAT,ALL,capture_0.2,0.2,,,105,2006,development,2006,19,[],m1_20260926T160821Z_a181f6c
hand_acc_neg,object,FLAT,ALL,capture_0.2,0.1841038981514141,,,19,2006,development,2006,19,[],m1_20260926T160821Z_a181f6c
L1,cell_gate,FLAT,ALL,observed-label_auc,0.16361478403617788,0.1472,0.1976,105,2006,development,2006,19,[],m1_20260926T160821Z_a181f6c
L1,cluster_gate,FLAT,ALL,observed-label_auc,0.1705,0.1472,0.1976,3,2006,development,2006,19,[],m1_20260926T160821Z_a181f6c
L1,cell_gate,FLAT,ALL,capture_0.2,0.0,,,105,2006,development,2006,19,[],m1_20260926T160821Z_a181f6c
L1,object,FLAT,ALL,capture_0.2,0.0,,,19,2006,development,2006,19,[],m1_20260926T160821Z_a181f6c
z_sensitivity,cell_gate,FLAT,ALL,observed-label_auc,0.3926972584995275,0.2888,0.4524,105,2006,development,2006,19,[],m1_20260926T160821Z_a181f6c
z_sensitivity,cluster_gate,FLAT,ALL,observed-label_auc,0.3688,0.2888,0.4524,3,2006,development,2006,19,[],m1_20260926T160821Z_a181f6c
z_sensitivity,cell_gate,FLAT,ALL,capture_0.2,0.0,,,105,2006,development,2006,19,[],m1_20260926T160821Z_a181f6c
z_sensitivity,object,FLAT,ALL,capture_0.2,0.0,,,19,2006,development,2006,19,[],m1_20260926T160821Z_a181f6c
slope_neg,object,FLAT,ALL,observed-label_auc,0.6107649231404799,0.5153409269348502,0.7104085218518609,19,2006,development,2006,19,[],m1_20260926T160821Z_a181f6c
relelev_neg,object,FLAT,ALL,observed-label_auc,0.43543541179067513,0.37390628345233795,0.4889355101947503,19,2006,development,2006,19,[],m1_20260926T160821Z_a181f6c
twi,object,FLAT,ALL,observed-label_auc,0.5795642136568371,0.47818399167209036,0.6748498477440964,19,2006,development,2006,19,[],m1_20260926T160821Z_a181f6c
impervious,object,FLAT,ALL,observed-label_auc,0.30142311001618755,0.2635155625749163,0.34034277448179284,19,2006,development,2006,19,[],m1_20260926T160821Z_a181f6c
hand_neg,object,FLAT,ALL,observed-label_auc,0.7817315740724012,0.7199396887751711,0.8367806657794837,19,2006,development,2006,19,[],m1_20260926T160821Z_a181f6c
hand_acc_neg,object,FLAT,ALL,observed-label_auc,0.7585985768678025,0.6878396827270657,0.8232412125913582,19,2006,development,2006,19,[],m1_20260926T160821Z_a181f6c
L1,object,FLAT,ALL,observed-label_auc,0.1283641725887806,0.09881980585535945,0.15824432334214006,19,2006,development,2006,19,[],m1_20260926T160821Z_a181f6c
z_sensitivity,object,FLAT,ALL,observed-label_auc,0.32418559935829944,0.2574460744276102,0.38635323345198036,19,2006,development,2006,19,[],m1_20260926T160821Z_a181f6c
slope_neg,cell_gate,URBAN,ALL,observed-label_auc,0.3947178376147735,0.1498,0.6396,2,2006,development,2006,19,[],m1_20260926T160821Z_a181f6c
slope_neg,cluster_gate,URBAN,ALL,observed-label_auc,0.3947,0.1498,0.6396,2,2006,development,2006,19,[],m1_20260926T160821Z_a181f6c
slope_neg,cell_gate,URBAN,ALL,capture_0.2,0.0,,,2,2006,development,2006,19,[],m1_20260926T160821Z_a181f6c
slope_neg,object,URBAN,ALL,capture_0.2,0.0,,,7,2006,development,2006,19,[],m1_20260926T160821Z_a181f6c
relelev_neg,cell_gate,URBAN,ALL,observed-label_auc,0.4372743216754359,0.079,0.7955,2,2006,development,2006,19,[],m1_20260926T160821Z_a181f6c
relelev_neg,cluster_gate,URBAN,ALL,observed-label_auc,0.4373,0.079,0.7955,2,2006,development,2006,19,[],m1_20260926T160821Z_a181f6c
relelev_neg,cell_gate,URBAN,ALL,capture_0.2,0.0,,,2,2006,development,2006,19,[],m1_20260926T160821Z_a181f6c
relelev_neg,object,URBAN,ALL,capture_0.2,0.0,,,7,2006,development,2006,19,[],m1_20260926T160821Z_a181f6c
twi,cell_gate,URBAN,ALL,observed-label_auc,0.5411637264004951,0.1152,0.9671,2,2006,development,2006,19,[],m1_20260926T160821Z_a181f6c
twi,cluster_gate,URBAN,ALL,observed-label_auc,0.5412,0.1152,0.9671,2,2006,development,2006,19,[],m1_20260926T160821Z_a181f6c
twi,cell_gate,URBAN,ALL,capture_0.2,0.5,,,2,2006,development,2006,19,[],m1_20260926T160821Z_a181f6c
twi,object,URBAN,ALL,capture_0.2,0.14285714285714285,,,7,2006,development,2006,19,[],m1_20260926T160821Z_a181f6c
impervious,cell_gate,URBAN,ALL,observed-label_auc,0.3828278138863097,0.3716,0.394,2,2006,development,2006,19,[],m1_20260926T160821Z_a181f6c
impervious,cluster_gate,URBAN,ALL,observed-label_auc,0.3828,0.3716,0.394,2,2006,development,2006,19,[],m1_20260926T160821Z_a181f6c
impervious,cell_gate,URBAN,ALL,capture_0.2,0.0,,,2,2006,development,2006,19,[],m1_20260926T160821Z_a181f6c
impervious,object,URBAN,ALL,capture_0.2,0.0,,,7,2006,development,2006,19,[],m1_20260926T160821Z_a181f6c
hand_neg,cell_gate,URBAN,ALL,observed-label_auc,0.6782213968843496,0.47,0.8864,2,2006,development,2006,19,[],m1_20260926T160821Z_a181f6c
hand_neg,cluster_gate,URBAN,ALL,observed-label_auc,0.6782,0.47,0.8864,2,2006,development,2006,19,[],m1_20260926T160821Z_a181f6c
hand_neg,cell_gate,URBAN,ALL,capture_0.2,0.5,,,2,2006,development,2006,19,[],m1_20260926T160821Z_a181f6c
hand_neg,object,URBAN,ALL,capture_0.2,0.2857142857142857,,,7,2006,development,2006,19,[],m1_20260926T160821Z_a181f6c
hand_acc_neg,cell_gate,URBAN,ALL,observed-label_auc,0.6862942329516145,0.4332,0.9394,2,2006,development,2006,19,[],m1_20260926T160821Z_a181f6c
hand_acc_neg,cluster_gate,URBAN,ALL,observed-label_auc,0.6863,0.4332,0.9394,2,2006,development,2006,19,[],m1_20260926T160821Z_a181f6c
hand_acc_neg,cell_gate,URBAN,ALL,capture_0.2,0.5,,,2,2006,development,2006,19,[],m1_20260926T160821Z_a181f6c
hand_acc_neg,object,URBAN,ALL,capture_0.2,0.2857142857142857,,,7,2006,development,2006,19,[],m1_20260926T160821Z_a181f6c
L1,cell_gate,URBAN,ALL,observed-label_auc,0.06917363045496751,0.0159,0.1225,2,2006,development,2006,19,[],m1_20260926T160821Z_a181f6c
L1,cluster_gate,URBAN,ALL,observed-label_auc,0.0692,0.0159,0.1225,2,2006,development,2006,19,[],m1_20260926T160821Z_a181f6c
L1,cell_gate,URBAN,ALL,capture_0.2,0.0,,,2,2006,development,2006,19,[],m1_20260926T160821Z_a181f6c
L1,object,URBAN,ALL,capture_0.2,0.0,,,7,2006,development,2006,19,[],m1_20260926T160821Z_a181f6c
z_sensitivity,cell_gate,URBAN,ALL,observed-label_auc,0.22480140307438357,0.0468,0.4028,2,2006,development,2006,19,[],m1_20260926T160821Z_a181f6c
z_sensitivity,cluster_gate,URBAN,ALL,observed-label_auc,0.2248,0.0468,0.4028,2,2006,development,2006,19,[],m1_20260926T160821Z_a181f6c
z_sensitivity,cell_gate,URBAN,ALL,capture_0.2,0.0,,,2,2006,development,2006,19,[],m1_20260926T160821Z_a181f6c
z_sensitivity,object,URBAN,ALL,capture_0.2,0.0,,,7,2006,development,2006,19,[],m1_20260926T160821Z_a181f6c
slope_neg,object,URBAN,ALL,observed-label_auc,0.3613016355792806,0.22359059309146206,0.5073019149002204,7,2006,development,2006,19,[],m1_20260926T160821Z_a181f6c
relelev_neg,object,URBAN,ALL,observed-label_auc,0.2975543899941032,0.12384935290648955,0.4994879116104403,7,2006,development,2006,19,[],m1_20260926T160821Z_a181f6c
twi,object,URBAN,ALL,observed-label_auc,0.33824214021911175,0.15859610192110735,0.5778719623847801,7,2006,development,2006,19,[],m1_20260926T160821Z_a181f6c
impervious,object,URBAN,ALL,observed-label_auc,0.33181775860463675,0.22961655442102974,0.4089423435026846,7,2006,development,2006,19,[],m1_20260926T160821Z_a181f6c
hand_neg,object,URBAN,ALL,observed-label_auc,0.6580180627541045,0.502700102417678,0.8133367989820304,7,2006,development,2006,19,[],m1_20260926T160821Z_a181f6c
hand_acc_neg,object,URBAN,ALL,observed-label_auc,0.625865119021756,0.4623227087924025,0.7977293535272028,7,2006,development,2006,19,[],m1_20260926T160821Z_a181f6c
L1,object,URBAN,ALL,observed-label_auc,0.036172061698892026,0.0141367431178424,0.06742497129201452,7,2006,development,2006,19,[],m1_20260926T160821Z_a181f6c
z_sensitivity,object,URBAN,ALL,observed-label_auc,0.1294187020886999,0.05224853356506626,0.2334987275379411,7,2006,development,2006,19,[],m1_20260926T160821Z_a181f6c
slope_neg,cell_gate,AGRI,ALL,observed-label_auc,0.685614849187935,0.4767,0.7738,89,2006,development,2006,19,[],m1_20260926T160821Z_a181f6c
slope_neg,cluster_gate,AGRI,ALL,observed-label_auc,0.6467,0.4767,0.7738,3,2006,development,2006,19,[],m1_20260926T160821Z_a181f6c
slope_neg,cell_gate,AGRI,ALL,capture_0.2,0.3258,,,89,2006,development,2006,19,[],m1_20260926T160821Z_a181f6c
slope_neg,object,AGRI,ALL,capture_0.2,0.19484796536717117,,,19,2006,development,2006,19,[],m1_20260926T160821Z_a181f6c
relelev_neg,cell_gate,AGRI,ALL,observed-label_auc,0.4828288884833633,0.4305,0.6575,89,2006,development,2006,19,[],m1_20260926T160821Z_a181f6c
relelev_neg,cluster_gate,AGRI,ALL,observed-label_auc,0.5532,0.4305,0.6575,3,2006,development,2006,19,[],m1_20260926T160821Z_a181f6c
relelev_neg,cell_gate,AGRI,ALL,capture_0.2,0.0,,,89,2006,development,2006,19,[],m1_20260926T160821Z_a181f6c
relelev_neg,object,AGRI,ALL,capture_0.2,1.5451759588928105e-06,,,19,2006,development,2006,19,[],m1_20260926T160821Z_a181f6c
twi,cell_gate,AGRI,ALL,observed-label_auc,0.6358367658176699,0.4847,0.7137,89,2006,development,2006,19,[],m1_20260926T160821Z_a181f6c
twi,cluster_gate,AGRI,ALL,observed-label_auc,0.6305,0.4847,0.7137,3,2006,development,2006,19,[],m1_20260926T160821Z_a181f6c
twi,cell_gate,AGRI,ALL,capture_0.2,0.1124,,,89,2006,development,2006,19,[],m1_20260926T160821Z_a181f6c
twi,object,AGRI,ALL,capture_0.2,0.17610732522506706,,,19,2006,development,2006,19,[],m1_20260926T160821Z_a181f6c
impervious,cell_gate,AGRI,ALL,observed-label_auc,0.4993851942612338,0.4783,0.5421,89,2006,development,2006,19,[],m1_20260926T160821Z_a181f6c
impervious,cluster_gate,AGRI,ALL,observed-label_auc,0.5181,0.4783,0.5421,3,2006,development,2006,19,[],m1_20260926T160821Z_a181f6c
impervious,cell_gate,AGRI,ALL,capture_0.2,0.1236,,,89,2006,development,2006,19,[],m1_20260926T160821Z_a181f6c
impervious,object,AGRI,ALL,capture_0.2,0.24689549067771854,,,19,2006,development,2006,19,[],m1_20260926T160821Z_a181f6c
hand_neg,cell_gate,AGRI,ALL,observed-label_auc,0.7824999782754156,0.6262,0.8267,89,2006,development,2006,19,[],m1_20260926T160821Z_a181f6c
hand_neg,cluster_gate,AGRI,ALL,observed-label_auc,0.7208,0.6262,0.8267,3,2006,development,2006,19,[],m1_20260926T160821Z_a181f6c
hand_neg,cell_gate,AGRI,ALL,capture_0.2,0.0674,,,89,2006,development,2006,19,[],m1_20260926T160821Z_a181f6c
hand_neg,object,AGRI,ALL,capture_0.2,0.1006016133411704,,,19,2006,development,2006,19,[],m1_20260926T160821Z_a181f6c
hand_acc_neg,cell_gate,AGRI,ALL,observed-label_auc,0.7660729337747769,0.6783,0.8004,89,2006,development,2006,19,[],m1_20260926T160821Z_a181f6c
hand_acc_neg,cluster_gate,AGRI,ALL,observed-label_auc,0.7597,0.6783,0.8004,3,2006,development,2006,19,[],m1_20260926T160821Z_a181f6c
hand_acc_neg,cell_gate,AGRI,ALL,capture_0.2,0.1348,,,89,2006,development,2006,19,[],m1_20260926T160821Z_a181f6c
hand_acc_neg,object,AGRI,ALL,capture_0.2,0.18406418472056324,,,19,2006,development,2006,19,[],m1_20260926T160821Z_a181f6c
L1,cell_gate,AGRI,ALL,observed-label_auc,0.29385541854584324,0.2653,0.3076,89,2006,development,2006,19,[],m1_20260926T160821Z_a181f6c
L1,cluster_gate,AGRI,ALL,observed-label_auc,0.2825,0.2653,0.3076,3,2006,development,2006,19,[],m1_20260926T160821Z_a181f6c
L1,cell_gate,AGRI,ALL,capture_0.2,0.0,,,89,2006,development,2006,19,[],m1_20260926T160821Z_a181f6c
L1,object,AGRI,ALL,capture_0.2,0.0,,,19,2006,development,2006,19,[],m1_20260926T160821Z_a181f6c
z_sensitivity,cell_gate,AGRI,ALL,observed-label_auc,0.6325416894774804,0.4672,0.712,89,2006,development,2006,19,[],m1_20260926T160821Z_a181f6c
z_sensitivity,cluster_gate,AGRI,ALL,observed-label_auc,0.5671,0.4672,0.712,3,2006,development,2006,19,[],m1_20260926T160821Z_a181f6c
z_sensitivity,cell_gate,AGRI,ALL,capture_0.2,0.2022,,,89,2006,development,2006,19,[],m1_20260926T160821Z_a181f6c
z_sensitivity,object,AGRI,ALL,capture_0.2,0.11104057253059332,,,19,2006,development,2006,19,[],m1_20260926T160821Z_a181f6c
slope_neg,object,AGRI,ALL,observed-label_auc,0.6267469389865379,0.536108040771584,0.7206979637663911,19,2006,development,2006,19,[],m1_20260926T160821Z_a181f6c
relelev_neg,object,AGRI,ALL,observed-label_auc,0.481760388796808,0.4381435544830481,0.5192033137316948,19,2006,development,2006,19,[],m1_20260926T160821Z_a181f6c
twi,object,AGRI,ALL,observed-label_auc,0.5855365189549765,0.48833185914331323,0.674123837175261,19,2006,development,2006,19,[],m1_20260926T160821Z_a181f6c
impervious,object,AGRI,ALL,observed-label_auc,0.563320409640266,0.4884494748985636,0.6430431604393307,19,2006,development,2006,19,[],m1_20260926T160821Z_a181f6c
hand_neg,object,AGRI,ALL,observed-label_auc,0.7531386604529242,0.6925434380679207,0.80890511070296,19,2006,development,2006,19,[],m1_20260926T160821Z_a181f6c
hand_acc_neg,object,AGRI,ALL,observed-label_auc,0.7214396687694844,0.6508726975825911,0.7837049536936862,19,2006,development,2006,19,[],m1_20260926T160821Z_a181f6c
L1,object,AGRI,ALL,observed-label_auc,0.23772919349227015,0.18337518563264127,0.29242795836402335,19,2006,development,2006,19,[],m1_20260926T160821Z_a181f6c
z_sensitivity,object,AGRI,ALL,observed-label_auc,0.5386493426746684,0.4399184692150713,0.6299618017567413,19,2006,development,2006,19,[],m1_20260926T160821Z_a181f6c
slope_neg,cell_gate,UNIVERSE,ALL,observed-label_auc,0.5769230769230769,0.4847,0.7249,10,2006,development,2006,19,[],m1_20260926T160821Z_a181f6c
slope_neg,cluster_gate,UNIVERSE,ALL,observed-label_auc,0.5777,0.4863,0.7134,5,2006,development,2006,19,[],m1_20260926T160821Z_a181f6c
slope_neg,cell_gate,UNIVERSE,ALL,capture_0.2,0.2,,,10,2006,development,2006,19,[],m1_20260926T160821Z_a181f6c
slope_neg,object,UNIVERSE,ALL,capture_0.2,0.0908978263911525,,,11,2006,development,2006,19,[],m1_20260926T160821Z_a181f6c
relelev_neg,cell_gate,UNIVERSE,ALL,observed-label_auc,0.3467425431711146,0.2315,0.4966,10,2006,development,2006,19,[],m1_20260926T160821Z_a181f6c
relelev_neg,cluster_gate,UNIVERSE,ALL,observed-label_auc,0.3534,0.242,0.4788,5,2006,development,2006,19,[],m1_20260926T160821Z_a181f6c
relelev_neg,cell_gate,UNIVERSE,ALL,capture_0.2,0.0,,,10,2006,development,2006,19,[],m1_20260926T160821Z_a181f6c
relelev_neg,object,UNIVERSE,ALL,capture_0.2,1.1264517938403559e-05,,,11,2006,development,2006,19,[],m1_20260926T160821Z_a181f6c
twi,cell_gate,UNIVERSE,ALL,observed-label_auc,0.542984693877551,0.3846,0.7662,10,2006,development,2006,19,[],m1_20260926T160821Z_a181f6c
twi,cluster_gate,UNIVERSE,ALL,observed-label_auc,0.5466,0.3918,0.7356,5,2006,development,2006,19,[],m1_20260926T160821Z_a181f6c
twi,cell_gate,UNIVERSE,ALL,capture_0.2,0.2,,,10,2006,development,2006,19,[],m1_20260926T160821Z_a181f6c
twi,object,UNIVERSE,ALL,capture_0.2,0.0908978263911525,,,11,2006,development,2006,19,[],m1_20260926T160821Z_a181f6c
impervious,cell_gate,UNIVERSE,ALL,observed-label_auc,0.3563775510204082,0.2837,0.4337,10,2006,development,2006,19,[],m1_20260926T160821Z_a181f6c
impervious,cluster_gate,UNIVERSE,ALL,observed-label_auc,0.3415,0.2645,0.4314,5,2006,development,2006,19,[],m1_20260926T160821Z_a181f6c
impervious,cell_gate,UNIVERSE,ALL,capture_0.2,0.0,,,10,2006,development,2006,19,[],m1_20260926T160821Z_a181f6c
impervious,object,UNIVERSE,ALL,capture_0.2,0.0,,,11,2006,development,2006,19,[],m1_20260926T160821Z_a181f6c
hand_neg,cell_gate,UNIVERSE,ALL,observed-label_auc,0.8267072213500785,0.74,0.9113,10,2006,development,2006,19,[],m1_20260926T160821Z_a181f6c
hand_neg,cluster_gate,UNIVERSE,ALL,observed-label_auc,0.8506,0.7698,0.9135,5,2006,development,2006,19,[],m1_20260926T160821Z_a181f6c
hand_neg,cell_gate,UNIVERSE,ALL,capture_0.2,0.6,,,10,2006,development,2006,19,[],m1_20260926T160821Z_a181f6c
hand_neg,object,UNIVERSE,ALL,capture_0.2,0.4275369088285767,,,11,2006,development,2006,19,[],m1_20260926T160821Z_a181f6c
hand_acc_neg,cell_gate,UNIVERSE,ALL,observed-label_auc,0.842798273155416,0.7414,0.9372,10,2006,development,2006,19,[],m1_20260926T160821Z_a181f6c
hand_acc_neg,cluster_gate,UNIVERSE,ALL,observed-label_auc,0.8689,0.7645,0.9372,5,2006,development,2006,19,[],m1_20260926T160821Z_a181f6c
hand_acc_neg,cell_gate,UNIVERSE,ALL,capture_0.2,0.6,,,10,2006,development,2006,19,[],m1_20260926T160821Z_a181f6c
hand_acc_neg,object,UNIVERSE,ALL,capture_0.2,0.4275369088285767,,,11,2006,development,2006,19,[],m1_20260926T160821Z_a181f6c
L1,cell_gate,UNIVERSE,ALL,observed-label_auc,0.11317700156985872,0.0609,0.1889,10,2006,development,2006,19,[],m1_20260926T160821Z_a181f6c
L1,cluster_gate,UNIVERSE,ALL,observed-label_auc,0.1102,0.0556,0.184,5,2006,development,2006,19,[],m1_20260926T160821Z_a181f6c
L1,cell_gate,UNIVERSE,ALL,capture_0.2,0.0,,,10,2006,development,2006,19,[],m1_20260926T160821Z_a181f6c
L1,object,UNIVERSE,ALL,capture_0.2,0.0,,,11,2006,development,2006,19,[],m1_20260926T160821Z_a181f6c
z_sensitivity,cell_gate,UNIVERSE,ALL,observed-label_auc,0.28294740973312404,0.2037,0.3993,10,2006,development,2006,19,[],m1_20260926T160821Z_a181f6c
z_sensitivity,cluster_gate,UNIVERSE,ALL,observed-label_auc,0.287,0.2103,0.3849,5,2006,development,2006,19,[],m1_20260926T160821Z_a181f6c
z_sensitivity,cell_gate,UNIVERSE,ALL,capture_0.2,0.0,,,10,2006,development,2006,19,[],m1_20260926T160821Z_a181f6c
z_sensitivity,object,UNIVERSE,ALL,capture_0.2,0.0,,,11,2006,development,2006,19,[],m1_20260926T160821Z_a181f6c
slope_neg,object,UNIVERSE,ALL,observed-label_auc,0.5839769669677404,0.5240811144840446,0.6599196565209248,11,2006,development,2006,19,[],m1_20260926T160821Z_a181f6c
relelev_neg,object,UNIVERSE,ALL,observed-label_auc,0.2977902941973254,0.2400755364001706,0.36920016484302204,11,2006,development,2006,19,[],m1_20260926T160821Z_a181f6c
twi,object,UNIVERSE,ALL,observed-label_auc,0.49007390945411616,0.3808601053665462,0.6014709691904453,11,2006,development,2006,19,[],m1_20260926T160821Z_a181f6c
impervious,object,UNIVERSE,ALL,observed-label_auc,0.30181073159862426,0.2562749559777261,0.35041851654638473,11,2006,development,2006,19,[],m1_20260926T160821Z_a181f6c
hand_neg,object,UNIVERSE,ALL,observed-label_auc,0.8160614550867034,0.7629590040511746,0.8723638014655748,11,2006,development,2006,19,[],m1_20260926T160821Z_a181f6c
hand_acc_neg,object,UNIVERSE,ALL,observed-label_auc,0.8223690526336926,0.7603365924922085,0.8862579330217394,11,2006,development,2006,19,[],m1_20260926T160821Z_a181f6c
L1,object,UNIVERSE,ALL,observed-label_auc,0.08827129096116894,0.05979383407202901,0.12100351436194258,11,2006,development,2006,19,[],m1_20260926T160821Z_a181f6c
z_sensitivity,object,UNIVERSE,ALL,observed-label_auc,0.23252287456106996,0.17444658992463696,0.2912299592205857,11,2006,development,2006,19,[],m1_20260926T160821Z_a181f6c
slope_neg,cell_gate,ALL,ALL,observed-label_auc,0.8717151957228564,0.7418,0.9193,206,2012,development,2012,31,[2006],m1_20260926T160821Z_a181f6c
slope_neg,cluster_gate,ALL,ALL,observed-label_auc,0.722,0.6254,0.8105,14,2012,development,2012,31,[2006],m1_20260926T160821Z_a181f6c
slope_neg,cell_gate,ALL,ALL,capture_0.2,0.801,,,206,2012,development,2012,31,[2006],m1_20260926T160821Z_a181f6c
slope_neg,object,ALL,ALL,capture_0.2,0.46090645425928456,,,30,2012,development,2012,31,[2006],m1_20260926T160821Z_a181f6c
relelev_neg,cell_gate,ALL,ALL,observed-label_auc,0.5869208605003859,0.5067,0.6899,206,2012,development,2012,31,[2006],m1_20260926T160821Z_a181f6c
relelev_neg,cluster_gate,ALL,ALL,observed-label_auc,0.6834,0.595,0.773,14,2012,development,2012,31,[2006],m1_20260926T160821Z_a181f6c
relelev_neg,cell_gate,ALL,ALL,capture_0.2,0.0971,,,206,2012,development,2012,31,[2006],m1_20260926T160821Z_a181f6c
relelev_neg,object,ALL,ALL,capture_0.2,0.3445261018646786,,,30,2012,development,2012,31,[2006],m1_20260926T160821Z_a181f6c
twi,cell_gate,ALL,ALL,observed-label_auc,0.8222134667323953,0.7443,0.8764,206,2012,development,2012,31,[2006],m1_20260926T160821Z_a181f6c
twi,cluster_gate,ALL,ALL,observed-label_auc,0.7233,0.6193,0.8132,14,2012,development,2012,31,[2006],m1_20260926T160821Z_a181f6c
twi,cell_gate,ALL,ALL,capture_0.2,0.6505,,,206,2012,development,2012,31,[2006],m1_20260926T160821Z_a181f6c
twi,object,ALL,ALL,capture_0.2,0.4341813127259344,,,30,2012,development,2012,31,[2006],m1_20260926T160821Z_a181f6c
impervious,cell_gate,ALL,ALL,observed-label_auc,0.8079026200448238,0.681,0.9297,206,2012,development,2012,31,[2006],m1_20260926T160821Z_a181f6c
impervious,cluster_gate,ALL,ALL,observed-label_auc,0.7954,0.7052,0.8647,14,2012,development,2012,31,[2006],m1_20260926T160821Z_a181f6c
impervious,cell_gate,ALL,ALL,capture_0.2,0.7184,,,206,2012,development,2012,31,[2006],m1_20260926T160821Z_a181f6c
impervious,object,ALL,ALL,capture_0.2,0.6396603552671709,,,30,2012,development,2012,31,[2006],m1_20260926T160821Z_a181f6c
hand_neg,cell_gate,ALL,ALL,observed-label_auc,0.8578793017207786,0.8315,0.8704,206,2012,development,2012,31,[2006],m1_20260926T160821Z_a181f6c
hand_neg,cluster_gate,ALL,ALL,observed-label_auc,0.8294,0.7918,0.8629,14,2012,development,2012,31,[2006],m1_20260926T160821Z_a181f6c
hand_neg,cell_gate,ALL,ALL,capture_0.2,0.8786,,,206,2012,development,2012,31,[2006],m1_20260926T160821Z_a181f6c
hand_neg,object,ALL,ALL,capture_0.2,0.7323173001708938,,,30,2012,development,2012,31,[2006],m1_20260926T160821Z_a181f6c
hand_acc_neg,cell_gate,ALL,ALL,observed-label_auc,0.877414821622568,0.8557,0.8887,206,2012,development,2012,31,[2006],m1_20260926T160821Z_a181f6c
hand_acc_neg,cluster_gate,ALL,ALL,observed-label_auc,0.8327,0.7985,0.8649,14,2012,development,2012,31,[2006],m1_20260926T160821Z_a181f6c
hand_acc_neg,cell_gate,ALL,ALL,capture_0.2,0.8738,,,206,2012,development,2012,31,[2006],m1_20260926T160821Z_a181f6c
hand_acc_neg,object,ALL,ALL,capture_0.2,0.7375019938502783,,,30,2012,development,2012,31,[2006],m1_20260926T160821Z_a181f6c
L1,cell_gate,ALL,ALL,observed-label_auc,0.7910914447573926,0.6387,0.9438,206,2012,development,2012,31,[2006],m1_20260926T160821Z_a181f6c
L1,cluster_gate,ALL,ALL,observed-label_auc,0.8179,0.7562,0.8758,14,2012,development,2012,31,[2006],m1_20260926T160821Z_a181f6c
L1,cell_gate,ALL,ALL,capture_0.2,0.5583,,,206,2012,development,2012,31,[2006],m1_20260926T160821Z_a181f6c
L1,object,ALL,ALL,capture_0.2,0.583914460597245,,,30,2012,development,2012,31,[2006],m1_20260926T160821Z_a181f6c
z_sensitivity,cell_gate,ALL,ALL,observed-label_auc,0.8739552913099088,0.7895,0.953,206,2012,development,2012,31,[2006],m1_20260926T160821Z_a181f6c
z_sensitivity,cluster_gate,ALL,ALL,observed-label_auc,0.7932,0.6955,0.8788,14,2012,development,2012,31,[2006],m1_20260926T160821Z_a181f6c
z_sensitivity,cell_gate,ALL,ALL,capture_0.2,0.7476,,,206,2012,development,2012,31,[2006],m1_20260926T160821Z_a181f6c
z_sensitivity,object,ALL,ALL,capture_0.2,0.5276901047574326,,,30,2012,development,2012,31,[2006],m1_20260926T160821Z_a181f6c
rf_F1_wf,cell_gate,ALL,ALL,observed-label_auc,0.7802727624157164,0.6516,0.8201,206,2012,development,2012,31,[2006],m1_20260926T160821Z_a181f6c
rf_F1_wf,cluster_gate,ALL,ALL,observed-label_auc,0.6855,0.6108,0.7615,14,2012,development,2012,31,[2006],m1_20260926T160821Z_a181f6c
rf_F1_wf,cell_gate,ALL,ALL,capture_0.2,0.6068,,,206,2012,development,2012,31,[2006],m1_20260926T160821Z_a181f6c
rf_F1_wf,object,ALL,ALL,capture_0.2,0.3539044767420271,,,30,2012,development,2012,31,[2006],m1_20260926T160821Z_a181f6c
logit_F1_wf,cell_gate,ALL,ALL,observed-label_auc,0.523354218253832,0.2469,0.7895,206,2012,development,2012,31,[2006],m1_20260926T160821Z_a181f6c
logit_F1_wf,cluster_gate,ALL,ALL,observed-label_auc,0.4763,0.3321,0.6236,14,2012,development,2012,31,[2006],m1_20260926T160821Z_a181f6c
logit_F1_wf,cell_gate,ALL,ALL,capture_0.2,0.3495,,,206,2012,development,2012,31,[2006],m1_20260926T160821Z_a181f6c
logit_F1_wf,object,ALL,ALL,capture_0.2,0.2758763160525781,,,30,2012,development,2012,31,[2006],m1_20260926T160821Z_a181f6c
slope_neg,object,ALL,ALL,observed-label_auc,0.7753672623638705,0.7163622424416699,0.8294166719230898,30,2012,development,2012,31,[2006],m1_20260926T160821Z_a181f6c
relelev_neg,object,ALL,ALL,observed-label_auc,0.6645513552765874,0.605124048825754,0.7207723002771965,30,2012,development,2012,31,[2006],m1_20260926T160821Z_a181f6c
twi,object,ALL,ALL,observed-label_auc,0.7367887753890062,0.6627901427959428,0.799187178242935,30,2012,development,2012,31,[2006],m1_20260926T160821Z_a181f6c
impervious,object,ALL,ALL,observed-label_auc,0.7986423115573349,0.738866992010808,0.8505194989677419,30,2012,development,2012,31,[2006],m1_20260926T160821Z_a181f6c
hand_neg,object,ALL,ALL,observed-label_auc,0.8436921599814527,0.8157644600653589,0.8680767774178072,30,2012,development,2012,31,[2006],m1_20260926T160821Z_a181f6c
hand_acc_neg,object,ALL,ALL,observed-label_auc,0.8508890754414236,0.821644037300128,0.8753520396841534,30,2012,development,2012,31,[2006],m1_20260926T160821Z_a181f6c
L1,object,ALL,ALL,observed-label_auc,0.803161166087212,0.75512221408188,0.8480790189056471,30,2012,development,2012,31,[2006],m1_20260926T160821Z_a181f6c
z_sensitivity,object,ALL,ALL,observed-label_auc,0.8078426543829131,0.7489569250134269,0.8586767804372076,30,2012,development,2012,31,[2006],m1_20260926T160821Z_a181f6c
rf_F1_wf,object,ALL,ALL,observed-label_auc,0.697930200561218,0.6369362334778746,0.7535203145185495,30,2012,development,2012,31,[2006],m1_20260926T160821Z_a181f6c
logit_F1_wf,object,ALL,ALL,observed-label_auc,0.513355456703192,0.40863098431886813,0.6301241212365174,30,2012,development,2012,31,[2006],m1_20260926T160821Z_a181f6c
slope_neg,cell_gate,FLAT,ALL,observed-label_auc,0.6800229165789977,0.451,0.7957,187,2012,development,2012,31,[2006],m1_20260926T160821Z_a181f6c
slope_neg,cluster_gate,FLAT,ALL,observed-label_auc,0.5007,0.3443,0.6677,10,2012,development,2012,31,[2006],m1_20260926T160821Z_a181f6c
slope_neg,cell_gate,FLAT,ALL,capture_0.2,0.4064,,,187,2012,development,2012,31,[2006],m1_20260926T160821Z_a181f6c
slope_neg,object,FLAT,ALL,capture_0.2,0.2621751000242639,,,23,2012,development,2012,31,[2006],m1_20260926T160821Z_a181f6c
relelev_neg,cell_gate,FLAT,ALL,observed-label_auc,0.5624658972482474,0.4228,0.7511,187,2012,development,2012,31,[2006],m1_20260926T160821Z_a181f6c
relelev_neg,cluster_gate,FLAT,ALL,observed-label_auc,0.7091,0.5567,0.8435,10,2012,development,2012,31,[2006],m1_20260926T160821Z_a181f6c
relelev_neg,cell_gate,FLAT,ALL,capture_0.2,0.2032,,,187,2012,development,2012,31,[2006],m1_20260926T160821Z_a181f6c
relelev_neg,object,FLAT,ALL,capture_0.2,0.4579999049994409,,,23,2012,development,2012,31,[2006],m1_20260926T160821Z_a181f6c
twi,cell_gate,FLAT,ALL,observed-label_auc,0.5808219641821487,0.4827,0.6914,187,2012,development,2012,31,[2006],m1_20260926T160821Z_a181f6c
twi,cluster_gate,FLAT,ALL,observed-label_auc,0.5632,0.4217,0.7106,10,2012,development,2012,31,[2006],m1_20260926T160821Z_a181f6c
twi,cell_gate,FLAT,ALL,capture_0.2,0.3476,,,187,2012,development,2012,31,[2006],m1_20260926T160821Z_a181f6c
twi,object,FLAT,ALL,capture_0.2,0.27414249653579104,,,23,2012,development,2012,31,[2006],m1_20260926T160821Z_a181f6c
impervious,cell_gate,FLAT,ALL,observed-label_auc,0.6688950461587577,0.4911,0.8355,187,2012,development,2012,31,[2006],m1_20260926T160821Z_a181f6c
impervious,cluster_gate,FLAT,ALL,observed-label_auc,0.6054,0.4858,0.7218,10,2012,development,2012,31,[2006],m1_20260926T160821Z_a181f6c
impervious,cell_gate,FLAT,ALL,capture_0.2,0.385,,,187,2012,development,2012,31,[2006],m1_20260926T160821Z_a181f6c
impervious,object,FLAT,ALL,capture_0.2,0.2600414108457004,,,23,2012,development,2012,31,[2006],m1_20260926T160821Z_a181f6c
hand_neg,cell_gate,FLAT,ALL,observed-label_auc,0.6324167093551033,0.5903,0.6726,187,2012,development,2012,31,[2006],m1_20260926T160821Z_a181f6c
hand_neg,cluster_gate,FLAT,ALL,observed-label_auc,0.6482,0.5972,0.7138,10,2012,development,2012,31,[2006],m1_20260926T160821Z_a181f6c
hand_neg,cell_gate,FLAT,ALL,capture_0.2,0.1872,,,187,2012,development,2012,31,[2006],m1_20260926T160821Z_a181f6c
hand_neg,object,FLAT,ALL,capture_0.2,0.17925656778266486,,,23,2012,development,2012,31,[2006],m1_20260926T160821Z_a181f6c
hand_acc_neg,cell_gate,FLAT,ALL,observed-label_auc,0.6609872042831528,0.6342,0.6881,187,2012,development,2012,31,[2006],m1_20260926T160821Z_a181f6c
hand_acc_neg,cluster_gate,FLAT,ALL,observed-label_auc,0.6437,0.5626,0.7196,10,2012,development,2012,31,[2006],m1_20260926T160821Z_a181f6c
hand_acc_neg,cell_gate,FLAT,ALL,capture_0.2,0.3209,,,187,2012,development,2012,31,[2006],m1_20260926T160821Z_a181f6c
hand_acc_neg,object,FLAT,ALL,capture_0.2,0.3288437858980072,,,23,2012,development,2012,31,[2006],m1_20260926T160821Z_a181f6c
L1,cell_gate,FLAT,ALL,observed-label_auc,0.6507130634138979,0.4277,0.8663,187,2012,development,2012,31,[2006],m1_20260926T160821Z_a181f6c
L1,cluster_gate,FLAT,ALL,observed-label_auc,0.7028,0.5936,0.809,10,2012,development,2012,31,[2006],m1_20260926T160821Z_a181f6c
L1,cell_gate,FLAT,ALL,capture_0.2,0.4439,,,187,2012,development,2012,31,[2006],m1_20260926T160821Z_a181f6c
L1,object,FLAT,ALL,capture_0.2,0.36577197730742744,,,23,2012,development,2012,31,[2006],m1_20260926T160821Z_a181f6c
z_sensitivity,cell_gate,FLAT,ALL,observed-label_auc,0.7128788682012248,0.5101,0.8947,187,2012,development,2012,31,[2006],m1_20260926T160821Z_a181f6c
z_sensitivity,cluster_gate,FLAT,ALL,observed-label_auc,0.7002,0.5387,0.8342,10,2012,development,2012,31,[2006],m1_20260926T160821Z_a181f6c
z_sensitivity,cell_gate,FLAT,ALL,capture_0.2,0.5027,,,187,2012,development,2012,31,[2006],m1_20260926T160821Z_a181f6c
z_sensitivity,object,FLAT,ALL,capture_0.2,0.46282487979477394,,,23,2012,development,2012,31,[2006],m1_20260926T160821Z_a181f6c
rf_F1_wf,cell_gate,FLAT,ALL,observed-label_auc,0.46014012778085095,0.2921,0.5566,187,2012,development,2012,31,[2006],m1_20260926T160821Z_a181f6c
rf_F1_wf,cluster_gate,FLAT,ALL,observed-label_auc,0.3818,0.2199,0.5503,10,2012,development,2012,31,[2006],m1_20260926T160821Z_a181f6c
rf_F1_wf,cell_gate,FLAT,ALL,capture_0.2,0.0963,,,187,2012,development,2012,31,[2006],m1_20260926T160821Z_a181f6c
rf_F1_wf,object,FLAT,ALL,capture_0.2,0.11871338342992975,,,23,2012,development,2012,31,[2006],m1_20260926T160821Z_a181f6c
logit_F1_wf,cell_gate,FLAT,ALL,observed-label_auc,0.34715372938642197,0.1141,0.5976,187,2012,development,2012,31,[2006],m1_20260926T160821Z_a181f6c
logit_F1_wf,cluster_gate,FLAT,ALL,observed-label_auc,0.3343,0.1649,0.5296,10,2012,development,2012,31,[2006],m1_20260926T160821Z_a181f6c
logit_F1_wf,cell_gate,FLAT,ALL,capture_0.2,0.0802,,,187,2012,development,2012,31,[2006],m1_20260926T160821Z_a181f6c
logit_F1_wf,object,FLAT,ALL,capture_0.2,0.07417742308298506,,,23,2012,development,2012,31,[2006],m1_20260926T160821Z_a181f6c
slope_neg,object,FLAT,ALL,observed-label_auc,0.5360798765691385,0.41141335810922197,0.6423171049723052,23,2012,development,2012,31,[2006],m1_20260926T160821Z_a181f6c
relelev_neg,object,FLAT,ALL,observed-label_auc,0.6696970336222777,0.5648687028024857,0.771543808829798,23,2012,development,2012,31,[2006],m1_20260926T160821Z_a181f6c
twi,object,FLAT,ALL,observed-label_auc,0.5645869762902552,0.4735092049276328,0.6463035782483229,23,2012,development,2012,31,[2006],m1_20260926T160821Z_a181f6c
impervious,object,FLAT,ALL,observed-label_auc,0.5968216673913959,0.5106196299492389,0.6859542260748174,23,2012,development,2012,31,[2006],m1_20260926T160821Z_a181f6c
hand_neg,object,FLAT,ALL,observed-label_auc,0.6747723467510007,0.6340675487046075,0.7146182680567109,23,2012,development,2012,31,[2006],m1_20260926T160821Z_a181f6c
hand_acc_neg,object,FLAT,ALL,observed-label_auc,0.6809049289970249,0.6240736147371259,0.7325776548161004,23,2012,development,2012,31,[2006],m1_20260926T160821Z_a181f6c
L1,object,FLAT,ALL,observed-label_auc,0.6580341824030871,0.5698748382990333,0.7415993914181243,23,2012,development,2012,31,[2006],m1_20260926T160821Z_a181f6c
z_sensitivity,object,FLAT,ALL,observed-label_auc,0.6415236652551747,0.5225151139844099,0.7492630472772315,23,2012,development,2012,31,[2006],m1_20260926T160821Z_a181f6c
rf_F1_wf,object,FLAT,ALL,observed-label_auc,0.3949921315911424,0.2965060003246751,0.5030798149690167,23,2012,development,2012,31,[2006],m1_20260926T160821Z_a181f6c
logit_F1_wf,object,FLAT,ALL,observed-label_auc,0.361591550157186,0.2483861136443758,0.47690327419632106,23,2012,development,2012,31,[2006],m1_20260926T160821Z_a181f6c
slope_neg,cell_gate,URBAN,ALL,observed-label_auc,0.7760470390072977,0.4348,0.8572,108,2012,development,2012,31,[2006],m1_20260926T160821Z_a181f6c
slope_neg,cluster_gate,URBAN,ALL,observed-label_auc,0.5356,0.3171,0.7175,11,2012,development,2012,31,[2006],m1_20260926T160821Z_a181f6c
slope_neg,cell_gate,URBAN,ALL,capture_0.2,0.7037,,,108,2012,development,2012,31,[2006],m1_20260926T160821Z_a181f6c
slope_neg,object,URBAN,ALL,capture_0.2,0.401778190690566,,,19,2012,development,2012,31,[2006],m1_20260926T160821Z_a181f6c
relelev_neg,cell_gate,URBAN,ALL,observed-label_auc,0.40867841869197874,0.3005,0.7061,108,2012,development,2012,31,[2006],m1_20260926T160821Z_a181f6c
relelev_neg,cluster_gate,URBAN,ALL,observed-label_auc,0.5842,0.4061,0.7749,11,2012,development,2012,31,[2006],m1_20260926T160821Z_a181f6c
relelev_neg,cell_gate,URBAN,ALL,capture_0.2,0.0648,,,108,2012,development,2012,31,[2006],m1_20260926T160821Z_a181f6c
relelev_neg,object,URBAN,ALL,capture_0.2,0.36631407414526895,,,19,2012,development,2012,31,[2006],m1_20260926T160821Z_a181f6c
twi,cell_gate,URBAN,ALL,observed-label_auc,0.6939494647458557,0.468,0.7534,108,2012,development,2012,31,[2006],m1_20260926T160821Z_a181f6c
twi,cluster_gate,URBAN,ALL,observed-label_auc,0.5445,0.4208,0.6667,11,2012,development,2012,31,[2006],m1_20260926T160821Z_a181f6c
twi,cell_gate,URBAN,ALL,capture_0.2,0.3981,,,108,2012,development,2012,31,[2006],m1_20260926T160821Z_a181f6c
twi,object,URBAN,ALL,capture_0.2,0.22605013299062773,,,19,2012,development,2012,31,[2006],m1_20260926T160821Z_a181f6c
impervious,cell_gate,URBAN,ALL,observed-label_auc,0.5823235747482123,0.2579,0.6552,108,2012,development,2012,31,[2006],m1_20260926T160821Z_a181f6c
impervious,cluster_gate,URBAN,ALL,observed-label_auc,0.2914,0.1607,0.432,11,2012,development,2012,31,[2006],m1_20260926T160821Z_a181f6c
impervious,cell_gate,URBAN,ALL,capture_0.2,0.5093,,,108,2012,development,2012,31,[2006],m1_20260926T160821Z_a181f6c
impervious,object,URBAN,ALL,capture_0.2,0.18078548276778206,,,19,2012,development,2012,31,[2006],m1_20260926T160821Z_a181f6c
hand_neg,cell_gate,URBAN,ALL,observed-label_auc,0.7581451927571673,0.671,0.7878,108,2012,development,2012,31,[2006],m1_20260926T160821Z_a181f6c
hand_neg,cluster_gate,URBAN,ALL,observed-label_auc,0.732,0.6648,0.7967,11,2012,development,2012,31,[2006],m1_20260926T160821Z_a181f6c
hand_neg,cell_gate,URBAN,ALL,capture_0.2,0.25,,,108,2012,development,2012,31,[2006],m1_20260926T160821Z_a181f6c
hand_neg,object,URBAN,ALL,capture_0.2,0.3250961491955532,,,19,2012,development,2012,31,[2006],m1_20260926T160821Z_a181f6c
hand_acc_neg,cell_gate,URBAN,ALL,observed-label_auc,0.8029270926292935,0.6566,0.8347,108,2012,development,2012,31,[2006],m1_20260926T160821Z_a181f6c
hand_acc_neg,cluster_gate,URBAN,ALL,observed-label_auc,0.7076,0.6462,0.7621,11,2012,development,2012,31,[2006],m1_20260926T160821Z_a181f6c
hand_acc_neg,cell_gate,URBAN,ALL,capture_0.2,0.5741,,,108,2012,development,2012,31,[2006],m1_20260926T160821Z_a181f6c
hand_acc_neg,object,URBAN,ALL,capture_0.2,0.31645551591305254,,,19,2012,development,2012,31,[2006],m1_20260926T160821Z_a181f6c
L1,cell_gate,URBAN,ALL,observed-label_auc,0.6280717715733883,0.2283,0.7462,108,2012,development,2012,31,[2006],m1_20260926T160821Z_a181f6c
L1,cluster_gate,URBAN,ALL,observed-label_auc,0.4044,0.2529,0.5674,11,2012,development,2012,31,[2006],m1_20260926T160821Z_a181f6c
L1,cell_gate,URBAN,ALL,capture_0.2,0.2685,,,108,2012,development,2012,31,[2006],m1_20260926T160821Z_a181f6c
L1,object,URBAN,ALL,capture_0.2,0.22626929570781934,,,19,2012,development,2012,31,[2006],m1_20260926T160821Z_a181f6c
z_sensitivity,cell_gate,URBAN,ALL,observed-label_auc,0.7201563459777708,0.3157,0.807,108,2012,development,2012,31,[2006],m1_20260926T160821Z_a181f6c
z_sensitivity,cluster_gate,URBAN,ALL,observed-label_auc,0.4433,0.2613,0.6369,11,2012,development,2012,31,[2006],m1_20260926T160821Z_a181f6c
z_sensitivity,cell_gate,URBAN,ALL,capture_0.2,0.4907,,,108,2012,development,2012,31,[2006],m1_20260926T160821Z_a181f6c
z_sensitivity,object,URBAN,ALL,capture_0.2,0.3276474492952698,,,19,2012,development,2012,31,[2006],m1_20260926T160821Z_a181f6c
rf_F1_wf,cell_gate,URBAN,ALL,observed-label_auc,0.5955982059038281,0.3741,0.6899,108,2012,development,2012,31,[2006],m1_20260926T160821Z_a181f6c
rf_F1_wf,cluster_gate,URBAN,ALL,observed-label_auc,0.4977,0.3137,0.668,11,2012,development,2012,31,[2006],m1_20260926T160821Z_a181f6c
rf_F1_wf,cell_gate,URBAN,ALL,capture_0.2,0.3889,,,108,2012,development,2012,31,[2006],m1_20260926T160821Z_a181f6c
rf_F1_wf,object,URBAN,ALL,capture_0.2,0.2753364670901899,,,19,2012,development,2012,31,[2006],m1_20260926T160821Z_a181f6c
logit_F1_wf,cell_gate,URBAN,ALL,observed-label_auc,0.35109272201167474,0.2388,0.7287,108,2012,development,2012,31,[2006],m1_20260926T160821Z_a181f6c
logit_F1_wf,cluster_gate,URBAN,ALL,observed-label_auc,0.5685,0.3695,0.7578,11,2012,development,2012,31,[2006],m1_20260926T160821Z_a181f6c
logit_F1_wf,cell_gate,URBAN,ALL,capture_0.2,0.1204,,,108,2012,development,2012,31,[2006],m1_20260926T160821Z_a181f6c
logit_F1_wf,object,URBAN,ALL,capture_0.2,0.20444155400569974,,,19,2012,development,2012,31,[2006],m1_20260926T160821Z_a181f6c
slope_neg,object,URBAN,ALL,observed-label_auc,0.5254148913022568,0.36245434240455116,0.6733274659221778,19,2012,development,2012,31,[2006],m1_20260926T160821Z_a181f6c
relelev_neg,object,URBAN,ALL,observed-label_auc,0.604088206486859,0.4651718430551032,0.7456218648421374,19,2012,development,2012,31,[2006],m1_20260926T160821Z_a181f6c
twi,object,URBAN,ALL,observed-label_auc,0.572961116519211,0.4758772440912771,0.6621310584511354,19,2012,development,2012,31,[2006],m1_20260926T160821Z_a181f6c
impervious,object,URBAN,ALL,observed-label_auc,0.3615757751020711,0.252719222417405,0.4879990320122771,19,2012,development,2012,31,[2006],m1_20260926T160821Z_a181f6c
hand_neg,object,URBAN,ALL,observed-label_auc,0.7741753628925722,0.7393405058807659,0.8104531779826667,19,2012,development,2012,31,[2006],m1_20260926T160821Z_a181f6c
hand_acc_neg,object,URBAN,ALL,observed-label_auc,0.7379439007847644,0.6834513187986475,0.7869950973642015,19,2012,development,2012,31,[2006],m1_20260926T160821Z_a181f6c
L1,object,URBAN,ALL,observed-label_auc,0.4871858066256869,0.36812737450140176,0.6080571776090736,19,2012,development,2012,31,[2006],m1_20260926T160821Z_a181f6c
z_sensitivity,object,URBAN,ALL,observed-label_auc,0.5397778682713839,0.39999454455741484,0.6806487313610025,19,2012,development,2012,31,[2006],m1_20260926T160821Z_a181f6c
rf_F1_wf,object,URBAN,ALL,observed-label_auc,0.45386645603372217,0.3222684513257402,0.579031872365534,19,2012,development,2012,31,[2006],m1_20260926T160821Z_a181f6c
logit_F1_wf,object,URBAN,ALL,observed-label_auc,0.45941522007835406,0.3256491751302709,0.5937905768663987,19,2012,development,2012,31,[2006],m1_20260926T160821Z_a181f6c
slope_neg,cell_gate,AGRI,ALL,observed-label_auc,0.5118926200327143,0.2816,0.6408,40,2012,development,2012,31,[2006],m1_20260926T160821Z_a181f6c
slope_neg,cluster_gate,AGRI,ALL,observed-label_auc,0.531,0.3602,0.6796,8,2012,development,2012,31,[2006],m1_20260926T160821Z_a181f6c
slope_neg,cell_gate,AGRI,ALL,capture_0.2,0.075,,,40,2012,development,2012,31,[2006],m1_20260926T160821Z_a181f6c
slope_neg,object,AGRI,ALL,capture_0.2,0.09563771439442127,,,12,2012,development,2012,31,[2006],m1_20260926T160821Z_a181f6c
relelev_neg,cell_gate,AGRI,ALL,observed-label_auc,0.7700038487443471,0.6073,0.792,40,2012,development,2012,31,[2006],m1_20260926T160821Z_a181f6c
relelev_neg,cluster_gate,AGRI,ALL,observed-label_auc,0.6904,0.5709,0.8002,8,2012,development,2012,31,[2006],m1_20260926T160821Z_a181f6c
relelev_neg,cell_gate,AGRI,ALL,capture_0.2,0.375,,,40,2012,development,2012,31,[2006],m1_20260926T160821Z_a181f6c
relelev_neg,object,AGRI,ALL,capture_0.2,0.32867415505383496,,,12,2012,development,2012,31,[2006],m1_20260926T160821Z_a181f6c
twi,cell_gate,AGRI,ALL,observed-label_auc,0.48257841816607333,0.281,0.7206,40,2012,development,2012,31,[2006],m1_20260926T160821Z_a181f6c
twi,cluster_gate,AGRI,ALL,observed-label_auc,0.5676,0.3666,0.7787,8,2012,development,2012,31,[2006],m1_20260926T160821Z_a181f6c
twi,cell_gate,AGRI,ALL,capture_0.2,0.275,,,40,2012,development,2012,31,[2006],m1_20260926T160821Z_a181f6c
twi,object,AGRI,ALL,capture_0.2,0.2867195627825551,,,12,2012,development,2012,31,[2006],m1_20260926T160821Z_a181f6c
impervious,cell_gate,AGRI,ALL,observed-label_auc,0.5871355720196286,0.5366,0.8216,40,2012,development,2012,31,[2006],m1_20260926T160821Z_a181f6c
impervious,cluster_gate,AGRI,ALL,observed-label_auc,0.704,0.5281,0.873,8,2012,development,2012,31,[2006],m1_20260926T160821Z_a181f6c
impervious,cell_gate,AGRI,ALL,capture_0.2,0.3,,,40,2012,development,2012,31,[2006],m1_20260926T160821Z_a181f6c
impervious,object,AGRI,ALL,capture_0.2,0.5373138957428031,,,12,2012,development,2012,31,[2006],m1_20260926T160821Z_a181f6c
hand_neg,cell_gate,AGRI,ALL,observed-label_auc,0.7028685172712402,0.5223,0.7341,40,2012,development,2012,31,[2006],m1_20260926T160821Z_a181f6c
hand_neg,cluster_gate,AGRI,ALL,observed-label_auc,0.6019,0.5342,0.6799,8,2012,development,2012,31,[2006],m1_20260926T160821Z_a181f6c
hand_neg,cell_gate,AGRI,ALL,capture_0.2,0.575,,,40,2012,development,2012,31,[2006],m1_20260926T160821Z_a181f6c
hand_neg,object,AGRI,ALL,capture_0.2,0.2449719089622825,,,12,2012,development,2012,31,[2006],m1_20260926T160821Z_a181f6c
hand_acc_neg,cell_gate,AGRI,ALL,observed-label_auc,0.664369046473588,0.4385,0.7105,40,2012,development,2012,31,[2006],m1_20260926T160821Z_a181f6c
hand_acc_neg,cluster_gate,AGRI,ALL,observed-label_auc,0.6251,0.5023,0.738,8,2012,development,2012,31,[2006],m1_20260926T160821Z_a181f6c
hand_acc_neg,cell_gate,AGRI,ALL,capture_0.2,0.575,,,40,2012,development,2012,31,[2006],m1_20260926T160821Z_a181f6c
hand_acc_neg,object,AGRI,ALL,capture_0.2,0.3526927554252423,,,12,2012,development,2012,31,[2006],m1_20260926T160821Z_a181f6c
L1,cell_gate,AGRI,ALL,observed-label_auc,0.6290724526123352,0.5869,0.872,40,2012,development,2012,31,[2006],m1_20260926T160821Z_a181f6c
L1,cluster_gate,AGRI,ALL,observed-label_auc,0.7326,0.6066,0.8501,8,2012,development,2012,31,[2006],m1_20260926T160821Z_a181f6c
L1,cell_gate,AGRI,ALL,capture_0.2,0.15,,,40,2012,development,2012,31,[2006],m1_20260926T160821Z_a181f6c
L1,object,AGRI,ALL,capture_0.2,0.503587651429367,,,12,2012,development,2012,31,[2006],m1_20260926T160821Z_a181f6c
z_sensitivity,cell_gate,AGRI,ALL,observed-label_auc,0.7235110170306938,0.607,0.8662,40,2012,development,2012,31,[2006],m1_20260926T160821Z_a181f6c
z_sensitivity,cluster_gate,AGRI,ALL,observed-label_auc,0.7072,0.5262,0.8662,8,2012,development,2012,31,[2006],m1_20260926T160821Z_a181f6c
z_sensitivity,cell_gate,AGRI,ALL,capture_0.2,0.325,,,40,2012,development,2012,31,[2006],m1_20260926T160821Z_a181f6c
z_sensitivity,object,AGRI,ALL,capture_0.2,0.4524660319686096,,,12,2012,development,2012,31,[2006],m1_20260926T160821Z_a181f6c
rf_F1_wf,cell_gate,AGRI,ALL,observed-label_auc,0.5030573462907726,0.2244,0.626,40,2012,development,2012,31,[2006],m1_20260926T160821Z_a181f6c
rf_F1_wf,cluster_gate,AGRI,ALL,observed-label_auc,0.5169,0.3573,0.6568,8,2012,development,2012,31,[2006],m1_20260926T160821Z_a181f6c
rf_F1_wf,cell_gate,AGRI,ALL,capture_0.2,0.125,,,40,2012,development,2012,31,[2006],m1_20260926T160821Z_a181f6c
rf_F1_wf,object,AGRI,ALL,capture_0.2,0.10655641050907831,,,12,2012,development,2012,31,[2006],m1_20260926T160821Z_a181f6c
logit_F1_wf,cell_gate,AGRI,ALL,observed-label_auc,0.48943279130183776,0.1422,0.5517,40,2012,development,2012,31,[2006],m1_20260926T160821Z_a181f6c
logit_F1_wf,cluster_gate,AGRI,ALL,observed-label_auc,0.368,0.1779,0.5568,8,2012,development,2012,31,[2006],m1_20260926T160821Z_a181f6c
logit_F1_wf,cell_gate,AGRI,ALL,capture_0.2,0.175,,,40,2012,development,2012,31,[2006],m1_20260926T160821Z_a181f6c
logit_F1_wf,object,AGRI,ALL,capture_0.2,0.1159724600952207,,,12,2012,development,2012,31,[2006],m1_20260926T160821Z_a181f6c
slope_neg,object,AGRI,ALL,observed-label_auc,0.5222484851117406,0.35940201185510334,0.6647157854175472,12,2012,development,2012,31,[2006],m1_20260926T160821Z_a181f6c
relelev_neg,object,AGRI,ALL,observed-label_auc,0.6802699710151496,0.574547944021717,0.7789492349462622,12,2012,development,2012,31,[2006],m1_20260926T160821Z_a181f6c
twi,object,AGRI,ALL,observed-label_auc,0.5353862625086642,0.3961281326419815,0.6792813464953475,12,2012,development,2012,31,[2006],m1_20260926T160821Z_a181f6c
impervious,object,AGRI,ALL,observed-label_auc,0.7021763310664149,0.5723876484946888,0.8257241633101431,12,2012,development,2012,31,[2006],m1_20260926T160821Z_a181f6c
hand_neg,object,AGRI,ALL,observed-label_auc,0.6506396902249636,0.5924602300726332,0.7090837172654608,12,2012,development,2012,31,[2006],m1_20260926T160821Z_a181f6c
hand_acc_neg,object,AGRI,ALL,observed-label_auc,0.6363701296228628,0.5468658468314949,0.7214307392919782,12,2012,development,2012,31,[2006],m1_20260926T160821Z_a181f6c
L1,object,AGRI,ALL,observed-label_auc,0.7277024952301941,0.621528874603645,0.8229362270843901,12,2012,development,2012,31,[2006],m1_20260926T160821Z_a181f6c
z_sensitivity,object,AGRI,ALL,observed-label_auc,0.6693933631598336,0.534279971246937,0.8121059817375668,12,2012,development,2012,31,[2006],m1_20260926T160821Z_a181f6c
rf_F1_wf,object,AGRI,ALL,observed-label_auc,0.4840152539198019,0.32720129344923216,0.6224515476655386,12,2012,development,2012,31,[2006],m1_20260926T160821Z_a181f6c
logit_F1_wf,object,AGRI,ALL,observed-label_auc,0.3511866441680474,0.19630919059216514,0.517695830198182,12,2012,development,2012,31,[2006],m1_20260926T160821Z_a181f6c
slope_neg,cell_gate,UNIVERSE,ALL,observed-label_auc,0.8246372095436174,0.544,0.9157,105,2012,development,2012,31,[2006],m1_20260926T160821Z_a181f6c
slope_neg,cluster_gate,UNIVERSE,ALL,observed-label_auc,0.6541,0.5003,0.7919,15,2012,development,2012,31,[2006],m1_20260926T160821Z_a181f6c
slope_neg,cell_gate,UNIVERSE,ALL,capture_0.2,0.7143,,,105,2012,development,2012,31,[2006],m1_20260926T160821Z_a181f6c
slope_neg,object,UNIVERSE,ALL,capture_0.2,0.4281984788516285,,,25,2012,development,2012,31,[2006],m1_20260926T160821Z_a181f6c
relelev_neg,cell_gate,UNIVERSE,ALL,observed-label_auc,0.3824813593853903,0.2788,0.7099,105,2012,development,2012,31,[2006],m1_20260926T160821Z_a181f6c
relelev_neg,cluster_gate,UNIVERSE,ALL,observed-label_auc,0.6065,0.4738,0.7304,15,2012,development,2012,31,[2006],m1_20260926T160821Z_a181f6c
relelev_neg,cell_gate,UNIVERSE,ALL,capture_0.2,0.0857,,,105,2012,development,2012,31,[2006],m1_20260926T160821Z_a181f6c
relelev_neg,object,UNIVERSE,ALL,capture_0.2,0.3274592856970575,,,25,2012,development,2012,31,[2006],m1_20260926T160821Z_a181f6c
twi,cell_gate,UNIVERSE,ALL,observed-label_auc,0.733755429476931,0.507,0.8058,105,2012,development,2012,31,[2006],m1_20260926T160821Z_a181f6c
twi,cluster_gate,UNIVERSE,ALL,observed-label_auc,0.5972,0.4825,0.709,15,2012,development,2012,31,[2006],m1_20260926T160821Z_a181f6c
twi,cell_gate,UNIVERSE,ALL,capture_0.2,0.4857,,,105,2012,development,2012,31,[2006],m1_20260926T160821Z_a181f6c
twi,object,UNIVERSE,ALL,capture_0.2,0.2775196339594758,,,25,2012,development,2012,31,[2006],m1_20260926T160821Z_a181f6c
impervious,cell_gate,UNIVERSE,ALL,observed-label_auc,0.7037606644123431,0.3664,0.7857,105,2012,development,2012,31,[2006],m1_20260926T160821Z_a181f6c
impervious,cluster_gate,UNIVERSE,ALL,observed-label_auc,0.4232,0.2995,0.5496,15,2012,development,2012,31,[2006],m1_20260926T160821Z_a181f6c
impervious,cell_gate,UNIVERSE,ALL,capture_0.2,0.5048,,,105,2012,development,2012,31,[2006],m1_20260926T160821Z_a181f6c
impervious,object,UNIVERSE,ALL,capture_0.2,0.1453330002953771,,,25,2012,development,2012,31,[2006],m1_20260926T160821Z_a181f6c
hand_neg,cell_gate,UNIVERSE,ALL,observed-label_auc,0.7800577257742752,0.7442,0.8024,105,2012,development,2012,31,[2006],m1_20260926T160821Z_a181f6c
hand_neg,cluster_gate,UNIVERSE,ALL,observed-label_auc,0.7548,0.6822,0.8116,15,2012,development,2012,31,[2006],m1_20260926T160821Z_a181f6c
hand_neg,cell_gate,UNIVERSE,ALL,capture_0.2,0.3048,,,105,2012,development,2012,31,[2006],m1_20260926T160821Z_a181f6c
hand_neg,object,UNIVERSE,ALL,capture_0.2,0.33195368434953976,,,25,2012,development,2012,31,[2006],m1_20260926T160821Z_a181f6c
hand_acc_neg,cell_gate,UNIVERSE,ALL,observed-label_auc,0.8418757103713032,0.7582,0.8647,105,2012,development,2012,31,[2006],m1_20260926T160821Z_a181f6c
hand_acc_neg,cluster_gate,UNIVERSE,ALL,observed-label_auc,0.7679,0.6862,0.8292,15,2012,development,2012,31,[2006],m1_20260926T160821Z_a181f6c
hand_acc_neg,cell_gate,UNIVERSE,ALL,capture_0.2,0.8286,,,105,2012,development,2012,31,[2006],m1_20260926T160821Z_a181f6c
hand_acc_neg,object,UNIVERSE,ALL,capture_0.2,0.501107447251497,,,25,2012,development,2012,31,[2006],m1_20260926T160821Z_a181f6c
L1,cell_gate,UNIVERSE,ALL,observed-label_auc,0.7410848106698359,0.458,0.8249,105,2012,development,2012,31,[2006],m1_20260926T160821Z_a181f6c
L1,cluster_gate,UNIVERSE,ALL,observed-label_auc,0.5271,0.4159,0.6523,15,2012,development,2012,31,[2006],m1_20260926T160821Z_a181f6c
L1,cell_gate,UNIVERSE,ALL,capture_0.2,0.5619,,,105,2012,development,2012,31,[2006],m1_20260926T160821Z_a181f6c
L1,object,UNIVERSE,ALL,capture_0.2,0.3001673818161367,,,25,2012,development,2012,31,[2006],m1_20260926T160821Z_a181f6c
z_sensitivity,cell_gate,UNIVERSE,ALL,observed-label_auc,0.7913628281856468,0.4989,0.8624,105,2012,development,2012,31,[2006],m1_20260926T160821Z_a181f6c
z_sensitivity,cluster_gate,UNIVERSE,ALL,observed-label_auc,0.5591,0.4561,0.6762,15,2012,development,2012,31,[2006],m1_20260926T160821Z_a181f6c
z_sensitivity,cell_gate,UNIVERSE,ALL,capture_0.2,0.7333,,,105,2012,development,2012,31,[2006],m1_20260926T160821Z_a181f6c
z_sensitivity,object,UNIVERSE,ALL,capture_0.2,0.37887403077093007,,,25,2012,development,2012,31,[2006],m1_20260926T160821Z_a181f6c
rf_F1_wf,cell_gate,UNIVERSE,ALL,observed-label_auc,0.6212991128906747,0.4284,0.7016,105,2012,development,2012,31,[2006],m1_20260926T160821Z_a181f6c
rf_F1_wf,cluster_gate,UNIVERSE,ALL,observed-label_auc,0.5917,0.4498,0.724,15,2012,development,2012,31,[2006],m1_20260926T160821Z_a181f6c
rf_F1_wf,cell_gate,UNIVERSE,ALL,capture_0.2,0.4095,,,105,2012,development,2012,31,[2006],m1_20260926T160821Z_a181f6c
rf_F1_wf,object,UNIVERSE,ALL,capture_0.2,0.3024908646229182,,,25,2012,development,2012,31,[2006],m1_20260926T160821Z_a181f6c
logit_F1_wf,cell_gate,UNIVERSE,ALL,observed-label_auc,0.29760089041063587,0.2103,0.6026,105,2012,development,2012,31,[2006],m1_20260926T160821Z_a181f6c
logit_F1_wf,cluster_gate,UNIVERSE,ALL,observed-label_auc,0.5417,0.3661,0.7019,15,2012,development,2012,31,[2006],m1_20260926T160821Z_a181f6c
logit_F1_wf,cell_gate,UNIVERSE,ALL,capture_0.2,0.1048,,,105,2012,development,2012,31,[2006],m1_20260926T160821Z_a181f6c
logit_F1_wf,object,UNIVERSE,ALL,capture_0.2,0.25272612789959886,,,25,2012,development,2012,31,[2006],m1_20260926T160821Z_a181f6c
slope_neg,object,UNIVERSE,ALL,observed-label_auc,0.6243831431375301,0.5081218580356489,0.7446949079223957,25,2012,development,2012,31,[2006],m1_20260926T160821Z_a181f6c
relelev_neg,object,UNIVERSE,ALL,observed-label_auc,0.5740454348872673,0.4721080795986895,0.6828157205182107,25,2012,development,2012,31,[2006],m1_20260926T160821Z_a181f6c
twi,object,UNIVERSE,ALL,observed-label_auc,0.5849406433643614,0.48249801947814175,0.687618454251994,25,2012,development,2012,31,[2006],m1_20260926T160821Z_a181f6c
impervious,object,UNIVERSE,ALL,observed-label_auc,0.4948611981989163,0.4057888705935325,0.5783989048400234,25,2012,development,2012,31,[2006],m1_20260926T160821Z_a181f6c
hand_neg,object,UNIVERSE,ALL,observed-label_auc,0.7458116333942761,0.6952132874944651,0.7944561851109936,25,2012,development,2012,31,[2006],m1_20260926T160821Z_a181f6c
hand_acc_neg,object,UNIVERSE,ALL,observed-label_auc,0.7716063016095963,0.7146362412051573,0.8241614984545212,25,2012,development,2012,31,[2006],m1_20260926T160821Z_a181f6c
L1,object,UNIVERSE,ALL,observed-label_auc,0.5923127503721433,0.5088815402301016,0.6833266181725602,25,2012,development,2012,31,[2006],m1_20260926T160821Z_a181f6c
z_sensitivity,object,UNIVERSE,ALL,observed-label_auc,0.5880626978193005,0.47647528865104255,0.6945010104520454,25,2012,development,2012,31,[2006],m1_20260926T160821Z_a181f6c
rf_F1_wf,object,UNIVERSE,ALL,observed-label_auc,0.5221615290172287,0.4275052691073582,0.6203031295647065,25,2012,development,2012,31,[2006],m1_20260926T160821Z_a181f6c
logit_F1_wf,object,UNIVERSE,ALL,observed-label_auc,0.4354147616192017,0.31376454530277276,0.5616905116536217,25,2012,development,2012,31,[2006],m1_20260926T160821Z_a181f6c
slope_neg,cell_gate,ALL,ALL,observed-label_auc,0.8131576499973429,0.7106,0.8533,132,2014,development,2014,47,"[2006, 2012]",m1_20260926T160821Z_a181f6c
slope_neg,cluster_gate,ALL,ALL,observed-label_auc,0.7288,0.6483,0.8031,13,2014,development,2014,47,"[2006, 2012]",m1_20260926T160821Z_a181f6c
slope_neg,cell_gate,ALL,ALL,capture_0.2,0.6212,,,132,2014,development,2014,47,"[2006, 2012]",m1_20260926T160821Z_a181f6c
slope_neg,object,ALL,ALL,capture_0.2,0.44781738219282347,,,47,2014,development,2014,47,"[2006, 2012]",m1_20260926T160821Z_a181f6c
relelev_neg,cell_gate,ALL,ALL,observed-label_auc,0.6486230616737605,0.5689,0.8232,132,2014,development,2014,47,"[2006, 2012]",m1_20260926T160821Z_a181f6c
relelev_neg,cluster_gate,ALL,ALL,observed-label_auc,0.7407,0.6608,0.8259,13,2014,development,2014,47,"[2006, 2012]",m1_20260926T160821Z_a181f6c
relelev_neg,cell_gate,ALL,ALL,capture_0.2,0.2424,,,132,2014,development,2014,47,"[2006, 2012]",m1_20260926T160821Z_a181f6c
relelev_neg,object,ALL,ALL,capture_0.2,0.3542125674965826,,,47,2014,development,2014,47,"[2006, 2012]",m1_20260926T160821Z_a181f6c
twi,cell_gate,ALL,ALL,observed-label_auc,0.7909741916158985,0.7112,0.8246,132,2014,development,2014,47,"[2006, 2012]",m1_20260926T160821Z_a181f6c
twi,cluster_gate,ALL,ALL,observed-label_auc,0.7098,0.6157,0.7961,13,2014,development,2014,47,"[2006, 2012]",m1_20260926T160821Z_a181f6c
twi,cell_gate,ALL,ALL,capture_0.2,0.6212,,,132,2014,development,2014,47,"[2006, 2012]",m1_20260926T160821Z_a181f6c
twi,object,ALL,ALL,capture_0.2,0.5070248360205981,,,47,2014,development,2014,47,"[2006, 2012]",m1_20260926T160821Z_a181f6c
impervious,cell_gate,ALL,ALL,observed-label_auc,0.6077199292709204,0.5312,0.7806,132,2014,development,2014,47,"[2006, 2012]",m1_20260926T160821Z_a181f6c
impervious,cluster_gate,ALL,ALL,observed-label_auc,0.7241,0.6158,0.8349,13,2014,development,2014,47,"[2006, 2012]",m1_20260926T160821Z_a181f6c
impervious,cell_gate,ALL,ALL,capture_0.2,0.3485,,,132,2014,development,2014,47,"[2006, 2012]",m1_20260926T160821Z_a181f6c
impervious,object,ALL,ALL,capture_0.2,0.46441017177889793,,,47,2014,development,2014,47,"[2006, 2012]",m1_20260926T160821Z_a181f6c
hand_neg,cell_gate,ALL,ALL,observed-label_auc,0.8772223114656154,0.8475,0.8957,132,2014,development,2014,47,"[2006, 2012]",m1_20260926T160821Z_a181f6c
hand_neg,cluster_gate,ALL,ALL,observed-label_auc,0.857,0.7997,0.9015,13,2014,development,2014,47,"[2006, 2012]",m1_20260926T160821Z_a181f6c
hand_neg,cell_gate,ALL,ALL,capture_0.2,0.8636,,,132,2014,development,2014,47,"[2006, 2012]",m1_20260926T160821Z_a181f6c
hand_neg,object,ALL,ALL,capture_0.2,0.7606017425157218,,,47,2014,development,2014,47,"[2006, 2012]",m1_20260926T160821Z_a181f6c
hand_acc_neg,cell_gate,ALL,ALL,observed-label_auc,0.8662356613378296,0.8403,0.8786,132,2014,development,2014,47,"[2006, 2012]",m1_20260926T160821Z_a181f6c
hand_acc_neg,cluster_gate,ALL,ALL,observed-label_auc,0.8279,0.775,0.87,13,2014,development,2014,47,"[2006, 2012]",m1_20260926T160821Z_a181f6c
hand_acc_neg,cell_gate,ALL,ALL,capture_0.2,0.7955,,,132,2014,development,2014,47,"[2006, 2012]",m1_20260926T160821Z_a181f6c
hand_acc_neg,object,ALL,ALL,capture_0.2,0.6093025482756518,,,47,2014,development,2014,47,"[2006, 2012]",m1_20260926T160821Z_a181f6c
L1,cell_gate,ALL,ALL,observed-label_auc,0.7842200436098241,0.7173,0.8854,132,2014,development,2014,47,"[2006, 2012]",m1_20260926T160821Z_a181f6c
L1,cluster_gate,ALL,ALL,observed-label_auc,0.8225,0.7128,0.9141,13,2014,development,2014,47,"[2006, 2012]",m1_20260926T160821Z_a181f6c
L1,cell_gate,ALL,ALL,capture_0.2,0.4924,,,132,2014,development,2014,47,"[2006, 2012]",m1_20260926T160821Z_a181f6c
L1,object,ALL,ALL,capture_0.2,0.6179481100951334,,,47,2014,development,2014,47,"[2006, 2012]",m1_20260926T160821Z_a181f6c
z_sensitivity,cell_gate,ALL,ALL,observed-label_auc,0.8378485122254055,0.8062,0.8932,132,2014,development,2014,47,"[2006, 2012]",m1_20260926T160821Z_a181f6c
z_sensitivity,cluster_gate,ALL,ALL,observed-label_auc,0.8572,0.7981,0.9181,13,2014,development,2014,47,"[2006, 2012]",m1_20260926T160821Z_a181f6c
z_sensitivity,cell_gate,ALL,ALL,capture_0.2,0.6894,,,132,2014,development,2014,47,"[2006, 2012]",m1_20260926T160821Z_a181f6c
z_sensitivity,object,ALL,ALL,capture_0.2,0.6408986752154908,,,47,2014,development,2014,47,"[2006, 2012]",m1_20260926T160821Z_a181f6c
rf_F1_wf,cell_gate,ALL,ALL,observed-label_auc,0.8522077070862744,0.778,0.8831,132,2014,development,2014,47,"[2006, 2012]",m1_20260926T160821Z_a181f6c
rf_F1_wf,cluster_gate,ALL,ALL,observed-label_auc,0.817,0.7714,0.8673,13,2014,development,2014,47,"[2006, 2012]",m1_20260926T160821Z_a181f6c
rf_F1_wf,cell_gate,ALL,ALL,capture_0.2,0.6742,,,132,2014,development,2014,47,"[2006, 2012]",m1_20260926T160821Z_a181f6c
rf_F1_wf,object,ALL,ALL,capture_0.2,0.5161249078528557,,,47,2014,development,2014,47,"[2006, 2012]",m1_20260926T160821Z_a181f6c
logit_F1_wf,cell_gate,ALL,ALL,observed-label_auc,0.8354526290701026,0.7617,0.8645,132,2014,development,2014,47,"[2006, 2012]",m1_20260926T160821Z_a181f6c
logit_F1_wf,cluster_gate,ALL,ALL,observed-label_auc,0.7824,0.716,0.8473,13,2014,development,2014,47,"[2006, 2012]",m1_20260926T160821Z_a181f6c
logit_F1_wf,cell_gate,ALL,ALL,capture_0.2,0.697,,,132,2014,development,2014,47,"[2006, 2012]",m1_20260926T160821Z_a181f6c
logit_F1_wf,object,ALL,ALL,capture_0.2,0.523005637233541,,,47,2014,development,2014,47,"[2006, 2012]",m1_20260926T160821Z_a181f6c
slope_neg,object,ALL,ALL,observed-label_auc,0.7776172656544723,0.7319439395770762,0.8196836420394911,47,2014,development,2014,47,"[2006, 2012]",m1_20260926T160821Z_a181f6c
relelev_neg,object,ALL,ALL,observed-label_auc,0.6744521859835444,0.6198774452074696,0.7290031925301043,47,2014,development,2014,47,"[2006, 2012]",m1_20260926T160821Z_a181f6c
twi,object,ALL,ALL,observed-label_auc,0.7326708150843473,0.6742879331569669,0.7883950824970415,47,2014,development,2014,47,"[2006, 2012]",m1_20260926T160821Z_a181f6c
impervious,object,ALL,ALL,observed-label_auc,0.708599459805328,0.6429976124649611,0.7676682063224961,47,2014,development,2014,47,"[2006, 2012]",m1_20260926T160821Z_a181f6c
hand_neg,object,ALL,ALL,observed-label_auc,0.8736694989475939,0.8491802253424201,0.8957589344353596,47,2014,development,2014,47,"[2006, 2012]",m1_20260926T160821Z_a181f6c
hand_acc_neg,object,ALL,ALL,observed-label_auc,0.8437010362005709,0.8134955786246965,0.8698244719413263,47,2014,development,2014,47,"[2006, 2012]",m1_20260926T160821Z_a181f6c
L1,object,ALL,ALL,observed-label_auc,0.7872517586970172,0.7276980893334015,0.8425317207539614,47,2014,development,2014,47,"[2006, 2012]",m1_20260926T160821Z_a181f6c
z_sensitivity,object,ALL,ALL,observed-label_auc,0.8421796304418592,0.8104509662197552,0.8736944259268739,47,2014,development,2014,47,"[2006, 2012]",m1_20260926T160821Z_a181f6c
rf_F1_wf,object,ALL,ALL,observed-label_auc,0.8293385571693932,0.7972314851879627,0.8602143424195294,47,2014,development,2014,47,"[2006, 2012]",m1_20260926T160821Z_a181f6c
logit_F1_wf,object,ALL,ALL,observed-label_auc,0.8075651369732932,0.7680458767774753,0.8423082454664916,47,2014,development,2014,47,"[2006, 2012]",m1_20260926T160821Z_a181f6c
slope_neg,cell_gate,FLAT,ALL,observed-label_auc,0.5828271898051537,0.4291,0.6518,107,2014,development,2014,47,"[2006, 2012]",m1_20260926T160821Z_a181f6c
slope_neg,cluster_gate,FLAT,ALL,observed-label_auc,0.4472,0.3392,0.5478,13,2014,development,2014,47,"[2006, 2012]",m1_20260926T160821Z_a181f6c
slope_neg,cell_gate,FLAT,ALL,capture_0.2,0.215,,,107,2014,development,2014,47,"[2006, 2012]",m1_20260926T160821Z_a181f6c
slope_neg,object,FLAT,ALL,capture_0.2,0.13242106046167673,,,43,2014,development,2014,47,"[2006, 2012]",m1_20260926T160821Z_a181f6c
relelev_neg,cell_gate,FLAT,ALL,observed-label_auc,0.6698220544698461,0.5819,0.8437,107,2014,development,2014,47,"[2006, 2012]",m1_20260926T160821Z_a181f6c
relelev_neg,cluster_gate,FLAT,ALL,observed-label_auc,0.7778,0.6853,0.8719,13,2014,development,2014,47,"[2006, 2012]",m1_20260926T160821Z_a181f6c
relelev_neg,cell_gate,FLAT,ALL,capture_0.2,0.2523,,,107,2014,development,2014,47,"[2006, 2012]",m1_20260926T160821Z_a181f6c
relelev_neg,object,FLAT,ALL,capture_0.2,0.4209311702496582,,,43,2014,development,2014,47,"[2006, 2012]",m1_20260926T160821Z_a181f6c
twi,cell_gate,FLAT,ALL,observed-label_auc,0.6228376054098913,0.5722,0.6899,107,2014,development,2014,47,"[2006, 2012]",m1_20260926T160821Z_a181f6c
twi,cluster_gate,FLAT,ALL,observed-label_auc,0.6176,0.494,0.7306,13,2014,development,2014,47,"[2006, 2012]",m1_20260926T160821Z_a181f6c
twi,cell_gate,FLAT,ALL,capture_0.2,0.3832,,,107,2014,development,2014,47,"[2006, 2012]",m1_20260926T160821Z_a181f6c
twi,object,FLAT,ALL,capture_0.2,0.3922607033479727,,,43,2014,development,2014,47,"[2006, 2012]",m1_20260926T160821Z_a181f6c
impervious,cell_gate,FLAT,ALL,observed-label_auc,0.43227830299338094,0.3152,0.6492,107,2014,development,2014,47,"[2006, 2012]",m1_20260926T160821Z_a181f6c
impervious,cluster_gate,FLAT,ALL,observed-label_auc,0.5013,0.3582,0.6442,13,2014,development,2014,47,"[2006, 2012]",m1_20260926T160821Z_a181f6c
impervious,cell_gate,FLAT,ALL,capture_0.2,0.1495,,,107,2014,development,2014,47,"[2006, 2012]",m1_20260926T160821Z_a181f6c
impervious,object,FLAT,ALL,capture_0.2,0.22027413585829692,,,43,2014,development,2014,47,"[2006, 2012]",m1_20260926T160821Z_a181f6c
hand_neg,cell_gate,FLAT,ALL,observed-label_auc,0.6777289478069297,0.5958,0.724,107,2014,development,2014,47,"[2006, 2012]",m1_20260926T160821Z_a181f6c
hand_neg,cluster_gate,FLAT,ALL,observed-label_auc,0.6678,0.5486,0.7672,13,2014,development,2014,47,"[2006, 2012]",m1_20260926T160821Z_a181f6c
hand_neg,cell_gate,FLAT,ALL,capture_0.2,0.2897,,,107,2014,development,2014,47,"[2006, 2012]",m1_20260926T160821Z_a181f6c
hand_neg,object,FLAT,ALL,capture_0.2,0.3146783112572639,,,43,2014,development,2014,47,"[2006, 2012]",m1_20260926T160821Z_a181f6c
hand_acc_neg,cell_gate,FLAT,ALL,observed-label_auc,0.670350408947594,0.6028,0.7065,107,2014,development,2014,47,"[2006, 2012]",m1_20260926T160821Z_a181f6c
hand_acc_neg,cluster_gate,FLAT,ALL,observed-label_auc,0.6497,0.529,0.7462,13,2014,development,2014,47,"[2006, 2012]",m1_20260926T160821Z_a181f6c
hand_acc_neg,cell_gate,FLAT,ALL,capture_0.2,0.4206,,,107,2014,development,2014,47,"[2006, 2012]",m1_20260926T160821Z_a181f6c
hand_acc_neg,object,FLAT,ALL,capture_0.2,0.40007712303029985,,,43,2014,development,2014,47,"[2006, 2012]",m1_20260926T160821Z_a181f6c
L1,cell_gate,FLAT,ALL,observed-label_auc,0.5942663406058328,0.5102,0.7372,107,2014,development,2014,47,"[2006, 2012]",m1_20260926T160821Z_a181f6c
L1,cluster_gate,FLAT,ALL,observed-label_auc,0.662,0.5331,0.7794,13,2014,development,2014,47,"[2006, 2012]",m1_20260926T160821Z_a181f6c
L1,cell_gate,FLAT,ALL,capture_0.2,0.1402,,,107,2014,development,2014,47,"[2006, 2012]",m1_20260926T160821Z_a181f6c
L1,object,FLAT,ALL,capture_0.2,0.26376789239905785,,,43,2014,development,2014,47,"[2006, 2012]",m1_20260926T160821Z_a181f6c
z_sensitivity,cell_gate,FLAT,ALL,observed-label_auc,0.6052207399910501,0.5102,0.7516,107,2014,development,2014,47,"[2006, 2012]",m1_20260926T160821Z_a181f6c
z_sensitivity,cluster_gate,FLAT,ALL,observed-label_auc,0.6417,0.5087,0.7737,13,2014,development,2014,47,"[2006, 2012]",m1_20260926T160821Z_a181f6c
z_sensitivity,cell_gate,FLAT,ALL,capture_0.2,0.2056,,,107,2014,development,2014,47,"[2006, 2012]",m1_20260926T160821Z_a181f6c
z_sensitivity,object,FLAT,ALL,capture_0.2,0.2868919276555957,,,43,2014,development,2014,47,"[2006, 2012]",m1_20260926T160821Z_a181f6c
rf_F1_wf,cell_gate,FLAT,ALL,observed-label_auc,0.6619902894137906,0.4964,0.7381,107,2014,development,2014,47,"[2006, 2012]",m1_20260926T160821Z_a181f6c
rf_F1_wf,cluster_gate,FLAT,ALL,observed-label_auc,0.5458,0.4026,0.6889,13,2014,development,2014,47,"[2006, 2012]",m1_20260926T160821Z_a181f6c
rf_F1_wf,cell_gate,FLAT,ALL,capture_0.2,0.4579,,,107,2014,development,2014,47,"[2006, 2012]",m1_20260926T160821Z_a181f6c
rf_F1_wf,object,FLAT,ALL,capture_0.2,0.352517589289003,,,43,2014,development,2014,47,"[2006, 2012]",m1_20260926T160821Z_a181f6c
logit_F1_wf,cell_gate,FLAT,ALL,observed-label_auc,0.6421965462280486,0.5079,0.7187,107,2014,development,2014,47,"[2006, 2012]",m1_20260926T160821Z_a181f6c
logit_F1_wf,cluster_gate,FLAT,ALL,observed-label_auc,0.5981,0.4766,0.7206,13,2014,development,2014,47,"[2006, 2012]",m1_20260926T160821Z_a181f6c
logit_F1_wf,cell_gate,FLAT,ALL,capture_0.2,0.3738,,,107,2014,development,2014,47,"[2006, 2012]",m1_20260926T160821Z_a181f6c
logit_F1_wf,object,FLAT,ALL,capture_0.2,0.3458386003651452,,,43,2014,development,2014,47,"[2006, 2012]",m1_20260926T160821Z_a181f6c
slope_neg,object,FLAT,ALL,observed-label_auc,0.48867738041348724,0.4276346733654628,0.5543478435717956,43,2014,development,2014,47,"[2006, 2012]",m1_20260926T160821Z_a181f6c
relelev_neg,object,FLAT,ALL,observed-label_auc,0.6892406737717807,0.6053303418204362,0.7666101141044724,43,2014,development,2014,47,"[2006, 2012]",m1_20260926T160821Z_a181f6c
twi,object,FLAT,ALL,observed-label_auc,0.5912691742708454,0.5009528952790325,0.6746686206920199,43,2014,development,2014,47,"[2006, 2012]",m1_20260926T160821Z_a181f6c
impervious,object,FLAT,ALL,observed-label_auc,0.4961407297191984,0.42188901465620504,0.5761118987887914,43,2014,development,2014,47,"[2006, 2012]",m1_20260926T160821Z_a181f6c
hand_neg,object,FLAT,ALL,observed-label_auc,0.645654670581268,0.573310639668501,0.7140149778507928,43,2014,development,2014,47,"[2006, 2012]",m1_20260926T160821Z_a181f6c
hand_acc_neg,object,FLAT,ALL,observed-label_auc,0.6308291875025415,0.5588441952182867,0.7016573499266828,43,2014,development,2014,47,"[2006, 2012]",m1_20260926T160821Z_a181f6c
L1,object,FLAT,ALL,observed-label_auc,0.610726370400445,0.533611007110647,0.683769004090287,43,2014,development,2014,47,"[2006, 2012]",m1_20260926T160821Z_a181f6c
z_sensitivity,object,FLAT,ALL,observed-label_auc,0.6043991391197158,0.5229833328849302,0.6828515820753988,43,2014,development,2014,47,"[2006, 2012]",m1_20260926T160821Z_a181f6c
rf_F1_wf,object,FLAT,ALL,observed-label_auc,0.5652316261289961,0.48658151026321256,0.6463402541748537,43,2014,development,2014,47,"[2006, 2012]",m1_20260926T160821Z_a181f6c
logit_F1_wf,object,FLAT,ALL,observed-label_auc,0.6113039734737695,0.5359865941127117,0.6792478102193926,43,2014,development,2014,47,"[2006, 2012]",m1_20260926T160821Z_a181f6c
slope_neg,cell_gate,URBAN,ALL,observed-label_auc,0.563245387135713,0.2198,0.718,30,2014,development,2014,47,"[2006, 2012]",m1_20260926T160821Z_a181f6c
slope_neg,cluster_gate,URBAN,ALL,observed-label_auc,0.3698,0.1763,0.5728,9,2014,development,2014,47,"[2006, 2012]",m1_20260926T160821Z_a181f6c
slope_neg,cell_gate,URBAN,ALL,capture_0.2,0.2333,,,30,2014,development,2014,47,"[2006, 2012]",m1_20260926T160821Z_a181f6c
slope_neg,object,URBAN,ALL,capture_0.2,0.13327535831091128,,,24,2014,development,2014,47,"[2006, 2012]",m1_20260926T160821Z_a181f6c
relelev_neg,cell_gate,URBAN,ALL,observed-label_auc,0.7182445249180893,0.4947,0.8577,30,2014,development,2014,47,"[2006, 2012]",m1_20260926T160821Z_a181f6c
relelev_neg,cluster_gate,URBAN,ALL,observed-label_auc,0.6987,0.5008,0.8667,9,2014,development,2014,47,"[2006, 2012]",m1_20260926T160821Z_a181f6c
relelev_neg,cell_gate,URBAN,ALL,capture_0.2,0.4333,,,30,2014,development,2014,47,"[2006, 2012]",m1_20260926T160821Z_a181f6c
relelev_neg,object,URBAN,ALL,capture_0.2,0.37839838391809844,,,24,2014,development,2014,47,"[2006, 2012]",m1_20260926T160821Z_a181f6c
twi,cell_gate,URBAN,ALL,observed-label_auc,0.6061803759268839,0.2832,0.7097,30,2014,development,2014,47,"[2006, 2012]",m1_20260926T160821Z_a181f6c
twi,cluster_gate,URBAN,ALL,observed-label_auc,0.4087,0.2117,0.6274,9,2014,development,2014,47,"[2006, 2012]",m1_20260926T160821Z_a181f6c
twi,cell_gate,URBAN,ALL,capture_0.2,0.3667,,,30,2014,development,2014,47,"[2006, 2012]",m1_20260926T160821Z_a181f6c
twi,object,URBAN,ALL,capture_0.2,0.1967648530178352,,,24,2014,development,2014,47,"[2006, 2012]",m1_20260926T160821Z_a181f6c
impervious,cell_gate,URBAN,ALL,observed-label_auc,0.5391533022934989,0.4055,0.6093,30,2014,development,2014,47,"[2006, 2012]",m1_20260926T160821Z_a181f6c
impervious,cluster_gate,URBAN,ALL,observed-label_auc,0.4671,0.3455,0.6024,9,2014,development,2014,47,"[2006, 2012]",m1_20260926T160821Z_a181f6c
impervious,cell_gate,URBAN,ALL,capture_0.2,0.4,,,30,2014,development,2014,47,"[2006, 2012]",m1_20260926T160821Z_a181f6c
impervious,object,URBAN,ALL,capture_0.2,0.2257053060536369,,,24,2014,development,2014,47,"[2006, 2012]",m1_20260926T160821Z_a181f6c
hand_neg,cell_gate,URBAN,ALL,observed-label_auc,0.6960079324021383,0.5994,0.8131,30,2014,development,2014,47,"[2006, 2012]",m1_20260926T160821Z_a181f6c
hand_neg,cluster_gate,URBAN,ALL,observed-label_auc,0.6805,0.4996,0.8392,9,2014,development,2014,47,"[2006, 2012]",m1_20260926T160821Z_a181f6c
hand_neg,cell_gate,URBAN,ALL,capture_0.2,0.3667,,,30,2014,development,2014,47,"[2006, 2012]",m1_20260926T160821Z_a181f6c
hand_neg,object,URBAN,ALL,capture_0.2,0.3494263111786462,,,24,2014,development,2014,47,"[2006, 2012]",m1_20260926T160821Z_a181f6c
hand_acc_neg,cell_gate,URBAN,ALL,observed-label_auc,0.6755630281082945,0.4773,0.7781,30,2014,development,2014,47,"[2006, 2012]",m1_20260926T160821Z_a181f6c
hand_acc_neg,cluster_gate,URBAN,ALL,observed-label_auc,0.5674,0.4012,0.7574,9,2014,development,2014,47,"[2006, 2012]",m1_20260926T160821Z_a181f6c
hand_acc_neg,cell_gate,URBAN,ALL,capture_0.2,0.4,,,30,2014,development,2014,47,"[2006, 2012]",m1_20260926T160821Z_a181f6c
hand_acc_neg,object,URBAN,ALL,capture_0.2,0.32941144750524115,,,24,2014,development,2014,47,"[2006, 2012]",m1_20260926T160821Z_a181f6c
L1,cell_gate,URBAN,ALL,observed-label_auc,0.5182479737885842,0.3769,0.6822,30,2014,development,2014,47,"[2006, 2012]",m1_20260926T160821Z_a181f6c
L1,cluster_gate,URBAN,ALL,observed-label_auc,0.5198,0.3162,0.751,9,2014,development,2014,47,"[2006, 2012]",m1_20260926T160821Z_a181f6c
L1,cell_gate,URBAN,ALL,capture_0.2,0.1333,,,30,2014,development,2014,47,"[2006, 2012]",m1_20260926T160821Z_a181f6c
L1,object,URBAN,ALL,capture_0.2,0.16894535176481332,,,24,2014,development,2014,47,"[2006, 2012]",m1_20260926T160821Z_a181f6c
z_sensitivity,cell_gate,URBAN,ALL,observed-label_auc,0.6579341265735472,0.4827,0.7717,30,2014,development,2014,47,"[2006, 2012]",m1_20260926T160821Z_a181f6c
z_sensitivity,cluster_gate,URBAN,ALL,observed-label_auc,0.5736,0.3571,0.8105,9,2014,development,2014,47,"[2006, 2012]",m1_20260926T160821Z_a181f6c
z_sensitivity,cell_gate,URBAN,ALL,capture_0.2,0.2667,,,30,2014,development,2014,47,"[2006, 2012]",m1_20260926T160821Z_a181f6c
z_sensitivity,object,URBAN,ALL,capture_0.2,0.25759879665654223,,,24,2014,development,2014,47,"[2006, 2012]",m1_20260926T160821Z_a181f6c
rf_F1_wf,cell_gate,URBAN,ALL,observed-label_auc,0.6569029142955682,0.4523,0.7665,30,2014,development,2014,47,"[2006, 2012]",m1_20260926T160821Z_a181f6c
rf_F1_wf,cluster_gate,URBAN,ALL,observed-label_auc,0.5208,0.3264,0.7226,9,2014,development,2014,47,"[2006, 2012]",m1_20260926T160821Z_a181f6c
rf_F1_wf,cell_gate,URBAN,ALL,capture_0.2,0.3667,,,30,2014,development,2014,47,"[2006, 2012]",m1_20260926T160821Z_a181f6c
rf_F1_wf,object,URBAN,ALL,capture_0.2,0.2471507296686505,,,24,2014,development,2014,47,"[2006, 2012]",m1_20260926T160821Z_a181f6c
logit_F1_wf,cell_gate,URBAN,ALL,observed-label_auc,0.5651974478358338,0.3485,0.6949,30,2014,development,2014,47,"[2006, 2012]",m1_20260926T160821Z_a181f6c
logit_F1_wf,cluster_gate,URBAN,ALL,observed-label_auc,0.4442,0.2541,0.6417,9,2014,development,2014,47,"[2006, 2012]",m1_20260926T160821Z_a181f6c
logit_F1_wf,cell_gate,URBAN,ALL,capture_0.2,0.1667,,,30,2014,development,2014,47,"[2006, 2012]",m1_20260926T160821Z_a181f6c
logit_F1_wf,object,URBAN,ALL,capture_0.2,0.16951702747523525,,,24,2014,development,2014,47,"[2006, 2012]",m1_20260926T160821Z_a181f6c
slope_neg,object,URBAN,ALL,observed-label_auc,0.3765805722232139,0.2691938407266148,0.4913339475012429,24,2014,development,2014,47,"[2006, 2012]",m1_20260926T160821Z_a181f6c
relelev_neg,object,URBAN,ALL,observed-label_auc,0.6759763631661456,0.5567509900724615,0.7915431978872912,24,2014,development,2014,47,"[2006, 2012]",m1_20260926T160821Z_a181f6c
twi,object,URBAN,ALL,observed-label_auc,0.3937847618179433,0.262562570318855,0.5293670495414055,24,2014,development,2014,47,"[2006, 2012]",m1_20260926T160821Z_a181f6c
impervious,object,URBAN,ALL,observed-label_auc,0.4090236494971682,0.3170508324398031,0.49576825845008177,24,2014,development,2014,47,"[2006, 2012]",m1_20260926T160821Z_a181f6c
hand_neg,object,URBAN,ALL,observed-label_auc,0.634317249172326,0.524384163536895,0.7300420281986274,24,2014,development,2014,47,"[2006, 2012]",m1_20260926T160821Z_a181f6c
hand_acc_neg,object,URBAN,ALL,observed-label_auc,0.5673318073029839,0.4492578356200046,0.6776100875963705,24,2014,development,2014,47,"[2006, 2012]",m1_20260926T160821Z_a181f6c
L1,object,URBAN,ALL,observed-label_auc,0.467177278347025,0.3492266819453267,0.5838281186741853,24,2014,development,2014,47,"[2006, 2012]",m1_20260926T160821Z_a181f6c
z_sensitivity,object,URBAN,ALL,observed-label_auc,0.49087459323583743,0.3400594834494531,0.6280716942867759,24,2014,development,2014,47,"[2006, 2012]",m1_20260926T160821Z_a181f6c
rf_F1_wf,object,URBAN,ALL,observed-label_auc,0.4655355348185612,0.3310429939926226,0.5952537126645604,24,2014,development,2014,47,"[2006, 2012]",m1_20260926T160821Z_a181f6c
logit_F1_wf,object,URBAN,ALL,observed-label_auc,0.42243718600567454,0.31339934960354227,0.5331663856215543,24,2014,development,2014,47,"[2006, 2012]",m1_20260926T160821Z_a181f6c
slope_neg,cell_gate,AGRI,ALL,observed-label_auc,0.5459573006075803,0.3737,0.6314,64,2014,development,2014,47,"[2006, 2012]",m1_20260926T160821Z_a181f6c
slope_neg,cluster_gate,AGRI,ALL,observed-label_auc,0.4818,0.3532,0.6237,10,2014,development,2014,47,"[2006, 2012]",m1_20260926T160821Z_a181f6c
slope_neg,cell_gate,AGRI,ALL,capture_0.2,0.1875,,,64,2014,development,2014,47,"[2006, 2012]",m1_20260926T160821Z_a181f6c
slope_neg,object,AGRI,ALL,capture_0.2,0.1844026974264901,,,29,2014,development,2014,47,"[2006, 2012]",m1_20260926T160821Z_a181f6c
relelev_neg,cell_gate,AGRI,ALL,observed-label_auc,0.686874638345067,0.608,0.8675,64,2014,development,2014,47,"[2006, 2012]",m1_20260926T160821Z_a181f6c
relelev_neg,cluster_gate,AGRI,ALL,observed-label_auc,0.7521,0.6354,0.8651,10,2014,development,2014,47,"[2006, 2012]",m1_20260926T160821Z_a181f6c
relelev_neg,cell_gate,AGRI,ALL,capture_0.2,0.25,,,64,2014,development,2014,47,"[2006, 2012]",m1_20260926T160821Z_a181f6c
relelev_neg,object,AGRI,ALL,capture_0.2,0.41379310344827586,,,29,2014,development,2014,47,"[2006, 2012]",m1_20260926T160821Z_a181f6c
twi,cell_gate,AGRI,ALL,observed-label_auc,0.6057162575947536,0.534,0.694,64,2014,development,2014,47,"[2006, 2012]",m1_20260926T160821Z_a181f6c
twi,cluster_gate,AGRI,ALL,observed-label_auc,0.6214,0.5068,0.7448,10,2014,development,2014,47,"[2006, 2012]",m1_20260926T160821Z_a181f6c
twi,cell_gate,AGRI,ALL,capture_0.2,0.3906,,,64,2014,development,2014,47,"[2006, 2012]",m1_20260926T160821Z_a181f6c
twi,object,AGRI,ALL,capture_0.2,0.39084913898831747,,,29,2014,development,2014,47,"[2006, 2012]",m1_20260926T160821Z_a181f6c
impervious,cell_gate,AGRI,ALL,observed-label_auc,0.5092515852541228,0.4756,0.6107,64,2014,development,2014,47,"[2006, 2012]",m1_20260926T160821Z_a181f6c
impervious,cluster_gate,AGRI,ALL,observed-label_auc,0.6084,0.4963,0.7274,10,2014,development,2014,47,"[2006, 2012]",m1_20260926T160821Z_a181f6c
impervious,cell_gate,AGRI,ALL,capture_0.2,0.1406,,,64,2014,development,2014,47,"[2006, 2012]",m1_20260926T160821Z_a181f6c
impervious,object,AGRI,ALL,capture_0.2,0.35888090386744803,,,29,2014,development,2014,47,"[2006, 2012]",m1_20260926T160821Z_a181f6c
hand_neg,cell_gate,AGRI,ALL,observed-label_auc,0.6492474563603048,0.6201,0.7226,64,2014,development,2014,47,"[2006, 2012]",m1_20260926T160821Z_a181f6c
hand_neg,cluster_gate,AGRI,ALL,observed-label_auc,0.6863,0.6178,0.7585,10,2014,development,2014,47,"[2006, 2012]",m1_20260926T160821Z_a181f6c
hand_neg,cell_gate,AGRI,ALL,capture_0.2,0.3281,,,64,2014,development,2014,47,"[2006, 2012]",m1_20260926T160821Z_a181f6c
hand_neg,object,AGRI,ALL,capture_0.2,0.41275071886800146,,,29,2014,development,2014,47,"[2006, 2012]",m1_20260926T160821Z_a181f6c
hand_acc_neg,cell_gate,AGRI,ALL,observed-label_auc,0.6296864451731121,0.5782,0.6762,64,2014,development,2014,47,"[2006, 2012]",m1_20260926T160821Z_a181f6c
hand_acc_neg,cluster_gate,AGRI,ALL,observed-label_auc,0.6485,0.5716,0.726,10,2014,development,2014,47,"[2006, 2012]",m1_20260926T160821Z_a181f6c
hand_acc_neg,cell_gate,AGRI,ALL,capture_0.2,0.4688,,,64,2014,development,2014,47,"[2006, 2012]",m1_20260926T160821Z_a181f6c
hand_acc_neg,object,AGRI,ALL,capture_0.2,0.48012442719755144,,,29,2014,development,2014,47,"[2006, 2012]",m1_20260926T160821Z_a181f6c
L1,cell_gate,AGRI,ALL,observed-label_auc,0.7557337375831806,0.6286,0.902,64,2014,development,2014,47,"[2006, 2012]",m1_20260926T160821Z_a181f6c
L1,cluster_gate,AGRI,ALL,observed-label_auc,0.7773,0.6127,0.905,10,2014,development,2014,47,"[2006, 2012]",m1_20260926T160821Z_a181f6c
L1,cell_gate,AGRI,ALL,capture_0.2,0.3906,,,64,2014,development,2014,47,"[2006, 2012]",m1_20260926T160821Z_a181f6c
L1,object,AGRI,ALL,capture_0.2,0.4759166622241157,,,29,2014,development,2014,47,"[2006, 2012]",m1_20260926T160821Z_a181f6c
z_sensitivity,cell_gate,AGRI,ALL,observed-label_auc,0.7481856977529173,0.6431,0.8683,64,2014,development,2014,47,"[2006, 2012]",m1_20260926T160821Z_a181f6c
z_sensitivity,cluster_gate,AGRI,ALL,observed-label_auc,0.7888,0.6473,0.8877,10,2014,development,2014,47,"[2006, 2012]",m1_20260926T160821Z_a181f6c
z_sensitivity,cell_gate,AGRI,ALL,capture_0.2,0.5156,,,64,2014,development,2014,47,"[2006, 2012]",m1_20260926T160821Z_a181f6c
z_sensitivity,object,AGRI,ALL,capture_0.2,0.6027971087661436,,,29,2014,development,2014,47,"[2006, 2012]",m1_20260926T160821Z_a181f6c
rf_F1_wf,cell_gate,AGRI,ALL,observed-label_auc,0.6704547509403028,0.4701,0.762,64,2014,development,2014,47,"[2006, 2012]",m1_20260926T160821Z_a181f6c
rf_F1_wf,cluster_gate,AGRI,ALL,observed-label_auc,0.6007,0.4577,0.7517,10,2014,development,2014,47,"[2006, 2012]",m1_20260926T160821Z_a181f6c
rf_F1_wf,cell_gate,AGRI,ALL,capture_0.2,0.4375,,,64,2014,development,2014,47,"[2006, 2012]",m1_20260926T160821Z_a181f6c
rf_F1_wf,object,AGRI,ALL,capture_0.2,0.3159070829988029,,,29,2014,development,2014,47,"[2006, 2012]",m1_20260926T160821Z_a181f6c
logit_F1_wf,cell_gate,AGRI,ALL,observed-label_auc,0.6417280475455686,0.4973,0.7101,64,2014,development,2014,47,"[2006, 2012]",m1_20260926T160821Z_a181f6c
logit_F1_wf,cluster_gate,AGRI,ALL,observed-label_auc,0.5783,0.4649,0.6979,10,2014,development,2014,47,"[2006, 2012]",m1_20260926T160821Z_a181f6c
logit_F1_wf,cell_gate,AGRI,ALL,capture_0.2,0.4219,,,64,2014,development,2014,47,"[2006, 2012]",m1_20260926T160821Z_a181f6c
logit_F1_wf,object,AGRI,ALL,capture_0.2,0.32709282453328803,,,29,2014,development,2014,47,"[2006, 2012]",m1_20260926T160821Z_a181f6c
slope_neg,object,AGRI,ALL,observed-label_auc,0.5171569775186928,0.43320331607254114,0.5981903743206295,29,2014,development,2014,47,"[2006, 2012]",m1_20260926T160821Z_a181f6c
relelev_neg,object,AGRI,ALL,observed-label_auc,0.655284026551591,0.5618799011194495,0.7508828138655759,29,2014,development,2014,47,"[2006, 2012]",m1_20260926T160821Z_a181f6c
twi,object,AGRI,ALL,observed-label_auc,0.600830715335532,0.501746458448201,0.7020788969641465,29,2014,development,2014,47,"[2006, 2012]",m1_20260926T160821Z_a181f6c
impervious,object,AGRI,ALL,observed-label_auc,0.6181918232963722,0.5438304381090836,0.6979966523018315,29,2014,development,2014,47,"[2006, 2012]",m1_20260926T160821Z_a181f6c
hand_neg,object,AGRI,ALL,observed-label_auc,0.665389446271384,0.5923282425509878,0.7300106395995721,29,2014,development,2014,47,"[2006, 2012]",m1_20260926T160821Z_a181f6c
hand_acc_neg,object,AGRI,ALL,observed-label_auc,0.6339423427320343,0.5559530026980511,0.7076304648729616,29,2014,development,2014,47,"[2006, 2012]",m1_20260926T160821Z_a181f6c
L1,object,AGRI,ALL,observed-label_auc,0.7007833686567472,0.5911156362147462,0.8063623186815718,29,2014,development,2014,47,"[2006, 2012]",m1_20260926T160821Z_a181f6c
z_sensitivity,object,AGRI,ALL,observed-label_auc,0.7223577344317621,0.624862212270577,0.8092128249914657,29,2014,development,2014,47,"[2006, 2012]",m1_20260926T160821Z_a181f6c
rf_F1_wf,object,AGRI,ALL,observed-label_auc,0.596554020088018,0.5063197858339565,0.6838659991100245,29,2014,development,2014,47,"[2006, 2012]",m1_20260926T160821Z_a181f6c
logit_F1_wf,object,AGRI,ALL,observed-label_auc,0.6064268404201202,0.5190928444585424,0.6895752477583583,29,2014,development,2014,47,"[2006, 2012]",m1_20260926T160821Z_a181f6c
slope_neg,cell_gate,UNIVERSE,ALL,observed-label_auc,0.6451135066050683,0.4232,0.7696,47,2014,development,2014,47,"[2006, 2012]",m1_20260926T160821Z_a181f6c
slope_neg,cluster_gate,UNIVERSE,ALL,observed-label_auc,0.5601,0.3975,0.7167,14,2014,development,2014,47,"[2006, 2012]",m1_20260926T160821Z_a181f6c
slope_neg,cell_gate,UNIVERSE,ALL,capture_0.2,0.4894,,,47,2014,development,2014,47,"[2006, 2012]",m1_20260926T160821Z_a181f6c
slope_neg,object,UNIVERSE,ALL,capture_0.2,0.36337975301881353,,,38,2014,development,2014,47,"[2006, 2012]",m1_20260926T160821Z_a181f6c
relelev_neg,cell_gate,UNIVERSE,ALL,observed-label_auc,0.5311585321139362,0.3857,0.6483,47,2014,development,2014,47,"[2006, 2012]",m1_20260926T160821Z_a181f6c
relelev_neg,cluster_gate,UNIVERSE,ALL,observed-label_auc,0.5199,0.3928,0.6538,14,2014,development,2014,47,"[2006, 2012]",m1_20260926T160821Z_a181f6c
relelev_neg,cell_gate,UNIVERSE,ALL,capture_0.2,0.1489,,,47,2014,development,2014,47,"[2006, 2012]",m1_20260926T160821Z_a181f6c
relelev_neg,object,UNIVERSE,ALL,capture_0.2,0.23751483169602028,,,38,2014,development,2014,47,"[2006, 2012]",m1_20260926T160821Z_a181f6c
twi,cell_gate,UNIVERSE,ALL,observed-label_auc,0.590225965618027,0.3725,0.7142,47,2014,development,2014,47,"[2006, 2012]",m1_20260926T160821Z_a181f6c
twi,cluster_gate,UNIVERSE,ALL,observed-label_auc,0.4958,0.347,0.6387,14,2014,development,2014,47,"[2006, 2012]",m1_20260926T160821Z_a181f6c
twi,cell_gate,UNIVERSE,ALL,capture_0.2,0.3191,,,47,2014,development,2014,47,"[2006, 2012]",m1_20260926T160821Z_a181f6c
twi,object,UNIVERSE,ALL,capture_0.2,0.24192898845405422,,,38,2014,development,2014,47,"[2006, 2012]",m1_20260926T160821Z_a181f6c
impervious,cell_gate,UNIVERSE,ALL,observed-label_auc,0.5483516138156448,0.37,0.6558,47,2014,development,2014,47,"[2006, 2012]",m1_20260926T160821Z_a181f6c
impervious,cluster_gate,UNIVERSE,ALL,observed-label_auc,0.4731,0.3436,0.6041,14,2014,development,2014,47,"[2006, 2012]",m1_20260926T160821Z_a181f6c
impervious,cell_gate,UNIVERSE,ALL,capture_0.2,0.234,,,47,2014,development,2014,47,"[2006, 2012]",m1_20260926T160821Z_a181f6c
impervious,object,UNIVERSE,ALL,capture_0.2,0.13625435579620285,,,38,2014,development,2014,47,"[2006, 2012]",m1_20260926T160821Z_a181f6c
hand_neg,cell_gate,UNIVERSE,ALL,observed-label_auc,0.7879663094377574,0.7324,0.8559,47,2014,development,2014,47,"[2006, 2012]",m1_20260926T160821Z_a181f6c
hand_neg,cluster_gate,UNIVERSE,ALL,observed-label_auc,0.7666,0.6633,0.8429,14,2014,development,2014,47,"[2006, 2012]",m1_20260926T160821Z_a181f6c
hand_neg,cell_gate,UNIVERSE,ALL,capture_0.2,0.5106,,,47,2014,development,2014,47,"[2006, 2012]",m1_20260926T160821Z_a181f6c
hand_neg,object,UNIVERSE,ALL,capture_0.2,0.5841338754398745,,,38,2014,development,2014,47,"[2006, 2012]",m1_20260926T160821Z_a181f6c
hand_acc_neg,cell_gate,UNIVERSE,ALL,observed-label_auc,0.7270561614129922,0.6106,0.8022,47,2014,development,2014,47,"[2006, 2012]",m1_20260926T160821Z_a181f6c
hand_acc_neg,cluster_gate,UNIVERSE,ALL,observed-label_auc,0.6759,0.5706,0.7666,14,2014,development,2014,47,"[2006, 2012]",m1_20260926T160821Z_a181f6c
hand_acc_neg,cell_gate,UNIVERSE,ALL,capture_0.2,0.4468,,,47,2014,development,2014,47,"[2006, 2012]",m1_20260926T160821Z_a181f6c
hand_acc_neg,object,UNIVERSE,ALL,capture_0.2,0.3590710927239878,,,38,2014,development,2014,47,"[2006, 2012]",m1_20260926T160821Z_a181f6c
L1,cell_gate,UNIVERSE,ALL,observed-label_auc,0.5623034455304483,0.4114,0.6676,47,2014,development,2014,47,"[2006, 2012]",m1_20260926T160821Z_a181f6c
L1,cluster_gate,UNIVERSE,ALL,observed-label_auc,0.5607,0.4363,0.6968,14,2014,development,2014,47,"[2006, 2012]",m1_20260926T160821Z_a181f6c
L1,cell_gate,UNIVERSE,ALL,capture_0.2,0.1277,,,47,2014,development,2014,47,"[2006, 2012]",m1_20260926T160821Z_a181f6c
L1,object,UNIVERSE,ALL,capture_0.2,0.1421667825198528,,,38,2014,development,2014,47,"[2006, 2012]",m1_20260926T160821Z_a181f6c
z_sensitivity,cell_gate,UNIVERSE,ALL,observed-label_auc,0.6447196119718827,0.4801,0.7411,47,2014,development,2014,47,"[2006, 2012]",m1_20260926T160821Z_a181f6c
z_sensitivity,cluster_gate,UNIVERSE,ALL,observed-label_auc,0.6086,0.4737,0.7431,14,2014,development,2014,47,"[2006, 2012]",m1_20260926T160821Z_a181f6c
z_sensitivity,cell_gate,UNIVERSE,ALL,capture_0.2,0.2766,,,47,2014,development,2014,47,"[2006, 2012]",m1_20260926T160821Z_a181f6c
z_sensitivity,object,UNIVERSE,ALL,capture_0.2,0.2079278661028602,,,38,2014,development,2014,47,"[2006, 2012]",m1_20260926T160821Z_a181f6c
rf_F1_wf,cell_gate,UNIVERSE,ALL,observed-label_auc,0.7060697486826529,0.5552,0.7982,47,2014,development,2014,47,"[2006, 2012]",m1_20260926T160821Z_a181f6c
rf_F1_wf,cluster_gate,UNIVERSE,ALL,observed-label_auc,0.6708,0.5359,0.7981,14,2014,development,2014,47,"[2006, 2012]",m1_20260926T160821Z_a181f6c
rf_F1_wf,cell_gate,UNIVERSE,ALL,capture_0.2,0.5319,,,47,2014,development,2014,47,"[2006, 2012]",m1_20260926T160821Z_a181f6c
rf_F1_wf,object,UNIVERSE,ALL,capture_0.2,0.44471409221617186,,,38,2014,development,2014,47,"[2006, 2012]",m1_20260926T160821Z_a181f6c
logit_F1_wf,cell_gate,UNIVERSE,ALL,observed-label_auc,0.6364394439381083,0.4696,0.732,47,2014,development,2014,47,"[2006, 2012]",m1_20260926T160821Z_a181f6c
logit_F1_wf,cluster_gate,UNIVERSE,ALL,observed-label_auc,0.5803,0.4286,0.7137,14,2014,development,2014,47,"[2006, 2012]",m1_20260926T160821Z_a181f6c
logit_F1_wf,cell_gate,UNIVERSE,ALL,capture_0.2,0.4043,,,47,2014,development,2014,47,"[2006, 2012]",m1_20260926T160821Z_a181f6c
logit_F1_wf,object,UNIVERSE,ALL,capture_0.2,0.34568947525927085,,,38,2014,development,2014,47,"[2006, 2012]",m1_20260926T160821Z_a181f6c
slope_neg,object,UNIVERSE,ALL,observed-label_auc,0.5365006149932228,0.4399716478975401,0.6341365310079949,38,2014,development,2014,47,"[2006, 2012]",m1_20260926T160821Z_a181f6c
relelev_neg,object,UNIVERSE,ALL,observed-label_auc,0.5086518490519139,0.41456635502730055,0.6052793783814912,38,2014,development,2014,47,"[2006, 2012]",m1_20260926T160821Z_a181f6c
twi,object,UNIVERSE,ALL,observed-label_auc,0.4792962745395471,0.3835592640158272,0.5828542260139706,38,2014,development,2014,47,"[2006, 2012]",m1_20260926T160821Z_a181f6c
impervious,object,UNIVERSE,ALL,observed-label_auc,0.45803517967503515,0.39001048304415237,0.5312555950633804,38,2014,development,2014,47,"[2006, 2012]",m1_20260926T160821Z_a181f6c
hand_neg,object,UNIVERSE,ALL,observed-label_auc,0.7873897993042702,0.7390032123788306,0.8287811894049074,38,2014,development,2014,47,"[2006, 2012]",m1_20260926T160821Z_a181f6c
hand_acc_neg,object,UNIVERSE,ALL,observed-label_auc,0.6811212537429189,0.6144962086559658,0.7428113001820227,38,2014,development,2014,47,"[2006, 2012]",m1_20260926T160821Z_a181f6c
L1,object,UNIVERSE,ALL,observed-label_auc,0.5169854048014861,0.4372406039245342,0.5965645501710248,38,2014,development,2014,47,"[2006, 2012]",m1_20260926T160821Z_a181f6c
z_sensitivity,object,UNIVERSE,ALL,observed-label_auc,0.5677037606402937,0.4870965052714617,0.646032737136187,38,2014,development,2014,47,"[2006, 2012]",m1_20260926T160821Z_a181f6c
rf_F1_wf,object,UNIVERSE,ALL,observed-label_auc,0.6148815628181067,0.5238341441223451,0.7032894191668009,38,2014,development,2014,47,"[2006, 2012]",m1_20260926T160821Z_a181f6c
logit_F1_wf,object,UNIVERSE,ALL,observed-label_auc,0.5583846117074515,0.46839317782779866,0.648954777487098,38,2014,development,2014,47,"[2006, 2012]",m1_20260926T160821Z_a181f6c
slope_neg,cell_gate,ALL,ALL,observed-label_auc,0.8710982008116287,0.7752,0.9201,170,2016,development,2016,21,"[2006, 2012, 2014]",m1_20260926T160821Z_a181f6c
slope_neg,cluster_gate,ALL,ALL,observed-label_auc,0.8573,0.7814,0.9209,6,2016,development,2016,21,"[2006, 2012, 2014]",m1_20260926T160821Z_a181f6c
slope_neg,cell_gate,ALL,ALL,capture_0.2,0.8294,,,170,2016,development,2016,21,"[2006, 2012, 2014]",m1_20260926T160821Z_a181f6c
slope_neg,object,ALL,ALL,capture_0.2,0.752140652410471,,,21,2016,development,2016,21,"[2006, 2012, 2014]",m1_20260926T160821Z_a181f6c
relelev_neg,cell_gate,ALL,ALL,observed-label_auc,0.5531201570087028,0.5007,0.6377,170,2016,development,2016,21,"[2006, 2012, 2014]",m1_20260926T160821Z_a181f6c
relelev_neg,cluster_gate,ALL,ALL,observed-label_auc,0.5658,0.5037,0.6261,6,2016,development,2016,21,"[2006, 2012, 2014]",m1_20260926T160821Z_a181f6c
relelev_neg,cell_gate,ALL,ALL,capture_0.2,0.0059,,,170,2016,development,2016,21,"[2006, 2012, 2014]",m1_20260926T160821Z_a181f6c
relelev_neg,object,ALL,ALL,capture_0.2,0.002545749586290628,,,21,2016,development,2016,21,"[2006, 2012, 2014]",m1_20260926T160821Z_a181f6c
twi,cell_gate,ALL,ALL,observed-label_auc,0.8332331047532665,0.7486,0.8707,170,2016,development,2016,21,"[2006, 2012, 2014]",m1_20260926T160821Z_a181f6c
twi,cluster_gate,ALL,ALL,observed-label_auc,0.8319,0.7628,0.8857,6,2016,development,2016,21,"[2006, 2012, 2014]",m1_20260926T160821Z_a181f6c
twi,cell_gate,ALL,ALL,capture_0.2,0.6941,,,170,2016,development,2016,21,"[2006, 2012, 2014]",m1_20260926T160821Z_a181f6c
twi,object,ALL,ALL,capture_0.2,0.636355212964831,,,21,2016,development,2016,21,"[2006, 2012, 2014]",m1_20260926T160821Z_a181f6c
impervious,cell_gate,ALL,ALL,observed-label_auc,0.9371092571017507,0.9217,0.9485,170,2016,development,2016,21,"[2006, 2012, 2014]",m1_20260926T160821Z_a181f6c
impervious,cluster_gate,ALL,ALL,observed-label_auc,0.9336,0.9195,0.9479,6,2016,development,2016,21,"[2006, 2012, 2014]",m1_20260926T160821Z_a181f6c
impervious,cell_gate,ALL,ALL,capture_0.2,0.9824,,,170,2016,development,2016,21,"[2006, 2012, 2014]",m1_20260926T160821Z_a181f6c
impervious,object,ALL,ALL,capture_0.2,0.9817039487090704,,,21,2016,development,2016,21,"[2006, 2012, 2014]",m1_20260926T160821Z_a181f6c
hand_neg,cell_gate,ALL,ALL,observed-label_auc,0.8618256953186698,0.8189,0.8824,170,2016,development,2016,21,"[2006, 2012, 2014]",m1_20260926T160821Z_a181f6c
hand_neg,cluster_gate,ALL,ALL,observed-label_auc,0.8495,0.821,0.8747,6,2016,development,2016,21,"[2006, 2012, 2014]",m1_20260926T160821Z_a181f6c
hand_neg,cell_gate,ALL,ALL,capture_0.2,0.8941,,,170,2016,development,2016,21,"[2006, 2012, 2014]",m1_20260926T160821Z_a181f6c
hand_neg,object,ALL,ALL,capture_0.2,0.8546849784288808,,,21,2016,development,2016,21,"[2006, 2012, 2014]",m1_20260926T160821Z_a181f6c
hand_acc_neg,cell_gate,ALL,ALL,observed-label_auc,0.8657460259126912,0.8421,0.8791,170,2016,development,2016,21,"[2006, 2012, 2014]",m1_20260926T160821Z_a181f6c
hand_acc_neg,cluster_gate,ALL,ALL,observed-label_auc,0.8637,0.8383,0.8852,6,2016,development,2016,21,"[2006, 2012, 2014]",m1_20260926T160821Z_a181f6c
hand_acc_neg,cell_gate,ALL,ALL,capture_0.2,0.8941,,,170,2016,development,2016,21,"[2006, 2012, 2014]",m1_20260926T160821Z_a181f6c
hand_acc_neg,object,ALL,ALL,capture_0.2,0.8458874565864036,,,21,2016,development,2016,21,"[2006, 2012, 2014]",m1_20260926T160821Z_a181f6c
L1,cell_gate,ALL,ALL,observed-label_auc,0.9196080255842867,0.8634,0.957,170,2016,development,2016,21,"[2006, 2012, 2014]",m1_20260926T160821Z_a181f6c
L1,cluster_gate,ALL,ALL,observed-label_auc,0.9243,0.8725,0.9687,6,2016,development,2016,21,"[2006, 2012, 2014]",m1_20260926T160821Z_a181f6c
L1,cell_gate,ALL,ALL,capture_0.2,0.9353,,,170,2016,development,2016,21,"[2006, 2012, 2014]",m1_20260926T160821Z_a181f6c
L1,object,ALL,ALL,capture_0.2,0.8935959886872256,,,21,2016,development,2016,21,"[2006, 2012, 2014]",m1_20260926T160821Z_a181f6c
z_sensitivity,cell_gate,ALL,ALL,observed-label_auc,0.9540419576045226,0.9304,0.9685,170,2016,development,2016,21,"[2006, 2012, 2014]",m1_20260926T160821Z_a181f6c
z_sensitivity,cluster_gate,ALL,ALL,observed-label_auc,0.9542,0.9311,0.9763,6,2016,development,2016,21,"[2006, 2012, 2014]",m1_20260926T160821Z_a181f6c
z_sensitivity,cell_gate,ALL,ALL,capture_0.2,0.9824,,,170,2016,development,2016,21,"[2006, 2012, 2014]",m1_20260926T160821Z_a181f6c
z_sensitivity,object,ALL,ALL,capture_0.2,0.9807899242903245,,,21,2016,development,2016,21,"[2006, 2012, 2014]",m1_20260926T160821Z_a181f6c
rf_F1_wf,cell_gate,ALL,ALL,observed-label_auc,0.9009228561822177,0.8667,0.9155,170,2016,development,2016,21,"[2006, 2012, 2014]",m1_20260926T160821Z_a181f6c
rf_F1_wf,cluster_gate,ALL,ALL,observed-label_auc,0.9049,0.8593,0.9457,6,2016,development,2016,21,"[2006, 2012, 2014]",m1_20260926T160821Z_a181f6c
rf_F1_wf,cell_gate,ALL,ALL,capture_0.2,0.8588,,,170,2016,development,2016,21,"[2006, 2012, 2014]",m1_20260926T160821Z_a181f6c
rf_F1_wf,object,ALL,ALL,capture_0.2,0.8216960086919121,,,21,2016,development,2016,21,"[2006, 2012, 2014]",m1_20260926T160821Z_a181f6c
logit_F1_wf,cell_gate,ALL,ALL,observed-label_auc,0.8311109460399871,0.7916,0.8502,170,2016,development,2016,21,"[2006, 2012, 2014]",m1_20260926T160821Z_a181f6c
logit_F1_wf,cluster_gate,ALL,ALL,observed-label_auc,0.8359,0.7797,0.8857,6,2016,development,2016,21,"[2006, 2012, 2014]",m1_20260926T160821Z_a181f6c
logit_F1_wf,cell_gate,ALL,ALL,capture_0.2,0.7294,,,170,2016,development,2016,21,"[2006, 2012, 2014]",m1_20260926T160821Z_a181f6c
logit_F1_wf,object,ALL,ALL,capture_0.2,0.6950259421195689,,,21,2016,development,2016,21,"[2006, 2012, 2014]",m1_20260926T160821Z_a181f6c
slope_neg,object,ALL,ALL,observed-label_auc,0.855174793438586,0.7890361433773839,0.9072882093659966,21,2016,development,2016,21,"[2006, 2012, 2014]",m1_20260926T160821Z_a181f6c
relelev_neg,object,ALL,ALL,observed-label_auc,0.565062113922899,0.5277970928138656,0.5992295817416369,21,2016,development,2016,21,"[2006, 2012, 2014]",m1_20260926T160821Z_a181f6c
twi,object,ALL,ALL,observed-label_auc,0.8197152754231677,0.7510162433821029,0.8738528967319321,21,2016,development,2016,21,"[2006, 2012, 2014]",m1_20260926T160821Z_a181f6c
impervious,object,ALL,ALL,observed-label_auc,0.9333740514340808,0.9117211437381992,0.9491559263544558,21,2016,development,2016,21,"[2006, 2012, 2014]",m1_20260926T160821Z_a181f6c
hand_neg,object,ALL,ALL,observed-label_auc,0.8676084568356411,0.8435883961379171,0.8883375914601549,21,2016,development,2016,21,"[2006, 2012, 2014]",m1_20260926T160821Z_a181f6c
hand_acc_neg,object,ALL,ALL,observed-label_auc,0.876868645168931,0.8511203803932114,0.8982237025070849,21,2016,development,2016,21,"[2006, 2012, 2014]",m1_20260926T160821Z_a181f6c
L1,object,ALL,ALL,observed-label_auc,0.910918916461999,0.8656112421977461,0.9481020113297132,21,2016,development,2016,21,"[2006, 2012, 2014]",m1_20260926T160821Z_a181f6c
z_sensitivity,object,ALL,ALL,observed-label_auc,0.9545869503642535,0.9353268684573415,0.9715666672001927,21,2016,development,2016,21,"[2006, 2012, 2014]",m1_20260926T160821Z_a181f6c
rf_F1_wf,object,ALL,ALL,observed-label_auc,0.907361802580625,0.872050413708203,0.9390096495539905,21,2016,development,2016,21,"[2006, 2012, 2014]",m1_20260926T160821Z_a181f6c
logit_F1_wf,object,ALL,ALL,observed-label_auc,0.8445551422331852,0.7933976966272394,0.8913472364988665,21,2016,development,2016,21,"[2006, 2012, 2014]",m1_20260926T160821Z_a181f6c
slope_neg,cell_gate,FLAT,ALL,observed-label_auc,0.7064701321505535,0.5855,0.7624,154,2016,development,2016,21,"[2006, 2012, 2014]",m1_20260926T160821Z_a181f6c
slope_neg,cluster_gate,FLAT,ALL,observed-label_auc,0.6697,0.5826,0.7536,6,2016,development,2016,21,"[2006, 2012, 2014]",m1_20260926T160821Z_a181f6c
slope_neg,cell_gate,FLAT,ALL,capture_0.2,0.4286,,,154,2016,development,2016,21,"[2006, 2012, 2014]",m1_20260926T160821Z_a181f6c
slope_neg,object,FLAT,ALL,capture_0.2,0.24511321887899104,,,21,2016,development,2016,21,"[2006, 2012, 2014]",m1_20260926T160821Z_a181f6c
relelev_neg,cell_gate,FLAT,ALL,observed-label_auc,0.5371848739495798,0.4407,0.6959,154,2016,development,2016,21,"[2006, 2012, 2014]",m1_20260926T160821Z_a181f6c
relelev_neg,cluster_gate,FLAT,ALL,observed-label_auc,0.5692,0.4499,0.6779,6,2016,development,2016,21,"[2006, 2012, 2014]",m1_20260926T160821Z_a181f6c
relelev_neg,cell_gate,FLAT,ALL,capture_0.2,0.0325,,,154,2016,development,2016,21,"[2006, 2012, 2014]",m1_20260926T160821Z_a181f6c
relelev_neg,object,FLAT,ALL,capture_0.2,0.11888988057275536,,,21,2016,development,2016,21,"[2006, 2012, 2014]",m1_20260926T160821Z_a181f6c
twi,cell_gate,FLAT,ALL,observed-label_auc,0.6302861646693956,0.5796,0.6478,154,2016,development,2016,21,"[2006, 2012, 2014]",m1_20260926T160821Z_a181f6c
twi,cluster_gate,FLAT,ALL,observed-label_auc,0.6326,0.5815,0.6827,6,2016,development,2016,21,"[2006, 2012, 2014]",m1_20260926T160821Z_a181f6c
twi,cell_gate,FLAT,ALL,capture_0.2,0.3701,,,154,2016,development,2016,21,"[2006, 2012, 2014]",m1_20260926T160821Z_a181f6c
twi,object,FLAT,ALL,capture_0.2,0.28637318569837017,,,21,2016,development,2016,21,"[2006, 2012, 2014]",m1_20260926T160821Z_a181f6c
impervious,cell_gate,FLAT,ALL,observed-label_auc,0.8404122435948599,0.8079,0.8699,154,2016,development,2016,21,"[2006, 2012, 2014]",m1_20260926T160821Z_a181f6c
impervious,cluster_gate,FLAT,ALL,observed-label_auc,0.8364,0.7944,0.8776,6,2016,development,2016,21,"[2006, 2012, 2014]",m1_20260926T160821Z_a181f6c
impervious,cell_gate,FLAT,ALL,capture_0.2,0.6234,,,154,2016,development,2016,21,"[2006, 2012, 2014]",m1_20260926T160821Z_a181f6c
impervious,object,FLAT,ALL,capture_0.2,0.6060963222601565,,,21,2016,development,2016,21,"[2006, 2012, 2014]",m1_20260926T160821Z_a181f6c
hand_neg,cell_gate,FLAT,ALL,observed-label_auc,0.6670540061343397,0.5992,0.7005,154,2016,development,2016,21,"[2006, 2012, 2014]",m1_20260926T160821Z_a181f6c
hand_neg,cluster_gate,FLAT,ALL,observed-label_auc,0.6333,0.5907,0.674,6,2016,development,2016,21,"[2006, 2012, 2014]",m1_20260926T160821Z_a181f6c
hand_neg,cell_gate,FLAT,ALL,capture_0.2,0.1818,,,154,2016,development,2016,21,"[2006, 2012, 2014]",m1_20260926T160821Z_a181f6c
hand_neg,object,FLAT,ALL,capture_0.2,0.1405445375841722,,,21,2016,development,2016,21,"[2006, 2012, 2014]",m1_20260926T160821Z_a181f6c
hand_acc_neg,cell_gate,FLAT,ALL,observed-label_auc,0.6348507177633604,0.6102,0.6599,154,2016,development,2016,21,"[2006, 2012, 2014]",m1_20260926T160821Z_a181f6c
hand_acc_neg,cluster_gate,FLAT,ALL,observed-label_auc,0.6393,0.6024,0.6722,6,2016,development,2016,21,"[2006, 2012, 2014]",m1_20260926T160821Z_a181f6c
hand_acc_neg,cell_gate,FLAT,ALL,capture_0.2,0.2078,,,154,2016,development,2016,21,"[2006, 2012, 2014]",m1_20260926T160821Z_a181f6c
hand_acc_neg,object,FLAT,ALL,capture_0.2,0.21830362239304774,,,21,2016,development,2016,21,"[2006, 2012, 2014]",m1_20260926T160821Z_a181f6c
L1,cell_gate,FLAT,ALL,observed-label_auc,0.8330248110098857,0.787,0.8946,154,2016,development,2016,21,"[2006, 2012, 2014]",m1_20260926T160821Z_a181f6c
L1,cluster_gate,FLAT,ALL,observed-label_auc,0.855,0.7886,0.9266,6,2016,development,2016,21,"[2006, 2012, 2014]",m1_20260926T160821Z_a181f6c
L1,cell_gate,FLAT,ALL,capture_0.2,0.6299,,,154,2016,development,2016,21,"[2006, 2012, 2014]",m1_20260926T160821Z_a181f6c
L1,object,FLAT,ALL,capture_0.2,0.5760463343234853,,,21,2016,development,2016,21,"[2006, 2012, 2014]",m1_20260926T160821Z_a181f6c
z_sensitivity,cell_gate,FLAT,ALL,observed-label_auc,0.8910704308860586,0.8468,0.9299,154,2016,development,2016,21,"[2006, 2012, 2014]",m1_20260926T160821Z_a181f6c
z_sensitivity,cluster_gate,FLAT,ALL,observed-label_auc,0.9068,0.8711,0.9461,6,2016,development,2016,21,"[2006, 2012, 2014]",m1_20260926T160821Z_a181f6c
z_sensitivity,cell_gate,FLAT,ALL,capture_0.2,0.8377,,,154,2016,development,2016,21,"[2006, 2012, 2014]",m1_20260926T160821Z_a181f6c
z_sensitivity,object,FLAT,ALL,capture_0.2,0.8362249319934908,,,21,2016,development,2016,21,"[2006, 2012, 2014]",m1_20260926T160821Z_a181f6c
rf_F1_wf,cell_gate,FLAT,ALL,observed-label_auc,0.7386189754056304,0.6655,0.8127,154,2016,development,2016,21,"[2006, 2012, 2014]",m1_20260926T160821Z_a181f6c
rf_F1_wf,cluster_gate,FLAT,ALL,observed-label_auc,0.7707,0.6575,0.8772,6,2016,development,2016,21,"[2006, 2012, 2014]",m1_20260926T160821Z_a181f6c
rf_F1_wf,cell_gate,FLAT,ALL,capture_0.2,0.513,,,154,2016,development,2016,21,"[2006, 2012, 2014]",m1_20260926T160821Z_a181f6c
rf_F1_wf,object,FLAT,ALL,capture_0.2,0.5284431984507745,,,21,2016,development,2016,21,"[2006, 2012, 2014]",m1_20260926T160821Z_a181f6c
logit_F1_wf,cell_gate,FLAT,ALL,observed-label_auc,0.5624257437031801,0.4583,0.6939,154,2016,development,2016,21,"[2006, 2012, 2014]",m1_20260926T160821Z_a181f6c
logit_F1_wf,cluster_gate,FLAT,ALL,observed-label_auc,0.6045,0.4484,0.765,6,2016,development,2016,21,"[2006, 2012, 2014]",m1_20260926T160821Z_a181f6c
logit_F1_wf,cell_gate,FLAT,ALL,capture_0.2,0.2403,,,154,2016,development,2016,21,"[2006, 2012, 2014]",m1_20260926T160821Z_a181f6c
logit_F1_wf,object,FLAT,ALL,capture_0.2,0.41716061791171555,,,21,2016,development,2016,21,"[2006, 2012, 2014]",m1_20260926T160821Z_a181f6c
slope_neg,object,FLAT,ALL,observed-label_auc,0.6353762602438633,0.541172626595695,0.7266432705923904,21,2016,development,2016,21,"[2006, 2012, 2014]",m1_20260926T160821Z_a181f6c
relelev_neg,object,FLAT,ALL,observed-label_auc,0.5712497147029796,0.4964437709065031,0.638258887761382,21,2016,development,2016,21,"[2006, 2012, 2014]",m1_20260926T160821Z_a181f6c
twi,object,FLAT,ALL,observed-label_auc,0.6101449045581846,0.5447233606589372,0.6707319521736391,21,2016,development,2016,21,"[2006, 2012, 2014]",m1_20260926T160821Z_a181f6c
impervious,object,FLAT,ALL,observed-label_auc,0.8205230228064921,0.7786878832575634,0.8581689631211199,21,2016,development,2016,21,"[2006, 2012, 2014]",m1_20260926T160821Z_a181f6c
hand_neg,object,FLAT,ALL,observed-label_auc,0.6782885750316322,0.6434807937115808,0.7127737372581607,21,2016,development,2016,21,"[2006, 2012, 2014]",m1_20260926T160821Z_a181f6c
hand_acc_neg,object,FLAT,ALL,observed-label_auc,0.6670838782598695,0.6354010177855142,0.6984677582535062,21,2016,development,2016,21,"[2006, 2012, 2014]",m1_20260926T160821Z_a181f6c
L1,object,FLAT,ALL,observed-label_auc,0.8130329649751111,0.7631272612382007,0.8627159506868517,21,2016,development,2016,21,"[2006, 2012, 2014]",m1_20260926T160821Z_a181f6c
z_sensitivity,object,FLAT,ALL,observed-label_auc,0.8931350694061829,0.8654195867451105,0.9207410248224893,21,2016,development,2016,21,"[2006, 2012, 2014]",m1_20260926T160821Z_a181f6c
rf_F1_wf,object,FLAT,ALL,observed-label_auc,0.7502028469189442,0.6681403139114757,0.8280407123601168,21,2016,development,2016,21,"[2006, 2012, 2014]",m1_20260926T160821Z_a181f6c
logit_F1_wf,object,FLAT,ALL,observed-label_auc,0.6241658530311245,0.5204620057387112,0.7337636143487284,21,2016,development,2016,21,"[2006, 2012, 2014]",m1_20260926T160821Z_a181f6c
slope_neg,cell_gate,URBAN,ALL,observed-label_auc,0.7337565547981122,0.5649,0.8177,160,2016,development,2016,21,"[2006, 2012, 2014]",m1_20260926T160821Z_a181f6c
slope_neg,cluster_gate,URBAN,ALL,observed-label_auc,0.6979,0.5709,0.823,6,2016,development,2016,21,"[2006, 2012, 2014]",m1_20260926T160821Z_a181f6c
slope_neg,cell_gate,URBAN,ALL,capture_0.2,0.5687,,,160,2016,development,2016,21,"[2006, 2012, 2014]",m1_20260926T160821Z_a181f6c
slope_neg,object,URBAN,ALL,capture_0.2,0.4849944100259006,,,20,2016,development,2016,21,"[2006, 2012, 2014]",m1_20260926T160821Z_a181f6c
relelev_neg,cell_gate,URBAN,ALL,observed-label_auc,0.4837513109596224,0.3654,0.6778,160,2016,development,2016,21,"[2006, 2012, 2014]",m1_20260926T160821Z_a181f6c
relelev_neg,cluster_gate,URBAN,ALL,observed-label_auc,0.5123,0.3636,0.6491,6,2016,development,2016,21,"[2006, 2012, 2014]",m1_20260926T160821Z_a181f6c
relelev_neg,cell_gate,URBAN,ALL,capture_0.2,0.0563,,,160,2016,development,2016,21,"[2006, 2012, 2014]",m1_20260926T160821Z_a181f6c
relelev_neg,object,URBAN,ALL,capture_0.2,0.07225739087845927,,,20,2016,development,2016,21,"[2006, 2012, 2014]",m1_20260926T160821Z_a181f6c
twi,cell_gate,URBAN,ALL,observed-label_auc,0.6671542343995805,0.5482,0.7196,160,2016,development,2016,21,"[2006, 2012, 2014]",m1_20260926T160821Z_a181f6c
twi,cluster_gate,URBAN,ALL,observed-label_auc,0.6586,0.5509,0.7524,6,2016,development,2016,21,"[2006, 2012, 2014]",m1_20260926T160821Z_a181f6c
twi,cell_gate,URBAN,ALL,capture_0.2,0.3438,,,160,2016,development,2016,21,"[2006, 2012, 2014]",m1_20260926T160821Z_a181f6c
twi,object,URBAN,ALL,capture_0.2,0.2946839289197817,,,20,2016,development,2016,21,"[2006, 2012, 2014]",m1_20260926T160821Z_a181f6c
impervious,cell_gate,URBAN,ALL,observed-label_auc,0.5790095700052439,0.5106,0.6296,160,2016,development,2016,21,"[2006, 2012, 2014]",m1_20260926T160821Z_a181f6c
impervious,cluster_gate,URBAN,ALL,observed-label_auc,0.5502,0.4434,0.6358,6,2016,development,2016,21,"[2006, 2012, 2014]",m1_20260926T160821Z_a181f6c
impervious,cell_gate,URBAN,ALL,capture_0.2,0.2687,,,160,2016,development,2016,21,"[2006, 2012, 2014]",m1_20260926T160821Z_a181f6c
impervious,object,URBAN,ALL,capture_0.2,0.17035468058592806,,,20,2016,development,2016,21,"[2006, 2012, 2014]",m1_20260926T160821Z_a181f6c
hand_neg,cell_gate,URBAN,ALL,observed-label_auc,0.8061916622968013,0.7043,0.8527,160,2016,development,2016,21,"[2006, 2012, 2014]",m1_20260926T160821Z_a181f6c
hand_neg,cluster_gate,URBAN,ALL,observed-label_auc,0.7707,0.7043,0.8287,6,2016,development,2016,21,"[2006, 2012, 2014]",m1_20260926T160821Z_a181f6c
hand_neg,cell_gate,URBAN,ALL,capture_0.2,0.675,,,160,2016,development,2016,21,"[2006, 2012, 2014]",m1_20260926T160821Z_a181f6c
hand_neg,object,URBAN,ALL,capture_0.2,0.5666575919402027,,,20,2016,development,2016,21,"[2006, 2012, 2014]",m1_20260926T160821Z_a181f6c
hand_acc_neg,cell_gate,URBAN,ALL,observed-label_auc,0.772975878342947,0.7159,0.8022,160,2016,development,2016,21,"[2006, 2012, 2014]",m1_20260926T160821Z_a181f6c
hand_acc_neg,cluster_gate,URBAN,ALL,observed-label_auc,0.7647,0.7024,0.8132,6,2016,development,2016,21,"[2006, 2012, 2014]",m1_20260926T160821Z_a181f6c
hand_acc_neg,cell_gate,URBAN,ALL,capture_0.2,0.3937,,,160,2016,development,2016,21,"[2006, 2012, 2014]",m1_20260926T160821Z_a181f6c
hand_acc_neg,object,URBAN,ALL,capture_0.2,0.3694199504335065,,,20,2016,development,2016,21,"[2006, 2012, 2014]",m1_20260926T160821Z_a181f6c
L1,cell_gate,URBAN,ALL,observed-label_auc,0.6355191400104877,0.522,0.7563,160,2016,development,2016,21,"[2006, 2012, 2014]",m1_20260926T160821Z_a181f6c
L1,cluster_gate,URBAN,ALL,observed-label_auc,0.676,0.5291,0.8361,6,2016,development,2016,21,"[2006, 2012, 2014]",m1_20260926T160821Z_a181f6c
L1,cell_gate,URBAN,ALL,capture_0.2,0.2437,,,160,2016,development,2016,21,"[2006, 2012, 2014]",m1_20260926T160821Z_a181f6c
L1,object,URBAN,ALL,capture_0.2,0.29559717246370254,,,20,2016,development,2016,21,"[2006, 2012, 2014]",m1_20260926T160821Z_a181f6c
z_sensitivity,cell_gate,URBAN,ALL,observed-label_auc,0.7570470634504457,0.6664,0.8218,160,2016,development,2016,21,"[2006, 2012, 2014]",m1_20260926T160821Z_a181f6c
z_sensitivity,cluster_gate,URBAN,ALL,observed-label_auc,0.7712,0.6787,0.8634,6,2016,development,2016,21,"[2006, 2012, 2014]",m1_20260926T160821Z_a181f6c
z_sensitivity,cell_gate,URBAN,ALL,capture_0.2,0.4688,,,160,2016,development,2016,21,"[2006, 2012, 2014]",m1_20260926T160821Z_a181f6c
z_sensitivity,object,URBAN,ALL,capture_0.2,0.5311668006879786,,,20,2016,development,2016,21,"[2006, 2012, 2014]",m1_20260926T160821Z_a181f6c
rf_F1_wf,cell_gate,URBAN,ALL,observed-label_auc,0.7366229680125852,0.6399,0.7888,160,2016,development,2016,21,"[2006, 2012, 2014]",m1_20260926T160821Z_a181f6c
rf_F1_wf,cluster_gate,URBAN,ALL,observed-label_auc,0.7511,0.6336,0.8567,6,2016,development,2016,21,"[2006, 2012, 2014]",m1_20260926T160821Z_a181f6c
rf_F1_wf,cell_gate,URBAN,ALL,capture_0.2,0.525,,,160,2016,development,2016,21,"[2006, 2012, 2014]",m1_20260926T160821Z_a181f6c
rf_F1_wf,object,URBAN,ALL,capture_0.2,0.5412882282743193,,,20,2016,development,2016,21,"[2006, 2012, 2014]",m1_20260926T160821Z_a181f6c
logit_F1_wf,cell_gate,URBAN,ALL,observed-label_auc,0.6084281594126901,0.5036,0.6618,160,2016,development,2016,21,"[2006, 2012, 2014]",m1_20260926T160821Z_a181f6c
logit_F1_wf,cluster_gate,URBAN,ALL,observed-label_auc,0.6198,0.5005,0.7221,6,2016,development,2016,21,"[2006, 2012, 2014]",m1_20260926T160821Z_a181f6c
logit_F1_wf,cell_gate,URBAN,ALL,capture_0.2,0.3,,,160,2016,development,2016,21,"[2006, 2012, 2014]",m1_20260926T160821Z_a181f6c
logit_F1_wf,object,URBAN,ALL,capture_0.2,0.4123680857996518,,,20,2016,development,2016,21,"[2006, 2012, 2014]",m1_20260926T160821Z_a181f6c
slope_neg,object,URBAN,ALL,observed-label_auc,0.6857883149412167,0.5705948579782187,0.7827972460906851,20,2016,development,2016,21,"[2006, 2012, 2014]",m1_20260926T160821Z_a181f6c
relelev_neg,object,URBAN,ALL,observed-label_auc,0.5090409632661783,0.42345312625167314,0.5851649843895331,20,2016,development,2016,21,"[2006, 2012, 2014]",m1_20260926T160821Z_a181f6c
twi,object,URBAN,ALL,observed-label_auc,0.6424440366118314,0.5492041288218016,0.7228150724904454,20,2016,development,2016,21,"[2006, 2012, 2014]",m1_20260926T160821Z_a181f6c
impervious,object,URBAN,ALL,observed-label_auc,0.5581188720843536,0.46450538386595785,0.6380197482306647,20,2016,development,2016,21,"[2006, 2012, 2014]",m1_20260926T160821Z_a181f6c
hand_neg,object,URBAN,ALL,observed-label_auc,0.7819168938308264,0.7208294883973214,0.833599696527288,20,2016,development,2016,21,"[2006, 2012, 2014]",m1_20260926T160821Z_a181f6c
hand_acc_neg,object,URBAN,ALL,observed-label_auc,0.769218020828135,0.7099038494397997,0.8193493738961531,20,2016,development,2016,21,"[2006, 2012, 2014]",m1_20260926T160821Z_a181f6c
L1,object,URBAN,ALL,observed-label_auc,0.6504779013376124,0.5613757180555274,0.7391293383218964,20,2016,development,2016,21,"[2006, 2012, 2014]",m1_20260926T160821Z_a181f6c
z_sensitivity,object,URBAN,ALL,observed-label_auc,0.7779858381768439,0.7051746764503444,0.839689778447847,20,2016,development,2016,21,"[2006, 2012, 2014]",m1_20260926T160821Z_a181f6c
rf_F1_wf,object,URBAN,ALL,observed-label_auc,0.7440239396265853,0.639969457454649,0.8270356183633353,20,2016,development,2016,21,"[2006, 2012, 2014]",m1_20260926T160821Z_a181f6c
logit_F1_wf,object,URBAN,ALL,observed-label_auc,0.6272278371055899,0.5175837044362648,0.732083937792277,20,2016,development,2016,21,"[2006, 2012, 2014]",m1_20260926T160821Z_a181f6c
slope_neg,cell_gate,AGRI,ALL,observed-label_auc,0.8307131901840491,0.8307,0.8307,1,2016,development,2016,21,"[2006, 2012, 2014]",m1_20260926T160821Z_a181f6c
slope_neg,cluster_gate,AGRI,ALL,observed-label_auc,0.8307,0.8307,0.8307,1,2016,development,2016,21,"[2006, 2012, 2014]",m1_20260926T160821Z_a181f6c
slope_neg,cell_gate,AGRI,ALL,capture_0.2,1.0,,,1,2016,development,2016,21,"[2006, 2012, 2014]",m1_20260926T160821Z_a181f6c
slope_neg,object,AGRI,ALL,capture_0.2,1.0,,,1,2016,development,2016,21,"[2006, 2012, 2014]",m1_20260926T160821Z_a181f6c
relelev_neg,cell_gate,AGRI,ALL,observed-label_auc,0.6923888036809815,0.6924,0.6924,1,2016,development,2016,21,"[2006, 2012, 2014]",m1_20260926T160821Z_a181f6c
relelev_neg,cluster_gate,AGRI,ALL,observed-label_auc,0.6924,0.6924,0.6924,1,2016,development,2016,21,"[2006, 2012, 2014]",m1_20260926T160821Z_a181f6c
relelev_neg,cell_gate,AGRI,ALL,capture_0.2,0.0,,,1,2016,development,2016,21,"[2006, 2012, 2014]",m1_20260926T160821Z_a181f6c
relelev_neg,object,AGRI,ALL,capture_0.2,0.0,,,1,2016,development,2016,21,"[2006, 2012, 2014]",m1_20260926T160821Z_a181f6c
twi,cell_gate,AGRI,ALL,observed-label_auc,0.9760832055214724,0.9761,0.9761,1,2016,development,2016,21,"[2006, 2012, 2014]",m1_20260926T160821Z_a181f6c
twi,cluster_gate,AGRI,ALL,observed-label_auc,0.9761,0.9761,0.9761,1,2016,development,2016,21,"[2006, 2012, 2014]",m1_20260926T160821Z_a181f6c
twi,cell_gate,AGRI,ALL,capture_0.2,1.0,,,1,2016,development,2016,21,"[2006, 2012, 2014]",m1_20260926T160821Z_a181f6c
twi,object,AGRI,ALL,capture_0.2,1.0,,,1,2016,development,2016,21,"[2006, 2012, 2014]",m1_20260926T160821Z_a181f6c
impervious,cell_gate,AGRI,ALL,observed-label_auc,0.9838477760736196,0.9838,0.9838,1,2016,development,2016,21,"[2006, 2012, 2014]",m1_20260926T160821Z_a181f6c
impervious,cluster_gate,AGRI,ALL,observed-label_auc,0.9838,0.9838,0.9838,1,2016,development,2016,21,"[2006, 2012, 2014]",m1_20260926T160821Z_a181f6c
impervious,cell_gate,AGRI,ALL,capture_0.2,1.0,,,1,2016,development,2016,21,"[2006, 2012, 2014]",m1_20260926T160821Z_a181f6c
impervious,object,AGRI,ALL,capture_0.2,1.0,,,1,2016,development,2016,21,"[2006, 2012, 2014]",m1_20260926T160821Z_a181f6c
hand_neg,cell_gate,AGRI,ALL,observed-label_auc,0.5522910276073619,0.5523,0.5523,1,2016,development,2016,21,"[2006, 2012, 2014]",m1_20260926T160821Z_a181f6c
hand_neg,cluster_gate,AGRI,ALL,observed-label_auc,0.5523,0.5523,0.5523,1,2016,development,2016,21,"[2006, 2012, 2014]",m1_20260926T160821Z_a181f6c
hand_neg,cell_gate,AGRI,ALL,capture_0.2,0.0,,,1,2016,development,2016,21,"[2006, 2012, 2014]",m1_20260926T160821Z_a181f6c
hand_neg,object,AGRI,ALL,capture_0.2,0.0,,,1,2016,development,2016,21,"[2006, 2012, 2014]",m1_20260926T160821Z_a181f6c
hand_acc_neg,cell_gate,AGRI,ALL,observed-label_auc,0.79826495398773,0.7983,0.7983,1,2016,development,2016,21,"[2006, 2012, 2014]",m1_20260926T160821Z_a181f6c
hand_acc_neg,cluster_gate,AGRI,ALL,observed-label_auc,0.7983,0.7983,0.7983,1,2016,development,2016,21,"[2006, 2012, 2014]",m1_20260926T160821Z_a181f6c
hand_acc_neg,cell_gate,AGRI,ALL,capture_0.2,1.0,,,1,2016,development,2016,21,"[2006, 2012, 2014]",m1_20260926T160821Z_a181f6c
hand_acc_neg,object,AGRI,ALL,capture_0.2,1.0,,,1,2016,development,2016,21,"[2006, 2012, 2014]",m1_20260926T160821Z_a181f6c
L1,cell_gate,AGRI,ALL,observed-label_auc,0.8243865030674846,0.8244,0.8244,1,2016,development,2016,21,"[2006, 2012, 2014]",m1_20260926T160821Z_a181f6c
L1,cluster_gate,AGRI,ALL,observed-label_auc,0.8244,0.8244,0.8244,1,2016,development,2016,21,"[2006, 2012, 2014]",m1_20260926T160821Z_a181f6c
L1,cell_gate,AGRI,ALL,capture_0.2,1.0,,,1,2016,development,2016,21,"[2006, 2012, 2014]",m1_20260926T160821Z_a181f6c
L1,object,AGRI,ALL,capture_0.2,1.0,,,1,2016,development,2016,21,"[2006, 2012, 2014]",m1_20260926T160821Z_a181f6c
z_sensitivity,cell_gate,AGRI,ALL,observed-label_auc,0.9667369631901841,0.9667,0.9667,1,2016,development,2016,21,"[2006, 2012, 2014]",m1_20260926T160821Z_a181f6c
z_sensitivity,cluster_gate,AGRI,ALL,observed-label_auc,0.9667,0.9667,0.9667,1,2016,development,2016,21,"[2006, 2012, 2014]",m1_20260926T160821Z_a181f6c
z_sensitivity,cell_gate,AGRI,ALL,capture_0.2,1.0,,,1,2016,development,2016,21,"[2006, 2012, 2014]",m1_20260926T160821Z_a181f6c
z_sensitivity,object,AGRI,ALL,capture_0.2,1.0,,,1,2016,development,2016,21,"[2006, 2012, 2014]",m1_20260926T160821Z_a181f6c
rf_F1_wf,cell_gate,AGRI,ALL,observed-label_auc,0.9999041411042945,0.9999,0.9999,1,2016,development,2016,21,"[2006, 2012, 2014]",m1_20260926T160821Z_a181f6c
rf_F1_wf,cluster_gate,AGRI,ALL,observed-label_auc,0.9999,0.9999,0.9999,1,2016,development,2016,21,"[2006, 2012, 2014]",m1_20260926T160821Z_a181f6c
rf_F1_wf,cell_gate,AGRI,ALL,capture_0.2,1.0,,,1,2016,development,2016,21,"[2006, 2012, 2014]",m1_20260926T160821Z_a181f6c
rf_F1_wf,object,AGRI,ALL,capture_0.2,1.0,,,1,2016,development,2016,21,"[2006, 2012, 2014]",m1_20260926T160821Z_a181f6c
logit_F1_wf,cell_gate,AGRI,ALL,observed-label_auc,0.9969325153374233,0.9969,0.9969,1,2016,development,2016,21,"[2006, 2012, 2014]",m1_20260926T160821Z_a181f6c
logit_F1_wf,cluster_gate,AGRI,ALL,observed-label_auc,0.9969,0.9969,0.9969,1,2016,development,2016,21,"[2006, 2012, 2014]",m1_20260926T160821Z_a181f6c
logit_F1_wf,cell_gate,AGRI,ALL,capture_0.2,1.0,,,1,2016,development,2016,21,"[2006, 2012, 2014]",m1_20260926T160821Z_a181f6c
logit_F1_wf,object,AGRI,ALL,capture_0.2,1.0,,,1,2016,development,2016,21,"[2006, 2012, 2014]",m1_20260926T160821Z_a181f6c
slope_neg,object,AGRI,ALL,observed-label_auc,0.8680874929893437,0.8680874929893437,0.8680874929893437,1,2016,development,2016,21,"[2006, 2012, 2014]",m1_20260926T160821Z_a181f6c
relelev_neg,object,AGRI,ALL,observed-label_auc,0.6598990465507572,0.6598990465507572,0.6598990465507572,1,2016,development,2016,21,"[2006, 2012, 2014]",m1_20260926T160821Z_a181f6c
twi,object,AGRI,ALL,observed-label_auc,0.9762759394279305,0.9762759394279305,0.9762759394279305,1,2016,development,2016,21,"[2006, 2012, 2014]",m1_20260926T160821Z_a181f6c
impervious,object,AGRI,ALL,observed-label_auc,0.983510936623668,0.983510936623668,0.983510936623668,1,2016,development,2016,21,"[2006, 2012, 2014]",m1_20260926T160821Z_a181f6c
hand_neg,object,AGRI,ALL,observed-label_auc,0.6246214245653393,0.6246214245653393,0.6246214245653393,1,2016,development,2016,21,"[2006, 2012, 2014]",m1_20260926T160821Z_a181f6c
hand_acc_neg,object,AGRI,ALL,observed-label_auc,0.8258553000560851,0.8258553000560851,0.8258553000560851,1,2016,development,2016,21,"[2006, 2012, 2014]",m1_20260926T160821Z_a181f6c
L1,object,AGRI,ALL,observed-label_auc,0.8049355019629837,0.8049355019629837,0.8049355019629837,1,2016,development,2016,21,"[2006, 2012, 2014]",m1_20260926T160821Z_a181f6c
z_sensitivity,object,AGRI,ALL,observed-label_auc,0.9628715647784633,0.9628715647784633,0.9628715647784633,1,2016,development,2016,21,"[2006, 2012, 2014]",m1_20260926T160821Z_a181f6c
rf_F1_wf,object,AGRI,ALL,observed-label_auc,1.0,1.0,1.0,1,2016,development,2016,21,"[2006, 2012, 2014]",m1_20260926T160821Z_a181f6c
logit_F1_wf,object,AGRI,ALL,observed-label_auc,0.9964105440269209,0.9964105440269209,0.9964105440269209,1,2016,development,2016,21,"[2006, 2012, 2014]",m1_20260926T160821Z_a181f6c
slope_neg,cell_gate,UNIVERSE,ALL,observed-label_auc,0.8245689266046764,0.6325,0.913,132,2016,development,2016,21,"[2006, 2012, 2014]",m1_20260926T160821Z_a181f6c
slope_neg,cluster_gate,UNIVERSE,ALL,observed-label_auc,0.7968,0.6672,0.9084,6,2016,development,2016,21,"[2006, 2012, 2014]",m1_20260926T160821Z_a181f6c
slope_neg,cell_gate,UNIVERSE,ALL,capture_0.2,0.75,,,132,2016,development,2016,21,"[2006, 2012, 2014]",m1_20260926T160821Z_a181f6c
slope_neg,object,UNIVERSE,ALL,capture_0.2,0.7267442659364736,,,20,2016,development,2016,21,"[2006, 2012, 2014]",m1_20260926T160821Z_a181f6c
relelev_neg,cell_gate,UNIVERSE,ALL,observed-label_auc,0.4017859829677109,0.3157,0.5322,132,2016,development,2016,21,"[2006, 2012, 2014]",m1_20260926T160821Z_a181f6c
relelev_neg,cluster_gate,UNIVERSE,ALL,observed-label_auc,0.4025,0.2961,0.5089,6,2016,development,2016,21,"[2006, 2012, 2014]",m1_20260926T160821Z_a181f6c
relelev_neg,cell_gate,UNIVERSE,ALL,capture_0.2,0.0,,,132,2016,development,2016,21,"[2006, 2012, 2014]",m1_20260926T160821Z_a181f6c
relelev_neg,object,UNIVERSE,ALL,capture_0.2,0.0,,,20,2016,development,2016,21,"[2006, 2012, 2014]",m1_20260926T160821Z_a181f6c
twi,cell_gate,UNIVERSE,ALL,observed-label_auc,0.7344557792422738,0.5739,0.8039,132,2016,development,2016,21,"[2006, 2012, 2014]",m1_20260926T160821Z_a181f6c
twi,cluster_gate,UNIVERSE,ALL,observed-label_auc,0.7214,0.6089,0.8163,6,2016,development,2016,21,"[2006, 2012, 2014]",m1_20260926T160821Z_a181f6c
twi,cell_gate,UNIVERSE,ALL,capture_0.2,0.4545,,,132,2016,development,2016,21,"[2006, 2012, 2014]",m1_20260926T160821Z_a181f6c
twi,object,UNIVERSE,ALL,capture_0.2,0.42264591756308373,,,20,2016,development,2016,21,"[2006, 2012, 2014]",m1_20260926T160821Z_a181f6c
impervious,cell_gate,UNIVERSE,ALL,observed-label_auc,0.7685301375221931,0.7162,0.7901,132,2016,development,2016,21,"[2006, 2012, 2014]",m1_20260926T160821Z_a181f6c
impervious,cluster_gate,UNIVERSE,ALL,observed-label_auc,0.7342,0.6768,0.7831,6,2016,development,2016,21,"[2006, 2012, 2014]",m1_20260926T160821Z_a181f6c
impervious,cell_gate,UNIVERSE,ALL,capture_0.2,0.4924,,,132,2016,development,2016,21,"[2006, 2012, 2014]",m1_20260926T160821Z_a181f6c
impervious,object,UNIVERSE,ALL,capture_0.2,0.34512892150315994,,,20,2016,development,2016,21,"[2006, 2012, 2014]",m1_20260926T160821Z_a181f6c
hand_neg,cell_gate,UNIVERSE,ALL,observed-label_auc,0.8054136198128253,0.7114,0.8466,132,2016,development,2016,21,"[2006, 2012, 2014]",m1_20260926T160821Z_a181f6c
hand_neg,cluster_gate,UNIVERSE,ALL,observed-label_auc,0.7767,0.728,0.8219,6,2016,development,2016,21,"[2006, 2012, 2014]",m1_20260926T160821Z_a181f6c
hand_neg,cell_gate,UNIVERSE,ALL,capture_0.2,0.6591,,,132,2016,development,2016,21,"[2006, 2012, 2014]",m1_20260926T160821Z_a181f6c
hand_neg,object,UNIVERSE,ALL,capture_0.2,0.529003812034528,,,20,2016,development,2016,21,"[2006, 2012, 2014]",m1_20260926T160821Z_a181f6c
hand_acc_neg,cell_gate,UNIVERSE,ALL,observed-label_auc,0.8169728566699769,0.7557,0.8476,132,2016,development,2016,21,"[2006, 2012, 2014]",m1_20260926T160821Z_a181f6c
hand_acc_neg,cluster_gate,UNIVERSE,ALL,observed-label_auc,0.8118,0.7621,0.8551,6,2016,development,2016,21,"[2006, 2012, 2014]",m1_20260926T160821Z_a181f6c
hand_acc_neg,cell_gate,UNIVERSE,ALL,capture_0.2,0.7273,,,132,2016,development,2016,21,"[2006, 2012, 2014]",m1_20260926T160821Z_a181f6c
hand_acc_neg,object,UNIVERSE,ALL,capture_0.2,0.7158060878118734,,,20,2016,development,2016,21,"[2006, 2012, 2014]",m1_20260926T160821Z_a181f6c
L1,cell_gate,UNIVERSE,ALL,observed-label_auc,0.7502061328277813,0.648,0.8494,132,2016,development,2016,21,"[2006, 2012, 2014]",m1_20260926T160821Z_a181f6c
L1,cluster_gate,UNIVERSE,ALL,observed-label_auc,0.784,0.6676,0.8961,6,2016,development,2016,21,"[2006, 2012, 2014]",m1_20260926T160821Z_a181f6c
L1,cell_gate,UNIVERSE,ALL,capture_0.2,0.4242,,,132,2016,development,2016,21,"[2006, 2012, 2014]",m1_20260926T160821Z_a181f6c
L1,object,UNIVERSE,ALL,capture_0.2,0.4741018409415167,,,20,2016,development,2016,21,"[2006, 2012, 2014]",m1_20260926T160821Z_a181f6c
z_sensitivity,cell_gate,UNIVERSE,ALL,observed-label_auc,0.8443095302578917,0.7671,0.8861,132,2016,development,2016,21,"[2006, 2012, 2014]",m1_20260926T160821Z_a181f6c
z_sensitivity,cluster_gate,UNIVERSE,ALL,observed-label_auc,0.8386,0.7738,0.9083,6,2016,development,2016,21,"[2006, 2012, 2014]",m1_20260926T160821Z_a181f6c
z_sensitivity,cell_gate,UNIVERSE,ALL,capture_0.2,0.7045,,,132,2016,development,2016,21,"[2006, 2012, 2014]",m1_20260926T160821Z_a181f6c
z_sensitivity,object,UNIVERSE,ALL,capture_0.2,0.698519183681238,,,20,2016,development,2016,21,"[2006, 2012, 2014]",m1_20260926T160821Z_a181f6c
rf_F1_wf,cell_gate,UNIVERSE,ALL,observed-label_auc,0.8295292798892601,0.7153,0.8757,132,2016,development,2016,21,"[2006, 2012, 2014]",m1_20260926T160821Z_a181f6c
rf_F1_wf,cluster_gate,UNIVERSE,ALL,observed-label_auc,0.8237,0.7253,0.9041,6,2016,development,2016,21,"[2006, 2012, 2014]",m1_20260926T160821Z_a181f6c
rf_F1_wf,cell_gate,UNIVERSE,ALL,capture_0.2,0.7576,,,132,2016,development,2016,21,"[2006, 2012, 2014]",m1_20260926T160821Z_a181f6c
rf_F1_wf,object,UNIVERSE,ALL,capture_0.2,0.7545027278817502,,,20,2016,development,2016,21,"[2006, 2012, 2014]",m1_20260926T160821Z_a181f6c
logit_F1_wf,cell_gate,UNIVERSE,ALL,observed-label_auc,0.7068324757004002,0.5906,0.7634,132,2016,development,2016,21,"[2006, 2012, 2014]",m1_20260926T160821Z_a181f6c
logit_F1_wf,cluster_gate,UNIVERSE,ALL,observed-label_auc,0.7055,0.6002,0.7996,6,2016,development,2016,21,"[2006, 2012, 2014]",m1_20260926T160821Z_a181f6c
logit_F1_wf,cell_gate,UNIVERSE,ALL,capture_0.2,0.4167,,,132,2016,development,2016,21,"[2006, 2012, 2014]",m1_20260926T160821Z_a181f6c
logit_F1_wf,object,UNIVERSE,ALL,capture_0.2,0.48517348721316755,,,20,2016,development,2016,21,"[2006, 2012, 2014]",m1_20260926T160821Z_a181f6c
slope_neg,object,UNIVERSE,ALL,observed-label_auc,0.7931679978765962,0.6736490979273377,0.8908911881230706,20,2016,development,2016,21,"[2006, 2012, 2014]",m1_20260926T160821Z_a181f6c
relelev_neg,object,UNIVERSE,ALL,observed-label_auc,0.41228516407547167,0.34734775793292116,0.4705698786997574,20,2016,development,2016,21,"[2006, 2012, 2014]",m1_20260926T160821Z_a181f6c
twi,object,UNIVERSE,ALL,observed-label_auc,0.7063999161411434,0.6022139192960482,0.7963555457215837,20,2016,development,2016,21,"[2006, 2012, 2014]",m1_20260926T160821Z_a181f6c
impervious,object,UNIVERSE,ALL,observed-label_auc,0.7278499514302574,0.6709138410539559,0.7811673569000992,20,2016,development,2016,21,"[2006, 2012, 2014]",m1_20260926T160821Z_a181f6c
hand_neg,object,UNIVERSE,ALL,observed-label_auc,0.7915147257799665,0.7417236899852453,0.8341749387939059,20,2016,development,2016,21,"[2006, 2012, 2014]",m1_20260926T160821Z_a181f6c
hand_acc_neg,object,UNIVERSE,ALL,observed-label_auc,0.816079984944636,0.7631233613663314,0.8601788157971273,20,2016,development,2016,21,"[2006, 2012, 2014]",m1_20260926T160821Z_a181f6c
L1,object,UNIVERSE,ALL,observed-label_auc,0.7512889505240665,0.6683081320551401,0.8299751959502865,20,2016,development,2016,21,"[2006, 2012, 2014]",m1_20260926T160821Z_a181f6c
z_sensitivity,object,UNIVERSE,ALL,observed-label_auc,0.8422748418768793,0.7869718223742328,0.8963023944156996,20,2016,development,2016,21,"[2006, 2012, 2014]",m1_20260926T160821Z_a181f6c
rf_F1_wf,object,UNIVERSE,ALL,observed-label_auc,0.8428646285372897,0.7716815199385124,0.9050476504977542,20,2016,development,2016,21,"[2006, 2012, 2014]",m1_20260926T160821Z_a181f6c
logit_F1_wf,object,UNIVERSE,ALL,observed-label_auc,0.7174910401679746,0.6240916063821311,0.8032757078381122,20,2016,development,2016,21,"[2006, 2012, 2014]",m1_20260926T160821Z_a181f6c
slope_neg,cell_gate,ALL,ALL,observed-label_auc,0.9131891249279496,0.7921,0.9244,56,2019,development,2019,7,"[2006, 2012, 2014, 2016]",m1_20260926T160821Z_a181f6c
slope_neg,cluster_gate,ALL,ALL,observed-label_auc,0.8676,0.7921,0.9244,3,2019,development,2019,7,"[2006, 2012, 2014, 2016]",m1_20260926T160821Z_a181f6c
slope_neg,cell_gate,ALL,ALL,capture_0.2,0.9286,,,56,2019,development,2019,7,"[2006, 2012, 2014, 2016]",m1_20260926T160821Z_a181f6c
slope_neg,object,ALL,ALL,capture_0.2,0.5608191553154864,,,7,2019,development,2019,7,"[2006, 2012, 2014, 2016]",m1_20260926T160821Z_a181f6c
relelev_neg,cell_gate,ALL,ALL,observed-label_auc,0.526207177365531,0.5062,0.6818,56,2019,development,2019,7,"[2006, 2012, 2014, 2016]",m1_20260926T160821Z_a181f6c
relelev_neg,cluster_gate,ALL,ALL,observed-label_auc,0.589,0.5062,0.6818,3,2019,development,2019,7,"[2006, 2012, 2014, 2016]",m1_20260926T160821Z_a181f6c
relelev_neg,cell_gate,ALL,ALL,capture_0.2,0.0,,,56,2019,development,2019,7,"[2006, 2012, 2014, 2016]",m1_20260926T160821Z_a181f6c
relelev_neg,object,ALL,ALL,capture_0.2,0.0,,,7,2019,development,2019,7,"[2006, 2012, 2014, 2016]",m1_20260926T160821Z_a181f6c
twi,cell_gate,ALL,ALL,observed-label_auc,0.8743526122091436,0.6104,0.8846,56,2019,development,2019,7,"[2006, 2012, 2014, 2016]",m1_20260926T160821Z_a181f6c
twi,cluster_gate,ALL,ALL,observed-label_auc,0.7908,0.6104,0.8846,3,2019,development,2019,7,"[2006, 2012, 2014, 2016]",m1_20260926T160821Z_a181f6c
twi,cell_gate,ALL,ALL,capture_0.2,0.7679,,,56,2019,development,2019,7,"[2006, 2012, 2014, 2016]",m1_20260926T160821Z_a181f6c
twi,object,ALL,ALL,capture_0.2,0.5774159866415082,,,7,2019,development,2019,7,"[2006, 2012, 2014, 2016]",m1_20260926T160821Z_a181f6c
impervious,cell_gate,ALL,ALL,observed-label_auc,0.9416982440539393,0.9155,0.9487,56,2019,development,2019,7,"[2006, 2012, 2014, 2016]",m1_20260926T160821Z_a181f6c
impervious,cluster_gate,ALL,ALL,observed-label_auc,0.9348,0.9155,0.9487,3,2019,development,2019,7,"[2006, 2012, 2014, 2016]",m1_20260926T160821Z_a181f6c
impervious,cell_gate,ALL,ALL,capture_0.2,1.0,,,56,2019,development,2019,7,"[2006, 2012, 2014, 2016]",m1_20260926T160821Z_a181f6c
impervious,object,ALL,ALL,capture_0.2,0.9999862376941694,,,7,2019,development,2019,7,"[2006, 2012, 2014, 2016]",m1_20260926T160821Z_a181f6c
hand_neg,cell_gate,ALL,ALL,observed-label_auc,0.833115799343203,0.5308,0.8451,56,2019,development,2019,7,"[2006, 2012, 2014, 2016]",m1_20260926T160821Z_a181f6c
hand_neg,cluster_gate,ALL,ALL,observed-label_auc,0.7312,0.5308,0.8451,3,2019,development,2019,7,"[2006, 2012, 2014, 2016]",m1_20260926T160821Z_a181f6c
hand_neg,cell_gate,ALL,ALL,capture_0.2,0.8929,,,56,2019,development,2019,7,"[2006, 2012, 2014, 2016]",m1_20260926T160821Z_a181f6c
hand_neg,object,ALL,ALL,capture_0.2,0.5267790236101401,,,7,2019,development,2019,7,"[2006, 2012, 2014, 2016]",m1_20260926T160821Z_a181f6c
hand_acc_neg,cell_gate,ALL,ALL,observed-label_auc,0.8878477383733276,0.6514,0.8989,56,2019,development,2019,7,"[2006, 2012, 2014, 2016]",m1_20260926T160821Z_a181f6c
hand_acc_neg,cluster_gate,ALL,ALL,observed-label_auc,0.8069,0.6514,0.8989,3,2019,development,2019,7,"[2006, 2012, 2014, 2016]",m1_20260926T160821Z_a181f6c
hand_acc_neg,cell_gate,ALL,ALL,capture_0.2,0.9643,,,56,2019,development,2019,7,"[2006, 2012, 2014, 2016]",m1_20260926T160821Z_a181f6c
hand_acc_neg,object,ALL,ALL,capture_0.2,0.5665618387785061,,,7,2019,development,2019,7,"[2006, 2012, 2014, 2016]",m1_20260926T160821Z_a181f6c
L1,cell_gate,ALL,ALL,observed-label_auc,0.9608919944331523,0.7978,0.9662,56,2019,development,2019,7,"[2006, 2012, 2014, 2016]",m1_20260926T160821Z_a181f6c
L1,cluster_gate,ALL,ALL,observed-label_auc,0.9067,0.7978,0.9662,3,2019,development,2019,7,"[2006, 2012, 2014, 2016]",m1_20260926T160821Z_a181f6c
L1,cell_gate,ALL,ALL,capture_0.2,0.9821,,,56,2019,development,2019,7,"[2006, 2012, 2014, 2016]",m1_20260926T160821Z_a181f6c
L1,object,ALL,ALL,capture_0.2,0.6988923900256243,,,7,2019,development,2019,7,"[2006, 2012, 2014, 2016]",m1_20260926T160821Z_a181f6c
z_sensitivity,cell_gate,ALL,ALL,observed-label_auc,0.9719467660710494,0.8154,0.9771,56,2019,development,2019,7,"[2006, 2012, 2014, 2016]",m1_20260926T160821Z_a181f6c
z_sensitivity,cluster_gate,ALL,ALL,observed-label_auc,0.9222,0.8154,0.9771,3,2019,development,2019,7,"[2006, 2012, 2014, 2016]",m1_20260926T160821Z_a181f6c
z_sensitivity,cell_gate,ALL,ALL,capture_0.2,1.0,,,56,2019,development,2019,7,"[2006, 2012, 2014, 2016]",m1_20260926T160821Z_a181f6c
z_sensitivity,object,ALL,ALL,capture_0.2,1.0,,,7,2019,development,2019,7,"[2006, 2012, 2014, 2016]",m1_20260926T160821Z_a181f6c
rf_F1_wf,cell_gate,ALL,ALL,observed-label_auc,0.9717274150183539,0.7886,0.9761,56,2019,development,2019,7,"[2006, 2012, 2014, 2016]",m1_20260926T160821Z_a181f6c
rf_F1_wf,cluster_gate,ALL,ALL,observed-label_auc,0.9121,0.7886,0.9761,3,2019,development,2019,7,"[2006, 2012, 2014, 2016]",m1_20260926T160821Z_a181f6c
rf_F1_wf,cell_gate,ALL,ALL,capture_0.2,0.9821,,,56,2019,development,2019,7,"[2006, 2012, 2014, 2016]",m1_20260926T160821Z_a181f6c
rf_F1_wf,object,ALL,ALL,capture_0.2,0.6988923900256243,,,7,2019,development,2019,7,"[2006, 2012, 2014, 2016]",m1_20260926T160821Z_a181f6c
logit_F1_wf,cell_gate,ALL,ALL,observed-label_auc,0.9723724327276037,0.7837,0.9777,56,2019,development,2019,7,"[2006, 2012, 2014, 2016]",m1_20260926T160821Z_a181f6c
logit_F1_wf,cluster_gate,ALL,ALL,observed-label_auc,0.9103,0.7837,0.9777,3,2019,development,2019,7,"[2006, 2012, 2014, 2016]",m1_20260926T160821Z_a181f6c
logit_F1_wf,cell_gate,ALL,ALL,capture_0.2,0.9643,,,56,2019,development,2019,7,"[2006, 2012, 2014, 2016]",m1_20260926T160821Z_a181f6c
logit_F1_wf,object,ALL,ALL,capture_0.2,0.6940517895551576,,,7,2019,development,2019,7,"[2006, 2012, 2014, 2016]",m1_20260926T160821Z_a181f6c
slope_neg,object,ALL,ALL,observed-label_auc,0.8795802700696598,0.8379386656266077,0.9274797813225432,7,2019,development,2019,7,"[2006, 2012, 2014, 2016]",m1_20260926T160821Z_a181f6c
relelev_neg,object,ALL,ALL,observed-label_auc,0.5903595700589259,0.5283840581692958,0.6466712018463657,7,2019,development,2019,7,"[2006, 2012, 2014, 2016]",m1_20260926T160821Z_a181f6c
twi,object,ALL,ALL,observed-label_auc,0.8165237912359886,0.7245222575059804,0.8948364183675342,7,2019,development,2019,7,"[2006, 2012, 2014, 2016]",m1_20260926T160821Z_a181f6c
impervious,object,ALL,ALL,observed-label_auc,0.9386460014541973,0.9195244346793822,0.9561163187552746,7,2019,development,2019,7,"[2006, 2012, 2014, 2016]",m1_20260926T160821Z_a181f6c
hand_neg,object,ALL,ALL,observed-label_auc,0.7283186652875268,0.631659262608769,0.8554544745669678,7,2019,development,2019,7,"[2006, 2012, 2014, 2016]",m1_20260926T160821Z_a181f6c
hand_acc_neg,object,ALL,ALL,observed-label_auc,0.8107579038738612,0.734500382447646,0.9056233784795688,7,2019,development,2019,7,"[2006, 2012, 2014, 2016]",m1_20260926T160821Z_a181f6c
L1,object,ALL,ALL,observed-label_auc,0.9075982682132838,0.8528448999256634,0.9630926809654143,7,2019,development,2019,7,"[2006, 2012, 2014, 2016]",m1_20260926T160821Z_a181f6c
z_sensitivity,object,ALL,ALL,observed-label_auc,0.923337503988858,0.8719736694427297,0.9759789866739136,7,2019,development,2019,7,"[2006, 2012, 2014, 2016]",m1_20260926T160821Z_a181f6c
rf_F1_wf,object,ALL,ALL,observed-label_auc,0.9132502124893644,0.8581910502736322,0.9777496420962298,7,2019,development,2019,7,"[2006, 2012, 2014, 2016]",m1_20260926T160821Z_a181f6c
logit_F1_wf,object,ALL,ALL,observed-label_auc,0.9168689560306554,0.8583790549889388,0.9797767119305933,7,2019,development,2019,7,"[2006, 2012, 2014, 2016]",m1_20260926T160821Z_a181f6c
slope_neg,cell_gate,FLAT,ALL,observed-label_auc,0.7284520540869157,0.3154,0.751,55,2019,development,2019,7,"[2006, 2012, 2014, 2016]",m1_20260926T160821Z_a181f6c
slope_neg,cluster_gate,FLAT,ALL,observed-label_auc,0.5834,0.3154,0.751,3,2019,development,2019,7,"[2006, 2012, 2014, 2016]",m1_20260926T160821Z_a181f6c
slope_neg,cell_gate,FLAT,ALL,capture_0.2,0.4727,,,55,2019,development,2019,7,"[2006, 2012, 2014, 2016]",m1_20260926T160821Z_a181f6c
slope_neg,object,FLAT,ALL,capture_0.2,0.2570643235425725,,,7,2019,development,2019,7,"[2006, 2012, 2014, 2016]",m1_20260926T160821Z_a181f6c
relelev_neg,cell_gate,FLAT,ALL,observed-label_auc,0.496282815920912,0.4626,0.7653,55,2019,development,2019,7,"[2006, 2012, 2014, 2016]",m1_20260926T160821Z_a181f6c
relelev_neg,cluster_gate,FLAT,ALL,observed-label_auc,0.6065,0.4626,0.7653,3,2019,development,2019,7,"[2006, 2012, 2014, 2016]",m1_20260926T160821Z_a181f6c
relelev_neg,cell_gate,FLAT,ALL,capture_0.2,0.0,,,55,2019,development,2019,7,"[2006, 2012, 2014, 2016]",m1_20260926T160821Z_a181f6c
relelev_neg,object,FLAT,ALL,capture_0.2,0.0,,,7,2019,development,2019,7,"[2006, 2012, 2014, 2016]",m1_20260926T160821Z_a181f6c
twi,cell_gate,FLAT,ALL,observed-label_auc,0.6586297875383936,0.1006,0.7328,55,2019,development,2019,7,"[2006, 2012, 2014, 2016]",m1_20260926T160821Z_a181f6c
twi,cluster_gate,FLAT,ALL,observed-label_auc,0.4947,0.1006,0.7328,3,2019,development,2019,7,"[2006, 2012, 2014, 2016]",m1_20260926T160821Z_a181f6c
twi,cell_gate,FLAT,ALL,capture_0.2,0.5091,,,55,2019,development,2019,7,"[2006, 2012, 2014, 2016]",m1_20260926T160821Z_a181f6c
twi,object,FLAT,ALL,capture_0.2,0.30207172132162,,,7,2019,development,2019,7,"[2006, 2012, 2014, 2016]",m1_20260926T160821Z_a181f6c
impervious,cell_gate,FLAT,ALL,observed-label_auc,0.8343832573737727,0.7533,0.8563,55,2019,development,2019,7,"[2006, 2012, 2014, 2016]",m1_20260926T160821Z_a181f6c
impervious,cluster_gate,FLAT,ALL,observed-label_auc,0.8132,0.7533,0.8563,3,2019,development,2019,7,"[2006, 2012, 2014, 2016]",m1_20260926T160821Z_a181f6c
impervious,cell_gate,FLAT,ALL,capture_0.2,0.6364,,,55,2019,development,2019,7,"[2006, 2012, 2014, 2016]",m1_20260926T160821Z_a181f6c
impervious,object,FLAT,ALL,capture_0.2,0.506202311369199,,,7,2019,development,2019,7,"[2006, 2012, 2014, 2016]",m1_20260926T160821Z_a181f6c
hand_neg,cell_gate,FLAT,ALL,observed-label_auc,0.5513269413396167,0.0539,0.5752,55,2019,development,2019,7,"[2006, 2012, 2014, 2016]",m1_20260926T160821Z_a181f6c
hand_neg,cluster_gate,FLAT,ALL,observed-label_auc,0.3795,0.0539,0.5752,3,2019,development,2019,7,"[2006, 2012, 2014, 2016]",m1_20260926T160821Z_a181f6c
hand_neg,cell_gate,FLAT,ALL,capture_0.2,0.0,,,55,2019,development,2019,7,"[2006, 2012, 2014, 2016]",m1_20260926T160821Z_a181f6c
hand_neg,object,FLAT,ALL,capture_0.2,0.0,,,7,2019,development,2019,7,"[2006, 2012, 2014, 2016]",m1_20260926T160821Z_a181f6c
hand_acc_neg,cell_gate,FLAT,ALL,observed-label_auc,0.66764758472438,0.1197,0.6925,55,2019,development,2019,7,"[2006, 2012, 2014, 2016]",m1_20260926T160821Z_a181f6c
hand_acc_neg,cluster_gate,FLAT,ALL,observed-label_auc,0.4795,0.1197,0.6925,3,2019,development,2019,7,"[2006, 2012, 2014, 2016]",m1_20260926T160821Z_a181f6c
hand_acc_neg,cell_gate,FLAT,ALL,capture_0.2,0.2545,,,55,2019,development,2019,7,"[2006, 2012, 2014, 2016]",m1_20260926T160821Z_a181f6c
hand_acc_neg,object,FLAT,ALL,capture_0.2,0.17372670262710768,,,7,2019,development,2019,7,"[2006, 2012, 2014, 2016]",m1_20260926T160821Z_a181f6c
L1,cell_gate,FLAT,ALL,observed-label_auc,0.8867957515625683,0.562,0.8981,55,2019,development,2019,7,"[2006, 2012, 2014, 2016]",m1_20260926T160821Z_a181f6c
L1,cluster_gate,FLAT,ALL,observed-label_auc,0.7781,0.562,0.8981,3,2019,development,2019,7,"[2006, 2012, 2014, 2016]",m1_20260926T160821Z_a181f6c
L1,cell_gate,FLAT,ALL,capture_0.2,0.9455,,,55,2019,development,2019,7,"[2006, 2012, 2014, 2016]",m1_20260926T160821Z_a181f6c
L1,object,FLAT,ALL,capture_0.2,0.5616666415987781,,,7,2019,development,2019,7,"[2006, 2012, 2014, 2016]",m1_20260926T160821Z_a181f6c
z_sensitivity,cell_gate,FLAT,ALL,observed-label_auc,0.9159117730034291,0.5062,0.934,55,2019,development,2019,7,"[2006, 2012, 2014, 2016]",m1_20260926T160821Z_a181f6c
z_sensitivity,cluster_gate,FLAT,ALL,observed-label_auc,0.7869,0.5062,0.934,3,2019,development,2019,7,"[2006, 2012, 2014, 2016]",m1_20260926T160821Z_a181f6c
z_sensitivity,cell_gate,FLAT,ALL,capture_0.2,0.9455,,,55,2019,development,2019,7,"[2006, 2012, 2014, 2016]",m1_20260926T160821Z_a181f6c
z_sensitivity,object,FLAT,ALL,capture_0.2,0.5616666415987781,,,7,2019,development,2019,7,"[2006, 2012, 2014, 2016]",m1_20260926T160821Z_a181f6c
rf_F1_wf,cell_gate,FLAT,ALL,observed-label_auc,0.9130083562139159,0.3407,0.9266,55,2019,development,2019,7,"[2006, 2012, 2014, 2016]",m1_20260926T160821Z_a181f6c
rf_F1_wf,cluster_gate,FLAT,ALL,observed-label_auc,0.73,0.3407,0.9266,3,2019,development,2019,7,"[2006, 2012, 2014, 2016]",m1_20260926T160821Z_a181f6c
rf_F1_wf,cell_gate,FLAT,ALL,capture_0.2,0.8545,,,55,2019,development,2019,7,"[2006, 2012, 2014, 2016]",m1_20260926T160821Z_a181f6c
rf_F1_wf,object,FLAT,ALL,capture_0.2,0.5096447287874241,,,7,2019,development,2019,7,"[2006, 2012, 2014, 2016]",m1_20260926T160821Z_a181f6c
logit_F1_wf,cell_gate,FLAT,ALL,observed-label_auc,0.9204367641624515,0.2957,0.9502,55,2019,development,2019,7,"[2006, 2012, 2014, 2016]",m1_20260926T160821Z_a181f6c
logit_F1_wf,cluster_gate,FLAT,ALL,observed-label_auc,0.7243,0.2957,0.9502,3,2019,development,2019,7,"[2006, 2012, 2014, 2016]",m1_20260926T160821Z_a181f6c
logit_F1_wf,cell_gate,FLAT,ALL,capture_0.2,0.9273,,,55,2019,development,2019,7,"[2006, 2012, 2014, 2016]",m1_20260926T160821Z_a181f6c
logit_F1_wf,object,FLAT,ALL,capture_0.2,0.5597284291391287,,,7,2019,development,2019,7,"[2006, 2012, 2014, 2016]",m1_20260926T160821Z_a181f6c
slope_neg,object,FLAT,ALL,observed-label_auc,0.5795963935223164,0.43645761160882424,0.748294522538035,7,2019,development,2019,7,"[2006, 2012, 2014, 2016]",m1_20260926T160821Z_a181f6c
relelev_neg,object,FLAT,ALL,observed-label_auc,0.6027474511101483,0.4928646318533916,0.7021085073552495,7,2019,development,2019,7,"[2006, 2012, 2014, 2016]",m1_20260926T160821Z_a181f6c
twi,object,FLAT,ALL,observed-label_auc,0.515658849098434,0.3159204237495527,0.6921697968088776,7,2019,development,2019,7,"[2006, 2012, 2014, 2016]",m1_20260926T160821Z_a181f6c
impervious,object,FLAT,ALL,observed-label_auc,0.811821613902037,0.7584092120776579,0.8624689348739353,7,2019,development,2019,7,"[2006, 2012, 2014, 2016]",m1_20260926T160821Z_a181f6c
hand_neg,object,FLAT,ALL,observed-label_auc,0.37111928396181987,0.1967609381672353,0.5872118109529021,7,2019,development,2019,7,"[2006, 2012, 2014, 2016]",m1_20260926T160821Z_a181f6c
hand_acc_neg,object,FLAT,ALL,observed-label_auc,0.46896126500042173,0.27997260078623365,0.7002325775930807,7,2019,development,2019,7,"[2006, 2012, 2014, 2016]",m1_20260926T160821Z_a181f6c
L1,object,FLAT,ALL,observed-label_auc,0.7636614427131543,0.6479386771789543,0.8822051399694808,7,2019,development,2019,7,"[2006, 2012, 2014, 2016]",m1_20260926T160821Z_a181f6c
z_sensitivity,object,FLAT,ALL,observed-label_auc,0.7742426716408736,0.6319469248626517,0.9210278147194774,7,2019,development,2019,7,"[2006, 2012, 2014, 2016]",m1_20260926T160821Z_a181f6c
rf_F1_wf,object,FLAT,ALL,observed-label_auc,0.709770931357231,0.5287943555772864,0.9238386411403661,7,2019,development,2019,7,"[2006, 2012, 2014, 2016]",m1_20260926T160821Z_a181f6c
logit_F1_wf,object,FLAT,ALL,observed-label_auc,0.713008431601702,0.5079762075821262,0.9322980577401654,7,2019,development,2019,7,"[2006, 2012, 2014, 2016]",m1_20260926T160821Z_a181f6c
slope_neg,cell_gate,URBAN,ALL,observed-label_auc,0.7756626084693521,0.4004,0.8064,51,2019,development,2019,7,"[2006, 2012, 2014, 2016]",m1_20260926T160821Z_a181f6c
slope_neg,cluster_gate,URBAN,ALL,observed-label_auc,0.6413,0.4004,0.8064,3,2019,development,2019,7,"[2006, 2012, 2014, 2016]",m1_20260926T160821Z_a181f6c
slope_neg,cell_gate,URBAN,ALL,capture_0.2,0.5882,,,51,2019,development,2019,7,"[2006, 2012, 2014, 2016]",m1_20260926T160821Z_a181f6c
slope_neg,object,URBAN,ALL,capture_0.2,0.3463623526700759,,,7,2019,development,2019,7,"[2006, 2012, 2014, 2016]",m1_20260926T160821Z_a181f6c
relelev_neg,cell_gate,URBAN,ALL,observed-label_auc,0.43449955677003277,0.3848,0.7601,51,2019,development,2019,7,"[2006, 2012, 2014, 2016]",m1_20260926T160821Z_a181f6c
relelev_neg,cluster_gate,URBAN,ALL,observed-label_auc,0.5652,0.3848,0.7601,3,2019,development,2019,7,"[2006, 2012, 2014, 2016]",m1_20260926T160821Z_a181f6c
relelev_neg,cell_gate,URBAN,ALL,capture_0.2,0.0,,,51,2019,development,2019,7,"[2006, 2012, 2014, 2016]",m1_20260926T160821Z_a181f6c
relelev_neg,object,URBAN,ALL,capture_0.2,0.0,,,7,2019,development,2019,7,"[2006, 2012, 2014, 2016]",m1_20260926T160821Z_a181f6c
twi,cell_gate,URBAN,ALL,observed-label_auc,0.7063072844235164,0.1521,0.735,51,2019,development,2019,7,"[2006, 2012, 2014, 2016]",m1_20260926T160821Z_a181f6c
twi,cluster_gate,URBAN,ALL,observed-label_auc,0.5328,0.1521,0.735,3,2019,development,2019,7,"[2006, 2012, 2014, 2016]",m1_20260926T160821Z_a181f6c
twi,cell_gate,URBAN,ALL,capture_0.2,0.5098,,,51,2019,development,2019,7,"[2006, 2012, 2014, 2016]",m1_20260926T160821Z_a181f6c
twi,object,URBAN,ALL,capture_0.2,0.2926396192322796,,,7,2019,development,2019,7,"[2006, 2012, 2014, 2016]",m1_20260926T160821Z_a181f6c
impervious,cell_gate,URBAN,ALL,observed-label_auc,0.617983547628923,0.3402,0.632,51,2019,development,2019,7,"[2006, 2012, 2014, 2016]",m1_20260926T160821Z_a181f6c
impervious,cluster_gate,URBAN,ALL,observed-label_auc,0.5239,0.3402,0.632,3,2019,development,2019,7,"[2006, 2012, 2014, 2016]",m1_20260926T160821Z_a181f6c
impervious,cell_gate,URBAN,ALL,capture_0.2,0.5686,,,51,2019,development,2019,7,"[2006, 2012, 2014, 2016]",m1_20260926T160821Z_a181f6c
impervious,object,URBAN,ALL,capture_0.2,0.4332783283722858,,,7,2019,development,2019,7,"[2006, 2012, 2014, 2016]",m1_20260926T160821Z_a181f6c
hand_neg,cell_gate,URBAN,ALL,observed-label_auc,0.711536584770781,0.0594,0.7499,51,2019,development,2019,7,"[2006, 2012, 2014, 2016]",m1_20260926T160821Z_a181f6c
hand_neg,cluster_gate,URBAN,ALL,observed-label_auc,0.4873,0.0594,0.7499,3,2019,development,2019,7,"[2006, 2012, 2014, 2016]",m1_20260926T160821Z_a181f6c
hand_neg,cell_gate,URBAN,ALL,capture_0.2,0.0196,,,51,2019,development,2019,7,"[2006, 2012, 2014, 2016]",m1_20260926T160821Z_a181f6c
hand_neg,object,URBAN,ALL,capture_0.2,0.009965873641828235,,,7,2019,development,2019,7,"[2006, 2012, 2014, 2016]",m1_20260926T160821Z_a181f6c
hand_acc_neg,cell_gate,URBAN,ALL,observed-label_auc,0.8169999024080806,0.1949,0.8497,51,2019,development,2019,7,"[2006, 2012, 2014, 2016]",m1_20260926T160821Z_a181f6c
hand_acc_neg,cluster_gate,URBAN,ALL,observed-label_auc,0.6055,0.1949,0.8497,3,2019,development,2019,7,"[2006, 2012, 2014, 2016]",m1_20260926T160821Z_a181f6c
hand_acc_neg,cell_gate,URBAN,ALL,capture_0.2,0.6275,,,51,2019,development,2019,7,"[2006, 2012, 2014, 2016]",m1_20260926T160821Z_a181f6c
hand_acc_neg,object,URBAN,ALL,capture_0.2,0.38106637442838603,,,7,2019,development,2019,7,"[2006, 2012, 2014, 2016]",m1_20260926T160821Z_a181f6c
L1,cell_gate,URBAN,ALL,observed-label_auc,0.7638661852131977,0.2473,0.7937,51,2019,development,2019,7,"[2006, 2012, 2014, 2016]",m1_20260926T160821Z_a181f6c
L1,cluster_gate,URBAN,ALL,observed-label_auc,0.5866,0.2473,0.7937,3,2019,development,2019,7,"[2006, 2012, 2014, 2016]",m1_20260926T160821Z_a181f6c
L1,cell_gate,URBAN,ALL,capture_0.2,0.4314,,,51,2019,development,2019,7,"[2006, 2012, 2014, 2016]",m1_20260926T160821Z_a181f6c
L1,object,URBAN,ALL,capture_0.2,0.2653934228495162,,,7,2019,development,2019,7,"[2006, 2012, 2014, 2016]",m1_20260926T160821Z_a181f6c
z_sensitivity,cell_gate,URBAN,ALL,observed-label_auc,0.8322496563951172,0.1872,0.8478,51,2019,development,2019,7,"[2006, 2012, 2014, 2016]",m1_20260926T160821Z_a181f6c
z_sensitivity,cluster_gate,URBAN,ALL,observed-label_auc,0.6264,0.1872,0.8478,3,2019,development,2019,7,"[2006, 2012, 2014, 2016]",m1_20260926T160821Z_a181f6c
z_sensitivity,cell_gate,URBAN,ALL,capture_0.2,0.7059,,,51,2019,development,2019,7,"[2006, 2012, 2014, 2016]",m1_20260926T160821Z_a181f6c
z_sensitivity,object,URBAN,ALL,capture_0.2,0.412275484536654,,,7,2019,development,2019,7,"[2006, 2012, 2014, 2016]",m1_20260926T160821Z_a181f6c
rf_F1_wf,cell_gate,URBAN,ALL,observed-label_auc,0.8636529062060329,0.259,0.8839,51,2019,development,2019,7,"[2006, 2012, 2014, 2016]",m1_20260926T160821Z_a181f6c
rf_F1_wf,cluster_gate,URBAN,ALL,observed-label_auc,0.6651,0.259,0.8839,3,2019,development,2019,7,"[2006, 2012, 2014, 2016]",m1_20260926T160821Z_a181f6c
rf_F1_wf,cell_gate,URBAN,ALL,capture_0.2,0.7255,,,51,2019,development,2019,7,"[2006, 2012, 2014, 2016]",m1_20260926T160821Z_a181f6c
rf_F1_wf,object,URBAN,ALL,capture_0.2,0.4357886434486882,,,7,2019,development,2019,7,"[2006, 2012, 2014, 2016]",m1_20260926T160821Z_a181f6c
logit_F1_wf,cell_gate,URBAN,ALL,observed-label_auc,0.8577048820357674,0.2619,0.8765,51,2019,development,2019,7,"[2006, 2012, 2014, 2016]",m1_20260926T160821Z_a181f6c
logit_F1_wf,cluster_gate,URBAN,ALL,observed-label_auc,0.6628,0.2619,0.8765,3,2019,development,2019,7,"[2006, 2012, 2014, 2016]",m1_20260926T160821Z_a181f6c
logit_F1_wf,cell_gate,URBAN,ALL,capture_0.2,0.8431,,,51,2019,development,2019,7,"[2006, 2012, 2014, 2016]",m1_20260926T160821Z_a181f6c
logit_F1_wf,object,URBAN,ALL,capture_0.2,0.5016565932859656,,,7,2019,development,2019,7,"[2006, 2012, 2014, 2016]",m1_20260926T160821Z_a181f6c
slope_neg,object,URBAN,ALL,observed-label_auc,0.6371131045390666,0.4994693917682066,0.8000388990306652,7,2019,development,2019,7,"[2006, 2012, 2014, 2016]",m1_20260926T160821Z_a181f6c
relelev_neg,object,URBAN,ALL,observed-label_auc,0.5697700214987546,0.43074275710012544,0.6967001876179687,7,2019,development,2019,7,"[2006, 2012, 2014, 2016]",m1_20260926T160821Z_a181f6c
twi,object,URBAN,ALL,observed-label_auc,0.5611952287517968,0.3621208890133919,0.7276604737272608,7,2019,development,2019,7,"[2006, 2012, 2014, 2016]",m1_20260926T160821Z_a181f6c
impervious,object,URBAN,ALL,observed-label_auc,0.5502083336921055,0.4417985616735372,0.6635726157310123,7,2019,development,2019,7,"[2006, 2012, 2014, 2016]",m1_20260926T160821Z_a181f6c
hand_neg,object,URBAN,ALL,observed-label_auc,0.4530143291906045,0.2349298659838106,0.7225703158876485,7,2019,development,2019,7,"[2006, 2012, 2014, 2016]",m1_20260926T160821Z_a181f6c
hand_acc_neg,object,URBAN,ALL,observed-label_auc,0.5734522179797493,0.36996842230758575,0.8276964505043315,7,2019,development,2019,7,"[2006, 2012, 2014, 2016]",m1_20260926T160821Z_a181f6c
L1,object,URBAN,ALL,observed-label_auc,0.580676002453207,0.40847899823221684,0.7603436871896857,7,2019,development,2019,7,"[2006, 2012, 2014, 2016]",m1_20260926T160821Z_a181f6c
z_sensitivity,object,URBAN,ALL,observed-label_auc,0.6153498531663597,0.3991377039783953,0.8455187852798182,7,2019,development,2019,7,"[2006, 2012, 2014, 2016]",m1_20260926T160821Z_a181f6c
rf_F1_wf,object,URBAN,ALL,observed-label_auc,0.6450100714090512,0.4459932955014977,0.8714492387162247,7,2019,development,2019,7,"[2006, 2012, 2014, 2016]",m1_20260926T160821Z_a181f6c
logit_F1_wf,object,URBAN,ALL,observed-label_auc,0.6514202124064725,0.451183689370096,0.8777674014924075,7,2019,development,2019,7,"[2006, 2012, 2014, 2016]",m1_20260926T160821Z_a181f6c
slope_neg,cell_gate,AGRI,ALL,observed-label_auc,,,,0,2019,development,2019,7,"[2006, 2012, 2014, 2016]",m1_20260926T160821Z_a181f6c
slope_neg,cluster_gate,AGRI,ALL,observed-label_auc,,,,0,2019,development,2019,7,"[2006, 2012, 2014, 2016]",m1_20260926T160821Z_a181f6c
slope_neg,cell_gate,AGRI,ALL,capture_0.2,0.0,,,0,2019,development,2019,7,"[2006, 2012, 2014, 2016]",m1_20260926T160821Z_a181f6c
slope_neg,object,AGRI,ALL,capture_0.2,0.0,,,1,2019,development,2019,7,"[2006, 2012, 2014, 2016]",m1_20260926T160821Z_a181f6c
relelev_neg,cell_gate,AGRI,ALL,observed-label_auc,,,,0,2019,development,2019,7,"[2006, 2012, 2014, 2016]",m1_20260926T160821Z_a181f6c
relelev_neg,cluster_gate,AGRI,ALL,observed-label_auc,,,,0,2019,development,2019,7,"[2006, 2012, 2014, 2016]",m1_20260926T160821Z_a181f6c
relelev_neg,cell_gate,AGRI,ALL,capture_0.2,0.0,,,0,2019,development,2019,7,"[2006, 2012, 2014, 2016]",m1_20260926T160821Z_a181f6c
relelev_neg,object,AGRI,ALL,capture_0.2,0.0,,,1,2019,development,2019,7,"[2006, 2012, 2014, 2016]",m1_20260926T160821Z_a181f6c
twi,cell_gate,AGRI,ALL,observed-label_auc,,,,0,2019,development,2019,7,"[2006, 2012, 2014, 2016]",m1_20260926T160821Z_a181f6c
twi,cluster_gate,AGRI,ALL,observed-label_auc,,,,0,2019,development,2019,7,"[2006, 2012, 2014, 2016]",m1_20260926T160821Z_a181f6c
twi,cell_gate,AGRI,ALL,capture_0.2,0.0,,,0,2019,development,2019,7,"[2006, 2012, 2014, 2016]",m1_20260926T160821Z_a181f6c
twi,object,AGRI,ALL,capture_0.2,0.0,,,1,2019,development,2019,7,"[2006, 2012, 2014, 2016]",m1_20260926T160821Z_a181f6c
impervious,cell_gate,AGRI,ALL,observed-label_auc,,,,0,2019,development,2019,7,"[2006, 2012, 2014, 2016]",m1_20260926T160821Z_a181f6c
impervious,cluster_gate,AGRI,ALL,observed-label_auc,,,,0,2019,development,2019,7,"[2006, 2012, 2014, 2016]",m1_20260926T160821Z_a181f6c
impervious,cell_gate,AGRI,ALL,capture_0.2,0.0,,,0,2019,development,2019,7,"[2006, 2012, 2014, 2016]",m1_20260926T160821Z_a181f6c
impervious,object,AGRI,ALL,capture_0.2,1.0,,,1,2019,development,2019,7,"[2006, 2012, 2014, 2016]",m1_20260926T160821Z_a181f6c
hand_neg,cell_gate,AGRI,ALL,observed-label_auc,,,,0,2019,development,2019,7,"[2006, 2012, 2014, 2016]",m1_20260926T160821Z_a181f6c
hand_neg,cluster_gate,AGRI,ALL,observed-label_auc,,,,0,2019,development,2019,7,"[2006, 2012, 2014, 2016]",m1_20260926T160821Z_a181f6c
hand_neg,cell_gate,AGRI,ALL,capture_0.2,0.0,,,0,2019,development,2019,7,"[2006, 2012, 2014, 2016]",m1_20260926T160821Z_a181f6c
hand_neg,object,AGRI,ALL,capture_0.2,0.0,,,1,2019,development,2019,7,"[2006, 2012, 2014, 2016]",m1_20260926T160821Z_a181f6c
hand_acc_neg,cell_gate,AGRI,ALL,observed-label_auc,,,,0,2019,development,2019,7,"[2006, 2012, 2014, 2016]",m1_20260926T160821Z_a181f6c
hand_acc_neg,cluster_gate,AGRI,ALL,observed-label_auc,,,,0,2019,development,2019,7,"[2006, 2012, 2014, 2016]",m1_20260926T160821Z_a181f6c
hand_acc_neg,cell_gate,AGRI,ALL,capture_0.2,0.0,,,0,2019,development,2019,7,"[2006, 2012, 2014, 2016]",m1_20260926T160821Z_a181f6c
hand_acc_neg,object,AGRI,ALL,capture_0.2,0.0,,,1,2019,development,2019,7,"[2006, 2012, 2014, 2016]",m1_20260926T160821Z_a181f6c
L1,cell_gate,AGRI,ALL,observed-label_auc,,,,0,2019,development,2019,7,"[2006, 2012, 2014, 2016]",m1_20260926T160821Z_a181f6c
L1,cluster_gate,AGRI,ALL,observed-label_auc,,,,0,2019,development,2019,7,"[2006, 2012, 2014, 2016]",m1_20260926T160821Z_a181f6c
L1,cell_gate,AGRI,ALL,capture_0.2,0.0,,,0,2019,development,2019,7,"[2006, 2012, 2014, 2016]",m1_20260926T160821Z_a181f6c
L1,object,AGRI,ALL,capture_0.2,1.0,,,1,2019,development,2019,7,"[2006, 2012, 2014, 2016]",m1_20260926T160821Z_a181f6c
z_sensitivity,cell_gate,AGRI,ALL,observed-label_auc,,,,0,2019,development,2019,7,"[2006, 2012, 2014, 2016]",m1_20260926T160821Z_a181f6c
z_sensitivity,cluster_gate,AGRI,ALL,observed-label_auc,,,,0,2019,development,2019,7,"[2006, 2012, 2014, 2016]",m1_20260926T160821Z_a181f6c
z_sensitivity,cell_gate,AGRI,ALL,capture_0.2,0.0,,,0,2019,development,2019,7,"[2006, 2012, 2014, 2016]",m1_20260926T160821Z_a181f6c
z_sensitivity,object,AGRI,ALL,capture_0.2,1.0,,,1,2019,development,2019,7,"[2006, 2012, 2014, 2016]",m1_20260926T160821Z_a181f6c
rf_F1_wf,cell_gate,AGRI,ALL,observed-label_auc,,,,0,2019,development,2019,7,"[2006, 2012, 2014, 2016]",m1_20260926T160821Z_a181f6c
rf_F1_wf,cluster_gate,AGRI,ALL,observed-label_auc,,,,0,2019,development,2019,7,"[2006, 2012, 2014, 2016]",m1_20260926T160821Z_a181f6c
rf_F1_wf,cell_gate,AGRI,ALL,capture_0.2,0.0,,,0,2019,development,2019,7,"[2006, 2012, 2014, 2016]",m1_20260926T160821Z_a181f6c
rf_F1_wf,object,AGRI,ALL,capture_0.2,1.0,,,1,2019,development,2019,7,"[2006, 2012, 2014, 2016]",m1_20260926T160821Z_a181f6c
logit_F1_wf,cell_gate,AGRI,ALL,observed-label_auc,,,,0,2019,development,2019,7,"[2006, 2012, 2014, 2016]",m1_20260926T160821Z_a181f6c
logit_F1_wf,cluster_gate,AGRI,ALL,observed-label_auc,,,,0,2019,development,2019,7,"[2006, 2012, 2014, 2016]",m1_20260926T160821Z_a181f6c
logit_F1_wf,cell_gate,AGRI,ALL,capture_0.2,0.0,,,0,2019,development,2019,7,"[2006, 2012, 2014, 2016]",m1_20260926T160821Z_a181f6c
logit_F1_wf,object,AGRI,ALL,capture_0.2,1.0,,,1,2019,development,2019,7,"[2006, 2012, 2014, 2016]",m1_20260926T160821Z_a181f6c
slope_neg,object,AGRI,ALL,observed-label_auc,0.7687044307347167,0.7687044307347167,0.7687044307347167,1,2019,development,2019,7,"[2006, 2012, 2014, 2016]",m1_20260926T160821Z_a181f6c
relelev_neg,object,AGRI,ALL,observed-label_auc,0.4357823892316321,0.4357823892316321,0.4357823892316321,1,2019,development,2019,7,"[2006, 2012, 2014, 2016]",m1_20260926T160821Z_a181f6c
twi,object,AGRI,ALL,observed-label_auc,0.46876051598429613,0.46876051598429613,0.46876051598429613,1,2019,development,2019,7,"[2006, 2012, 2014, 2016]",m1_20260926T160821Z_a181f6c
impervious,object,AGRI,ALL,observed-label_auc,0.9005047672462142,0.9005047672462142,0.9005047672462142,1,2019,development,2019,7,"[2006, 2012, 2014, 2016]",m1_20260926T160821Z_a181f6c
hand_neg,object,AGRI,ALL,observed-label_auc,0.5913628715647785,0.5913628715647785,0.5913628715647785,1,2019,development,2019,7,"[2006, 2012, 2014, 2016]",m1_20260926T160821Z_a181f6c
hand_acc_neg,object,AGRI,ALL,observed-label_auc,0.6383623107122827,0.6383623107122827,0.6383623107122827,1,2019,development,2019,7,"[2006, 2012, 2014, 2016]",m1_20260926T160821Z_a181f6c
L1,object,AGRI,ALL,observed-label_auc,0.9481772293886708,0.9481772293886708,0.9481772293886708,1,2019,development,2019,7,"[2006, 2012, 2014, 2016]",m1_20260926T160821Z_a181f6c
z_sensitivity,object,AGRI,ALL,observed-label_auc,0.9385305664610207,0.9385305664610207,0.9385305664610207,1,2019,development,2019,7,"[2006, 2012, 2014, 2016]",m1_20260926T160821Z_a181f6c
rf_F1_wf,object,AGRI,ALL,observed-label_auc,0.9970835670218733,0.9970835670218733,0.9970835670218733,1,2019,development,2019,7,"[2006, 2012, 2014, 2016]",m1_20260926T160821Z_a181f6c
logit_F1_wf,object,AGRI,ALL,observed-label_auc,0.904206393718452,0.904206393718452,0.904206393718452,1,2019,development,2019,7,"[2006, 2012, 2014, 2016]",m1_20260926T160821Z_a181f6c
slope_neg,cell_gate,UNIVERSE,ALL,observed-label_auc,0.8825581793585286,0.7855,0.9078,46,2019,development,2019,7,"[2006, 2012, 2014, 2016]",m1_20260926T160821Z_a181f6c
slope_neg,cluster_gate,UNIVERSE,ALL,observed-label_auc,0.8295,0.7005,0.9294,4,2019,development,2019,7,"[2006, 2012, 2014, 2016]",m1_20260926T160821Z_a181f6c
slope_neg,cell_gate,UNIVERSE,ALL,capture_0.2,0.7391,,,46,2019,development,2019,7,"[2006, 2012, 2014, 2016]",m1_20260926T160821Z_a181f6c
slope_neg,object,UNIVERSE,ALL,capture_0.2,0.44215865126977105,,,7,2019,development,2019,7,"[2006, 2012, 2014, 2016]",m1_20260926T160821Z_a181f6c
relelev_neg,cell_gate,UNIVERSE,ALL,observed-label_auc,0.32486257855711764,0.2844,0.5309,46,2019,development,2019,7,"[2006, 2012, 2014, 2016]",m1_20260926T160821Z_a181f6c
relelev_neg,cluster_gate,UNIVERSE,ALL,observed-label_auc,0.4403,0.3256,0.5567,4,2019,development,2019,7,"[2006, 2012, 2014, 2016]",m1_20260926T160821Z_a181f6c
relelev_neg,cell_gate,UNIVERSE,ALL,capture_0.2,0.0,,,46,2019,development,2019,7,"[2006, 2012, 2014, 2016]",m1_20260926T160821Z_a181f6c
relelev_neg,object,UNIVERSE,ALL,capture_0.2,0.0,,,7,2019,development,2019,7,"[2006, 2012, 2014, 2016]",m1_20260926T160821Z_a181f6c
twi,cell_gate,UNIVERSE,ALL,observed-label_auc,0.775180017809134,0.5903,0.7993,46,2019,development,2019,7,"[2006, 2012, 2014, 2016]",m1_20260926T160821Z_a181f6c
twi,cluster_gate,UNIVERSE,ALL,observed-label_auc,0.6883,0.4183,0.8576,4,2019,development,2019,7,"[2006, 2012, 2014, 2016]",m1_20260926T160821Z_a181f6c
twi,cell_gate,UNIVERSE,ALL,capture_0.2,0.6087,,,46,2019,development,2019,7,"[2006, 2012, 2014, 2016]",m1_20260926T160821Z_a181f6c
twi,object,UNIVERSE,ALL,capture_0.2,0.4796573121611706,,,7,2019,development,2019,7,"[2006, 2012, 2014, 2016]",m1_20260926T160821Z_a181f6c
impervious,cell_gate,UNIVERSE,ALL,observed-label_auc,0.7887712553727075,0.7203,0.8111,46,2019,development,2019,7,"[2006, 2012, 2014, 2016]",m1_20260926T160821Z_a181f6c
impervious,cluster_gate,UNIVERSE,ALL,observed-label_auc,0.7632,0.6644,0.8487,4,2019,development,2019,7,"[2006, 2012, 2014, 2016]",m1_20260926T160821Z_a181f6c
impervious,cell_gate,UNIVERSE,ALL,capture_0.2,0.587,,,46,2019,development,2019,7,"[2006, 2012, 2014, 2016]",m1_20260926T160821Z_a181f6c
impervious,object,UNIVERSE,ALL,capture_0.2,0.4305936475114129,,,7,2019,development,2019,7,"[2006, 2012, 2014, 2016]",m1_20260926T160821Z_a181f6c
hand_neg,cell_gate,UNIVERSE,ALL,observed-label_auc,0.7431310683768002,0.4313,0.7717,46,2019,development,2019,7,"[2006, 2012, 2014, 2016]",m1_20260926T160821Z_a181f6c
hand_neg,cluster_gate,UNIVERSE,ALL,observed-label_auc,0.5868,0.2724,0.7608,4,2019,development,2019,7,"[2006, 2012, 2014, 2016]",m1_20260926T160821Z_a181f6c
hand_neg,cell_gate,UNIVERSE,ALL,capture_0.2,0.0217,,,46,2019,development,2019,7,"[2006, 2012, 2014, 2016]",m1_20260926T160821Z_a181f6c
hand_neg,object,UNIVERSE,ALL,capture_0.2,0.01281011971353864,,,7,2019,development,2019,7,"[2006, 2012, 2014, 2016]",m1_20260926T160821Z_a181f6c
hand_acc_neg,cell_gate,UNIVERSE,ALL,observed-label_auc,0.8518545473226364,0.5645,0.8744,46,2019,development,2019,7,"[2006, 2012, 2014, 2016]",m1_20260926T160821Z_a181f6c
hand_acc_neg,cluster_gate,UNIVERSE,ALL,observed-label_auc,0.7091,0.4452,0.8603,4,2019,development,2019,7,"[2006, 2012, 2014, 2016]",m1_20260926T160821Z_a181f6c
hand_acc_neg,cell_gate,UNIVERSE,ALL,capture_0.2,0.8478,,,46,2019,development,2019,7,"[2006, 2012, 2014, 2016]",m1_20260926T160821Z_a181f6c
hand_acc_neg,object,UNIVERSE,ALL,capture_0.2,0.4966017169229432,,,7,2019,development,2019,7,"[2006, 2012, 2014, 2016]",m1_20260926T160821Z_a181f6c
L1,cell_gate,UNIVERSE,ALL,observed-label_auc,0.8639998630066613,0.6731,0.8845,46,2019,development,2019,7,"[2006, 2012, 2014, 2016]",m1_20260926T160821Z_a181f6c
L1,cluster_gate,UNIVERSE,ALL,observed-label_auc,0.7667,0.575,0.8771,4,2019,development,2019,7,"[2006, 2012, 2014, 2016]",m1_20260926T160821Z_a181f6c
L1,cell_gate,UNIVERSE,ALL,capture_0.2,0.8478,,,46,2019,development,2019,7,"[2006, 2012, 2014, 2016]",m1_20260926T160821Z_a181f6c
L1,object,UNIVERSE,ALL,capture_0.2,0.5340063732315359,,,7,2019,development,2019,7,"[2006, 2012, 2014, 2016]",m1_20260926T160821Z_a181f6c
z_sensitivity,cell_gate,UNIVERSE,ALL,observed-label_auc,0.8939885610562186,0.692,0.9064,46,2019,development,2019,7,"[2006, 2012, 2014, 2016]",m1_20260926T160821Z_a181f6c
z_sensitivity,cluster_gate,UNIVERSE,ALL,observed-label_auc,0.797,0.5665,0.9225,4,2019,development,2019,7,"[2006, 2012, 2014, 2016]",m1_20260926T160821Z_a181f6c
z_sensitivity,cell_gate,UNIVERSE,ALL,capture_0.2,0.913,,,46,2019,development,2019,7,"[2006, 2012, 2014, 2016]",m1_20260926T160821Z_a181f6c
z_sensitivity,object,UNIVERSE,ALL,capture_0.2,0.5588492489717259,,,7,2019,development,2019,7,"[2006, 2012, 2014, 2016]",m1_20260926T160821Z_a181f6c
rf_F1_wf,cell_gate,UNIVERSE,ALL,observed-label_auc,0.9271912512629074,0.7473,0.9405,46,2019,development,2019,7,"[2006, 2012, 2014, 2016]",m1_20260926T160821Z_a181f6c
rf_F1_wf,cluster_gate,UNIVERSE,ALL,observed-label_auc,0.8394,0.6213,0.9654,4,2019,development,2019,7,"[2006, 2012, 2014, 2016]",m1_20260926T160821Z_a181f6c
rf_F1_wf,cell_gate,UNIVERSE,ALL,capture_0.2,0.8478,,,46,2019,development,2019,7,"[2006, 2012, 2014, 2016]",m1_20260926T160821Z_a181f6c
rf_F1_wf,object,UNIVERSE,ALL,capture_0.2,0.5044535886182314,,,7,2019,development,2019,7,"[2006, 2012, 2014, 2016]",m1_20260926T160821Z_a181f6c
logit_F1_wf,cell_gate,UNIVERSE,ALL,observed-label_auc,0.9230825213623988,0.7475,0.9389,46,2019,development,2019,7,"[2006, 2012, 2014, 2016]",m1_20260926T160821Z_a181f6c
logit_F1_wf,cluster_gate,UNIVERSE,ALL,observed-label_auc,0.8358,0.629,0.9544,4,2019,development,2019,7,"[2006, 2012, 2014, 2016]",m1_20260926T160821Z_a181f6c
logit_F1_wf,cell_gate,UNIVERSE,ALL,capture_0.2,0.913,,,46,2019,development,2019,7,"[2006, 2012, 2014, 2016]",m1_20260926T160821Z_a181f6c
logit_F1_wf,object,UNIVERSE,ALL,capture_0.2,0.5600698165480076,,,7,2019,development,2019,7,"[2006, 2012, 2014, 2016]",m1_20260926T160821Z_a181f6c
slope_neg,object,UNIVERSE,ALL,observed-label_auc,0.7994558671931626,0.7101278516593886,0.9050417896991165,7,2019,development,2019,7,"[2006, 2012, 2014, 2016]",m1_20260926T160821Z_a181f6c
relelev_neg,object,UNIVERSE,ALL,observed-label_auc,0.4315414869603916,0.3102317498127568,0.5410910459226873,7,2019,development,2019,7,"[2006, 2012, 2014, 2016]",m1_20260926T160821Z_a181f6c
twi,object,UNIVERSE,ALL,observed-label_auc,0.6521419182561553,0.4845969601561042,0.7922781445423644,7,2019,development,2019,7,"[2006, 2012, 2014, 2016]",m1_20260926T160821Z_a181f6c
impervious,object,UNIVERSE,ALL,observed-label_auc,0.7506829415139682,0.6890928740740846,0.8085026975874315,7,2019,development,2019,7,"[2006, 2012, 2014, 2016]",m1_20260926T160821Z_a181f6c
hand_neg,object,UNIVERSE,ALL,observed-label_auc,0.4987141669317236,0.29676206702500063,0.7685917687193143,7,2019,development,2019,7,"[2006, 2012, 2014, 2016]",m1_20260926T160821Z_a181f6c
hand_acc_neg,object,UNIVERSE,ALL,observed-label_auc,0.6498816360239711,0.4803115179258512,0.8718470136731951,7,2019,development,2019,7,"[2006, 2012, 2014, 2016]",m1_20260926T160821Z_a181f6c
L1,object,UNIVERSE,ALL,observed-label_auc,0.7324253440823228,0.6014568520552362,0.8652219840734824,7,2019,development,2019,7,"[2006, 2012, 2014, 2016]",m1_20260926T160821Z_a181f6c
z_sensitivity,object,UNIVERSE,ALL,observed-label_auc,0.7504026322647029,0.6046912395862212,0.9057667658763372,7,2019,development,2019,7,"[2006, 2012, 2014, 2016]",m1_20260926T160821Z_a181f6c
rf_F1_wf,object,UNIVERSE,ALL,observed-label_auc,0.7872894086730148,0.652458689891946,0.93302222555677,7,2019,development,2019,7,"[2006, 2012, 2014, 2016]",m1_20260926T160821Z_a181f6c
logit_F1_wf,object,UNIVERSE,ALL,observed-label_auc,0.795983328923307,0.6621254043124364,0.9412918346535056,7,2019,development,2019,7,"[2006, 2012, 2014, 2016]",m1_20260926T160821Z_a181f6c
slope_neg,cell_gate,ALL,ALL,observed-label_auc,0.952440464344942,0.9394,0.9624,25,2025,development,2025,18,"[2006, 2012, 2014, 2016, 2019]",m1_20260926T160821Z_a181f6c
slope_neg,cluster_gate,ALL,ALL,observed-label_auc,0.9496,0.9348,0.9619,14,2025,development,2025,18,"[2006, 2012, 2014, 2016, 2019]",m1_20260926T160821Z_a181f6c
slope_neg,cell_gate,ALL,ALL,capture_0.2,1.0,,,25,2025,development,2025,18,"[2006, 2012, 2014, 2016, 2019]",m1_20260926T160821Z_a181f6c
slope_neg,object,ALL,ALL,capture_0.2,0.9701574882408333,,,18,2025,development,2025,18,"[2006, 2012, 2014, 2016, 2019]",m1_20260926T160821Z_a181f6c
relelev_neg,cell_gate,ALL,ALL,observed-label_auc,0.40395462686567163,0.3901,0.4217,25,2025,development,2025,18,"[2006, 2012, 2014, 2016, 2019]",m1_20260926T160821Z_a181f6c
relelev_neg,cluster_gate,ALL,ALL,observed-label_auc,0.4045,0.3912,0.4192,14,2025,development,2025,18,"[2006, 2012, 2014, 2016, 2019]",m1_20260926T160821Z_a181f6c
relelev_neg,cell_gate,ALL,ALL,capture_0.2,0.0,,,25,2025,development,2025,18,"[2006, 2012, 2014, 2016, 2019]",m1_20260926T160821Z_a181f6c
relelev_neg,object,ALL,ALL,capture_0.2,0.0,,,18,2025,development,2025,18,"[2006, 2012, 2014, 2016, 2019]",m1_20260926T160821Z_a181f6c
twi,cell_gate,ALL,ALL,observed-label_auc,0.9097610613598673,0.8938,0.9223,25,2025,development,2025,18,"[2006, 2012, 2014, 2016, 2019]",m1_20260926T160821Z_a181f6c
twi,cluster_gate,ALL,ALL,observed-label_auc,0.9142,0.9034,0.9241,14,2025,development,2025,18,"[2006, 2012, 2014, 2016, 2019]",m1_20260926T160821Z_a181f6c
twi,cell_gate,ALL,ALL,capture_0.2,1.0,,,25,2025,development,2025,18,"[2006, 2012, 2014, 2016, 2019]",m1_20260926T160821Z_a181f6c
twi,object,ALL,ALL,capture_0.2,0.9557830432499593,,,18,2025,development,2025,18,"[2006, 2012, 2014, 2016, 2019]",m1_20260926T160821Z_a181f6c
impervious,cell_gate,ALL,ALL,observed-label_auc,0.4106801990049751,0.3581,0.4815,25,2025,development,2025,18,"[2006, 2012, 2014, 2016, 2019]",m1_20260926T160821Z_a181f6c
impervious,cluster_gate,ALL,ALL,observed-label_auc,0.4387,0.3581,0.5396,14,2025,development,2025,18,"[2006, 2012, 2014, 2016, 2019]",m1_20260926T160821Z_a181f6c
impervious,cell_gate,ALL,ALL,capture_0.2,0.04,,,25,2025,development,2025,18,"[2006, 2012, 2014, 2016, 2019]",m1_20260926T160821Z_a181f6c
impervious,object,ALL,ALL,capture_0.2,0.0794107490324863,,,18,2025,development,2025,18,"[2006, 2012, 2014, 2016, 2019]",m1_20260926T160821Z_a181f6c
hand_neg,cell_gate,ALL,ALL,observed-label_auc,0.9174580431177446,0.8877,0.9416,25,2025,development,2025,18,"[2006, 2012, 2014, 2016, 2019]",m1_20260926T160821Z_a181f6c
hand_neg,cluster_gate,ALL,ALL,observed-label_auc,0.91,0.8702,0.9414,14,2025,development,2025,18,"[2006, 2012, 2014, 2016, 2019]",m1_20260926T160821Z_a181f6c
hand_neg,cell_gate,ALL,ALL,capture_0.2,0.92,,,25,2025,development,2025,18,"[2006, 2012, 2014, 2016, 2019]",m1_20260926T160821Z_a181f6c
hand_neg,object,ALL,ALL,capture_0.2,0.8996306462771888,,,18,2025,development,2025,18,"[2006, 2012, 2014, 2016, 2019]",m1_20260926T160821Z_a181f6c
hand_acc_neg,cell_gate,ALL,ALL,observed-label_auc,0.9271676285240464,0.9013,0.9494,25,2025,development,2025,18,"[2006, 2012, 2014, 2016, 2019]",m1_20260926T160821Z_a181f6c
hand_acc_neg,cluster_gate,ALL,ALL,observed-label_auc,0.9261,0.8929,0.9494,14,2025,development,2025,18,"[2006, 2012, 2014, 2016, 2019]",m1_20260926T160821Z_a181f6c
hand_acc_neg,cell_gate,ALL,ALL,capture_0.2,0.96,,,25,2025,development,2025,18,"[2006, 2012, 2014, 2016, 2019]",m1_20260926T160821Z_a181f6c
hand_acc_neg,object,ALL,ALL,capture_0.2,0.9551862018327443,,,18,2025,development,2025,18,"[2006, 2012, 2014, 2016, 2019]",m1_20260926T160821Z_a181f6c
L1,cell_gate,ALL,ALL,observed-label_auc,0.3648270646766169,0.3156,0.436,25,2025,development,2025,18,"[2006, 2012, 2014, 2016, 2019]",m1_20260926T160821Z_a181f6c
L1,cluster_gate,ALL,ALL,observed-label_auc,0.3806,0.3219,0.4523,14,2025,development,2025,18,"[2006, 2012, 2014, 2016, 2019]",m1_20260926T160821Z_a181f6c
L1,cell_gate,ALL,ALL,capture_0.2,0.0,,,25,2025,development,2025,18,"[2006, 2012, 2014, 2016, 2019]",m1_20260926T160821Z_a181f6c
L1,object,ALL,ALL,capture_0.2,0.0,,,18,2025,development,2025,18,"[2006, 2012, 2014, 2016, 2019]",m1_20260926T160821Z_a181f6c
z_sensitivity,cell_gate,ALL,ALL,observed-label_auc,0.7237057379767827,0.6962,0.7637,25,2025,development,2025,18,"[2006, 2012, 2014, 2016, 2019]",m1_20260926T160821Z_a181f6c
z_sensitivity,cluster_gate,ALL,ALL,observed-label_auc,0.7319,0.701,0.7703,14,2025,development,2025,18,"[2006, 2012, 2014, 2016, 2019]",m1_20260926T160821Z_a181f6c
z_sensitivity,cell_gate,ALL,ALL,capture_0.2,0.16,,,25,2025,development,2025,18,"[2006, 2012, 2014, 2016, 2019]",m1_20260926T160821Z_a181f6c
z_sensitivity,object,ALL,ALL,capture_0.2,0.13411960206706794,,,18,2025,development,2025,18,"[2006, 2012, 2014, 2016, 2019]",m1_20260926T160821Z_a181f6c
rf_F1_wf,cell_gate,ALL,ALL,observed-label_auc,0.85457592039801,0.8347,0.8765,25,2025,development,2025,18,"[2006, 2012, 2014, 2016, 2019]",m1_20260926T160821Z_a181f6c
rf_F1_wf,cluster_gate,ALL,ALL,observed-label_auc,0.856,0.837,0.8751,14,2025,development,2025,18,"[2006, 2012, 2014, 2016, 2019]",m1_20260926T160821Z_a181f6c
rf_F1_wf,cell_gate,ALL,ALL,capture_0.2,0.96,,,25,2025,development,2025,18,"[2006, 2012, 2014, 2016, 2019]",m1_20260926T160821Z_a181f6c
rf_F1_wf,object,ALL,ALL,capture_0.2,0.8977440272828101,,,18,2025,development,2025,18,"[2006, 2012, 2014, 2016, 2019]",m1_20260926T160821Z_a181f6c
logit_F1_wf,cell_gate,ALL,ALL,observed-label_auc,0.8527352570480928,0.8339,0.8793,25,2025,development,2025,18,"[2006, 2012, 2014, 2016, 2019]",m1_20260926T160821Z_a181f6c
logit_F1_wf,cluster_gate,ALL,ALL,observed-label_auc,0.8535,0.8358,0.876,14,2025,development,2025,18,"[2006, 2012, 2014, 2016, 2019]",m1_20260926T160821Z_a181f6c
logit_F1_wf,cell_gate,ALL,ALL,capture_0.2,1.0,,,25,2025,development,2025,18,"[2006, 2012, 2014, 2016, 2019]",m1_20260926T160821Z_a181f6c
logit_F1_wf,object,ALL,ALL,capture_0.2,0.9243174463103545,,,18,2025,development,2025,18,"[2006, 2012, 2014, 2016, 2019]",m1_20260926T160821Z_a181f6c
slope_neg,object,ALL,ALL,observed-label_auc,0.9532667075046692,0.9344731813870263,0.9664762576314271,18,2025,development,2025,18,"[2006, 2012, 2014, 2016, 2019]",m1_20260926T160821Z_a181f6c
relelev_neg,object,ALL,ALL,observed-label_auc,0.4072853721312313,0.39772458381998854,0.4183873803864363,18,2025,development,2025,18,"[2006, 2012, 2014, 2016, 2019]",m1_20260926T160821Z_a181f6c
twi,object,ALL,ALL,observed-label_auc,0.9102630620153485,0.8831462175656775,0.9281580724256234,18,2025,development,2025,18,"[2006, 2012, 2014, 2016, 2019]",m1_20260926T160821Z_a181f6c
impervious,object,ALL,ALL,observed-label_auc,0.44222754714664847,0.37528280682989107,0.5149379788649067,18,2025,development,2025,18,"[2006, 2012, 2014, 2016, 2019]",m1_20260926T160821Z_a181f6c
hand_neg,object,ALL,ALL,observed-label_auc,0.919358615907973,0.8931953834617063,0.942138659069105,18,2025,development,2025,18,"[2006, 2012, 2014, 2016, 2019]",m1_20260926T160821Z_a181f6c
hand_acc_neg,object,ALL,ALL,observed-label_auc,0.9306777611848823,0.9086425996460425,0.9493042570201913,18,2025,development,2025,18,"[2006, 2012, 2014, 2016, 2019]",m1_20260926T160821Z_a181f6c
L1,object,ALL,ALL,observed-label_auc,0.35980076796506005,0.3148512562915118,0.41778352589566853,18,2025,development,2025,18,"[2006, 2012, 2014, 2016, 2019]",m1_20260926T160821Z_a181f6c
z_sensitivity,object,ALL,ALL,observed-label_auc,0.7285165930514682,0.7040538963901689,0.7590145015606604,18,2025,development,2025,18,"[2006, 2012, 2014, 2016, 2019]",m1_20260926T160821Z_a181f6c
rf_F1_wf,object,ALL,ALL,observed-label_auc,0.8559792627169517,0.8355955079941585,0.87693949344774,18,2025,development,2025,18,"[2006, 2012, 2014, 2016, 2019]",m1_20260926T160821Z_a181f6c
logit_F1_wf,object,ALL,ALL,observed-label_auc,0.8569485271247775,0.839999258141528,0.8753933529422404,18,2025,development,2025,18,"[2006, 2012, 2014, 2016, 2019]",m1_20260926T160821Z_a181f6c
slope_neg,cell_gate,FLAT,ALL,observed-label_auc,0.8435200139683094,0.8007,0.8762,25,2025,development,2025,18,"[2006, 2012, 2014, 2016, 2019]",m1_20260926T160821Z_a181f6c
slope_neg,cluster_gate,FLAT,ALL,observed-label_auc,0.834,0.7856,0.8746,14,2025,development,2025,18,"[2006, 2012, 2014, 2016, 2019]",m1_20260926T160821Z_a181f6c
slope_neg,cell_gate,FLAT,ALL,capture_0.2,0.76,,,25,2025,development,2025,18,"[2006, 2012, 2014, 2016, 2019]",m1_20260926T160821Z_a181f6c
slope_neg,object,FLAT,ALL,capture_0.2,0.7448335428947824,,,18,2025,development,2025,18,"[2006, 2012, 2014, 2016, 2019]",m1_20260926T160821Z_a181f6c
relelev_neg,cell_gate,FLAT,ALL,observed-label_auc,0.21677593958706184,0.1807,0.2622,25,2025,development,2025,18,"[2006, 2012, 2014, 2016, 2019]",m1_20260926T160821Z_a181f6c
relelev_neg,cluster_gate,FLAT,ALL,observed-label_auc,0.2185,0.184,0.2566,14,2025,development,2025,18,"[2006, 2012, 2014, 2016, 2019]",m1_20260926T160821Z_a181f6c
relelev_neg,cell_gate,FLAT,ALL,capture_0.2,0.0,,,25,2025,development,2025,18,"[2006, 2012, 2014, 2016, 2019]",m1_20260926T160821Z_a181f6c
relelev_neg,object,FLAT,ALL,capture_0.2,0.0,,,18,2025,development,2025,18,"[2006, 2012, 2014, 2016, 2019]",m1_20260926T160821Z_a181f6c
twi,cell_gate,FLAT,ALL,observed-label_auc,0.7168937971976079,0.6692,0.7547,25,2025,development,2025,18,"[2006, 2012, 2014, 2016, 2019]",m1_20260926T160821Z_a181f6c
twi,cluster_gate,FLAT,ALL,observed-label_auc,0.7304,0.6977,0.7602,14,2025,development,2025,18,"[2006, 2012, 2014, 2016, 2019]",m1_20260926T160821Z_a181f6c
twi,cell_gate,FLAT,ALL,capture_0.2,0.04,,,25,2025,development,2025,18,"[2006, 2012, 2014, 2016, 2019]",m1_20260926T160821Z_a181f6c
twi,object,FLAT,ALL,capture_0.2,0.09140371703243555,,,18,2025,development,2025,18,"[2006, 2012, 2014, 2016, 2019]",m1_20260926T160821Z_a181f6c
impervious,cell_gate,FLAT,ALL,observed-label_auc,0.2569339560871273,0.2188,0.312,25,2025,development,2025,18,"[2006, 2012, 2014, 2016, 2019]",m1_20260926T160821Z_a181f6c
impervious,cluster_gate,FLAT,ALL,observed-label_auc,0.2786,0.2188,0.3548,14,2025,development,2025,18,"[2006, 2012, 2014, 2016, 2019]",m1_20260926T160821Z_a181f6c
impervious,cell_gate,FLAT,ALL,capture_0.2,0.0,,,25,2025,development,2025,18,"[2006, 2012, 2014, 2016, 2019]",m1_20260926T160821Z_a181f6c
impervious,object,FLAT,ALL,capture_0.2,0.0,,,18,2025,development,2025,18,"[2006, 2012, 2014, 2016, 2019]",m1_20260926T160821Z_a181f6c
hand_neg,cell_gate,FLAT,ALL,observed-label_auc,0.7832450128770352,0.6992,0.8515,25,2025,development,2025,18,"[2006, 2012, 2014, 2016, 2019]",m1_20260926T160821Z_a181f6c
hand_neg,cluster_gate,FLAT,ALL,observed-label_auc,0.7614,0.647,0.8502,14,2025,development,2025,18,"[2006, 2012, 2014, 2016, 2019]",m1_20260926T160821Z_a181f6c
hand_neg,cell_gate,FLAT,ALL,capture_0.2,0.28,,,25,2025,development,2025,18,"[2006, 2012, 2014, 2016, 2019]",m1_20260926T160821Z_a181f6c
hand_neg,object,FLAT,ALL,capture_0.2,0.2222222222222222,,,18,2025,development,2025,18,"[2006, 2012, 2014, 2016, 2019]",m1_20260926T160821Z_a181f6c
hand_acc_neg,cell_gate,FLAT,ALL,observed-label_auc,0.7804365096686892,0.703,0.8478,25,2025,development,2025,18,"[2006, 2012, 2014, 2016, 2019]",m1_20260926T160821Z_a181f6c
hand_acc_neg,cluster_gate,FLAT,ALL,observed-label_auc,0.7783,0.6804,0.8478,14,2025,development,2025,18,"[2006, 2012, 2014, 2016, 2019]",m1_20260926T160821Z_a181f6c
hand_acc_neg,cell_gate,FLAT,ALL,capture_0.2,0.08,,,25,2025,development,2025,18,"[2006, 2012, 2014, 2016, 2019]",m1_20260926T160821Z_a181f6c
hand_acc_neg,object,FLAT,ALL,capture_0.2,0.08194920035524778,,,18,2025,development,2025,18,"[2006, 2012, 2014, 2016, 2019]",m1_20260926T160821Z_a181f6c
L1,cell_gate,FLAT,ALL,observed-label_auc,0.14243135885459862,0.0975,0.2079,25,2025,development,2025,18,"[2006, 2012, 2014, 2016, 2019]",m1_20260926T160821Z_a181f6c
L1,cluster_gate,FLAT,ALL,observed-label_auc,0.1568,0.1036,0.2217,14,2025,development,2025,18,"[2006, 2012, 2014, 2016, 2019]",m1_20260926T160821Z_a181f6c
L1,cell_gate,FLAT,ALL,capture_0.2,0.0,,,25,2025,development,2025,18,"[2006, 2012, 2014, 2016, 2019]",m1_20260926T160821Z_a181f6c
L1,object,FLAT,ALL,capture_0.2,0.0,,,18,2025,development,2025,18,"[2006, 2012, 2014, 2016, 2019]",m1_20260926T160821Z_a181f6c
z_sensitivity,cell_gate,FLAT,ALL,observed-label_auc,0.32297524990178533,0.2663,0.4074,25,2025,development,2025,18,"[2006, 2012, 2014, 2016, 2019]",m1_20260926T160821Z_a181f6c
z_sensitivity,cluster_gate,FLAT,ALL,observed-label_auc,0.3415,0.2773,0.4214,14,2025,development,2025,18,"[2006, 2012, 2014, 2016, 2019]",m1_20260926T160821Z_a181f6c
z_sensitivity,cell_gate,FLAT,ALL,capture_0.2,0.0,,,25,2025,development,2025,18,"[2006, 2012, 2014, 2016, 2019]",m1_20260926T160821Z_a181f6c
z_sensitivity,object,FLAT,ALL,capture_0.2,0.0,,,18,2025,development,2025,18,"[2006, 2012, 2014, 2016, 2019]",m1_20260926T160821Z_a181f6c
rf_F1_wf,cell_gate,FLAT,ALL,observed-label_auc,0.5363909380592781,0.475,0.6039,25,2025,development,2025,18,"[2006, 2012, 2014, 2016, 2019]",m1_20260926T160821Z_a181f6c
rf_F1_wf,cluster_gate,FLAT,ALL,observed-label_auc,0.5405,0.4821,0.5997,14,2025,development,2025,18,"[2006, 2012, 2014, 2016, 2019]",m1_20260926T160821Z_a181f6c
rf_F1_wf,cell_gate,FLAT,ALL,capture_0.2,0.0,,,25,2025,development,2025,18,"[2006, 2012, 2014, 2016, 2019]",m1_20260926T160821Z_a181f6c
rf_F1_wf,object,FLAT,ALL,capture_0.2,0.0,,,18,2025,development,2025,18,"[2006, 2012, 2014, 2016, 2019]",m1_20260926T160821Z_a181f6c
logit_F1_wf,cell_gate,FLAT,ALL,observed-label_auc,0.518163167314156,0.4568,0.6051,25,2025,development,2025,18,"[2006, 2012, 2014, 2016, 2019]",m1_20260926T160821Z_a181f6c
logit_F1_wf,cluster_gate,FLAT,ALL,observed-label_auc,0.5206,0.4631,0.594,14,2025,development,2025,18,"[2006, 2012, 2014, 2016, 2019]",m1_20260926T160821Z_a181f6c
logit_F1_wf,cell_gate,FLAT,ALL,capture_0.2,0.08,,,25,2025,development,2025,18,"[2006, 2012, 2014, 2016, 2019]",m1_20260926T160821Z_a181f6c
logit_F1_wf,object,FLAT,ALL,capture_0.2,0.06402985519281082,,,18,2025,development,2025,18,"[2006, 2012, 2014, 2016, 2019]",m1_20260926T160821Z_a181f6c
slope_neg,object,FLAT,ALL,observed-label_auc,0.8354091972862859,0.769219947944758,0.88193214362197,18,2025,development,2025,18,"[2006, 2012, 2014, 2016, 2019]",m1_20260926T160821Z_a181f6c
relelev_neg,object,FLAT,ALL,observed-label_auc,0.20740350688778508,0.1821813852670751,0.23649155944974287,18,2025,development,2025,18,"[2006, 2012, 2014, 2016, 2019]",m1_20260926T160821Z_a181f6c
twi,object,FLAT,ALL,observed-label_auc,0.7147151813655275,0.6545159690464857,0.7601759611334094,18,2025,development,2025,18,"[2006, 2012, 2014, 2016, 2019]",m1_20260926T160821Z_a181f6c
impervious,object,FLAT,ALL,observed-label_auc,0.26838782173993764,0.2205744477176535,0.3227507933873072,18,2025,development,2025,18,"[2006, 2012, 2014, 2016, 2019]",m1_20260926T160821Z_a181f6c
hand_neg,object,FLAT,ALL,observed-label_auc,0.7787504448267394,0.7010949204361236,0.84725076707439,18,2025,development,2025,18,"[2006, 2012, 2014, 2016, 2019]",m1_20260926T160821Z_a181f6c
hand_acc_neg,object,FLAT,ALL,observed-label_auc,0.7789901288266082,0.7089026222166109,0.8385601345340016,18,2025,development,2025,18,"[2006, 2012, 2014, 2016, 2019]",m1_20260926T160821Z_a181f6c
L1,object,FLAT,ALL,observed-label_auc,0.12042745953463425,0.0820889933613004,0.17048592838076,18,2025,development,2025,18,"[2006, 2012, 2014, 2016, 2019]",m1_20260926T160821Z_a181f6c
z_sensitivity,object,FLAT,ALL,observed-label_auc,0.30700816390834046,0.25597971891272864,0.37069509108381515,18,2025,development,2025,18,"[2006, 2012, 2014, 2016, 2019]",m1_20260926T160821Z_a181f6c
rf_F1_wf,object,FLAT,ALL,observed-label_auc,0.5198455724241319,0.46625834562080154,0.5814258767764836,18,2025,development,2025,18,"[2006, 2012, 2014, 2016, 2019]",m1_20260926T160821Z_a181f6c
logit_F1_wf,object,FLAT,ALL,observed-label_auc,0.5012148262485426,0.4443145903175898,0.5644171096000364,18,2025,development,2025,18,"[2006, 2012, 2014, 2016, 2019]",m1_20260926T160821Z_a181f6c
slope_neg,cell_gate,URBAN,ALL,observed-label_auc,,,,0,2025,development,2025,18,"[2006, 2012, 2014, 2016, 2019]",m1_20260926T160821Z_a181f6c
slope_neg,cluster_gate,URBAN,ALL,observed-label_auc,,,,0,2025,development,2025,18,"[2006, 2012, 2014, 2016, 2019]",m1_20260926T160821Z_a181f6c
slope_neg,cell_gate,URBAN,ALL,capture_0.2,0.0,,,0,2025,development,2025,18,"[2006, 2012, 2014, 2016, 2019]",m1_20260926T160821Z_a181f6c
slope_neg,object,URBAN,ALL,capture_0.2,1.0,,,1,2025,development,2025,18,"[2006, 2012, 2014, 2016, 2019]",m1_20260926T160821Z_a181f6c
relelev_neg,cell_gate,URBAN,ALL,observed-label_auc,,,,0,2025,development,2025,18,"[2006, 2012, 2014, 2016, 2019]",m1_20260926T160821Z_a181f6c
relelev_neg,cluster_gate,URBAN,ALL,observed-label_auc,,,,0,2025,development,2025,18,"[2006, 2012, 2014, 2016, 2019]",m1_20260926T160821Z_a181f6c
relelev_neg,cell_gate,URBAN,ALL,capture_0.2,0.0,,,0,2025,development,2025,18,"[2006, 2012, 2014, 2016, 2019]",m1_20260926T160821Z_a181f6c
relelev_neg,object,URBAN,ALL,capture_0.2,0.0,,,1,2025,development,2025,18,"[2006, 2012, 2014, 2016, 2019]",m1_20260926T160821Z_a181f6c
twi,cell_gate,URBAN,ALL,observed-label_auc,,,,0,2025,development,2025,18,"[2006, 2012, 2014, 2016, 2019]",m1_20260926T160821Z_a181f6c
twi,cluster_gate,URBAN,ALL,observed-label_auc,,,,0,2025,development,2025,18,"[2006, 2012, 2014, 2016, 2019]",m1_20260926T160821Z_a181f6c
twi,cell_gate,URBAN,ALL,capture_0.2,0.0,,,0,2025,development,2025,18,"[2006, 2012, 2014, 2016, 2019]",m1_20260926T160821Z_a181f6c
twi,object,URBAN,ALL,capture_0.2,0.0,,,1,2025,development,2025,18,"[2006, 2012, 2014, 2016, 2019]",m1_20260926T160821Z_a181f6c
impervious,cell_gate,URBAN,ALL,observed-label_auc,,,,0,2025,development,2025,18,"[2006, 2012, 2014, 2016, 2019]",m1_20260926T160821Z_a181f6c
impervious,cluster_gate,URBAN,ALL,observed-label_auc,,,,0,2025,development,2025,18,"[2006, 2012, 2014, 2016, 2019]",m1_20260926T160821Z_a181f6c
impervious,cell_gate,URBAN,ALL,capture_0.2,0.0,,,0,2025,development,2025,18,"[2006, 2012, 2014, 2016, 2019]",m1_20260926T160821Z_a181f6c
impervious,object,URBAN,ALL,capture_0.2,0.0,,,1,2025,development,2025,18,"[2006, 2012, 2014, 2016, 2019]",m1_20260926T160821Z_a181f6c
hand_neg,cell_gate,URBAN,ALL,observed-label_auc,,,,0,2025,development,2025,18,"[2006, 2012, 2014, 2016, 2019]",m1_20260926T160821Z_a181f6c
hand_neg,cluster_gate,URBAN,ALL,observed-label_auc,,,,0,2025,development,2025,18,"[2006, 2012, 2014, 2016, 2019]",m1_20260926T160821Z_a181f6c
hand_neg,cell_gate,URBAN,ALL,capture_0.2,0.0,,,0,2025,development,2025,18,"[2006, 2012, 2014, 2016, 2019]",m1_20260926T160821Z_a181f6c
hand_neg,object,URBAN,ALL,capture_0.2,1.0,,,1,2025,development,2025,18,"[2006, 2012, 2014, 2016, 2019]",m1_20260926T160821Z_a181f6c
hand_acc_neg,cell_gate,URBAN,ALL,observed-label_auc,,,,0,2025,development,2025,18,"[2006, 2012, 2014, 2016, 2019]",m1_20260926T160821Z_a181f6c
hand_acc_neg,cluster_gate,URBAN,ALL,observed-label_auc,,,,0,2025,development,2025,18,"[2006, 2012, 2014, 2016, 2019]",m1_20260926T160821Z_a181f6c
hand_acc_neg,cell_gate,URBAN,ALL,capture_0.2,0.0,,,0,2025,development,2025,18,"[2006, 2012, 2014, 2016, 2019]",m1_20260926T160821Z_a181f6c
hand_acc_neg,object,URBAN,ALL,capture_0.2,0.0,,,1,2025,development,2025,18,"[2006, 2012, 2014, 2016, 2019]",m1_20260926T160821Z_a181f6c
L1,cell_gate,URBAN,ALL,observed-label_auc,,,,0,2025,development,2025,18,"[2006, 2012, 2014, 2016, 2019]",m1_20260926T160821Z_a181f6c
L1,cluster_gate,URBAN,ALL,observed-label_auc,,,,0,2025,development,2025,18,"[2006, 2012, 2014, 2016, 2019]",m1_20260926T160821Z_a181f6c
L1,cell_gate,URBAN,ALL,capture_0.2,0.0,,,0,2025,development,2025,18,"[2006, 2012, 2014, 2016, 2019]",m1_20260926T160821Z_a181f6c
L1,object,URBAN,ALL,capture_0.2,0.0,,,1,2025,development,2025,18,"[2006, 2012, 2014, 2016, 2019]",m1_20260926T160821Z_a181f6c
z_sensitivity,cell_gate,URBAN,ALL,observed-label_auc,,,,0,2025,development,2025,18,"[2006, 2012, 2014, 2016, 2019]",m1_20260926T160821Z_a181f6c
z_sensitivity,cluster_gate,URBAN,ALL,observed-label_auc,,,,0,2025,development,2025,18,"[2006, 2012, 2014, 2016, 2019]",m1_20260926T160821Z_a181f6c
z_sensitivity,cell_gate,URBAN,ALL,capture_0.2,0.0,,,0,2025,development,2025,18,"[2006, 2012, 2014, 2016, 2019]",m1_20260926T160821Z_a181f6c
z_sensitivity,object,URBAN,ALL,capture_0.2,0.0,,,1,2025,development,2025,18,"[2006, 2012, 2014, 2016, 2019]",m1_20260926T160821Z_a181f6c
rf_F1_wf,cell_gate,URBAN,ALL,observed-label_auc,,,,0,2025,development,2025,18,"[2006, 2012, 2014, 2016, 2019]",m1_20260926T160821Z_a181f6c
rf_F1_wf,cluster_gate,URBAN,ALL,observed-label_auc,,,,0,2025,development,2025,18,"[2006, 2012, 2014, 2016, 2019]",m1_20260926T160821Z_a181f6c
rf_F1_wf,cell_gate,URBAN,ALL,capture_0.2,0.0,,,0,2025,development,2025,18,"[2006, 2012, 2014, 2016, 2019]",m1_20260926T160821Z_a181f6c
rf_F1_wf,object,URBAN,ALL,capture_0.2,0.0,,,1,2025,development,2025,18,"[2006, 2012, 2014, 2016, 2019]",m1_20260926T160821Z_a181f6c
logit_F1_wf,cell_gate,URBAN,ALL,observed-label_auc,,,,0,2025,development,2025,18,"[2006, 2012, 2014, 2016, 2019]",m1_20260926T160821Z_a181f6c
logit_F1_wf,cluster_gate,URBAN,ALL,observed-label_auc,,,,0,2025,development,2025,18,"[2006, 2012, 2014, 2016, 2019]",m1_20260926T160821Z_a181f6c
logit_F1_wf,cell_gate,URBAN,ALL,capture_0.2,0.0,,,0,2025,development,2025,18,"[2006, 2012, 2014, 2016, 2019]",m1_20260926T160821Z_a181f6c
logit_F1_wf,object,URBAN,ALL,capture_0.2,0.0,,,1,2025,development,2025,18,"[2006, 2012, 2014, 2016, 2019]",m1_20260926T160821Z_a181f6c
slope_neg,object,URBAN,ALL,observed-label_auc,0.9406908537910059,0.9406908537910059,0.9406908537910059,1,2025,development,2025,18,"[2006, 2012, 2014, 2016, 2019]",m1_20260926T160821Z_a181f6c
relelev_neg,object,URBAN,ALL,observed-label_auc,0.05366065609385184,0.05366065609385184,0.05366065609385184,1,2025,development,2025,18,"[2006, 2012, 2014, 2016, 2019]",m1_20260926T160821Z_a181f6c
twi,object,URBAN,ALL,observed-label_auc,0.6834673039322181,0.6834673039322181,0.6834673039322181,1,2025,development,2025,18,"[2006, 2012, 2014, 2016, 2019]",m1_20260926T160821Z_a181f6c
impervious,object,URBAN,ALL,observed-label_auc,0.1791766239409081,0.1791766239409081,0.1791766239409081,1,2025,development,2025,18,"[2006, 2012, 2014, 2016, 2019]",m1_20260926T160821Z_a181f6c
hand_neg,object,URBAN,ALL,observed-label_auc,0.8467303932218119,0.8467303932218119,0.8467303932218119,1,2025,development,2025,18,"[2006, 2012, 2014, 2016, 2019]",m1_20260926T160821Z_a181f6c
hand_acc_neg,object,URBAN,ALL,observed-label_auc,0.7811210080382359,0.7811210080382359,0.7811210080382359,1,2025,development,2025,18,"[2006, 2012, 2014, 2016, 2019]",m1_20260926T160821Z_a181f6c
L1,object,URBAN,ALL,observed-label_auc,0.022159461220942863,0.022159461220942863,0.022159461220942863,1,2025,development,2025,18,"[2006, 2012, 2014, 2016, 2019]",m1_20260926T160821Z_a181f6c
z_sensitivity,object,URBAN,ALL,observed-label_auc,0.13024114707799261,0.13024114707799261,0.13024114707799261,1,2025,development,2025,18,"[2006, 2012, 2014, 2016, 2019]",m1_20260926T160821Z_a181f6c
rf_F1_wf,object,URBAN,ALL,observed-label_auc,0.4347708016510971,0.4347708016510971,0.4347708016510971,1,2025,development,2025,18,"[2006, 2012, 2014, 2016, 2019]",m1_20260926T160821Z_a181f6c
logit_F1_wf,object,URBAN,ALL,observed-label_auc,0.4824027807951336,0.4824027807951336,0.4824027807951336,1,2025,development,2025,18,"[2006, 2012, 2014, 2016, 2019]",m1_20260926T160821Z_a181f6c
slope_neg,cell_gate,AGRI,ALL,observed-label_auc,0.8270601010733826,0.781,0.8637,23,2025,development,2025,18,"[2006, 2012, 2014, 2016, 2019]",m1_20260926T160821Z_a181f6c
slope_neg,cluster_gate,AGRI,ALL,observed-label_auc,0.821,0.7775,0.8619,12,2025,development,2025,18,"[2006, 2012, 2014, 2016, 2019]",m1_20260926T160821Z_a181f6c
slope_neg,cell_gate,AGRI,ALL,capture_0.2,0.6522,,,23,2025,development,2025,18,"[2006, 2012, 2014, 2016, 2019]",m1_20260926T160821Z_a181f6c
slope_neg,object,AGRI,ALL,capture_0.2,0.6139718589159787,,,18,2025,development,2025,18,"[2006, 2012, 2014, 2016, 2019]",m1_20260926T160821Z_a181f6c
relelev_neg,cell_gate,AGRI,ALL,observed-label_auc,0.3073633212212338,0.2595,0.3656,23,2025,development,2025,18,"[2006, 2012, 2014, 2016, 2019]",m1_20260926T160821Z_a181f6c
relelev_neg,cluster_gate,AGRI,ALL,observed-label_auc,0.3172,0.2721,0.3642,12,2025,development,2025,18,"[2006, 2012, 2014, 2016, 2019]",m1_20260926T160821Z_a181f6c
relelev_neg,cell_gate,AGRI,ALL,capture_0.2,0.0,,,23,2025,development,2025,18,"[2006, 2012, 2014, 2016, 2019]",m1_20260926T160821Z_a181f6c
relelev_neg,object,AGRI,ALL,capture_0.2,0.0,,,18,2025,development,2025,18,"[2006, 2012, 2014, 2016, 2019]",m1_20260926T160821Z_a181f6c
twi,cell_gate,AGRI,ALL,observed-label_auc,0.6870066407718332,0.6246,0.7372,23,2025,development,2025,18,"[2006, 2012, 2014, 2016, 2019]",m1_20260926T160821Z_a181f6c
twi,cluster_gate,AGRI,ALL,observed-label_auc,0.7111,0.6651,0.7554,12,2025,development,2025,18,"[2006, 2012, 2014, 2016, 2019]",m1_20260926T160821Z_a181f6c
twi,cell_gate,AGRI,ALL,capture_0.2,0.0435,,,23,2025,development,2025,18,"[2006, 2012, 2014, 2016, 2019]",m1_20260926T160821Z_a181f6c
twi,object,AGRI,ALL,capture_0.2,0.14655792113031302,,,18,2025,development,2025,18,"[2006, 2012, 2014, 2016, 2019]",m1_20260926T160821Z_a181f6c
impervious,cell_gate,AGRI,ALL,observed-label_auc,0.4575596207659859,0.4373,0.5009,23,2025,development,2025,18,"[2006, 2012, 2014, 2016, 2019]",m1_20260926T160821Z_a181f6c
impervious,cluster_gate,AGRI,ALL,observed-label_auc,0.4567,0.4373,0.4956,12,2025,development,2025,18,"[2006, 2012, 2014, 2016, 2019]",m1_20260926T160821Z_a181f6c
impervious,cell_gate,AGRI,ALL,capture_0.2,0.0435,,,23,2025,development,2025,18,"[2006, 2012, 2014, 2016, 2019]",m1_20260926T160821Z_a181f6c
impervious,object,AGRI,ALL,capture_0.2,0.05888952472026343,,,18,2025,development,2025,18,"[2006, 2012, 2014, 2016, 2019]",m1_20260926T160821Z_a181f6c
hand_neg,cell_gate,AGRI,ALL,observed-label_auc,0.7496637848222862,0.659,0.8187,23,2025,development,2025,18,"[2006, 2012, 2014, 2016, 2019]",m1_20260926T160821Z_a181f6c
hand_neg,cluster_gate,AGRI,ALL,observed-label_auc,0.7428,0.6351,0.8101,12,2025,development,2025,18,"[2006, 2012, 2014, 2016, 2019]",m1_20260926T160821Z_a181f6c
hand_neg,cell_gate,AGRI,ALL,capture_0.2,0.2174,,,23,2025,development,2025,18,"[2006, 2012, 2014, 2016, 2019]",m1_20260926T160821Z_a181f6c
hand_neg,object,AGRI,ALL,capture_0.2,0.16666666666666666,,,18,2025,development,2025,18,"[2006, 2012, 2014, 2016, 2019]",m1_20260926T160821Z_a181f6c
hand_acc_neg,cell_gate,AGRI,ALL,observed-label_auc,0.7419788664745437,0.659,0.7987,23,2025,development,2025,18,"[2006, 2012, 2014, 2016, 2019]",m1_20260926T160821Z_a181f6c
hand_acc_neg,cluster_gate,AGRI,ALL,observed-label_auc,0.7582,0.6999,0.7987,12,2025,development,2025,18,"[2006, 2012, 2014, 2016, 2019]",m1_20260926T160821Z_a181f6c
hand_acc_neg,cell_gate,AGRI,ALL,capture_0.2,0.0435,,,23,2025,development,2025,18,"[2006, 2012, 2014, 2016, 2019]",m1_20260926T160821Z_a181f6c
hand_acc_neg,object,AGRI,ALL,capture_0.2,0.05555555555555555,,,18,2025,development,2025,18,"[2006, 2012, 2014, 2016, 2019]",m1_20260926T160821Z_a181f6c
L1,cell_gate,AGRI,ALL,observed-label_auc,0.249158417909201,0.1724,0.3565,23,2025,development,2025,18,"[2006, 2012, 2014, 2016, 2019]",m1_20260926T160821Z_a181f6c
L1,cluster_gate,AGRI,ALL,observed-label_auc,0.2726,0.1798,0.3798,12,2025,development,2025,18,"[2006, 2012, 2014, 2016, 2019]",m1_20260926T160821Z_a181f6c
L1,cell_gate,AGRI,ALL,capture_0.2,0.0,,,23,2025,development,2025,18,"[2006, 2012, 2014, 2016, 2019]",m1_20260926T160821Z_a181f6c
L1,object,AGRI,ALL,capture_0.2,0.0,,,18,2025,development,2025,18,"[2006, 2012, 2014, 2016, 2019]",m1_20260926T160821Z_a181f6c
z_sensitivity,cell_gate,AGRI,ALL,observed-label_auc,0.5316961115983795,0.4574,0.6361,23,2025,development,2025,18,"[2006, 2012, 2014, 2016, 2019]",m1_20260926T160821Z_a181f6c
z_sensitivity,cluster_gate,AGRI,ALL,observed-label_auc,0.5558,0.471,0.6519,12,2025,development,2025,18,"[2006, 2012, 2014, 2016, 2019]",m1_20260926T160821Z_a181f6c
z_sensitivity,cell_gate,AGRI,ALL,capture_0.2,0.1304,,,23,2025,development,2025,18,"[2006, 2012, 2014, 2016, 2019]",m1_20260926T160821Z_a181f6c
z_sensitivity,object,AGRI,ALL,capture_0.2,0.11095042056394082,,,18,2025,development,2025,18,"[2006, 2012, 2014, 2016, 2019]",m1_20260926T160821Z_a181f6c
rf_F1_wf,cell_gate,AGRI,ALL,observed-label_auc,0.6741135196090715,0.6113,0.7493,23,2025,development,2025,18,"[2006, 2012, 2014, 2016, 2019]",m1_20260926T160821Z_a181f6c
rf_F1_wf,cluster_gate,AGRI,ALL,observed-label_auc,0.6845,0.6206,0.7543,12,2025,development,2025,18,"[2006, 2012, 2014, 2016, 2019]",m1_20260926T160821Z_a181f6c
rf_F1_wf,cell_gate,AGRI,ALL,capture_0.2,0.2609,,,23,2025,development,2025,18,"[2006, 2012, 2014, 2016, 2019]",m1_20260926T160821Z_a181f6c
rf_F1_wf,object,AGRI,ALL,capture_0.2,0.20728381639324958,,,18,2025,development,2025,18,"[2006, 2012, 2014, 2016, 2019]",m1_20260926T160821Z_a181f6c
logit_F1_wf,cell_gate,AGRI,ALL,observed-label_auc,0.6827047571315207,0.621,0.7636,23,2025,development,2025,18,"[2006, 2012, 2014, 2016, 2019]",m1_20260926T160821Z_a181f6c
logit_F1_wf,cluster_gate,AGRI,ALL,observed-label_auc,0.687,0.6257,0.7638,12,2025,development,2025,18,"[2006, 2012, 2014, 2016, 2019]",m1_20260926T160821Z_a181f6c
logit_F1_wf,cell_gate,AGRI,ALL,capture_0.2,0.2174,,,23,2025,development,2025,18,"[2006, 2012, 2014, 2016, 2019]",m1_20260926T160821Z_a181f6c
logit_F1_wf,object,AGRI,ALL,capture_0.2,0.13080710577625798,,,18,2025,development,2025,18,"[2006, 2012, 2014, 2016, 2019]",m1_20260926T160821Z_a181f6c
slope_neg,object,AGRI,ALL,observed-label_auc,0.8495016880973485,0.8138688485823996,0.8840252666390613,18,2025,development,2025,18,"[2006, 2012, 2014, 2016, 2019]",m1_20260926T160821Z_a181f6c
relelev_neg,object,AGRI,ALL,observed-label_auc,0.3029337836681607,0.2699461091522794,0.337704067094978,18,2025,development,2025,18,"[2006, 2012, 2014, 2016, 2019]",m1_20260926T160821Z_a181f6c
twi,object,AGRI,ALL,observed-label_auc,0.7249752420380154,0.6850711534096289,0.7639464065377889,18,2025,development,2025,18,"[2006, 2012, 2014, 2016, 2019]",m1_20260926T160821Z_a181f6c
impervious,object,AGRI,ALL,observed-label_auc,0.46397995034982764,0.4350532809871003,0.5142532455213741,18,2025,development,2025,18,"[2006, 2012, 2014, 2016, 2019]",m1_20260926T160821Z_a181f6c
hand_neg,object,AGRI,ALL,observed-label_auc,0.7520519661033929,0.6697809611520843,0.8240943860716973,18,2025,development,2025,18,"[2006, 2012, 2014, 2016, 2019]",m1_20260926T160821Z_a181f6c
hand_acc_neg,object,AGRI,ALL,observed-label_auc,0.7417503275642683,0.6681456192040038,0.8053076124861565,18,2025,development,2025,18,"[2006, 2012, 2014, 2016, 2019]",m1_20260926T160821Z_a181f6c
L1,object,AGRI,ALL,observed-label_auc,0.21200988439773705,0.15232659200361545,0.29311820005875383,18,2025,development,2025,18,"[2006, 2012, 2014, 2016, 2019]",m1_20260926T160821Z_a181f6c
z_sensitivity,object,AGRI,ALL,observed-label_auc,0.5234338839520133,0.4648336972920591,0.5971292059533483,18,2025,development,2025,18,"[2006, 2012, 2014, 2016, 2019]",m1_20260926T160821Z_a181f6c
rf_F1_wf,object,AGRI,ALL,observed-label_auc,0.6736793932085394,0.6275744493507909,0.7287958187853895,18,2025,development,2025,18,"[2006, 2012, 2014, 2016, 2019]",m1_20260926T160821Z_a181f6c
logit_F1_wf,object,AGRI,ALL,observed-label_auc,0.6887956202398233,0.6408151530818973,0.7455912270883625,18,2025,development,2025,18,"[2006, 2012, 2014, 2016, 2019]",m1_20260926T160821Z_a181f6c
slope_neg,cell_gate,UNIVERSE,ALL,observed-label_auc,0.9337254901960784,0.8803,0.9872,2,2025,development,2025,18,"[2006, 2012, 2014, 2016, 2019]",m1_20260926T160821Z_a181f6c
slope_neg,cluster_gate,UNIVERSE,ALL,observed-label_auc,0.9337,0.8803,0.9872,2,2025,development,2025,18,"[2006, 2012, 2014, 2016, 2019]",m1_20260926T160821Z_a181f6c
slope_neg,cell_gate,UNIVERSE,ALL,capture_0.2,1.0,,,2,2025,development,2025,18,"[2006, 2012, 2014, 2016, 2019]",m1_20260926T160821Z_a181f6c
slope_neg,object,UNIVERSE,ALL,capture_0.2,0.75,,,4,2025,development,2025,18,"[2006, 2012, 2014, 2016, 2019]",m1_20260926T160821Z_a181f6c
relelev_neg,cell_gate,UNIVERSE,ALL,observed-label_auc,0.1053921568627451,0.0859,0.1249,2,2025,development,2025,18,"[2006, 2012, 2014, 2016, 2019]",m1_20260926T160821Z_a181f6c
relelev_neg,cluster_gate,UNIVERSE,ALL,observed-label_auc,0.1054,0.0859,0.1249,2,2025,development,2025,18,"[2006, 2012, 2014, 2016, 2019]",m1_20260926T160821Z_a181f6c
relelev_neg,cell_gate,UNIVERSE,ALL,capture_0.2,0.0,,,2,2025,development,2025,18,"[2006, 2012, 2014, 2016, 2019]",m1_20260926T160821Z_a181f6c
relelev_neg,object,UNIVERSE,ALL,capture_0.2,0.0,,,4,2025,development,2025,18,"[2006, 2012, 2014, 2016, 2019]",m1_20260926T160821Z_a181f6c
twi,cell_gate,UNIVERSE,ALL,observed-label_auc,0.831078431372549,0.8059,0.8563,2,2025,development,2025,18,"[2006, 2012, 2014, 2016, 2019]",m1_20260926T160821Z_a181f6c
twi,cluster_gate,UNIVERSE,ALL,observed-label_auc,0.8311,0.8059,0.8563,2,2025,development,2025,18,"[2006, 2012, 2014, 2016, 2019]",m1_20260926T160821Z_a181f6c
twi,cell_gate,UNIVERSE,ALL,capture_0.2,1.0,,,2,2025,development,2025,18,"[2006, 2012, 2014, 2016, 2019]",m1_20260926T160821Z_a181f6c
twi,object,UNIVERSE,ALL,capture_0.2,0.5,,,4,2025,development,2025,18,"[2006, 2012, 2014, 2016, 2019]",m1_20260926T160821Z_a181f6c
impervious,cell_gate,UNIVERSE,ALL,observed-label_auc,0.3628676470588235,0.2819,0.4439,2,2025,development,2025,18,"[2006, 2012, 2014, 2016, 2019]",m1_20260926T160821Z_a181f6c
impervious,cluster_gate,UNIVERSE,ALL,observed-label_auc,0.3629,0.2819,0.4439,2,2025,development,2025,18,"[2006, 2012, 2014, 2016, 2019]",m1_20260926T160821Z_a181f6c
impervious,cell_gate,UNIVERSE,ALL,capture_0.2,0.0,,,2,2025,development,2025,18,"[2006, 2012, 2014, 2016, 2019]",m1_20260926T160821Z_a181f6c
impervious,object,UNIVERSE,ALL,capture_0.2,0.0,,,4,2025,development,2025,18,"[2006, 2012, 2014, 2016, 2019]",m1_20260926T160821Z_a181f6c
hand_neg,cell_gate,UNIVERSE,ALL,observed-label_auc,0.7678186274509804,0.6075,0.9281,2,2025,development,2025,18,"[2006, 2012, 2014, 2016, 2019]",m1_20260926T160821Z_a181f6c
hand_neg,cluster_gate,UNIVERSE,ALL,observed-label_auc,0.7678,0.6075,0.9281,2,2025,development,2025,18,"[2006, 2012, 2014, 2016, 2019]",m1_20260926T160821Z_a181f6c
hand_neg,cell_gate,UNIVERSE,ALL,capture_0.2,0.5,,,2,2025,development,2025,18,"[2006, 2012, 2014, 2016, 2019]",m1_20260926T160821Z_a181f6c
hand_neg,object,UNIVERSE,ALL,capture_0.2,0.5122668134765272,,,4,2025,development,2025,18,"[2006, 2012, 2014, 2016, 2019]",m1_20260926T160821Z_a181f6c
hand_acc_neg,cell_gate,UNIVERSE,ALL,observed-label_auc,0.7618137254901961,0.5867,0.937,2,2025,development,2025,18,"[2006, 2012, 2014, 2016, 2019]",m1_20260926T160821Z_a181f6c
hand_acc_neg,cluster_gate,UNIVERSE,ALL,observed-label_auc,0.7618,0.5867,0.937,2,2025,development,2025,18,"[2006, 2012, 2014, 2016, 2019]",m1_20260926T160821Z_a181f6c
hand_acc_neg,cell_gate,UNIVERSE,ALL,capture_0.2,0.5,,,2,2025,development,2025,18,"[2006, 2012, 2014, 2016, 2019]",m1_20260926T160821Z_a181f6c
hand_acc_neg,object,UNIVERSE,ALL,capture_0.2,0.5122668134765272,,,4,2025,development,2025,18,"[2006, 2012, 2014, 2016, 2019]",m1_20260926T160821Z_a181f6c
L1,cell_gate,UNIVERSE,ALL,observed-label_auc,0.1321078431372549,0.073,0.1912,2,2025,development,2025,18,"[2006, 2012, 2014, 2016, 2019]",m1_20260926T160821Z_a181f6c
L1,cluster_gate,UNIVERSE,ALL,observed-label_auc,0.1321,0.073,0.1912,2,2025,development,2025,18,"[2006, 2012, 2014, 2016, 2019]",m1_20260926T160821Z_a181f6c
L1,cell_gate,UNIVERSE,ALL,capture_0.2,0.0,,,2,2025,development,2025,18,"[2006, 2012, 2014, 2016, 2019]",m1_20260926T160821Z_a181f6c
L1,object,UNIVERSE,ALL,capture_0.2,0.0,,,4,2025,development,2025,18,"[2006, 2012, 2014, 2016, 2019]",m1_20260926T160821Z_a181f6c
z_sensitivity,cell_gate,UNIVERSE,ALL,observed-label_auc,0.32323529411764707,0.271,0.3755,2,2025,development,2025,18,"[2006, 2012, 2014, 2016, 2019]",m1_20260926T160821Z_a181f6c
z_sensitivity,cluster_gate,UNIVERSE,ALL,observed-label_auc,0.3232,0.271,0.3755,2,2025,development,2025,18,"[2006, 2012, 2014, 2016, 2019]",m1_20260926T160821Z_a181f6c
z_sensitivity,cell_gate,UNIVERSE,ALL,capture_0.2,0.0,,,2,2025,development,2025,18,"[2006, 2012, 2014, 2016, 2019]",m1_20260926T160821Z_a181f6c
z_sensitivity,object,UNIVERSE,ALL,capture_0.2,0.0,,,4,2025,development,2025,18,"[2006, 2012, 2014, 2016, 2019]",m1_20260926T160821Z_a181f6c
rf_F1_wf,cell_gate,UNIVERSE,ALL,observed-label_auc,0.6322058823529412,0.5734,0.691,2,2025,development,2025,18,"[2006, 2012, 2014, 2016, 2019]",m1_20260926T160821Z_a181f6c
rf_F1_wf,cluster_gate,UNIVERSE,ALL,observed-label_auc,0.6322,0.5734,0.691,2,2025,development,2025,18,"[2006, 2012, 2014, 2016, 2019]",m1_20260926T160821Z_a181f6c
rf_F1_wf,cell_gate,UNIVERSE,ALL,capture_0.2,0.0,,,2,2025,development,2025,18,"[2006, 2012, 2014, 2016, 2019]",m1_20260926T160821Z_a181f6c
rf_F1_wf,object,UNIVERSE,ALL,capture_0.2,0.0,,,4,2025,development,2025,18,"[2006, 2012, 2014, 2016, 2019]",m1_20260926T160821Z_a181f6c
logit_F1_wf,cell_gate,UNIVERSE,ALL,observed-label_auc,0.6292156862745099,0.6046,0.6538,2,2025,development,2025,18,"[2006, 2012, 2014, 2016, 2019]",m1_20260926T160821Z_a181f6c
logit_F1_wf,cluster_gate,UNIVERSE,ALL,observed-label_auc,0.6292,0.6046,0.6538,2,2025,development,2025,18,"[2006, 2012, 2014, 2016, 2019]",m1_20260926T160821Z_a181f6c
logit_F1_wf,cell_gate,UNIVERSE,ALL,capture_0.2,0.0,,,2,2025,development,2025,18,"[2006, 2012, 2014, 2016, 2019]",m1_20260926T160821Z_a181f6c
logit_F1_wf,object,UNIVERSE,ALL,capture_0.2,0.0,,,4,2025,development,2025,18,"[2006, 2012, 2014, 2016, 2019]",m1_20260926T160821Z_a181f6c
slope_neg,object,UNIVERSE,ALL,observed-label_auc,0.8350708934799549,0.618075117370892,0.9685147148686597,4,2025,development,2025,18,"[2006, 2012, 2014, 2016, 2019]",m1_20260926T160821Z_a181f6c
relelev_neg,object,UNIVERSE,ALL,observed-label_auc,0.10088541602260481,0.08246984091323259,0.11930099113197705,4,2025,development,2025,18,"[2006, 2012, 2014, 2016, 2019]",m1_20260926T160821Z_a181f6c
twi,object,UNIVERSE,ALL,observed-label_auc,0.667073279005808,0.41349765258215965,0.8411366466918456,4,2025,development,2025,18,"[2006, 2012, 2014, 2016, 2019]",m1_20260926T160821Z_a181f6c
impervious,object,UNIVERSE,ALL,observed-label_auc,0.34690992551329064,0.25523021763639964,0.42639540949400107,4,2025,development,2025,18,"[2006, 2012, 2014, 2016, 2019]",m1_20260926T160821Z_a181f6c
hand_neg,object,UNIVERSE,ALL,observed-label_auc,0.8024142762969948,0.6913195112071033,0.898135106937924,4,2025,development,2025,18,"[2006, 2012, 2014, 2016, 2019]",m1_20260926T160821Z_a181f6c
hand_acc_neg,object,UNIVERSE,ALL,observed-label_auc,0.8018126878804412,0.6781167282213966,0.9056729264475744,4,2025,development,2025,18,"[2006, 2012, 2014, 2016, 2019]",m1_20260926T160821Z_a181f6c
L1,object,UNIVERSE,ALL,observed-label_auc,0.09521531443373908,0.05586854460093897,0.1594679186228482,4,2025,development,2025,18,"[2006, 2012, 2014, 2016, 2019]",m1_20260926T160821Z_a181f6c
z_sensitivity,object,UNIVERSE,ALL,observed-label_auc,0.26918165320321763,0.20516431924882628,0.34590505998956705,4,2025,development,2025,18,"[2006, 2012, 2014, 2016, 2019]",m1_20260926T160821Z_a181f6c
rf_F1_wf,object,UNIVERSE,ALL,observed-label_auc,0.5337107702458562,0.3146844027125717,0.6816502590304154,4,2025,development,2025,18,"[2006, 2012, 2014, 2016, 2019]",m1_20260926T160821Z_a181f6c
logit_F1_wf,object,UNIVERSE,ALL,observed-label_auc,0.5596410853673754,0.4534689619196661,0.6465643825240049,4,2025,development,2025,18,"[2006, 2012, 2014, 2016, 2019]",m1_20260926T160821Z_a181f6c
slope_neg,cell_gate,ALL,ALL,observed-label_auc,,,,0,2022-09-06,holdout,2022,5,"[2006, 2012, 2014, 2016, 2019]",m1_20260926T160821Z_a181f6c
slope_neg,cluster_gate,ALL,ALL,observed-label_auc,,,,0,2022-09-06,holdout,2022,5,"[2006, 2012, 2014, 2016, 2019]",m1_20260926T160821Z_a181f6c
slope_neg,cell_gate,ALL,ALL,capture_0.2,0.0,,,0,2022-09-06,holdout,2022,5,"[2006, 2012, 2014, 2016, 2019]",m1_20260926T160821Z_a181f6c
slope_neg,object,ALL,ALL,capture_0.2,0.2,,,5,2022-09-06,holdout,2022,5,"[2006, 2012, 2014, 2016, 2019]",m1_20260926T160821Z_a181f6c
relelev_neg,cell_gate,ALL,ALL,observed-label_auc,,,,0,2022-09-06,holdout,2022,5,"[2006, 2012, 2014, 2016, 2019]",m1_20260926T160821Z_a181f6c
relelev_neg,cluster_gate,ALL,ALL,observed-label_auc,,,,0,2022-09-06,holdout,2022,5,"[2006, 2012, 2014, 2016, 2019]",m1_20260926T160821Z_a181f6c
relelev_neg,cell_gate,ALL,ALL,capture_0.2,0.0,,,0,2022-09-06,holdout,2022,5,"[2006, 2012, 2014, 2016, 2019]",m1_20260926T160821Z_a181f6c
relelev_neg,object,ALL,ALL,capture_0.2,0.0,,,5,2022-09-06,holdout,2022,5,"[2006, 2012, 2014, 2016, 2019]",m1_20260926T160821Z_a181f6c
twi,cell_gate,ALL,ALL,observed-label_auc,,,,0,2022-09-06,holdout,2022,5,"[2006, 2012, 2014, 2016, 2019]",m1_20260926T160821Z_a181f6c
twi,cluster_gate,ALL,ALL,observed-label_auc,,,,0,2022-09-06,holdout,2022,5,"[2006, 2012, 2014, 2016, 2019]",m1_20260926T160821Z_a181f6c
twi,cell_gate,ALL,ALL,capture_0.2,0.0,,,0,2022-09-06,holdout,2022,5,"[2006, 2012, 2014, 2016, 2019]",m1_20260926T160821Z_a181f6c
twi,object,ALL,ALL,capture_0.2,0.6,,,5,2022-09-06,holdout,2022,5,"[2006, 2012, 2014, 2016, 2019]",m1_20260926T160821Z_a181f6c
impervious,cell_gate,ALL,ALL,observed-label_auc,,,,0,2022-09-06,holdout,2022,5,"[2006, 2012, 2014, 2016, 2019]",m1_20260926T160821Z_a181f6c
impervious,cluster_gate,ALL,ALL,observed-label_auc,,,,0,2022-09-06,holdout,2022,5,"[2006, 2012, 2014, 2016, 2019]",m1_20260926T160821Z_a181f6c
impervious,cell_gate,ALL,ALL,capture_0.2,0.0,,,0,2022-09-06,holdout,2022,5,"[2006, 2012, 2014, 2016, 2019]",m1_20260926T160821Z_a181f6c
impervious,object,ALL,ALL,capture_0.2,1.0,,,5,2022-09-06,holdout,2022,5,"[2006, 2012, 2014, 2016, 2019]",m1_20260926T160821Z_a181f6c
hand_neg,cell_gate,ALL,ALL,observed-label_auc,,,,0,2022-09-06,holdout,2022,5,"[2006, 2012, 2014, 2016, 2019]",m1_20260926T160821Z_a181f6c
hand_neg,cluster_gate,ALL,ALL,observed-label_auc,,,,0,2022-09-06,holdout,2022,5,"[2006, 2012, 2014, 2016, 2019]",m1_20260926T160821Z_a181f6c
hand_neg,cell_gate,ALL,ALL,capture_0.2,0.0,,,0,2022-09-06,holdout,2022,5,"[2006, 2012, 2014, 2016, 2019]",m1_20260926T160821Z_a181f6c
hand_neg,object,ALL,ALL,capture_0.2,0.0,,,5,2022-09-06,holdout,2022,5,"[2006, 2012, 2014, 2016, 2019]",m1_20260926T160821Z_a181f6c
hand_acc_neg,cell_gate,ALL,ALL,observed-label_auc,,,,0,2022-09-06,holdout,2022,5,"[2006, 2012, 2014, 2016, 2019]",m1_20260926T160821Z_a181f6c
hand_acc_neg,cluster_gate,ALL,ALL,observed-label_auc,,,,0,2022-09-06,holdout,2022,5,"[2006, 2012, 2014, 2016, 2019]",m1_20260926T160821Z_a181f6c
hand_acc_neg,cell_gate,ALL,ALL,capture_0.2,0.0,,,0,2022-09-06,holdout,2022,5,"[2006, 2012, 2014, 2016, 2019]",m1_20260926T160821Z_a181f6c
hand_acc_neg,object,ALL,ALL,capture_0.2,0.2,,,5,2022-09-06,holdout,2022,5,"[2006, 2012, 2014, 2016, 2019]",m1_20260926T160821Z_a181f6c
L1,cell_gate,ALL,ALL,observed-label_auc,,,,0,2022-09-06,holdout,2022,5,"[2006, 2012, 2014, 2016, 2019]",m1_20260926T160821Z_a181f6c
L1,cluster_gate,ALL,ALL,observed-label_auc,,,,0,2022-09-06,holdout,2022,5,"[2006, 2012, 2014, 2016, 2019]",m1_20260926T160821Z_a181f6c
L1,cell_gate,ALL,ALL,capture_0.2,0.0,,,0,2022-09-06,holdout,2022,5,"[2006, 2012, 2014, 2016, 2019]",m1_20260926T160821Z_a181f6c
L1,object,ALL,ALL,capture_0.2,1.0,,,5,2022-09-06,holdout,2022,5,"[2006, 2012, 2014, 2016, 2019]",m1_20260926T160821Z_a181f6c
z_sensitivity,cell_gate,ALL,ALL,observed-label_auc,,,,0,2022-09-06,holdout,2022,5,"[2006, 2012, 2014, 2016, 2019]",m1_20260926T160821Z_a181f6c
z_sensitivity,cluster_gate,ALL,ALL,observed-label_auc,,,,0,2022-09-06,holdout,2022,5,"[2006, 2012, 2014, 2016, 2019]",m1_20260926T160821Z_a181f6c
z_sensitivity,cell_gate,ALL,ALL,capture_0.2,0.0,,,0,2022-09-06,holdout,2022,5,"[2006, 2012, 2014, 2016, 2019]",m1_20260926T160821Z_a181f6c
z_sensitivity,object,ALL,ALL,capture_0.2,0.8,,,5,2022-09-06,holdout,2022,5,"[2006, 2012, 2014, 2016, 2019]",m1_20260926T160821Z_a181f6c
rf_F1_wf,cell_gate,ALL,ALL,observed-label_auc,,,,0,2022-09-06,holdout,2022,5,"[2006, 2012, 2014, 2016, 2019]",m1_20260926T160821Z_a181f6c
rf_F1_wf,cluster_gate,ALL,ALL,observed-label_auc,,,,0,2022-09-06,holdout,2022,5,"[2006, 2012, 2014, 2016, 2019]",m1_20260926T160821Z_a181f6c
rf_F1_wf,cell_gate,ALL,ALL,capture_0.2,0.0,,,0,2022-09-06,holdout,2022,5,"[2006, 2012, 2014, 2016, 2019]",m1_20260926T160821Z_a181f6c
rf_F1_wf,object,ALL,ALL,capture_0.2,0.6000108853563687,,,5,2022-09-06,holdout,2022,5,"[2006, 2012, 2014, 2016, 2019]",m1_20260926T160821Z_a181f6c
logit_F1_wf,cell_gate,ALL,ALL,observed-label_auc,,,,0,2022-09-06,holdout,2022,5,"[2006, 2012, 2014, 2016, 2019]",m1_20260926T160821Z_a181f6c
logit_F1_wf,cluster_gate,ALL,ALL,observed-label_auc,,,,0,2022-09-06,holdout,2022,5,"[2006, 2012, 2014, 2016, 2019]",m1_20260926T160821Z_a181f6c
logit_F1_wf,cell_gate,ALL,ALL,capture_0.2,0.0,,,0,2022-09-06,holdout,2022,5,"[2006, 2012, 2014, 2016, 2019]",m1_20260926T160821Z_a181f6c
logit_F1_wf,object,ALL,ALL,capture_0.2,0.6,,,5,2022-09-06,holdout,2022,5,"[2006, 2012, 2014, 2016, 2019]",m1_20260926T160821Z_a181f6c
slope_neg,object,ALL,ALL,observed-label_auc,0.7721715443495709,0.7279873528143941,0.8253862075582911,5,2022-09-06,holdout,2022,5,"[2006, 2012, 2014, 2016, 2019]",m1_20260926T160821Z_a181f6c
relelev_neg,object,ALL,ALL,observed-label_auc,0.6073803433639534,0.5504119090373254,0.6643487776905814,5,2022-09-06,holdout,2022,5,"[2006, 2012, 2014, 2016, 2019]",m1_20260926T160821Z_a181f6c
twi,object,ALL,ALL,observed-label_auc,0.8084368483777922,0.6691568544131152,0.9292887201348812,5,2022-09-06,holdout,2022,5,"[2006, 2012, 2014, 2016, 2019]",m1_20260926T160821Z_a181f6c
impervious,object,ALL,ALL,observed-label_auc,0.9243434585163044,0.8904092817175435,0.9582776353150653,5,2022-09-06,holdout,2022,5,"[2006, 2012, 2014, 2016, 2019]",m1_20260926T160821Z_a181f6c
hand_neg,object,ALL,ALL,observed-label_auc,0.7175638119859091,0.6598315353720888,0.7751789888806221,5,2022-09-06,holdout,2022,5,"[2006, 2012, 2014, 2016, 2019]",m1_20260926T160821Z_a181f6c
hand_acc_neg,object,ALL,ALL,observed-label_auc,0.7377906092477954,0.6169506394527986,0.8631804038216385,5,2022-09-06,holdout,2022,5,"[2006, 2012, 2014, 2016, 2019]",m1_20260926T160821Z_a181f6c
L1,object,ALL,ALL,observed-label_auc,0.9153128672505149,0.854352802489274,0.9705899688840759,5,2022-09-06,holdout,2022,5,"[2006, 2012, 2014, 2016, 2019]",m1_20260926T160821Z_a181f6c
z_sensitivity,object,ALL,ALL,observed-label_auc,0.8890136346808595,0.7802998052290206,0.9720998451057531,5,2022-09-06,holdout,2022,5,"[2006, 2012, 2014, 2016, 2019]",m1_20260926T160821Z_a181f6c
rf_F1_wf,object,ALL,ALL,observed-label_auc,0.8606011672691304,0.7658442689921576,0.9500034268638713,5,2022-09-06,holdout,2022,5,"[2006, 2012, 2014, 2016, 2019]",m1_20260926T160821Z_a181f6c
logit_F1_wf,object,ALL,ALL,observed-label_auc,0.8630710982543647,0.7775122566844589,0.9486627691801572,5,2022-09-06,holdout,2022,5,"[2006, 2012, 2014, 2016, 2019]",m1_20260926T160821Z_a181f6c
slope_neg,cell_gate,FLAT,ALL,observed-label_auc,,,,0,2022-09-06,holdout,2022,5,"[2006, 2012, 2014, 2016, 2019]",m1_20260926T160821Z_a181f6c
slope_neg,cluster_gate,FLAT,ALL,observed-label_auc,,,,0,2022-09-06,holdout,2022,5,"[2006, 2012, 2014, 2016, 2019]",m1_20260926T160821Z_a181f6c
slope_neg,cell_gate,FLAT,ALL,capture_0.2,0.0,,,0,2022-09-06,holdout,2022,5,"[2006, 2012, 2014, 2016, 2019]",m1_20260926T160821Z_a181f6c
slope_neg,object,FLAT,ALL,capture_0.2,0.0,,,5,2022-09-06,holdout,2022,5,"[2006, 2012, 2014, 2016, 2019]",m1_20260926T160821Z_a181f6c
relelev_neg,cell_gate,FLAT,ALL,observed-label_auc,,,,0,2022-09-06,holdout,2022,5,"[2006, 2012, 2014, 2016, 2019]",m1_20260926T160821Z_a181f6c
relelev_neg,cluster_gate,FLAT,ALL,observed-label_auc,,,,0,2022-09-06,holdout,2022,5,"[2006, 2012, 2014, 2016, 2019]",m1_20260926T160821Z_a181f6c
relelev_neg,cell_gate,FLAT,ALL,capture_0.2,0.0,,,0,2022-09-06,holdout,2022,5,"[2006, 2012, 2014, 2016, 2019]",m1_20260926T160821Z_a181f6c
relelev_neg,object,FLAT,ALL,capture_0.2,1.0885356368725477e-05,,,5,2022-09-06,holdout,2022,5,"[2006, 2012, 2014, 2016, 2019]",m1_20260926T160821Z_a181f6c
twi,cell_gate,FLAT,ALL,observed-label_auc,,,,0,2022-09-06,holdout,2022,5,"[2006, 2012, 2014, 2016, 2019]",m1_20260926T160821Z_a181f6c
twi,cluster_gate,FLAT,ALL,observed-label_auc,,,,0,2022-09-06,holdout,2022,5,"[2006, 2012, 2014, 2016, 2019]",m1_20260926T160821Z_a181f6c
twi,cell_gate,FLAT,ALL,capture_0.2,0.0,,,0,2022-09-06,holdout,2022,5,"[2006, 2012, 2014, 2016, 2019]",m1_20260926T160821Z_a181f6c
twi,object,FLAT,ALL,capture_0.2,0.2,,,5,2022-09-06,holdout,2022,5,"[2006, 2012, 2014, 2016, 2019]",m1_20260926T160821Z_a181f6c
impervious,cell_gate,FLAT,ALL,observed-label_auc,,,,0,2022-09-06,holdout,2022,5,"[2006, 2012, 2014, 2016, 2019]",m1_20260926T160821Z_a181f6c
impervious,cluster_gate,FLAT,ALL,observed-label_auc,,,,0,2022-09-06,holdout,2022,5,"[2006, 2012, 2014, 2016, 2019]",m1_20260926T160821Z_a181f6c
impervious,cell_gate,FLAT,ALL,capture_0.2,0.0,,,0,2022-09-06,holdout,2022,5,"[2006, 2012, 2014, 2016, 2019]",m1_20260926T160821Z_a181f6c
impervious,object,FLAT,ALL,capture_0.2,0.4,,,5,2022-09-06,holdout,2022,5,"[2006, 2012, 2014, 2016, 2019]",m1_20260926T160821Z_a181f6c
hand_neg,cell_gate,FLAT,ALL,observed-label_auc,,,,0,2022-09-06,holdout,2022,5,"[2006, 2012, 2014, 2016, 2019]",m1_20260926T160821Z_a181f6c
hand_neg,cluster_gate,FLAT,ALL,observed-label_auc,,,,0,2022-09-06,holdout,2022,5,"[2006, 2012, 2014, 2016, 2019]",m1_20260926T160821Z_a181f6c
hand_neg,cell_gate,FLAT,ALL,capture_0.2,0.0,,,0,2022-09-06,holdout,2022,5,"[2006, 2012, 2014, 2016, 2019]",m1_20260926T160821Z_a181f6c
hand_neg,object,FLAT,ALL,capture_0.2,0.0,,,5,2022-09-06,holdout,2022,5,"[2006, 2012, 2014, 2016, 2019]",m1_20260926T160821Z_a181f6c
hand_acc_neg,cell_gate,FLAT,ALL,observed-label_auc,,,,0,2022-09-06,holdout,2022,5,"[2006, 2012, 2014, 2016, 2019]",m1_20260926T160821Z_a181f6c
hand_acc_neg,cluster_gate,FLAT,ALL,observed-label_auc,,,,0,2022-09-06,holdout,2022,5,"[2006, 2012, 2014, 2016, 2019]",m1_20260926T160821Z_a181f6c
hand_acc_neg,cell_gate,FLAT,ALL,capture_0.2,0.0,,,0,2022-09-06,holdout,2022,5,"[2006, 2012, 2014, 2016, 2019]",m1_20260926T160821Z_a181f6c
hand_acc_neg,object,FLAT,ALL,capture_0.2,0.2,,,5,2022-09-06,holdout,2022,5,"[2006, 2012, 2014, 2016, 2019]",m1_20260926T160821Z_a181f6c
L1,cell_gate,FLAT,ALL,observed-label_auc,,,,0,2022-09-06,holdout,2022,5,"[2006, 2012, 2014, 2016, 2019]",m1_20260926T160821Z_a181f6c
L1,cluster_gate,FLAT,ALL,observed-label_auc,,,,0,2022-09-06,holdout,2022,5,"[2006, 2012, 2014, 2016, 2019]",m1_20260926T160821Z_a181f6c
L1,cell_gate,FLAT,ALL,capture_0.2,0.0,,,0,2022-09-06,holdout,2022,5,"[2006, 2012, 2014, 2016, 2019]",m1_20260926T160821Z_a181f6c
L1,object,FLAT,ALL,capture_0.2,0.6,,,5,2022-09-06,holdout,2022,5,"[2006, 2012, 2014, 2016, 2019]",m1_20260926T160821Z_a181f6c
z_sensitivity,cell_gate,FLAT,ALL,observed-label_auc,,,,0,2022-09-06,holdout,2022,5,"[2006, 2012, 2014, 2016, 2019]",m1_20260926T160821Z_a181f6c
z_sensitivity,cluster_gate,FLAT,ALL,observed-label_auc,,,,0,2022-09-06,holdout,2022,5,"[2006, 2012, 2014, 2016, 2019]",m1_20260926T160821Z_a181f6c
z_sensitivity,cell_gate,FLAT,ALL,capture_0.2,0.0,,,0,2022-09-06,holdout,2022,5,"[2006, 2012, 2014, 2016, 2019]",m1_20260926T160821Z_a181f6c
z_sensitivity,object,FLAT,ALL,capture_0.2,0.4,,,5,2022-09-06,holdout,2022,5,"[2006, 2012, 2014, 2016, 2019]",m1_20260926T160821Z_a181f6c
rf_F1_wf,cell_gate,FLAT,ALL,observed-label_auc,,,,0,2022-09-06,holdout,2022,5,"[2006, 2012, 2014, 2016, 2019]",m1_20260926T160821Z_a181f6c
rf_F1_wf,cluster_gate,FLAT,ALL,observed-label_auc,,,,0,2022-09-06,holdout,2022,5,"[2006, 2012, 2014, 2016, 2019]",m1_20260926T160821Z_a181f6c
rf_F1_wf,cell_gate,FLAT,ALL,capture_0.2,0.0,,,0,2022-09-06,holdout,2022,5,"[2006, 2012, 2014, 2016, 2019]",m1_20260926T160821Z_a181f6c
rf_F1_wf,object,FLAT,ALL,capture_0.2,0.4,,,5,2022-09-06,holdout,2022,5,"[2006, 2012, 2014, 2016, 2019]",m1_20260926T160821Z_a181f6c
logit_F1_wf,cell_gate,FLAT,ALL,observed-label_auc,,,,0,2022-09-06,holdout,2022,5,"[2006, 2012, 2014, 2016, 2019]",m1_20260926T160821Z_a181f6c
logit_F1_wf,cluster_gate,FLAT,ALL,observed-label_auc,,,,0,2022-09-06,holdout,2022,5,"[2006, 2012, 2014, 2016, 2019]",m1_20260926T160821Z_a181f6c
logit_F1_wf,cell_gate,FLAT,ALL,capture_0.2,0.0,,,0,2022-09-06,holdout,2022,5,"[2006, 2012, 2014, 2016, 2019]",m1_20260926T160821Z_a181f6c
logit_F1_wf,object,FLAT,ALL,capture_0.2,0.2,,,5,2022-09-06,holdout,2022,5,"[2006, 2012, 2014, 2016, 2019]",m1_20260926T160821Z_a181f6c
slope_neg,object,FLAT,ALL,observed-label_auc,0.19760696509289596,0.04199388577138622,0.38502462102925566,5,2022-09-06,holdout,2022,5,"[2006, 2012, 2014, 2016, 2019]",m1_20260926T160821Z_a181f6c
relelev_neg,object,FLAT,ALL,observed-label_auc,0.6394711772315965,0.5462585690837115,0.7326837853794816,5,2022-09-06,holdout,2022,5,"[2006, 2012, 2014, 2016, 2019]",m1_20260926T160821Z_a181f6c
twi,object,FLAT,ALL,observed-label_auc,0.5021313169171011,0.23090877164538487,0.7795210968427151,5,2022-09-06,holdout,2022,5,"[2006, 2012, 2014, 2016, 2019]",m1_20260926T160821Z_a181f6c
impervious,object,FLAT,ALL,observed-label_auc,0.7718461533746376,0.6734972106305996,0.8701950961186753,5,2022-09-06,holdout,2022,5,"[2006, 2012, 2014, 2016, 2019]",m1_20260926T160821Z_a181f6c
hand_neg,object,FLAT,ALL,observed-label_auc,0.24505243468659543,0.1413641079510543,0.3487407614221366,5,2022-09-06,holdout,2022,5,"[2006, 2012, 2014, 2016, 2019]",m1_20260926T160821Z_a181f6c
hand_acc_neg,object,FLAT,ALL,observed-label_auc,0.3223336693201474,0.11605772068637313,0.6009172540310901,5,2022-09-06,holdout,2022,5,"[2006, 2012, 2014, 2016, 2019]",m1_20260926T160821Z_a181f6c
L1,object,FLAT,ALL,observed-label_auc,0.7747422581693331,0.6442513407086575,0.9107270445109586,5,2022-09-06,holdout,2022,5,"[2006, 2012, 2014, 2016, 2019]",m1_20260926T160821Z_a181f6c
z_sensitivity,object,FLAT,ALL,observed-label_auc,0.6951244753173894,0.4343539819312737,0.9091532296997201,5,2022-09-06,holdout,2022,5,"[2006, 2012, 2014, 2016, 2019]",m1_20260926T160821Z_a181f6c
rf_F1_wf,object,FLAT,ALL,observed-label_auc,0.562104474752852,0.29833273052337306,0.8258762189823308,5,2022-09-06,holdout,2022,5,"[2006, 2012, 2014, 2016, 2019]",m1_20260926T160821Z_a181f6c
logit_F1_wf,object,FLAT,ALL,observed-label_auc,0.5362566956545742,0.25318346951712367,0.8194453026938303,5,2022-09-06,holdout,2022,5,"[2006, 2012, 2014, 2016, 2019]",m1_20260926T160821Z_a181f6c
slope_neg,cell_gate,URBAN,ALL,observed-label_auc,,,,0,2022-09-06,holdout,2022,5,"[2006, 2012, 2014, 2016, 2019]",m1_20260926T160821Z_a181f6c
slope_neg,cluster_gate,URBAN,ALL,observed-label_auc,,,,0,2022-09-06,holdout,2022,5,"[2006, 2012, 2014, 2016, 2019]",m1_20260926T160821Z_a181f6c
slope_neg,cell_gate,URBAN,ALL,capture_0.2,0.0,,,0,2022-09-06,holdout,2022,5,"[2006, 2012, 2014, 2016, 2019]",m1_20260926T160821Z_a181f6c
slope_neg,object,URBAN,ALL,capture_0.2,0.0,,,5,2022-09-06,holdout,2022,5,"[2006, 2012, 2014, 2016, 2019]",m1_20260926T160821Z_a181f6c
relelev_neg,cell_gate,URBAN,ALL,observed-label_auc,,,,0,2022-09-06,holdout,2022,5,"[2006, 2012, 2014, 2016, 2019]",m1_20260926T160821Z_a181f6c
relelev_neg,cluster_gate,URBAN,ALL,observed-label_auc,,,,0,2022-09-06,holdout,2022,5,"[2006, 2012, 2014, 2016, 2019]",m1_20260926T160821Z_a181f6c
relelev_neg,cell_gate,URBAN,ALL,capture_0.2,0.0,,,0,2022-09-06,holdout,2022,5,"[2006, 2012, 2014, 2016, 2019]",m1_20260926T160821Z_a181f6c
relelev_neg,object,URBAN,ALL,capture_0.2,1.0885356368725477e-05,,,5,2022-09-06,holdout,2022,5,"[2006, 2012, 2014, 2016, 2019]",m1_20260926T160821Z_a181f6c
twi,cell_gate,URBAN,ALL,observed-label_auc,,,,0,2022-09-06,holdout,2022,5,"[2006, 2012, 2014, 2016, 2019]",m1_20260926T160821Z_a181f6c
twi,cluster_gate,URBAN,ALL,observed-label_auc,,,,0,2022-09-06,holdout,2022,5,"[2006, 2012, 2014, 2016, 2019]",m1_20260926T160821Z_a181f6c
twi,cell_gate,URBAN,ALL,capture_0.2,0.0,,,0,2022-09-06,holdout,2022,5,"[2006, 2012, 2014, 2016, 2019]",m1_20260926T160821Z_a181f6c
twi,object,URBAN,ALL,capture_0.2,0.2,,,5,2022-09-06,holdout,2022,5,"[2006, 2012, 2014, 2016, 2019]",m1_20260926T160821Z_a181f6c
impervious,cell_gate,URBAN,ALL,observed-label_auc,,,,0,2022-09-06,holdout,2022,5,"[2006, 2012, 2014, 2016, 2019]",m1_20260926T160821Z_a181f6c
impervious,cluster_gate,URBAN,ALL,observed-label_auc,,,,0,2022-09-06,holdout,2022,5,"[2006, 2012, 2014, 2016, 2019]",m1_20260926T160821Z_a181f6c
impervious,cell_gate,URBAN,ALL,capture_0.2,0.0,,,0,2022-09-06,holdout,2022,5,"[2006, 2012, 2014, 2016, 2019]",m1_20260926T160821Z_a181f6c
impervious,object,URBAN,ALL,capture_0.2,0.2,,,5,2022-09-06,holdout,2022,5,"[2006, 2012, 2014, 2016, 2019]",m1_20260926T160821Z_a181f6c
hand_neg,cell_gate,URBAN,ALL,observed-label_auc,,,,0,2022-09-06,holdout,2022,5,"[2006, 2012, 2014, 2016, 2019]",m1_20260926T160821Z_a181f6c
hand_neg,cluster_gate,URBAN,ALL,observed-label_auc,,,,0,2022-09-06,holdout,2022,5,"[2006, 2012, 2014, 2016, 2019]",m1_20260926T160821Z_a181f6c
hand_neg,cell_gate,URBAN,ALL,capture_0.2,0.0,,,0,2022-09-06,holdout,2022,5,"[2006, 2012, 2014, 2016, 2019]",m1_20260926T160821Z_a181f6c
hand_neg,object,URBAN,ALL,capture_0.2,0.0,,,5,2022-09-06,holdout,2022,5,"[2006, 2012, 2014, 2016, 2019]",m1_20260926T160821Z_a181f6c
hand_acc_neg,cell_gate,URBAN,ALL,observed-label_auc,,,,0,2022-09-06,holdout,2022,5,"[2006, 2012, 2014, 2016, 2019]",m1_20260926T160821Z_a181f6c
hand_acc_neg,cluster_gate,URBAN,ALL,observed-label_auc,,,,0,2022-09-06,holdout,2022,5,"[2006, 2012, 2014, 2016, 2019]",m1_20260926T160821Z_a181f6c
hand_acc_neg,cell_gate,URBAN,ALL,capture_0.2,0.0,,,0,2022-09-06,holdout,2022,5,"[2006, 2012, 2014, 2016, 2019]",m1_20260926T160821Z_a181f6c
hand_acc_neg,object,URBAN,ALL,capture_0.2,0.2,,,5,2022-09-06,holdout,2022,5,"[2006, 2012, 2014, 2016, 2019]",m1_20260926T160821Z_a181f6c
L1,cell_gate,URBAN,ALL,observed-label_auc,,,,0,2022-09-06,holdout,2022,5,"[2006, 2012, 2014, 2016, 2019]",m1_20260926T160821Z_a181f6c
L1,cluster_gate,URBAN,ALL,observed-label_auc,,,,0,2022-09-06,holdout,2022,5,"[2006, 2012, 2014, 2016, 2019]",m1_20260926T160821Z_a181f6c
L1,cell_gate,URBAN,ALL,capture_0.2,0.0,,,0,2022-09-06,holdout,2022,5,"[2006, 2012, 2014, 2016, 2019]",m1_20260926T160821Z_a181f6c
L1,object,URBAN,ALL,capture_0.2,0.2,,,5,2022-09-06,holdout,2022,5,"[2006, 2012, 2014, 2016, 2019]",m1_20260926T160821Z_a181f6c
z_sensitivity,cell_gate,URBAN,ALL,observed-label_auc,,,,0,2022-09-06,holdout,2022,5,"[2006, 2012, 2014, 2016, 2019]",m1_20260926T160821Z_a181f6c
z_sensitivity,cluster_gate,URBAN,ALL,observed-label_auc,,,,0,2022-09-06,holdout,2022,5,"[2006, 2012, 2014, 2016, 2019]",m1_20260926T160821Z_a181f6c
z_sensitivity,cell_gate,URBAN,ALL,capture_0.2,0.0,,,0,2022-09-06,holdout,2022,5,"[2006, 2012, 2014, 2016, 2019]",m1_20260926T160821Z_a181f6c
z_sensitivity,object,URBAN,ALL,capture_0.2,0.4,,,5,2022-09-06,holdout,2022,5,"[2006, 2012, 2014, 2016, 2019]",m1_20260926T160821Z_a181f6c
rf_F1_wf,cell_gate,URBAN,ALL,observed-label_auc,,,,0,2022-09-06,holdout,2022,5,"[2006, 2012, 2014, 2016, 2019]",m1_20260926T160821Z_a181f6c
rf_F1_wf,cluster_gate,URBAN,ALL,observed-label_auc,,,,0,2022-09-06,holdout,2022,5,"[2006, 2012, 2014, 2016, 2019]",m1_20260926T160821Z_a181f6c
rf_F1_wf,cell_gate,URBAN,ALL,capture_0.2,0.0,,,0,2022-09-06,holdout,2022,5,"[2006, 2012, 2014, 2016, 2019]",m1_20260926T160821Z_a181f6c
rf_F1_wf,object,URBAN,ALL,capture_0.2,0.0,,,5,2022-09-06,holdout,2022,5,"[2006, 2012, 2014, 2016, 2019]",m1_20260926T160821Z_a181f6c
logit_F1_wf,cell_gate,URBAN,ALL,observed-label_auc,,,,0,2022-09-06,holdout,2022,5,"[2006, 2012, 2014, 2016, 2019]",m1_20260926T160821Z_a181f6c
logit_F1_wf,cluster_gate,URBAN,ALL,observed-label_auc,,,,0,2022-09-06,holdout,2022,5,"[2006, 2012, 2014, 2016, 2019]",m1_20260926T160821Z_a181f6c
logit_F1_wf,cell_gate,URBAN,ALL,capture_0.2,0.0,,,0,2022-09-06,holdout,2022,5,"[2006, 2012, 2014, 2016, 2019]",m1_20260926T160821Z_a181f6c
logit_F1_wf,object,URBAN,ALL,capture_0.2,0.2,,,5,2022-09-06,holdout,2022,5,"[2006, 2012, 2014, 2016, 2019]",m1_20260926T160821Z_a181f6c
slope_neg,object,URBAN,ALL,observed-label_auc,0.31883629878645187,0.1997842638774877,0.4788181620682164,5,2022-09-06,holdout,2022,5,"[2006, 2012, 2014, 2016, 2019]",m1_20260926T160821Z_a181f6c
relelev_neg,object,URBAN,ALL,observed-label_auc,0.6166851160682228,0.5000868998479253,0.7332833322885205,5,2022-09-06,holdout,2022,5,"[2006, 2012, 2014, 2016, 2019]",m1_20260926T160821Z_a181f6c
twi,object,URBAN,ALL,observed-label_auc,0.5703642371927602,0.2977970348457151,0.8213121877036714,5,2022-09-06,holdout,2022,5,"[2006, 2012, 2014, 2016, 2019]",m1_20260926T160821Z_a181f6c
impervious,object,URBAN,ALL,observed-label_auc,0.4004593014490495,0.13154772204431345,0.6693708808537856,5,2022-09-06,holdout,2022,5,"[2006, 2012, 2014, 2016, 2019]",m1_20260926T160821Z_a181f6c
hand_neg,object,URBAN,ALL,observed-label_auc,0.3333924064179382,0.2006094387881316,0.4661753740477449,5,2022-09-06,holdout,2022,5,"[2006, 2012, 2014, 2016, 2019]",m1_20260926T160821Z_a181f6c
hand_acc_neg,object,URBAN,ALL,observed-label_auc,0.402304184469195,0.16687077147766777,0.6827938301107974,5,2022-09-06,holdout,2022,5,"[2006, 2012, 2014, 2016, 2019]",m1_20260926T160821Z_a181f6c
L1,object,URBAN,ALL,observed-label_auc,0.5935266104780194,0.38047055747569986,0.8176254616554418,5,2022-09-06,holdout,2022,5,"[2006, 2012, 2014, 2016, 2019]",m1_20260926T160821Z_a181f6c
z_sensitivity,object,URBAN,ALL,observed-label_auc,0.5417994156970967,0.2547474930379613,0.8207690636541386,5,2022-09-06,holdout,2022,5,"[2006, 2012, 2014, 2016, 2019]",m1_20260926T160821Z_a181f6c
rf_F1_wf,object,URBAN,ALL,observed-label_auc,0.46954310734013693,0.2130162603026941,0.7260699543775799,5,2022-09-06,holdout,2022,5,"[2006, 2012, 2014, 2016, 2019]",m1_20260926T160821Z_a181f6c
logit_F1_wf,object,URBAN,ALL,observed-label_auc,0.47934020793938015,0.23745512802301402,0.7274266782533124,5,2022-09-06,holdout,2022,5,"[2006, 2012, 2014, 2016, 2019]",m1_20260926T160821Z_a181f6c
slope_neg,cell_gate,AGRI,ALL,observed-label_auc,,,,0,2022-09-06,holdout,2022,5,"[2006, 2012, 2014, 2016, 2019]",m1_20260926T160821Z_a181f6c
slope_neg,cluster_gate,AGRI,ALL,observed-label_auc,,,,0,2022-09-06,holdout,2022,5,"[2006, 2012, 2014, 2016, 2019]",m1_20260926T160821Z_a181f6c
slope_neg,cell_gate,AGRI,ALL,capture_0.2,0.0,,,0,2022-09-06,holdout,2022,5,"[2006, 2012, 2014, 2016, 2019]",m1_20260926T160821Z_a181f6c
slope_neg,object,AGRI,ALL,capture_0.2,,,,0,2022-09-06,holdout,2022,5,"[2006, 2012, 2014, 2016, 2019]",m1_20260926T160821Z_a181f6c
relelev_neg,cell_gate,AGRI,ALL,observed-label_auc,,,,0,2022-09-06,holdout,2022,5,"[2006, 2012, 2014, 2016, 2019]",m1_20260926T160821Z_a181f6c
relelev_neg,cluster_gate,AGRI,ALL,observed-label_auc,,,,0,2022-09-06,holdout,2022,5,"[2006, 2012, 2014, 2016, 2019]",m1_20260926T160821Z_a181f6c
relelev_neg,cell_gate,AGRI,ALL,capture_0.2,0.0,,,0,2022-09-06,holdout,2022,5,"[2006, 2012, 2014, 2016, 2019]",m1_20260926T160821Z_a181f6c
relelev_neg,object,AGRI,ALL,capture_0.2,,,,0,2022-09-06,holdout,2022,5,"[2006, 2012, 2014, 2016, 2019]",m1_20260926T160821Z_a181f6c
twi,cell_gate,AGRI,ALL,observed-label_auc,,,,0,2022-09-06,holdout,2022,5,"[2006, 2012, 2014, 2016, 2019]",m1_20260926T160821Z_a181f6c
twi,cluster_gate,AGRI,ALL,observed-label_auc,,,,0,2022-09-06,holdout,2022,5,"[2006, 2012, 2014, 2016, 2019]",m1_20260926T160821Z_a181f6c
twi,cell_gate,AGRI,ALL,capture_0.2,0.0,,,0,2022-09-06,holdout,2022,5,"[2006, 2012, 2014, 2016, 2019]",m1_20260926T160821Z_a181f6c
twi,object,AGRI,ALL,capture_0.2,,,,0,2022-09-06,holdout,2022,5,"[2006, 2012, 2014, 2016, 2019]",m1_20260926T160821Z_a181f6c
impervious,cell_gate,AGRI,ALL,observed-label_auc,,,,0,2022-09-06,holdout,2022,5,"[2006, 2012, 2014, 2016, 2019]",m1_20260926T160821Z_a181f6c
impervious,cluster_gate,AGRI,ALL,observed-label_auc,,,,0,2022-09-06,holdout,2022,5,"[2006, 2012, 2014, 2016, 2019]",m1_20260926T160821Z_a181f6c
impervious,cell_gate,AGRI,ALL,capture_0.2,0.0,,,0,2022-09-06,holdout,2022,5,"[2006, 2012, 2014, 2016, 2019]",m1_20260926T160821Z_a181f6c
impervious,object,AGRI,ALL,capture_0.2,,,,0,2022-09-06,holdout,2022,5,"[2006, 2012, 2014, 2016, 2019]",m1_20260926T160821Z_a181f6c
hand_neg,cell_gate,AGRI,ALL,observed-label_auc,,,,0,2022-09-06,holdout,2022,5,"[2006, 2012, 2014, 2016, 2019]",m1_20260926T160821Z_a181f6c
hand_neg,cluster_gate,AGRI,ALL,observed-label_auc,,,,0,2022-09-06,holdout,2022,5,"[2006, 2012, 2014, 2016, 2019]",m1_20260926T160821Z_a181f6c
hand_neg,cell_gate,AGRI,ALL,capture_0.2,0.0,,,0,2022-09-06,holdout,2022,5,"[2006, 2012, 2014, 2016, 2019]",m1_20260926T160821Z_a181f6c
hand_neg,object,AGRI,ALL,capture_0.2,,,,0,2022-09-06,holdout,2022,5,"[2006, 2012, 2014, 2016, 2019]",m1_20260926T160821Z_a181f6c
hand_acc_neg,cell_gate,AGRI,ALL,observed-label_auc,,,,0,2022-09-06,holdout,2022,5,"[2006, 2012, 2014, 2016, 2019]",m1_20260926T160821Z_a181f6c
hand_acc_neg,cluster_gate,AGRI,ALL,observed-label_auc,,,,0,2022-09-06,holdout,2022,5,"[2006, 2012, 2014, 2016, 2019]",m1_20260926T160821Z_a181f6c
hand_acc_neg,cell_gate,AGRI,ALL,capture_0.2,0.0,,,0,2022-09-06,holdout,2022,5,"[2006, 2012, 2014, 2016, 2019]",m1_20260926T160821Z_a181f6c
hand_acc_neg,object,AGRI,ALL,capture_0.2,,,,0,2022-09-06,holdout,2022,5,"[2006, 2012, 2014, 2016, 2019]",m1_20260926T160821Z_a181f6c
L1,cell_gate,AGRI,ALL,observed-label_auc,,,,0,2022-09-06,holdout,2022,5,"[2006, 2012, 2014, 2016, 2019]",m1_20260926T160821Z_a181f6c
L1,cluster_gate,AGRI,ALL,observed-label_auc,,,,0,2022-09-06,holdout,2022,5,"[2006, 2012, 2014, 2016, 2019]",m1_20260926T160821Z_a181f6c
L1,cell_gate,AGRI,ALL,capture_0.2,0.0,,,0,2022-09-06,holdout,2022,5,"[2006, 2012, 2014, 2016, 2019]",m1_20260926T160821Z_a181f6c
L1,object,AGRI,ALL,capture_0.2,,,,0,2022-09-06,holdout,2022,5,"[2006, 2012, 2014, 2016, 2019]",m1_20260926T160821Z_a181f6c
z_sensitivity,cell_gate,AGRI,ALL,observed-label_auc,,,,0,2022-09-06,holdout,2022,5,"[2006, 2012, 2014, 2016, 2019]",m1_20260926T160821Z_a181f6c
z_sensitivity,cluster_gate,AGRI,ALL,observed-label_auc,,,,0,2022-09-06,holdout,2022,5,"[2006, 2012, 2014, 2016, 2019]",m1_20260926T160821Z_a181f6c
z_sensitivity,cell_gate,AGRI,ALL,capture_0.2,0.0,,,0,2022-09-06,holdout,2022,5,"[2006, 2012, 2014, 2016, 2019]",m1_20260926T160821Z_a181f6c
z_sensitivity,object,AGRI,ALL,capture_0.2,,,,0,2022-09-06,holdout,2022,5,"[2006, 2012, 2014, 2016, 2019]",m1_20260926T160821Z_a181f6c
rf_F1_wf,cell_gate,AGRI,ALL,observed-label_auc,,,,0,2022-09-06,holdout,2022,5,"[2006, 2012, 2014, 2016, 2019]",m1_20260926T160821Z_a181f6c
rf_F1_wf,cluster_gate,AGRI,ALL,observed-label_auc,,,,0,2022-09-06,holdout,2022,5,"[2006, 2012, 2014, 2016, 2019]",m1_20260926T160821Z_a181f6c
rf_F1_wf,cell_gate,AGRI,ALL,capture_0.2,0.0,,,0,2022-09-06,holdout,2022,5,"[2006, 2012, 2014, 2016, 2019]",m1_20260926T160821Z_a181f6c
rf_F1_wf,object,AGRI,ALL,capture_0.2,,,,0,2022-09-06,holdout,2022,5,"[2006, 2012, 2014, 2016, 2019]",m1_20260926T160821Z_a181f6c
logit_F1_wf,cell_gate,AGRI,ALL,observed-label_auc,,,,0,2022-09-06,holdout,2022,5,"[2006, 2012, 2014, 2016, 2019]",m1_20260926T160821Z_a181f6c
logit_F1_wf,cluster_gate,AGRI,ALL,observed-label_auc,,,,0,2022-09-06,holdout,2022,5,"[2006, 2012, 2014, 2016, 2019]",m1_20260926T160821Z_a181f6c
logit_F1_wf,cell_gate,AGRI,ALL,capture_0.2,0.0,,,0,2022-09-06,holdout,2022,5,"[2006, 2012, 2014, 2016, 2019]",m1_20260926T160821Z_a181f6c
logit_F1_wf,object,AGRI,ALL,capture_0.2,,,,0,2022-09-06,holdout,2022,5,"[2006, 2012, 2014, 2016, 2019]",m1_20260926T160821Z_a181f6c
slope_neg,cell_gate,UNIVERSE,ALL,observed-label_auc,,,,0,2022-09-06,holdout,2022,5,"[2006, 2012, 2014, 2016, 2019]",m1_20260926T160821Z_a181f6c
slope_neg,cluster_gate,UNIVERSE,ALL,observed-label_auc,,,,0,2022-09-06,holdout,2022,5,"[2006, 2012, 2014, 2016, 2019]",m1_20260926T160821Z_a181f6c
slope_neg,cell_gate,UNIVERSE,ALL,capture_0.2,0.0,,,0,2022-09-06,holdout,2022,5,"[2006, 2012, 2014, 2016, 2019]",m1_20260926T160821Z_a181f6c
slope_neg,object,UNIVERSE,ALL,capture_0.2,0.0,,,5,2022-09-06,holdout,2022,5,"[2006, 2012, 2014, 2016, 2019]",m1_20260926T160821Z_a181f6c
relelev_neg,cell_gate,UNIVERSE,ALL,observed-label_auc,,,,0,2022-09-06,holdout,2022,5,"[2006, 2012, 2014, 2016, 2019]",m1_20260926T160821Z_a181f6c
relelev_neg,cluster_gate,UNIVERSE,ALL,observed-label_auc,,,,0,2022-09-06,holdout,2022,5,"[2006, 2012, 2014, 2016, 2019]",m1_20260926T160821Z_a181f6c
relelev_neg,cell_gate,UNIVERSE,ALL,capture_0.2,0.0,,,0,2022-09-06,holdout,2022,5,"[2006, 2012, 2014, 2016, 2019]",m1_20260926T160821Z_a181f6c
relelev_neg,object,UNIVERSE,ALL,capture_0.2,0.0,,,5,2022-09-06,holdout,2022,5,"[2006, 2012, 2014, 2016, 2019]",m1_20260926T160821Z_a181f6c
twi,cell_gate,UNIVERSE,ALL,observed-label_auc,,,,0,2022-09-06,holdout,2022,5,"[2006, 2012, 2014, 2016, 2019]",m1_20260926T160821Z_a181f6c
twi,cluster_gate,UNIVERSE,ALL,observed-label_auc,,,,0,2022-09-06,holdout,2022,5,"[2006, 2012, 2014, 2016, 2019]",m1_20260926T160821Z_a181f6c
twi,cell_gate,UNIVERSE,ALL,capture_0.2,0.0,,,0,2022-09-06,holdout,2022,5,"[2006, 2012, 2014, 2016, 2019]",m1_20260926T160821Z_a181f6c
twi,object,UNIVERSE,ALL,capture_0.2,0.4,,,5,2022-09-06,holdout,2022,5,"[2006, 2012, 2014, 2016, 2019]",m1_20260926T160821Z_a181f6c
impervious,cell_gate,UNIVERSE,ALL,observed-label_auc,,,,0,2022-09-06,holdout,2022,5,"[2006, 2012, 2014, 2016, 2019]",m1_20260926T160821Z_a181f6c
impervious,cluster_gate,UNIVERSE,ALL,observed-label_auc,,,,0,2022-09-06,holdout,2022,5,"[2006, 2012, 2014, 2016, 2019]",m1_20260926T160821Z_a181f6c
impervious,cell_gate,UNIVERSE,ALL,capture_0.2,0.0,,,0,2022-09-06,holdout,2022,5,"[2006, 2012, 2014, 2016, 2019]",m1_20260926T160821Z_a181f6c
impervious,object,UNIVERSE,ALL,capture_0.2,0.4,,,5,2022-09-06,holdout,2022,5,"[2006, 2012, 2014, 2016, 2019]",m1_20260926T160821Z_a181f6c
hand_neg,cell_gate,UNIVERSE,ALL,observed-label_auc,,,,0,2022-09-06,holdout,2022,5,"[2006, 2012, 2014, 2016, 2019]",m1_20260926T160821Z_a181f6c
hand_neg,cluster_gate,UNIVERSE,ALL,observed-label_auc,,,,0,2022-09-06,holdout,2022,5,"[2006, 2012, 2014, 2016, 2019]",m1_20260926T160821Z_a181f6c
hand_neg,cell_gate,UNIVERSE,ALL,capture_0.2,0.0,,,0,2022-09-06,holdout,2022,5,"[2006, 2012, 2014, 2016, 2019]",m1_20260926T160821Z_a181f6c
hand_neg,object,UNIVERSE,ALL,capture_0.2,0.0,,,5,2022-09-06,holdout,2022,5,"[2006, 2012, 2014, 2016, 2019]",m1_20260926T160821Z_a181f6c
hand_acc_neg,cell_gate,UNIVERSE,ALL,observed-label_auc,,,,0,2022-09-06,holdout,2022,5,"[2006, 2012, 2014, 2016, 2019]",m1_20260926T160821Z_a181f6c
hand_acc_neg,cluster_gate,UNIVERSE,ALL,observed-label_auc,,,,0,2022-09-06,holdout,2022,5,"[2006, 2012, 2014, 2016, 2019]",m1_20260926T160821Z_a181f6c
hand_acc_neg,cell_gate,UNIVERSE,ALL,capture_0.2,0.0,,,0,2022-09-06,holdout,2022,5,"[2006, 2012, 2014, 2016, 2019]",m1_20260926T160821Z_a181f6c
hand_acc_neg,object,UNIVERSE,ALL,capture_0.2,0.2,,,5,2022-09-06,holdout,2022,5,"[2006, 2012, 2014, 2016, 2019]",m1_20260926T160821Z_a181f6c
L1,cell_gate,UNIVERSE,ALL,observed-label_auc,,,,0,2022-09-06,holdout,2022,5,"[2006, 2012, 2014, 2016, 2019]",m1_20260926T160821Z_a181f6c
L1,cluster_gate,UNIVERSE,ALL,observed-label_auc,,,,0,2022-09-06,holdout,2022,5,"[2006, 2012, 2014, 2016, 2019]",m1_20260926T160821Z_a181f6c
L1,cell_gate,UNIVERSE,ALL,capture_0.2,0.0,,,0,2022-09-06,holdout,2022,5,"[2006, 2012, 2014, 2016, 2019]",m1_20260926T160821Z_a181f6c
L1,object,UNIVERSE,ALL,capture_0.2,0.6,,,5,2022-09-06,holdout,2022,5,"[2006, 2012, 2014, 2016, 2019]",m1_20260926T160821Z_a181f6c
z_sensitivity,cell_gate,UNIVERSE,ALL,observed-label_auc,,,,0,2022-09-06,holdout,2022,5,"[2006, 2012, 2014, 2016, 2019]",m1_20260926T160821Z_a181f6c
z_sensitivity,cluster_gate,UNIVERSE,ALL,observed-label_auc,,,,0,2022-09-06,holdout,2022,5,"[2006, 2012, 2014, 2016, 2019]",m1_20260926T160821Z_a181f6c
z_sensitivity,cell_gate,UNIVERSE,ALL,capture_0.2,0.0,,,0,2022-09-06,holdout,2022,5,"[2006, 2012, 2014, 2016, 2019]",m1_20260926T160821Z_a181f6c
z_sensitivity,object,UNIVERSE,ALL,capture_0.2,0.4,,,5,2022-09-06,holdout,2022,5,"[2006, 2012, 2014, 2016, 2019]",m1_20260926T160821Z_a181f6c
rf_F1_wf,cell_gate,UNIVERSE,ALL,observed-label_auc,,,,0,2022-09-06,holdout,2022,5,"[2006, 2012, 2014, 2016, 2019]",m1_20260926T160821Z_a181f6c
rf_F1_wf,cluster_gate,UNIVERSE,ALL,observed-label_auc,,,,0,2022-09-06,holdout,2022,5,"[2006, 2012, 2014, 2016, 2019]",m1_20260926T160821Z_a181f6c
rf_F1_wf,cell_gate,UNIVERSE,ALL,capture_0.2,0.0,,,0,2022-09-06,holdout,2022,5,"[2006, 2012, 2014, 2016, 2019]",m1_20260926T160821Z_a181f6c
rf_F1_wf,object,UNIVERSE,ALL,capture_0.2,0.4,,,5,2022-09-06,holdout,2022,5,"[2006, 2012, 2014, 2016, 2019]",m1_20260926T160821Z_a181f6c
logit_F1_wf,cell_gate,UNIVERSE,ALL,observed-label_auc,,,,0,2022-09-06,holdout,2022,5,"[2006, 2012, 2014, 2016, 2019]",m1_20260926T160821Z_a181f6c
logit_F1_wf,cluster_gate,UNIVERSE,ALL,observed-label_auc,,,,0,2022-09-06,holdout,2022,5,"[2006, 2012, 2014, 2016, 2019]",m1_20260926T160821Z_a181f6c
logit_F1_wf,cell_gate,UNIVERSE,ALL,capture_0.2,0.0,,,0,2022-09-06,holdout,2022,5,"[2006, 2012, 2014, 2016, 2019]",m1_20260926T160821Z_a181f6c
logit_F1_wf,object,UNIVERSE,ALL,capture_0.2,0.2,,,5,2022-09-06,holdout,2022,5,"[2006, 2012, 2014, 2016, 2019]",m1_20260926T160821Z_a181f6c
slope_neg,object,UNIVERSE,ALL,observed-label_auc,0.5484829877521097,0.4310922144191907,0.6950443401147626,5,2022-09-06,holdout,2022,5,"[2006, 2012, 2014, 2016, 2019]",m1_20260926T160821Z_a181f6c
relelev_neg,object,UNIVERSE,ALL,observed-label_auc,0.46973437950775765,0.3671570161711007,0.5723117428444144,5,2022-09-06,holdout,2022,5,"[2006, 2012, 2014, 2016, 2019]",m1_20260926T160821Z_a181f6c
twi,object,UNIVERSE,ALL,observed-label_auc,0.6618855064984149,0.4213875847678665,0.8734063641105895,5,2022-09-06,holdout,2022,5,"[2006, 2012, 2014, 2016, 2019]",m1_20260926T160821Z_a181f6c
impervious,object,UNIVERSE,ALL,observed-label_auc,0.6666786628787733,0.5204501808756434,0.8129071448819032,5,2022-09-06,holdout,2022,5,"[2006, 2012, 2014, 2016, 2019]",m1_20260926T160821Z_a181f6c
hand_neg,object,UNIVERSE,ALL,observed-label_auc,0.46533249142937716,0.31945873034434846,0.6112062525144059,5,2022-09-06,holdout,2022,5,"[2006, 2012, 2014, 2016, 2019]",m1_20260926T160821Z_a181f6c
hand_acc_neg,object,UNIVERSE,ALL,observed-label_auc,0.5016498989658379,0.2649347939488785,0.7713823682837767,5,2022-09-06,holdout,2022,5,"[2006, 2012, 2014, 2016, 2019]",m1_20260926T160821Z_a181f6c
L1,object,UNIVERSE,ALL,observed-label_auc,0.7443302110147176,0.5987282363226015,0.8960876369327073,5,2022-09-06,holdout,2022,5,"[2006, 2012, 2014, 2016, 2019]",m1_20260926T160821Z_a181f6c
z_sensitivity,object,UNIVERSE,ALL,observed-label_auc,0.6801047214864837,0.447887323943662,0.8886176317162233,5,2022-09-06,holdout,2022,5,"[2006, 2012, 2014, 2016, 2019]",m1_20260926T160821Z_a181f6c
rf_F1_wf,object,UNIVERSE,ALL,observed-label_auc,0.6692762737817792,0.44571863163258796,0.8818988002086593,5,2022-09-06,holdout,2022,5,"[2006, 2012, 2014, 2016, 2019]",m1_20260926T160821Z_a181f6c
logit_F1_wf,object,UNIVERSE,ALL,observed-label_auc,0.671612610188823,0.48413288860925796,0.8591742305685967,5,2022-09-06,holdout,2022,5,"[2006, 2012, 2014, 2016, 2019]",m1_20260926T160821Z_a181f6c
slope_neg,cell_gate,ALL,ALL,observed-label_auc,0.8308437911791497,0.7832,0.875,18,2023-08-10,holdout,2023,3,"[2006, 2012, 2014, 2016, 2019]",m1_20260926T160821Z_a181f6c
slope_neg,cluster_gate,ALL,ALL,observed-label_auc,0.841,0.7832,0.875,3,2023-08-10,holdout,2023,3,"[2006, 2012, 2014, 2016, 2019]",m1_20260926T160821Z_a181f6c
slope_neg,cell_gate,ALL,ALL,capture_0.2,0.5556,,,18,2023-08-10,holdout,2023,3,"[2006, 2012, 2014, 2016, 2019]",m1_20260926T160821Z_a181f6c
slope_neg,object,ALL,ALL,capture_0.2,0.6106278425477619,,,3,2023-08-10,holdout,2023,3,"[2006, 2012, 2014, 2016, 2019]",m1_20260926T160821Z_a181f6c
relelev_neg,cell_gate,ALL,ALL,observed-label_auc,0.5486846255663745,0.5077,0.6878,18,2023-08-10,holdout,2023,3,"[2006, 2012, 2014, 2016, 2019]",m1_20260926T160821Z_a181f6c
relelev_neg,cluster_gate,ALL,ALL,observed-label_auc,0.5687,0.5077,0.6878,3,2023-08-10,holdout,2023,3,"[2006, 2012, 2014, 2016, 2019]",m1_20260926T160821Z_a181f6c
relelev_neg,cell_gate,ALL,ALL,capture_0.2,0.0,,,18,2023-08-10,holdout,2023,3,"[2006, 2012, 2014, 2016, 2019]",m1_20260926T160821Z_a181f6c
relelev_neg,object,ALL,ALL,capture_0.2,0.04338926329507681,,,3,2023-08-10,holdout,2023,3,"[2006, 2012, 2014, 2016, 2019]",m1_20260926T160821Z_a181f6c
twi,cell_gate,ALL,ALL,observed-label_auc,0.8404467320521551,0.7995,0.9222,18,2023-08-10,holdout,2023,3,"[2006, 2012, 2014, 2016, 2019]",m1_20260926T160821Z_a181f6c
twi,cluster_gate,ALL,ALL,observed-label_auc,0.8507,0.7995,0.9222,3,2023-08-10,holdout,2023,3,"[2006, 2012, 2014, 2016, 2019]",m1_20260926T160821Z_a181f6c
twi,cell_gate,ALL,ALL,capture_0.2,0.6111,,,18,2023-08-10,holdout,2023,3,"[2006, 2012, 2014, 2016, 2019]",m1_20260926T160821Z_a181f6c
twi,object,ALL,ALL,capture_0.2,0.5515804954788549,,,3,2023-08-10,holdout,2023,3,"[2006, 2012, 2014, 2016, 2019]",m1_20260926T160821Z_a181f6c
impervious,cell_gate,ALL,ALL,observed-label_auc,0.9183521559818288,0.8276,0.9506,18,2023-08-10,holdout,2023,3,"[2006, 2012, 2014, 2016, 2019]",m1_20260926T160821Z_a181f6c
impervious,cluster_gate,ALL,ALL,observed-label_auc,0.9047,0.8276,0.9506,3,2023-08-10,holdout,2023,3,"[2006, 2012, 2014, 2016, 2019]",m1_20260926T160821Z_a181f6c
impervious,cell_gate,ALL,ALL,capture_0.2,0.9444,,,18,2023-08-10,holdout,2023,3,"[2006, 2012, 2014, 2016, 2019]",m1_20260926T160821Z_a181f6c
impervious,object,ALL,ALL,capture_0.2,0.8456712482421334,,,3,2023-08-10,holdout,2023,3,"[2006, 2012, 2014, 2016, 2019]",m1_20260926T160821Z_a181f6c
hand_neg,cell_gate,ALL,ALL,observed-label_auc,0.7486535247141227,0.6078,0.8862,18,2023-08-10,holdout,2023,3,"[2006, 2012, 2014, 2016, 2019]",m1_20260926T160821Z_a181f6c
hand_neg,cluster_gate,ALL,ALL,observed-label_auc,0.7796,0.6078,0.8862,3,2023-08-10,holdout,2023,3,"[2006, 2012, 2014, 2016, 2019]",m1_20260926T160821Z_a181f6c
hand_neg,cell_gate,ALL,ALL,capture_0.2,0.5,,,18,2023-08-10,holdout,2023,3,"[2006, 2012, 2014, 2016, 2019]",m1_20260926T160821Z_a181f6c
hand_neg,object,ALL,ALL,capture_0.2,0.6314192383493823,,,3,2023-08-10,holdout,2023,3,"[2006, 2012, 2014, 2016, 2019]",m1_20260926T160821Z_a181f6c
hand_acc_neg,cell_gate,ALL,ALL,observed-label_auc,0.7679835887730345,0.5899,0.9494,18,2023-08-10,holdout,2023,3,"[2006, 2012, 2014, 2016, 2019]",m1_20260926T160821Z_a181f6c
hand_acc_neg,cluster_gate,ALL,ALL,observed-label_auc,0.8079,0.5899,0.9494,3,2023-08-10,holdout,2023,3,"[2006, 2012, 2014, 2016, 2019]",m1_20260926T160821Z_a181f6c
hand_acc_neg,cell_gate,ALL,ALL,capture_0.2,0.5,,,18,2023-08-10,holdout,2023,3,"[2006, 2012, 2014, 2016, 2019]",m1_20260926T160821Z_a181f6c
hand_acc_neg,object,ALL,ALL,capture_0.2,0.6314192383493823,,,3,2023-08-10,holdout,2023,3,"[2006, 2012, 2014, 2016, 2019]",m1_20260926T160821Z_a181f6c
L1,cell_gate,ALL,ALL,observed-label_auc,0.8637141492664031,0.4873,0.9828,18,2023-08-10,holdout,2023,3,"[2006, 2012, 2014, 2016, 2019]",m1_20260926T160821Z_a181f6c
L1,cluster_gate,ALL,ALL,observed-label_auc,0.8087,0.4873,0.9828,3,2023-08-10,holdout,2023,3,"[2006, 2012, 2014, 2016, 2019]",m1_20260926T160821Z_a181f6c
L1,cell_gate,ALL,ALL,capture_0.2,0.7778,,,18,2023-08-10,holdout,2023,3,"[2006, 2012, 2014, 2016, 2019]",m1_20260926T160821Z_a181f6c
L1,object,ALL,ALL,capture_0.2,0.6666666666666666,,,3,2023-08-10,holdout,2023,3,"[2006, 2012, 2014, 2016, 2019]",m1_20260926T160821Z_a181f6c
z_sensitivity,cell_gate,ALL,ALL,observed-label_auc,0.8925775089249128,0.7763,0.9285,18,2023-08-10,holdout,2023,3,"[2006, 2012, 2014, 2016, 2019]",m1_20260926T160821Z_a181f6c
z_sensitivity,cluster_gate,ALL,ALL,observed-label_auc,0.8757,0.7763,0.9285,3,2023-08-10,holdout,2023,3,"[2006, 2012, 2014, 2016, 2019]",m1_20260926T160821Z_a181f6c
z_sensitivity,cell_gate,ALL,ALL,capture_0.2,0.8333,,,18,2023-08-10,holdout,2023,3,"[2006, 2012, 2014, 2016, 2019]",m1_20260926T160821Z_a181f6c
z_sensitivity,object,ALL,ALL,capture_0.2,0.7560108689806869,,,3,2023-08-10,holdout,2023,3,"[2006, 2012, 2014, 2016, 2019]",m1_20260926T160821Z_a181f6c
rf_F1_wf,cell_gate,ALL,ALL,observed-label_auc,0.8918961644247522,0.8475,0.9413,18,2023-08-10,holdout,2023,3,"[2006, 2012, 2014, 2016, 2019]",m1_20260926T160821Z_a181f6c
rf_F1_wf,cluster_gate,ALL,ALL,observed-label_auc,0.8985,0.8475,0.9413,3,2023-08-10,holdout,2023,3,"[2006, 2012, 2014, 2016, 2019]",m1_20260926T160821Z_a181f6c
rf_F1_wf,cell_gate,ALL,ALL,capture_0.2,0.9444,,,18,2023-08-10,holdout,2023,3,"[2006, 2012, 2014, 2016, 2019]",m1_20260926T160821Z_a181f6c
rf_F1_wf,object,ALL,ALL,capture_0.2,0.899423864220464,,,3,2023-08-10,holdout,2023,3,"[2006, 2012, 2014, 2016, 2019]",m1_20260926T160821Z_a181f6c
logit_F1_wf,cell_gate,ALL,ALL,observed-label_auc,0.869047724331479,0.851,0.8931,18,2023-08-10,holdout,2023,3,"[2006, 2012, 2014, 2016, 2019]",m1_20260926T160821Z_a181f6c
logit_F1_wf,cluster_gate,ALL,ALL,observed-label_auc,0.868,0.851,0.8931,3,2023-08-10,holdout,2023,3,"[2006, 2012, 2014, 2016, 2019]",m1_20260926T160821Z_a181f6c
logit_F1_wf,cell_gate,ALL,ALL,capture_0.2,0.9444,,,18,2023-08-10,holdout,2023,3,"[2006, 2012, 2014, 2016, 2019]",m1_20260926T160821Z_a181f6c
logit_F1_wf,object,ALL,ALL,capture_0.2,0.8911028641939048,,,3,2023-08-10,holdout,2023,3,"[2006, 2012, 2014, 2016, 2019]",m1_20260926T160821Z_a181f6c
slope_neg,object,ALL,ALL,observed-label_auc,0.8516470605020993,0.800647446763012,0.88608396235955,3,2023-08-10,holdout,2023,3,"[2006, 2012, 2014, 2016, 2019]",m1_20260926T160821Z_a181f6c
relelev_neg,object,ALL,ALL,observed-label_auc,0.5660505274682572,0.4985461429491062,0.6873970961665453,3,2023-08-10,holdout,2023,3,"[2006, 2012, 2014, 2016, 2019]",m1_20260926T160821Z_a181f6c
twi,object,ALL,ALL,observed-label_auc,0.8366713856124542,0.7821109792595822,0.9205789201488436,3,2023-08-10,holdout,2023,3,"[2006, 2012, 2014, 2016, 2019]",m1_20260926T160821Z_a181f6c
impervious,object,ALL,ALL,observed-label_auc,0.8650845073620824,0.7007931186683357,0.9498908708494024,3,2023-08-10,holdout,2023,3,"[2006, 2012, 2014, 2016, 2019]",m1_20260926T160821Z_a181f6c
hand_neg,object,ALL,ALL,observed-label_auc,0.7956796703644423,0.6168925940258677,0.9006966602542045,3,2023-08-10,holdout,2023,3,"[2006, 2012, 2014, 2016, 2019]",m1_20260926T160821Z_a181f6c
hand_acc_neg,object,ALL,ALL,observed-label_auc,0.8206152365701943,0.6066207436893918,0.9550033972164614,3,2023-08-10,holdout,2023,3,"[2006, 2012, 2014, 2016, 2019]",m1_20260926T160821Z_a181f6c
L1,object,ALL,ALL,observed-label_auc,0.8025215799183868,0.4693146873183666,0.9798388788593765,3,2023-08-10,holdout,2023,3,"[2006, 2012, 2014, 2016, 2019]",m1_20260926T160821Z_a181f6c
z_sensitivity,object,ALL,ALL,observed-label_auc,0.872605441997338,0.7690758451941674,0.9287409601165009,3,2023-08-10,holdout,2023,3,"[2006, 2012, 2014, 2016, 2019]",m1_20260926T160821Z_a181f6c
rf_F1_wf,object,ALL,ALL,observed-label_auc,0.8956295902796229,0.8543239761795934,0.9469357979097772,3,2023-08-10,holdout,2023,3,"[2006, 2012, 2014, 2016, 2019]",m1_20260926T160821Z_a181f6c
logit_F1_wf,object,ALL,ALL,observed-label_auc,0.8703553339474438,0.8522422033084739,0.8976658659127469,3,2023-08-10,holdout,2023,3,"[2006, 2012, 2014, 2016, 2019]",m1_20260926T160821Z_a181f6c
slope_neg,cell_gate,FLAT,ALL,observed-label_auc,0.44356199453074996,0.2869,0.5888,18,2023-08-10,holdout,2023,3,"[2006, 2012, 2014, 2016, 2019]",m1_20260926T160821Z_a181f6c
slope_neg,cluster_gate,FLAT,ALL,observed-label_auc,0.4771,0.2869,0.5888,3,2023-08-10,holdout,2023,3,"[2006, 2012, 2014, 2016, 2019]",m1_20260926T160821Z_a181f6c
slope_neg,cell_gate,FLAT,ALL,capture_0.2,0.1111,,,18,2023-08-10,holdout,2023,3,"[2006, 2012, 2014, 2016, 2019]",m1_20260926T160821Z_a181f6c
slope_neg,object,FLAT,ALL,capture_0.2,0.09554018295854537,,,3,2023-08-10,holdout,2023,3,"[2006, 2012, 2014, 2016, 2019]",m1_20260926T160821Z_a181f6c
relelev_neg,cell_gate,FLAT,ALL,observed-label_auc,0.537215628090999,0.4669,0.7692,18,2023-08-10,holdout,2023,3,"[2006, 2012, 2014, 2016, 2019]",m1_20260926T160821Z_a181f6c
relelev_neg,cluster_gate,FLAT,ALL,observed-label_auc,0.5708,0.4669,0.7692,3,2023-08-10,holdout,2023,3,"[2006, 2012, 2014, 2016, 2019]",m1_20260926T160821Z_a181f6c
relelev_neg,cell_gate,FLAT,ALL,capture_0.2,0.0556,,,18,2023-08-10,holdout,2023,3,"[2006, 2012, 2014, 2016, 2019]",m1_20260926T160821Z_a181f6c
relelev_neg,object,FLAT,ALL,capture_0.2,0.06714208277188764,,,3,2023-08-10,holdout,2023,3,"[2006, 2012, 2014, 2016, 2019]",m1_20260926T160821Z_a181f6c
twi,cell_gate,FLAT,ALL,observed-label_auc,0.5688892767789608,0.5007,0.7566,18,2023-08-10,holdout,2023,3,"[2006, 2012, 2014, 2016, 2019]",m1_20260926T160821Z_a181f6c
twi,cluster_gate,FLAT,ALL,observed-label_auc,0.5945,0.5007,0.7566,3,2023-08-10,holdout,2023,3,"[2006, 2012, 2014, 2016, 2019]",m1_20260926T160821Z_a181f6c
twi,cell_gate,FLAT,ALL,capture_0.2,0.3333,,,18,2023-08-10,holdout,2023,3,"[2006, 2012, 2014, 2016, 2019]",m1_20260926T160821Z_a181f6c
twi,object,FLAT,ALL,capture_0.2,0.26148994151955024,,,3,2023-08-10,holdout,2023,3,"[2006, 2012, 2014, 2016, 2019]",m1_20260926T160821Z_a181f6c
impervious,cell_gate,FLAT,ALL,observed-label_auc,0.7814069742634937,0.5932,0.8528,18,2023-08-10,holdout,2023,3,"[2006, 2012, 2014, 2016, 2019]",m1_20260926T160821Z_a181f6c
impervious,cluster_gate,FLAT,ALL,observed-label_auc,0.7526,0.5932,0.8528,3,2023-08-10,holdout,2023,3,"[2006, 2012, 2014, 2016, 2019]",m1_20260926T160821Z_a181f6c
impervious,cell_gate,FLAT,ALL,capture_0.2,0.3889,,,18,2023-08-10,holdout,2023,3,"[2006, 2012, 2014, 2016, 2019]",m1_20260926T160821Z_a181f6c
impervious,object,FLAT,ALL,capture_0.2,0.35509153532643833,,,3,2023-08-10,holdout,2023,3,"[2006, 2012, 2014, 2016, 2019]",m1_20260926T160821Z_a181f6c
hand_neg,cell_gate,FLAT,ALL,observed-label_auc,0.3936575124609686,0.1013,0.706,18,2023-08-10,holdout,2023,3,"[2006, 2012, 2014, 2016, 2019]",m1_20260926T160821Z_a181f6c
hand_neg,cluster_gate,FLAT,ALL,observed-label_auc,0.4609,0.1013,0.706,3,2023-08-10,holdout,2023,3,"[2006, 2012, 2014, 2016, 2019]",m1_20260926T160821Z_a181f6c
hand_neg,cell_gate,FLAT,ALL,capture_0.2,0.0,,,18,2023-08-10,holdout,2023,3,"[2006, 2012, 2014, 2016, 2019]",m1_20260926T160821Z_a181f6c
hand_neg,object,FLAT,ALL,capture_0.2,0.0,,,3,2023-08-10,holdout,2023,3,"[2006, 2012, 2014, 2016, 2019]",m1_20260926T160821Z_a181f6c
hand_acc_neg,cell_gate,FLAT,ALL,observed-label_auc,0.4391145924245069,0.0766,0.8475,18,2023-08-10,holdout,2023,3,"[2006, 2012, 2014, 2016, 2019]",m1_20260926T160821Z_a181f6c
hand_acc_neg,cluster_gate,FLAT,ALL,observed-label_auc,0.5248,0.0766,0.8475,3,2023-08-10,holdout,2023,3,"[2006, 2012, 2014, 2016, 2019]",m1_20260926T160821Z_a181f6c
hand_acc_neg,cell_gate,FLAT,ALL,capture_0.2,0.2778,,,18,2023-08-10,holdout,2023,3,"[2006, 2012, 2014, 2016, 2019]",m1_20260926T160821Z_a181f6c
hand_acc_neg,object,FLAT,ALL,capture_0.2,0.35321325303136697,,,3,2023-08-10,holdout,2023,3,"[2006, 2012, 2014, 2016, 2019]",m1_20260926T160821Z_a181f6c
L1,cell_gate,FLAT,ALL,observed-label_auc,0.7665071468745758,0.2545,0.9461,18,2023-08-10,holdout,2023,3,"[2006, 2012, 2014, 2016, 2019]",m1_20260926T160821Z_a181f6c
L1,cluster_gate,FLAT,ALL,observed-label_auc,0.6897,0.2545,0.9461,3,2023-08-10,holdout,2023,3,"[2006, 2012, 2014, 2016, 2019]",m1_20260926T160821Z_a181f6c
L1,cell_gate,FLAT,ALL,capture_0.2,0.7222,,,18,2023-08-10,holdout,2023,3,"[2006, 2012, 2014, 2016, 2019]",m1_20260926T160821Z_a181f6c
L1,object,FLAT,ALL,capture_0.2,0.6346035113568761,,,3,2023-08-10,holdout,2023,3,"[2006, 2012, 2014, 2016, 2019]",m1_20260926T160821Z_a181f6c
z_sensitivity,cell_gate,FLAT,ALL,observed-label_auc,0.7070920851030817,0.435,0.7922,18,2023-08-10,holdout,2023,3,"[2006, 2012, 2014, 2016, 2019]",m1_20260926T160821Z_a181f6c
z_sensitivity,cluster_gate,FLAT,ALL,observed-label_auc,0.6674,0.435,0.7922,3,2023-08-10,holdout,2023,3,"[2006, 2012, 2014, 2016, 2019]",m1_20260926T160821Z_a181f6c
z_sensitivity,cell_gate,FLAT,ALL,capture_0.2,0.3889,,,18,2023-08-10,holdout,2023,3,"[2006, 2012, 2014, 2016, 2019]",m1_20260926T160821Z_a181f6c
z_sensitivity,object,FLAT,ALL,capture_0.2,0.2894186850138827,,,3,2023-08-10,holdout,2023,3,"[2006, 2012, 2014, 2016, 2019]",m1_20260926T160821Z_a181f6c
rf_F1_wf,cell_gate,FLAT,ALL,observed-label_auc,0.653988722096158,0.5148,0.8105,18,2023-08-10,holdout,2023,3,"[2006, 2012, 2014, 2016, 2019]",m1_20260926T160821Z_a181f6c
rf_F1_wf,cluster_gate,FLAT,ALL,observed-label_auc,0.6743,0.5148,0.8105,3,2023-08-10,holdout,2023,3,"[2006, 2012, 2014, 2016, 2019]",m1_20260926T160821Z_a181f6c
rf_F1_wf,cell_gate,FLAT,ALL,capture_0.2,0.2778,,,18,2023-08-10,holdout,2023,3,"[2006, 2012, 2014, 2016, 2019]",m1_20260926T160821Z_a181f6c
rf_F1_wf,object,FLAT,ALL,capture_0.2,0.27186726009304235,,,3,2023-08-10,holdout,2023,3,"[2006, 2012, 2014, 2016, 2019]",m1_20260926T160821Z_a181f6c
logit_F1_wf,cell_gate,FLAT,ALL,observed-label_auc,0.5720845212466787,0.513,0.6514,18,2023-08-10,holdout,2023,3,"[2006, 2012, 2014, 2016, 2019]",m1_20260926T160821Z_a181f6c
logit_F1_wf,cluster_gate,FLAT,ALL,observed-label_auc,0.5688,0.513,0.6514,3,2023-08-10,holdout,2023,3,"[2006, 2012, 2014, 2016, 2019]",m1_20260926T160821Z_a181f6c
logit_F1_wf,cell_gate,FLAT,ALL,capture_0.2,0.1667,,,18,2023-08-10,holdout,2023,3,"[2006, 2012, 2014, 2016, 2019]",m1_20260926T160821Z_a181f6c
logit_F1_wf,object,FLAT,ALL,capture_0.2,0.09932532233778735,,,3,2023-08-10,holdout,2023,3,"[2006, 2012, 2014, 2016, 2019]",m1_20260926T160821Z_a181f6c
slope_neg,object,FLAT,ALL,observed-label_auc,0.48883101773024246,0.297896745375206,0.6327506225441756,3,2023-08-10,holdout,2023,3,"[2006, 2012, 2014, 2016, 2019]",m1_20260926T160821Z_a181f6c
relelev_neg,object,FLAT,ALL,observed-label_auc,0.5497614090923856,0.43385334483220417,0.7476229687059096,3,2023-08-10,holdout,2023,3,"[2006, 2012, 2014, 2016, 2019]",m1_20260926T160821Z_a181f6c
twi,object,FLAT,ALL,observed-label_auc,0.550041137145996,0.41618351344859067,0.7750453456533618,3,2023-08-10,holdout,2023,3,"[2006, 2012, 2014, 2016, 2019]",m1_20260926T160821Z_a181f6c
impervious,object,FLAT,ALL,observed-label_auc,0.7213627865692908,0.496345142955774,0.8423860768402088,3,2023-08-10,holdout,2023,3,"[2006, 2012, 2014, 2016, 2019]",m1_20260926T160821Z_a181f6c
hand_neg,object,FLAT,ALL,observed-label_auc,0.49145603379331865,0.1043399850361893,0.7400775786978114,3,2023-08-10,holdout,2023,3,"[2006, 2012, 2014, 2016, 2019]",m1_20260926T160821Z_a181f6c
hand_acc_neg,object,FLAT,ALL,observed-label_auc,0.5424194024649244,0.08366955680668457,0.8629845716936425,3,2023-08-10,holdout,2023,3,"[2006, 2012, 2014, 2016, 2019]",m1_20260926T160821Z_a181f6c
L1,object,FLAT,ALL,observed-label_auc,0.6739906544072793,0.22234615511106118,0.9330366898920258,3,2023-08-10,holdout,2023,3,"[2006, 2012, 2014, 2016, 2019]",m1_20260926T160821Z_a181f6c
z_sensitivity,object,FLAT,ALL,observed-label_auc,0.6486893119586908,0.41169368039818427,0.7790694341691693,3,2023-08-10,holdout,2023,3,"[2006, 2012, 2014, 2016, 2019]",m1_20260926T160821Z_a181f6c
rf_F1_wf,object,FLAT,ALL,observed-label_auc,0.6631892384173351,0.5071822897250429,0.8159799922411982,3,2023-08-10,holdout,2023,3,"[2006, 2012, 2014, 2016, 2019]",m1_20260926T160821Z_a181f6c
logit_F1_wf,object,FLAT,ALL,observed-label_auc,0.558395825502484,0.5153445518829504,0.6421578880504901,3,2023-08-10,holdout,2023,3,"[2006, 2012, 2014, 2016, 2019]",m1_20260926T160821Z_a181f6c
slope_neg,cell_gate,URBAN,ALL,observed-label_auc,0.4947589531680441,0.377,0.6394,15,2023-08-10,holdout,2023,3,"[2006, 2012, 2014, 2016, 2019]",m1_20260926T160821Z_a181f6c
slope_neg,cluster_gate,URBAN,ALL,observed-label_auc,0.548,0.377,0.6394,3,2023-08-10,holdout,2023,3,"[2006, 2012, 2014, 2016, 2019]",m1_20260926T160821Z_a181f6c
slope_neg,cell_gate,URBAN,ALL,capture_0.2,0.1333,,,15,2023-08-10,holdout,2023,3,"[2006, 2012, 2014, 2016, 2019]",m1_20260926T160821Z_a181f6c
slope_neg,object,URBAN,ALL,capture_0.2,0.06265788608653623,,,3,2023-08-10,holdout,2023,3,"[2006, 2012, 2014, 2016, 2019]",m1_20260926T160821Z_a181f6c
relelev_neg,cell_gate,URBAN,ALL,observed-label_auc,0.413064738292011,0.3814,0.7952,15,2023-08-10,holdout,2023,3,"[2006, 2012, 2014, 2016, 2019]",m1_20260926T160821Z_a181f6c
relelev_neg,cluster_gate,URBAN,ALL,observed-label_auc,0.5227,0.3814,0.7952,3,2023-08-10,holdout,2023,3,"[2006, 2012, 2014, 2016, 2019]",m1_20260926T160821Z_a181f6c
relelev_neg,cell_gate,URBAN,ALL,capture_0.2,0.0,,,15,2023-08-10,holdout,2023,3,"[2006, 2012, 2014, 2016, 2019]",m1_20260926T160821Z_a181f6c
relelev_neg,object,URBAN,ALL,capture_0.2,3.780275322565967e-05,,,3,2023-08-10,holdout,2023,3,"[2006, 2012, 2014, 2016, 2019]",m1_20260926T160821Z_a181f6c
twi,cell_gate,URBAN,ALL,observed-label_auc,0.6021694214876033,0.5555,0.9671,15,2023-08-10,holdout,2023,3,"[2006, 2012, 2014, 2016, 2019]",m1_20260926T160821Z_a181f6c
twi,cluster_gate,URBAN,ALL,observed-label_auc,0.7047,0.5555,0.9671,3,2023-08-10,holdout,2023,3,"[2006, 2012, 2014, 2016, 2019]",m1_20260926T160821Z_a181f6c
twi,cell_gate,URBAN,ALL,capture_0.2,0.4,,,15,2023-08-10,holdout,2023,3,"[2006, 2012, 2014, 2016, 2019]",m1_20260926T160821Z_a181f6c
twi,object,URBAN,ALL,capture_0.2,0.4926055977660786,,,3,2023-08-10,holdout,2023,3,"[2006, 2012, 2014, 2016, 2019]",m1_20260926T160821Z_a181f6c
impervious,cell_gate,URBAN,ALL,observed-label_auc,0.554555785123967,0.3943,0.6151,15,2023-08-10,holdout,2023,3,"[2006, 2012, 2014, 2016, 2019]",m1_20260926T160821Z_a181f6c
impervious,cluster_gate,URBAN,ALL,observed-label_auc,0.5033,0.3943,0.6151,3,2023-08-10,holdout,2023,3,"[2006, 2012, 2014, 2016, 2019]",m1_20260926T160821Z_a181f6c
impervious,cell_gate,URBAN,ALL,capture_0.2,0.0,,,15,2023-08-10,holdout,2023,3,"[2006, 2012, 2014, 2016, 2019]",m1_20260926T160821Z_a181f6c
impervious,object,URBAN,ALL,capture_0.2,0.0,,,3,2023-08-10,holdout,2023,3,"[2006, 2012, 2014, 2016, 2019]",m1_20260926T160821Z_a181f6c
hand_neg,cell_gate,URBAN,ALL,observed-label_auc,0.4374380165289256,0.1444,0.8863,15,2023-08-10,holdout,2023,3,"[2006, 2012, 2014, 2016, 2019]",m1_20260926T160821Z_a181f6c
hand_neg,cluster_gate,URBAN,ALL,observed-label_auc,0.5947,0.1444,0.8863,3,2023-08-10,holdout,2023,3,"[2006, 2012, 2014, 2016, 2019]",m1_20260926T160821Z_a181f6c
hand_neg,cell_gate,URBAN,ALL,capture_0.2,0.2,,,15,2023-08-10,holdout,2023,3,"[2006, 2012, 2014, 2016, 2019]",m1_20260926T160821Z_a181f6c
hand_neg,object,URBAN,ALL,capture_0.2,0.38853420158807883,,,3,2023-08-10,holdout,2023,3,"[2006, 2012, 2014, 2016, 2019]",m1_20260926T160821Z_a181f6c
hand_acc_neg,cell_gate,URBAN,ALL,observed-label_auc,0.4472589531680441,0.1096,0.9394,15,2023-08-10,holdout,2023,3,"[2006, 2012, 2014, 2016, 2019]",m1_20260926T160821Z_a181f6c
hand_acc_neg,cluster_gate,URBAN,ALL,observed-label_auc,0.6215,0.1096,0.9394,3,2023-08-10,holdout,2023,3,"[2006, 2012, 2014, 2016, 2019]",m1_20260926T160821Z_a181f6c
hand_acc_neg,cell_gate,URBAN,ALL,capture_0.2,0.4,,,15,2023-08-10,holdout,2023,3,"[2006, 2012, 2014, 2016, 2019]",m1_20260926T160821Z_a181f6c
hand_acc_neg,object,URBAN,ALL,capture_0.2,0.6342733492074453,,,3,2023-08-10,holdout,2023,3,"[2006, 2012, 2014, 2016, 2019]",m1_20260926T160821Z_a181f6c
L1,cell_gate,URBAN,ALL,observed-label_auc,0.7671074380165289,0.1227,0.8835,15,2023-08-10,holdout,2023,3,"[2006, 2012, 2014, 2016, 2019]",m1_20260926T160821Z_a181f6c
L1,cluster_gate,URBAN,ALL,observed-label_auc,0.5752,0.1227,0.8835,3,2023-08-10,holdout,2023,3,"[2006, 2012, 2014, 2016, 2019]",m1_20260926T160821Z_a181f6c
L1,cell_gate,URBAN,ALL,capture_0.2,0.5333,,,15,2023-08-10,holdout,2023,3,"[2006, 2012, 2014, 2016, 2019]",m1_20260926T160821Z_a181f6c
L1,object,URBAN,ALL,capture_0.2,0.3012775956271878,,,3,2023-08-10,holdout,2023,3,"[2006, 2012, 2014, 2016, 2019]",m1_20260926T160821Z_a181f6c
z_sensitivity,cell_gate,URBAN,ALL,observed-label_auc,0.5698415977961433,0.4031,0.5965,15,2023-08-10,holdout,2023,3,"[2006, 2012, 2014, 2016, 2019]",m1_20260926T160821Z_a181f6c
z_sensitivity,cluster_gate,URBAN,ALL,observed-label_auc,0.5206,0.4031,0.5965,3,2023-08-10,holdout,2023,3,"[2006, 2012, 2014, 2016, 2019]",m1_20260926T160821Z_a181f6c
z_sensitivity,cell_gate,URBAN,ALL,capture_0.2,0.0667,,,15,2023-08-10,holdout,2023,3,"[2006, 2012, 2014, 2016, 2019]",m1_20260926T160821Z_a181f6c
z_sensitivity,object,URBAN,ALL,capture_0.2,0.03427807435580849,,,3,2023-08-10,holdout,2023,3,"[2006, 2012, 2014, 2016, 2019]",m1_20260926T160821Z_a181f6c
rf_F1_wf,cell_gate,URBAN,ALL,observed-label_auc,0.5588808539944904,0.4184,0.7346,15,2023-08-10,holdout,2023,3,"[2006, 2012, 2014, 2016, 2019]",m1_20260926T160821Z_a181f6c
rf_F1_wf,cluster_gate,URBAN,ALL,observed-label_auc,0.5938,0.4184,0.7346,3,2023-08-10,holdout,2023,3,"[2006, 2012, 2014, 2016, 2019]",m1_20260926T160821Z_a181f6c
rf_F1_wf,cell_gate,URBAN,ALL,capture_0.2,0.1333,,,15,2023-08-10,holdout,2023,3,"[2006, 2012, 2014, 2016, 2019]",m1_20260926T160821Z_a181f6c
rf_F1_wf,object,URBAN,ALL,capture_0.2,0.06265788608653623,,,3,2023-08-10,holdout,2023,3,"[2006, 2012, 2014, 2016, 2019]",m1_20260926T160821Z_a181f6c
logit_F1_wf,cell_gate,URBAN,ALL,observed-label_auc,0.4823691460055096,0.4098,0.654,15,2023-08-10,holdout,2023,3,"[2006, 2012, 2014, 2016, 2019]",m1_20260926T160821Z_a181f6c
logit_F1_wf,cluster_gate,URBAN,ALL,observed-label_auc,0.5381,0.4098,0.654,3,2023-08-10,holdout,2023,3,"[2006, 2012, 2014, 2016, 2019]",m1_20260926T160821Z_a181f6c
logit_F1_wf,cell_gate,URBAN,ALL,capture_0.2,0.1333,,,15,2023-08-10,holdout,2023,3,"[2006, 2012, 2014, 2016, 2019]",m1_20260926T160821Z_a181f6c
logit_F1_wf,object,URBAN,ALL,capture_0.2,0.055200868254745517,,,3,2023-08-10,holdout,2023,3,"[2006, 2012, 2014, 2016, 2019]",m1_20260926T160821Z_a181f6c
slope_neg,object,URBAN,ALL,observed-label_auc,0.5459762936268177,0.3802412278940734,0.6530140082650039,3,2023-08-10,holdout,2023,3,"[2006, 2012, 2014, 2016, 2019]",m1_20260926T160821Z_a181f6c
relelev_neg,object,URBAN,ALL,observed-label_auc,0.5236360636535323,0.3734942020459036,0.7919936152063279,3,2023-08-10,holdout,2023,3,"[2006, 2012, 2014, 2016, 2019]",m1_20260926T160821Z_a181f6c
twi,object,URBAN,ALL,observed-label_auc,0.65836726650012,0.47763740798716886,0.969382139167981,3,2023-08-10,holdout,2023,3,"[2006, 2012, 2014, 2016, 2019]",m1_20260926T160821Z_a181f6c
impervious,object,URBAN,ALL,observed-label_auc,0.5294016296299917,0.3957821080061352,0.6316818391642584,3,2023-08-10,holdout,2023,3,"[2006, 2012, 2014, 2016, 2019]",m1_20260926T160821Z_a181f6c
hand_neg,object,URBAN,ALL,observed-label_auc,0.602607293562385,0.14045854889714138,0.8864829344802031,3,2023-08-10,holdout,2023,3,"[2006, 2012, 2014, 2016, 2019]",m1_20260926T160821Z_a181f6c
hand_acc_neg,object,URBAN,ALL,observed-label_auc,0.6285078666529179,0.11369852217067329,0.9406758616280658,3,2023-08-10,holdout,2023,3,"[2006, 2012, 2014, 2016, 2019]",m1_20260926T160821Z_a181f6c
L1,object,URBAN,ALL,observed-label_auc,0.5738843645795272,0.12393053554696416,0.8683143838168034,3,2023-08-10,holdout,2023,3,"[2006, 2012, 2014, 2016, 2019]",m1_20260926T160821Z_a181f6c
z_sensitivity,object,URBAN,ALL,observed-label_auc,0.523925473848765,0.41274091792665596,0.5878172564126966,3,2023-08-10,holdout,2023,3,"[2006, 2012, 2014, 2016, 2019]",m1_20260926T160821Z_a181f6c
rf_F1_wf,object,URBAN,ALL,observed-label_auc,0.5958359005699133,0.4108728259898946,0.7317904135454555,3,2023-08-10,holdout,2023,3,"[2006, 2012, 2014, 2016, 2019]",m1_20260926T160821Z_a181f6c
logit_F1_wf,object,URBAN,ALL,observed-label_auc,0.5332277274362828,0.4044905090772902,0.6683184034587152,3,2023-08-10,holdout,2023,3,"[2006, 2012, 2014, 2016, 2019]",m1_20260926T160821Z_a181f6c
slope_neg,cell_gate,AGRI,ALL,observed-label_auc,0.6350651840490797,0.6351,0.6351,1,2023-08-10,holdout,2023,3,"[2006, 2012, 2014, 2016, 2019]",m1_20260926T160821Z_a181f6c
slope_neg,cluster_gate,AGRI,ALL,observed-label_auc,0.6351,0.6351,0.6351,1,2023-08-10,holdout,2023,3,"[2006, 2012, 2014, 2016, 2019]",m1_20260926T160821Z_a181f6c
slope_neg,cell_gate,AGRI,ALL,capture_0.2,0.0,,,1,2023-08-10,holdout,2023,3,"[2006, 2012, 2014, 2016, 2019]",m1_20260926T160821Z_a181f6c
slope_neg,object,AGRI,ALL,capture_0.2,0.14974124016182103,,,1,2023-08-10,holdout,2023,3,"[2006, 2012, 2014, 2016, 2019]",m1_20260926T160821Z_a181f6c
relelev_neg,cell_gate,AGRI,ALL,observed-label_auc,0.7080138036809815,0.708,0.708,1,2023-08-10,holdout,2023,3,"[2006, 2012, 2014, 2016, 2019]",m1_20260926T160821Z_a181f6c
relelev_neg,cluster_gate,AGRI,ALL,observed-label_auc,0.708,0.708,0.708,1,2023-08-10,holdout,2023,3,"[2006, 2012, 2014, 2016, 2019]",m1_20260926T160821Z_a181f6c
relelev_neg,cell_gate,AGRI,ALL,capture_0.2,0.0,,,1,2023-08-10,holdout,2023,3,"[2006, 2012, 2014, 2016, 2019]",m1_20260926T160821Z_a181f6c
relelev_neg,object,AGRI,ALL,capture_0.2,0.214559311446744,,,1,2023-08-10,holdout,2023,3,"[2006, 2012, 2014, 2016, 2019]",m1_20260926T160821Z_a181f6c
twi,cell_gate,AGRI,ALL,observed-label_auc,0.7125671012269938,0.7126,0.7126,1,2023-08-10,holdout,2023,3,"[2006, 2012, 2014, 2016, 2019]",m1_20260926T160821Z_a181f6c
twi,cluster_gate,AGRI,ALL,observed-label_auc,0.7126,0.7126,0.7126,1,2023-08-10,holdout,2023,3,"[2006, 2012, 2014, 2016, 2019]",m1_20260926T160821Z_a181f6c
twi,cell_gate,AGRI,ALL,capture_0.2,1.0,,,1,2023-08-10,holdout,2023,3,"[2006, 2012, 2014, 2016, 2019]",m1_20260926T160821Z_a181f6c
twi,object,AGRI,ALL,capture_0.2,0.8827940611444774,,,1,2023-08-10,holdout,2023,3,"[2006, 2012, 2014, 2016, 2019]",m1_20260926T160821Z_a181f6c
impervious,cell_gate,AGRI,ALL,observed-label_auc,0.9203412576687117,0.9203,0.9203,1,2023-08-10,holdout,2023,3,"[2006, 2012, 2014, 2016, 2019]",m1_20260926T160821Z_a181f6c
impervious,cluster_gate,AGRI,ALL,observed-label_auc,0.9203,0.9203,0.9203,1,2023-08-10,holdout,2023,3,"[2006, 2012, 2014, 2016, 2019]",m1_20260926T160821Z_a181f6c
impervious,cell_gate,AGRI,ALL,capture_0.2,1.0,,,1,2023-08-10,holdout,2023,3,"[2006, 2012, 2014, 2016, 2019]",m1_20260926T160821Z_a181f6c
impervious,object,AGRI,ALL,capture_0.2,0.3757970764476239,,,1,2023-08-10,holdout,2023,3,"[2006, 2012, 2014, 2016, 2019]",m1_20260926T160821Z_a181f6c
hand_neg,cell_gate,AGRI,ALL,observed-label_auc,0.6220283742331288,0.622,0.622,1,2023-08-10,holdout,2023,3,"[2006, 2012, 2014, 2016, 2019]",m1_20260926T160821Z_a181f6c
hand_neg,cluster_gate,AGRI,ALL,observed-label_auc,0.622,0.622,0.622,1,2023-08-10,holdout,2023,3,"[2006, 2012, 2014, 2016, 2019]",m1_20260926T160821Z_a181f6c
hand_neg,cell_gate,AGRI,ALL,capture_0.2,0.0,,,1,2023-08-10,holdout,2023,3,"[2006, 2012, 2014, 2016, 2019]",m1_20260926T160821Z_a181f6c
hand_neg,object,AGRI,ALL,capture_0.2,0.0,,,1,2023-08-10,holdout,2023,3,"[2006, 2012, 2014, 2016, 2019]",m1_20260926T160821Z_a181f6c
hand_acc_neg,cell_gate,AGRI,ALL,observed-label_auc,0.79826495398773,0.7983,0.7983,1,2023-08-10,holdout,2023,3,"[2006, 2012, 2014, 2016, 2019]",m1_20260926T160821Z_a181f6c
hand_acc_neg,cluster_gate,AGRI,ALL,observed-label_auc,0.7983,0.7983,0.7983,1,2023-08-10,holdout,2023,3,"[2006, 2012, 2014, 2016, 2019]",m1_20260926T160821Z_a181f6c
hand_acc_neg,cell_gate,AGRI,ALL,capture_0.2,1.0,,,1,2023-08-10,holdout,2023,3,"[2006, 2012, 2014, 2016, 2019]",m1_20260926T160821Z_a181f6c
hand_acc_neg,object,AGRI,ALL,capture_0.2,1.0,,,1,2023-08-10,holdout,2023,3,"[2006, 2012, 2014, 2016, 2019]",m1_20260926T160821Z_a181f6c
L1,cell_gate,AGRI,ALL,observed-label_auc,0.310103527607362,0.3101,0.3101,1,2023-08-10,holdout,2023,3,"[2006, 2012, 2014, 2016, 2019]",m1_20260926T160821Z_a181f6c
L1,cluster_gate,AGRI,ALL,observed-label_auc,0.3101,0.3101,0.3101,1,2023-08-10,holdout,2023,3,"[2006, 2012, 2014, 2016, 2019]",m1_20260926T160821Z_a181f6c
L1,cell_gate,AGRI,ALL,capture_0.2,0.0,,,1,2023-08-10,holdout,2023,3,"[2006, 2012, 2014, 2016, 2019]",m1_20260926T160821Z_a181f6c
L1,object,AGRI,ALL,capture_0.2,0.0,,,1,2023-08-10,holdout,2023,3,"[2006, 2012, 2014, 2016, 2019]",m1_20260926T160821Z_a181f6c
z_sensitivity,cell_gate,AGRI,ALL,observed-label_auc,0.5452453987730062,0.5452,0.5452,1,2023-08-10,holdout,2023,3,"[2006, 2012, 2014, 2016, 2019]",m1_20260926T160821Z_a181f6c
z_sensitivity,cluster_gate,AGRI,ALL,observed-label_auc,0.5452,0.5452,0.5452,1,2023-08-10,holdout,2023,3,"[2006, 2012, 2014, 2016, 2019]",m1_20260926T160821Z_a181f6c
z_sensitivity,cell_gate,AGRI,ALL,capture_0.2,0.0,,,1,2023-08-10,holdout,2023,3,"[2006, 2012, 2014, 2016, 2019]",m1_20260926T160821Z_a181f6c
z_sensitivity,object,AGRI,ALL,capture_0.2,0.0,,,1,2023-08-10,holdout,2023,3,"[2006, 2012, 2014, 2016, 2019]",m1_20260926T160821Z_a181f6c
rf_F1_wf,cell_gate,AGRI,ALL,observed-label_auc,0.8560199386503068,0.856,0.856,1,2023-08-10,holdout,2023,3,"[2006, 2012, 2014, 2016, 2019]",m1_20260926T160821Z_a181f6c
rf_F1_wf,cluster_gate,AGRI,ALL,observed-label_auc,0.856,0.856,0.856,1,2023-08-10,holdout,2023,3,"[2006, 2012, 2014, 2016, 2019]",m1_20260926T160821Z_a181f6c
rf_F1_wf,cell_gate,AGRI,ALL,capture_0.2,1.0,,,1,2023-08-10,holdout,2023,3,"[2006, 2012, 2014, 2016, 2019]",m1_20260926T160821Z_a181f6c
rf_F1_wf,object,AGRI,ALL,capture_0.2,0.35291869295844475,,,1,2023-08-10,holdout,2023,3,"[2006, 2012, 2014, 2016, 2019]",m1_20260926T160821Z_a181f6c
logit_F1_wf,cell_gate,AGRI,ALL,observed-label_auc,0.5453412576687117,0.5453,0.5453,1,2023-08-10,holdout,2023,3,"[2006, 2012, 2014, 2016, 2019]",m1_20260926T160821Z_a181f6c
logit_F1_wf,cluster_gate,AGRI,ALL,observed-label_auc,0.5453,0.5453,0.5453,1,2023-08-10,holdout,2023,3,"[2006, 2012, 2014, 2016, 2019]",m1_20260926T160821Z_a181f6c
logit_F1_wf,cell_gate,AGRI,ALL,capture_0.2,0.0,,,1,2023-08-10,holdout,2023,3,"[2006, 2012, 2014, 2016, 2019]",m1_20260926T160821Z_a181f6c
logit_F1_wf,object,AGRI,ALL,capture_0.2,0.0,,,1,2023-08-10,holdout,2023,3,"[2006, 2012, 2014, 2016, 2019]",m1_20260926T160821Z_a181f6c
slope_neg,object,AGRI,ALL,observed-label_auc,0.6781931519054996,0.6781931519054996,0.6781931519054996,1,2023-08-10,holdout,2023,3,"[2006, 2012, 2014, 2016, 2019]",m1_20260926T160821Z_a181f6c
relelev_neg,object,AGRI,ALL,observed-label_auc,0.6938993730234327,0.6938993730234327,0.6938993730234327,1,2023-08-10,holdout,2023,3,"[2006, 2012, 2014, 2016, 2019]",m1_20260926T160821Z_a181f6c
twi,object,AGRI,ALL,observed-label_auc,0.6757744928321574,0.6757744928321574,0.6757744928321574,1,2023-08-10,holdout,2023,3,"[2006, 2012, 2014, 2016, 2019]",m1_20260926T160821Z_a181f6c
impervious,object,AGRI,ALL,observed-label_auc,0.613090303661725,0.613090303661725,0.613090303661725,1,2023-08-10,holdout,2023,3,"[2006, 2012, 2014, 2016, 2019]",m1_20260926T160821Z_a181f6c
hand_neg,object,AGRI,ALL,observed-label_auc,0.6884464385866517,0.6884464385866517,0.6884464385866517,1,2023-08-10,holdout,2023,3,"[2006, 2012, 2014, 2016, 2019]",m1_20260926T160821Z_a181f6c
hand_acc_neg,object,AGRI,ALL,observed-label_auc,0.8258553000560852,0.8258553000560852,0.8258553000560852,1,2023-08-10,holdout,2023,3,"[2006, 2012, 2014, 2016, 2019]",m1_20260926T160821Z_a181f6c
L1,object,AGRI,ALL,observed-label_auc,0.24468087020479173,0.24468087020479173,0.24468087020479173,1,2023-08-10,holdout,2023,3,"[2006, 2012, 2014, 2016, 2019]",m1_20260926T160821Z_a181f6c
z_sensitivity,object,AGRI,ALL,observed-label_auc,0.5047091121567229,0.5047091121567229,0.5047091121567229,1,2023-08-10,holdout,2023,3,"[2006, 2012, 2014, 2016, 2019]",m1_20260926T160821Z_a181f6c
rf_F1_wf,object,AGRI,ALL,observed-label_auc,0.736951043604872,0.736951043604872,0.736951043604872,1,2023-08-10,holdout,2023,3,"[2006, 2012, 2014, 2016, 2019]",m1_20260926T160821Z_a181f6c
logit_F1_wf,object,AGRI,ALL,observed-label_auc,0.5520402440923876,0.5520402440923876,0.5520402440923876,1,2023-08-10,holdout,2023,3,"[2006, 2012, 2014, 2016, 2019]",m1_20260926T160821Z_a181f6c
slope_neg,cell_gate,UNIVERSE,ALL,observed-label_auc,0.7310015075690672,0.548,0.8143,11,2023-08-10,holdout,2023,3,"[2006, 2012, 2014, 2016, 2019]",m1_20260926T160821Z_a181f6c
slope_neg,cluster_gate,UNIVERSE,ALL,observed-label_auc,0.6884,0.5625,0.829,4,2023-08-10,holdout,2023,3,"[2006, 2012, 2014, 2016, 2019]",m1_20260926T160821Z_a181f6c
slope_neg,cell_gate,UNIVERSE,ALL,capture_0.2,0.4545,,,11,2023-08-10,holdout,2023,3,"[2006, 2012, 2014, 2016, 2019]",m1_20260926T160821Z_a181f6c
slope_neg,object,UNIVERSE,ALL,capture_0.2,0.47120154550989773,,,3,2023-08-10,holdout,2023,3,"[2006, 2012, 2014, 2016, 2019]",m1_20260926T160821Z_a181f6c
relelev_neg,cell_gate,UNIVERSE,ALL,observed-label_auc,0.3563839751652528,0.273,0.5395,11,2023-08-10,holdout,2023,3,"[2006, 2012, 2014, 2016, 2019]",m1_20260926T160821Z_a181f6c
relelev_neg,cluster_gate,UNIVERSE,ALL,observed-label_auc,0.3688,0.2406,0.5208,4,2023-08-10,holdout,2023,3,"[2006, 2012, 2014, 2016, 2019]",m1_20260926T160821Z_a181f6c
relelev_neg,cell_gate,UNIVERSE,ALL,capture_0.2,0.0,,,11,2023-08-10,holdout,2023,3,"[2006, 2012, 2014, 2016, 2019]",m1_20260926T160821Z_a181f6c
relelev_neg,object,UNIVERSE,ALL,capture_0.2,0.03551677889453283,,,3,2023-08-10,holdout,2023,3,"[2006, 2012, 2014, 2016, 2019]",m1_20260926T160821Z_a181f6c
twi,cell_gate,UNIVERSE,ALL,observed-label_auc,0.7207607425446695,0.6382,0.8709,11,2023-08-10,holdout,2023,3,"[2006, 2012, 2014, 2016, 2019]",m1_20260926T160821Z_a181f6c
twi,cluster_gate,UNIVERSE,ALL,observed-label_auc,0.7428,0.6203,0.8653,4,2023-08-10,holdout,2023,3,"[2006, 2012, 2014, 2016, 2019]",m1_20260926T160821Z_a181f6c
twi,cell_gate,UNIVERSE,ALL,capture_0.2,0.4545,,,11,2023-08-10,holdout,2023,3,"[2006, 2012, 2014, 2016, 2019]",m1_20260926T160821Z_a181f6c
twi,object,UNIVERSE,ALL,capture_0.2,0.42340529846842107,,,3,2023-08-10,holdout,2023,3,"[2006, 2012, 2014, 2016, 2019]",m1_20260926T160821Z_a181f6c
impervious,cell_gate,UNIVERSE,ALL,observed-label_auc,0.7061846013862499,0.5812,0.8292,11,2023-08-10,holdout,2023,3,"[2006, 2012, 2014, 2016, 2019]",m1_20260926T160821Z_a181f6c
impervious,cluster_gate,UNIVERSE,ALL,observed-label_auc,0.7065,0.5596,0.8387,4,2023-08-10,holdout,2023,3,"[2006, 2012, 2014, 2016, 2019]",m1_20260926T160821Z_a181f6c
impervious,cell_gate,UNIVERSE,ALL,capture_0.2,0.1818,,,11,2023-08-10,holdout,2023,3,"[2006, 2012, 2014, 2016, 2019]",m1_20260926T160821Z_a181f6c
impervious,object,UNIVERSE,ALL,capture_0.2,0.14634878761539125,,,3,2023-08-10,holdout,2023,3,"[2006, 2012, 2014, 2016, 2019]",m1_20260926T160821Z_a181f6c
hand_neg,cell_gate,UNIVERSE,ALL,observed-label_auc,0.6342227098776996,0.2087,0.8131,11,2023-08-10,holdout,2023,3,"[2006, 2012, 2014, 2016, 2019]",m1_20260926T160821Z_a181f6c
hand_neg,cluster_gate,UNIVERSE,ALL,observed-label_auc,0.5087,0.2044,0.8324,4,2023-08-10,holdout,2023,3,"[2006, 2012, 2014, 2016, 2019]",m1_20260926T160821Z_a181f6c
hand_neg,cell_gate,UNIVERSE,ALL,capture_0.2,0.3636,,,11,2023-08-10,holdout,2023,3,"[2006, 2012, 2014, 2016, 2019]",m1_20260926T160821Z_a181f6c
hand_neg,object,UNIVERSE,ALL,capture_0.2,0.38111165470783903,,,3,2023-08-10,holdout,2023,3,"[2006, 2012, 2014, 2016, 2019]",m1_20260926T160821Z_a181f6c
hand_acc_neg,cell_gate,UNIVERSE,ALL,observed-label_auc,0.6743561609619896,0.1514,0.8927,11,2023-08-10,holdout,2023,3,"[2006, 2012, 2014, 2016, 2019]",m1_20260926T160821Z_a181f6c
hand_acc_neg,cluster_gate,UNIVERSE,ALL,observed-label_auc,0.5291,0.1655,0.9148,4,2023-08-10,holdout,2023,3,"[2006, 2012, 2014, 2016, 2019]",m1_20260926T160821Z_a181f6c
hand_acc_neg,cell_gate,UNIVERSE,ALL,capture_0.2,0.6364,,,11,2023-08-10,holdout,2023,3,"[2006, 2012, 2014, 2016, 2019]",m1_20260926T160821Z_a181f6c
hand_acc_neg,object,UNIVERSE,ALL,capture_0.2,0.6273555423219277,,,3,2023-08-10,holdout,2023,3,"[2006, 2012, 2014, 2016, 2019]",m1_20260926T160821Z_a181f6c
L1,cell_gate,UNIVERSE,ALL,observed-label_auc,0.7610369220613554,0.431,0.9448,11,2023-08-10,holdout,2023,3,"[2006, 2012, 2014, 2016, 2019]",m1_20260926T160821Z_a181f6c
L1,cluster_gate,UNIVERSE,ALL,observed-label_auc,0.7407,0.3997,0.9355,4,2023-08-10,holdout,2023,3,"[2006, 2012, 2014, 2016, 2019]",m1_20260926T160821Z_a181f6c
L1,cell_gate,UNIVERSE,ALL,capture_0.2,0.7273,,,11,2023-08-10,holdout,2023,3,"[2006, 2012, 2014, 2016, 2019]",m1_20260926T160821Z_a181f6c
L1,object,UNIVERSE,ALL,capture_0.2,0.6345425964449151,,,3,2023-08-10,holdout,2023,3,"[2006, 2012, 2014, 2016, 2019]",m1_20260926T160821Z_a181f6c
z_sensitivity,cell_gate,UNIVERSE,ALL,observed-label_auc,0.6886200836745435,0.5407,0.7693,11,2023-08-10,holdout,2023,3,"[2006, 2012, 2014, 2016, 2019]",m1_20260926T160821Z_a181f6c
z_sensitivity,cluster_gate,UNIVERSE,ALL,observed-label_auc,0.6693,0.5424,0.7786,4,2023-08-10,holdout,2023,3,"[2006, 2012, 2014, 2016, 2019]",m1_20260926T160821Z_a181f6c
z_sensitivity,cell_gate,UNIVERSE,ALL,capture_0.2,0.1818,,,11,2023-08-10,holdout,2023,3,"[2006, 2012, 2014, 2016, 2019]",m1_20260926T160821Z_a181f6c
z_sensitivity,object,UNIVERSE,ALL,capture_0.2,0.1035508253340337,,,3,2023-08-10,holdout,2023,3,"[2006, 2012, 2014, 2016, 2019]",m1_20260926T160821Z_a181f6c
rf_F1_wf,cell_gate,UNIVERSE,ALL,observed-label_auc,0.7970936922953408,0.6635,0.8512,11,2023-08-10,holdout,2023,3,"[2006, 2012, 2014, 2016, 2019]",m1_20260926T160821Z_a181f6c
rf_F1_wf,cluster_gate,UNIVERSE,ALL,observed-label_auc,0.748,0.6633,0.8327,4,2023-08-10,holdout,2023,3,"[2006, 2012, 2014, 2016, 2019]",m1_20260926T160821Z_a181f6c
rf_F1_wf,cell_gate,UNIVERSE,ALL,capture_0.2,0.4545,,,11,2023-08-10,holdout,2023,3,"[2006, 2012, 2014, 2016, 2019]",m1_20260926T160821Z_a181f6c
rf_F1_wf,object,UNIVERSE,ALL,capture_0.2,0.4369603723395583,,,3,2023-08-10,holdout,2023,3,"[2006, 2012, 2014, 2016, 2019]",m1_20260926T160821Z_a181f6c
logit_F1_wf,cell_gate,UNIVERSE,ALL,observed-label_auc,0.7006806362119874,0.6197,0.7311,11,2023-08-10,holdout,2023,3,"[2006, 2012, 2014, 2016, 2019]",m1_20260926T160821Z_a181f6c
logit_F1_wf,cluster_gate,UNIVERSE,ALL,observed-label_auc,0.6738,0.6211,0.7266,4,2023-08-10,holdout,2023,3,"[2006, 2012, 2014, 2016, 2019]",m1_20260926T160821Z_a181f6c
logit_F1_wf,cell_gate,UNIVERSE,ALL,capture_0.2,0.2727,,,11,2023-08-10,holdout,2023,3,"[2006, 2012, 2014, 2016, 2019]",m1_20260926T160821Z_a181f6c
logit_F1_wf,object,UNIVERSE,ALL,capture_0.2,0.26409063225647805,,,3,2023-08-10,holdout,2023,3,"[2006, 2012, 2014, 2016, 2019]",m1_20260926T160821Z_a181f6c
slope_neg,object,UNIVERSE,ALL,observed-label_auc,0.7212340222157271,0.5640661857983648,0.8107109780214367,3,2023-08-10,holdout,2023,3,"[2006, 2012, 2014, 2016, 2019]",m1_20260926T160821Z_a181f6c
relelev_neg,object,UNIVERSE,ALL,observed-label_auc,0.40488917111890843,0.2936705299960372,0.627141456444236,3,2023-08-10,holdout,2023,3,"[2006, 2012, 2014, 2016, 2019]",m1_20260926T160821Z_a181f6c
twi,object,UNIVERSE,ALL,observed-label_auc,0.7034637305261607,0.5963094942575947,0.8843556510898783,3,2023-08-10,holdout,2023,3,"[2006, 2012, 2014, 2016, 2019]",m1_20260926T160821Z_a181f6c
impervious,object,UNIVERSE,ALL,observed-label_auc,0.6820935818636135,0.5233465864712252,0.7752049760285322,3,2023-08-10,holdout,2023,3,"[2006, 2012, 2014, 2016, 2019]",m1_20260926T160821Z_a181f6c
hand_neg,object,UNIVERSE,ALL,observed-label_auc,0.6179038811926494,0.20246670025949834,0.8510835374078196,3,2023-08-10,holdout,2023,3,"[2006, 2012, 2014, 2016, 2019]",m1_20260926T160821Z_a181f6c
hand_acc_neg,object,UNIVERSE,ALL,observed-label_auc,0.6541415748354898,0.16664433039552726,0.9328174066722457,3,2023-08-10,holdout,2023,3,"[2006, 2012, 2014, 2016, 2019]",m1_20260926T160821Z_a181f6c
L1,object,UNIVERSE,ALL,observed-label_auc,0.6758699212298388,0.2608313128380824,0.9204462502285643,3,2023-08-10,holdout,2023,3,"[2006, 2012, 2014, 2016, 2019]",m1_20260926T160821Z_a181f6c
z_sensitivity,object,UNIVERSE,ALL,observed-label_auc,0.6478938986889992,0.4948048538416423,0.7412115097315558,3,2023-08-10,holdout,2023,3,"[2006, 2012, 2014, 2016, 2019]",m1_20260926T160821Z_a181f6c
rf_F1_wf,object,UNIVERSE,ALL,observed-label_auc,0.7591174906177325,0.6466143093013937,0.8753468993686019,3,2023-08-10,holdout,2023,3,"[2006, 2012, 2014, 2016, 2019]",m1_20260926T160821Z_a181f6c
logit_F1_wf,object,UNIVERSE,ALL,observed-label_auc,0.6839367350183448,0.5995068022444555,0.7351719567158623,3,2023-08-10,holdout,2023,3,"[2006, 2012, 2014, 2016, 2019]",m1_20260926T160821Z_a181f6c
slope_neg,cell_gate,ALL,ALL,observed-label_auc,,,,0,2024-07-24,holdout,2024,5,"[2006, 2012, 2014, 2016, 2019]",m1_20260926T160821Z_a181f6c
slope_neg,cluster_gate,ALL,ALL,observed-label_auc,,,,0,2024-07-24,holdout,2024,5,"[2006, 2012, 2014, 2016, 2019]",m1_20260926T160821Z_a181f6c
slope_neg,cell_gate,ALL,ALL,capture_0.2,0.0,,,0,2024-07-24,holdout,2024,5,"[2006, 2012, 2014, 2016, 2019]",m1_20260926T160821Z_a181f6c
slope_neg,object,ALL,ALL,capture_0.2,0.2940557820270751,,,5,2024-07-24,holdout,2024,5,"[2006, 2012, 2014, 2016, 2019]",m1_20260926T160821Z_a181f6c
relelev_neg,cell_gate,ALL,ALL,observed-label_auc,,,,0,2024-07-24,holdout,2024,5,"[2006, 2012, 2014, 2016, 2019]",m1_20260926T160821Z_a181f6c
relelev_neg,cluster_gate,ALL,ALL,observed-label_auc,,,,0,2024-07-24,holdout,2024,5,"[2006, 2012, 2014, 2016, 2019]",m1_20260926T160821Z_a181f6c
relelev_neg,cell_gate,ALL,ALL,capture_0.2,0.0,,,0,2024-07-24,holdout,2024,5,"[2006, 2012, 2014, 2016, 2019]",m1_20260926T160821Z_a181f6c
relelev_neg,object,ALL,ALL,capture_0.2,0.0,,,5,2024-07-24,holdout,2024,5,"[2006, 2012, 2014, 2016, 2019]",m1_20260926T160821Z_a181f6c
twi,cell_gate,ALL,ALL,observed-label_auc,,,,0,2024-07-24,holdout,2024,5,"[2006, 2012, 2014, 2016, 2019]",m1_20260926T160821Z_a181f6c
twi,cluster_gate,ALL,ALL,observed-label_auc,,,,0,2024-07-24,holdout,2024,5,"[2006, 2012, 2014, 2016, 2019]",m1_20260926T160821Z_a181f6c
twi,cell_gate,ALL,ALL,capture_0.2,0.0,,,0,2024-07-24,holdout,2024,5,"[2006, 2012, 2014, 2016, 2019]",m1_20260926T160821Z_a181f6c
twi,object,ALL,ALL,capture_0.2,0.20091758673187074,,,5,2024-07-24,holdout,2024,5,"[2006, 2012, 2014, 2016, 2019]",m1_20260926T160821Z_a181f6c
impervious,cell_gate,ALL,ALL,observed-label_auc,,,,0,2024-07-24,holdout,2024,5,"[2006, 2012, 2014, 2016, 2019]",m1_20260926T160821Z_a181f6c
impervious,cluster_gate,ALL,ALL,observed-label_auc,,,,0,2024-07-24,holdout,2024,5,"[2006, 2012, 2014, 2016, 2019]",m1_20260926T160821Z_a181f6c
impervious,cell_gate,ALL,ALL,capture_0.2,0.0,,,0,2024-07-24,holdout,2024,5,"[2006, 2012, 2014, 2016, 2019]",m1_20260926T160821Z_a181f6c
impervious,object,ALL,ALL,capture_0.2,0.6298948896693257,,,5,2024-07-24,holdout,2024,5,"[2006, 2012, 2014, 2016, 2019]",m1_20260926T160821Z_a181f6c
hand_neg,cell_gate,ALL,ALL,observed-label_auc,,,,0,2024-07-24,holdout,2024,5,"[2006, 2012, 2014, 2016, 2019]",m1_20260926T160821Z_a181f6c
hand_neg,cluster_gate,ALL,ALL,observed-label_auc,,,,0,2024-07-24,holdout,2024,5,"[2006, 2012, 2014, 2016, 2019]",m1_20260926T160821Z_a181f6c
hand_neg,cell_gate,ALL,ALL,capture_0.2,0.0,,,0,2024-07-24,holdout,2024,5,"[2006, 2012, 2014, 2016, 2019]",m1_20260926T160821Z_a181f6c
hand_neg,object,ALL,ALL,capture_0.2,0.41414104288517206,,,5,2024-07-24,holdout,2024,5,"[2006, 2012, 2014, 2016, 2019]",m1_20260926T160821Z_a181f6c
hand_acc_neg,cell_gate,ALL,ALL,observed-label_auc,,,,0,2024-07-24,holdout,2024,5,"[2006, 2012, 2014, 2016, 2019]",m1_20260926T160821Z_a181f6c
hand_acc_neg,cluster_gate,ALL,ALL,observed-label_auc,,,,0,2024-07-24,holdout,2024,5,"[2006, 2012, 2014, 2016, 2019]",m1_20260926T160821Z_a181f6c
hand_acc_neg,cell_gate,ALL,ALL,capture_0.2,0.0,,,0,2024-07-24,holdout,2024,5,"[2006, 2012, 2014, 2016, 2019]",m1_20260926T160821Z_a181f6c
hand_acc_neg,object,ALL,ALL,capture_0.2,0.5744606768378395,,,5,2024-07-24,holdout,2024,5,"[2006, 2012, 2014, 2016, 2019]",m1_20260926T160821Z_a181f6c
L1,cell_gate,ALL,ALL,observed-label_auc,,,,0,2024-07-24,holdout,2024,5,"[2006, 2012, 2014, 2016, 2019]",m1_20260926T160821Z_a181f6c
L1,cluster_gate,ALL,ALL,observed-label_auc,,,,0,2024-07-24,holdout,2024,5,"[2006, 2012, 2014, 2016, 2019]",m1_20260926T160821Z_a181f6c
L1,cell_gate,ALL,ALL,capture_0.2,0.0,,,0,2024-07-24,holdout,2024,5,"[2006, 2012, 2014, 2016, 2019]",m1_20260926T160821Z_a181f6c
L1,object,ALL,ALL,capture_0.2,0.24189305473226214,,,5,2024-07-24,holdout,2024,5,"[2006, 2012, 2014, 2016, 2019]",m1_20260926T160821Z_a181f6c
z_sensitivity,cell_gate,ALL,ALL,observed-label_auc,,,,0,2024-07-24,holdout,2024,5,"[2006, 2012, 2014, 2016, 2019]",m1_20260926T160821Z_a181f6c
z_sensitivity,cluster_gate,ALL,ALL,observed-label_auc,,,,0,2024-07-24,holdout,2024,5,"[2006, 2012, 2014, 2016, 2019]",m1_20260926T160821Z_a181f6c
z_sensitivity,cell_gate,ALL,ALL,capture_0.2,0.0,,,0,2024-07-24,holdout,2024,5,"[2006, 2012, 2014, 2016, 2019]",m1_20260926T160821Z_a181f6c
z_sensitivity,object,ALL,ALL,capture_0.2,0.3642258190374652,,,5,2024-07-24,holdout,2024,5,"[2006, 2012, 2014, 2016, 2019]",m1_20260926T160821Z_a181f6c
rf_F1_wf,cell_gate,ALL,ALL,observed-label_auc,,,,0,2024-07-24,holdout,2024,5,"[2006, 2012, 2014, 2016, 2019]",m1_20260926T160821Z_a181f6c
rf_F1_wf,cluster_gate,ALL,ALL,observed-label_auc,,,,0,2024-07-24,holdout,2024,5,"[2006, 2012, 2014, 2016, 2019]",m1_20260926T160821Z_a181f6c
rf_F1_wf,cell_gate,ALL,ALL,capture_0.2,0.0,,,0,2024-07-24,holdout,2024,5,"[2006, 2012, 2014, 2016, 2019]",m1_20260926T160821Z_a181f6c
rf_F1_wf,object,ALL,ALL,capture_0.2,0.41604877946659446,,,5,2024-07-24,holdout,2024,5,"[2006, 2012, 2014, 2016, 2019]",m1_20260926T160821Z_a181f6c
logit_F1_wf,cell_gate,ALL,ALL,observed-label_auc,,,,0,2024-07-24,holdout,2024,5,"[2006, 2012, 2014, 2016, 2019]",m1_20260926T160821Z_a181f6c
logit_F1_wf,cluster_gate,ALL,ALL,observed-label_auc,,,,0,2024-07-24,holdout,2024,5,"[2006, 2012, 2014, 2016, 2019]",m1_20260926T160821Z_a181f6c
logit_F1_wf,cell_gate,ALL,ALL,capture_0.2,0.0,,,0,2024-07-24,holdout,2024,5,"[2006, 2012, 2014, 2016, 2019]",m1_20260926T160821Z_a181f6c
logit_F1_wf,object,ALL,ALL,capture_0.2,0.44189305473226215,,,5,2024-07-24,holdout,2024,5,"[2006, 2012, 2014, 2016, 2019]",m1_20260926T160821Z_a181f6c
slope_neg,object,ALL,ALL,observed-label_auc,0.7220625150243893,0.5404717706207419,0.8666829391820109,5,2024-07-24,holdout,2024,5,"[2006, 2012, 2014, 2016, 2019]",m1_20260926T160821Z_a181f6c
relelev_neg,object,ALL,ALL,observed-label_auc,0.5563961540067531,0.4732672416310238,0.6376565952124572,5,2024-07-24,holdout,2024,5,"[2006, 2012, 2014, 2016, 2019]",m1_20260926T160821Z_a181f6c
twi,object,ALL,ALL,observed-label_auc,0.6329208635597274,0.4641251381017225,0.7960418817428849,5,2024-07-24,holdout,2024,5,"[2006, 2012, 2014, 2016, 2019]",m1_20260926T160821Z_a181f6c
impervious,object,ALL,ALL,observed-label_auc,0.8439607916071111,0.7631956656290686,0.9085993357818886,5,2024-07-24,holdout,2024,5,"[2006, 2012, 2014, 2016, 2019]",m1_20260926T160821Z_a181f6c
hand_neg,object,ALL,ALL,observed-label_auc,0.765753012411581,0.6626513662431257,0.865417450762261,5,2024-07-24,holdout,2024,5,"[2006, 2012, 2014, 2016, 2019]",m1_20260926T160821Z_a181f6c
hand_acc_neg,object,ALL,ALL,observed-label_auc,0.7962460003055569,0.66303175004392,0.905184976445583,5,2024-07-24,holdout,2024,5,"[2006, 2012, 2014, 2016, 2019]",m1_20260926T160821Z_a181f6c
L1,object,ALL,ALL,observed-label_auc,0.6187226728235721,0.4573048920959661,0.7937501797208806,5,2024-07-24,holdout,2024,5,"[2006, 2012, 2014, 2016, 2019]",m1_20260926T160821Z_a181f6c
z_sensitivity,object,ALL,ALL,observed-label_auc,0.7812857409371193,0.6713222213725453,0.890073832971624,5,2024-07-24,holdout,2024,5,"[2006, 2012, 2014, 2016, 2019]",m1_20260926T160821Z_a181f6c
rf_F1_wf,object,ALL,ALL,observed-label_auc,0.8001912048337092,0.6885566928901844,0.9068976867310978,5,2024-07-24,holdout,2024,5,"[2006, 2012, 2014, 2016, 2019]",m1_20260926T160821Z_a181f6c
logit_F1_wf,object,ALL,ALL,observed-label_auc,0.7555302422207818,0.6036560259354344,0.8977364100138541,5,2024-07-24,holdout,2024,5,"[2006, 2012, 2014, 2016, 2019]",m1_20260926T160821Z_a181f6c
slope_neg,cell_gate,FLAT,ALL,observed-label_auc,,,,0,2024-07-24,holdout,2024,5,"[2006, 2012, 2014, 2016, 2019]",m1_20260926T160821Z_a181f6c
slope_neg,cluster_gate,FLAT,ALL,observed-label_auc,,,,0,2024-07-24,holdout,2024,5,"[2006, 2012, 2014, 2016, 2019]",m1_20260926T160821Z_a181f6c
slope_neg,cell_gate,FLAT,ALL,capture_0.2,0.0,,,0,2024-07-24,holdout,2024,5,"[2006, 2012, 2014, 2016, 2019]",m1_20260926T160821Z_a181f6c
slope_neg,object,FLAT,ALL,capture_0.2,0.22112501157446188,,,4,2024-07-24,holdout,2024,5,"[2006, 2012, 2014, 2016, 2019]",m1_20260926T160821Z_a181f6c
relelev_neg,cell_gate,FLAT,ALL,observed-label_auc,,,,0,2024-07-24,holdout,2024,5,"[2006, 2012, 2014, 2016, 2019]",m1_20260926T160821Z_a181f6c
relelev_neg,cluster_gate,FLAT,ALL,observed-label_auc,,,,0,2024-07-24,holdout,2024,5,"[2006, 2012, 2014, 2016, 2019]",m1_20260926T160821Z_a181f6c
relelev_neg,cell_gate,FLAT,ALL,capture_0.2,0.0,,,0,2024-07-24,holdout,2024,5,"[2006, 2012, 2014, 2016, 2019]",m1_20260926T160821Z_a181f6c
relelev_neg,object,FLAT,ALL,capture_0.2,0.25,,,4,2024-07-24,holdout,2024,5,"[2006, 2012, 2014, 2016, 2019]",m1_20260926T160821Z_a181f6c
twi,cell_gate,FLAT,ALL,observed-label_auc,,,,0,2024-07-24,holdout,2024,5,"[2006, 2012, 2014, 2016, 2019]",m1_20260926T160821Z_a181f6c
twi,cluster_gate,FLAT,ALL,observed-label_auc,,,,0,2024-07-24,holdout,2024,5,"[2006, 2012, 2014, 2016, 2019]",m1_20260926T160821Z_a181f6c
twi,cell_gate,FLAT,ALL,capture_0.2,0.0,,,0,2024-07-24,holdout,2024,5,"[2006, 2012, 2014, 2016, 2019]",m1_20260926T160821Z_a181f6c
twi,object,FLAT,ALL,capture_0.2,0.07614684775401177,,,4,2024-07-24,holdout,2024,5,"[2006, 2012, 2014, 2016, 2019]",m1_20260926T160821Z_a181f6c
impervious,cell_gate,FLAT,ALL,observed-label_auc,,,,0,2024-07-24,holdout,2024,5,"[2006, 2012, 2014, 2016, 2019]",m1_20260926T160821Z_a181f6c
impervious,cluster_gate,FLAT,ALL,observed-label_auc,,,,0,2024-07-24,holdout,2024,5,"[2006, 2012, 2014, 2016, 2019]",m1_20260926T160821Z_a181f6c
impervious,cell_gate,FLAT,ALL,capture_0.2,0.0,,,0,2024-07-24,holdout,2024,5,"[2006, 2012, 2014, 2016, 2019]",m1_20260926T160821Z_a181f6c
impervious,object,FLAT,ALL,capture_0.2,0.1847965908814838,,,4,2024-07-24,holdout,2024,5,"[2006, 2012, 2014, 2016, 2019]",m1_20260926T160821Z_a181f6c
hand_neg,cell_gate,FLAT,ALL,observed-label_auc,,,,0,2024-07-24,holdout,2024,5,"[2006, 2012, 2014, 2016, 2019]",m1_20260926T160821Z_a181f6c
hand_neg,cluster_gate,FLAT,ALL,observed-label_auc,,,,0,2024-07-24,holdout,2024,5,"[2006, 2012, 2014, 2016, 2019]",m1_20260926T160821Z_a181f6c
hand_neg,cell_gate,FLAT,ALL,capture_0.2,0.0,,,0,2024-07-24,holdout,2024,5,"[2006, 2012, 2014, 2016, 2019]",m1_20260926T160821Z_a181f6c
hand_neg,object,FLAT,ALL,capture_0.2,0.0,,,4,2024-07-24,holdout,2024,5,"[2006, 2012, 2014, 2016, 2019]",m1_20260926T160821Z_a181f6c
hand_acc_neg,cell_gate,FLAT,ALL,observed-label_auc,,,,0,2024-07-24,holdout,2024,5,"[2006, 2012, 2014, 2016, 2019]",m1_20260926T160821Z_a181f6c
hand_acc_neg,cluster_gate,FLAT,ALL,observed-label_auc,,,,0,2024-07-24,holdout,2024,5,"[2006, 2012, 2014, 2016, 2019]",m1_20260926T160821Z_a181f6c
hand_acc_neg,cell_gate,FLAT,ALL,capture_0.2,0.0,,,0,2024-07-24,holdout,2024,5,"[2006, 2012, 2014, 2016, 2019]",m1_20260926T160821Z_a181f6c
hand_acc_neg,object,FLAT,ALL,capture_0.2,0.2676763036064651,,,4,2024-07-24,holdout,2024,5,"[2006, 2012, 2014, 2016, 2019]",m1_20260926T160821Z_a181f6c
L1,cell_gate,FLAT,ALL,observed-label_auc,,,,0,2024-07-24,holdout,2024,5,"[2006, 2012, 2014, 2016, 2019]",m1_20260926T160821Z_a181f6c
L1,cluster_gate,FLAT,ALL,observed-label_auc,,,,0,2024-07-24,holdout,2024,5,"[2006, 2012, 2014, 2016, 2019]",m1_20260926T160821Z_a181f6c
L1,cell_gate,FLAT,ALL,capture_0.2,0.0,,,0,2024-07-24,holdout,2024,5,"[2006, 2012, 2014, 2016, 2019]",m1_20260926T160821Z_a181f6c
L1,object,FLAT,ALL,capture_0.2,0.0,,,4,2024-07-24,holdout,2024,5,"[2006, 2012, 2014, 2016, 2019]",m1_20260926T160821Z_a181f6c
z_sensitivity,cell_gate,FLAT,ALL,observed-label_auc,,,,0,2024-07-24,holdout,2024,5,"[2006, 2012, 2014, 2016, 2019]",m1_20260926T160821Z_a181f6c
z_sensitivity,cluster_gate,FLAT,ALL,observed-label_auc,,,,0,2024-07-24,holdout,2024,5,"[2006, 2012, 2014, 2016, 2019]",m1_20260926T160821Z_a181f6c
z_sensitivity,cell_gate,FLAT,ALL,capture_0.2,0.0,,,0,2024-07-24,holdout,2024,5,"[2006, 2012, 2014, 2016, 2019]",m1_20260926T160821Z_a181f6c
z_sensitivity,object,FLAT,ALL,capture_0.2,0.25,,,4,2024-07-24,holdout,2024,5,"[2006, 2012, 2014, 2016, 2019]",m1_20260926T160821Z_a181f6c
rf_F1_wf,cell_gate,FLAT,ALL,observed-label_auc,,,,0,2024-07-24,holdout,2024,5,"[2006, 2012, 2014, 2016, 2019]",m1_20260926T160821Z_a181f6c
rf_F1_wf,cluster_gate,FLAT,ALL,observed-label_auc,,,,0,2024-07-24,holdout,2024,5,"[2006, 2012, 2014, 2016, 2019]",m1_20260926T160821Z_a181f6c
rf_F1_wf,cell_gate,FLAT,ALL,capture_0.2,0.0,,,0,2024-07-24,holdout,2024,5,"[2006, 2012, 2014, 2016, 2019]",m1_20260926T160821Z_a181f6c
rf_F1_wf,object,FLAT,ALL,capture_0.2,0.29689326138213334,,,4,2024-07-24,holdout,2024,5,"[2006, 2012, 2014, 2016, 2019]",m1_20260926T160821Z_a181f6c
logit_F1_wf,cell_gate,FLAT,ALL,observed-label_auc,,,,0,2024-07-24,holdout,2024,5,"[2006, 2012, 2014, 2016, 2019]",m1_20260926T160821Z_a181f6c
logit_F1_wf,cluster_gate,FLAT,ALL,observed-label_auc,,,,0,2024-07-24,holdout,2024,5,"[2006, 2012, 2014, 2016, 2019]",m1_20260926T160821Z_a181f6c
logit_F1_wf,cell_gate,FLAT,ALL,capture_0.2,0.0,,,0,2024-07-24,holdout,2024,5,"[2006, 2012, 2014, 2016, 2019]",m1_20260926T160821Z_a181f6c
logit_F1_wf,object,FLAT,ALL,capture_0.2,0.28328778521044673,,,4,2024-07-24,holdout,2024,5,"[2006, 2012, 2014, 2016, 2019]",m1_20260926T160821Z_a181f6c
slope_neg,object,FLAT,ALL,observed-label_auc,0.40940786230602155,0.16674440714688157,0.6633564615413964,4,2024-07-24,holdout,2024,5,"[2006, 2012, 2014, 2016, 2019]",m1_20260926T160821Z_a181f6c
relelev_neg,object,FLAT,ALL,observed-label_auc,0.6350942093547192,0.4442967024969707,0.7859479104059626,4,2024-07-24,holdout,2024,5,"[2006, 2012, 2014, 2016, 2019]",m1_20260926T160821Z_a181f6c
twi,object,FLAT,ALL,observed-label_auc,0.37002531088064133,0.2537436656086281,0.4863069561526545,4,2024-07-24,holdout,2024,5,"[2006, 2012, 2014, 2016, 2019]",m1_20260926T160821Z_a181f6c
impervious,object,FLAT,ALL,observed-label_auc,0.717101297119948,0.6579278029466311,0.7744050515445493,4,2024-07-24,holdout,2024,5,"[2006, 2012, 2014, 2016, 2019]",m1_20260926T160821Z_a181f6c
hand_neg,object,FLAT,ALL,observed-label_auc,0.5174996765444704,0.3512538907454053,0.6837454623435355,4,2024-07-24,holdout,2024,5,"[2006, 2012, 2014, 2016, 2019]",m1_20260926T160821Z_a181f6c
hand_acc_neg,object,FLAT,ALL,observed-label_auc,0.6028158134274642,0.4459670193367169,0.7828505320457536,4,2024-07-24,holdout,2024,5,"[2006, 2012, 2014, 2016, 2019]",m1_20260926T160821Z_a181f6c
L1,object,FLAT,ALL,observed-label_auc,0.45330161503313826,0.3120709150198109,0.5945323150464655,4,2024-07-24,holdout,2024,5,"[2006, 2012, 2014, 2016, 2019]",m1_20260926T160821Z_a181f6c
z_sensitivity,object,FLAT,ALL,observed-label_auc,0.542397558375227,0.3940453008066817,0.7547588342730475,4,2024-07-24,holdout,2024,5,"[2006, 2012, 2014, 2016, 2019]",m1_20260926T160821Z_a181f6c
rf_F1_wf,object,FLAT,ALL,observed-label_auc,0.5351224307638809,0.23583685290936438,0.7611665018517386,4,2024-07-24,holdout,2024,5,"[2006, 2012, 2014, 2016, 2019]",m1_20260926T160821Z_a181f6c
logit_F1_wf,object,FLAT,ALL,observed-label_auc,0.4980950526448321,0.2137214245972543,0.7463566024309671,4,2024-07-24,holdout,2024,5,"[2006, 2012, 2014, 2016, 2019]",m1_20260926T160821Z_a181f6c
slope_neg,cell_gate,URBAN,ALL,observed-label_auc,,,,0,2024-07-24,holdout,2024,5,"[2006, 2012, 2014, 2016, 2019]",m1_20260926T160821Z_a181f6c
slope_neg,cluster_gate,URBAN,ALL,observed-label_auc,,,,0,2024-07-24,holdout,2024,5,"[2006, 2012, 2014, 2016, 2019]",m1_20260926T160821Z_a181f6c
slope_neg,cell_gate,URBAN,ALL,capture_0.2,0.0,,,0,2024-07-24,holdout,2024,5,"[2006, 2012, 2014, 2016, 2019]",m1_20260926T160821Z_a181f6c
slope_neg,object,URBAN,ALL,capture_0.2,0.17296091463207244,,,5,2024-07-24,holdout,2024,5,"[2006, 2012, 2014, 2016, 2019]",m1_20260926T160821Z_a181f6c
relelev_neg,cell_gate,URBAN,ALL,observed-label_auc,,,,0,2024-07-24,holdout,2024,5,"[2006, 2012, 2014, 2016, 2019]",m1_20260926T160821Z_a181f6c
relelev_neg,cluster_gate,URBAN,ALL,observed-label_auc,,,,0,2024-07-24,holdout,2024,5,"[2006, 2012, 2014, 2016, 2019]",m1_20260926T160821Z_a181f6c
relelev_neg,cell_gate,URBAN,ALL,capture_0.2,0.0,,,0,2024-07-24,holdout,2024,5,"[2006, 2012, 2014, 2016, 2019]",m1_20260926T160821Z_a181f6c
relelev_neg,object,URBAN,ALL,capture_0.2,0.4,,,5,2024-07-24,holdout,2024,5,"[2006, 2012, 2014, 2016, 2019]",m1_20260926T160821Z_a181f6c
twi,cell_gate,URBAN,ALL,observed-label_auc,,,,0,2024-07-24,holdout,2024,5,"[2006, 2012, 2014, 2016, 2019]",m1_20260926T160821Z_a181f6c
twi,cluster_gate,URBAN,ALL,observed-label_auc,,,,0,2024-07-24,holdout,2024,5,"[2006, 2012, 2014, 2016, 2019]",m1_20260926T160821Z_a181f6c
twi,cell_gate,URBAN,ALL,capture_0.2,0.0,,,0,2024-07-24,holdout,2024,5,"[2006, 2012, 2014, 2016, 2019]",m1_20260926T160821Z_a181f6c
twi,object,URBAN,ALL,capture_0.2,0.03276115292117934,,,5,2024-07-24,holdout,2024,5,"[2006, 2012, 2014, 2016, 2019]",m1_20260926T160821Z_a181f6c
impervious,cell_gate,URBAN,ALL,observed-label_auc,,,,0,2024-07-24,holdout,2024,5,"[2006, 2012, 2014, 2016, 2019]",m1_20260926T160821Z_a181f6c
impervious,cluster_gate,URBAN,ALL,observed-label_auc,,,,0,2024-07-24,holdout,2024,5,"[2006, 2012, 2014, 2016, 2019]",m1_20260926T160821Z_a181f6c
impervious,cell_gate,URBAN,ALL,capture_0.2,0.0,,,0,2024-07-24,holdout,2024,5,"[2006, 2012, 2014, 2016, 2019]",m1_20260926T160821Z_a181f6c
impervious,object,URBAN,ALL,capture_0.2,0.0,,,5,2024-07-24,holdout,2024,5,"[2006, 2012, 2014, 2016, 2019]",m1_20260926T160821Z_a181f6c
hand_neg,cell_gate,URBAN,ALL,observed-label_auc,,,,0,2024-07-24,holdout,2024,5,"[2006, 2012, 2014, 2016, 2019]",m1_20260926T160821Z_a181f6c
hand_neg,cluster_gate,URBAN,ALL,observed-label_auc,,,,0,2024-07-24,holdout,2024,5,"[2006, 2012, 2014, 2016, 2019]",m1_20260926T160821Z_a181f6c
hand_neg,cell_gate,URBAN,ALL,capture_0.2,0.0,,,0,2024-07-24,holdout,2024,5,"[2006, 2012, 2014, 2016, 2019]",m1_20260926T160821Z_a181f6c
hand_neg,object,URBAN,ALL,capture_0.2,0.4,,,5,2024-07-24,holdout,2024,5,"[2006, 2012, 2014, 2016, 2019]",m1_20260926T160821Z_a181f6c
hand_acc_neg,cell_gate,URBAN,ALL,observed-label_auc,,,,0,2024-07-24,holdout,2024,5,"[2006, 2012, 2014, 2016, 2019]",m1_20260926T160821Z_a181f6c
hand_acc_neg,cluster_gate,URBAN,ALL,observed-label_auc,,,,0,2024-07-24,holdout,2024,5,"[2006, 2012, 2014, 2016, 2019]",m1_20260926T160821Z_a181f6c
hand_acc_neg,cell_gate,URBAN,ALL,capture_0.2,0.0,,,0,2024-07-24,holdout,2024,5,"[2006, 2012, 2014, 2016, 2019]",m1_20260926T160821Z_a181f6c
hand_acc_neg,object,URBAN,ALL,capture_0.2,0.42615635049429434,,,5,2024-07-24,holdout,2024,5,"[2006, 2012, 2014, 2016, 2019]",m1_20260926T160821Z_a181f6c
L1,cell_gate,URBAN,ALL,observed-label_auc,,,,0,2024-07-24,holdout,2024,5,"[2006, 2012, 2014, 2016, 2019]",m1_20260926T160821Z_a181f6c
L1,cluster_gate,URBAN,ALL,observed-label_auc,,,,0,2024-07-24,holdout,2024,5,"[2006, 2012, 2014, 2016, 2019]",m1_20260926T160821Z_a181f6c
L1,cell_gate,URBAN,ALL,capture_0.2,0.0,,,0,2024-07-24,holdout,2024,5,"[2006, 2012, 2014, 2016, 2019]",m1_20260926T160821Z_a181f6c
L1,object,URBAN,ALL,capture_0.2,0.0,,,5,2024-07-24,holdout,2024,5,"[2006, 2012, 2014, 2016, 2019]",m1_20260926T160821Z_a181f6c
z_sensitivity,cell_gate,URBAN,ALL,observed-label_auc,,,,0,2024-07-24,holdout,2024,5,"[2006, 2012, 2014, 2016, 2019]",m1_20260926T160821Z_a181f6c
z_sensitivity,cluster_gate,URBAN,ALL,observed-label_auc,,,,0,2024-07-24,holdout,2024,5,"[2006, 2012, 2014, 2016, 2019]",m1_20260926T160821Z_a181f6c
z_sensitivity,cell_gate,URBAN,ALL,capture_0.2,0.0,,,0,2024-07-24,holdout,2024,5,"[2006, 2012, 2014, 2016, 2019]",m1_20260926T160821Z_a181f6c
z_sensitivity,object,URBAN,ALL,capture_0.2,0.0,,,5,2024-07-24,holdout,2024,5,"[2006, 2012, 2014, 2016, 2019]",m1_20260926T160821Z_a181f6c
rf_F1_wf,cell_gate,URBAN,ALL,observed-label_auc,,,,0,2024-07-24,holdout,2024,5,"[2006, 2012, 2014, 2016, 2019]",m1_20260926T160821Z_a181f6c
rf_F1_wf,cluster_gate,URBAN,ALL,observed-label_auc,,,,0,2024-07-24,holdout,2024,5,"[2006, 2012, 2014, 2016, 2019]",m1_20260926T160821Z_a181f6c
rf_F1_wf,cell_gate,URBAN,ALL,capture_0.2,0.0,,,0,2024-07-24,holdout,2024,5,"[2006, 2012, 2014, 2016, 2019]",m1_20260926T160821Z_a181f6c
rf_F1_wf,object,URBAN,ALL,capture_0.2,0.08686916844479552,,,5,2024-07-24,holdout,2024,5,"[2006, 2012, 2014, 2016, 2019]",m1_20260926T160821Z_a181f6c
logit_F1_wf,cell_gate,URBAN,ALL,observed-label_auc,,,,0,2024-07-24,holdout,2024,5,"[2006, 2012, 2014, 2016, 2019]",m1_20260926T160821Z_a181f6c
logit_F1_wf,cluster_gate,URBAN,ALL,observed-label_auc,,,,0,2024-07-24,holdout,2024,5,"[2006, 2012, 2014, 2016, 2019]",m1_20260926T160821Z_a181f6c
logit_F1_wf,cell_gate,URBAN,ALL,capture_0.2,0.0,,,0,2024-07-24,holdout,2024,5,"[2006, 2012, 2014, 2016, 2019]",m1_20260926T160821Z_a181f6c
logit_F1_wf,object,URBAN,ALL,capture_0.2,0.0,,,5,2024-07-24,holdout,2024,5,"[2006, 2012, 2014, 2016, 2019]",m1_20260926T160821Z_a181f6c
slope_neg,object,URBAN,ALL,observed-label_auc,0.44950299884505257,0.17636396043003394,0.7226420372600711,5,2024-07-24,holdout,2024,5,"[2006, 2012, 2014, 2016, 2019]",m1_20260926T160821Z_a181f6c
relelev_neg,object,URBAN,ALL,observed-label_auc,0.6598542132741831,0.45057137585852336,0.8207524435278855,5,2024-07-24,holdout,2024,5,"[2006, 2012, 2014, 2016, 2019]",m1_20260926T160821Z_a181f6c
twi,object,URBAN,ALL,observed-label_auc,0.3938552828443117,0.21125411369592778,0.5544438956202169,5,2024-07-24,holdout,2024,5,"[2006, 2012, 2014, 2016, 2019]",m1_20260926T160821Z_a181f6c
impervious,object,URBAN,ALL,observed-label_auc,0.3112703295174804,0.11758100682580874,0.5795818155115862,5,2024-07-24,holdout,2024,5,"[2006, 2012, 2014, 2016, 2019]",m1_20260926T160821Z_a181f6c
hand_neg,object,URBAN,ALL,observed-label_auc,0.6144514517144872,0.43721685161996876,0.7916860518090055,5,2024-07-24,holdout,2024,5,"[2006, 2012, 2014, 2016, 2019]",m1_20260926T160821Z_a181f6c
hand_acc_neg,object,URBAN,ALL,observed-label_auc,0.6724956125612748,0.4895312160809427,0.8547963946753235,5,2024-07-24,holdout,2024,5,"[2006, 2012, 2014, 2016, 2019]",m1_20260926T160821Z_a181f6c
L1,object,URBAN,ALL,observed-label_auc,0.20876187708960212,0.07633271056922934,0.3411910436099749,5,2024-07-24,holdout,2024,5,"[2006, 2012, 2014, 2016, 2019]",m1_20260926T160821Z_a181f6c
z_sensitivity,object,URBAN,ALL,observed-label_auc,0.3623450548335691,0.17021880054763622,0.5736414107900372,5,2024-07-24,holdout,2024,5,"[2006, 2012, 2014, 2016, 2019]",m1_20260926T160821Z_a181f6c
rf_F1_wf,object,URBAN,ALL,observed-label_auc,0.4687638070236663,0.21637537240707433,0.7211522416402584,5,2024-07-24,holdout,2024,5,"[2006, 2012, 2014, 2016, 2019]",m1_20260926T160821Z_a181f6c
logit_F1_wf,object,URBAN,ALL,observed-label_auc,0.4188909891746583,0.19042583125819318,0.6589615559627109,5,2024-07-24,holdout,2024,5,"[2006, 2012, 2014, 2016, 2019]",m1_20260926T160821Z_a181f6c
slope_neg,cell_gate,AGRI,ALL,observed-label_auc,,,,0,2024-07-24,holdout,2024,5,"[2006, 2012, 2014, 2016, 2019]",m1_20260926T160821Z_a181f6c
slope_neg,cluster_gate,AGRI,ALL,observed-label_auc,,,,0,2024-07-24,holdout,2024,5,"[2006, 2012, 2014, 2016, 2019]",m1_20260926T160821Z_a181f6c
slope_neg,cell_gate,AGRI,ALL,capture_0.2,0.0,,,0,2024-07-24,holdout,2024,5,"[2006, 2012, 2014, 2016, 2019]",m1_20260926T160821Z_a181f6c
slope_neg,object,AGRI,ALL,capture_0.2,1.0,,,1,2024-07-24,holdout,2024,5,"[2006, 2012, 2014, 2016, 2019]",m1_20260926T160821Z_a181f6c
relelev_neg,cell_gate,AGRI,ALL,observed-label_auc,,,,0,2024-07-24,holdout,2024,5,"[2006, 2012, 2014, 2016, 2019]",m1_20260926T160821Z_a181f6c
relelev_neg,cluster_gate,AGRI,ALL,observed-label_auc,,,,0,2024-07-24,holdout,2024,5,"[2006, 2012, 2014, 2016, 2019]",m1_20260926T160821Z_a181f6c
relelev_neg,cell_gate,AGRI,ALL,capture_0.2,0.0,,,0,2024-07-24,holdout,2024,5,"[2006, 2012, 2014, 2016, 2019]",m1_20260926T160821Z_a181f6c
relelev_neg,object,AGRI,ALL,capture_0.2,0.0,,,1,2024-07-24,holdout,2024,5,"[2006, 2012, 2014, 2016, 2019]",m1_20260926T160821Z_a181f6c
twi,cell_gate,AGRI,ALL,observed-label_auc,,,,0,2024-07-24,holdout,2024,5,"[2006, 2012, 2014, 2016, 2019]",m1_20260926T160821Z_a181f6c
twi,cluster_gate,AGRI,ALL,observed-label_auc,,,,0,2024-07-24,holdout,2024,5,"[2006, 2012, 2014, 2016, 2019]",m1_20260926T160821Z_a181f6c
twi,cell_gate,AGRI,ALL,capture_0.2,0.0,,,0,2024-07-24,holdout,2024,5,"[2006, 2012, 2014, 2016, 2019]",m1_20260926T160821Z_a181f6c
twi,object,AGRI,ALL,capture_0.2,1.0,,,1,2024-07-24,holdout,2024,5,"[2006, 2012, 2014, 2016, 2019]",m1_20260926T160821Z_a181f6c
impervious,cell_gate,AGRI,ALL,observed-label_auc,,,,0,2024-07-24,holdout,2024,5,"[2006, 2012, 2014, 2016, 2019]",m1_20260926T160821Z_a181f6c
impervious,cluster_gate,AGRI,ALL,observed-label_auc,,,,0,2024-07-24,holdout,2024,5,"[2006, 2012, 2014, 2016, 2019]",m1_20260926T160821Z_a181f6c
impervious,cell_gate,AGRI,ALL,capture_0.2,0.0,,,0,2024-07-24,holdout,2024,5,"[2006, 2012, 2014, 2016, 2019]",m1_20260926T160821Z_a181f6c
impervious,object,AGRI,ALL,capture_0.2,1.0,,,1,2024-07-24,holdout,2024,5,"[2006, 2012, 2014, 2016, 2019]",m1_20260926T160821Z_a181f6c
hand_neg,cell_gate,AGRI,ALL,observed-label_auc,,,,0,2024-07-24,holdout,2024,5,"[2006, 2012, 2014, 2016, 2019]",m1_20260926T160821Z_a181f6c
hand_neg,cluster_gate,AGRI,ALL,observed-label_auc,,,,0,2024-07-24,holdout,2024,5,"[2006, 2012, 2014, 2016, 2019]",m1_20260926T160821Z_a181f6c
hand_neg,cell_gate,AGRI,ALL,capture_0.2,0.0,,,0,2024-07-24,holdout,2024,5,"[2006, 2012, 2014, 2016, 2019]",m1_20260926T160821Z_a181f6c
hand_neg,object,AGRI,ALL,capture_0.2,0.0,,,1,2024-07-24,holdout,2024,5,"[2006, 2012, 2014, 2016, 2019]",m1_20260926T160821Z_a181f6c
hand_acc_neg,cell_gate,AGRI,ALL,observed-label_auc,,,,0,2024-07-24,holdout,2024,5,"[2006, 2012, 2014, 2016, 2019]",m1_20260926T160821Z_a181f6c
hand_acc_neg,cluster_gate,AGRI,ALL,observed-label_auc,,,,0,2024-07-24,holdout,2024,5,"[2006, 2012, 2014, 2016, 2019]",m1_20260926T160821Z_a181f6c
hand_acc_neg,cell_gate,AGRI,ALL,capture_0.2,0.0,,,0,2024-07-24,holdout,2024,5,"[2006, 2012, 2014, 2016, 2019]",m1_20260926T160821Z_a181f6c
hand_acc_neg,object,AGRI,ALL,capture_0.2,1.0,,,1,2024-07-24,holdout,2024,5,"[2006, 2012, 2014, 2016, 2019]",m1_20260926T160821Z_a181f6c
L1,cell_gate,AGRI,ALL,observed-label_auc,,,,0,2024-07-24,holdout,2024,5,"[2006, 2012, 2014, 2016, 2019]",m1_20260926T160821Z_a181f6c
L1,cluster_gate,AGRI,ALL,observed-label_auc,,,,0,2024-07-24,holdout,2024,5,"[2006, 2012, 2014, 2016, 2019]",m1_20260926T160821Z_a181f6c
L1,cell_gate,AGRI,ALL,capture_0.2,0.0,,,0,2024-07-24,holdout,2024,5,"[2006, 2012, 2014, 2016, 2019]",m1_20260926T160821Z_a181f6c
L1,object,AGRI,ALL,capture_0.2,1.0,,,1,2024-07-24,holdout,2024,5,"[2006, 2012, 2014, 2016, 2019]",m1_20260926T160821Z_a181f6c
z_sensitivity,cell_gate,AGRI,ALL,observed-label_auc,,,,0,2024-07-24,holdout,2024,5,"[2006, 2012, 2014, 2016, 2019]",m1_20260926T160821Z_a181f6c
z_sensitivity,cluster_gate,AGRI,ALL,observed-label_auc,,,,0,2024-07-24,holdout,2024,5,"[2006, 2012, 2014, 2016, 2019]",m1_20260926T160821Z_a181f6c
z_sensitivity,cell_gate,AGRI,ALL,capture_0.2,0.0,,,0,2024-07-24,holdout,2024,5,"[2006, 2012, 2014, 2016, 2019]",m1_20260926T160821Z_a181f6c
z_sensitivity,object,AGRI,ALL,capture_0.2,1.0,,,1,2024-07-24,holdout,2024,5,"[2006, 2012, 2014, 2016, 2019]",m1_20260926T160821Z_a181f6c
rf_F1_wf,cell_gate,AGRI,ALL,observed-label_auc,,,,0,2024-07-24,holdout,2024,5,"[2006, 2012, 2014, 2016, 2019]",m1_20260926T160821Z_a181f6c
rf_F1_wf,cluster_gate,AGRI,ALL,observed-label_auc,,,,0,2024-07-24,holdout,2024,5,"[2006, 2012, 2014, 2016, 2019]",m1_20260926T160821Z_a181f6c
rf_F1_wf,cell_gate,AGRI,ALL,capture_0.2,0.0,,,0,2024-07-24,holdout,2024,5,"[2006, 2012, 2014, 2016, 2019]",m1_20260926T160821Z_a181f6c
rf_F1_wf,object,AGRI,ALL,capture_0.2,1.0,,,1,2024-07-24,holdout,2024,5,"[2006, 2012, 2014, 2016, 2019]",m1_20260926T160821Z_a181f6c
logit_F1_wf,cell_gate,AGRI,ALL,observed-label_auc,,,,0,2024-07-24,holdout,2024,5,"[2006, 2012, 2014, 2016, 2019]",m1_20260926T160821Z_a181f6c
logit_F1_wf,cluster_gate,AGRI,ALL,observed-label_auc,,,,0,2024-07-24,holdout,2024,5,"[2006, 2012, 2014, 2016, 2019]",m1_20260926T160821Z_a181f6c
logit_F1_wf,cell_gate,AGRI,ALL,capture_0.2,0.0,,,0,2024-07-24,holdout,2024,5,"[2006, 2012, 2014, 2016, 2019]",m1_20260926T160821Z_a181f6c
logit_F1_wf,object,AGRI,ALL,capture_0.2,1.0,,,1,2024-07-24,holdout,2024,5,"[2006, 2012, 2014, 2016, 2019]",m1_20260926T160821Z_a181f6c
slope_neg,object,AGRI,ALL,observed-label_auc,0.8680874929893438,0.8680874929893438,0.8680874929893438,1,2024-07-24,holdout,2024,5,"[2006, 2012, 2014, 2016, 2019]",m1_20260926T160821Z_a181f6c
relelev_neg,object,AGRI,ALL,observed-label_auc,0.6598990465507572,0.6598990465507572,0.6598990465507572,1,2024-07-24,holdout,2024,5,"[2006, 2012, 2014, 2016, 2019]",m1_20260926T160821Z_a181f6c
twi,object,AGRI,ALL,observed-label_auc,0.9762759394279305,0.9762759394279305,0.9762759394279305,1,2024-07-24,holdout,2024,5,"[2006, 2012, 2014, 2016, 2019]",m1_20260926T160821Z_a181f6c
impervious,object,AGRI,ALL,observed-label_auc,0.983510936623668,0.983510936623668,0.983510936623668,1,2024-07-24,holdout,2024,5,"[2006, 2012, 2014, 2016, 2019]",m1_20260926T160821Z_a181f6c
hand_neg,object,AGRI,ALL,observed-label_auc,0.6246214245653393,0.6246214245653393,0.6246214245653393,1,2024-07-24,holdout,2024,5,"[2006, 2012, 2014, 2016, 2019]",m1_20260926T160821Z_a181f6c
hand_acc_neg,object,AGRI,ALL,observed-label_auc,0.8258553000560852,0.8258553000560852,0.8258553000560852,1,2024-07-24,holdout,2024,5,"[2006, 2012, 2014, 2016, 2019]",m1_20260926T160821Z_a181f6c
L1,object,AGRI,ALL,observed-label_auc,0.8049355019629837,0.8049355019629837,0.8049355019629837,1,2024-07-24,holdout,2024,5,"[2006, 2012, 2014, 2016, 2019]",m1_20260926T160821Z_a181f6c
z_sensitivity,object,AGRI,ALL,observed-label_auc,0.9628715647784633,0.9628715647784633,0.9628715647784633,1,2024-07-24,holdout,2024,5,"[2006, 2012, 2014, 2016, 2019]",m1_20260926T160821Z_a181f6c
rf_F1_wf,object,AGRI,ALL,observed-label_auc,0.997195737521032,0.997195737521032,0.997195737521032,1,2024-07-24,holdout,2024,5,"[2006, 2012, 2014, 2016, 2019]",m1_20260926T160821Z_a181f6c
logit_F1_wf,object,AGRI,ALL,observed-label_auc,0.9947279865395401,0.9947279865395401,0.9947279865395401,1,2024-07-24,holdout,2024,5,"[2006, 2012, 2014, 2016, 2019]",m1_20260926T160821Z_a181f6c
slope_neg,cell_gate,UNIVERSE,ALL,observed-label_auc,,,,0,2024-07-24,holdout,2024,5,"[2006, 2012, 2014, 2016, 2019]",m1_20260926T160821Z_a181f6c
slope_neg,cluster_gate,UNIVERSE,ALL,observed-label_auc,,,,0,2024-07-24,holdout,2024,5,"[2006, 2012, 2014, 2016, 2019]",m1_20260926T160821Z_a181f6c
slope_neg,cell_gate,UNIVERSE,ALL,capture_0.2,0.0,,,0,2024-07-24,holdout,2024,5,"[2006, 2012, 2014, 2016, 2019]",m1_20260926T160821Z_a181f6c
slope_neg,object,UNIVERSE,ALL,capture_0.2,0.6666666666666666,,,3,2024-07-24,holdout,2024,5,"[2006, 2012, 2014, 2016, 2019]",m1_20260926T160821Z_a181f6c
relelev_neg,cell_gate,UNIVERSE,ALL,observed-label_auc,,,,0,2024-07-24,holdout,2024,5,"[2006, 2012, 2014, 2016, 2019]",m1_20260926T160821Z_a181f6c
relelev_neg,cluster_gate,UNIVERSE,ALL,observed-label_auc,,,,0,2024-07-24,holdout,2024,5,"[2006, 2012, 2014, 2016, 2019]",m1_20260926T160821Z_a181f6c
relelev_neg,cell_gate,UNIVERSE,ALL,capture_0.2,0.0,,,0,2024-07-24,holdout,2024,5,"[2006, 2012, 2014, 2016, 2019]",m1_20260926T160821Z_a181f6c
relelev_neg,object,UNIVERSE,ALL,capture_0.2,0.0,,,3,2024-07-24,holdout,2024,5,"[2006, 2012, 2014, 2016, 2019]",m1_20260926T160821Z_a181f6c
twi,cell_gate,UNIVERSE,ALL,observed-label_auc,,,,0,2024-07-24,holdout,2024,5,"[2006, 2012, 2014, 2016, 2019]",m1_20260926T160821Z_a181f6c
twi,cluster_gate,UNIVERSE,ALL,observed-label_auc,,,,0,2024-07-24,holdout,2024,5,"[2006, 2012, 2014, 2016, 2019]",m1_20260926T160821Z_a181f6c
twi,cell_gate,UNIVERSE,ALL,capture_0.2,0.0,,,0,2024-07-24,holdout,2024,5,"[2006, 2012, 2014, 2016, 2019]",m1_20260926T160821Z_a181f6c
twi,object,UNIVERSE,ALL,capture_0.2,0.08791983142553156,,,3,2024-07-24,holdout,2024,5,"[2006, 2012, 2014, 2016, 2019]",m1_20260926T160821Z_a181f6c
impervious,cell_gate,UNIVERSE,ALL,observed-label_auc,,,,0,2024-07-24,holdout,2024,5,"[2006, 2012, 2014, 2016, 2019]",m1_20260926T160821Z_a181f6c
impervious,cluster_gate,UNIVERSE,ALL,observed-label_auc,,,,0,2024-07-24,holdout,2024,5,"[2006, 2012, 2014, 2016, 2019]",m1_20260926T160821Z_a181f6c
impervious,cell_gate,UNIVERSE,ALL,capture_0.2,0.0,,,0,2024-07-24,holdout,2024,5,"[2006, 2012, 2014, 2016, 2019]",m1_20260926T160821Z_a181f6c
impervious,object,UNIVERSE,ALL,capture_0.2,0.0,,,3,2024-07-24,holdout,2024,5,"[2006, 2012, 2014, 2016, 2019]",m1_20260926T160821Z_a181f6c
hand_neg,cell_gate,UNIVERSE,ALL,observed-label_auc,,,,0,2024-07-24,holdout,2024,5,"[2006, 2012, 2014, 2016, 2019]",m1_20260926T160821Z_a181f6c
hand_neg,cluster_gate,UNIVERSE,ALL,observed-label_auc,,,,0,2024-07-24,holdout,2024,5,"[2006, 2012, 2014, 2016, 2019]",m1_20260926T160821Z_a181f6c
hand_neg,cell_gate,UNIVERSE,ALL,capture_0.2,0.0,,,0,2024-07-24,holdout,2024,5,"[2006, 2012, 2014, 2016, 2019]",m1_20260926T160821Z_a181f6c
hand_neg,object,UNIVERSE,ALL,capture_0.2,0.6666666666666666,,,3,2024-07-24,holdout,2024,5,"[2006, 2012, 2014, 2016, 2019]",m1_20260926T160821Z_a181f6c
hand_acc_neg,cell_gate,UNIVERSE,ALL,observed-label_auc,,,,0,2024-07-24,holdout,2024,5,"[2006, 2012, 2014, 2016, 2019]",m1_20260926T160821Z_a181f6c
hand_acc_neg,cluster_gate,UNIVERSE,ALL,observed-label_auc,,,,0,2024-07-24,holdout,2024,5,"[2006, 2012, 2014, 2016, 2019]",m1_20260926T160821Z_a181f6c
hand_acc_neg,cell_gate,UNIVERSE,ALL,capture_0.2,0.0,,,0,2024-07-24,holdout,2024,5,"[2006, 2012, 2014, 2016, 2019]",m1_20260926T160821Z_a181f6c
hand_acc_neg,object,UNIVERSE,ALL,capture_0.2,0.8026121738932979,,,3,2024-07-24,holdout,2024,5,"[2006, 2012, 2014, 2016, 2019]",m1_20260926T160821Z_a181f6c
L1,cell_gate,UNIVERSE,ALL,observed-label_auc,,,,0,2024-07-24,holdout,2024,5,"[2006, 2012, 2014, 2016, 2019]",m1_20260926T160821Z_a181f6c
L1,cluster_gate,UNIVERSE,ALL,observed-label_auc,,,,0,2024-07-24,holdout,2024,5,"[2006, 2012, 2014, 2016, 2019]",m1_20260926T160821Z_a181f6c
L1,cell_gate,UNIVERSE,ALL,capture_0.2,0.0,,,0,2024-07-24,holdout,2024,5,"[2006, 2012, 2014, 2016, 2019]",m1_20260926T160821Z_a181f6c
L1,object,UNIVERSE,ALL,capture_0.2,0.0,,,3,2024-07-24,holdout,2024,5,"[2006, 2012, 2014, 2016, 2019]",m1_20260926T160821Z_a181f6c
z_sensitivity,cell_gate,UNIVERSE,ALL,observed-label_auc,,,,0,2024-07-24,holdout,2024,5,"[2006, 2012, 2014, 2016, 2019]",m1_20260926T160821Z_a181f6c
z_sensitivity,cluster_gate,UNIVERSE,ALL,observed-label_auc,,,,0,2024-07-24,holdout,2024,5,"[2006, 2012, 2014, 2016, 2019]",m1_20260926T160821Z_a181f6c
z_sensitivity,cell_gate,UNIVERSE,ALL,capture_0.2,0.0,,,0,2024-07-24,holdout,2024,5,"[2006, 2012, 2014, 2016, 2019]",m1_20260926T160821Z_a181f6c
z_sensitivity,object,UNIVERSE,ALL,capture_0.2,0.3333333333333333,,,3,2024-07-24,holdout,2024,5,"[2006, 2012, 2014, 2016, 2019]",m1_20260926T160821Z_a181f6c
rf_F1_wf,cell_gate,UNIVERSE,ALL,observed-label_auc,,,,0,2024-07-24,holdout,2024,5,"[2006, 2012, 2014, 2016, 2019]",m1_20260926T160821Z_a181f6c
rf_F1_wf,cluster_gate,UNIVERSE,ALL,observed-label_auc,,,,0,2024-07-24,holdout,2024,5,"[2006, 2012, 2014, 2016, 2019]",m1_20260926T160821Z_a181f6c
rf_F1_wf,cell_gate,UNIVERSE,ALL,capture_0.2,0.0,,,0,2024-07-24,holdout,2024,5,"[2006, 2012, 2014, 2016, 2019]",m1_20260926T160821Z_a181f6c
rf_F1_wf,object,UNIVERSE,ALL,capture_0.2,0.8231253859799842,,,3,2024-07-24,holdout,2024,5,"[2006, 2012, 2014, 2016, 2019]",m1_20260926T160821Z_a181f6c
logit_F1_wf,cell_gate,UNIVERSE,ALL,observed-label_auc,,,,0,2024-07-24,holdout,2024,5,"[2006, 2012, 2014, 2016, 2019]",m1_20260926T160821Z_a181f6c
logit_F1_wf,cluster_gate,UNIVERSE,ALL,observed-label_auc,,,,0,2024-07-24,holdout,2024,5,"[2006, 2012, 2014, 2016, 2019]",m1_20260926T160821Z_a181f6c
logit_F1_wf,cell_gate,UNIVERSE,ALL,capture_0.2,0.0,,,0,2024-07-24,holdout,2024,5,"[2006, 2012, 2014, 2016, 2019]",m1_20260926T160821Z_a181f6c
logit_F1_wf,object,UNIVERSE,ALL,capture_0.2,0.6901614510501898,,,3,2024-07-24,holdout,2024,5,"[2006, 2012, 2014, 2016, 2019]",m1_20260926T160821Z_a181f6c
slope_neg,object,UNIVERSE,ALL,observed-label_auc,0.8352262965837868,0.5985368382541958,0.973813249869588,3,2024-07-24,holdout,2024,5,"[2006, 2012, 2014, 2016, 2019]",m1_20260926T160821Z_a181f6c
relelev_neg,object,UNIVERSE,ALL,observed-label_auc,0.4159136503857164,0.22841722464545508,0.618384759375544,3,2024-07-24,holdout,2024,5,"[2006, 2012, 2014, 2016, 2019]",m1_20260926T160821Z_a181f6c
twi,object,UNIVERSE,ALL,observed-label_auc,0.6610730246707527,0.5835260950791997,0.7511737089201876,3,2024-07-24,holdout,2024,5,"[2006, 2012, 2014, 2016, 2019]",m1_20260926T160821Z_a181f6c
impervious,object,UNIVERSE,ALL,observed-label_auc,0.679001849020694,0.5279603547209181,0.8841418883672404,3,2024-07-24,holdout,2024,5,"[2006, 2012, 2014, 2016, 2019]",m1_20260926T160821Z_a181f6c
hand_neg,object,UNIVERSE,ALL,observed-label_auc,0.7799571307128136,0.6561989873392754,0.8524778299426187,3,2024-07-24,holdout,2024,5,"[2006, 2012, 2014, 2016, 2019]",m1_20260926T160821Z_a181f6c
hand_acc_neg,object,UNIVERSE,ALL,observed-label_auc,0.8670887647442456,0.7931807438936654,0.94037558685446,3,2024-07-24,holdout,2024,5,"[2006, 2012, 2014, 2016, 2019]",m1_20260926T160821Z_a181f6c
L1,object,UNIVERSE,ALL,observed-label_auc,0.5227504099610653,0.2720858179494335,0.6766823161189358,3,2024-07-24,holdout,2024,5,"[2006, 2012, 2014, 2016, 2019]",m1_20260926T160821Z_a181f6c
z_sensitivity,object,UNIVERSE,ALL,observed-label_auc,0.6567112596587535,0.44521717823060697,0.8508425266715793,3,2024-07-24,holdout,2024,5,"[2006, 2012, 2014, 2016, 2019]",m1_20260926T160821Z_a181f6c
rf_F1_wf,object,UNIVERSE,ALL,observed-label_auc,0.8761108716952258,0.7892013909173102,0.9708920187793427,3,2024-07-24,holdout,2024,5,"[2006, 2012, 2014, 2016, 2019]",m1_20260926T160821Z_a181f6c
logit_F1_wf,object,UNIVERSE,ALL,observed-label_auc,0.8068047256620009,0.7062549011550384,0.8629334020698792,3,2024-07-24,holdout,2024,5,"[2006, 2012, 2014, 2016, 2019]",m1_20260926T160821Z_a181f6c
slope_neg,cell_gate,ALL,ALL,observed-label_auc,0.9225589273389702,0.8555,0.9438,1254,2024-09-20,holdout,2024,183,"[2006, 2012, 2014, 2016, 2019]",m1_20260926T160821Z_a181f6c
slope_neg,cluster_gate,ALL,ALL,observed-label_auc,0.8306,0.7857,0.8669,52,2024-09-20,holdout,2024,183,"[2006, 2012, 2014, 2016, 2019]",m1_20260926T160821Z_a181f6c
slope_neg,cell_gate,ALL,ALL,capture_0.2,0.8995,,,1254,2024-09-20,holdout,2024,183,"[2006, 2012, 2014, 2016, 2019]",m1_20260926T160821Z_a181f6c
slope_neg,object,ALL,ALL,capture_0.2,0.5750833635764037,,,183,2024-09-20,holdout,2024,183,"[2006, 2012, 2014, 2016, 2019]",m1_20260926T160821Z_a181f6c
relelev_neg,cell_gate,ALL,ALL,observed-label_auc,0.46120446830816275,0.4193,0.5822,1254,2024-09-20,holdout,2024,183,"[2006, 2012, 2014, 2016, 2019]",m1_20260926T160821Z_a181f6c
relelev_neg,cluster_gate,ALL,ALL,observed-label_auc,0.5762,0.5304,0.6317,52,2024-09-20,holdout,2024,183,"[2006, 2012, 2014, 2016, 2019]",m1_20260926T160821Z_a181f6c
relelev_neg,cell_gate,ALL,ALL,capture_0.2,0.071,,,1254,2024-09-20,holdout,2024,183,"[2006, 2012, 2014, 2016, 2019]",m1_20260926T160821Z_a181f6c
relelev_neg,object,ALL,ALL,capture_0.2,0.25973136831783716,,,183,2024-09-20,holdout,2024,183,"[2006, 2012, 2014, 2016, 2019]",m1_20260926T160821Z_a181f6c
twi,cell_gate,ALL,ALL,observed-label_auc,0.8906552628546007,0.8484,0.904,1254,2024-09-20,holdout,2024,183,"[2006, 2012, 2014, 2016, 2019]",m1_20260926T160821Z_a181f6c
twi,cluster_gate,ALL,ALL,observed-label_auc,0.8223,0.7827,0.8541,52,2024-09-20,holdout,2024,183,"[2006, 2012, 2014, 2016, 2019]",m1_20260926T160821Z_a181f6c
twi,cell_gate,ALL,ALL,capture_0.2,0.8732,,,1254,2024-09-20,holdout,2024,183,"[2006, 2012, 2014, 2016, 2019]",m1_20260926T160821Z_a181f6c
twi,object,ALL,ALL,capture_0.2,0.5958980699466874,,,183,2024-09-20,holdout,2024,183,"[2006, 2012, 2014, 2016, 2019]",m1_20260926T160821Z_a181f6c
impervious,cell_gate,ALL,ALL,observed-label_auc,0.42273589724760036,0.4083,0.4594,1254,2024-09-20,holdout,2024,183,"[2006, 2012, 2014, 2016, 2019]",m1_20260926T160821Z_a181f6c
impervious,cluster_gate,ALL,ALL,observed-label_auc,0.4677,0.4232,0.5143,52,2024-09-20,holdout,2024,183,"[2006, 2012, 2014, 2016, 2019]",m1_20260926T160821Z_a181f6c
impervious,cell_gate,ALL,ALL,capture_0.2,0.0606,,,1254,2024-09-20,holdout,2024,183,"[2006, 2012, 2014, 2016, 2019]",m1_20260926T160821Z_a181f6c
impervious,object,ALL,ALL,capture_0.2,0.35028963028612153,,,183,2024-09-20,holdout,2024,183,"[2006, 2012, 2014, 2016, 2019]",m1_20260926T160821Z_a181f6c
hand_neg,cell_gate,ALL,ALL,observed-label_auc,0.9237680164713173,0.8929,0.9359,1254,2024-09-20,holdout,2024,183,"[2006, 2012, 2014, 2016, 2019]",m1_20260926T160821Z_a181f6c
hand_neg,cluster_gate,ALL,ALL,observed-label_auc,0.8829,0.8647,0.8993,52,2024-09-20,holdout,2024,183,"[2006, 2012, 2014, 2016, 2019]",m1_20260926T160821Z_a181f6c
hand_neg,cell_gate,ALL,ALL,capture_0.2,0.937,,,1254,2024-09-20,holdout,2024,183,"[2006, 2012, 2014, 2016, 2019]",m1_20260926T160821Z_a181f6c
hand_neg,object,ALL,ALL,capture_0.2,0.633656652467701,,,183,2024-09-20,holdout,2024,183,"[2006, 2012, 2014, 2016, 2019]",m1_20260926T160821Z_a181f6c
hand_acc_neg,cell_gate,ALL,ALL,observed-label_auc,0.9224031127258685,0.8848,0.9356,1254,2024-09-20,holdout,2024,183,"[2006, 2012, 2014, 2016, 2019]",m1_20260926T160821Z_a181f6c
hand_acc_neg,cluster_gate,ALL,ALL,observed-label_auc,0.8799,0.8565,0.9003,52,2024-09-20,holdout,2024,183,"[2006, 2012, 2014, 2016, 2019]",m1_20260926T160821Z_a181f6c
hand_acc_neg,cell_gate,ALL,ALL,capture_0.2,0.9242,,,1254,2024-09-20,holdout,2024,183,"[2006, 2012, 2014, 2016, 2019]",m1_20260926T160821Z_a181f6c
hand_acc_neg,object,ALL,ALL,capture_0.2,0.6605479002013178,,,183,2024-09-20,holdout,2024,183,"[2006, 2012, 2014, 2016, 2019]",m1_20260926T160821Z_a181f6c
L1,cell_gate,ALL,ALL,observed-label_auc,0.43155303616456364,0.3811,0.5864,1254,2024-09-20,holdout,2024,183,"[2006, 2012, 2014, 2016, 2019]",m1_20260926T160821Z_a181f6c
L1,cluster_gate,ALL,ALL,observed-label_auc,0.5974,0.5362,0.6593,52,2024-09-20,holdout,2024,183,"[2006, 2012, 2014, 2016, 2019]",m1_20260926T160821Z_a181f6c
L1,cell_gate,ALL,ALL,capture_0.2,0.067,,,1254,2024-09-20,holdout,2024,183,"[2006, 2012, 2014, 2016, 2019]",m1_20260926T160821Z_a181f6c
L1,object,ALL,ALL,capture_0.2,0.42494704788897747,,,183,2024-09-20,holdout,2024,183,"[2006, 2012, 2014, 2016, 2019]",m1_20260926T160821Z_a181f6c
z_sensitivity,cell_gate,ALL,ALL,observed-label_auc,0.7331409933012462,0.7169,0.7534,1254,2024-09-20,holdout,2024,183,"[2006, 2012, 2014, 2016, 2019]",m1_20260926T160821Z_a181f6c
z_sensitivity,cluster_gate,ALL,ALL,observed-label_auc,0.7579,0.7274,0.7852,52,2024-09-20,holdout,2024,183,"[2006, 2012, 2014, 2016, 2019]",m1_20260926T160821Z_a181f6c
z_sensitivity,cell_gate,ALL,ALL,capture_0.2,0.2193,,,1254,2024-09-20,holdout,2024,183,"[2006, 2012, 2014, 2016, 2019]",m1_20260926T160821Z_a181f6c
z_sensitivity,object,ALL,ALL,capture_0.2,0.5069109254203317,,,183,2024-09-20,holdout,2024,183,"[2006, 2012, 2014, 2016, 2019]",m1_20260926T160821Z_a181f6c
rf_F1_wf,cell_gate,ALL,ALL,observed-label_auc,0.8427513224372053,0.8199,0.8515,1254,2024-09-20,holdout,2024,183,"[2006, 2012, 2014, 2016, 2019]",m1_20260926T160821Z_a181f6c
rf_F1_wf,cluster_gate,ALL,ALL,observed-label_auc,0.8187,0.7917,0.8433,52,2024-09-20,holdout,2024,183,"[2006, 2012, 2014, 2016, 2019]",m1_20260926T160821Z_a181f6c
rf_F1_wf,cell_gate,ALL,ALL,capture_0.2,0.7616,,,1254,2024-09-20,holdout,2024,183,"[2006, 2012, 2014, 2016, 2019]",m1_20260926T160821Z_a181f6c
rf_F1_wf,object,ALL,ALL,capture_0.2,0.6193676839051979,,,183,2024-09-20,holdout,2024,183,"[2006, 2012, 2014, 2016, 2019]",m1_20260926T160821Z_a181f6c
logit_F1_wf,cell_gate,ALL,ALL,observed-label_auc,0.8459306181162206,0.8213,0.8566,1254,2024-09-20,holdout,2024,183,"[2006, 2012, 2014, 2016, 2019]",m1_20260926T160821Z_a181f6c
logit_F1_wf,cluster_gate,ALL,ALL,observed-label_auc,0.8092,0.7714,0.8385,52,2024-09-20,holdout,2024,183,"[2006, 2012, 2014, 2016, 2019]",m1_20260926T160821Z_a181f6c
logit_F1_wf,cell_gate,ALL,ALL,capture_0.2,0.8182,,,1254,2024-09-20,holdout,2024,183,"[2006, 2012, 2014, 2016, 2019]",m1_20260926T160821Z_a181f6c
logit_F1_wf,object,ALL,ALL,capture_0.2,0.6129491440716387,,,183,2024-09-20,holdout,2024,183,"[2006, 2012, 2014, 2016, 2019]",m1_20260926T160821Z_a181f6c
slope_neg,object,ALL,ALL,observed-label_auc,0.8189433457412396,0.7963193438642692,0.8388699425388694,183,2024-09-20,holdout,2024,183,"[2006, 2012, 2014, 2016, 2019]",m1_20260926T160821Z_a181f6c
relelev_neg,object,ALL,ALL,observed-label_auc,0.6194379133162635,0.5945378882913176,0.6458970622450682,183,2024-09-20,holdout,2024,183,"[2006, 2012, 2014, 2016, 2019]",m1_20260926T160821Z_a181f6c
twi,object,ALL,ALL,observed-label_auc,0.8122472548540232,0.7905081196909389,0.8336744575678477,183,2024-09-20,holdout,2024,183,"[2006, 2012, 2014, 2016, 2019]",m1_20260926T160821Z_a181f6c
impervious,object,ALL,ALL,observed-label_auc,0.6037830418505046,0.5675513900169198,0.6389469155058918,183,2024-09-20,holdout,2024,183,"[2006, 2012, 2014, 2016, 2019]",m1_20260926T160821Z_a181f6c
hand_neg,object,ALL,ALL,observed-label_auc,0.8465279800845695,0.8318301095155625,0.8621591131573989,183,2024-09-20,holdout,2024,183,"[2006, 2012, 2014, 2016, 2019]",m1_20260926T160821Z_a181f6c
hand_acc_neg,object,ALL,ALL,observed-label_auc,0.8550357083401541,0.8404285515376531,0.8698508390564866,183,2024-09-20,holdout,2024,183,"[2006, 2012, 2014, 2016, 2019]",m1_20260926T160821Z_a181f6c
L1,object,ALL,ALL,observed-label_auc,0.7072260306270862,0.6769982023933608,0.7390493109536423,183,2024-09-20,holdout,2024,183,"[2006, 2012, 2014, 2016, 2019]",m1_20260926T160821Z_a181f6c
z_sensitivity,object,ALL,ALL,observed-label_auc,0.8081844941834656,0.7911161055970337,0.8259629284877674,183,2024-09-20,holdout,2024,183,"[2006, 2012, 2014, 2016, 2019]",m1_20260926T160821Z_a181f6c
rf_F1_wf,object,ALL,ALL,observed-label_auc,0.8394428837685657,0.823560111133783,0.8555444567899652,183,2024-09-20,holdout,2024,183,"[2006, 2012, 2014, 2016, 2019]",m1_20260926T160821Z_a181f6c
logit_F1_wf,object,ALL,ALL,observed-label_auc,0.8318238028175527,0.8131717956649187,0.8503838137620967,183,2024-09-20,holdout,2024,183,"[2006, 2012, 2014, 2016, 2019]",m1_20260926T160821Z_a181f6c
slope_neg,cell_gate,FLAT,ALL,observed-label_auc,0.7707035169105423,0.5974,0.8231,1216,2024-09-20,holdout,2024,183,"[2006, 2012, 2014, 2016, 2019]",m1_20260926T160821Z_a181f6c
slope_neg,cluster_gate,FLAT,ALL,observed-label_auc,0.5704,0.4971,0.6355,47,2024-09-20,holdout,2024,183,"[2006, 2012, 2014, 2016, 2019]",m1_20260926T160821Z_a181f6c
slope_neg,cell_gate,FLAT,ALL,capture_0.2,0.5707,,,1216,2024-09-20,holdout,2024,183,"[2006, 2012, 2014, 2016, 2019]",m1_20260926T160821Z_a181f6c
slope_neg,object,FLAT,ALL,capture_0.2,0.24870238647542406,,,163,2024-09-20,holdout,2024,183,"[2006, 2012, 2014, 2016, 2019]",m1_20260926T160821Z_a181f6c
relelev_neg,cell_gate,FLAT,ALL,observed-label_auc,0.2944276606598456,0.2284,0.4959,1216,2024-09-20,holdout,2024,183,"[2006, 2012, 2014, 2016, 2019]",m1_20260926T160821Z_a181f6c
relelev_neg,cluster_gate,FLAT,ALL,observed-label_auc,0.5003,0.4215,0.5841,47,2024-09-20,holdout,2024,183,"[2006, 2012, 2014, 2016, 2019]",m1_20260926T160821Z_a181f6c
relelev_neg,cell_gate,FLAT,ALL,capture_0.2,0.0641,,,1216,2024-09-20,holdout,2024,183,"[2006, 2012, 2014, 2016, 2019]",m1_20260926T160821Z_a181f6c
relelev_neg,object,FLAT,ALL,capture_0.2,0.3350659742885184,,,163,2024-09-20,holdout,2024,183,"[2006, 2012, 2014, 2016, 2019]",m1_20260926T160821Z_a181f6c
twi,cell_gate,FLAT,ALL,observed-label_auc,0.6897050553203503,0.6178,0.7095,1216,2024-09-20,holdout,2024,183,"[2006, 2012, 2014, 2016, 2019]",m1_20260926T160821Z_a181f6c
twi,cluster_gate,FLAT,ALL,observed-label_auc,0.5911,0.5317,0.6461,47,2024-09-20,holdout,2024,183,"[2006, 2012, 2014, 2016, 2019]",m1_20260926T160821Z_a181f6c
twi,cell_gate,FLAT,ALL,capture_0.2,0.1258,,,1216,2024-09-20,holdout,2024,183,"[2006, 2012, 2014, 2016, 2019]",m1_20260926T160821Z_a181f6c
twi,object,FLAT,ALL,capture_0.2,0.2757884899393192,,,163,2024-09-20,holdout,2024,183,"[2006, 2012, 2014, 2016, 2019]",m1_20260926T160821Z_a181f6c
impervious,cell_gate,FLAT,ALL,observed-label_auc,0.2535296561547298,0.2431,0.2858,1216,2024-09-20,holdout,2024,183,"[2006, 2012, 2014, 2016, 2019]",m1_20260926T160821Z_a181f6c
impervious,cluster_gate,FLAT,ALL,observed-label_auc,0.3101,0.2638,0.3656,47,2024-09-20,holdout,2024,183,"[2006, 2012, 2014, 2016, 2019]",m1_20260926T160821Z_a181f6c
impervious,cell_gate,FLAT,ALL,capture_0.2,0.0049,,,1216,2024-09-20,holdout,2024,183,"[2006, 2012, 2014, 2016, 2019]",m1_20260926T160821Z_a181f6c
impervious,object,FLAT,ALL,capture_0.2,0.19863916270954643,,,163,2024-09-20,holdout,2024,183,"[2006, 2012, 2014, 2016, 2019]",m1_20260926T160821Z_a181f6c
hand_neg,cell_gate,FLAT,ALL,observed-label_auc,0.8044927942986899,0.726,0.8365,1216,2024-09-20,holdout,2024,183,"[2006, 2012, 2014, 2016, 2019]",m1_20260926T160821Z_a181f6c
hand_neg,cluster_gate,FLAT,ALL,observed-label_auc,0.6929,0.6425,0.7451,47,2024-09-20,holdout,2024,183,"[2006, 2012, 2014, 2016, 2019]",m1_20260926T160821Z_a181f6c
hand_neg,cell_gate,FLAT,ALL,capture_0.2,0.2648,,,1216,2024-09-20,holdout,2024,183,"[2006, 2012, 2014, 2016, 2019]",m1_20260926T160821Z_a181f6c
hand_neg,object,FLAT,ALL,capture_0.2,0.2524889715551614,,,163,2024-09-20,holdout,2024,183,"[2006, 2012, 2014, 2016, 2019]",m1_20260926T160821Z_a181f6c
hand_acc_neg,cell_gate,FLAT,ALL,observed-label_auc,0.7747825862066876,0.6855,0.8128,1216,2024-09-20,holdout,2024,183,"[2006, 2012, 2014, 2016, 2019]",m1_20260926T160821Z_a181f6c
hand_acc_neg,cluster_gate,FLAT,ALL,observed-label_auc,0.6793,0.6253,0.7326,47,2024-09-20,holdout,2024,183,"[2006, 2012, 2014, 2016, 2019]",m1_20260926T160821Z_a181f6c
hand_acc_neg,cell_gate,FLAT,ALL,capture_0.2,0.0962,,,1216,2024-09-20,holdout,2024,183,"[2006, 2012, 2014, 2016, 2019]",m1_20260926T160821Z_a181f6c
hand_acc_neg,object,FLAT,ALL,capture_0.2,0.23529087433629414,,,163,2024-09-20,holdout,2024,183,"[2006, 2012, 2014, 2016, 2019]",m1_20260926T160821Z_a181f6c
L1,cell_gate,FLAT,ALL,observed-label_auc,0.18741934594636514,0.1461,0.3261,1216,2024-09-20,holdout,2024,183,"[2006, 2012, 2014, 2016, 2019]",m1_20260926T160821Z_a181f6c
L1,cluster_gate,FLAT,ALL,observed-label_auc,0.3736,0.3032,0.4469,47,2024-09-20,holdout,2024,183,"[2006, 2012, 2014, 2016, 2019]",m1_20260926T160821Z_a181f6c
L1,cell_gate,FLAT,ALL,capture_0.2,0.009,,,1216,2024-09-20,holdout,2024,183,"[2006, 2012, 2014, 2016, 2019]",m1_20260926T160821Z_a181f6c
L1,object,FLAT,ALL,capture_0.2,0.2201341997072392,,,163,2024-09-20,holdout,2024,183,"[2006, 2012, 2014, 2016, 2019]",m1_20260926T160821Z_a181f6c
z_sensitivity,cell_gate,FLAT,ALL,observed-label_auc,0.32951630135807797,0.2961,0.3723,1216,2024-09-20,holdout,2024,183,"[2006, 2012, 2014, 2016, 2019]",m1_20260926T160821Z_a181f6c
z_sensitivity,cluster_gate,FLAT,ALL,observed-label_auc,0.4169,0.3513,0.4826,47,2024-09-20,holdout,2024,183,"[2006, 2012, 2014, 2016, 2019]",m1_20260926T160821Z_a181f6c
z_sensitivity,cell_gate,FLAT,ALL,capture_0.2,0.0132,,,1216,2024-09-20,holdout,2024,183,"[2006, 2012, 2014, 2016, 2019]",m1_20260926T160821Z_a181f6c
z_sensitivity,object,FLAT,ALL,capture_0.2,0.2207582301372044,,,163,2024-09-20,holdout,2024,183,"[2006, 2012, 2014, 2016, 2019]",m1_20260926T160821Z_a181f6c
rf_F1_wf,cell_gate,FLAT,ALL,observed-label_auc,0.5103883935711828,0.4754,0.5345,1216,2024-09-20,holdout,2024,183,"[2006, 2012, 2014, 2016, 2019]",m1_20260926T160821Z_a181f6c
rf_F1_wf,cluster_gate,FLAT,ALL,observed-label_auc,0.5025,0.4437,0.5605,47,2024-09-20,holdout,2024,183,"[2006, 2012, 2014, 2016, 2019]",m1_20260926T160821Z_a181f6c
rf_F1_wf,cell_gate,FLAT,ALL,capture_0.2,0.0321,,,1216,2024-09-20,holdout,2024,183,"[2006, 2012, 2014, 2016, 2019]",m1_20260926T160821Z_a181f6c
rf_F1_wf,object,FLAT,ALL,capture_0.2,0.2354346170074613,,,163,2024-09-20,holdout,2024,183,"[2006, 2012, 2014, 2016, 2019]",m1_20260926T160821Z_a181f6c
logit_F1_wf,cell_gate,FLAT,ALL,observed-label_auc,0.4999681927675806,0.4482,0.5262,1216,2024-09-20,holdout,2024,183,"[2006, 2012, 2014, 2016, 2019]",m1_20260926T160821Z_a181f6c
logit_F1_wf,cluster_gate,FLAT,ALL,observed-label_auc,0.4769,0.4124,0.5394,47,2024-09-20,holdout,2024,183,"[2006, 2012, 2014, 2016, 2019]",m1_20260926T160821Z_a181f6c
logit_F1_wf,cell_gate,FLAT,ALL,capture_0.2,0.0806,,,1216,2024-09-20,holdout,2024,183,"[2006, 2012, 2014, 2016, 2019]",m1_20260926T160821Z_a181f6c
logit_F1_wf,object,FLAT,ALL,capture_0.2,0.27318875715718466,,,163,2024-09-20,holdout,2024,183,"[2006, 2012, 2014, 2016, 2019]",m1_20260926T160821Z_a181f6c
slope_neg,object,FLAT,ALL,observed-label_auc,0.5433367776896189,0.5034232695752509,0.5852199910663389,163,2024-09-20,holdout,2024,183,"[2006, 2012, 2014, 2016, 2019]",m1_20260926T160821Z_a181f6c
relelev_neg,object,FLAT,ALL,observed-label_auc,0.5781106313327766,0.5370216150309506,0.6201742520200807,163,2024-09-20,holdout,2024,183,"[2006, 2012, 2014, 2016, 2019]",m1_20260926T160821Z_a181f6c
twi,object,FLAT,ALL,observed-label_auc,0.6018522474703076,0.5665428525023317,0.6398899758785235,163,2024-09-20,holdout,2024,183,"[2006, 2012, 2014, 2016, 2019]",m1_20260926T160821Z_a181f6c
impervious,object,FLAT,ALL,observed-label_auc,0.4439078781672166,0.40446614578922374,0.48678454108729174,163,2024-09-20,holdout,2024,183,"[2006, 2012, 2014, 2016, 2019]",m1_20260926T160821Z_a181f6c
hand_neg,object,FLAT,ALL,observed-label_auc,0.6112243432478597,0.5763174940138158,0.6505613914107541,163,2024-09-20,holdout,2024,183,"[2006, 2012, 2014, 2016, 2019]",m1_20260926T160821Z_a181f6c
hand_acc_neg,object,FLAT,ALL,observed-label_auc,0.622565209905735,0.5870053867456558,0.6632947954823688,163,2024-09-20,holdout,2024,183,"[2006, 2012, 2014, 2016, 2019]",m1_20260926T160821Z_a181f6c
L1,object,FLAT,ALL,observed-label_auc,0.5074563001483847,0.46406470647223413,0.5532907299938902,163,2024-09-20,holdout,2024,183,"[2006, 2012, 2014, 2016, 2019]",m1_20260926T160821Z_a181f6c
z_sensitivity,object,FLAT,ALL,observed-label_auc,0.5358558276089839,0.49838846616025695,0.578050036109971,163,2024-09-20,holdout,2024,183,"[2006, 2012, 2014, 2016, 2019]",m1_20260926T160821Z_a181f6c
rf_F1_wf,object,FLAT,ALL,observed-label_auc,0.571070251592712,0.5340880779670213,0.6099028710229654,163,2024-09-20,holdout,2024,183,"[2006, 2012, 2014, 2016, 2019]",m1_20260926T160821Z_a181f6c
logit_F1_wf,object,FLAT,ALL,observed-label_auc,0.576811977958499,0.536890954319304,0.6179658515334921,163,2024-09-20,holdout,2024,183,"[2006, 2012, 2014, 2016, 2019]",m1_20260926T160821Z_a181f6c
slope_neg,cell_gate,URBAN,ALL,observed-label_auc,0.6659923014068145,0.5663,0.8357,21,2024-09-20,holdout,2024,183,"[2006, 2012, 2014, 2016, 2019]",m1_20260926T160821Z_a181f6c
slope_neg,cluster_gate,URBAN,ALL,observed-label_auc,0.7085,0.5491,0.8514,11,2024-09-20,holdout,2024,183,"[2006, 2012, 2014, 2016, 2019]",m1_20260926T160821Z_a181f6c
slope_neg,cell_gate,URBAN,ALL,capture_0.2,0.4762,,,21,2024-09-20,holdout,2024,183,"[2006, 2012, 2014, 2016, 2019]",m1_20260926T160821Z_a181f6c
slope_neg,object,URBAN,ALL,capture_0.2,0.323814747723072,,,68,2024-09-20,holdout,2024,183,"[2006, 2012, 2014, 2016, 2019]",m1_20260926T160821Z_a181f6c
relelev_neg,cell_gate,URBAN,ALL,observed-label_auc,0.3483219626490249,0.1839,0.4828,21,2024-09-20,holdout,2024,183,"[2006, 2012, 2014, 2016, 2019]",m1_20260926T160821Z_a181f6c
relelev_neg,cluster_gate,URBAN,ALL,observed-label_auc,0.3248,0.151,0.5213,11,2024-09-20,holdout,2024,183,"[2006, 2012, 2014, 2016, 2019]",m1_20260926T160821Z_a181f6c
relelev_neg,cell_gate,URBAN,ALL,capture_0.2,0.0476,,,21,2024-09-20,holdout,2024,183,"[2006, 2012, 2014, 2016, 2019]",m1_20260926T160821Z_a181f6c
relelev_neg,object,URBAN,ALL,capture_0.2,0.22451689894452637,,,68,2024-09-20,holdout,2024,183,"[2006, 2012, 2014, 2016, 2019]",m1_20260926T160821Z_a181f6c
twi,cell_gate,URBAN,ALL,observed-label_auc,0.5548918554397156,0.3826,0.6432,21,2024-09-20,holdout,2024,183,"[2006, 2012, 2014, 2016, 2019]",m1_20260926T160821Z_a181f6c
twi,cluster_gate,URBAN,ALL,observed-label_auc,0.5206,0.3617,0.6687,11,2024-09-20,holdout,2024,183,"[2006, 2012, 2014, 2016, 2019]",m1_20260926T160821Z_a181f6c
twi,cell_gate,URBAN,ALL,capture_0.2,0.2857,,,21,2024-09-20,holdout,2024,183,"[2006, 2012, 2014, 2016, 2019]",m1_20260926T160821Z_a181f6c
twi,object,URBAN,ALL,capture_0.2,0.31921198728360783,,,68,2024-09-20,holdout,2024,183,"[2006, 2012, 2014, 2016, 2019]",m1_20260926T160821Z_a181f6c
impervious,cell_gate,URBAN,ALL,observed-label_auc,0.330077182826821,0.0909,0.4256,21,2024-09-20,holdout,2024,183,"[2006, 2012, 2014, 2016, 2019]",m1_20260926T160821Z_a181f6c
impervious,cluster_gate,URBAN,ALL,observed-label_auc,0.2416,0.0848,0.4252,11,2024-09-20,holdout,2024,183,"[2006, 2012, 2014, 2016, 2019]",m1_20260926T160821Z_a181f6c
impervious,cell_gate,URBAN,ALL,capture_0.2,0.0952,,,21,2024-09-20,holdout,2024,183,"[2006, 2012, 2014, 2016, 2019]",m1_20260926T160821Z_a181f6c
impervious,object,URBAN,ALL,capture_0.2,0.3372943037541661,,,68,2024-09-20,holdout,2024,183,"[2006, 2012, 2014, 2016, 2019]",m1_20260926T160821Z_a181f6c
hand_neg,cell_gate,URBAN,ALL,observed-label_auc,0.7316740010041644,0.602,0.8035,21,2024-09-20,holdout,2024,183,"[2006, 2012, 2014, 2016, 2019]",m1_20260926T160821Z_a181f6c
hand_neg,cluster_gate,URBAN,ALL,observed-label_auc,0.7119,0.5746,0.8253,11,2024-09-20,holdout,2024,183,"[2006, 2012, 2014, 2016, 2019]",m1_20260926T160821Z_a181f6c
hand_neg,cell_gate,URBAN,ALL,capture_0.2,0.4286,,,21,2024-09-20,holdout,2024,183,"[2006, 2012, 2014, 2016, 2019]",m1_20260926T160821Z_a181f6c
hand_neg,object,URBAN,ALL,capture_0.2,0.16850272422691892,,,68,2024-09-20,holdout,2024,183,"[2006, 2012, 2014, 2016, 2019]",m1_20260926T160821Z_a181f6c
hand_acc_neg,cell_gate,URBAN,ALL,observed-label_auc,0.7184844994437717,0.5445,0.7809,21,2024-09-20,holdout,2024,183,"[2006, 2012, 2014, 2016, 2019]",m1_20260926T160821Z_a181f6c
hand_acc_neg,cluster_gate,URBAN,ALL,observed-label_auc,0.6636,0.5229,0.7826,11,2024-09-20,holdout,2024,183,"[2006, 2012, 2014, 2016, 2019]",m1_20260926T160821Z_a181f6c
hand_acc_neg,cell_gate,URBAN,ALL,capture_0.2,0.4286,,,21,2024-09-20,holdout,2024,183,"[2006, 2012, 2014, 2016, 2019]",m1_20260926T160821Z_a181f6c
hand_acc_neg,object,URBAN,ALL,capture_0.2,0.3330419968638029,,,68,2024-09-20,holdout,2024,183,"[2006, 2012, 2014, 2016, 2019]",m1_20260926T160821Z_a181f6c
L1,cell_gate,URBAN,ALL,observed-label_auc,0.4736603758724908,0.0825,0.6284,21,2024-09-20,holdout,2024,183,"[2006, 2012, 2014, 2016, 2019]",m1_20260926T160821Z_a181f6c
L1,cluster_gate,URBAN,ALL,observed-label_auc,0.274,0.0809,0.5118,11,2024-09-20,holdout,2024,183,"[2006, 2012, 2014, 2016, 2019]",m1_20260926T160821Z_a181f6c
L1,cell_gate,URBAN,ALL,capture_0.2,0.2381,,,21,2024-09-20,holdout,2024,183,"[2006, 2012, 2014, 2016, 2019]",m1_20260926T160821Z_a181f6c
L1,object,URBAN,ALL,capture_0.2,0.40383483596291025,,,68,2024-09-20,holdout,2024,183,"[2006, 2012, 2014, 2016, 2019]",m1_20260926T160821Z_a181f6c
z_sensitivity,cell_gate,URBAN,ALL,observed-label_auc,0.40891638855252666,0.1129,0.527,21,2024-09-20,holdout,2024,183,"[2006, 2012, 2014, 2016, 2019]",m1_20260926T160821Z_a181f6c
z_sensitivity,cluster_gate,URBAN,ALL,observed-label_auc,0.2987,0.1129,0.524,11,2024-09-20,holdout,2024,183,"[2006, 2012, 2014, 2016, 2019]",m1_20260926T160821Z_a181f6c
z_sensitivity,cell_gate,URBAN,ALL,capture_0.2,0.0952,,,21,2024-09-20,holdout,2024,183,"[2006, 2012, 2014, 2016, 2019]",m1_20260926T160821Z_a181f6c
z_sensitivity,object,URBAN,ALL,capture_0.2,0.40679048430206727,,,68,2024-09-20,holdout,2024,183,"[2006, 2012, 2014, 2016, 2019]",m1_20260926T160821Z_a181f6c
rf_F1_wf,cell_gate,URBAN,ALL,observed-label_auc,0.5804660503854219,0.2985,0.6868,21,2024-09-20,holdout,2024,183,"[2006, 2012, 2014, 2016, 2019]",m1_20260926T160821Z_a181f6c
rf_F1_wf,cluster_gate,URBAN,ALL,observed-label_auc,0.4631,0.2849,0.6514,11,2024-09-20,holdout,2024,183,"[2006, 2012, 2014, 2016, 2019]",m1_20260926T160821Z_a181f6c
rf_F1_wf,cell_gate,URBAN,ALL,capture_0.2,0.3333,,,21,2024-09-20,holdout,2024,183,"[2006, 2012, 2014, 2016, 2019]",m1_20260926T160821Z_a181f6c
rf_F1_wf,object,URBAN,ALL,capture_0.2,0.2964446563676351,,,68,2024-09-20,holdout,2024,183,"[2006, 2012, 2014, 2016, 2019]",m1_20260926T160821Z_a181f6c
logit_F1_wf,cell_gate,URBAN,ALL,observed-label_auc,0.49921242013447925,0.3535,0.6142,21,2024-09-20,holdout,2024,183,"[2006, 2012, 2014, 2016, 2019]",m1_20260926T160821Z_a181f6c
logit_F1_wf,cluster_gate,URBAN,ALL,observed-label_auc,0.479,0.34,0.6459,11,2024-09-20,holdout,2024,183,"[2006, 2012, 2014, 2016, 2019]",m1_20260926T160821Z_a181f6c
logit_F1_wf,cell_gate,URBAN,ALL,capture_0.2,0.2381,,,21,2024-09-20,holdout,2024,183,"[2006, 2012, 2014, 2016, 2019]",m1_20260926T160821Z_a181f6c
logit_F1_wf,object,URBAN,ALL,capture_0.2,0.33963910974933365,,,68,2024-09-20,holdout,2024,183,"[2006, 2012, 2014, 2016, 2019]",m1_20260926T160821Z_a181f6c
slope_neg,object,URBAN,ALL,observed-label_auc,0.5555325075449611,0.48192544233807694,0.6212852841794831,68,2024-09-20,holdout,2024,183,"[2006, 2012, 2014, 2016, 2019]",m1_20260926T160821Z_a181f6c
relelev_neg,object,URBAN,ALL,observed-label_auc,0.5160608211028396,0.4502777243288952,0.5867502631727415,68,2024-09-20,holdout,2024,183,"[2006, 2012, 2014, 2016, 2019]",m1_20260926T160821Z_a181f6c
twi,object,URBAN,ALL,observed-label_auc,0.5477427438010082,0.4718117750807668,0.6183120600347183,68,2024-09-20,holdout,2024,183,"[2006, 2012, 2014, 2016, 2019]",m1_20260926T160821Z_a181f6c
impervious,object,URBAN,ALL,observed-label_auc,0.4704759968346027,0.40067259287613205,0.5437606973552388,68,2024-09-20,holdout,2024,183,"[2006, 2012, 2014, 2016, 2019]",m1_20260926T160821Z_a181f6c
hand_neg,object,URBAN,ALL,observed-label_auc,0.573657612228069,0.5131958847156352,0.6337306778148104,68,2024-09-20,holdout,2024,183,"[2006, 2012, 2014, 2016, 2019]",m1_20260926T160821Z_a181f6c
hand_acc_neg,object,URBAN,ALL,observed-label_auc,0.6308962214880426,0.5640651973823793,0.6894685794765276,68,2024-09-20,holdout,2024,183,"[2006, 2012, 2014, 2016, 2019]",m1_20260926T160821Z_a181f6c
L1,object,URBAN,ALL,observed-label_auc,0.5539215401755436,0.4710275600330133,0.6374905724353132,68,2024-09-20,holdout,2024,183,"[2006, 2012, 2014, 2016, 2019]",m1_20260926T160821Z_a181f6c
z_sensitivity,object,URBAN,ALL,observed-label_auc,0.5575024648564367,0.4726243035904901,0.6436277729516308,68,2024-09-20,holdout,2024,183,"[2006, 2012, 2014, 2016, 2019]",m1_20260926T160821Z_a181f6c
rf_F1_wf,object,URBAN,ALL,observed-label_auc,0.5915001872876376,0.5143389171494241,0.6669547348939174,68,2024-09-20,holdout,2024,183,"[2006, 2012, 2014, 2016, 2019]",m1_20260926T160821Z_a181f6c
logit_F1_wf,object,URBAN,ALL,observed-label_auc,0.5867351871641645,0.5099028847326001,0.6698668480349159,68,2024-09-20,holdout,2024,183,"[2006, 2012, 2014, 2016, 2019]",m1_20260926T160821Z_a181f6c
slope_neg,cell_gate,AGRI,ALL,observed-label_auc,0.7818269684220438,0.6294,0.8265,1112,2024-09-20,holdout,2024,183,"[2006, 2012, 2014, 2016, 2019]",m1_20260926T160821Z_a181f6c
slope_neg,cluster_gate,AGRI,ALL,observed-label_auc,0.566,0.4975,0.6265,47,2024-09-20,holdout,2024,183,"[2006, 2012, 2014, 2016, 2019]",m1_20260926T160821Z_a181f6c
slope_neg,cell_gate,AGRI,ALL,capture_0.2,0.5225,,,1112,2024-09-20,holdout,2024,183,"[2006, 2012, 2014, 2016, 2019]",m1_20260926T160821Z_a181f6c
slope_neg,object,AGRI,ALL,capture_0.2,0.20964971161036697,,,109,2024-09-20,holdout,2024,183,"[2006, 2012, 2014, 2016, 2019]",m1_20260926T160821Z_a181f6c
relelev_neg,cell_gate,AGRI,ALL,observed-label_auc,0.3616586936437332,0.3105,0.5002,1112,2024-09-20,holdout,2024,183,"[2006, 2012, 2014, 2016, 2019]",m1_20260926T160821Z_a181f6c
relelev_neg,cluster_gate,AGRI,ALL,observed-label_auc,0.5348,0.4687,0.6011,47,2024-09-20,holdout,2024,183,"[2006, 2012, 2014, 2016, 2019]",m1_20260926T160821Z_a181f6c
relelev_neg,cell_gate,AGRI,ALL,capture_0.2,0.0522,,,1112,2024-09-20,holdout,2024,183,"[2006, 2012, 2014, 2016, 2019]",m1_20260926T160821Z_a181f6c
relelev_neg,object,AGRI,ALL,capture_0.2,0.32373437955512224,,,109,2024-09-20,holdout,2024,183,"[2006, 2012, 2014, 2016, 2019]",m1_20260926T160821Z_a181f6c
twi,cell_gate,AGRI,ALL,observed-label_auc,0.6847534846278112,0.6312,0.699,1112,2024-09-20,holdout,2024,183,"[2006, 2012, 2014, 2016, 2019]",m1_20260926T160821Z_a181f6c
twi,cluster_gate,AGRI,ALL,observed-label_auc,0.5869,0.5268,0.6406,47,2024-09-20,holdout,2024,183,"[2006, 2012, 2014, 2016, 2019]",m1_20260926T160821Z_a181f6c
twi,cell_gate,AGRI,ALL,capture_0.2,0.1232,,,1112,2024-09-20,holdout,2024,183,"[2006, 2012, 2014, 2016, 2019]",m1_20260926T160821Z_a181f6c
twi,object,AGRI,ALL,capture_0.2,0.22436519864950713,,,109,2024-09-20,holdout,2024,183,"[2006, 2012, 2014, 2016, 2019]",m1_20260926T160821Z_a181f6c
impervious,cell_gate,AGRI,ALL,observed-label_auc,0.47027202827374404,0.4585,0.4925,1112,2024-09-20,holdout,2024,183,"[2006, 2012, 2014, 2016, 2019]",m1_20260926T160821Z_a181f6c
impervious,cluster_gate,AGRI,ALL,observed-label_auc,0.4851,0.4563,0.5216,47,2024-09-20,holdout,2024,183,"[2006, 2012, 2014, 2016, 2019]",m1_20260926T160821Z_a181f6c
impervious,cell_gate,AGRI,ALL,capture_0.2,0.1178,,,1112,2024-09-20,holdout,2024,183,"[2006, 2012, 2014, 2016, 2019]",m1_20260926T160821Z_a181f6c
impervious,object,AGRI,ALL,capture_0.2,0.2801271918216565,,,109,2024-09-20,holdout,2024,183,"[2006, 2012, 2014, 2016, 2019]",m1_20260926T160821Z_a181f6c
hand_neg,cell_gate,AGRI,ALL,observed-label_auc,0.7828854875545974,0.7198,0.812,1112,2024-09-20,holdout,2024,183,"[2006, 2012, 2014, 2016, 2019]",m1_20260926T160821Z_a181f6c
hand_neg,cluster_gate,AGRI,ALL,observed-label_auc,0.6813,0.6242,0.7296,47,2024-09-20,holdout,2024,183,"[2006, 2012, 2014, 2016, 2019]",m1_20260926T160821Z_a181f6c
hand_neg,cell_gate,AGRI,ALL,capture_0.2,0.1906,,,1112,2024-09-20,holdout,2024,183,"[2006, 2012, 2014, 2016, 2019]",m1_20260926T160821Z_a181f6c
hand_neg,object,AGRI,ALL,capture_0.2,0.30699667168454586,,,109,2024-09-20,holdout,2024,183,"[2006, 2012, 2014, 2016, 2019]",m1_20260926T160821Z_a181f6c
hand_acc_neg,cell_gate,AGRI,ALL,observed-label_auc,0.7426856390651881,0.6825,0.7739,1112,2024-09-20,holdout,2024,183,"[2006, 2012, 2014, 2016, 2019]",m1_20260926T160821Z_a181f6c
hand_acc_neg,cluster_gate,AGRI,ALL,observed-label_auc,0.6336,0.573,0.6859,47,2024-09-20,holdout,2024,183,"[2006, 2012, 2014, 2016, 2019]",m1_20260926T160821Z_a181f6c
hand_acc_neg,cell_gate,AGRI,ALL,capture_0.2,0.0827,,,1112,2024-09-20,holdout,2024,183,"[2006, 2012, 2014, 2016, 2019]",m1_20260926T160821Z_a181f6c
hand_acc_neg,object,AGRI,ALL,capture_0.2,0.20930518772132292,,,109,2024-09-20,holdout,2024,183,"[2006, 2012, 2014, 2016, 2019]",m1_20260926T160821Z_a181f6c
L1,cell_gate,AGRI,ALL,observed-label_auc,0.2990618769869846,0.2447,0.4782,1112,2024-09-20,holdout,2024,183,"[2006, 2012, 2014, 2016, 2019]",m1_20260926T160821Z_a181f6c
L1,cluster_gate,AGRI,ALL,observed-label_auc,0.5173,0.4434,0.5882,47,2024-09-20,holdout,2024,183,"[2006, 2012, 2014, 2016, 2019]",m1_20260926T160821Z_a181f6c
L1,cell_gate,AGRI,ALL,capture_0.2,0.0468,,,1112,2024-09-20,holdout,2024,183,"[2006, 2012, 2014, 2016, 2019]",m1_20260926T160821Z_a181f6c
L1,object,AGRI,ALL,capture_0.2,0.2471124835192858,,,109,2024-09-20,holdout,2024,183,"[2006, 2012, 2014, 2016, 2019]",m1_20260926T160821Z_a181f6c
z_sensitivity,cell_gate,AGRI,ALL,observed-label_auc,0.54311404432939,0.5044,0.5815,1112,2024-09-20,holdout,2024,183,"[2006, 2012, 2014, 2016, 2019]",m1_20260926T160821Z_a181f6c
z_sensitivity,cluster_gate,AGRI,ALL,observed-label_auc,0.6008,0.5422,0.6561,47,2024-09-20,holdout,2024,183,"[2006, 2012, 2014, 2016, 2019]",m1_20260926T160821Z_a181f6c
z_sensitivity,cell_gate,AGRI,ALL,capture_0.2,0.125,,,1112,2024-09-20,holdout,2024,183,"[2006, 2012, 2014, 2016, 2019]",m1_20260926T160821Z_a181f6c
z_sensitivity,object,AGRI,ALL,capture_0.2,0.2539026284675375,,,109,2024-09-20,holdout,2024,183,"[2006, 2012, 2014, 2016, 2019]",m1_20260926T160821Z_a181f6c
rf_F1_wf,cell_gate,AGRI,ALL,observed-label_auc,0.6565349265486227,0.6207,0.6774,1112,2024-09-20,holdout,2024,183,"[2006, 2012, 2014, 2016, 2019]",m1_20260926T160821Z_a181f6c
rf_F1_wf,cluster_gate,AGRI,ALL,observed-label_auc,0.6298,0.5745,0.68,47,2024-09-20,holdout,2024,183,"[2006, 2012, 2014, 2016, 2019]",m1_20260926T160821Z_a181f6c
rf_F1_wf,cell_gate,AGRI,ALL,capture_0.2,0.2545,,,1112,2024-09-20,holdout,2024,183,"[2006, 2012, 2014, 2016, 2019]",m1_20260926T160821Z_a181f6c
rf_F1_wf,object,AGRI,ALL,capture_0.2,0.30236554381695085,,,109,2024-09-20,holdout,2024,183,"[2006, 2012, 2014, 2016, 2019]",m1_20260926T160821Z_a181f6c
logit_F1_wf,cell_gate,AGRI,ALL,observed-label_auc,0.677107236000707,0.6157,0.7034,1112,2024-09-20,holdout,2024,183,"[2006, 2012, 2014, 2016, 2019]",m1_20260926T160821Z_a181f6c
logit_F1_wf,cluster_gate,AGRI,ALL,observed-label_auc,0.6104,0.5507,0.6673,47,2024-09-20,holdout,2024,183,"[2006, 2012, 2014, 2016, 2019]",m1_20260926T160821Z_a181f6c
logit_F1_wf,cell_gate,AGRI,ALL,capture_0.2,0.2545,,,1112,2024-09-20,holdout,2024,183,"[2006, 2012, 2014, 2016, 2019]",m1_20260926T160821Z_a181f6c
logit_F1_wf,object,AGRI,ALL,capture_0.2,0.365950402111595,,,109,2024-09-20,holdout,2024,183,"[2006, 2012, 2014, 2016, 2019]",m1_20260926T160821Z_a181f6c
slope_neg,object,AGRI,ALL,observed-label_auc,0.5725185590145807,0.5270166379126437,0.6231732301030755,109,2024-09-20,holdout,2024,183,"[2006, 2012, 2014, 2016, 2019]",m1_20260926T160821Z_a181f6c
relelev_neg,object,AGRI,ALL,observed-label_auc,0.5807891252329445,0.5308976804708525,0.6290374416062086,109,2024-09-20,holdout,2024,183,"[2006, 2012, 2014, 2016, 2019]",m1_20260926T160821Z_a181f6c
twi,object,AGRI,ALL,observed-label_auc,0.6197323487754165,0.5818973437749528,0.6566739276803202,109,2024-09-20,holdout,2024,183,"[2006, 2012, 2014, 2016, 2019]",m1_20260926T160821Z_a181f6c
impervious,object,AGRI,ALL,observed-label_auc,0.49406180903561064,0.47023561181196893,0.5196654193975476,109,2024-09-20,holdout,2024,183,"[2006, 2012, 2014, 2016, 2019]",m1_20260926T160821Z_a181f6c
hand_neg,object,AGRI,ALL,observed-label_auc,0.6678832386558624,0.6270682097420248,0.7065635441260825,109,2024-09-20,holdout,2024,183,"[2006, 2012, 2014, 2016, 2019]",m1_20260926T160821Z_a181f6c
hand_acc_neg,object,AGRI,ALL,observed-label_auc,0.6313634613872513,0.5892269260830852,0.6724297675066673,109,2024-09-20,holdout,2024,183,"[2006, 2012, 2014, 2016, 2019]",m1_20260926T160821Z_a181f6c
L1,object,AGRI,ALL,observed-label_auc,0.5476708635888542,0.49694763766070355,0.595490592121098,109,2024-09-20,holdout,2024,183,"[2006, 2012, 2014, 2016, 2019]",m1_20260926T160821Z_a181f6c
z_sensitivity,object,AGRI,ALL,observed-label_auc,0.6389012706647366,0.6023200093422274,0.6718343466510764,109,2024-09-20,holdout,2024,183,"[2006, 2012, 2014, 2016, 2019]",m1_20260926T160821Z_a181f6c
rf_F1_wf,object,AGRI,ALL,observed-label_auc,0.6341120867650545,0.5984808507634706,0.6722598267431436,109,2024-09-20,holdout,2024,183,"[2006, 2012, 2014, 2016, 2019]",m1_20260926T160821Z_a181f6c
logit_F1_wf,object,AGRI,ALL,observed-label_auc,0.654466029293895,0.6145030209384116,0.6954645829728585,109,2024-09-20,holdout,2024,183,"[2006, 2012, 2014, 2016, 2019]",m1_20260926T160821Z_a181f6c
slope_neg,cell_gate,UNIVERSE,ALL,observed-label_auc,0.7784268009103503,0.7124,0.8363,96,2024-09-20,holdout,2024,183,"[2006, 2012, 2014, 2016, 2019]",m1_20260926T160821Z_a181f6c
slope_neg,cluster_gate,UNIVERSE,ALL,observed-label_auc,0.749,0.689,0.8055,61,2024-09-20,holdout,2024,183,"[2006, 2012, 2014, 2016, 2019]",m1_20260926T160821Z_a181f6c
slope_neg,cell_gate,UNIVERSE,ALL,capture_0.2,0.5833,,,96,2024-09-20,holdout,2024,183,"[2006, 2012, 2014, 2016, 2019]",m1_20260926T160821Z_a181f6c
slope_neg,object,UNIVERSE,ALL,capture_0.2,0.34630692899233895,,,134,2024-09-20,holdout,2024,183,"[2006, 2012, 2014, 2016, 2019]",m1_20260926T160821Z_a181f6c
relelev_neg,cell_gate,UNIVERSE,ALL,observed-label_auc,0.3029481248763111,0.2322,0.398,96,2024-09-20,holdout,2024,183,"[2006, 2012, 2014, 2016, 2019]",m1_20260926T160821Z_a181f6c
relelev_neg,cluster_gate,UNIVERSE,ALL,observed-label_auc,0.361,0.2827,0.4497,61,2024-09-20,holdout,2024,183,"[2006, 2012, 2014, 2016, 2019]",m1_20260926T160821Z_a181f6c
relelev_neg,cell_gate,UNIVERSE,ALL,capture_0.2,0.1458,,,96,2024-09-20,holdout,2024,183,"[2006, 2012, 2014, 2016, 2019]",m1_20260926T160821Z_a181f6c
relelev_neg,object,UNIVERSE,ALL,capture_0.2,0.25307126747051845,,,134,2024-09-20,holdout,2024,183,"[2006, 2012, 2014, 2016, 2019]",m1_20260926T160821Z_a181f6c
twi,cell_gate,UNIVERSE,ALL,observed-label_auc,0.6956304835411307,0.633,0.7479,96,2024-09-20,holdout,2024,183,"[2006, 2012, 2014, 2016, 2019]",m1_20260926T160821Z_a181f6c
twi,cluster_gate,UNIVERSE,ALL,observed-label_auc,0.6992,0.6397,0.7517,61,2024-09-20,holdout,2024,183,"[2006, 2012, 2014, 2016, 2019]",m1_20260926T160821Z_a181f6c
twi,cell_gate,UNIVERSE,ALL,capture_0.2,0.4583,,,96,2024-09-20,holdout,2024,183,"[2006, 2012, 2014, 2016, 2019]",m1_20260926T160821Z_a181f6c
twi,object,UNIVERSE,ALL,capture_0.2,0.37211796824072496,,,134,2024-09-20,holdout,2024,183,"[2006, 2012, 2014, 2016, 2019]",m1_20260926T160821Z_a181f6c
impervious,cell_gate,UNIVERSE,ALL,observed-label_auc,0.2618741341777162,0.1988,0.3337,96,2024-09-20,holdout,2024,183,"[2006, 2012, 2014, 2016, 2019]",m1_20260926T160821Z_a181f6c
impervious,cluster_gate,UNIVERSE,ALL,observed-label_auc,0.2112,0.1754,0.2497,61,2024-09-20,holdout,2024,183,"[2006, 2012, 2014, 2016, 2019]",m1_20260926T160821Z_a181f6c
impervious,cell_gate,UNIVERSE,ALL,capture_0.2,0.0312,,,96,2024-09-20,holdout,2024,183,"[2006, 2012, 2014, 2016, 2019]",m1_20260926T160821Z_a181f6c
impervious,object,UNIVERSE,ALL,capture_0.2,0.18302363820257841,,,134,2024-09-20,holdout,2024,183,"[2006, 2012, 2014, 2016, 2019]",m1_20260926T160821Z_a181f6c
hand_neg,cell_gate,UNIVERSE,ALL,observed-label_auc,0.7937817468170724,0.7526,0.8301,96,2024-09-20,holdout,2024,183,"[2006, 2012, 2014, 2016, 2019]",m1_20260926T160821Z_a181f6c
hand_neg,cluster_gate,UNIVERSE,ALL,observed-label_auc,0.7917,0.7471,0.8346,61,2024-09-20,holdout,2024,183,"[2006, 2012, 2014, 2016, 2019]",m1_20260926T160821Z_a181f6c
hand_neg,cell_gate,UNIVERSE,ALL,capture_0.2,0.5833,,,96,2024-09-20,holdout,2024,183,"[2006, 2012, 2014, 2016, 2019]",m1_20260926T160821Z_a181f6c
hand_neg,object,UNIVERSE,ALL,capture_0.2,0.309569039993379,,,134,2024-09-20,holdout,2024,183,"[2006, 2012, 2014, 2016, 2019]",m1_20260926T160821Z_a181f6c
hand_acc_neg,cell_gate,UNIVERSE,ALL,observed-label_auc,0.8058826439738769,0.7567,0.844,96,2024-09-20,holdout,2024,183,"[2006, 2012, 2014, 2016, 2019]",m1_20260926T160821Z_a181f6c
hand_acc_neg,cluster_gate,UNIVERSE,ALL,observed-label_auc,0.8002,0.7498,0.8454,61,2024-09-20,holdout,2024,183,"[2006, 2012, 2014, 2016, 2019]",m1_20260926T160821Z_a181f6c
hand_acc_neg,cell_gate,UNIVERSE,ALL,capture_0.2,0.6458,,,96,2024-09-20,holdout,2024,183,"[2006, 2012, 2014, 2016, 2019]",m1_20260926T160821Z_a181f6c
hand_acc_neg,object,UNIVERSE,ALL,capture_0.2,0.44815694359202995,,,134,2024-09-20,holdout,2024,183,"[2006, 2012, 2014, 2016, 2019]",m1_20260926T160821Z_a181f6c
L1,cell_gate,UNIVERSE,ALL,observed-label_auc,0.269435648789498,0.1816,0.381,96,2024-09-20,holdout,2024,183,"[2006, 2012, 2014, 2016, 2019]",m1_20260926T160821Z_a181f6c
L1,cluster_gate,UNIVERSE,ALL,observed-label_auc,0.2645,0.213,0.3184,61,2024-09-20,holdout,2024,183,"[2006, 2012, 2014, 2016, 2019]",m1_20260926T160821Z_a181f6c
L1,cell_gate,UNIVERSE,ALL,capture_0.2,0.0729,,,96,2024-09-20,holdout,2024,183,"[2006, 2012, 2014, 2016, 2019]",m1_20260926T160821Z_a181f6c
L1,object,UNIVERSE,ALL,capture_0.2,0.25268859663437493,,,134,2024-09-20,holdout,2024,183,"[2006, 2012, 2014, 2016, 2019]",m1_20260926T160821Z_a181f6c
z_sensitivity,cell_gate,UNIVERSE,ALL,observed-label_auc,0.37550300151725047,0.3162,0.4378,96,2024-09-20,holdout,2024,183,"[2006, 2012, 2014, 2016, 2019]",m1_20260926T160821Z_a181f6c
z_sensitivity,cluster_gate,UNIVERSE,ALL,observed-label_auc,0.368,0.3269,0.4132,61,2024-09-20,holdout,2024,183,"[2006, 2012, 2014, 2016, 2019]",m1_20260926T160821Z_a181f6c
z_sensitivity,cell_gate,UNIVERSE,ALL,capture_0.2,0.0417,,,96,2024-09-20,holdout,2024,183,"[2006, 2012, 2014, 2016, 2019]",m1_20260926T160821Z_a181f6c
z_sensitivity,object,UNIVERSE,ALL,capture_0.2,0.2187409695293629,,,134,2024-09-20,holdout,2024,183,"[2006, 2012, 2014, 2016, 2019]",m1_20260926T160821Z_a181f6c
rf_F1_wf,cell_gate,UNIVERSE,ALL,observed-label_auc,0.566038017844185,0.4938,0.629,96,2024-09-20,holdout,2024,183,"[2006, 2012, 2014, 2016, 2019]",m1_20260926T160821Z_a181f6c
rf_F1_wf,cluster_gate,UNIVERSE,ALL,observed-label_auc,0.5447,0.4884,0.5967,61,2024-09-20,holdout,2024,183,"[2006, 2012, 2014, 2016, 2019]",m1_20260926T160821Z_a181f6c
rf_F1_wf,cell_gate,UNIVERSE,ALL,capture_0.2,0.125,,,96,2024-09-20,holdout,2024,183,"[2006, 2012, 2014, 2016, 2019]",m1_20260926T160821Z_a181f6c
rf_F1_wf,object,UNIVERSE,ALL,capture_0.2,0.2884564073664119,,,134,2024-09-20,holdout,2024,183,"[2006, 2012, 2014, 2016, 2019]",m1_20260926T160821Z_a181f6c
logit_F1_wf,cell_gate,UNIVERSE,ALL,observed-label_auc,0.5954455686390923,0.5484,0.6352,96,2024-09-20,holdout,2024,183,"[2006, 2012, 2014, 2016, 2019]",m1_20260926T160821Z_a181f6c
logit_F1_wf,cluster_gate,UNIVERSE,ALL,observed-label_auc,0.5819,0.5373,0.6246,61,2024-09-20,holdout,2024,183,"[2006, 2012, 2014, 2016, 2019]",m1_20260926T160821Z_a181f6c
logit_F1_wf,cell_gate,UNIVERSE,ALL,capture_0.2,0.1458,,,96,2024-09-20,holdout,2024,183,"[2006, 2012, 2014, 2016, 2019]",m1_20260926T160821Z_a181f6c
logit_F1_wf,object,UNIVERSE,ALL,capture_0.2,0.30549108909101896,,,134,2024-09-20,holdout,2024,183,"[2006, 2012, 2014, 2016, 2019]",m1_20260926T160821Z_a181f6c
slope_neg,object,UNIVERSE,ALL,observed-label_auc,0.6468513909917664,0.599886613364878,0.6910603043722989,134,2024-09-20,holdout,2024,183,"[2006, 2012, 2014, 2016, 2019]",m1_20260926T160821Z_a181f6c
relelev_neg,object,UNIVERSE,ALL,observed-label_auc,0.4925333267894706,0.44244651670038604,0.543102738194034,134,2024-09-20,holdout,2024,183,"[2006, 2012, 2014, 2016, 2019]",m1_20260926T160821Z_a181f6c
twi,object,UNIVERSE,ALL,observed-label_auc,0.6282492193478382,0.5834533953969226,0.6719607989388415,134,2024-09-20,holdout,2024,183,"[2006, 2012, 2014, 2016, 2019]",m1_20260926T160821Z_a181f6c
impervious,object,UNIVERSE,ALL,observed-label_auc,0.4179887258699209,0.36839222821016837,0.4672220670640571,134,2024-09-20,holdout,2024,183,"[2006, 2012, 2014, 2016, 2019]",m1_20260926T160821Z_a181f6c
hand_neg,object,UNIVERSE,ALL,observed-label_auc,0.688130186765674,0.6507385497884773,0.7187012287645551,134,2024-09-20,holdout,2024,183,"[2006, 2012, 2014, 2016, 2019]",m1_20260926T160821Z_a181f6c
hand_acc_neg,object,UNIVERSE,ALL,observed-label_auc,0.7205581138972909,0.6818833268450757,0.7552312946344704,134,2024-09-20,holdout,2024,183,"[2006, 2012, 2014, 2016, 2019]",m1_20260926T160821Z_a181f6c
L1,object,UNIVERSE,ALL,observed-label_auc,0.5070065467184192,0.45812424256990186,0.5592575388463115,134,2024-09-20,holdout,2024,183,"[2006, 2012, 2014, 2016, 2019]",m1_20260926T160821Z_a181f6c
z_sensitivity,object,UNIVERSE,ALL,observed-label_auc,0.5216650271732164,0.4773708351020568,0.5698400118152918,134,2024-09-20,holdout,2024,183,"[2006, 2012, 2014, 2016, 2019]",m1_20260926T160821Z_a181f6c
rf_F1_wf,object,UNIVERSE,ALL,observed-label_auc,0.6002198689244468,0.5527504845651943,0.6475055754142879,134,2024-09-20,holdout,2024,183,"[2006, 2012, 2014, 2016, 2019]",m1_20260926T160821Z_a181f6c
logit_F1_wf,object,UNIVERSE,ALL,observed-label_auc,0.6139730097691837,0.5696644769457972,0.6602951943471533,134,2024-09-20,holdout,2024,183,"[2006, 2012, 2014, 2016, 2019]",m1_20260926T160821Z_a181f6c
