verdict,rule,size_m,score,auc,capture,evaluable,n_events,events,config_class,margin,passes,ref_margin,ref_passes,flip,material_flip
V1,any,100,slope_neg,0.896320507646074,0.8279569892473119,True,1,HOLDOUT_ALL,rule_only,0.196320507646074,True,0.22170328779698856,True,False,False
V1,any,100,relelev_neg,0.483450986184079,0.08542413381123058,True,1,HOLDOUT_ALL,rule_only,-0.4145758661887694,False,-0.4297553275453828,False,False,False
V1,any,100,twi,0.8650956813810029,0.7939068100358423,True,1,HOLDOUT_ALL,rule_only,0.16509568138100295,True,0.190591991647598,True,False,False
V1,any,100,impervious,0.4777561535850511,0.15053763440860216,True,1,HOLDOUT_ALL,rule_only,-0.34946236559139787,False,-0.43054459352801894,False,False,False
V1,any,100,hand_neg,0.9057794673947069,0.8703703703703703,True,1,HOLDOUT_ALL,rule_only,0.20577946739470698,True,0.22171461580213525,True,False,False
V1,any,100,hand_acc_neg,0.9052586693582823,0.8626045400238949,True,1,HOLDOUT_ALL,rule_only,0.2052586693582823,True,0.22052249231316612,True,False,False
V1,any,100,L1,0.4774197583477017,0.12365591397849462,True,1,HOLDOUT_ALL,rule_only,-0.3763440860215054,False,-0.4265982636148382,False,False,False
V1,any,100,z_sensitivity,0.743367713919968,0.2694145758661888,True,1,HOLDOUT_ALL,rule_only,-0.23058542413381122,False,-0.2750591949486977,False,False,False
V1,any,100,rf_F1_wf,0.8367090871294535,0.7210274790919953,True,1,HOLDOUT_ALL,rule_only,0.1367090871294535,True,0.14322855876122131,True,False,False
V1,any,100,logit_F1_wf,0.8368122533591799,0.7592592592592593,True,1,HOLDOUT_ALL,rule_only,0.1368122533591799,True,0.14626566188538614,True,False,False
V2,any,100,slope_neg,0.8449179903846032,0.7283018867924528,True,9,"2012,2014,2016,2019,2022-09-06,2023-08-10,2024-07-24,2024-09-20,2025",rule_only,0.1449179903846033,True,0.17171519572285654,True,False,False
V2,any,100,relelev_neg,0.5564752481872282,0.0049504950495049506,True,9,"2012,2014,2016,2019,2022-09-06,2023-08-10,2024-07-24,2024-09-20,2025",rule_only,-0.49504950495049505,False,-0.49411764705882355,False,False,False
V2,any,100,twi,0.8070195726051772,0.5849056603773585,True,9,"2012,2014,2016,2019,2022-09-06,2023-08-10,2024-07-24,2024-09-20,2025",rule_only,0.08490566037735847,True,0.14044673205215508,True,False,False
V2,any,100,impervious,0.8112204321529424,0.7132075471698113,True,9,"2012,2014,2016,2019,2022-09-06,2023-08-10,2024-07-24,2024-09-20,2025",rule_only,0.11122043215294242,True,0.10790262004482398,True,False,False
V2,any,100,hand_neg,0.8492556919557376,0.8301886792452831,True,9,"2012,2014,2016,2019,2022-09-06,2023-08-10,2024-07-24,2024-09-20,2025",rule_only,0.14925569195573762,True,0.16182569531866997,True,False,False
V2,any,100,hand_acc_neg,0.8644342960985638,0.8301886792452831,True,9,"2012,2014,2016,2019,2022-09-06,2023-08-10,2024-07-24,2024-09-20,2025",rule_only,0.16443429609856386,True,0.17741482162256816,True,False,False
V2,any,100,L1,0.7821822774595573,0.5547169811320755,True,9,"2012,2014,2016,2019,2022-09-06,2023-08-10,2024-07-24,2024-09-20,2025",rule_only,0.05471698113207546,True,0.058252427184465994,True,False,False
V2,any,100,z_sensitivity,0.8291254813982949,0.6582914572864321,True,9,"2012,2014,2016,2019,2022-09-06,2023-08-10,2024-07-24,2024-09-20,2025",rule_only,0.12912548139829494,True,0.1739552913099086,True,False,False
V2,any,100,rf_F1_wf,0.8429154089789815,0.7233250620347395,True,9,"2012,2014,2016,2019,2022-09-06,2023-08-10,2024-07-24,2024-09-20,2025",rule_only,0.14291540897898158,True,0.15457592039800994,True,False,False
V2,any,100,logit_F1_wf,0.8337996270703427,0.6904761904761905,True,9,"2012,2014,2016,2019,2022-09-06,2023-08-10,2024-07-24,2024-09-20,2025",rule_only,0.13379962707034276,True,0.14593061811622066,True,False,False
V1,any,200,slope_neg,0.8726526047442954,0.7692307692307693,True,1,HOLDOUT_ALL,both,0.17265260474429545,True,0.22170328779698856,True,False,False
V1,any,200,relelev_neg,0.509856640229133,0.10361067503924647,True,1,HOLDOUT_ALL,both,-0.3963893249607535,False,-0.4297553275453828,False,False,False
V1,any,200,twi,0.8624600184158105,0.7535321821036107,True,1,HOLDOUT_ALL,both,0.1624600184158106,True,0.190591991647598,True,False,False
V1,any,200,impervious,0.5414780562140366,0.2119309262166405,True,1,HOLDOUT_ALL,both,-0.2880690737833595,False,-0.43054459352801894,False,False,False
V1,any,200,hand_neg,0.9018379325378915,0.7880690737833596,True,1,HOLDOUT_ALL,both,0.2018379325378915,True,0.22171461580213525,True,False,False
V1,any,200,hand_acc_neg,0.897775508704694,0.7849293563579278,True,1,HOLDOUT_ALL,both,0.19777550870469407,True,0.22052249231316612,True,False,False
V1,any,200,L1,0.5146080326186752,0.16012558869701726,True,1,HOLDOUT_ALL,both,-0.33987441130298274,False,-0.4265982636148382,False,False,False
V1,any,200,z_sensitivity,0.7556808043914061,0.315541601255887,True,1,HOLDOUT_ALL,both,-0.18445839874411302,False,-0.2750591949486977,False,False,False
V1,any,200,rf_F1_wf,0.8277050491540873,0.6577708006279435,True,1,HOLDOUT_ALL,both,0.1277050491540873,True,0.14322855876122131,True,False,False
V1,any,200,logit_F1_wf,0.8280551561353854,0.6938775510204082,True,1,HOLDOUT_ALL,both,0.12805515613538543,True,0.14626566188538614,True,False,False
V2,any,200,slope_neg,0.8333304792076947,0.6923076923076923,True,9,"2012,2014,2016,2019,2022-09-06,2023-08-10,2024-07-24,2024-09-20,2025",both,0.1333304792076947,True,0.17171519572285654,True,False,False
V2,any,200,relelev_neg,0.5919056996889003,0.0,True,9,"2012,2014,2016,2019,2022-09-06,2023-08-10,2024-07-24,2024-09-20,2025",both,-0.5,False,-0.49411764705882355,False,False,False
V2,any,200,twi,0.8331249821617148,0.6111111111111112,True,9,"2012,2014,2016,2019,2022-09-06,2023-08-10,2024-07-24,2024-09-20,2025",both,0.11111111111111116,True,0.14044673205215508,True,False,False
V2,any,200,impervious,0.8413217513412672,0.7222222222222222,True,9,"2012,2014,2016,2019,2022-09-06,2023-08-10,2024-07-24,2024-09-20,2025",both,0.14132175134126723,True,0.10790262004482398,True,False,False
V2,any,200,hand_neg,0.8340870548332391,0.7941176470588235,True,9,"2012,2014,2016,2019,2022-09-06,2023-08-10,2024-07-24,2024-09-20,2025",both,0.13408705483323913,True,0.16182569531866997,True,False,False
V2,any,200,hand_acc_neg,0.8650606455691202,0.7970297029702971,True,9,"2012,2014,2016,2019,2022-09-06,2023-08-10,2024-07-24,2024-09-20,2025",both,0.16506064556912026,True,0.17741482162256816,True,False,False
V2,any,200,L1,0.763335819945052,0.5392156862745098,True,9,"2012,2014,2016,2019,2022-09-06,2023-08-10,2024-07-24,2024-09-20,2025",both,0.039215686274509776,True,0.058252427184465994,True,False,False
V2,any,200,z_sensitivity,0.8256728601193024,0.6666666666666666,True,9,"2012,2014,2016,2019,2022-09-06,2023-08-10,2024-07-24,2024-09-20,2025",both,0.12567286011930245,True,0.1739552913099086,True,False,False
V2,any,200,rf_F1_wf,0.8452921197591118,0.7222222222222222,True,9,"2012,2014,2016,2019,2022-09-06,2023-08-10,2024-07-24,2024-09-20,2025",both,0.14529211975911183,True,0.15457592039800994,True,False,False
V2,any,200,logit_F1_wf,0.831415360904187,0.6947194719471947,True,9,"2012,2014,2016,2019,2022-09-06,2023-08-10,2024-07-24,2024-09-20,2025",both,0.13141536090418704,True,0.14593061811622066,True,False,False
V1,any,500,slope_neg,0.8314255079067131,0.6582278481012658,True,1,HOLDOUT_ALL,both,0.13142550790671315,True,0.22170328779698856,True,False,False
V1,any,500,relelev_neg,0.5501021428609627,0.10548523206751055,True,1,HOLDOUT_ALL,both,-0.39451476793248946,False,-0.4297553275453828,False,False,False
V1,any,500,twi,0.8379050285304798,0.6329113924050633,True,1,HOLDOUT_ALL,both,0.13291139240506333,True,0.190591991647598,True,False,False
V1,any,500,impervious,0.650946158412347,0.270042194092827,True,1,HOLDOUT_ALL,both,-0.22995780590717302,False,-0.43054459352801894,False,False,False
V1,any,500,hand_neg,0.8520198617060531,0.6582278481012658,True,1,HOLDOUT_ALL,both,0.1520198617060532,True,0.22171461580213525,True,False,False
V1,any,500,hand_acc_neg,0.8439380083746449,0.6624472573839663,True,1,HOLDOUT_ALL,both,0.143938008374645,True,0.22052249231316612,True,False,False
V1,any,500,L1,0.5687151390693769,0.22362869198312235,True,1,HOLDOUT_ALL,both,-0.27637130801687765,False,-0.4265982636148382,False,False,False
V1,any,500,z_sensitivity,0.774452787002722,0.3755274261603376,True,1,HOLDOUT_ALL,both,-0.12447257383966243,False,-0.2750591949486977,False,False,False
V1,any,500,rf_F1_wf,0.8159530035883695,0.5654008438818565,True,1,HOLDOUT_ALL,both,0.06540084388185652,True,0.14322855876122131,True,False,False
V1,any,500,logit_F1_wf,0.8151949538218008,0.5822784810126582,True,1,HOLDOUT_ALL,both,0.08227848101265822,True,0.14626566188538614,True,False,False
V2,any,500,slope_neg,0.786890694239291,0.625,True,9,"2012,2014,2016,2019,2022-09-06,2023-08-10,2024-07-24,2024-09-20,2025",both,0.08689069423929108,True,0.17171519572285654,True,False,False
V2,any,500,relelev_neg,0.6166174298375184,0.10454545454545454,True,9,"2012,2014,2016,2019,2022-09-06,2023-08-10,2024-07-24,2024-09-20,2025",both,-0.39545454545454545,False,-0.49411764705882355,False,False,False
V2,any,500,twi,0.8196794300979519,0.625,True,9,"2012,2014,2016,2019,2022-09-06,2023-08-10,2024-07-24,2024-09-20,2025",both,0.1196794300979519,True,0.14044673205215508,True,False,False
V2,any,500,impervious,0.8632939438700149,0.75,True,9,"2012,2014,2016,2019,2022-09-06,2023-08-10,2024-07-24,2024-09-20,2025",both,0.16329394387001495,True,0.10790262004482398,True,False,False
V2,any,500,hand_neg,0.7739368851137036,0.6363636363636364,True,9,"2012,2014,2016,2019,2022-09-06,2023-08-10,2024-07-24,2024-09-20,2025",both,0.07393688511370367,True,0.16182569531866997,True,False,False
V2,any,500,hand_acc_neg,0.801446708001181,0.6772727272727272,True,9,"2012,2014,2016,2019,2022-09-06,2023-08-10,2024-07-24,2024-09-20,2025",both,0.10144670800118105,True,0.17741482162256816,True,False,False
V2,any,500,L1,0.7365460428443915,0.4358974358974359,True,9,"2012,2014,2016,2019,2022-09-06,2023-08-10,2024-07-24,2024-09-20,2025",both,-0.0641025641025641,False,0.058252427184465994,True,True,True
V2,any,500,z_sensitivity,0.8171344165435747,0.5897435897435898,True,9,"2012,2014,2016,2019,2022-09-06,2023-08-10,2024-07-24,2024-09-20,2025",both,0.08974358974358976,True,0.1739552913099086,True,False,False
V2,any,500,rf_F1_wf,0.8398465171192443,0.625,True,9,"2012,2014,2016,2019,2022-09-06,2023-08-10,2024-07-24,2024-09-20,2025",both,0.125,True,0.15457592039800994,True,False,False
V2,any,500,logit_F1_wf,0.8263282172373081,0.5818181818181818,True,9,"2012,2014,2016,2019,2022-09-06,2023-08-10,2024-07-24,2024-09-20,2025",both,0.08181818181818179,True,0.14593061811622066,True,False,False
V1,any,1000,slope_neg,0.7962641699940336,0.5777777777777777,True,1,HOLDOUT_ALL,both,0.07777777777777772,True,0.22170328779698856,True,False,False
V1,any,1000,relelev_neg,0.5994492633897838,0.11851851851851852,True,1,HOLDOUT_ALL,both,-0.3814814814814815,False,-0.4297553275453828,False,False,False
V1,any,1000,twi,0.8145991096424802,0.5481481481481482,True,1,HOLDOUT_ALL,both,0.04814814814814816,True,0.190591991647598,True,False,False
V1,any,1000,impervious,0.7232043691771077,0.32592592592592595,True,1,HOLDOUT_ALL,both,-0.17407407407407405,False,-0.43054459352801894,False,False,False
V1,any,1000,hand_neg,0.8079581440176236,0.5851851851851851,True,1,HOLDOUT_ALL,both,0.08518518518518514,True,0.22171461580213525,True,False,False
V1,any,1000,hand_acc_neg,0.799169305612924,0.5776296296296296,True,1,HOLDOUT_ALL,both,0.0776296296296296,True,0.22052249231316612,True,False,False
V1,any,1000,L1,0.6205700123915737,0.25474074074074077,True,1,HOLDOUT_ALL,both,-0.24525925925925923,False,-0.4265982636148382,False,False,False
V1,any,1000,z_sensitivity,0.7982835375648263,0.4349074074074074,True,1,HOLDOUT_ALL,both,-0.06509259259259259,False,-0.2750591949486977,False,False,False
V1,any,1000,rf_F1_wf,0.8139611730689797,0.5111111111111111,True,1,HOLDOUT_ALL,both,0.011111111111111072,True,0.14322855876122131,True,False,False
V1,any,1000,logit_F1_wf,0.8096011749047685,0.522962962962963,True,1,HOLDOUT_ALL,both,0.022962962962962963,True,0.14626566188538614,True,False,False
V2,any,1000,slope_neg,0.7573900803179598,0.5916666666666667,True,9,"2012,2014,2016,2019,2022-09-06,2023-08-10,2024-07-24,2024-09-20,2025",both,0.05739008031795989,True,0.17171519572285654,True,False,False
V2,any,1000,relelev_neg,0.6264721627408993,0.14285714285714285,True,9,"2012,2014,2016,2019,2022-09-06,2023-08-10,2024-07-24,2024-09-20,2025",both,-0.35714285714285715,False,-0.49411764705882355,False,False,False
V2,any,1000,twi,0.8043361884368309,0.5,True,9,"2012,2014,2016,2019,2022-09-06,2023-08-10,2024-07-24,2024-09-20,2025",both,0.0,True,0.14044673205215508,True,False,False
V2,any,1000,impervious,0.8373929336188437,0.75,True,9,"2012,2014,2016,2019,2022-09-06,2023-08-10,2024-07-24,2024-09-20,2025",both,0.13739293361884375,True,0.10790262004482398,True,False,False
V2,any,1000,hand_neg,0.7295227920227919,0.38095238095238093,True,9,"2012,2014,2016,2019,2022-09-06,2023-08-10,2024-07-24,2024-09-20,2025",both,-0.11904761904761907,False,0.16182569531866997,True,True,True
V2,any,1000,hand_acc_neg,0.7462118075681047,0.5,True,9,"2012,2014,2016,2019,2022-09-06,2023-08-10,2024-07-24,2024-09-20,2025",both,0.0,True,0.17741482162256816,True,False,False
V2,any,1000,L1,0.7336179295624333,0.47619047619047616,True,9,"2012,2014,2016,2019,2022-09-06,2023-08-10,2024-07-24,2024-09-20,2025",both,-0.023809523809523836,False,0.058252427184465994,True,True,True
V2,any,1000,z_sensitivity,0.8015256959314776,0.6,True,9,"2012,2014,2016,2019,2022-09-06,2023-08-10,2024-07-24,2024-09-20,2025",both,0.09999999999999998,True,0.1739552913099086,True,False,False
V2,any,1000,rf_F1_wf,0.8115261472785485,0.6,True,9,"2012,2014,2016,2019,2022-09-06,2023-08-10,2024-07-24,2024-09-20,2025",both,0.09999999999999998,True,0.15457592039800994,True,False,False
V2,any,1000,logit_F1_wf,0.7965554359526372,0.5384615384615384,True,9,"2012,2014,2016,2019,2022-09-06,2023-08-10,2024-07-24,2024-09-20,2025",both,0.038461538461538436,True,0.14593061811622066,True,False,False
V1,center,100,slope_neg,0.9376061077867109,0.939297124600639,True,1,HOLDOUT_ALL,rule_only,0.23760610778671098,True,0.22170328779698856,True,False,False
V1,center,100,relelev_neg,0.44466496666801536,0.04792332268370607,True,1,HOLDOUT_ALL,rule_only,-0.4520766773162939,False,-0.4297553275453828,False,False,False
V1,center,100,twi,0.9035288451921544,0.9201277955271565,True,1,HOLDOUT_ALL,rule_only,0.20352884519215442,True,0.190591991647598,True,False,False
V1,center,100,impervious,0.39790946877166056,0.02875399361022364,True,1,HOLDOUT_ALL,rule_only,-0.4712460063897764,False,-0.43054459352801894,False,False,False
V1,center,100,hand_neg,0.9280975314263835,0.9574014909478168,True,1,HOLDOUT_ALL,rule_only,0.22809753142638356,True,0.22171461580213525,True,False,False
V1,center,100,hand_acc_neg,0.9309599414487183,0.9605963791267306,True,1,HOLDOUT_ALL,rule_only,0.23095994144871834,True,0.22052249231316612,True,False,False
V1,center,100,L1,0.39978773115055244,0.04153354632587859,True,1,HOLDOUT_ALL,rule_only,-0.4584664536741214,False,-0.4265982636148382,False,False,False
V1,center,100,z_sensitivity,0.7246833862997146,0.16932907348242812,True,1,HOLDOUT_ALL,rule_only,-0.3306709265175719,False,-0.2750591949486977,False,False,False
V1,center,100,rf_F1_wf,0.8458173793089561,0.7933972310969116,True,1,HOLDOUT_ALL,rule_only,0.1458173793089561,True,0.14322855876122131,True,False,False
V1,center,100,logit_F1_wf,0.8476749605782439,0.8594249201277955,True,1,HOLDOUT_ALL,rule_only,0.14767496057824392,True,0.14626566188538614,True,False,False
V2,center,100,slope_neg,0.9143125751011407,0.8957930716201794,True,6,"2012,2014,2016,2019,2024-09-20,2025",rule_only,0.21431257510114077,True,0.17171519572285654,True,False,False
V2,center,100,relelev_neg,0.5338027786836947,0.0240128068303095,True,6,"2012,2014,2016,2019,2024-09-20,2025",rule_only,-0.4759871931696905,False,-0.49411764705882355,False,False,False
V2,center,100,twi,0.8710009036896568,0.7705463728191001,True,6,"2012,2014,2016,2019,2024-09-20,2025",rule_only,0.1710009036896568,True,0.14044673205215508,True,False,False
V2,center,100,impervious,0.6890291713181453,0.4865699032365699,True,6,"2012,2014,2016,2019,2024-09-20,2025",rule_only,-0.0134300967634301,False,0.10790262004482398,True,True,False
V2,center,100,hand_neg,0.8710095492975267,0.9418168168168168,True,6,"2012,2014,2016,2019,2024-09-20,2025",rule_only,0.17100954929752676,True,0.16182569531866997,True,False,False
V2,center,100,hand_acc_neg,0.8939040447985735,0.947539588681531,True,6,"2012,2014,2016,2019,2024-09-20,2025",rule_only,0.1939040447985736,True,0.17741482162256816,True,False,False
V2,center,100,L1,0.7922864977394806,0.5155572238905572,True,6,"2012,2014,2016,2019,2024-09-20,2025",rule_only,0.015557223890557248,True,0.058252427184465994,True,False,False
V2,center,100,z_sensitivity,0.8607271337263227,0.7268518518518519,True,6,"2012,2014,2016,2019,2024-09-20,2025",rule_only,0.16072713372632275,True,0.1739552913099086,True,False,False
V2,center,100,rf_F1_wf,0.8692699771405786,0.8421516754850088,True,6,"2012,2014,2016,2019,2024-09-20,2025",rule_only,0.16926997714057868,True,0.15457592039800994,True,False,False
V2,center,100,logit_F1_wf,0.8466220720211655,0.8436762981409015,True,6,"2012,2014,2016,2019,2024-09-20,2025",rule_only,0.1466220720211655,True,0.14593061811622066,True,False,False
V1,center,200,slope_neg,0.9416919937843437,0.946058091286307,True,1,HOLDOUT_ALL,both,0.2416919937843437,True,0.22170328779698856,True,False,False
V1,center,200,relelev_neg,0.4481927284756159,0.03734439834024896,True,1,HOLDOUT_ALL,both,-0.46265560165975106,False,-0.4297553275453828,False,False,False
V1,center,200,twi,0.9275171100906945,0.946058091286307,True,1,HOLDOUT_ALL,both,0.22751711009069453,True,0.190591991647598,True,False,False
V1,center,200,impervious,0.4053537796167701,0.058091286307053944,True,1,HOLDOUT_ALL,both,-0.44190871369294604,False,-0.43054459352801894,False,False,False
V1,center,200,hand_neg,0.9543736665256369,0.9585062240663901,True,1,HOLDOUT_ALL,both,0.254373666525637,True,0.22171461580213525,True,False,False
V1,center,200,hand_acc_neg,0.9499134414215791,0.946058091286307,True,1,HOLDOUT_ALL,both,0.24991344142157912,True,0.22052249231316612,True,False,False
V1,center,200,L1,0.3939747983857925,0.03734439834024896,True,1,HOLDOUT_ALL,both,-0.46265560165975106,False,-0.4265982636148382,False,False,False
V1,center,200,z_sensitivity,0.7331800552129009,0.17842323651452283,True,1,HOLDOUT_ALL,both,-0.32157676348547715,False,-0.2750591949486977,False,False,False
V1,center,200,rf_F1_wf,0.841132123238369,0.7344398340248963,True,1,HOLDOUT_ALL,both,0.141132123238369,True,0.14322855876122131,True,False,False
V1,center,200,logit_F1_wf,0.8489091333316944,0.8381742738589212,True,1,HOLDOUT_ALL,both,0.14890913333169442,True,0.14626566188538614,True,False,False
V2,center,200,slope_neg,0.898544045546878,0.8620689655172413,True,5,"2012,2014,2016,2019,2024-09-20",both,0.198544045546878,True,0.17171519572285654,True,False,False
V2,center,200,relelev_neg,0.5549058255903404,0.03765690376569038,True,5,"2012,2014,2016,2019,2024-09-20",both,-0.46234309623430964,False,-0.49411764705882355,False,False,False
V2,center,200,twi,0.8954811693983457,0.85,True,5,"2012,2014,2016,2019,2024-09-20",both,0.1954811693983457,True,0.14044673205215508,True,False,False
V2,center,200,impervious,0.8458082600421747,0.775,True,5,"2012,2014,2016,2019,2024-09-20",both,0.14580826004217473,True,0.10790262004482398,True,False,False
V2,center,200,hand_neg,0.8929969193464334,0.9665271966527197,True,5,"2012,2014,2016,2019,2024-09-20",both,0.19299691934643348,True,0.16182569531866997,True,False,False
V2,center,200,hand_acc_neg,0.9115780743712388,0.9539748953974896,True,5,"2012,2014,2016,2019,2024-09-20",both,0.21157807437123888,True,0.17741482162256816,True,False,False
V2,center,200,L1,0.824350666049478,0.65,True,5,"2012,2014,2016,2019,2024-09-20",both,0.12435066604947809,True,0.058252427184465994,True,False,False
V2,center,200,z_sensitivity,0.900376742272283,0.8,True,5,"2012,2014,2016,2019,2024-09-20",both,0.20037674227228308,True,0.1739552913099086,True,False,False
V2,center,200,rf_F1_wf,0.874728972922982,0.8,True,5,"2012,2014,2016,2019,2024-09-20",both,0.17472897292298206,True,0.15457592039800994,True,False,False
V2,center,200,logit_F1_wf,0.8572016037832836,0.7931034482758621,True,5,"2012,2014,2016,2019,2024-09-20",both,0.15720160378328363,True,0.14593061811622066,True,False,False
V1,center,500,slope_neg,0.9292600896860987,0.9166666666666666,True,1,HOLDOUT_ALL,both,0.2292600896860988,True,0.22170328779698856,True,False,False
V1,center,500,relelev_neg,0.49559666168410565,0.0625,True,1,HOLDOUT_ALL,both,-0.4375,False,-0.4297553275453828,False,False,False
V1,center,500,twi,0.9503923766816144,0.9583333333333334,True,1,HOLDOUT_ALL,both,0.2503923766816144,True,0.190591991647598,True,False,False
V1,center,500,impervious,0.4903867713004484,0.041666666666666664,True,1,HOLDOUT_ALL,both,-0.4583333333333333,False,-0.43054459352801894,False,False,False
V1,center,500,hand_neg,0.9562593423019431,0.9166666666666666,True,1,HOLDOUT_ALL,both,0.25625934230194314,True,0.22171461580213525,True,False,False
V1,center,500,hand_acc_neg,0.9519307424015945,0.9166666666666666,True,1,HOLDOUT_ALL,both,0.2519307424015945,True,0.22052249231316612,True,False,False
V1,center,500,L1,0.392607125062282,0.020833333333333332,True,1,HOLDOUT_ALL,both,-0.4791666666666667,False,-0.4265982636148382,False,False,False
V1,center,500,z_sensitivity,0.7567762830094669,0.25,True,1,HOLDOUT_ALL,both,-0.25,False,-0.2750591949486977,False,False,False
V1,center,500,rf_F1_wf,0.8376619332336821,0.75,True,1,HOLDOUT_ALL,both,0.13766193323368214,True,0.14322855876122131,True,False,False
V1,center,500,logit_F1_wf,0.8513764324862979,0.8333333333333334,True,1,HOLDOUT_ALL,both,0.15137643248629795,True,0.14626566188538614,True,False,False
V2,center,500,slope_neg,0.8993506493506492,0.8,True,3,"2012,2016,2024-09-20",both,0.19935064935064928,True,0.17171519572285654,True,False,False
V2,center,500,relelev_neg,0.5466351829988193,0.0,True,3,"2012,2016,2024-09-20",both,-0.5,False,-0.49411764705882355,False,False,False
V2,center,500,twi,0.9132231404958677,0.8,True,3,"2012,2016,2024-09-20",both,0.21322314049586777,True,0.14044673205215508,True,False,False
V2,center,500,impervious,0.8669732512024303,0.7142857142857143,True,3,"2012,2016,2024-09-20",both,0.16697325120243034,True,0.10790262004482398,True,False,False
V2,center,500,hand_neg,0.912042502951594,0.9166666666666666,True,3,"2012,2016,2024-09-20",both,0.212042502951594,True,0.16182569531866997,True,False,False
V2,center,500,hand_acc_neg,0.9005312868949232,0.8,True,3,"2012,2016,2024-09-20",both,0.20053128689492328,True,0.17741482162256816,True,False,False
V2,center,500,L1,0.721331533203949,0.42857142857142855,True,3,"2012,2016,2024-09-20",both,-0.07142857142857145,False,0.058252427184465994,True,True,True
V2,center,500,z_sensitivity,0.8673529659944309,0.7142857142857143,True,3,"2012,2016,2024-09-20",both,0.16735296599443095,True,0.1739552913099086,True,False,False
V2,center,500,rf_F1_wf,0.8487469411863978,0.75,True,3,"2012,2016,2024-09-20",both,0.14874694118639786,True,0.15457592039800994,True,False,False
V2,center,500,logit_F1_wf,0.8513764324862979,0.8,True,3,"2012,2016,2024-09-20",both,0.15137643248629795,True,0.14593061811622066,True,False,False
V1,center,1000,slope_neg,0.9623675122067404,1.0,True,1,HOLDOUT_ALL,both,0.2623675122067405,True,0.22170328779698856,True,False,False
V1,center,1000,relelev_neg,0.533881148029058,0.0,True,1,HOLDOUT_ALL,both,-0.5,False,-0.4297553275453828,False,False,False
V1,center,1000,twi,0.9643920447778969,1.0,True,1,HOLDOUT_ALL,both,0.2643920447778969,True,0.190591991647598,True,False,False
V1,center,1000,impervious,0.47499106823865667,0.0,True,1,HOLDOUT_ALL,both,-0.5,False,-0.43054459352801894,False,False,False
V1,center,1000,hand_neg,0.977253781112302,1.0,True,1,HOLDOUT_ALL,both,0.27725378111230203,True,0.22171461580213525,True,False,False
V1,center,1000,hand_acc_neg,0.9672502084077647,1.0,True,1,HOLDOUT_ALL,both,0.2672502084077647,True,0.22052249231316612,True,False,False
V1,center,1000,L1,0.33904966059306896,0.0,True,1,HOLDOUT_ALL,both,-0.5,False,-0.4265982636148382,False,False,False
V1,center,1000,z_sensitivity,0.7815886626176015,0.3333333333333333,True,1,HOLDOUT_ALL,both,-0.16666666666666669,False,-0.2750591949486977,False,False,False
V1,center,1000,rf_F1_wf,0.8362510420388234,0.7777777777777778,True,1,HOLDOUT_ALL,both,0.13625104203882343,True,0.14322855876122131,True,False,False
V1,center,1000,logit_F1_wf,0.848993688221984,0.8888888888888888,True,1,HOLDOUT_ALL,both,0.148993688221984,True,0.14626566188538614,True,False,False
V2,center,1000,slope_neg,0.9623675122067404,1.0,True,1,2024-09-20,both,0.2623675122067405,True,0.17171519572285654,True,False,False
V2,center,1000,relelev_neg,0.533881148029058,0.0,True,1,2024-09-20,both,-0.5,False,-0.49411764705882355,False,False,False
V2,center,1000,twi,0.9643920447778969,1.0,True,1,2024-09-20,both,0.2643920447778969,True,0.14044673205215508,True,False,False
V2,center,1000,impervious,0.47499106823865667,0.0,True,1,2024-09-20,both,-0.5,False,0.10790262004482398,True,True,True
V2,center,1000,hand_neg,0.977253781112302,1.0,True,1,2024-09-20,both,0.27725378111230203,True,0.16182569531866997,True,False,False
V2,center,1000,hand_acc_neg,0.9672502084077647,1.0,True,1,2024-09-20,both,0.2672502084077647,True,0.17741482162256816,True,False,False
V2,center,1000,L1,0.33904966059306896,0.0,True,1,2024-09-20,both,-0.5,False,0.058252427184465994,True,True,True
V2,center,1000,z_sensitivity,0.7815886626176015,0.3333333333333333,True,1,2024-09-20,both,-0.16666666666666669,False,0.1739552913099086,True,True,True
V2,center,1000,rf_F1_wf,0.8362510420388234,0.7777777777777778,True,1,2024-09-20,both,0.13625104203882343,True,0.15457592039800994,True,False,False
V2,center,1000,logit_F1_wf,0.848993688221984,0.8888888888888888,True,1,2024-09-20,both,0.148993688221984,True,0.14593061811622066,True,False,False
V1,f01,100,slope_neg,0.90181574245965,0.8419354838709677,True,1,HOLDOUT_ALL,rule_only,0.20181574245965006,True,0.22170328779698856,True,False,False
V1,f01,100,relelev_neg,0.47911833489855193,0.08258064516129032,True,1,HOLDOUT_ALL,rule_only,-0.4174193548387097,False,-0.4297553275453828,False,False,False
V1,f01,100,twi,0.8711808679319456,0.8109677419354838,True,1,HOLDOUT_ALL,rule_only,0.17118086793194565,True,0.190591991647598,True,False,False
V1,f01,100,impervious,0.4657063795400442,0.13225806451612904,True,1,HOLDOUT_ALL,rule_only,-0.36774193548387096,False,-0.43054459352801894,False,False,False
V1,f01,100,hand_neg,0.9093898966955687,0.8838709677419355,True,1,HOLDOUT_ALL,rule_only,0.20938989669556873,True,0.22171461580213525,True,False,False
V1,f01,100,hand_acc_neg,0.9086049752113045,0.8761290322580645,True,1,HOLDOUT_ALL,rule_only,0.2086049752113045,True,0.22052249231316612,True,False,False
V1,f01,100,L1,0.46709478236180574,0.11161290322580646,True,1,HOLDOUT_ALL,rule_only,-0.38838709677419353,False,-0.4265982636148382,False,False,False
V1,f01,100,z_sensitivity,0.741363391355625,0.2593548387096774,True,1,HOLDOUT_ALL,rule_only,-0.2406451612903226,False,-0.2750591949486977,False,False,False
V1,f01,100,rf_F1_wf,0.8382239412933802,0.7322580645161291,True,1,HOLDOUT_ALL,rule_only,0.13822394129338023,True,0.14322855876122131,True,False,False
V1,f01,100,logit_F1_wf,0.8390951667503876,0.7767741935483871,True,1,HOLDOUT_ALL,rule_only,0.1390951667503877,True,0.14626566188538614,True,False,False
V2,f01,100,slope_neg,0.8586993234378968,0.7821763243449991,True,8,"2012,2014,2016,2019,2023-08-10,2024-07-24,2024-09-20,2025",rule_only,0.15869932343789683,True,0.17171519572285654,True,False,False
V2,f01,100,relelev_neg,0.5451139908953879,0.04364550264550265,True,8,"2012,2014,2016,2019,2023-08-10,2024-07-24,2024-09-20,2025",rule_only,-0.45635449735449735,False,-0.49411764705882355,False,False,False
V2,f01,100,twi,0.8182288791873396,0.645757633709441,True,8,"2012,2014,2016,2019,2023-08-10,2024-07-24,2024-09-20,2025",rule_only,0.1182288791873396,True,0.14044673205215508,True,False,False
V2,f01,100,impervious,0.7970173105669931,0.7046519410977242,True,8,"2012,2014,2016,2019,2023-08-10,2024-07-24,2024-09-20,2025",rule_only,0.09701731056699314,True,0.10790262004482398,True,False,False
V2,f01,100,hand_neg,0.8560837643515382,0.8479162551846731,True,8,"2012,2014,2016,2019,2023-08-10,2024-07-24,2024-09-20,2025",rule_only,0.15608376435153826,True,0.16182569531866997,True,False,False
V2,f01,100,hand_acc_neg,0.8656186098259316,0.8653534136546185,True,8,"2012,2014,2016,2019,2023-08-10,2024-07-24,2024-09-20,2025",rule_only,0.16561860982593168,True,0.17741482162256816,True,False,False
V2,f01,100,L1,0.7526805887086143,0.5401054768524648,True,8,"2012,2014,2016,2019,2023-08-10,2024-07-24,2024-09-20,2025",rule_only,0.040105476852464794,True,0.058252427184465994,True,False,False
V2,f01,100,z_sensitivity,0.8263355397534203,0.6407203907203907,True,8,"2012,2014,2016,2019,2023-08-10,2024-07-24,2024-09-20,2025",rule_only,0.12633553975342038,True,0.1739552913099086,True,False,False
V2,f01,100,rf_F1_wf,0.841571581442071,0.7426666666666666,True,8,"2012,2014,2016,2019,2023-08-10,2024-07-24,2024-09-20,2025",rule_only,0.14157158144207105,True,0.15457592039800994,True,False,False
V2,f01,100,logit_F1_wf,0.8282411168952339,0.7261904761904762,True,8,"2012,2014,2016,2019,2023-08-10,2024-07-24,2024-09-20,2025",rule_only,0.128241116895234,True,0.14593061811622066,True,False,False
V1,f01,200,slope_neg,0.8910204101838054,0.8142589118198874,True,1,HOLDOUT_ALL,both,0.19102041018380544,True,0.22170328779698856,True,False,False
V1,f01,200,relelev_neg,0.49582618424114017,0.09193245778611632,True,1,HOLDOUT_ALL,both,-0.4080675422138837,False,-0.4297553275453828,False,False,False
V1,f01,200,twi,0.881974189013252,0.8105065666041276,True,1,HOLDOUT_ALL,both,0.18197418901325202,True,0.190591991647598,True,False,False
V1,f01,200,impervious,0.5027864875969644,0.15196998123827393,True,1,HOLDOUT_ALL,both,-0.34803001876172607,False,-0.43054459352801894,False,False,False
V1,f01,200,hand_neg,0.920856653482305,0.8536585365853658,True,1,HOLDOUT_ALL,both,0.2208566534823051,True,0.22171461580213525,True,False,False
V1,f01,200,hand_acc_neg,0.9148422579415564,0.8386491557223265,True,1,HOLDOUT_ALL,both,0.21484225794155642,True,0.22052249231316612,True,False,False
V1,f01,200,L1,0.48219883469384717,0.1125703564727955,True,1,HOLDOUT_ALL,both,-0.3874296435272045,False,-0.4265982636148382,False,False,False
V1,f01,200,z_sensitivity,0.7490471122287843,0.2870544090056285,True,1,HOLDOUT_ALL,both,-0.2129455909943715,False,-0.2750591949486977,False,False,False
V1,f01,200,rf_F1_wf,0.8313862390907246,0.6679174484052532,True,1,HOLDOUT_ALL,both,0.13138623909072467,True,0.14322855876122131,True,False,False
V1,f01,200,logit_F1_wf,0.8358764795279371,0.726078799249531,True,1,HOLDOUT_ALL,both,0.13587647952793713,True,0.14626566188538614,True,False,False
V2,f01,200,slope_neg,0.8351349921514215,0.7387387387387387,True,8,"2012,2014,2016,2019,2023-08-10,2024-07-24,2024-09-20,2025",both,0.13513499215142155,True,0.17171519572285654,True,False,False
V2,f01,200,relelev_neg,0.5672087168285452,0.04571984435797665,True,8,"2012,2014,2016,2019,2023-08-10,2024-07-24,2024-09-20,2025",both,-0.45428015564202334,False,-0.49411764705882355,False,False,False
V2,f01,200,twi,0.8372503988566813,0.6510462074978204,True,8,"2012,2014,2016,2019,2023-08-10,2024-07-24,2024-09-20,2025",both,0.13725039885668133,True,0.14044673205215508,True,False,False
V2,f01,200,impervious,0.8191880018461861,0.7161290322580645,True,8,"2012,2014,2016,2019,2023-08-10,2024-07-24,2024-09-20,2025",both,0.11918800184618616,True,0.10790262004482398,True,False,False
V2,f01,200,hand_neg,0.8465396732072372,0.8162692847124824,True,8,"2012,2014,2016,2019,2023-08-10,2024-07-24,2024-09-20,2025",both,0.14653967320723726,True,0.16182569531866997,True,False,False
V2,f01,200,hand_acc_neg,0.861200505893037,0.8219739759842684,True,8,"2012,2014,2016,2019,2023-08-10,2024-07-24,2024-09-20,2025",both,0.16120050589303703,True,0.17741482162256816,True,False,False
V2,f01,200,L1,0.7521776080928857,0.5222418618353218,True,8,"2012,2014,2016,2019,2023-08-10,2024-07-24,2024-09-20,2025",both,0.02224186183532184,True,0.058252427184465994,True,False,False
V2,f01,200,z_sensitivity,0.8282917928805908,0.6850788039475623,True,8,"2012,2014,2016,2019,2023-08-10,2024-07-24,2024-09-20,2025",both,0.1282917928805909,True,0.1739552913099086,True,False,False
V2,f01,200,rf_F1_wf,0.8424364238146866,0.7416666666666667,True,8,"2012,2014,2016,2019,2023-08-10,2024-07-24,2024-09-20,2025",both,0.14243642381468669,True,0.15457592039800994,True,False,False
V2,f01,200,logit_F1_wf,0.8317083359932789,0.7296508570827637,True,8,"2012,2014,2016,2019,2023-08-10,2024-07-24,2024-09-20,2025",both,0.1317083359932789,True,0.14593061811622066,True,False,False
V1,f01,500,slope_neg,0.8595544406812897,0.7748344370860927,True,1,HOLDOUT_ALL,both,0.15955444068128977,True,0.22170328779698856,True,False,False
V1,f01,500,relelev_neg,0.5149731790122195,0.0728476821192053,True,1,HOLDOUT_ALL,both,-0.4271523178807947,False,-0.4297553275453828,False,False,False
V1,f01,500,twi,0.8660206887253802,0.7483443708609272,True,1,HOLDOUT_ALL,both,0.16602068872538023,True,0.190591991647598,True,False,False
V1,f01,500,impervious,0.562271470067941,0.09933774834437085,True,1,HOLDOUT_ALL,both,-0.40066225165562913,False,-0.43054459352801894,False,False,False
V1,f01,500,hand_neg,0.8887929942681118,0.7748344370860927,True,1,HOLDOUT_ALL,both,0.1887929942681118,True,0.22171461580213525,True,False,False
V1,f01,500,hand_acc_neg,0.8789051807607927,0.7748344370860927,True,1,HOLDOUT_ALL,both,0.17890518076079276,True,0.22052249231316612,True,False,False
V1,f01,500,L1,0.4785861070143113,0.0728476821192053,True,1,HOLDOUT_ALL,both,-0.4271523178807947,False,-0.4265982636148382,False,False,False
V1,f01,500,z_sensitivity,0.7448390536460611,0.2847682119205298,True,1,HOLDOUT_ALL,both,-0.2152317880794702,False,-0.2750591949486977,False,False,False
V1,f01,500,rf_F1_wf,0.8129680395144849,0.5960264900662252,True,1,HOLDOUT_ALL,both,0.09602649006622521,True,0.14322855876122131,True,False,False
V1,f01,500,logit_F1_wf,0.8118751812919014,0.6158940397350994,True,1,HOLDOUT_ALL,both,0.11187518129190144,True,0.14626566188538614,True,False,False
V2,f01,500,slope_neg,0.8241806908768821,0.7755102040816326,True,7,"2012,2014,2016,2019,2023-08-10,2024-09-20,2025",both,0.1241806908768821,True,0.17171519572285654,True,False,False
V2,f01,500,relelev_neg,0.5748449955713021,0.06802721088435375,True,7,"2012,2014,2016,2019,2023-08-10,2024-09-20,2025",both,-0.43197278911564624,False,-0.49411764705882355,False,False,False
V2,f01,500,twi,0.8603483909064069,0.6666666666666666,True,7,"2012,2014,2016,2019,2023-08-10,2024-09-20,2025",both,0.16034839090640696,True,0.14044673205215508,True,False,False
V2,f01,500,impervious,0.8394886363636364,0.6060606060606061,True,7,"2012,2014,2016,2019,2023-08-10,2024-09-20,2025",both,0.10606060606060608,True,0.10790262004482398,True,False,False
V2,f01,500,hand_neg,0.807278427385189,0.6666666666666666,True,7,"2012,2014,2016,2019,2023-08-10,2024-09-20,2025",both,0.107278427385189,True,0.16182569531866997,True,False,False
V2,f01,500,hand_acc_neg,0.8052025080494832,0.6666666666666666,True,7,"2012,2014,2016,2019,2023-08-10,2024-09-20,2025",both,0.10520250804948328,True,0.17741482162256816,True,False,False
V2,f01,500,L1,0.7609647675007152,0.48484848484848486,True,7,"2012,2014,2016,2019,2023-08-10,2024-09-20,2025",both,-0.015151515151515138,False,0.058252427184465994,True,True,False
V2,f01,500,z_sensitivity,0.8054383116883117,0.5555555555555556,True,7,"2012,2014,2016,2019,2023-08-10,2024-09-20,2025",both,0.05555555555555558,True,0.1739552913099086,True,False,False
V2,f01,500,rf_F1_wf,0.8575435488633009,0.8095238095238095,True,7,"2012,2014,2016,2019,2023-08-10,2024-09-20,2025",both,0.1575435488633009,True,0.15457592039800994,True,False,False
V2,f01,500,logit_F1_wf,0.8359035191775406,0.6122448979591837,True,7,"2012,2014,2016,2019,2023-08-10,2024-09-20,2025",both,0.11224489795918369,True,0.14593061811622066,True,False,False
V1,f01,1000,slope_neg,0.8468559837728196,0.7758620689655172,True,1,HOLDOUT_ALL,both,0.1468559837728196,True,0.22170328779698856,True,False,False
V1,f01,1000,relelev_neg,0.5472772663442034,0.06896551724137931,True,1,HOLDOUT_ALL,both,-0.43103448275862066,False,-0.4297553275453828,False,False,False
V1,f01,1000,twi,0.8650823061320018,0.7586206896551724,True,1,HOLDOUT_ALL,both,0.1650823061320018,True,0.190591991647598,True,False,False
V1,f01,1000,impervious,0.5695798876579811,0.05172413793103448,True,1,HOLDOUT_ALL,both,-0.4482758620689655,False,-0.43054459352801894,False,False,False
V1,f01,1000,hand_neg,0.8720354189421127,0.8103448275862069,True,1,HOLDOUT_ALL,both,0.17203541894211272,True,0.22171461580213525,True,False,False
V1,f01,1000,hand_acc_neg,0.8616788890622561,0.7931034482758621,True,1,HOLDOUT_ALL,both,0.16167888906225614,True,0.22052249231316612,True,False,False
V1,f01,1000,L1,0.4472031518177562,0.034482758620689655,True,1,HOLDOUT_ALL,both,-0.46551724137931033,False,-0.4265982636148382,False,False,False
V1,f01,1000,z_sensitivity,0.7480886253705726,0.3103448275862069,True,1,HOLDOUT_ALL,both,-0.1896551724137931,False,-0.2750591949486977,False,False,False
V1,f01,1000,rf_F1_wf,0.7993251677328755,0.5689655172413793,True,1,HOLDOUT_ALL,both,0.06896551724137934,True,0.14322855876122131,True,False,False
V1,f01,1000,logit_F1_wf,0.7986620377594008,0.6206896551724138,True,1,HOLDOUT_ALL,both,0.09866203775940086,True,0.14626566188538614,True,False,False
V2,f01,1000,slope_neg,0.7986051502145922,0.42857142857142855,True,5,"2012,2014,2016,2019,2024-09-20",both,-0.07142857142857145,False,0.17171519572285654,True,True,True
V2,f01,1000,relelev_neg,0.643472906403941,0.21428571428571427,True,5,"2012,2014,2016,2019,2024-09-20",both,-0.2857142857142857,False,-0.49411764705882355,False,False,False
V2,f01,1000,twi,0.8247854077253219,0.6,True,5,"2012,2014,2016,2019,2024-09-20",both,0.09999999999999998,True,0.14044673205215508,True,False,False
V2,f01,1000,impervious,0.8763854679802956,0.65,True,5,"2012,2014,2016,2019,2024-09-20",both,0.15000000000000002,True,0.10790262004482398,True,False,False
V2,f01,1000,hand_neg,0.768409818569904,0.5,True,5,"2012,2014,2016,2019,2024-09-20",both,0.0,True,0.16182569531866997,True,False,False
V2,f01,1000,hand_acc_neg,0.7811158798283262,0.6,True,5,"2012,2014,2016,2019,2024-09-20",both,0.08111587982832624,True,0.17741482162256816,True,False,False
V2,f01,1000,L1,0.8034944581280788,0.7142857142857143,True,5,"2012,2014,2016,2019,2024-09-20",both,0.10349445812807889,True,0.058252427184465994,True,False,False
V2,f01,1000,z_sensitivity,0.8389778325123153,0.6428571428571429,True,5,"2012,2014,2016,2019,2024-09-20",both,0.13897783251231532,True,0.1739552913099086,True,False,False
V2,f01,1000,rf_F1_wf,0.7993251677328755,0.5833333333333334,True,5,"2012,2014,2016,2019,2024-09-20",both,0.08333333333333337,True,0.15457592039800994,True,False,False
V2,f01,1000,logit_F1_wf,0.7986620377594008,0.6,True,5,"2012,2014,2016,2019,2024-09-20",both,0.09866203775940086,True,0.14593061811622066,True,False,False
V1,f10,100,slope_neg,0.9217032877969885,0.8958168902920284,True,1,HOLDOUT_ALL,reference,0.22170328779698856,True,0.22170328779698856,True,False,False
V1,f10,100,relelev_neg,0.46226067100480295,0.0702446724546172,True,1,HOLDOUT_ALL,reference,-0.4297553275453828,False,-0.4297553275453828,False,False,False
V1,f10,100,twi,0.890591991647598,0.8713496448303079,True,1,HOLDOUT_ALL,reference,0.190591991647598,True,0.190591991647598,True,False,False
V1,f10,100,impervious,0.4277897163666602,0.06945540647198106,True,1,HOLDOUT_ALL,reference,-0.43054459352801894,False,-0.43054459352801894,False,False,False
V1,f10,100,hand_neg,0.9217146158021352,0.9313338595106551,True,1,HOLDOUT_ALL,reference,0.22171461580213525,True,0.22171461580213525,True,False,False
V1,f10,100,hand_acc_neg,0.9205224923131661,0.9187056037884768,True,1,HOLDOUT_ALL,reference,0.22052249231316612,True,0.22052249231316612,True,False,False
V1,f10,100,L1,0.43567407715165746,0.0734017363851618,True,1,HOLDOUT_ALL,reference,-0.4265982636148382,False,-0.4265982636148382,False,False,False
V1,f10,100,z_sensitivity,0.7347788953855638,0.2249408050513023,True,1,HOLDOUT_ALL,reference,-0.2750591949486977,False,-0.2750591949486977,False,False,False
V1,f10,100,rf_F1_wf,0.8432285587612213,0.7632202052091555,True,1,HOLDOUT_ALL,reference,0.14322855876122131,True,0.14322855876122131,True,False,False
V1,f10,100,logit_F1_wf,0.8462656618853861,0.8200473559589582,True,1,HOLDOUT_ALL,reference,0.14626566188538614,True,0.14626566188538614,True,False,False
V2,f10,100,slope_neg,0.8717151957228565,0.8294117647058824,True,7,"2012,2014,2016,2019,2023-08-10,2024-09-20,2025",reference,0.17171519572285654,True,0.17171519572285654,True,False,False
V2,f10,100,relelev_neg,0.5486846255663745,0.0058823529411764705,True,7,"2012,2014,2016,2019,2023-08-10,2024-09-20,2025",reference,-0.49411764705882355,False,-0.49411764705882355,False,False,False
V2,f10,100,twi,0.840446732052155,0.6941176470588235,True,7,"2012,2014,2016,2019,2023-08-10,2024-09-20,2025",reference,0.14044673205215508,True,0.14044673205215508,True,False,False
V2,f10,100,impervious,0.8079026200448239,0.7184466019417476,True,7,"2012,2014,2016,2019,2023-08-10,2024-09-20,2025",reference,0.10790262004482398,True,0.10790262004482398,True,False,False
V2,f10,100,hand_neg,0.8618256953186699,0.8928571428571429,True,7,"2012,2014,2016,2019,2023-08-10,2024-09-20,2025",reference,0.16182569531866997,True,0.16182569531866997,True,False,False
V2,f10,100,hand_acc_neg,0.8774148216225681,0.8941176470588236,True,7,"2012,2014,2016,2019,2023-08-10,2024-09-20,2025",reference,0.17741482162256816,True,0.17741482162256816,True,False,False
V2,f10,100,L1,0.7910914447573926,0.558252427184466,True,7,"2012,2014,2016,2019,2023-08-10,2024-09-20,2025",reference,0.058252427184465994,True,0.058252427184465994,True,False,False
V2,f10,100,z_sensitivity,0.8739552913099086,0.7475728155339806,True,7,"2012,2014,2016,2019,2023-08-10,2024-09-20,2025",reference,0.1739552913099086,True,0.1739552913099086,True,False,False
V2,f10,100,rf_F1_wf,0.8545759203980099,0.8588235294117647,True,7,"2012,2014,2016,2019,2023-08-10,2024-09-20,2025",reference,0.15457592039800994,True,0.15457592039800994,True,False,False
V2,f10,100,logit_F1_wf,0.8459306181162206,0.8181818181818182,True,7,"2012,2014,2016,2019,2023-08-10,2024-09-20,2025",reference,0.14593061811622066,True,0.14593061811622066,True,False,False
V1,f10,200,slope_neg,0.9167984660075856,0.8870967741935484,True,1,HOLDOUT_ALL,size_only,0.21679846600758568,True,0.22170328779698856,True,False,False
V1,f10,200,relelev_neg,0.4734621956729306,0.07526881720430108,True,1,HOLDOUT_ALL,size_only,-0.42473118279569894,False,-0.4297553275453828,False,False,False
V1,f10,200,twi,0.9087544160515563,0.8844086021505376,True,1,HOLDOUT_ALL,size_only,0.2087544160515563,True,0.190591991647598,True,False,False
V1,f10,200,impervious,0.44328999287130133,0.07795698924731183,True,1,HOLDOUT_ALL,size_only,-0.4220430107526882,False,-0.43054459352801894,False,False,False
V1,f10,200,hand_neg,0.9433444286716595,0.9247311827956989,True,1,HOLDOUT_ALL,size_only,0.2433444286716595,True,0.22171461580213525,True,False,False
V1,f10,200,hand_acc_neg,0.9364099125482537,0.9005376344086021,True,1,HOLDOUT_ALL,size_only,0.23640991254825372,True,0.22052249231316612,True,False,False
V1,f10,200,L1,0.43227848849083705,0.056451612903225805,True,1,HOLDOUT_ALL,size_only,-0.4435483870967742,False,-0.4265982636148382,False,False,False
V1,f10,200,z_sensitivity,0.7394270765640235,0.22849462365591397,True,1,HOLDOUT_ALL,size_only,-0.271505376344086,False,-0.2750591949486977,False,False,False
V1,f10,200,rf_F1_wf,0.835936686803693,0.706989247311828,True,1,HOLDOUT_ALL,size_only,0.13593668680369309,True,0.14322855876122131,True,False,False
V1,f10,200,logit_F1_wf,0.841738811684764,0.7741935483870968,True,1,HOLDOUT_ALL,size_only,0.1417388116847641,True,0.14626566188538614,True,False,False
V2,f10,200,slope_neg,0.8720037712827906,0.8448275862068966,True,5,"2012,2014,2016,2019,2024-09-20",size_only,0.17200377128279065,True,0.17171519572285654,True,False,False
V2,f10,200,relelev_neg,0.5615399636089291,0.07567567567567568,True,5,"2012,2014,2016,2019,2024-09-20",size_only,-0.4243243243243243,False,-0.49411764705882355,False,False,False
V2,f10,200,twi,0.8616118581635822,0.7413793103448276,True,5,"2012,2014,2016,2019,2024-09-20",size_only,0.16161185816358226,True,0.14044673205215508,True,False,False
V2,f10,200,impervious,0.8621405991269004,0.8,True,5,"2012,2014,2016,2019,2024-09-20",size_only,0.1621405991269005,True,0.10790262004482398,True,False,False
V2,f10,200,hand_neg,0.8858584818209909,0.927027027027027,True,5,"2012,2014,2016,2019,2024-09-20",size_only,0.18585848182099096,True,0.16182569531866997,True,False,False
V2,f10,200,hand_acc_neg,0.8931748496636746,0.9027027027027027,True,5,"2012,2014,2016,2019,2024-09-20",size_only,0.1931748496636746,True,0.17741482162256816,True,False,False
V2,f10,200,L1,0.8107727168289534,0.6153846153846154,True,5,"2012,2014,2016,2019,2024-09-20",size_only,0.1107727168289534,True,0.058252427184465994,True,False,False
V2,f10,200,z_sensitivity,0.8970376415221404,0.8292682926829268,True,5,"2012,2014,2016,2019,2024-09-20",size_only,0.19703764152214043,True,0.1739552913099086,True,False,False
V2,f10,200,rf_F1_wf,0.8664006262529448,0.7804878048780488,True,5,"2012,2014,2016,2019,2024-09-20",size_only,0.16640062625294483,True,0.15457592039800994,True,False,False
V2,f10,200,logit_F1_wf,0.8415620611979112,0.7413793103448276,True,5,"2012,2014,2016,2019,2024-09-20",size_only,0.14156206119791126,True,0.14593061811622066,True,False,False
V1,f10,500,slope_neg,0.9195932689405373,0.8875,True,1,HOLDOUT_ALL,size_only,0.21959326894053732,True,0.22170328779698856,True,False,False
V1,f10,500,relelev_neg,0.49604965288258374,0.05,True,1,HOLDOUT_ALL,size_only,-0.45,False,-0.4297553275453828,False,False,False
V1,f10,500,twi,0.9323309689103532,0.8875,True,1,HOLDOUT_ALL,size_only,0.2323309689103532,True,0.190591991647598,True,False,False
V1,f10,500,impervious,0.5015639148807727,0.0375,True,1,HOLDOUT_ALL,size_only,-0.4625,False,-0.43054459352801894,False,False,False
V1,f10,500,hand_neg,0.9434821159070328,0.8875,True,1,HOLDOUT_ALL,size_only,0.24348211590703284,True,0.22171461580213525,True,False,False
V1,f10,500,hand_acc_neg,0.938122547539994,0.9,True,1,HOLDOUT_ALL,size_only,0.23812254753999407,True,0.22052249231316612,True,False,False
V1,f10,500,L1,0.4195479927558104,0.0375,True,1,HOLDOUT_ALL,size_only,-0.4625,False,-0.4265982636148382,False,False,False
V1,f10,500,z_sensitivity,0.7538560217325687,0.25,True,1,HOLDOUT_ALL,size_only,-0.25,False,-0.2750591949486977,False,False,False
V1,f10,500,rf_F1_wf,0.8365454271053426,0.675,True,1,HOLDOUT_ALL,size_only,0.13654542710534268,True,0.14322855876122131,True,False,False
V1,f10,500,logit_F1_wf,0.8450799879263506,0.7375,True,1,HOLDOUT_ALL,size_only,0.14507998792635068,True,0.14626566188538614,True,False,False
V2,f10,500,slope_neg,0.8257989829302085,0.6833333333333333,True,4,"2012,2014,2016,2024-09-20",size_only,0.12579898293020852,True,0.17171519572285654,True,False,False
V2,f10,500,relelev_neg,0.5697668487085557,0.025,True,4,"2012,2014,2016,2024-09-20",size_only,-0.475,False,-0.49411764705882355,False,False,False
V2,f10,500,twi,0.8373380741657672,0.6754385964912281,True,4,"2012,2014,2016,2024-09-20",size_only,0.13733807416576727,True,0.14044673205215508,True,False,False
V2,f10,500,impervious,0.8115697071117036,0.49473684210526314,True,4,"2012,2014,2016,2024-09-20",size_only,-0.0052631578947368585,False,0.10790262004482398,True,True,False
V2,f10,500,hand_neg,0.8523207104339373,0.8377192982456141,True,4,"2012,2014,2016,2024-09-20",size_only,0.15232071043393736,True,0.16182569531866997,True,False,False
V2,f10,500,hand_acc_neg,0.8519715055488347,0.8114035087719298,True,4,"2012,2014,2016,2024-09-20",size_only,0.15197150554883476,True,0.17741482162256816,True,False,False
V2,f10,500,L1,0.768551784506999,0.48947368421052634,True,4,"2012,2014,2016,2024-09-20",size_only,-0.010526315789473661,False,0.058252427184465994,True,True,False
V2,f10,500,z_sensitivity,0.8263192440682992,0.6947368421052631,True,4,"2012,2014,2016,2024-09-20",size_only,0.1263192440682992,True,0.1739552913099086,True,False,False
V2,f10,500,rf_F1_wf,0.8258710662809651,0.6875,True,4,"2012,2014,2016,2024-09-20",size_only,0.12587106628096512,True,0.15457592039800994,True,False,False
V2,f10,500,logit_F1_wf,0.8207368606495484,0.6833333333333333,True,4,"2012,2014,2016,2024-09-20",size_only,0.12073686064954847,True,0.14593061811622066,True,False,False
V1,f10,1000,slope_neg,0.9119646764613941,0.8928571428571429,True,1,HOLDOUT_ALL,size_only,0.21196467646139416,True,0.22170328779698856,True,False,False
V1,f10,1000,relelev_neg,0.5292278837136605,0.03571428571428571,True,1,HOLDOUT_ALL,size_only,-0.4642857142857143,False,-0.4297553275453828,False,False,False
V1,f10,1000,twi,0.932732885276649,0.9285714285714286,True,1,HOLDOUT_ALL,size_only,0.23273288527664904,True,0.190591991647598,True,False,False
V1,f10,1000,impervious,0.5806306658330728,0.03571428571428571,True,1,HOLDOUT_ALL,size_only,-0.4642857142857143,False,-0.43054459352801894,False,False,False
V1,f10,1000,hand_neg,0.9316583307283527,0.9285714285714286,True,1,HOLDOUT_ALL,size_only,0.23165833072835273,True,0.22171461580213525,True,False,False
V1,f10,1000,hand_acc_neg,0.9227102219443576,0.8928571428571429,True,1,HOLDOUT_ALL,size_only,0.22271022194435763,True,0.22052249231316612,True,False,False
V1,f10,1000,L1,0.396530165676774,0.0,True,1,HOLDOUT_ALL,size_only,-0.5,False,-0.4265982636148382,False,False,False
V1,f10,1000,z_sensitivity,0.777156924038762,0.39285714285714285,True,1,HOLDOUT_ALL,size_only,-0.10714285714285715,False,-0.2750591949486977,False,False,False
V1,f10,1000,rf_F1_wf,0.840926852141294,0.7142857142857143,True,1,HOLDOUT_ALL,size_only,0.14092685214129408,True,0.14322855876122131,True,False,False
V1,f10,1000,logit_F1_wf,0.8472569552985308,0.8571428571428571,True,1,HOLDOUT_ALL,size_only,0.1472569552985309,True,0.14626566188538614,True,False,False
V2,f10,1000,slope_neg,0.851043897216274,0.8333333333333334,True,3,"2012,2016,2024-09-20",size_only,0.1510438972162741,True,0.17171519572285654,True,False,False
V2,f10,1000,relelev_neg,0.6616809116809117,0.125,True,3,"2012,2016,2024-09-20",size_only,-0.375,False,-0.49411764705882355,False,False,False
V2,f10,1000,twi,0.8822938972162742,0.875,True,3,"2012,2016,2024-09-20",size_only,0.1822938972162742,True,0.14044673205215508,True,False,False
V2,f10,1000,impervious,0.9201017130620985,0.7625,True,3,"2012,2016,2024-09-20",size_only,0.22010171306209858,True,0.10790262004482398,True,False,False
V2,f10,1000,hand_neg,0.8542558886509636,0.875,True,3,"2012,2016,2024-09-20",size_only,0.15425588865096362,True,0.16182569531866997,True,False,False
V2,f10,1000,hand_acc_neg,0.8685091006423983,0.875,True,3,"2012,2016,2024-09-20",size_only,0.16850910064239832,True,0.17741482162256816,True,False,False
V2,f10,1000,L1,0.8389989293361884,0.75,True,3,"2012,2016,2024-09-20",size_only,0.1389989293361884,True,0.058252427184465994,True,False,False
V2,f10,1000,z_sensitivity,0.9361616702355461,0.875,True,3,"2012,2016,2024-09-20",size_only,0.23616167023554613,True,0.1739552913099086,True,False,False
V2,f10,1000,rf_F1_wf,0.840926852141294,0.695,True,3,"2012,2016,2024-09-20",size_only,0.14092685214129408,True,0.15457592039800994,True,False,False
V2,f10,1000,logit_F1_wf,0.82247150997151,0.8333333333333334,True,3,"2012,2016,2024-09-20",size_only,0.12247150997151002,True,0.14593061811622066,True,False,False
V1,f25,100,slope_neg,0.9297902413779914,0.9228675136116152,True,1,HOLDOUT_ALL,rule_only,0.22979024137799142,True,0.22170328779698856,True,False,False
V1,f25,100,relelev_neg,0.45470083954354806,0.06261343012704174,True,1,HOLDOUT_ALL,rule_only,-0.43738656987295826,False,-0.4297553275453828,False,False,False
V1,f25,100,twi,0.8980415063701631,0.9001814882032668,True,1,HOLDOUT_ALL,rule_only,0.19804150637016316,True,0.190591991647598,True,False,False
V1,f25,100,impervious,0.4106591477231119,0.04446460980036298,True,1,HOLDOUT_ALL,rule_only,-0.455535390199637,False,-0.43054459352801894,False,False,False
V1,f25,100,hand_neg,0.9264467075468242,0.9482758620689655,True,1,HOLDOUT_ALL,rule_only,0.22644670754682428,True,0.22171461580213525,True,False,False
V1,f25,100,hand_acc_neg,0.9277091287701525,0.9446460980036298,True,1,HOLDOUT_ALL,rule_only,0.2277091287701526,True,0.22052249231316612,True,False,False
V1,f25,100,L1,0.41796248579383,0.05263157894736842,True,1,HOLDOUT_ALL,rule_only,-0.4473684210526316,False,-0.4265982636148382,False,False,False
V1,f25,100,z_sensitivity,0.7297715937570091,0.19782214156079855,True,1,HOLDOUT_ALL,rule_only,-0.3021778584392014,False,-0.2750591949486977,False,False,False
V1,f25,100,rf_F1_wf,0.844720656732375,0.7767695099818511,True,1,HOLDOUT_ALL,rule_only,0.144720656732375,True,0.14322855876122131,True,False,False
V1,f25,100,logit_F1_wf,0.847608131163956,0.8421052631578947,True,1,HOLDOUT_ALL,rule_only,0.147608131163956,True,0.14626566188538614,True,False,False
V2,f25,100,slope_neg,0.9121696287604494,0.8912232898322099,True,6,"2012,2014,2016,2019,2024-09-20,2025",rule_only,0.21216962876044942,True,0.17171519572285654,True,False,False
V2,f25,100,relelev_neg,0.5314304188401759,0.031335149863760216,True,6,"2012,2014,2016,2019,2024-09-20,2025",rule_only,-0.46866485013623976,False,-0.49411764705882355,False,False,False
V2,f25,100,twi,0.8698552657413912,0.776948051948052,True,6,"2012,2014,2016,2019,2024-09-20,2025",rule_only,0.1698552657413912,True,0.14044673205215508,True,False,False
V2,f25,100,impervious,0.6987737362406544,0.5164404722498069,True,6,"2012,2014,2016,2019,2024-09-20,2025",rule_only,-0.0012262637593455361,False,0.10790262004482398,True,True,False
V2,f25,100,hand_neg,0.8715555643361641,0.938400155702608,True,6,"2012,2014,2016,2019,2024-09-20,2025",rule_only,0.17155556433616415,True,0.16182569531866997,True,False,False
V2,f25,100,hand_acc_neg,0.8934990898065418,0.9330121967042948,True,6,"2012,2014,2016,2019,2024-09-20,2025",rule_only,0.19349908980654185,True,0.17741482162256816,True,False,False
V2,f25,100,L1,0.7958791934914927,0.5277777777777778,True,6,"2012,2014,2016,2019,2024-09-20,2025",rule_only,0.02777777777777779,True,0.058252427184465994,True,False,False
V2,f25,100,z_sensitivity,0.8643269587756821,0.7520964360587001,True,6,"2012,2014,2016,2019,2024-09-20,2025",rule_only,0.16432695877568215,True,0.1739552913099086,True,False,False
V2,f25,100,rf_F1_wf,0.8581771562725007,0.8168548073180226,True,6,"2012,2014,2016,2019,2024-09-20,2025",rule_only,0.15817715627250073,True,0.15457592039800994,True,False,False
V2,f25,100,logit_F1_wf,0.8444850910361579,0.8030563981286309,True,6,"2012,2014,2016,2019,2024-09-20,2025",rule_only,0.14448509103615792,True,0.14593061811622066,True,False,False
V1,f25,200,slope_neg,0.9349599033910936,0.9283276450511946,True,1,HOLDOUT_ALL,both,0.23495990339109363,True,0.22170328779698856,True,False,False
V1,f25,200,relelev_neg,0.4560328100350901,0.05802047781569966,True,1,HOLDOUT_ALL,both,-0.44197952218430037,False,-0.4297553275453828,False,False,False
V1,f25,200,twi,0.922322935544857,0.9283276450511946,True,1,HOLDOUT_ALL,both,0.22232293554485705,True,0.190591991647598,True,False,False
V1,f25,200,impervious,0.42497914691774547,0.05460750853242321,True,1,HOLDOUT_ALL,both,-0.4453924914675768,False,-0.43054459352801894,False,False,False
V1,f25,200,hand_neg,0.9541666147933279,0.9556313993174061,True,1,HOLDOUT_ALL,both,0.2541666147933279,True,0.22171461580213525,True,False,False
V1,f25,200,hand_acc_neg,0.9484451337176111,0.9453924914675768,True,1,HOLDOUT_ALL,both,0.24844513371761112,True,0.22052249231316612,True,False,False
V1,f25,200,L1,0.4063494745378975,0.04436860068259386,True,1,HOLDOUT_ALL,both,-0.45563139931740615,False,-0.4265982636148382,False,False,False
V1,f25,200,z_sensitivity,0.7357828220400628,0.20819112627986347,True,1,HOLDOUT_ALL,both,-0.29180887372013653,False,-0.2750591949486977,False,False,False
V1,f25,200,rf_F1_wf,0.8391720481550581,0.7235494880546075,True,1,HOLDOUT_ALL,both,0.13917204815505813,True,0.14322855876122131,True,False,False
V1,f25,200,logit_F1_wf,0.846549415135514,0.8088737201365188,True,1,HOLDOUT_ALL,both,0.146549415135514,True,0.14626566188538614,True,False,False
V2,f25,200,slope_neg,0.8905500951988885,0.88,True,5,"2012,2014,2016,2019,2024-09-20",both,0.19055009519888855,True,0.17171519572285654,True,False,False
V2,f25,200,relelev_neg,0.5581060388553929,0.05802047781569966,True,5,"2012,2014,2016,2019,2024-09-20",both,-0.44197952218430037,False,-0.49411764705882355,False,False,False
V2,f25,200,twi,0.8668037492074915,0.8,True,5,"2012,2014,2016,2019,2024-09-20",both,0.16680374920749153,True,0.14044673205215508,True,False,False
V2,f25,200,impervious,0.852443781196933,0.8,True,5,"2012,2014,2016,2019,2024-09-20",both,0.15244378119693303,True,0.10790262004482398,True,False,False
V2,f25,200,hand_neg,0.8896468411041999,0.9556313993174061,True,5,"2012,2014,2016,2019,2024-09-20",both,0.18964684110419994,True,0.16182569531866997,True,False,False
V2,f25,200,hand_acc_neg,0.9040698811300365,0.9453924914675768,True,5,"2012,2014,2016,2019,2024-09-20",both,0.20406988113003655,True,0.17741482162256816,True,False,False
V2,f25,200,L1,0.7954541244275203,0.56,True,5,"2012,2014,2016,2019,2024-09-20",both,0.06000000000000005,True,0.058252427184465994,True,False,False
V2,f25,200,z_sensitivity,0.8907096176606804,0.78,True,5,"2012,2014,2016,2019,2024-09-20",both,0.1907096176606804,True,0.1739552913099086,True,False,False
V2,f25,200,rf_F1_wf,0.869250672561216,0.8,True,5,"2012,2014,2016,2019,2024-09-20",both,0.16925067256121606,True,0.15457592039800994,True,False,False
V2,f25,200,logit_F1_wf,0.846549415135514,0.7441860465116279,True,5,"2012,2014,2016,2019,2024-09-20",both,0.146549415135514,True,0.14593061811622066,True,False,False
V1,f25,500,slope_neg,0.9521274146386389,0.9615384615384616,True,1,HOLDOUT_ALL,both,0.25212741463863897,True,0.22170328779698856,True,False,False
V1,f25,500,relelev_neg,0.4845163815531969,0.038461538461538464,True,1,HOLDOUT_ALL,both,-0.46153846153846156,False,-0.4297553275453828,False,False,False
V1,f25,500,twi,0.9602433633412382,1.0,True,1,HOLDOUT_ALL,both,0.2602433633412382,True,0.190591991647598,True,False,False
V1,f25,500,impervious,0.4559004673865494,0.019230769230769232,True,1,HOLDOUT_ALL,both,-0.4807692307692308,False,-0.43054459352801894,False,False,False
V1,f25,500,hand_neg,0.96916515092211,0.9615384615384616,True,1,HOLDOUT_ALL,both,0.26916515092211,True,0.22171461580213525,True,False,False
V1,f25,500,hand_acc_neg,0.9650150806990077,0.9615384615384616,True,1,HOLDOUT_ALL,both,0.2650150806990077,True,0.22052249231316612,True,False,False
V1,f25,500,L1,0.38338935832201315,0.0,True,1,HOLDOUT_ALL,both,-0.5,False,-0.4265982636148382,False,False,False
V1,f25,500,z_sensitivity,0.7546393295420533,0.23076923076923078,True,1,HOLDOUT_ALL,both,-0.2692307692307692,False,-0.2750591949486977,False,False,False
V1,f25,500,rf_F1_wf,0.8455091750512284,0.7307692307692307,True,1,HOLDOUT_ALL,both,0.1455091750512284,True,0.14322855876122131,True,False,False
V1,f25,500,logit_F1_wf,0.8551965095664588,0.8269230769230769,True,1,HOLDOUT_ALL,both,0.1551965095664588,True,0.14626566188538614,True,False,False
V2,f25,500,slope_neg,0.8659173814453317,0.75,True,3,"2012,2016,2024-09-20",both,0.16591738144533175,True,0.17171519572285654,True,False,False
V2,f25,500,relelev_neg,0.6013753327417923,0.038461538461538464,True,3,"2012,2016,2024-09-20",both,-0.46153846153846156,False,-0.49411764705882355,False,False,False
V2,f25,500,twi,0.9045420974889218,0.75,True,3,"2012,2016,2024-09-20",both,0.20454209748892183,True,0.14044673205215508,True,False,False
V2,f25,500,impervious,0.8785122744750075,0.8333333333333334,True,3,"2012,2016,2024-09-20",both,0.1785122744750075,True,0.10790262004482398,True,False,False
V2,f25,500,hand_neg,0.8799852289512555,0.9166666666666666,True,3,"2012,2016,2024-09-20",both,0.17998522895125557,True,0.16182569531866997,True,False,False
V2,f25,500,hand_acc_neg,0.8827516513851917,0.875,True,3,"2012,2016,2024-09-20",both,0.18275165138519178,True,0.17741482162256816,True,False,False
V2,f25,500,L1,0.7797249334516416,0.5833333333333334,True,3,"2012,2016,2024-09-20",both,0.07972493345164167,True,0.058252427184465994,True,False,False
V2,f25,500,z_sensitivity,0.8919451838706497,0.8333333333333334,True,3,"2012,2016,2024-09-20",both,0.19194518387064974,True,0.1739552913099086,True,False,False
V2,f25,500,rf_F1_wf,0.8470373656709062,0.75,True,3,"2012,2016,2024-09-20",both,0.1470373656709062,True,0.15457592039800994,True,False,False
V2,f25,500,logit_F1_wf,0.8551965095664588,0.8269230769230769,True,3,"2012,2016,2024-09-20",both,0.1551965095664588,True,0.14593061811622066,True,False,False
V1,f25,1000,slope_neg,0.9753930280246069,1.0,True,1,HOLDOUT_ALL,both,0.27539302802460697,True,0.22170328779698856,True,False,False
V1,f25,1000,relelev_neg,0.5132311297724832,0.0,True,1,HOLDOUT_ALL,both,-0.5,False,-0.4297553275453828,False,False,False
V1,f25,1000,twi,0.9821306513035837,1.0,True,1,HOLDOUT_ALL,both,0.2821306513035837,True,0.190591991647598,True,False,False
V1,f25,1000,impervious,0.5250952055463334,0.0,True,1,HOLDOUT_ALL,both,-0.5,False,-0.43054459352801894,False,False,False
V1,f25,1000,hand_neg,0.984083585587345,1.0,True,1,HOLDOUT_ALL,both,0.28408358558734503,True,0.22171461580213525,True,False,False
V1,f25,1000,hand_acc_neg,0.9782736060931551,1.0,True,1,HOLDOUT_ALL,both,0.2782736060931551,True,0.22052249231316612,True,False,False
V1,f25,1000,L1,0.3562152133580705,0.0,True,1,HOLDOUT_ALL,both,-0.5,False,-0.4265982636148382,False,False,False
V1,f25,1000,z_sensitivity,0.806561859193438,0.5454545454545454,True,1,HOLDOUT_ALL,both,0.045454545454545414,True,-0.2750591949486977,False,True,True
V1,f25,1000,rf_F1_wf,0.8628063665657651,0.8181818181818182,True,1,HOLDOUT_ALL,both,0.1628063665657652,True,0.14322855876122131,True,False,False
V1,f25,1000,logit_F1_wf,0.8774533736939752,1.0,True,1,HOLDOUT_ALL,both,0.1774533736939753,True,0.14626566188538614,True,False,False
V2,f25,1000,slope_neg,0.9753930280246069,1.0,True,1,2024-09-20,both,0.27539302802460697,True,0.17171519572285654,True,False,False
V2,f25,1000,relelev_neg,0.5132311297724832,0.0,True,1,2024-09-20,both,-0.5,False,-0.49411764705882355,False,False,False
V2,f25,1000,twi,0.9821306513035837,1.0,True,1,2024-09-20,both,0.2821306513035837,True,0.14044673205215508,True,False,False
V2,f25,1000,impervious,0.5250952055463334,0.0,True,1,2024-09-20,both,-0.5,False,0.10790262004482398,True,True,True
V2,f25,1000,hand_neg,0.984083585587345,1.0,True,1,2024-09-20,both,0.28408358558734503,True,0.16182569531866997,True,False,False
V2,f25,1000,hand_acc_neg,0.9782736060931551,1.0,True,1,2024-09-20,both,0.2782736060931551,True,0.17741482162256816,True,False,False
V2,f25,1000,L1,0.3562152133580705,0.0,True,1,2024-09-20,both,-0.5,False,0.058252427184465994,True,True,True
V2,f25,1000,z_sensitivity,0.806561859193438,0.5454545454545454,True,1,2024-09-20,both,0.045454545454545414,True,0.1739552913099086,True,False,False
V2,f25,1000,rf_F1_wf,0.8628063665657651,0.8181818181818182,True,1,2024-09-20,both,0.1628063665657652,True,0.15457592039800994,True,False,False
V2,f25,1000,logit_F1_wf,0.8774533736939752,1.0,True,1,2024-09-20,both,0.1774533736939753,True,0.14593061811622066,True,False,False
V1,f50,100,slope_neg,0.9398901745298395,0.9482758620689655,True,1,HOLDOUT_ALL,rule_only,0.23989017452983952,True,0.22170328779698856,True,False,False
V1,f50,100,relelev_neg,0.4403410643111413,0.04525862068965517,True,1,HOLDOUT_ALL,rule_only,-0.4547413793103448,False,-0.4297553275453828,False,False,False
V1,f50,100,twi,0.9051328681503996,0.927801724137931,True,1,HOLDOUT_ALL,rule_only,0.20513286815039966,True,0.190591991647598,True,False,False
V1,f50,100,impervious,0.39583802874535584,0.020474137931034482,True,1,HOLDOUT_ALL,rule_only,-0.4795258620689655,False,-0.43054459352801894,False,False,False
V1,f50,100,hand_neg,0.9293073090881643,0.9622844827586207,True,1,HOLDOUT_ALL,rule_only,0.22930730908816432,True,0.22171461580213525,True,False,False
V1,f50,100,hand_acc_neg,0.9318899810412431,0.9633620689655172,True,1,HOLDOUT_ALL,rule_only,0.23188998104124314,True,0.22052249231316612,True,False,False
V1,f50,100,L1,0.39393355081845155,0.03017241379310345,True,1,HOLDOUT_ALL,rule_only,-0.4698275862068966,False,-0.4265982636148382,False,False,False
V1,f50,100,z_sensitivity,0.7235564957762418,0.1627155172413793,True,1,HOLDOUT_ALL,rule_only,-0.33728448275862066,False,-0.2750591949486977,False,False,False
V1,f50,100,rf_F1_wf,0.8462119441558225,0.7984913793103449,True,1,HOLDOUT_ALL,rule_only,0.1462119441558225,True,0.14322855876122131,True,False,False
V1,f50,100,logit_F1_wf,0.848051851123866,0.8642241379310345,True,1,HOLDOUT_ALL,rule_only,0.1480518511238661,True,0.14626566188538614,True,False,False
V2,f50,100,slope_neg,0.9048320621168633,0.8819444444444444,True,5,"2012,2014,2016,2019,2024-09-20",rule_only,0.20483206211686333,True,0.17171519572285654,True,False,False
V2,f50,100,relelev_neg,0.5445083582352068,0.041666666666666664,True,5,"2012,2014,2016,2019,2024-09-20",rule_only,-0.4583333333333333,False,-0.49411764705882355,False,False,False
V2,f50,100,twi,0.8525904265292986,0.7430555555555556,True,5,"2012,2014,2016,2019,2024-09-20",rule_only,0.15259042652929866,True,0.14044673205215508,True,False,False
V2,f50,100,impervious,0.8015652406452642,0.6944444444444444,True,5,"2012,2014,2016,2019,2024-09-20",rule_only,0.10156524064526429,True,0.10790262004482398,True,False,False
V2,f50,100,hand_neg,0.8685103213761591,0.9396551724137931,True,5,"2012,2014,2016,2019,2024-09-20",rule_only,0.16851032137615918,True,0.16182569531866997,True,False,False
V2,f50,100,hand_acc_neg,0.8910957081310608,0.9310344827586207,True,5,"2012,2014,2016,2019,2024-09-20",rule_only,0.1910957081310608,True,0.17741482162256816,True,False,False
V2,f50,100,L1,0.7934065611601291,0.5694444444444444,True,5,"2012,2014,2016,2019,2024-09-20",rule_only,0.06944444444444442,True,0.058252427184465994,True,False,False
V2,f50,100,z_sensitivity,0.8850386052644013,0.7569444444444444,True,5,"2012,2014,2016,2019,2024-09-20",rule_only,0.1850386052644013,True,0.1739552913099086,True,False,False
V2,f50,100,rf_F1_wf,0.8933213907293808,0.8450704225352113,True,5,"2012,2014,2016,2019,2024-09-20",rule_only,0.19332139072938082,True,0.15457592039800994,True,False,False
V2,f50,100,logit_F1_wf,0.848051851123866,0.8591549295774648,True,5,"2012,2014,2016,2019,2024-09-20",rule_only,0.1480518511238661,True,0.14593061811622066,True,False,False
V1,f50,200,slope_neg,0.9523280618047788,0.9772727272727273,True,1,HOLDOUT_ALL,both,0.25232806180477885,True,0.22170328779698856,True,False,False
V1,f50,200,relelev_neg,0.43991259739585553,0.02727272727272727,True,1,HOLDOUT_ALL,both,-0.4727272727272727,False,-0.4297553275453828,False,False,False
V1,f50,200,twi,0.9360062625948002,0.9681818181818181,True,1,HOLDOUT_ALL,both,0.2360062625948003,True,0.190591991647598,True,False,False
V1,f50,200,impervious,0.3903476046872714,0.031818181818181815,True,1,HOLDOUT_ALL,both,-0.4681818181818182,False,-0.43054459352801894,False,False,False
V1,f50,200,hand_neg,0.9633848215844791,0.9772727272727273,True,1,HOLDOUT_ALL,both,0.2633848215844792,True,0.22171461580213525,True,False,False
V1,f50,200,hand_acc_neg,0.9603515689522543,0.9727272727272728,True,1,HOLDOUT_ALL,both,0.2603515689522543,True,0.22052249231316612,True,False,False
V1,f50,200,L1,0.36995393901639034,0.00909090909090909,True,1,HOLDOUT_ALL,both,-0.4909090909090909,False,-0.4265982636148382,False,False,False
V1,f50,200,z_sensitivity,0.7273177971900912,0.14545454545454545,True,1,HOLDOUT_ALL,both,-0.35454545454545455,False,-0.2750591949486977,False,False,False
V1,f50,200,rf_F1_wf,0.8424236525038582,0.7545454545454545,True,1,HOLDOUT_ALL,both,0.14242365250385824,True,0.14322855876122131,True,False,False
V1,f50,200,logit_F1_wf,0.8502404515486589,0.8727272727272727,True,1,HOLDOUT_ALL,both,0.15024045154865895,True,0.14626566188538614,True,False,False
V2,f50,200,slope_neg,0.9076972683884131,0.918918918918919,True,5,"2012,2014,2016,2019,2024-09-20",both,0.20769726838841318,True,0.17171519572285654,True,False,False
V2,f50,200,relelev_neg,0.5593420714469288,0.02702702702702703,True,5,"2012,2014,2016,2019,2024-09-20",both,-0.47297297297297297,False,-0.49411764705882355,False,False,False
V2,f50,200,twi,0.9201074235231098,0.8888888888888888,True,5,"2012,2014,2016,2019,2024-09-20",both,0.22010742352310986,True,0.14044673205215508,True,False,False
V2,f50,200,impervious,0.8425174634677874,0.7567567567567568,True,5,"2012,2014,2016,2019,2024-09-20",both,0.1425174634677875,True,0.10790262004482398,True,False,False
V2,f50,200,hand_neg,0.8904075318762145,0.9772727272727273,True,5,"2012,2014,2016,2019,2024-09-20",both,0.1904075318762145,True,0.16182569531866997,True,False,False
V2,f50,200,hand_acc_neg,0.9138263759970062,1.0,True,5,"2012,2014,2016,2019,2024-09-20",both,0.21382637599700627,True,0.17741482162256816,True,False,False
V2,f50,200,L1,0.804463364938527,0.5945945945945946,True,5,"2012,2014,2016,2019,2024-09-20",both,0.09459459459459463,True,0.058252427184465994,True,False,False
V2,f50,200,z_sensitivity,0.898791108294348,0.7857142857142857,True,5,"2012,2014,2016,2019,2024-09-20",both,0.1987911082943481,True,0.1739552913099086,True,False,False
V2,f50,200,rf_F1_wf,0.9205256708466941,0.8928571428571429,True,5,"2012,2014,2016,2019,2024-09-20",both,0.22052567084669417,True,0.15457592039800994,True,False,False
V2,f50,200,logit_F1_wf,0.850455263061277,0.8727272727272727,True,5,"2012,2014,2016,2019,2024-09-20",both,0.150455263061277,True,0.14593061811622066,True,False,False
V1,f50,500,slope_neg,0.9663329725829727,0.9696969696969697,True,1,HOLDOUT_ALL,both,0.2663329725829727,True,0.22170328779698856,True,False,False
V1,f50,500,relelev_neg,0.4614718614718615,0.030303030303030304,True,1,HOLDOUT_ALL,both,-0.4696969696969697,False,-0.4297553275453828,False,False,False
V1,f50,500,twi,0.9696789321789322,1.0,True,1,HOLDOUT_ALL,both,0.26967893217893224,True,0.190591991647598,True,False,False
V1,f50,500,impervious,0.4241522366522366,0.0,True,1,HOLDOUT_ALL,both,-0.5,False,-0.43054459352801894,False,False,False
V1,f50,500,hand_neg,0.9738501082251081,0.9696969696969697,True,1,HOLDOUT_ALL,both,0.27385010822510814,True,0.22171461580213525,True,False,False
V1,f50,500,hand_acc_neg,0.970887445887446,0.9696969696969697,True,1,HOLDOUT_ALL,both,0.27088744588744607,True,0.22052249231316612,True,False,False
V1,f50,500,L1,0.36149891774891774,0.0,True,1,HOLDOUT_ALL,both,-0.5,False,-0.4265982636148382,False,False,False
V1,f50,500,z_sensitivity,0.7633116883116884,0.30303030303030304,True,1,HOLDOUT_ALL,both,-0.19696969696969696,False,-0.2750591949486977,False,False,False
V1,f50,500,rf_F1_wf,0.8410714285714286,0.696969696969697,True,1,HOLDOUT_ALL,both,0.14107142857142863,True,0.14322855876122131,True,False,False
V1,f50,500,logit_F1_wf,0.8623466810966811,0.8787878787878788,True,1,HOLDOUT_ALL,both,0.16234668109668116,True,0.14626566188538614,True,False,False
V2,f50,500,slope_neg,0.9663329725829727,0.9696969696969697,True,1,2024-09-20,both,0.2663329725829727,True,0.17171519572285654,True,False,False
V2,f50,500,relelev_neg,0.4614718614718615,0.030303030303030304,True,1,2024-09-20,both,-0.4696969696969697,False,-0.49411764705882355,False,False,False
V2,f50,500,twi,0.9696789321789322,1.0,True,1,2024-09-20,both,0.26967893217893224,True,0.14044673205215508,True,False,False
V2,f50,500,impervious,0.4241522366522366,0.0,True,1,2024-09-20,both,-0.5,False,0.10790262004482398,True,True,True
V2,f50,500,hand_neg,0.9738501082251081,0.9696969696969697,True,1,2024-09-20,both,0.27385010822510814,True,0.16182569531866997,True,False,False
V2,f50,500,hand_acc_neg,0.970887445887446,0.9696969696969697,True,1,2024-09-20,both,0.27088744588744607,True,0.17741482162256816,True,False,False
V2,f50,500,L1,0.36149891774891774,0.0,True,1,2024-09-20,both,-0.5,False,0.058252427184465994,True,True,True
V2,f50,500,z_sensitivity,0.7633116883116884,0.30303030303030304,True,1,2024-09-20,both,-0.19696969696969696,False,0.1739552913099086,True,True,True
V2,f50,500,rf_F1_wf,0.8410714285714286,0.696969696969697,True,1,2024-09-20,both,0.14107142857142863,True,0.15457592039800994,True,False,False
V2,f50,500,logit_F1_wf,0.8623466810966811,0.8787878787878788,True,1,2024-09-20,both,0.16234668109668116,True,0.14593061811622066,True,False,False
V1,f50,1000,slope_neg,0.9776928953399542,1.0,True,1,HOLDOUT_ALL,both,0.2776928953399542,True,0.22170328779698856,True,False,False
V1,f50,1000,relelev_neg,0.5142857142857142,0.0,True,1,HOLDOUT_ALL,both,-0.5,False,-0.4297553275453828,False,False,False
V1,f50,1000,twi,0.9786860198624904,1.0,True,1,HOLDOUT_ALL,both,0.2786860198624904,True,0.190591991647598,True,False,False
V1,f50,1000,impervious,0.46302521008403363,0.0,True,1,HOLDOUT_ALL,both,-0.5,False,-0.43054459352801894,False,False,False
V1,f50,1000,hand_neg,0.9792207792207792,1.0,True,1,HOLDOUT_ALL,both,0.27922077922077926,True,0.22171461580213525,True,False,False
V1,f50,1000,hand_acc_neg,0.9725744843391902,1.0,True,1,HOLDOUT_ALL,both,0.2725744843391903,True,0.22052249231316612,True,False,False
V1,f50,1000,L1,0.3407181054239878,0.0,True,1,HOLDOUT_ALL,both,-0.5,False,-0.4265982636148382,False,False,False
V1,f50,1000,z_sensitivity,0.7889992360580597,0.42857142857142855,True,1,HOLDOUT_ALL,both,-0.07142857142857145,False,-0.2750591949486977,False,False,False
V1,f50,1000,rf_F1_wf,0.8475171886936594,0.8571428571428571,True,1,HOLDOUT_ALL,both,0.14751718869365948,True,0.14322855876122131,True,False,False
V1,f50,1000,logit_F1_wf,0.8637127578304049,1.0,True,1,HOLDOUT_ALL,both,0.16371275783040495,True,0.14626566188538614,True,False,False
V2,f50,1000,slope_neg,0.9776928953399542,1.0,True,1,2024-09-20,both,0.2776928953399542,True,0.17171519572285654,True,False,False
V2,f50,1000,relelev_neg,0.5142857142857142,0.0,True,1,2024-09-20,both,-0.5,False,-0.49411764705882355,False,False,False
V2,f50,1000,twi,0.9786860198624904,1.0,True,1,2024-09-20,both,0.2786860198624904,True,0.14044673205215508,True,False,False
V2,f50,1000,impervious,0.46302521008403363,0.0,True,1,2024-09-20,both,-0.5,False,0.10790262004482398,True,True,True
V2,f50,1000,hand_neg,0.9792207792207792,1.0,True,1,2024-09-20,both,0.27922077922077926,True,0.16182569531866997,True,False,False
V2,f50,1000,hand_acc_neg,0.9725744843391902,1.0,True,1,2024-09-20,both,0.2725744843391903,True,0.17741482162256816,True,False,False
V2,f50,1000,L1,0.3407181054239878,0.0,True,1,2024-09-20,both,-0.5,False,0.058252427184465994,True,True,True
V2,f50,1000,z_sensitivity,0.7889992360580597,0.42857142857142855,True,1,2024-09-20,both,-0.07142857142857145,False,0.1739552913099086,True,True,True
V2,f50,1000,rf_F1_wf,0.8475171886936594,0.8571428571428571,True,1,2024-09-20,both,0.14751718869365948,True,0.15457592039800994,True,False,False
V2,f50,1000,logit_F1_wf,0.8637127578304049,1.0,True,1,2024-09-20,both,0.16371275783040495,True,0.14593061811622066,True,False,False
V1,rep_point,100,slope_neg,0.8001465483916493,0.554945054945055,True,1,HOLDOUT_ALL,rule_only,0.05494505494505497,True,0.22170328779698856,True,False,False
V1,rep_point,100,relelev_neg,0.6206501161897476,0.24175824175824176,True,1,HOLDOUT_ALL,rule_only,-0.2582417582417582,False,-0.4297553275453828,False,False,False
V1,rep_point,100,twi,0.7989088273528167,0.5989010989010989,True,1,HOLDOUT_ALL,rule_only,0.09890109890109888,True,0.190591991647598,True,False,False
V1,rep_point,100,impervious,0.5962756897971874,0.34615384615384615,True,1,HOLDOUT_ALL,rule_only,-0.15384615384615385,False,-0.43054459352801894,False,False,False
V1,rep_point,100,hand_neg,0.8302785617424401,0.6263736263736264,True,1,HOLDOUT_ALL,rule_only,0.12637362637362637,True,0.22171461580213525,True,False,False
V1,rep_point,100,hand_acc_neg,0.8375986035023765,0.6538461538461539,True,1,HOLDOUT_ALL,rule_only,0.13759860350237652,True,0.22052249231316612,True,False,False
V1,rep_point,100,L1,0.6938007152251083,0.41208791208791207,True,1,HOLDOUT_ALL,rule_only,-0.08791208791208793,False,-0.4265982636148382,False,False,False
V1,rep_point,100,z_sensitivity,0.7947716220603029,0.5054945054945055,True,1,HOLDOUT_ALL,rule_only,0.005494505494505475,True,-0.2750591949486977,False,True,False
V1,rep_point,100,rf_F1_wf,0.8232645535219387,0.6043956043956044,True,1,HOLDOUT_ALL,rule_only,0.10439560439560436,True,0.14322855876122131,True,False,False
V1,rep_point,100,logit_F1_wf,0.8158763582132988,0.6263736263736264,True,1,HOLDOUT_ALL,rule_only,0.11587635821329889,True,0.14626566188538614,True,False,False
V2,rep_point,100,slope_neg,0.7977849703678375,0.5474945533769062,True,8,"2012,2014,2016,2019,2022-09-06,2024-07-24,2024-09-20,2025",rule_only,0.04749455337690622,True,0.17171519572285654,True,False,False
V2,rep_point,100,relelev_neg,0.600047748524438,0.0,True,8,"2012,2014,2016,2019,2022-09-06,2024-07-24,2024-09-20,2025",rule_only,-0.5,False,-0.49411764705882355,False,False,False
V2,rep_point,100,twi,0.7992965684022939,0.6058823529411765,True,8,"2012,2014,2016,2019,2022-09-06,2024-07-24,2024-09-20,2025",rule_only,0.09929656840229395,True,0.14044673205215508,True,False,False
V2,rep_point,100,impervious,0.8215912922541834,0.5962962962962963,True,8,"2012,2014,2016,2019,2022-09-06,2024-07-24,2024-09-20,2025",rule_only,0.09629629629629632,True,0.10790262004482398,True,False,False
V2,rep_point,100,hand_neg,0.83467102523782,0.7407407407407407,True,8,"2012,2014,2016,2019,2022-09-06,2024-07-24,2024-09-20,2025",rule_only,0.13467102523782004,True,0.16182569531866997,True,False,False
V2,rep_point,100,hand_acc_neg,0.840913810857516,0.6686274509803921,True,8,"2012,2014,2016,2019,2022-09-06,2024-07-24,2024-09-20,2025",rule_only,0.1409138108575161,True,0.17741482162256816,True,False,False
V2,rep_point,100,L1,0.8073823521862871,0.6318879855465221,True,8,"2012,2014,2016,2019,2022-09-06,2024-07-24,2024-09-20,2025",rule_only,0.10738235218628711,True,0.058252427184465994,True,False,False
V2,rep_point,100,z_sensitivity,0.8379930549854987,0.6314363143631436,True,8,"2012,2014,2016,2019,2022-09-06,2024-07-24,2024-09-20,2025",rule_only,0.13143631436314362,True,0.1739552913099086,True,False,False
V2,rep_point,100,rf_F1_wf,0.8301407400153209,0.6029411764705882,True,8,"2012,2014,2016,2019,2022-09-06,2024-07-24,2024-09-20,2025",rule_only,0.1029411764705882,True,0.15457592039800994,True,False,False
V2,rep_point,100,logit_F1_wf,0.8245496181684302,0.6147058823529412,True,8,"2012,2014,2016,2019,2022-09-06,2024-07-24,2024-09-20,2025",rule_only,0.11470588235294121,True,0.14593061811622066,True,False,False
V1,rep_point,200,slope_neg,0.7914189223540906,0.5688622754491018,True,1,HOLDOUT_ALL,both,0.06886227544910184,True,0.22170328779698856,True,False,False
V1,rep_point,200,relelev_neg,0.6147601256381419,0.2275449101796407,True,1,HOLDOUT_ALL,both,-0.27245508982035926,False,-0.4297553275453828,False,False,False
V1,rep_point,200,twi,0.8076958011911567,0.5988023952095808,True,1,HOLDOUT_ALL,both,0.09880239520958078,True,0.190591991647598,True,False,False
V1,rep_point,200,impervious,0.6297787010365271,0.3592814371257485,True,1,HOLDOUT_ALL,both,-0.1407185628742515,False,-0.43054459352801894,False,False,False
V1,rep_point,200,hand_neg,0.8285222886180424,0.5988023952095808,True,1,HOLDOUT_ALL,both,0.09880239520958078,True,0.22171461580213525,True,False,False
V1,rep_point,200,hand_acc_neg,0.8245226259016448,0.5868263473053892,True,1,HOLDOUT_ALL,both,0.08682634730538918,True,0.22052249231316612,True,False,False
V1,rep_point,200,L1,0.6762697425608505,0.3473053892215569,True,1,HOLDOUT_ALL,both,-0.1526946107784431,False,-0.4265982636148382,False,False,False
V1,rep_point,200,z_sensitivity,0.7876229318129117,0.46706586826347307,True,1,HOLDOUT_ALL,both,-0.03293413173652693,False,-0.2750591949486977,False,False,False
V1,rep_point,200,rf_F1_wf,0.816788973306235,0.6167664670658682,True,1,HOLDOUT_ALL,both,0.11676646706586824,True,0.14322855876122131,True,False,False
V1,rep_point,200,logit_F1_wf,0.8112284439197811,0.6287425149700598,True,1,HOLDOUT_ALL,both,0.11122844391978115,True,0.14626566188538614,True,False,False
V2,rep_point,200,slope_neg,0.7824784708404561,0.5550284629981025,True,8,"2012,2014,2016,2019,2022-09-06,2024-07-24,2024-09-20,2025",both,0.05502846299810249,True,0.17171519572285654,True,False,False
V2,rep_point,200,relelev_neg,0.609237044951777,0.0,True,8,"2012,2014,2016,2019,2022-09-06,2024-07-24,2024-09-20,2025",both,-0.5,False,-0.49411764705882355,False,False,False
V2,rep_point,200,twi,0.8039590554712753,0.6332068311195447,True,8,"2012,2014,2016,2019,2022-09-06,2024-07-24,2024-09-20,2025",both,0.10395905547127537,True,0.14044673205215508,True,False,False
V2,rep_point,200,impervious,0.8481340876243474,0.7793478260869565,True,8,"2012,2014,2016,2019,2022-09-06,2024-07-24,2024-09-20,2025",both,0.14813408762434743,True,0.10790262004482398,True,False,False
V2,rep_point,200,hand_neg,0.8369255845525101,0.7519181585677749,True,8,"2012,2014,2016,2019,2022-09-06,2024-07-24,2024-09-20,2025",both,0.13692558455251014,True,0.16182569531866997,True,False,False
V2,rep_point,200,hand_acc_neg,0.8350290490865298,0.70076726342711,True,8,"2012,2014,2016,2019,2022-09-06,2024-07-24,2024-09-20,2025",both,0.1350290490865298,True,0.17741482162256816,True,False,False
V2,rep_point,200,L1,0.8042554661110631,0.5255754475703325,True,8,"2012,2014,2016,2019,2022-09-06,2024-07-24,2024-09-20,2025",both,0.025575447570332477,True,0.058252427184465994,True,False,False
V2,rep_point,200,z_sensitivity,0.8374067249853667,0.8,True,8,"2012,2014,2016,2019,2022-09-06,2024-07-24,2024-09-20,2025",both,0.13740672498536677,True,0.1739552913099086,True,False,False
V2,rep_point,200,rf_F1_wf,0.8405021235483086,0.6846774193548387,True,8,"2012,2014,2016,2019,2022-09-06,2024-07-24,2024-09-20,2025",both,0.1405021235483086,True,0.15457592039800994,True,False,False
V2,rep_point,200,logit_F1_wf,0.8243267887401433,0.6217267552182164,True,8,"2012,2014,2016,2019,2022-09-06,2024-07-24,2024-09-20,2025",both,0.12172675521821641,True,0.14593061811622066,True,False,False
V1,rep_point,500,slope_neg,0.7846295979632164,0.5658914728682171,True,1,HOLDOUT_ALL,both,0.06589147286821706,True,0.22170328779698856,True,False,False
V1,rep_point,500,relelev_neg,0.6038887938896489,0.15503875968992248,True,1,HOLDOUT_ALL,both,-0.3449612403100775,False,-0.4297553275453828,False,False,False
V1,rep_point,500,twi,0.8059723647210822,0.5503875968992248,True,1,HOLDOUT_ALL,both,0.050387596899224785,True,0.190591991647598,True,False,False
V1,rep_point,500,impervious,0.6712895671834624,0.37209302325581395,True,1,HOLDOUT_ALL,both,-0.12790697674418605,False,-0.43054459352801894,False,False,False
V1,rep_point,500,hand_neg,0.8022103948168414,0.5503875968992248,True,1,HOLDOUT_ALL,both,0.050387596899224785,True,0.22171461580213525,True,False,False
V1,rep_point,500,hand_acc_neg,0.798064865481076,0.5581395348837209,True,1,HOLDOUT_ALL,both,0.05813953488372092,True,0.22052249231316612,True,False,False
V1,rep_point,500,L1,0.6419193646450829,0.3178294573643411,True,1,HOLDOUT_ALL,both,-0.1821705426356589,False,-0.4265982636148382,False,False,False
V1,rep_point,500,z_sensitivity,0.7792740158078736,0.4186046511627907,True,1,HOLDOUT_ALL,both,-0.08139534883720928,False,-0.2750591949486977,False,False,False
V1,rep_point,500,rf_F1_wf,0.8045295637634898,0.5581395348837209,True,1,HOLDOUT_ALL,both,0.05813953488372092,True,0.14322855876122131,True,False,False
V1,rep_point,500,logit_F1_wf,0.8038218194254445,0.5581395348837209,True,1,HOLDOUT_ALL,both,0.05813953488372092,True,0.14626566188538614,True,False,False
V2,rep_point,500,slope_neg,0.7703659976387249,0.5113247863247863,True,8,"2012,2014,2016,2019,2022-09-06,2024-07-24,2024-09-20,2025",both,0.011324786324786285,True,0.17171519572285654,True,False,False
V2,rep_point,500,relelev_neg,0.6262721762741617,0.07894736842105263,True,8,"2012,2014,2016,2019,2022-09-06,2024-07-24,2024-09-20,2025",both,-0.42105263157894735,False,-0.49411764705882355,False,False,False
V2,rep_point,500,twi,0.7862153850207463,0.48830409356725146,True,8,"2012,2014,2016,2019,2022-09-06,2024-07-24,2024-09-20,2025",both,-0.011695906432748537,False,0.14044673205215508,True,True,False
V2,rep_point,500,impervious,0.8348551263106843,0.7368421052631579,True,8,"2012,2014,2016,2019,2022-09-06,2024-07-24,2024-09-20,2025",both,0.1348551263106843,True,0.10790262004482398,True,False,False
V2,rep_point,500,hand_neg,0.7679662984510301,0.5777777777777777,True,8,"2012,2014,2016,2019,2022-09-06,2024-07-24,2024-09-20,2025",both,0.0679662984510302,True,0.16182569531866997,True,False,False
V2,rep_point,500,hand_acc_neg,0.7710153482880756,0.5777777777777777,True,8,"2012,2014,2016,2019,2022-09-06,2024-07-24,2024-09-20,2025",both,0.07101534828807565,True,0.17741482162256816,True,False,False
V2,rep_point,500,L1,0.7500656679477342,0.4342105263157895,True,8,"2012,2014,2016,2019,2022-09-06,2024-07-24,2024-09-20,2025",both,-0.06578947368421051,False,0.058252427184465994,True,True,True
V2,rep_point,500,z_sensitivity,0.8116202316401762,0.575,True,8,"2012,2014,2016,2019,2022-09-06,2024-07-24,2024-09-20,2025",both,0.07499999999999996,True,0.1739552913099086,True,False,False
V2,rep_point,500,rf_F1_wf,0.8446518948335515,0.6333333333333333,True,8,"2012,2014,2016,2019,2022-09-06,2024-07-24,2024-09-20,2025",both,0.1333333333333333,True,0.15457592039800994,True,False,False
V2,rep_point,500,logit_F1_wf,0.8407615112160567,0.6211538461538462,True,8,"2012,2014,2016,2019,2022-09-06,2024-07-24,2024-09-20,2025",both,0.12115384615384617,True,0.14593061811622066,True,False,False
V1,rep_point,1000,slope_neg,0.759020967495085,0.504950495049505,True,1,HOLDOUT_ALL,both,0.004950495049504955,True,0.22170328779698856,True,False,False
V1,rep_point,1000,relelev_neg,0.6016058205107074,0.13861386138613863,True,1,HOLDOUT_ALL,both,-0.3613861386138614,False,-0.4297553275453828,False,False,False
V1,rep_point,1000,twi,0.7778870039203681,0.4752475247524752,True,1,HOLDOUT_ALL,both,-0.024752475247524774,False,0.190591991647598,True,True,True
V1,rep_point,1000,impervious,0.7304305341354587,0.3465346534653465,True,1,HOLDOUT_ALL,both,-0.1534653465346535,False,-0.43054459352801894,False,False,False
V1,rep_point,1000,hand_neg,0.7702876114008546,0.504950495049505,True,1,HOLDOUT_ALL,both,0.004950495049504955,True,0.22171461580213525,True,False,False
V1,rep_point,1000,hand_acc_neg,0.7642128065363016,0.5047524752475248,True,1,HOLDOUT_ALL,both,0.004752475247524757,True,0.22052249231316612,True,False,False
V1,rep_point,1000,L1,0.6380428768203812,0.2612871287128713,True,1,HOLDOUT_ALL,both,-0.2387128712871287,False,-0.4265982636148382,False,False,False
V1,rep_point,1000,z_sensitivity,0.7801532828669312,0.4129950495049505,True,1,HOLDOUT_ALL,both,-0.08700495049504953,False,-0.2750591949486977,False,False,False
V1,rep_point,1000,rf_F1_wf,0.7879704736228678,0.4752475247524752,True,1,HOLDOUT_ALL,both,-0.024752475247524774,False,0.14322855876122131,True,True,True
V1,rep_point,1000,logit_F1_wf,0.7886768462815364,0.49504950495049505,True,1,HOLDOUT_ALL,both,-0.004950495049504955,False,0.14626566188538614,True,True,False
V2,rep_point,1000,slope_neg,0.7200838186556391,0.45,True,6,"2012,2014,2016,2022-09-06,2024-09-20,2025",both,-0.04999999999999999,False,0.17171519572285654,True,True,True
V2,rep_point,1000,relelev_neg,0.6202576647398235,0.13392857142857142,True,6,"2012,2014,2016,2022-09-06,2024-09-20,2025",both,-0.3660714285714286,False,-0.49411764705882355,False,False,False
V2,rep_point,1000,twi,0.7433058333597776,0.4531746031746032,True,6,"2012,2014,2016,2022-09-06,2024-09-20,2025",both,-0.046825396825396826,False,0.14044673205215508,True,True,True
V2,rep_point,1000,impervious,0.7759802729818632,0.3845238095238095,True,6,"2012,2014,2016,2022-09-06,2024-09-20,2025",both,-0.11547619047619051,False,0.10790262004482398,True,True,True
V2,rep_point,1000,hand_neg,0.733742782364686,0.46984126984126984,True,6,"2012,2014,2016,2022-09-06,2024-09-20,2025",both,-0.030158730158730163,False,0.16182569531866997,True,True,True
V2,rep_point,1000,hand_acc_neg,0.7303734082335649,0.4697301587301588,True,6,"2012,2014,2016,2022-09-06,2024-09-20,2025",both,-0.030269841269841224,False,0.17741482162256816,True,True,True
V2,rep_point,1000,L1,0.7297063537454189,0.4476190476190476,True,6,"2012,2014,2016,2022-09-06,2024-09-20,2025",both,-0.05238095238095242,False,0.058252427184465994,True,True,True
V2,rep_point,1000,z_sensitivity,0.7764066093225259,0.40713293650793647,True,6,"2012,2014,2016,2022-09-06,2024-09-20,2025",both,-0.09286706349206353,False,0.1739552913099086,True,True,True
V2,rep_point,1000,rf_F1_wf,0.7921936944008809,0.5333333333333333,True,6,"2012,2014,2016,2022-09-06,2024-09-20,2025",both,0.033333333333333326,True,0.15457592039800994,True,False,False
V2,rep_point,1000,logit_F1_wf,0.7845497915354891,0.5333333333333333,True,6,"2012,2014,2016,2022-09-06,2024-09-20,2025",both,0.033333333333333326,True,0.14593061811622066,True,False,False
V1,soft,100,slope_neg,0.9349196185870615,0.9354348742873728,True,1,HOLDOUT_ALL,rule_only,0.23491961858706156,True,0.22170328779698856,True,False,False
V1,soft,100,relelev_neg,0.44544613329700694,0.04918760418812708,True,1,HOLDOUT_ALL,rule_only,-0.45081239581187293,False,-0.4297553275453828,False,False,False
V1,soft,100,twi,0.9004360143143701,0.9133800618668313,True,1,HOLDOUT_ALL,rule_only,0.2004360143143702,True,0.190591991647598,True,False,False
V1,soft,100,impervious,0.40277154769163453,0.036084315550873124,True,1,HOLDOUT_ALL,rule_only,-0.4639156844491269,False,-0.43054459352801894,False,False,False
V1,soft,100,hand_neg,0.9276241600385936,0.9556786587273117,True,1,HOLDOUT_ALL,rule_only,0.22762416003859365,True,0.22171461580213525,True,False,False
V1,soft,100,hand_acc_neg,0.9290102338621308,0.9523211264748037,True,1,HOLDOUT_ALL,rule_only,0.22901023386213082,True,0.22052249231316612,True,False,False
V1,soft,100,L1,0.4026310542693382,0.04369337212916226,True,1,HOLDOUT_ALL,rule_only,-0.45630662787083776,False,-0.4265982636148382,False,False,False
V1,soft,100,z_sensitivity,0.7253993033245068,0.1767542804707394,True,1,HOLDOUT_ALL,rule_only,-0.3232457195292606,False,-0.2750591949486977,False,False,False
V1,soft,100,rf_F1_wf,0.844526648575848,0.7899040580484346,True,1,HOLDOUT_ALL,rule_only,0.14452664857584807,True,0.14322855876122131,True,False,False
V1,soft,100,logit_F1_wf,0.8468441118052294,0.8568743762426637,True,1,HOLDOUT_ALL,rule_only,0.1468441118052295,True,0.14626566188538614,True,False,False
V2,soft,100,slope_neg,0.8899032457181498,0.8500201086219888,True,9,"2012,2014,2016,2019,2022-09-06,2023-08-10,2024-07-24,2024-09-20,2025",rule_only,0.18990324571814987,True,0.17171519572285654,True,False,False
V2,soft,100,relelev_neg,0.54433178669154,0.0015490644254040702,True,9,"2012,2014,2016,2019,2022-09-06,2023-08-10,2024-07-24,2024-09-20,2025",rule_only,-0.4984509355745959,False,-0.49411764705882355,False,False,False
V2,soft,100,twi,0.8456566833348573,0.7277849391273268,True,9,"2012,2014,2016,2019,2022-09-06,2023-08-10,2024-07-24,2024-09-20,2025",rule_only,0.14565668333485737,True,0.14044673205215508,True,False,False
V2,soft,100,impervious,0.8816008781872646,0.820901586189739,True,9,"2012,2014,2016,2019,2022-09-06,2023-08-10,2024-07-24,2024-09-20,2025",rule_only,0.18160087818726467,True,0.10790262004482398,True,False,False
V2,soft,100,hand_neg,0.8628442043306311,0.9156242495187286,True,9,"2012,2014,2016,2019,2022-09-06,2023-08-10,2024-07-24,2024-09-20,2025",rule_only,0.16284420433063118,True,0.16182569531866997,True,False,False
V2,soft,100,hand_acc_neg,0.8801712987800407,0.9129635087598282,True,9,"2012,2014,2016,2019,2022-09-06,2023-08-10,2024-07-24,2024-09-20,2025",rule_only,0.1801712987800408,True,0.17741482162256816,True,False,False
V2,soft,100,L1,0.7935255305952551,0.5626993314258003,True,9,"2012,2014,2016,2019,2022-09-06,2023-08-10,2024-07-24,2024-09-20,2025",rule_only,0.06269933142580031,True,0.058252427184465994,True,False,False
V2,soft,100,z_sensitivity,0.8385685867286817,0.7067901676272799,True,9,"2012,2014,2016,2019,2022-09-06,2023-08-10,2024-07-24,2024-09-20,2025",rule_only,0.13856858672868178,True,0.1739552913099086,True,False,False
V2,soft,100,rf_F1_wf,0.8458138688635615,0.7898521852315266,True,9,"2012,2014,2016,2019,2022-09-06,2023-08-10,2024-07-24,2024-09-20,2025",rule_only,0.1458138688635615,True,0.15457592039800994,True,False,False
V2,soft,100,logit_F1_wf,0.8463125543723905,0.7981732601976866,True,9,"2012,2014,2016,2019,2022-09-06,2023-08-10,2024-07-24,2024-09-20,2025",rule_only,0.14631255437239055,True,0.14593061811622066,True,False,False
V1,soft,200,slope_neg,0.938338869765938,0.9402450925767799,True,1,HOLDOUT_ALL,both,0.2383388697659381,True,0.22170328779698856,True,False,False
V1,soft,200,relelev_neg,0.45263112720301385,0.04686795923175155,True,1,HOLDOUT_ALL,both,-0.4531320407682484,False,-0.4297553275453828,False,False,False
V1,soft,200,twi,0.9246328562263894,0.9377679680728694,True,1,HOLDOUT_ALL,both,0.2246328562263894,True,0.190591991647598,True,False,False
V1,soft,200,impervious,0.40845356912072145,0.04804406185618165,True,1,HOLDOUT_ALL,both,-0.45195593814381835,False,-0.43054459352801894,False,False,False
V1,soft,200,hand_neg,0.9543991626460221,0.9558680178372286,True,1,HOLDOUT_ALL,both,0.25439916264602214,True,0.22171461580213525,True,False,False
V1,soft,200,hand_acc_neg,0.949738799636168,0.9449393403243275,True,1,HOLDOUT_ALL,both,0.24973879963616807,True,0.22052249231316612,True,False,False
V1,soft,200,L1,0.39776397100932953,0.035969054025929724,True,1,HOLDOUT_ALL,both,-0.4640309459740703,False,-0.4265982636148382,False,False,False
V1,soft,200,z_sensitivity,0.733194094073439,0.18399267220834226,True,1,HOLDOUT_ALL,both,-0.31600732779165774,False,-0.2750591949486977,False,False,False
V1,soft,200,rf_F1_wf,0.839205355696182,0.7319673743136262,True,1,HOLDOUT_ALL,both,0.1392053556961821,True,0.14322855876122131,True,False,False
V1,soft,200,logit_F1_wf,0.8466751092676614,0.8405101579074054,True,1,HOLDOUT_ALL,both,0.14667510926766147,True,0.14626566188538614,True,False,False
V2,soft,200,slope_neg,0.8847686654380915,0.854105328974555,True,9,"2012,2014,2016,2019,2022-09-06,2023-08-10,2024-07-24,2024-09-20,2025",both,0.18476866543809156,True,0.17171519572285654,True,False,False
V2,soft,200,relelev_neg,0.5543313117562435,0.0,True,9,"2012,2014,2016,2019,2022-09-06,2023-08-10,2024-07-24,2024-09-20,2025",both,-0.5,False,-0.49411764705882355,False,False,False
V2,soft,200,twi,0.8646252354017908,0.768635360561913,True,9,"2012,2014,2016,2019,2022-09-06,2023-08-10,2024-07-24,2024-09-20,2025",both,0.16462523540179086,True,0.14044673205215508,True,False,False
V2,soft,200,impervious,0.8847399892413506,0.9354393584218568,True,9,"2012,2014,2016,2019,2022-09-06,2023-08-10,2024-07-24,2024-09-20,2025",both,0.1847399892413506,True,0.10790262004482398,True,False,False
V2,soft,200,hand_neg,0.886146804436332,0.9070901947076676,True,9,"2012,2014,2016,2019,2022-09-06,2023-08-10,2024-07-24,2024-09-20,2025",both,0.18614680443633203,True,0.16182569531866997,True,False,False
V2,soft,200,hand_acc_neg,0.8901080455424999,0.9085521864496627,True,9,"2012,2014,2016,2019,2022-09-06,2023-08-10,2024-07-24,2024-09-20,2025",both,0.19010804554249994,True,0.17741482162256816,True,False,False
V2,soft,200,L1,0.7990094615480213,0.5553147132331195,True,9,"2012,2014,2016,2019,2022-09-06,2023-08-10,2024-07-24,2024-09-20,2025",both,0.05531471323311954,True,0.058252427184465994,True,False,False
V2,soft,200,z_sensitivity,0.8428412648227572,0.7567104141714777,True,9,"2012,2014,2016,2019,2022-09-06,2023-08-10,2024-07-24,2024-09-20,2025",both,0.14284126482275727,True,0.1739552913099086,True,False,False
V2,soft,200,rf_F1_wf,0.874475448604943,0.8273679232781955,True,9,"2012,2014,2016,2019,2022-09-06,2023-08-10,2024-07-24,2024-09-20,2025",both,0.17447544860494302,True,0.15457592039800994,True,False,False
V2,soft,200,logit_F1_wf,0.8496880017747019,0.7817334330674295,True,9,"2012,2014,2016,2019,2022-09-06,2023-08-10,2024-07-24,2024-09-20,2025",both,0.14968800177470198,True,0.14593061811622066,True,False,False
V1,soft,500,slope_neg,0.9379178240633199,0.9245858488068337,True,1,HOLDOUT_ALL,both,0.23791782406331996,True,0.22170328779698856,True,False,False
V1,soft,500,relelev_neg,0.4811955442025115,0.04056571494837197,True,1,HOLDOUT_ALL,both,-0.45943428505162803,False,-0.4297553275453828,False,False,False
V1,soft,500,twi,0.9438992665815471,0.9388907095663361,True,1,HOLDOUT_ALL,both,0.24389926658154715,True,0.190591991647598,True,False,False
V1,soft,500,impervious,0.46170440091510095,0.03055214646474708,True,1,HOLDOUT_ALL,both,-0.4694478535352529,False,-0.43054459352801894,False,False,False
V1,soft,500,hand_neg,0.9529885889269856,0.9282069355335972,True,1,HOLDOUT_ALL,both,0.2529885889269856,True,0.22171461580213525,True,False,False
V1,soft,500,hand_acc_neg,0.9479919658029626,0.9304662216106345,True,1,HOLDOUT_ALL,both,0.24799196580296268,True,0.22052249231316612,True,False,False
V1,soft,500,L1,0.39091717881572463,0.019004304558791898,True,1,HOLDOUT_ALL,both,-0.4809956954412081,False,-0.4265982636148382,False,False,False
V1,soft,500,z_sensitivity,0.7527776107161932,0.23967080357001644,True,1,HOLDOUT_ALL,both,-0.26032919642998353,False,-0.2750591949486977,False,False,False
V1,soft,500,rf_F1_wf,0.8347338459966793,0.6792431435857101,True,1,HOLDOUT_ALL,both,0.13473384599667937,True,0.14322855876122131,True,False,False
V1,soft,500,logit_F1_wf,0.8469906495911949,0.8026556564812173,True,1,HOLDOUT_ALL,both,0.1469906495911949,True,0.14626566188538614,True,False,False
V2,soft,500,slope_neg,0.8414934840029807,0.7509404499485257,True,9,"2012,2014,2016,2019,2022-09-06,2023-08-10,2024-07-24,2024-09-20,2025",both,0.14149348400298078,True,0.17171519572285654,True,False,False
V2,soft,500,relelev_neg,0.5990100342103086,0.040368867988375426,True,9,"2012,2014,2016,2019,2022-09-06,2023-08-10,2024-07-24,2024-09-20,2025",both,-0.4596311320116246,False,-0.49411764705882355,False,False,False
V2,soft,500,twi,0.8486530736921458,0.7018957857002541,True,9,"2012,2014,2016,2019,2022-09-06,2023-08-10,2024-07-24,2024-09-20,2025",both,0.14865307369214587,True,0.14044673205215508,True,False,False
V2,soft,500,impervious,0.8829816834984908,0.8032057926304572,True,9,"2012,2014,2016,2019,2022-09-06,2023-08-10,2024-07-24,2024-09-20,2025",both,0.18298168349849087,True,0.10790262004482398,True,False,False
V2,soft,500,hand_neg,0.8590960056233921,0.8711916366532294,True,9,"2012,2014,2016,2019,2022-09-06,2023-08-10,2024-07-24,2024-09-20,2025",both,0.1590960056233921,True,0.16182569531866997,True,False,False
V2,soft,500,hand_acc_neg,0.8652336672401788,0.8595489013471347,True,9,"2012,2014,2016,2019,2022-09-06,2023-08-10,2024-07-24,2024-09-20,2025",both,0.16523366724017885,True,0.17741482162256816,True,False,False
V2,soft,500,L1,0.7916737557872314,0.5324655361091013,True,9,"2012,2014,2016,2019,2022-09-06,2023-08-10,2024-07-24,2024-09-20,2025",both,0.0324655361091013,True,0.058252427184465994,True,False,False
V2,soft,500,z_sensitivity,0.8354954190960041,0.513152585048496,True,9,"2012,2014,2016,2019,2022-09-06,2023-08-10,2024-07-24,2024-09-20,2025",both,0.013152585048496035,True,0.1739552913099086,True,False,False
V2,soft,500,rf_F1_wf,0.85201011904569,0.8177707507537845,True,9,"2012,2014,2016,2019,2022-09-06,2023-08-10,2024-07-24,2024-09-20,2025",both,0.15201011904569006,True,0.15457592039800994,True,False,False
V2,soft,500,logit_F1_wf,0.8470212466790173,0.7862724060850742,True,9,"2012,2014,2016,2019,2022-09-06,2023-08-10,2024-07-24,2024-09-20,2025",both,0.1470212466790174,True,0.14593061811622066,True,False,False
V1,soft,1000,slope_neg,0.9276080279511179,0.9114247099945593,True,1,HOLDOUT_ALL,both,0.2276080279511179,True,0.22170328779698856,True,False,False
V1,soft,1000,relelev_neg,0.5308098591360291,0.03214674913008695,True,1,HOLDOUT_ALL,both,-0.46785325086991303,False,-0.4297553275453828,False,False,False
V1,soft,1000,twi,0.9397830415140556,0.9194741858219603,True,1,HOLDOUT_ALL,both,0.2397830415140556,True,0.190591991647598,True,False,False
V1,soft,1000,impervious,0.5312484196086066,0.041524841823473595,True,1,HOLDOUT_ALL,both,-0.4584751581765264,False,-0.43054459352801894,False,False,False
V1,soft,1000,hand_neg,0.9415607256132109,0.9295451664013845,True,1,HOLDOUT_ALL,both,0.24156072561321096,True,0.22171461580213525,True,False,False
V1,soft,1000,hand_acc_neg,0.9342130135163955,0.9159920998797396,True,1,HOLDOUT_ALL,both,0.23421301351639556,True,0.22052249231316612,True,False,False
V1,soft,1000,L1,0.3833626916256011,0.010280255126942752,True,1,HOLDOUT_ALL,both,-0.48971974487305725,False,-0.4265982636148382,False,False,False
V1,soft,1000,z_sensitivity,0.7794491485031826,0.4138071410792944,True,1,HOLDOUT_ALL,both,-0.0861928589207056,False,-0.2750591949486977,False,False,False
V1,soft,1000,rf_F1_wf,0.8371359024976683,0.7266839388677993,True,1,HOLDOUT_ALL,both,0.13713590249766838,True,0.14322855876122131,True,False,False
V1,soft,1000,logit_F1_wf,0.8456077436966127,0.8492458213053411,True,1,HOLDOUT_ALL,both,0.14560774369661278,True,0.14626566188538614,True,False,False
V2,soft,1000,slope_neg,0.8124546304702438,0.7417475988029174,True,9,"2012,2014,2016,2019,2022-09-06,2023-08-10,2024-07-24,2024-09-20,2025",both,0.11245463047024384,True,0.17171519572285654,True,False,False
V2,soft,1000,relelev_neg,0.6893004717822189,0.1096920624315199,True,9,"2012,2014,2016,2019,2022-09-06,2023-08-10,2024-07-24,2024-09-20,2025",both,-0.3903079375684801,False,-0.49411764705882355,False,False,False
V2,soft,1000,twi,0.8464511948861597,0.8336860685658773,True,9,"2012,2014,2016,2019,2022-09-06,2023-08-10,2024-07-24,2024-09-20,2025",both,0.14645119488615976,True,0.14044673205215508,True,False,False
V2,soft,1000,impervious,0.8984230924448692,0.7664640901998355,True,9,"2012,2014,2016,2019,2022-09-06,2023-08-10,2024-07-24,2024-09-20,2025",both,0.19842309244486922,True,0.10790262004482398,True,False,False
V2,soft,1000,hand_neg,0.8076904995171228,0.7417475988029173,True,9,"2012,2014,2016,2019,2022-09-06,2023-08-10,2024-07-24,2024-09-20,2025",both,0.10769049951712284,True,0.16182569531866997,True,False,False
V2,soft,1000,hand_acc_neg,0.8177274294959587,0.8549066905950582,True,9,"2012,2014,2016,2019,2022-09-06,2023-08-10,2024-07-24,2024-09-20,2025",both,0.11772742949595871,True,0.17741482162256816,True,False,False
V2,soft,1000,L1,0.7941948699506987,0.5636243492970264,True,9,"2012,2014,2016,2019,2022-09-06,2023-08-10,2024-07-24,2024-09-20,2025",both,0.06362434929702643,True,0.058252427184465994,True,False,False
V2,soft,1000,z_sensitivity,0.8344486267185025,0.6545207963190751,True,9,"2012,2014,2016,2019,2022-09-06,2023-08-10,2024-07-24,2024-09-20,2025",both,0.13444862671850255,True,0.1739552913099086,True,False,False
V2,soft,1000,rf_F1_wf,0.8462613897595784,0.7892159343452375,True,9,"2012,2014,2016,2019,2022-09-06,2023-08-10,2024-07-24,2024-09-20,2025",both,0.14626138975957848,True,0.15457592039800994,True,False,False
V2,soft,1000,logit_F1_wf,0.837488175900326,0.8180326694162803,True,9,"2012,2014,2016,2019,2022-09-06,2023-08-10,2024-07-24,2024-09-20,2025",both,0.13748817590032603,True,0.14593061811622066,True,False,False
