score,unit,stratum,storm,metric,polygon_subset,value_new,value_ref,ci_lo_new,ci_lo_ref,ci_hi_new,ci_hi_ref,n_units_new,n_units_ref,n_polygons_new,n_polygons_ref,score_role_new,score_role_ref,post_hoc_design_new,post_hoc_design_ref,confirmatory_new,confirmatory_ref,_merge
L1,area,ALL,2022-09-06,capture_0.05,all,0.2107840656547624,0.2107840656553545,,,,,6,6,196,196,pre_registered,pre_registered,False,False,True,True,both
L1,area,ALL,2022-09-06,capture_0.05,no_landuse_attr,0.2107840656547624,0.2107840656553545,,,,,6,6,20,20,pre_registered,pre_registered,False,False,True,True,both
L1,area,ALL,2022-09-06,capture_0.1,all,0.3789501582665788,0.3789501582676434,,,,,6,6,196,196,pre_registered,pre_registered,False,False,True,True,both
L1,area,ALL,2022-09-06,capture_0.1,no_landuse_attr,0.3789501582665788,0.3789501582676434,,,,,6,6,20,20,pre_registered,pre_registered,False,False,True,True,both
L1,area,ALL,2022-09-06,observed-label_auc,all,0.8851352541804492,0.8851352541806348,0.8403688295825859,0.8403688295827056,0.967444074862112,0.967444074862112,5,5,196,196,pre_registered,pre_registered,False,False,True,True,both
L1,area,ALL,2022-09-06,observed-label_auc,no_landuse_attr,0.8851352541804492,0.8851352541806348,0.8403688295825859,0.8403688295827056,0.967444074862112,0.967444074862112,5,5,20,20,pre_registered,pre_registered,False,False,True,True,both
L1,area,ALL,2022-09-06,observed-label_auc_diff,all,0.1058916985015194,0.1058916985007507,-0.0729414154417793,-0.0729414154417793,0.3034930215171105,0.3034930215166023,5,5,196,196,pre_registered,pre_registered,False,False,True,True,both
L1,area,ALL,2022-09-06,observed-label_auc_diff,no_landuse_attr,0.1058916985015194,0.1058916985007507,-0.0729414154417793,-0.0729414154417793,0.3034930215171105,0.3034930215166023,5,5,20,20,pre_registered,pre_registered,False,False,True,True,both
L1,area,ALL,2023-08-10,capture_0.05,all,0.7151003730340003,0.7151003730338714,,,,,42,42,196,196,pre_registered,pre_registered,False,False,True,True,both
L1,area,ALL,2023-08-10,capture_0.05,no_landuse_attr,0.7151003730340003,0.7151003730338714,,,,,42,42,20,20,pre_registered,pre_registered,False,False,True,True,both
L1,area,ALL,2023-08-10,capture_0.1,all,0.7570898243195276,0.7570898243194021,,,,,42,42,196,196,pre_registered,pre_registered,False,False,True,True,both
L1,area,ALL,2023-08-10,capture_0.1,no_landuse_attr,0.7570898243195276,0.7570898243194021,,,,,42,42,20,20,pre_registered,pre_registered,False,False,True,True,both
L1,area,ALL,2023-08-10,capture_0.2,all,0.7570898243195276,0.7570898243194021,,,,,42,42,196,196,pre_registered,pre_registered,False,False,True,True,both
L1,area,ALL,2023-08-10,capture_0.2,no_landuse_attr,0.7570898243195276,0.7570898243194021,,,,,42,42,20,20,pre_registered,pre_registered,False,False,True,True,both
L1,area,ALL,2023-08-10,capture_0.3,all,0.7570898243195276,0.7570898243194021,,,,,42,42,196,196,pre_registered,pre_registered,False,False,True,True,both
L1,area,ALL,2023-08-10,capture_0.3,no_landuse_attr,0.7570898243195276,0.7570898243194021,,,,,42,42,20,20,pre_registered,pre_registered,False,False,True,True,both
L1,area,ALL,2023-08-10,capture_0.5,all,0.8221976719599187,0.8221976719597175,,,,,42,42,196,196,pre_registered,pre_registered,False,False,True,True,both
L1,area,ALL,2023-08-10,capture_0.5,no_landuse_attr,0.8221976719599187,0.8221976719597175,,,,,42,42,20,20,pre_registered,pre_registered,False,False,True,True,both
L1,area,ALL,2023-08-10,observed-label_auc,all,0.8465580715080024,0.8465580715079035,0.4693146873183666,0.469314687318223,0.9798388788593764,0.979838878859376,3,3,196,196,pre_registered,pre_registered,False,False,True,True,both
L1,area,ALL,2023-08-10,observed-label_auc,no_landuse_attr,0.8465580715080024,0.8465580715079035,0.4693146873183666,0.469314687318223,0.9798388788593764,0.979838878859376,3,3,20,20,pre_registered,pre_registered,False,False,True,True,both
L1,area,ALL,2023-08-10,observed-label_auc_diff,all,0.0055121649544477,0.0055121649544173,-0.0221908580663753,-0.0221908580663842,0.0297714197351282,0.0297714197349846,3,3,196,196,pre_registered,pre_registered,False,False,True,True,both
L1,area,ALL,2023-08-10,observed-label_auc_diff,no_landuse_attr,0.0055121649544477,0.0055121649544173,-0.0221908580663753,-0.0221908580663842,0.0297714197351282,0.0297714197349846,3,3,20,20,pre_registered,pre_registered,False,False,True,True,both
L1,area,ALL,2024-07-24,capture_0.2,all,0.1779130560900791,0.1779130560898513,,,,,23,23,196,196,pre_registered,pre_registered,False,False,True,True,both
L1,area,ALL,2024-07-24,capture_0.2,no_landuse_attr,0.1779130560900791,0.1779130560898513,,,,,23,23,20,20,pre_registered,pre_registered,False,False,True,True,both
L1,area,ALL,2024-07-24,capture_0.3,all,0.3157149219373088,0.3157149219370275,,,,,23,23,196,196,pre_registered,pre_registered,False,False,True,True,both
L1,area,ALL,2024-07-24,capture_0.3,no_landuse_attr,0.3157149219373088,0.3157149219370275,,,,,23,23,20,20,pre_registered,pre_registered,False,False,True,True,both
L1,area,ALL,2024-07-24,capture_0.5,all,0.8593770867393031,0.859377086739296,,,,,23,23,196,196,pre_registered,pre_registered,False,False,True,True,both
L1,area,ALL,2024-07-24,capture_0.5,no_landuse_attr,0.8593770867393031,0.859377086739296,,,,,23,23,20,20,pre_registered,pre_registered,False,False,True,True,both
L1,area,ALL,2024-07-24,observed-label_auc,all,0.6338848768805184,0.6338848768804336,0.5133560714019402,0.5133560714019588,0.7814609400697899,0.7814609400697381,5,5,196,196,pre_registered,pre_registered,False,False,True,True,both
L1,area,ALL,2024-07-24,observed-label_auc,no_landuse_attr,0.6338848768805184,0.6338848768804336,0.5133560714019402,0.5133560714019588,0.7814609400697899,0.7814609400697381,5,5,20,20,pre_registered,pre_registered,False,False,True,True,both
L1,area,ALL,2024-07-24,observed-label_auc_diff,all,-0.1009042515877839,-0.1009042515877505,-0.1283536743505127,-0.1283536743505049,-0.0295915035288753,-0.0295915035288228,5,5,196,196,pre_registered,pre_registered,False,False,True,True,both
L1,area,ALL,2024-07-24,observed-label_auc_diff,no_landuse_attr,-0.1009042515877839,-0.1009042515877505,-0.1283536743505127,-0.1283536743505049,-0.0295915035288753,-0.0295915035288228,5,5,20,20,pre_registered,pre_registered,False,False,True,True,both
L1,area,ALL,2024-09-20,capture_0.05,all,0.0050219216343966,0.0050219216343971,,,,,1612,1612,196,196,pre_registered,pre_registered,False,False,True,True,both
L1,area,ALL,2024-09-20,capture_0.05,no_landuse_attr,0.6348406985521002,0.6348406985520182,,,,,34,34,20,20,pre_registered,pre_registered,False,False,True,True,both
L1,area,ALL,2024-09-20,capture_0.05,urban,0.6415428652072791,0.6415428652074251,,,,,72,72,57,57,pre_registered,pre_registered,False,False,True,True,both
L1,area,ALL,2024-09-20,capture_0.1,all,0.0077923784874142,0.0077923784874147,,,,,1612,1612,196,196,pre_registered,pre_registered,False,False,True,True,both
L1,area,ALL,2024-09-20,capture_0.1,no_landuse_attr,0.8389662106746502,0.8389662106745198,,,,,34,34,20,20,pre_registered,pre_registered,False,False,True,True,both
L1,area,ALL,2024-09-20,capture_0.1,urban,0.7171237572838169,0.7171237572840118,,,,,72,72,57,57,pre_registered,pre_registered,False,False,True,True,both
L1,area,ALL,2024-09-20,capture_0.2,agricultural,0.0354245834777039,0.0354245834777029,,,,,1506,1506,119,119,pre_registered,pre_registered,False,False,True,True,both
L1,area,ALL,2024-09-20,capture_0.2,all,0.0418674124784714,0.0418674124784709,,,,,1612,1612,196,196,pre_registered,pre_registered,False,False,True,True,both
L1,area,ALL,2024-09-20,capture_0.2,no_landuse_attr,0.8466059661061686,0.846605966106037,,,,,34,34,20,20,pre_registered,pre_registered,False,False,True,True,both
L1,area,ALL,2024-09-20,capture_0.2,urban,0.8657314392435159,0.8657314392436495,,,,,72,72,57,57,pre_registered,pre_registered,False,False,True,True,both
L1,area,ALL,2024-09-20,capture_0.3,agricultural,0.0756832840784549,0.075683284078456,,,,,1506,1506,119,119,pre_registered,pre_registered,False,False,True,True,both
L1,area,ALL,2024-09-20,capture_0.3,all,0.0822070828831723,0.0822070828831736,,,,,1612,1612,196,196,pre_registered,pre_registered,False,False,True,True,both
L1,area,ALL,2024-09-20,capture_0.3,no_landuse_attr,0.8891033482759337,0.8891033482757946,,,,,34,34,20,20,pre_registered,pre_registered,False,False,True,True,both
L1,area,ALL,2024-09-20,capture_0.3,urban,0.9339891792137656,0.9339891792137712,,,,,72,72,57,57,pre_registered,pre_registered,False,False,True,True,both
L1,area,ALL,2024-09-20,capture_0.5,agricultural,0.2358339848569782,0.2358339848569894,,,,,1506,1506,119,119,pre_registered,pre_registered,False,False,True,True,both
L1,area,ALL,2024-09-20,capture_0.5,all,0.2417577184011217,0.2417577184011335,,,,,1612,1612,196,196,pre_registered,pre_registered,False,False,True,True,both
L1,area,ALL,2024-09-20,capture_0.5,urban,0.959175626645464,0.9591756266454672,,,,,72,72,57,57,pre_registered,pre_registered,False,False,True,True,both
L1,area,ALL,2024-09-20,observed-label_auc,agricultural,0.4013355268066065,0.4013355268066089,0.3612745278767751,0.3612745278767761,0.4587507564551046,0.4587507564551125,119,119,119,119,pre_registered,pre_registered,False,False,True,True,both
L1,area,ALL,2024-09-20,observed-label_auc,all,0.4053604469234841,0.4053604469234872,0.3642233928386459,0.3642233928386443,0.463650078699147,0.463650078699149,183,183,196,196,pre_registered,pre_registered,False,False,True,True,both
L1,area,ALL,2024-09-20,observed-label_auc,no_landuse_attr,0.9108984250347943,0.9108984250347586,0.6423928122525637,0.6423928122525863,0.9502366676529878,0.950236667652988,7,7,20,20,pre_registered,pre_registered,False,False,True,True,both
L1,area,ALL,2024-09-20,observed-label_auc,urban,0.9138416010556408,0.9138416010556772,0.8547484528044388,0.8547484528044559,0.9548316525551396,0.954831652555158,57,57,57,57,pre_registered,pre_registered,False,False,True,True,both
L1,area,ALL,2024-09-20,observed-label_auc_diff,agricultural,-0.0403819471595471,-0.0403819471595446,-0.0811894457295917,-0.0811894457295912,0.0175843055257182,0.0175843055257286,119,119,119,119,pre_registered,pre_registered,False,False,True,True,both
L1,area,ALL,2024-09-20,observed-label_auc_diff,all,-0.0399718826625862,-0.0399718826625837,-0.0804216710898494,-0.0804216710898485,0.0164071218723698,0.0164071218723742,183,183,196,196,pre_registered,pre_registered,False,False,True,True,both
L1,area,ALL,2024-09-20,observed-label_auc_diff,no_landuse_attr,0.0174853681412238,0.0174853681412587,-0.0149529545373698,-0.0149529545373573,0.2657986287209631,0.2657986287209223,7,7,20,20,pre_registered,pre_registered,False,False,True,True,both
L1,area,ALL,2024-09-20,observed-label_auc_diff,urban,-0.0013082514705491,-0.0013082514706456,-0.0508078462998228,-0.0508078462998621,0.0467601082525318,0.0467601082524042,57,57,57,57,pre_registered,pre_registered,False,False,True,True,both
L1,area,ALL,ALL,capture_0.05,all,0.0085335837277741,0.0085335837277737,,,,,1674,1674,196,196,pre_registered,pre_registered,False,False,True,True,both
L1,area,ALL,ALL,capture_0.05,no_landuse_attr,0.6293227104665182,0.6293227104664305,,,,,96,96,20,20,pre_registered,pre_registered,False,False,True,True,both
L1,area,ALL,ALL,capture_0.05,urban,0.6415428652072791,0.6415428652074251,,,,,72,72,57,57,pre_registered,pre_registered,False,False,True,True,both
L1,area,ALL,ALL,capture_0.1,all,0.0115063251458461,0.0115063251458456,,,,,1674,1674,196,196,pre_registered,pre_registered,False,False,True,True,both
L1,area,ALL,ALL,capture_0.1,no_landuse_attr,0.7485283225332046,0.7485283225331073,,,,,96,96,20,20,pre_registered,pre_registered,False,False,True,True,both
L1,area,ALL,ALL,capture_0.1,urban,0.7171237572838169,0.7171237572840118,,,,,72,72,57,57,pre_registered,pre_registered,False,False,True,True,both
L1,area,ALL,ALL,capture_0.2,agricultural,0.0354245834777039,0.0354245834777029,,,,,1506,1506,119,119,pre_registered,pre_registered,False,False,True,True,both
L1,area,ALL,ALL,capture_0.2,all,0.0455487521911029,0.0455487521911011,,,,,1674,1674,196,196,pre_registered,pre_registered,False,False,True,True,both
L1,area,ALL,ALL,capture_0.2,no_landuse_attr,0.7667703812745162,0.7667703812743876,,,,,96,96,20,20,pre_registered,pre_registered,False,False,True,True,both
L1,area,ALL,ALL,capture_0.2,urban,0.8657314392435159,0.8657314392436495,,,,,72,72,57,57,pre_registered,pre_registered,False,False,True,True,both
L1,area,ALL,ALL,capture_0.3,agricultural,0.0756832840784549,0.075683284078456,,,,,1506,1506,119,119,pre_registered,pre_registered,False,False,True,True,both
L1,area,ALL,ALL,capture_0.3,all,0.0857527755044288,0.0857527755044287,,,,,1674,1674,196,196,pre_registered,pre_registered,False,False,True,True,both
L1,area,ALL,ALL,capture_0.3,no_landuse_attr,0.7959066212754091,0.7959066212752758,,,,,96,96,20,20,pre_registered,pre_registered,False,False,True,True,both
L1,area,ALL,ALL,capture_0.3,urban,0.9339891792137656,0.9339891792137712,,,,,72,72,57,57,pre_registered,pre_registered,False,False,True,True,both
L1,area,ALL,ALL,capture_0.5,agricultural,0.2358339848569782,0.2358339848569894,,,,,1506,1506,119,119,pre_registered,pre_registered,False,False,True,True,both
L1,area,ALL,ALL,capture_0.5,all,0.2450870494776497,0.24508704947766,,,,,1674,1674,196,196,pre_registered,pre_registered,False,False,True,True,both
L1,area,ALL,ALL,capture_0.5,no_landuse_attr,0.9120974220500948,0.9120974220500144,,,,,96,96,20,20,pre_registered,pre_registered,False,False,True,True,both
L1,area,ALL,ALL,capture_0.5,urban,0.959175626645464,0.9591756266454672,,,,,72,72,57,57,pre_registered,pre_registered,False,False,True,True,both
L1,area,ALL,ALL,observed-label_auc,agricultural,0.4013355268066065,0.4013355268066089,0.3612745278767751,0.3612745278767761,0.4587507564551046,0.4587507564551125,119,119,119,119,pre_registered,pre_registered,False,False,True,True,both
L1,area,ALL,ALL,observed-label_auc,all,0.4077218965061787,0.407721896506181,0.3658719542025126,0.3658719542025109,0.4668466572914074,0.4668466572914153,196,196,196,196,pre_registered,pre_registered,False,False,True,True,both
L1,area,ALL,ALL,observed-label_auc,no_landuse_attr,0.865156906330556,0.8651569063304954,0.6665388462920621,0.6665388462919741,0.94140270056415,0.9414027005641458,20,20,20,20,pre_registered,pre_registered,False,False,True,True,both
L1,area,ALL,ALL,observed-label_auc,urban,0.9138416010556408,0.9138416010556772,0.8547484528044388,0.8547484528044559,0.9548316525551396,0.954831652555158,57,57,57,57,pre_registered,pre_registered,False,False,True,True,both
L1,area,ALL,ALL,observed-label_auc_diff,agricultural,-0.0403819471595471,-0.0403819471595446,-0.0811894457295917,-0.0811894457295912,0.0175843055257182,0.0175843055257286,119,119,119,119,pre_registered,pre_registered,False,False,True,True,both
L1,area,ALL,ALL,observed-label_auc_diff,all,-0.0397793032555256,-0.0397793032555232,-0.0800185442132491,-0.0800185442132477,0.0173547761943447,0.017354776194349,196,196,196,196,pre_registered,pre_registered,False,False,True,True,both
L1,area,ALL,ALL,observed-label_auc_diff,no_landuse_attr,0.0054371395678898,0.0054371395678906,-0.0152818279015734,-0.0152818279015641,0.0554327781146478,0.0554327781146684,20,20,20,20,pre_registered,pre_registered,False,False,True,True,both
L1,area,ALL,ALL,observed-label_auc_diff,urban,-0.0013082514705491,-0.0013082514706456,-0.0508078462998228,-0.0508078462998621,0.0467601082525318,0.0467601082524042,57,57,57,57,pre_registered,pre_registered,False,False,True,True,both
L1,area,ALL,MACRO,capture_0.05,all,0.2327265900807898,0.2327265900809058,0.0025109608171983,0.0025109608171985,0.5890212961891909,0.5890212961892423,4,4,196,196,pre_registered,pre_registered,False,False,True,True,both
L1,area,ALL,MACRO,capture_0.05,no_landuse_attr,0.3901812843102157,0.390181284310311,0.1053920328273812,0.1053920328276772,0.6749705357930502,0.6749705357929447,4,4,20,20,pre_registered,pre_registered,False,False,True,True,both
L1,area,ALL,MACRO,capture_0.05,urban,0.6415428652072791,0.6415428652074251,0.6415428652072791,0.6415428652074251,0.6415428652072791,0.6415428652074251,1,1,57,57,pre_registered,pre_registered,False,False,True,True,both
L1,area,ALL,MACRO,capture_0.1,all,0.2859580902683801,0.2859580902686151,0.0038961892437071,0.0038961892437073,0.5697654628614993,0.5697654628614053,4,4,196,196,pre_registered,pre_registered,False,False,True,True,both
L1,area,ALL,MACRO,capture_0.1,no_landuse_attr,0.4937515483151891,0.4937515483153913,0.1892724560798819,0.1892724560798505,0.7980280174970888,0.798028017496961,4,4,20,20,pre_registered,pre_registered,False,False,True,True,both
L1,area,ALL,MACRO,capture_0.1,urban,0.7171237572838169,0.7171237572840118,0.7171237572838169,0.7171237572840118,0.7171237572838169,0.7171237572840118,1,1,57,57,pre_registered,pre_registered,False,False,True,True,both
L1,area,ALL,MACRO,capture_0.2,agricultural,0.0354245834777039,0.0354245834777029,0.0354245834777039,0.0354245834777029,0.0354245834777039,0.0354245834777029,1,1,119,119,pre_registered,pre_registered,False,False,True,True,both
L1,area,ALL,MACRO,capture_0.2,all,0.4942175732220196,0.494217573221931,0.1098902342842753,0.1098902342841611,0.8785449121597639,0.8785449121597011,4,4,196,196,pre_registered,pre_registered,False,False,True,True,both
L1,area,ALL,MACRO,capture_0.2,no_landuse_attr,0.6954022116289438,0.6954022116288227,0.3450862835941015,0.3450862835938977,0.939272456079882,0.9392724560798504,4,4,20,20,pre_registered,pre_registered,False,False,True,True,both
L1,area,ALL,MACRO,capture_0.2,urban,0.8657314392435159,0.8657314392436495,0.8657314392435159,0.8657314392436495,0.8657314392435159,0.8657314392436495,1,1,57,57,pre_registered,pre_registered,False,False,True,True,both
L1,area,ALL,MACRO,capture_0.3,agricultural,0.0756832840784549,0.075683284078456,0.0756832840784549,0.075683284078456,0.0756832840784549,0.075683284078456,1,1,119,119,pre_registered,pre_registered,False,False,True,True,both
L1,area,ALL,MACRO,capture_0.3,all,0.5387529572850023,0.5387529572849008,0.1989610024102406,0.1989610024101006,0.8785449121597639,0.8785449121597011,4,4,196,196,pre_registered,pre_registered,False,False,True,True,both
L1,area,ALL,MACRO,capture_0.3,no_landuse_attr,0.7404770236331926,0.7404770236330561,0.459062028521965,0.4590620285217193,0.9445516741379668,0.9445516741378972,4,4,20,20,pre_registered,pre_registered,False,False,True,True,both
L1,area,ALL,MACRO,capture_0.3,urban,0.9339891792137656,0.9339891792137712,0.9339891792137656,0.9339891792137712,0.9339891792137656,0.9339891792137712,1,1,57,57,pre_registered,pre_registered,False,False,True,True,both
L1,area,ALL,MACRO,capture_0.5,agricultural,0.2358339848569782,0.2358339848569894,0.2358339848569782,0.2358339848569894,0.2358339848569782,0.2358339848569894,1,1,119,119,pre_registered,pre_registered,False,False,True,True,both
L1,area,ALL,MACRO,capture_0.5,all,0.7308331192750859,0.7308331192750368,0.396162560485667,0.3961625604856741,0.9555494179899796,0.9555494179899292,4,4,196,196,pre_registered,pre_registered,False,False,True,True,both
L1,area,ALL,MACRO,capture_0.5,no_landuse_attr,0.9203456338302842,0.9203456338302324,0.8407873793496109,0.8407873793495066,0.9999038883109576,0.9999038883109576,4,4,20,20,pre_registered,pre_registered,False,False,True,True,both
L1,area,ALL,MACRO,capture_0.5,urban,0.959175626645464,0.9591756266454672,0.959175626645464,0.9591756266454672,0.959175626645464,0.9591756266454672,1,1,57,57,pre_registered,pre_registered,False,False,True,True,both
L1,area,ALL,MACRO,observed-label_auc,agricultural,0.4013355268066065,0.4013355268066089,0.4013355268066065,0.4013355268066089,0.4013355268066065,0.4013355268066089,1,1,119,119,pre_registered,pre_registered,False,False,True,True,both
L1,area,ALL,MACRO,observed-label_auc,all,0.6927346623731135,0.6927346623731148,0.5156598530696137,0.5156598530695913,0.8658466628442258,0.8658466628442691,4,4,196,196,pre_registered,pre_registered,False,False,True,True,both
L1,area,ALL,MACRO,observed-label_auc,no_landuse_attr,0.8191191569009412,0.8191191569009326,0.6966974712055012,0.696697471205484,0.8980168396076218,0.8980168396076966,4,4,20,20,pre_registered,pre_registered,False,False,True,True,both
L1,area,ALL,MACRO,observed-label_auc,urban,0.9138416010556408,0.9138416010556772,0.9138416010556408,0.9138416010556772,0.9138416010556408,0.9138416010556772,1,1,57,57,pre_registered,pre_registered,False,False,True,True,both
L1,area,ALL,MACRO,observed-label_auc_diff,agricultural,-0.0403819471595471,-0.0403819471595446,-0.0403819471595471,-0.0403819471595446,-0.0403819471595471,-0.0403819471595446,1,1,119,119,pre_registered,pre_registered,False,False,True,True,both
L1,area,ALL,MACRO,observed-label_auc_diff,all,-0.0073680676986007,-0.0073680676987915,-0.074300147452226,-0.0743001474522085,0.069425803210493,0.0694258032099171,4,4,196,196,pre_registered,pre_registered,False,False,True,True,both
L1,area,ALL,MACRO,observed-label_auc_diff,no_landuse_attr,0.0069962450023517,0.006996245002169,-0.071306846655532,-0.0713068466554981,0.0807968151147515,0.0807968151141673,4,4,20,20,pre_registered,pre_registered,False,False,True,True,both
L1,area,ALL,MACRO,observed-label_auc_diff,urban,-0.0013082514705491,-0.0013082514706456,-0.0013082514705491,-0.0013082514706456,-0.0013082514705491,-0.0013082514706456,1,1,57,57,pre_registered,pre_registered,False,False,True,True,both
L1,object,ALL,2022-09-06,observed-label_auc,all,0.9153128672505148,0.9153128672505148,0.8543256563064826,0.8543256563064825,0.9686510493057174,0.9686510493057174,5,5,196,196,pre_registered,pre_registered,False,False,True,True,both
L1,object,ALL,2022-09-06,observed-label_auc,no_landuse_attr,0.9153128672505148,0.9153128672505148,0.8543256563064826,0.8543256563064825,0.9686510493057174,0.9686510493057174,5,5,20,20,pre_registered,pre_registered,False,False,True,True,both
L1,object,ALL,2023-08-10,capture_0.05,all,0.6343111519606709,0.6343111519606556,,,,,3,3,196,196,pre_registered,pre_registered,False,False,True,True,both
L1,object,ALL,2023-08-10,capture_0.05,no_landuse_attr,0.6343111519606709,0.6343111519606556,,,,,3,3,20,20,pre_registered,pre_registered,False,False,True,True,both
L1,object,ALL,2023-08-10,capture_0.5,all,0.7560108689806869,0.7560108689805372,,,,,3,3,196,196,pre_registered,pre_registered,False,False,True,True,both
L1,object,ALL,2023-08-10,capture_0.5,no_landuse_attr,0.7560108689806869,0.7560108689805372,,,,,3,3,20,20,pre_registered,pre_registered,False,False,True,True,both
L1,object,ALL,2023-08-10,observed-label_auc,all,0.8025215799183868,0.8025215799183364,0.4693146873183666,0.469314687318223,0.9798388788593764,0.979838878859376,3,3,196,196,pre_registered,pre_registered,False,False,True,True,both
L1,object,ALL,2023-08-10,observed-label_auc,no_landuse_attr,0.8025215799183868,0.8025215799183364,0.4693146873183666,0.469314687318223,0.9798388788593764,0.979838878859376,3,3,20,20,pre_registered,pre_registered,False,False,True,True,both
L1,object,ALL,2023-08-10,observed-label_auc_diff,all,0.0106210102194636,0.0106210102194128,-0.0221908580663752,-0.0221908580663842,0.0297714197351281,0.0297714197349845,3,3,196,196,pre_registered,pre_registered,False,False,True,True,both
L1,object,ALL,2023-08-10,observed-label_auc_diff,no_landuse_attr,0.0106210102194636,0.0106210102194128,-0.0221908580663752,-0.0221908580663842,0.0297714197351281,0.0297714197349845,3,3,20,20,pre_registered,pre_registered,False,False,True,True,both
L1,object,ALL,2024-07-24,capture_0.2,all,0.2418930547322621,0.2418930547320212,,,,,5,5,196,196,pre_registered,pre_registered,False,False,True,True,both
L1,object,ALL,2024-07-24,capture_0.2,no_landuse_attr,0.2418930547322621,0.2418930547320212,,,,,5,5,20,20,pre_registered,pre_registered,False,False,True,True,both
L1,object,ALL,2024-07-24,capture_0.3,all,0.4087547509083965,0.4087547509083963,,,,,5,5,196,196,pre_registered,pre_registered,False,False,True,True,both
L1,object,ALL,2024-07-24,capture_0.3,no_landuse_attr,0.4087547509083965,0.4087547509083963,,,,,5,5,20,20,pre_registered,pre_registered,False,False,True,True,both
L1,object,ALL,2024-07-24,capture_0.5,all,0.6820576169641387,0.6820576169644569,,,,,5,5,196,196,pre_registered,pre_registered,False,False,True,True,both
L1,object,ALL,2024-07-24,capture_0.5,no_landuse_attr,0.6820576169641387,0.6820576169644569,,,,,5,5,20,20,pre_registered,pre_registered,False,False,True,True,both
L1,object,ALL,2024-07-24,observed-label_auc,all,0.6187226728235721,0.6187226728236329,0.4590111090707623,0.4590111090709296,0.7784342365763818,0.778434236576336,5,5,196,196,pre_registered,pre_registered,False,False,True,True,both
L1,object,ALL,2024-07-24,observed-label_auc,no_landuse_attr,0.6187226728235721,0.6187226728236329,0.4590111090707623,0.4590111090709296,0.7784342365763818,0.778434236576336,5,5,20,20,pre_registered,pre_registered,False,False,True,True,both
L1,object,ALL,2024-07-24,observed-label_auc_diff,all,-0.0696926075627399,-0.0696926075626824,-0.1200287504614455,-0.1200287504614143,-0.0100818979232132,-0.0100818979232147,5,5,196,196,pre_registered,pre_registered,False,False,True,True,both
L1,object,ALL,2024-07-24,observed-label_auc_diff,no_landuse_attr,-0.0696926075627399,-0.0696926075626824,-0.1200287504614455,-0.1200287504614143,-0.0100818979232132,-0.0100818979232147,5,5,20,20,pre_registered,pre_registered,False,False,True,True,both
L1,object,ALL,2024-09-20,capture_0.05,all,0.1790397489217548,0.1790397489217549,,,,,183,183,196,196,pre_registered,pre_registered,False,False,True,True,both
L1,object,ALL,2024-09-20,capture_0.05,no_landuse_attr,0.1081410211069428,0.1081410211069456,,,,,7,7,20,20,pre_registered,pre_registered,False,False,True,True,both
L1,object,ALL,2024-09-20,capture_0.2,agricultural,0.2247145086508363,0.224714508650841,,,,,119,119,119,119,pre_registered,pre_registered,False,False,True,True,both
L1,object,ALL,2024-09-20,capture_0.2,all,0.4249470478889774,0.4249470478889804,,,,,183,183,196,196,pre_registered,pre_registered,False,False,True,True,both
L1,object,ALL,2024-09-20,capture_0.3,agricultural,0.3788155232370936,0.3788155232370946,,,,,119,119,119,119,pre_registered,pre_registered,False,False,True,True,both
L1,object,ALL,2024-09-20,capture_0.3,all,0.5576397914998238,0.5576397914998245,,,,,183,183,196,196,pre_registered,pre_registered,False,False,True,True,both
L1,object,ALL,2024-09-20,capture_0.5,agricultural,0.6949278103341323,0.6949278103341331,,,,,119,119,119,119,pre_registered,pre_registered,False,False,True,True,both
L1,object,ALL,2024-09-20,capture_0.5,all,0.7949196347894164,0.7949196347894174,,,,,183,183,196,196,pre_registered,pre_registered,False,False,True,True,both
L1,object,ALL,2024-09-20,capture_0.5,no_landuse_attr,0.9986562960409042,0.998656296040915,,,,,7,7,20,20,pre_registered,pre_registered,False,False,True,True,both
L1,object,ALL,2024-09-20,observed-label_auc,agricultural,0.607710137192024,0.607710137192024,0.5738253409625687,0.5738253409625683,0.6417296833514183,0.6417296833514167,119,119,119,119,pre_registered,pre_registered,False,False,True,True,both
L1,object,ALL,2024-09-20,observed-label_auc,all,0.7072260306270862,0.7072260306270862,0.6766323964658973,0.6766323964658971,0.7390493109536423,0.7390493109536413,183,183,196,196,pre_registered,pre_registered,False,False,True,True,both
L1,object,ALL,2024-09-20,observed-label_auc,no_landuse_attr,0.7441095638327376,0.7441095638327401,0.6592725622033746,0.6592725622033766,0.8394969080532221,0.8394969080532221,7,7,20,20,pre_registered,pre_registered,False,False,True,True,both
L1,object,ALL,2024-09-20,observed-label_auc,urban,0.9104577251241538,0.9104577251241536,0.879393980216414,0.8793939802164132,0.9382940340223074,0.9382940340223076,57,57,57,57,pre_registered,pre_registered,False,False,True,True,both
L1,object,ALL,2024-09-20,observed-label_auc_diff,agricultural,0.1573875761749816,0.1573875761749825,0.1227361361909806,0.1227361361909815,0.1911529586587089,0.1911529586587088,119,119,119,119,pre_registered,pre_registered,False,False,True,True,both
L1,object,ALL,2024-09-20,observed-label_auc_diff,all,0.1136473011816179,0.1136473011816187,0.0867112855593544,0.0867112855593554,0.1409086225622841,0.1409086225622844,183,183,196,196,pre_registered,pre_registered,False,False,True,True,both
L1,object,ALL,2024-09-20,observed-label_auc_diff,no_landuse_attr,0.1584504643460844,0.158450464346087,0.0499189513549054,0.0499189513549077,0.2560449721127212,0.2560449721127262,7,7,20,20,pre_registered,pre_registered,False,False,True,True,both
L1,object,ALL,2024-09-20,observed-label_auc_diff,urban,0.0168277421226342,0.0168277421226343,-0.0208655139744132,-0.0208655139744133,0.0569426398633956,0.0569426398633956,57,57,57,57,pre_registered,pre_registered,False,False,True,True,both
L1,object,ALL,ALL,capture_0.05,all,0.1870775893294037,0.1870775893294036,,,,,196,196,196,196,pre_registered,pre_registered,False,False,True,True,both
L1,object,ALL,ALL,capture_0.05,no_landuse_attr,0.2329960301815306,0.2329960301815293,,,,,20,20,20,20,pre_registered,pre_registered,False,False,True,True,both
L1,object,ALL,ALL,capture_0.2,agricultural,0.2247145086508363,0.224714508650841,,,,,119,119,119,119,pre_registered,pre_registered,False,False,True,True,both
L1,object,ALL,ALL,capture_0.2,all,0.4386468114150214,0.438646811415018,,,,,196,196,196,196,pre_registered,pre_registered,False,False,True,True,both
L1,object,ALL,ALL,capture_0.2,no_landuse_attr,0.5108233364851686,0.5108233364851085,,,,,20,20,20,20,pre_registered,pre_registered,False,False,True,True,both
L1,object,ALL,ALL,capture_0.3,agricultural,0.3788155232370936,0.3788155232370946,,,,,119,119,119,119,pre_registered,pre_registered,False,False,True,True,both
L1,object,ALL,ALL,capture_0.3,all,0.5667951816276006,0.5667951816276012,,,,,196,196,196,196,pre_registered,pre_registered,False,False,True,True,both
L1,object,ALL,ALL,capture_0.5,agricultural,0.6949278103341323,0.6949278103341331,,,,,119,119,119,119,pre_registered,pre_registered,False,False,True,True,both
L1,object,ALL,ALL,capture_0.5,all,0.7966766013174795,0.7966766013174862,,,,,196,196,196,196,pre_registered,pre_registered,False,False,True,True,both
L1,object,ALL,ALL,capture_0.5,no_landuse_attr,0.8834457382024542,0.8834457382025149,,,,,20,20,20,20,pre_registered,pre_registered,False,False,True,True,both
L1,object,ALL,ALL,observed-label_auc,agricultural,0.607710137192024,0.607710137192024,0.5738253409625687,0.5738253409625683,0.6417296833514183,0.6417296833514167,119,119,119,119,pre_registered,pre_registered,False,False,True,True,both
L1,object,ALL,ALL,observed-label_auc,all,0.7117352349228693,0.71173523492287,0.6815532615203321,0.6815532615203299,0.7418580796190706,0.7418580796190688,196,196,196,196,pre_registered,pre_registered,False,False,True,True,both
L1,object,ALL,ALL,observed-label_auc,no_landuse_attr,0.764325469347738,0.7643254693477464,0.6987109288227127,0.6987109288227198,0.8290685134793631,0.8290685134793412,20,20,20,20,pre_registered,pre_registered,False,False,True,True,both
L1,object,ALL,ALL,observed-label_auc,urban,0.9104577251241538,0.9104577251241536,0.879393980216414,0.8793939802164132,0.9382940340223074,0.9382940340223076,57,57,57,57,pre_registered,pre_registered,False,False,True,True,both
L1,object,ALL,ALL,observed-label_auc_diff,agricultural,0.1573875761749816,0.1573875761749825,0.1227361361909806,0.1227361361909815,0.1911529586587089,0.1911529586587088,119,119,119,119,pre_registered,pre_registered,False,False,True,True,both
L1,object,ALL,ALL,observed-label_auc_diff,all,0.1058392144820765,0.1058392144820778,0.0803774921080767,0.0803774921080804,0.1320223388544752,0.1320223388544774,196,196,196,196,pre_registered,pre_registered,False,False,True,True,both
L1,object,ALL,ALL,observed-label_auc_diff,no_landuse_attr,0.0528091586336758,0.0528091586336832,0.0014822096516973,0.0014822096517171,0.109307957059329,0.1093079570593302,20,20,20,20,pre_registered,pre_registered,False,False,True,True,both
L1,object,ALL,ALL,observed-label_auc_diff,urban,0.0168277421226342,0.0168277421226343,-0.0208655139744132,-0.0208655139744133,0.0569426398633956,0.0569426398633956,57,57,57,57,pre_registered,pre_registered,False,False,True,True,both
L1,object,ALL,MACRO,capture_0.05,all,0.3033377252206064,0.3033377252206026,0.0895198744608774,0.0895198744608774,0.5204933012009418,0.5204933012009304,4,4,196,196,pre_registered,pre_registered,False,False,True,True,both
L1,object,ALL,MACRO,capture_0.05,no_landuse_attr,0.2856130432669034,0.2856130432669003,0.0540705105534714,0.0540705105534728,0.5171555759803355,0.5171555759803278,4,4,20,20,pre_registered,pre_registered,False,False,True,True,both
L1,object,ALL,MACRO,capture_0.2,agricultural,0.2247145086508363,0.224714508650841,0.2247145086508363,0.224714508650841,0.2247145086508363,0.224714508650841,1,1,119,119,pre_registered,pre_registered,False,False,True,True,both
L1,object,ALL,MACRO,capture_0.2,all,0.5833766923219765,0.583376692321917,0.3334200513106198,0.3334200513105008,0.8562367619722444,0.8562367619722451,4,4,196,196,pre_registered,pre_registered,False,False,True,True,both
L1,object,ALL,MACRO,capture_0.2,no_landuse_attr,0.5488185537798059,0.5488185537797456,0.2643037742262785,0.264303774226158,0.8333333333333333,0.8333333333333333,4,4,20,20,pre_registered,pre_registered,False,False,True,True,both
L1,object,ALL,MACRO,capture_0.3,agricultural,0.3788155232370936,0.3788155232370946,0.3788155232370936,0.3788155232370946,0.3788155232370936,0.3788155232370946,1,1,119,119,pre_registered,pre_registered,False,False,True,True,both
L1,object,ALL,MACRO,capture_0.3,all,0.6582653022687217,0.6582653022687218,0.473232729847964,0.4732327298479639,0.889409947874956,0.8894099478749561,4,4,196,196,pre_registered,pre_registered,False,False,True,True,both
L1,object,ALL,MACRO,capture_0.3,no_landuse_attr,0.6453658873073005,0.6453658873073004,0.4573984412812676,0.4573984412812675,0.8765105329135346,0.8765105329135346,4,4,20,20,pre_registered,pre_registered,False,False,True,True,both
L1,object,ALL,MACRO,capture_0.5,agricultural,0.6949278103341323,0.6949278103341331,0.6949278103341323,0.6949278103341331,0.6949278103341323,0.6949278103341331,1,1,119,119,pre_registered,pre_registered,False,False,True,True,both
L1,object,ALL,MACRO,capture_0.5,all,0.8082470301835605,0.8082470301836029,0.7102731214204582,0.710273121420697,0.9390027172451716,0.9390027172451344,4,4,196,196,pre_registered,pre_registered,False,False,True,True,both
L1,object,ALL,MACRO,capture_0.5,no_landuse_attr,0.8591811954964325,0.8591811954964772,0.7190342429724128,0.719034242972497,0.999328148020452,0.9993281480204574,4,4,20,20,pre_registered,pre_registered,False,False,True,True,both
L1,object,ALL,MACRO,observed-label_auc,all,0.76094578765489,0.7609457876548926,0.6629743517253291,0.6629743517253596,0.8632911580946578,0.8632911580946578,4,4,196,196,pre_registered,pre_registered,False,False,True,True,both
L1,object,ALL,MACRO,observed-label_auc,no_landuse_attr,0.7701666709563029,0.7701666709563061,0.6646723995972758,0.6646723995973087,0.8725120413960705,0.8725120413960712,4,4,20,20,pre_registered,pre_registered,False,False,True,True,both
L1,object,ALL,MACRO,observed-label_auc,urban,0.9104577251241538,0.9104577251241536,0.9104577251241538,0.9104577251241536,0.9104577251241538,0.9104577251241536,1,1,57,57,pre_registered,pre_registered,False,False,True,True,both
L1,object,ALL,MACRO,observed-label_auc_diff,agricultural,0.1573875761749816,0.1573875761749825,0.1573875761749816,0.1573875761749825,0.1573875761749816,0.1573875761749825,1,1,119,119,pre_registered,pre_registered,False,False,True,True,both
L1,object,ALL,MACRO,observed-label_auc_diff,all,0.0268254224298968,0.0268254224298987,-0.0390879592017434,-0.0390879592017003,0.0878907284410793,0.0878907284410672,4,4,196,196,pre_registered,pre_registered,False,False,True,True,both
L1,object,ALL,MACRO,observed-label_auc_diff,no_landuse_attr,0.0380262132210135,0.0380262132210158,-0.0390879592017434,-0.0390879592017003,0.1214931008144292,0.1214931008144184,4,4,20,20,pre_registered,pre_registered,False,False,True,True,both
L1,object,ALL,MACRO,observed-label_auc_diff,urban,0.0168277421226342,0.0168277421226343,0.0168277421226342,0.0168277421226343,0.0168277421226342,0.0168277421226343,1,1,57,57,pre_registered,pre_registered,False,False,True,True,both
L1_without_flood_map,area,ALL,2022-09-06,capture_0.05,all,0.1332893137359115,0.1332893137362859,,,,,6,6,196,196,post_hoc,post_hoc,True,True,False,False,both
L1_without_flood_map,area,ALL,2022-09-06,capture_0.05,no_landuse_attr,0.1332893137359115,0.1332893137362859,,,,,6,6,20,20,post_hoc,post_hoc,True,True,False,False,both
L1_without_flood_map,area,ALL,2022-09-06,capture_0.1,all,0.3789501582665789,0.3789501582676434,,,,,6,6,196,196,post_hoc,post_hoc,True,True,False,False,both
L1_without_flood_map,area,ALL,2022-09-06,capture_0.1,no_landuse_attr,0.3789501582665789,0.3789501582676434,,,,,6,6,20,20,post_hoc,post_hoc,True,True,False,False,both
L1_without_flood_map,area,ALL,2022-09-06,capture_0.2,all,0.7323442127060705,0.7323442127053187,,,,,6,6,196,196,post_hoc,post_hoc,True,True,False,False,both
L1_without_flood_map,area,ALL,2022-09-06,capture_0.2,no_landuse_attr,0.7323442127060705,0.7323442127053187,,,,,6,6,20,20,post_hoc,post_hoc,True,True,False,False,both
L1_without_flood_map,area,ALL,2022-09-06,capture_0.3,all,1.0000000000000002,1.0,,,,,6,6,196,196,post_hoc,post_hoc,True,True,False,False,both
L1_without_flood_map,area,ALL,2022-09-06,capture_0.3,no_landuse_attr,1.0000000000000002,1.0,,,,,6,6,20,20,post_hoc,post_hoc,True,True,False,False,both
L1_without_flood_map,area,ALL,2022-09-06,capture_0.5,all,1.0000000000000002,1.0,,,,,6,6,196,196,post_hoc,post_hoc,True,True,False,False,both
L1_without_flood_map,area,ALL,2022-09-06,capture_0.5,no_landuse_attr,1.0000000000000002,1.0,,,,,6,6,20,20,post_hoc,post_hoc,True,True,False,False,both
L1_without_flood_map,area,ALL,2022-09-06,observed-label_auc,all,0.8624692487354577,0.8624692487355401,0.8078288373595598,0.807828837359506,0.956397887762758,0.956397887762758,5,5,196,196,post_hoc,post_hoc,True,True,False,False,both
L1_without_flood_map,area,ALL,2022-09-06,observed-label_auc,no_landuse_attr,0.8624692487354577,0.8624692487355401,0.8078288373595598,0.807828837359506,0.956397887762758,0.956397887762758,5,5,20,20,post_hoc,post_hoc,True,True,False,False,both
L1_without_flood_map,area,ALL,2022-09-06,observed-label_auc_diff,all,0.0832256930565279,0.083225693055656,-0.138786404825594,-0.138786404825594,0.3036407019929058,0.3036407019923489,5,5,196,196,post_hoc,post_hoc,True,True,False,False,both
L1_without_flood_map,area,ALL,2022-09-06,observed-label_auc_diff,no_landuse_attr,0.0832256930565279,0.083225693055656,-0.138786404825594,-0.138786404825594,0.3036407019929058,0.3036407019923489,5,5,20,20,post_hoc,post_hoc,True,True,False,False,both
L1_without_flood_map,area,ALL,2023-08-10,capture_0.05,all,0.3566563040604927,0.3566563040603325,,,,,42,42,196,196,post_hoc,post_hoc,True,True,False,False,both
L1_without_flood_map,area,ALL,2023-08-10,capture_0.05,no_landuse_attr,0.3566563040604927,0.3566563040603325,,,,,42,42,20,20,post_hoc,post_hoc,True,True,False,False,both
L1_without_flood_map,area,ALL,2023-08-10,capture_0.1,all,0.7154797831820502,0.7154797831819214,,,,,42,42,196,196,post_hoc,post_hoc,True,True,False,False,both
L1_without_flood_map,area,ALL,2023-08-10,capture_0.1,no_landuse_attr,0.7154797831820502,0.7154797831819214,,,,,42,42,20,20,post_hoc,post_hoc,True,True,False,False,both
L1_without_flood_map,area,ALL,2023-08-10,capture_0.2,all,0.7570898243195276,0.7570898243194021,,,,,42,42,196,196,post_hoc,post_hoc,True,True,False,False,both
L1_without_flood_map,area,ALL,2023-08-10,capture_0.2,no_landuse_attr,0.7570898243195276,0.7570898243194021,,,,,42,42,20,20,post_hoc,post_hoc,True,True,False,False,both
L1_without_flood_map,area,ALL,2023-08-10,capture_0.3,all,0.7570898243195276,0.7570898243194021,,,,,42,42,196,196,post_hoc,post_hoc,True,True,False,False,both
L1_without_flood_map,area,ALL,2023-08-10,capture_0.3,no_landuse_attr,0.7570898243195276,0.7570898243194021,,,,,42,42,20,20,post_hoc,post_hoc,True,True,False,False,both
L1_without_flood_map,area,ALL,2023-08-10,capture_0.5,all,0.8221976719599187,0.8221976719597175,,,,,42,42,196,196,post_hoc,post_hoc,True,True,False,False,both
L1_without_flood_map,area,ALL,2023-08-10,capture_0.5,no_landuse_attr,0.8221976719599187,0.8221976719597175,,,,,42,42,20,20,post_hoc,post_hoc,True,True,False,False,both
L1_without_flood_map,area,ALL,2023-08-10,observed-label_auc,all,0.832392408900709,0.8323924089006116,0.4732731542056683,0.4732731542055221,0.977633898451866,0.9776338984518655,3,3,196,196,post_hoc,post_hoc,True,True,False,False,both
L1_without_flood_map,area,ALL,2023-08-10,observed-label_auc,no_landuse_attr,0.832392408900709,0.8323924089006116,0.4732731542056683,0.4732731542055221,0.977633898451866,0.9776338984518655,3,3,20,20,post_hoc,post_hoc,True,True,False,False,both
L1_without_flood_map,area,ALL,2023-08-10,observed-label_auc_diff,all,-0.0086534976528457,-0.0086534976528745,-0.0555061909128421,-0.0555061909128599,0.0337298866224299,0.0337298866222837,3,3,196,196,post_hoc,post_hoc,True,True,False,False,both
L1_without_flood_map,area,ALL,2023-08-10,observed-label_auc_diff,no_landuse_attr,-0.0086534976528457,-0.0086534976528745,-0.0555061909128421,-0.0555061909128599,0.0337298866224299,0.0337298866222837,3,3,20,20,post_hoc,post_hoc,True,True,False,False,both
L1_without_flood_map,area,ALL,2024-07-24,capture_0.2,all,0.1779130560900791,0.1779130560898513,,,,,23,23,196,196,post_hoc,post_hoc,True,True,False,False,both
L1_without_flood_map,area,ALL,2024-07-24,capture_0.2,no_landuse_attr,0.1779130560900791,0.1779130560898513,,,,,23,23,20,20,post_hoc,post_hoc,True,True,False,False,both
L1_without_flood_map,area,ALL,2024-07-24,capture_0.3,all,0.2830037752508053,0.2830037752505828,,,,,23,23,196,196,post_hoc,post_hoc,True,True,False,False,both
L1_without_flood_map,area,ALL,2024-07-24,capture_0.3,no_landuse_attr,0.2830037752508053,0.2830037752505828,,,,,23,23,20,20,post_hoc,post_hoc,True,True,False,False,both
L1_without_flood_map,area,ALL,2024-07-24,capture_0.5,all,0.8593770867393031,0.8593770867392959,,,,,23,23,196,196,post_hoc,post_hoc,True,True,False,False,both
L1_without_flood_map,area,ALL,2024-07-24,capture_0.5,no_landuse_attr,0.8593770867393031,0.8593770867392959,,,,,23,23,20,20,post_hoc,post_hoc,True,True,False,False,both
L1_without_flood_map,area,ALL,2024-07-24,observed-label_auc,all,0.6205678033381811,0.6205678033381004,0.508313495838337,0.5083134958383632,0.7570082926748625,0.7570082926748005,5,5,196,196,post_hoc,post_hoc,True,True,False,False,both
L1_without_flood_map,area,ALL,2024-07-24,observed-label_auc,no_landuse_attr,0.6205678033381811,0.6205678033381004,0.508313495838337,0.5083134958383632,0.7570082926748625,0.7570082926748005,5,5,20,20,post_hoc,post_hoc,True,True,False,False,both
L1_without_flood_map,area,ALL,2024-07-24,observed-label_auc_diff,all,-0.1142213251301212,-0.1142213251300837,-0.1431393776353522,-0.1431393776353419,-0.0357843838907587,-0.0357843838906315,5,5,196,196,post_hoc,post_hoc,True,True,False,False,both
L1_without_flood_map,area,ALL,2024-07-24,observed-label_auc_diff,no_landuse_attr,-0.1142213251301212,-0.1142213251300837,-0.1431393776353522,-0.1431393776353419,-0.0357843838907587,-0.0357843838906315,5,5,20,20,post_hoc,post_hoc,True,True,False,False,both
L1_without_flood_map,area,ALL,2024-09-20,capture_0.05,all,0.0025264224063919,0.0025264224063924,,,,,1612,1612,196,196,post_hoc,post_hoc,True,True,False,False,both
L1_without_flood_map,area,ALL,2024-09-20,capture_0.05,no_landuse_attr,0.1922053646970117,0.1922053646969779,,,,,34,34,20,20,post_hoc,post_hoc,True,True,False,False,both
L1_without_flood_map,area,ALL,2024-09-20,capture_0.05,urban,0.6035025364343829,0.6035025364345318,,,,,72,72,57,57,post_hoc,post_hoc,True,True,False,False,both
L1_without_flood_map,area,ALL,2024-09-20,capture_0.1,agricultural,0.0042027538922112,0.0042027538922111,,,,,1506,1506,119,119,post_hoc,post_hoc,True,True,False,False,both
L1_without_flood_map,area,ALL,2024-09-20,capture_0.1,all,0.0099887416036397,0.0099887416036402,,,,,1612,1612,196,196,post_hoc,post_hoc,True,True,False,False,both
L1_without_flood_map,area,ALL,2024-09-20,capture_0.1,no_landuse_attr,0.7397041009554871,0.7397041009553744,,,,,34,34,20,20,post_hoc,post_hoc,True,True,False,False,both
L1_without_flood_map,area,ALL,2024-09-20,capture_0.1,urban,0.7343638597480003,0.7343638597481937,,,,,72,72,57,57,post_hoc,post_hoc,True,True,False,False,both
L1_without_flood_map,area,ALL,2024-09-20,capture_0.2,agricultural,0.0381495981651629,0.0381495981651619,,,,,1506,1506,119,119,post_hoc,post_hoc,True,True,False,False,both
L1_without_flood_map,area,ALL,2024-09-20,capture_0.2,all,0.0445097602305809,0.0445097602305803,,,,,1612,1612,196,196,post_hoc,post_hoc,True,True,False,False,both
L1_without_flood_map,area,ALL,2024-09-20,capture_0.2,no_landuse_attr,0.8466059661061687,0.8466059661060372,,,,,34,34,20,20,post_hoc,post_hoc,True,True,False,False,both
L1_without_flood_map,area,ALL,2024-09-20,capture_0.2,urban,0.8408406519851387,0.8408406519852741,,,,,72,72,57,57,post_hoc,post_hoc,True,True,False,False,both
L1_without_flood_map,area,ALL,2024-09-20,capture_0.3,agricultural,0.0804841383726437,0.0804841383726451,,,,,1506,1506,119,119,post_hoc,post_hoc,True,True,False,False,both
L1_without_flood_map,area,ALL,2024-09-20,capture_0.3,all,0.0869895882408228,0.0869895882408242,,,,,1612,1612,196,196,post_hoc,post_hoc,True,True,False,False,both
L1_without_flood_map,area,ALL,2024-09-20,capture_0.3,no_landuse_attr,0.9044394643836476,0.904439464383506,,,,,34,34,20,20,post_hoc,post_hoc,True,True,False,False,both
L1_without_flood_map,area,ALL,2024-09-20,capture_0.3,urban,0.90806601858398,0.9080660185839876,,,,,72,72,57,57,post_hoc,post_hoc,True,True,False,False,both
L1_without_flood_map,area,ALL,2024-09-20,capture_0.5,agricultural,0.2407959624413445,0.2407959624413565,,,,,1506,1506,119,119,post_hoc,post_hoc,True,True,False,False,both
L1_without_flood_map,area,ALL,2024-09-20,capture_0.5,all,0.246680572911542,0.2466805729115547,,,,,1612,1612,196,196,post_hoc,post_hoc,True,True,False,False,both
L1_without_flood_map,area,ALL,2024-09-20,capture_0.5,urban,0.959175626645464,0.9591756266454672,,,,,72,72,57,57,post_hoc,post_hoc,True,True,False,False,both
L1_without_flood_map,area,ALL,2024-09-20,observed-label_auc,agricultural,0.4041933467839967,0.4041933467839991,0.3634000435345198,0.363400043534516,0.4626441835404651,0.462644183540473,119,119,119,119,post_hoc,post_hoc,True,True,False,False,both
L1_without_flood_map,area,ALL,2024-09-20,observed-label_auc,all,0.4080329581222032,0.4080329581222061,0.366243252490474,0.3662432524904724,0.4671067748467414,0.4671067748467472,183,183,196,196,post_hoc,post_hoc,True,True,False,False,both
L1_without_flood_map,area,ALL,2024-09-20,observed-label_auc,no_landuse_attr,0.8886936971286199,0.8886936971285894,0.6472955387322624,0.6472955387323255,0.9230131980166842,0.9230131980166628,7,7,20,20,post_hoc,post_hoc,True,True,False,False,both
L1_without_flood_map,area,ALL,2024-09-20,observed-label_auc,urban,0.8966404315206719,0.8966404315206975,0.8364662444691311,0.8364662444691279,0.9379212970876264,0.937921297087626,57,57,57,57,post_hoc,post_hoc,True,True,False,False,both
L1_without_flood_map,area,ALL,2024-09-20,observed-label_auc_diff,agricultural,-0.0375241271821569,-0.0375241271821544,-0.0790361529248127,-0.0790361529248124,0.0214451085363593,0.02144510853636,119,119,119,119,post_hoc,post_hoc,True,True,False,False,both
L1_without_flood_map,area,ALL,2024-09-20,observed-label_auc_diff,all,-0.0372993714638671,-0.0372993714638648,-0.0784273679202828,-0.0784273679202848,0.0198835071505574,0.0198835071505603,183,183,196,196,post_hoc,post_hoc,True,True,False,False,both
L1_without_flood_map,area,ALL,2024-09-20,observed-label_auc_diff,no_landuse_attr,-0.0047193597649507,-0.0047193597649104,-0.0419291832309634,-0.0419291832309618,0.2742162489374383,0.2742162489374363,7,7,20,20,post_hoc,post_hoc,True,True,False,False,both
L1_without_flood_map,area,ALL,2024-09-20,observed-label_auc_diff,urban,-0.0185094210055182,-0.0185094210056252,-0.0706420481344096,-0.0706420481345159,0.0331306313863402,0.0331306313861698,57,57,57,57,post_hoc,post_hoc,True,True,False,False,both
L1_without_flood_map,area,ALL,ALL,capture_0.05,all,0.0042795714508689,0.0042795714508683,,,,,1674,1674,196,196,post_hoc,post_hoc,True,True,False,False,both
L1_without_flood_map,area,ALL,ALL,capture_0.05,no_landuse_attr,0.2533854278298089,0.2533854278297172,,,,,96,96,20,20,post_hoc,post_hoc,True,True,False,False,both
L1_without_flood_map,area,ALL,ALL,capture_0.05,urban,0.6035025364343829,0.6035025364345318,,,,,72,72,57,57,post_hoc,post_hoc,True,True,False,False,both
L1_without_flood_map,area,ALL,ALL,capture_0.1,agricultural,0.0042027538922112,0.0042027538922111,,,,,1506,1506,119,119,post_hoc,post_hoc,True,True,False,False,both
L1_without_flood_map,area,ALL,ALL,capture_0.1,all,0.0134850333692019,0.0134850333692014,,,,,1674,1674,196,196,post_hoc,post_hoc,True,True,False,False,both
L1_without_flood_map,area,ALL,ALL,capture_0.1,no_landuse_attr,0.6815998424072724,0.6815998424071771,,,,,96,96,20,20,post_hoc,post_hoc,True,True,False,False,both
L1_without_flood_map,area,ALL,ALL,capture_0.1,urban,0.7343638597480003,0.7343638597481937,,,,,72,72,57,57,post_hoc,post_hoc,True,True,False,False,both
L1_without_flood_map,area,ALL,ALL,capture_0.2,agricultural,0.0381495981651629,0.0381495981651619,,,,,1506,1506,119,119,post_hoc,post_hoc,True,True,False,False,both
L1_without_flood_map,area,ALL,ALL,capture_0.2,all,0.0481587086763957,0.0481587086763937,,,,,1674,1674,196,196,post_hoc,post_hoc,True,True,False,False,both
L1_without_flood_map,area,ALL,ALL,capture_0.2,no_landuse_attr,0.7651981482829825,0.7651981482828536,,,,,96,96,20,20,post_hoc,post_hoc,True,True,False,False,both
L1_without_flood_map,area,ALL,ALL,capture_0.2,urban,0.8408406519851387,0.8408406519852741,,,,,72,72,57,57,post_hoc,post_hoc,True,True,False,False,both
L1_without_flood_map,area,ALL,ALL,capture_0.3,agricultural,0.0804841383726437,0.0804841383726451,,,,,1506,1506,119,119,post_hoc,post_hoc,True,True,False,False,both
L1_without_flood_map,area,ALL,ALL,capture_0.3,all,0.0904860312161462,0.0904860312161463,,,,,1674,1674,196,196,post_hoc,post_hoc,True,True,False,False,both
L1_without_flood_map,area,ALL,ALL,capture_0.3,no_landuse_attr,0.8013843919007643,0.8013843919006343,,,,,96,96,20,20,post_hoc,post_hoc,True,True,False,False,both
L1_without_flood_map,area,ALL,ALL,capture_0.3,urban,0.90806601858398,0.9080660185839876,,,,,72,72,57,57,post_hoc,post_hoc,True,True,False,False,both
L1_without_flood_map,area,ALL,ALL,capture_0.5,agricultural,0.2407959624413445,0.2407959624413565,,,,,1506,1506,119,119,post_hoc,post_hoc,True,True,False,False,both
L1_without_flood_map,area,ALL,ALL,capture_0.5,all,0.2499819783876231,0.2499819783876342,,,,,1674,1674,196,196,post_hoc,post_hoc,True,True,False,False,both
L1_without_flood_map,area,ALL,ALL,capture_0.5,no_landuse_attr,0.9120974220500948,0.912097422050014,,,,,96,96,20,20,post_hoc,post_hoc,True,True,False,False,both
L1_without_flood_map,area,ALL,ALL,capture_0.5,urban,0.959175626645464,0.9591756266454672,,,,,72,72,57,57,post_hoc,post_hoc,True,True,False,False,both
L1_without_flood_map,area,ALL,ALL,observed-label_auc,agricultural,0.4041933467839967,0.4041933467839991,0.3634000435345198,0.363400043534516,0.4626441835404651,0.462644183540473,119,119,119,119,post_hoc,post_hoc,True,True,False,False,both
L1_without_flood_map,area,ALL,ALL,observed-label_auc,all,0.4102989119147279,0.4102989119147299,0.3678133438736075,0.3678133438736048,0.470105447091056,0.4701054470910597,196,196,196,196,post_hoc,post_hoc,True,True,False,False,both
L1_without_flood_map,area,ALL,ALL,observed-label_auc,no_landuse_attr,0.8470741613848418,0.8470741613847835,0.6671399051287824,0.6671399051286936,0.9190727020154198,0.9190727020153998,20,20,20,20,post_hoc,post_hoc,True,True,False,False,both
L1_without_flood_map,area,ALL,ALL,observed-label_auc,urban,0.8966404315206719,0.8966404315206975,0.8364662444691311,0.8364662444691279,0.9379212970876264,0.937921297087626,57,57,57,57,post_hoc,post_hoc,True,True,False,False,both
L1_without_flood_map,area,ALL,ALL,observed-label_auc_diff,agricultural,-0.0375241271821569,-0.0375241271821544,-0.0790361529248127,-0.0790361529248124,0.0214451085363593,0.02144510853636,119,119,119,119,post_hoc,post_hoc,True,True,False,False,both
L1_without_flood_map,area,ALL,ALL,observed-label_auc_diff,all,-0.0372022878469764,-0.0372022878469742,-0.0780717894438573,-0.0780717894438561,0.0209017493208656,0.0209017493208698,196,196,196,196,post_hoc,post_hoc,True,True,False,False,both
L1_without_flood_map,area,ALL,ALL,observed-label_auc_diff,no_landuse_attr,-0.0126456053778243,-0.0126456053778212,-0.0407913149619227,-0.0407913149619163,0.0556107548400702,0.0556107548400209,20,20,20,20,post_hoc,post_hoc,True,True,False,False,both
L1_without_flood_map,area,ALL,ALL,observed-label_auc_diff,urban,-0.0185094210055182,-0.0185094210056252,-0.0706420481344096,-0.0706420481345159,0.0331306313863402,0.0331306313861698,57,57,57,57,post_hoc,post_hoc,True,True,False,False,both
L1_without_flood_map,area,ALL,MACRO,capture_0.05,all,0.123118010050699,0.1231180100507527,0.0012632112031959,0.0012632112031962,0.2681238336469675,0.2681238336468475,4,4,196,196,post_hoc,post_hoc,True,True,False,False,both
L1_without_flood_map,area,ALL,MACRO,capture_0.05,no_landuse_attr,0.170537745623354,0.1705377456233991,0.0480513411742529,0.0480513411742444,0.3008145564793474,0.3008145564793208,4,4,20,20,post_hoc,post_hoc,True,True,False,False,both
L1_without_flood_map,area,ALL,MACRO,capture_0.05,urban,0.6035025364343829,0.6035025364345318,0.6035025364343829,0.6035025364345318,0.6035025364343829,0.6035025364345318,1,1,57,57,post_hoc,post_hoc,True,True,False,False,both
L1_without_flood_map,area,ALL,MACRO,capture_0.1,agricultural,0.0042027538922112,0.0042027538922111,0.0042027538922112,0.0042027538922111,0.0042027538922112,0.0042027538922111,1,1,119,119,post_hoc,post_hoc,True,True,False,False,both
L1_without_flood_map,area,ALL,MACRO,capture_0.1,all,0.2761046707630672,0.2761046707633012,0.0049943708018198,0.0049943708018201,0.5472149707243146,0.5472149707247824,4,4,196,196,post_hoc,post_hoc,True,True,False,False,both
L1_without_flood_map,area,ALL,MACRO,capture_0.1,no_landuse_attr,0.4585335106010291,0.4585335106012348,0.1788699457955125,0.1788699457954803,0.7275919420687686,0.7275919420686479,4,4,20,20,post_hoc,post_hoc,True,True,False,False,both
L1_without_flood_map,area,ALL,MACRO,capture_0.1,urban,0.7343638597480003,0.7343638597481937,0.7343638597480003,0.7343638597481937,0.7343638597480003,0.7343638597481937,1,1,57,57,post_hoc,post_hoc,True,True,False,False,both
L1_without_flood_map,area,ALL,MACRO,capture_0.2,agricultural,0.0381495981651629,0.0381495981651619,0.0381495981651629,0.0381495981651619,0.0381495981651629,0.0381495981651619,1,1,119,119,post_hoc,post_hoc,True,True,False,False,both
L1_without_flood_map,area,ALL,MACRO,capture_0.2,all,0.4279642133365646,0.4279642133362881,0.11121140816033,0.1112114081602158,0.7447170185127991,0.7447170185123604,4,4,196,196,post_hoc,post_hoc,True,True,False,False,both
L1_without_flood_map,area,ALL,MACRO,capture_0.2,no_landuse_attr,0.6284882648054615,0.6284882648051523,0.3227072481474413,0.3227072481472389,0.8242269306595085,0.8242269306593785,4,4,20,20,post_hoc,post_hoc,True,True,False,False,both
L1_without_flood_map,area,ALL,MACRO,capture_0.2,urban,0.8408406519851387,0.8408406519852741,0.8408406519851387,0.8408406519852741,0.8408406519851387,0.8408406519852741,1,1,57,57,post_hoc,post_hoc,True,True,False,False,both
L1_without_flood_map,area,ALL,MACRO,capture_0.3,agricultural,0.0804841383726437,0.0804841383726451,0.0804841383726437,0.0804841383726451,0.0804841383726437,0.0804841383726451,1,1,119,119,post_hoc,post_hoc,True,True,False,False,both
L1_without_flood_map,area,ALL,MACRO,capture_0.3,all,0.531770796952789,0.5317707969527022,0.184996681745814,0.1849966817457035,0.8785449121597639,0.8785449121597011,4,4,196,196,post_hoc,post_hoc,True,True,False,False,both
L1_without_flood_map,area,ALL,MACRO,capture_0.3,no_landuse_attr,0.7361332659884952,0.7361332659883727,0.4383626975340158,0.4383626975338135,0.952219732191824,0.9522197321917528,4,4,20,20,post_hoc,post_hoc,True,True,False,False,both
L1_without_flood_map,area,ALL,MACRO,capture_0.3,urban,0.90806601858398,0.9080660185839876,0.90806601858398,0.9080660185839876,0.90806601858398,0.9080660185839876,1,1,57,57,post_hoc,post_hoc,True,True,False,False,both
L1_without_flood_map,area,ALL,MACRO,capture_0.5,agricultural,0.2407959624413445,0.2407959624413565,0.2407959624413445,0.2407959624413565,0.2407959624413445,0.2407959624413565,1,1,119,119,post_hoc,post_hoc,True,True,False,False,both
L1_without_flood_map,area,ALL,MACRO,capture_0.5,all,0.732063832902691,0.7320638329026421,0.3998547013684823,0.39985470136849,0.9555494179899796,0.9555494179899292,4,4,196,196,post_hoc,post_hoc,True,True,False,False,both
L1_without_flood_map,area,ALL,MACRO,capture_0.5,no_landuse_attr,0.9203456338302844,0.9203456338302324,0.8407873793496109,0.8407873793495066,0.9999038883109578,0.9999038883109576,4,4,20,20,post_hoc,post_hoc,True,True,False,False,both
L1_without_flood_map,area,ALL,MACRO,capture_0.5,urban,0.959175626645464,0.9591756266454672,0.959175626645464,0.9591756266454672,0.959175626645464,0.9591756266454672,1,1,57,57,post_hoc,post_hoc,True,True,False,False,both
L1_without_flood_map,area,ALL,MACRO,observed-label_auc,agricultural,0.4041933467839967,0.4041933467839991,0.4041933467839967,0.4041933467839991,0.4041933467839967,0.4041933467839991,1,1,119,119,post_hoc,post_hoc,True,True,False,False,both
L1_without_flood_map,area,ALL,MACRO,observed-label_auc,all,0.6808656047741377,0.6808656047741145,0.5141228208168297,0.5141228208168074,0.8474308288180834,0.8474308288180759,4,4,196,196,post_hoc,post_hoc,True,True,False,False,both
L1_without_flood_map,area,ALL,MACRO,observed-label_auc,no_landuse_attr,0.8010307895257419,0.8010307895257104,0.6810431646875003,0.6810431646874603,0.8755814729320388,0.8755814729320648,4,4,20,20,post_hoc,post_hoc,True,True,False,False,both
L1_without_flood_map,area,ALL,MACRO,observed-label_auc,urban,0.8966404315206719,0.8966404315206975,0.8966404315206719,0.8966404315206975,0.8966404315206719,0.8966404315206975,1,1,57,57,post_hoc,post_hoc,True,True,False,False,both
L1_without_flood_map,area,ALL,MACRO,observed-label_auc_diff,agricultural,-0.0375241271821569,-0.0375241271821544,-0.0375241271821569,-0.0375241271821544,-0.0375241271821569,-0.0375241271821544,1,1,119,119,post_hoc,post_hoc,True,True,False,False,both
L1_without_flood_map,area,ALL,MACRO,observed-label_auc_diff,all,-0.0192371252975765,-0.0192371252977917,-0.0878293682608024,-0.0878293682607814,0.0530944269264291,0.0530944269257758,4,4,196,196,post_hoc,post_hoc,True,True,False,False,both
L1_without_flood_map,area,ALL,MACRO,observed-label_auc_diff,no_landuse_attr,-0.0110921223728474,-0.0110921223730531,-0.0868458337888286,-0.0868458337887904,0.0602804837409837,0.060280483740323,4,4,20,20,post_hoc,post_hoc,True,True,False,False,both
L1_without_flood_map,area,ALL,MACRO,observed-label_auc_diff,urban,-0.0185094210055182,-0.0185094210056252,-0.0185094210055182,-0.0185094210056252,-0.0185094210055182,-0.0185094210056252,1,1,57,57,post_hoc,post_hoc,True,True,False,False,both
L1_without_flood_map,object,ALL,2023-08-10,capture_0.05,all,0.3544851175440305,0.3544851175438888,,,,,3,3,196,196,post_hoc,post_hoc,True,True,False,False,both
L1_without_flood_map,object,ALL,2023-08-10,capture_0.05,no_landuse_attr,0.3544851175440305,0.3544851175438888,,,,,3,3,20,20,post_hoc,post_hoc,True,True,False,False,both
L1_without_flood_map,object,ALL,2023-08-10,capture_0.1,all,0.6346035113568761,0.6346035113568611,,,,,3,3,196,196,post_hoc,post_hoc,True,True,False,False,both
L1_without_flood_map,object,ALL,2023-08-10,capture_0.1,no_landuse_attr,0.6346035113568761,0.6346035113568611,,,,,3,3,20,20,post_hoc,post_hoc,True,True,False,False,both
L1_without_flood_map,object,ALL,2023-08-10,capture_0.5,all,0.7560108689806869,0.7560108689805372,,,,,3,3,196,196,post_hoc,post_hoc,True,True,False,False,both
L1_without_flood_map,object,ALL,2023-08-10,capture_0.5,no_landuse_attr,0.7560108689806869,0.7560108689805372,,,,,3,3,20,20,post_hoc,post_hoc,True,True,False,False,both
L1_without_flood_map,object,ALL,2023-08-10,observed-label_auc,all,0.7920009644628284,0.7920009644627739,0.4732731542056683,0.4732731542055221,0.977633898451866,0.9776338984518655,3,3,196,196,post_hoc,post_hoc,True,True,False,False,both
L1_without_flood_map,object,ALL,2023-08-10,observed-label_auc,no_landuse_attr,0.7920009644628284,0.7920009644627739,0.4732731542056683,0.4732731542055221,0.977633898451866,0.9776338984518655,3,3,20,20,post_hoc,post_hoc,True,True,False,False,both
L1_without_flood_map,object,ALL,2023-08-10,observed-label_auc_diff,all,0.0001003947639052,0.0001003947638503,-0.055506190912842,-0.0555061909128599,0.0337298866224298,0.0337298866222836,3,3,196,196,post_hoc,post_hoc,True,True,False,False,both
L1_without_flood_map,object,ALL,2023-08-10,observed-label_auc_diff,no_landuse_attr,0.0001003947639052,0.0001003947638503,-0.055506190912842,-0.0555061909128599,0.0337298866224298,0.0337298866222836,3,3,20,20,post_hoc,post_hoc,True,True,False,False,both
L1_without_flood_map,object,ALL,2024-07-24,capture_0.2,all,0.2418930547322621,0.2418930547320212,,,,,5,5,196,196,post_hoc,post_hoc,True,True,False,False,both
L1_without_flood_map,object,ALL,2024-07-24,capture_0.2,no_landuse_attr,0.2418930547322621,0.2418930547320212,,,,,5,5,20,20,post_hoc,post_hoc,True,True,False,False,both
L1_without_flood_map,object,ALL,2024-07-24,capture_0.3,all,0.363664943775788,0.3636649437757787,,,,,5,5,196,196,post_hoc,post_hoc,True,True,False,False,both
L1_without_flood_map,object,ALL,2024-07-24,capture_0.3,no_landuse_attr,0.363664943775788,0.3636649437757787,,,,,5,5,20,20,post_hoc,post_hoc,True,True,False,False,both
L1_without_flood_map,object,ALL,2024-07-24,capture_0.5,all,0.6820576169641387,0.6820576169644569,,,,,5,5,196,196,post_hoc,post_hoc,True,True,False,False,both
L1_without_flood_map,object,ALL,2024-07-24,capture_0.5,no_landuse_attr,0.6820576169641387,0.6820576169644569,,,,,5,5,20,20,post_hoc,post_hoc,True,True,False,False,both
L1_without_flood_map,object,ALL,2024-07-24,observed-label_auc,all,0.60647290257739,0.6064729025774426,0.4593771366956496,0.4593771366958196,0.7535686684591301,0.7535686684590658,5,5,196,196,post_hoc,post_hoc,True,True,False,False,both
L1_without_flood_map,object,ALL,2024-07-24,observed-label_auc,no_landuse_attr,0.60647290257739,0.6064729025774426,0.4593771366956496,0.4593771366958196,0.7535686684591301,0.7535686684590658,5,5,20,20,post_hoc,post_hoc,True,True,False,False,both
L1_without_flood_map,object,ALL,2024-07-24,observed-label_auc_diff,all,-0.0819423778089221,-0.0819423778088728,-0.1382149315314887,-0.1382149315314749,-0.0140481804720477,-0.0140481804720485,5,5,196,196,post_hoc,post_hoc,True,True,False,False,both
L1_without_flood_map,object,ALL,2024-07-24,observed-label_auc_diff,no_landuse_attr,-0.0819423778089221,-0.0819423778088728,-0.1382149315314887,-0.1382149315314749,-0.0140481804720477,-0.0140481804720485,5,5,20,20,post_hoc,post_hoc,True,True,False,False,both
L1_without_flood_map,object,ALL,2024-09-20,capture_0.05,no_landuse_attr,0.0327409450086813,0.0327409450086807,,,,,7,7,20,20,post_hoc,post_hoc,True,True,False,False,both
L1_without_flood_map,object,ALL,2024-09-20,capture_0.1,agricultural,0.0281568225430854,0.0281568225430846,,,,,119,119,119,119,post_hoc,post_hoc,True,True,False,False,both
L1_without_flood_map,object,ALL,2024-09-20,capture_0.1,all,0.2345155240380402,0.2345155240380398,,,,,183,183,196,196,post_hoc,post_hoc,True,True,False,False,both
L1_without_flood_map,object,ALL,2024-09-20,capture_0.1,no_landuse_attr,0.1269486902704366,0.126948690270437,,,,,7,7,20,20,post_hoc,post_hoc,True,True,False,False,both
L1_without_flood_map,object,ALL,2024-09-20,capture_0.2,agricultural,0.2393417642388784,0.2393417642388716,,,,,119,119,119,119,post_hoc,post_hoc,True,True,False,False,both
L1_without_flood_map,object,ALL,2024-09-20,capture_0.2,all,0.4201872293890845,0.42018722938908,,,,,183,183,196,196,post_hoc,post_hoc,True,True,False,False,both
L1_without_flood_map,object,ALL,2024-09-20,capture_0.3,agricultural,0.3990859410537824,0.3990859410537835,,,,,119,119,119,119,post_hoc,post_hoc,True,True,False,False,both
L1_without_flood_map,object,ALL,2024-09-20,capture_0.3,all,0.5651997962457531,0.5651997962457538,,,,,183,183,196,196,post_hoc,post_hoc,True,True,False,False,both
L1_without_flood_map,object,ALL,2024-09-20,capture_0.3,no_landuse_attr,0.539100391014644,0.5391003910146464,,,,,7,7,20,20,post_hoc,post_hoc,True,True,False,False,both
L1_without_flood_map,object,ALL,2024-09-20,capture_0.5,agricultural,0.699597416169191,0.6995974161691921,,,,,119,119,119,119,post_hoc,post_hoc,True,True,False,False,both
L1_without_flood_map,object,ALL,2024-09-20,capture_0.5,all,0.7979561544307934,0.7979561544307945,,,,,183,183,196,196,post_hoc,post_hoc,True,True,False,False,both
L1_without_flood_map,object,ALL,2024-09-20,capture_0.5,no_landuse_attr,0.9986562960409042,0.998656296040915,,,,,7,7,20,20,post_hoc,post_hoc,True,True,False,False,both
L1_without_flood_map,object,ALL,2024-09-20,observed-label_auc,agricultural,0.6136932535781559,0.613693253578156,0.5787396264499642,0.5787396264499653,0.6486483243984132,0.648648324398413,119,119,119,119,post_hoc,post_hoc,True,True,False,False,both
L1_without_flood_map,object,ALL,2024-09-20,observed-label_auc,all,0.705118415584004,0.705118415584004,0.6746373331494296,0.67463733314943,0.736699616197729,0.7366996161977294,183,183,196,196,post_hoc,post_hoc,True,True,False,False,both
L1_without_flood_map,object,ALL,2024-09-20,observed-label_auc,no_landuse_attr,0.7405481081567559,0.7405481081567584,0.6656330133449638,0.6656330133449684,0.8206218284804594,0.8206218284804597,7,7,20,20,post_hoc,post_hoc,True,True,False,False,both
L1_without_flood_map,object,ALL,2024-09-20,observed-label_auc,urban,0.8916374757714889,0.8916374757714884,0.8581298525341887,0.8581298525341887,0.9218749264396484,0.9218749264396484,57,57,57,57,post_hoc,post_hoc,True,True,False,False,both
L1_without_flood_map,object,ALL,2024-09-20,observed-label_auc_diff,agricultural,0.1633706925611134,0.1633706925611144,0.1272717825358399,0.1272717825358409,0.1989537430871093,0.1989537430871112,119,119,119,119,post_hoc,post_hoc,True,True,False,False,both
L1_without_flood_map,object,ALL,2024-09-20,observed-label_auc_diff,all,0.1115396861385357,0.1115396861385364,0.0826549085679069,0.0826549085679089,0.140644633833039,0.1406446338330381,183,183,196,196,post_hoc,post_hoc,True,True,False,False,both
L1_without_flood_map,object,ALL,2024-09-20,observed-label_auc_diff,no_landuse_attr,0.1548890086701027,0.1548890086701053,0.0270996048643872,0.0270996048643878,0.265202814776506,0.265202814776511,7,7,20,20,post_hoc,post_hoc,True,True,False,False,both
L1_without_flood_map,object,ALL,2024-09-20,observed-label_auc_diff,urban,-0.0019925072300306,-0.0019925072300307,-0.0440677515386755,-0.0440677515386755,0.0435392183055943,0.0435392183055942,57,57,57,57,post_hoc,post_hoc,True,True,False,False,both
L1_without_flood_map,object,ALL,ALL,capture_0.05,all,0.1537338612747531,0.1537338612747509,,,,,196,196,196,196,post_hoc,post_hoc,True,True,False,False,both
L1_without_flood_map,object,ALL,ALL,capture_0.05,no_landuse_attr,0.114632098384643,0.1146320983846215,,,,,20,20,20,20,post_hoc,post_hoc,True,True,False,False,both
L1_without_flood_map,object,ALL,ALL,capture_0.1,agricultural,0.0281568225430854,0.0281568225430846,,,,,119,119,119,119,post_hoc,post_hoc,True,True,False,False,both
L1_without_flood_map,object,ALL,ALL,capture_0.1,all,0.2439803644542448,0.2439803644542441,,,,,196,196,196,196,post_hoc,post_hoc,True,True,False,False,both
L1_without_flood_map,object,ALL,ALL,capture_0.1,no_landuse_attr,0.2896225682981842,0.2896225682981821,,,,,20,20,20,20,post_hoc,post_hoc,True,True,False,False,both
L1_without_flood_map,object,ALL,ALL,capture_0.2,agricultural,0.2393417642388784,0.2393417642388716,,,,,119,119,119,119,post_hoc,post_hoc,True,True,False,False,both
L1_without_flood_map,object,ALL,ALL,capture_0.2,all,0.4291009320339062,0.4291009320338959,,,,,196,196,196,196,post_hoc,post_hoc,True,True,False,False,both
L1_without_flood_map,object,ALL,ALL,capture_0.2,no_landuse_attr,0.4608260578242609,0.4608260578242006,,,,,20,20,20,20,post_hoc,post_hoc,True,True,False,False,both
L1_without_flood_map,object,ALL,ALL,capture_0.3,agricultural,0.3990859410537824,0.3990859410537835,,,,,119,119,119,119,post_hoc,post_hoc,True,True,False,False,both
L1_without_flood_map,object,ALL,ALL,capture_0.3,all,0.572703507305366,0.5727035073053666,,,,,196,196,196,196,post_hoc,post_hoc,True,True,False,False,both
L1_without_flood_map,object,ALL,ALL,capture_0.3,no_landuse_attr,0.6296013727990724,0.6296013727990709,,,,,20,20,20,20,post_hoc,post_hoc,True,True,False,False,both
L1_without_flood_map,object,ALL,ALL,capture_0.5,agricultural,0.699597416169191,0.6995974161691921,,,,,119,119,119,119,post_hoc,post_hoc,True,True,False,False,both
L1_without_flood_map,object,ALL,ALL,capture_0.5,all,0.7995117191459079,0.7995117191459148,,,,,196,196,196,196,post_hoc,post_hoc,True,True,False,False,both
L1_without_flood_map,object,ALL,ALL,capture_0.5,no_landuse_attr,0.8834457382024542,0.8834457382025149,,,,,20,20,20,20,post_hoc,post_hoc,True,True,False,False,both
L1_without_flood_map,object,ALL,ALL,observed-label_auc,agricultural,0.6136932535781559,0.613693253578156,0.5787396264499642,0.5787396264499653,0.6486483243984132,0.648648324398413,119,119,119,119,post_hoc,post_hoc,True,True,False,False,both
L1_without_flood_map,object,ALL,ALL,observed-label_auc,all,0.7087358020604392,0.7087358020604395,0.6784591231520649,0.6784591231520666,0.7384236802322132,0.7384236802322136,196,196,196,196,post_hoc,post_hoc,True,True,False,False,both
L1_without_flood_map,object,ALL,ALL,observed-label_auc,no_landuse_attr,0.7529691954535277,0.7529691954535336,0.6908375027956668,0.6908375027957239,0.8137945325225353,0.8137945325225191,20,20,20,20,post_hoc,post_hoc,True,True,False,False,both
L1_without_flood_map,object,ALL,ALL,observed-label_auc,urban,0.8916374757714889,0.8916374757714884,0.8581298525341887,0.8581298525341887,0.9218749264396484,0.9218749264396484,57,57,57,57,post_hoc,post_hoc,True,True,False,False,both
L1_without_flood_map,object,ALL,ALL,observed-label_auc_diff,agricultural,0.1633706925611134,0.1633706925611144,0.1272717825358399,0.1272717825358409,0.1989537430871093,0.1989537430871112,119,119,119,119,post_hoc,post_hoc,True,True,False,False,both
L1_without_flood_map,object,ALL,ALL,observed-label_auc_diff,all,0.1028397816196464,0.1028397816196473,0.0750896764482592,0.0750896764482613,0.1303073441167297,0.1303073441167321,196,196,196,196,post_hoc,post_hoc,True,True,False,False,both
L1_without_flood_map,object,ALL,ALL,observed-label_auc_diff,no_landuse_attr,0.0414528847394655,0.0414528847394705,-0.0180644620274401,-0.0180644620274421,0.1060035456362211,0.1060035456362179,20,20,20,20,post_hoc,post_hoc,True,True,False,False,both
L1_without_flood_map,object,ALL,ALL,observed-label_auc_diff,urban,-0.0019925072300306,-0.0019925072300307,-0.0440677515386755,-0.0440677515386755,0.0435392183055943,0.0435392183055942,57,57,57,57,post_hoc,post_hoc,True,True,False,False,both
L1_without_flood_map,object,ALL,MACRO,capture_0.05,all,0.1769660627975097,0.1769660627974742,0.05,0.05,0.3158638381580229,0.3158638381579166,4,4,196,196,post_hoc,post_hoc,True,True,False,False,both
L1_without_flood_map,object,ALL,MACRO,capture_0.05,no_landuse_attr,0.1468065156381779,0.1468065156381423,0.0163704725043406,0.0163704725043403,0.2772425587720152,0.2772425587719443,4,4,20,20,post_hoc,post_hoc,True,True,False,False,both
L1_without_flood_map,object,ALL,MACRO,capture_0.1,agricultural,0.0281568225430854,0.0281568225430846,0.0281568225430854,0.0281568225430846,0.0281568225430854,0.0281568225430846,1,1,119,119,post_hoc,post_hoc,True,True,False,False,both
L1_without_flood_map,object,ALL,MACRO,capture_0.1,all,0.3672797588487291,0.3672797588487252,0.05862888100951,0.0586288810095099,0.617301755678438,0.6173017556784306,4,4,196,196,post_hoc,post_hoc,True,True,False,False,both
L1_without_flood_map,object,ALL,MACRO,capture_0.1,no_landuse_attr,0.3403880504068282,0.3403880504068245,0.0634743451352183,0.0634743451352185,0.617301755678438,0.6173017556784306,4,4,20,20,post_hoc,post_hoc,True,True,False,False,both
L1_without_flood_map,object,ALL,MACRO,capture_0.2,agricultural,0.2393417642388784,0.2393417642388716,0.2393417642388784,0.2393417642388716,0.2393417642388784,0.2393417642388716,1,1,119,119,post_hoc,post_hoc,True,True,False,False,both
L1_without_flood_map,object,ALL,MACRO,capture_0.2,all,0.5321894590360955,0.5321894590360342,0.3310401420606733,0.3310401420605506,0.7333387760115178,0.7333387760115178,4,4,196,196,post_hoc,post_hoc,True,True,False,False,both
L1_without_flood_map,object,ALL,MACRO,capture_0.2,no_landuse_attr,0.498821275118898,0.4988212751188379,0.2643037742262785,0.264303774226158,0.7333387760115178,0.7333387760115178,4,4,20,20,post_hoc,post_hoc,True,True,False,False,both
L1_without_flood_map,object,ALL,MACRO,capture_0.3,agricultural,0.3990859410537824,0.3990859410537835,0.3990859410537824,0.3990859410537835,0.3990859410537824,0.3990859410537835,1,1,119,119,post_hoc,post_hoc,True,True,False,False,both
L1_without_flood_map,object,ALL,MACRO,capture_0.3,all,0.648882851672052,0.6488828516720497,0.4394153744985077,0.4394153744985007,0.8912999490614383,0.8912999490614384,4,4,196,196,post_hoc,post_hoc,True,True,False,False,both
L1_without_flood_map,object,ALL,MACRO,capture_0.3,no_landuse_attr,0.6423580003642747,0.6423580003642729,0.4394153744985077,0.4394153744985007,0.884775097753661,0.8847750977536616,4,4,20,20,post_hoc,post_hoc,True,True,False,False,both
L1_without_flood_map,object,ALL,MACRO,capture_0.5,agricultural,0.699597416169191,0.6995974161691921,0.699597416169191,0.6995974161691921,0.699597416169191,0.6995974161691921,1,1,119,119,post_hoc,post_hoc,True,True,False,False,both
L1_without_flood_map,object,ALL,MACRO,capture_0.5,all,0.8090061600939047,0.8090061600939471,0.7110322513308024,0.7110322513310412,0.9390027172451716,0.9390027172451344,4,4,196,196,post_hoc,post_hoc,True,True,False,False,both
L1_without_flood_map,object,ALL,MACRO,capture_0.5,no_landuse_attr,0.8591811954964325,0.8591811954964772,0.7190342429724128,0.719034242972497,0.999328148020452,0.9993281480204574,4,4,20,20,post_hoc,post_hoc,True,True,False,False,both
L1_without_flood_map,object,ALL,MACRO,observed-label_auc,agricultural,0.6136932535781559,0.613693253578156,0.6136932535781559,0.613693253578156,0.6136932535781559,0.613693253578156,1,1,119,119,post_hoc,post_hoc,True,True,False,False,both
L1_without_flood_map,object,ALL,MACRO,observed-label_auc,all,0.7492570579409471,0.7492570579409465,0.6528549180487495,0.6528549180487754,0.8463565657506753,0.8463565657506753,4,4,196,196,post_hoc,post_hoc,True,True,False,False,both
L1_without_flood_map,object,ALL,MACRO,observed-label_auc,no_landuse_attr,0.758114481084135,0.7581144810841352,0.6528549180487495,0.6528549180487754,0.8552139888938632,0.8552139888938639,4,4,20,20,post_hoc,post_hoc,True,True,False,False,both
L1_without_flood_map,object,ALL,MACRO,observed-label_auc,urban,0.8916374757714889,0.8916374757714884,0.8916374757714889,0.8916374757714884,0.8916374757714889,0.8916374757714884,1,1,57,57,post_hoc,post_hoc,True,True,False,False,both
L1_without_flood_map,object,ALL,MACRO,observed-label_auc_diff,agricultural,0.1633706925611134,0.1633706925611144,0.1633706925611134,0.1633706925611144,0.1633706925611134,0.1633706925611144,1,1,119,119,post_hoc,post_hoc,True,True,False,False,both
L1_without_flood_map,object,ALL,MACRO,observed-label_auc_diff,all,0.0151366927159539,0.0151366927159527,-0.0537445164141173,-0.0537445164140804,0.083679863294878,0.0836798632948649,4,4,196,196,post_hoc,post_hoc,True,True,False,False,both
L1_without_flood_map,object,ALL,MACRO,observed-label_auc_diff,no_landuse_attr,0.0259740233488456,0.0259740233488449,-0.0537445164141173,-0.0537445164140804,0.1161918551935533,0.1161918551935416,4,4,20,20,post_hoc,post_hoc,True,True,False,False,both
L1_without_flood_map,object,ALL,MACRO,observed-label_auc_diff,urban,-0.0019925072300306,-0.0019925072300307,-0.0019925072300306,-0.0019925072300307,-0.0019925072300306,-0.0019925072300307,1,1,57,57,post_hoc,post_hoc,True,True,False,False,both
city_flood_map,area,ALL,2022-09-06,capture_0.05,all,0.6466205139965655,0.6466205139983822,,,,,6,6,196,196,reference,reference,False,False,False,False,both
city_flood_map,area,ALL,2022-09-06,capture_0.05,no_landuse_attr,0.6466205139965655,0.6466205139983822,,,,,6,6,20,20,reference,reference,False,False,False,False,both
city_flood_map,area,ALL,2022-09-06,capture_0.1,all,0.6466205139965655,0.6466205139983822,,,,,6,6,196,196,reference,reference,False,False,False,False,both
city_flood_map,area,ALL,2022-09-06,capture_0.1,no_landuse_attr,0.6466205139965655,0.6466205139983822,,,,,6,6,20,20,reference,reference,False,False,False,False,both
city_flood_map,area,ALL,2022-09-06,capture_0.2,all,0.6466205139965655,0.6466205139983822,,,,,6,6,196,196,reference,reference,False,False,False,False,both
city_flood_map,area,ALL,2022-09-06,capture_0.2,no_landuse_attr,0.6466205139965655,0.6466205139983822,,,,,6,6,20,20,reference,reference,False,False,False,False,both
city_flood_map,area,ALL,2022-09-06,capture_0.3,all,0.6466205139965655,0.6466205139983822,,,,,6,6,196,196,reference,reference,False,False,False,False,both
city_flood_map,area,ALL,2022-09-06,capture_0.3,no_landuse_attr,0.6466205139965655,0.6466205139983822,,,,,6,6,20,20,reference,reference,False,False,False,False,both
city_flood_map,area,ALL,2022-09-06,capture_0.5,all,0.6466205139965655,0.6466205139983822,,,,,6,6,196,196,reference,reference,False,False,False,False,both
city_flood_map,area,ALL,2022-09-06,capture_0.5,no_landuse_attr,0.6466205139965655,0.6466205139983822,,,,,6,6,20,20,reference,reference,False,False,False,False,both
city_flood_map,area,ALL,2022-09-06,observed-label_auc,all,0.7792435556789298,0.779243555679884,0.5492300208792167,0.5492300208799135,0.9732586283405172,0.9732586283405172,5,5,196,196,reference,reference,False,False,False,False,both
city_flood_map,area,ALL,2022-09-06,observed-label_auc,no_landuse_attr,0.7792435556789298,0.779243555679884,0.5492300208792167,0.5492300208799135,0.9732586283405172,0.9732586283405172,5,5,20,20,reference,reference,False,False,False,False,both
city_flood_map,area,ALL,2023-08-10,capture_0.05,all,0.6054729368046414,0.6054729368044914,,,,,42,42,196,196,reference,reference,False,False,False,False,both
city_flood_map,area,ALL,2023-08-10,capture_0.05,no_landuse_attr,0.6054729368046414,0.6054729368044914,,,,,42,42,20,20,reference,reference,False,False,False,False,both
city_flood_map,area,ALL,2023-08-10,capture_0.1,all,0.7570898243195276,0.757089824319402,,,,,42,42,196,196,reference,reference,False,False,False,False,both
city_flood_map,area,ALL,2023-08-10,capture_0.1,no_landuse_attr,0.7570898243195276,0.757089824319402,,,,,42,42,20,20,reference,reference,False,False,False,False,both
city_flood_map,area,ALL,2023-08-10,capture_0.2,all,0.7570898243195276,0.757089824319402,,,,,42,42,196,196,reference,reference,False,False,False,False,both
city_flood_map,area,ALL,2023-08-10,capture_0.2,no_landuse_attr,0.7570898243195276,0.757089824319402,,,,,42,42,20,20,reference,reference,False,False,False,False,both
city_flood_map,area,ALL,2023-08-10,capture_0.3,all,0.7570898243195276,0.757089824319402,,,,,42,42,196,196,reference,reference,False,False,False,False,both
city_flood_map,area,ALL,2023-08-10,capture_0.3,no_landuse_attr,0.7570898243195276,0.757089824319402,,,,,42,42,20,20,reference,reference,False,False,False,False,both
city_flood_map,area,ALL,2023-08-10,capture_0.5,all,0.7570898243195276,0.757089824319402,,,,,42,42,196,196,reference,reference,False,False,False,False,both
city_flood_map,area,ALL,2023-08-10,capture_0.5,no_landuse_attr,0.7570898243195276,0.757089824319402,,,,,42,42,20,20,reference,reference,False,False,False,False,both
city_flood_map,area,ALL,2023-08-10,observed-label_auc,all,0.8410459065535547,0.8410459065534862,0.4395432675832384,0.4395432675832384,0.9806020316437928,0.9806020316437938,3,3,196,196,reference,reference,False,False,False,False,both
city_flood_map,area,ALL,2023-08-10,observed-label_auc,no_landuse_attr,0.8410459065535547,0.8410459065534862,0.4395432675832384,0.4395432675832384,0.9806020316437928,0.9806020316437938,3,3,20,20,reference,reference,False,False,False,False,both
city_flood_map,area,ALL,2024-07-24,capture_0.1,all,0.2541388551845256,0.2541388551842411,,,,,23,23,196,196,reference,reference,False,False,False,False,both
city_flood_map,area,ALL,2024-07-24,capture_0.1,no_landuse_attr,0.2541388551845256,0.2541388551842411,,,,,23,23,20,20,reference,reference,False,False,False,False,both
city_flood_map,area,ALL,2024-07-24,capture_0.2,all,0.6371028101439992,0.6371028101437459,,,,,23,23,196,196,reference,reference,False,False,False,False,both
city_flood_map,area,ALL,2024-07-24,capture_0.2,no_landuse_attr,0.6371028101439992,0.6371028101437459,,,,,23,23,20,20,reference,reference,False,False,False,False,both
city_flood_map,area,ALL,2024-07-24,capture_0.3,all,0.6371028101439992,0.6371028101437459,,,,,23,23,196,196,reference,reference,False,False,False,False,both
city_flood_map,area,ALL,2024-07-24,capture_0.3,no_landuse_attr,0.6371028101439992,0.6371028101437459,,,,,23,23,20,20,reference,reference,False,False,False,False,both
city_flood_map,area,ALL,2024-07-24,capture_0.5,all,0.6371028101439992,0.6371028101437459,,,,,23,23,196,196,reference,reference,False,False,False,False,both
city_flood_map,area,ALL,2024-07-24,capture_0.5,no_landuse_attr,0.6371028101439992,0.6371028101437459,,,,,23,23,20,20,reference,reference,False,False,False,False,both
city_flood_map,area,ALL,2024-07-24,observed-label_auc,all,0.7347891284683024,0.7347891284681841,0.5735130614814793,0.5735130614812993,0.8555753668307018,0.8555753668306578,5,5,196,196,reference,reference,False,False,False,False,both
city_flood_map,area,ALL,2024-07-24,observed-label_auc,no_landuse_attr,0.7347891284683024,0.7347891284681841,0.5735130614814793,0.5735130614812993,0.8555753668307018,0.8555753668306578,5,5,20,20,reference,reference,False,False,False,False,both
city_flood_map,area,ALL,2024-09-20,capture_0.05,agricultural,7.859780647518522e-05,7.859780647523064e-05,,,,,1506,1506,119,119,reference,reference,False,False,False,False,both
city_flood_map,area,ALL,2024-09-20,capture_0.05,all,0.0062400438803888,0.0062400438803894,,,,,1612,1612,196,196,reference,reference,False,False,False,False,both
city_flood_map,area,ALL,2024-09-20,capture_0.05,no_landuse_attr,0.837727966977431,0.8377279669773012,,,,,34,34,20,20,reference,reference,False,False,False,False,both
city_flood_map,area,ALL,2024-09-20,capture_0.05,urban,0.6574745665110782,0.6574745665112932,,,,,72,72,57,57,reference,reference,False,False,False,False,both
city_flood_map,area,ALL,2024-09-20,capture_0.1,agricultural,0.0020518048632691,0.0020518048632692,,,,,1506,1506,119,119,reference,reference,False,False,False,False,both
city_flood_map,area,ALL,2024-09-20,capture_0.1,all,0.0086675086691989,0.0086675086691997,,,,,1612,1612,196,196,reference,reference,False,False,False,False,both
city_flood_map,area,ALL,2024-09-20,capture_0.1,no_landuse_attr,0.8462810724475569,0.8462810724474253,,,,,34,34,20,20,reference,reference,False,False,False,False,both
city_flood_map,area,ALL,2024-09-20,capture_0.1,urban,0.8297295990673975,0.8297295990676536,,,,,72,72,57,57,reference,reference,False,False,False,False,both
city_flood_map,area,ALL,2024-09-20,capture_0.2,agricultural,0.0048976998540127,0.0048976998540126,,,,,1506,1506,119,119,reference,reference,False,False,False,False,both
city_flood_map,area,ALL,2024-09-20,capture_0.2,all,0.0116749099872912,0.0116749099872919,,,,,1612,1612,196,196,reference,reference,False,False,False,False,both
city_flood_map,area,ALL,2024-09-20,capture_0.2,no_landuse_attr,0.8462810724475569,0.8462810724474253,,,,,34,34,20,20,reference,reference,False,False,False,False,both
city_flood_map,area,ALL,2024-09-20,capture_0.2,urban,0.9045650690105984,0.9045650690108488,,,,,72,72,57,57,reference,reference,False,False,False,False,both
city_flood_map,area,ALL,2024-09-20,capture_0.3,agricultural,0.0716193251020012,0.0716193251020033,,,,,1506,1506,119,119,reference,reference,False,False,False,False,both
city_flood_map,area,ALL,2024-09-20,capture_0.3,all,0.078249174184166,0.0782491741841696,,,,,1612,1612,196,196,reference,reference,False,False,False,False,both
city_flood_map,area,ALL,2024-09-20,capture_0.3,no_landuse_attr,0.9160691178253528,0.916069117825372,,,,,34,34,20,20,reference,reference,False,False,False,False,both
city_flood_map,area,ALL,2024-09-20,capture_0.3,urban,0.9045650690105984,0.9045650690108488,,,,,72,72,57,57,reference,reference,False,False,False,False,both
city_flood_map,area,ALL,2024-09-20,capture_0.5,agricultural,0.0866742058442618,0.0866742058442633,,,,,1506,1506,119,119,reference,reference,False,False,False,False,both
city_flood_map,area,ALL,2024-09-20,capture_0.5,all,0.0936743558414859,0.0936743558414889,,,,,1612,1612,196,196,reference,reference,False,False,False,False,both
city_flood_map,area,ALL,2024-09-20,capture_0.5,urban,0.9182121863486108,0.91821218634886,,,,,72,72,57,57,reference,reference,False,False,False,False,both
city_flood_map,area,ALL,2024-09-20,observed-label_auc,agricultural,0.4417174739661536,0.4417174739661536,0.4398000575966485,0.4398000575966486,0.4446296765923248,0.4446296765923249,119,119,119,119,reference,reference,False,False,False,False,both
city_flood_map,area,ALL,2024-09-20,observed-label_auc,all,0.4453323295860704,0.4453323295860709,0.441068066137117,0.4410680661371173,0.4530020228012025,0.4530020228012032,183,183,196,196,reference,reference,False,False,False,False,both
city_flood_map,area,ALL,2024-09-20,observed-label_auc,no_landuse_attr,0.8934130568935706,0.8934130568934998,0.4395432675832385,0.4395432675832385,0.9640119866047402,0.9640119866047392,7,7,20,20,reference,reference,False,False,False,False,both
city_flood_map,area,ALL,2024-09-20,observed-label_auc,urban,0.91514985252619,0.9151498525263227,0.8575722972485051,0.8575722972487616,0.9542513682620154,0.9542513682620752,57,57,57,57,reference,reference,False,False,False,False,both
city_flood_map,area,ALL,ALL,capture_0.05,agricultural,7.859780647518522e-05,7.859780647523064e-05,,,,,1506,1506,119,119,reference,reference,False,False,False,False,both
city_flood_map,area,ALL,ALL,capture_0.05,all,0.0092325161586613,0.0092325161586609,,,,,1674,1674,196,196,reference,reference,False,False,False,False,both
city_flood_map,area,ALL,ALL,capture_0.05,no_landuse_attr,0.6819460916456372,0.6819460916455363,,,,,96,96,20,20,reference,reference,False,False,False,False,both
city_flood_map,area,ALL,ALL,capture_0.05,urban,0.6574745665110782,0.6574745665112932,,,,,72,72,57,57,reference,reference,False,False,False,False,both
city_flood_map,area,ALL,ALL,capture_0.1,agricultural,0.0020518048632691,0.0020518048632692,,,,,1506,1506,119,119,reference,reference,False,False,False,False,both
city_flood_map,area,ALL,ALL,capture_0.1,all,0.0125657499746598,0.0125657499746594,,,,,1674,1674,196,196,reference,reference,False,False,False,False,both
city_flood_map,area,ALL,ALL,capture_0.1,no_landuse_attr,0.7691932428303866,0.7691932428302702,,,,,96,96,20,20,reference,reference,False,False,False,False,both
city_flood_map,area,ALL,ALL,capture_0.1,urban,0.8297295990673975,0.8297295990676536,,,,,72,72,57,57,reference,reference,False,False,False,False,both
city_flood_map,area,ALL,ALL,capture_0.2,agricultural,0.0048976998540127,0.0048976998540126,,,,,1506,1506,119,119,reference,reference,False,False,False,False,both
city_flood_map,area,ALL,ALL,capture_0.2,all,0.015815062359925,0.0158150623599245,,,,,1674,1674,196,196,reference,reference,False,False,False,False,both
city_flood_map,area,ALL,ALL,capture_0.2,no_landuse_attr,0.7925904827679134,0.7925904827677971,,,,,96,96,20,20,reference,reference,False,False,False,False,both
city_flood_map,area,ALL,ALL,capture_0.2,urban,0.9045650690105984,0.9045650690108488,,,,,72,72,57,57,reference,reference,False,False,False,False,both
city_flood_map,area,ALL,ALL,capture_0.3,agricultural,0.0716193251020012,0.0716193251020033,,,,,1506,1506,119,119,reference,reference,False,False,False,False,both
city_flood_map,area,ALL,ALL,capture_0.3,all,0.082011674465299,0.0820116744653015,,,,,1674,1674,196,196,reference,reference,False,False,False,False,both
city_flood_map,area,ALL,ALL,capture_0.3,no_landuse_attr,0.8266117289913694,0.8266117289913316,,,,,96,96,20,20,reference,reference,False,False,False,False,both
city_flood_map,area,ALL,ALL,capture_0.3,urban,0.9045650690105984,0.9045650690108488,,,,,72,72,57,57,reference,reference,False,False,False,False,both
city_flood_map,area,ALL,ALL,capture_0.5,agricultural,0.0866742058442618,0.0866742058442633,,,,,1506,1506,119,119,reference,reference,False,False,False,False,both
city_flood_map,area,ALL,ALL,capture_0.5,all,0.0973493545604922,0.097349354560494,,,,,1674,1674,196,196,reference,reference,False,False,False,False,both
city_flood_map,area,ALL,ALL,capture_0.5,no_landuse_attr,0.8675275218432499,0.8675275218432086,,,,,96,96,20,20,reference,reference,False,False,False,False,both
city_flood_map,area,ALL,ALL,capture_0.5,urban,0.9182121863486108,0.91821218634886,,,,,72,72,57,57,reference,reference,False,False,False,False,both
city_flood_map,area,ALL,ALL,observed-label_auc,agricultural,0.4417174739661536,0.4417174739661536,0.4398000575966485,0.4398000575966486,0.4446296765923248,0.4446296765923249,119,119,119,119,reference,reference,False,False,False,False,both
city_flood_map,area,ALL,ALL,observed-label_auc,all,0.4475011997617044,0.4475011997617042,0.4427524421157041,0.4427524421157044,0.4554773268824891,0.4554773268824885,196,196,196,196,reference,reference,False,False,False,False,both
city_flood_map,area,ALL,ALL,observed-label_auc,no_landuse_attr,0.8597197667626661,0.8597197667626048,0.6177497918582762,0.6177497918582265,0.9504861846577064,0.9504861846576828,20,20,20,20,reference,reference,False,False,False,False,both
city_flood_map,area,ALL,ALL,observed-label_auc,urban,0.91514985252619,0.9151498525263227,0.8575722972485051,0.8575722972487616,0.9542513682620154,0.9542513682620752,57,57,57,57,reference,reference,False,False,False,False,both
city_flood_map,area,ALL,MACRO,capture_0.05,agricultural,7.859780647518522e-05,7.859780647523064e-05,7.859780647518522e-05,7.859780647523064e-05,7.859780647518522e-05,7.859780647523064e-05,1,1,119,119,reference,reference,False,False,False,False,both
city_flood_map,area,ALL,MACRO,capture_0.05,all,0.3145833736703989,0.3145833736708158,0.0031200219401944,0.0031200219401947,0.6260467254006035,0.6260467254014368,4,4,196,196,reference,reference,False,False,False,False,both
city_flood_map,area,ALL,MACRO,capture_0.05,no_landuse_attr,0.5224553544446595,0.5224553544450438,0.1616551284991413,0.1616551284995955,0.7796642094342336,0.7796642094340989,4,4,20,20,reference,reference,False,False,False,False,both
city_flood_map,area,ALL,MACRO,capture_0.05,urban,0.6574745665110782,0.6574745665112932,0.6574745665110782,0.6574745665112932,0.6574745665110782,0.6574745665112932,1,1,57,57,reference,reference,False,False,False,False,both
city_flood_map,area,ALL,MACRO,capture_0.1,agricultural,0.0020518048632691,0.0020518048632692,0.0020518048632691,0.0020518048632692,0.0020518048632691,0.0020518048632692,1,1,119,119,reference,reference,False,False,False,False,both
city_flood_map,area,ALL,MACRO,capture_0.1,all,0.4166291755424544,0.4166291755428062,0.1314031819268623,0.1314031819267204,0.7018551691580466,0.7018551691588921,4,4,196,196,reference,reference,False,False,False,False,both
city_flood_map,area,ALL,MACRO,capture_0.1,no_landuse_attr,0.6260325664870439,0.6260325664873627,0.3798765974682761,0.3798765974680313,0.8016854483835423,0.8016854483834137,4,4,20,20,reference,reference,False,False,False,False,both
city_flood_map,area,ALL,MACRO,capture_0.1,urban,0.8297295990673975,0.8297295990676536,0.8297295990673975,0.8297295990676536,0.8297295990673975,0.8297295990676536,1,1,57,57,reference,reference,False,False,False,False,both
city_flood_map,area,ALL,MACRO,capture_0.2,agricultural,0.0048976998540127,0.0048976998540126,0.0048976998540127,0.0048976998540126,0.0048976998540127,0.0048976998540126,1,1,119,119,reference,reference,False,False,False,False,both
city_flood_map,area,ALL,MACRO,capture_0.2,all,0.5131220146118458,0.5131220146122055,0.1704113109896098,0.1704113109900644,0.7270930707756456,0.727093070775488,4,4,196,196,reference,reference,False,False,False,False,both
city_flood_map,area,ALL,MACRO,capture_0.2,no_landuse_attr,0.7217735552269124,0.7217735552272388,0.6418616620702824,0.641861662071064,0.8016854483835423,0.8016854483834137,4,4,20,20,reference,reference,False,False,False,False,both
city_flood_map,area,ALL,MACRO,capture_0.2,urban,0.9045650690105984,0.9045650690108488,0.9045650690105984,0.9045650690108488,0.9045650690105984,0.9045650690108488,1,1,57,57,reference,reference,False,False,False,False,both
city_flood_map,area,ALL,MACRO,capture_0.3,agricultural,0.0716193251020012,0.0716193251020033,0.0716193251020012,0.0716193251020033,0.0716193251020012,0.0716193251020033,1,1,119,119,reference,reference,False,False,False,False,both
city_flood_map,area,ALL,MACRO,capture_0.3,all,0.5297655806610646,0.529765580661425,0.2203420091372659,0.2203420091377227,0.7270930707756456,0.7270930707754879,4,4,196,196,reference,reference,False,False,False,False,both
city_flood_map,area,ALL,MACRO,capture_0.3,no_landuse_attr,0.7392205665713614,0.7392205665717255,0.6418616620702823,0.641861662071064,0.848706966868156,0.8487069668686247,4,4,20,20,reference,reference,False,False,False,False,both
city_flood_map,area,ALL,MACRO,capture_0.3,urban,0.9045650690105984,0.9045650690108488,0.9045650690105984,0.9045650690108488,0.9045650690105984,0.9045650690108488,1,1,57,57,reference,reference,False,False,False,False,both
city_flood_map,area,ALL,MACRO,capture_0.5,agricultural,0.0866742058442618,0.0866742058442633,0.0866742058442618,0.0866742058442633,0.0866742058442618,0.0866742058442633,1,1,119,119,reference,reference,False,False,False,False,both
city_flood_map,area,ALL,MACRO,capture_0.5,all,0.5336218760753946,0.5336218760757547,0.2319108953802558,0.2319108953807122,0.7270930707756456,0.727093070775488,4,4,196,196,reference,reference,False,False,False,False,both
city_flood_map,area,ALL,MACRO,capture_0.5,no_landuse_attr,0.760203287115023,0.7602032871153825,0.6418616620702824,0.641861662071064,0.9116551284991412,0.9116551284995956,4,4,20,20,reference,reference,False,False,False,False,both
city_flood_map,area,ALL,MACRO,capture_0.5,urban,0.9182121863486108,0.91821218634886,0.9182121863486108,0.91821218634886,0.9182121863486108,0.91821218634886,1,1,57,57,reference,reference,False,False,False,False,both
city_flood_map,area,ALL,MACRO,observed-label_auc,all,0.7001027300717143,0.7001027300719064,0.5288101361092852,0.5288101361095242,0.8144817120322416,0.8144817120321607,4,4,196,196,reference,reference,False,False,False,False,both
city_flood_map,area,ALL,MACRO,observed-label_auc,no_landuse_attr,0.8121229118985893,0.8121229118987635,0.757016342073616,0.7570163420740341,0.8672294817235626,0.867229481723493,4,4,20,20,reference,reference,False,False,False,False,both
city_flood_map,area,ALL,MACRO,observed-label_auc,urban,0.91514985252619,0.9151498525263227,0.91514985252619,0.9151498525263227,0.91514985252619,0.9151498525263227,1,1,57,57,reference,reference,False,False,False,False,both
city_flood_map,object,ALL,2023-08-10,capture_0.05,all,0.510925269813735,0.5109252698137308,,,,,3,3,196,196,reference,reference,False,False,False,False,both
city_flood_map,object,ALL,2023-08-10,capture_0.05,no_landuse_attr,0.510925269813735,0.5109252698137308,,,,,3,3,20,20,reference,reference,False,False,False,False,both
city_flood_map,object,ALL,2023-08-10,observed-label_auc,all,0.7919005696989232,0.7919005696989235,0.4395432675832385,0.4395432675832385,0.9806020316437928,0.980602031643794,3,3,196,196,reference,reference,False,False,False,False,both
city_flood_map,object,ALL,2023-08-10,observed-label_auc,no_landuse_attr,0.7919005696989232,0.7919005696989235,0.4395432675832385,0.4395432675832385,0.9806020316437928,0.980602031643794,3,3,20,20,reference,reference,False,False,False,False,both
city_flood_map,object,ALL,2024-07-24,capture_0.2,all,0.5305557007843804,0.530555700784382,,,,,5,5,196,196,reference,reference,False,False,False,False,both
city_flood_map,object,ALL,2024-07-24,capture_0.2,no_landuse_attr,0.5305557007843804,0.530555700784382,,,,,5,5,20,20,reference,reference,False,False,False,False,both
city_flood_map,object,ALL,2024-07-24,capture_0.3,all,0.5305557007843804,0.530555700784382,,,,,5,5,196,196,reference,reference,False,False,False,False,both
city_flood_map,object,ALL,2024-07-24,capture_0.3,no_landuse_attr,0.5305557007843804,0.530555700784382,,,,,5,5,20,20,reference,reference,False,False,False,False,both
city_flood_map,object,ALL,2024-07-24,capture_0.5,all,0.5305557007843804,0.530555700784382,,,,,5,5,196,196,reference,reference,False,False,False,False,both
city_flood_map,object,ALL,2024-07-24,capture_0.5,no_landuse_attr,0.5305557007843804,0.530555700784382,,,,,5,5,20,20,reference,reference,False,False,False,False,both
city_flood_map,object,ALL,2024-07-24,observed-label_auc,all,0.6884152803863121,0.6884152803863154,0.4988912348348363,0.498891234834837,0.877939325937788,0.8779393259377939,5,5,196,196,reference,reference,False,False,False,False,both
city_flood_map,object,ALL,2024-07-24,observed-label_auc,no_landuse_attr,0.6884152803863121,0.6884152803863154,0.4988912348348363,0.498891234834837,0.877939325937788,0.8779393259377939,5,5,20,20,reference,reference,False,False,False,False,both
city_flood_map,object,ALL,2024-09-20,capture_0.05,agricultural,0.0051112679011555,0.0051112679011567,,,,,119,119,119,119,reference,reference,False,False,False,False,both
city_flood_map,object,ALL,2024-09-20,capture_0.05,all,0.191955704982358,0.1919557049823587,,,,,183,183,196,196,reference,reference,False,False,False,False,both
city_flood_map,object,ALL,2024-09-20,capture_0.1,agricultural,0.01759711127787,0.0175971112778679,,,,,119,119,119,119,reference,reference,False,False,False,False,both
city_flood_map,object,ALL,2024-09-20,capture_0.1,all,0.2781918344223156,0.2781918344223142,,,,,183,183,196,196,reference,reference,False,False,False,False,both
city_flood_map,object,ALL,2024-09-20,capture_0.2,agricultural,0.0307744562164259,0.0307744562164237,,,,,119,119,119,119,reference,reference,False,False,False,False,both
city_flood_map,object,ALL,2024-09-20,capture_0.2,all,0.3015496659133219,0.3015496659133205,,,,,183,183,196,196,reference,reference,False,False,False,False,both
city_flood_map,object,ALL,2024-09-20,capture_0.3,agricultural,0.3535345914319086,0.3535345914319064,,,,,119,119,119,119,reference,reference,False,False,False,False,both
city_flood_map,object,ALL,2024-09-20,capture_0.3,all,0.5278253822556302,0.5278253822556289,,,,,183,183,196,196,reference,reference,False,False,False,False,both
city_flood_map,object,ALL,2024-09-20,capture_0.5,agricultural,0.4825076365441638,0.4825076365441617,,,,,119,119,119,119,reference,reference,False,False,False,False,both
city_flood_map,object,ALL,2024-09-20,capture_0.5,all,0.6307016871516694,0.630701687151668,,,,,183,183,196,196,reference,reference,False,False,False,False,both
city_flood_map,object,ALL,2024-09-20,observed-label_auc,agricultural,0.4503225610170424,0.4503225610170415,0.4417183267772917,0.4417183267772896,0.4622914910228479,0.4622914910228459,119,119,119,119,reference,reference,False,False,False,False,both
city_flood_map,object,ALL,2024-09-20,observed-label_auc,all,0.5935787294454683,0.5935787294454675,0.5615109643240157,0.5615109643240145,0.6259517712424967,0.625951771242495,183,183,196,196,reference,reference,False,False,False,False,both
city_flood_map,object,ALL,2024-09-20,observed-label_auc,no_landuse_attr,0.5856590994866532,0.5856590994866531,0.4395432675832386,0.4395432675832386,0.7868972627004361,0.7868972627004361,7,7,20,20,reference,reference,False,False,False,False,both
city_flood_map,object,ALL,2024-09-20,observed-label_auc,urban,0.8936299830015195,0.8936299830015192,0.843922086051998,0.8439220860519977,0.9350547116419196,0.9350547116419196,57,57,57,57,reference,reference,False,False,False,False,both
city_flood_map,object,ALL,ALL,capture_0.05,agricultural,0.0051112679011555,0.0051112679011567,,,,,119,119,119,119,reference,reference,False,False,False,False,both
city_flood_map,object,ALL,ALL,capture_0.05,all,0.2074523970470037,0.2074523970470043,,,,,196,196,196,196,reference,reference,False,False,False,False,both
city_flood_map,object,ALL,ALL,capture_0.05,no_landuse_attr,0.3265843363198454,0.3265843363198448,,,,,20,20,20,20,reference,reference,False,False,False,False,both
city_flood_map,object,ALL,ALL,capture_0.1,agricultural,0.01759711127787,0.0175971112778679,,,,,119,119,119,119,reference,reference,False,False,False,False,both
city_flood_map,object,ALL,ALL,capture_0.1,all,0.2992259799122944,0.299225979912293,,,,,196,196,196,196,reference,reference,False,False,False,False,both
city_flood_map,object,ALL,ALL,capture_0.2,agricultural,0.0307744562164259,0.0307744562164237,,,,,119,119,119,119,reference,reference,False,False,False,False,both
city_flood_map,object,ALL,ALL,capture_0.2,all,0.325695751867652,0.3256957518676508,,,,,196,196,196,196,reference,reference,False,False,False,False,both
city_flood_map,object,ALL,ALL,capture_0.2,no_landuse_attr,0.532638925196095,0.5326389251960955,,,,,20,20,20,20,reference,reference,False,False,False,False,both
city_flood_map,object,ALL,ALL,capture_0.3,agricultural,0.3535345914319086,0.3535345914319064,,,,,119,119,119,119,reference,reference,False,False,False,False,both
city_flood_map,object,ALL,ALL,capture_0.3,all,0.5369633849831748,0.5369633849831734,,,,,196,196,196,196,reference,reference,False,False,False,False,both
city_flood_map,object,ALL,ALL,capture_0.3,no_landuse_attr,0.682638925196095,0.6826389251960955,,,,,20,20,20,20,reference,reference,False,False,False,False,both
city_flood_map,object,ALL,ALL,capture_0.5,agricultural,0.4825076365441638,0.4825076365441617,,,,,119,119,119,119,reference,reference,False,False,False,False,both
city_flood_map,object,ALL,ALL,capture_0.5,all,0.6330162614932521,0.6330162614932507,,,,,196,196,196,196,reference,reference,False,False,False,False,both
city_flood_map,object,ALL,ALL,capture_0.5,no_landuse_attr,0.782638925196095,0.7826389251960955,,,,,20,20,20,20,reference,reference,False,False,False,False,both
city_flood_map,object,ALL,ALL,observed-label_auc,agricultural,0.4503225610170424,0.4503225610170415,0.4417183267772917,0.4417183267772896,0.4622914910228479,0.4622914910228459,119,119,119,119,reference,reference,False,False,False,False,both
city_flood_map,object,ALL,ALL,observed-label_auc,all,0.6058960204407927,0.6058960204407922,0.5748554110411608,0.5748554110411609,0.6386965170153364,0.6386965170153356,196,196,196,196,reference,reference,False,False,False,False,both
city_flood_map,object,ALL,ALL,observed-label_auc,no_landuse_attr,0.7115163107140622,0.7115163107140631,0.6093276960632491,0.6093276960632494,0.810924058606823,0.8109240586068232,20,20,20,20,reference,reference,False,False,False,False,both
city_flood_map,object,ALL,ALL,observed-label_auc,urban,0.8936299830015195,0.8936299830015192,0.843922086051998,0.8439220860519977,0.9350547116419196,0.9350547116419196,57,57,57,57,reference,reference,False,False,False,False,both
city_flood_map,object,ALL,MACRO,capture_0.05,agricultural,0.0051112679011555,0.0051112679011567,0.0051112679011555,0.0051112679011567,0.0051112679011555,0.0051112679011567,1,1,119,119,reference,reference,False,False,False,False,both
city_flood_map,object,ALL,MACRO,capture_0.05,all,0.3757202436990232,0.3757202436990224,0.095977852491179,0.0959778524911793,0.6554626349068675,0.6554626349068654,4,4,196,196,reference,reference,False,False,False,False,both
city_flood_map,object,ALL,MACRO,capture_0.05,no_landuse_attr,0.3634067073447089,0.3634067073447079,0.0356753898912751,0.0356753898912751,0.6554626349068675,0.6554626349068654,4,4,20,20,reference,reference,False,False,False,False,both
city_flood_map,object,ALL,MACRO,capture_0.1,agricultural,0.01759711127787,0.0175971112778679,0.01759711127787,0.0175971112778679,0.01759711127787,0.0175971112778679,1,1,119,119,reference,reference,False,False,False,False,both
city_flood_map,object,ALL,MACRO,capture_0.1,all,0.5231739434485423,0.523173943448542,0.3130145535637513,0.3130145535637506,0.7333333333333334,0.7333333333333334,4,4,196,196,reference,reference,False,False,False,False,both
city_flood_map,object,ALL,MACRO,capture_0.2,agricultural,0.0307744562164259,0.0307744562164237,0.0307744562164259,0.0307744562164237,0.0307744562164259,0.0307744562164237,1,1,119,119,reference,reference,False,False,False,False,both
city_flood_map,object,ALL,MACRO,capture_0.2,all,0.5746930083410923,0.5746930083410923,0.392828916101658,0.392828916101657,0.7333333333333334,0.7333333333333334,4,4,196,196,reference,reference,False,False,False,False,both
city_flood_map,object,ALL,MACRO,capture_0.2,no_landuse_attr,0.5707341632913332,0.5707341632913335,0.3809523809523809,0.3809523809523809,0.7333333333333334,0.7333333333333334,4,4,20,20,reference,reference,False,False,False,False,both
city_flood_map,object,ALL,MACRO,capture_0.3,agricultural,0.3535345914319086,0.3535345914319064,0.3535345914319086,0.3535345914319064,0.3535345914319086,0.3535345914319064,1,1,119,119,reference,reference,False,False,False,False,both
city_flood_map,object,ALL,MACRO,capture_0.3,all,0.6312619374266694,0.6312619374266694,0.5291905415200053,0.5291905415200054,0.7333333333333334,0.7333333333333334,4,4,196,196,reference,reference,False,False,False,False,both
city_flood_map,object,ALL,MACRO,capture_0.3,no_landuse_attr,0.6778770204341903,0.6778770204341907,0.5764882041597139,0.576488204159715,0.7666666666666667,0.7666666666666667,4,4,20,20,reference,reference,False,False,False,False,both
city_flood_map,object,ALL,MACRO,capture_0.5,agricultural,0.4825076365441638,0.4825076365441617,0.4825076365441638,0.4825076365441617,0.4825076365441638,0.4825076365441617,1,1,119,119,reference,reference,False,False,False,False,both
city_flood_map,object,ALL,MACRO,capture_0.5,all,0.6569810136506792,0.6569810136506792,0.5645834422549519,0.5645834422549532,0.7576754217879175,0.7576754217879171,4,4,196,196,reference,reference,False,False,False,False,both
city_flood_map,object,ALL,MACRO,capture_0.5,no_landuse_attr,0.7493055918627617,0.7493055918627621,0.5979167755882853,0.5979167755882865,0.9166666666666666,0.9166666666666666,4,4,20,20,reference,reference,False,False,False,False,both
city_flood_map,object,ALL,MACRO,observed-label_auc,agricultural,0.4503225610170424,0.4503225610170415,0.4503225610170424,0.4503225610170415,0.4503225610170424,0.4503225610170415,1,1,119,119,reference,reference,False,False,False,False,both
city_flood_map,object,ALL,MACRO,observed-label_auc,all,0.7341203652249931,0.7341203652249939,0.6409970049158902,0.6409970049158915,0.8276855149820334,0.8276855149820335,4,4,196,196,reference,reference,False,False,False,False,both
city_flood_map,object,ALL,MACRO,observed-label_auc,no_landuse_attr,0.7321404577352894,0.7321404577352902,0.6370371899364826,0.6370371899364842,0.8272437255340961,0.8272437255340962,4,4,20,20,reference,reference,False,False,False,False,both
city_flood_map,object,ALL,MACRO,observed-label_auc,urban,0.8936299830015195,0.8936299830015192,0.8936299830015195,0.8936299830015192,0.8936299830015195,0.8936299830015192,1,1,57,57,reference,reference,False,False,False,False,both
model_frozen,area,ALL,2022-09-06,capture_0.05,all,0.2107840656547624,0.2107840656553545,,,,,6,6,196,196,frozen,frozen,True,True,False,False,both
model_frozen,area,ALL,2022-09-06,capture_0.05,no_landuse_attr,0.2107840656547624,0.2107840656553545,,,,,6,6,20,20,frozen,frozen,True,True,False,False,both
model_frozen,area,ALL,2022-09-06,capture_0.1,all,0.2107840656547624,0.2107840656553545,,,,,6,6,196,196,frozen,frozen,True,True,False,False,both
model_frozen,area,ALL,2022-09-06,capture_0.1,no_landuse_attr,0.2107840656547624,0.2107840656553545,,,,,6,6,20,20,frozen,frozen,True,True,False,False,both
model_frozen,area,ALL,2022-09-06,capture_0.2,all,0.3789647267026361,0.3789647267037007,,,,,6,6,196,196,frozen,frozen,True,True,False,False,both
model_frozen,area,ALL,2022-09-06,capture_0.2,no_landuse_attr,0.3789647267026361,0.3789647267037007,,,,,6,6,20,20,frozen,frozen,True,True,False,False,both
model_frozen,area,ALL,2022-09-06,capture_0.3,all,0.6466205139965655,0.646620513998382,,,,,6,6,196,196,frozen,frozen,True,True,False,False,both
model_frozen,area,ALL,2022-09-06,capture_0.3,no_landuse_attr,0.6466205139965655,0.646620513998382,,,,,6,6,20,20,frozen,frozen,True,True,False,False,both
model_frozen,area,ALL,2022-09-06,capture_0.5,all,0.9999999999999998,1.0,,,,,6,6,196,196,frozen,frozen,True,True,False,False,both
model_frozen,area,ALL,2022-09-06,capture_0.5,no_landuse_attr,0.9999999999999998,1.0,,,,,6,6,20,20,frozen,frozen,True,True,False,False,both
model_frozen,area,ALL,2022-09-06,observed-label_auc,all,0.8013702243890507,0.8013702243893877,0.7241225346401813,0.724122534640456,0.9430294589059932,0.9430294589059932,5,5,196,196,frozen,frozen,True,True,False,False,both
model_frozen,area,ALL,2022-09-06,observed-label_auc,no_landuse_attr,0.8013702243890507,0.8013702243893877,0.7241225346401813,0.724122534640456,0.9430294589059932,0.9430294589059932,5,5,20,20,frozen,frozen,True,True,False,False,both
model_frozen,area,ALL,2022-09-06,observed-label_auc_diff,all,0.0221266687101209,0.0221266687095036,-0.1445404873531776,-0.1445404873531776,0.1816966283464746,0.1816966283461145,5,5,196,196,frozen,frozen,True,True,False,False,both
model_frozen,area,ALL,2022-09-06,observed-label_auc_diff,no_landuse_attr,0.0221266687101209,0.0221266687095036,-0.1445404873531776,-0.1445404873531776,0.1816966283464746,0.1816966283461145,5,5,20,20,frozen,frozen,True,True,False,False,both
model_frozen,area,ALL,2023-08-10,capture_0.05,all,0.2250546362261838,0.2250546362259987,,,,,42,42,196,196,frozen,frozen,True,True,False,False,both
model_frozen,area,ALL,2023-08-10,capture_0.05,no_landuse_attr,0.2250546362261838,0.2250546362259987,,,,,42,42,20,20,frozen,frozen,True,True,False,False,both
model_frozen,area,ALL,2023-08-10,capture_0.1,all,0.4779071521555738,0.4779071521554054,,,,,42,42,196,196,frozen,frozen,True,True,False,False,both
model_frozen,area,ALL,2023-08-10,capture_0.1,no_landuse_attr,0.4779071521555738,0.4779071521554054,,,,,42,42,20,20,frozen,frozen,True,True,False,False,both
model_frozen,area,ALL,2023-08-10,capture_0.2,all,0.909345034543846,0.9093450345437488,,,,,42,42,196,196,frozen,frozen,True,True,False,False,both
model_frozen,area,ALL,2023-08-10,capture_0.2,no_landuse_attr,0.909345034543846,0.9093450345437488,,,,,42,42,20,20,frozen,frozen,True,True,False,False,both
model_frozen,area,ALL,2023-08-10,capture_0.3,all,0.9784014501000547,0.9784014500999726,,,,,42,42,196,196,frozen,frozen,True,True,False,False,both
model_frozen,area,ALL,2023-08-10,capture_0.3,no_landuse_attr,0.9784014501000547,0.9784014500999726,,,,,42,42,20,20,frozen,frozen,True,True,False,False,both
model_frozen,area,ALL,2023-08-10,capture_0.5,all,0.9976795230530052,0.9976795230529704,,,,,42,42,196,196,frozen,frozen,True,True,False,False,both
model_frozen,area,ALL,2023-08-10,capture_0.5,no_landuse_attr,0.9976795230530052,0.9976795230529704,,,,,42,42,20,20,frozen,frozen,True,True,False,False,both
model_frozen,area,ALL,2023-08-10,observed-label_auc,all,0.8993688563918162,0.8993688563917652,0.8513814225025318,0.8513814225025307,0.9446178789608428,0.944617878960817,3,3,196,196,frozen,frozen,True,True,False,False,both
model_frozen,area,ALL,2023-08-10,observed-label_auc,no_landuse_attr,0.8993688563918162,0.8993688563917652,0.8513814225025318,0.8513814225025307,0.9446178789608428,0.944617878960817,3,3,20,20,frozen,frozen,True,True,False,False,both
model_frozen,area,ALL,2023-08-10,observed-label_auc_diff,all,0.0583229498382614,0.058322949838279,-0.1041749873672066,-0.1041749873672075,0.4433511119523752,0.4433511119522609,3,3,196,196,frozen,frozen,True,True,False,False,both
model_frozen,area,ALL,2023-08-10,observed-label_auc_diff,no_landuse_attr,0.0583229498382614,0.058322949838279,-0.1041749873672066,-0.1041749873672075,0.4433511119523752,0.4433511119522609,3,3,20,20,frozen,frozen,True,True,False,False,both
model_frozen,area,ALL,2024-07-24,capture_0.05,all,0.1236720520786126,0.1236720520783819,,,,,23,23,196,196,frozen,frozen,True,True,False,False,both
model_frozen,area,ALL,2024-07-24,capture_0.05,no_landuse_attr,0.1236720520786126,0.1236720520783819,,,,,23,23,20,20,frozen,frozen,True,True,False,False,both
model_frozen,area,ALL,2024-07-24,capture_0.1,all,0.459882037276176,0.4598820372759742,,,,,23,23,196,196,frozen,frozen,True,True,False,False,both
model_frozen,area,ALL,2024-07-24,capture_0.1,no_landuse_attr,0.459882037276176,0.4598820372759742,,,,,23,23,20,20,frozen,frozen,True,True,False,False,both
model_frozen,area,ALL,2024-07-24,capture_0.2,all,0.6374459304105352,0.6374459304103427,,,,,23,23,196,196,frozen,frozen,True,True,False,False,both
model_frozen,area,ALL,2024-07-24,capture_0.2,no_landuse_attr,0.6374459304105352,0.6374459304103427,,,,,23,23,20,20,frozen,frozen,True,True,False,False,both
model_frozen,area,ALL,2024-07-24,capture_0.3,all,0.8833866919712147,0.8833866919709742,,,,,23,23,196,196,frozen,frozen,True,True,False,False,both
model_frozen,area,ALL,2024-07-24,capture_0.3,no_landuse_attr,0.8833866919712147,0.8833866919709742,,,,,23,23,20,20,frozen,frozen,True,True,False,False,both
model_frozen,area,ALL,2024-07-24,observed-label_auc,all,0.8490071261691577,0.8490071261691043,0.7135637256401484,0.7135637256400197,0.9057342876924628,0.9057342876924632,5,5,196,196,frozen,frozen,True,True,False,False,both
model_frozen,area,ALL,2024-07-24,observed-label_auc,no_landuse_attr,0.8490071261691577,0.8490071261691043,0.7135637256401484,0.7135637256400197,0.9057342876924628,0.9057342876924632,5,5,20,20,frozen,frozen,True,True,False,False,both
model_frozen,area,ALL,2024-07-24,observed-label_auc_diff,all,0.1142179977008553,0.1142179977009202,-0.0245227858831996,-0.0245227858832287,0.1849620707391764,0.1849620707392163,5,5,196,196,frozen,frozen,True,True,False,False,both
model_frozen,area,ALL,2024-07-24,observed-label_auc_diff,no_landuse_attr,0.1142179977008553,0.1142179977009202,-0.0245227858831996,-0.0245227858832287,0.1849620707391764,0.1849620707392163,5,5,20,20,frozen,frozen,True,True,False,False,both
model_frozen,area,ALL,2024-09-20,capture_0.05,agricultural,0.0113383078542402,0.01133830785424,,,,,1506,1506,119,119,frozen,frozen,True,True,False,False,both
model_frozen,area,ALL,2024-09-20,capture_0.05,all,0.0151379720493956,0.0151379720493958,,,,,1612,1612,196,196,frozen,frozen,True,True,False,False,both
model_frozen,area,ALL,2024-09-20,capture_0.05,no_landuse_attr,0.4641553106347844,0.4641553106347491,,,,,34,34,20,20,frozen,frozen,True,True,False,False,both
model_frozen,area,ALL,2024-09-20,capture_0.05,urban,0.5574817011809526,0.5574817011810195,,,,,72,72,57,57,frozen,frozen,True,True,False,False,both
model_frozen,area,ALL,2024-09-20,capture_0.1,agricultural,0.2795016823262886,0.2795016823262954,,,,,1506,1506,119,119,frozen,frozen,True,True,False,False,both
model_frozen,area,ALL,2024-09-20,capture_0.1,all,0.2821578139011229,0.2821578139011297,,,,,1612,1612,196,196,frozen,frozen,True,True,False,False,both
model_frozen,area,ALL,2024-09-20,capture_0.1,no_landuse_attr,0.6075924861762466,0.6075924861761695,,,,,34,34,20,20,frozen,frozen,True,True,False,False,both
model_frozen,area,ALL,2024-09-20,capture_0.1,urban,0.6357763510237385,0.635776351023799,,,,,72,72,57,57,frozen,frozen,True,True,False,False,both
model_frozen,area,ALL,2024-09-20,capture_0.2,agricultural,0.9029588050524936,0.9029588050524938,,,,,1506,1506,119,119,frozen,frozen,True,True,False,False,both
model_frozen,area,ALL,2024-09-20,capture_0.2,no_landuse_attr,0.7413383444510407,0.7413383444509275,,,,,34,34,20,20,frozen,frozen,True,True,False,False,both
model_frozen,area,ALL,2024-09-20,capture_0.2,urban,0.78216389586896,0.7821638958692197,,,,,72,72,57,57,frozen,frozen,True,True,False,False,both
model_frozen,area,ALL,2024-09-20,capture_0.3,all,0.962787949017057,0.9627879490170576,,,,,1612,1612,196,196,frozen,frozen,True,True,False,False,both
model_frozen,area,ALL,2024-09-20,capture_0.3,no_landuse_attr,0.9213999500386768,0.9213999500386904,,,,,34,34,20,20,frozen,frozen,True,True,False,False,both
model_frozen,area,ALL,2024-09-20,capture_0.3,urban,0.894042523017819,0.8940425230179498,,,,,72,72,57,57,frozen,frozen,True,True,False,False,both
model_frozen,area,ALL,2024-09-20,capture_0.5,agricultural,0.9988073734474072,0.9988073734474068,,,,,1506,1506,119,119,frozen,frozen,True,True,False,False,both
model_frozen,area,ALL,2024-09-20,capture_0.5,all,0.998751600683806,0.9987516006838058,,,,,1612,1612,196,196,frozen,frozen,True,True,False,False,both
model_frozen,area,ALL,2024-09-20,capture_0.5,urban,0.9739083787445372,0.9739083787445388,,,,,72,72,57,57,frozen,frozen,True,True,False,False,both
model_frozen,area,ALL,2024-09-20,observed-label_auc,agricultural,0.8708900461972856,0.870890046197286,0.8612339817645115,0.8612339817645144,0.8804126797549422,0.880412679754941,119,119,119,119,frozen,frozen,True,True,False,False,both
model_frozen,area,ALL,2024-09-20,observed-label_auc,all,0.8711733767467147,0.8711733767467154,0.8618447949049495,0.8618447949049498,0.8803404228368465,0.8803404228368461,183,183,196,196,frozen,frozen,True,True,False,False,both
model_frozen,area,ALL,2024-09-20,observed-label_auc,no_landuse_attr,0.909222042975278,0.9092220429752628,0.7240388930960334,0.7240388930960334,0.9365993346185864,0.9365993346185904,7,7,20,20,frozen,frozen,True,True,False,False,both
model_frozen,area,ALL,2024-09-20,observed-label_auc,urban,0.9015324848108782,0.9015324848109214,0.8491629822544079,0.849162982254502,0.9432393155665176,0.9432393155665484,57,57,57,57,frozen,frozen,True,True,False,False,both
model_frozen,area,ALL,2024-09-20,observed-label_auc_diff,agricultural,0.429172572231132,0.4291725722311325,0.4181681250521709,0.4181681250521705,0.4398937452373255,0.439893745237326,119,119,119,119,frozen,frozen,True,True,False,False,both
model_frozen,area,ALL,2024-09-20,observed-label_auc_diff,all,0.4258410471606443,0.4258410471606444,0.4136067841880168,0.4136067841880156,0.4363422192564579,0.4363422192564606,183,183,196,196,frozen,frozen,True,True,False,False,both
model_frozen,area,ALL,2024-09-20,observed-label_auc_diff,no_landuse_attr,0.0158089860817074,0.015808986081763,-0.0279652357246043,-0.0279652357245993,0.3047787047969857,0.3047787047970808,7,7,20,20,frozen,frozen,True,True,False,False,both
model_frozen,area,ALL,2024-09-20,observed-label_auc_diff,urban,-0.0136173677153118,-0.0136173677154013,-0.0476336467166835,-0.0476336467167305,0.020086353942854,0.0200863539426839,57,57,57,57,frozen,frozen,True,True,False,False,both
model_frozen,area,ALL,ALL,capture_0.05,agricultural,0.0113383078542402,0.01133830785424,,,,,1506,1506,119,119,frozen,frozen,True,True,False,False,both
model_frozen,area,ALL,ALL,capture_0.05,all,0.0162592689464926,0.0162592689464916,,,,,1674,1674,196,196,frozen,frozen,True,True,False,False,both
model_frozen,area,ALL,ALL,capture_0.05,no_landuse_attr,0.3353369451819424,0.3353369451818497,,,,,96,96,20,20,frozen,frozen,True,True,False,False,both
model_frozen,area,ALL,ALL,capture_0.05,urban,0.5574817011809526,0.5574817011810195,,,,,72,72,57,57,frozen,frozen,True,True,False,False,both
model_frozen,area,ALL,ALL,capture_0.1,agricultural,0.2795016823262886,0.2795016823262954,,,,,1506,1506,119,119,frozen,frozen,True,True,False,False,both
model_frozen,area,ALL,ALL,capture_0.1,all,0.2832386735607932,0.2832386735607989,,,,,1674,1674,196,196,frozen,frozen,True,True,False,False,both
model_frozen,area,ALL,ALL,capture_0.1,no_landuse_attr,0.5384576101118724,0.5384576101117646,,,,,96,96,20,20,frozen,frozen,True,True,False,False,both
model_frozen,area,ALL,ALL,capture_0.1,urban,0.6357763510237385,0.635776351023799,,,,,72,72,57,57,frozen,frozen,True,True,False,False,both
model_frozen,area,ALL,ALL,capture_0.2,agricultural,0.9029588050524936,0.9029588050524938,,,,,1506,1506,119,119,frozen,frozen,True,True,False,False,both
model_frozen,area,ALL,ALL,capture_0.2,all,0.9016093823584064,0.901609382358406,,,,,1674,1674,196,196,frozen,frozen,True,True,False,False,both
model_frozen,area,ALL,ALL,capture_0.2,no_landuse_attr,0.8077155828104003,0.8077155828102945,,,,,96,96,20,20,frozen,frozen,True,True,False,False,both
model_frozen,area,ALL,ALL,capture_0.2,urban,0.78216389586896,0.7821638958692197,,,,,72,72,57,57,frozen,frozen,True,True,False,False,both
model_frozen,area,ALL,ALL,capture_0.3,all,0.962790695807701,0.9627906958077012,,,,,1674,1674,196,196,frozen,frozen,True,True,False,False,both
model_frozen,area,ALL,ALL,capture_0.3,no_landuse_attr,0.9428597162671908,0.9428597162671588,,,,,96,96,20,20,frozen,frozen,True,True,False,False,both
model_frozen,area,ALL,ALL,capture_0.3,urban,0.894042523017819,0.8940425230179498,,,,,72,72,57,57,frozen,frozen,True,True,False,False,both
model_frozen,area,ALL,ALL,capture_0.5,agricultural,0.9988073734474072,0.9988073734474068,,,,,1506,1506,119,119,frozen,frozen,True,True,False,False,both
model_frozen,area,ALL,ALL,capture_0.5,all,0.998747239211289,0.9987472392112888,,,,,1674,1674,196,196,frozen,frozen,True,True,False,False,both
model_frozen,area,ALL,ALL,capture_0.5,no_landuse_attr,0.9988724342448844,0.998872434244869,,,,,96,96,20,20,frozen,frozen,True,True,False,False,both
model_frozen,area,ALL,ALL,capture_0.5,urban,0.9739083787445372,0.9739083787445388,,,,,72,72,57,57,frozen,frozen,True,True,False,False,both
model_frozen,area,ALL,ALL,observed-label_auc,agricultural,0.8708900461972856,0.870890046197286,0.8612339817645115,0.8612339817645144,0.8804126797549422,0.880412679754941,119,119,119,119,frozen,frozen,True,True,False,False,both
model_frozen,area,ALL,ALL,observed-label_auc,all,0.8712928920703702,0.8712928920703705,0.8619919400186781,0.86199194001868,0.880462644750084,0.880462644750085,196,196,196,196,frozen,frozen,True,True,False,False,both
model_frozen,area,ALL,ALL,observed-label_auc,no_landuse_attr,0.9005197149539043,0.9005197149538754,0.8343304725736158,0.8343304725735998,0.9290411073119944,0.9290411073119806,20,20,20,20,frozen,frozen,True,True,False,False,both
model_frozen,area,ALL,ALL,observed-label_auc,urban,0.9015324848108782,0.9015324848109214,0.8491629822544079,0.849162982254502,0.9432393155665176,0.9432393155665484,57,57,57,57,frozen,frozen,True,True,False,False,both
model_frozen,area,ALL,ALL,observed-label_auc_diff,agricultural,0.429172572231132,0.4291725722311325,0.4181681250521709,0.4181681250521705,0.4398937452373255,0.439893745237326,119,119,119,119,frozen,frozen,True,True,False,False,both
model_frozen,area,ALL,ALL,observed-label_auc_diff,all,0.4237916923086658,0.4237916923086663,0.4104709995445725,0.4104709995445728,0.4345103317150667,0.4345103317150677,196,196,196,196,frozen,frozen,True,True,False,False,both
model_frozen,area,ALL,ALL,observed-label_auc_diff,no_landuse_attr,0.0407999481912381,0.0407999481912706,-0.034502524061811,-0.0345025240617753,0.2251719110915357,0.2251719110915438,20,20,20,20,frozen,frozen,True,True,False,False,both
model_frozen,area,ALL,ALL,observed-label_auc_diff,urban,-0.0136173677153118,-0.0136173677154013,-0.0476336467166835,-0.0476336467167305,0.020086353942854,0.0200863539426839,57,57,57,57,frozen,frozen,True,True,False,False,both
model_frozen,area,ALL,MACRO,capture_0.05,agricultural,0.0113383078542402,0.01133830785424,0.0113383078542402,0.01133830785424,0.0113383078542402,0.01133830785424,1,1,119,119,frozen,frozen,True,True,False,False,both
model_frozen,area,ALL,MACRO,capture_0.05,all,0.1436621815022386,0.1436621815022828,0.0640494954507373,0.0640494954508855,0.2179193509404731,0.2179193509406766,4,4,196,196,frozen,frozen,True,True,False,False,both
model_frozen,area,ALL,MACRO,capture_0.05,no_landuse_attr,0.2559165161485858,0.2559165161486211,0.1490176981155054,0.1490176981152861,0.4008124993897789,0.4008124993899005,4,4,20,20,frozen,frozen,True,True,False,False,both
model_frozen,area,ALL,MACRO,capture_0.05,urban,0.5574817011809526,0.5574817011810195,0.5574817011809526,0.5574817011810195,0.5574817011809526,0.5574817011810195,1,1,57,57,frozen,frozen,True,True,False,False,both
model_frozen,area,ALL,MACRO,capture_0.1,agricultural,0.2795016823262886,0.2795016823262954,0.2795016823262886,0.2795016823262954,0.2795016823262886,0.2795016823262954,1,1,119,119,frozen,frozen,True,True,False,False,both
model_frozen,area,ALL,MACRO,capture_0.1,all,0.3576827672469088,0.357682767246966,0.2464709397779426,0.2464709397782421,0.4688945947158749,0.4688945947156899,4,4,196,196,frozen,frozen,True,True,False,False,both
model_frozen,area,ALL,MACRO,capture_0.1,no_landuse_attr,0.4390414353156897,0.4390414353157259,0.2775648372799653,0.2775648372803673,0.570664873951229,0.5706648739511206,4,4,20,20,frozen,frozen,True,True,False,False,both
model_frozen,area,ALL,MACRO,capture_0.1,urban,0.6357763510237385,0.635776351023799,0.6357763510237385,0.635776351023799,0.6357763510237385,0.635776351023799,1,1,57,57,frozen,frozen,True,True,False,False,both
model_frozen,area,ALL,MACRO,capture_0.2,agricultural,0.9029588050524936,0.9029588050524938,0.9029588050524936,0.9029588050524938,0.9029588050524936,0.9029588050524938,1,1,119,119,frozen,frozen,True,True,False,False,both
model_frozen,area,ALL,MACRO,capture_0.2,all,0.7068851343225231,0.7068851343227168,0.5082053285565857,0.5082053285570217,0.9055649400884606,0.905564940088412,4,4,196,196,frozen,frozen,True,True,False,False,both
model_frozen,area,ALL,MACRO,capture_0.2,no_landuse_attr,0.6667735090270145,0.6667735090271799,0.4695581311397373,0.4695581311405074,0.8413702585105183,0.8413702585103973,4,4,20,20,frozen,frozen,True,True,False,False,both
model_frozen,area,ALL,MACRO,capture_0.2,urban,0.78216389586896,0.7821638958692197,0.78216389586896,0.7821638958692197,0.78216389586896,0.7821638958692197,1,1,57,57,frozen,frozen,True,True,False,False,both
model_frozen,area,ALL,MACRO,capture_0.3,all,0.8677991512712231,0.8677991512715967,0.7256623727516884,0.7256623727530509,0.970594699558556,0.9705946995585152,4,4,196,196,frozen,frozen,True,True,False,False,both
model_frozen,area,ALL,MACRO,capture_0.3,no_landuse_attr,0.857452151526628,0.8574521515270048,0.7153153730070934,0.7153153730084592,0.9546477605678448,0.954647760567723,4,4,20,20,frozen,frozen,True,True,False,False,both
model_frozen,area,ALL,MACRO,capture_0.3,urban,0.894042523017819,0.8940425230179498,0.894042523017819,0.8940425230179498,0.894042523017819,0.8940425230179498,1,1,57,57,frozen,frozen,True,True,False,False,both
model_frozen,area,ALL,MACRO,capture_0.5,agricultural,0.9988073734474072,0.9988073734474068,0.9988073734474072,0.9988073734474068,0.9988073734474072,0.9988073734474068,1,1,119,119,frozen,frozen,True,True,False,False,both
model_frozen,area,ALL,MACRO,capture_0.5,all,0.9991077809342026,0.999107780934194,0.9982155618684057,0.998215561868388,1.0,1.0,4,4,196,196,frozen,frozen,True,True,False,False,both
model_frozen,area,ALL,MACRO,capture_0.5,no_landuse_attr,0.99937182491873,0.9993718249187216,0.9982596422897538,0.998259642289728,1.0,1.0,4,4,20,20,frozen,frozen,True,True,False,False,both
model_frozen,area,ALL,MACRO,capture_0.5,urban,0.9739083787445372,0.9739083787445388,0.9739083787445372,0.9739083787445388,0.9739083787445372,0.9739083787445388,1,1,57,57,frozen,frozen,True,True,False,False,both
model_frozen,area,ALL,MACRO,observed-label_auc,agricultural,0.8708900461972856,0.870890046197286,0.8708900461972856,0.870890046197286,0.8708900461972856,0.870890046197286,1,1,119,119,frozen,frozen,True,True,False,False,both
model_frozen,area,ALL,MACRO,observed-label_auc,all,0.8552298959241849,0.8552298959242433,0.8132794498340775,0.8132794498343169,0.8867784238361516,0.8867784238361001,4,4,196,196,frozen,frozen,True,True,False,False,both
model_frozen,area,ALL,MACRO,observed-label_auc,no_landuse_attr,0.8647420624813257,0.86474206248138,0.8251886752791042,0.8251886752792459,0.9042954496835472,0.904295449683514,4,4,20,20,frozen,frozen,True,True,False,False,both
model_frozen,area,ALL,MACRO,observed-label_auc,urban,0.9015324848108782,0.9015324848109214,0.9015324848108782,0.9015324848109214,0.9015324848108782,0.9015324848109214,1,1,57,57,frozen,frozen,True,True,False,False,both
model_frozen,area,ALL,MACRO,observed-label_auc_diff,agricultural,0.429172572231132,0.4291725722311325,0.429172572231132,0.4291725722311325,0.429172572231132,0.4291725722311325,1,1,119,119,frozen,frozen,True,True,False,False,both
model_frozen,area,ALL,MACRO,observed-label_auc_diff,all,0.1551271658524705,0.1551271658523368,0.0402248092741912,0.0402248092738913,0.3339615228300486,0.3339615228300531,4,4,196,196,frozen,frozen,True,True,False,False,both
model_frozen,area,ALL,MACRO,observed-label_auc_diff,no_landuse_attr,0.0526191505827363,0.0526191505826164,0.0189678273959141,0.0189678273956333,0.0911951654531717,0.091195165453066,4,4,20,20,frozen,frozen,True,True,False,False,both
model_frozen,area,ALL,MACRO,observed-label_auc_diff,urban,-0.0136173677153118,-0.0136173677154013,-0.0136173677153118,-0.0136173677154013,-0.0136173677153118,-0.0136173677154013,1,1,57,57,frozen,frozen,True,True,False,False,both
model_frozen,object,ALL,2023-08-10,capture_0.05,all,0.173418760406109,0.1734187604060339,,,,,3,3,196,196,frozen,frozen,True,True,False,False,both
model_frozen,object,ALL,2023-08-10,capture_0.05,no_landuse_attr,0.173418760406109,0.1734187604060339,,,,,3,3,20,20,frozen,frozen,True,True,False,False,both
model_frozen,object,ALL,2023-08-10,capture_0.1,all,0.4591738563928853,0.4591738563927507,,,,,3,3,196,196,frozen,frozen,True,True,False,False,both
model_frozen,object,ALL,2023-08-10,capture_0.1,no_landuse_attr,0.4591738563928853,0.4591738563927507,,,,,3,3,20,20,frozen,frozen,True,True,False,False,both
model_frozen,object,ALL,2023-08-10,capture_0.2,all,0.899423864220464,0.8994238642203606,,,,,3,3,196,196,frozen,frozen,True,True,False,False,both
model_frozen,object,ALL,2023-08-10,capture_0.2,no_landuse_attr,0.899423864220464,0.8994238642203606,,,,,3,3,20,20,frozen,frozen,True,True,False,False,both
model_frozen,object,ALL,2023-08-10,capture_0.3,all,0.9703614037034604,0.9703614037033628,,,,,3,3,196,196,frozen,frozen,True,True,False,False,both
model_frozen,object,ALL,2023-08-10,capture_0.3,no_landuse_attr,0.9703614037034604,0.9703614037033628,,,,,3,3,20,20,frozen,frozen,True,True,False,False,both
model_frozen,object,ALL,2023-08-10,capture_0.5,all,0.996815726992506,0.9968157269924602,,,,,3,3,196,196,frozen,frozen,True,True,False,False,both
model_frozen,object,ALL,2023-08-10,capture_0.5,no_landuse_attr,0.996815726992506,0.9968157269924602,,,,,3,3,20,20,frozen,frozen,True,True,False,False,both
model_frozen,object,ALL,2023-08-10,observed-label_auc,all,0.8929645603329961,0.892964560332949,0.8513814225025319,0.8513814225025308,0.9446178789608428,0.9446178789608172,3,3,196,196,frozen,frozen,True,True,False,False,both
model_frozen,object,ALL,2023-08-10,observed-label_auc,no_landuse_attr,0.8929645603329961,0.892964560332949,0.8513814225025319,0.8513814225025308,0.9446178789608428,0.9446178789608172,3,3,20,20,frozen,frozen,True,True,False,False,both
model_frozen,object,ALL,2023-08-10,observed-label_auc_diff,all,0.1010639906340729,0.1010639906340254,-0.1041749873672064,-0.1041749873672074,0.4433511119523753,0.4433511119522609,3,3,196,196,frozen,frozen,True,True,False,False,both
model_frozen,object,ALL,2023-08-10,observed-label_auc_diff,no_landuse_attr,0.1010639906340729,0.1010639906340254,-0.1041749873672064,-0.1041749873672074,0.4433511119523753,0.4433511119522609,3,3,20,20,frozen,frozen,True,True,False,False,both
model_frozen,object,ALL,2024-07-24,capture_0.05,all,0.1148258405445938,0.1148258405443524,,,,,5,5,196,196,frozen,frozen,True,True,False,False,both
model_frozen,object,ALL,2024-07-24,capture_0.05,no_landuse_attr,0.1148258405445938,0.1148258405443524,,,,,5,5,20,20,frozen,frozen,True,True,False,False,both
model_frozen,object,ALL,2024-07-24,capture_0.1,all,0.3487548594370578,0.3487548594368189,,,,,5,5,196,196,frozen,frozen,True,True,False,False,both
model_frozen,object,ALL,2024-07-24,capture_0.1,no_landuse_attr,0.3487548594370578,0.3487548594368189,,,,,5,5,20,20,frozen,frozen,True,True,False,False,both
model_frozen,object,ALL,2024-07-24,capture_0.2,all,0.4160487794665944,0.4160487794663541,,,,,5,5,196,196,frozen,frozen,True,True,False,False,both
model_frozen,object,ALL,2024-07-24,capture_0.2,no_landuse_attr,0.4160487794665944,0.4160487794663541,,,,,5,5,20,20,frozen,frozen,True,True,False,False,both
model_frozen,object,ALL,2024-07-24,observed-label_auc,all,0.7929579318384723,0.7929579318384676,0.6884833911775001,0.6884833911776297,0.8997115868340041,0.8997115868339565,5,5,196,196,frozen,frozen,True,True,False,False,both
model_frozen,object,ALL,2024-07-24,observed-label_auc,no_landuse_attr,0.7929579318384723,0.7929579318384676,0.6884833911775001,0.6884833911776297,0.8997115868340041,0.8997115868339565,5,5,20,20,frozen,frozen,True,True,False,False,both
model_frozen,object,ALL,2024-07-24,observed-label_auc_diff,all,0.1045426514521602,0.1045426514521522,-0.0250976431468558,-0.0250976431469569,0.2076963509339905,0.2076963509340763,5,5,196,196,frozen,frozen,True,True,False,False,both
model_frozen,object,ALL,2024-07-24,observed-label_auc_diff,no_landuse_attr,0.1045426514521602,0.1045426514521522,-0.0250976431468558,-0.0250976431469569,0.2076963509339905,0.2076963509340763,5,5,20,20,frozen,frozen,True,True,False,False,both
model_frozen,object,ALL,2024-09-20,capture_0.05,agricultural,0.0490621611031753,0.0490621611031789,,,,,119,119,119,119,frozen,frozen,True,True,False,False,both
model_frozen,object,ALL,2024-09-20,capture_0.05,all,0.1719446285335766,0.1719446285335744,,,,,183,183,196,196,frozen,frozen,True,True,False,False,both
model_frozen,object,ALL,2024-09-20,capture_0.05,no_landuse_attr,0.0790658654348016,0.0790658654348078,,,,,7,7,20,20,frozen,frozen,True,True,False,False,both
model_frozen,object,ALL,2024-09-20,capture_0.05,urban,0.4398948910933868,0.4398948910933716,,,,,57,57,57,57,frozen,frozen,True,True,False,False,both
model_frozen,object,ALL,2024-09-20,capture_0.1,agricultural,0.276838585683715,0.2768385856837169,,,,,119,119,119,119,frozen,frozen,True,True,False,False,both
model_frozen,object,ALL,2024-09-20,capture_0.1,all,0.3566111063798078,0.3566111063798045,,,,,183,183,196,196,frozen,frozen,True,True,False,False,both
model_frozen,object,ALL,2024-09-20,capture_0.1,no_landuse_attr,0.1034994637581714,0.1034994637581743,,,,,7,7,20,20,frozen,frozen,True,True,False,False,both
model_frozen,object,ALL,2024-09-20,capture_0.1,urban,0.554237623242729,0.5542376232427138,,,,,57,57,57,57,frozen,frozen,True,True,False,False,both
model_frozen,object,ALL,2024-09-20,capture_0.2,agricultural,0.5837256327646795,0.5837256327646733,,,,,119,119,119,119,frozen,frozen,True,True,False,False,both
model_frozen,object,ALL,2024-09-20,capture_0.2,all,0.6182254129649556,0.6182254129649517,,,,,183,183,196,196,frozen,frozen,True,True,False,False,both
model_frozen,object,ALL,2024-09-20,capture_0.2,no_landuse_attr,0.1756590062230806,0.1756590062230833,,,,,7,7,20,20,frozen,frozen,True,True,False,False,both
model_frozen,object,ALL,2024-09-20,capture_0.3,agricultural,0.7977125147815207,0.7977125147815164,,,,,119,119,119,119,frozen,frozen,True,True,False,False,both
model_frozen,object,ALL,2024-09-20,capture_0.3,all,0.8219709500188862,0.8219709500188834,,,,,183,183,196,196,frozen,frozen,True,True,False,False,both
model_frozen,object,ALL,2024-09-20,capture_0.3,no_landuse_attr,0.6449075671058593,0.6449075671058627,,,,,7,7,20,20,frozen,frozen,True,True,False,False,both
model_frozen,object,ALL,2024-09-20,capture_0.5,agricultural,0.987573410209963,0.9875734102099726,,,,,119,119,119,119,frozen,frozen,True,True,False,False,both
model_frozen,object,ALL,2024-09-20,capture_0.5,all,0.983788297593744,0.9837882975937506,,,,,183,183,196,196,frozen,frozen,True,True,False,False,both
model_frozen,object,ALL,2024-09-20,capture_0.5,no_landuse_attr,0.9986562960409042,0.998656296040915,,,,,7,7,20,20,frozen,frozen,True,True,False,False,both
model_frozen,object,ALL,2024-09-20,observed-label_auc,agricultural,0.8212687659096611,0.821268765909661,0.8029555945311753,0.8029555945311774,0.8379773748124215,0.8379773748124211,119,119,119,119,frozen,frozen,True,True,False,False,both
model_frozen,object,ALL,2024-09-20,observed-label_auc,all,0.8403651438585613,0.8403651438585605,0.8243672824667831,0.8243672824667844,0.8564198356946097,0.8564198356946093,183,183,196,196,frozen,frozen,True,True,False,False,both
model_frozen,object,ALL,2024-09-20,observed-label_auc,no_landuse_attr,0.7676342195474639,0.7676342195474691,0.715786519533544,0.7157865195335443,0.8336901046687721,0.8336901046687824,7,7,20,20,frozen,frozen,True,True,False,False,both
model_frozen,object,ALL,2024-09-20,observed-label_auc,urban,0.8891648885269249,0.8891648885269228,0.8551777548717249,0.8551777548717208,0.9190698162091916,0.9190698162091916,57,57,57,57,frozen,frozen,True,True,False,False,both
model_frozen,object,ALL,2024-09-20,observed-label_auc_diff,agricultural,0.3709462048926187,0.3709462048926195,0.3507342582022592,0.3507342582022593,0.3904835967483908,0.39048359674839,119,119,119,119,frozen,frozen,True,True,False,False,both
model_frozen,object,ALL,2024-09-20,observed-label_auc_diff,all,0.246786414413093,0.246786414413093,0.2173278424932439,0.2173278424932433,0.2752539218214559,0.2752539218214561,183,183,196,196,frozen,frozen,True,True,False,False,both
model_frozen,object,ALL,2024-09-20,observed-label_auc_diff,no_landuse_attr,0.1819751200608107,0.181975120060816,0.0354404999495512,0.0354404999495538,0.3008684224469293,0.3008684224469384,7,7,20,20,frozen,frozen,True,True,False,False,both
model_frozen,object,ALL,2024-09-20,observed-label_auc_diff,urban,-0.0044650944745946,-0.0044650944745964,-0.0352029313903474,-0.0352029313903475,0.0290074404071945,0.0290074404071912,57,57,57,57,frozen,frozen,True,True,False,False,both
model_frozen,object,ALL,ALL,capture_0.05,agricultural,0.0490621611031753,0.0490621611031789,,,,,119,119,119,119,frozen,frozen,True,True,False,False,both
model_frozen,object,ALL,ALL,capture_0.05,all,0.1763278189060501,0.1763278189060408,,,,,196,196,196,196,frozen,frozen,True,True,False,False,both
model_frozen,object,ALL,ALL,capture_0.05,no_landuse_attr,0.1823923270992453,0.182392327099176,,,,,20,20,20,20,frozen,frozen,True,True,False,False,both
model_frozen,object,ALL,ALL,capture_0.05,urban,0.4398948910933868,0.4398948910933716,,,,,57,57,57,57,frozen,frozen,True,True,False,False,both
model_frozen,object,ALL,ALL,capture_0.1,agricultural,0.276838585683715,0.2768385856837169,,,,,119,119,119,119,frozen,frozen,True,True,False,False,both
model_frozen,object,ALL,ALL,capture_0.1,all,0.3590873894585141,0.3590873894585029,,,,,196,196,196,196,frozen,frozen,True,True,False,False,both
model_frozen,object,ALL,ALL,capture_0.1,no_landuse_attr,0.2922896056335572,0.2922896056334784,,,,,20,20,20,20,frozen,frozen,True,True,False,False,both
model_frozen,object,ALL,ALL,capture_0.1,urban,0.554237623242729,0.5542376232427138,,,,,57,57,57,57,frozen,frozen,True,True,False,False,both
model_frozen,object,ALL,ALL,capture_0.2,agricultural,0.5837256327646795,0.5837256327646733,,,,,119,119,119,119,frozen,frozen,True,True,False,False,both
model_frozen,object,ALL,ALL,capture_0.2,all,0.6169072473947096,0.6169072473946982,,,,,196,196,196,196,frozen,frozen,True,True,False,False,both
model_frozen,object,ALL,ALL,capture_0.2,no_landuse_attr,0.4504091480168886,0.450409148016814,,,,,20,20,20,20,frozen,frozen,True,True,False,False,both
model_frozen,object,ALL,ALL,capture_0.3,agricultural,0.7977125147815207,0.7977125147815164,,,,,119,119,119,119,frozen,frozen,True,True,False,False,both
model_frozen,object,ALL,ALL,capture_0.3,all,0.8219757780540405,0.8219757780540364,,,,,196,196,196,196,frozen,frozen,True,True,False,False,both
model_frozen,object,ALL,ALL,capture_0.3,no_landuse_attr,0.7600460807438397,0.7600460807438262,,,,,20,20,20,20,frozen,frozen,True,True,False,False,both
model_frozen,object,ALL,ALL,capture_0.5,agricultural,0.987573410209963,0.9875734102099726,,,,,119,119,119,119,frozen,frozen,True,True,False,False,both
model_frozen,object,ALL,ALL,capture_0.5,all,0.9848148246971056,0.984814824697111,,,,,196,196,196,196,frozen,frozen,True,True,False,False,both
model_frozen,object,ALL,ALL,capture_0.5,no_landuse_attr,0.9990520626631924,0.9990520626631894,,,,,20,20,20,20,frozen,frozen,True,True,False,False,both
model_frozen,object,ALL,ALL,observed-label_auc,agricultural,0.8212687659096611,0.821268765909661,0.8029555945311753,0.8029555945311774,0.8379773748124215,0.8379773748124211,119,119,119,119,frozen,frozen,True,True,False,False,both
model_frozen,object,ALL,ALL,observed-label_auc,all,0.8403673654037946,0.8403673654037932,0.8255030427435951,0.825503042743592,0.8559844989178423,0.8559844989178401,196,196,196,196,frozen,frozen,True,True,False,False,both
model_frozen,object,ALL,ALL,observed-label_auc,no_landuse_attr,0.8149310914929643,0.814931091492958,0.7727011733694664,0.7727011733694837,0.8586709166323934,0.8586709166323737,20,20,20,20,frozen,frozen,True,True,False,False,both
model_frozen,object,ALL,ALL,observed-label_auc,urban,0.8891648885269249,0.8891648885269228,0.8551777548717249,0.8551777548717208,0.9190698162091916,0.9190698162091916,57,57,57,57,frozen,frozen,True,True,False,False,both
model_frozen,object,ALL,ALL,observed-label_auc_diff,agricultural,0.3709462048926187,0.3709462048926195,0.3507342582022592,0.3507342582022593,0.3904835967483908,0.39048359674839,119,119,119,119,frozen,frozen,True,True,False,False,both
model_frozen,object,ALL,ALL,observed-label_auc_diff,all,0.2344713449630019,0.234471344963001,0.2063418744677974,0.2063418744677976,0.2624274781704436,0.2624274781704407,196,196,196,196,frozen,frozen,True,True,False,False,both
model_frozen,object,ALL,ALL,observed-label_auc_diff,no_landuse_attr,0.1034147807789021,0.1034147807788948,0.0304053758762169,0.030405375876187,0.1824568537078458,0.1824568537078331,20,20,20,20,frozen,frozen,True,True,False,False,both
model_frozen,object,ALL,ALL,observed-label_auc_diff,urban,-0.0044650944745946,-0.0044650944745964,-0.0352029313903474,-0.0352029313903475,0.0290074404071945,0.0290074404071912,57,57,57,57,frozen,frozen,True,True,False,False,both
model_frozen,object,ALL,MACRO,capture_0.05,agricultural,0.0490621611031753,0.0490621611031789,0.0490621611031753,0.0490621611031789,0.0490621611031753,0.0490621611031789,1,1,119,119,frozen,frozen,True,True,False,False,both
model_frozen,object,ALL,MACRO,capture_0.05,all,0.2150473073710699,0.2150473073709902,0.1294740705099726,0.1294740705097728,0.3429861571333942,0.3429861571333936,4,4,196,196,frozen,frozen,True,True,False,False,both
model_frozen,object,ALL,MACRO,capture_0.05,no_landuse_attr,0.1918276165963761,0.1918276165962986,0.0969458529896977,0.0969458529895801,0.3287064601361484,0.3287064601360882,4,4,20,20,frozen,frozen,True,True,False,False,both
model_frozen,object,ALL,MACRO,capture_0.05,urban,0.4398948910933868,0.4398948910933716,0.4398948910933868,0.4398948910933716,0.4398948910933868,0.4398948910933716,1,1,57,57,frozen,frozen,True,True,False,False,both
model_frozen,object,ALL,MACRO,capture_0.1,agricultural,0.276838585683715,0.2768385856837169,0.276838585683715,0.2768385856837169,0.276838585683715,0.2768385856837169,1,1,119,119,frozen,frozen,True,True,False,False,both
model_frozen,object,ALL,MACRO,capture_0.1,all,0.3911349555524377,0.3911349555523435,0.3507189211727453,0.3507189211725653,0.4335331688896159,0.4335331688895142,4,4,196,196,frozen,frozen,True,True,False,False,both
model_frozen,object,ALL,MACRO,capture_0.1,no_landuse_attr,0.3278570448970286,0.327857044896936,0.1776245978186285,0.1776245978186308,0.4315691071539284,0.4315691071537678,4,4,20,20,frozen,frozen,True,True,False,False,both
model_frozen,object,ALL,MACRO,capture_0.1,urban,0.554237623242729,0.5542376232427138,0.554237623242729,0.5542376232427138,0.554237623242729,0.5542376232427138,1,1,57,57,frozen,frozen,True,True,False,False,both
model_frozen,object,ALL,MACRO,capture_0.2,agricultural,0.5837256327646795,0.5837256327646733,0.5837256327646795,0.5837256327646733,0.5837256327646795,0.5837256327646733,1,1,119,119,frozen,frozen,True,True,False,False,both
model_frozen,object,ALL,MACRO,capture_0.2,all,0.6334272355020958,0.6334272355020089,0.4665929378411847,0.4665929378410035,0.8245706195044402,0.8245706195043626,4,4,196,196,frozen,frozen,True,True,False,False,both
model_frozen,object,ALL,MACRO,capture_0.2,no_landuse_attr,0.522785633816627,0.5227856338165418,0.2817469760064027,0.2817469760064047,0.7785800930319967,0.778580093031859,4,4,20,20,frozen,frozen,True,True,False,False,both
model_frozen,object,ALL,MACRO,capture_0.3,agricultural,0.7977125147815207,0.7977125147815164,0.7977125147815207,0.7977125147815164,0.7977125147815207,0.7977125147815164,1,1,119,119,frozen,frozen,True,True,False,False,both
model_frozen,object,ALL,MACRO,capture_0.3,all,0.8368573101318566,0.8368573101318314,0.7718154026085311,0.7718154026085304,0.9277710527775952,0.927771052777522,4,4,196,196,frozen,frozen,True,True,False,False,both
model_frozen,object,ALL,MACRO,capture_0.3,no_landuse_attr,0.7925914644035998,0.7925914644035763,0.6836806753293945,0.683680675329397,0.9165452744788652,0.916545274478792,4,4,20,20,frozen,frozen,True,True,False,False,both
model_frozen,object,ALL,MACRO,capture_0.5,agricultural,0.987573410209963,0.9875734102099726,0.987573410209963,0.9875734102099726,0.987573410209963,0.9875734102099726,1,1,119,119,frozen,frozen,True,True,False,False,both
model_frozen,object,ALL,MACRO,capture_0.5,all,0.9951510061465624,0.9951510061465528,0.987841223195308,0.987841223195313,1.0,1.0,4,4,196,196,frozen,frozen,True,True,False,False,both
model_frozen,object,ALL,MACRO,capture_0.5,no_landuse_attr,0.9988680057583526,0.9988680057583438,0.9976117952443796,0.9976117952443452,1.0,1.0,4,4,20,20,frozen,frozen,True,True,False,False,both
model_frozen,object,ALL,MACRO,observed-label_auc,agricultural,0.8212687659096611,0.821268765909661,0.8212687659096611,0.821268765909661,0.8212687659096611,0.821268765909661,1,1,119,119,frozen,frozen,True,True,False,False,both
model_frozen,object,ALL,MACRO,observed-label_auc,all,0.8456468566492918,0.8456468566492787,0.8087933965206386,0.8087933965206352,0.8798147062143874,0.8798147062143519,4,4,196,196,frozen,frozen,True,True,False,False,both
model_frozen,object,ALL,MACRO,observed-label_auc,no_landuse_attr,0.8274641255715175,0.8274641255715058,0.7802960756929681,0.7802960756929683,0.874632175450067,0.8746321754500435,4,4,20,20,frozen,frozen,True,True,False,False,both
model_frozen,object,ALL,MACRO,observed-label_auc,urban,0.8891648885269249,0.8891648885269228,0.8891648885269249,0.8891648885269228,0.8891648885269249,0.8891648885269228,1,1,57,57,frozen,frozen,True,True,False,False,both
model_frozen,object,ALL,MACRO,observed-label_auc_diff,agricultural,0.3709462048926187,0.3709462048926195,0.3709462048926187,0.3709462048926195,0.3709462048926187,0.3709462048926195,1,1,119,119,frozen,frozen,True,True,False,False,both
model_frozen,object,ALL,MACRO,observed-label_auc_diff,all,0.1115264914242987,0.1115264914242848,0.0214203447614416,0.0214203447614396,0.2103558084683379,0.2103558084683261,4,4,196,196,frozen,frozen,True,True,False,False,both
model_frozen,object,ALL,MACRO,observed-label_auc_diff,no_landuse_attr,0.0953236678362281,0.0953236678362156,0.0214203447614416,0.0214203447614396,0.1617473377041262,0.1617473377041184,4,4,20,20,frozen,frozen,True,True,False,False,both
model_frozen,object,ALL,MACRO,observed-label_auc_diff,urban,-0.0044650944745946,-0.0044650944745964,-0.0044650944745946,-0.0044650944745964,-0.0044650944745946,-0.0044650944745964,1,1,57,57,frozen,frozen,True,True,False,False,both
model_frozen_to2019,area,ALL,2022-09-06,capture_0.05,all,0.2107840656547624,0.2107840656553545,,,,,6,6,196,196,frozen_sensitivity,frozen_sensitivity,True,True,False,False,both
model_frozen_to2019,area,ALL,2022-09-06,capture_0.05,no_landuse_attr,0.2107840656547624,0.2107840656553545,,,,,6,6,20,20,frozen_sensitivity,frozen_sensitivity,True,True,False,False,both
model_frozen_to2019,area,ALL,2022-09-06,capture_0.1,all,0.2107840656547624,0.2107840656553545,,,,,6,6,196,196,frozen_sensitivity,frozen_sensitivity,True,True,False,False,both
model_frozen_to2019,area,ALL,2022-09-06,capture_0.1,no_landuse_attr,0.2107840656547624,0.2107840656553545,,,,,6,6,20,20,frozen_sensitivity,frozen_sensitivity,True,True,False,False,both
model_frozen_to2019,area,ALL,2022-09-06,capture_0.2,all,0.3789647267026361,0.3789647267037007,,,,,6,6,196,196,frozen_sensitivity,frozen_sensitivity,True,True,False,False,both
model_frozen_to2019,area,ALL,2022-09-06,capture_0.2,no_landuse_attr,0.3789647267026361,0.3789647267037007,,,,,6,6,20,20,frozen_sensitivity,frozen_sensitivity,True,True,False,False,both
model_frozen_to2019,area,ALL,2022-09-06,capture_0.3,all,0.6466205139965656,0.646620513998382,,,,,6,6,196,196,frozen_sensitivity,frozen_sensitivity,True,True,False,False,both
model_frozen_to2019,area,ALL,2022-09-06,capture_0.3,no_landuse_attr,0.6466205139965656,0.646620513998382,,,,,6,6,20,20,frozen_sensitivity,frozen_sensitivity,True,True,False,False,both
model_frozen_to2019,area,ALL,2022-09-06,observed-label_auc,all,0.8093244576515006,0.8093244576518402,0.7296576466678693,0.7296576466681353,0.9396847024426758,0.9396847024426758,5,5,196,196,frozen_sensitivity,frozen_sensitivity,True,True,False,False,both
model_frozen_to2019,area,ALL,2022-09-06,observed-label_auc,no_landuse_attr,0.8093244576515006,0.8093244576518402,0.7296576466678693,0.7296576466681353,0.9396847024426758,0.9396847024426758,5,5,20,20,frozen_sensitivity,frozen_sensitivity,True,True,False,False,both
model_frozen_to2019,area,ALL,2022-09-06,observed-label_auc_diff,all,0.0300809019725708,0.0300809019719562,-0.1276851740402355,-0.1276851740402355,0.1854846595739127,0.1854846595735334,5,5,196,196,frozen_sensitivity,frozen_sensitivity,True,True,False,False,both
model_frozen_to2019,area,ALL,2022-09-06,observed-label_auc_diff,no_landuse_attr,0.0300809019725708,0.0300809019719562,-0.1276851740402355,-0.1276851740402355,0.1854846595739127,0.1854846595735334,5,5,20,20,frozen_sensitivity,frozen_sensitivity,True,True,False,False,both
model_frozen_to2019,area,ALL,2023-08-10,capture_0.05,all,0.3052311680190754,0.3052311680188967,,,,,42,42,196,196,frozen_sensitivity,frozen_sensitivity,True,True,False,False,both
model_frozen_to2019,area,ALL,2023-08-10,capture_0.05,no_landuse_attr,0.3052311680190754,0.3052311680188967,,,,,42,42,20,20,frozen_sensitivity,frozen_sensitivity,True,True,False,False,both
model_frozen_to2019,area,ALL,2023-08-10,capture_0.1,all,0.4779071521555738,0.4779071521554054,,,,,42,42,196,196,frozen_sensitivity,frozen_sensitivity,True,True,False,False,both
model_frozen_to2019,area,ALL,2023-08-10,capture_0.1,no_landuse_attr,0.4779071521555738,0.4779071521554054,,,,,42,42,20,20,frozen_sensitivity,frozen_sensitivity,True,True,False,False,both
model_frozen_to2019,area,ALL,2023-08-10,capture_0.2,all,0.909345034543846,0.9093450345437488,,,,,42,42,196,196,frozen_sensitivity,frozen_sensitivity,True,True,False,False,both
model_frozen_to2019,area,ALL,2023-08-10,capture_0.2,no_landuse_attr,0.909345034543846,0.9093450345437488,,,,,42,42,20,20,frozen_sensitivity,frozen_sensitivity,True,True,False,False,both
model_frozen_to2019,area,ALL,2023-08-10,capture_0.3,all,0.9784014501000547,0.9784014500999726,,,,,42,42,196,196,frozen_sensitivity,frozen_sensitivity,True,True,False,False,both
model_frozen_to2019,area,ALL,2023-08-10,capture_0.3,no_landuse_attr,0.9784014501000547,0.9784014500999726,,,,,42,42,20,20,frozen_sensitivity,frozen_sensitivity,True,True,False,False,both
model_frozen_to2019,area,ALL,2023-08-10,capture_0.5,all,0.9976795230530052,0.9976795230529704,,,,,42,42,196,196,frozen_sensitivity,frozen_sensitivity,True,True,False,False,both
model_frozen_to2019,area,ALL,2023-08-10,capture_0.5,no_landuse_attr,0.9976795230530052,0.9976795230529704,,,,,42,42,20,20,frozen_sensitivity,frozen_sensitivity,True,True,False,False,both
model_frozen_to2019,area,ALL,2023-08-10,observed-label_auc,all,0.9019906930851004,0.9019906930850494,0.8543239761795933,0.8543239761795922,0.9469357979097772,0.9469357979097526,3,3,196,196,frozen_sensitivity,frozen_sensitivity,True,True,False,False,both
model_frozen_to2019,area,ALL,2023-08-10,observed-label_auc,no_landuse_attr,0.9019906930851004,0.9019906930850494,0.8543239761795933,0.8543239761795922,0.9469357979097772,0.9469357979097526,3,3,20,20,frozen_sensitivity,frozen_sensitivity,True,True,False,False,both
model_frozen_to2019,area,ALL,2023-08-10,observed-label_auc_diff,all,0.0609447865315456,0.0609447865315632,-0.1012324336901451,-0.101232433690146,0.446085729166259,0.4460857291661432,3,3,196,196,frozen_sensitivity,frozen_sensitivity,True,True,False,False,both
model_frozen_to2019,area,ALL,2023-08-10,observed-label_auc_diff,no_landuse_attr,0.0609447865315456,0.0609447865315632,-0.1012324336901451,-0.101232433690146,0.446085729166259,0.4460857291661432,3,3,20,20,frozen_sensitivity,frozen_sensitivity,True,True,False,False,both
model_frozen_to2019,area,ALL,2024-07-24,capture_0.05,all,0.2834476152548859,0.2834476152546633,,,,,23,23,196,196,frozen_sensitivity,frozen_sensitivity,True,True,False,False,both
model_frozen_to2019,area,ALL,2024-07-24,capture_0.05,no_landuse_attr,0.2834476152548859,0.2834476152546633,,,,,23,23,20,20,frozen_sensitivity,frozen_sensitivity,True,True,False,False,both
model_frozen_to2019,area,ALL,2024-07-24,capture_0.1,all,0.459882037276176,0.4598820372759741,,,,,23,23,196,196,frozen_sensitivity,frozen_sensitivity,True,True,False,False,both
model_frozen_to2019,area,ALL,2024-07-24,capture_0.1,no_landuse_attr,0.459882037276176,0.4598820372759741,,,,,23,23,20,20,frozen_sensitivity,frozen_sensitivity,True,True,False,False,both
model_frozen_to2019,area,ALL,2024-07-24,capture_0.2,all,0.6374459304105353,0.6374459304103425,,,,,23,23,196,196,frozen_sensitivity,frozen_sensitivity,True,True,False,False,both
model_frozen_to2019,area,ALL,2024-07-24,capture_0.2,no_landuse_attr,0.6374459304105353,0.6374459304103425,,,,,23,23,20,20,frozen_sensitivity,frozen_sensitivity,True,True,False,False,both
model_frozen_to2019,area,ALL,2024-07-24,capture_0.3,all,0.8833866919712147,0.8833866919709741,,,,,23,23,196,196,frozen_sensitivity,frozen_sensitivity,True,True,False,False,both
model_frozen_to2019,area,ALL,2024-07-24,capture_0.3,no_landuse_attr,0.8833866919712147,0.8833866919709741,,,,,23,23,20,20,frozen_sensitivity,frozen_sensitivity,True,True,False,False,both
model_frozen_to2019,area,ALL,2024-07-24,observed-label_auc,all,0.8569409305973681,0.8569409305973181,0.720105712523493,0.7201057125233711,0.9117050412016908,0.911705041201691,5,5,196,196,frozen_sensitivity,frozen_sensitivity,True,True,False,False,both
model_frozen_to2019,area,ALL,2024-07-24,observed-label_auc,no_landuse_attr,0.8569409305973681,0.8569409305973181,0.720105712523493,0.7201057125233711,0.9117050412016908,0.911705041201691,5,5,20,20,frozen_sensitivity,frozen_sensitivity,True,True,False,False,both
model_frozen_to2019,area,ALL,2024-07-24,observed-label_auc_diff,all,0.1221518021290657,0.122151802129134,-0.0177771793474568,-0.0177771793474803,0.1927547127984693,0.1927547127985115,5,5,196,196,frozen_sensitivity,frozen_sensitivity,True,True,False,False,both
model_frozen_to2019,area,ALL,2024-07-24,observed-label_auc_diff,no_landuse_attr,0.1221518021290657,0.122151802129134,-0.0177771793474568,-0.0177771793474803,0.1927547127984693,0.1927547127985115,5,5,20,20,frozen_sensitivity,frozen_sensitivity,True,True,False,False,both
model_frozen_to2019,area,ALL,2024-09-20,capture_0.05,agricultural,0.0069946633505269,0.0069946633505268,,,,,1506,1506,119,119,frozen_sensitivity,frozen_sensitivity,True,True,False,False,both
model_frozen_to2019,area,ALL,2024-09-20,capture_0.05,all,0.0116085000447435,0.0116085000447437,,,,,1612,1612,196,196,frozen_sensitivity,frozen_sensitivity,True,True,False,False,both
model_frozen_to2019,area,ALL,2024-09-20,capture_0.05,no_landuse_attr,0.6075924861762465,0.6075924861761695,,,,,34,34,20,20,frozen_sensitivity,frozen_sensitivity,True,True,False,False,both
model_frozen_to2019,area,ALL,2024-09-20,capture_0.05,urban,0.5581128243435755,0.5581128243436423,,,,,72,72,57,57,frozen_sensitivity,frozen_sensitivity,True,True,False,False,both
model_frozen_to2019,area,ALL,2024-09-20,capture_0.1,agricultural,0.1942255324898089,0.1942255324898165,,,,,1506,1506,119,119,frozen_sensitivity,frozen_sensitivity,True,True,False,False,both
model_frozen_to2019,area,ALL,2024-09-20,capture_0.1,all,0.1975609437882904,0.197560943788298,,,,,1612,1612,196,196,frozen_sensitivity,frozen_sensitivity,True,True,False,False,both
model_frozen_to2019,area,ALL,2024-09-20,capture_0.1,no_landuse_attr,0.6075924861762465,0.6075924861761695,,,,,34,34,20,20,frozen_sensitivity,frozen_sensitivity,True,True,False,False,both
model_frozen_to2019,area,ALL,2024-09-20,capture_0.1,urban,0.6385890957948553,0.6385890957949157,,,,,72,72,57,57,frozen_sensitivity,frozen_sensitivity,True,True,False,False,both
model_frozen_to2019,area,ALL,2024-09-20,capture_0.2,agricultural,0.7898478573117139,0.7898478573117141,,,,,1506,1506,119,119,frozen_sensitivity,frozen_sensitivity,True,True,False,False,both
model_frozen_to2019,area,ALL,2024-09-20,capture_0.2,all,0.7898521852315266,0.7898521852315269,,,,,1612,1612,196,196,frozen_sensitivity,frozen_sensitivity,True,True,False,False,both
model_frozen_to2019,area,ALL,2024-09-20,capture_0.2,no_landuse_attr,0.785032828276985,0.7850328282768644,,,,,34,34,20,20,frozen_sensitivity,frozen_sensitivity,True,True,False,False,both
model_frozen_to2019,area,ALL,2024-09-20,capture_0.2,urban,0.8022388913988373,0.8022388913990957,,,,,72,72,57,57,frozen_sensitivity,frozen_sensitivity,True,True,False,False,both
model_frozen_to2019,area,ALL,2024-09-20,capture_0.3,agricultural,0.9630913808522368,0.9630913808522364,,,,,1506,1506,119,119,frozen_sensitivity,frozen_sensitivity,True,True,False,False,both
model_frozen_to2019,area,ALL,2024-09-20,capture_0.3,all,0.9627740338648596,0.96277403386486,,,,,1612,1612,196,196,frozen_sensitivity,frozen_sensitivity,True,True,False,False,both
model_frozen_to2019,area,ALL,2024-09-20,capture_0.3,no_landuse_attr,0.9198598567785972,0.919859856778616,,,,,34,34,20,20,frozen_sensitivity,frozen_sensitivity,True,True,False,False,both
model_frozen_to2019,area,ALL,2024-09-20,capture_0.3,urban,0.9294266553729448,0.9294266553730728,,,,,72,72,57,57,frozen_sensitivity,frozen_sensitivity,True,True,False,False,both
model_frozen_to2019,area,ALL,2024-09-20,capture_0.5,agricultural,0.9989150148559304,0.99891501485593,,,,,1506,1506,119,119,frozen_sensitivity,frozen_sensitivity,True,True,False,False,both
model_frozen_to2019,area,ALL,2024-09-20,capture_0.5,all,0.998858393385798,0.9988583933857976,,,,,1612,1612,196,196,frozen_sensitivity,frozen_sensitivity,True,True,False,False,both
model_frozen_to2019,area,ALL,2024-09-20,capture_0.5,no_landuse_attr,0.999807776621915,0.9998077766219154,,,,,34,34,20,20,frozen_sensitivity,frozen_sensitivity,True,True,False,False,both
model_frozen_to2019,area,ALL,2024-09-20,capture_0.5,urban,0.9739083787445368,0.9739083787445388,,,,,72,72,57,57,frozen_sensitivity,frozen_sensitivity,True,True,False,False,both
model_frozen_to2019,area,ALL,2024-09-20,observed-label_auc,agricultural,0.8533541889319852,0.8533541889319856,0.8429595532876774,0.842959553287678,0.8646854621883633,0.864685462188365,119,119,119,119,frozen_sensitivity,frozen_sensitivity,True,True,False,False,both
model_frozen_to2019,area,ALL,2024-09-20,observed-label_auc,all,0.8538031330635959,0.8538031330635966,0.8440271494024446,0.8440271494024464,0.864705104785064,0.864705104785066,183,183,196,196,frozen_sensitivity,frozen_sensitivity,True,True,False,False,both
model_frozen_to2019,area,ALL,2024-09-20,observed-label_auc,no_landuse_attr,0.9126571533451362,0.912657153345119,0.7274155992304582,0.7274155992305019,0.9402458168448778,0.9402458168448812,7,7,20,20,frozen_sensitivity,frozen_sensitivity,True,True,False,False,both
model_frozen_to2019,area,ALL,2024-09-20,observed-label_auc,urban,0.9050760004412352,0.9050760004412768,0.8541199671936701,0.8541199671937235,0.9453456074460744,0.9453456074460852,57,57,57,57,frozen_sensitivity,frozen_sensitivity,True,True,False,False,both
model_frozen_to2019,area,ALL,2024-09-20,observed-label_auc_diff,agricultural,0.4116367149658316,0.411636714965832,0.3998406389850241,0.3998406389850243,0.4241178463264288,0.4241178463264279,119,119,119,119,frozen_sensitivity,frozen_sensitivity,True,True,False,False,both
model_frozen_to2019,area,ALL,2024-09-20,observed-label_auc_diff,all,0.4084708034775255,0.4084708034775256,0.3961624318037368,0.3961624318037365,0.4204347034998494,0.4204347034998477,183,183,196,196,frozen_sensitivity,frozen_sensitivity,True,True,False,False,both
model_frozen_to2019,area,ALL,2024-09-20,observed-label_auc_diff,no_landuse_attr,0.0192440964515655,0.0192440964516191,-0.0243594484718386,-0.0243594484718168,0.3070024602226303,0.3070024602226335,7,7,20,20,frozen_sensitivity,frozen_sensitivity,True,True,False,False,both
model_frozen_to2019,area,ALL,2024-09-20,observed-label_auc_diff,urban,-0.0100738520849548,-0.010073852085046,-0.0429102683306578,-0.0429102683307019,0.0234036083041585,0.0234036083040799,57,57,57,57,frozen_sensitivity,frozen_sensitivity,True,True,False,False,both
model_frozen_to2019,area,ALL,ALL,capture_0.05,agricultural,0.0069946633505269,0.0069946633505268,,,,,1506,1506,119,119,frozen_sensitivity,frozen_sensitivity,True,True,False,False,both
model_frozen_to2019,area,ALL,ALL,capture_0.05,all,0.0132532455564924,0.0132532455564915,,,,,1674,1674,196,196,frozen_sensitivity,frozen_sensitivity,True,True,False,False,both
model_frozen_to2019,area,ALL,ALL,capture_0.05,no_landuse_attr,0.4507448056250383,0.450744805624934,,,,,96,96,20,20,frozen_sensitivity,frozen_sensitivity,True,True,False,False,both
model_frozen_to2019,area,ALL,ALL,capture_0.05,urban,0.5581128243435755,0.5581128243436423,,,,,72,72,57,57,frozen_sensitivity,frozen_sensitivity,True,True,False,False,both
model_frozen_to2019,area,ALL,ALL,capture_0.1,agricultural,0.1942255324898089,0.1942255324898165,,,,,1506,1506,119,119,frozen_sensitivity,frozen_sensitivity,True,True,False,False,both
model_frozen_to2019,area,ALL,ALL,capture_0.1,all,0.199121691364379,0.1991216913643856,,,,,1674,1674,196,196,frozen_sensitivity,frozen_sensitivity,True,True,False,False,both
model_frozen_to2019,area,ALL,ALL,capture_0.1,no_landuse_attr,0.5384576101118724,0.5384576101117646,,,,,96,96,20,20,frozen_sensitivity,frozen_sensitivity,True,True,False,False,both
model_frozen_to2019,area,ALL,ALL,capture_0.1,urban,0.6385890957948553,0.6385890957949157,,,,,72,72,57,57,frozen_sensitivity,frozen_sensitivity,True,True,False,False,both
model_frozen_to2019,area,ALL,ALL,capture_0.2,agricultural,0.7898478573117139,0.7898478573117141,,,,,1506,1506,119,119,frozen_sensitivity,frozen_sensitivity,True,True,False,False,both
model_frozen_to2019,area,ALL,ALL,capture_0.2,all,0.7903116760764087,0.7903116760764086,,,,,1674,1674,196,196,frozen_sensitivity,frozen_sensitivity,True,True,False,False,both
model_frozen_to2019,area,ALL,ALL,capture_0.2,no_landuse_attr,0.8290163770195218,0.8290163770194154,,,,,96,96,20,20,frozen_sensitivity,frozen_sensitivity,True,True,False,False,both
model_frozen_to2019,area,ALL,ALL,capture_0.2,urban,0.8022388913988373,0.8022388913990957,,,,,72,72,57,57,frozen_sensitivity,frozen_sensitivity,True,True,False,False,both
model_frozen_to2019,area,ALL,ALL,capture_0.3,agricultural,0.9630913808522368,0.9630913808522364,,,,,1506,1506,119,119,frozen_sensitivity,frozen_sensitivity,True,True,False,False,both
model_frozen_to2019,area,ALL,ALL,capture_0.3,all,0.962776859591206,0.9627768595912062,,,,,1674,1674,196,196,frozen_sensitivity,frozen_sensitivity,True,True,False,False,both
model_frozen_to2019,area,ALL,ALL,capture_0.3,no_landuse_attr,0.9421089302016892,0.9421089302016592,,,,,96,96,20,20,frozen_sensitivity,frozen_sensitivity,True,True,False,False,both
model_frozen_to2019,area,ALL,ALL,capture_0.3,urban,0.9294266553729448,0.9294266553730728,,,,,72,72,57,57,frozen_sensitivity,frozen_sensitivity,True,True,False,False,both
model_frozen_to2019,area,ALL,ALL,capture_0.5,agricultural,0.9989150148559304,0.99891501485593,,,,,1506,1506,119,119,frozen_sensitivity,frozen_sensitivity,True,True,False,False,both
model_frozen_to2019,area,ALL,ALL,capture_0.5,all,0.9988534261163144,0.998853426116314,,,,,1674,1674,196,196,frozen_sensitivity,frozen_sensitivity,True,True,False,False,both
model_frozen_to2019,area,ALL,ALL,capture_0.5,no_landuse_attr,0.9988724342448844,0.9988724342448688,,,,,96,96,20,20,frozen_sensitivity,frozen_sensitivity,True,True,False,False,both
model_frozen_to2019,area,ALL,ALL,capture_0.5,urban,0.9739083787445368,0.9739083787445388,,,,,72,72,57,57,frozen_sensitivity,frozen_sensitivity,True,True,False,False,both
model_frozen_to2019,area,ALL,ALL,observed-label_auc,agricultural,0.8533541889319852,0.8533541889319856,0.8429595532876774,0.842959553287678,0.8646854621883633,0.864685462188365,119,119,119,119,frozen_sensitivity,frozen_sensitivity,True,True,False,False,both
model_frozen_to2019,area,ALL,ALL,observed-label_auc,all,0.8540399951374671,0.8540399951374673,0.8438084774628425,0.8438084774628429,0.8648474187777266,0.8648474187777325,196,196,196,196,frozen_sensitivity,frozen_sensitivity,True,True,False,False,both
model_frozen_to2019,area,ALL,ALL,observed-label_auc,no_landuse_attr,0.903893876015845,0.9038938760158154,0.8377980994863471,0.8377980994863299,0.9322773613749898,0.932277361374976,20,20,20,20,frozen_sensitivity,frozen_sensitivity,True,True,False,False,both
model_frozen_to2019,area,ALL,ALL,observed-label_auc,urban,0.9050760004412352,0.9050760004412768,0.8541199671936701,0.8541199671937235,0.9453456074460744,0.9453456074460852,57,57,57,57,frozen_sensitivity,frozen_sensitivity,True,True,False,False,both
model_frozen_to2019,area,ALL,ALL,observed-label_auc_diff,agricultural,0.4116367149658316,0.411636714965832,0.3998406389850241,0.3998406389850243,0.4241178463264288,0.4241178463264279,119,119,119,119,frozen_sensitivity,frozen_sensitivity,True,True,False,False,both
model_frozen_to2019,area,ALL,ALL,observed-label_auc_diff,all,0.4065387953757627,0.4065387953757631,0.3933158413516241,0.3933158413516253,0.4183138045728967,0.4183138045728993,196,196,196,196,frozen_sensitivity,frozen_sensitivity,True,True,False,False,both
model_frozen_to2019,area,ALL,ALL,observed-label_auc_diff,no_landuse_attr,0.0441741092531788,0.0441741092532106,-0.0310467354039206,-0.0310467354039336,0.2283644234641645,0.2283644234641857,20,20,20,20,frozen_sensitivity,frozen_sensitivity,True,True,False,False,both
model_frozen_to2019,area,ALL,ALL,observed-label_auc_diff,urban,-0.0100738520849548,-0.010073852085046,-0.0429102683306578,-0.0429102683307019,0.0234036083041585,0.0234036083040799,57,57,57,57,frozen_sensitivity,frozen_sensitivity,True,True,False,False,both
model_frozen_to2019,area,ALL,MACRO,capture_0.05,agricultural,0.0069946633505269,0.0069946633505268,0.0069946633505269,0.0069946633505268,0.0069946633505269,0.0069946633505268,1,1,119,119,frozen_sensitivity,frozen_sensitivity,True,True,False,False,both
model_frozen_to2019,area,ALL,MACRO,capture_0.05,all,0.2027678372433668,0.2027678372434146,0.0795682788472791,0.0795682788472236,0.2943393916369806,0.29433939163678,4,4,196,196,frozen_sensitivity,frozen_sensitivity,True,True,False,False,both
model_frozen_to2019,area,ALL,MACRO,capture_0.05,no_landuse_attr,0.3517638337762425,0.3517638337762709,0.2343958412458406,0.2343958412462401,0.5265562684459064,0.526556268445793,4,4,20,20,frozen_sensitivity,frozen_sensitivity,True,True,False,False,both
model_frozen_to2019,area,ALL,MACRO,capture_0.05,urban,0.5581128243435755,0.5581128243436423,0.5581128243435755,0.5581128243436423,0.5581128243435755,0.5581128243436423,1,1,57,57,frozen_sensitivity,frozen_sensitivity,True,True,False,False,both
model_frozen_to2019,area,ALL,MACRO,capture_0.1,agricultural,0.1942255324898089,0.1942255324898165,0.1942255324898089,0.1942255324898165,0.1942255324898089,0.1942255324898165,1,1,119,119,frozen_sensitivity,frozen_sensitivity,True,True,False,False,both
model_frozen_to2019,area,ALL,MACRO,capture_0.1,all,0.3365335497187006,0.336533549718758,0.2041725047215264,0.2041725047218263,0.4688945947158749,0.4688945947156898,4,4,196,196,frozen_sensitivity,frozen_sensitivity,True,True,False,False,both
model_frozen_to2019,area,ALL,MACRO,capture_0.1,no_landuse_attr,0.4390414353156897,0.4390414353157259,0.2775648372799652,0.2775648372803673,0.5706648739512289,0.5706648739511206,4,4,20,20,frozen_sensitivity,frozen_sensitivity,True,True,False,False,both
model_frozen_to2019,area,ALL,MACRO,capture_0.1,urban,0.6385890957948553,0.6385890957949157,0.6385890957948553,0.6385890957949157,0.6385890957948553,0.6385890957949157,1,1,57,57,frozen_sensitivity,frozen_sensitivity,True,True,False,False,both
model_frozen_to2019,area,ALL,MACRO,capture_0.2,agricultural,0.7898478573117139,0.7898478573117141,0.7898478573117139,0.7898478573117141,0.7898478573117139,0.7898478573117141,1,1,119,119,frozen_sensitivity,frozen_sensitivity,True,True,False,False,both
model_frozen_to2019,area,ALL,MACRO,capture_0.2,all,0.678901969222136,0.6789019692223297,0.4816865913348587,0.4816865913356573,0.8495986098876862,0.8495986098876378,4,4,196,196,frozen_sensitivity,frozen_sensitivity,True,True,False,False,both
model_frozen_to2019,area,ALL,MACRO,capture_0.2,no_landuse_attr,0.6776971299835006,0.677697129983664,0.4804817520962233,0.4804817520969916,0.8471889314104155,0.8471889314103066,4,4,20,20,frozen_sensitivity,frozen_sensitivity,True,True,False,False,both
model_frozen_to2019,area,ALL,MACRO,capture_0.2,urban,0.8022388913988373,0.8022388913990957,0.8022388913988373,0.8022388913990957,0.8022388913988373,0.8022388913990957,1,1,57,57,frozen_sensitivity,frozen_sensitivity,True,True,False,False,both
model_frozen_to2019,area,ALL,MACRO,capture_0.3,agricultural,0.9630913808522368,0.9630913808522364,0.9630913808522368,0.9630913808522364,0.9630913808522368,0.9630913808522364,1,1,119,119,frozen_sensitivity,frozen_sensitivity,True,True,False,False,both
model_frozen_to2019,area,ALL,MACRO,capture_0.3,all,0.8677956724831737,0.8677956724835472,0.7256588939636391,0.7256588939650015,0.9705877419824572,0.9705877419824164,4,4,196,196,frozen_sensitivity,frozen_sensitivity,True,True,False,False,both
model_frozen_to2019,area,ALL,MACRO,capture_0.3,no_landuse_attr,0.8570671282116081,0.8570671282119863,0.7149303496920736,0.7149303496934406,0.9546477605678448,0.954647760567723,4,4,20,20,frozen_sensitivity,frozen_sensitivity,True,True,False,False,both
model_frozen_to2019,area,ALL,MACRO,capture_0.3,urban,0.9294266553729448,0.9294266553730728,0.9294266553729448,0.9294266553730728,0.9294266553729448,0.9294266553730728,1,1,57,57,frozen_sensitivity,frozen_sensitivity,True,True,False,False,both
model_frozen_to2019,area,ALL,MACRO,capture_0.5,agricultural,0.9989150148559304,0.99891501485593,0.9989150148559304,0.99891501485593,0.9989150148559304,0.99891501485593,1,1,119,119,frozen_sensitivity,frozen_sensitivity,True,True,False,False,both
model_frozen_to2019,area,ALL,MACRO,capture_0.5,all,0.9991344791097008,0.999134479109692,0.9982596422897538,0.998259642289728,1.0,1.0,4,4,196,196,frozen_sensitivity,frozen_sensitivity,True,True,False,False,both
model_frozen_to2019,area,ALL,MACRO,capture_0.5,no_landuse_attr,0.99937182491873,0.9993718249187216,0.9982596422897538,0.998259642289728,1.0,1.0,4,4,20,20,frozen_sensitivity,frozen_sensitivity,True,True,False,False,both
model_frozen_to2019,area,ALL,MACRO,capture_0.5,urban,0.9739083787445368,0.9739083787445388,0.9739083787445368,0.9739083787445388,0.9739083787445368,0.9739083787445388,1,1,57,57,frozen_sensitivity,frozen_sensitivity,True,True,False,False,both
model_frozen_to2019,area,ALL,MACRO,observed-label_auc,agricultural,0.8533541889319852,0.8533541889319856,0.8533541889319852,0.8533541889319856,0.8533541889319852,0.8533541889319856,1,1,119,119,frozen_sensitivity,frozen_sensitivity,True,True,False,False,both
model_frozen_to2019,area,ALL,MACRO,observed-label_auc,all,0.8555148035993912,0.8555148035994511,0.8212285758879676,0.8212285758882096,0.8899438030797243,0.8899438030796862,4,4,196,196,frozen_sensitivity,frozen_sensitivity,True,True,False,False,both
model_frozen_to2019,area,ALL,MACRO,observed-label_auc,no_landuse_attr,0.8702283086697763,0.8702283086698317,0.8212285758879676,0.8212285758882097,0.9073239232151185,0.9073239232150844,4,4,20,20,frozen_sensitivity,frozen_sensitivity,True,True,False,False,both
model_frozen_to2019,area,ALL,MACRO,observed-label_auc,urban,0.9050760004412352,0.9050760004412768,0.9050760004412352,0.9050760004412768,0.9050760004412352,0.9050760004412768,1,1,57,57,frozen_sensitivity,frozen_sensitivity,True,True,False,False,both
model_frozen_to2019,area,ALL,MACRO,observed-label_auc_diff,agricultural,0.4116367149658316,0.411636714965832,0.4116367149658316,0.411636714965832,0.4116367149658316,0.411636714965832,1,1,119,119,frozen_sensitivity,frozen_sensitivity,True,True,False,False,both
model_frozen_to2019,area,ALL,MACRO,observed-label_auc_diff,all,0.1554120735276769,0.1554120735275447,0.0455128442520582,0.0455128442517597,0.3215892992410305,0.321589299241035,4,4,196,196,frozen_sensitivity,frozen_sensitivity,True,True,False,False,both
model_frozen_to2019,area,ALL,MACRO,observed-label_auc_diff,no_landuse_attr,0.0581053967711869,0.0581053967710681,0.0246624992120682,0.0246624992117877,0.099134077089942,0.0991340770898395,4,4,20,20,frozen_sensitivity,frozen_sensitivity,True,True,False,False,both
model_frozen_to2019,area,ALL,MACRO,observed-label_auc_diff,urban,-0.0100738520849548,-0.010073852085046,-0.0100738520849548,-0.010073852085046,-0.0100738520849548,-0.010073852085046,1,1,57,57,frozen_sensitivity,frozen_sensitivity,True,True,False,False,both
model_frozen_to2019,object,ALL,2023-08-10,capture_0.05,all,0.2351998238417912,0.2351998238417451,,,,,3,3,196,196,frozen_sensitivity,frozen_sensitivity,True,True,False,False,both
model_frozen_to2019,object,ALL,2023-08-10,capture_0.05,no_landuse_attr,0.2351998238417912,0.2351998238417451,,,,,3,3,20,20,frozen_sensitivity,frozen_sensitivity,True,True,False,False,both
model_frozen_to2019,object,ALL,2023-08-10,capture_0.1,all,0.4591738563928853,0.4591738563927507,,,,,3,3,196,196,frozen_sensitivity,frozen_sensitivity,True,True,False,False,both
model_frozen_to2019,object,ALL,2023-08-10,capture_0.1,no_landuse_attr,0.4591738563928853,0.4591738563927507,,,,,3,3,20,20,frozen_sensitivity,frozen_sensitivity,True,True,False,False,both
model_frozen_to2019,object,ALL,2023-08-10,capture_0.2,all,0.899423864220464,0.8994238642203606,,,,,3,3,196,196,frozen_sensitivity,frozen_sensitivity,True,True,False,False,both
model_frozen_to2019,object,ALL,2023-08-10,capture_0.2,no_landuse_attr,0.899423864220464,0.8994238642203606,,,,,3,3,20,20,frozen_sensitivity,frozen_sensitivity,True,True,False,False,both
model_frozen_to2019,object,ALL,2023-08-10,capture_0.3,all,0.9703614037034604,0.9703614037033628,,,,,3,3,196,196,frozen_sensitivity,frozen_sensitivity,True,True,False,False,both
model_frozen_to2019,object,ALL,2023-08-10,capture_0.3,no_landuse_attr,0.9703614037034604,0.9703614037033628,,,,,3,3,20,20,frozen_sensitivity,frozen_sensitivity,True,True,False,False,both
model_frozen_to2019,object,ALL,2023-08-10,capture_0.5,all,0.996815726992506,0.9968157269924602,,,,,3,3,196,196,frozen_sensitivity,frozen_sensitivity,True,True,False,False,both
model_frozen_to2019,object,ALL,2023-08-10,capture_0.5,no_landuse_attr,0.996815726992506,0.9968157269924602,,,,,3,3,20,20,frozen_sensitivity,frozen_sensitivity,True,True,False,False,both
model_frozen_to2019,object,ALL,2023-08-10,observed-label_auc,all,0.8956295902796229,0.8956295902795756,0.8543239761795934,0.8543239761795922,0.9469357979097772,0.9469357979097528,3,3,196,196,frozen_sensitivity,frozen_sensitivity,True,True,False,False,both
model_frozen_to2019,object,ALL,2023-08-10,observed-label_auc,no_landuse_attr,0.8956295902796229,0.8956295902795756,0.8543239761795934,0.8543239761795922,0.9469357979097772,0.9469357979097528,3,3,20,20,frozen_sensitivity,frozen_sensitivity,True,True,False,False,both
model_frozen_to2019,object,ALL,2023-08-10,observed-label_auc_diff,all,0.1037290205806996,0.103729020580652,-0.1012324336901449,-0.101232433690146,0.4460857291662591,0.4460857291661432,3,3,196,196,frozen_sensitivity,frozen_sensitivity,True,True,False,False,both
model_frozen_to2019,object,ALL,2023-08-10,observed-label_auc_diff,no_landuse_attr,0.1037290205806996,0.103729020580652,-0.1012324336901449,-0.101232433690146,0.4460857291662591,0.4460857291661432,3,3,20,20,frozen_sensitivity,frozen_sensitivity,True,True,False,False,both
model_frozen_to2019,object,ALL,2024-07-24,capture_0.05,all,0.1753782635697102,0.1753782635694676,,,,,5,5,196,196,frozen_sensitivity,frozen_sensitivity,True,True,False,False,both
model_frozen_to2019,object,ALL,2024-07-24,capture_0.05,no_landuse_attr,0.1753782635697102,0.1753782635694676,,,,,5,5,20,20,frozen_sensitivity,frozen_sensitivity,True,True,False,False,both
model_frozen_to2019,object,ALL,2024-07-24,capture_0.1,all,0.3487548594370578,0.3487548594368189,,,,,5,5,196,196,frozen_sensitivity,frozen_sensitivity,True,True,False,False,both
model_frozen_to2019,object,ALL,2024-07-24,capture_0.1,no_landuse_attr,0.3487548594370578,0.3487548594368189,,,,,5,5,20,20,frozen_sensitivity,frozen_sensitivity,True,True,False,False,both
model_frozen_to2019,object,ALL,2024-07-24,capture_0.2,all,0.4160487794665944,0.4160487794663541,,,,,5,5,196,196,frozen_sensitivity,frozen_sensitivity,True,True,False,False,both
model_frozen_to2019,object,ALL,2024-07-24,capture_0.2,no_landuse_attr,0.4160487794665944,0.4160487794663541,,,,,5,5,20,20,frozen_sensitivity,frozen_sensitivity,True,True,False,False,both
model_frozen_to2019,object,ALL,2024-07-24,observed-label_auc,all,0.8001912048337092,0.8001912048337104,0.6968603010711274,0.6968603010712597,0.9068976867310976,0.906897686731055,5,5,196,196,frozen_sensitivity,frozen_sensitivity,True,True,False,False,both
model_frozen_to2019,object,ALL,2024-07-24,observed-label_auc,no_landuse_attr,0.8001912048337092,0.8001912048337104,0.6968603010711274,0.6968603010712597,0.9068976867310976,0.906897686731055,5,5,20,20,frozen_sensitivity,frozen_sensitivity,True,True,False,False,both
model_frozen_to2019,object,ALL,2024-07-24,observed-label_auc_diff,all,0.1117759244473971,0.111775924447395,-0.0161942103031975,-0.0161942103032907,0.214379158394433,0.2143791583945204,5,5,196,196,frozen_sensitivity,frozen_sensitivity,True,True,False,False,both
model_frozen_to2019,object,ALL,2024-07-24,observed-label_auc_diff,no_landuse_attr,0.1117759244473971,0.111775924447395,-0.0161942103031975,-0.0161942103032907,0.214379158394433,0.2143791583945204,5,5,20,20,frozen_sensitivity,frozen_sensitivity,True,True,False,False,both
model_frozen_to2019,object,ALL,2024-09-20,capture_0.05,agricultural,0.0368983859723057,0.0368983859723098,,,,,119,119,119,119,frozen_sensitivity,frozen_sensitivity,True,True,False,False,both
model_frozen_to2019,object,ALL,2024-09-20,capture_0.05,all,0.1657667629298178,0.1657667629298158,,,,,183,183,196,196,frozen_sensitivity,frozen_sensitivity,True,True,False,False,both
model_frozen_to2019,object,ALL,2024-09-20,capture_0.05,no_landuse_attr,0.1034994637581714,0.1034994637581743,,,,,7,7,20,20,frozen_sensitivity,frozen_sensitivity,True,True,False,False,both
model_frozen_to2019,object,ALL,2024-09-20,capture_0.05,urban,0.4424546217393871,0.4424546217393719,,,,,57,57,57,57,frozen_sensitivity,frozen_sensitivity,True,True,False,False,both
model_frozen_to2019,object,ALL,2024-09-20,capture_0.1,agricultural,0.2495780338153277,0.249578033815331,,,,,119,119,119,119,frozen_sensitivity,frozen_sensitivity,True,True,False,False,both
model_frozen_to2019,object,ALL,2024-09-20,capture_0.1,all,0.3425839616372017,0.3425839616371991,,,,,183,183,196,196,frozen_sensitivity,frozen_sensitivity,True,True,False,False,both
model_frozen_to2019,object,ALL,2024-09-20,capture_0.1,no_landuse_attr,0.1034994637581714,0.1034994637581743,,,,,7,7,20,20,frozen_sensitivity,frozen_sensitivity,True,True,False,False,both
model_frozen_to2019,object,ALL,2024-09-20,capture_0.1,urban,0.5661154861276613,0.5661154861276461,,,,,57,57,57,57,frozen_sensitivity,frozen_sensitivity,True,True,False,False,both
model_frozen_to2019,object,ALL,2024-09-20,capture_0.2,agricultural,0.576317233537235,0.5763172335372285,,,,,119,119,119,119,frozen_sensitivity,frozen_sensitivity,True,True,False,False,both
model_frozen_to2019,object,ALL,2024-09-20,capture_0.2,all,0.6193676839051979,0.6193676839051939,,,,,183,183,196,196,frozen_sensitivity,frozen_sensitivity,True,True,False,False,both
model_frozen_to2019,object,ALL,2024-09-20,capture_0.2,no_landuse_attr,0.1651159976326211,0.1651159976326236,,,,,7,7,20,20,frozen_sensitivity,frozen_sensitivity,True,True,False,False,both
model_frozen_to2019,object,ALL,2024-09-20,capture_0.3,agricultural,0.8150425194904712,0.8150425194904644,,,,,119,119,119,119,frozen_sensitivity,frozen_sensitivity,True,True,False,False,both
model_frozen_to2019,object,ALL,2024-09-20,capture_0.3,all,0.8434145078976621,0.8434145078976581,,,,,183,183,196,196,frozen_sensitivity,frozen_sensitivity,True,True,False,False,both
model_frozen_to2019,object,ALL,2024-09-20,capture_0.3,no_landuse_attr,0.6415877694417389,0.6415877694417519,,,,,7,7,20,20,frozen_sensitivity,frozen_sensitivity,True,True,False,False,both
model_frozen_to2019,object,ALL,2024-09-20,capture_0.5,agricultural,0.991928590622314,0.9919285906223234,,,,,119,119,119,119,frozen_sensitivity,frozen_sensitivity,True,True,False,False,both
model_frozen_to2019,object,ALL,2024-09-20,capture_0.5,all,0.9866203548017756,0.986620354801782,,,,,183,183,196,196,frozen_sensitivity,frozen_sensitivity,True,True,False,False,both
model_frozen_to2019,object,ALL,2024-09-20,capture_0.5,no_landuse_attr,0.9986562960409042,0.998656296040915,,,,,7,7,20,20,frozen_sensitivity,frozen_sensitivity,True,True,False,False,both
model_frozen_to2019,object,ALL,2024-09-20,observed-label_auc,agricultural,0.817723338510725,0.8177233385107248,0.8001791085314395,0.8001791085314395,0.8336601339972401,0.8336601339972378,119,119,119,119,frozen_sensitivity,frozen_sensitivity,True,True,False,False,both
model_frozen_to2019,object,ALL,2024-09-20,observed-label_auc,all,0.8394428837685657,0.839442883768565,0.8236592772496669,0.8236592772496683,0.855543084356385,0.8555430843563843,183,183,196,196,frozen_sensitivity,frozen_sensitivity,True,True,False,False,both
model_frozen_to2019,object,ALL,2024-09-20,observed-label_auc,no_landuse_attr,0.7722302165645286,0.7722302165645328,0.7209218401131481,0.7209218401131485,0.8366228107408141,0.8366228107408222,7,7,20,20,frozen_sensitivity,frozen_sensitivity,True,True,False,False,both
model_frozen_to2019,object,ALL,2024-09-20,observed-label_auc,urban,0.8930413847529766,0.8930413847529746,0.8594011514121448,0.8594011514121429,0.9216243561532852,0.9216243561532852,57,57,57,57,frozen_sensitivity,frozen_sensitivity,True,True,False,False,both
model_frozen_to2019,object,ALL,2024-09-20,observed-label_auc_diff,agricultural,0.3674007774936825,0.3674007774936833,0.3480018236714192,0.3480018236714196,0.386323163189266,0.3863231631892664,119,119,119,119,frozen_sensitivity,frozen_sensitivity,True,True,False,False,both
model_frozen_to2019,object,ALL,2024-09-20,observed-label_auc_diff,all,0.2458641543230973,0.2458641543230975,0.2172602922804758,0.217260292280476,0.2736503109028932,0.2736503109028954,183,183,196,196,frozen_sensitivity,frozen_sensitivity,True,True,False,False,both
model_frozen_to2019,object,ALL,2024-09-20,observed-label_auc_diff,no_landuse_attr,0.1865711170778754,0.1865711170778797,0.0436454060939785,0.0436454060939787,0.3017862933517216,0.3017862933517252,7,7,20,20,frozen_sensitivity,frozen_sensitivity,True,True,False,False,both
model_frozen_to2019,object,ALL,2024-09-20,observed-label_auc_diff,urban,-0.0005885982485429,-0.0005885982485446,-0.0310746243257013,-0.0310746243257013,0.0329788814299307,0.0329788814299275,57,57,57,57,frozen_sensitivity,frozen_sensitivity,True,True,False,False,both
model_frozen_to2019,object,ALL,ALL,capture_0.05,agricultural,0.0368983859723057,0.0368983859723098,,,,,119,119,119,119,frozen_sensitivity,frozen_sensitivity,True,True,False,False,both
model_frozen_to2019,object,ALL,ALL,capture_0.05,all,0.1730500428853601,0.1730500428853513,,,,,196,196,196,196,frozen_sensitivity,frozen_sensitivity,True,True,False,False,both
model_frozen_to2019,object,ALL,ALL,capture_0.05,no_landuse_attr,0.2153493517840562,0.2153493517839896,,,,,20,20,20,20,frozen_sensitivity,frozen_sensitivity,True,True,False,False,both
model_frozen_to2019,object,ALL,ALL,capture_0.05,urban,0.4424546217393871,0.4424546217393719,,,,,57,57,57,57,frozen_sensitivity,frozen_sensitivity,True,True,False,False,both
model_frozen_to2019,object,ALL,ALL,capture_0.1,agricultural,0.2495780338153277,0.249578033815331,,,,,119,119,119,119,frozen_sensitivity,frozen_sensitivity,True,True,False,False,both
model_frozen_to2019,object,ALL,ALL,capture_0.1,all,0.3459906165610808,0.3459906165610703,,,,,196,196,196,196,frozen_sensitivity,frozen_sensitivity,True,True,False,False,both
model_frozen_to2019,object,ALL,ALL,capture_0.1,no_landuse_attr,0.2922896056335572,0.2922896056334784,,,,,20,20,20,20,frozen_sensitivity,frozen_sensitivity,True,True,False,False,both
model_frozen_to2019,object,ALL,ALL,capture_0.1,urban,0.5661154861276613,0.5661154861276461,,,,,57,57,57,57,frozen_sensitivity,frozen_sensitivity,True,True,False,False,both
model_frozen_to2019,object,ALL,ALL,capture_0.2,agricultural,0.576317233537235,0.5763172335372285,,,,,119,119,119,119,frozen_sensitivity,frozen_sensitivity,True,True,False,False,both
model_frozen_to2019,object,ALL,ALL,capture_0.2,all,0.6179737554664665,0.617973755466455,,,,,196,196,196,196,frozen_sensitivity,frozen_sensitivity,True,True,False,False,both
model_frozen_to2019,object,ALL,ALL,capture_0.2,no_landuse_attr,0.4467190950102278,0.446719095010153,,,,,20,20,20,20,frozen_sensitivity,frozen_sensitivity,True,True,False,False,both
model_frozen_to2019,object,ALL,ALL,capture_0.3,agricultural,0.8150425194904712,0.8150425194904644,,,,,119,119,119,119,frozen_sensitivity,frozen_sensitivity,True,True,False,False,both
model_frozen_to2019,object,ALL,ALL,capture_0.3,all,0.8419970591347344,0.8419970591347294,,,,,196,196,196,196,frozen_sensitivity,frozen_sensitivity,True,True,False,False,both
model_frozen_to2019,object,ALL,ALL,capture_0.3,no_landuse_attr,0.7588841515613975,0.7588841515613873,,,,,20,20,20,20,frozen_sensitivity,frozen_sensitivity,True,True,False,False,both
model_frozen_to2019,object,ALL,ALL,capture_0.5,agricultural,0.991928590622314,0.9919285906223234,,,,,119,119,119,119,frozen_sensitivity,frozen_sensitivity,True,True,False,False,both
model_frozen_to2019,object,ALL,ALL,capture_0.5,all,0.9874590413760328,0.9874590413760382,,,,,196,196,196,196,frozen_sensitivity,frozen_sensitivity,True,True,False,False,both
model_frozen_to2019,object,ALL,ALL,capture_0.5,no_landuse_attr,0.9990520626631924,0.9990520626631894,,,,,20,20,20,20,frozen_sensitivity,frozen_sensitivity,True,True,False,False,both
model_frozen_to2019,object,ALL,ALL,observed-label_auc,agricultural,0.817723338510725,0.8177233385107248,0.8001791085314395,0.8001791085314395,0.8336601339972401,0.8336601339972378,119,119,119,119,frozen_sensitivity,frozen_sensitivity,True,True,False,False,both
model_frozen_to2019,object,ALL,ALL,observed-label_auc,all,0.8398413181683704,0.839841318168369,0.8252499982369018,0.8252499982368994,0.8548658488419347,0.8548658488419345,196,196,196,196,frozen_sensitivity,frozen_sensitivity,True,True,False,False,both
model_frozen_to2019,object,ALL,ALL,observed-label_auc,no_landuse_attr,0.8198231073652383,0.819823107365233,0.7789817578912162,0.7789817578912345,0.8621925254235316,0.8621925254235108,20,20,20,20,frozen_sensitivity,frozen_sensitivity,True,True,False,False,both
model_frozen_to2019,object,ALL,ALL,observed-label_auc,urban,0.8930413847529766,0.8930413847529746,0.8594011514121448,0.8594011514121429,0.9216243561532852,0.9216243561532852,57,57,57,57,frozen_sensitivity,frozen_sensitivity,True,True,False,False,both
model_frozen_to2019,object,ALL,ALL,observed-label_auc_diff,agricultural,0.3674007774936825,0.3674007774936833,0.3480018236714192,0.3480018236714196,0.386323163189266,0.3863231631892664,119,119,119,119,frozen_sensitivity,frozen_sensitivity,True,True,False,False,both
model_frozen_to2019,object,ALL,ALL,observed-label_auc_diff,all,0.2339452977275776,0.2339452977275768,0.2064854488403505,0.206485448840348,0.2612321001067191,0.2612321001067171,196,196,196,196,frozen_sensitivity,frozen_sensitivity,True,True,False,False,both
model_frozen_to2019,object,ALL,ALL,observed-label_auc_diff,no_landuse_attr,0.1083067966511761,0.1083067966511699,0.0373514143336173,0.0373514143336056,0.185918192627852,0.185918192627848,20,20,20,20,frozen_sensitivity,frozen_sensitivity,True,True,False,False,both
model_frozen_to2019,object,ALL,ALL,observed-label_auc_diff,urban,-0.0005885982485429,-0.0005885982485446,-0.0310746243257013,-0.0310746243257013,0.0329788814299307,0.0329788814299275,57,57,57,57,frozen_sensitivity,frozen_sensitivity,True,True,False,False,both
model_frozen_to2019,object,ALL,MACRO,capture_0.05,agricultural,0.0368983859723057,0.0368983859723098,0.0368983859723057,0.0368983859723098,0.0368983859723057,0.0368983859723098,1,1,119,119,frozen_sensitivity,frozen_sensitivity,True,True,False,False,both
model_frozen_to2019,object,ALL,MACRO,capture_0.05,all,0.2440862125853298,0.2440862125852571,0.170572513249764,0.1705725132496417,0.3438445658924276,0.3438445658923669,4,4,196,196,frozen_sensitivity,frozen_sensitivity,True,True,False,False,both
model_frozen_to2019,object,ALL,MACRO,capture_0.05,no_landuse_attr,0.2285193877924182,0.2285193877923468,0.1364245537790764,0.136424553779067,0.3438445658924276,0.3438445658923669,4,4,20,20,frozen_sensitivity,frozen_sensitivity,True,True,False,False,both
model_frozen_to2019,object,ALL,MACRO,capture_0.05,urban,0.4424546217393871,0.4424546217393719,0.4424546217393871,0.4424546217393719,0.4424546217393871,0.4424546217393719,1,1,57,57,frozen_sensitivity,frozen_sensitivity,True,True,False,False,both
model_frozen_to2019,object,ALL,MACRO,capture_0.1,agricultural,0.2495780338153277,0.249578033815331,0.2495780338153277,0.249578033815331,0.2495780338153277,0.249578033815331,1,1,119,119,frozen_sensitivity,frozen_sensitivity,True,True,False,False,both
model_frozen_to2019,object,ALL,MACRO,capture_0.1,all,0.3876281693667862,0.3876281693666922,0.3456694105371297,0.345669410537009,0.4315691071539284,0.4315691071537677,4,4,196,196,frozen_sensitivity,frozen_sensitivity,True,True,False,False,both
model_frozen_to2019,object,ALL,MACRO,capture_0.1,no_landuse_attr,0.3278570448970286,0.327857044896936,0.1776245978186285,0.1776245978186308,0.4315691071539284,0.4315691071537678,4,4,20,20,frozen_sensitivity,frozen_sensitivity,True,True,False,False,both
model_frozen_to2019,object,ALL,MACRO,capture_0.1,urban,0.5661154861276613,0.5661154861276461,0.5661154861276613,0.5661154861276461,0.5661154861276613,0.5661154861276461,1,1,57,57,frozen_sensitivity,frozen_sensitivity,True,True,False,False,both
model_frozen_to2019,object,ALL,MACRO,capture_0.2,agricultural,0.576317233537235,0.5763172335372285,0.576317233537235,0.5763172335372285,0.576317233537235,0.5763172335372285,1,1,119,119,frozen_sensitivity,frozen_sensitivity,True,True,False,False,both
model_frozen_to2019,object,ALL,MACRO,capture_0.2,all,0.6337128032371563,0.6337128032370694,0.4668785055762453,0.466878505576064,0.8245706195044402,0.8245706195043626,4,4,196,196,frozen_sensitivity,frozen_sensitivity,True,True,False,False,both
model_frozen_to2019,object,ALL,MACRO,capture_0.2,no_landuse_attr,0.5201498816690121,0.5201498816689267,0.273839719563558,0.2738397195635599,0.7785800930319967,0.778580093031859,4,4,20,20,frozen_sensitivity,frozen_sensitivity,True,True,False,False,both
model_frozen_to2019,object,ALL,MACRO,capture_0.3,agricultural,0.8150425194904712,0.8150425194904644,0.8150425194904712,0.8150425194904644,0.8150425194904712,0.8150425194904644,1,1,119,119,frozen_sensitivity,frozen_sensitivity,True,True,False,False,both
model_frozen_to2019,object,ALL,MACRO,capture_0.3,all,0.8422181996015505,0.842218199601525,0.7771762920782251,0.7771762920782241,0.9280423934519542,0.9280423934518808,4,4,196,196,frozen_sensitivity,frozen_sensitivity,True,True,False,False,both
model_frozen_to2019,object,ALL,MACRO,capture_0.3,no_landuse_attr,0.7917615149875696,0.7917615149875485,0.6811908270813043,0.681190827081314,0.9165452744788652,0.916545274478792,4,4,20,20,frozen_sensitivity,frozen_sensitivity,True,True,False,False,both
model_frozen_to2019,object,ALL,MACRO,capture_0.5,agricultural,0.991928590622314,0.9919285906223234,0.991928590622314,0.9919285906223234,0.991928590622314,0.9919285906223234,1,1,119,119,frozen_sensitivity,frozen_sensitivity,True,True,False,False,both
model_frozen_to2019,object,ALL,MACRO,capture_0.5,all,0.9958590204485704,0.9958590204485606,0.9899652661013316,0.9899652661013364,1.0,1.0,4,4,196,196,frozen_sensitivity,frozen_sensitivity,True,True,False,False,both
model_frozen_to2019,object,ALL,MACRO,capture_0.5,no_landuse_attr,0.9988680057583526,0.9988680057583438,0.9976117952443796,0.9976117952443452,1.0,1.0,4,4,20,20,frozen_sensitivity,frozen_sensitivity,True,True,False,False,both
model_frozen_to2019,object,ALL,MACRO,observed-label_auc,agricultural,0.817723338510725,0.8177233385107248,0.817723338510725,0.8177233385107248,0.817723338510725,0.8177233385107248,1,1,119,119,frozen_sensitivity,frozen_sensitivity,True,True,False,False,both
model_frozen_to2019,object,ALL,MACRO,observed-label_auc,all,0.8489662115377571,0.8489662115377453,0.8152936954425645,0.8152936954425654,0.8782020671463132,0.8782020671462892,4,4,196,196,frozen_sensitivity,frozen_sensitivity,True,True,False,False,both
model_frozen_to2019,object,ALL,MACRO,observed-label_auc,no_landuse_attr,0.8321630447367478,0.8321630447367373,0.786210710699119,0.7862107106991216,0.8781153787743766,0.878115378774353,4,4,20,20,frozen_sensitivity,frozen_sensitivity,True,True,False,False,both
model_frozen_to2019,object,ALL,MACRO,observed-label_auc,urban,0.8930413847529766,0.8930413847529746,0.8930413847529766,0.8930413847529746,0.8930413847529766,0.8930413847529746,1,1,57,57,frozen_sensitivity,frozen_sensitivity,True,True,False,False,both
model_frozen_to2019,object,ALL,MACRO,observed-label_auc_diff,agricultural,0.3674007774936825,0.3674007774936833,0.3674007774936825,0.3674007774936833,0.3674007774936825,0.3674007774936833,1,1,119,119,frozen_sensitivity,frozen_sensitivity,True,True,False,False,both
model_frozen_to2019,object,ALL,MACRO,observed-label_auc_diff,all,0.1148458463127639,0.1148458463127515,0.0264546955367454,0.0264546955367449,0.2103303708874979,0.2103303708874861,4,4,196,196,frozen_sensitivity,frozen_sensitivity,True,True,False,False,both
model_frozen_to2019,object,ALL,MACRO,observed-label_auc_diff,no_landuse_attr,0.1000225870014584,0.100022587001447,0.024442969570071,0.0244429695700591,0.165910886102748,0.1659108861027397,4,4,20,20,frozen_sensitivity,frozen_sensitivity,True,True,False,False,both
model_frozen_to2019,object,ALL,MACRO,observed-label_auc_diff,urban,-0.0005885982485429,-0.0005885982485446,-0.0005885982485429,-0.0005885982485446,-0.0005885982485429,-0.0005885982485446,1,1,57,57,frozen_sensitivity,frozen_sensitivity,True,True,False,False,both
past_flood_pre2022,area,ALL,2022-09-06,capture_0.05,all,0.0774947519188508,0.0774947519190685,,,,,6,6,196,196,reference,reference,False,False,False,False,both
past_flood_pre2022,area,ALL,2022-09-06,capture_0.05,no_landuse_attr,0.0774947519188508,0.0774947519190685,,,,,6,6,20,20,reference,reference,False,False,False,False,both
past_flood_pre2022,area,ALL,2022-09-06,capture_0.1,all,0.3451651076488377,0.3451651076498073,,,,,6,6,196,196,reference,reference,False,False,False,False,both
past_flood_pre2022,area,ALL,2022-09-06,capture_0.1,no_landuse_attr,0.3451651076488377,0.3451651076498073,,,,,6,6,20,20,reference,reference,False,False,False,False,both
past_flood_pre2022,area,ALL,2022-09-06,capture_0.2,all,0.3451651076488377,0.3451651076498073,,,,,6,6,196,196,reference,reference,False,False,False,False,both
past_flood_pre2022,area,ALL,2022-09-06,capture_0.2,no_landuse_attr,0.3451651076488377,0.3451651076498073,,,,,6,6,20,20,reference,reference,False,False,False,False,both
past_flood_pre2022,area,ALL,2022-09-06,capture_0.3,all,0.4784544213847492,0.4784544213860932,,,,,6,6,196,196,reference,reference,False,False,False,False,both
past_flood_pre2022,area,ALL,2022-09-06,capture_0.3,no_landuse_attr,0.4784544213847492,0.4784544213860932,,,,,6,6,20,20,reference,reference,False,False,False,False,both
past_flood_pre2022,area,ALL,2022-09-06,capture_0.5,all,0.6466205139965657,0.646620513998382,,,,,6,6,196,196,reference,reference,False,False,False,False,both
past_flood_pre2022,area,ALL,2022-09-06,capture_0.5,no_landuse_attr,0.6466205139965657,0.646620513998382,,,,,6,6,20,20,reference,reference,False,False,False,False,both
past_flood_pre2022,area,ALL,2022-09-06,observed-label_auc,all,0.6611753323070664,0.6611753323078661,0.4521681738131712,0.4521681738136517,0.9081040729110956,0.9081040729110956,5,5,196,196,reference,reference,False,False,False,False,both
past_flood_pre2022,area,ALL,2022-09-06,observed-label_auc,no_landuse_attr,0.6611753323070664,0.6611753323078661,0.4521681738131712,0.4521681738136517,0.9081040729110956,0.9081040729110956,5,5,20,20,reference,reference,False,False,False,False,both
past_flood_pre2022,area,ALL,2022-09-06,observed-label_auc_diff,all,-0.1180682233718634,-0.1180682233720179,-0.2596137370942589,-0.2596137370942589,-0.0354782073010472,-0.0354782073009729,5,5,196,196,reference,reference,False,False,False,False,both
past_flood_pre2022,area,ALL,2022-09-06,observed-label_auc_diff,no_landuse_attr,-0.1180682233718634,-0.1180682233720179,-0.2596137370942589,-0.2596137370942589,-0.0354782073010472,-0.0354782073009729,5,5,20,20,reference,reference,False,False,False,False,both
past_flood_pre2022,area,ALL,2023-08-10,capture_0.05,all,0.6754943545762175,0.6754943545761742,,,,,42,42,196,196,reference,reference,False,False,False,False,both
past_flood_pre2022,area,ALL,2023-08-10,capture_0.05,no_landuse_attr,0.6754943545762175,0.6754943545761742,,,,,42,42,20,20,reference,reference,False,False,False,False,both
past_flood_pre2022,area,ALL,2023-08-10,capture_0.1,all,0.6754943545762175,0.6754943545761742,,,,,42,42,196,196,reference,reference,False,False,False,False,both
past_flood_pre2022,area,ALL,2023-08-10,capture_0.1,no_landuse_attr,0.6754943545762175,0.6754943545761742,,,,,42,42,20,20,reference,reference,False,False,False,False,both
past_flood_pre2022,area,ALL,2023-08-10,capture_0.2,all,0.6754943545762175,0.6754943545761742,,,,,42,42,196,196,reference,reference,False,False,False,False,both
past_flood_pre2022,area,ALL,2023-08-10,capture_0.2,no_landuse_attr,0.6754943545762175,0.6754943545761742,,,,,42,42,20,20,reference,reference,False,False,False,False,both
past_flood_pre2022,area,ALL,2023-08-10,capture_0.3,all,0.6754943545762175,0.6754943545761742,,,,,42,42,196,196,reference,reference,False,False,False,False,both
past_flood_pre2022,area,ALL,2023-08-10,capture_0.3,no_landuse_attr,0.6754943545762175,0.6754943545761742,,,,,42,42,20,20,reference,reference,False,False,False,False,both
past_flood_pre2022,area,ALL,2023-08-10,capture_0.5,all,0.6754943545762175,0.6754943545761742,,,,,42,42,196,196,reference,reference,False,False,False,False,both
past_flood_pre2022,area,ALL,2023-08-10,capture_0.5,no_landuse_attr,0.6754943545762175,0.6754943545761742,,,,,42,42,20,20,reference,reference,False,False,False,False,both
past_flood_pre2022,area,ALL,2023-08-10,observed-label_auc,all,0.810902895673958,0.8109028956739323,0.4176936416454779,0.4176936416454772,1.0,1.0,3,3,196,196,reference,reference,False,False,False,False,both
past_flood_pre2022,area,ALL,2023-08-10,observed-label_auc,no_landuse_attr,0.810902895673958,0.8109028956739323,0.4176936416454779,0.4176936416454772,1.0,1.0,3,3,20,20,reference,reference,False,False,False,False,both
past_flood_pre2022,area,ALL,2023-08-10,observed-label_auc_diff,all,-0.0301430108795967,-0.0301430108795539,-0.5378627682242605,-0.537862768224261,0.5598993096021101,0.5598993096021074,3,3,196,196,reference,reference,False,False,False,False,both
past_flood_pre2022,area,ALL,2023-08-10,observed-label_auc_diff,no_landuse_attr,-0.0301430108795967,-0.0301430108795539,-0.5378627682242605,-0.537862768224261,0.5598993096021101,0.5598993096021074,3,3,20,20,reference,reference,False,False,False,False,both
past_flood_pre2022,area,ALL,2024-07-24,capture_0.05,all,0.1475210463291478,0.1475210463291554,,,,,23,23,196,196,reference,reference,False,False,False,False,both
past_flood_pre2022,area,ALL,2024-07-24,capture_0.05,no_landuse_attr,0.1475210463291478,0.1475210463291554,,,,,23,23,20,20,reference,reference,False,False,False,False,both
past_flood_pre2022,area,ALL,2024-07-24,capture_0.1,all,0.1475210463291478,0.1475210463291554,,,,,23,23,196,196,reference,reference,False,False,False,False,both
past_flood_pre2022,area,ALL,2024-07-24,capture_0.1,no_landuse_attr,0.1475210463291478,0.1475210463291554,,,,,23,23,20,20,reference,reference,False,False,False,False,both
past_flood_pre2022,area,ALL,2024-07-24,capture_0.2,all,0.4956665529277446,0.4956665529277816,,,,,23,23,196,196,reference,reference,False,False,False,False,both
past_flood_pre2022,area,ALL,2024-07-24,capture_0.2,no_landuse_attr,0.4956665529277446,0.4956665529277816,,,,,23,23,20,20,reference,reference,False,False,False,False,both
past_flood_pre2022,area,ALL,2024-07-24,capture_0.3,all,0.8549066905950579,0.8549066905953483,,,,,23,23,196,196,reference,reference,False,False,False,False,both
past_flood_pre2022,area,ALL,2024-07-24,capture_0.3,no_landuse_attr,0.8549066905950579,0.8549066905953483,,,,,23,23,20,20,reference,reference,False,False,False,False,both
past_flood_pre2022,area,ALL,2024-07-24,capture_0.5,all,0.8549066905950579,0.8549066905953483,,,,,23,23,196,196,reference,reference,False,False,False,False,both
past_flood_pre2022,area,ALL,2024-07-24,capture_0.5,no_landuse_attr,0.8549066905950579,0.8549066905953483,,,,,23,23,20,20,reference,reference,False,False,False,False,both
past_flood_pre2022,area,ALL,2024-07-24,observed-label_auc,all,0.7447630974093848,0.744763097409543,0.448469075735411,0.448469075735723,0.8889731135477364,0.8889731135477041,5,5,196,196,reference,reference,False,False,False,False,both
past_flood_pre2022,area,ALL,2024-07-24,observed-label_auc,no_landuse_attr,0.7447630974093848,0.744763097409543,0.448469075735411,0.448469075735723,0.8889731135477364,0.8889731135477041,5,5,20,20,reference,reference,False,False,False,False,both
past_flood_pre2022,area,ALL,2024-07-24,observed-label_auc_diff,all,0.0099739689410824,0.0099739689413589,-0.3900063024703324,-0.3900063024697022,0.2283522197270571,0.2283522197271268,5,5,196,196,reference,reference,False,False,False,False,both
past_flood_pre2022,area,ALL,2024-07-24,observed-label_auc_diff,no_landuse_attr,0.0099739689410824,0.0099739689413589,-0.3900063024703324,-0.3900063024697022,0.2283522197270571,0.2283522197271268,5,5,20,20,reference,reference,False,False,False,False,both
past_flood_pre2022,area,ALL,2024-09-20,capture_0.05,agricultural,0.0095368438650962,0.0095368438650936,,,,,1506,1506,119,119,reference,reference,False,False,False,False,both
past_flood_pre2022,area,ALL,2024-09-20,capture_0.05,all,0.0150636529422476,0.0150636529422452,,,,,1612,1612,196,196,reference,reference,False,False,False,False,both
past_flood_pre2022,area,ALL,2024-09-20,capture_0.05,no_landuse_attr,0.8386413170160384,0.8386413170159084,,,,,34,34,20,20,reference,reference,False,False,False,False,both
past_flood_pre2022,area,ALL,2024-09-20,capture_0.05,urban,0.4276043670466206,0.4276043670466978,,,,,72,72,57,57,reference,reference,False,False,False,False,both
past_flood_pre2022,area,ALL,2024-09-20,capture_0.1,agricultural,0.0714283823423432,0.0714283823423394,,,,,1506,1506,119,119,reference,reference,False,False,False,False,both
past_flood_pre2022,area,ALL,2024-09-20,capture_0.1,all,0.0768801973782458,0.0768801973782418,,,,,1612,1612,196,196,reference,reference,False,False,False,False,both
past_flood_pre2022,area,ALL,2024-09-20,capture_0.1,no_landuse_attr,0.9049144291536614,0.9049144291535152,,,,,34,34,20,20,reference,reference,False,False,False,False,both
past_flood_pre2022,area,ALL,2024-09-20,capture_0.1,urban,0.4493122919339602,0.449312291933913,,,,,72,72,57,57,reference,reference,False,False,False,False,both
past_flood_pre2022,area,ALL,2024-09-20,capture_0.2,agricultural,0.2009314222241389,0.2009314222241316,,,,,1506,1506,119,119,reference,reference,False,False,False,False,both
past_flood_pre2022,area,ALL,2024-09-20,capture_0.2,all,0.2057596774142386,0.2057596774142322,,,,,1612,1612,196,196,reference,reference,False,False,False,False,both
past_flood_pre2022,area,ALL,2024-09-20,capture_0.2,no_landuse_attr,0.92829874698394,0.9282987469839528,,,,,34,34,20,20,reference,reference,False,False,False,False,both
past_flood_pre2022,area,ALL,2024-09-20,capture_0.2,urban,0.5594100509382494,0.5594100509382485,,,,,72,72,57,57,reference,reference,False,False,False,False,both
past_flood_pre2022,area,ALL,2024-09-20,capture_0.3,agricultural,0.2862995377589635,0.2862995377589565,,,,,1506,1506,119,119,reference,reference,False,False,False,False,both
past_flood_pre2022,area,ALL,2024-09-20,capture_0.3,all,0.290604636591143,0.2906046365911366,,,,,1612,1612,196,196,reference,reference,False,False,False,False,both
past_flood_pre2022,area,ALL,2024-09-20,capture_0.3,no_landuse_attr,0.92829874698394,0.9282987469839528,,,,,34,34,20,20,reference,reference,False,False,False,False,both
past_flood_pre2022,area,ALL,2024-09-20,capture_0.3,urban,0.6204089335702783,0.6204089335702724,,,,,72,72,57,57,reference,reference,False,False,False,False,both
past_flood_pre2022,area,ALL,2024-09-20,capture_0.5,agricultural,0.4535095213776132,0.4535095213776061,,,,,1506,1506,119,119,reference,reference,False,False,False,False,both
past_flood_pre2022,area,ALL,2024-09-20,capture_0.5,all,0.4575824087539415,0.4575824087539346,,,,,1612,1612,196,196,reference,reference,False,False,False,False,both
past_flood_pre2022,area,ALL,2024-09-20,capture_0.5,no_landuse_attr,0.9743775808728458,0.9743775808728504,,,,,34,34,20,20,reference,reference,False,False,False,False,both
past_flood_pre2022,area,ALL,2024-09-20,capture_0.5,urban,0.96057167595968,0.9605716759596832,,,,,72,72,57,57,reference,reference,False,False,False,False,both
past_flood_pre2022,area,ALL,2024-09-20,observed-label_auc,agricultural,0.5307720904656874,0.530772090465682,0.4268288681022983,0.4268288681022958,0.6456265705868571,0.6456265705868534,119,119,119,119,reference,reference,False,False,False,False,both
past_flood_pre2022,area,ALL,2024-09-20,observed-label_auc,all,0.5337630531391857,0.5337630531391808,0.431247569640023,0.4312475696400185,0.6505105652953378,0.650510565295342,183,183,196,196,reference,reference,False,False,False,False,both
past_flood_pre2022,area,ALL,2024-09-20,observed-label_auc,no_landuse_attr,0.9523215275688792,0.952321527568864,0.491666637528316,0.4916666375286644,0.9917396647356916,0.991739664735692,7,7,20,20,reference,reference,False,False,False,False,both
past_flood_pre2022,area,ALL,2024-09-20,observed-label_auc,urban,0.8169368001270444,0.8169368001270613,0.7505847767956411,0.7505847767956217,0.8996816048440321,0.8996816048439753,57,57,57,57,reference,reference,False,False,False,False,both
past_flood_pre2022,area,ALL,2024-09-20,observed-label_auc_diff,agricultural,0.0890546164995337,0.0890546164995284,-0.0165720657966136,-0.0165720657966162,0.2051618325366024,0.2051618325366032,119,119,119,119,reference,reference,False,False,False,False,both
past_flood_pre2022,area,ALL,2024-09-20,observed-label_auc_diff,all,0.0884307235531153,0.0884307235531098,-0.0169810949204282,-0.0169810949204304,0.2036620688587804,0.2036620688587789,183,183,196,196,reference,reference,False,False,False,False,both
past_flood_pre2022,area,ALL,2024-09-20,observed-label_auc_diff,no_landuse_attr,0.0589084706753086,0.0589084706753643,-0.0078870849322373,-0.0078870849314666,0.397841712824198,0.3978417128242202,7,7,20,20,reference,reference,False,False,False,False,both
past_flood_pre2022,area,ALL,2024-09-20,observed-label_auc_diff,urban,-0.0982130523991456,-0.0982130523992614,-0.1832264817810291,-0.1832264817811177,0.0112594190205958,0.0112594190202495,57,57,57,57,reference,reference,False,False,False,False,both
past_flood_pre2022,area,ALL,ALL,capture_0.05,agricultural,0.0095368438650962,0.0095368438650936,,,,,1506,1506,119,119,reference,reference,False,False,False,False,both
past_flood_pre2022,area,ALL,ALL,capture_0.05,all,0.0184141306057565,0.0184141306057536,,,,,1674,1674,196,196,reference,reference,False,False,False,False,both
past_flood_pre2022,area,ALL,ALL,capture_0.05,no_landuse_attr,0.7192581942985686,0.7192581942985119,,,,,96,96,20,20,reference,reference,False,False,False,False,both
past_flood_pre2022,area,ALL,ALL,capture_0.05,urban,0.4276043670466206,0.4276043670466978,,,,,72,72,57,57,reference,reference,False,False,False,False,both
past_flood_pre2022,area,ALL,ALL,capture_0.1,agricultural,0.0714283823423432,0.0714283823423394,,,,,1506,1506,119,119,reference,reference,False,False,False,False,both
past_flood_pre2022,area,ALL,ALL,capture_0.1,all,0.0798974149163185,0.079897414916314,,,,,1674,1674,196,196,reference,reference,False,False,False,False,both
past_flood_pre2022,area,ALL,ALL,capture_0.1,no_landuse_attr,0.7531382505859335,0.7531382505858736,,,,,96,96,20,20,reference,reference,False,False,False,False,both
past_flood_pre2022,area,ALL,ALL,capture_0.1,urban,0.4493122919339602,0.449312291933913,,,,,72,72,57,57,reference,reference,False,False,False,False,both
past_flood_pre2022,area,ALL,ALL,capture_0.2,agricultural,0.2009314222241389,0.2009314222241316,,,,,1506,1506,119,119,reference,reference,False,False,False,False,both
past_flood_pre2022,area,ALL,ALL,capture_0.2,all,0.2082812333312773,0.2082812333312705,,,,,1674,1674,196,196,reference,reference,False,False,False,False,both
past_flood_pre2022,area,ALL,ALL,capture_0.2,no_landuse_attr,0.7858079644624463,0.7858079644624656,,,,,96,96,20,20,reference,reference,False,False,False,False,both
past_flood_pre2022,area,ALL,ALL,capture_0.2,urban,0.5594100509382494,0.5594100509382485,,,,,72,72,57,57,reference,reference,False,False,False,False,both
past_flood_pre2022,area,ALL,ALL,capture_0.3,agricultural,0.2862995377589635,0.2862995377589565,,,,,1506,1506,119,119,reference,reference,False,False,False,False,both
past_flood_pre2022,area,ALL,ALL,capture_0.3,all,0.2928964916107028,0.2928964916106963,,,,,1674,1674,196,196,reference,reference,False,False,False,False,both
past_flood_pre2022,area,ALL,ALL,capture_0.3,no_landuse_attr,0.8085387470760039,0.808538747076037,,,,,96,96,20,20,reference,reference,False,False,False,False,both
past_flood_pre2022,area,ALL,ALL,capture_0.3,urban,0.6204089335702783,0.6204089335702724,,,,,72,72,57,57,reference,reference,False,False,False,False,both
past_flood_pre2022,area,ALL,ALL,capture_0.5,agricultural,0.4535095213776132,0.4535095213776061,,,,,1506,1506,119,119,reference,reference,False,False,False,False,both
past_flood_pre2022,area,ALL,ALL,capture_0.5,all,0.4589379919885776,0.4589379919885707,,,,,1674,1674,196,196,reference,reference,False,False,False,False,both
past_flood_pre2022,area,ALL,ALL,capture_0.5,no_landuse_attr,0.8319897194037463,0.8319897194037787,,,,,96,96,20,20,reference,reference,False,False,False,False,both
past_flood_pre2022,area,ALL,ALL,capture_0.5,urban,0.96057167595968,0.9605716759596832,,,,,72,72,57,57,reference,reference,False,False,False,False,both
past_flood_pre2022,area,ALL,ALL,observed-label_auc,agricultural,0.5307720904656874,0.530772090465682,0.4268288681022983,0.4268288681022958,0.6456265705868571,0.6456265705868534,119,119,119,119,reference,reference,False,False,False,False,both
past_flood_pre2022,area,ALL,ALL,observed-label_auc,all,0.535280708344887,0.5352807083448821,0.4357473921655922,0.4357473921655878,0.647557983732505,0.647557983732502,196,196,196,196,reference,reference,False,False,False,False,both
past_flood_pre2022,area,ALL,ALL,observed-label_auc,no_landuse_attr,0.8749232823278521,0.8749232823278604,0.6054485494361264,0.6054485494362992,0.9811477011994828,0.9811477011994776,20,20,20,20,reference,reference,False,False,False,False,both
past_flood_pre2022,area,ALL,ALL,observed-label_auc,urban,0.8169368001270444,0.8169368001270613,0.7505847767956411,0.7505847767956217,0.8996816048440321,0.8996816048439753,57,57,57,57,reference,reference,False,False,False,False,both
past_flood_pre2022,area,ALL,ALL,observed-label_auc_diff,agricultural,0.0890546164995337,0.0890546164995284,-0.0165720657966136,-0.0165720657966162,0.2051618325366024,0.2051618325366032,119,119,119,119,reference,reference,False,False,False,False,both
past_flood_pre2022,area,ALL,ALL,observed-label_auc_diff,all,0.0877795085831825,0.0877795085831778,-0.0148525681225256,-0.0148525681225262,0.2017760935292924,0.2017760935292929,196,196,196,196,reference,reference,False,False,False,False,both
past_flood_pre2022,area,ALL,ALL,observed-label_auc_diff,no_landuse_attr,0.0152035155651859,0.0152035155652556,-0.2172312282561996,-0.2172312282560396,0.2740956629613328,0.274095662961504,20,20,20,20,reference,reference,False,False,False,False,both
past_flood_pre2022,area,ALL,ALL,observed-label_auc_diff,urban,-0.0982130523991456,-0.0982130523992614,-0.1832264817810291,-0.1832264817811177,0.0112594190205958,0.0112594190202495,57,57,57,57,reference,reference,False,False,False,False,both
past_flood_pre2022,area,ALL,MACRO,capture_0.05,agricultural,0.0095368438650962,0.0095368438650936,0.0095368438650962,0.0095368438650936,0.0095368438650962,0.0095368438650936,1,1,119,119,reference,reference,False,False,False,False,both
past_flood_pre2022,area,ALL,MACRO,capture_0.05,all,0.2288934514416159,0.2288934514416608,0.0462792024305492,0.0462792024306568,0.5259944539118758,0.5259944539118978,4,4,196,196,reference,reference,False,False,False,False,both
past_flood_pre2022,area,ALL,MACRO,capture_0.05,no_landuse_attr,0.4347878674600636,0.4347878674600766,0.1125078991239993,0.1125078991241119,0.757067835796128,0.7570678357960414,4,4,20,20,reference,reference,False,False,False,False,both
past_flood_pre2022,area,ALL,MACRO,capture_0.05,urban,0.4276043670466206,0.4276043670466978,0.4276043670466206,0.4276043670466978,0.4276043670466206,0.4276043670466978,1,1,57,57,reference,reference,False,False,False,False,both
past_flood_pre2022,area,ALL,MACRO,capture_0.1,agricultural,0.0714283823423432,0.0714283823423394,0.0714283823423432,0.0714283823423394,0.0714283823423432,0.0714283823423394,1,1,119,119,reference,reference,False,False,False,False,both
past_flood_pre2022,area,ALL,MACRO,capture_0.1,all,0.3112651764831122,0.3112651764833447,0.1122006218536968,0.1122006218536986,0.5435010275144501,0.5435010275144195,4,4,196,196,reference,reference,False,False,False,False,both
past_flood_pre2022,area,ALL,MACRO,capture_0.1,no_landuse_attr,0.5182737344269661,0.5182737344271631,0.2463430769889927,0.2463430769894813,0.7902043918649395,0.7902043918648447,4,4,20,20,reference,reference,False,False,False,False,both
past_flood_pre2022,area,ALL,MACRO,capture_0.1,urban,0.4493122919339602,0.449312291933913,0.4493122919339602,0.449312291933913,0.4493122919339602,0.449312291933913,1,1,57,57,reference,reference,False,False,False,False,both
past_flood_pre2022,area,ALL,MACRO,capture_0.2,agricultural,0.2009314222241389,0.2009314222241316,0.2009314222241389,0.2009314222241316,0.2009314222241389,0.2009314222241316,1,1,119,119,reference,reference,False,False,False,False,both
past_flood_pre2022,area,ALL,MACRO,capture_0.2,all,0.4305214231417596,0.4305214231419988,0.2754623925315381,0.2754623925320197,0.5929120428443726,0.5929120428445824,4,4,196,196,reference,reference,False,False,False,False,both
past_flood_pre2022,area,ALL,MACRO,capture_0.2,no_landuse_attr,0.6111561905341849,0.6111561905344289,0.4204158302882911,0.4204158302887945,0.8201406984698911,0.82014069846991,4,4,20,20,reference,reference,False,False,False,False,both
past_flood_pre2022,area,ALL,MACRO,capture_0.2,urban,0.5594100509382494,0.5594100509382485,0.5594100509382494,0.5594100509382485,0.5594100509382494,0.5594100509382485,1,1,57,57,reference,reference,False,False,False,False,both
past_flood_pre2022,area,ALL,MACRO,capture_0.3,agricultural,0.2862995377589635,0.2862995377589565,0.2862995377589635,0.2862995377589565,0.2862995377589635,0.2862995377589565,1,1,119,119,reference,reference,False,False,False,False,both
past_flood_pre2022,area,ALL,MACRO,capture_0.3,all,0.574865025786792,0.5748650257871881,0.3845295289879461,0.3845295289886149,0.7652005225856378,0.7652005225857612,4,4,196,196,reference,reference,False,False,False,False,both
past_flood_pre2022,area,ALL,MACRO,capture_0.3,no_landuse_attr,0.7342885533849912,0.7342885533853921,0.5725674886873264,0.572567488688407,0.8916027187894989,0.8916027187896505,4,4,20,20,reference,reference,False,False,False,False,both
past_flood_pre2022,area,ALL,MACRO,capture_0.3,urban,0.6204089335702783,0.6204089335702724,0.6204089335702783,0.6204089335702724,0.6204089335702783,0.6204089335702724,1,1,57,57,reference,reference,False,False,False,False,both
past_flood_pre2022,area,ALL,MACRO,capture_0.5,agricultural,0.4535095213776132,0.4535095213776061,0.4535095213776132,0.4535095213776061,0.4535095213776132,0.4535095213776061,1,1,119,119,reference,reference,False,False,False,False,both
past_flood_pre2022,area,ALL,MACRO,capture_0.5,all,0.6586509919804457,0.6586509919809598,0.5120603952095105,0.5120603952094945,0.8100536065903478,0.8100536065905547,4,4,196,196,reference,reference,False,False,False,False,both
past_flood_pre2022,area,ALL,MACRO,capture_0.5,no_landuse_attr,0.7878497850101718,0.7878497850106887,0.6610574342863916,0.6610574342872781,0.9146421357339518,0.9146421357340994,4,4,20,20,reference,reference,False,False,False,False,both
past_flood_pre2022,area,ALL,MACRO,capture_0.5,urban,0.96057167595968,0.9605716759596832,0.96057167595968,0.9605716759596832,0.96057167595968,0.9605716759596832,1,1,57,57,reference,reference,False,False,False,False,both
past_flood_pre2022,area,ALL,MACRO,observed-label_auc,agricultural,0.5307720904656874,0.530772090465682,0.5307720904656874,0.530772090465682,0.5307720904656874,0.530772090465682,1,1,119,119,reference,reference,False,False,False,False,both
past_flood_pre2022,area,ALL,MACRO,observed-label_auc,all,0.6876510946323987,0.6876510946326306,0.5865130642067355,0.5865130642067713,0.7778329965416715,0.7778329965417377,4,4,196,196,reference,reference,False,False,False,False,both
past_flood_pre2022,area,ALL,MACRO,observed-label_auc,no_landuse_attr,0.7922907132398221,0.7922907132400514,0.6986072231487893,0.6986072231493826,0.9004319200290057,0.9004319200290338,4,4,20,20,reference,reference,False,False,False,False,both
past_flood_pre2022,area,ALL,MACRO,observed-label_auc,urban,0.8169368001270444,0.8169368001270613,0.8169368001270444,0.8169368001270613,0.8169368001270444,0.8169368001270613,1,1,57,57,reference,reference,False,False,False,False,both
past_flood_pre2022,area,ALL,MACRO,observed-label_auc_diff,agricultural,0.0890546164995337,0.0890546164995284,0.0890546164995337,0.0890546164995284,0.0890546164995337,0.0890546164995284,1,1,119,119,reference,reference,False,False,False,False,both
past_flood_pre2022,area,ALL,MACRO,observed-label_auc_diff,all,-0.0124516354393155,-0.0124516354392757,-0.0860576752936269,-0.0860576752936737,0.0587872899449373,0.0587872899449439,4,4,196,196,reference,reference,False,False,False,False,both
past_flood_pre2022,area,ALL,MACRO,observed-label_auc_diff,no_landuse_attr,-0.0198321986587672,-0.0198321986587121,-0.0860576752936269,-0.0860576752936737,0.0366456002865823,0.0366456002866347,4,4,20,20,reference,reference,False,False,False,False,both
past_flood_pre2022,area,ALL,MACRO,observed-label_auc_diff,urban,-0.0982130523991456,-0.0982130523992614,-0.0982130523991456,-0.0982130523992614,-0.0982130523991456,-0.0982130523992614,1,1,57,57,reference,reference,False,False,False,False,both
past_flood_pre2022,object,ALL,2023-08-10,observed-label_auc,all,0.8057120729436088,0.8057120729436077,0.4176936416454779,0.4176936416454772,1.0,1.0,3,3,196,196,reference,reference,False,False,False,False,both
past_flood_pre2022,object,ALL,2023-08-10,observed-label_auc,no_landuse_attr,0.8057120729436088,0.8057120729436077,0.4176936416454779,0.4176936416454772,1.0,1.0,3,3,20,20,reference,reference,False,False,False,False,both
past_flood_pre2022,object,ALL,2023-08-10,observed-label_auc_diff,all,0.0138115032446856,0.0138115032446841,-0.5378627682242605,-0.5378627682242609,0.5598993096021101,0.5598993096021075,3,3,196,196,reference,reference,False,False,False,False,both
past_flood_pre2022,object,ALL,2023-08-10,observed-label_auc_diff,no_landuse_attr,0.0138115032446856,0.0138115032446841,-0.5378627682242605,-0.5378627682242609,0.5598993096021101,0.5598993096021075,3,3,20,20,reference,reference,False,False,False,False,both
past_flood_pre2022,object,ALL,2024-07-24,capture_0.2,all,0.3319416659892723,0.3319416659892739,,,,,5,5,196,196,reference,reference,False,False,False,False,both
past_flood_pre2022,object,ALL,2024-07-24,capture_0.2,no_landuse_attr,0.3319416659892723,0.3319416659892739,,,,,5,5,20,20,reference,reference,False,False,False,False,both
past_flood_pre2022,object,ALL,2024-07-24,observed-label_auc,all,0.6980358120390467,0.6980358120390537,0.4369897702751348,0.4369897702751254,0.9098335096915602,0.9098335096915704,5,5,196,196,reference,reference,False,False,False,False,both
past_flood_pre2022,object,ALL,2024-07-24,observed-label_auc,no_landuse_attr,0.6980358120390467,0.6980358120390537,0.4369897702751348,0.4369897702751254,0.9098335096915602,0.9098335096915704,5,5,20,20,reference,reference,False,False,False,False,both
past_flood_pre2022,object,ALL,2024-07-24,observed-label_auc_diff,all,0.0096205316527346,0.0096205316527383,-0.3482618733414555,-0.3482618733414629,0.2492550915704561,0.249255091570466,5,5,196,196,reference,reference,False,False,False,False,both
past_flood_pre2022,object,ALL,2024-07-24,observed-label_auc_diff,no_landuse_attr,0.0096205316527346,0.0096205316527383,-0.3482618733414555,-0.3482618733414629,0.2492550915704561,0.249255091570466,5,5,20,20,reference,reference,False,False,False,False,both
past_flood_pre2022,object,ALL,2024-09-20,capture_0.05,agricultural,0.0244507000092616,0.0244507000092617,,,,,119,119,119,119,reference,reference,False,False,False,False,both
past_flood_pre2022,object,ALL,2024-09-20,capture_0.05,all,0.1907630235032903,0.1907630235032904,,,,,183,183,196,196,reference,reference,False,False,False,False,both
past_flood_pre2022,object,ALL,2024-09-20,capture_0.1,agricultural,0.0823424958296972,0.0823424958296981,,,,,119,119,119,119,reference,reference,False,False,False,False,both
past_flood_pre2022,object,ALL,2024-09-20,capture_0.1,all,0.2513334850250582,0.2513334850250588,,,,,183,183,196,196,reference,reference,False,False,False,False,both
past_flood_pre2022,object,ALL,2024-09-20,capture_0.2,agricultural,0.2041017090663285,0.2041017090663277,,,,,119,119,119,119,reference,reference,False,False,False,False,both
past_flood_pre2022,object,ALL,2024-09-20,capture_0.2,all,0.3895524774802901,0.3895524774802896,,,,,183,183,196,196,reference,reference,False,False,False,False,both
past_flood_pre2022,object,ALL,2024-09-20,capture_0.3,agricultural,0.2941012025487443,0.2941012025487438,,,,,119,119,119,119,reference,reference,False,False,False,False,both
past_flood_pre2022,object,ALL,2024-09-20,capture_0.3,all,0.4644701808923528,0.4644701808923525,,,,,183,183,196,196,reference,reference,False,False,False,False,both
past_flood_pre2022,object,ALL,2024-09-20,capture_0.5,agricultural,0.5867886629131649,0.586788662913163,,,,,119,119,119,119,reference,reference,False,False,False,False,both
past_flood_pre2022,object,ALL,2024-09-20,capture_0.5,all,0.7039390679269101,0.7039390679269089,,,,,183,183,196,196,reference,reference,False,False,False,False,both
past_flood_pre2022,object,ALL,2024-09-20,observed-label_auc,agricultural,0.5765156865171123,0.576515686517112,0.5324110719073014,0.5324110719073009,0.6158802049574362,0.6158802049574362,119,119,119,119,reference,reference,False,False,False,False,both
past_flood_pre2022,object,ALL,2024-09-20,observed-label_auc,all,0.675520546204313,0.675520546204313,0.6391664457518422,0.639166445751842,0.7106433388071695,0.7106433388071693,183,183,196,196,reference,reference,False,False,False,False,both
past_flood_pre2022,object,ALL,2024-09-20,observed-label_auc,no_landuse_attr,0.7060768332081365,0.7060768332081366,0.4999256327954326,0.4999256327954326,0.9004782981665438,0.9004782981665438,7,7,20,20,reference,reference,False,False,False,False,both
past_flood_pre2022,object,ALL,2024-09-20,observed-label_auc,urban,0.878462375919226,0.8784623759192263,0.8322730345930914,0.8322730345930918,0.9210606853849452,0.9210606853849452,57,57,57,57,reference,reference,False,False,False,False,both
past_flood_pre2022,object,ALL,2024-09-20,observed-label_auc_diff,agricultural,0.1261931255000698,0.1261931255000705,0.082889187420798,0.0828891874207978,0.1669574755042691,0.1669574755042721,119,119,119,119,reference,reference,False,False,False,False,both
past_flood_pre2022,object,ALL,2024-09-20,observed-label_auc_diff,all,0.0819418167588447,0.0819418167588454,0.0469399105121009,0.0469399105121012,0.1165828699983963,0.1165828699983966,183,183,196,196,reference,reference,False,False,False,False,both
past_flood_pre2022,object,ALL,2024-09-20,observed-label_auc_diff,no_landuse_attr,0.1204177337214833,0.1204177337214835,-0.1452900726812938,-0.1452900726812938,0.3704629088846714,0.3704629088846717,7,7,20,20,reference,reference,False,False,False,False,both
past_flood_pre2022,object,ALL,2024-09-20,observed-label_auc_diff,urban,-0.0151676070822934,-0.0151676070822929,-0.0714015140035497,-0.0714015140035497,0.0435110484655773,0.0435110484655779,57,57,57,57,reference,reference,False,False,False,False,both
past_flood_pre2022,object,ALL,ALL,capture_0.05,agricultural,0.0244507000092616,0.0244507000092617,,,,,119,119,119,119,reference,reference,False,False,False,False,both
past_flood_pre2022,object,ALL,ALL,capture_0.1,agricultural,0.0823424958296972,0.0823424958296981,,,,,119,119,119,119,reference,reference,False,False,False,False,both
past_flood_pre2022,object,ALL,ALL,capture_0.1,all,0.2601736110182941,0.2601736110182947,,,,,196,196,196,196,reference,reference,False,False,False,False,both
past_flood_pre2022,object,ALL,ALL,capture_0.2,agricultural,0.2041017090663285,0.2041017090663277,,,,,119,119,119,119,reference,reference,False,False,False,False,both
past_flood_pre2022,object,ALL,ALL,capture_0.2,all,0.3925908760655074,0.3925908760655069,,,,,196,196,196,196,reference,reference,False,False,False,False,both
past_flood_pre2022,object,ALL,ALL,capture_0.2,no_landuse_attr,0.4829854164973181,0.4829854164973184,,,,,20,20,20,20,reference,reference,False,False,False,False,both
past_flood_pre2022,object,ALL,ALL,capture_0.3,agricultural,0.2941012025487443,0.2941012025487438,,,,,119,119,119,119,reference,reference,False,False,False,False,both
past_flood_pre2022,object,ALL,ALL,capture_0.3,all,0.47958185256786,0.4795818525678598,,,,,196,196,196,196,reference,reference,False,False,False,False,both
past_flood_pre2022,object,ALL,ALL,capture_0.5,agricultural,0.5867886629131649,0.586788662913163,,,,,119,119,119,119,reference,reference,False,False,False,False,both
past_flood_pre2022,object,ALL,ALL,capture_0.5,all,0.7082696399521661,0.7082696399521649,,,,,196,196,196,196,reference,reference,False,False,False,False,both
past_flood_pre2022,object,ALL,ALL,observed-label_auc,agricultural,0.5765156865171123,0.576515686517112,0.5324110719073014,0.5324110719073009,0.6158802049574362,0.6158802049574362,119,119,119,119,reference,reference,False,False,False,False,both
past_flood_pre2022,object,ALL,ALL,observed-label_auc,all,0.6794789358209026,0.6794789358209027,0.6443517792968868,0.6443517792968873,0.7143037845989492,0.7143037845989493,196,196,196,196,reference,reference,False,False,False,False,both
past_flood_pre2022,object,ALL,ALL,observed-label_auc,no_landuse_attr,0.7250074648982284,0.7250074648982301,0.608864379647147,0.608864379647147,0.834927292653543,0.8349272926535454,20,20,20,20,reference,reference,False,False,False,False,both
past_flood_pre2022,object,ALL,ALL,observed-label_auc,urban,0.878462375919226,0.8784623759192263,0.8322730345930914,0.8322730345930918,0.9210606853849452,0.9210606853849452,57,57,57,57,reference,reference,False,False,False,False,both
past_flood_pre2022,object,ALL,ALL,observed-label_auc_diff,agricultural,0.1261931255000698,0.1261931255000705,0.082889187420798,0.0828891874207978,0.1669574755042691,0.1669574755042721,119,119,119,119,reference,reference,False,False,False,False,both
past_flood_pre2022,object,ALL,ALL,observed-label_auc_diff,all,0.0735829153801098,0.0735829153801105,0.0373620196882136,0.0373620196882137,0.1079217389460766,0.1079217389460787,196,196,196,196,reference,reference,False,False,False,False,both
past_flood_pre2022,object,ALL,ALL,observed-label_auc_diff,no_landuse_attr,0.0134911541841662,0.013491154184167,-0.1351835642210619,-0.1351835642210651,0.1547003679597315,0.1547003679597381,20,20,20,20,reference,reference,False,False,False,False,both
past_flood_pre2022,object,ALL,ALL,observed-label_auc_diff,urban,-0.0151676070822934,-0.0151676070822929,-0.0714015140035497,-0.0714015140035497,0.0435110484655773,0.0435110484655779,57,57,57,57,reference,reference,False,False,False,False,both
past_flood_pre2022,object,ALL,MACRO,capture_0.05,agricultural,0.0244507000092616,0.0244507000092617,0.0244507000092616,0.0244507000092617,0.0244507000092616,0.0244507000092617,1,1,119,119,reference,reference,False,False,False,False,both
past_flood_pre2022,object,ALL,MACRO,capture_0.1,agricultural,0.0823424958296972,0.0823424958296981,0.0823424958296972,0.0823424958296981,0.0823424958296972,0.0823424958296981,1,1,119,119,reference,reference,False,False,False,False,both
past_flood_pre2022,object,ALL,MACRO,capture_0.1,all,0.3795000379229312,0.3795000379229314,0.2256667425125291,0.2256667425125293,0.5628333712562645,0.5628333712562646,4,4,196,196,reference,reference,False,False,False,False,both
past_flood_pre2022,object,ALL,MACRO,capture_0.2,agricultural,0.2041017090663285,0.2041017090663277,0.2041017090663285,0.2041017090663277,0.2041017090663285,0.2041017090663277,1,1,119,119,reference,reference,False,False,False,False,both
past_flood_pre2022,object,ALL,MACRO,capture_0.2,all,0.4470402025340573,0.4470402025340575,0.3489562494919542,0.3489562494919555,0.5973881193700725,0.5973881193700724,4,4,196,196,reference,reference,False,False,False,False,both
past_flood_pre2022,object,ALL,MACRO,capture_0.2,no_landuse_attr,0.4925092260211275,0.492509226021128,0.3659708329946362,0.3659708329946369,0.6190476190476191,0.6190476190476191,4,4,20,20,reference,reference,False,False,False,False,both
past_flood_pre2022,object,ALL,MACRO,capture_0.3,agricultural,0.2941012025487443,0.2941012025487438,0.2941012025487443,0.2941012025487438,0.2941012025487443,0.2941012025487438,1,1,119,119,reference,reference,False,False,False,False,both
past_flood_pre2022,object,ALL,MACRO,capture_0.3,all,0.6327842118897549,0.6327842118897548,0.5150193023359313,0.5150193023359311,0.75,0.75,4,4,196,196,reference,reference,False,False,False,False,both
past_flood_pre2022,object,ALL,MACRO,capture_0.5,agricultural,0.5867886629131649,0.586788662913163,0.5867886629131649,0.586788662913163,0.5867886629131649,0.586788662913163,1,1,119,119,reference,reference,False,False,False,False,both
past_flood_pre2022,object,ALL,MACRO,capture_0.5,all,0.7426514336483941,0.7426514336483939,0.6853028672967884,0.6853028672967877,0.8,0.8,4,4,196,196,reference,reference,False,False,False,False,both
past_flood_pre2022,object,ALL,MACRO,observed-label_auc,agricultural,0.5765156865171123,0.576515686517112,0.5765156865171123,0.576515686517112,0.5765156865171123,0.576515686517112,1,1,119,119,reference,reference,False,False,False,False,both
past_flood_pre2022,object,ALL,MACRO,observed-label_auc,all,0.7273319171208198,0.7273319171208213,0.6867781791216798,0.6867781791216834,0.7787930077174683,0.7787930077174693,4,4,196,196,reference,reference,False,False,False,False,both
past_flood_pre2022,object,ALL,MACRO,observed-label_auc,no_landuse_attr,0.7349709888717756,0.7349709888717771,0.7020563226235916,0.7020563226235952,0.7808032630097407,0.78080326300974,4,4,20,20,reference,reference,False,False,False,False,both
past_flood_pre2022,object,ALL,MACRO,observed-label_auc,urban,0.878462375919226,0.8784623759192263,0.878462375919226,0.8784623759192263,0.878462375919226,0.8784623759192263,1,1,57,57,reference,reference,False,False,False,False,both
past_flood_pre2022,object,ALL,MACRO,observed-label_auc_diff,agricultural,0.1261931255000698,0.1261931255000705,0.1261931255000698,0.1261931255000705,0.1261931255000698,0.1261931255000705,1,1,119,119,reference,reference,False,False,False,False,both
past_flood_pre2022,object,ALL,MACRO,observed-label_auc_diff,all,-0.0067884481041733,-0.0067884481041725,-0.0959428572435472,-0.0959428572435476,0.0638876890547667,0.0638876890547682,4,4,196,196,reference,reference,False,False,False,False,both
past_flood_pre2022,object,ALL,MACRO,observed-label_auc_diff,no_landuse_attr,0.0028305311364863,0.0028305311364869,-0.0959428572435472,-0.0959428572435476,0.0927184332042961,0.0927184332042972,4,4,20,20,reference,reference,False,False,False,False,both
past_flood_pre2022,object,ALL,MACRO,observed-label_auc_diff,urban,-0.0151676070822934,-0.0151676070822929,-0.0151676070822934,-0.0151676070822929,-0.0151676070822934,-0.0151676070822929,1,1,57,57,reference,reference,False,False,False,False,both
rf_F0_v1,area,ALL,2022-09-06,capture_0.1,all,0.0774947519188508,0.0774947519190685,,,,,6,6,196,196,superseded,superseded,True,True,False,False,both
rf_F0_v1,area,ALL,2022-09-06,capture_0.1,no_landuse_attr,0.0774947519188508,0.0774947519190685,,,,,6,6,20,20,superseded,superseded,True,True,False,False,both
rf_F0_v1,area,ALL,2022-09-06,capture_0.2,all,0.3789501582665788,0.3789501582676434,,,,,6,6,196,196,superseded,superseded,True,True,False,False,both
rf_F0_v1,area,ALL,2022-09-06,capture_0.2,no_landuse_attr,0.3789501582665788,0.3789501582676434,,,,,6,6,20,20,superseded,superseded,True,True,False,False,both
rf_F0_v1,area,ALL,2022-09-06,capture_0.3,all,0.6466205139965655,0.646620513998382,,,,,6,6,196,196,superseded,superseded,True,True,False,False,both
rf_F0_v1,area,ALL,2022-09-06,capture_0.3,no_landuse_attr,0.6466205139965655,0.646620513998382,,,,,6,6,20,20,superseded,superseded,True,True,False,False,both
rf_F0_v1,area,ALL,2022-09-06,observed-label_auc,all,0.7780399730289503,0.778039973029125,0.7293738318678592,0.7293738318679356,0.8864497678477927,0.8864497678477927,5,5,196,196,superseded,superseded,True,True,False,False,both
rf_F0_v1,area,ALL,2022-09-06,observed-label_auc,no_landuse_attr,0.7780399730289503,0.778039973029125,0.7293738318678592,0.7293738318679356,0.8864497678477927,0.8864497678477927,5,5,20,20,superseded,superseded,True,True,False,False,both
rf_F0_v1,area,ALL,2022-09-06,observed-label_auc_diff,all,-0.0012035826499794,-0.001203582650759,-0.199270436155033,-0.199270436155033,0.198637406136355,0.1986374061358904,5,5,196,196,superseded,superseded,True,True,False,False,both
rf_F0_v1,area,ALL,2022-09-06,observed-label_auc_diff,no_landuse_attr,-0.0012035826499794,-0.001203582650759,-0.199270436155033,-0.199270436155033,0.198637406136355,0.1986374061358904,5,5,20,20,superseded,superseded,True,True,False,False,both
rf_F0_v1,area,ALL,2023-08-10,capture_0.05,all,0.1464222782526532,0.146422278252381,,,,,42,42,196,196,superseded,superseded,True,True,False,False,both
rf_F0_v1,area,ALL,2023-08-10,capture_0.05,no_landuse_attr,0.1464222782526532,0.146422278252381,,,,,42,42,20,20,superseded,superseded,True,True,False,False,both
rf_F0_v1,area,ALL,2023-08-10,capture_0.1,all,0.2656109512076214,0.2656109512074652,,,,,42,42,196,196,superseded,superseded,True,True,False,False,both
rf_F0_v1,area,ALL,2023-08-10,capture_0.1,no_landuse_attr,0.2656109512076214,0.2656109512074652,,,,,42,42,20,20,superseded,superseded,True,True,False,False,both
rf_F0_v1,area,ALL,2023-08-10,capture_0.2,all,0.6508742457442483,0.6508742457441279,,,,,42,42,196,196,superseded,superseded,True,True,False,False,both
rf_F0_v1,area,ALL,2023-08-10,capture_0.2,no_landuse_attr,0.6508742457442483,0.6508742457441279,,,,,42,42,20,20,superseded,superseded,True,True,False,False,both
rf_F0_v1,area,ALL,2023-08-10,capture_0.3,all,0.9642870734239662,0.9642870734238802,,,,,42,42,196,196,superseded,superseded,True,True,False,False,both
rf_F0_v1,area,ALL,2023-08-10,capture_0.3,no_landuse_attr,0.9642870734239662,0.9642870734238802,,,,,42,42,20,20,superseded,superseded,True,True,False,False,both
rf_F0_v1,area,ALL,2023-08-10,capture_0.5,all,0.9976795230530052,0.9976795230529704,,,,,42,42,196,196,superseded,superseded,True,True,False,False,both
rf_F0_v1,area,ALL,2023-08-10,capture_0.5,no_landuse_attr,0.9976795230530052,0.9976795230529704,,,,,42,42,20,20,superseded,superseded,True,True,False,False,both
rf_F0_v1,area,ALL,2023-08-10,observed-label_auc,all,0.8627098748898454,0.8627098748897917,0.8141415144819176,0.8141415144819169,0.8965013613851157,0.8965013613849934,3,3,196,196,superseded,superseded,True,True,False,False,both
rf_F0_v1,area,ALL,2023-08-10,observed-label_auc,no_landuse_attr,0.8627098748898454,0.8627098748897917,0.8141415144819176,0.8141415144819169,0.8965013613851157,0.8965013613849934,3,3,20,20,superseded,superseded,True,True,False,False,both
rf_F0_v1,area,ALL,2023-08-10,observed-label_auc_diff,all,0.0216639683362906,0.0216639683363054,-0.1414148953878208,-0.1414148953878213,0.4569580938018773,0.4569580938017549,3,3,196,196,superseded,superseded,True,True,False,False,both
rf_F0_v1,area,ALL,2023-08-10,observed-label_auc_diff,no_landuse_attr,0.0216639683362906,0.0216639683363054,-0.1414148953878208,-0.1414148953878213,0.4569580938018773,0.4569580938017549,3,3,20,20,superseded,superseded,True,True,False,False,both
rf_F0_v1,area,ALL,2024-07-24,capture_0.05,all,0.1175369088466532,0.1175369088466593,,,,,23,23,196,196,superseded,superseded,True,True,False,False,both
rf_F0_v1,area,ALL,2024-07-24,capture_0.05,no_landuse_attr,0.1175369088466532,0.1175369088466593,,,,,23,23,20,20,superseded,superseded,True,True,False,False,both
rf_F0_v1,area,ALL,2024-07-24,capture_0.1,all,0.459882037276176,0.4598820372759742,,,,,23,23,196,196,superseded,superseded,True,True,False,False,both
rf_F0_v1,area,ALL,2024-07-24,capture_0.1,no_landuse_attr,0.459882037276176,0.4598820372759742,,,,,23,23,20,20,superseded,superseded,True,True,False,False,both
rf_F0_v1,area,ALL,2024-07-24,capture_0.2,all,0.7119283128376421,0.7119283128374533,,,,,23,23,196,196,superseded,superseded,True,True,False,False,both
rf_F0_v1,area,ALL,2024-07-24,capture_0.2,no_landuse_attr,0.7119283128376421,0.7119283128374533,,,,,23,23,20,20,superseded,superseded,True,True,False,False,both
rf_F0_v1,area,ALL,2024-07-24,capture_0.3,all,0.8014328665848549,0.8014328665849053,,,,,23,23,196,196,superseded,superseded,True,True,False,False,both
rf_F0_v1,area,ALL,2024-07-24,capture_0.3,no_landuse_attr,0.8014328665848549,0.8014328665849053,,,,,23,23,20,20,superseded,superseded,True,True,False,False,both
rf_F0_v1,area,ALL,2024-07-24,capture_0.5,all,1.0,1.0000000000000002,,,,,23,23,196,196,superseded,superseded,True,True,False,False,both
rf_F0_v1,area,ALL,2024-07-24,capture_0.5,no_landuse_attr,1.0,1.0000000000000002,,,,,23,23,20,20,superseded,superseded,True,True,False,False,both
rf_F0_v1,area,ALL,2024-07-24,observed-label_auc,all,0.8539196245973589,0.853919624597333,0.703608965167782,0.7036089651677078,0.913059991641553,0.9130599916415532,5,5,196,196,superseded,superseded,True,True,False,False,both
rf_F0_v1,area,ALL,2024-07-24,observed-label_auc,no_landuse_attr,0.8539196245973589,0.853919624597333,0.703608965167782,0.7036089651677078,0.913059991641553,0.9130599916415532,5,5,20,20,superseded,superseded,True,True,False,False,both
rf_F0_v1,area,ALL,2024-07-24,observed-label_auc_diff,all,0.1191304961290565,0.1191304961291488,-0.0469309198779093,-0.0469309198776656,0.1985897826314418,0.198589782631441,5,5,196,196,superseded,superseded,True,True,False,False,both
rf_F0_v1,area,ALL,2024-07-24,observed-label_auc_diff,no_landuse_attr,0.1191304961290565,0.1191304961291488,-0.0469309198779093,-0.0469309198776656,0.1985897826314418,0.198589782631441,5,5,20,20,superseded,superseded,True,True,False,False,both
rf_F0_v1,area,ALL,2024-09-20,capture_0.05,agricultural,0.0398144634393545,0.0398144634393523,,,,,1506,1506,119,119,superseded,superseded,True,True,False,False,both
rf_F0_v1,area,ALL,2024-09-20,capture_0.05,all,0.0424064731104721,0.0424064731104703,,,,,1612,1612,196,196,superseded,superseded,True,True,False,False,both
rf_F0_v1,area,ALL,2024-09-20,capture_0.05,no_landuse_attr,0.3364708068794786,0.3364708068794657,,,,,34,34,20,20,superseded,superseded,True,True,False,False,both
rf_F0_v1,area,ALL,2024-09-20,capture_0.05,urban,0.4394007991623134,0.4394007991623899,,,,,72,72,57,57,superseded,superseded,True,True,False,False,both
rf_F0_v1,area,ALL,2024-09-20,capture_0.1,agricultural,0.4071571850909942,0.4071571850909996,,,,,1506,1506,119,119,superseded,superseded,True,True,False,False,both
rf_F0_v1,area,ALL,2024-09-20,capture_0.1,all,0.4070818915599568,0.4070818915599619,,,,,1612,1612,196,196,superseded,superseded,True,True,False,False,both
rf_F0_v1,area,ALL,2024-09-20,capture_0.1,no_landuse_attr,0.3364708068794786,0.3364708068794657,,,,,34,34,20,20,superseded,superseded,True,True,False,False,both
rf_F0_v1,area,ALL,2024-09-20,capture_0.1,urban,0.5325814333349257,0.5325814333349946,,,,,72,72,57,57,superseded,superseded,True,True,False,False,both
rf_F0_v1,area,ALL,2024-09-20,capture_0.2,agricultural,0.912940781891741,0.9129407818917412,,,,,1506,1506,119,119,superseded,superseded,True,True,False,False,both
rf_F0_v1,area,ALL,2024-09-20,capture_0.2,all,0.9109946717701894,0.9109946717701892,,,,,1612,1612,196,196,superseded,superseded,True,True,False,False,both
rf_F0_v1,area,ALL,2024-09-20,capture_0.2,no_landuse_attr,0.6390227767384415,0.6390227767383587,,,,,34,34,20,20,superseded,superseded,True,True,False,False,both
rf_F0_v1,area,ALL,2024-09-20,capture_0.2,urban,0.7259296289788739,0.7259296289790838,,,,,72,72,57,57,superseded,superseded,True,True,False,False,both
rf_F0_v1,area,ALL,2024-09-20,capture_0.3,agricultural,0.9644344023399392,0.9644344023399388,,,,,1506,1506,119,119,superseded,superseded,True,True,False,False,both
rf_F0_v1,area,ALL,2024-09-20,capture_0.3,all,0.9640131040222766,0.964013104022276,,,,,1612,1612,196,196,superseded,superseded,True,True,False,False,both
rf_F0_v1,area,ALL,2024-09-20,capture_0.3,no_landuse_attr,0.9131661177372942,0.9131661177373094,,,,,34,34,20,20,superseded,superseded,True,True,False,False,both
rf_F0_v1,area,ALL,2024-09-20,capture_0.3,urban,0.9062215100879376,0.9062215100880682,,,,,72,72,57,57,superseded,superseded,True,True,False,False,both
rf_F0_v1,area,ALL,2024-09-20,capture_0.5,all,0.9966232546850032,0.9966232546850028,,,,,1612,1612,196,196,superseded,superseded,True,True,False,False,both
rf_F0_v1,area,ALL,2024-09-20,capture_0.5,urban,0.9789456918883388,0.9789456918883408,,,,,72,72,57,57,superseded,superseded,True,True,False,False,both
rf_F0_v1,area,ALL,2024-09-20,observed-label_auc,agricultural,0.890762144349044,0.8907621443490442,0.8790673352823312,0.8790673352823333,0.9017473123247652,0.9017473123247648,119,119,119,119,superseded,superseded,True,True,False,False,both
rf_F0_v1,area,ALL,2024-09-20,observed-label_auc,all,0.8906494104915408,0.8906494104915416,0.8792462075445896,0.8792462075445897,0.9013126385970848,0.9013126385970848,183,183,196,196,superseded,superseded,True,True,False,False,both
rf_F0_v1,area,ALL,2024-09-20,observed-label_auc,no_landuse_attr,0.8715966390356698,0.8715966390356626,0.7266853481309762,0.7266853481309762,0.8935431826670902,0.8935431826670767,7,7,20,20,superseded,superseded,True,True,False,False,both
rf_F0_v1,area,ALL,2024-09-20,observed-label_auc,urban,0.8872101823597017,0.8872101823597429,0.8341093364479116,0.8341093364479545,0.9298333884720822,0.9298333884720746,57,57,57,57,superseded,superseded,True,True,False,False,both
rf_F0_v1,area,ALL,2024-09-20,observed-label_auc_diff,agricultural,0.4490446703828903,0.4490446703828906,0.4361107708318499,0.4361107708318527,0.4612670907717439,0.4612670907717431,119,119,119,119,superseded,superseded,True,True,False,False,both
rf_F0_v1,area,ALL,2024-09-20,observed-label_auc_diff,all,0.4453170809054704,0.4453170809054706,0.4308750730121849,0.4308750730121834,0.4575036859154659,0.4575036859154674,183,183,196,196,superseded,superseded,True,True,False,False,both
rf_F0_v1,area,ALL,2024-09-20,observed-label_auc_diff,no_landuse_attr,-0.0218164178579008,-0.0218164178578371,-0.0713423734502483,-0.0713423734502408,0.2994084165599788,0.2994084165600862,7,7,20,20,superseded,superseded,True,True,False,False,both
rf_F0_v1,area,ALL,2024-09-20,observed-label_auc_diff,urban,-0.0279396701664883,-0.0279396701665798,-0.0651303937338941,-0.065130393733942,0.0097998478077824,0.0097998478076373,57,57,57,57,superseded,superseded,True,True,False,False,both
rf_F0_v1,area,ALL,ALL,capture_0.05,agricultural,0.0398144634393545,0.0398144634393523,,,,,1506,1506,119,119,superseded,superseded,True,True,False,False,both
rf_F0_v1,area,ALL,ALL,capture_0.05,all,0.0429674646981216,0.0429674646981184,,,,,1674,1674,196,196,superseded,superseded,True,True,False,False,both
rf_F0_v1,area,ALL,ALL,capture_0.05,no_landuse_attr,0.2364449232019635,0.2364449232018524,,,,,96,96,20,20,superseded,superseded,True,True,False,False,both
rf_F0_v1,area,ALL,ALL,capture_0.05,urban,0.4394007991623134,0.4394007991623899,,,,,72,72,57,57,superseded,superseded,True,True,False,False,both
rf_F0_v1,area,ALL,ALL,capture_0.1,agricultural,0.4071571850909942,0.4071571850909996,,,,,1506,1506,119,119,superseded,superseded,True,True,False,False,both
rf_F0_v1,area,ALL,ALL,capture_0.1,all,0.4063985181174658,0.4063985181174702,,,,,1674,1674,196,196,superseded,superseded,True,True,False,False,both
rf_F0_v1,area,ALL,ALL,capture_0.1,no_landuse_attr,0.3109187087351032,0.3109187087350235,,,,,96,96,20,20,superseded,superseded,True,True,False,False,both
rf_F0_v1,area,ALL,ALL,capture_0.1,urban,0.5325814333349257,0.5325814333349946,,,,,72,72,57,57,superseded,superseded,True,True,False,False,both
rf_F0_v1,area,ALL,ALL,capture_0.2,agricultural,0.912940781891741,0.9129407818917412,,,,,1506,1506,119,119,superseded,superseded,True,True,False,False,both
rf_F0_v1,area,ALL,ALL,capture_0.2,all,0.9095427080249716,0.9095427080249712,,,,,1674,1674,196,196,superseded,superseded,True,True,False,False,both
rf_F0_v1,area,ALL,ALL,capture_0.2,no_landuse_attr,0.6472295289121113,0.6472295289120152,,,,,96,96,20,20,superseded,superseded,True,True,False,False,both
rf_F0_v1,area,ALL,ALL,capture_0.2,urban,0.7259296289788739,0.7259296289790838,,,,,72,72,57,57,superseded,superseded,True,True,False,False,both
rf_F0_v1,area,ALL,ALL,capture_0.3,agricultural,0.9644344023399392,0.9644344023399388,,,,,1506,1506,119,119,superseded,superseded,True,True,False,False,both
rf_F0_v1,area,ALL,ALL,capture_0.3,all,0.9638838778458187,0.9638838778458182,,,,,1674,1674,196,196,superseded,superseded,True,True,False,False,both
rf_F0_v1,area,ALL,ALL,capture_0.3,no_landuse_attr,0.9275503169069004,0.9275503169068856,,,,,96,96,20,20,superseded,superseded,True,True,False,False,both
rf_F0_v1,area,ALL,ALL,capture_0.3,urban,0.9062215100879376,0.9062215100880682,,,,,72,72,57,57,superseded,superseded,True,True,False,False,both
rf_F0_v1,area,ALL,ALL,capture_0.5,all,0.9966309665613636,0.9966309665613632,,,,,1674,1674,196,196,superseded,superseded,True,True,False,False,both
rf_F0_v1,area,ALL,ALL,capture_0.5,no_landuse_attr,0.9988724342448844,0.9988724342448688,,,,,96,96,20,20,superseded,superseded,True,True,False,False,both
rf_F0_v1,area,ALL,ALL,capture_0.5,urban,0.9789456918883388,0.9789456918883408,,,,,72,72,57,57,superseded,superseded,True,True,False,False,both
rf_F0_v1,area,ALL,ALL,observed-label_auc,agricultural,0.890762144349044,0.8907621443490442,0.8790673352823312,0.8790673352823333,0.9017473123247652,0.9017473123247648,119,119,119,119,superseded,superseded,True,True,False,False,both
rf_F0_v1,area,ALL,ALL,observed-label_auc,all,0.8904794702613874,0.890479470261388,0.879027745379376,0.8790277453793772,0.9012081226257131,0.9012081226257128,196,196,196,196,superseded,superseded,True,True,False,False,both
rf_F0_v1,area,ALL,ALL,observed-label_auc,no_landuse_attr,0.866007718278143,0.8660077182781172,0.816340809020033,0.8163408090200152,0.8879195867145018,0.8879195867144557,20,20,20,20,superseded,superseded,True,True,False,False,both
rf_F0_v1,area,ALL,ALL,observed-label_auc,urban,0.8872101823597017,0.8872101823597429,0.8341093364479116,0.8341093364479545,0.9298333884720822,0.9298333884720746,57,57,57,57,superseded,superseded,True,True,False,False,both
rf_F0_v1,area,ALL,ALL,observed-label_auc_diff,agricultural,0.4490446703828903,0.4490446703828906,0.4361107708318499,0.4361107708318527,0.4612670907717439,0.4612670907717431,119,119,119,119,superseded,superseded,True,True,False,False,both
rf_F0_v1,area,ALL,ALL,observed-label_auc_diff,all,0.442978270499683,0.4429782704996837,0.4277435193741309,0.4277435193741324,0.4552607738322327,0.4552607738322349,196,196,196,196,superseded,superseded,True,True,False,False,both
rf_F0_v1,area,ALL,ALL,observed-label_auc_diff,no_landuse_attr,0.0062879515154768,0.0062879515155124,-0.0772602768540529,-0.0772602768540566,0.2173621096104266,0.217362109610416,20,20,20,20,superseded,superseded,True,True,False,False,both
rf_F0_v1,area,ALL,ALL,observed-label_auc_diff,urban,-0.0279396701664883,-0.0279396701665798,-0.0651303937338941,-0.065130393733942,0.0097998478077824,0.0097998478076373,57,57,57,57,superseded,superseded,True,True,False,False,both
rf_F0_v1,area,ALL,MACRO,capture_0.05,agricultural,0.0398144634393545,0.0398144634393523,0.0398144634393545,0.0398144634393523,0.0398144634393545,0.0398144634393523,1,1,119,119,superseded,superseded,True,True,False,False,both
rf_F0_v1,area,ALL,MACRO,capture_0.05,all,0.0765914150524446,0.0765914150523776,0.021203236555236,0.0212032365552351,0.1319795935496532,0.1319795935495201,4,4,196,196,superseded,superseded,True,True,False,False,both
rf_F0_v1,area,ALL,MACRO,capture_0.05,no_landuse_attr,0.1501074984946963,0.1501074984946265,0.0366055695631633,0.0366055695630952,0.2817373323712723,0.2817373323712641,4,4,20,20,superseded,superseded,True,True,False,False,both
rf_F0_v1,area,ALL,MACRO,capture_0.05,urban,0.4394007991623134,0.4394007991623899,0.4394007991623134,0.4394007991623899,0.4394007991623134,0.4394007991623899,1,1,57,57,superseded,superseded,True,True,False,False,both
rf_F0_v1,area,ALL,MACRO,capture_0.1,agricultural,0.4071571850909942,0.4071571850909996,0.4071571850909942,0.4071571850909996,0.4071571850909942,0.4071571850909996,1,1,119,119,superseded,superseded,True,True,False,False,both
rf_F0_v1,area,ALL,MACRO,capture_0.1,all,0.3025174079906513,0.3025174079906174,0.1598915368291273,0.1598915368292919,0.4334819644180664,0.433481964417968,4,4,196,196,superseded,superseded,True,True,False,False,both
rf_F0_v1,area,ALL,MACRO,capture_0.1,no_landuse_attr,0.2848646368205317,0.2848646368204934,0.1422387656590078,0.1422387656591678,0.4113142657590374,0.4113142657588469,4,4,20,20,superseded,superseded,True,True,False,False,both
rf_F0_v1,area,ALL,MACRO,capture_0.1,urban,0.5325814333349257,0.5325814333349946,0.5325814333349257,0.5325814333349946,0.5325814333349257,0.5325814333349946,1,1,57,57,superseded,superseded,True,True,False,False,both
rf_F0_v1,area,ALL,MACRO,capture_0.2,agricultural,0.912940781891741,0.9129407818917412,0.912940781891741,0.9129407818917412,0.912940781891741,0.9129407818917412,1,1,119,119,superseded,superseded,True,True,False,False,both
rf_F0_v1,area,ALL,MACRO,capture_0.2,all,0.6631868471546648,0.6631868471548534,0.4621946969093446,0.4621946969100958,0.8459645652637041,0.8459645652636739,4,4,196,196,superseded,superseded,True,True,False,False,both
rf_F0_v1,area,ALL,MACRO,capture_0.2,no_landuse_attr,0.5951938733967277,0.5951938733968958,0.4469311801359962,0.4469311801367645,0.6937019288128421,0.6937019288126796,4,4,20,20,superseded,superseded,True,True,False,False,both
rf_F0_v1,area,ALL,MACRO,capture_0.2,urban,0.7259296289788739,0.7259296289790838,0.7259296289788739,0.7259296289790838,0.7259296289788739,0.7259296289790838,1,1,57,57,superseded,superseded,True,True,False,False,both
rf_F0_v1,area,ALL,MACRO,capture_0.3,agricultural,0.9644344023399392,0.9644344023399388,0.9644344023399392,0.9644344023399388,0.9644344023399392,0.9644344023399388,1,1,119,119,superseded,superseded,True,True,False,False,both
rf_F0_v1,area,ALL,MACRO,capture_0.3,all,0.8440883895069158,0.8440883895073608,0.7240266902907102,0.7240266902916437,0.9641500887231214,0.964150088723078,4,4,196,196,superseded,superseded,True,True,False,False,both
rf_F0_v1,area,ALL,MACRO,capture_0.3,no_landuse_attr,0.8313766429356702,0.8313766429361191,0.7132569149317477,0.7132569149331138,0.9387265955806302,0.9387265955805948,4,4,20,20,superseded,superseded,True,True,False,False,both
rf_F0_v1,area,ALL,MACRO,capture_0.3,urban,0.9062215100879376,0.9062215100880682,0.9062215100879376,0.9062215100880682,0.9062215100879376,0.9062215100880682,1,1,57,57,superseded,superseded,True,True,False,False,both
rf_F0_v1,area,ALL,MACRO,capture_0.5,all,0.998575694434502,0.9985756944344936,0.9971513888690042,0.9971513888689866,1.0,1.0,4,4,196,196,superseded,superseded,True,True,False,False,both
rf_F0_v1,area,ALL,MACRO,capture_0.5,no_landuse_attr,0.99937182491873,0.9993718249187216,0.9982596422897538,0.998259642289728,1.0,1.0,4,4,20,20,superseded,superseded,True,True,False,False,both
rf_F0_v1,area,ALL,MACRO,capture_0.5,urban,0.9789456918883388,0.9789456918883408,0.9789456918883388,0.9789456918883408,0.9789456918883388,0.9789456918883408,1,1,57,57,superseded,superseded,True,True,False,False,both
rf_F0_v1,area,ALL,MACRO,observed-label_auc,agricultural,0.890762144349044,0.8907621443490442,0.890762144349044,0.8907621443490442,0.890762144349044,0.8907621443490442,1,1,119,119,superseded,superseded,True,True,False,False,both
rf_F0_v1,area,ALL,MACRO,observed-label_auc,all,0.8463297207519238,0.8463297207519478,0.799207448494174,0.7992074484942916,0.8814669640179953,0.8814669640179894,4,4,196,196,superseded,superseded,True,True,False,False,both
rf_F0_v1,area,ALL,MACRO,observed-label_auc,no_landuse_attr,0.841566527887956,0.841566527887978,0.7992074484941741,0.7992074484942916,0.867177385426092,0.8671773854260802,4,4,20,20,superseded,superseded,True,True,False,False,both
rf_F0_v1,area,ALL,MACRO,observed-label_auc,urban,0.8872101823597017,0.8872101823597429,0.8872101823597017,0.8872101823597429,0.8872101823597017,0.8872101823597429,1,1,57,57,superseded,superseded,True,True,False,False,both
rf_F0_v1,area,ALL,MACRO,observed-label_auc_diff,agricultural,0.4490446703828903,0.4490446703828906,0.4490446703828903,0.4490446703828906,0.4490446703828903,0.4490446703828906,1,1,119,119,superseded,superseded,True,True,False,False,both
rf_F0_v1,area,ALL,MACRO,observed-label_auc_diff,all,0.1462269906802095,0.1462269906800414,0.0102301928431556,0.0102301928427732,0.3394038027631755,0.3394038027631793,4,4,196,196,superseded,superseded,True,True,False,False,both
rf_F0_v1,area,ALL,MACRO,observed-label_auc_diff,no_landuse_attr,0.0294436159893667,0.0294436159892145,-0.0115100002539401,-0.0115100002542981,0.0890469764342975,0.0890469764341718,4,4,20,20,superseded,superseded,True,True,False,False,both
rf_F0_v1,area,ALL,MACRO,observed-label_auc_diff,urban,-0.0279396701664883,-0.0279396701665798,-0.0279396701664883,-0.0279396701665798,-0.0279396701664883,-0.0279396701665798,1,1,57,57,superseded,superseded,True,True,False,False,both
rf_F0_v1,object,ALL,2023-08-10,capture_0.05,all,0.1520020884005566,0.1520020884002795,,,,,3,3,196,196,superseded,superseded,True,True,False,False,both
rf_F0_v1,object,ALL,2023-08-10,capture_0.05,no_landuse_attr,0.1520020884005566,0.1520020884002795,,,,,3,3,20,20,superseded,superseded,True,True,False,False,both
rf_F0_v1,object,ALL,2023-08-10,capture_0.1,all,0.3155586686893827,0.3155586686891802,,,,,3,3,196,196,superseded,superseded,True,True,False,False,both
rf_F0_v1,object,ALL,2023-08-10,capture_0.1,no_landuse_attr,0.3155586686893827,0.3155586686891802,,,,,3,3,20,20,superseded,superseded,True,True,False,False,both
rf_F0_v1,object,ALL,2023-08-10,capture_0.2,all,0.6666057149063008,0.6666057149061556,,,,,3,3,196,196,superseded,superseded,True,True,False,False,both
rf_F0_v1,object,ALL,2023-08-10,capture_0.2,no_landuse_attr,0.6666057149063008,0.6666057149061556,,,,,3,3,20,20,superseded,superseded,True,True,False,False,both
rf_F0_v1,object,ALL,2023-08-10,capture_0.3,all,0.9558630666430412,0.9558630666429416,,,,,3,3,196,196,superseded,superseded,True,True,False,False,both
rf_F0_v1,object,ALL,2023-08-10,capture_0.3,no_landuse_attr,0.9558630666430412,0.9558630666429416,,,,,3,3,20,20,superseded,superseded,True,True,False,False,both
rf_F0_v1,object,ALL,2023-08-10,capture_0.5,all,0.996815726992506,0.9968157269924602,,,,,3,3,196,196,superseded,superseded,True,True,False,False,both
rf_F0_v1,object,ALL,2023-08-10,capture_0.5,no_landuse_attr,0.996815726992506,0.9968157269924602,,,,,3,3,20,20,superseded,superseded,True,True,False,False,both
rf_F0_v1,object,ALL,2023-08-10,observed-label_auc,all,0.8636038583877221,0.8636038583876635,0.8141415144819176,0.8141415144819169,0.8965013613851157,0.8965013613849934,3,3,196,196,superseded,superseded,True,True,False,False,both
rf_F0_v1,object,ALL,2023-08-10,observed-label_auc,no_landuse_attr,0.8636038583877221,0.8636038583876635,0.8141415144819176,0.8141415144819169,0.8965013613851157,0.8965013613849934,3,3,20,20,superseded,superseded,True,True,False,False,both
rf_F0_v1,object,ALL,2023-08-10,observed-label_auc_diff,all,0.0717032886887989,0.0717032886887399,-0.1414148953878207,-0.1414148953878213,0.4569580938018772,0.4569580938017549,3,3,196,196,superseded,superseded,True,True,False,False,both
rf_F0_v1,object,ALL,2023-08-10,observed-label_auc_diff,no_landuse_attr,0.0717032886887989,0.0717032886887399,-0.1414148953878207,-0.1414148953878213,0.4569580938018772,0.4569580938017549,3,3,20,20,superseded,superseded,True,True,False,False,both
rf_F0_v1,object,ALL,2024-07-24,capture_0.05,all,0.0921645459387933,0.0921645459388211,,,,,5,5,196,196,superseded,superseded,True,True,False,False,both
rf_F0_v1,object,ALL,2024-07-24,capture_0.05,no_landuse_attr,0.0921645459387933,0.0921645459388211,,,,,5,5,20,20,superseded,superseded,True,True,False,False,both
rf_F0_v1,object,ALL,2024-07-24,capture_0.1,all,0.3487548594370578,0.3487548594368189,,,,,5,5,196,196,superseded,superseded,True,True,False,False,both
rf_F0_v1,object,ALL,2024-07-24,capture_0.1,no_landuse_attr,0.3487548594370578,0.3487548594368189,,,,,5,5,20,20,superseded,superseded,True,True,False,False,both
rf_F0_v1,object,ALL,2024-07-24,capture_0.2,all,0.4573640143326695,0.4573640143324287,,,,,5,5,196,196,superseded,superseded,True,True,False,False,both
rf_F0_v1,object,ALL,2024-07-24,capture_0.2,no_landuse_attr,0.4573640143326695,0.4573640143324287,,,,,5,5,20,20,superseded,superseded,True,True,False,False,both
rf_F0_v1,object,ALL,2024-07-24,capture_0.3,all,0.6635765989010728,0.6635765989011501,,,,,5,5,196,196,superseded,superseded,True,True,False,False,both
rf_F0_v1,object,ALL,2024-07-24,capture_0.3,no_landuse_attr,0.6635765989010728,0.6635765989011501,,,,,5,5,20,20,superseded,superseded,True,True,False,False,both
rf_F0_v1,object,ALL,2024-07-24,observed-label_auc,all,0.7907007667570971,0.7907007667571202,0.694609344594294,0.6946093445943401,0.8981204817297176,0.8981204817296611,5,5,196,196,superseded,superseded,True,True,False,False,both
rf_F0_v1,object,ALL,2024-07-24,observed-label_auc,no_landuse_attr,0.7907007667570971,0.7907007667571202,0.694609344594294,0.6946093445943401,0.8981204817297176,0.8981204817296611,5,5,20,20,superseded,superseded,True,True,False,False,both
rf_F0_v1,object,ALL,2024-07-24,observed-label_auc_diff,all,0.102285486370785,0.1022854863708048,-0.0428062277693659,-0.0428062277694841,0.216727804720723,0.2167278047208812,5,5,196,196,superseded,superseded,True,True,False,False,both
rf_F0_v1,object,ALL,2024-07-24,observed-label_auc_diff,no_landuse_attr,0.102285486370785,0.1022854863708048,-0.0428062277693659,-0.0428062277694841,0.216727804720723,0.2167278047208812,5,5,20,20,superseded,superseded,True,True,False,False,both
rf_F0_v1,object,ALL,2024-09-20,capture_0.05,agricultural,0.0668528923292218,0.0668528923292252,,,,,119,119,119,119,superseded,superseded,True,True,False,False,both
rf_F0_v1,object,ALL,2024-09-20,capture_0.05,all,0.1529221401852084,0.1529221401852108,,,,,183,183,196,196,superseded,superseded,True,True,False,False,both
rf_F0_v1,object,ALL,2024-09-20,capture_0.05,no_landuse_attr,0.0573156332157202,0.0573156332157269,,,,,7,7,20,20,superseded,superseded,True,True,False,False,both
rf_F0_v1,object,ALL,2024-09-20,capture_0.1,agricultural,0.3357625273028782,0.3357625273028789,,,,,119,119,119,119,superseded,superseded,True,True,False,False,both
rf_F0_v1,object,ALL,2024-09-20,capture_0.1,all,0.3691564302983841,0.3691564302983847,,,,,183,183,196,196,superseded,superseded,True,True,False,False,both
rf_F0_v1,object,ALL,2024-09-20,capture_0.1,no_landuse_attr,0.0573156332157202,0.0573156332157269,,,,,7,7,20,20,superseded,superseded,True,True,False,False,both
rf_F0_v1,object,ALL,2024-09-20,capture_0.2,agricultural,0.6167822650742789,0.6167822650742734,,,,,119,119,119,119,superseded,superseded,True,True,False,False,both
rf_F0_v1,object,ALL,2024-09-20,capture_0.2,all,0.6213440135036784,0.6213440135036751,,,,,183,183,196,196,superseded,superseded,True,True,False,False,both
rf_F0_v1,object,ALL,2024-09-20,capture_0.2,no_landuse_attr,0.1402441264667248,0.1402441264667299,,,,,7,7,20,20,superseded,superseded,True,True,False,False,both
rf_F0_v1,object,ALL,2024-09-20,capture_0.3,agricultural,0.8400221052797843,0.8400221052797832,,,,,119,119,119,119,superseded,superseded,True,True,False,False,both
rf_F0_v1,object,ALL,2024-09-20,capture_0.3,all,0.8437051869883133,0.8437051869883126,,,,,183,183,196,196,superseded,superseded,True,True,False,False,both
rf_F0_v1,object,ALL,2024-09-20,capture_0.3,no_landuse_attr,0.5800644483517596,0.5800644483517632,,,,,7,7,20,20,superseded,superseded,True,True,False,False,both
rf_F0_v1,object,ALL,2024-09-20,capture_0.5,agricultural,0.9833239945725964,0.9833239945725966,,,,,119,119,119,119,superseded,superseded,True,True,False,False,both
rf_F0_v1,object,ALL,2024-09-20,capture_0.5,all,0.9834570229988838,0.9834570229988844,,,,,183,183,196,196,superseded,superseded,True,True,False,False,both
rf_F0_v1,object,ALL,2024-09-20,capture_0.5,no_landuse_attr,0.9986562960409042,0.998656296040915,,,,,7,7,20,20,superseded,superseded,True,True,False,False,both
rf_F0_v1,object,ALL,2024-09-20,observed-label_auc,agricultural,0.8329969343098758,0.832996934309876,0.8137736321689772,0.8137736321689774,0.850902229904927,0.8509022299049256,119,119,119,119,superseded,superseded,True,True,False,False,both
rf_F0_v1,object,ALL,2024-09-20,observed-label_auc,all,0.8425188496066038,0.8425188496066042,0.826439096606494,0.826439096606494,0.858227534130241,0.8582275341302418,183,183,196,196,superseded,superseded,True,True,False,False,both
rf_F0_v1,object,ALL,2024-09-20,observed-label_auc,no_landuse_attr,0.7605008700616337,0.7605008700616385,0.7222590812959042,0.7222590812959045,0.8109658085092377,0.8109658085092412,7,7,20,20,superseded,superseded,True,True,False,False,both
rf_F0_v1,object,ALL,2024-09-20,observed-label_auc,urban,0.8724703193807355,0.8724703193807346,0.8385816033345,0.8385816033345,0.90263266580973,0.90263266580973,57,57,57,57,superseded,superseded,True,True,False,False,both
rf_F0_v1,object,ALL,2024-09-20,observed-label_auc_diff,agricultural,0.3826743732928333,0.3826743732928345,0.3603663792962292,0.3603663792962299,0.4037275530917356,0.4037275530917364,119,119,119,119,superseded,superseded,True,True,False,False,both
rf_F0_v1,object,ALL,2024-09-20,observed-label_auc_diff,all,0.2489401201611355,0.2489401201611366,0.2169089842766785,0.2169089842766796,0.279957816915948,0.2799578169159485,183,183,196,196,superseded,superseded,True,True,False,False,both
rf_F0_v1,object,ALL,2024-09-20,observed-label_auc_diff,no_landuse_attr,0.1748417705749805,0.1748417705749854,0.0227022482954968,0.0227022482955054,0.2971563872325019,0.2971563872325095,7,7,20,20,superseded,superseded,True,True,False,False,both
rf_F0_v1,object,ALL,2024-09-20,observed-label_auc_diff,urban,-0.021159663620784,-0.0211596636207845,-0.0570135219012586,-0.0570135219012597,0.0158638539226675,0.015863853922667,57,57,57,57,superseded,superseded,True,True,False,False,both
rf_F0_v1,object,ALL,ALL,capture_0.05,agricultural,0.0668528923292218,0.0668528923292252,,,,,119,119,119,119,superseded,superseded,True,True,False,False,both
rf_F0_v1,object,ALL,ALL,capture_0.05,all,0.1474570441264733,0.1474570441264721,,,,,196,196,196,196,superseded,superseded,True,True,False,False,both
rf_F0_v1,object,ALL,ALL,capture_0.05,no_landuse_attr,0.0659019213702839,0.0659019213702516,,,,,20,20,20,20,superseded,superseded,True,True,False,False,both
rf_F0_v1,object,ALL,ALL,capture_0.1,agricultural,0.3357625273028782,0.3357625273028789,,,,,119,119,119,119,superseded,superseded,True,True,False,False,both
rf_F0_v1,object,ALL,ALL,capture_0.1,all,0.3635003931013148,0.3635003931013063,,,,,196,196,196,196,superseded,superseded,True,True,False,False,both
rf_F0_v1,object,ALL,ALL,capture_0.1,no_landuse_attr,0.2045829867881739,0.2045829867880861,,,,,20,20,20,20,superseded,superseded,True,True,False,False,both
rf_F0_v1,object,ALL,ALL,capture_0.2,agricultural,0.6167822650742789,0.6167822650742734,,,,,119,119,119,119,superseded,superseded,True,True,False,False,both
rf_F0_v1,object,ALL,ALL,capture_0.2,all,0.6173091412630378,0.6173091412630263,,,,,196,196,196,196,superseded,superseded,True,True,False,False,both
rf_F0_v1,object,ALL,ALL,capture_0.2,no_landuse_attr,0.4134173050824662,0.413417305082386,,,,,20,20,20,20,superseded,superseded,True,True,False,False,both
rf_F0_v1,object,ALL,ALL,capture_0.3,agricultural,0.8400221052797843,0.8400221052797832,,,,,119,119,119,119,superseded,superseded,True,True,False,False,both
rf_F0_v1,object,ALL,ALL,capture_0.3,no_landuse_attr,0.7122961666448403,0.7122961666448459,,,,,20,20,20,20,superseded,superseded,True,True,False,False,both
rf_F0_v1,object,ALL,ALL,capture_0.5,agricultural,0.9833239945725964,0.9833239945725966,,,,,119,119,119,119,superseded,superseded,True,True,False,False,both
rf_F0_v1,object,ALL,ALL,capture_0.5,all,0.9845055223968024,0.984505522396802,,,,,196,196,196,196,superseded,superseded,True,True,False,False,both
rf_F0_v1,object,ALL,ALL,capture_0.5,no_landuse_attr,0.9990520626631924,0.9990520626631894,,,,,20,20,20,20,superseded,superseded,True,True,False,False,both
rf_F0_v1,object,ALL,ALL,observed-label_auc,agricultural,0.8329969343098758,0.832996934309876,0.8137736321689772,0.8137736321689774,0.850902229904927,0.8509022299049256,119,119,119,119,superseded,superseded,True,True,False,False,both
rf_F0_v1,object,ALL,ALL,observed-label_auc,all,0.8409527445693268,0.840952744569327,0.8257028138015624,0.8257028138015596,0.8563428548644046,0.8563428548644009,196,196,196,196,superseded,superseded,True,True,False,False,both
rf_F0_v1,object,ALL,ALL,observed-label_auc,no_landuse_attr,0.7984647274005497,0.7984647274005484,0.7616165073294101,0.7616165073294453,0.8388628870445225,0.8388628870444992,20,20,20,20,superseded,superseded,True,True,False,False,both
rf_F0_v1,object,ALL,ALL,observed-label_auc,urban,0.8724703193807355,0.8724703193807346,0.8385816033345,0.8385816033345,0.90263266580973,0.90263266580973,57,57,57,57,superseded,superseded,True,True,False,False,both
rf_F0_v1,object,ALL,ALL,observed-label_auc_diff,agricultural,0.3826743732928333,0.3826743732928345,0.3603663792962292,0.3603663792962299,0.4037275530917356,0.4037275530917364,119,119,119,119,superseded,superseded,True,True,False,False,both
rf_F0_v1,object,ALL,ALL,observed-label_auc_diff,all,0.235056724128534,0.2350567241285348,0.2043962006120775,0.20439620061208,0.2655661346310198,0.2655661346310193,196,196,196,196,superseded,superseded,True,True,False,False,both
rf_F0_v1,object,ALL,ALL,observed-label_auc_diff,no_landuse_attr,0.0869484166864875,0.0869484166864853,0.0056911741572242,0.0056911741571891,0.1735423526062637,0.1735423526062922,20,20,20,20,superseded,superseded,True,True,False,False,both
rf_F0_v1,object,ALL,ALL,observed-label_auc_diff,urban,-0.021159663620784,-0.0211596636207845,-0.0570135219012586,-0.0570135219012597,0.0158638539226675,0.015863853922667,57,57,57,57,superseded,superseded,True,True,False,False,both
rf_F0_v1,object,ALL,MACRO,capture_0.05,agricultural,0.0668528923292218,0.0668528923292252,0.0668528923292218,0.0668528923292252,0.0668528923292218,0.0668528923292252,1,1,119,119,superseded,superseded,True,True,False,False,both
rf_F0_v1,object,ALL,MACRO,capture_0.05,all,0.0992721936311396,0.0992721936310778,0.0380005221001391,0.0380005221000698,0.1524621142928825,0.1524621142927452,4,4,196,196,superseded,superseded,True,True,False,False,both
rf_F0_v1,object,ALL,MACRO,capture_0.05,no_landuse_attr,0.0753705668887675,0.0753705668887069,0.0230411364846983,0.0230411364847052,0.1283304746043475,0.1283304746041413,4,4,20,20,superseded,superseded,True,True,False,False,both
rf_F0_v1,object,ALL,MACRO,capture_0.1,agricultural,0.3357625273028782,0.3357625273028789,0.3357625273028782,0.3357625273028789,0.3357625273028782,0.3357625273028789,1,1,119,119,superseded,superseded,True,True,False,False,both
rf_F0_v1,object,ALL,MACRO,capture_0.1,all,0.3083674896062061,0.308367489606096,0.2371887148592644,0.2371887148592047,0.3589556448677209,0.3589556448676019,4,4,196,196,superseded,superseded,True,True,False,False,both
rf_F0_v1,object,ALL,MACRO,capture_0.1,no_landuse_attr,0.2304072903355402,0.2304072903354315,0.1218763920841358,0.1218763920840902,0.3321567640632202,0.3321567640629996,4,4,20,20,superseded,superseded,True,True,False,False,both
rf_F0_v1,object,ALL,MACRO,capture_0.2,agricultural,0.6167822650742789,0.6167822650742734,0.6167822650742789,0.6167822650742734,0.6167822650742789,0.6167822650742734,1,1,119,119,superseded,superseded,True,True,False,False,both
rf_F0_v1,object,ALL,MACRO,capture_0.2,all,0.5863284356856622,0.5863284356855649,0.4983590141254218,0.4983590141252403,0.6552902895556452,0.6552902895555355,4,4,196,196,superseded,superseded,True,True,False,False,both
rf_F0_v1,object,ALL,MACRO,capture_0.2,no_landuse_attr,0.4660534639264237,0.4660534639263286,0.2551830948500436,0.2551830948500475,0.6333028574531504,0.6333028574530778,4,4,20,20,superseded,superseded,True,True,False,False,both
rf_F0_v1,object,ALL,MACRO,capture_0.3,agricultural,0.8400221052797843,0.8400221052797832,0.8400221052797843,0.8400221052797832,0.8400221052797843,0.8400221052797832,1,1,119,119,superseded,superseded,True,True,False,False,both
rf_F0_v1,object,ALL,MACRO,capture_0.3,all,0.8157862131331068,0.8157862131331011,0.7086087459228829,0.7086087459229407,0.9168972999822808,0.9168972999822064,4,4,196,196,superseded,superseded,True,True,False,False,both
rf_F0_v1,object,ALL,MACRO,capture_0.3,no_landuse_attr,0.7498760284739685,0.7498760284739638,0.6218205236264162,0.6218205236264566,0.8827914497075491,0.8827914497074938,4,4,20,20,superseded,superseded,True,True,False,False,both
rf_F0_v1,object,ALL,MACRO,capture_0.5,agricultural,0.9833239945725964,0.9833239945725966,0.9833239945725964,0.9833239945725966,0.9833239945725964,0.9833239945725966,1,1,119,119,superseded,superseded,True,True,False,False,both
rf_F0_v1,object,ALL,MACRO,capture_0.5,all,0.9950681874978474,0.995068187497836,0.9875927672491628,0.9875927672491632,1.0,1.0,4,4,196,196,superseded,superseded,True,True,False,False,both
rf_F0_v1,object,ALL,MACRO,capture_0.5,no_landuse_attr,0.9988680057583526,0.9988680057583438,0.9976117952443796,0.9976117952443452,1.0,1.0,4,4,20,20,superseded,superseded,True,True,False,False,both
rf_F0_v1,object,ALL,MACRO,observed-label_auc,agricultural,0.8329969343098758,0.832996934309876,0.8329969343098758,0.832996934309876,0.8329969343098758,0.832996934309876,1,1,119,119,superseded,superseded,True,True,False,False,both
rf_F0_v1,object,ALL,MACRO,observed-label_auc,all,0.8292795211194011,0.8292795211193924,0.7980992274993681,0.7980992274993854,0.853061353997163,0.8530613539971339,4,4,196,196,superseded,superseded,True,True,False,False,both
rf_F0_v1,object,ALL,MACRO,observed-label_auc,no_landuse_attr,0.8087750262331586,0.8087750262331509,0.7754493049777706,0.7754493049777742,0.8453780854800659,0.8453780854800277,4,4,20,20,superseded,superseded,True,True,False,False,both
rf_F0_v1,object,ALL,MACRO,observed-label_auc,urban,0.8724703193807355,0.8724703193807346,0.8724703193807355,0.8724703193807346,0.8724703193807355,0.8724703193807346,1,1,57,57,superseded,superseded,True,True,False,False,both
rf_F0_v1,object,ALL,MACRO,observed-label_auc_diff,agricultural,0.3826743732928333,0.3826743732928345,0.3826743732928333,0.3826743732928345,0.3826743732928333,0.3826743732928345,1,1,119,119,superseded,superseded,True,True,False,False,both
rf_F0_v1,object,ALL,MACRO,observed-label_auc_diff,all,0.095159155894408,0.0951591558943985,-0.0061478321396193,-0.0061478321396143,0.2046309122930514,0.2046309122930374,4,4,196,196,superseded,superseded,True,True,False,False,both
rf_F0_v1,object,ALL,MACRO,observed-label_auc_diff,no_landuse_attr,0.0766345684978692,0.0766345684978606,-0.0061478321396193,-0.0061478321396143,0.1492482888389465,0.1492482888389359,4,4,20,20,superseded,superseded,True,True,False,False,both
rf_F0_v1,object,ALL,MACRO,observed-label_auc_diff,urban,-0.021159663620784,-0.0211596636207845,-0.021159663620784,-0.0211596636207845,-0.021159663620784,-0.0211596636207845,1,1,57,57,superseded,superseded,True,True,False,False,both
rf_F0_v1_to2019,area,ALL,2022-09-06,capture_0.1,all,0.2107840656547624,0.2107840656553545,,,,,6,6,196,196,superseded,superseded,True,True,False,False,both
rf_F0_v1_to2019,area,ALL,2022-09-06,capture_0.1,no_landuse_attr,0.2107840656547624,0.2107840656553545,,,,,6,6,20,20,superseded,superseded,True,True,False,False,both
rf_F0_v1_to2019,area,ALL,2022-09-06,capture_0.2,all,0.3789501582665788,0.3789501582676434,,,,,6,6,196,196,superseded,superseded,True,True,False,False,both
rf_F0_v1_to2019,area,ALL,2022-09-06,capture_0.2,no_landuse_attr,0.3789501582665788,0.3789501582676434,,,,,6,6,20,20,superseded,superseded,True,True,False,False,both
rf_F0_v1_to2019,area,ALL,2022-09-06,capture_0.3,all,0.6466205139965655,0.646620513998382,,,,,6,6,196,196,superseded,superseded,True,True,False,False,both
rf_F0_v1_to2019,area,ALL,2022-09-06,capture_0.3,no_landuse_attr,0.6466205139965655,0.646620513998382,,,,,6,6,20,20,superseded,superseded,True,True,False,False,both
rf_F0_v1_to2019,area,ALL,2022-09-06,observed-label_auc,all,0.7843504379877412,0.7843504379879577,0.7330864930917927,0.7330864930919414,0.8993130643557368,0.8993130643557368,5,5,196,196,superseded,superseded,True,True,False,False,both
rf_F0_v1_to2019,area,ALL,2022-09-06,observed-label_auc,no_landuse_attr,0.7843504379877412,0.7843504379879577,0.7330864930917927,0.7330864930919414,0.8993130643557368,0.8993130643557368,5,5,20,20,superseded,superseded,True,True,False,False,both
rf_F0_v1_to2019,area,ALL,2022-09-06,observed-label_auc_diff,all,0.0051068823088114,0.0051068823080736,-0.1821543031796352,-0.1821543031796352,0.1946542034640455,0.1946542034636083,5,5,196,196,superseded,superseded,True,True,False,False,both
rf_F0_v1_to2019,area,ALL,2022-09-06,observed-label_auc_diff,no_landuse_attr,0.0051068823088114,0.0051068823080736,-0.1821543031796352,-0.1821543031796352,0.1946542034640455,0.1946542034636083,5,5,20,20,superseded,superseded,True,True,False,False,both
rf_F0_v1_to2019,area,ALL,2023-08-10,capture_0.05,all,0.1464222782526533,0.146422278252381,,,,,42,42,196,196,superseded,superseded,True,True,False,False,both
rf_F0_v1_to2019,area,ALL,2023-08-10,capture_0.05,no_landuse_attr,0.1464222782526533,0.146422278252381,,,,,42,42,20,20,superseded,superseded,True,True,False,False,both
rf_F0_v1_to2019,area,ALL,2023-08-10,capture_0.1,all,0.3874332198366975,0.3874332198365196,,,,,42,42,196,196,superseded,superseded,True,True,False,False,both
rf_F0_v1_to2019,area,ALL,2023-08-10,capture_0.1,no_landuse_attr,0.3874332198366975,0.3874332198365196,,,,,42,42,20,20,superseded,superseded,True,True,False,False,both
rf_F0_v1_to2019,area,ALL,2023-08-10,capture_0.2,all,0.7105299039438046,0.7105299039436889,,,,,42,42,196,196,superseded,superseded,True,True,False,False,both
rf_F0_v1_to2019,area,ALL,2023-08-10,capture_0.2,no_landuse_attr,0.7105299039438046,0.7105299039436889,,,,,42,42,20,20,superseded,superseded,True,True,False,False,both
rf_F0_v1_to2019,area,ALL,2023-08-10,capture_0.3,all,0.978401450100055,0.9784014500999726,,,,,42,42,196,196,superseded,superseded,True,True,False,False,both
rf_F0_v1_to2019,area,ALL,2023-08-10,capture_0.3,no_landuse_attr,0.978401450100055,0.9784014500999726,,,,,42,42,20,20,superseded,superseded,True,True,False,False,both
rf_F0_v1_to2019,area,ALL,2023-08-10,capture_0.5,all,0.9976795230530054,0.9976795230529704,,,,,42,42,196,196,superseded,superseded,True,True,False,False,both
rf_F0_v1_to2019,area,ALL,2023-08-10,capture_0.5,no_landuse_attr,0.9976795230530054,0.9976795230529704,,,,,42,42,20,20,superseded,superseded,True,True,False,False,both
rf_F0_v1_to2019,area,ALL,2023-08-10,observed-label_auc,all,0.8717342115112453,0.871734211511193,0.8290566779248864,0.8290566779248852,0.8966118940564288,0.8966118940563079,3,3,196,196,superseded,superseded,True,True,False,False,both
rf_F0_v1_to2019,area,ALL,2023-08-10,observed-label_auc,no_landuse_attr,0.8717342115112453,0.871734211511193,0.8290566779248864,0.8290566779248852,0.8966118940564288,0.8966118940563079,3,3,20,20,superseded,superseded,True,True,False,False,both
rf_F0_v1_to2019,area,ALL,2023-08-10,observed-label_auc_diff,all,0.0306883049576905,0.0306883049577068,-0.1264997319448521,-0.1264997319448529,0.4570686264731904,0.4570686264730695,3,3,196,196,superseded,superseded,True,True,False,False,both
rf_F0_v1_to2019,area,ALL,2023-08-10,observed-label_auc_diff,no_landuse_attr,0.0306883049576905,0.0306883049577068,-0.1264997319448521,-0.1264997319448529,0.4570686264731904,0.4570686264730695,3,3,20,20,superseded,superseded,True,True,False,False,both
rf_F0_v1_to2019,area,ALL,2024-07-24,capture_0.05,all,0.1378844946370912,0.1378844946368612,,,,,23,23,196,196,superseded,superseded,True,True,False,False,both
rf_F0_v1_to2019,area,ALL,2024-07-24,capture_0.05,no_landuse_attr,0.1378844946370912,0.1378844946368612,,,,,23,23,20,20,superseded,superseded,True,True,False,False,both
rf_F0_v1_to2019,area,ALL,2024-07-24,capture_0.1,all,0.5741030054912141,0.5741030054910181,,,,,23,23,196,196,superseded,superseded,True,True,False,False,both
rf_F0_v1_to2019,area,ALL,2024-07-24,capture_0.1,no_landuse_attr,0.5741030054912141,0.5741030054910181,,,,,23,23,20,20,superseded,superseded,True,True,False,False,both
rf_F0_v1_to2019,area,ALL,2024-07-24,capture_0.2,all,0.711928312837642,0.7119283128374532,,,,,23,23,196,196,superseded,superseded,True,True,False,False,both
rf_F0_v1_to2019,area,ALL,2024-07-24,capture_0.2,no_landuse_attr,0.711928312837642,0.7119283128374532,,,,,23,23,20,20,superseded,superseded,True,True,False,False,both
rf_F0_v1_to2019,area,ALL,2024-07-24,capture_0.3,all,0.8266659400527996,0.8266659400528512,,,,,23,23,196,196,superseded,superseded,True,True,False,False,both
rf_F0_v1_to2019,area,ALL,2024-07-24,capture_0.3,no_landuse_attr,0.8266659400527996,0.8266659400528512,,,,,23,23,20,20,superseded,superseded,True,True,False,False,both
rf_F0_v1_to2019,area,ALL,2024-07-24,capture_0.5,all,0.9817471610326564,0.9817471610326554,,,,,23,23,196,196,superseded,superseded,True,True,False,False,both
rf_F0_v1_to2019,area,ALL,2024-07-24,capture_0.5,no_landuse_attr,0.9817471610326564,0.9817471610326554,,,,,23,23,20,20,superseded,superseded,True,True,False,False,both
rf_F0_v1_to2019,area,ALL,2024-07-24,observed-label_auc,all,0.8542388426957636,0.8542388426957369,0.6835290146491312,0.6835290146490532,0.916136694728385,0.9161366947283888,5,5,196,196,superseded,superseded,True,True,False,False,both
rf_F0_v1_to2019,area,ALL,2024-07-24,observed-label_auc,no_landuse_attr,0.8542388426957636,0.8542388426957369,0.6835290146491312,0.6835290146490532,0.916136694728385,0.9161366947283888,5,5,20,20,superseded,superseded,True,True,False,False,both
rf_F0_v1_to2019,area,ALL,2024-07-24,observed-label_auc_diff,all,0.1194497142274612,0.1194497142275528,-0.0441831289379974,-0.044183128938058,0.191222477615205,0.1912224776152914,5,5,196,196,superseded,superseded,True,True,False,False,both
rf_F0_v1_to2019,area,ALL,2024-07-24,observed-label_auc_diff,no_landuse_attr,0.1194497142274612,0.1194497142275528,-0.0441831289379974,-0.044183128938058,0.191222477615205,0.1912224776152914,5,5,20,20,superseded,superseded,True,True,False,False,both
rf_F0_v1_to2019,area,ALL,2024-09-20,capture_0.05,agricultural,0.023562116321405,0.0235621163214034,,,,,1506,1506,119,119,superseded,superseded,True,True,False,False,both
rf_F0_v1_to2019,area,ALL,2024-09-20,capture_0.05,all,0.0263324222140141,0.0263324222140129,,,,,1612,1612,196,196,superseded,superseded,True,True,False,False,both
rf_F0_v1_to2019,area,ALL,2024-09-20,capture_0.05,no_landuse_attr,0.3364708068794786,0.3364708068794657,,,,,34,34,20,20,superseded,superseded,True,True,False,False,both
rf_F0_v1_to2019,area,ALL,2024-09-20,capture_0.05,urban,0.4598050169042561,0.4598050169043308,,,,,72,72,57,57,superseded,superseded,True,True,False,False,both
rf_F0_v1_to2019,area,ALL,2024-09-20,capture_0.1,agricultural,0.293716504606605,0.2937165046066118,,,,,1506,1506,119,119,superseded,superseded,True,True,False,False,both
rf_F0_v1_to2019,area,ALL,2024-09-20,capture_0.1,all,0.295299405889951,0.2952994058899578,,,,,1612,1612,196,196,superseded,superseded,True,True,False,False,both
rf_F0_v1_to2019,area,ALL,2024-09-20,capture_0.1,no_landuse_attr,0.4641553106347844,0.4641553106347491,,,,,34,34,20,20,superseded,superseded,True,True,False,False,both
rf_F0_v1_to2019,area,ALL,2024-09-20,capture_0.1,urban,0.5614152220539537,0.5614152220540203,,,,,72,72,57,57,superseded,superseded,True,True,False,False,both
rf_F0_v1_to2019,area,ALL,2024-09-20,capture_0.2,agricultural,0.7273077690599699,0.7273077690599733,,,,,1506,1506,119,119,superseded,superseded,True,True,False,False,both
rf_F0_v1_to2019,area,ALL,2024-09-20,capture_0.2,all,0.726920032106182,0.7269200321061855,,,,,1612,1612,196,196,superseded,superseded,True,True,False,False,both
rf_F0_v1_to2019,area,ALL,2024-09-20,capture_0.2,no_landuse_attr,0.6390227767384415,0.6390227767383588,,,,,34,34,20,20,superseded,superseded,True,True,False,False,both
rf_F0_v1_to2019,area,ALL,2024-09-20,capture_0.2,urban,0.7644717167311551,0.7644717167314165,,,,,72,72,57,57,superseded,superseded,True,True,False,False,both
rf_F0_v1_to2019,area,ALL,2024-09-20,capture_0.3,agricultural,0.9656360872415852,0.9656360872415845,,,,,1506,1506,119,119,superseded,superseded,True,True,False,False,both
rf_F0_v1_to2019,area,ALL,2024-09-20,capture_0.3,all,0.9655430150519448,0.9655430150519444,,,,,1612,1612,196,196,superseded,superseded,True,True,False,False,both
rf_F0_v1_to2019,area,ALL,2024-09-20,capture_0.3,no_landuse_attr,0.9753969981354186,0.975396998135423,,,,,34,34,20,20,superseded,superseded,True,True,False,False,both
rf_F0_v1_to2019,area,ALL,2024-09-20,capture_0.3,urban,0.9062215100879376,0.906221510088068,,,,,72,72,57,57,superseded,superseded,True,True,False,False,both
rf_F0_v1_to2019,area,ALL,2024-09-20,capture_0.5,all,0.997061349732794,0.9970613497327938,,,,,1612,1612,196,196,superseded,superseded,True,True,False,False,both
rf_F0_v1_to2019,area,ALL,2024-09-20,capture_0.5,no_landuse_attr,0.9998077766219152,0.9998077766219154,,,,,34,34,20,20,superseded,superseded,True,True,False,False,both
rf_F0_v1_to2019,area,ALL,2024-09-20,capture_0.5,urban,0.9789456918883388,0.9789456918883408,,,,,72,72,57,57,superseded,superseded,True,True,False,False,both
rf_F0_v1_to2019,area,ALL,2024-09-20,observed-label_auc,agricultural,0.8608131968757767,0.8608131968757772,0.8463111469768697,0.8463111469768723,0.8767542174885714,0.8767542174885703,119,119,119,119,superseded,superseded,True,True,False,False,both
rf_F0_v1_to2019,area,ALL,2024-09-20,observed-label_auc,all,0.8609868174942135,0.8609868174942142,0.8467871510965695,0.8467871510965703,0.8756347920685171,0.8756347920685181,183,183,196,196,superseded,superseded,True,True,False,False,both
rf_F0_v1_to2019,area,ALL,2024-09-20,observed-label_auc,no_landuse_attr,0.8779200391181846,0.8779200391181768,0.7358691120065802,0.7358691120065818,0.8993465166222032,0.8993465166222101,7,7,20,20,superseded,superseded,True,True,False,False,both
rf_F0_v1_to2019,area,ALL,2024-09-20,observed-label_auc,urban,0.893681063681022,0.8936810636810634,0.840836943443616,0.840836943443638,0.9351546943387375,0.9351546943387798,57,57,57,57,superseded,superseded,True,True,False,False,both
rf_F0_v1_to2019,area,ALL,2024-09-20,observed-label_auc_diff,agricultural,0.4190957229096231,0.4190957229096236,0.402899690031391,0.4028996900313908,0.4363540399438428,0.4363540399438441,119,119,119,119,superseded,superseded,True,True,False,False,both
rf_F0_v1_to2019,area,ALL,2024-09-20,observed-label_auc_diff,all,0.4156544879081431,0.4156544879081433,0.3991650973476377,0.3991650973476388,0.4313769425814931,0.4313769425814939,183,183,196,196,superseded,superseded,True,True,False,False,both
rf_F0_v1_to2019,area,ALL,2024-09-20,observed-label_auc_diff,no_landuse_attr,-0.015493017775386,-0.0154930177753229,-0.0652894081822214,-0.0652894081822143,0.3079513768702297,0.3079513768702747,7,7,20,20,superseded,superseded,True,True,False,False,both
rf_F0_v1_to2019,area,ALL,2024-09-20,observed-label_auc_diff,urban,-0.0214687888451681,-0.0214687888452593,-0.057793754678075,-0.0577937546781167,0.015831452458384,0.0158314524581356,57,57,57,57,superseded,superseded,True,True,False,False,both
rf_F0_v1_to2019,area,ALL,ALL,capture_0.05,agricultural,0.023562116321405,0.0235621163214034,,,,,1506,1506,119,119,superseded,superseded,True,True,False,False,both
rf_F0_v1_to2019,area,ALL,ALL,capture_0.05,all,0.0269983557769762,0.0269983557769735,,,,,1674,1674,196,196,superseded,superseded,True,True,False,False,both
rf_F0_v1_to2019,area,ALL,ALL,capture_0.05,no_landuse_attr,0.2376880619901523,0.2376880619900266,,,,,96,96,20,20,superseded,superseded,True,True,False,False,both
rf_F0_v1_to2019,area,ALL,ALL,capture_0.05,urban,0.4598050169042561,0.4598050169043308,,,,,72,72,57,57,superseded,superseded,True,True,False,False,both
rf_F0_v1_to2019,area,ALL,ALL,capture_0.1,agricultural,0.293716504606605,0.2937165046066118,,,,,1506,1506,119,119,superseded,superseded,True,True,False,False,both
rf_F0_v1_to2019,area,ALL,ALL,capture_0.1,all,0.2959367943639511,0.2959367943639568,,,,,1674,1674,196,196,superseded,superseded,True,True,False,False,both
rf_F0_v1_to2019,area,ALL,ALL,capture_0.1,no_landuse_attr,0.4352017370341119,0.4352017370340144,,,,,96,96,20,20,superseded,superseded,True,True,False,False,both
rf_F0_v1_to2019,area,ALL,ALL,capture_0.1,urban,0.5614152220539537,0.5614152220540203,,,,,72,72,57,57,superseded,superseded,True,True,False,False,both
rf_F0_v1_to2019,area,ALL,ALL,capture_0.2,agricultural,0.7273077690599699,0.7273077690599733,,,,,1506,1506,119,119,superseded,superseded,True,True,False,False,both
rf_F0_v1_to2019,area,ALL,ALL,capture_0.2,all,0.726806444078246,0.7268064440782488,,,,,1674,1674,196,196,superseded,superseded,True,True,False,False,both
rf_F0_v1_to2019,area,ALL,ALL,capture_0.2,no_landuse_attr,0.6738083240288861,0.6738083240287892,,,,,96,96,20,20,superseded,superseded,True,True,False,False,both
rf_F0_v1_to2019,area,ALL,ALL,capture_0.2,urban,0.7644717167311551,0.7644717167314165,,,,,72,72,57,57,superseded,superseded,True,True,False,False,both
rf_F0_v1_to2019,area,ALL,ALL,capture_0.3,agricultural,0.9656360872415852,0.9656360872415845,,,,,1506,1506,119,119,superseded,superseded,True,True,False,False,both
rf_F0_v1_to2019,area,ALL,ALL,capture_0.3,all,0.965491777168407,0.9654917771684064,,,,,1674,1674,196,196,superseded,superseded,True,True,False,False,both
rf_F0_v1_to2019,area,ALL,ALL,capture_0.3,no_landuse_attr,0.9657175848875617,0.9657175848875466,,,,,96,96,20,20,superseded,superseded,True,True,False,False,both
rf_F0_v1_to2019,area,ALL,ALL,capture_0.3,urban,0.9062215100879376,0.906221510088068,,,,,72,72,57,57,superseded,superseded,True,True,False,False,both
rf_F0_v1_to2019,area,ALL,ALL,capture_0.5,all,0.9970542333695356,0.9970542333695348,,,,,1674,1674,196,196,superseded,superseded,True,True,False,False,both
rf_F0_v1_to2019,area,ALL,ALL,capture_0.5,no_landuse_attr,0.9977572743262304,0.997757274326215,,,,,96,96,20,20,superseded,superseded,True,True,False,False,both
rf_F0_v1_to2019,area,ALL,ALL,capture_0.5,urban,0.9789456918883388,0.9789456918883408,,,,,72,72,57,57,superseded,superseded,True,True,False,False,both
rf_F0_v1_to2019,area,ALL,ALL,observed-label_auc,agricultural,0.8608131968757767,0.8608131968757772,0.8463111469768697,0.8463111469768723,0.8767542174885714,0.8767542174885703,119,119,119,119,superseded,superseded,True,True,False,False,both
rf_F0_v1_to2019,area,ALL,ALL,observed-label_auc,all,0.8610302713447049,0.8610302713447056,0.8468836607323296,0.8468836607323271,0.8752641447324643,0.8752641447324647,196,196,196,196,superseded,superseded,True,True,False,False,both
rf_F0_v1_to2019,area,ALL,ALL,observed-label_auc,no_landuse_attr,0.873167582791331,0.8731675827913055,0.8259917013357544,0.8259917013357555,0.893587195242709,0.8935871952426956,20,20,20,20,superseded,superseded,True,True,False,False,both
rf_F0_v1_to2019,area,ALL,ALL,observed-label_auc,urban,0.893681063681022,0.8936810636810634,0.840836943443616,0.840836943443638,0.9351546943387375,0.9351546943387798,57,57,57,57,superseded,superseded,True,True,False,False,both
rf_F0_v1_to2019,area,ALL,ALL,observed-label_auc_diff,agricultural,0.4190957229096231,0.4190957229096236,0.402899690031391,0.4028996900313908,0.4363540399438428,0.4363540399438441,119,119,119,119,superseded,superseded,True,True,False,False,both
rf_F0_v1_to2019,area,ALL,ALL,observed-label_auc_diff,all,0.4135290715830005,0.4135290715830013,0.3960693715764542,0.3960693715764564,0.4288803399810953,0.4288803399810965,196,196,196,196,superseded,superseded,True,True,False,False,both
rf_F0_v1_to2019,area,ALL,ALL,observed-label_auc_diff,no_landuse_attr,0.0134478160286648,0.0134478160287007,-0.0689981371360793,-0.0689981371360573,0.2227580542073406,0.2227580542073792,20,20,20,20,superseded,superseded,True,True,False,False,both
rf_F0_v1_to2019,area,ALL,ALL,observed-label_auc_diff,urban,-0.0214687888451681,-0.0214687888452593,-0.057793754678075,-0.0577937546781167,0.015831452458384,0.0158314524581356,57,57,57,57,superseded,superseded,True,True,False,False,both
rf_F0_v1_to2019,area,ALL,MACRO,capture_0.05,agricultural,0.023562116321405,0.0235621163214034,0.023562116321405,0.0235621163214034,0.023562116321405,0.0235621163214034,1,1,119,119,superseded,superseded,True,True,False,False,both
rf_F0_v1_to2019,area,ALL,MACRO,capture_0.05,all,0.0776597987759396,0.0776597987758138,0.013166211107007,0.0131662111070064,0.1422067475924692,0.1422067475922178,4,4,196,196,superseded,superseded,True,True,False,False,both
rf_F0_v1_to2019,area,ALL,MACRO,capture_0.05,no_landuse_attr,0.1551943949423058,0.155194394942177,0.0366055695631633,0.0366055695630952,0.2868242288188817,0.2868242288188146,4,4,20,20,superseded,superseded,True,True,False,False,both
rf_F0_v1_to2019,area,ALL,MACRO,capture_0.05,urban,0.4598050169042561,0.4598050169043308,0.4598050169042561,0.4598050169043308,0.4598050169042561,0.4598050169043308,1,1,57,57,superseded,superseded,True,True,False,False,both
rf_F0_v1_to2019,area,ALL,MACRO,capture_0.1,agricultural,0.293716504606605,0.2937165046066118,0.293716504606605,0.2937165046066118,0.293716504606605,0.2937165046066118,1,1,119,119,superseded,superseded,True,True,False,False,both
rf_F0_v1_to2019,area,ALL,MACRO,capture_0.1,all,0.3669049242181562,0.3669049242182125,0.2530417357723567,0.2530417357726562,0.5044021055908984,0.504402105590753,4,4,196,196,superseded,superseded,True,True,False,False,both
rf_F0_v1_to2019,area,ALL,MACRO,capture_0.1,no_landuse_attr,0.4091189004043646,0.4091189004044103,0.2741268768997679,0.2741268769002032,0.527435559077585,0.5274355590773935,4,4,20,20,superseded,superseded,True,True,False,False,both
rf_F0_v1_to2019,area,ALL,MACRO,capture_0.1,urban,0.5614152220539537,0.5614152220540203,0.5614152220539537,0.5614152220540203,0.5614152220539537,0.5614152220540203,1,1,57,57,superseded,superseded,True,True,False,False,both
rf_F0_v1_to2019,area,ALL,MACRO,capture_0.2,agricultural,0.7273077690599699,0.7273077690599733,0.7273077690599699,0.7273077690599733,0.7273077690599699,0.7273077690599733,1,1,119,119,superseded,superseded,True,True,False,False,both
rf_F0_v1_to2019,area,ALL,MACRO,capture_0.2,all,0.6320821017885518,0.6320821017887427,0.4621946969093446,0.4621946969100958,0.7228225000655876,0.7228225000655614,4,4,196,196,superseded,superseded,True,True,False,False,both
rf_F0_v1_to2019,area,ALL,MACRO,capture_0.2,no_landuse_attr,0.6101077879466168,0.610107787946786,0.4618450946858853,0.4618450946866547,0.7112291083907233,0.7112291083905711,4,4,20,20,superseded,superseded,True,True,False,False,both
rf_F0_v1_to2019,area,ALL,MACRO,capture_0.2,urban,0.7644717167311551,0.7644717167314165,0.7644717167311551,0.7644717167314165,0.7644717167311551,0.7644717167314165,1,1,57,57,superseded,superseded,True,True,False,False,both
rf_F0_v1_to2019,area,ALL,MACRO,capture_0.3,agricultural,0.9656360872415852,0.9656360872415845,0.9656360872415852,0.9656360872415845,0.9656360872415852,0.9656360872415845,1,1,119,119,superseded,superseded,True,True,False,False,both
rf_F0_v1_to2019,area,ALL,MACRO,capture_0.3,all,0.8543077298003412,0.8543077298007876,0.7295657480224378,0.7295657480237797,0.9751868413380274,0.9751868413379656,4,4,196,196,superseded,superseded,True,True,False,False,both
rf_F0_v1_to2019,area,ALL,MACRO,capture_0.3,no_landuse_attr,0.8567712255712097,0.8567712255716572,0.7288146350312787,0.7288146350326423,0.9768992241177368,0.9768992241176978,4,4,20,20,superseded,superseded,True,True,False,False,both
rf_F0_v1_to2019,area,ALL,MACRO,capture_0.3,urban,0.9062215100879376,0.906221510088068,0.9062215100879376,0.906221510088068,0.9062215100879376,0.906221510088068,1,1,57,57,superseded,superseded,True,True,False,False,both
rf_F0_v1_to2019,area,ALL,MACRO,capture_0.5,all,0.994122008454614,0.994122008454605,0.9857302515377436,0.9857302515377342,0.9992653374331986,0.9992653374331985,4,4,196,196,superseded,superseded,True,True,False,False,both
rf_F0_v1_to2019,area,ALL,MACRO,capture_0.5,no_landuse_attr,0.9948086151768945,0.9948086151768852,0.9862623149299712,0.9862623149299704,0.9999038883109576,0.9999038883109576,4,4,20,20,superseded,superseded,True,True,False,False,both
rf_F0_v1_to2019,area,ALL,MACRO,capture_0.5,urban,0.9789456918883388,0.9789456918883408,0.9789456918883388,0.9789456918883408,0.9789456918883388,0.9789456918883408,1,1,57,57,superseded,superseded,True,True,False,False,both
rf_F0_v1_to2019,area,ALL,MACRO,observed-label_auc,agricultural,0.8608131968757767,0.8608131968757772,0.8608131968757767,0.8608131968757772,0.8608131968757767,0.8608131968757772,1,1,119,119,superseded,superseded,True,True,False,False,both
rf_F0_v1_to2019,area,ALL,MACRO,observed-label_auc,all,0.8428275774222409,0.8428275774222754,0.8035095328643592,0.8035095328645219,0.8673603693073749,0.867360369307329,4,4,196,196,superseded,superseded,True,True,False,False,both
rf_F0_v1_to2019,area,ALL,MACRO,observed-label_auc,no_landuse_attr,0.8470608828282337,0.8470608828282661,0.8061963813686172,0.8061963813687665,0.874827125314715,0.8748271253146849,4,4,20,20,superseded,superseded,True,True,False,False,both
rf_F0_v1_to2019,area,ALL,MACRO,observed-label_auc,urban,0.893681063681022,0.8936810636810634,0.893681063681022,0.8936810636810634,0.893681063681022,0.8936810636810634,1,1,57,57,superseded,superseded,True,True,False,False,both
rf_F0_v1_to2019,area,ALL,MACRO,observed-label_auc_diff,agricultural,0.4190957229096231,0.4190957229096236,0.4190957229096231,0.4190957229096236,0.4190957229096231,0.4190957229096236,1,1,119,119,superseded,superseded,True,True,False,False,both
rf_F0_v1_to2019,area,ALL,MACRO,observed-label_auc_diff,all,0.1427248473505265,0.1427248473503691,0.0178975936332509,0.0178975936328902,0.3194129421705299,0.3194129421705342,4,4,196,196,superseded,superseded,True,True,False,False,both
rf_F0_v1_to2019,area,ALL,MACRO,observed-label_auc_diff,no_landuse_attr,0.0349379709296442,0.0349379709295025,-0.0051930677332873,-0.0051930677336246,0.0908640062477987,0.090864006247683,4,4,20,20,superseded,superseded,True,True,False,False,both
rf_F0_v1_to2019,area,ALL,MACRO,observed-label_auc_diff,urban,-0.0214687888451681,-0.0214687888452593,-0.0214687888451681,-0.0214687888452593,-0.0214687888451681,-0.0214687888452593,1,1,57,57,superseded,superseded,True,True,False,False,both
rf_F0_v1_to2019,object,ALL,2023-08-10,capture_0.05,all,0.1520020884005566,0.1520020884002795,,,,,3,3,196,196,superseded,superseded,True,True,False,False,both
rf_F0_v1_to2019,object,ALL,2023-08-10,capture_0.05,no_landuse_attr,0.1520020884005566,0.1520020884002795,,,,,3,3,20,20,superseded,superseded,True,True,False,False,both
rf_F0_v1_to2019,object,ALL,2023-08-10,capture_0.1,all,0.3962426679892819,0.3962426679891016,,,,,3,3,196,196,superseded,superseded,True,True,False,False,both
rf_F0_v1_to2019,object,ALL,2023-08-10,capture_0.1,no_landuse_attr,0.3962426679892819,0.3962426679891016,,,,,3,3,20,20,superseded,superseded,True,True,False,False,both
rf_F0_v1_to2019,object,ALL,2023-08-10,capture_0.2,all,0.7278842155434261,0.7278842155432775,,,,,3,3,196,196,superseded,superseded,True,True,False,False,both
rf_F0_v1_to2019,object,ALL,2023-08-10,capture_0.2,no_landuse_attr,0.7278842155434261,0.7278842155432775,,,,,3,3,20,20,superseded,superseded,True,True,False,False,both
rf_F0_v1_to2019,object,ALL,2023-08-10,capture_0.3,all,0.9703614037034604,0.9703614037033628,,,,,3,3,196,196,superseded,superseded,True,True,False,False,both
rf_F0_v1_to2019,object,ALL,2023-08-10,capture_0.3,no_landuse_attr,0.9703614037034604,0.9703614037033628,,,,,3,3,20,20,superseded,superseded,True,True,False,False,both
rf_F0_v1_to2019,object,ALL,2023-08-10,capture_0.5,all,0.996815726992506,0.9968157269924602,,,,,3,3,196,196,superseded,superseded,True,True,False,False,both
rf_F0_v1_to2019,object,ALL,2023-08-10,capture_0.5,no_landuse_attr,0.996815726992506,0.9968157269924602,,,,,3,3,20,20,superseded,superseded,True,True,False,False,both
rf_F0_v1_to2019,object,ALL,2023-08-10,observed-label_auc,all,0.8718159870376647,0.8718159870376079,0.8290566779248864,0.8290566779248852,0.8966118940564288,0.8966118940563078,3,3,196,196,superseded,superseded,True,True,False,False,both
rf_F0_v1_to2019,object,ALL,2023-08-10,observed-label_auc,no_landuse_attr,0.8718159870376647,0.8718159870376079,0.8290566779248864,0.8290566779248852,0.8966118940564288,0.8966118940563078,3,3,20,20,superseded,superseded,True,True,False,False,both
rf_F0_v1_to2019,object,ALL,2023-08-10,observed-label_auc_diff,all,0.0799154173387415,0.0799154173386843,-0.1264997319448519,-0.1264997319448529,0.4570686264731903,0.4570686264730693,3,3,196,196,superseded,superseded,True,True,False,False,both
rf_F0_v1_to2019,object,ALL,2023-08-10,observed-label_auc_diff,no_landuse_attr,0.0799154173387415,0.0799154173386843,-0.1264997319448519,-0.1264997319448529,0.4570686264731903,0.4570686264730693,3,3,20,20,superseded,superseded,True,True,False,False,both
rf_F0_v1_to2019,object,ALL,2024-07-24,capture_0.05,all,0.1202121325213693,0.1202121325211279,,,,,5,5,196,196,superseded,superseded,True,True,False,False,both
rf_F0_v1_to2019,object,ALL,2024-07-24,capture_0.05,no_landuse_attr,0.1202121325213693,0.1202121325211279,,,,,5,5,20,20,superseded,superseded,True,True,False,False,both
rf_F0_v1_to2019,object,ALL,2024-07-24,capture_0.1,all,0.392042808158383,0.3920428081581432,,,,,5,5,196,196,superseded,superseded,True,True,False,False,both
rf_F0_v1_to2019,object,ALL,2024-07-24,capture_0.1,no_landuse_attr,0.392042808158383,0.3920428081581432,,,,,5,5,20,20,superseded,superseded,True,True,False,False,both
rf_F0_v1_to2019,object,ALL,2024-07-24,capture_0.2,all,0.4573640143326695,0.4573640143324287,,,,,5,5,196,196,superseded,superseded,True,True,False,False,both
rf_F0_v1_to2019,object,ALL,2024-07-24,capture_0.2,no_landuse_attr,0.4573640143326695,0.4573640143324287,,,,,5,5,20,20,superseded,superseded,True,True,False,False,both
rf_F0_v1_to2019,object,ALL,2024-07-24,capture_0.3,all,0.6369678098315303,0.6369678098318393,,,,,5,5,196,196,superseded,superseded,True,True,False,False,both
rf_F0_v1_to2019,object,ALL,2024-07-24,capture_0.3,no_landuse_attr,0.6369678098315303,0.6369678098318393,,,,,5,5,20,20,superseded,superseded,True,True,False,False,both
rf_F0_v1_to2019,object,ALL,2024-07-24,observed-label_auc,all,0.7848587147954948,0.7848587147955267,0.6730284107225802,0.6730284107226121,0.9053727017756966,0.905372701775642,5,5,196,196,superseded,superseded,True,True,False,False,both
rf_F0_v1_to2019,object,ALL,2024-07-24,observed-label_auc,no_landuse_attr,0.7848587147954948,0.7848587147955267,0.6730284107225802,0.6730284107226121,0.9053727017756966,0.905372701775642,5,5,20,20,superseded,superseded,True,True,False,False,both
rf_F0_v1_to2019,object,ALL,2024-07-24,observed-label_auc_diff,all,0.0964434344091828,0.0964434344092113,-0.0336925955641357,-0.033692595564307,0.1965890445852118,0.1965890445853816,5,5,196,196,superseded,superseded,True,True,False,False,both
rf_F0_v1_to2019,object,ALL,2024-07-24,observed-label_auc_diff,no_landuse_attr,0.0964434344091828,0.0964434344092113,-0.0336925955641357,-0.033692595564307,0.1965890445852118,0.1965890445853816,5,5,20,20,superseded,superseded,True,True,False,False,both
rf_F0_v1_to2019,object,ALL,2024-09-20,capture_0.05,agricultural,0.0594879233864365,0.0594879233864398,,,,,119,119,119,119,superseded,superseded,True,True,False,False,both
rf_F0_v1_to2019,object,ALL,2024-09-20,capture_0.05,all,0.1488377022731428,0.1488377022731452,,,,,183,183,196,196,superseded,superseded,True,True,False,False,both
rf_F0_v1_to2019,object,ALL,2024-09-20,capture_0.05,no_landuse_attr,0.0573156332157202,0.0573156332157269,,,,,7,7,20,20,superseded,superseded,True,True,False,False,both
rf_F0_v1_to2019,object,ALL,2024-09-20,capture_0.1,agricultural,0.302779248897444,0.302779248897447,,,,,119,119,119,119,superseded,superseded,True,True,False,False,both
rf_F0_v1_to2019,object,ALL,2024-09-20,capture_0.1,all,0.3533619696605157,0.3533619696605132,,,,,183,183,196,196,superseded,superseded,True,True,False,False,both
rf_F0_v1_to2019,object,ALL,2024-09-20,capture_0.1,no_landuse_attr,0.0790658654348016,0.0790658654348078,,,,,7,7,20,20,superseded,superseded,True,True,False,False,both
rf_F0_v1_to2019,object,ALL,2024-09-20,capture_0.1,urban,0.4926499784392092,0.492649978439194,,,,,57,57,57,57,superseded,superseded,True,True,False,False,both
rf_F0_v1_to2019,object,ALL,2024-09-20,capture_0.2,agricultural,0.6004269636510937,0.6004269636510932,,,,,119,119,119,119,superseded,superseded,True,True,False,False,both
rf_F0_v1_to2019,object,ALL,2024-09-20,capture_0.2,all,0.6244020189089505,0.6244020189089502,,,,,183,183,196,196,superseded,superseded,True,True,False,False,both
rf_F0_v1_to2019,object,ALL,2024-09-20,capture_0.2,no_landuse_attr,0.1402441264667248,0.1402441264667299,,,,,7,7,20,20,superseded,superseded,True,True,False,False,both
rf_F0_v1_to2019,object,ALL,2024-09-20,capture_0.3,agricultural,0.8449458122804182,0.8449458122804172,,,,,119,119,119,119,superseded,superseded,True,True,False,False,both
rf_F0_v1_to2019,object,ALL,2024-09-20,capture_0.3,all,0.8549515930572006,0.8549515930572005,,,,,183,183,196,196,superseded,superseded,True,True,False,False,both
rf_F0_v1_to2019,object,ALL,2024-09-20,capture_0.3,no_landuse_attr,0.7903746165704674,0.7903746165704781,,,,,7,7,20,20,superseded,superseded,True,True,False,False,both
rf_F0_v1_to2019,object,ALL,2024-09-20,capture_0.5,agricultural,0.9926239082221812,0.9926239082221904,,,,,119,119,119,119,superseded,superseded,True,True,False,False,both
rf_F0_v1_to2019,object,ALL,2024-09-20,capture_0.5,all,0.9895045078311272,0.989504507831134,,,,,183,183,196,196,superseded,superseded,True,True,False,False,both
rf_F0_v1_to2019,object,ALL,2024-09-20,capture_0.5,no_landuse_attr,0.9986562960409042,0.998656296040915,,,,,7,7,20,20,superseded,superseded,True,True,False,False,both
rf_F0_v1_to2019,object,ALL,2024-09-20,observed-label_auc,agricultural,0.8282488290469497,0.8282488290469505,0.8100786840386459,0.8100786840386474,0.8451175049122263,0.8451175049122273,119,119,119,119,superseded,superseded,True,True,False,False,both
rf_F0_v1_to2019,object,ALL,2024-09-20,observed-label_auc,all,0.8416081524425344,0.8416081524425345,0.8261732087913807,0.8261732087913833,0.8572318939686113,0.8572318939686121,183,183,196,196,superseded,superseded,True,True,False,False,both
rf_F0_v1_to2019,object,ALL,2024-09-20,observed-label_auc,no_landuse_attr,0.7648392222720116,0.7648392222720178,0.7245188662894695,0.7245188662894747,0.8166581714777951,0.8166581714777982,7,7,20,20,superseded,superseded,True,True,False,False,both
rf_F0_v1_to2019,object,ALL,2024-09-20,observed-label_auc,urban,0.8789264330612738,0.878926433061273,0.8442435718038067,0.8442435718038067,0.9086233456053044,0.9086233456053044,57,57,57,57,superseded,superseded,True,True,False,False,both
rf_F0_v1_to2019,object,ALL,2024-09-20,observed-label_auc_diff,agricultural,0.3779262680299073,0.377926268029909,0.3568720668724011,0.3568720668724036,0.3981542584684968,0.398154258468498,119,119,119,119,superseded,superseded,True,True,False,False,both
rf_F0_v1_to2019,object,ALL,2024-09-20,observed-label_auc_diff,all,0.2480294229970661,0.2480294229970669,0.216983728673365,0.2169837286733658,0.2774947200050666,0.277494720005067,183,183,196,196,superseded,superseded,True,True,False,False,both
rf_F0_v1_to2019,object,ALL,2024-09-20,observed-label_auc_diff,no_landuse_attr,0.1791801227853584,0.1791801227853647,0.0249989066342289,0.0249989066342383,0.3061732236860632,0.3061732236860734,7,7,20,20,superseded,superseded,True,True,False,False,both
rf_F0_v1_to2019,object,ALL,2024-09-20,observed-label_auc_diff,urban,-0.0147035499402456,-0.0147035499402461,-0.0501516549422618,-0.0501516549422628,0.0226465398105437,0.0226465398105432,57,57,57,57,superseded,superseded,True,True,False,False,both
rf_F0_v1_to2019,object,ALL,ALL,capture_0.05,agricultural,0.0594879233864365,0.0594879233864398,,,,,119,119,119,119,superseded,superseded,True,True,False,False,both
rf_F0_v1_to2019,object,ALL,ALL,capture_0.05,all,0.1443590124683349,0.1443590124683268,,,,,196,196,196,196,superseded,superseded,True,True,False,False,both
rf_F0_v1_to2019,object,ALL,ALL,capture_0.05,no_landuse_attr,0.0729138180159279,0.0729138180158283,,,,,20,20,20,20,superseded,superseded,True,True,False,False,both
rf_F0_v1_to2019,object,ALL,ALL,capture_0.1,agricultural,0.302779248897444,0.302779248897447,,,,,119,119,119,119,superseded,superseded,True,True,False,False,both
rf_F0_v1_to2019,object,ALL,ALL,capture_0.1,all,0.3561948086358885,0.3561948086358772,,,,,196,196,196,196,superseded,superseded,True,True,False,False,both
rf_F0_v1_to2019,object,ALL,ALL,capture_0.1,no_landuse_attr,0.2851201551401686,0.2851201551400838,,,,,20,20,20,20,superseded,superseded,True,True,False,False,both
rf_F0_v1_to2019,object,ALL,ALL,capture_0.1,urban,0.4926499784392092,0.492649978439194,,,,,57,57,57,57,superseded,superseded,True,True,False,False,both
rf_F0_v1_to2019,object,ALL,ALL,capture_0.2,agricultural,0.6004269636510937,0.6004269636510932,,,,,119,119,119,119,superseded,superseded,True,True,False,False,both
rf_F0_v1_to2019,object,ALL,ALL,capture_0.2,all,0.6211022560134264,0.6211022560134176,,,,,196,196,196,196,superseded,superseded,True,True,False,False,both
rf_F0_v1_to2019,object,ALL,ALL,capture_0.2,no_landuse_attr,0.422609080178035,0.4226090801779543,,,,,20,20,20,20,superseded,superseded,True,True,False,False,both
rf_F0_v1_to2019,object,ALL,ALL,capture_0.3,agricultural,0.8449458122804182,0.8449458122804172,,,,,119,119,119,119,superseded,superseded,True,True,False,False,both
rf_F0_v1_to2019,object,ALL,ALL,capture_0.3,all,0.8497554326006926,0.8497554326006987,,,,,196,196,196,196,superseded,superseded,True,True,False,False,both
rf_F0_v1_to2019,object,ALL,ALL,capture_0.3,no_landuse_attr,0.7814272788130652,0.7814272788131317,,,,,20,20,20,20,superseded,superseded,True,True,False,False,both
rf_F0_v1_to2019,object,ALL,ALL,capture_0.5,agricultural,0.9926239082221812,0.9926239082221904,,,,,119,119,119,119,superseded,superseded,True,True,False,False,both
rf_F0_v1_to2019,object,ALL,ALL,capture_0.5,all,0.98900641095969,0.9890064109596952,,,,,196,196,196,196,superseded,superseded,True,True,False,False,both
rf_F0_v1_to2019,object,ALL,ALL,capture_0.5,no_landuse_attr,0.9878262843644622,0.987826284364459,,,,,20,20,20,20,superseded,superseded,True,True,False,False,both
rf_F0_v1_to2019,object,ALL,ALL,observed-label_auc,agricultural,0.8282488290469497,0.8282488290469505,0.8100786840386459,0.8100786840386474,0.8451175049122263,0.8451175049122273,119,119,119,119,superseded,superseded,True,True,False,False,both
rf_F0_v1_to2019,object,ALL,ALL,observed-label_auc,all,0.8403040256295933,0.8403040256295934,0.8253771068629909,0.8253771068629916,0.8556552485154828,0.8556552485154868,196,196,196,196,superseded,superseded,True,True,False,False,both
rf_F0_v1_to2019,object,ALL,ALL,observed-label_auc,no_landuse_attr,0.8019585841160275,0.801958584116029,0.7621110295027981,0.7621110295028211,0.8443395815835812,0.8443395815835609,20,20,20,20,superseded,superseded,True,True,False,False,both
rf_F0_v1_to2019,object,ALL,ALL,observed-label_auc,urban,0.8789264330612738,0.878926433061273,0.8442435718038067,0.8442435718038067,0.9086233456053044,0.9086233456053044,57,57,57,57,superseded,superseded,True,True,False,False,both
rf_F0_v1_to2019,object,ALL,ALL,observed-label_auc_diff,agricultural,0.3779262680299073,0.377926268029909,0.3568720668724011,0.3568720668724036,0.3981542584684968,0.398154258468498,119,119,119,119,superseded,superseded,True,True,False,False,both
rf_F0_v1_to2019,object,ALL,ALL,observed-label_auc_diff,all,0.2344080051888005,0.2344080051888012,0.2042594712501572,0.2042594712501585,0.2644067313116734,0.2644067313116731,196,196,196,196,superseded,superseded,True,True,False,False,both
rf_F0_v1_to2019,object,ALL,ALL,observed-label_auc_diff,no_landuse_attr,0.0904422734019653,0.0904422734019659,0.0122870755374401,0.012287075537414,0.1764504825621997,0.1764504825621768,20,20,20,20,superseded,superseded,True,True,False,False,both
rf_F0_v1_to2019,object,ALL,ALL,observed-label_auc_diff,urban,-0.0147035499402456,-0.0147035499402461,-0.0501516549422618,-0.0501516549422628,0.0226465398105437,0.0226465398105432,57,57,57,57,superseded,superseded,True,True,False,False,both
rf_F0_v1_to2019,object,ALL,MACRO,capture_0.05,agricultural,0.0594879233864365,0.0594879233864398,0.0594879233864365,0.0594879233864398,0.0594879233864365,0.0594879233864398,1,1,119,119,superseded,superseded,True,True,False,False,both
rf_F0_v1_to2019,object,ALL,MACRO,capture_0.05,all,0.1052629807987672,0.1052629807986381,0.0372094255682857,0.0372094255682863,0.1504198953368497,0.1504198953367124,4,4,196,196,superseded,superseded,True,True,False,False,both
rf_F0_v1_to2019,object,ALL,MACRO,capture_0.05,no_landuse_attr,0.0823824635344115,0.0823824635342836,0.0286578166078601,0.0286578166078634,0.1440545994307598,0.1440545994304916,4,4,20,20,superseded,superseded,True,True,False,False,both
rf_F0_v1_to2019,object,ALL,MACRO,capture_0.1,agricultural,0.302779248897444,0.302779248897447,0.302779248897444,0.302779248897447,0.302779248897444,0.302779248897447,1,1,119,119,superseded,superseded,True,True,False,False,both
rf_F0_v1_to2019,object,ALL,MACRO,capture_0.1,all,0.3854118614520451,0.3854118614519395,0.3640821442427073,0.3640821442426603,0.398121333994641,0.3981213339945508,4,4,196,196,superseded,superseded,True,True,False,False,both
rf_F0_v1_to2019,object,ALL,MACRO,capture_0.1,no_landuse_attr,0.3168378353956166,0.3168378353955132,0.1583600660734217,0.1583600660733813,0.398121333994641,0.3981213339945508,4,4,20,20,superseded,superseded,True,True,False,False,both
rf_F0_v1_to2019,object,ALL,MACRO,capture_0.1,urban,0.4926499784392092,0.492649978439194,0.4926499784392092,0.492649978439194,0.4926499784392092,0.492649978439194,1,1,57,57,superseded,superseded,True,True,False,False,both
rf_F0_v1_to2019,object,ALL,MACRO,capture_0.2,agricultural,0.6004269636510937,0.6004269636510932,0.6004269636510937,0.6004269636510932,0.6004269636510937,0.6004269636510932,1,1,119,119,superseded,superseded,True,True,False,False,both
rf_F0_v1_to2019,object,ALL,MACRO,capture_0.2,all,0.6024125621962616,0.6024125621961641,0.4991235154767398,0.4991235154765591,0.6959131616575696,0.6959131616574581,4,4,196,196,superseded,superseded,True,True,False,False,both
rf_F0_v1_to2019,object,ALL,MACRO,capture_0.2,no_landuse_attr,0.4813730890857051,0.481373089085609,0.2551830948500436,0.2551830948500475,0.663942107771713,0.6639421077716388,4,4,20,20,superseded,superseded,True,True,False,False,both
rf_F0_v1_to2019,object,ALL,MACRO,capture_0.3,agricultural,0.8449458122804182,0.8449458122804172,0.8449458122804182,0.8449458122804172,0.8449458122804182,0.8449458122804172,1,1,119,119,superseded,superseded,True,True,False,False,both
rf_F0_v1_to2019,object,ALL,MACRO,capture_0.3,all,0.8155702016480479,0.8155702016481006,0.6914637556379479,0.6914637556381795,0.9415089510418954,0.9415089510418222,4,4,196,196,superseded,superseded,True,True,False,False,both
rf_F0_v1_to2019,object,ALL,MACRO,capture_0.3,no_landuse_attr,0.7994259575263645,0.79942595752642,0.6777258573736478,0.6777258573738795,0.8870130052354779,0.8870130052354819,4,4,20,20,superseded,superseded,True,True,False,False,both
rf_F0_v1_to2019,object,ALL,MACRO,capture_0.5,agricultural,0.9926239082221812,0.9926239082221904,0.9926239082221812,0.9926239082221904,0.9926239082221812,0.9926239082221904,1,1,119,119,superseded,superseded,True,True,False,False,both
rf_F0_v1_to2019,object,ALL,MACRO,capture_0.5,all,0.9853542804071782,0.9853542804071684,0.965526596851936,0.9655265968519244,0.998407863496253,0.99840786349623,4,4,196,196,superseded,superseded,True,True,False,False,both
rf_F0_v1_to2019,object,ALL,MACRO,capture_0.5,no_landuse_attr,0.9876422274596224,0.9876422274596136,0.9659867391140357,0.9659867391140382,0.999328148020452,0.9993281480204574,4,4,20,20,superseded,superseded,True,True,False,False,both
rf_F0_v1_to2019,object,ALL,MACRO,observed-label_auc,agricultural,0.8282488290469497,0.8282488290469505,0.8282488290469497,0.8282488290469505,0.8282488290469497,0.8282488290469505,1,1,119,119,superseded,superseded,True,True,False,False,both
rf_F0_v1_to2019,object,ALL,MACRO,observed-label_auc,all,0.8318484931352237,0.8318484931352175,0.7990460742072547,0.7990460742072787,0.8611397698445488,0.8611397698445061,4,4,196,196,superseded,superseded,True,True,False,False,both
rf_F0_v1_to2019,object,ALL,MACRO,observed-label_auc,no_landuse_attr,0.812656260592593,0.8126562605925883,0.7748489685337532,0.7748489685337723,0.8504635526514328,0.8504635526514044,4,4,20,20,superseded,superseded,True,True,False,False,both
rf_F0_v1_to2019,object,ALL,MACRO,observed-label_auc,urban,0.8789264330612738,0.878926433061273,0.8789264330612738,0.878926433061273,0.8789264330612738,0.878926433061273,1,1,57,57,superseded,superseded,True,True,False,False,both
rf_F0_v1_to2019,object,ALL,MACRO,observed-label_auc_diff,agricultural,0.3779262680299073,0.377926268029909,0.3779262680299073,0.377926268029909,0.3779262680299073,0.377926268029909,1,1,119,119,superseded,superseded,True,True,False,False,both
rf_F0_v1_to2019,object,ALL,MACRO,observed-label_auc_diff,all,0.0977281279102305,0.0977281279102236,-0.0009959637257553,-0.0009959637257482,0.2060009215824849,0.2060009215824713,4,4,196,196,superseded,superseded,True,True,False,False,both
rf_F0_v1_to2019,object,ALL,MACRO,observed-label_auc_diff,no_landuse_attr,0.0805158028573036,0.080515802857298,-0.0009959637257553,-0.0009959637257482,0.1543639464237042,0.1543639464236946,4,4,20,20,superseded,superseded,True,True,False,False,both
rf_F0_v1_to2019,object,ALL,MACRO,observed-label_auc_diff,urban,-0.0147035499402456,-0.0147035499402461,-0.0147035499402456,-0.0147035499402461,-0.0147035499402456,-0.0147035499402461,1,1,57,57,superseded,superseded,True,True,False,False,both
z_exposure,area,ALL,2022-09-06,capture_0.05,all,0.1332893137359115,0.1332893137362859,,,,,6,6,196,196,post_hoc,post_hoc,True,True,False,False,both
z_exposure,area,ALL,2022-09-06,capture_0.05,no_landuse_attr,0.1332893137359115,0.1332893137362859,,,,,6,6,20,20,post_hoc,post_hoc,True,True,False,False,both
z_exposure,area,ALL,2022-09-06,capture_0.1,all,0.1332893137359115,0.1332893137362859,,,,,6,6,196,196,post_hoc,post_hoc,True,True,False,False,both
z_exposure,area,ALL,2022-09-06,capture_0.1,no_landuse_attr,0.1332893137359115,0.1332893137362859,,,,,6,6,20,20,post_hoc,post_hoc,True,True,False,False,both
z_exposure,area,ALL,2022-09-06,capture_0.2,all,0.6548348923511623,0.6548348923501928,,,,,6,6,196,196,post_hoc,post_hoc,True,True,False,False,both
z_exposure,area,ALL,2022-09-06,capture_0.2,no_landuse_attr,0.6548348923511623,0.6548348923501928,,,,,6,6,20,20,post_hoc,post_hoc,True,True,False,False,both
z_exposure,area,ALL,2022-09-06,capture_0.3,all,0.6548348923511623,0.6548348923501928,,,,,6,6,196,196,post_hoc,post_hoc,True,True,False,False,both
z_exposure,area,ALL,2022-09-06,capture_0.3,no_landuse_attr,0.6548348923511623,0.6548348923501928,,,,,6,6,20,20,post_hoc,post_hoc,True,True,False,False,both
z_exposure,area,ALL,2022-09-06,observed-label_auc,all,0.7678722197009346,0.767872219700837,0.671586475263865,0.671586475263865,0.8583282834418735,0.8583282834421563,5,5,196,196,post_hoc,post_hoc,True,True,False,False,both
z_exposure,area,ALL,2022-09-06,observed-label_auc,no_landuse_attr,0.7678722197009346,0.767872219700837,0.671586475263865,0.671586475263865,0.8583282834418735,0.8583282834421563,5,5,20,20,post_hoc,post_hoc,True,True,False,False,both
z_exposure,area,ALL,2022-09-06,observed-label_auc_diff,all,-0.0113713359779952,-0.011371335979047,-0.2878067755200565,-0.2878067755200565,0.2617990337714526,0.2617990337708257,5,5,196,196,post_hoc,post_hoc,True,True,False,False,both
z_exposure,area,ALL,2022-09-06,observed-label_auc_diff,no_landuse_attr,-0.0113713359779952,-0.011371335979047,-0.2878067755200565,-0.2878067755200565,0.2617990337714526,0.2617990337708257,5,5,20,20,post_hoc,post_hoc,True,True,False,False,both
z_exposure,area,ALL,2023-08-10,capture_0.05,all,0.3245056454237826,0.3245056454238255,,,,,42,42,196,196,post_hoc,post_hoc,True,True,False,False,both
z_exposure,area,ALL,2023-08-10,capture_0.05,no_landuse_attr,0.3245056454237826,0.3245056454238255,,,,,42,42,20,20,post_hoc,post_hoc,True,True,False,False,both
z_exposure,area,ALL,2023-08-10,capture_0.1,all,0.3245056454237826,0.3245056454238255,,,,,42,42,196,196,post_hoc,post_hoc,True,True,False,False,both
z_exposure,area,ALL,2023-08-10,capture_0.1,no_landuse_attr,0.3245056454237826,0.3245056454238255,,,,,42,42,20,20,post_hoc,post_hoc,True,True,False,False,both
z_exposure,area,ALL,2023-08-10,capture_0.2,all,0.7570898243195278,0.7570898243194019,,,,,42,42,196,196,post_hoc,post_hoc,True,True,False,False,both
z_exposure,area,ALL,2023-08-10,capture_0.2,no_landuse_attr,0.7570898243195278,0.7570898243194019,,,,,42,42,20,20,post_hoc,post_hoc,True,True,False,False,both
z_exposure,area,ALL,2023-08-10,capture_0.3,all,0.7570898243195278,0.7570898243194019,,,,,42,42,196,196,post_hoc,post_hoc,True,True,False,False,both
z_exposure,area,ALL,2023-08-10,capture_0.3,no_landuse_attr,0.7570898243195278,0.7570898243194019,,,,,42,42,20,20,post_hoc,post_hoc,True,True,False,False,both
z_exposure,area,ALL,2023-08-10,capture_0.5,all,0.7570898243195278,0.7570898243194019,,,,,42,42,196,196,post_hoc,post_hoc,True,True,False,False,both
z_exposure,area,ALL,2023-08-10,capture_0.5,no_landuse_attr,0.7570898243195278,0.7570898243194019,,,,,42,42,20,20,post_hoc,post_hoc,True,True,False,False,both
z_exposure,area,ALL,2023-08-10,observed-label_auc,all,0.7180238680308729,0.718023868030773,0.0757619428375352,0.0757619428375251,0.9956726479158112,0.9956726479158116,3,3,196,196,post_hoc,post_hoc,True,True,False,False,both
z_exposure,area,ALL,2023-08-10,observed-label_auc,no_landuse_attr,0.7180238680308729,0.718023868030773,0.0757619428375352,0.0757619428375251,0.9956726479158112,0.9956726479158116,3,3,20,20,post_hoc,post_hoc,True,True,False,False,both
z_exposure,area,ALL,2023-08-10,observed-label_auc_diff,all,-0.1230220385226817,-0.1230220385227132,-0.3637813247457031,-0.3637813247457133,0.0401162380460727,0.0401162380460734,3,3,196,196,post_hoc,post_hoc,True,True,False,False,both
z_exposure,area,ALL,2023-08-10,observed-label_auc_diff,no_landuse_attr,-0.1230220385226817,-0.1230220385227132,-0.3637813247457031,-0.3637813247457133,0.0401162380460727,0.0401162380460734,3,3,20,20,post_hoc,post_hoc,True,True,False,False,both
z_exposure,area,ALL,2024-07-24,capture_0.5,all,0.1450933094049418,0.1450933094046517,,,,,23,23,196,196,post_hoc,post_hoc,True,True,False,False,both
z_exposure,area,ALL,2024-07-24,capture_0.5,no_landuse_attr,0.1450933094049418,0.1450933094046517,,,,,23,23,20,20,post_hoc,post_hoc,True,True,False,False,both
z_exposure,area,ALL,2024-07-24,observed-label_auc,all,0.228968470946013,0.2289684709458729,0.137662186798143,0.137662186798169,0.4811515452930304,0.481151545292682,5,5,196,196,post_hoc,post_hoc,True,True,False,False,both
z_exposure,area,ALL,2024-07-24,observed-label_auc,no_landuse_attr,0.228968470946013,0.2289684709458729,0.137662186798143,0.137662186798169,0.4811515452930304,0.481151545292682,5,5,20,20,post_hoc,post_hoc,True,True,False,False,both
z_exposure,area,ALL,2024-07-24,observed-label_auc_diff,all,-0.5058206575222893,-0.5058206575223112,-0.6427175586850437,-0.6427175586850415,-0.2497685260614959,-0.2497685260615066,5,5,196,196,post_hoc,post_hoc,True,True,False,False,both
z_exposure,area,ALL,2024-07-24,observed-label_auc_diff,no_landuse_attr,-0.5058206575222893,-0.5058206575223112,-0.6427175586850437,-0.6427175586850415,-0.2497685260614959,-0.2497685260615066,5,5,20,20,post_hoc,post_hoc,True,True,False,False,both
z_exposure,area,ALL,2024-09-20,capture_0.05,all,0.0001327477129506,0.0001327477129507,,,,,1612,1612,196,196,post_hoc,post_hoc,True,True,False,False,both
z_exposure,area,ALL,2024-09-20,capture_0.05,urban,0.0540065661751547,0.0540065661752053,,,,,72,72,57,57,post_hoc,post_hoc,True,True,False,False,both
z_exposure,area,ALL,2024-09-20,capture_0.1,agricultural,1.90222750698934e-05,1.9022275069841987e-05,,,,,1506,1506,119,119,post_hoc,post_hoc,True,True,False,False,both
z_exposure,area,ALL,2024-09-20,capture_0.1,all,0.0002273060199304,0.0002273060199305,,,,,1612,1612,196,196,post_hoc,post_hoc,True,True,False,False,both
z_exposure,area,ALL,2024-09-20,capture_0.1,no_landuse_attr,0.0009133500386072,0.000913350038607,,,,,34,34,20,20,post_hoc,post_hoc,True,True,False,False,both
z_exposure,area,ALL,2024-09-20,capture_0.1,urban,0.0827819420921262,0.0827819420921745,,,,,72,72,57,57,post_hoc,post_hoc,True,True,False,False,both
z_exposure,area,ALL,2024-09-20,capture_0.2,agricultural,1.90222750698934e-05,1.9022275069841987e-05,,,,,1506,1506,119,119,post_hoc,post_hoc,True,True,False,False,both
z_exposure,area,ALL,2024-09-20,capture_0.2,no_landuse_attr,0.8396120247427208,0.8396120247425903,,,,,34,34,20,20,post_hoc,post_hoc,True,True,False,False,both
z_exposure,area,ALL,2024-09-20,capture_0.2,urban,0.2847125714680593,0.2847125714680573,,,,,72,72,57,57,post_hoc,post_hoc,True,True,False,False,both
z_exposure,area,ALL,2024-09-20,capture_0.3,all,0.0142110926409006,0.0142110926409003,,,,,1612,1612,196,196,post_hoc,post_hoc,True,True,False,False,both
z_exposure,area,ALL,2024-09-20,capture_0.3,no_landuse_attr,0.863938842484581,0.8639388424844462,,,,,34,34,20,20,post_hoc,post_hoc,True,True,False,False,both
z_exposure,area,ALL,2024-09-20,capture_0.3,urban,0.6302157738857548,0.6302157738856174,,,,,72,72,57,57,post_hoc,post_hoc,True,True,False,False,both
z_exposure,area,ALL,2024-09-20,capture_0.5,agricultural,0.048106163769019,0.0481061637690187,,,,,1506,1506,119,119,post_hoc,post_hoc,True,True,False,False,both
z_exposure,area,ALL,2024-09-20,capture_0.5,all,0.054904276418934,0.0549042764189346,,,,,1612,1612,196,196,post_hoc,post_hoc,True,True,False,False,both
z_exposure,area,ALL,2024-09-20,capture_0.5,no_landuse_attr,0.9307789782138624,0.9307789782138792,,,,,34,34,20,20,post_hoc,post_hoc,True,True,False,False,both
z_exposure,area,ALL,2024-09-20,capture_0.5,urban,0.8651215278598711,0.8651215278598118,,,,,72,72,57,57,post_hoc,post_hoc,True,True,False,False,both
z_exposure,area,ALL,2024-09-20,observed-label_auc,agricultural,0.1063319107663619,0.1063319107663618,0.0813937534892398,0.08139375348924,0.1507883420793095,0.1507883420793147,119,119,119,119,post_hoc,post_hoc,True,True,False,False,both
z_exposure,area,ALL,2024-09-20,observed-label_auc,all,0.1115881401744798,0.1115881401744802,0.0844515949447864,0.0844515949447857,0.1580976346562065,0.158097634656206,183,183,196,196,post_hoc,post_hoc,True,True,False,False,both
z_exposure,area,ALL,2024-09-20,observed-label_auc,no_landuse_attr,0.8074740721632347,0.8074740721632085,0.439014880795315,0.4390148807954852,0.8597039100056598,0.8597039100056393,7,7,20,20,post_hoc,post_hoc,True,True,False,False,both
z_exposure,area,ALL,2024-09-20,observed-label_auc,urban,0.6968239727311392,0.696823972731121,0.6259679137121883,0.6259679137121081,0.7521643046009906,0.7521643046009721,57,57,57,57,post_hoc,post_hoc,True,True,False,False,both
z_exposure,area,ALL,2024-09-20,observed-label_auc_diff,agricultural,-0.3353855631997917,-0.3353855631997917,-0.360392805956181,-0.3603928059561791,-0.2905987922378697,-0.2905987922378672,119,119,119,119,post_hoc,post_hoc,True,True,False,False,both
z_exposure,area,ALL,2024-09-20,observed-label_auc_diff,all,-0.3337441894115905,-0.3337441894115907,-0.3599128532370294,-0.3599128532370283,-0.2905849851400138,-0.2905849851400122,183,183,196,196,post_hoc,post_hoc,True,True,False,False,both
z_exposure,area,ALL,2024-09-20,observed-label_auc_diff,no_landuse_attr,-0.0859389847303359,-0.0859389847302912,-0.1071666892716579,-0.1071666892716559,0.1507115904852687,0.1507115904853482,7,7,20,20,post_hoc,post_hoc,True,True,False,False,both
z_exposure,area,ALL,2024-09-20,observed-label_auc_diff,urban,-0.2183258797950509,-0.2183258797952018,-0.2926520649595938,-0.2926520649596595,-0.141655150341696,-0.141655150341936,57,57,57,57,post_hoc,post_hoc,True,True,False,False,both
z_exposure,area,ALL,ALL,capture_0.05,all,0.0017409275019413,0.0017409275019415,,,,,1674,1674,196,196,post_hoc,post_hoc,True,True,False,False,both
z_exposure,area,ALL,ALL,capture_0.05,no_landuse_attr,0.1453621817638442,0.1453621817638474,,,,,96,96,20,20,post_hoc,post_hoc,True,True,False,False,both
z_exposure,area,ALL,ALL,capture_0.05,urban,0.0540065661751547,0.0540065661752053,,,,,72,72,57,57,post_hoc,post_hoc,True,True,False,False,both
z_exposure,area,ALL,ALL,capture_0.1,agricultural,1.90222750698934e-05,1.9022275069841987e-05,,,,,1506,1506,119,119,post_hoc,post_hoc,True,True,False,False,both
z_exposure,area,ALL,ALL,capture_0.1,all,0.001834949413321,0.0018349494133211,,,,,1674,1674,196,196,post_hoc,post_hoc,True,True,False,False,both
z_exposure,area,ALL,ALL,capture_0.1,no_landuse_attr,0.1458074343337284,0.1458074343337316,,,,,96,96,20,20,post_hoc,post_hoc,True,True,False,False,both
z_exposure,area,ALL,ALL,capture_0.1,urban,0.0827819420921262,0.0827819420921745,,,,,72,72,57,57,post_hoc,post_hoc,True,True,False,False,both
z_exposure,area,ALL,ALL,capture_0.2,agricultural,1.90222750698934e-05,1.9022275069841987e-05,,,,,1506,1506,119,119,post_hoc,post_hoc,True,True,False,False,both
z_exposure,area,ALL,ALL,capture_0.2,all,0.0090210805463328,0.0090210805463317,,,,,1674,1674,196,196,post_hoc,post_hoc,True,True,False,False,both
z_exposure,area,ALL,ALL,capture_0.2,no_landuse_attr,0.7504637234790925,0.7504637234789787,,,,,96,96,20,20,post_hoc,post_hoc,True,True,False,False,both
z_exposure,area,ALL,ALL,capture_0.2,urban,0.2847125714680593,0.2847125714680573,,,,,72,72,57,57,post_hoc,post_hoc,True,True,False,False,both
z_exposure,area,ALL,ALL,capture_0.3,all,0.0179065654101111,0.0179065654101097,,,,,1674,1674,196,196,post_hoc,post_hoc,True,True,False,False,both
z_exposure,area,ALL,ALL,capture_0.3,no_landuse_attr,0.7623228986680323,0.7623228986679181,,,,,96,96,20,20,post_hoc,post_hoc,True,True,False,False,both
z_exposure,area,ALL,ALL,capture_0.3,urban,0.6302157738857548,0.6302157738856174,,,,,72,72,57,57,post_hoc,post_hoc,True,True,False,False,both
z_exposure,area,ALL,ALL,capture_0.5,agricultural,0.048106163769019,0.0481061637690187,,,,,1506,1506,119,119,post_hoc,post_hoc,True,True,False,False,both
z_exposure,area,ALL,ALL,capture_0.5,all,0.0584894690106715,0.0584894690106707,,,,,1674,1674,196,196,post_hoc,post_hoc,True,True,False,False,both
z_exposure,area,ALL,ALL,capture_0.5,no_landuse_attr,0.8057990836731469,0.8057990836730929,,,,,96,96,20,20,post_hoc,post_hoc,True,True,False,False,both
z_exposure,area,ALL,ALL,capture_0.5,urban,0.8651215278598711,0.8651215278598118,,,,,72,72,57,57,post_hoc,post_hoc,True,True,False,False,both
z_exposure,area,ALL,ALL,observed-label_auc,agricultural,0.1063319107663619,0.1063319107663618,0.0813937534892398,0.08139375348924,0.1507883420793095,0.1507883420793147,119,119,119,119,post_hoc,post_hoc,True,True,False,False,both
z_exposure,area,ALL,ALL,observed-label_auc,all,0.1147007620787049,0.1147007620787043,0.0860361275630543,0.0860361275630519,0.1628551266436854,0.1628551266436887,196,196,196,196,post_hoc,post_hoc,True,True,False,False,both
z_exposure,area,ALL,ALL,observed-label_auc,no_landuse_attr,0.7320441977212097,0.7320441977211513,0.4188623339452022,0.4188623339451658,0.8617382113765435,0.8617382113765256,20,20,20,20,post_hoc,post_hoc,True,True,False,False,both
z_exposure,area,ALL,ALL,observed-label_auc,urban,0.6968239727311392,0.696823972731121,0.6259679137121883,0.6259679137121081,0.7521643046009906,0.7521643046009721,57,57,57,57,post_hoc,post_hoc,True,True,False,False,both
z_exposure,area,ALL,ALL,observed-label_auc_diff,agricultural,-0.3353855631997917,-0.3353855631997917,-0.360392805956181,-0.3603928059561791,-0.2905987922378697,-0.2905987922378672,119,119,119,119,post_hoc,post_hoc,True,True,False,False,both
z_exposure,area,ALL,ALL,observed-label_auc_diff,all,-0.3328004376829994,-0.3328004376829998,-0.3591382194429047,-0.3591382194429031,-0.2893545178296201,-0.2893545178296196,196,196,196,196,post_hoc,post_hoc,True,True,False,False,both
z_exposure,area,ALL,ALL,observed-label_auc_diff,no_landuse_attr,-0.1276755690414565,-0.1276755690414535,-0.2386831761902912,-0.2386831761903847,-0.0469723542961044,-0.0469723542960638,20,20,20,20,post_hoc,post_hoc,True,True,False,False,both
z_exposure,area,ALL,ALL,observed-label_auc_diff,urban,-0.2183258797950509,-0.2183258797952018,-0.2926520649595938,-0.2926520649596595,-0.141655150341696,-0.141655150341936,57,57,57,57,post_hoc,post_hoc,True,True,False,False,both
z_exposure,area,ALL,MACRO,capture_0.05,all,0.1144819267181611,0.1144819267182655,6.637385647532183e-05,6.637385647538807e-05,0.2434124209960746,0.2434124209961068,4,4,196,196,post_hoc,post_hoc,True,True,False,False,both
z_exposure,area,ALL,MACRO,capture_0.05,no_landuse_attr,0.1144487397899235,0.1144487397900278,0.0,0.0,0.2433792340678369,0.2433792340678691,4,4,20,20,post_hoc,post_hoc,True,True,False,False,both
z_exposure,area,ALL,MACRO,capture_0.05,urban,0.0540065661751547,0.0540065661752053,0.0540065661751547,0.0540065661752053,0.0540065661751547,0.0540065661752053,1,1,57,57,post_hoc,post_hoc,True,True,False,False,both
z_exposure,area,ALL,MACRO,capture_0.1,agricultural,1.90222750698934e-05,1.9022275069841987e-05,1.90222750698934e-05,1.9022275069841987e-05,1.90222750698934e-05,1.9022275069841987e-05,1,1,119,119,post_hoc,post_hoc,True,True,False,False,both
z_exposure,area,ALL,MACRO,capture_0.1,all,0.1145055662949061,0.1145055662950105,0.0001136530099652,0.0001136530099652,0.2434360605728195,0.2434360605728517,4,4,196,196,post_hoc,post_hoc,True,True,False,False,both
z_exposure,area,ALL,MACRO,capture_0.1,no_landuse_attr,0.1146770772995753,0.1146770772996796,0.0004566750193036,0.0004566750193035,0.2436075715774887,0.2436075715775209,4,4,20,20,post_hoc,post_hoc,True,True,False,False,both
z_exposure,area,ALL,MACRO,capture_0.1,urban,0.0827819420921262,0.0827819420921745,0.0827819420921262,0.0827819420921745,0.0827819420921262,0.0827819420921745,1,1,57,57,post_hoc,post_hoc,True,True,False,False,both
z_exposure,area,ALL,MACRO,capture_0.2,agricultural,1.90222750698934e-05,1.9022275069841987e-05,1.90222750698934e-05,1.9022275069841987e-05,1.90222750698934e-05,1.9022275069841987e-05,1,1,119,119,post_hoc,post_hoc,True,True,False,False,both
z_exposure,area,ALL,MACRO,capture_0.2,all,0.3542999081750909,0.354299908174817,0.0026374580148368,0.0026374580148368,0.7315260913274364,0.7315260913270996,4,4,196,196,post_hoc,post_hoc,True,True,False,False,both
z_exposure,area,ALL,MACRO,capture_0.2,no_landuse_attr,0.5628841853533527,0.5628841853530462,0.1892724560798819,0.1892724560798504,0.7983509245311242,0.7983509245309961,4,4,20,20,post_hoc,post_hoc,True,True,False,False,both
z_exposure,area,ALL,MACRO,capture_0.2,urban,0.2847125714680593,0.2847125714680573,0.2847125714680593,0.2847125714680573,0.2847125714680593,0.2847125714680573,1,1,57,57,post_hoc,post_hoc,True,True,False,False,both
z_exposure,area,ALL,MACRO,capture_0.3,all,0.3565339523278976,0.3565339523276237,0.0071055463204503,0.0071055463204501,0.705962358335345,0.7059623583347974,4,4,196,196,post_hoc,post_hoc,True,True,False,False,both
z_exposure,area,ALL,MACRO,capture_0.3,no_landuse_attr,0.5689658897888178,0.5689658897885101,0.2153169042576137,0.21531690425758,0.8116628549512264,0.8116628549508829,4,4,20,20,post_hoc,post_hoc,True,True,False,False,both
z_exposure,area,ALL,MACRO,capture_0.3,urban,0.6302157738857548,0.6302157738856174,0.6302157738857548,0.6302157738856174,0.6302157738857548,0.6302157738856174,1,1,57,57,post_hoc,post_hoc,True,True,False,False,both
z_exposure,area,ALL,MACRO,capture_0.5,agricultural,0.048106163769019,0.0481061637690187,0.048106163769019,0.0481061637690187,0.048106163769019,0.0481061637690187,1,1,119,119,post_hoc,post_hoc,True,True,False,False,both
z_exposure,area,ALL,MACRO,capture_0.5,all,0.4892718525358509,0.489271852535747,0.0999987929119379,0.0999987929117931,0.939272456079882,0.9392724560798504,4,4,196,196,post_hoc,post_hoc,True,True,False,False,both
z_exposure,area,ALL,MACRO,capture_0.5,no_landuse_attr,0.708240527984583,0.7082405279844832,0.3415147266071719,0.3415147266069586,0.9653894891069312,0.9653894891069396,4,4,20,20,post_hoc,post_hoc,True,True,False,False,both
z_exposure,area,ALL,MACRO,capture_0.5,urban,0.8651215278598711,0.8651215278598118,0.8651215278598711,0.8651215278598118,0.8651215278598711,0.8651215278598118,1,1,57,57,post_hoc,post_hoc,True,True,False,False,both
z_exposure,area,ALL,MACRO,observed-label_auc,agricultural,0.1063319107663619,0.1063319107663618,0.1063319107663619,0.1063319107663618,0.1063319107663619,0.1063319107663618,1,1,119,119,post_hoc,post_hoc,True,True,False,False,both
z_exposure,area,ALL,MACRO,observed-label_auc,all,0.456613174713075,0.4566131747129908,0.1702783055602464,0.1702783055601765,0.7429480438659037,0.7429480438658049,4,4,196,196,post_hoc,post_hoc,True,True,False,False,both
z_exposure,area,ALL,MACRO,observed-label_auc,no_landuse_attr,0.6305846577102638,0.6305846577101728,0.3636944081347434,0.3636944081346139,0.7876731459320847,0.7876731459320228,4,4,20,20,post_hoc,post_hoc,True,True,False,False,both
z_exposure,area,ALL,MACRO,observed-label_auc,urban,0.6968239727311392,0.696823972731121,0.6968239727311392,0.696823972731121,0.6968239727311392,0.696823972731121,1,1,57,57,post_hoc,post_hoc,True,True,False,False,both
z_exposure,area,ALL,MACRO,observed-label_auc_diff,all,-0.2434895553586392,-0.2434895553589155,-0.4197824234669399,-0.4197824234669509,-0.0671966872503385,-0.0671966872508801,4,4,196,196,post_hoc,post_hoc,True,True,False,False,both
z_exposure,area,ALL,MACRO,observed-label_auc_diff,no_landuse_attr,-0.1815382541883255,-0.1815382541885906,-0.4008502393243009,-0.4008502393243062,-0.0392840116141668,-0.0392840116149635,4,4,20,20,post_hoc,post_hoc,True,True,False,False,both
z_exposure,area,ALL,MACRO,observed-label_auc_diff,urban,-0.2183258797950509,-0.2183258797952018,-0.2183258797950509,-0.2183258797952018,-0.2183258797950509,-0.2183258797952018,1,1,57,57,post_hoc,post_hoc,True,True,False,False,both
z_exposure,object,ALL,2023-08-10,observed-label_auc,all,0.6472765453184136,0.6472765453184081,0.0757619428375352,0.0757619428375251,0.9956726479158112,0.9956726479158116,3,3,196,196,post_hoc,post_hoc,True,True,False,False,both
z_exposure,object,ALL,2023-08-10,observed-label_auc,no_landuse_attr,0.6472765453184136,0.6472765453184081,0.0757619428375352,0.0757619428375251,0.9956726479158112,0.9956726479158116,3,3,20,20,post_hoc,post_hoc,True,True,False,False,both
z_exposure,object,ALL,2023-08-10,observed-label_auc_diff,all,-0.1446240243805095,-0.1446240243805154,-0.3637813247457032,-0.3637813247457133,0.0401162380460728,0.0401162380460734,3,3,196,196,post_hoc,post_hoc,True,True,False,False,both
z_exposure,object,ALL,2023-08-10,observed-label_auc_diff,no_landuse_attr,-0.1446240243805095,-0.1446240243805154,-0.3637813247457032,-0.3637813247457133,0.0401162380460728,0.0401162380460734,3,3,20,20,post_hoc,post_hoc,True,True,False,False,both
z_exposure,object,ALL,2024-07-24,observed-label_auc,all,0.2564397111172815,0.2564397111172766,0.1325059480076064,0.1325059480076063,0.4645405134816995,0.4645405134816899,5,5,196,196,post_hoc,post_hoc,True,True,False,False,both
z_exposure,object,ALL,2024-07-24,observed-label_auc,no_landuse_attr,0.2564397111172815,0.2564397111172766,0.1325059480076064,0.1325059480076063,0.4645405134816995,0.4645405134816899,5,5,20,20,post_hoc,post_hoc,True,True,False,False,both
z_exposure,object,ALL,2024-07-24,observed-label_auc_diff,all,-0.4319755692690305,-0.4319755692690388,-0.6433342436481371,-0.643334243648143,-0.2527194241183145,-0.2527194241183293,5,5,196,196,post_hoc,post_hoc,True,True,False,False,both
z_exposure,object,ALL,2024-07-24,observed-label_auc_diff,no_landuse_attr,-0.4319755692690305,-0.4319755692690388,-0.6433342436481371,-0.643334243648143,-0.2527194241183145,-0.2527194241183293,5,5,20,20,post_hoc,post_hoc,True,True,False,False,both
z_exposure,object,ALL,2024-09-20,capture_0.3,all,0.2243630986064704,0.224363098606472,,,,,183,183,196,196,post_hoc,post_hoc,True,True,False,False,both
z_exposure,object,ALL,2024-09-20,capture_0.3,urban,0.5448850358769138,0.5448850358769189,,,,,57,57,57,57,post_hoc,post_hoc,True,True,False,False,both
z_exposure,object,ALL,2024-09-20,capture_0.5,agricultural,0.3063012000788994,0.3063012000788995,,,,,119,119,119,119,post_hoc,post_hoc,True,True,False,False,both
z_exposure,object,ALL,2024-09-20,capture_0.5,all,0.4997259169911968,0.4997259169911969,,,,,183,183,196,196,post_hoc,post_hoc,True,True,False,False,both
z_exposure,object,ALL,2024-09-20,observed-label_auc,agricultural,0.3324516257110251,0.332451625711025,0.2905759863839648,0.290575986383965,0.3732380295459109,0.3732380295459108,119,119,119,119,post_hoc,post_hoc,True,True,False,False,both
z_exposure,object,ALL,2024-09-20,observed-label_auc,all,0.4556927069323715,0.4556927069323714,0.4173366178606394,0.4173366178606393,0.4956660697271187,0.4956660697271187,183,183,196,196,post_hoc,post_hoc,True,True,False,False,both
z_exposure,object,ALL,2024-09-20,observed-label_auc,no_landuse_attr,0.6071970714116077,0.6071970714116078,0.4679920127572103,0.4679920127572105,0.738995711167968,0.738995711167968,7,7,20,20,post_hoc,post_hoc,True,True,False,False,both
z_exposure,object,ALL,2024-09-20,observed-label_auc_diff,agricultural,-0.1178709353060172,-0.1178709353060165,-0.1607142636510541,-0.160714263651054,-0.0759467507440492,-0.0759467507440473,119,119,119,119,post_hoc,post_hoc,True,True,False,False,both
z_exposure,object,ALL,2024-09-20,observed-label_auc_diff,all,-0.1378860225130967,-0.137886022513096,-0.1736839691687858,-0.1736839691687858,-0.101923058444962,-0.1019230584449608,183,183,196,196,post_hoc,post_hoc,True,True,False,False,both
z_exposure,object,ALL,2024-09-20,observed-label_auc_diff,no_landuse_attr,0.0215379719249545,0.0215379719249547,-0.0869403466243409,-0.0869403466243403,0.1419126419405072,0.1419126419405072,7,7,20,20,post_hoc,post_hoc,True,True,False,False,both
z_exposure,object,ALL,2024-09-20,observed-label_auc_diff,urban,-0.1992502916132613,-0.199250291613261,-0.2649028438023287,-0.2649028438023283,-0.1311254433107723,-0.1311254433107721,57,57,57,57,post_hoc,post_hoc,True,True,False,False,both
z_exposure,object,ALL,ALL,capture_0.3,all,0.2349920767601229,0.2349920767601243,,,,,196,196,196,196,post_hoc,post_hoc,True,True,False,False,both
z_exposure,object,ALL,ALL,capture_0.3,urban,0.5448850358769138,0.5448850358769189,,,,,57,57,57,57,post_hoc,post_hoc,True,True,False,False,both
z_exposure,object,ALL,ALL,capture_0.5,agricultural,0.3063012000788994,0.3063012000788995,,,,,119,119,119,119,post_hoc,post_hoc,True,True,False,False,both
z_exposure,object,ALL,ALL,capture_0.5,all,0.5073971571907603,0.5073971571907604,,,,,196,196,196,196,post_hoc,post_hoc,True,True,False,False,both
z_exposure,object,ALL,ALL,observed-label_auc,agricultural,0.3324516257110251,0.332451625711025,0.2905759863839648,0.290575986383965,0.3732380295459109,0.3732380295459108,119,119,119,119,post_hoc,post_hoc,True,True,False,False,both
z_exposure,object,ALL,ALL,observed-label_auc,all,0.4613945685667386,0.4613945685667384,0.4231374769694586,0.4231374769694581,0.4988916603242438,0.4988916603242437,196,196,196,196,post_hoc,post_hoc,True,True,False,False,both
z_exposure,object,ALL,ALL,observed-label_auc,no_landuse_attr,0.5645974785169007,0.5645974785168988,0.4623578578090063,0.4623578578090042,0.657383424934273,0.6573834249342717,20,20,20,20,post_hoc,post_hoc,True,True,False,False,both
z_exposure,object,ALL,ALL,observed-label_auc_diff,agricultural,-0.1178709353060172,-0.1178709353060165,-0.1607142636510541,-0.160714263651054,-0.0759467507440492,-0.0759467507440473,119,119,119,119,post_hoc,post_hoc,True,True,False,False,both
z_exposure,object,ALL,ALL,observed-label_auc_diff,all,-0.1445014518740541,-0.1445014518740537,-0.1781219766873277,-0.1781219766873283,-0.1109286035894078,-0.1109286035894069,196,196,196,196,post_hoc,post_hoc,True,True,False,False,both
z_exposure,object,ALL,ALL,observed-label_auc_diff,no_landuse_attr,-0.1469188321971615,-0.1469188321971642,-0.2411477872872758,-0.2411477872872775,-0.0563623739432148,-0.0563623739432171,20,20,20,20,post_hoc,post_hoc,True,True,False,False,both
z_exposure,object,ALL,ALL,observed-label_auc_diff,urban,-0.1992502916132613,-0.199250291613261,-0.2649028438023287,-0.2649028438023283,-0.1311254433107723,-0.1311254433107721,57,57,57,57,post_hoc,post_hoc,True,True,False,False,both
z_exposure,object,ALL,MACRO,capture_0.1,no_landuse_attr,0.1333722291563438,0.1333722291563438,7.77916460210597e-05,7.779164602105807e-05,0.2666666666666666,0.2666666666666666,4,4,20,20,post_hoc,post_hoc,True,True,False,False,both
z_exposure,object,ALL,MACRO,capture_0.3,all,0.3727574413182842,0.3727574413182846,0.1121815493032352,0.112181549303236,0.6333333333333333,0.6333333333333333,4,4,196,196,post_hoc,post_hoc,True,True,False,False,both
z_exposure,object,ALL,MACRO,capture_0.3,urban,0.5448850358769138,0.5448850358769189,0.5448850358769138,0.5448850358769189,0.5448850358769138,0.5448850358769189,1,1,57,57,post_hoc,post_hoc,True,True,False,False,both
z_exposure,object,ALL,MACRO,capture_0.5,agricultural,0.3063012000788994,0.3063012000788995,0.3063012000788994,0.3063012000788995,0.3063012000788994,0.3063012000788995,1,1,119,119,post_hoc,post_hoc,True,True,False,False,both
z_exposure,object,ALL,MACRO,observed-label_auc,agricultural,0.3324516257110251,0.332451625711025,0.3324516257110251,0.332451625711025,0.3324516257110251,0.332451625711025,1,1,119,119,post_hoc,post_hoc,True,True,False,False,both
z_exposure,object,ALL,MACRO,observed-label_auc,all,0.5307293347877723,0.5307293347877696,0.3541489196675645,0.3541489196675594,0.705392460550718,0.7053924605507151,4,4,196,196,post_hoc,post_hoc,True,True,False,False,both
z_exposure,object,ALL,MACRO,observed-label_auc,no_landuse_attr,0.5686054259075813,0.5686054259075787,0.3541489196675645,0.3541489196675594,0.7058684127792016,0.7058684127791989,4,4,20,20,post_hoc,post_hoc,True,True,False,False,both
z_exposure,object,ALL,MACRO,observed-label_auc_diff,agricultural,-0.1178709353060172,-0.1178709353060165,-0.1178709353060172,-0.1178709353060165,-0.1178709353060172,-0.1178709353060165,1,1,119,119,post_hoc,post_hoc,True,True,False,False,both
z_exposure,object,ALL,MACRO,observed-label_auc_diff,all,-0.2033910304372208,-0.2033910304372242,-0.3584531825800471,-0.3584531825800531,-0.1104648852848123,-0.1104648852848137,4,4,196,196,post_hoc,post_hoc,True,True,False,False,both
z_exposure,object,ALL,MACRO,observed-label_auc_diff,no_landuse_attr,-0.163535031827708,-0.1635350318277115,-0.3487513033483345,-0.3487513033483407,-0.0200025271514114,-0.0200025271514127,4,4,20,20,post_hoc,post_hoc,True,True,False,False,both
z_exposure,object,ALL,MACRO,observed-label_auc_diff,urban,-0.1992502916132613,-0.199250291613261,-0.1992502916132613,-0.199250291613261,-0.1992502916132613,-0.199250291613261,1,1,57,57,post_hoc,post_hoc,True,True,False,False,both
z_sensitivity,area,ALL,2022-09-06,capture_0.05,all,0.2107840656547624,0.2107840656553545,,,,,6,6,196,196,post_hoc,post_hoc,True,True,False,False,both
z_sensitivity,area,ALL,2022-09-06,capture_0.05,no_landuse_attr,0.2107840656547624,0.2107840656553545,,,,,6,6,20,20,post_hoc,post_hoc,True,True,False,False,both
z_sensitivity,area,ALL,2022-09-06,capture_0.1,all,0.3789501582665789,0.3789501582676434,,,,,6,6,196,196,post_hoc,post_hoc,True,True,False,False,both
z_sensitivity,area,ALL,2022-09-06,capture_0.1,no_landuse_attr,0.3789501582665789,0.3789501582676434,,,,,6,6,20,20,post_hoc,post_hoc,True,True,False,False,both
z_sensitivity,area,ALL,2022-09-06,capture_0.2,all,0.6466205139965657,0.646620513998382,,,,,6,6,196,196,post_hoc,post_hoc,True,True,False,False,both
z_sensitivity,area,ALL,2022-09-06,capture_0.2,no_landuse_attr,0.6466205139965657,0.646620513998382,,,,,6,6,20,20,post_hoc,post_hoc,True,True,False,False,both
z_sensitivity,area,ALL,2022-09-06,capture_0.3,all,0.6466205139965657,0.646620513998382,,,,,6,6,196,196,post_hoc,post_hoc,True,True,False,False,both
z_sensitivity,area,ALL,2022-09-06,capture_0.3,no_landuse_attr,0.6466205139965657,0.646620513998382,,,,,6,6,20,20,post_hoc,post_hoc,True,True,False,False,both
z_sensitivity,area,ALL,2022-09-06,observed-label_auc,all,0.8370884888620063,0.8370884888624398,0.734093359421022,0.73409335942133,0.965389362964338,0.965389362964338,5,5,196,196,post_hoc,post_hoc,True,True,False,False,both
z_sensitivity,area,ALL,2022-09-06,observed-label_auc,no_landuse_attr,0.8370884888620063,0.8370884888624398,0.734093359421022,0.73409335942133,0.965389362964338,0.965389362964338,5,5,20,20,post_hoc,post_hoc,True,True,False,False,both
z_sensitivity,area,ALL,2022-09-06,observed-label_auc_diff,all,0.0578449331830764,0.0578449331825557,-0.0695808988831746,-0.0695808988831746,0.190366566961927,0.1903665669615738,5,5,196,196,post_hoc,post_hoc,True,True,False,False,both
z_sensitivity,area,ALL,2022-09-06,observed-label_auc_diff,no_landuse_attr,0.0578449331830764,0.0578449331825557,-0.0695808988831746,-0.0695808988831746,0.190366566961927,0.1903665669615738,5,5,20,20,post_hoc,post_hoc,True,True,False,False,both
z_sensitivity,area,ALL,2023-08-10,capture_0.05,all,0.1381882122699601,0.1381882122697635,,,,,42,42,196,196,post_hoc,post_hoc,True,True,False,False,both
z_sensitivity,area,ALL,2023-08-10,capture_0.05,no_landuse_attr,0.1381882122699601,0.1381882122697635,,,,,42,42,20,20,post_hoc,post_hoc,True,True,False,False,both
z_sensitivity,area,ALL,2023-08-10,capture_0.1,all,0.6065493831989682,0.6065493831988187,,,,,42,42,196,196,post_hoc,post_hoc,True,True,False,False,both
z_sensitivity,area,ALL,2023-08-10,capture_0.1,no_landuse_attr,0.6065493831989682,0.6065493831988187,,,,,42,42,20,20,post_hoc,post_hoc,True,True,False,False,both
z_sensitivity,area,ALL,2023-08-10,capture_0.2,all,0.8221976719599186,0.8221976719597174,,,,,42,42,196,196,post_hoc,post_hoc,True,True,False,False,both
z_sensitivity,area,ALL,2023-08-10,capture_0.2,no_landuse_attr,0.8221976719599186,0.8221976719597174,,,,,42,42,20,20,post_hoc,post_hoc,True,True,False,False,both
z_sensitivity,area,ALL,2023-08-10,capture_0.3,all,0.974034204288858,0.9740342042887528,,,,,42,42,196,196,post_hoc,post_hoc,True,True,False,False,both
z_sensitivity,area,ALL,2023-08-10,capture_0.3,no_landuse_attr,0.974034204288858,0.9740342042887528,,,,,42,42,20,20,post_hoc,post_hoc,True,True,False,False,both
z_sensitivity,area,ALL,2023-08-10,observed-label_auc,all,0.8871200325548362,0.8871200325547878,0.7690758451941673,0.7690758451940762,0.9287409601165008,0.9287409601164888,3,3,196,196,post_hoc,post_hoc,True,True,False,False,both
z_sensitivity,area,ALL,2023-08-10,observed-label_auc,no_landuse_attr,0.8871200325548362,0.8871200325547878,0.7690758451941673,0.7690758451940762,0.9287409601165008,0.9287409601164888,3,3,20,20,post_hoc,post_hoc,True,True,False,False,both
z_sensitivity,area,ALL,2023-08-10,observed-label_auc_diff,all,0.0460741260012814,0.0460741260013015,-0.051861071527292,-0.0518610715273051,0.3295325776109288,0.3295325776108378,3,3,196,196,post_hoc,post_hoc,True,True,False,False,both
z_sensitivity,area,ALL,2023-08-10,observed-label_auc_diff,no_landuse_attr,0.0460741260012814,0.0460741260013015,-0.051861071527292,-0.0518610715273051,0.3295325776109288,0.3295325776108378,3,3,20,20,post_hoc,post_hoc,True,True,False,False,both
z_sensitivity,area,ALL,2024-07-24,capture_0.05,all,0.1090455457795838,0.1090455457795894,,,,,23,23,196,196,post_hoc,post_hoc,True,True,False,False,both
z_sensitivity,area,ALL,2024-07-24,capture_0.05,no_landuse_attr,0.1090455457795838,0.1090455457795894,,,,,23,23,20,20,post_hoc,post_hoc,True,True,False,False,both
z_sensitivity,area,ALL,2024-07-24,capture_0.1,all,0.1575654702996412,0.1575654702996493,,,,,23,23,196,196,post_hoc,post_hoc,True,True,False,False,both
z_sensitivity,area,ALL,2024-07-24,capture_0.1,no_landuse_attr,0.1575654702996412,0.1575654702996493,,,,,23,23,20,20,post_hoc,post_hoc,True,True,False,False,both
z_sensitivity,area,ALL,2024-07-24,capture_0.2,all,0.4661708870721955,0.466170887071994,,,,,23,23,196,196,post_hoc,post_hoc,True,True,False,False,both
z_sensitivity,area,ALL,2024-07-24,capture_0.2,no_landuse_attr,0.4661708870721955,0.466170887071994,,,,,23,23,20,20,post_hoc,post_hoc,True,True,False,False,both
z_sensitivity,area,ALL,2024-07-24,capture_0.3,all,0.9016758585097056,0.9016758585097608,,,,,23,23,196,196,post_hoc,post_hoc,True,True,False,False,both
z_sensitivity,area,ALL,2024-07-24,capture_0.3,no_landuse_attr,0.9016758585097056,0.9016758585097608,,,,,23,23,20,20,post_hoc,post_hoc,True,True,False,False,both
z_sensitivity,area,ALL,2024-07-24,capture_0.5,all,0.9343870051962092,0.9343870051962055,,,,,23,23,196,196,post_hoc,post_hoc,True,True,False,False,both
z_sensitivity,area,ALL,2024-07-24,capture_0.5,no_landuse_attr,0.9343870051962092,0.9343870051962055,,,,,23,23,20,20,post_hoc,post_hoc,True,True,False,False,both
z_sensitivity,area,ALL,2024-07-24,observed-label_auc,all,0.806014568921883,0.8060145689218624,0.710558171548004,0.7105581715479098,0.8732114775578987,0.8732114775578547,5,5,196,196,post_hoc,post_hoc,True,True,False,False,both
z_sensitivity,area,ALL,2024-07-24,observed-label_auc,no_landuse_attr,0.806014568921883,0.8060145689218624,0.710558171548004,0.7105581715479098,0.8732114775578987,0.8732114775578547,5,5,20,20,post_hoc,post_hoc,True,True,False,False,both
z_sensitivity,area,ALL,2024-07-24,observed-label_auc_diff,all,0.0712254404535805,0.0712254404536782,-0.0398335241554296,-0.0398335241553914,0.1748854714840902,0.1748854714842216,5,5,196,196,post_hoc,post_hoc,True,True,False,False,both
z_sensitivity,area,ALL,2024-07-24,observed-label_auc_diff,no_landuse_attr,0.0712254404535805,0.0712254404536782,-0.0398335241554296,-0.0398335241553914,0.1748854714840902,0.1748854714842216,5,5,20,20,post_hoc,post_hoc,True,True,False,False,both
z_sensitivity,area,ALL,2024-09-20,capture_0.05,agricultural,0.0026111976519881,0.002611197651988,,,,,1506,1506,119,119,post_hoc,post_hoc,True,True,False,False,both
z_sensitivity,area,ALL,2024-09-20,capture_0.05,all,0.0050980754221803,0.0050980754221805,,,,,1612,1612,196,196,post_hoc,post_hoc,True,True,False,False,both
z_sensitivity,area,ALL,2024-09-20,capture_0.05,no_landuse_attr,0.1924979136647405,0.1924979136647066,,,,,34,34,20,20,post_hoc,post_hoc,True,True,False,False,both
z_sensitivity,area,ALL,2024-09-20,capture_0.05,urban,0.5951444954959281,0.595144495495992,,,,,72,72,57,57,post_hoc,post_hoc,True,True,False,False,both
z_sensitivity,area,ALL,2024-09-20,capture_0.1,agricultural,0.0157127123818542,0.015712712381854,,,,,1506,1506,119,119,post_hoc,post_hoc,True,True,False,False,both
z_sensitivity,area,ALL,2024-09-20,capture_0.1,all,0.0209489531006941,0.0209489531006946,,,,,1612,1612,196,196,post_hoc,post_hoc,True,True,False,False,both
z_sensitivity,area,ALL,2024-09-20,capture_0.1,no_landuse_attr,0.6509348730065815,0.6509348730064966,,,,,34,34,20,20,post_hoc,post_hoc,True,True,False,False,both
z_sensitivity,area,ALL,2024-09-20,capture_0.1,urban,0.7436061601547714,0.7436061601549796,,,,,72,72,57,57,post_hoc,post_hoc,True,True,False,False,both
z_sensitivity,area,ALL,2024-09-20,capture_0.2,agricultural,0.1695963348218867,0.1695963348219007,,,,,1506,1506,119,119,post_hoc,post_hoc,True,True,False,False,both
z_sensitivity,area,ALL,2024-09-20,capture_0.2,all,0.1749319651326276,0.1749319651326421,,,,,1612,1612,196,196,post_hoc,post_hoc,True,True,False,False,both
z_sensitivity,area,ALL,2024-09-20,capture_0.2,no_landuse_attr,0.8399369184013329,0.8399369184012021,,,,,34,34,20,20,post_hoc,post_hoc,True,True,False,False,both
z_sensitivity,area,ALL,2024-09-20,capture_0.2,urban,0.860393093968585,0.8603930939688388,,,,,72,72,57,57,post_hoc,post_hoc,True,True,False,False,both
z_sensitivity,area,ALL,2024-09-20,capture_0.3,agricultural,0.4641383591294096,0.4641383591294119,,,,,1506,1506,119,119,post_hoc,post_hoc,True,True,False,False,both
z_sensitivity,area,ALL,2024-09-20,capture_0.3,all,0.4677575446542058,0.467757544654208,,,,,1612,1612,196,196,post_hoc,post_hoc,True,True,False,False,both
z_sensitivity,area,ALL,2024-09-20,capture_0.3,no_landuse_attr,0.9173327114201116,0.9173327114199632,,,,,34,34,20,20,post_hoc,post_hoc,True,True,False,False,both
z_sensitivity,area,ALL,2024-09-20,capture_0.3,urban,0.9360234226430076,0.9360234226431352,,,,,72,72,57,57,post_hoc,post_hoc,True,True,False,False,both
z_sensitivity,area,ALL,2024-09-20,capture_0.5,agricultural,0.99880195384615,0.9988019538461494,,,,,1506,1506,119,119,post_hoc,post_hoc,True,True,False,False,both
z_sensitivity,area,ALL,2024-09-20,capture_0.5,all,0.9987501394302658,0.9987501394302652,,,,,1612,1612,196,196,post_hoc,post_hoc,True,True,False,False,both
z_sensitivity,area,ALL,2024-09-20,capture_0.5,no_landuse_attr,0.9998077766219154,0.9998077766219152,,,,,34,34,20,20,post_hoc,post_hoc,True,True,False,False,both
z_sensitivity,area,ALL,2024-09-20,capture_0.5,urban,0.9755013930090743,0.9755013930090762,,,,,72,72,57,57,post_hoc,post_hoc,True,True,False,False,both
z_sensitivity,area,ALL,2024-09-20,observed-label_auc,agricultural,0.7327886871027739,0.7327886871027753,0.7165884816137505,0.7165884816137528,0.752707542005204,0.7527075420052066,119,119,119,119,post_hoc,post_hoc,True,True,False,False,both
z_sensitivity,area,ALL,2024-09-20,observed-label_auc,all,0.7341013112571241,0.734101311257126,0.718586962389688,0.7185869623896869,0.7537698927914422,0.7537698927914431,183,183,196,196,post_hoc,post_hoc,True,True,False,False,both
z_sensitivity,area,ALL,2024-09-20,observed-label_auc,no_landuse_attr,0.8918596331126644,0.8918596331126313,0.7011636162406194,0.7011636162405961,0.9195364417910824,0.9195364417910832,7,7,20,20,post_hoc,post_hoc,True,True,False,False,both
z_sensitivity,area,ALL,2024-09-20,observed-label_auc,urban,0.91562605846798,0.9156260584680376,0.8657338626310839,0.8657338626311973,0.9529874681246724,0.9529874681247597,57,57,57,57,post_hoc,post_hoc,True,True,False,False,both
z_sensitivity,area,ALL,2024-09-20,observed-label_auc_diff,agricultural,0.2910712131366202,0.2910712131366217,0.2740940745544873,0.2740940745544894,0.3122323561112169,0.3122323561112201,119,119,119,119,post_hoc,post_hoc,True,True,False,False,both
z_sensitivity,area,ALL,2024-09-20,observed-label_auc_diff,all,0.2887689816710537,0.288768981671055,0.2725467249397343,0.2725467249397352,0.3072973325652472,0.30729733256525,183,183,196,196,post_hoc,post_hoc,True,True,False,False,both
z_sensitivity,area,ALL,2024-09-20,observed-label_auc_diff,no_landuse_attr,-0.0015534237809062,-0.0015534237808685,-0.0450496500593145,-0.0450496500592994,0.2895805505700249,0.2895805505699628,7,7,20,20,post_hoc,post_hoc,True,True,False,False,both
z_sensitivity,area,ALL,2024-09-20,observed-label_auc_diff,urban,0.0004762059417898,0.0004762059417147,-0.0320853812486656,-0.0320853812487422,0.0366761219775529,0.0366761219774614,57,57,57,57,post_hoc,post_hoc,True,True,False,False,both
z_sensitivity,area,ALL,ALL,capture_0.05,agricultural,0.0026111976519881,0.002611197651988,,,,,1506,1506,119,119,post_hoc,post_hoc,True,True,False,False,both
z_sensitivity,area,ALL,ALL,capture_0.05,all,0.0058380612436632,0.0058380612436624,,,,,1674,1674,196,196,post_hoc,post_hoc,True,True,False,False,both
z_sensitivity,area,ALL,ALL,capture_0.05,no_landuse_attr,0.163309818959966,0.1633098189598684,,,,,96,96,20,20,post_hoc,post_hoc,True,True,False,False,both
z_sensitivity,area,ALL,ALL,capture_0.05,urban,0.5951444954959281,0.595144495495992,,,,,72,72,57,57,post_hoc,post_hoc,True,True,False,False,both
z_sensitivity,area,ALL,ALL,capture_0.1,agricultural,0.0157127123818542,0.015712712381854,,,,,1506,1506,119,119,post_hoc,post_hoc,True,True,False,False,both
z_sensitivity,area,ALL,ALL,capture_0.1,all,0.0239524424425436,0.0239524424425431,,,,,1674,1674,196,196,post_hoc,post_hoc,True,True,False,False,both
z_sensitivity,area,ALL,ALL,capture_0.1,no_landuse_attr,0.5994193621765437,0.5994193621764516,,,,,96,96,20,20,post_hoc,post_hoc,True,True,False,False,both
z_sensitivity,area,ALL,ALL,capture_0.1,urban,0.7436061601547714,0.7436061601549796,,,,,72,72,57,57,post_hoc,post_hoc,True,True,False,False,both
z_sensitivity,area,ALL,ALL,capture_0.2,agricultural,0.1695963348218867,0.1695963348219007,,,,,1506,1506,119,119,post_hoc,post_hoc,True,True,False,False,both
z_sensitivity,area,ALL,ALL,capture_0.2,all,0.1783515021667693,0.1783515021667824,,,,,1674,1674,196,196,post_hoc,post_hoc,True,True,False,False,both
z_sensitivity,area,ALL,ALL,capture_0.2,no_landuse_attr,0.8080625815812575,0.8080625815811086,,,,,96,96,20,20,post_hoc,post_hoc,True,True,False,False,both
z_sensitivity,area,ALL,ALL,capture_0.2,urban,0.860393093968585,0.8603930939688388,,,,,72,72,57,57,post_hoc,post_hoc,True,True,False,False,both
z_sensitivity,area,ALL,ALL,capture_0.3,agricultural,0.4641383591294096,0.4641383591294119,,,,,1506,1506,119,119,post_hoc,post_hoc,True,True,False,False,both
z_sensitivity,area,ALL,ALL,capture_0.3,all,0.4705592536495548,0.4705592536495564,,,,,1674,1674,196,196,post_hoc,post_hoc,True,True,False,False,both
z_sensitivity,area,ALL,ALL,capture_0.3,no_landuse_attr,0.9400485725981618,0.9400485725980584,,,,,96,96,20,20,post_hoc,post_hoc,True,True,False,False,both
z_sensitivity,area,ALL,ALL,capture_0.3,urban,0.9360234226430076,0.9360234226431352,,,,,72,72,57,57,post_hoc,post_hoc,True,True,False,False,both
z_sensitivity,area,ALL,ALL,capture_0.5,agricultural,0.99880195384615,0.9988019538461494,,,,,1506,1506,119,119,post_hoc,post_hoc,True,True,False,False,both
z_sensitivity,area,ALL,ALL,capture_0.5,all,0.9987128600940034,0.9987128600940032,,,,,1674,1674,196,196,post_hoc,post_hoc,True,True,False,False,both
z_sensitivity,area,ALL,ALL,capture_0.5,urban,0.9755013930090743,0.9755013930090762,,,,,72,72,57,57,post_hoc,post_hoc,True,True,False,False,both
z_sensitivity,area,ALL,ALL,observed-label_auc,agricultural,0.7327886871027739,0.7327886871027753,0.7165884816137505,0.7165884816137528,0.752707542005204,0.7527075420052066,119,119,119,119,post_hoc,post_hoc,True,True,False,False,both
z_sensitivity,area,ALL,ALL,observed-label_auc,all,0.7349112332757591,0.7349112332757608,0.7193168003522235,0.7193168003522231,0.754638592042918,0.7546385920429237,196,196,196,196,post_hoc,post_hoc,True,True,False,False,both
z_sensitivity,area,ALL,ALL,observed-label_auc,no_landuse_attr,0.8841815189391058,0.8841815189390709,0.8034067134937521,0.8034067134936981,0.9144903576558192,0.9144903576558112,20,20,20,20,post_hoc,post_hoc,True,True,False,False,both
z_sensitivity,area,ALL,ALL,observed-label_auc,urban,0.91562605846798,0.9156260584680376,0.8657338626310839,0.8657338626311973,0.9529874681246724,0.9529874681247597,57,57,57,57,post_hoc,post_hoc,True,True,False,False,both
z_sensitivity,area,ALL,ALL,observed-label_auc_diff,agricultural,0.2910712131366202,0.2910712131366217,0.2740940745544873,0.2740940745544894,0.3122323561112169,0.3122323561112201,119,119,119,119,post_hoc,post_hoc,True,True,False,False,both
z_sensitivity,area,ALL,ALL,observed-label_auc_diff,all,0.2874100335140547,0.2874100335140566,0.2714698613770867,0.271469861377087,0.3060478260276936,0.3060478260276976,196,196,196,196,post_hoc,post_hoc,True,True,False,False,both
z_sensitivity,area,ALL,ALL,observed-label_auc_diff,no_landuse_attr,0.0244617521764396,0.0244617521764661,-0.036344558825026,-0.036344558825014,0.1877809774341264,0.1877809774341406,20,20,20,20,post_hoc,post_hoc,True,True,False,False,both
z_sensitivity,area,ALL,ALL,observed-label_auc_diff,urban,0.0004762059417898,0.0004762059417147,-0.0320853812486656,-0.0320853812487422,0.0366761219775529,0.0366761219774614,57,57,57,57,post_hoc,post_hoc,True,True,False,False,both
z_sensitivity,area,ALL,MACRO,capture_0.05,agricultural,0.0026111976519881,0.002611197651988,0.0026111976519881,0.002611197651988,0.0026111976519881,0.002611197651988,1,1,119,119,post_hoc,post_hoc,True,True,False,False,both
z_sensitivity,area,ALL,MACRO,capture_0.05,all,0.1157789747816216,0.115778974781722,0.0383706096341253,0.0383706096340763,0.1853494356859678,0.1853494356864133,4,4,196,196,post_hoc,post_hoc,True,True,False,False,both
z_sensitivity,area,ALL,MACRO,capture_0.05,no_landuse_attr,0.1626289343422617,0.1626289343423535,0.1236168790247719,0.1236168790246765,0.2016409896597515,0.2016409896600306,4,4,20,20,post_hoc,post_hoc,True,True,False,False,both
z_sensitivity,area,ALL,MACRO,capture_0.05,urban,0.5951444954959281,0.595144495495992,0.5951444954959281,0.595144495495992,0.5951444954959281,0.595144495495992,1,1,57,57,post_hoc,post_hoc,True,True,False,False,both
z_sensitivity,area,ALL,MACRO,capture_0.1,agricultural,0.0157127123818542,0.015712712381854,0.0157127123818542,0.015712712381854,0.0157127123818542,0.015712712381854,1,1,119,119,post_hoc,post_hoc,True,True,False,False,both
z_sensitivity,area,ALL,MACRO,capture_0.1,all,0.2910034912164706,0.2910034912167015,0.0892572117001677,0.0892572117001719,0.4943034049741365,0.4943034049740263,4,4,196,196,post_hoc,post_hoc,True,True,False,False,both
z_sensitivity,area,ALL,MACRO,capture_0.1,no_landuse_attr,0.4484999711929425,0.448499971193152,0.2682578142831101,0.2682578142836463,0.6287421281027749,0.6287421281026576,4,4,20,20,post_hoc,post_hoc,True,True,False,False,both
z_sensitivity,area,ALL,MACRO,capture_0.1,urban,0.7436061601547714,0.7436061601549796,0.7436061601547714,0.7436061601549796,0.7436061601547714,0.7436061601549796,1,1,57,57,post_hoc,post_hoc,True,True,False,False,both
z_sensitivity,area,ALL,MACRO,capture_0.2,agricultural,0.1695963348218867,0.1695963348219007,0.1695963348218867,0.1695963348219007,0.1695963348218867,0.1695963348219007,1,1,119,119,post_hoc,post_hoc,True,True,False,False,both
z_sensitivity,area,ALL,MACRO,capture_0.2,all,0.5274802595403268,0.5274802595406839,0.2477416956175196,0.2477416956174801,0.7344090929782421,0.7344090929790497,4,4,196,196,post_hoc,post_hoc,True,True,False,False,both
z_sensitivity,area,ALL,MACRO,capture_0.2,no_landuse_attr,0.6937314978575032,0.6937314978578238,0.5551775832941264,0.5551775832939249,0.8310672951806257,0.8310672951804597,4,4,20,20,post_hoc,post_hoc,True,True,False,False,both
z_sensitivity,area,ALL,MACRO,capture_0.2,urban,0.860393093968585,0.8603930939688388,0.860393093968585,0.8603930939688388,0.860393093968585,0.8603930939688388,1,1,57,57,post_hoc,post_hoc,True,True,False,False,both
z_sensitivity,area,ALL,MACRO,capture_0.3,agricultural,0.4641383591294096,0.4641383591294119,0.4641383591294096,0.4641383591294119,0.4641383591294096,0.4641383591294119,1,1,119,119,post_hoc,post_hoc,True,True,False,False,both
z_sensitivity,area,ALL,MACRO,capture_0.3,all,0.7475220303623338,0.7475220303627759,0.5571890293253858,0.557189029326295,0.95594461784407,0.9559446178440048,4,4,196,196,post_hoc,post_hoc,True,True,False,False,both
z_sensitivity,area,ALL,MACRO,capture_0.3,no_landuse_attr,0.8599158220538103,0.8599158220542147,0.7142985633524522,0.7142985633537773,0.95594461784407,0.9559446178440048,4,4,20,20,post_hoc,post_hoc,True,True,False,False,both
z_sensitivity,area,ALL,MACRO,capture_0.3,urban,0.9360234226430076,0.9360234226431352,0.9360234226430076,0.9360234226431352,0.9360234226430076,0.9360234226431352,1,1,57,57,post_hoc,post_hoc,True,True,False,False,both
z_sensitivity,area,ALL,MACRO,capture_0.5,agricultural,0.99880195384615,0.9988019538461494,0.99880195384615,0.9988019538461494,0.99880195384615,0.9988019538461494,1,1,119,119,post_hoc,post_hoc,True,True,False,False,both
z_sensitivity,area,ALL,MACRO,capture_0.5,all,0.9832842861566188,0.9832842861566176,0.950782442268596,0.9507824422685932,1.0,1.0,4,4,196,196,post_hoc,post_hoc,True,True,False,False,both
z_sensitivity,area,ALL,MACRO,capture_0.5,no_landuse_attr,0.9835486954545312,0.9835486954545304,0.9507902538971568,0.950790253897154,1.0,1.0,4,4,20,20,post_hoc,post_hoc,True,True,False,False,both
z_sensitivity,area,ALL,MACRO,capture_0.5,urban,0.9755013930090743,0.9755013930090762,0.9755013930090743,0.9755013930090762,0.9755013930090743,0.9755013930090762,1,1,57,57,post_hoc,post_hoc,True,True,False,False,both
z_sensitivity,area,ALL,MACRO,observed-label_auc,agricultural,0.7327886871027739,0.7327886871027753,0.7327886871027739,0.7327886871027753,0.7327886871027739,0.7327886871027753,1,1,119,119,post_hoc,post_hoc,True,True,False,False,both
z_sensitivity,area,ALL,MACRO,observed-label_auc,all,0.8160811003989624,0.816081100399054,0.7598481056583446,0.7598481056584543,0.866843666646598,0.8668436666465564,4,4,196,196,post_hoc,post_hoc,True,True,False,False,both
z_sensitivity,area,ALL,MACRO,observed-label_auc,no_landuse_attr,0.8555206808628474,0.8555206808629303,0.8215515288919446,0.8215515288921511,0.8894898328337503,0.8894898328337095,4,4,20,20,post_hoc,post_hoc,True,True,False,False,both
z_sensitivity,area,ALL,MACRO,observed-label_auc,urban,0.91562605846798,0.9156260584680376,0.91562605846798,0.9156260584680376,0.91562605846798,0.9156260584680376,1,1,57,57,post_hoc,post_hoc,True,True,False,False,both
z_sensitivity,area,ALL,MACRO,observed-label_auc_diff,agricultural,0.2910712131366202,0.2910712131366217,0.2910712131366202,0.2910712131366217,0.2910712131366202,0.2910712131366217,1,1,119,119,post_hoc,post_hoc,True,True,False,False,both
z_sensitivity,area,ALL,MACRO,observed-label_auc_diff,all,0.115978370327248,0.1159783703271476,0.0519595295921789,0.0519595295919286,0.2310379695490594,0.2310379695489302,4,4,196,196,post_hoc,post_hoc,True,True,False,False,both
z_sensitivity,area,ALL,MACRO,observed-label_auc_diff,no_landuse_attr,0.043397768964258,0.0433977689641667,0.0132961654600894,0.0132961654599875,0.0649376118405058,0.0649376118405841,4,4,20,20,post_hoc,post_hoc,True,True,False,False,both
z_sensitivity,area,ALL,MACRO,observed-label_auc_diff,urban,0.0004762059417898,0.0004762059417147,0.0004762059417898,0.0004762059417147,0.0004762059417898,0.0004762059417147,1,1,57,57,post_hoc,post_hoc,True,True,False,False,both
z_sensitivity,object,ALL,2023-08-10,capture_0.05,all,0.1300739299715945,0.1300739299714451,,,,,3,3,196,196,post_hoc,post_hoc,True,True,False,False,both
z_sensitivity,object,ALL,2023-08-10,capture_0.05,no_landuse_attr,0.1300739299715945,0.1300739299714451,,,,,3,3,20,20,post_hoc,post_hoc,True,True,False,False,both
z_sensitivity,object,ALL,2023-08-10,capture_0.1,all,0.5228071957472417,0.5228071957472199,,,,,3,3,196,196,post_hoc,post_hoc,True,True,False,False,both
z_sensitivity,object,ALL,2023-08-10,capture_0.1,no_landuse_attr,0.5228071957472417,0.5228071957472199,,,,,3,3,20,20,post_hoc,post_hoc,True,True,False,False,both
z_sensitivity,object,ALL,2023-08-10,capture_0.2,all,0.7560108689806869,0.7560108689805372,,,,,3,3,196,196,post_hoc,post_hoc,True,True,False,False,both
z_sensitivity,object,ALL,2023-08-10,capture_0.2,no_landuse_attr,0.7560108689806869,0.7560108689805372,,,,,3,3,20,20,post_hoc,post_hoc,True,True,False,False,both
z_sensitivity,object,ALL,2023-08-10,capture_0.3,all,0.9643684534301582,0.964368453430032,,,,,3,3,196,196,post_hoc,post_hoc,True,True,False,False,both
z_sensitivity,object,ALL,2023-08-10,capture_0.3,no_landuse_attr,0.9643684534301582,0.964368453430032,,,,,3,3,20,20,post_hoc,post_hoc,True,True,False,False,both
z_sensitivity,object,ALL,2023-08-10,observed-label_auc,all,0.872605441997338,0.8726054419973029,0.7690758451941674,0.7690758451940761,0.9287409601165008,0.9287409601164884,3,3,196,196,post_hoc,post_hoc,True,True,False,False,both
z_sensitivity,object,ALL,2023-08-10,observed-label_auc,no_landuse_attr,0.872605441997338,0.8726054419973029,0.7690758451941674,0.7690758451940761,0.9287409601165008,0.9287409601164884,3,3,20,20,post_hoc,post_hoc,True,True,False,False,both
z_sensitivity,object,ALL,2023-08-10,observed-label_auc_diff,all,0.0807048722984148,0.0807048722983794,-0.0518610715272919,-0.0518610715273053,0.3295325776109289,0.3295325776108376,3,3,196,196,post_hoc,post_hoc,True,True,False,False,both
z_sensitivity,object,ALL,2023-08-10,observed-label_auc_diff,no_landuse_attr,0.0807048722984148,0.0807048722983794,-0.0518610715272919,-0.0518610715273053,0.3295325776109289,0.3295325776108376,3,3,20,20,post_hoc,post_hoc,True,True,False,False,both
z_sensitivity,object,ALL,2024-07-24,capture_0.1,all,0.2138454681496861,0.2138454681497144,,,,,5,5,196,196,post_hoc,post_hoc,True,True,False,False,both
z_sensitivity,object,ALL,2024-07-24,capture_0.1,no_landuse_attr,0.2138454681496861,0.2138454681497144,,,,,5,5,20,20,post_hoc,post_hoc,True,True,False,False,both
z_sensitivity,object,ALL,2024-07-24,capture_0.2,all,0.3642258190374652,0.3642258190372264,,,,,5,5,196,196,post_hoc,post_hoc,True,True,False,False,both
z_sensitivity,object,ALL,2024-07-24,capture_0.2,no_landuse_attr,0.3642258190374652,0.3642258190372264,,,,,5,5,20,20,post_hoc,post_hoc,True,True,False,False,both
z_sensitivity,object,ALL,2024-07-24,capture_0.3,all,0.821496850231123,0.8214968502314319,,,,,5,5,196,196,post_hoc,post_hoc,True,True,False,False,both
z_sensitivity,object,ALL,2024-07-24,capture_0.3,no_landuse_attr,0.821496850231123,0.8214968502314319,,,,,5,5,20,20,post_hoc,post_hoc,True,True,False,False,both
z_sensitivity,object,ALL,2024-07-24,capture_0.5,all,0.8665866573637313,0.8665866573640495,,,,,5,5,196,196,post_hoc,post_hoc,True,True,False,False,both
z_sensitivity,object,ALL,2024-07-24,capture_0.5,no_landuse_attr,0.8665866573637313,0.8665866573640495,,,,,5,5,20,20,post_hoc,post_hoc,True,True,False,False,both
z_sensitivity,object,ALL,2024-07-24,observed-label_auc,all,0.7812857409371193,0.7812857409371732,0.673929247693106,0.673929247693317,0.8840343744222897,0.8840343744222402,5,5,196,196,post_hoc,post_hoc,True,True,False,False,both
z_sensitivity,object,ALL,2024-07-24,observed-label_auc,no_landuse_attr,0.7812857409371193,0.7812857409371732,0.673929247693106,0.673929247693317,0.8840343744222897,0.8840343744222402,5,5,20,20,post_hoc,post_hoc,True,True,False,False,both
z_sensitivity,object,ALL,2024-07-24,observed-label_auc_diff,all,0.0928704605508072,0.0928704605508577,-0.0425588157624896,-0.0425588157624934,0.2209784019900512,0.2209784019902869,5,5,196,196,post_hoc,post_hoc,True,True,False,False,both
z_sensitivity,object,ALL,2024-07-24,observed-label_auc_diff,no_landuse_attr,0.0928704605508072,0.0928704605508577,-0.0425588157624896,-0.0425588157624934,0.2209784019900512,0.2209784019902869,5,5,20,20,post_hoc,post_hoc,True,True,False,False,both
z_sensitivity,object,ALL,2024-09-20,capture_0.05,all,0.1634129217645169,0.1634129217645122,,,,,183,183,196,196,post_hoc,post_hoc,True,True,False,False,both
z_sensitivity,object,ALL,2024-09-20,capture_0.05,no_landuse_attr,0.0327907788396977,0.032790778839697,,,,,7,7,20,20,post_hoc,post_hoc,True,True,False,False,both
z_sensitivity,object,ALL,2024-09-20,capture_0.05,urban,0.517237074416672,0.5172370744166568,,,,,57,57,57,57,post_hoc,post_hoc,True,True,False,False,both
z_sensitivity,object,ALL,2024-09-20,capture_0.1,agricultural,0.0399350450492224,0.0399350450492235,,,,,119,119,119,119,post_hoc,post_hoc,True,True,False,False,both
z_sensitivity,object,ALL,2024-09-20,capture_0.1,all,0.2412390848770481,0.2412390848770489,,,,,183,183,196,196,post_hoc,post_hoc,True,True,False,False,both
z_sensitivity,object,ALL,2024-09-20,capture_0.1,no_landuse_attr,0.1118274244549908,0.1118274244549936,,,,,7,7,20,20,post_hoc,post_hoc,True,True,False,False,both
z_sensitivity,object,ALL,2024-09-20,capture_0.2,agricultural,0.3709120286227443,0.3709120286227449,,,,,119,119,119,119,post_hoc,post_hoc,True,True,False,False,both
z_sensitivity,object,ALL,2024-09-20,capture_0.2,all,0.5069109254203317,0.5069109254203319,,,,,183,183,196,196,post_hoc,post_hoc,True,True,False,False,both
z_sensitivity,object,ALL,2024-09-20,capture_0.3,agricultural,0.7035194269479054,0.7035194269479005,,,,,119,119,119,119,post_hoc,post_hoc,True,True,False,False,both
z_sensitivity,object,ALL,2024-09-20,capture_0.3,all,0.7708289075764319,0.7708289075764283,,,,,183,183,196,196,post_hoc,post_hoc,True,True,False,False,both
z_sensitivity,object,ALL,2024-09-20,capture_0.3,no_landuse_attr,0.6468326889241495,0.6468326889241423,,,,,7,7,20,20,post_hoc,post_hoc,True,True,False,False,both
z_sensitivity,object,ALL,2024-09-20,capture_0.5,all,0.9817250959499636,0.9817250959499638,,,,,183,183,196,196,post_hoc,post_hoc,True,True,False,False,both
z_sensitivity,object,ALL,2024-09-20,capture_0.5,no_landuse_attr,0.9986562960409042,0.998656296040915,,,,,7,7,20,20,post_hoc,post_hoc,True,True,False,False,both
z_sensitivity,object,ALL,2024-09-20,observed-label_auc,agricultural,0.7644344414776428,0.7644344414776426,0.7490843682327019,0.7490843682327027,0.7793518684597448,0.7793518684597435,119,119,119,119,post_hoc,post_hoc,True,True,False,False,both
z_sensitivity,object,ALL,2024-09-20,observed-label_auc,all,0.8081844941834656,0.8081844941834656,0.7914218601226349,0.791421860122635,0.8256187595148395,0.8256187595148388,183,183,196,196,post_hoc,post_hoc,True,True,False,False,both
z_sensitivity,object,ALL,2024-09-20,observed-label_auc,no_landuse_attr,0.7564510921578173,0.75645109215782,0.7077762433487682,0.7077762433487769,0.8217010127671941,0.8217010127671944,7,7,20,20,post_hoc,post_hoc,True,True,False,False,both
z_sensitivity,object,ALL,2024-09-20,observed-label_auc,urban,0.905875548326841,0.9058755483268404,0.8697102680683203,0.8697102680683195,0.934342586286764,0.9343425862867636,57,57,57,57,post_hoc,post_hoc,True,True,False,False,both
z_sensitivity,object,ALL,2024-09-20,observed-label_auc_diff,agricultural,0.3141118804606004,0.3141118804606011,0.2974438790213639,0.297443879021365,0.3316793791932282,0.3316793791932276,119,119,119,119,post_hoc,post_hoc,True,True,False,False,both
z_sensitivity,object,ALL,2024-09-20,observed-label_auc_diff,all,0.2146057647379973,0.214605764737998,0.1902724693888864,0.1902724693888857,0.238197012241382,0.2381970122413824,183,183,196,196,post_hoc,post_hoc,True,True,False,False,both
z_sensitivity,object,ALL,2024-09-20,observed-label_auc_diff,no_landuse_attr,0.170791992671164,0.1707919926711669,0.0340242608761592,0.0340242608761613,0.2840103439359059,0.2840103439359048,7,7,20,20,post_hoc,post_hoc,True,True,False,False,both
z_sensitivity,object,ALL,2024-09-20,observed-label_auc_diff,urban,0.0122455653253215,0.0122455653253211,-0.0188544682765787,-0.0188544682765787,0.046353093244897,0.0463530932448967,57,57,57,57,post_hoc,post_hoc,True,True,False,False,both
z_sensitivity,object,ALL,ALL,capture_0.05,all,0.1685406777364659,0.1685406777364592,,,,,196,196,196,196,post_hoc,post_hoc,True,True,False,False,both
z_sensitivity,object,ALL,ALL,capture_0.05,no_landuse_attr,0.1679471802659301,0.1679471802659075,,,,,20,20,20,20,post_hoc,post_hoc,True,True,False,False,both
z_sensitivity,object,ALL,ALL,capture_0.05,urban,0.517237074416672,0.5172370744166568,,,,,57,57,57,57,post_hoc,post_hoc,True,True,False,False,both
z_sensitivity,object,ALL,ALL,capture_0.1,agricultural,0.0399350450492224,0.0399350450492235,,,,,119,119,119,119,post_hoc,post_hoc,True,True,False,False,both
z_sensitivity,object,ALL,ALL,capture_0.1,all,0.254002048267806,0.2540020482678071,,,,,196,196,196,196,post_hoc,post_hoc,True,True,False,False,both
z_sensitivity,object,ALL,ALL,capture_0.1,no_landuse_attr,0.3210220449587545,0.3210220449587593,,,,,20,20,20,20,post_hoc,post_hoc,True,True,False,False,both
z_sensitivity,object,ALL,ALL,capture_0.2,agricultural,0.3709120286227443,0.3709120286227449,,,,,119,119,119,119,post_hoc,post_hoc,True,True,False,False,both
z_sensitivity,object,ALL,ALL,capture_0.2,all,0.5145605155818881,0.5145605155818801,,,,,196,196,196,196,post_hoc,post_hoc,True,True,False,False,both
z_sensitivity,object,ALL,ALL,capture_0.2,no_landuse_attr,0.4611611605366251,0.4611611605365429,,,,,20,20,20,20,post_hoc,post_hoc,True,True,False,False,both
z_sensitivity,object,ALL,ALL,capture_0.3,agricultural,0.7035194269479054,0.7035194269479005,,,,,119,119,119,119,post_hoc,post_hoc,True,True,False,False,both
z_sensitivity,object,ALL,ALL,capture_0.3,all,0.7758279576425159,0.7758279576425187,,,,,196,196,196,196,post_hoc,post_hoc,True,True,False,False,both
z_sensitivity,object,ALL,ALL,capture_0.3,no_landuse_attr,0.7764209216957567,0.7764209216958126,,,,,20,20,20,20,post_hoc,post_hoc,True,True,False,False,both
z_sensitivity,object,ALL,ALL,capture_0.5,all,0.97953380533501,0.9795338053350188,,,,,196,196,196,196,post_hoc,post_hoc,True,True,False,False,both
z_sensitivity,object,ALL,ALL,capture_0.5,no_landuse_attr,0.9661763679552492,0.9661763679553326,,,,,20,20,20,20,post_hoc,post_hoc,True,True,False,False,both
z_sensitivity,object,ALL,ALL,observed-label_auc,agricultural,0.7644344414776428,0.7644344414776426,0.7490843682327019,0.7490843682327027,0.7793518684597448,0.7793518684597435,119,119,119,119,post_hoc,post_hoc,True,True,False,False,both
z_sensitivity,object,ALL,ALL,observed-label_auc,all,0.8105463042839601,0.8105463042839607,0.7948553330035073,0.7948553330035069,0.8268412356603426,0.8268412356603447,196,196,196,196,post_hoc,post_hoc,True,True,False,False,both
z_sensitivity,object,ALL,ALL,observed-label_auc,no_landuse_attr,0.8132235424593315,0.8132235424593406,0.7694987259021667,0.769498725902214,0.856505222174829,0.8565052221748232,20,20,20,20,post_hoc,post_hoc,True,True,False,False,both
z_sensitivity,object,ALL,ALL,observed-label_auc,urban,0.905875548326841,0.9058755483268404,0.8697102680683203,0.8697102680683195,0.934342586286764,0.9343425862867636,57,57,57,57,post_hoc,post_hoc,True,True,False,False,both
z_sensitivity,object,ALL,ALL,observed-label_auc_diff,agricultural,0.3141118804606004,0.3141118804606011,0.2974438790213639,0.297443879021365,0.3316793791932282,0.3316793791932276,119,119,119,119,post_hoc,post_hoc,True,True,False,False,both
z_sensitivity,object,ALL,ALL,observed-label_auc_diff,all,0.2046502838431674,0.2046502838431685,0.1806153955749262,0.1806153955749269,0.2280331976561346,0.228033197656138,196,196,196,196,post_hoc,post_hoc,True,True,False,False,both
z_sensitivity,object,ALL,ALL,observed-label_auc_diff,no_landuse_attr,0.1017072317452693,0.1017072317452775,0.0367581532131963,0.0367581532132159,0.1708793834582196,0.1708793834582006,20,20,20,20,post_hoc,post_hoc,True,True,False,False,both
z_sensitivity,object,ALL,ALL,observed-label_auc_diff,urban,0.0122455653253215,0.0122455653253211,-0.0188544682765787,-0.0188544682765787,0.046353093244897,0.0463530932448967,57,57,57,57,post_hoc,post_hoc,True,True,False,False,both
z_sensitivity,object,ALL,MACRO,capture_0.05,all,0.2103310311103246,0.2103310311102861,0.1384086779198251,0.1384086779197119,0.3325184824928986,0.3325184824928613,4,4,196,196,post_hoc,post_hoc,True,True,False,False,both
z_sensitivity,object,ALL,MACRO,capture_0.05,no_landuse_attr,0.1776754953791198,0.1776754953790823,0.06155240230607,0.0615524023060695,0.3325184824928986,0.3325184824928613,4,4,20,20,post_hoc,post_hoc,True,True,False,False,both
z_sensitivity,object,ALL,MACRO,capture_0.05,urban,0.517237074416672,0.5172370744166568,0.517237074416672,0.5172370744166568,0.517237074416672,0.5172370744166568,1,1,57,57,post_hoc,post_hoc,True,True,False,False,both
z_sensitivity,object,ALL,MACRO,capture_0.1,agricultural,0.0399350450492224,0.0399350450492235,0.0399350450492224,0.0399350450492235,0.0399350450492224,0.0399350450492235,1,1,119,119,post_hoc,post_hoc,True,True,False,False,both
z_sensitivity,object,ALL,MACRO,capture_0.1,all,0.3944729371934939,0.3944729371934958,0.2275422765133671,0.2275422765133817,0.5618860529001979,0.5618860529001872,4,4,196,196,post_hoc,post_hoc,True,True,False,False,both
z_sensitivity,object,ALL,MACRO,capture_0.1,no_landuse_attr,0.3621200220879796,0.362120022087982,0.1628364463023384,0.162836446302354,0.5614035978736208,0.5614035978736099,4,4,20,20,post_hoc,post_hoc,True,True,False,False,both
z_sensitivity,object,ALL,MACRO,capture_0.2,agricultural,0.3709120286227443,0.3709120286227449,0.3709120286227443,0.3709120286227449,0.3709120286227443,0.3709120286227449,1,1,119,119,post_hoc,post_hoc,True,True,False,False,both
z_sensitivity,object,ALL,MACRO,capture_0.2,all,0.6067869033596209,0.6067869033595239,0.4355683722288984,0.4355683722287791,0.7780054344903435,0.7780054344902686,4,4,196,196,post_hoc,post_hoc,True,True,False,False,both
z_sensitivity,object,ALL,MACRO,capture_0.2,no_landuse_attr,0.5205613687403635,0.5205613687402664,0.2631173029903836,0.2631173029902642,0.7780054344903435,0.7780054344902686,4,4,20,20,post_hoc,post_hoc,True,True,False,False,both
z_sensitivity,object,ALL,MACRO,capture_0.3,agricultural,0.7035194269479054,0.7035194269479005,0.7035194269479054,0.7035194269479005,0.7035194269479054,0.7035194269479005,1,1,119,119,post_hoc,post_hoc,True,True,False,False,both
z_sensitivity,object,ALL,MACRO,capture_0.3,all,0.8391735528094283,0.8391735528094731,0.7834958932401046,0.7834958932401792,0.9232763400726188,0.923276340072524,4,4,196,196,post_hoc,post_hoc,True,True,False,False,both
z_sensitivity,object,ALL,MACRO,capture_0.3,no_landuse_attr,0.8081744981463577,0.8081744981464015,0.6904987292508928,0.6904987292509648,0.9232763400726186,0.923276340072524,4,4,20,20,post_hoc,post_hoc,True,True,False,False,both
z_sensitivity,object,ALL,MACRO,capture_0.5,all,0.9620779383284236,0.9620779383285032,0.8999399930227985,0.8999399930230372,1.0,1.0,4,4,196,196,post_hoc,post_hoc,True,True,False,False,both
z_sensitivity,object,ALL,MACRO,capture_0.5,no_landuse_attr,0.9663107383511588,0.9663107383512411,0.8999399930227985,0.8999399930230372,1.0,1.0,4,4,20,20,post_hoc,post_hoc,True,True,False,False,both
z_sensitivity,object,ALL,MACRO,observed-label_auc,agricultural,0.7644344414776428,0.7644344414776426,0.7644344414776428,0.7644344414776426,0.7644344414776428,0.7644344414776426,1,1,119,119,post_hoc,post_hoc,True,True,False,False,both
z_sensitivity,object,ALL,MACRO,observed-label_auc,all,0.8377723279496956,0.8377723279497002,0.7947351175602925,0.7947351175603194,0.8808095383390988,0.8808095383390813,4,4,196,196,post_hoc,post_hoc,True,True,False,False,both
z_sensitivity,object,ALL,MACRO,observed-label_auc,no_landuse_attr,0.8248389774432835,0.8248389774432889,0.7688684165474683,0.7688684165474966,0.8808095383390988,0.8808095383390813,4,4,20,20,post_hoc,post_hoc,True,True,False,False,both
z_sensitivity,object,ALL,MACRO,observed-label_auc,urban,0.905875548326841,0.9058755483268404,0.905875548326841,0.9058755483268404,0.905875548326841,0.9058755483268404,1,1,57,57,post_hoc,post_hoc,True,True,False,False,both
z_sensitivity,object,ALL,MACRO,observed-label_auc_diff,agricultural,0.3141118804606004,0.3141118804606011,0.3141118804606004,0.3141118804606011,0.3141118804606004,0.3141118804606011,1,1,119,119,post_hoc,post_hoc,True,True,False,False,both
z_sensitivity,object,ALL,MACRO,observed-label_auc_diff,all,0.1036519627247025,0.1036519627247064,0.0430376801213947,0.0430376801214074,0.1811305416281017,0.1811305416280934,4,4,196,196,post_hoc,post_hoc,True,True,False,False,both
z_sensitivity,object,ALL,MACRO,observed-label_auc_diff,no_landuse_attr,0.0926985197079942,0.0926985197079987,0.0430376801213947,0.0430376801214074,0.1482702125779767,0.14827021257797,4,4,20,20,post_hoc,post_hoc,True,True,False,False,both
z_sensitivity,object,ALL,MACRO,observed-label_auc_diff,urban,0.0122455653253215,0.0122455653253211,0.0122455653253215,0.0122455653253211,0.0122455653253215,0.0122455653253211,1,1,57,57,post_hoc,post_hoc,True,True,False,False,both
