rule,size_m,score,metric,role_group,median,n_events
any,100,L1,capture_0.2,all,0.5386650232293544,10
any,100,L1,capture_0.2,development,0.5386650232293544,6
any,100,L1,capture_0.2,holdout,0.3944099378881987,4
any,100,L1,cell_auc,all,0.7498867416865854,10
any,100,L1,cell_auc,development,0.7858132929402502,6
any,100,L1,cell_auc,holdout,0.6820890652111791,4
any,100,L1,object_auc,all,0.7948866693077021,10
any,100,L1,object_auc,development,0.7952064623921147,6
any,100,L1,object_auc,holdout,0.7548738052727366,4
any,100,hand_acc_neg,capture_0.2,all,0.8524392527740063,10
any,100,hand_acc_neg,capture_0.2,development,0.916973125884017,6
any,100,hand_acc_neg,capture_0.2,holdout,0.6454451345755694,4
any,100,hand_acc_neg,cell_auc,all,0.8646836768508981,10
any,100,hand_acc_neg,cell_auc,development,0.8729184925421105,6
any,100,hand_acc_neg,cell_auc,holdout,0.8083418247045655,4
any,100,hand_acc_neg,object_auc,all,0.8472950558209973,10
any,100,hand_acc_neg,object_auc,development,0.8638788603051771,6
any,100,hand_acc_neg,object_auc,holdout,0.8084306184378756,4
any,100,hand_neg,capture_0.2,all,0.8365229110512129,10
any,100,hand_neg,capture_0.2,development,0.862022630834512,6
any,100,hand_neg,capture_0.2,holdout,0.49327122153209113,4
any,100,hand_neg,cell_auc,all,0.8555587301028861,10
any,100,hand_neg,cell_auc,development,0.8619472912392785,6
any,100,hand_neg,cell_auc,holdout,0.7690123256647179,4
any,100,hand_neg,object_auc,all,0.8451100700330114,10
any,100,hand_neg,object_auc,development,0.8706389778916175,6
any,100,hand_neg,object_auc,holdout,0.7807163413880116,4
any,100,impervious,capture_0.2,all,0.7018418688230008,10
any,100,impervious,capture_0.2,development,0.5475585474542524,6
any,100,impervious,capture_0.2,holdout,0.7582815734989647,4
any,100,impervious,cell_auc,all,0.79446519276552,10
any,100,impervious,cell_auc,development,0.7308152327958175,6
any,100,impervious,cell_auc,holdout,0.8224262828942053,4
any,100,impervious,object_auc,all,0.8213015515822231,10
any,100,impervious,object_auc,development,0.7536208856813315,6
any,100,impervious,object_auc,holdout,0.8545226494845968,4
any,100,logit_F1_wf,capture_0.2,all,0.6904761904761905,9
any,100,logit_F1_wf,capture_0.2,development,0.7376237623762376,5
any,100,logit_F1_wf,capture_0.2,holdout,0.6713250517598344,4
any,100,logit_F1_wf,cell_auc,all,0.8337996270703427,9
any,100,logit_F1_wf,cell_auc,development,0.8337996270703427,5
any,100,logit_F1_wf,cell_auc,holdout,0.8315886192032841,4
any,100,logit_F1_wf,object_auc,all,0.8445551422331852,9
any,100,logit_F1_wf,object_auc,development,0.8445551422331852,5
any,100,logit_F1_wf,object_auc,holdout,0.8474474505359586,4
any,100,relelev_neg,capture_0.2,all,0.006443501493006444,10
any,100,relelev_neg,capture_0.2,development,0.006443501493006444,6
any,100,relelev_neg,capture_0.2,holdout,0.042803970223325064,4
any,100,relelev_neg,cell_auc,all,0.5534951685985633,10
any,100,relelev_neg,cell_auc,development,0.5393373078320244,6
any,100,relelev_neg,cell_auc,holdout,0.5749555761169086,4
any,100,relelev_neg,object_auc,all,0.5782050487635916,10
any,100,relelev_neg,object_auc,development,0.5777108419909124,6
any,100,relelev_neg,object_auc,holdout,0.5867154354161053,4
any,100,rf_F1_wf,capture_0.2,all,0.7233250620347395,9
any,100,rf_F1_wf,capture_0.2,development,0.847457627118644,5
any,100,rf_F1_wf,capture_0.2,holdout,0.694995864350703,4
any,100,rf_F1_wf,cell_auc,all,0.8429154089789815,9
any,100,rf_F1_wf,cell_auc,development,0.8420476482181917,5
any,100,rf_F1_wf,cell_auc,holdout,0.8444069223759716,4
any,100,rf_F1_wf,object_auc,all,0.8559792627169518,9
any,100,rf_F1_wf,object_auc,development,0.8559792627169518,5
any,100,rf_F1_wf,object_auc,holdout,0.8500220255188482,4
any,100,slope_neg,capture_0.2,all,0.7799925275546422,10
any,100,slope_neg,capture_0.2,development,0.8364765047933365,6
any,100,slope_neg,capture_0.2,holdout,0.5445134575569358,4
any,100,slope_neg,cell_auc,all,0.8572572005374511,10
any,100,slope_neg,cell_auc,development,0.879036260939716,6
any,100,slope_neg,cell_auc,holdout,0.8131831238924104,4
any,100,slope_neg,object_auc,all,0.8352952031216696,10
any,100,slope_neg,object_auc,development,0.8673775317541229,6
any,100,slope_neg,object_auc,holdout,0.7955574450454055,4
any,100,twi,capture_0.2,all,0.6365122361292732,10
any,100,twi,capture_0.2,development,0.728980040861229,6
any,100,twi,capture_0.2,holdout,0.5238095238095238,4
any,100,twi,cell_auc,all,0.8201426642835967,10
any,100,twi,cell_auc,development,0.8470300702913444,6
any,100,twi,cell_auc,holdout,0.7870416323380822,4
any,100,twi,object_auc,all,0.8143855230450059,10
any,100,twi,object_auc,development,0.8181195333295782,6
any,100,twi,object_auc,holdout,0.8103420516159077,4
any,100,z_sensitivity,capture_0.2,all,0.6267647762622637,10
any,100,z_sensitivity,capture_0.2,development,0.6932966720394425,6
any,100,z_sensitivity,capture_0.2,holdout,0.5584886128364389,4
any,100,z_sensitivity,cell_auc,all,0.8262043460394974,10
any,100,z_sensitivity,cell_auc,development,0.8440295243878788,6
any,100,z_sensitivity,cell_auc,holdout,0.8158238290725344,4
any,100,z_sensitivity,object_auc,all,0.8251820623126622,10
any,100,z_sensitivity,object_auc,development,0.825011142412386,6
any,100,z_sensitivity,object_auc,holdout,0.8403949680904017,4
any,200,L1,capture_0.2,all,0.5107843137254902,10
any,200,L1,capture_0.2,development,0.5107843137254902,6
any,200,L1,capture_0.2,holdout,0.420940170940171,4
any,200,L1,cell_auc,all,0.7454875863146786,10
any,200,L1,cell_auc,development,0.7752113136091987,6
any,200,L1,cell_auc,holdout,0.6817506154595323,4
any,200,L1,object_auc,all,0.7882355910629937,10
any,200,L1,object_auc,development,0.7939598506720704,6
any,200,L1,object_auc,holdout,0.7429541414302301,4
any,200,hand_acc_neg,capture_0.2,all,0.8215917745620716,10
any,200,hand_acc_neg,capture_0.2,development,0.8717105263157895,6
any,200,hand_acc_neg,capture_0.2,holdout,0.7040704070407041,4
any,200,hand_acc_neg,cell_auc,all,0.8653262076117929,10
any,200,hand_acc_neg,cell_auc,development,0.8749102877598947,6
any,200,hand_acc_neg,cell_auc,holdout,0.8382728235694447,4
any,200,hand_acc_neg,object_auc,all,0.8451686548411159,10
any,200,hand_acc_neg,object_auc,development,0.8685913797421358,6
any,200,hand_acc_neg,object_auc,holdout,0.8305977268471314,4
any,200,hand_neg,capture_0.2,all,0.7996990875558143,10
any,200,hand_neg,capture_0.2,development,0.8442982456140351,6
any,200,hand_neg,capture_0.2,holdout,0.5854700854700855,4
any,200,hand_neg,cell_auc,all,0.8415933948327567,10
any,200,hand_neg,cell_auc,development,0.8582157923536937,6
any,200,hand_neg,cell_auc,holdout,0.7980448019005926,4
any,200,hand_neg,object_auc,all,0.8533164889520586,10
any,200,hand_neg,object_auc,development,0.8743505977351085,6
any,200,hand_neg,object_auc,holdout,0.8113057138364488,4
any,200,impervious,capture_0.2,all,0.7042483660130718,10
any,200,impervious,capture_0.2,development,0.5666666666666667,6
any,200,impervious,capture_0.2,holdout,0.8611111111111112,4
any,200,impervious,cell_auc,all,0.8099514827431569,10
any,200,impervious,cell_auc,development,0.7768680043618874,6
any,200,impervious,cell_auc,holdout,0.8474105944297988,4
any,200,impervious,object_auc,all,0.8525823334852382,10
any,200,impervious,object_auc,development,0.7999871720337004,6
any,200,impervious,object_auc,holdout,0.8840885472769805,4
any,200,logit_F1_wf,capture_0.2,all,0.6947194719471947,9
any,200,logit_F1_wf,capture_0.2,development,0.7368421052631579,5
any,200,logit_F1_wf,capture_0.2,holdout,0.652915291529153,4
any,200,logit_F1_wf,cell_auc,all,0.831415360904187,9
any,200,logit_F1_wf,cell_auc,development,0.834189643997147,5
any,200,logit_F1_wf,cell_auc,holdout,0.8292613073621702,4
any,200,logit_F1_wf,object_auc,all,0.8387715517241379,9
any,200,logit_F1_wf,object_auc,development,0.8503159510123148,5
any,200,logit_F1_wf,object_auc,holdout,0.8367212545039694,4
any,200,relelev_neg,capture_0.2,all,0.010869565217391304,10
any,200,relelev_neg,capture_0.2,development,0.010869565217391304,6
any,200,relelev_neg,capture_0.2,holdout,0.052805280528052806,4
any,200,relelev_neg,cell_auc,all,0.576619348367772,10
any,200,relelev_neg,cell_auc,development,0.5550275482518108,6
any,200,relelev_neg,cell_auc,holdout,0.5957809878081813,4
any,200,relelev_neg,object_auc,all,0.6022918712176677,10
any,200,relelev_neg,object_auc,development,0.5820275502524085,6
any,200,relelev_neg,object_auc,holdout,0.6024503704167147,4
any,200,rf_F1_wf,capture_0.2,all,0.7222222222222222,9
any,200,rf_F1_wf,capture_0.2,development,0.8289473684210527,5
any,200,rf_F1_wf,capture_0.2,holdout,0.6886688668866887,4
any,200,rf_F1_wf,cell_auc,all,0.8452921197591118,9
any,200,rf_F1_wf,cell_auc,development,0.8384771689307327,5
any,200,rf_F1_wf,cell_auc,holdout,0.8460262837218395,4
any,200,rf_F1_wf,object_auc,all,0.8581107726309745,9
any,200,rf_F1_wf,object_auc,development,0.8581107726309745,5
any,200,rf_F1_wf,object_auc,holdout,0.8535681164241022,4
any,200,slope_neg,capture_0.2,all,0.7355927900482355,10
any,200,slope_neg,capture_0.2,development,0.7991990846681922,6
any,200,slope_neg,capture_0.2,holdout,0.6239316239316239,4
any,200,slope_neg,cell_auc,all,0.8385406209773614,10
any,200,slope_neg,cell_auc,development,0.8585453586244318,6
any,200,slope_neg,cell_auc,holdout,0.8243535964447466,4
any,200,slope_neg,object_auc,all,0.8309368771954202,10
any,200,slope_neg,object_auc,development,0.8683566062020786,6
any,200,slope_neg,object_auc,holdout,0.8058410157751102,4
any,200,twi,capture_0.2,all,0.6542397660818713,10
any,200,twi,capture_0.2,development,0.7073798627002288,6
any,200,twi,capture_0.2,holdout,0.5363247863247864,4
any,200,twi,cell_auc,all,0.8382076923511532,10
any,200,twi,cell_auc,development,0.8455834096626269,6
any,200,twi,cell_auc,holdout,0.7976714950712174,4
any,200,twi,object_auc,all,0.8334313407346566,10
any,200,twi,object_auc,development,0.8580818962793137,6
any,200,twi,object_auc,holdout,0.8024780996134641,4
any,200,z_sensitivity,capture_0.2,all,0.6450980392156862,10
any,200,z_sensitivity,capture_0.2,development,0.6450980392156862,6
any,200,z_sensitivity,capture_0.2,holdout,0.6623931623931625,4
any,200,z_sensitivity,cell_auc,all,0.8223718099340142,10
any,200,z_sensitivity,cell_auc,development,0.8240309632237426,6
any,200,z_sensitivity,cell_auc,holdout,0.8223718099340142,4
any,200,z_sensitivity,object_auc,all,0.838831592575668,10
any,200,z_sensitivity,object_auc,development,0.8289934645911844,6
any,200,z_sensitivity,object_auc,holdout,0.8444379163731963,4
any,500,L1,capture_0.2,all,0.42107371794871795,10
any,500,L1,capture_0.2,development,0.42107371794871795,6
any,500,L1,capture_0.2,holdout,0.4125,4
any,500,L1,cell_auc,all,0.7192146757796551,10
any,500,L1,cell_auc,development,0.7417574181624065,6
any,500,L1,cell_auc,holdout,0.678960550135434,4
any,500,L1,object_auc,all,0.7481233819579232,10
any,500,L1,object_auc,development,0.7635895226974045,6
any,500,L1,object_auc,holdout,0.7125993894387825,4
any,500,hand_acc_neg,capture_0.2,all,0.6928030303030304,10
any,500,hand_acc_neg,capture_0.2,development,0.7178030303030303,6
any,500,hand_acc_neg,capture_0.2,holdout,0.5386363636363636,4
any,500,hand_acc_neg,cell_auc,all,0.807596640383043,10
any,500,hand_acc_neg,cell_auc,development,0.815024815025967,6
any,500,hand_acc_neg,cell_auc,holdout,0.7607676671468239,4
any,500,hand_acc_neg,object_auc,all,0.8169628444198229,10
any,500,hand_acc_neg,object_auc,development,0.8387426814973887,6
any,500,hand_acc_neg,object_auc,holdout,0.8169628444198229,4
any,500,hand_neg,capture_0.2,all,0.6568181818181817,10
any,500,hand_neg,capture_0.2,development,0.6723484848484849,6
any,500,hand_neg,capture_0.2,holdout,0.4636363636363636,4
any,500,hand_neg,cell_auc,all,0.7793018743056954,10
any,500,hand_neg,cell_auc,development,0.7979892697063522,6
any,500,hand_neg,cell_auc,holdout,0.7670010831520933,4
any,500,hand_neg,object_auc,all,0.8197492669777862,10
any,500,hand_neg,object_auc,development,0.8505107888449123,6
any,500,hand_neg,object_auc,holdout,0.8197492669777862,4
any,500,impervious,capture_0.2,all,0.6314102564102564,10
any,500,impervious,capture_0.2,development,0.4595352564102564,6
any,500,impervious,capture_0.2,holdout,0.875,4
any,500,impervious,cell_auc,all,0.83943598772939,10
any,500,impervious,cell_auc,development,0.7935256827089912,6
any,500,impervious,cell_auc,holdout,0.8723762308662151,4
any,500,impervious,object_auc,all,0.8334437255056963,10
any,500,impervious,object_auc,development,0.8055248235910709,6
any,500,impervious,object_auc,holdout,0.8710344571966523,4
any,500,logit_F1_wf,capture_0.2,all,0.5818181818181818,9
any,500,logit_F1_wf,capture_0.2,development,0.625,5
any,500,logit_F1_wf,capture_0.2,holdout,0.5409090909090909,4
any,500,logit_F1_wf,cell_auc,all,0.8263282172373081,9
any,500,logit_F1_wf,cell_auc,development,0.8405931532601167,5
any,500,logit_F1_wf,cell_auc,holdout,0.8188004436041854,4
any,500,logit_F1_wf,object_auc,all,0.8573294156056155,9
any,500,logit_F1_wf,object_auc,development,0.8642057837492472,5
any,500,logit_F1_wf,object_auc,holdout,0.8542790307576946,4
any,500,relelev_neg,capture_0.2,all,0.08798701298701297,10
any,500,relelev_neg,capture_0.2,development,0.03571428571428571,6
any,500,relelev_neg,capture_0.2,holdout,0.11477272727272728,4
any,500,relelev_neg,cell_auc,all,0.6047324263693044,10
any,500,relelev_neg,cell_auc,development,0.5769038242436588,6
any,500,relelev_neg,cell_auc,holdout,0.631210004161944,4
any,500,relelev_neg,object_auc,all,0.6208056688577314,10
any,500,relelev_neg,object_auc,development,0.6022427022700099,6
any,500,relelev_neg,object_auc,holdout,0.6391655452254205,4
any,500,rf_F1_wf,capture_0.2,all,0.625,9
any,500,rf_F1_wf,capture_0.2,development,0.7,5
any,500,rf_F1_wf,capture_0.2,holdout,0.6125,4
any,500,rf_F1_wf,cell_auc,all,0.8398465171192443,9
any,500,rf_F1_wf,cell_auc,development,0.8462941002075304,5
any,500,rf_F1_wf,cell_auc,holdout,0.8322386204503164,4
any,500,rf_F1_wf,object_auc,all,0.8725999479972646,9
any,500,rf_F1_wf,object_auc,development,0.8725999479972646,5
any,500,rf_F1_wf,object_auc,holdout,0.8731119861266149,4
any,500,slope_neg,capture_0.2,all,0.625,10
any,500,slope_neg,capture_0.2,development,0.6467857142857143,6
any,500,slope_neg,capture_0.2,holdout,0.5625,4
any,500,slope_neg,cell_auc,all,0.7914801249963646,10
any,500,slope_neg,cell_auc,development,0.8124883018808049,6
any,500,slope_neg,cell_auc,holdout,0.7738458982465031,4
any,500,slope_neg,object_auc,all,0.8049597088346878,10
any,500,slope_neg,object_auc,development,0.8191444641206052,6
any,500,slope_neg,object_auc,holdout,0.8049597088346878,4
any,500,twi,capture_0.2,all,0.6339285714285714,10
any,500,twi,capture_0.2,development,0.6547619047619048,6
any,500,twi,capture_0.2,holdout,0.5125,4
any,500,twi,cell_auc,all,0.8247400104699507,10
any,500,twi,cell_auc,development,0.830314919040013,6
any,500,twi,cell_auc,holdout,0.7977515350903963,4
any,500,twi,object_auc,all,0.8222454790757792,10
any,500,twi,object_auc,development,0.8452654662488508,6
any,500,twi,object_auc,holdout,0.8222454790757792,4
any,500,z_sensitivity,capture_0.2,all,0.5448717948717949,10
any,500,z_sensitivity,capture_0.2,development,0.5448717948717949,6
any,500,z_sensitivity,capture_0.2,holdout,0.55,4
any,500,z_sensitivity,cell_auc,all,0.7963191794113291,10
any,500,z_sensitivity,cell_auc,development,0.7714155645526879,6
any,500,z_sensitivity,cell_auc,holdout,0.8255537253468783,4
any,500,z_sensitivity,object_auc,all,0.8389883331342396,10
any,500,z_sensitivity,object_auc,development,0.8130851215206933,6
any,500,z_sensitivity,object_auc,holdout,0.8436450277434807,4
any,1000,L1,capture_0.2,all,0.43253968253968256,10
any,1000,L1,capture_0.2,development,0.43253968253968256,6
any,1000,L1,capture_0.2,holdout,0.42662500000000003,4
any,1000,L1,cell_auc,all,0.710692797757662,10
any,1000,L1,cell_auc,development,0.7206117715075369,6
any,1000,L1,cell_auc,holdout,0.710692797757662,4
any,1000,L1,object_auc,all,0.74601210364904,10
any,1000,L1,object_auc,development,0.7496994759172139,6
any,1000,L1,object_auc,holdout,0.7346118027188042,4
any,1000,hand_acc_neg,capture_0.2,all,0.5499166666666666,10
any,1000,hand_acc_neg,capture_0.2,development,0.5961538461538461,6
any,1000,hand_acc_neg,capture_0.2,holdout,0.48741666666666666,4
any,1000,hand_acc_neg,cell_auc,all,0.7555845362626848,10
any,1000,hand_acc_neg,cell_auc,development,0.7555845362626848,6
any,1000,hand_acc_neg,cell_auc,holdout,0.747961956049815,4
any,1000,hand_acc_neg,object_auc,all,0.8154902724434083,10
any,1000,hand_acc_neg,object_auc,development,0.8288872513328154,6
any,1000,hand_acc_neg,object_auc,holdout,0.798673062814037,4
any,1000,hand_neg,capture_0.2,all,0.4946428571428571,10
any,1000,hand_neg,capture_0.2,development,0.5366300366300366,6
any,1000,hand_neg,capture_0.2,holdout,0.49166666666666664,4
any,1000,hand_neg,cell_auc,all,0.7396475432333882,10
any,1000,hand_neg,cell_auc,development,0.7396475432333882,6
any,1000,hand_neg,cell_auc,holdout,0.7612815012217551,4
any,1000,hand_neg,object_auc,all,0.8054795194330409,10
any,1000,hand_neg,object_auc,development,0.8062593312424349,6
any,1000,hand_neg,object_auc,holdout,0.8054795194330409,4
any,1000,impervious,capture_0.2,all,0.6154761904761905,10
any,1000,impervious,capture_0.2,development,0.37936507936507935,6
any,1000,impervious,capture_0.2,holdout,0.775,4
any,1000,impervious,cell_auc,all,0.8315499904121311,10
any,1000,impervious,cell_auc,development,0.7883645866137723,6
any,1000,impervious,cell_auc,holdout,0.8660817389545659,4
any,1000,impervious,object_auc,all,0.8439728407101255,10
any,1000,impervious,object_auc,development,0.8215865010661821,6
any,1000,impervious,object_auc,holdout,0.8896648726653102,4
any,1000,logit_F1_wf,capture_0.2,all,0.5384615384615384,9
any,1000,logit_F1_wf,capture_0.2,development,0.5384615384615384,5
any,1000,logit_F1_wf,capture_0.2,holdout,0.5566666666666666,4
any,1000,logit_F1_wf,cell_auc,all,0.7965554359526372,9
any,1000,logit_F1_wf,cell_auc,development,0.7965554359526372,5
any,1000,logit_F1_wf,cell_auc,holdout,0.7966380177024395,4
any,1000,logit_F1_wf,object_auc,all,0.8695852251737768,9
any,1000,logit_F1_wf,object_auc,development,0.8854683260582861,5
any,1000,logit_F1_wf,object_auc,holdout,0.8554151806802736,4
any,1000,relelev_neg,capture_0.2,all,0.13392857142857142,10
any,1000,relelev_neg,capture_0.2,development,0.10989010989010989,6
any,1000,relelev_neg,capture_0.2,holdout,0.1625,4
any,1000,relelev_neg,cell_auc,all,0.6067933041881226,10
any,1000,relelev_neg,cell_auc,development,0.581520616644259,6
any,1000,relelev_neg,cell_auc,holdout,0.6728945658955298,4
any,1000,relelev_neg,object_auc,all,0.6393743875372178,10
any,1000,relelev_neg,object_auc,development,0.6260987483021905,6
any,1000,relelev_neg,object_auc,holdout,0.6798540913183498,4
any,1000,rf_F1_wf,capture_0.2,all,0.6,9
any,1000,rf_F1_wf,capture_0.2,development,0.5515384615384615,5
any,1000,rf_F1_wf,capture_0.2,holdout,0.6125,4
any,1000,rf_F1_wf,cell_auc,all,0.8115261472785485,9
any,1000,rf_F1_wf,cell_auc,development,0.8319118986503271,5
any,1000,rf_F1_wf,cell_auc,holdout,0.8073289194636855,4
any,1000,rf_F1_wf,object_auc,all,0.8846796074465733,9
any,1000,rf_F1_wf,object_auc,development,0.8990511262400366,5
any,1000,rf_F1_wf,object_auc,holdout,0.8767107505455953,4
any,1000,slope_neg,capture_0.2,all,0.5958333333333333,10
any,1000,slope_neg,capture_0.2,development,0.5,6
any,1000,slope_neg,capture_0.2,holdout,0.5958333333333333,4
any,1000,slope_neg,cell_auc,all,0.7748844988484387,10
any,1000,slope_neg,cell_auc,development,0.7748844988484387,6
any,1000,slope_neg,cell_auc,holdout,0.7758873896990506,4
any,1000,slope_neg,object_auc,all,0.8454535035579034,10
any,1000,slope_neg,object_auc,development,0.8477131133940226,6
any,1000,slope_neg,object_auc,holdout,0.8058212935602643,4
any,1000,twi,capture_0.2,all,0.5333333333333333,10
any,1000,twi,capture_0.2,development,0.5576923076923077,6
any,1000,twi,capture_0.2,holdout,0.4708333333333333,4
any,1000,twi,cell_auc,all,0.806818844421173,10
any,1000,twi,cell_auc,development,0.8026599765700949,6
any,1000,twi,cell_auc,holdout,0.806818844421173,4
any,1000,twi,object_auc,all,0.8682463814797345,10
any,1000,twi,object_auc,development,0.8778607344916067,6
any,1000,twi,object_auc,holdout,0.8374329604116375,4
any,1000,z_sensitivity,capture_0.2,all,0.5380952380952381,10
any,1000,z_sensitivity,capture_0.2,development,0.39194139194139194,6
any,1000,z_sensitivity,capture_0.2,holdout,0.6125,4
any,1000,z_sensitivity,cell_auc,all,0.7926576168221865,10
any,1000,z_sensitivity,cell_auc,development,0.7661637787144882,6
any,1000,z_sensitivity,cell_auc,holdout,0.8298983869198476,4
any,1000,z_sensitivity,object_auc,all,0.8565361917642749,10
any,1000,z_sensitivity,object_auc,development,0.837738518103887,6
any,1000,z_sensitivity,object_auc,holdout,0.8817733533268257,4
center,100,L1,capture_0.2,all,0.4567901234567901,7
center,100,L1,capture_0.2,development,0.5155572238905572,6
center,100,L1,capture_0.2,holdout,0.03948772678762007,1
center,100,L1,cell_auc,all,0.7899762639204214,7
center,100,L1,cell_auc,development,0.7922864977394806,6
center,100,L1,cell_auc,holdout,0.3986979501799229,1
center,100,L1,object_auc,all,0.8025215799183868,9
center,100,L1,object_auc,development,0.7952064623921147,6
center,100,L1,object_auc,holdout,0.8025215799183868,3
center,100,hand_acc_neg,capture_0.2,all,0.9626467449306296,7
center,100,hand_acc_neg,capture_0.2,development,0.9523273273273274,6
center,100,hand_acc_neg,capture_0.2,holdout,0.9626467449306296,1
center,100,hand_acc_neg,cell_auc,all,0.8982936149885887,7
center,100,hand_acc_neg,cell_auc,development,0.8939040447985735,6
center,100,hand_acc_neg,cell_auc,holdout,0.9314836599314695,1
center,100,hand_acc_neg,object_auc,all,0.8508890754414234,9
center,100,hand_acc_neg,object_auc,development,0.8638788603051771,6
center,100,hand_acc_neg,object_auc,holdout,0.8206152365701942,3
center,100,hand_neg,capture_0.2,all,0.9444444444444444,7
center,100,hand_neg,capture_0.2,development,0.9418168168168168,6
center,100,hand_neg,capture_0.2,holdout,0.959445037353255,1
center,100,hand_neg,cell_auc,all,0.8754245932403725,7
center,100,hand_neg,cell_auc,development,0.8710095492975267,6
center,100,hand_neg,cell_auc,holdout,0.9285547630246367,1
center,100,hand_neg,object_auc,all,0.84652798008457,9
center,100,hand_neg,object_auc,development,0.8706389778916175,6
center,100,hand_neg,object_auc,holdout,0.7956796703644423,3
center,100,impervious,capture_0.2,all,0.2839506172839506,7
center,100,impervious,capture_0.2,development,0.4865699032365699,6
center,100,impervious,capture_0.2,holdout,0.026680896478121666,1
center,100,impervious,cell_auc,all,0.57588988989875,7
center,100,impervious,cell_auc,development,0.6890291713181453,6
center,100,impervious,cell_auc,holdout,0.3968300831893032,1
center,100,impervious,object_auc,all,0.7986423115573349,9
center,100,impervious,object_auc,development,0.7536208856813315,6
center,100,impervious,object_auc,holdout,0.8650845073620824,3
center,100,logit_F1_wf,capture_0.2,all,0.8436762981409015,6
center,100,logit_F1_wf,capture_0.2,development,0.8271604938271605,5
center,100,logit_F1_wf,capture_0.2,holdout,0.8601921024546425,1
center,100,logit_F1_wf,cell_auc,all,0.8466220720211655,6
center,100,logit_F1_wf,cell_auc,development,0.8454839498172433,5
center,100,logit_F1_wf,cell_auc,holdout,0.8477601942250876,1
center,100,logit_F1_wf,object_auc,all,0.8507518346789813,8
center,100,logit_F1_wf,object_auc,development,0.8445551422331852,5
center,100,logit_F1_wf,object_auc,holdout,0.8630710982543647,3
center,100,relelev_neg,capture_0.2,all,0.0,7
center,100,relelev_neg,capture_0.2,development,0.0,6
center,100,relelev_neg,capture_0.2,holdout,0.048025613660619,1
center,100,relelev_neg,cell_auc,all,0.5202148535404467,7
center,100,relelev_neg,cell_auc,development,0.5338027786836947,6
center,100,relelev_neg,cell_auc,holdout,0.44443881657627704,1
center,100,relelev_neg,object_auc,all,0.5903595700589259,9
center,100,relelev_neg,object_auc,development,0.5777108419909124,6
center,100,relelev_neg,object_auc,holdout,0.6073803433639534,3
center,100,rf_F1_wf,capture_0.2,all,0.8421516754850088,6
center,100,rf_F1_wf,capture_0.2,development,0.8571428571428571,5
center,100,rf_F1_wf,capture_0.2,holdout,0.7940234791889007,1
center,100,rf_F1_wf,cell_auc,all,0.8692699771405786,6
center,100,rf_F1_wf,cell_auc,development,0.8919551065025647,5
center,100,rf_F1_wf,cell_auc,holdout,0.845974444901697,1
center,100,rf_F1_wf,object_auc,all,0.8582902149930411,8
center,100,rf_F1_wf,object_auc,development,0.8559792627169518,5
center,100,rf_F1_wf,object_auc,holdout,0.8606011672691304,3
center,100,slope_neg,capture_0.2,all,0.8831168831168831,7
center,100,slope_neg,capture_0.2,development,0.8672341172341171,6
center,100,slope_neg,capture_0.2,holdout,0.9402347918890075,1
center,100,slope_neg,cell_auc,all,0.9050811647362501,7
center,100,slope_neg,cell_auc,development,0.9010630513767606,6
center,100,slope_neg,cell_auc,holdout,0.9379375180794667,1
center,100,slope_neg,object_auc,all,0.8516470605020992,9
center,100,slope_neg,object_auc,development,0.8673775317541229,6
center,100,slope_neg,object_auc,holdout,0.81894334574124,3
center,100,twi,capture_0.2,all,0.8055555555555556,7
center,100,twi,capture_0.2,development,0.7705463728191001,6
center,100,twi,capture_0.2,holdout,0.9210245464247598,1
center,100,twi,cell_auc,all,0.878873685294035,7
center,100,twi,cell_auc,development,0.8638913736211427,6
center,100,twi,cell_auc,holdout,0.9038526163947165,1
center,100,twi,object_auc,all,0.8165237912359887,9
center,100,twi,object_auc,development,0.8181195333295782,6
center,100,twi,object_auc,holdout,0.8122472548540232,3
center,100,z_sensitivity,capture_0.2,all,0.7037037037037037,7
center,100,z_sensitivity,capture_0.2,development,0.7268518518518519,6
center,100,z_sensitivity,capture_0.2,holdout,0.16862326574172892,1
center,100,z_sensitivity,cell_auc,all,0.8388128255802195,7
center,100,z_sensitivity,cell_auc,development,0.8607271337263227,6
center,100,z_sensitivity,cell_auc,holdout,0.7244651785044884,1
center,100,z_sensitivity,object_auc,all,0.8421796304418591,9
center,100,z_sensitivity,object_auc,development,0.825011142412386,6
center,100,z_sensitivity,object_auc,holdout,0.872605441997338,3
center,200,L1,capture_0.2,all,0.575,6
center,200,L1,capture_0.2,development,0.65,5
center,200,L1,capture_0.2,holdout,0.029288702928870293,1
center,200,L1,cell_auc,all,0.8118978835051377,6
center,200,L1,cell_auc,development,0.824350666049478,5
center,200,L1,cell_auc,holdout,0.3889637067772686,1
center,200,L1,object_auc,all,0.7882355910629937,8
center,200,L1,object_auc,development,0.7939598506720704,6
center,200,L1,object_auc,holdout,0.7429541414302301,2
center,200,hand_acc_neg,capture_0.2,all,0.9769874476987448,6
center,200,hand_acc_neg,capture_0.2,development,1.0,5
center,200,hand_acc_neg,capture_0.2,holdout,0.9539748953974896,1
center,200,hand_acc_neg,cell_auc,all,0.917319597021264,6
center,200,hand_acc_neg,cell_auc,development,0.9115780743712388,5
center,200,hand_acc_neg,cell_auc,holdout,0.9533507808552402,1
center,200,hand_acc_neg,object_auc,all,0.8518536930401692,8
center,200,hand_acc_neg,object_auc,development,0.8685913797421358,6
center,200,hand_acc_neg,object_auc,holdout,0.8369471306393963,2
center,200,hand_neg,capture_0.2,all,0.9707635983263598,6
center,200,hand_neg,capture_0.2,development,0.975,5
center,200,hand_neg,capture_0.2,holdout,0.9665271966527197,1
center,200,hand_neg,cell_auc,all,0.8959037414899973,6
center,200,hand_neg,cell_auc,development,0.8929969193464334,5
center,200,hand_neg,cell_auc,holdout,0.9576134799174487,1
center,200,hand_neg,object_auc,all,0.8617586311489382,8
center,200,hand_neg,object_auc,development,0.8743505977351085,6
center,200,hand_neg,object_auc,holdout,0.8308541750204308,2
center,200,impervious,capture_0.2,all,0.5375,6
center,200,impervious,capture_0.2,development,0.775,5
center,200,impervious,capture_0.2,holdout,0.0502092050209205,1
center,200,impervious,cell_auc,all,0.7156294293069116,6
center,200,impervious,cell_auc,development,0.8458082600421747,5
center,200,impervious,cell_auc,holdout,0.4006492487143741,1
center,200,impervious,object_auc,all,0.7999871720337004,8
center,200,impervious,object_auc,development,0.7999871720337004,6
center,200,impervious,object_auc,holdout,0.7572165801086734,2
center,200,logit_F1_wf,capture_0.2,all,0.7931034482758621,5
center,200,logit_F1_wf,capture_0.2,development,0.771551724137931,4
center,200,logit_F1_wf,capture_0.2,holdout,0.8410041841004184,1
center,200,logit_F1_wf,cell_auc,all,0.8572016037832836,5
center,200,logit_F1_wf,cell_auc,development,0.8678933056166585,4
center,200,logit_F1_wf,cell_auc,holdout,0.8491645279428506,1
center,200,logit_F1_wf,object_auc,all,0.8503159510123148,7
center,200,logit_F1_wf,object_auc,development,0.8503159510123148,5
center,200,logit_F1_wf,object_auc,holdout,0.8465986477785956,2
center,200,relelev_neg,capture_0.2,all,0.01882845188284519,6
center,200,relelev_neg,capture_0.2,development,0.0,5
center,200,relelev_neg,capture_0.2,holdout,0.03765690376569038,1
center,200,relelev_neg,cell_auc,all,0.5461977273026966,6
center,200,relelev_neg,cell_auc,development,0.5549058255903404,5
center,200,relelev_neg,cell_auc,holdout,0.44728237851019587,1
center,200,relelev_neg,object_auc,all,0.5870780176449103,8
center,200,relelev_neg,object_auc,development,0.5820275502524085,6
center,200,relelev_neg,object_auc,holdout,0.5944180680671466,2
center,200,rf_F1_wf,capture_0.2,all,0.8,5
center,200,rf_F1_wf,capture_0.2,development,0.8482758620689655,4
center,200,rf_F1_wf,capture_0.2,holdout,0.7322175732217573,1
center,200,rf_F1_wf,cell_auc,all,0.874728972922982,5
center,200,rf_F1_wf,cell_auc,development,0.8978176155050703,4
center,200,rf_F1_wf,cell_auc,holdout,0.8411434439381855,1
center,200,rf_F1_wf,object_auc,all,0.8581107726309745,7
center,200,rf_F1_wf,object_auc,development,0.8581107726309745,5
center,200,rf_F1_wf,object_auc,holdout,0.8610426063076102,2
center,200,slope_neg,capture_0.2,all,0.9047186932849365,6
center,200,slope_neg,capture_0.2,development,0.8620689655172413,5
center,200,slope_neg,capture_0.2,holdout,0.9539748953974896,1
center,200,slope_neg,cell_auc,all,0.9046065675200157,6
center,200,slope_neg,cell_auc,development,0.898544045546878,5
center,200,slope_neg,cell_auc,holdout,0.9430465312668231,1
center,200,slope_neg,object_auc,all,0.8507471532388343,8
center,200,slope_neg,object_auc,development,0.8683566062020786,6
center,200,slope_neg,object_auc,holdout,0.8341108420763932,2
center,200,twi,capture_0.2,all,0.8460526315789474,6
center,200,twi,capture_0.2,development,0.8421052631578947,5
center,200,twi,capture_0.2,holdout,0.9497907949790795,1
center,200,twi,cell_auc,all,0.9009362279379727,6
center,200,twi,cell_auc,development,0.8954811693983457,5
center,200,twi,cell_auc,holdout,0.9286610226390185,1
center,200,twi,object_auc,all,0.840772825847474,8
center,200,twi,object_auc,development,0.8580818962793137,6
center,200,twi,object_auc,holdout,0.8334313407346566,2
center,200,z_sensitivity,capture_0.2,all,0.7875000000000001,6
center,200,z_sensitivity,capture_0.2,development,0.8,5
center,200,z_sensitivity,capture_0.2,holdout,0.17154811715481172,1
center,200,z_sensitivity,cell_auc,all,0.8735416568577672,6
center,200,z_sensitivity,cell_auc,development,0.900376742272283,5
center,200,z_sensitivity,cell_auc,holdout,0.7313602718317245,1
center,200,z_sensitivity,object_auc,all,0.8310008552041224,8
center,200,z_sensitivity,object_auc,development,0.8289934645911844,6
center,200,z_sensitivity,object_auc,holdout,0.8366071790016507,2
center,500,L1,capture_0.2,all,0.22470238095238093,4
center,500,L1,capture_0.2,development,0.42857142857142855,3
center,500,L1,capture_0.2,holdout,0.020833333333333332,1
center,500,L1,cell_auc,all,0.5569693291331155,4
center,500,L1,cell_auc,development,0.721331533203949,3
center,500,L1,cell_auc,holdout,0.392607125062282,1
center,500,L1,object_auc,all,0.7635895226974045,6
center,500,L1,object_auc,development,0.7749180230418669,5
center,500,L1,object_auc,holdout,0.6812130373146612,1
center,500,hand_acc_neg,capture_0.2,all,0.8583333333333334,4
center,500,hand_acc_neg,capture_0.2,development,0.8,3
center,500,hand_acc_neg,capture_0.2,holdout,0.9166666666666666,1
center,500,hand_acc_neg,cell_auc,all,0.9154073199527745,4
center,500,hand_acc_neg,cell_auc,development,0.9005312868949232,3
center,500,hand_acc_neg,cell_auc,holdout,0.9519307424015945,1
center,500,hand_acc_neg,object_auc,all,0.8120825457711167,6
center,500,hand_acc_neg,object_auc,development,0.795559496003917,5
center,500,hand_acc_neg,object_auc,holdout,0.8286055955383165,1
center,500,hand_neg,capture_0.2,all,0.9583333333333333,4
center,500,hand_neg,capture_0.2,development,1.0,3
center,500,hand_neg,capture_0.2,holdout,0.9166666666666666,1
center,500,hand_neg,cell_auc,all,0.9245867768595042,4
center,500,hand_neg,cell_auc,development,0.912042502951594,3
center,500,hand_neg,cell_auc,holdout,0.9562593423019431,1
center,500,hand_neg,object_auc,all,0.8239956034453233,6
center,500,hand_neg,object_auc,development,0.8171889536744666,5
center,500,hand_neg,object_auc,holdout,0.83080225321618,1
center,500,impervious,capture_0.2,all,0.5571428571428572,4
center,500,impervious,capture_0.2,development,0.7142857142857143,3
center,500,impervious,capture_0.2,holdout,0.041666666666666664,1
center,500,impervious,cell_auc,all,0.7200568735350994,4
center,500,impervious,cell_auc,development,0.8669732512024303,3
center,500,impervious,cell_auc,holdout,0.4903867713004484,1
center,500,impervious,object_auc,all,0.8055248235910709,6
center,500,impervious,object_auc,development,0.812923152758019,5
center,500,impervious,object_auc,holdout,0.6940292496133267,1
center,500,logit_F1_wf,capture_0.2,all,0.8,3
center,500,logit_F1_wf,capture_0.2,development,0.6857142857142857,2
center,500,logit_F1_wf,capture_0.2,holdout,0.8333333333333334,1
center,500,logit_F1_wf,cell_auc,all,0.8513764324862979,3
center,500,logit_F1_wf,cell_auc,development,0.7058615725143675,2
center,500,logit_F1_wf,cell_auc,holdout,0.8513764324862979,1
center,500,logit_F1_wf,object_auc,all,0.835640532902667,5
center,500,logit_F1_wf,object_auc,development,0.8499231583259571,4
center,500,logit_F1_wf,object_auc,holdout,0.8352394029697415,1
center,500,relelev_neg,capture_0.2,all,0.0,4
center,500,relelev_neg,capture_0.2,development,0.0,3
center,500,relelev_neg,capture_0.2,holdout,0.0625,1
center,500,relelev_neg,cell_auc,all,0.5306375442739079,4
center,500,relelev_neg,cell_auc,development,0.5466351829988193,3
center,500,relelev_neg,cell_auc,holdout,0.49559666168410565,1
center,500,relelev_neg,object_auc,all,0.6208056688577314,6
center,500,relelev_neg,object_auc,development,0.6027093746678235,5
center,500,relelev_neg,object_auc,holdout,0.6389019630476392,1
center,500,rf_F1_wf,capture_0.2,all,0.75,3
center,500,rf_F1_wf,capture_0.2,development,0.8571428571428572,2
center,500,rf_F1_wf,capture_0.2,holdout,0.75,1
center,500,rf_F1_wf,cell_auc,all,0.8487469411863978,3
center,500,rf_F1_wf,cell_auc,development,0.8813097161658081,2
center,500,rf_F1_wf,cell_auc,holdout,0.8376619332336821,1
center,500,rf_F1_wf,object_auc,all,0.8457255360234922,5
center,500,rf_F1_wf,object_auc,development,0.8687428397554903,4
center,500,rf_F1_wf,object_auc,holdout,0.8327484495623799,1
center,500,slope_neg,capture_0.2,all,0.8,4
center,500,slope_neg,capture_0.2,development,0.8,3
center,500,slope_neg,capture_0.2,holdout,0.9166666666666666,1
center,500,slope_neg,cell_auc,all,0.887780401416765,4
center,500,slope_neg,cell_auc,development,0.8762101534828808,3
center,500,slope_neg,cell_auc,holdout,0.9292600896860987,1
center,500,slope_neg,object_auc,all,0.7921734656462838,6
center,500,slope_neg,object_auc,development,0.7779534685693233,5
center,500,slope_neg,object_auc,holdout,0.8063934627232443,1
center,500,twi,capture_0.2,all,0.8,4
center,500,twi,capture_0.2,development,0.8,3
center,500,twi,capture_0.2,holdout,0.9583333333333334,1
center,500,twi,cell_auc,all,0.9012101534828807,4
center,500,twi,cell_auc,development,0.8891971664698936,3
center,500,twi,cell_auc,holdout,0.9503923766816144,1
center,500,twi,object_auc,all,0.8205984572136289,6
center,500,twi,object_auc,development,0.802451956928654,5
center,500,twi,object_auc,holdout,0.8387449574986039,1
center,500,z_sensitivity,capture_0.2,all,0.5571428571428572,4
center,500,z_sensitivity,capture_0.2,development,0.7142857142857143,3
center,500,z_sensitivity,capture_0.2,holdout,0.25,1
center,500,z_sensitivity,cell_auc,all,0.8235525160550667,4
center,500,z_sensitivity,cell_auc,development,0.8673529659944309,3
center,500,z_sensitivity,cell_auc,holdout,0.7567762830094669,1
center,500,z_sensitivity,object_auc,all,0.8231345065000026,6
center,500,z_sensitivity,object_auc,development,0.8387985994435004,5
center,500,z_sensitivity,object_auc,holdout,0.807470413556505,1
center,1000,L1,capture_0.2,all,0.0,1
center,1000,L1,capture_0.2,holdout,0.0,1
center,1000,L1,cell_auc,all,0.33904966059306896,1
center,1000,L1,cell_auc,holdout,0.33904966059306896,1
center,1000,L1,object_auc,all,0.7364600837129492,5
center,1000,L1,object_auc,development,0.7496994759172139,4
center,1000,L1,object_auc,holdout,0.6523469359905595,1
center,1000,hand_acc_neg,capture_0.2,all,1.0,1
center,1000,hand_acc_neg,capture_0.2,holdout,1.0,1
center,1000,hand_acc_neg,cell_auc,all,0.9672502084077647,1
center,1000,hand_acc_neg,cell_auc,holdout,0.9672502084077647,1
center,1000,hand_acc_neg,object_auc,all,0.7780225326447692,5
center,1000,hand_acc_neg,object_auc,development,0.8021239523349335,4
center,1000,hand_acc_neg,object_auc,holdout,0.7780225326447692,1
center,1000,hand_neg,capture_0.2,all,1.0,1
center,1000,hand_neg,capture_0.2,holdout,1.0,1
center,1000,hand_neg,cell_auc,all,0.977253781112302,1
center,1000,hand_neg,cell_auc,holdout,0.977253781112302,1
center,1000,hand_neg,object_auc,all,0.7846281425429756,5
center,1000,hand_neg,object_auc,development,0.8062593312424349,4
center,1000,hand_neg,object_auc,holdout,0.7846281425429756,1
center,1000,impervious,capture_0.2,all,0.0,1
center,1000,impervious,capture_0.2,holdout,0.0,1
center,1000,impervious,cell_auc,all,0.47499106823865667,1
center,1000,impervious,cell_auc,holdout,0.47499106823865667,1
center,1000,impervious,object_auc,all,0.8211546863234179,5
center,1000,impervious,object_auc,development,0.8215865010661821,4
center,1000,impervious,object_auc,holdout,0.7272847947537726,1
center,1000,logit_F1_wf,capture_0.2,all,0.8888888888888888,1
center,1000,logit_F1_wf,capture_0.2,holdout,0.8888888888888888,1
center,1000,logit_F1_wf,cell_auc,all,0.848993688221984,1
center,1000,logit_F1_wf,cell_auc,holdout,0.848993688221984,1
center,1000,logit_F1_wf,object_auc,all,0.8200561278229839,4
center,1000,logit_F1_wf,object_auc,development,0.8147590928600144,3
center,1000,logit_F1_wf,object_auc,holdout,0.8253531627859534,1
center,1000,relelev_neg,capture_0.2,all,0.0,1
center,1000,relelev_neg,capture_0.2,holdout,0.0,1
center,1000,relelev_neg,cell_auc,all,0.533881148029058,1
center,1000,relelev_neg,cell_auc,holdout,0.533881148029058,1
center,1000,relelev_neg,object_auc,all,0.6302342595523259,5
center,1000,relelev_neg,object_auc,development,0.6260987483021905,4
center,1000,relelev_neg,object_auc,holdout,0.6485145155221097,1
center,1000,rf_F1_wf,capture_0.2,all,0.7777777777777778,1
center,1000,rf_F1_wf,capture_0.2,holdout,0.7777777777777778,1
center,1000,rf_F1_wf,cell_auc,all,0.8362510420388234,1
center,1000,rf_F1_wf,cell_auc,holdout,0.8362510420388234,1
center,1000,rf_F1_wf,object_auc,all,0.8283464368263457,4
center,1000,rf_F1_wf,object_auc,development,0.8301616444560224,3
center,1000,rf_F1_wf,object_auc,holdout,0.826531229196669,1
center,1000,slope_neg,capture_0.2,all,1.0,1
center,1000,slope_neg,capture_0.2,holdout,1.0,1
center,1000,slope_neg,cell_auc,all,0.9623675122067404,1
center,1000,slope_neg,cell_auc,holdout,0.9623675122067404,1
center,1000,slope_neg,object_auc,all,0.7675557492008833,5
center,1000,slope_neg,object_auc,development,0.7824326151861343,4
center,1000,slope_neg,object_auc,holdout,0.7675557492008833,1
center,1000,twi,capture_0.2,all,1.0,1
center,1000,twi,capture_0.2,holdout,1.0,1
center,1000,twi,cell_auc,all,0.9643920447778969,1
center,1000,twi,cell_auc,holdout,0.9643920447778969,1
center,1000,twi,object_auc,all,0.8111937447593727,5
center,1000,twi,object_auc,development,0.8289602246841317,4
center,1000,twi,object_auc,holdout,0.8111937447593727,1
center,1000,z_sensitivity,capture_0.2,all,0.3333333333333333,1
center,1000,z_sensitivity,capture_0.2,holdout,0.3333333333333333,1
center,1000,z_sensitivity,cell_auc,all,0.7815886626176015,1
center,1000,z_sensitivity,cell_auc,holdout,0.7815886626176015,1
center,1000,z_sensitivity,object_auc,all,0.8248172686615738,5
center,1000,z_sensitivity,object_auc,development,0.8271284859582577,4
center,1000,z_sensitivity,object_auc,holdout,0.8027020144766385,1
f01,100,L1,capture_0.2,all,0.521978021978022,9
f01,100,L1,capture_0.2,development,0.5401054768524648,6
f01,100,L1,capture_0.2,holdout,0.2222222222222222,3
f01,100,L1,cell_auc,all,0.7221300768418756,9
f01,100,L1,cell_auc,development,0.7872064834338419,6
f01,100,L1,cell_auc,holdout,0.6446211739318847,3
f01,100,L1,object_auc,all,0.7948866693077021,10
f01,100,L1,object_auc,development,0.7952064623921147,6
f01,100,L1,object_auc,holdout,0.7548738052727366,4
f01,100,hand_acc_neg,capture_0.2,all,0.8873333333333333,9
f01,100,hand_acc_neg,capture_0.2,development,0.9198542805100182,6
f01,100,hand_acc_neg,capture_0.2,holdout,0.7222222222222222,3
f01,100,hand_acc_neg,cell_auc,all,0.8666120617451376,9
f01,100,hand_acc_neg,cell_auc,development,0.8746639346774255,6
f01,100,hand_acc_neg,cell_auc,holdout,0.814811375542054,3
f01,100,hand_acc_neg,object_auc,all,0.8472950558209973,10
f01,100,hand_acc_neg,object_auc,development,0.8638788603051771,6
f01,100,hand_acc_neg,object_auc,holdout,0.8084306184378756,4
f01,100,hand_neg,capture_0.2,all,0.8524590163934426,9
f01,100,hand_neg,capture_0.2,development,0.8706739526411658,6
f01,100,hand_neg,capture_0.2,holdout,0.5555555555555556,3
f01,100,hand_neg,cell_auc,all,0.8624829659119857,9
f01,100,hand_neg,cell_auc,development,0.8644914188931181,6
f01,100,hand_neg,cell_auc,holdout,0.7669378041913926,3
f01,100,hand_neg,object_auc,all,0.8451100700330114,10
f01,100,hand_neg,object_auc,development,0.8706389778916175,6
f01,100,hand_neg,object_auc,holdout,0.7807163413880116,4
f01,100,impervious,capture_0.2,all,0.6944444444444444,9
f01,100,impervious,capture_0.2,development,0.552484663930447,6
f01,100,impervious,capture_0.2,holdout,0.6944444444444444,3
f01,100,impervious,cell_auc,all,0.7834705193755934,9
f01,100,impervious,cell_auc,development,0.7292177853699177,6
f01,100,impervious,cell_auc,holdout,0.7834705193755934,3
f01,100,impervious,object_auc,all,0.8213015515822231,10
f01,100,impervious,object_auc,development,0.7536208856813315,6
f01,100,impervious,object_auc,holdout,0.8545226494845968,4
f01,100,logit_F1_wf,capture_0.2,all,0.7261904761904762,8
f01,100,logit_F1_wf,capture_0.2,development,0.7301587301587301,5
f01,100,logit_F1_wf,capture_0.2,holdout,0.7222222222222222,3
f01,100,logit_F1_wf,cell_auc,all,0.8282411168952339,8
f01,100,logit_F1_wf,cell_auc,development,0.8311552282646937,5
f01,100,logit_F1_wf,cell_auc,holdout,0.8253270055257741,3
f01,100,logit_F1_wf,object_auc,all,0.8445551422331852,9
f01,100,logit_F1_wf,object_auc,development,0.8445551422331852,5
f01,100,logit_F1_wf,object_auc,holdout,0.8474474505359586,4
f01,100,relelev_neg,capture_0.2,all,0.005291005291005291,9
f01,100,relelev_neg,capture_0.2,development,0.0026455026455026454,6
f01,100,relelev_neg,capture_0.2,holdout,0.082,3
f01,100,relelev_neg,cell_auc,all,0.5374905297167907,9
f01,100,relelev_neg,cell_auc,development,0.5433522338059208,6
f01,100,relelev_neg,cell_auc,holdout,0.5374905297167907,3
f01,100,relelev_neg,object_auc,all,0.5782050487635916,10
f01,100,relelev_neg,object_auc,development,0.5777108419909124,6
f01,100,relelev_neg,object_auc,holdout,0.5867154354161053,4
f01,100,rf_F1_wf,capture_0.2,all,0.7426666666666666,8
f01,100,rf_F1_wf,capture_0.2,development,0.8571428571428571,5
f01,100,rf_F1_wf,capture_0.2,holdout,0.7353333333333333,3
f01,100,rf_F1_wf,cell_auc,all,0.841571581442071,8
f01,100,rf_F1_wf,cell_auc,development,0.8416008996264827,5
f01,100,rf_F1_wf,cell_auc,holdout,0.8415422632576595,3
f01,100,rf_F1_wf,object_auc,all,0.8559792627169518,9
f01,100,rf_F1_wf,object_auc,development,0.8559792627169518,5
f01,100,rf_F1_wf,object_auc,holdout,0.8500220255188482,4
f01,100,slope_neg,capture_0.2,all,0.8253968253968254,9
f01,100,slope_neg,capture_0.2,development,0.8425229741019215,6
f01,100,slope_neg,capture_0.2,holdout,0.5555555555555556,3
f01,100,slope_neg,cell_auc,all,0.8691435220799276,9
f01,100,slope_neg,cell_auc,development,0.8825608561910392,6
f01,100,slope_neg,cell_auc,holdout,0.8221443040886012,3
f01,100,slope_neg,object_auc,all,0.8352952031216696,10
f01,100,slope_neg,object_auc,development,0.8673775317541229,6
f01,100,slope_neg,object_auc,holdout,0.7955574450454055,4
f01,100,twi,capture_0.2,all,0.6931216931216931,9
f01,100,twi,capture_0.2,development,0.7318067482001909,6
f01,100,twi,capture_0.2,holdout,0.5277777777777778,3
f01,100,twi,cell_auc,all,0.8333064600831285,9
f01,100,twi,cell_auc,development,0.8527334103691198,6
f01,100,twi,cell_auc,holdout,0.8031512982915507,3
f01,100,twi,object_auc,all,0.8143855230450059,10
f01,100,twi,object_auc,development,0.8181195333295782,6
f01,100,twi,object_auc,holdout,0.8103420516159077,4
f01,100,z_sensitivity,capture_0.2,all,0.6111111111111112,9
f01,100,z_sensitivity,capture_0.2,development,0.7026347146829075,6
f01,100,z_sensitivity,capture_0.2,holdout,0.5,3
f01,100,z_sensitivity,cell_auc,all,0.8214473164316591,9
f01,100,z_sensitivity,cell_auc,development,0.8467332345896174,6
f01,100,z_sensitivity,cell_auc,holdout,0.8040196746054908,3
f01,100,z_sensitivity,object_auc,all,0.8251820623126622,10
f01,100,z_sensitivity,object_auc,development,0.825011142412386,6
f01,100,z_sensitivity,object_auc,holdout,0.8403949680904017,4
f01,200,L1,capture_0.2,all,0.5068493150684932,9
f01,200,L1,capture_0.2,development,0.5222418618353218,6
f01,200,L1,capture_0.2,holdout,0.375,3
f01,200,L1,cell_auc,all,0.722885418806931,9
f01,200,L1,cell_auc,development,0.7853787956100144,6
f01,200,L1,cell_auc,holdout,0.6597946084724005,3
f01,200,L1,object_auc,all,0.7848667523100019,9
f01,200,L1,object_auc,development,0.7939598506720704,6
f01,200,L1,object_auc,holdout,0.7010415305504581,3
f01,200,hand_acc_neg,capture_0.2,all,0.8482490272373541,9
f01,200,hand_acc_neg,capture_0.2,development,0.8672150411280846,6
f01,200,hand_acc_neg,capture_0.2,holdout,0.75,3
f01,200,hand_acc_neg,cell_auc,all,0.8638831525636617,9
f01,200,hand_acc_neg,cell_auc,development,0.8741910065512799,6
f01,200,hand_acc_neg,cell_auc,holdout,0.8423908857509628,3
f01,200,hand_acc_neg,object_auc,all,0.8515180586333807,9
f01,200,hand_acc_neg,object_auc,development,0.8685913797421358,6
f01,200,hand_acc_neg,object_auc,holdout,0.838819251048851,3
f01,200,hand_neg,capture_0.2,all,0.8260869565217391,9
f01,200,hand_neg,capture_0.2,development,0.8387191539365453,6
f01,200,hand_neg,capture_0.2,holdout,0.6,3
f01,200,hand_neg,cell_auc,all,0.8512918198605867,9
f01,200,hand_neg,cell_auc,development,0.8584022726096299,6
f01,200,hand_neg,cell_auc,holdout,0.799675866495507,3
f01,200,hand_neg,object_auc,all,0.855948442941027,9
f01,200,hand_neg,object_auc,development,0.8743505977351085,6
f01,200,hand_neg,object_auc,holdout,0.8115876125951262,3
f01,200,impervious,capture_0.2,all,0.6989247311827957,9
f01,200,impervious,capture_0.2,development,0.5891883929886581,6
f01,200,impervious,capture_0.2,holdout,0.7333333333333333,3
f01,200,impervious,cell_auc,all,0.7945414697623451,9
f01,200,impervious,cell_auc,development,0.7810166931893153,6
f01,200,impervious,cell_auc,holdout,0.7945414697623451,3
f01,200,impervious,object_auc,all,0.8352921752688303,9
f01,200,impervious,object_auc,development,0.7999871720337004,6
f01,200,impervious,object_auc,holdout,0.869872491701646,3
f01,200,logit_F1_wf,capture_0.2,all,0.7296508570827637,8
f01,200,logit_F1_wf,capture_0.2,development,0.7297297297297297,5
f01,200,logit_F1_wf,capture_0.2,holdout,0.7295719844357976,3
f01,200,logit_F1_wf,cell_auc,all,0.8317083359932789,8
f01,200,logit_F1_wf,cell_auc,development,0.8312728979172381,5
f01,200,logit_F1_wf,cell_auc,holdout,0.8321437740693196,3
f01,200,logit_F1_wf,object_auc,all,0.8434739139837523,8
f01,200,logit_F1_wf,object_auc,development,0.8503159510123148,5
f01,200,logit_F1_wf,object_auc,holdout,0.8346709572838009,3
f01,200,relelev_neg,capture_0.2,all,0.024390243902439025,9
f01,200,relelev_neg,capture_0.2,development,0.012195121951219513,6
f01,200,relelev_neg,capture_0.2,holdout,0.0914396887159533,3
f01,200,relelev_neg,cell_auc,all,0.5628449047739068,9
f01,200,relelev_neg,cell_auc,development,0.5546752786973337,6
f01,200,relelev_neg,cell_auc,holdout,0.5715725288831837,3
f01,200,relelev_neg,object_auc,all,0.604411328642232,9
f01,200,relelev_neg,object_auc,development,0.5820275502524085,6
f01,200,relelev_neg,object_auc,holdout,0.6047283270403259,3
f01,200,rf_F1_wf,capture_0.2,all,0.7416666666666667,8
f01,200,rf_F1_wf,capture_0.2,development,0.8243243243243243,5
f01,200,rf_F1_wf,capture_0.2,holdout,0.7333333333333333,3
f01,200,rf_F1_wf,cell_auc,all,0.8424364238146866,8
f01,200,rf_F1_wf,cell_auc,development,0.8377288163986355,5
f01,200,rf_F1_wf,cell_auc,holdout,0.8471440312307377,3
f01,200,rf_F1_wf,object_auc,all,0.8567753644318263,8
f01,200,rf_F1_wf,object_auc,development,0.8581107726309745,5
f01,200,rf_F1_wf,object_auc,holdout,0.8452612328482045,3
f01,200,slope_neg,capture_0.2,all,0.8048780487804879,9
f01,200,slope_neg,capture_0.2,development,0.8078444297956493,6
f01,200,slope_neg,capture_0.2,holdout,0.625,3
f01,200,slope_neg,cell_auc,all,0.8409500747076099,9
f01,200,slope_neg,cell_auc,development,0.8617744871243544,6
f01,200,slope_neg,cell_auc,holdout,0.8293199095952332,3
f01,200,slope_neg,object_auc,all,0.8475731883578613,9
f01,200,slope_neg,object_auc,development,0.8683566062020786,6
f01,200,slope_neg,object_auc,holdout,0.8143005660329792,3
f01,200,twi,capture_0.2,all,0.6891891891891891,9
f01,200,twi,capture_0.2,development,0.7226433750823995,6
f01,200,twi,capture_0.2,holdout,0.6,3
f01,200,twi,cell_auc,all,0.8400442536410385,9
f01,200,twi,cell_auc,development,0.8540679817837495,6
f01,200,twi,cell_auc,holdout,0.834456544072324,3
f01,200,twi,object_auc,all,0.8363784650010059,9
f01,200,twi,object_auc,development,0.8580818962793137,6
f01,200,twi,object_auc,holdout,0.8304842164683074,3
f01,200,z_sensitivity,capture_0.2,all,0.6712328767123288,9
f01,200,z_sensitivity,capture_0.2,development,0.6850788039475623,6
f01,200,z_sensitivity,capture_0.2,holdout,0.6,3
f01,200,z_sensitivity,cell_auc,all,0.8266780998355601,9
f01,200,z_sensitivity,cell_auc,development,0.8356105344985694,6
f01,200,z_sensitivity,cell_auc,holdout,0.826245186136072,3
f01,200,z_sensitivity,object_auc,all,0.8234362941913934,9
f01,200,z_sensitivity,object_auc,development,0.8289934645911844,6
f01,200,z_sensitivity,object_auc,holdout,0.8234362941913934,3
f01,500,L1,capture_0.2,all,0.46464646464646464,8
f01,500,L1,capture_0.2,development,0.46464646464646464,6
f01,500,L1,capture_0.2,holdout,0.3639455782312925,2
f01,500,L1,cell_auc,all,0.747523029356105,8
f01,500,L1,cell_auc,development,0.7649205150634889,6
f01,500,L1,cell_auc,holdout,0.6042242436290604,2
f01,500,L1,object_auc,all,0.7481233819579232,8
f01,500,L1,object_auc,development,0.7635895226974045,6
f01,500,L1,object_auc,holdout,0.7125993894387825,2
f01,500,hand_acc_neg,capture_0.2,all,0.696969696969697,8
f01,500,hand_acc_neg,capture_0.2,development,0.696969696969697,6
f01,500,hand_acc_neg,capture_0.2,holdout,0.6445578231292517,2
f01,500,hand_acc_neg,cell_auc,all,0.8333434992241509,8
f01,500,hand_acc_neg,cell_auc,development,0.8333434992241509,6
f01,500,hand_acc_neg,cell_auc,holdout,0.8299225420297509,2
f01,500,hand_acc_neg,object_auc,all,0.8169628444198229,8
f01,500,hand_acc_neg,object_auc,development,0.8387426814973887,6
f01,500,hand_acc_neg,object_auc,holdout,0.8169628444198229,2
f01,500,hand_neg,capture_0.2,all,0.696969696969697,8
f01,500,hand_neg,capture_0.2,development,0.696969696969697,6
f01,500,hand_neg,capture_0.2,holdout,0.5612244897959183,2
f01,500,hand_neg,cell_auc,all,0.8218999227029342,8
f01,500,hand_neg,cell_auc,development,0.8218999227029342,6
f01,500,hand_neg,cell_auc,holdout,0.8382768012352217,2
f01,500,hand_neg,object_auc,all,0.824888155661099,8
f01,500,hand_neg,object_auc,development,0.8505107888449123,6
f01,500,hand_neg,object_auc,holdout,0.824888155661099,2
f01,500,impervious,capture_0.2,all,0.5067340067340067,8
f01,500,impervious,capture_0.2,development,0.5067340067340067,6
f01,500,impervious,capture_0.2,holdout,0.37755102040816324,2
f01,500,impervious,cell_auc,all,0.8094612038137365,8
f01,500,impervious,cell_auc,development,0.8094612038137365,6
f01,500,impervious,cell_auc,holdout,0.7051315195268286,2
f01,500,impervious,object_auc,all,0.8055248235910709,8
f01,500,impervious,object_auc,development,0.8055248235910709,6
f01,500,impervious,object_auc,holdout,0.7739967739333502,2
f01,500,logit_F1_wf,capture_0.2,all,0.6122448979591837,7
f01,500,logit_F1_wf,capture_0.2,development,0.5714285714285714,5
f01,500,logit_F1_wf,capture_0.2,holdout,0.6394557823129252,2
f01,500,logit_F1_wf,cell_auc,all,0.8359035191775406,7
f01,500,logit_F1_wf,cell_auc,development,0.8359035191775406,5
f01,500,logit_F1_wf,cell_auc,holdout,0.8237817811717894,2
f01,500,logit_F1_wf,object_auc,all,0.8512286459097739,7
f01,500,logit_F1_wf,object_auc,development,0.8642057837492472,5
f01,500,logit_F1_wf,object_auc,holdout,0.8432340244397577,2
f01,500,relelev_neg,capture_0.2,all,0.07946815089672232,8
f01,500,relelev_neg,capture_0.2,development,0.045454545454545456,6
f01,500,relelev_neg,capture_0.2,holdout,0.1173469387755102,2
f01,500,relelev_neg,cell_auc,all,0.5685542268711168,8
f01,500,relelev_neg,cell_auc,development,0.5838373567910935,6
f01,500,relelev_neg,cell_auc,holdout,0.5431081978204401,2
f01,500,relelev_neg,object_auc,all,0.6022427022700099,8
f01,500,relelev_neg,object_auc,development,0.6022427022700099,6
f01,500,relelev_neg,object_auc,holdout,0.599382443145053,2
f01,500,rf_F1_wf,capture_0.2,all,0.8095238095238095,7
f01,500,rf_F1_wf,capture_0.2,development,0.8095238095238095,5
f01,500,rf_F1_wf,capture_0.2,holdout,0.7125850340136055,2
f01,500,rf_F1_wf,cell_auc,all,0.8575435488633009,7
f01,500,rf_F1_wf,cell_auc,development,0.8685007385524371,5
f01,500,rf_F1_wf,cell_auc,holdout,0.8347795872918531,2
f01,500,rf_F1_wf,object_auc,all,0.8725999479972646,7
f01,500,rf_F1_wf,object_auc,development,0.8725999479972646,5
f01,500,rf_F1_wf,object_auc,holdout,0.8550428547210598,2
f01,500,slope_neg,capture_0.2,all,0.6768460111317254,8
f01,500,slope_neg,capture_0.2,development,0.5748051948051948,6
f01,500,slope_neg,capture_0.2,holdout,0.804421768707483,2
f01,500,slope_neg,cell_auc,all,0.8213425361808743,8
f01,500,slope_neg,cell_auc,development,0.7989530888952887,6
f01,500,slope_neg,cell_auc,holdout,0.8424316131839866,2
f01,500,slope_neg,object_auc,all,0.8313009502696325,8
f01,500,slope_neg,object_auc,development,0.8191444641206052,6
f01,500,slope_neg,object_auc,holdout,0.8313009502696325,2
f01,500,twi,capture_0.2,all,0.6428571428571428,8
f01,500,twi,capture_0.2,development,0.5822510822510822,6
f01,500,twi,capture_0.2,holdout,0.7074829931972789,2
f01,500,twi,cell_auc,all,0.8393457453698745,8
f01,500,twi,cell_auc,development,0.8138204794766327,6
f01,500,twi,cell_auc,holdout,0.8629417880108674,2
f01,500,twi,object_auc,all,0.8572653443012734,8
f01,500,twi,object_auc,development,0.8452654662488508,6
f01,500,twi,object_auc,holdout,0.8572653443012734,2
f01,500,z_sensitivity,capture_0.2,all,0.5277777777777778,8
f01,500,z_sensitivity,capture_0.2,development,0.6111111111111112,6
f01,500,z_sensitivity,capture_0.2,holdout,0.38945578231292516,2
f01,500,z_sensitivity,cell_auc,all,0.8008838089107697,8
f01,500,z_sensitivity,cell_auc,development,0.8008838089107697,6
f01,500,z_sensitivity,cell_auc,holdout,0.7843530598757269,2
f01,500,z_sensitivity,object_auc,all,0.8231345065000026,8
f01,500,z_sensitivity,object_auc,development,0.8130851215206933,6
f01,500,z_sensitivity,object_auc,holdout,0.8233242401907419,2
f01,1000,L1,capture_0.2,all,0.6071428571428572,6
f01,1000,L1,capture_0.2,development,0.7142857142857143,5
f01,1000,L1,capture_0.2,holdout,0.034482758620689655,1
f01,1000,L1,cell_auc,all,0.746460490712785,6
f01,1000,L1,cell_auc,development,0.8034944581280788,5
f01,1000,L1,cell_auc,holdout,0.4472031518177562,1
f01,1000,L1,object_auc,all,0.74601210364904,8
f01,1000,L1,object_auc,development,0.7496994759172139,6
f01,1000,L1,object_auc,holdout,0.7039555297878451,2
f01,1000,hand_acc_neg,capture_0.2,all,0.6965517241379311,6
f01,1000,hand_acc_neg,capture_0.2,development,0.6,5
f01,1000,hand_acc_neg,capture_0.2,holdout,0.7931034482758621,1
f01,1000,hand_acc_neg,cell_auc,all,0.7818066058693391,6
f01,1000,hand_acc_neg,cell_auc,development,0.7811158798283262,5
f01,1000,hand_acc_neg,cell_auc,holdout,0.8616788890622561,1
f01,1000,hand_acc_neg,object_auc,all,0.8154902724434083,8
f01,1000,hand_acc_neg,object_auc,development,0.8288872513328154,6
f01,1000,hand_acc_neg,object_auc,holdout,0.798673062814037,2
f01,1000,hand_neg,capture_0.2,all,0.65,6
f01,1000,hand_neg,capture_0.2,development,0.5,5
f01,1000,hand_neg,capture_0.2,holdout,0.8103448275862069,1
f01,1000,hand_neg,cell_auc,all,0.7759967547785143,6
f01,1000,hand_neg,cell_auc,development,0.768409818569904,5
f01,1000,hand_neg,cell_auc,holdout,0.8720354189421127,1
f01,1000,hand_neg,object_auc,all,0.8054795194330409,8
f01,1000,hand_neg,object_auc,development,0.8062593312424349,6
f01,1000,hand_neg,object_auc,holdout,0.8054795194330409,2
f01,1000,impervious,capture_0.2,all,0.4916666666666667,6
f01,1000,impervious,capture_0.2,development,0.65,5
f01,1000,impervious,capture_0.2,holdout,0.05172413793103448,1
f01,1000,impervious,cell_auc,all,0.8277088630224059,6
f01,1000,impervious,cell_auc,development,0.8763854679802956,5
f01,1000,impervious,cell_auc,holdout,0.5695798876579811,1
f01,1000,impervious,object_auc,all,0.8215865010661821,8
f01,1000,impervious,object_auc,development,0.8215865010661821,6
f01,1000,impervious,object_auc,holdout,0.7966060801825385,2
f01,1000,logit_F1_wf,capture_0.2,all,0.6,5
f01,1000,logit_F1_wf,capture_0.2,development,0.5916666666666667,4
f01,1000,logit_F1_wf,capture_0.2,holdout,0.6206896551724138,1
f01,1000,logit_F1_wf,cell_auc,all,0.7986620377594008,5
f01,1000,logit_F1_wf,cell_auc,development,0.7833048748596305,4
f01,1000,logit_F1_wf,cell_auc,holdout,0.7986620377594008,1
f01,1000,logit_F1_wf,object_auc,all,0.8695852251737768,7
f01,1000,logit_F1_wf,object_auc,development,0.8854683260582861,5
f01,1000,logit_F1_wf,object_auc,holdout,0.8474691939798651,2
f01,1000,relelev_neg,capture_0.2,all,0.15714285714285714,6
f01,1000,relelev_neg,capture_0.2,development,0.21428571428571427,5
f01,1000,relelev_neg,capture_0.2,holdout,0.06896551724137931,1
f01,1000,relelev_neg,cell_auc,all,0.6239896720860907,6
f01,1000,relelev_neg,cell_auc,development,0.643472906403941,5
f01,1000,relelev_neg,cell_auc,holdout,0.5472772663442034,1
f01,1000,relelev_neg,object_auc,all,0.6260987483021905,8
f01,1000,relelev_neg,object_auc,development,0.6260987483021905,6
f01,1000,relelev_neg,object_auc,holdout,0.6160526416791856,2
f01,1000,rf_F1_wf,capture_0.2,all,0.5833333333333334,5
f01,1000,rf_F1_wf,capture_0.2,development,0.6001666666666667,4
f01,1000,rf_F1_wf,capture_0.2,holdout,0.5689655172413793,1
f01,1000,rf_F1_wf,cell_auc,all,0.7993251677328755,5
f01,1000,rf_F1_wf,cell_auc,development,0.8080210592705401,4
f01,1000,rf_F1_wf,cell_auc,holdout,0.7993251677328755,1
f01,1000,rf_F1_wf,object_auc,all,0.8846796074465733,7
f01,1000,rf_F1_wf,object_auc,development,0.8990511262400366,5
f01,1000,rf_F1_wf,object_auc,holdout,0.8556054183216211,2
f01,1000,slope_neg,capture_0.2,all,0.6022167487684729,6
f01,1000,slope_neg,capture_0.2,development,0.42857142857142855,5
f01,1000,slope_neg,capture_0.2,holdout,0.7758620689655172,1
f01,1000,slope_neg,cell_auc,all,0.7989824043495587,6
f01,1000,slope_neg,cell_auc,development,0.7986051502145922,5
f01,1000,slope_neg,cell_auc,holdout,0.8468559837728196,1
f01,1000,slope_neg,object_auc,all,0.8477131133940226,8
f01,1000,slope_neg,object_auc,development,0.8477131133940226,6
f01,1000,slope_neg,object_auc,holdout,0.8134377595070375,2
f01,1000,twi,capture_0.2,all,0.6499999999999999,6
f01,1000,twi,capture_0.2,development,0.6,5
f01,1000,twi,capture_0.2,holdout,0.7586206896551724,1
f01,1000,twi,cell_auc,all,0.8324567380142085,6
f01,1000,twi,cell_auc,development,0.8247854077253219,5
f01,1000,twi,cell_auc,holdout,0.8650823061320018,1
f01,1000,twi,object_auc,all,0.8750682446638853,8
f01,1000,twi,object_auc,development,0.8778607344916067,6
f01,1000,twi,object_auc,holdout,0.8442548235957883,2
f01,1000,z_sensitivity,capture_0.2,all,0.5297619047619048,6
f01,1000,z_sensitivity,capture_0.2,development,0.6428571428571429,5
f01,1000,z_sensitivity,capture_0.2,holdout,0.3103448275862069,1
f01,1000,z_sensitivity,cell_auc,all,0.7993208490292669,6
f01,1000,z_sensitivity,cell_auc,development,0.8389778325123153,5
f01,1000,z_sensitivity,cell_auc,holdout,0.7480886253705726,1
f01,1000,z_sensitivity,object_auc,all,0.837738518103887,8
f01,1000,z_sensitivity,object_auc,development,0.837738518103887,6
f01,1000,z_sensitivity,object_auc,holdout,0.8348685325261781,2
f10,100,L1,capture_0.2,all,0.5253383348043542,8
f10,100,L1,capture_0.2,development,0.5253383348043542,6
f10,100,L1,capture_0.2,holdout,0.4223817118553961,2
f10,100,L1,cell_auc,all,0.7876557441836084,8
f10,100,L1,cell_auc,development,0.7876557441836084,6
f10,100,L1,cell_auc,holdout,0.6476335927154834,2
f10,100,L1,object_auc,all,0.7948866693077021,8
f10,100,L1,object_auc,development,0.7952064623921147,6
f10,100,L1,object_auc,holdout,0.7548738052727366,2
f10,100,hand_acc_neg,capture_0.2,all,0.9091800356506239,8
f10,100,hand_acc_neg,capture_0.2,development,0.9270588235294117,6
f10,100,hand_acc_neg,capture_0.2,holdout,0.7121212121212122,2
f10,100,hand_acc_neg,cell_auc,all,0.8826312799979479,8
f10,100,hand_acc_neg,cell_auc,development,0.8826312799979479,6
f10,100,hand_acc_neg,cell_auc,holdout,0.8451933507494513,2
f10,100,hand_acc_neg,object_auc,all,0.8529623918907889,8
f10,100,hand_acc_neg,object_auc,development,0.8638788603051771,6
f10,100,hand_acc_neg,object_auc,holdout,0.8378254724551742,2
f10,100,hand_neg,capture_0.2,all,0.8934873949579832,8
f10,100,hand_neg,capture_0.2,development,0.8934873949579832,6
f10,100,hand_neg,capture_0.2,holdout,0.7185007974481659,2
f10,100,hand_neg,cell_auc,all,0.8695240033921428,8
f10,100,hand_neg,cell_auc,development,0.8695240033921428,6
f10,100,hand_neg,cell_auc,holdout,0.83621077059272,2
f10,100,hand_neg,object_auc,all,0.8570682184601055,8
f10,100,hand_neg,object_auc,development,0.8706389778916175,6
f10,100,hand_neg,object_auc,holdout,0.8211038252245062,2
f10,100,impervious,capture_0.2,all,0.533465725213298,8
f10,100,impervious,capture_0.2,development,0.533465725213298,6
f10,100,impervious,capture_0.2,holdout,0.5025252525252525,2
f10,100,impervious,cell_auc,all,0.7078112746578722,8
f10,100,impervious,cell_auc,development,0.7078112746578722,6
f10,100,impervious,cell_auc,holdout,0.6705440266147147,2
f10,100,impervious,object_auc,all,0.7536208856813315,8
f10,100,impervious,object_auc,development,0.7536208856813315,6
f10,100,impervious,object_auc,holdout,0.7344337746062939,2
f10,100,logit_F1_wf,capture_0.2,all,0.8181818181818182,7
f10,100,logit_F1_wf,capture_0.2,development,0.7294117647058823,5
f10,100,logit_F1_wf,capture_0.2,holdout,0.8813131313131313,2
f10,100,logit_F1_wf,cell_auc,all,0.8459306181162206,7
f10,100,logit_F1_wf,cell_auc,development,0.8354526290701026,5
f10,100,logit_F1_wf,cell_auc,holdout,0.8574891712238498,2
f10,100,logit_F1_wf,object_auc,all,0.8445551422331852,7
f10,100,logit_F1_wf,object_auc,development,0.8445551422331852,5
f10,100,logit_F1_wf,object_auc,holdout,0.8510895683824982,2
f10,100,relelev_neg,capture_0.2,all,0.0029411764705882353,8
f10,100,relelev_neg,capture_0.2,development,0.0029411764705882353,6
f10,100,relelev_neg,capture_0.2,holdout,0.035486443381180226,2
f10,100,relelev_neg,cell_auc,all,0.5374459014659528,8
f10,100,relelev_neg,cell_auc,development,0.5396636671871169,6
f10,100,relelev_neg,cell_auc,holdout,0.5049445469372686,2
f10,100,relelev_neg,object_auc,all,0.5782050487635916,8
f10,100,relelev_neg,object_auc,development,0.5777108419909124,6
f10,100,relelev_neg,object_auc,holdout,0.5927442203922603,2
f10,100,rf_F1_wf,capture_0.2,all,0.8588235294117647,7
f10,100,rf_F1_wf,capture_0.2,development,0.8588235294117647,5
f10,100,rf_F1_wf,capture_0.2,holdout,0.8530037214247741,2
f10,100,rf_F1_wf,cell_auc,all,0.8545759203980099,7
f10,100,rf_F1_wf,cell_auc,development,0.8545759203980099,5
f10,100,rf_F1_wf,cell_auc,holdout,0.8673237434309788,2
f10,100,rf_F1_wf,object_auc,all,0.8559792627169518,7
f10,100,rf_F1_wf,object_auc,development,0.8559792627169518,5
f10,100,rf_F1_wf,object_auc,holdout,0.8675362370240942,2
f10,100,slope_neg,capture_0.2,all,0.8492853216052776,8
f10,100,slope_neg,capture_0.2,development,0.8492853216052776,6
f10,100,slope_neg,capture_0.2,holdout,0.727538543328017,2
f10,100,slope_neg,cell_auc,all,0.8850293134433338,8
f10,100,slope_neg,cell_auc,development,0.8850293134433338,6
f10,100,slope_neg,cell_auc,holdout,0.87670135925906,2
f10,100,slope_neg,object_auc,all,0.8534109269703426,8
f10,100,slope_neg,object_auc,development,0.8673775317541229,6
f10,100,slope_neg,object_auc,holdout,0.8352952031216696,2
f10,100,twi,capture_0.2,all,0.7309873949579833,8
f10,100,twi,capture_0.2,development,0.7309873949579833,6
f10,100,twi,capture_0.2,holdout,0.7421584263689527,2
f10,100,twi,cell_auc,all,0.8571988652316112,8
f10,100,twi,cell_auc,development,0.8535920515821669,6
f10,100,twi,cell_auc,holdout,0.8655509974533779,2
f10,100,twi,object_auc,all,0.8181195333295782,8
f10,100,twi,object_auc,development,0.8181195333295782,6
f10,100,twi,object_auc,holdout,0.8244593202332386,2
f10,100,z_sensitivity,capture_0.2,all,0.7184833774639601,8
f10,100,z_sensitivity,capture_0.2,development,0.7184833774639601,6
f10,100,z_sensitivity,capture_0.2,holdout,0.5263157894736842,2
f10,100,z_sensitivity,cell_auc,all,0.855901901767657,8
f10,100,z_sensitivity,cell_auc,development,0.855901901767657,6
f10,100,z_sensitivity,cell_auc,holdout,0.8128592511130794,2
f10,100,z_sensitivity,object_auc,all,0.8251820623126622,8
f10,100,z_sensitivity,object_auc,development,0.825011142412386,6
f10,100,z_sensitivity,object_auc,holdout,0.8403949680904017,2
f10,200,L1,capture_0.2,all,0.5393996247654784,6
f10,200,L1,capture_0.2,development,0.6153846153846154,5
f10,200,L1,capture_0.2,holdout,0.05405405405405406,1
f10,200,L1,cell_auc,all,0.8070086947695139,6
f10,200,L1,cell_auc,development,0.8107727168289534,5
f10,200,L1,cell_auc,holdout,0.43063840798890235,1
f10,200,L1,object_auc,all,0.7882355910629937,8
f10,200,L1,object_auc,development,0.7939598506720704,6
f10,200,L1,object_auc,holdout,0.7429541414302301,2
f10,200,hand_acc_neg,capture_0.2,all,0.9205821205821205,6
f10,200,hand_acc_neg,capture_0.2,development,0.9384615384615385,5
f10,200,hand_acc_neg,capture_0.2,holdout,0.9027027027027027,1
f10,200,hand_acc_neg,cell_auc,all,0.9026862073869304,6
f10,200,hand_acc_neg,cell_auc,development,0.8931748496636746,5
f10,200,hand_acc_neg,cell_auc,holdout,0.9372266788841896,1
f10,200,hand_acc_neg,object_auc,all,0.8518536930401692,8
f10,200,hand_acc_neg,object_auc,development,0.8685913797421358,6
f10,200,hand_acc_neg,object_auc,holdout,0.8369471306393963,2
f10,200,hand_neg,capture_0.2,all,0.9322635135135136,6
f10,200,hand_neg,capture_0.2,development,0.9375,5
f10,200,hand_neg,capture_0.2,holdout,0.927027027027027,1
f10,200,hand_neg,cell_auc,all,0.8879207227664723,6
f10,200,hand_neg,cell_auc,development,0.8858584818209909,5
f10,200,hand_neg,cell_auc,holdout,0.9442424923746536,1
f10,200,hand_neg,object_auc,all,0.8617586311489382,8
f10,200,hand_neg,object_auc,development,0.8743505977351085,6
f10,200,hand_neg,object_auc,holdout,0.8308541750204308,2
f10,200,impervious,capture_0.2,all,0.6439024390243903,6
f10,200,impervious,capture_0.2,development,0.8,5
f10,200,impervious,capture_0.2,holdout,0.07297297297297298,1
f10,200,impervious,cell_auc,all,0.7800843149839254,6
f10,200,impervious,cell_auc,development,0.8621405991269004,5
f10,200,impervious,cell_auc,holdout,0.44078071950462466,1
f10,200,impervious,object_auc,all,0.7999871720337004,8
f10,200,impervious,object_auc,development,0.7999871720337004,6
f10,200,impervious,object_auc,holdout,0.7572165801086734,2
f10,200,logit_F1_wf,capture_0.2,all,0.7413793103448276,5
f10,200,logit_F1_wf,capture_0.2,development,0.7121530698065601,4
f10,200,logit_F1_wf,capture_0.2,holdout,0.772972972972973,1
f10,200,logit_F1_wf,cell_auc,all,0.8415620611979112,5
f10,200,logit_F1_wf,cell_auc,development,0.8481403161123817,4
f10,200,logit_F1_wf,cell_auc,holdout,0.8415620611979112,1
f10,200,logit_F1_wf,object_auc,all,0.8503159510123148,7
f10,200,logit_F1_wf,object_auc,development,0.8503159510123148,5
f10,200,logit_F1_wf,object_auc,holdout,0.8465986477785956,2
f10,200,relelev_neg,capture_0.2,all,0.05172672672672673,6
f10,200,relelev_neg,capture_0.2,development,0.027777777777777776,5
f10,200,relelev_neg,capture_0.2,holdout,0.07567567567567568,1
f10,200,relelev_neg,cell_auc,all,0.5512934959566195,6
f10,200,relelev_neg,cell_auc,development,0.5615399636089291,5
f10,200,relelev_neg,cell_auc,holdout,0.47275138896548413,1
f10,200,relelev_neg,object_auc,all,0.5870780176449103,8
f10,200,relelev_neg,object_auc,development,0.5820275502524085,6
f10,200,relelev_neg,object_auc,holdout,0.5944180680671466,2
f10,200,rf_F1_wf,capture_0.2,all,0.7804878048780488,5
f10,200,rf_F1_wf,capture_0.2,development,0.8212783851976451,4
f10,200,rf_F1_wf,capture_0.2,holdout,0.7054054054054054,1
f10,200,rf_F1_wf,cell_auc,all,0.8664006262529448,5
f10,200,rf_F1_wf,cell_auc,development,0.8859571586419386,4
f10,200,rf_F1_wf,cell_auc,holdout,0.8356726212949724,1
f10,200,rf_F1_wf,object_auc,all,0.8581107726309745,7
f10,200,rf_F1_wf,object_auc,development,0.8581107726309745,5
f10,200,rf_F1_wf,object_auc,holdout,0.8610426063076102,2
f10,200,slope_neg,capture_0.2,all,0.830106100795756,6
f10,200,slope_neg,capture_0.2,development,0.8153846153846154,5
f10,200,slope_neg,capture_0.2,holdout,0.8891891891891892,1
f10,200,slope_neg,cell_auc,all,0.8745513905636055,6
f10,200,slope_neg,cell_auc,development,0.8720037712827906,5
f10,200,slope_neg,cell_auc,holdout,0.9171222077516223,1
f10,200,slope_neg,object_auc,all,0.8507471532388343,8
f10,200,slope_neg,object_auc,development,0.8683566062020786,6
f10,200,slope_neg,object_auc,holdout,0.8341108420763932,2
f10,200,twi,capture_0.2,all,0.7365433137089992,6
f10,200,twi,capture_0.2,development,0.7317073170731707,5
f10,200,twi,capture_0.2,holdout,0.8837837837837837,1
f10,200,twi,cell_auc,all,0.8609672507366594,6
f10,200,twi,cell_auc,development,0.8603226433097365,5
f10,200,twi,cell_auc,holdout,0.9086333626044817,1
f10,200,twi,object_auc,all,0.840772825847474,8
f10,200,twi,object_auc,development,0.8580818962793137,6
f10,200,twi,object_auc,holdout,0.8334313407346566,2
f10,200,z_sensitivity,capture_0.2,all,0.8069418386491557,6
f10,200,z_sensitivity,capture_0.2,development,0.8292682926829268,5
f10,200,z_sensitivity,capture_0.2,holdout,0.22702702702702704,1
f10,200,z_sensitivity,cell_auc,all,0.8768616591220739,6
f10,200,z_sensitivity,cell_auc,development,0.8970376415221404,5
f10,200,z_sensitivity,cell_auc,holdout,0.7387004175734361,1
f10,200,z_sensitivity,object_auc,all,0.8310008552041224,8
f10,200,z_sensitivity,object_auc,development,0.8289934645911844,6
f10,200,z_sensitivity,object_auc,holdout,0.8366071790016507,2
f10,500,L1,capture_0.2,all,0.4,5
f10,500,L1,capture_0.2,development,0.48947368421052634,4
f10,500,L1,capture_0.2,holdout,0.0375,1
f10,500,L1,cell_auc,all,0.7587052911616908,5
f10,500,L1,cell_auc,development,0.768551784506999,4
f10,500,L1,cell_auc,holdout,0.4195479927558104,1
f10,500,L1,object_auc,all,0.7635895226974045,6
f10,500,L1,object_auc,development,0.7749180230418669,5
f10,500,L1,object_auc,holdout,0.6812130373146612,1
f10,500,hand_acc_neg,capture_0.2,all,0.8333333333333334,5
f10,500,hand_acc_neg,capture_0.2,development,0.8114035087719298,4
f10,500,hand_acc_neg,capture_0.2,holdout,0.9,1
f10,500,hand_acc_neg,cell_auc,all,0.8529774228531993,5
f10,500,hand_acc_neg,cell_auc,development,0.8519715055488347,4
f10,500,hand_acc_neg,cell_auc,holdout,0.938122547539994,1
f10,500,hand_acc_neg,object_auc,all,0.8120825457711167,6
f10,500,hand_acc_neg,object_auc,development,0.795559496003917,5
f10,500,hand_acc_neg,object_auc,holdout,0.8286055955383165,1
f10,500,hand_neg,capture_0.2,all,0.8421052631578947,5
f10,500,hand_neg,capture_0.2,development,0.8377192982456141,4
f10,500,hand_neg,capture_0.2,holdout,0.8875,1
f10,500,hand_neg,cell_auc,all,0.8584491767721582,5
f10,500,hand_neg,cell_auc,development,0.8523207104339373,4
f10,500,hand_neg,cell_auc,holdout,0.9434821159070328,1
f10,500,hand_neg,object_auc,all,0.8239956034453233,6
f10,500,hand_neg,object_auc,development,0.8171889536744666,5
f10,500,hand_neg,object_auc,holdout,0.83080225321618,1
f10,500,impervious,capture_0.2,all,0.3333333333333333,5
f10,500,impervious,capture_0.2,development,0.5614035087719298,4
f10,500,impervious,capture_0.2,holdout,0.0375,1
f10,500,impervious,cell_auc,all,0.739033402305646,5
f10,500,impervious,cell_auc,development,0.8115697071117036,4
f10,500,impervious,cell_auc,holdout,0.5015639148807727,1
f10,500,impervious,object_auc,all,0.8055248235910709,6
f10,500,impervious,object_auc,development,0.812923152758019,5
f10,500,impervious,object_auc,holdout,0.6940292496133267,1
f10,500,logit_F1_wf,capture_0.2,all,0.6833333333333333,4
f10,500,logit_F1_wf,capture_0.2,development,0.6666666666666666,3
f10,500,logit_F1_wf,capture_0.2,holdout,0.7375,1
f10,500,logit_F1_wf,cell_auc,all,0.8207368606495484,4
f10,500,logit_F1_wf,cell_auc,development,0.7963937333727461,3
f10,500,logit_F1_wf,cell_auc,holdout,0.8450799879263506,1
f10,500,logit_F1_wf,object_auc,all,0.835640532902667,5
f10,500,logit_F1_wf,object_auc,development,0.8499231583259571,4
f10,500,logit_F1_wf,object_auc,holdout,0.8352394029697415,1
f10,500,relelev_neg,capture_0.2,all,0.0,5
f10,500,relelev_neg,capture_0.2,development,0.0,4
f10,500,relelev_neg,capture_0.2,holdout,0.05,1
f10,500,relelev_neg,cell_auc,all,0.5447531776529708,5
f10,500,relelev_neg,cell_auc,development,0.5697668487085557,4
f10,500,relelev_neg,cell_auc,holdout,0.49604965288258374,1
f10,500,relelev_neg,object_auc,all,0.6208056688577314,6
f10,500,relelev_neg,object_auc,development,0.6027093746678235,5
f10,500,relelev_neg,object_auc,holdout,0.6389019630476392,1
f10,500,rf_F1_wf,capture_0.2,all,0.6875,4
f10,500,rf_F1_wf,capture_0.2,development,0.7,3
f10,500,rf_F1_wf,capture_0.2,holdout,0.675,1
f10,500,rf_F1_wf,cell_auc,all,0.8258710662809651,4
f10,500,rf_F1_wf,cell_auc,development,0.8151967054565875,3
f10,500,rf_F1_wf,cell_auc,holdout,0.8365454271053426,1
f10,500,rf_F1_wf,object_auc,all,0.8457255360234922,5
f10,500,rf_F1_wf,object_auc,development,0.8687428397554903,4
f10,500,rf_F1_wf,object_auc,holdout,0.8327484495623799,1
f10,500,slope_neg,capture_0.2,all,0.7,5
f10,500,slope_neg,capture_0.2,development,0.6833333333333333,4
f10,500,slope_neg,capture_0.2,holdout,0.8875,1
f10,500,slope_neg,cell_auc,all,0.8389283249531697,5
f10,500,slope_neg,cell_auc,development,0.8257989829302085,4
f10,500,slope_neg,cell_auc,holdout,0.9195932689405373,1
f10,500,slope_neg,object_auc,all,0.7921734656462838,6
f10,500,slope_neg,object_auc,development,0.7779534685693233,5
f10,500,slope_neg,object_auc,holdout,0.8063934627232443,1
f10,500,twi,capture_0.2,all,0.6842105263157895,5
f10,500,twi,capture_0.2,development,0.6754385964912281,4
f10,500,twi,capture_0.2,holdout,0.8875,1
f10,500,twi,cell_auc,all,0.8612343488119886,5
f10,500,twi,cell_auc,development,0.8373380741657672,4
f10,500,twi,cell_auc,holdout,0.9323309689103532,1
f10,500,twi,object_auc,all,0.8205984572136289,6
f10,500,twi,object_auc,development,0.802451956928654,5
f10,500,twi,object_auc,holdout,0.8387449574986039,1
f10,500,z_sensitivity,capture_0.2,all,0.6,5
f10,500,z_sensitivity,capture_0.2,development,0.6947368421052631,4
f10,500,z_sensitivity,capture_0.2,holdout,0.25,1
f10,500,z_sensitivity,cell_auc,all,0.7822051433638781,5
f10,500,z_sensitivity,cell_auc,development,0.8263192440682992,4
f10,500,z_sensitivity,cell_auc,holdout,0.7538560217325687,1
f10,500,z_sensitivity,object_auc,all,0.8231345065000026,6
f10,500,z_sensitivity,object_auc,development,0.8387985994435004,5
f10,500,z_sensitivity,object_auc,holdout,0.807470413556505,1
f10,1000,L1,capture_0.2,all,0.75,3
f10,1000,L1,capture_0.2,development,0.7916666666666667,2
f10,1000,L1,capture_0.2,holdout,0.0,1
f10,1000,L1,cell_auc,all,0.8389989293361884,3
f10,1000,L1,cell_auc,development,0.869819977488607,2
f10,1000,L1,cell_auc,holdout,0.396530165676774,1
f10,1000,L1,object_auc,all,0.7496994759172139,6
f10,1000,L1,object_auc,development,0.7629388681214785,5
f10,1000,L1,object_auc,holdout,0.6523469359905595,1
f10,1000,hand_acc_neg,capture_0.2,all,0.875,3
f10,1000,hand_acc_neg,capture_0.2,development,0.8541666666666667,2
f10,1000,hand_acc_neg,capture_0.2,holdout,0.8928571428571429,1
f10,1000,hand_acc_neg,cell_auc,all,0.8685091006423983,3
f10,1000,hand_acc_neg,cell_auc,development,0.8389910175576665,2
f10,1000,hand_acc_neg,cell_auc,holdout,0.9227102219443576,1
f10,1000,hand_acc_neg,object_auc,all,0.7948397422741403,6
f10,1000,hand_acc_neg,object_auc,development,0.8116569519035115,5
f10,1000,hand_acc_neg,object_auc,holdout,0.7780225326447692,1
f10,1000,hand_neg,capture_0.2,all,0.875,3
f10,1000,hand_neg,capture_0.2,development,0.8541666666666667,2
f10,1000,hand_neg,capture_0.2,holdout,0.9285714285714286,1
f10,1000,hand_neg,cell_auc,all,0.8542558886509636,3
f10,1000,hand_neg,cell_auc,development,0.8377404799380175,2
f10,1000,hand_neg,cell_auc,holdout,0.9316583307283527,1
f10,1000,hand_neg,object_auc,all,0.7737040396782147,6
f10,1000,hand_neg,object_auc,development,0.7627799368134538,5
f10,1000,hand_neg,object_auc,holdout,0.7846281425429756,1
f10,1000,impervious,capture_0.2,all,0.7625,3
f10,1000,impervious,capture_0.2,development,0.88125,2
f10,1000,impervious,capture_0.2,holdout,0.03571428571428571,1
f10,1000,impervious,cell_auc,all,0.9201017130620985,3
f10,1000,impervious,cell_auc,development,0.9255957283259211,2
f10,1000,impervious,cell_auc,holdout,0.5806306658330728,1
f10,1000,impervious,object_auc,all,0.8215865010661821,6
f10,1000,impervious,object_auc,development,0.8220183158089464,5
f10,1000,impervious,object_auc,holdout,0.7272847947537726,1
f10,1000,logit_F1_wf,capture_0.2,all,0.8333333333333334,3
f10,1000,logit_F1_wf,capture_0.2,development,0.5416666666666667,2
f10,1000,logit_F1_wf,capture_0.2,holdout,0.8571428571428571,1
f10,1000,logit_F1_wf,cell_auc,all,0.82247150997151,3
f10,1000,logit_F1_wf,cell_auc,development,0.5488829712598449,2
f10,1000,logit_F1_wf,cell_auc,holdout,0.8472569552985308,1
f10,1000,logit_F1_wf,object_auc,all,0.8253531627859534,5
f10,1000,logit_F1_wf,object_auc,development,0.8501137094591502,4
f10,1000,logit_F1_wf,object_auc,holdout,0.8253531627859534,1
f10,1000,relelev_neg,capture_0.2,all,0.125,3
f10,1000,relelev_neg,capture_0.2,development,0.14583333333333331,2
f10,1000,relelev_neg,capture_0.2,holdout,0.03571428571428571,1
f10,1000,relelev_neg,cell_auc,all,0.6616809116809117,3
f10,1000,relelev_neg,cell_auc,development,0.6814159376391711,2
f10,1000,relelev_neg,cell_auc,holdout,0.5292278837136605,1
f10,1000,relelev_neg,object_auc,all,0.6393743875372178,6
f10,1000,relelev_neg,object_auc,development,0.6302342595523259,5
f10,1000,relelev_neg,object_auc,holdout,0.6485145155221097,1
f10,1000,rf_F1_wf,capture_0.2,all,0.695,3
f10,1000,rf_F1_wf,capture_0.2,development,0.6599999999999999,2
f10,1000,rf_F1_wf,capture_0.2,holdout,0.7142857142857143,1
f10,1000,rf_F1_wf,cell_auc,all,0.840926852141294,3
f10,1000,rf_F1_wf,cell_auc,development,0.8460303080217426,2
f10,1000,rf_F1_wf,cell_auc,holdout,0.840926852141294,1
f10,1000,rf_F1_wf,object_auc,all,0.8301616444560224,5
f10,1000,rf_F1_wf,object_auc,development,0.8739714290453128,4
f10,1000,rf_F1_wf,object_auc,holdout,0.826531229196669,1
f10,1000,slope_neg,capture_0.2,all,0.8333333333333334,3
f10,1000,slope_neg,capture_0.2,development,0.7916666666666667,2
f10,1000,slope_neg,capture_0.2,holdout,0.8928571428571429,1
f10,1000,slope_neg,cell_auc,all,0.851043897216274,3
f10,1000,slope_neg,cell_auc,development,0.8337306380668265,2
f10,1000,slope_neg,cell_auc,holdout,0.9119646764613941,1
f10,1000,slope_neg,object_auc,all,0.8071879591985225,6
f10,1000,slope_neg,object_auc,development,0.8468201691961615,5
f10,1000,slope_neg,object_auc,holdout,0.7675557492008833,1
f10,1000,twi,capture_0.2,all,0.875,3
f10,1000,twi,capture_0.2,development,0.8541666666666667,2
f10,1000,twi,capture_0.2,holdout,0.9285714285714286,1
f10,1000,twi,cell_auc,all,0.8822938972162742,3
f10,1000,twi,cell_auc,development,0.8668948118560004,2
f10,1000,twi,cell_auc,holdout,0.932732885276649,1
f10,1000,twi,object_auc,all,0.8420071658274697,6
f10,1000,twi,object_auc,development,0.8728205868955667,5
f10,1000,twi,object_auc,holdout,0.8111937447593727,1
f10,1000,z_sensitivity,capture_0.2,all,0.875,3
f10,1000,z_sensitivity,capture_0.2,development,0.9375,2
f10,1000,z_sensitivity,capture_0.2,holdout,0.39285714285714285,1
f10,1000,z_sensitivity,cell_auc,all,0.9361616702355461,3
f10,1000,z_sensitivity,cell_auc,development,0.9441314049183429,2
f10,1000,z_sensitivity,cell_auc,holdout,0.777156924038762,1
f10,1000,z_sensitivity,object_auc,all,0.8271284859582577,6
f10,1000,z_sensitivity,object_auc,development,0.8294397032549418,5
f10,1000,z_sensitivity,object_auc,holdout,0.8027020144766385,1
f25,100,L1,capture_0.2,all,0.5,7
f25,100,L1,capture_0.2,development,0.5277777777777778,6
f25,100,L1,capture_0.2,holdout,0.05267938237965486,1
f25,100,L1,cell_auc,all,0.7935007644106389,7
f25,100,L1,cell_auc,development,0.7958791934914927,6
f25,100,L1,cell_auc,holdout,0.4177242139393595,1
f25,100,L1,object_auc,all,0.7948866693077021,8
f25,100,L1,object_auc,development,0.7952064623921147,6
f25,100,L1,object_auc,holdout,0.7548738052727366,2
f25,100,hand_acc_neg,capture_0.2,all,0.9445958219800181,7
f25,100,hand_acc_neg,capture_0.2,development,0.9553951367781155,6
f25,100,hand_acc_neg,capture_0.2,holdout,0.9445958219800181,1
f25,100,hand_acc_neg,cell_auc,all,0.900869478933933,7
f25,100,hand_acc_neg,cell_auc,development,0.8934990898065418,6
f25,100,hand_acc_neg,cell_auc,holdout,0.9276776755393149,1
f25,100,hand_acc_neg,object_auc,all,0.8529623918907889,8
f25,100,hand_acc_neg,object_auc,development,0.8638788603051771,6
f25,100,hand_acc_neg,object_auc,holdout,0.8378254724551742,2
f25,100,hand_neg,capture_0.2,all,0.9482288828337875,7
f25,100,hand_neg,capture_0.2,development,0.952922077922078,6
f25,100,hand_neg,capture_0.2,holdout,0.9482288828337875,1
f25,100,hand_neg,cell_auc,all,0.8745853988215252,7
f25,100,hand_neg,cell_auc,development,0.8715555643361641,6
f25,100,hand_neg,cell_auc,holdout,0.9264723437038199,1
f25,100,hand_neg,object_auc,all,0.8570682184601055,8
f25,100,hand_neg,object_auc,development,0.8706389778916175,6
f25,100,hand_neg,object_auc,holdout,0.8211038252245062,2
f25,100,impervious,capture_0.2,all,0.3018867924528302,7
f25,100,impervious,capture_0.2,development,0.5164404722498069,6
f25,100,impervious,capture_0.2,holdout,0.043596730245231606,1
f25,100,impervious,cell_auc,all,0.5863413532161474,7
f25,100,impervious,cell_auc,development,0.6987737362406544,6
f25,100,impervious,cell_auc,holdout,0.4101901503876395,1
f25,100,impervious,object_auc,all,0.7536208856813315,8
f25,100,impervious,object_auc,development,0.7536208856813315,6
f25,100,impervious,object_auc,holdout,0.7344337746062939,2
f25,100,logit_F1_wf,capture_0.2,all,0.8030563981286309,6
f25,100,logit_F1_wf,capture_0.2,development,0.7641509433962265,5
f25,100,logit_F1_wf,capture_0.2,holdout,0.8419618528610354,1
f25,100,logit_F1_wf,cell_auc,all,0.8444850910361579,6
f25,100,logit_F1_wf,cell_auc,development,0.8414510648798451,5
f25,100,logit_F1_wf,cell_auc,holdout,0.8475191171924708,1
f25,100,logit_F1_wf,object_auc,all,0.8445551422331852,7
f25,100,logit_F1_wf,object_auc,development,0.8445551422331852,5
f25,100,logit_F1_wf,object_auc,holdout,0.8510895683824982,2
f25,100,relelev_neg,capture_0.2,all,0.0,7
f25,100,relelev_neg,capture_0.2,development,0.0,6
f25,100,relelev_neg,capture_0.2,holdout,0.06267029972752043,1
f25,100,relelev_neg,cell_auc,all,0.5159548735939468,7
f25,100,relelev_neg,cell_auc,development,0.5314304188401759,6
f25,100,relelev_neg,cell_auc,holdout,0.45447112648980875,1
f25,100,relelev_neg,object_auc,all,0.5782050487635916,8
f25,100,relelev_neg,object_auc,development,0.5777108419909124,6
f25,100,relelev_neg,object_auc,holdout,0.5927442203922603,2
f25,100,rf_F1_wf,capture_0.2,all,0.8168548073180226,6
f25,100,rf_F1_wf,capture_0.2,development,0.8571428571428571,5
f25,100,rf_F1_wf,capture_0.2,holdout,0.776566757493188,1
f25,100,rf_F1_wf,cell_auc,all,0.8581771562725007,6
f25,100,rf_F1_wf,cell_auc,development,0.8717152660940183,5
f25,100,rf_F1_wf,cell_auc,holdout,0.844639046450983,1
f25,100,rf_F1_wf,object_auc,all,0.8559792627169518,7
f25,100,rf_F1_wf,object_auc,development,0.8559792627169518,5
f25,100,rf_F1_wf,object_auc,holdout,0.8675362370240942,2
f25,100,slope_neg,capture_0.2,all,0.9042553191489362,7
f25,100,slope_neg,capture_0.2,development,0.8819522209779769,6
f25,100,slope_neg,capture_0.2,holdout,0.9227974568574023,1
f25,100,slope_neg,cell_auc,all,0.9076855790078606,7
f25,100,slope_neg,cell_auc,development,0.901090643016935,6
f25,100,slope_neg,cell_auc,holdout,0.9298435504948895,1
f25,100,slope_neg,object_auc,all,0.8534109269703426,8
f25,100,slope_neg,object_auc,development,0.8673775317541229,6
f25,100,slope_neg,object_auc,holdout,0.8352952031216696,2
f25,100,twi,capture_0.2,all,0.8181818181818182,7
f25,100,twi,capture_0.2,development,0.776948051948052,6
f25,100,twi,capture_0.2,holdout,0.9000908265213442,1
f25,100,twi,cell_auc,all,0.88243738596173,7
f25,100,twi,cell_auc,development,0.8649869155236691,6
f25,100,twi,cell_auc,holdout,0.8979458003836741,1
f25,100,twi,object_auc,all,0.8181195333295782,8
f25,100,twi,object_auc,development,0.8181195333295782,6
f25,100,twi,object_auc,holdout,0.8244593202332386,2
f25,100,z_sensitivity,capture_0.2,all,0.7264150943396226,7
f25,100,z_sensitivity,capture_0.2,development,0.7520964360587001,6
f25,100,z_sensitivity,capture_0.2,holdout,0.19709355131698456,1
f25,100,z_sensitivity,cell_auc,all,0.8432568231902013,7
f25,100,z_sensitivity,cell_auc,development,0.8643269587756821,6
f25,100,z_sensitivity,cell_auc,holdout,0.7296213440259225,1
f25,100,z_sensitivity,object_auc,all,0.8251820623126622,8
f25,100,z_sensitivity,object_auc,development,0.825011142412386,6
f25,100,z_sensitivity,object_auc,holdout,0.8403949680904017,2
f25,200,L1,capture_0.2,all,0.4966666666666667,6
f25,200,L1,capture_0.2,development,0.56,5
f25,200,L1,capture_0.2,holdout,0.04436860068259386,1
f25,200,L1,cell_auc,all,0.7905644994556594,6
f25,200,L1,cell_auc,development,0.7954541244275203,5
f25,200,L1,cell_auc,holdout,0.4063494745378975,1
f25,200,L1,object_auc,all,0.7916044298159854,7
f25,200,L1,object_auc,development,0.7963152715281553,5
f25,200,L1,object_auc,holdout,0.7429541414302301,2
f25,200,hand_acc_neg,capture_0.2,all,0.9626962457337884,6
f25,200,hand_acc_neg,capture_0.2,development,0.98,5
f25,200,hand_acc_neg,capture_0.2,holdout,0.9453924914675768,1
f25,200,hand_acc_neg,cell_auc,all,0.9157707476913348,6
f25,200,hand_acc_neg,cell_auc,development,0.9040698811300365,5
f25,200,hand_acc_neg,cell_auc,holdout,0.9484451337176111,1
f25,200,hand_acc_neg,object_auc,all,0.8515180586333807,7
f25,200,hand_acc_neg,object_auc,development,0.8521893274469577,5
f25,200,hand_acc_neg,object_auc,holdout,0.8369471306393963,2
f25,200,hand_neg,capture_0.2,all,0.9678156996587031,6
f25,200,hand_neg,capture_0.2,development,0.98,5
f25,200,hand_neg,capture_0.2,holdout,0.9556313993174061,1
f25,200,hand_neg,cell_auc,all,0.8909310724843801,6
f25,200,hand_neg,cell_auc,development,0.8896468411041999,5
f25,200,hand_neg,cell_auc,holdout,0.9541666147933279,1
f25,200,hand_neg,object_auc,all,0.855948442941027,7
f25,200,hand_neg,object_auc,development,0.8675688193568496,5
f25,200,hand_neg,object_auc,holdout,0.8308541750204308,2
f25,200,impervious,capture_0.2,all,0.6333333333333333,6
f25,200,impervious,capture_0.2,development,0.8,5
f25,200,impervious,capture_0.2,holdout,0.05460750853242321,1
f25,200,impervious,cell_auc,all,0.7566092344528849,6
f25,200,impervious,cell_auc,development,0.852443781196933,5
f25,200,impervious,cell_auc,holdout,0.42497914691774547,1
f25,200,impervious,object_auc,all,0.8352921752688303,7
f25,200,impervious,object_auc,development,0.8352921752688303,5
f25,200,impervious,object_auc,holdout,0.7572165801086734,2
f25,200,logit_F1_wf,capture_0.2,all,0.7441860465116279,5
f25,200,logit_F1_wf,capture_0.2,development,0.7220930232558139,4
f25,200,logit_F1_wf,capture_0.2,holdout,0.8088737201365188,1
f25,200,logit_F1_wf,cell_auc,all,0.846549415135514,5
f25,200,logit_F1_wf,cell_auc,development,0.8486165622624999,4
f25,200,logit_F1_wf,cell_auc,holdout,0.846549415135514,1
f25,200,logit_F1_wf,object_auc,all,0.8434739139837523,6
f25,200,logit_F1_wf,object_auc,development,0.8434739139837523,4
f25,200,logit_F1_wf,object_auc,holdout,0.8465986477785956,2
f25,200,relelev_neg,capture_0.2,all,0.02901023890784983,6
f25,200,relelev_neg,capture_0.2,development,0.0,5
f25,200,relelev_neg,capture_0.2,holdout,0.05802047781569966,1
f25,200,relelev_neg,cell_auc,all,0.5459724188450417,6
f25,200,relelev_neg,cell_auc,development,0.5581060388553929,5
f25,200,relelev_neg,cell_auc,holdout,0.4560328100350901,1
f25,200,relelev_neg,object_auc,all,0.604411328642232,7
f25,200,relelev_neg,object_auc,development,0.604411328642232,5
f25,200,relelev_neg,object_auc,holdout,0.5944180680671466,2
f25,200,rf_F1_wf,capture_0.2,all,0.8,5
f25,200,rf_F1_wf,capture_0.2,development,0.8302325581395349,4
f25,200,rf_F1_wf,capture_0.2,holdout,0.7235494880546075,1
f25,200,rf_F1_wf,cell_auc,all,0.869250672561216,5
f25,200,rf_F1_wf,cell_auc,development,0.8886071766481073,4
f25,200,rf_F1_wf,cell_auc,holdout,0.8391720481550581,1
f25,200,rf_F1_wf,object_auc,all,0.8692918304347093,6
f25,200,rf_F1_wf,object_auc,development,0.8824934758336405,4
f25,200,rf_F1_wf,object_auc,holdout,0.8610426063076102,2
f25,200,slope_neg,capture_0.2,all,0.9,6
f25,200,slope_neg,capture_0.2,development,0.88,5
f25,200,slope_neg,capture_0.2,holdout,0.9283276450511946,1
f25,200,slope_neg,cell_auc,all,0.9011430710345352,6
f25,200,slope_neg,cell_auc,development,0.8905500951988885,5
f25,200,slope_neg,cell_auc,holdout,0.9349599033910936,1
f25,200,slope_neg,object_auc,all,0.8475731883578613,7
f25,200,slope_neg,object_auc,development,0.8475731883578613,5
f25,200,slope_neg,object_auc,holdout,0.8341108420763932,2
f25,200,twi,capture_0.2,all,0.8200000000000001,6
f25,200,twi,capture_0.2,development,0.8,5
f25,200,twi,capture_0.2,holdout,0.9283276450511946,1
f25,200,twi,cell_auc,all,0.8858368627834148,6
f25,200,twi,cell_auc,development,0.8668037492074915,5
f25,200,twi,cell_auc,holdout,0.922322935544857,1
f25,200,twi,object_auc,all,0.8363784650010059,7
f25,200,twi,object_auc,development,0.8451671866939421,5
f25,200,twi,object_auc,holdout,0.8334313407346566,2
f25,200,z_sensitivity,capture_0.2,all,0.7733333333333334,6
f25,200,z_sensitivity,capture_0.2,development,0.78,5
f25,200,z_sensitivity,capture_0.2,holdout,0.20819112627986347,1
f25,200,z_sensitivity,cell_auc,all,0.867792650465735,6
f25,200,z_sensitivity,cell_auc,development,0.8907096176606804,5
f25,200,z_sensitivity,cell_auc,holdout,0.7357828220400628,1
f25,200,z_sensitivity,object_auc,all,0.8542268909599425,7
f25,200,z_sensitivity,object_auc,development,0.8542268909599425,5
f25,200,z_sensitivity,object_auc,holdout,0.8366071790016507,2
f25,500,L1,capture_0.2,all,0.2916666666666667,4
f25,500,L1,capture_0.2,development,0.5833333333333334,3
f25,500,L1,capture_0.2,holdout,0.0,1
f25,500,L1,cell_auc,all,0.5815571458868274,4
f25,500,L1,cell_auc,development,0.7797249334516416,3
f25,500,L1,cell_auc,holdout,0.38338935832201315,1
f25,500,L1,object_auc,all,0.7635895226974045,6
f25,500,L1,object_auc,development,0.7749180230418669,5
f25,500,L1,object_auc,holdout,0.6812130373146612,1
f25,500,hand_acc_neg,capture_0.2,all,0.9182692307692308,4
f25,500,hand_acc_neg,capture_0.2,development,0.875,3
f25,500,hand_acc_neg,capture_0.2,holdout,0.9615384615384616,1
f25,500,hand_acc_neg,cell_auc,all,0.9065175021979087,4
f25,500,hand_acc_neg,cell_auc,development,0.8827516513851917,3
f25,500,hand_acc_neg,cell_auc,holdout,0.9650150806990077,1
f25,500,hand_acc_neg,object_auc,all,0.8120825457711167,6
f25,500,hand_acc_neg,object_auc,development,0.795559496003917,5
f25,500,hand_acc_neg,object_auc,holdout,0.8286055955383165,1
f25,500,hand_neg,capture_0.2,all,0.9391025641025641,4
f25,500,hand_neg,capture_0.2,development,0.9166666666666666,3
f25,500,hand_neg,capture_0.2,holdout,0.9615384615384616,1
f25,500,hand_neg,cell_auc,all,0.908558139859335,4
f25,500,hand_neg,cell_auc,development,0.8799852289512555,3
f25,500,hand_neg,cell_auc,holdout,0.96916515092211,1
f25,500,hand_neg,object_auc,all,0.8239956034453233,6
f25,500,hand_neg,object_auc,development,0.8171889536744666,5
f25,500,hand_neg,object_auc,holdout,0.83080225321618,1
f25,500,impervious,capture_0.2,all,0.6166666666666667,4
f25,500,impervious,capture_0.2,development,0.8333333333333334,3
f25,500,impervious,capture_0.2,holdout,0.019230769230769232,1
f25,500,impervious,cell_auc,all,0.725826385171388,4
f25,500,impervious,cell_auc,development,0.8785122744750075,3
f25,500,impervious,cell_auc,holdout,0.4559004673865494,1
f25,500,impervious,object_auc,all,0.8055248235910709,6
f25,500,impervious,object_auc,development,0.812923152758019,5
f25,500,impervious,object_auc,holdout,0.6940292496133267,1
f25,500,logit_F1_wf,capture_0.2,all,0.8269230769230769,3
f25,500,logit_F1_wf,capture_0.2,development,0.6458333333333334,2
f25,500,logit_F1_wf,capture_0.2,holdout,0.8269230769230769,1
f25,500,logit_F1_wf,cell_auc,all,0.8551965095664588,3
f25,500,logit_F1_wf,cell_auc,development,0.6867942047625892,2
f25,500,logit_F1_wf,cell_auc,holdout,0.8551965095664588,1
f25,500,logit_F1_wf,object_auc,all,0.835640532902667,5
f25,500,logit_F1_wf,object_auc,development,0.8499231583259571,4
f25,500,logit_F1_wf,object_auc,holdout,0.8352394029697415,1
f25,500,relelev_neg,capture_0.2,all,0.019230769230769232,4
f25,500,relelev_neg,capture_0.2,development,0.0,3
f25,500,relelev_neg,capture_0.2,holdout,0.038461538461538464,1
f25,500,relelev_neg,cell_auc,all,0.5580076191453944,4
f25,500,relelev_neg,cell_auc,development,0.6013753327417923,3
f25,500,relelev_neg,cell_auc,holdout,0.4845163815531969,1
f25,500,relelev_neg,object_auc,all,0.6208056688577314,6
f25,500,relelev_neg,object_auc,development,0.6027093746678235,5
f25,500,relelev_neg,object_auc,holdout,0.6389019630476392,1
f25,500,rf_F1_wf,capture_0.2,all,0.75,3
f25,500,rf_F1_wf,capture_0.2,development,0.875,2
f25,500,rf_F1_wf,capture_0.2,holdout,0.7307692307692307,1
f25,500,rf_F1_wf,cell_auc,all,0.8470373656709062,3
f25,500,rf_F1_wf,cell_auc,development,0.888418978256428,2
f25,500,rf_F1_wf,cell_auc,holdout,0.8455091750512284,1
f25,500,rf_F1_wf,object_auc,all,0.8457255360234922,5
f25,500,rf_F1_wf,object_auc,development,0.8687428397554903,4
f25,500,rf_F1_wf,object_auc,holdout,0.8327484495623799,1
f25,500,slope_neg,capture_0.2,all,0.775,4
f25,500,slope_neg,capture_0.2,development,0.75,3
f25,500,slope_neg,capture_0.2,holdout,0.9615384615384616,1
f25,500,slope_neg,cell_auc,all,0.8710637674641062,4
f25,500,slope_neg,cell_auc,development,0.8659173814453317,3
f25,500,slope_neg,cell_auc,holdout,0.9521274146386389,1
f25,500,slope_neg,object_auc,all,0.7921734656462838,6
f25,500,slope_neg,object_auc,development,0.7779534685693233,5
f25,500,slope_neg,object_auc,holdout,0.8063934627232443,1
f25,500,twi,capture_0.2,all,0.775,4
f25,500,twi,capture_0.2,development,0.75,3
f25,500,twi,capture_0.2,holdout,1.0,1
f25,500,twi,cell_auc,all,0.8968696319794076,4
f25,500,twi,cell_auc,development,0.8891971664698936,3
f25,500,twi,cell_auc,holdout,0.9602433633412382,1
f25,500,twi,object_auc,all,0.8205984572136289,6
f25,500,twi,object_auc,development,0.802451956928654,5
f25,500,twi,object_auc,holdout,0.8387449574986039,1
f25,500,z_sensitivity,capture_0.2,all,0.6166666666666667,4
f25,500,z_sensitivity,capture_0.2,development,0.8333333333333334,3
f25,500,z_sensitivity,capture_0.2,holdout,0.23076923076923078,1
f25,500,z_sensitivity,cell_auc,all,0.835848624993176,4
f25,500,z_sensitivity,cell_auc,development,0.8919451838706497,3
f25,500,z_sensitivity,cell_auc,holdout,0.7546393295420533,1
f25,500,z_sensitivity,object_auc,all,0.8231345065000026,6
f25,500,z_sensitivity,object_auc,development,0.8387985994435004,5
f25,500,z_sensitivity,object_auc,holdout,0.807470413556505,1
f25,1000,L1,capture_0.2,all,0.0,1
f25,1000,L1,capture_0.2,holdout,0.0,1
f25,1000,L1,cell_auc,all,0.3562152133580705,1
f25,1000,L1,cell_auc,holdout,0.3562152133580705,1
f25,1000,L1,object_auc,all,0.7364600837129492,5
f25,1000,L1,object_auc,development,0.7496994759172139,4
f25,1000,L1,object_auc,holdout,0.6523469359905595,1
f25,1000,hand_acc_neg,capture_0.2,all,1.0,1
f25,1000,hand_acc_neg,capture_0.2,holdout,1.0,1
f25,1000,hand_acc_neg,cell_auc,all,0.9782736060931551,1
f25,1000,hand_acc_neg,cell_auc,holdout,0.9782736060931551,1
f25,1000,hand_acc_neg,object_auc,all,0.7780225326447692,5
f25,1000,hand_acc_neg,object_auc,development,0.8021239523349335,4
f25,1000,hand_acc_neg,object_auc,holdout,0.7780225326447692,1
f25,1000,hand_neg,capture_0.2,all,1.0,1
f25,1000,hand_neg,capture_0.2,holdout,1.0,1
f25,1000,hand_neg,cell_auc,all,0.984083585587345,1
f25,1000,hand_neg,cell_auc,holdout,0.984083585587345,1
f25,1000,hand_neg,object_auc,all,0.7846281425429756,5
f25,1000,hand_neg,object_auc,development,0.8062593312424349,4
f25,1000,hand_neg,object_auc,holdout,0.7846281425429756,1
f25,1000,impervious,capture_0.2,all,0.0,1
f25,1000,impervious,capture_0.2,holdout,0.0,1
f25,1000,impervious,cell_auc,all,0.5250952055463334,1
f25,1000,impervious,cell_auc,holdout,0.5250952055463334,1
f25,1000,impervious,object_auc,all,0.8211546863234179,5
f25,1000,impervious,object_auc,development,0.8215865010661821,4
f25,1000,impervious,object_auc,holdout,0.7272847947537726,1
f25,1000,logit_F1_wf,capture_0.2,all,1.0,1
f25,1000,logit_F1_wf,capture_0.2,holdout,1.0,1
f25,1000,logit_F1_wf,cell_auc,all,0.8774533736939752,1
f25,1000,logit_F1_wf,cell_auc,holdout,0.8774533736939752,1
f25,1000,logit_F1_wf,object_auc,all,0.8200561278229839,4
f25,1000,logit_F1_wf,object_auc,development,0.8147590928600144,3
f25,1000,logit_F1_wf,object_auc,holdout,0.8253531627859534,1
f25,1000,relelev_neg,capture_0.2,all,0.0,1
f25,1000,relelev_neg,capture_0.2,holdout,0.0,1
f25,1000,relelev_neg,cell_auc,all,0.5132311297724832,1
f25,1000,relelev_neg,cell_auc,holdout,0.5132311297724832,1
f25,1000,relelev_neg,object_auc,all,0.6302342595523259,5
f25,1000,relelev_neg,object_auc,development,0.6260987483021905,4
f25,1000,relelev_neg,object_auc,holdout,0.6485145155221097,1
f25,1000,rf_F1_wf,capture_0.2,all,0.8181818181818182,1
f25,1000,rf_F1_wf,capture_0.2,holdout,0.8181818181818182,1
f25,1000,rf_F1_wf,cell_auc,all,0.8628063665657651,1
f25,1000,rf_F1_wf,cell_auc,holdout,0.8628063665657651,1
f25,1000,rf_F1_wf,object_auc,all,0.8283464368263457,4
f25,1000,rf_F1_wf,object_auc,development,0.8301616444560224,3
f25,1000,rf_F1_wf,object_auc,holdout,0.826531229196669,1
f25,1000,slope_neg,capture_0.2,all,1.0,1
f25,1000,slope_neg,capture_0.2,holdout,1.0,1
f25,1000,slope_neg,cell_auc,all,0.9753930280246069,1
f25,1000,slope_neg,cell_auc,holdout,0.9753930280246069,1
f25,1000,slope_neg,object_auc,all,0.7675557492008833,5
f25,1000,slope_neg,object_auc,development,0.7824326151861343,4
f25,1000,slope_neg,object_auc,holdout,0.7675557492008833,1
f25,1000,twi,capture_0.2,all,1.0,1
f25,1000,twi,capture_0.2,holdout,1.0,1
f25,1000,twi,cell_auc,all,0.9821306513035837,1
f25,1000,twi,cell_auc,holdout,0.9821306513035837,1
f25,1000,twi,object_auc,all,0.8111937447593727,5
f25,1000,twi,object_auc,development,0.8289602246841317,4
f25,1000,twi,object_auc,holdout,0.8111937447593727,1
f25,1000,z_sensitivity,capture_0.2,all,0.5454545454545454,1
f25,1000,z_sensitivity,capture_0.2,holdout,0.5454545454545454,1
f25,1000,z_sensitivity,cell_auc,all,0.806561859193438,1
f25,1000,z_sensitivity,cell_auc,holdout,0.806561859193438,1
f25,1000,z_sensitivity,object_auc,all,0.8248172686615738,5
f25,1000,z_sensitivity,object_auc,development,0.8271284859582577,4
f25,1000,z_sensitivity,object_auc,holdout,0.8027020144766385,1
f50,100,L1,capture_0.2,all,0.495989827856025,6
f50,100,L1,capture_0.2,development,0.5694444444444444,5
f50,100,L1,capture_0.2,holdout,0.03017241379310345,1
f50,100,L1,cell_auc,all,0.7892829484744599,6
f50,100,L1,cell_auc,development,0.7934065611601291,5
f50,100,L1,cell_auc,holdout,0.39393355081845155,1
f50,100,L1,object_auc,all,0.8025215799183868,7
f50,100,L1,object_auc,development,0.803161166087212,5
f50,100,L1,object_auc,holdout,0.7548738052727366,2
f50,100,hand_acc_neg,capture_0.2,all,0.947198275862069,6
f50,100,hand_acc_neg,capture_0.2,development,0.9310344827586207,5
f50,100,hand_acc_neg,capture_0.2,holdout,0.9633620689655172,1
f50,100,hand_acc_neg,cell_auc,all,0.8999306408583336,6
f50,100,hand_acc_neg,cell_auc,development,0.8910957081310608,5
f50,100,hand_acc_neg,cell_auc,holdout,0.9318899810412431,1
f50,100,hand_acc_neg,object_auc,all,0.8508890754414234,7
f50,100,hand_acc_neg,object_auc,development,0.8508890754414234,5
f50,100,hand_acc_neg,object_auc,holdout,0.8378254724551742,2
f50,100,hand_neg,capture_0.2,all,0.9509698275862069,6
f50,100,hand_neg,capture_0.2,development,0.9396551724137931,5
f50,100,hand_neg,capture_0.2,holdout,0.9622844827586207,1
f50,100,hand_neg,cell_auc,all,0.8741003075826691,6
f50,100,hand_neg,cell_auc,development,0.8685103213761591,5
f50,100,hand_neg,cell_auc,holdout,0.9293073090881643,1
f50,100,hand_neg,object_auc,all,0.84652798008457,7
f50,100,hand_neg,object_auc,development,0.8676084568356411,5
f50,100,hand_neg,object_auc,holdout,0.8211038252245062,2
f50,100,impervious,capture_0.2,all,0.4739827856025039,6
f50,100,impervious,capture_0.2,development,0.6944444444444444,5
f50,100,impervious,capture_0.2,holdout,0.020474137931034482,1
f50,100,impervious,cell_auc,all,0.6743954238012317,6
f50,100,impervious,cell_auc,development,0.8015652406452642,5
f50,100,impervious,cell_auc,holdout,0.39583802874535584,1
f50,100,impervious,object_auc,all,0.7986423115573349,7
f50,100,impervious,object_auc,development,0.7986423115573349,5
f50,100,impervious,object_auc,holdout,0.7344337746062939,2
f50,100,logit_F1_wf,capture_0.2,all,0.8591549295774648,5
f50,100,logit_F1_wf,capture_0.2,development,0.8045774647887324,4
f50,100,logit_F1_wf,capture_0.2,holdout,0.8642241379310345,1
f50,100,logit_F1_wf,cell_auc,all,0.848051851123866,5
f50,100,logit_F1_wf,cell_auc,development,0.8598125343571519,4
f50,100,logit_F1_wf,cell_auc,holdout,0.848051851123866,1
f50,100,logit_F1_wf,object_auc,all,0.8381894725253689,6
f50,100,logit_F1_wf,object_auc,development,0.8260601396032392,4
f50,100,logit_F1_wf,object_auc,holdout,0.8510895683824982,2
f50,100,relelev_neg,capture_0.2,all,0.020833333333333332,6
f50,100,relelev_neg,capture_0.2,development,0.0,5
f50,100,relelev_neg,capture_0.2,holdout,0.04525862068965517,1
f50,100,relelev_neg,cell_auc,all,0.5276715561874474,6
f50,100,relelev_neg,cell_auc,development,0.5445083582352068,5
f50,100,relelev_neg,cell_auc,holdout,0.4403410643111413,1
f50,100,relelev_neg,object_auc,all,0.5903595700589259,7
f50,100,relelev_neg,object_auc,development,0.5903595700589259,5
f50,100,relelev_neg,object_auc,holdout,0.5927442203922603,2
f50,100,rf_F1_wf,capture_0.2,all,0.8450704225352113,5
f50,100,rf_F1_wf,capture_0.2,development,0.8708110733365712,4
f50,100,rf_F1_wf,capture_0.2,holdout,0.7984913793103449,1
f50,100,rf_F1_wf,cell_auc,all,0.8933213907293808,5
f50,100,rf_F1_wf,cell_auc,development,0.9036819186772411,4
f50,100,rf_F1_wf,cell_auc,holdout,0.8462119441558225,1
f50,100,rf_F1_wf,object_auc,all,0.8675362370240942,6
f50,100,rf_F1_wf,object_auc,development,0.8683501798750091,4
f50,100,rf_F1_wf,object_auc,holdout,0.8675362370240942,2
f50,100,slope_neg,capture_0.2,all,0.8909722222222223,6
f50,100,slope_neg,capture_0.2,development,0.8819444444444444,5
f50,100,slope_neg,capture_0.2,holdout,0.9482758620689655,1
f50,100,slope_neg,cell_auc,all,0.9056133060186016,6
f50,100,slope_neg,cell_auc,development,0.9048320621168633,5
f50,100,slope_neg,cell_auc,holdout,0.9398901745298395,1
f50,100,slope_neg,object_auc,all,0.8516470605020992,7
f50,100,slope_neg,object_auc,development,0.855174793438586,5
f50,100,slope_neg,object_auc,holdout,0.8352952031216696,2
f50,100,twi,capture_0.2,all,0.7777777777777778,6
f50,100,twi,capture_0.2,development,0.7430555555555556,5
f50,100,twi,capture_0.2,holdout,0.927801724137931,1
f50,100,twi,cell_auc,all,0.8668404701685262,6
f50,100,twi,cell_auc,development,0.8525904265292986,5
f50,100,twi,cell_auc,holdout,0.9051328681503996,1
f50,100,twi,object_auc,all,0.8165237912359887,7
f50,100,twi,object_auc,development,0.8165237912359887,5
f50,100,twi,object_auc,holdout,0.8244593202332386,2
f50,100,z_sensitivity,capture_0.2,all,0.7376271517996871,6
f50,100,z_sensitivity,capture_0.2,development,0.7569444444444444,5
f50,100,z_sensitivity,capture_0.2,holdout,0.1627155172413793,1
f50,100,z_sensitivity,cell_auc,all,0.8601876940023386,6
f50,100,z_sensitivity,cell_auc,development,0.8850386052644013,5
f50,100,z_sensitivity,cell_auc,holdout,0.7235564957762418,1
f50,100,z_sensitivity,object_auc,all,0.8421796304418591,7
f50,100,z_sensitivity,object_auc,development,0.8421796304418591,5
f50,100,z_sensitivity,object_auc,holdout,0.8403949680904017,2
f50,200,L1,capture_0.2,all,0.44015444015444016,6
f50,200,L1,capture_0.2,development,0.5945945945945946,5
f50,200,L1,capture_0.2,holdout,0.00909090909090909,1
f50,200,L1,cell_auc,all,0.7990383274653378,6
f50,200,L1,cell_auc,development,0.804463364938527,5
f50,200,L1,cell_auc,holdout,0.36995393901639034,1
f50,200,L1,object_auc,all,0.7939598506720704,6
f50,200,L1,object_auc,development,0.7963152715281553,5
f50,200,L1,object_auc,holdout,0.7010415305504581,1
f50,200,hand_acc_neg,capture_0.2,all,1.0,6
f50,200,hand_acc_neg,capture_0.2,development,1.0,5
f50,200,hand_acc_neg,capture_0.2,holdout,0.9727272727272728,1
f50,200,hand_acc_neg,cell_auc,all,0.9218607534133583,6
f50,200,hand_acc_neg,cell_auc,development,0.9138263759970062,5
f50,200,hand_acc_neg,cell_auc,holdout,0.9603515689522543,1
f50,200,hand_acc_neg,object_auc,all,0.8518536930401692,6
f50,200,hand_acc_neg,object_auc,development,0.8521893274469577,5
f50,200,hand_acc_neg,object_auc,holdout,0.8515180586333807,1
f50,200,hand_neg,capture_0.2,all,0.9886363636363636,6
f50,200,hand_neg,capture_0.2,development,1.0,5
f50,200,hand_neg,capture_0.2,holdout,0.9772727272727273,1
f50,200,hand_neg,cell_auc,all,0.906950645592943,6
f50,200,hand_neg,cell_auc,development,0.8904075318762145,5
f50,200,hand_neg,cell_auc,holdout,0.9633848215844791,1
f50,200,hand_neg,object_auc,all,0.8617586311489382,6
f50,200,hand_neg,object_auc,development,0.8675688193568496,5
f50,200,hand_neg,object_auc,holdout,0.8506845349630903,1
f50,200,impervious,capture_0.2,all,0.48552123552123555,6
f50,200,impervious,capture_0.2,development,0.7567567567567568,5
f50,200,impervious,capture_0.2,holdout,0.031818181818181815,1
f50,200,impervious,cell_auc,all,0.6842234815559551,6
f50,200,impervious,cell_auc,development,0.8425174634677874,5
f50,200,impervious,cell_auc,holdout,0.3903476046872714,1
f50,200,impervious,object_auc,all,0.7999871720337004,6
f50,200,impervious,object_auc,development,0.8352921752688303,5
f50,200,impervious,object_auc,holdout,0.6445606685157007,1
f50,200,logit_F1_wf,capture_0.2,all,0.8727272727272727,5
f50,200,logit_F1_wf,capture_0.2,development,0.8571428571428572,4
f50,200,logit_F1_wf,capture_0.2,holdout,0.8727272727272727,1
f50,200,logit_F1_wf,cell_auc,all,0.850455263061277,5
f50,200,logit_F1_wf,cell_auc,development,0.8837679483713301,4
f50,200,logit_F1_wf,cell_auc,holdout,0.8502404515486589,1
f50,200,logit_F1_wf,object_auc,all,0.8366318769551897,5
f50,200,logit_F1_wf,object_auc,development,0.8434739139837523,4
f50,200,logit_F1_wf,object_auc,holdout,0.8346709572838009,1
f50,200,relelev_neg,capture_0.2,all,0.013513513513513514,6
f50,200,relelev_neg,capture_0.2,development,0.0,5
f50,200,relelev_neg,capture_0.2,holdout,0.02727272727272727,1
f50,200,relelev_neg,cell_auc,all,0.5413932180063943,6
f50,200,relelev_neg,cell_auc,development,0.5593420714469288,5
f50,200,relelev_neg,cell_auc,holdout,0.43991259739585553,1
f50,200,relelev_neg,object_auc,all,0.6117513790644683,6
f50,200,relelev_neg,object_auc,development,0.604411328642232,5
f50,200,relelev_neg,object_auc,holdout,0.6190914294867046,1
f50,200,rf_F1_wf,capture_0.2,all,0.8928571428571429,5
f50,200,rf_F1_wf,capture_0.2,development,0.9464285714285714,4
f50,200,rf_F1_wf,capture_0.2,holdout,0.7545454545454545,1
f50,200,rf_F1_wf,cell_auc,all,0.9205256708466941,5
f50,200,rf_F1_wf,cell_auc,development,0.92096059949428,4
f50,200,rf_F1_wf,cell_auc,holdout,0.8424236525038582,1
f50,200,rf_F1_wf,object_auc,all,0.8554399562326782,5
f50,200,rf_F1_wf,object_auc,development,0.8824934758336405,4
f50,200,rf_F1_wf,object_auc,holdout,0.8389415079784803,1
f50,200,slope_neg,capture_0.2,all,0.9282094594594594,6
f50,200,slope_neg,capture_0.2,development,0.918918918918919,5
f50,200,slope_neg,capture_0.2,holdout,0.9772727272727273,1
f50,200,slope_neg,cell_auc,all,0.9119893338397606,6
f50,200,slope_neg,cell_auc,development,0.9076972683884131,5
f50,200,slope_neg,cell_auc,holdout,0.9523280618047788,1
f50,200,slope_neg,object_auc,all,0.8309368771954202,6
f50,200,slope_neg,object_auc,development,0.8475731883578613,5
f50,200,slope_neg,object_auc,holdout,0.8143005660329792,1
f50,200,twi,capture_0.2,all,0.8506944444444444,6
f50,200,twi,capture_0.2,development,0.8125,5
f50,200,twi,capture_0.2,holdout,0.9681818181818181,1
f50,200,twi,cell_auc,all,0.9115549703016483,6
f50,200,twi,cell_auc,development,0.903002517080187,5
f50,200,twi,cell_auc,holdout,0.9360062625948002,1
f50,200,twi,object_auc,all,0.8378257015811248,6
f50,200,twi,object_auc,development,0.8451671866939421,5
f50,200,twi,object_auc,holdout,0.8304842164683074,1
f50,200,z_sensitivity,capture_0.2,all,0.7847490347490347,6
f50,200,z_sensitivity,capture_0.2,development,0.7857142857142857,5
f50,200,z_sensitivity,capture_0.2,holdout,0.14545454545454545,1
f50,200,z_sensitivity,cell_auc,all,0.8720289713745611,6
f50,200,z_sensitivity,cell_auc,development,0.898791108294348,5
f50,200,z_sensitivity,cell_auc,holdout,0.7273177971900912,1
f50,200,z_sensitivity,object_auc,all,0.8310008552041224,6
f50,200,z_sensitivity,object_auc,development,0.8542268909599425,5
f50,200,z_sensitivity,object_auc,holdout,0.8077748194483022,1
f50,500,L1,capture_0.2,all,0.0,1
f50,500,L1,capture_0.2,holdout,0.0,1
f50,500,L1,cell_auc,all,0.36149891774891774,1
f50,500,L1,cell_auc,holdout,0.36149891774891774,1
f50,500,L1,object_auc,all,0.7635895226974045,6
f50,500,L1,object_auc,development,0.7749180230418669,5
f50,500,L1,object_auc,holdout,0.6812130373146612,1
f50,500,hand_acc_neg,capture_0.2,all,0.9696969696969697,1
f50,500,hand_acc_neg,capture_0.2,holdout,0.9696969696969697,1
f50,500,hand_acc_neg,cell_auc,all,0.970887445887446,1
f50,500,hand_acc_neg,cell_auc,holdout,0.970887445887446,1
f50,500,hand_acc_neg,object_auc,all,0.8120825457711167,6
f50,500,hand_acc_neg,object_auc,development,0.795559496003917,5
f50,500,hand_acc_neg,object_auc,holdout,0.8286055955383165,1
f50,500,hand_neg,capture_0.2,all,0.9696969696969697,1
f50,500,hand_neg,capture_0.2,holdout,0.9696969696969697,1
f50,500,hand_neg,cell_auc,all,0.9738501082251081,1
f50,500,hand_neg,cell_auc,holdout,0.9738501082251081,1
f50,500,hand_neg,object_auc,all,0.8239956034453233,6
f50,500,hand_neg,object_auc,development,0.8171889536744666,5
f50,500,hand_neg,object_auc,holdout,0.83080225321618,1
f50,500,impervious,capture_0.2,all,0.0,1
f50,500,impervious,capture_0.2,holdout,0.0,1
f50,500,impervious,cell_auc,all,0.4241522366522366,1
f50,500,impervious,cell_auc,holdout,0.4241522366522366,1
f50,500,impervious,object_auc,all,0.8055248235910709,6
f50,500,impervious,object_auc,development,0.812923152758019,5
f50,500,impervious,object_auc,holdout,0.6940292496133267,1
f50,500,logit_F1_wf,capture_0.2,all,0.8787878787878788,1
f50,500,logit_F1_wf,capture_0.2,holdout,0.8787878787878788,1
f50,500,logit_F1_wf,cell_auc,all,0.8623466810966811,1
f50,500,logit_F1_wf,cell_auc,holdout,0.8623466810966811,1
f50,500,logit_F1_wf,object_auc,all,0.835640532902667,5
f50,500,logit_F1_wf,object_auc,development,0.8499231583259571,4
f50,500,logit_F1_wf,object_auc,holdout,0.8352394029697415,1
f50,500,relelev_neg,capture_0.2,all,0.030303030303030304,1
f50,500,relelev_neg,capture_0.2,holdout,0.030303030303030304,1
f50,500,relelev_neg,cell_auc,all,0.4614718614718615,1
f50,500,relelev_neg,cell_auc,holdout,0.4614718614718615,1
f50,500,relelev_neg,object_auc,all,0.6208056688577314,6
f50,500,relelev_neg,object_auc,development,0.6027093746678235,5
f50,500,relelev_neg,object_auc,holdout,0.6389019630476392,1
f50,500,rf_F1_wf,capture_0.2,all,0.696969696969697,1
f50,500,rf_F1_wf,capture_0.2,holdout,0.696969696969697,1
f50,500,rf_F1_wf,cell_auc,all,0.8410714285714286,1
f50,500,rf_F1_wf,cell_auc,holdout,0.8410714285714286,1
f50,500,rf_F1_wf,object_auc,all,0.8457255360234922,5
f50,500,rf_F1_wf,object_auc,development,0.8687428397554903,4
f50,500,rf_F1_wf,object_auc,holdout,0.8327484495623799,1
f50,500,slope_neg,capture_0.2,all,0.9696969696969697,1
f50,500,slope_neg,capture_0.2,holdout,0.9696969696969697,1
f50,500,slope_neg,cell_auc,all,0.9663329725829727,1
f50,500,slope_neg,cell_auc,holdout,0.9663329725829727,1
f50,500,slope_neg,object_auc,all,0.7921734656462838,6
f50,500,slope_neg,object_auc,development,0.7779534685693233,5
f50,500,slope_neg,object_auc,holdout,0.8063934627232443,1
f50,500,twi,capture_0.2,all,1.0,1
f50,500,twi,capture_0.2,holdout,1.0,1
f50,500,twi,cell_auc,all,0.9696789321789322,1
f50,500,twi,cell_auc,holdout,0.9696789321789322,1
f50,500,twi,object_auc,all,0.8205984572136289,6
f50,500,twi,object_auc,development,0.802451956928654,5
f50,500,twi,object_auc,holdout,0.8387449574986039,1
f50,500,z_sensitivity,capture_0.2,all,0.30303030303030304,1
f50,500,z_sensitivity,capture_0.2,holdout,0.30303030303030304,1
f50,500,z_sensitivity,cell_auc,all,0.7633116883116884,1
f50,500,z_sensitivity,cell_auc,holdout,0.7633116883116884,1
f50,500,z_sensitivity,object_auc,all,0.8231345065000026,6
f50,500,z_sensitivity,object_auc,development,0.8387985994435004,5
f50,500,z_sensitivity,object_auc,holdout,0.807470413556505,1
f50,1000,L1,capture_0.2,all,0.0,1
f50,1000,L1,capture_0.2,holdout,0.0,1
f50,1000,L1,cell_auc,all,0.3407181054239878,1
f50,1000,L1,cell_auc,holdout,0.3407181054239878,1
f50,1000,L1,object_auc,all,0.6523469359905595,1
f50,1000,L1,object_auc,holdout,0.6523469359905595,1
f50,1000,hand_acc_neg,capture_0.2,all,1.0,1
f50,1000,hand_acc_neg,capture_0.2,holdout,1.0,1
f50,1000,hand_acc_neg,cell_auc,all,0.9725744843391902,1
f50,1000,hand_acc_neg,cell_auc,holdout,0.9725744843391902,1
f50,1000,hand_acc_neg,object_auc,all,0.7780225326447692,1
f50,1000,hand_acc_neg,object_auc,holdout,0.7780225326447692,1
f50,1000,hand_neg,capture_0.2,all,1.0,1
f50,1000,hand_neg,capture_0.2,holdout,1.0,1
f50,1000,hand_neg,cell_auc,all,0.9792207792207792,1
f50,1000,hand_neg,cell_auc,holdout,0.9792207792207792,1
f50,1000,hand_neg,object_auc,all,0.7846281425429756,1
f50,1000,hand_neg,object_auc,holdout,0.7846281425429756,1
f50,1000,impervious,capture_0.2,all,0.0,1
f50,1000,impervious,capture_0.2,holdout,0.0,1
f50,1000,impervious,cell_auc,all,0.46302521008403363,1
f50,1000,impervious,cell_auc,holdout,0.46302521008403363,1
f50,1000,impervious,object_auc,all,0.7272847947537726,1
f50,1000,impervious,object_auc,holdout,0.7272847947537726,1
f50,1000,logit_F1_wf,capture_0.2,all,1.0,1
f50,1000,logit_F1_wf,capture_0.2,holdout,1.0,1
f50,1000,logit_F1_wf,cell_auc,all,0.8637127578304049,1
f50,1000,logit_F1_wf,cell_auc,holdout,0.8637127578304049,1
f50,1000,logit_F1_wf,object_auc,all,0.8253531627859534,1
f50,1000,logit_F1_wf,object_auc,holdout,0.8253531627859534,1
f50,1000,relelev_neg,capture_0.2,all,0.0,1
f50,1000,relelev_neg,capture_0.2,holdout,0.0,1
f50,1000,relelev_neg,cell_auc,all,0.5142857142857142,1
f50,1000,relelev_neg,cell_auc,holdout,0.5142857142857142,1
f50,1000,relelev_neg,object_auc,all,0.6485145155221097,1
f50,1000,relelev_neg,object_auc,holdout,0.6485145155221097,1
f50,1000,rf_F1_wf,capture_0.2,all,0.8571428571428571,1
f50,1000,rf_F1_wf,capture_0.2,holdout,0.8571428571428571,1
f50,1000,rf_F1_wf,cell_auc,all,0.8475171886936594,1
f50,1000,rf_F1_wf,cell_auc,holdout,0.8475171886936594,1
f50,1000,rf_F1_wf,object_auc,all,0.826531229196669,1
f50,1000,rf_F1_wf,object_auc,holdout,0.826531229196669,1
f50,1000,slope_neg,capture_0.2,all,1.0,1
f50,1000,slope_neg,capture_0.2,holdout,1.0,1
f50,1000,slope_neg,cell_auc,all,0.9776928953399542,1
f50,1000,slope_neg,cell_auc,holdout,0.9776928953399542,1
f50,1000,slope_neg,object_auc,all,0.7675557492008833,1
f50,1000,slope_neg,object_auc,holdout,0.7675557492008833,1
f50,1000,twi,capture_0.2,all,1.0,1
f50,1000,twi,capture_0.2,holdout,1.0,1
f50,1000,twi,cell_auc,all,0.9786860198624904,1
f50,1000,twi,cell_auc,holdout,0.9786860198624904,1
f50,1000,twi,object_auc,all,0.8111937447593727,1
f50,1000,twi,object_auc,holdout,0.8111937447593727,1
f50,1000,z_sensitivity,capture_0.2,all,0.42857142857142855,1
f50,1000,z_sensitivity,capture_0.2,holdout,0.42857142857142855,1
f50,1000,z_sensitivity,cell_auc,all,0.7889992360580597,1
f50,1000,z_sensitivity,cell_auc,holdout,0.7889992360580597,1
f50,1000,z_sensitivity,object_auc,all,0.8027020144766385,1
f50,1000,z_sensitivity,object_auc,holdout,0.8027020144766385,1
rep_point,100,L1,capture_0.2,all,0.6296296296296297,9
rep_point,100,L1,capture_0.2,development,0.6318879855465221,6
rep_point,100,L1,capture_0.2,holdout,0.4,3
rep_point,100,L1,cell_auc,all,0.8039546638383619,9
rep_point,100,L1,cell_auc,development,0.8073823521862871,6
rep_point,100,L1,cell_auc,holdout,0.6881644525416174,3
rep_point,100,L1,object_auc,all,0.7948866693077021,10
rep_point,100,L1,object_auc,development,0.7952064623921147,6
rep_point,100,L1,object_auc,holdout,0.7548738052727366,4
rep_point,100,hand_acc_neg,capture_0.2,all,0.6705882352941176,9
rep_point,100,hand_acc_neg,capture_0.2,development,0.8544973544973544,6
rep_point,100,hand_acc_neg,capture_0.2,holdout,0.6,3
rep_point,100,hand_acc_neg,cell_auc,all,0.8434373020775504,9
rep_point,100,hand_acc_neg,cell_auc,development,0.8602055371591318,6
rep_point,100,hand_acc_neg,cell_auc,holdout,0.7783924663439221,3
rep_point,100,hand_acc_neg,object_auc,all,0.8472950558209973,10
rep_point,100,hand_acc_neg,object_auc,development,0.8638788603051771,6
rep_point,100,hand_acc_neg,object_auc,holdout,0.8084306184378756,4
rep_point,100,hand_neg,capture_0.2,all,0.8148148148148148,9
rep_point,100,hand_neg,capture_0.2,development,0.8432055749128919,6
rep_point,100,hand_neg,capture_0.2,holdout,0.4,3
rep_point,100,hand_neg,cell_auc,all,0.8378152880187034,9
rep_point,100,hand_neg,cell_auc,development,0.8587502781010159,6
rep_point,100,hand_neg,cell_auc,holdout,0.7426752437164269,3
rep_point,100,hand_neg,object_auc,all,0.8451100700330114,10
rep_point,100,hand_neg,object_auc,development,0.8706389778916175,6
rep_point,100,hand_neg,object_auc,holdout,0.7807163413880116,4
rep_point,100,impervious,capture_0.2,all,0.5925925925925926,9
rep_point,100,impervious,capture_0.2,development,0.5158084914182475,6
rep_point,100,impervious,capture_0.2,holdout,0.6,3
rep_point,100,impervious,cell_auc,all,0.7811041973474144,9
rep_point,100,impervious,cell_auc,development,0.7329456949845692,6
rep_point,100,impervious,cell_auc,holdout,0.8620783871609523,3
rep_point,100,impervious,object_auc,all,0.8213015515822231,10
rep_point,100,impervious,object_auc,development,0.7536208856813315,6
rep_point,100,impervious,object_auc,holdout,0.8545226494845968,4
rep_point,100,logit_F1_wf,capture_0.2,all,0.6147058823529412,8
rep_point,100,logit_F1_wf,capture_0.2,development,0.7142857142857143,5
rep_point,100,logit_F1_wf,capture_0.2,holdout,0.6,3
rep_point,100,logit_F1_wf,cell_auc,all,0.8245496181684302,8
rep_point,100,logit_F1_wf,cell_auc,development,0.8326134789340722,5
rep_point,100,logit_F1_wf,cell_auc,holdout,0.8164857574027883,3
rep_point,100,logit_F1_wf,object_auc,all,0.8445551422331852,9
rep_point,100,logit_F1_wf,object_auc,development,0.8445551422331852,5
rep_point,100,logit_F1_wf,object_auc,holdout,0.8474474505359586,4
rep_point,100,relelev_neg,capture_0.2,all,0.0,9
rep_point,100,relelev_neg,capture_0.2,development,0.0,6
rep_point,100,relelev_neg,capture_0.2,holdout,0.0,3
rep_point,100,relelev_neg,cell_auc,all,0.5874845812056503,9
rep_point,100,relelev_neg,cell_auc,development,0.5750777578662861,6
rep_point,100,relelev_neg,cell_auc,holdout,0.6126109158432257,3
rep_point,100,relelev_neg,object_auc,all,0.5782050487635916,10
rep_point,100,relelev_neg,object_auc,development,0.5777108419909124,6
rep_point,100,relelev_neg,object_auc,holdout,0.5867154354161053,4
rep_point,100,rf_F1_wf,capture_0.2,all,0.6029411764705882,8
rep_point,100,rf_F1_wf,capture_0.2,development,0.8095238095238095,5
rep_point,100,rf_F1_wf,capture_0.2,holdout,0.6,3
rep_point,100,rf_F1_wf,cell_auc,all,0.8301407400153209,8
rep_point,100,rf_F1_wf,cell_auc,development,0.8375735881539654,5
rep_point,100,rf_F1_wf,cell_auc,holdout,0.8227078918766763,3
rep_point,100,rf_F1_wf,object_auc,all,0.8559792627169518,9
rep_point,100,rf_F1_wf,object_auc,development,0.8559792627169518,5
rep_point,100,rf_F1_wf,object_auc,holdout,0.8500220255188482,4
rep_point,100,slope_neg,capture_0.2,all,0.5764705882352941,9
rep_point,100,slope_neg,capture_0.2,development,0.6904761904761905,6
rep_point,100,slope_neg,capture_0.2,holdout,0.2,3
rep_point,100,slope_neg,cell_auc,all,0.8045744422985198,9
rep_point,100,slope_neg,cell_auc,development,0.8621713223924891,6
rep_point,100,slope_neg,cell_auc,holdout,0.7520843557265071,3
rep_point,100,slope_neg,object_auc,all,0.8352952031216696,10
rep_point,100,slope_neg,object_auc,development,0.8673775317541229,6
rep_point,100,slope_neg,object_auc,holdout,0.7955574450454055,4
rep_point,100,twi,capture_0.2,all,0.611764705882353,9
rep_point,100,twi,capture_0.2,development,0.6944444444444444,6
rep_point,100,twi,capture_0.2,holdout,0.6,3
rep_point,100,twi,cell_auc,all,0.8039224026710244,9
rep_point,100,twi,cell_auc,development,0.8304239328598237,6
rep_point,100,twi,cell_auc,holdout,0.7946707341335633,3
rep_point,100,twi,object_auc,all,0.8143855230450059,10
rep_point,100,twi,object_auc,development,0.8181195333295782,6
rep_point,100,twi,object_auc,holdout,0.8103420516159077,4
rep_point,100,z_sensitivity,capture_0.2,all,0.5555555555555556,9
rep_point,100,z_sensitivity,capture_0.2,development,0.6314363143631436,6
rep_point,100,z_sensitivity,capture_0.2,holdout,0.49411764705882355,3
rep_point,100,z_sensitivity,cell_auc,all,0.8222062031250998,9
rep_point,100,z_sensitivity,cell_auc,development,0.8379930549854987,6
rep_point,100,z_sensitivity,cell_auc,holdout,0.7919517401537248,3
rep_point,100,z_sensitivity,object_auc,all,0.8251820623126622,10
rep_point,100,z_sensitivity,object_auc,development,0.825011142412386,6
rep_point,100,z_sensitivity,object_auc,holdout,0.8403949680904017,4
rep_point,200,L1,capture_0.2,all,0.5217391304347826,9
rep_point,200,L1,capture_0.2,development,0.5255754475703325,6
rep_point,200,L1,capture_0.2,holdout,0.4,3
rep_point,200,L1,cell_auc,all,0.7962598865007372,9
rep_point,200,L1,cell_auc,development,0.8042554661110631,6
rep_point,200,L1,cell_auc,holdout,0.6685400421918394,3
rep_point,200,L1,object_auc,all,0.7882355910629937,10
rep_point,200,L1,object_auc,development,0.7939598506720704,6
rep_point,200,L1,object_auc,holdout,0.7429541414302301,4
rep_point,200,hand_acc_neg,capture_0.2,all,0.7058823529411765,9
rep_point,200,hand_acc_neg,capture_0.2,development,0.8,6
rep_point,200,hand_acc_neg,capture_0.2,holdout,0.6,3
rep_point,200,hand_acc_neg,cell_auc,all,0.8399515170472318,9
rep_point,200,hand_acc_neg,cell_auc,development,0.8694567668572282,6
rep_point,200,hand_acc_neg,cell_auc,holdout,0.8184721223944964,3
rep_point,200,hand_acc_neg,object_auc,all,0.8451686548411159,10
rep_point,200,hand_acc_neg,object_auc,development,0.8685913797421358,6
rep_point,200,hand_acc_neg,object_auc,holdout,0.8305977268471314,4
rep_point,200,hand_neg,capture_0.2,all,0.7647058823529411,9
rep_point,200,hand_neg,capture_0.2,development,0.8,6
rep_point,200,hand_neg,capture_0.2,holdout,0.6,3
rep_point,200,hand_neg,cell_auc,all,0.8394309397202734,9
rep_point,200,hand_neg,cell_auc,development,0.8527579391427844,6
rep_point,200,hand_neg,cell_auc,holdout,0.7832939726871342,3
rep_point,200,hand_neg,object_auc,all,0.8533164889520586,10
rep_point,200,hand_neg,object_auc,development,0.8743505977351085,6
rep_point,200,hand_neg,object_auc,holdout,0.8113057138364488,4
rep_point,200,impervious,capture_0.2,all,0.6086956521739131,9
rep_point,200,impervious,capture_0.2,development,0.5837595907928389,6
rep_point,200,impervious,capture_0.2,holdout,1.0,3
rep_point,200,impervious,cell_auc,all,0.8030553197193797,9
rep_point,200,impervious,cell_auc,development,0.7789722131861878,6
rep_point,200,impervious,cell_auc,holdout,0.8932128555293151,3
rep_point,200,impervious,object_auc,all,0.8525823334852382,10
rep_point,200,impervious,object_auc,development,0.7999871720337004,6
rep_point,200,impervious,object_auc,holdout,0.8840885472769805,4
rep_point,200,logit_F1_wf,capture_0.2,all,0.6217267552182164,8
rep_point,200,logit_F1_wf,capture_0.2,development,0.7,5
rep_point,200,logit_F1_wf,capture_0.2,holdout,0.6,3
rep_point,200,logit_F1_wf,cell_auc,all,0.8243267887401433,8
rep_point,200,logit_F1_wf,cell_auc,development,0.8315367794503271,5
rep_point,200,logit_F1_wf,cell_auc,holdout,0.8108750801110873,3
rep_point,200,logit_F1_wf,object_auc,all,0.8387715517241379,9
rep_point,200,logit_F1_wf,object_auc,development,0.8503159510123148,5
rep_point,200,logit_F1_wf,object_auc,holdout,0.8367212545039694,4
rep_point,200,relelev_neg,capture_0.2,all,0.0,9
rep_point,200,relelev_neg,capture_0.2,development,0.0,6
rep_point,200,relelev_neg,capture_0.2,holdout,0.0,3
rep_point,200,relelev_neg,cell_auc,all,0.604025053906972,9
rep_point,200,relelev_neg,cell_auc,development,0.5628803282922102,6
rep_point,200,relelev_neg,cell_auc,holdout,0.6144490359965818,3
rep_point,200,relelev_neg,object_auc,all,0.6022918712176677,10
rep_point,200,relelev_neg,object_auc,development,0.5820275502524085,6
rep_point,200,relelev_neg,object_auc,holdout,0.6024503704167147,4
rep_point,200,rf_F1_wf,capture_0.2,all,0.6846774193548387,8
rep_point,200,rf_F1_wf,capture_0.2,development,0.7647058823529411,5
rep_point,200,rf_F1_wf,capture_0.2,holdout,0.6,3
rep_point,200,rf_F1_wf,cell_auc,all,0.8405021235483086,8
rep_point,200,rf_F1_wf,cell_auc,development,0.8549812027232612,5
rep_point,200,rf_F1_wf,cell_auc,holdout,0.8288838689803881,3
rep_point,200,rf_F1_wf,object_auc,all,0.8581107726309745,9
rep_point,200,rf_F1_wf,object_auc,development,0.8581107726309745,5
rep_point,200,rf_F1_wf,object_auc,holdout,0.8535681164241022,4
rep_point,200,slope_neg,capture_0.2,all,0.5806451612903226,9
rep_point,200,slope_neg,capture_0.2,development,0.8035714285714286,6
rep_point,200,slope_neg,capture_0.2,holdout,0.4,3
rep_point,200,slope_neg,cell_auc,all,0.7936168153172399,9
rep_point,200,slope_neg,cell_auc,development,0.8617232701766293,6
rep_point,200,slope_neg,cell_auc,holdout,0.7712906869288428,3
rep_point,200,slope_neg,object_auc,all,0.8309368771954202,10
rep_point,200,slope_neg,object_auc,development,0.8683566062020786,6
rep_point,200,slope_neg,object_auc,holdout,0.8058410157751102,4
rep_point,200,twi,capture_0.2,all,0.6470588235294118,9
rep_point,200,twi,capture_0.2,development,0.7178571428571429,6
rep_point,200,twi,capture_0.2,holdout,0.4,3
rep_point,200,twi,cell_auc,all,0.8131063407925657,9
rep_point,200,twi,cell_auc,development,0.8565364496362806,6
rep_point,200,twi,cell_auc,holdout,0.7557038710339871,3
rep_point,200,twi,object_auc,all,0.8334313407346566,10
rep_point,200,twi,object_auc,development,0.8580818962793137,6
rep_point,200,twi,object_auc,holdout,0.8024780996134641,4
rep_point,200,z_sensitivity,capture_0.2,all,0.8,9
rep_point,200,z_sensitivity,capture_0.2,development,0.6873401534526854,6
rep_point,200,z_sensitivity,capture_0.2,holdout,0.8,3
rep_point,200,z_sensitivity,cell_auc,all,0.8087202287859153,9
rep_point,200,z_sensitivity,cell_auc,development,0.8374067249853667,6
rep_point,200,z_sensitivity,cell_auc,holdout,0.8059759728924941,3
rep_point,200,z_sensitivity,object_auc,all,0.838831592575668,10
rep_point,200,z_sensitivity,object_auc,development,0.8289934645911844,6
rep_point,200,z_sensitivity,object_auc,holdout,0.8444379163731963,4
rep_point,500,L1,capture_0.2,all,0.3684210526315789,9
rep_point,500,L1,capture_0.2,development,0.4342105263157895,6
rep_point,500,L1,capture_0.2,holdout,0.2905982905982906,3
rep_point,500,L1,cell_auc,all,0.7438461298474401,9
rep_point,500,L1,cell_auc,development,0.7500656679477342,6
rep_point,500,L1,cell_auc,holdout,0.65,3
rep_point,500,L1,object_auc,all,0.7481233819579232,10
rep_point,500,L1,object_auc,development,0.7635895226974045,6
rep_point,500,L1,object_auc,holdout,0.7125993894387825,4
rep_point,500,hand_acc_neg,capture_0.2,all,0.6,9
rep_point,500,hand_acc_neg,capture_0.2,development,0.7230769230769231,6
rep_point,500,hand_acc_neg,capture_0.2,holdout,0.5555555555555556,3
rep_point,500,hand_acc_neg,cell_auc,all,0.7887839433293979,9
rep_point,500,hand_acc_neg,cell_auc,development,0.8041609278295669,6
rep_point,500,hand_acc_neg,cell_auc,holdout,0.7887839433293979,3
rep_point,500,hand_acc_neg,object_auc,all,0.8169628444198229,10
rep_point,500,hand_acc_neg,object_auc,development,0.8387426814973887,6
rep_point,500,hand_acc_neg,object_auc,holdout,0.8169628444198229,4
rep_point,500,hand_neg,capture_0.2,all,0.6,9
rep_point,500,hand_neg,capture_0.2,development,0.7230769230769231,6
rep_point,500,hand_neg,capture_0.2,holdout,0.5555555555555556,3
rep_point,500,hand_neg,cell_auc,all,0.7766233766233767,9
rep_point,500,hand_neg,cell_auc,development,0.8092290298025189,6
rep_point,500,hand_neg,cell_auc,holdout,0.7766233766233767,3
rep_point,500,hand_neg,object_auc,all,0.8197492669777862,10
rep_point,500,hand_neg,object_auc,development,0.8505107888449123,6
rep_point,500,hand_neg,object_auc,holdout,0.8197492669777862,4
rep_point,500,impervious,capture_0.2,all,0.47368421052631576,9
rep_point,500,impervious,capture_0.2,development,0.4368421052631579,6
rep_point,500,impervious,capture_0.2,holdout,1.0,3
rep_point,500,impervious,cell_auc,all,0.7924375253486413,9
rep_point,500,impervious,cell_auc,development,0.78136181040631,6
rep_point,500,impervious,cell_auc,holdout,0.8772727272727273,3
rep_point,500,impervious,object_auc,all,0.8334437255056963,10
rep_point,500,impervious,object_auc,development,0.8055248235910709,6
rep_point,500,impervious,object_auc,holdout,0.8710344571966523,4
rep_point,500,logit_F1_wf,capture_0.2,all,0.6211538461538462,8
rep_point,500,logit_F1_wf,capture_0.2,development,0.6923076923076923,5
rep_point,500,logit_F1_wf,capture_0.2,holdout,0.5470085470085471,3
rep_point,500,logit_F1_wf,cell_auc,all,0.8407615112160567,8
rep_point,500,logit_F1_wf,cell_auc,development,0.8587527136372607,5
rep_point,500,logit_F1_wf,cell_auc,holdout,0.8263282172373081,3
rep_point,500,logit_F1_wf,object_auc,all,0.8573294156056155,9
rep_point,500,logit_F1_wf,object_auc,development,0.8642057837492472,5
rep_point,500,logit_F1_wf,object_auc,holdout,0.8542790307576946,4
rep_point,500,relelev_neg,capture_0.2,all,0.0,9
rep_point,500,relelev_neg,capture_0.2,development,0.0,6
rep_point,500,relelev_neg,capture_0.2,holdout,0.1623931623931624,3
rep_point,500,relelev_neg,cell_auc,all,0.6112220384987365,9
rep_point,500,relelev_neg,cell_auc,development,0.6035627716389904,6
rep_point,500,relelev_neg,cell_auc,holdout,0.6413223140495867,3
rep_point,500,relelev_neg,object_auc,all,0.6208056688577314,10
rep_point,500,relelev_neg,object_auc,development,0.6022427022700099,6
rep_point,500,relelev_neg,object_auc,holdout,0.6391655452254205,4
rep_point,500,rf_F1_wf,capture_0.2,all,0.6333333333333333,8
rep_point,500,rf_F1_wf,capture_0.2,development,0.6666666666666666,5
rep_point,500,rf_F1_wf,capture_0.2,holdout,0.6,3
rep_point,500,rf_F1_wf,cell_auc,all,0.8446518948335515,8
rep_point,500,rf_F1_wf,cell_auc,development,0.8494572725478586,5
rep_point,500,rf_F1_wf,cell_auc,holdout,0.8398465171192443,3
rep_point,500,rf_F1_wf,object_auc,all,0.8725999479972646,9
rep_point,500,rf_F1_wf,object_auc,development,0.8725999479972646,5
rep_point,500,rf_F1_wf,object_auc,holdout,0.8731119861266149,4
rep_point,500,slope_neg,capture_0.2,all,0.5726495726495726,9
rep_point,500,slope_neg,capture_0.2,development,0.729010989010989,6
rep_point,500,slope_neg,capture_0.2,holdout,0.4,3
rep_point,500,slope_neg,cell_auc,all,0.7810507674144038,9
rep_point,500,slope_neg,cell_auc,development,0.8121799126102516,6
rep_point,500,slope_neg,cell_auc,holdout,0.759681227863046,3
rep_point,500,slope_neg,object_auc,all,0.8049597088346878,10
rep_point,500,slope_neg,object_auc,development,0.8191444641206052,6
rep_point,500,slope_neg,object_auc,holdout,0.8049597088346878,4
rep_point,500,twi,capture_0.2,all,0.5555555555555556,9
rep_point,500,twi,capture_0.2,development,0.6461538461538461,6
rep_point,500,twi,capture_0.2,holdout,0.4,3
rep_point,500,twi,cell_auc,all,0.8067282907026496,9
rep_point,500,twi,cell_auc,development,0.8370439673290668,6
rep_point,500,twi,cell_auc,holdout,0.7657024793388431,3
rep_point,500,twi,object_auc,all,0.8222454790757792,10
rep_point,500,twi,object_auc,development,0.8452654662488508,6
rep_point,500,twi,object_auc,holdout,0.8222454790757792,4
rep_point,500,z_sensitivity,capture_0.2,all,0.55,9
rep_point,500,z_sensitivity,capture_0.2,development,0.5381578947368422,6
rep_point,500,z_sensitivity,capture_0.2,holdout,0.6,3
rep_point,500,z_sensitivity,cell_auc,all,0.802579306255559,9
rep_point,500,z_sensitivity,cell_auc,development,0.7834684571538304,6
rep_point,500,z_sensitivity,cell_auc,holdout,0.8206611570247935,3
rep_point,500,z_sensitivity,object_auc,all,0.8389883331342396,10
rep_point,500,z_sensitivity,object_auc,development,0.8130851215206933,6
rep_point,500,z_sensitivity,object_auc,holdout,0.8436450277434807,4
rep_point,1000,L1,capture_0.2,all,0.42857142857142855,7
rep_point,1000,L1,capture_0.2,development,0.42857142857142855,5
rep_point,1000,L1,capture_0.2,holdout,0.5132777777777778,2
rep_point,1000,L1,cell_auc,all,0.7111830276878821,7
rep_point,1000,L1,cell_auc,development,0.7111830276878821,5
rep_point,1000,L1,cell_auc,holdout,0.7482132080597741,2
rep_point,1000,L1,object_auc,all,0.74601210364904,10
rep_point,1000,L1,object_auc,development,0.7496994759172139,6
rep_point,1000,L1,object_auc,holdout,0.7346118027188042,4
rep_point,1000,hand_acc_neg,capture_0.2,all,0.510888888888889,7
rep_point,1000,hand_acc_neg,capture_0.2,development,0.875,5
rep_point,1000,hand_acc_neg,capture_0.2,holdout,0.35544444444444445,2
rep_point,1000,hand_acc_neg,cell_auc,all,0.7634715701617111,7
rep_point,1000,hand_acc_neg,cell_auc,development,0.8104925053533191,5
rep_point,1000,hand_acc_neg,cell_auc,holdout,0.6797080369485182,2
rep_point,1000,hand_acc_neg,object_auc,all,0.8154902724434083,10
rep_point,1000,hand_acc_neg,object_auc,development,0.8288872513328154,6
rep_point,1000,hand_acc_neg,object_auc,holdout,0.798673062814037,4
rep_point,1000,hand_neg,capture_0.2,all,0.5111111111111111,7
rep_point,1000,hand_neg,capture_0.2,development,0.875,5
rep_point,1000,hand_neg,capture_0.2,holdout,0.3555555555555555,2
rep_point,1000,hand_neg,cell_auc,all,0.7692097026604068,7
rep_point,1000,hand_neg,cell_auc,development,0.8135706638115632,5
rep_point,1000,hand_neg,cell_auc,holdout,0.6928225674454649,2
rep_point,1000,hand_neg,object_auc,all,0.8054795194330409,10
rep_point,1000,hand_neg,object_auc,development,0.8062593312424349,6
rep_point,1000,hand_neg,object_auc,holdout,0.8054795194330409,4
rep_point,1000,impervious,capture_0.2,all,0.3333333333333333,7
rep_point,1000,impervious,capture_0.2,development,0.3333333333333333,5
rep_point,1000,impervious,capture_0.2,holdout,0.6444444444444444,2
rep_point,1000,impervious,cell_auc,all,0.7622437971952536,7
rep_point,1000,impervious,cell_auc,development,0.7622437971952536,5
rep_point,1000,impervious,cell_auc,holdout,0.8150580918412964,2
rep_point,1000,impervious,object_auc,all,0.8439728407101255,10
rep_point,1000,impervious,object_auc,development,0.8215865010661821,6
rep_point,1000,impervious,object_auc,holdout,0.8896648726653102,4
rep_point,1000,logit_F1_wf,capture_0.2,all,0.5333333333333333,6
rep_point,1000,logit_F1_wf,capture_0.2,development,0.6083333333333334,4
rep_point,1000,logit_F1_wf,capture_0.2,holdout,0.5333333333333333,2
rep_point,1000,logit_F1_wf,cell_auc,all,0.7845497915354891,6
rep_point,1000,logit_F1_wf,cell_auc,development,0.7691094529489262,4
rep_point,1000,logit_F1_wf,cell_auc,holdout,0.7845497915354891,2
rep_point,1000,logit_F1_wf,object_auc,all,0.8695852251737768,9
rep_point,1000,logit_F1_wf,object_auc,development,0.8854683260582861,5
rep_point,1000,logit_F1_wf,object_auc,holdout,0.8554151806802736,4
rep_point,1000,relelev_neg,capture_0.2,all,0.125,7
rep_point,1000,relelev_neg,capture_0.2,development,0.125,5
rep_point,1000,relelev_neg,capture_0.2,holdout,0.2611111111111111,2
rep_point,1000,relelev_neg,cell_auc,all,0.612838669950739,7
rep_point,1000,relelev_neg,cell_auc,development,0.612838669950739,5
rep_point,1000,relelev_neg,cell_auc,holdout,0.6621300652645069,2
rep_point,1000,relelev_neg,object_auc,all,0.6393743875372178,10
rep_point,1000,relelev_neg,object_auc,development,0.6260987483021905,6
rep_point,1000,relelev_neg,object_auc,holdout,0.6798540913183498,4
rep_point,1000,rf_F1_wf,capture_0.2,all,0.5333333333333333,6
rep_point,1000,rf_F1_wf,capture_0.2,development,0.5564583333333333,4
rep_point,1000,rf_F1_wf,capture_0.2,holdout,0.5222222222222221,2
rep_point,1000,rf_F1_wf,cell_auc,all,0.7921936944008809,6
rep_point,1000,rf_F1_wf,cell_auc,development,0.7932171593752732,4
rep_point,1000,rf_F1_wf,cell_auc,holdout,0.7921936944008809,2
rep_point,1000,rf_F1_wf,object_auc,all,0.8846796074465733,9
rep_point,1000,rf_F1_wf,object_auc,development,0.8990511262400366,5
rep_point,1000,rf_F1_wf,object_auc,holdout,0.8767107505455953,4
rep_point,1000,slope_neg,capture_0.2,all,0.5,7
rep_point,1000,slope_neg,capture_0.2,development,0.8333333333333334,5
rep_point,1000,slope_neg,capture_0.2,holdout,0.45,2
rep_point,1000,slope_neg,cell_auc,all,0.753508085550339,7
rep_point,1000,slope_neg,cell_auc,development,0.827355460385439,5
rep_point,1000,slope_neg,cell_auc,holdout,0.7200838186556391,2
rep_point,1000,slope_neg,object_auc,all,0.8454535035579034,10
rep_point,1000,slope_neg,object_auc,development,0.8477131133940226,6
rep_point,1000,slope_neg,object_auc,holdout,0.8058212935602643,4
rep_point,1000,twi,capture_0.2,all,0.4777777777777778,7
rep_point,1000,twi,capture_0.2,development,0.75,5
rep_point,1000,twi,capture_0.2,holdout,0.3388888888888889,2
rep_point,1000,twi,cell_auc,all,0.7715636411058946,7
rep_point,1000,twi,cell_auc,development,0.8436830835117773,5
rep_point,1000,twi,cell_auc,holdout,0.7433058333597776,2
rep_point,1000,twi,object_auc,all,0.8682463814797345,10
rep_point,1000,twi,object_auc,development,0.8778607344916067,6
rep_point,1000,twi,object_auc,holdout,0.8374329604116375,4
rep_point,1000,z_sensitivity,capture_0.2,all,0.38569444444444445,7
rep_point,1000,z_sensitivity,capture_0.2,development,0.36363636363636365,5
rep_point,1000,z_sensitivity,capture_0.2,holdout,0.5928472222222223,2
rep_point,1000,z_sensitivity,cell_auc,all,0.7623630672926447,7
rep_point,1000,z_sensitivity,cell_auc,development,0.7441239316239315,5
rep_point,1000,z_sensitivity,cell_auc,holdout,0.8103170726004312,2
rep_point,1000,z_sensitivity,object_auc,all,0.8565361917642749,10
rep_point,1000,z_sensitivity,object_auc,development,0.837738518103887,6
rep_point,1000,z_sensitivity,object_auc,holdout,0.8817733533268257,4
soft,100,L1,capture_0.2,all,0.5118521606141082,10
soft,100,L1,capture_0.2,development,0.5118521606141082,6
soft,100,L1,capture_0.2,holdout,0.46750144020480344,4
soft,100,L1,cell_auc,all,0.7913634622421813,10
soft,100,L1,cell_auc,development,0.7913634622421813,6
soft,100,L1,cell_auc,holdout,0.7390955476466453,4
soft,100,L1,object_auc,all,0.7948866693077021,10
soft,100,L1,object_auc,development,0.7952064623921147,6
soft,100,L1,object_auc,holdout,0.7548738052727366,4
soft,100,hand_acc_neg,capture_0.2,all,0.9192673565130498,10
soft,100,hand_acc_neg,capture_0.2,development,0.9500763991662926,6
soft,100,hand_acc_neg,capture_0.2,holdout,0.6922578614678361,4
soft,100,hand_acc_neg,cell_auc,all,0.8835752490941764,10
soft,100,hand_acc_neg,cell_auc,development,0.8946239420780095,6
soft,100,hand_acc_neg,cell_auc,holdout,0.8117074544142866,4
soft,100,hand_acc_neg,object_auc,all,0.8472950558209973,10
soft,100,hand_acc_neg,object_auc,development,0.8638788603051771,6
soft,100,hand_acc_neg,object_auc,holdout,0.8084306184378756,4
soft,100,hand_neg,capture_0.2,all,0.9236919457606458,10
soft,100,hand_neg,capture_0.2,development,0.9425611013462565,6
soft,100,hand_neg,capture_0.2,holdout,0.4807456004937663,4
soft,100,hand_neg,cell_auc,all,0.8656247447292845,10
soft,100,hand_neg,cell_auc,development,0.8731854444422184,6
soft,100,hand_neg,cell_auc,holdout,0.7734916822396178,4
soft,100,hand_neg,object_auc,all,0.8451100700330114,10
soft,100,hand_neg,object_auc,development,0.8706389778916175,6
soft,100,hand_neg,object_auc,holdout,0.7807163413880116,4
soft,100,impervious,capture_0.2,all,0.7657009392554706,10
soft,100,impervious,capture_0.2,development,0.4995409900508517,6
soft,100,impervious,capture_0.2,holdout,0.8542187567917923,4
soft,100,impervious,cell_auc,all,0.8428990604080426,10
soft,100,impervious,cell_auc,development,0.6860212505242347,6
soft,100,impervious,cell_auc,holdout,0.8836048720391805,4
soft,100,impervious,object_auc,all,0.8213015515822231,10
soft,100,impervious,object_auc,development,0.7536208856813315,6
soft,100,impervious,object_auc,holdout,0.8545226494845968,4
soft,100,logit_F1_wf,capture_0.2,all,0.7981732601976866,9
soft,100,logit_F1_wf,capture_0.2,development,0.7981732601976866,5
soft,100,logit_F1_wf,capture_0.2,holdout,0.7812948421263223,4
soft,100,logit_F1_wf,cell_auc,all,0.8463125543723905,9
soft,100,logit_F1_wf,cell_auc,development,0.8463125543723905,5
soft,100,logit_F1_wf,cell_auc,holdout,0.8336962460683941,4
soft,100,logit_F1_wf,object_auc,all,0.8445551422331852,9
soft,100,logit_F1_wf,object_auc,development,0.8445551422331852,5
soft,100,logit_F1_wf,object_auc,holdout,0.8474474505359586,4
soft,100,relelev_neg,capture_0.2,all,0.0007751390771684864,10
soft,100,relelev_neg,capture_0.2,development,0.0007751390771684864,6
soft,100,relelev_neg,capture_0.2,holdout,0.01580954035448007,4
soft,100,relelev_neg,cell_auc,all,0.5364814921201613,10
soft,100,relelev_neg,cell_auc,development,0.5291753391655878,6
soft,100,relelev_neg,cell_auc,holdout,0.5415581745915778,4
soft,100,relelev_neg,object_auc,all,0.5782050487635916,10
soft,100,relelev_neg,object_auc,development,0.5777108419909124,6
soft,100,relelev_neg,object_auc,holdout,0.5867154354161053,4
soft,100,rf_F1_wf,capture_0.2,all,0.7898521852315266,9
soft,100,rf_F1_wf,capture_0.2,development,0.8995164414479352,5
soft,100,rf_F1_wf,capture_0.2,holdout,0.7136490578210309,4
soft,100,rf_F1_wf,cell_auc,all,0.8458138688635615,9
soft,100,rf_F1_wf,cell_auc,development,0.880005685332015,5
soft,100,rf_F1_wf,cell_auc,holdout,0.8451303272098976,4
soft,100,rf_F1_wf,object_auc,all,0.8559792627169518,9
soft,100,rf_F1_wf,object_auc,development,0.8559792627169518,5
soft,100,rf_F1_wf,object_auc,holdout,0.8500220255188482,4
soft,100,slope_neg,capture_0.2,all,0.8568200462682569,10
soft,100,slope_neg,capture_0.2,development,0.8864144322589598,6
soft,100,slope_neg,capture_0.2,holdout,0.596486378104407,4
soft,100,slope_neg,cell_auc,all,0.8929552025312744,10
soft,100,slope_neg,cell_auc,development,0.9028417042158472,6
soft,100,slope_neg,cell_auc,holdout,0.8239026249258431,4
soft,100,slope_neg,object_auc,all,0.8352952031216696,10
soft,100,slope_neg,object_auc,development,0.8673775317541229,6
soft,100,slope_neg,object_auc,holdout,0.7955574450454055,4
soft,100,twi,capture_0.2,all,0.7313479318211229,10
soft,100,twi,capture_0.2,development,0.7802770192900825,6
soft,100,twi,capture_0.2,holdout,0.44096639310614255,4
soft,100,twi,cell_auc,all,0.8476992460639674,10
soft,100,twi,cell_auc,development,0.8672745265130088,6
soft,100,twi,cell_auc,holdout,0.7717304115048288,4
soft,100,twi,object_auc,all,0.8143855230450059,10
soft,100,twi,object_auc,development,0.8181195333295782,6
soft,100,twi,object_auc,holdout,0.8103420516159077,4
soft,100,z_sensitivity,capture_0.2,all,0.6767053408119228,10
soft,100,z_sensitivity,capture_0.2,development,0.7312670583916506,6
soft,100,z_sensitivity,capture_0.2,holdout,0.5563957005343807,4
soft,100,z_sensitivity,cell_auc,all,0.83388424484546,10
soft,100,z_sensitivity,cell_auc,development,0.8605511584027405,6
soft,100,z_sensitivity,cell_auc,holdout,0.814135422849788,4
soft,100,z_sensitivity,object_auc,all,0.8251820623126622,10
soft,100,z_sensitivity,object_auc,development,0.825011142412386,6
soft,100,z_sensitivity,object_auc,holdout,0.8403949680904017,4
soft,200,L1,capture_0.2,all,0.47008161830922995,10
soft,200,L1,capture_0.2,development,0.47008161830922995,6
soft,200,L1,capture_0.2,holdout,0.5248520900268087,4
soft,200,L1,cell_auc,all,0.7929420395215321,10
soft,200,L1,cell_auc,development,0.7929420395215321,6
soft,200,L1,cell_auc,holdout,0.7511730789365624,4
soft,200,L1,object_auc,all,0.7882355910629937,10
soft,200,L1,object_auc,development,0.7939598506720704,6
soft,200,L1,object_auc,holdout,0.7429541414302301,4
soft,200,hand_acc_neg,capture_0.2,all,0.9275557943821655,10
soft,200,hand_acc_neg,capture_0.2,development,0.9724418236364087,6
soft,200,hand_acc_neg,capture_0.2,holdout,0.7578988491003654,4
soft,200,hand_acc_neg,cell_auc,all,0.8956812739136368,10
soft,200,hand_acc_neg,cell_auc,development,0.9117689134296318,6
soft,200,hand_acc_neg,cell_auc,holdout,0.8322287349401231,4
soft,200,hand_acc_neg,object_auc,all,0.8451686548411159,10
soft,200,hand_acc_neg,object_auc,development,0.8685913797421358,6
soft,200,hand_acc_neg,object_auc,holdout,0.8305977268471314,4
soft,200,hand_neg,capture_0.2,all,0.9301157077347649,10
soft,200,hand_neg,capture_0.2,development,0.9605130746702677,6
soft,200,hand_neg,capture_0.2,holdout,0.6020894472283751,4
soft,200,hand_neg,cell_auc,all,0.8862568999236291,10
soft,200,hand_neg,cell_auc,development,0.8897640588316788,6
soft,200,hand_neg,cell_auc,holdout,0.7981377078563244,4
soft,200,hand_neg,object_auc,all,0.8533164889520586,10
soft,200,hand_neg,object_auc,development,0.8743505977351085,6
soft,200,hand_neg,object_auc,holdout,0.8113057138364488,4
soft,200,impervious,capture_0.2,all,0.841479024992253,10
soft,200,impervious,capture_0.2,development,0.5653869869679459,6
soft,200,impervious,capture_0.2,holdout,0.9677196792109284,4
soft,200,impervious,cell_auc,all,0.8638459024674581,10
soft,200,impervious,cell_auc,development,0.7359076047800024,6
soft,200,impervious,cell_auc,holdout,0.9008896185564566,4
soft,200,impervious,object_auc,all,0.8525823334852382,10
soft,200,impervious,object_auc,development,0.7999871720337004,6
soft,200,impervious,object_auc,holdout,0.8840885472769805,4
soft,200,logit_F1_wf,capture_0.2,all,0.7817334330674295,9
soft,200,logit_F1_wf,capture_0.2,development,0.7817334330674295,5
soft,200,logit_F1_wf,capture_0.2,holdout,0.6955404539595731,4
soft,200,logit_F1_wf,cell_auc,all,0.8496880017747019,9
soft,200,logit_F1_wf,cell_auc,development,0.8503390031593401,5
soft,200,logit_F1_wf,cell_auc,holdout,0.8455648207854416,4
soft,200,logit_F1_wf,object_auc,all,0.8387715517241379,9
soft,200,logit_F1_wf,object_auc,development,0.8503159510123148,5
soft,200,logit_F1_wf,object_auc,holdout,0.8367212545039694,4
soft,200,relelev_neg,capture_0.2,all,0.0028862814571832098,10
soft,200,relelev_neg,capture_0.2,development,0.0028862814571832098,6
soft,200,relelev_neg,capture_0.2,holdout,0.023261019926840276,4
soft,200,relelev_neg,cell_auc,all,0.553286100489284,10
soft,200,relelev_neg,cell_auc,development,0.5398092365445555,6
soft,200,relelev_neg,cell_auc,holdout,0.5610390377446245,4
soft,200,relelev_neg,object_auc,all,0.6022918712176677,10
soft,200,relelev_neg,object_auc,development,0.5820275502524085,6
soft,200,relelev_neg,object_auc,holdout,0.6024503704167147,4
soft,200,rf_F1_wf,capture_0.2,all,0.8273679232781955,9
soft,200,rf_F1_wf,capture_0.2,development,0.8439987105142067,5
soft,200,rf_F1_wf,capture_0.2,holdout,0.7760930006837119,4
soft,200,rf_F1_wf,cell_auc,all,0.874475448604943,9
soft,200,rf_F1_wf,cell_auc,development,0.8831815745546027,5
soft,200,rf_F1_wf,cell_auc,holdout,0.856799937404194,4
soft,200,rf_F1_wf,object_auc,all,0.8581107726309745,9
soft,200,rf_F1_wf,object_auc,development,0.8581107726309745,5
soft,200,rf_F1_wf,object_auc,holdout,0.8535681164241022,4
soft,200,slope_neg,capture_0.2,all,0.8595713001320474,10
soft,200,slope_neg,capture_0.2,development,0.878250260495507,6
soft,200,slope_neg,capture_0.2,holdout,0.5521825123238148,4
soft,200,slope_neg,cell_auc,all,0.885625774207933,10
soft,200,slope_neg,cell_auc,development,0.8960063296902134,6
soft,200,slope_neg,cell_auc,holdout,0.82354119564366,4
soft,200,slope_neg,object_auc,all,0.8309368771954202,10
soft,200,slope_neg,object_auc,development,0.8683566062020786,6
soft,200,slope_neg,object_auc,holdout,0.8058410157751102,4
soft,200,twi,capture_0.2,all,0.776376429092539,10
soft,200,twi,capture_0.2,development,0.8142336355310624,6
soft,200,twi,capture_0.2,holdout,0.5023228394170445,4
soft,200,twi,cell_auc,all,0.871409497746366,10
soft,200,twi,cell_auc,development,0.8870797099444707,6
soft,200,twi,cell_auc,holdout,0.786594880515756,4
soft,200,twi,object_auc,all,0.8334313407346566,10
soft,200,twi,object_auc,development,0.8580818962793137,6
soft,200,twi,object_auc,holdout,0.8024780996134641,4
soft,200,z_sensitivity,capture_0.2,all,0.7523177391074992,10
soft,200,z_sensitivity,capture_0.2,development,0.7561377097370334,6
soft,200,z_sensitivity,capture_0.2,holdout,0.7016654640840216,4
soft,200,z_sensitivity,cell_auc,all,0.8392650608434938,10
soft,200,z_sensitivity,cell_auc,development,0.8658364046281156,6
soft,200,z_sensitivity,cell_auc,holdout,0.8276064538855363,4
soft,200,z_sensitivity,object_auc,all,0.838831592575668,10
soft,200,z_sensitivity,object_auc,development,0.8289934645911844,6
soft,200,z_sensitivity,object_auc,holdout,0.8444379163731963,4
soft,500,L1,capture_0.2,all,0.47547691483839694,10
soft,500,L1,capture_0.2,development,0.47547691483839694,6
soft,500,L1,capture_0.2,holdout,0.4510915668622347,4
soft,500,L1,cell_auc,all,0.7759706045541956,10
soft,500,L1,cell_auc,development,0.7759706045541956,6
soft,500,L1,cell_auc,holdout,0.7158606381908588,4
soft,500,L1,object_auc,all,0.7481233819579232,10
soft,500,L1,object_auc,development,0.7635895226974045,6
soft,500,L1,object_auc,holdout,0.7125993894387825,4
soft,500,hand_acc_neg,capture_0.2,all,0.8805942161428466,10
soft,500,hand_acc_neg,capture_0.2,development,0.9046545815169738,6
soft,500,hand_acc_neg,capture_0.2,holdout,0.7613446863359898,4
soft,500,hand_acc_neg,cell_auc,all,0.8675789122533971,10
soft,500,hand_acc_neg,cell_auc,development,0.8859581297698025,6
soft,500,hand_acc_neg,cell_auc,holdout,0.792185999768188,4
soft,500,hand_acc_neg,object_auc,all,0.8169628444198229,10
soft,500,hand_acc_neg,object_auc,development,0.8387426814973887,6
soft,500,hand_acc_neg,object_auc,holdout,0.8169628444198229,4
soft,500,hand_neg,capture_0.2,all,0.8772034417023209,10
soft,500,hand_neg,capture_0.2,development,0.8772034417023209,6
soft,500,hand_neg,capture_0.2,holdout,0.6275095084709964,4
soft,500,hand_neg,cell_auc,all,0.8653338188600959,10
soft,500,hand_neg,cell_auc,development,0.8731386836411004,6
soft,500,hand_neg,cell_auc,holdout,0.7842361971598567,4
soft,500,hand_neg,object_auc,all,0.8197492669777862,10
soft,500,hand_neg,object_auc,development,0.8505107888449123,6
soft,500,hand_neg,object_auc,holdout,0.8197492669777862,4
soft,500,impervious,capture_0.2,all,0.7848349414151463,10
soft,500,impervious,capture_0.2,development,0.5521975473856275,6
soft,500,impervious,capture_0.2,holdout,0.8832320450999177,4
soft,500,impervious,cell_auc,all,0.8696986668581544,10
soft,500,impervious,cell_auc,development,0.8146260490959941,6
soft,500,impervious,cell_auc,holdout,0.8748556144736435,4
soft,500,impervious,object_auc,all,0.8334437255056963,10
soft,500,impervious,object_auc,development,0.8055248235910709,6
soft,500,impervious,object_auc,holdout,0.8710344571966523,4
soft,500,logit_F1_wf,capture_0.2,all,0.7862724060850742,9
soft,500,logit_F1_wf,capture_0.2,development,0.7862724060850742,5
soft,500,logit_F1_wf,capture_0.2,holdout,0.6523888239235034,4
soft,500,logit_F1_wf,cell_auc,all,0.8470212466790173,9
soft,500,logit_F1_wf,cell_auc,development,0.8564938582316711,5
soft,500,logit_F1_wf,cell_auc,holdout,0.8379973401712137,4
soft,500,logit_F1_wf,object_auc,all,0.8573294156056155,9
soft,500,logit_F1_wf,object_auc,development,0.8642057837492472,5
soft,500,logit_F1_wf,object_auc,holdout,0.8542790307576946,4
soft,500,relelev_neg,capture_0.2,all,0.023324514443552744,10
soft,500,relelev_neg,capture_0.2,development,0.0031400804493650317,6
soft,500,relelev_neg,capture_0.2,holdout,0.054870642146268224,4
soft,500,relelev_neg,cell_auc,all,0.5945457152737876,10
soft,500,relelev_neg,cell_auc,development,0.5945457152737876,6
soft,500,relelev_neg,cell_auc,holdout,0.582799727545112,4
soft,500,relelev_neg,object_auc,all,0.6208056688577314,10
soft,500,relelev_neg,object_auc,development,0.6022427022700099,6
soft,500,relelev_neg,object_auc,holdout,0.6391655452254205,4
soft,500,rf_F1_wf,capture_0.2,all,0.8177707507537845,9
soft,500,rf_F1_wf,capture_0.2,development,0.8177707507537845,5
soft,500,rf_F1_wf,capture_0.2,holdout,0.8164748665487171,4
soft,500,rf_F1_wf,cell_auc,all,0.85201011904569,9
soft,500,rf_F1_wf,cell_auc,development,0.843285630712302,5
soft,500,rf_F1_wf,cell_auc,holdout,0.8524052556049903,4
soft,500,rf_F1_wf,object_auc,all,0.8725999479972646,9
soft,500,rf_F1_wf,object_auc,development,0.8725999479972646,5
soft,500,rf_F1_wf,object_auc,holdout,0.8731119861266149,4
soft,500,slope_neg,capture_0.2,all,0.7830967602583863,10
soft,500,slope_neg,capture_0.2,development,0.7830967602583863,6
soft,500,slope_neg,capture_0.2,holdout,0.7757151469922936,4
soft,500,slope_neg,cell_auc,all,0.8488216297884272,10
soft,500,slope_neg,cell_auc,development,0.8687075207566792,6
soft,500,slope_neg,cell_auc,holdout,0.8027728100855327,4
soft,500,slope_neg,object_auc,all,0.8049597088346878,10
soft,500,slope_neg,object_auc,development,0.8191444641206052,6
soft,500,slope_neg,object_auc,holdout,0.8049597088346878,4
soft,500,twi,capture_0.2,all,0.7501934431843114,10
soft,500,twi,capture_0.2,development,0.8038197253383226,6
soft,500,twi,capture_0.2,holdout,0.5390958966674587,4
soft,500,twi,cell_auc,all,0.8688106668363083,10
soft,500,twi,cell_auc,development,0.8890809790554526,6
soft,500,twi,cell_auc,holdout,0.7990355844194734,4
soft,500,twi,object_auc,all,0.8222454790757792,10
soft,500,twi,object_auc,development,0.8452654662488508,6
soft,500,twi,object_auc,holdout,0.8222454790757792,4
soft,500,z_sensitivity,capture_0.2,all,0.49580350321662264,10
soft,500,z_sensitivity,capture_0.2,development,0.7660122646460525,6
soft,500,z_sensitivity,capture_0.2,holdout,0.4294512329643294,4
soft,500,z_sensitivity,cell_auc,all,0.830934982430343,10
soft,500,z_sensitivity,cell_auc,development,0.8469778340516894,6
soft,500,z_sensitivity,cell_auc,holdout,0.830934982430343,4
soft,500,z_sensitivity,object_auc,all,0.8389883331342396,10
soft,500,z_sensitivity,object_auc,development,0.8130851215206933,6
soft,500,z_sensitivity,object_auc,holdout,0.8436450277434807,4
soft,1000,L1,capture_0.2,all,0.47613542870462905,10
soft,1000,L1,capture_0.2,development,0.47613542870462905,6
soft,1000,L1,capture_0.2,holdout,0.4523054353243378,4
soft,1000,L1,cell_auc,all,0.7618805634812542,10
soft,1000,L1,cell_auc,development,0.7663654471838518,6
soft,1000,L1,cell_auc,holdout,0.7379272093389686,4
soft,1000,L1,object_auc,all,0.74601210364904,10
soft,1000,L1,object_auc,development,0.7496994759172139,6
soft,1000,L1,object_auc,holdout,0.7346118027188042,4
soft,1000,hand_acc_neg,capture_0.2,all,0.8617871024294395,10
soft,1000,hand_acc_neg,capture_0.2,development,0.8700745101166629,6
soft,1000,hand_acc_neg,capture_0.2,holdout,0.7258271814934034,4
soft,1000,hand_acc_neg,cell_auc,all,0.8186673689917332,10
soft,1000,hand_acc_neg,cell_auc,development,0.8283488193953938,6
soft,1000,hand_acc_neg,cell_auc,holdout,0.8103256623853888,4
soft,1000,hand_acc_neg,object_auc,all,0.8154902724434083,10
soft,1000,hand_acc_neg,object_auc,development,0.8288872513328154,6
soft,1000,hand_acc_neg,object_auc,holdout,0.798673062814037,4
soft,1000,hand_neg,capture_0.2,all,0.7983271446989877,10
soft,1000,hand_neg,capture_0.2,development,0.8066145523862109,6
soft,1000,hand_neg,capture_0.2,holdout,0.7258271814934034,4
soft,1000,hand_neg,cell_auc,all,0.8162200433395528,10
soft,1000,hand_neg,cell_auc,development,0.8268578122086083,6
soft,1000,hand_neg,cell_auc,holdout,0.8062402253415051,4
soft,1000,hand_neg,object_auc,all,0.8054795194330409,10
soft,1000,hand_neg,object_auc,development,0.8062593312424349,6
soft,1000,hand_neg,object_auc,holdout,0.8054795194330409,4
soft,1000,impervious,capture_0.2,all,0.664437672741315,10
soft,1000,impervious,capture_0.2,development,0.4529973828195485,6
soft,1000,impervious,capture_0.2,holdout,0.842582660973455,4
soft,1000,impervious,cell_auc,all,0.8767445687605777,10
soft,1000,impervious,cell_auc,development,0.8455216598869723,6
soft,1000,impervious,cell_auc,holdout,0.8780299811003972,4
soft,1000,impervious,object_auc,all,0.8439728407101255,10
soft,1000,impervious,object_auc,development,0.8215865010661821,6
soft,1000,impervious,object_auc,holdout,0.8896648726653102,4
soft,1000,logit_F1_wf,capture_0.2,all,0.8180326694162803,9
soft,1000,logit_F1_wf,capture_0.2,development,0.8180326694162803,5
soft,1000,logit_F1_wf,capture_0.2,holdout,0.7093602263617842,4
soft,1000,logit_F1_wf,cell_auc,all,0.837488175900326,9
soft,1000,logit_F1_wf,cell_auc,development,0.837488175900326,5
soft,1000,logit_F1_wf,cell_auc,holdout,0.8305416131553538,4
soft,1000,logit_F1_wf,object_auc,all,0.8695852251737768,9
soft,1000,logit_F1_wf,object_auc,development,0.8854683260582861,5
soft,1000,logit_F1_wf,object_auc,holdout,0.8554151806802736,4
soft,1000,relelev_neg,capture_0.2,all,0.09549541534222261,10
soft,1000,relelev_neg,capture_0.2,development,0.15580750586076536,6
soft,1000,relelev_neg,capture_0.2,holdout,0.061970754220177324,4
soft,1000,relelev_neg,cell_auc,all,0.6521777053008353,10
soft,1000,relelev_neg,cell_auc,development,0.6521777053008353,6
soft,1000,relelev_neg,cell_auc,holdout,0.6250467083588631,4
soft,1000,relelev_neg,object_auc,all,0.6393743875372178,10
soft,1000,relelev_neg,object_auc,development,0.6260987483021905,6
soft,1000,relelev_neg,object_auc,holdout,0.6798540913183498,4
soft,1000,rf_F1_wf,capture_0.2,all,0.7892159343452375,9
soft,1000,rf_F1_wf,capture_0.2,development,0.7769671747641848,5
soft,1000,rf_F1_wf,capture_0.2,holdout,0.8220613124701479,4
soft,1000,rf_F1_wf,cell_auc,all,0.8462613897595784,9
soft,1000,rf_F1_wf,cell_auc,development,0.8462613897595784,5
soft,1000,rf_F1_wf,cell_auc,holdout,0.8446210104810158,4
soft,1000,rf_F1_wf,object_auc,all,0.8846796074465733,9
soft,1000,rf_F1_wf,object_auc,development,0.8990511262400366,5
soft,1000,rf_F1_wf,object_auc,holdout,0.8767107505455953,4
soft,1000,slope_neg,capture_0.2,all,0.7745164053226142,10
soft,1000,slope_neg,capture_0.2,development,0.7745164053226142,6
soft,1000,slope_neg,capture_0.2,holdout,0.7000780781216762,4
soft,1000,slope_neg,cell_auc,all,0.8144759120664751,10
soft,1000,slope_neg,cell_auc,development,0.8175326103975424,6
soft,1000,slope_neg,cell_auc,holdout,0.8073311503857434,4
soft,1000,slope_neg,object_auc,all,0.8454535035579034,10
soft,1000,slope_neg,object_auc,development,0.8477131133940226,6
soft,1000,slope_neg,object_auc,holdout,0.8058212935602643,4
soft,1000,twi,capture_0.2,all,0.8204856402040941,10
soft,1000,twi,capture_0.2,development,0.8204856402040941,6
soft,1000,twi,capture_0.2,holdout,0.5933701946081443,4
soft,1000,twi,cell_auc,all,0.8476604222778223,10
soft,1000,twi,cell_auc,development,0.8508990392968778,6
soft,1000,twi,cell_auc,holdout,0.810382910870224,4
soft,1000,twi,object_auc,all,0.8682463814797345,10
soft,1000,twi,object_auc,development,0.8778607344916067,6
soft,1000,twi,object_auc,holdout,0.8374329604116375,4
soft,1000,z_sensitivity,capture_0.2,all,0.5644541684971898,10
soft,1000,z_sensitivity,capture_0.2,development,0.5644541684971898,6
soft,1000,z_sensitivity,capture_0.2,holdout,0.5851680425220622,4
soft,1000,z_sensitivity,cell_auc,all,0.8324110207674762,10
soft,1000,z_sensitivity,cell_auc,development,0.8513128631488132,6
soft,1000,z_sensitivity,cell_auc,holdout,0.8324110207674762,4
soft,1000,z_sensitivity,object_auc,all,0.8565361917642749,10
soft,1000,z_sensitivity,object_auc,development,0.837738518103887,6
soft,1000,z_sensitivity,object_auc,holdout,0.8817733533268257,4
