지역코드,지역명,년월일,1시하천수위,2시하천수위,3시하천수위,4시하천수위,5시하천수위,6시하천수위,7시하천수위,8시하천수위,9시하천수위,10시하천수위,11시하천수위,12시하천수위,13시하천수위,14시하천수위,15시하천수위,16시하천수위,17시하천수위,18시하천수위,19시하천수위,20시하천수위,21시하천수위,22시하천수위,23시하천수위,24시하천수위
8,차룡8교(수위계),2007-05-11,0,0,0,0,0,0,0,0,0,0,0,0,0,0,0,0,0,0,0,25,25,25,25,25
8,차룡8교(수위계),2007-05-12,0,25,25,25,25,25,25,25,25,25,25,25,25,25,25,25,25,25,25,25,24,24,25,25
8,차룡8교(수위계),2007-05-13,0,25,25,25,25,25,25,25,24,25,24,25,24,25,25,25,25,25,25,25,25,25,25,25
8,차룡8교(수위계),2007-05-14,0,25,25,25,25,25,25,25,25,24,25,25,25,25,25,25,25,25,25,25,25,25,25,25
8,차룡8교(수위계),2007-05-15,0,25,25,25,25,25,25,24,24,25,24,24,25,25,25,25,25,25,25,25,25,25,25,25
8,차룡8교(수위계),2007-05-16,0,25,25,25,25,25,25,25,25,25,25,24,24,24,25,25,24,24,24,24,24,24,24,24
8,차룡8교(수위계),2007-05-17,0,24,24,24,24,25,25,25,25,24,24,24,24,24,25,25,25,25,25,25,25,25,25,25
8,차룡8교(수위계),2007-05-18,0,25,25,25,25,25,25,25,25,25,25,25,25,25,25,25,25,25,25,25,25,25,25,25
8,차룡8교(수위계),2007-05-19,0,25,25,25,25,25,25,25,25,25,25,25,25,25,25,25,25,25,25,25,25,25,25,25
8,차룡8교(수위계),2007-05-20,0,25,25,25,24,24,24,24,24,24,25,24,24,25,25,24,25,25,25,25,25,25,25,25
8,차룡8교(수위계),2007-05-21,0,24,24,24,24,24,24,24,24,24,25,24,24,24,25,24,24,24,24,25,25,25,25,25
8,차룡8교(수위계),2007-05-22,0,24,24,24,24,24,24,24,24,24,24,24,24,24,24,24,25,25,25,25,25,25,25,25
8,차룡8교(수위계),2007-05-23,0,25,25,25,25,25,25,25,25,25,25,25,25,25,25,25,25,25,25,25,25,25,25,25
8,차룡8교(수위계),2007-05-24,0,24,24,24,24,24,24,24,24,24,24,24,25,24,24,24,24,24,24,24,24,24,24,24
8,차룡8교(수위계),2007-05-25,0,24,24,24,24,24,24,24,24,24,24,24,24,23,24,24,24,25,25,25,25,25,25,25
8,차룡8교(수위계),2007-05-26,25,25,25,25,25,25,25,25,25,25,25,25,25,25,25,25,25,25,25,24,24,25,25,25
8,차룡8교(수위계),2007-05-27,25,25,25,25,25,25,25,25,25,25,25,25,25,24,25,25,25,24,25,25,25,25,25,25
8,차룡8교(수위계),2007-05-28,25,25,25,25,25,25,25,25,25,25,25,25,24,25,25,25,25,25,25,25,25,25,25,25
8,차룡8교(수위계),2007-05-29,25,25,25,25,25,25,25,24,24,24,24,24,24,24,24,24,24,24,24,24,24,24,24,24
8,차룡8교(수위계),2007-05-30,24,24,24,24,24,24,24,24,24,24,24,24,24,24,24,24,24,24,24,24,25,25,25,25
8,차룡8교(수위계),2007-05-31,25,24,24,24,24,24,24,24,24,24,24,24,24,24,24,24,24,24,24,24,24,24,24,24
8,차룡8교(수위계),2007-06-01,24,24,24,24,24,24,24,24,24,24,24,24,24,24,24,24,24,24,24,24,24,24,24,24
8,차룡8교(수위계),2007-06-02,24,24,24,24,24,24,24,24,24,24,24,24,24,24,24,24,24,24,24,24,24,24,24,24
8,차룡8교(수위계),2007-06-03,24,24,24,24,24,24,24,24,24,24,24,24,24,24,24,24,24,24,24,24,24,24,25,24
8,차룡8교(수위계),2007-06-04,24,24,24,24,24,24,24,24,24,24,24,24,24,24,24,24,24,24,24,24,24,24,24,24
8,차룡8교(수위계),2007-06-05,24,24,24,24,24,23,24,23,24,24,24,24,24,24,24,24,24,24,24,24,24,24,24,24
8,차룡8교(수위계),2007-06-06,24,24,24,24,24,24,23,23,23,24,24,24,24,24,24,24,24,24,24,24,24,24,24,24
8,차룡8교(수위계),2007-06-07,24,24,24,24,24,24,24,24,24,24,24,24,24,24,24,24,24,24,24,24,24,24,24,24
8,차룡8교(수위계),2007-06-08,24,24,24,24,24,25,24,25,24,24,24,24,24,24,24,24,24,24,24,24,24,24,25,24
8,차룡8교(수위계),2007-06-09,24,24,24,24,24,24,24,24,24,24,24,24,24,24,24,24,24,24,24,24,24,24,24,24
8,차룡8교(수위계),2007-06-10,24,24,24,23,23,23,23,24,24,24,24,24,24,24,24,24,24,24,24,24,24,24,24,24
8,차룡8교(수위계),2007-06-11,24,24,24,24,23,23,23,23,23,23,24,24,24,24,24,24,24,24,24,24,24,24,24,24
1,중앙동,2007-06-12,0,0,0,0,0,0,0,0,0,0,0,0,0,0,0,0,0,0,0,0,0,0,0,0
2,국방연구소,2007-06-12,0,0,0,0,0,0,0,0,0,0,0,0,0,0,0,0,0,0,0,0,0,0,0,0
3,북면,2007-06-12,0,0,0,0,0,0,0,0,0,0,0,0,0,0,0,0,0,0,0,0,0,0,0,0
4,명곡동,2007-06-12,0,0,0,0,0,0,0,0,0,0,0,0,0,0,0,0,0,0,0,0,0,0,0,0
6,성산구청,2007-06-12,0,0,0,0,0,0,0,0,0,0,0,0,0,0,0,0,0,0,0,0,0,0,0,0
7,웅남동,2007-06-12,0,0,0,0,0,0,0,0,0,0,0,0,0,0,0,0,0,0,0,0,0,0,0,0
8,차룡8교(수위계),2007-06-12,24,24,24,24,24,24,24,23,23,24,24,24,24,24,24,24,24,24,24,24,24,24,24,24
8,차룡8교(수위계),2007-06-13,24,24,24,24,24,23,23,24,23,23,24,24,24,24,24,24,24,24,24,24,24,24,24,24
1,중앙동,2007-06-14,0,0,0,0,0,0,0,0,0,0,0,0,0,0,0,0,0,0,0,0,0,0,0,0
2,국방연구소,2007-06-14,0,0,0,0,0,0,0,0,0,0,0,0,0,0,0,0,0,0,0,0,0,0,0,0
3,북면,2007-06-14,0,0,0,0,0,0,0,0,0,0,0,0,0,0,0,0,0,0,0,0,0,0,0,0
4,명곡동,2007-06-14,0,0,0,0,0,0,0,0,0,0,0,0,0,0,0,0,0,0,0,0,0,0,0,0
6,성산구청,2007-06-14,0,0,0,0,0,0,0,0,0,0,0,0,0,0,0,0,0,0,0,0,0,0,0,0
7,웅남동,2007-06-14,0,0,0,0,0,0,0,0,0,0,0,0,0,0,0,0,0,0,0,0,0,0,0,0
8,차룡8교(수위계),2007-06-14,24,24,23,23,23,23,23,23,23,23,23,23,23,23,23,24,24,24,24,23,23,24,24,24
8,차룡8교(수위계),2007-06-15,24,24,24,24,24,24,24,24,24,24,24,24,24,24,24,24,24,23,23,24,24,24,24,24
1,중앙동,2007-06-16,0,0,0,0,0,0,0,0,0,0,0,0,0,0,0,0,0,0,0,0,0,0,0,0
2,국방연구소,2007-06-16,0,0,0,0,0,0,0,0,0,0,0,0,0,0,0,0,0,0,0,0,0,0,0,0
3,북면,2007-06-16,0,0,0,0,0,0,0,0,0,0,0,0,0,0,0,0,0,0,0,0,0,0,0,0
4,명곡동,2007-06-16,0,0,0,0,0,0,0,0,0,0,0,0,0,0,0,0,0,0,0,0,0,0,0,0
6,성산구청,2007-06-16,0,0,0,0,0,0,0,0,0,0,0,0,0,0,0,0,0,0,0,0,0,0,0,0
7,웅남동,2007-06-16,0,0,0,0,0,0,0,0,0,0,0,0,0,0,0,0,0,0,0,0,0,0,0,0
8,차룡8교(수위계),2007-06-16,24,24,24,24,24,23,23,23,24,24,24,24,24,24,24,24,24,24,24,25,25,24,25,24
1,중앙동,2007-06-17,0,0,0,0,0,0,0,0,0,0,0,0,0,0,0,0,0,0,0,0,0,0,0,0
2,국방연구소,2007-06-17,0,0,0,0,0,0,0,0,0,0,0,0,0,0,0,0,0,0,0,0,0,0,0,0
3,북면,2007-06-17,0,0,0,0,0,0,0,0,0,0,0,0,0,0,0,0,0,0,0,0,0,0,0,0
4,명곡동,2007-06-17,0,0,0,0,0,0,0,0,0,0,0,0,0,0,0,0,0,0,0,0,0,0,0,0
6,성산구청,2007-06-17,0,0,0,0,0,0,0,0,0,0,0,0,0,0,0,0,0,0,0,0,0,0,0,0
7,웅남동,2007-06-17,0,0,0,0,0,0,0,0,0,0,0,0,0,0,0,0,0,0,0,0,0,0,0,0
8,차룡8교(수위계),2007-06-17,24,25,25,25,25,25,25,25,25,25,24,24,24,24,24,24,24,24,24,24,24,24,24,24
8,차룡8교(수위계),2007-06-18,24,24,24,24,24,24,24,24,24,24,24,24,24,24,24,24,24,24,24,24,24,24,24,24
8,차룡8교(수위계),2007-06-19,24,24,24,24,24,24,24,24,24,24,24,24,24,24,24,24,24,24,24,24,24,24,0,0
8,차룡8교(수위계),2007-06-20,0,0,0,0,0,0,0,0,23,23,24,23,23,23,23,23,24,24,24,24,24,24,24,24
8,차룡8교(수위계),2007-06-21,24,24,24,24,24,24,23,23,23,23,23,23,23,23,24,24,24,24,24,23,23,23,23,23
1,중앙동,2007-06-22,0,0,0,0,0,0,0,0,0,0,0,0,0,0,0,0,0,0,0,0,0,0,0,0
2,국방연구소,2007-06-22,0,0,0,0,0,0,0,0,0,0,0,0,0,0,0,0,0,0,0,0,0,0,0,0
3,북면,2007-06-22,0,0,0,0,0,0,0,0,0,0,0,0,0,0,0,0,0,0,0,0,0,0,0,0
4,명곡동,2007-06-22,0,0,0,0,0,0,0,0,0,0,0,0,0,0,0,0,0,0,0,0,0,0,0,0
6,성산구청,2007-06-22,0,0,0,0,0,0,0,0,0,0,0,0,0,0,0,0,0,0,0,0,0,0,0,0
7,웅남동,2007-06-22,0,0,0,0,0,0,0,0,0,0,0,0,0,0,0,0,0,0,0,0,0,0,0,0
8,차룡8교(수위계),2007-06-22,23,23,23,23,23,23,23,23,23,23,23,24,24,24,24,24,24,24,24,24,24,24,24,24
1,중앙동,2007-06-23,0,0,0,0,0,0,0,0,0,0,0,0,0,0,0,0,0,0,0,0,0,0,0,0
2,국방연구소,2007-06-23,0,0,0,0,0,0,0,0,0,0,0,0,0,0,0,0,0,0,0,0,0,0,0,0
3,북면,2007-06-23,0,0,0,0,0,0,0,0,0,0,0,0,0,0,0,0,0,0,0,0,0,0,0,0
4,명곡동,2007-06-23,0,0,0,0,0,0,0,0,0,0,0,0,0,0,0,0,0,0,0,0,0,0,0,0
6,성산구청,2007-06-23,0,0,0,0,0,0,0,0,0,0,0,0,0,0,0,0,0,0,0,0,0,0,0,0
7,웅남동,2007-06-23,0,0,0,0,0,0,0,0,0,0,0,0,0,0,0,0,0,0,0,0,0,0,0,0
8,차룡8교(수위계),2007-06-23,24,24,24,24,24,24,24,24,24,24,24,23,23,23,23,23,23,23,23,23,23,23,24,24
1,중앙동,2007-06-24,0,0,0,0,0,0,0,0,0,0,0,0,0,0,0,0,0,0,0,0,0,0,0,0
2,국방연구소,2007-06-24,0,0,0,0,0,0,0,0,0,0,0,0,0,0,0,0,0,0,0,0,0,0,0,0
3,북면,2007-06-24,0,0,0,0,0,0,0,0,0,0,0,0,0,0,0,0,0,0,0,0,0,0,0,0
4,명곡동,2007-06-24,0,0,0,0,0,0,0,0,0,0,0,0,0,0,0,0,0,0,0,0,0,0,0,0
6,성산구청,2007-06-24,0,0,0,0,0,0,0,0,0,0,0,0,0,0,0,0,0,0,0,0,0,0,0,0
7,웅남동,2007-06-24,0,0,0,0,0,0,0,0,0,0,0,0,0,0,0,0,0,0,0,0,0,0,0,0
8,차룡8교(수위계),2007-06-24,24,24,24,24,24,24,24,24,24,24,24,24,23,24,24,24,24,23,23,23,24,24,24,24
1,중앙동,2007-06-25,0,0,0,0,0,0,0,0,0,0,0,0,0,0,0,0,0,0,0,0,0,0,0,0
2,국방연구소,2007-06-25,0,0,0,0,0,0,0,0,0,0,0,0,0,0,0,0,0,0,0,0,0,0,0,0
3,북면,2007-06-25,0,0,0,0,0,0,0,0,0,0,0,0,0,0,0,0,0,0,0,0,0,0,0,0
4,명곡동,2007-06-25,0,0,0,0,0,0,0,0,0,0,0,0,0,0,0,0,0,0,0,0,0,0,0,0
6,성산구청,2007-06-25,0,0,0,0,0,0,0,0,0,0,0,0,0,0,0,0,0,0,0,0,0,0,0,0
7,웅남동,2007-06-25,0,0,0,0,0,0,0,0,0,0,0,0,0,0,0,0,0,0,0,0,0,0,0,0
8,차룡8교(수위계),2007-06-25,24,24,24,24,24,24,24,24,24,24,24,24,24,24,24,23,23,24,23,24,24,24,24,24
1,중앙동,2007-06-26,0,0,0,0,0,0,0,0,0,0,0,0,0,0,0,0,0,0,0,0,0,0,0,0
2,국방연구소,2007-06-26,0,0,0,0,0,0,0,0,0,0,0,0,0,0,0,0,0,0,0,0,0,0,0,0
3,북면,2007-06-26,0,0,0,0,0,0,0,0,0,0,0,0,0,0,0,0,0,0,0,0,0,0,0,0
4,명곡동,2007-06-26,0,0,0,0,0,0,0,0,0,0,0,0,0,0,0,0,0,0,0,0,0,0,0,0
6,성산구청,2007-06-26,0,0,0,0,0,0,0,0,0,0,0,0,0,0,0,0,0,0,0,0,0,0,0,0
7,웅남동,2007-06-26,0,0,0,0,0,0,0,0,0,0,0,0,0,0,0,0,0,0,0,0,0,0,0,0
8,차룡8교(수위계),2007-06-26,24,24,24,24,24,24,24,24,24,24,24,24,23,23,23,23,23,23,23,23,23,23,23,24
1,중앙동,2007-06-27,0,0,0,0,0,0,0,0,0,0,0,0,0,0,0,0,0,0,0,0,0,0,0,0
2,국방연구소,2007-06-27,0,0,0,0,0,0,0,0,0,0,0,0,0,0,0,0,0,0,0,0,0,0,0,0
3,북면,2007-06-27,0,0,0,0,0,0,0,0,0,0,0,0,0,0,0,0,0,0,0,0,0,0,0,0
4,명곡동,2007-06-27,0,0,0,0,0,0,0,0,0,0,0,0,0,0,0,0,0,0,0,0,0,0,0,0
6,성산구청,2007-06-27,0,0,0,0,0,0,0,0,0,0,0,0,0,0,0,0,0,0,0,0,0,0,0,0
7,웅남동,2007-06-27,0,0,0,0,0,0,0,0,0,0,0,0,0,0,0,0,0,0,0,0,0,0,0,0
8,차룡8교(수위계),2007-06-27,24,24,24,24,24,24,23,23,24,24,23,23,22,22,22,23,23,23,23,23,24,24,24,24
1,중앙동,2007-06-28,0,0,0,0,0,0,0,0,0,0,0,0,0,0,0,0,0,0,0,0,0,0,0,0
2,국방연구소,2007-06-28,0,0,0,0,0,0,0,0,0,0,0,0,0,0,0,0,0,0,0,0,0,0,0,0
3,북면,2007-06-28,0,0,0,0,0,0,0,0,0,0,0,0,0,0,0,0,0,0,0,0,0,0,0,0
4,명곡동,2007-06-28,0,0,0,0,0,0,0,0,0,0,0,0,0,0,0,0,0,0,0,0,0,0,0,0
6,성산구청,2007-06-28,0,0,0,0,0,0,0,0,0,0,0,0,0,0,0,0,0,0,0,0,0,0,0,0
7,웅남동,2007-06-28,0,0,0,0,0,0,0,0,0,0,0,0,0,0,0,0,0,0,0,0,0,0,0,0
8,차룡8교(수위계),2007-06-28,24,24,24,24,24,24,24,24,24,24,24,24,24,24,24,24,24,24,24,24,24,24,24,24
1,중앙동,2007-06-29,0,0,0,0,0,0,0,0,0,0,0,0,0,0,0,0,0,0,0,0,0,0,0,0
2,국방연구소,2007-06-29,0,0,0,0,0,0,0,0,0,0,0,0,0,0,0,0,0,0,0,0,0,0,0,0
3,북면,2007-06-29,0,0,0,0,0,0,0,0,0,0,0,0,0,0,0,0,0,0,0,0,0,0,0,0
4,명곡동,2007-06-29,0,0,0,0,0,0,0,0,0,0,0,0,0,0,0,0,0,0,0,0,0,0,0,0
6,성산구청,2007-06-29,0,0,0,0,0,0,0,0,0,0,0,0,0,0,0,0,0,0,0,0,0,0,0,0
7,웅남동,2007-06-29,0,0,0,0,0,0,0,0,0,0,0,0,0,0,0,0,0,0,0,0,0,0,0,0
8,차룡8교(수위계),2007-06-29,24,24,24,24,24,24,24,24,24,24,24,24,23,23,23,23,23,23,23,23,23,23,23,24
1,중앙동,2007-06-30,0,0,0,0,0,0,0,0,0,0,0,0,0,0,0,0,0,0,0,0,0,0,0,0
2,국방연구소,2007-06-30,0,0,0,0,0,0,0,0,0,0,0,0,0,0,0,0,0,0,0,0,0,0,0,0
3,북면,2007-06-30,0,0,0,0,0,0,0,0,0,0,0,0,0,0,0,0,0,0,0,0,0,0,0,0
4,명곡동,2007-06-30,0,0,0,0,0,0,0,0,0,0,0,0,0,0,0,0,0,0,0,0,0,0,0,0
6,성산구청,2007-06-30,0,0,0,0,0,0,0,0,0,0,0,0,0,0,0,0,0,0,0,0,0,0,0,0
7,웅남동,2007-06-30,0,0,0,0,0,0,0,0,0,0,0,0,0,0,0,0,0,0,0,0,0,0,0,0
8,차룡8교(수위계),2007-06-30,24,24,24,24,24,24,24,24,24,24,24,24,24,24,24,23,23,24,24,24,24,24,24,24
1,중앙동,2007-07-01,0,0,0,0,0,0,0,0,0,0,0,0,0,0,0,0,0,0,0,0,0,0,0,0
2,국방연구소,2007-07-01,0,0,0,0,0,0,0,0,0,0,0,0,0,0,0,0,0,0,0,0,0,0,0,0
3,북면,2007-07-01,0,0,0,0,0,0,0,0,0,0,0,0,0,0,0,0,0,0,0,0,0,0,0,0
4,명곡동,2007-07-01,0,0,0,0,0,0,0,0,0,0,0,0,0,0,0,0,0,0,0,0,0,0,0,0
6,성산구청,2007-07-01,0,0,0,0,0,0,0,0,0,0,0,0,0,0,0,0,0,0,0,0,0,0,0,0
7,웅남동,2007-07-01,0,0,0,0,0,0,0,0,0,0,0,0,0,0,0,0,0,0,0,0,0,0,0,0
8,차룡8교(수위계),2007-07-01,24,24,24,24,24,24,27,19,19,44,21,22,21,22,21,57,20,19,19,19,19,19,19,19
1,중앙동,2007-07-02,0,0,0,0,0,0,0,0,0,0,0,0,0,0,0,0,0,0,0,0,0,0,0,0
2,국방연구소,2007-07-02,0,0,0,0,0,0,0,0,0,0,0,0,0,0,0,0,0,0,0,0,0,0,0,0
3,북면,2007-07-02,0,0,0,0,0,0,0,0,0,0,0,0,0,0,0,0,0,0,0,0,0,0,0,0
4,명곡동,2007-07-02,0,0,0,0,0,0,0,0,0,0,0,0,0,0,0,0,0,0,0,0,0,0,0,0
6,성산구청,2007-07-02,0,0,0,0,0,0,0,0,0,0,0,0,0,0,0,0,0,0,0,0,0,0,0,0
7,웅남동,2007-07-02,0,0,0,0,0,0,0,0,0,0,0,0,0,0,0,0,0,0,0,0,0,0,0,0
8,차룡8교(수위계),2007-07-02,19,19,19,19,19,19,19,19,19,19,19,19,19,19,19,19,19,19,19,19,20,19,19,19
1,중앙동,2007-07-03,0,0,0,0,0,0,0,0,0,0,0,0,0,0,0,0,0,0,0,0,0,0,0,0
2,국방연구소,2007-07-03,0,0,0,0,0,0,0,0,0,0,0,0,0,0,0,0,0,0,0,0,0,0,0,0
3,북면,2007-07-03,0,0,0,0,0,0,0,0,0,0,0,0,0,0,0,0,0,0,0,0,0,0,0,0
4,명곡동,2007-07-03,0,0,0,0,0,0,0,0,0,0,0,0,0,0,0,0,0,0,0,0,0,0,0,0
6,성산구청,2007-07-03,0,0,0,0,0,0,0,0,0,0,0,0,0,0,0,0,0,0,0,0,0,0,0,0
7,웅남동,2007-07-03,0,0,0,0,0,0,0,0,0,0,0,0,0,0,0,0,0,0,0,0,0,0,0,0
8,차룡8교(수위계),2007-07-03,19,19,19,19,19,19,19,19,19,19,19,19,18,18,18,18,18,18,19,19,19,19,19,19
1,중앙동,2007-07-04,0,0,0,0,0,0,0,0,0,0,0,0,0,0,0,0,0,0,0,0,0,0,0,0
2,국방연구소,2007-07-04,0,0,0,0,0,0,0,0,0,0,0,0,0,0,0,0,0,0,0,0,0,0,0,0
3,북면,2007-07-04,0,0,0,0,0,0,0,0,0,0,0,0,0,0,0,0,0,0,0,0,0,0,0,0
4,명곡동,2007-07-04,0,0,0,0,0,0,0,0,0,0,0,0,0,0,0,0,0,0,0,0,0,0,0,0
6,성산구청,2007-07-04,0,0,0,0,0,0,0,0,0,0,0,0,0,0,0,0,0,0,0,0,0,0,0,0
7,웅남동,2007-07-04,0,0,0,0,0,0,0,0,0,0,0,0,0,0,0,0,0,0,0,0,0,0,0,0
8,차룡8교(수위계),2007-07-04,19,19,19,19,19,19,56,35,26,26,26,26,26,26,26,26,26,26,26,26,26,26,26,26
1,중앙동,2007-07-05,0,0,0,0,0,0,0,0,0,0,0,0,0,0,0,0,0,0,0,0,0,0,0,0
2,국방연구소,2007-07-05,0,0,0,0,0,0,0,0,0,0,0,0,0,0,0,0,0,0,0,0,0,0,0,0
3,북면,2007-07-05,0,0,0,0,0,0,0,0,0,0,0,0,0,0,0,0,0,0,0,0,0,0,0,0
4,명곡동,2007-07-05,0,0,0,0,0,0,0,0,0,0,0,0,0,0,0,0,0,0,0,0,0,0,0,0
6,성산구청,2007-07-05,0,0,0,0,0,0,0,0,0,0,0,0,0,0,0,0,0,0,0,0,0,0,0,0
7,웅남동,2007-07-05,0,0,0,0,0,0,0,0,0,0,0,0,0,0,0,0,0,0,0,0,0,0,0,0
8,차룡8교(수위계),2007-07-05,26,26,18,18,18,18,18,18,18,18,21,21,21,22,22,23,23,23,23,24,24,24,24,24
8,차룡8교(수위계),2007-07-06,24,24,24,24,24,23,24,24,24,24,24,24,24,24,24,24,24,24,24,24,24,24,24,24
1,중앙동,2007-07-07,0,0,0,0,0,0,0,0,0,0,0,0,0,0,0,0,0,0,0,0,0,0,0,0
2,국방연구소,2007-07-07,0,0,0,0,0,0,0,0,0,0,0,0,0,0,0,0,0,0,0,0,0,0,0,0
3,북면,2007-07-07,0,0,0,0,0,0,0,0,0,0,0,0,0,0,0,0,0,0,0,0,0,0,0,0
4,명곡동,2007-07-07,0,0,0,0,0,0,0,0,0,0,0,0,0,0,0,0,0,0,0,0,0,0,0,0
6,성산구청,2007-07-07,0,0,0,0,0,0,0,0,0,0,0,0,0,0,0,0,0,0,0,0,0,0,0,0
7,웅남동,2007-07-07,0,0,0,0,0,0,0,0,0,0,0,0,0,0,0,0,0,0,0,0,0,0,0,0
8,차룡8교(수위계),2007-07-07,24,23,23,23,23,24,23,23,23,24,23,23,23,24,24,24,24,24,24,24,24,24,24,24
1,중앙동,2007-07-08,0,0,0,0,0,0,0,0,0,0,0,0,0,0,0,0,0,0,0,0,0,0,0,0
2,국방연구소,2007-07-08,0,0,0,0,0,0,0,0,0,0,0,0,0,0,0,0,0,0,0,0,0,0,0,0
3,북면,2007-07-08,0,0,0,0,0,0,0,0,0,0,0,0,0,0,0,0,0,0,0,0,0,0,0,0
4,명곡동,2007-07-08,0,0,0,0,0,0,0,0,0,0,0,0,0,0,0,0,0,0,0,0,0,0,0,0
6,성산구청,2007-07-08,0,0,0,0,0,0,0,0,0,0,0,0,0,0,0,0,0,0,0,0,0,0,0,0
7,웅남동,2007-07-08,0,0,0,0,0,0,0,0,0,0,0,0,0,0,0,0,0,0,0,0,0,0,0,0
8,차룡8교(수위계),2007-07-08,24,24,24,24,24,24,24,23,23,23,24,24,24,24,24,24,24,24,24,24,24,24,24,24
1,중앙동,2007-07-09,0,0,0,0,0,0,0,0,0,0,0,0,0,0,0,0,0,0,0,0,0,0,0,0
2,국방연구소,2007-07-09,0,0,0,0,0,0,0,0,0,0,0,0,0,0,0,0,0,0,0,0,0,0,0,0
3,북면,2007-07-09,0,0,0,0,0,0,0,0,0,0,0,0,0,0,0,0,0,0,0,0,0,0,0,0
4,명곡동,2007-07-09,0,0,0,0,0,0,0,0,0,0,0,0,0,0,0,0,0,0,0,0,0,0,0,0
6,성산구청,2007-07-09,0,0,0,0,0,0,0,0,0,0,0,0,0,0,0,0,0,0,0,0,0,0,0,0
7,웅남동,2007-07-09,0,0,0,0,0,0,0,0,0,0,0,0,0,0,0,0,0,0,0,0,0,0,0,0
8,차룡8교(수위계),2007-07-09,24,24,23,23,23,23,23,23,23,23,23,24,24,24,24,24,24,23,23,23,23,23,23,23
1,중앙동,2007-07-10,0,0,0,0,0,0,0,0,0,0,0,0,0,0,0,0,0,0,0,0,0,0,0,0
2,국방연구소,2007-07-10,0,0,0,0,0,0,0,0,0,0,0,0,0,0,0,0,0,0,0,0,0,0,0,0
3,북면,2007-07-10,0,0,0,0,0,0,0,0,0,0,0,0,0,0,0,0,0,0,0,0,0,0,0,0
4,명곡동,2007-07-10,0,0,0,0,0,0,0,0,0,0,0,0,0,0,0,0,0,0,0,0,0,0,0,0
6,성산구청,2007-07-10,0,0,0,0,0,0,0,0,0,0,0,0,0,0,0,0,0,0,0,0,0,0,0,0
7,웅남동,2007-07-10,0,0,0,0,0,0,0,0,0,0,0,0,0,0,0,0,0,0,0,0,0,0,0,0
8,차룡8교(수위계),2007-07-10,23,23,23,75,55,55,55,55,55,55,19,20,21,21,21,21,22,22,22,22,22,22,22,22
1,중앙동,2007-07-11,0,0,0,0,0,0,0,0,0,0,0,0,0,0,0,0,0,0,0,0,0,0,0,0
2,국방연구소,2007-07-11,0,0,0,0,0,0,0,0,0,0,0,0,0,0,0,0,0,0,0,0,0,0,0,0
3,북면,2007-07-11,0,0,0,0,0,0,0,0,0,0,0,0,0,0,0,0,0,0,0,0,0,0,0,0
4,명곡동,2007-07-11,0,0,0,0,0,0,0,0,0,0,0,0,0,0,0,0,0,0,0,0,0,0,0,0
6,성산구청,2007-07-11,0,0,0,0,0,0,0,0,0,0,0,0,0,0,0,0,0,0,0,0,0,0,0,0
7,웅남동,2007-07-11,0,0,0,0,0,0,0,0,0,0,0,0,0,0,0,0,0,0,0,0,0,0,0,0
8,차룡8교(수위계),2007-07-11,22,22,22,22,22,22,22,23,23,23,23,23,23,23,23,23,24,23,23,24,24,24,24,24
1,중앙동,2007-07-12,0,0,0,0,0,0,0,0,0,0,0,0,0,0,0,0,0,0,0,0,0,0,0,0
2,국방연구소,2007-07-12,0,0,0,0,0,0,0,0,0,0,0,0,0,0,0,0,0,0,0,0,0,0,0,0
3,북면,2007-07-12,0,0,0,0,0,0,0,0,0,0,0,0,0,0,0,0,0,0,0,0,0,0,0,0
4,명곡동,2007-07-12,0,0,0,0,0,0,0,0,0,0,0,0,0,0,0,0,0,0,0,0,0,0,0,0
6,성산구청,2007-07-12,0,0,0,0,0,0,0,0,0,0,0,0,0,0,0,0,0,0,0,0,0,0,0,0
7,웅남동,2007-07-12,0,0,0,0,0,0,0,0,0,0,0,0,0,0,0,0,0,0,0,0,0,0,0,0
8,차룡8교(수위계),2007-07-12,24,24,24,24,24,24,24,23,23,24,24,23,24,23,23,23,23,23,24,23,23,24,23,23
1,중앙동,2007-07-13,0,0,0,0,0,0,0,0,0,0,0,0,0,0,0,0,0,0,0,0,0,0,0,0
2,국방연구소,2007-07-13,0,0,0,0,0,0,0,0,0,0,0,0,0,0,0,0,0,0,0,0,0,0,0,0
3,북면,2007-07-13,0,0,0,0,0,0,0,0,0,0,0,0,0,0,0,0,0,0,0,0,0,0,0,0
4,명곡동,2007-07-13,0,0,0,0,0,0,0,0,0,0,0,0,0,0,0,0,0,0,0,0,0,0,0,0
6,성산구청,2007-07-13,0,0,0,0,0,0,0,0,0,0,0,0,0,0,0,0,0,0,0,0,0,0,0,0
7,웅남동,2007-07-13,0,0,0,0,0,0,0,0,0,0,0,0,0,0,0,0,0,0,0,0,0,0,0,0
8,차룡8교(수위계),2007-07-13,23,23,23,23,23,23,23,23,23,23,23,24,24,24,23,24,24,23,23,23,23,23,23,23
1,중앙동,2007-07-14,0,0,0,0,0,0,0,0,0,0,0,0,0,0,0,0,0,0,0,0,0,0,0,0
2,국방연구소,2007-07-14,0,0,0,0,0,0,0,0,0,0,0,0,0,0,0,0,0,0,0,0,0,0,0,0
3,북면,2007-07-14,0,0,0,0,0,0,0,0,0,0,0,0,0,0,0,0,0,0,0,0,0,0,0,0
4,명곡동,2007-07-14,0,0,0,0,0,0,0,0,0,0,0,0,0,0,0,0,0,0,0,0,0,0,0,0
6,성산구청,2007-07-14,0,0,0,0,0,0,0,0,0,0,0,0,0,0,0,0,0,0,0,0,0,0,0,0
7,웅남동,2007-07-14,0,0,0,0,0,0,0,0,0,0,0,0,0,0,0,0,0,0,0,0,0,0,0,0
8,차룡8교(수위계),2007-07-14,23,23,23,23,23,23,23,23,23,23,23,23,24,24,24,24,24,24,24,24,24,24,24,24
1,중앙동,2007-07-15,0,0,0,0,0,0,0,0,0,0,0,0,0,0,0,0,0,0,0,0,0,0,0,0
2,국방연구소,2007-07-15,0,0,0,0,0,0,0,0,0,0,0,0,0,0,0,0,0,0,0,0,0,0,0,0
3,북면,2007-07-15,0,0,0,0,0,0,0,0,0,0,0,0,0,0,0,0,0,0,0,0,0,0,0,0
4,명곡동,2007-07-15,0,0,0,0,0,0,0,0,0,0,0,0,0,0,0,0,0,0,0,0,0,0,0,0
6,성산구청,2007-07-15,0,0,0,0,0,0,0,0,0,0,0,0,0,0,0,0,0,0,0,0,0,0,0,0
7,웅남동,2007-07-15,0,0,0,0,0,0,0,0,0,0,0,0,0,0,0,0,0,0,0,0,0,0,0,0
8,차룡8교(수위계),2007-07-15,24,24,24,24,24,24,24,24,24,24,24,24,24,24,24,24,24,24,24,24,24,24,24,24
1,중앙동,2007-07-16,0,0,0,0,0,0,0,0,0,0,0,0,0,0,0,0,0,0,0,0,0,0,0,0
2,국방연구소,2007-07-16,0,0,0,0,0,0,0,0,0,0,0,0,0,0,0,0,0,0,0,0,0,0,0,0
3,북면,2007-07-16,0,0,0,0,0,0,0,0,0,0,0,0,0,0,0,0,0,0,0,0,0,0,0,0
4,명곡동,2007-07-16,0,0,0,0,0,0,0,0,0,0,0,0,0,0,0,0,0,0,0,0,0,0,0,0
6,성산구청,2007-07-16,0,0,0,0,0,0,0,0,0,0,0,0,0,0,0,0,0,0,0,0,0,0,0,0
7,웅남동,2007-07-16,0,0,0,0,0,0,0,0,0,0,0,0,0,0,0,0,0,0,0,0,0,0,0,0
8,차룡8교(수위계),2007-07-16,24,24,24,24,24,24,24,33,22,22,21,21,21,21,21,21,22,22,22,22,22,21,21,21
1,중앙동,2007-07-17,0,0,0,0,0,0,0,0,0,0,0,0,0,0,0,0,0,0,0,0,0,0,0,0
2,국방연구소,2007-07-17,0,0,0,0,0,0,0,0,0,0,0,0,0,0,0,0,0,0,0,0,0,0,0,0
3,북면,2007-07-17,0,0,0,0,0,0,0,0,0,0,0,0,0,0,0,0,0,0,0,0,0,0,0,0
4,명곡동,2007-07-17,0,0,0,0,0,0,0,0,0,0,0,0,0,0,0,0,0,0,0,0,0,0,0,0
6,성산구청,2007-07-17,0,0,0,0,0,0,0,0,0,0,0,0,0,0,0,0,0,0,0,0,0,0,0,0
7,웅남동,2007-07-17,0,0,0,0,0,0,0,0,0,0,0,0,0,0,0,0,0,0,0,0,0,0,0,0
8,차룡8교(수위계),2007-07-17,21,21,21,21,21,21,21,21,21,21,21,22,22,22,22,22,22,22,22,22,22,21,21,22
1,중앙동,2007-07-18,0,0,0,0,0,0,0,0,0,0,0,0,0,0,0,0,0,0,0,0,0,0,0,0
2,국방연구소,2007-07-18,0,0,0,0,0,0,0,0,0,0,0,0,0,0,0,0,0,0,0,0,0,0,0,0
3,북면,2007-07-18,0,0,0,0,0,0,0,0,0,0,0,0,0,0,0,0,0,0,0,0,0,0,0,0
4,명곡동,2007-07-18,0,0,0,0,0,0,0,0,0,0,0,0,0,0,0,0,0,0,0,0,0,0,0,0
6,성산구청,2007-07-18,0,0,0,0,0,0,0,0,0,0,0,0,0,0,0,0,0,0,0,0,0,0,0,0
7,웅남동,2007-07-18,0,0,0,0,0,0,0,0,0,0,0,0,0,0,0,0,0,0,0,0,0,0,0,0
8,차룡8교(수위계),2007-07-18,22,22,22,22,22,22,22,21,21,22,22,22,22,22,22,22,22,22,22,22,21,21,22,22
1,중앙동,2007-07-19,0,0,0,0,0,0,0,0,0,0,0,0,0,0,0,0,0,0,0,0,0,0,0,0
2,국방연구소,2007-07-19,0,0,0,0,0,0,0,0,0,0,0,0,0,0,0,0,0,0,0,0,0,0,0,0
3,북면,2007-07-19,0,0,0,0,0,0,0,0,0,0,0,0,0,0,0,0,0,0,0,0,0,0,0,0
4,명곡동,2007-07-19,0,0,0,0,0,0,0,0,0,0,0,0,0,0,0,0,0,0,0,0,0,0,0,0
6,성산구청,2007-07-19,0,0,0,0,0,0,0,0,0,0,0,0,0,0,0,0,0,0,0,0,0,0,0,0
7,웅남동,2007-07-19,0,0,0,0,0,0,0,0,0,0,0,0,0,0,0,0,0,0,0,0,0,0,0,0
8,차룡8교(수위계),2007-07-19,22,22,22,22,22,22,22,22,21,21,22,22,22,21,21,21,21,21,21,21,21,20,20,20
1,중앙동,2007-07-20,0,0,0,0,0,0,0,0,0,0,0,0,0,0,0,0,0,0,0,0,0,0,0,0
2,국방연구소,2007-07-20,0,0,0,0,0,0,0,0,0,0,0,0,0,0,0,0,0,0,0,0,0,0,0,0
3,북면,2007-07-20,0,0,0,0,0,0,0,0,0,0,0,0,0,0,0,0,0,0,0,0,0,0,0,0
4,명곡동,2007-07-20,0,0,0,0,0,0,0,0,0,0,0,0,0,0,0,0,0,0,0,0,0,0,0,0
6,성산구청,2007-07-20,0,0,0,0,0,0,0,0,0,0,0,0,0,0,0,0,0,0,0,0,0,0,0,0
7,웅남동,2007-07-20,0,0,0,0,0,0,0,0,0,0,0,0,0,0,0,0,0,0,0,0,0,0,0,0
8,차룡8교(수위계),2007-07-20,20,20,20,20,19,20,20,20,20,20,20,21,21,22,22,22,22,22,21,21,22,22,22,21
1,중앙동,2007-07-21,0,0,0,0,0,0,0,0,0,0,0,0,0,0,0,0,0,0,0,0,0,0,0,0
2,국방연구소,2007-07-21,0,0,0,0,0,0,0,0,0,0,0,0,0,0,0,0,0,0,0,0,0,0,0,0
3,북면,2007-07-21,0,0,0,0,0,0,0,0,0,0,0,0,0,0,0,0,0,0,0,0,0,0,0,0
4,명곡동,2007-07-21,0,0,0,0,0,0,0,0,0,0,0,0,0,0,0,0,0,0,0,0,0,0,0,0
6,성산구청,2007-07-21,0,0,0,0,0,0,0,0,0,0,0,0,0,0,0,0,0,0,0,0,0,0,0,0
7,웅남동,2007-07-21,0,0,0,0,0,0,0,0,0,0,0,0,0,0,0,0,0,0,0,0,0,0,0,0
8,차룡8교(수위계),2007-07-21,21,21,21,21,21,21,21,21,21,21,21,21,21,22,22,22,22,22,22,21,21,22,22,21
1,중앙동,2007-07-22,0,0,0,0,0,0,0,0,0,0,0,0,0,0,0,0,0,0,0,0,0,0,0,0
2,국방연구소,2007-07-22,0,0,0,0,0,0,0,0,0,0,0,0,0,0,0,0,0,0,0,0,0,0,0,0
3,북면,2007-07-22,0,0,0,0,0,0,0,0,0,0,0,0,0,0,0,0,0,0,0,0,0,0,0,0
4,명곡동,2007-07-22,0,0,0,0,0,0,0,0,0,0,0,0,0,0,0,0,0,0,0,0,0,0,0,0
6,성산구청,2007-07-22,0,0,0,0,0,0,0,0,0,0,0,0,0,0,0,0,0,0,0,0,0,0,0,0
7,웅남동,2007-07-22,0,0,0,0,0,0,0,0,0,0,0,0,0,0,0,0,0,0,0,0,0,0,0,0
8,차룡8교(수위계),2007-07-22,21,21,21,21,21,21,21,21,21,21,21,22,22,22,22,21,21,21,21,22,21,21,22,21
1,중앙동,2007-07-23,0,0,0,0,0,0,0,0,0,0,0,0,0,0,0,0,0,0,0,0,0,0,0,0
2,국방연구소,2007-07-23,0,0,0,0,0,0,0,0,0,0,0,0,0,0,0,0,0,0,0,0,0,0,0,0
3,북면,2007-07-23,0,0,0,0,0,0,0,0,0,0,0,0,0,0,0,0,0,0,0,0,0,0,0,0
4,명곡동,2007-07-23,0,0,0,0,0,0,0,0,0,0,0,0,0,0,0,0,0,0,0,0,0,0,0,0
6,성산구청,2007-07-23,0,0,0,0,0,0,0,0,0,0,0,0,0,0,0,0,0,0,0,0,0,0,0,0
7,웅남동,2007-07-23,0,0,0,0,0,0,0,0,0,0,0,0,0,0,0,0,0,0,0,0,0,0,0,0
8,차룡8교(수위계),2007-07-23,21,21,22,21,21,21,21,21,21,22,22,21,21,22,22,22,22,22,22,22,22,22,22,22
8,차룡8교(수위계),2007-07-24,22,22,22,22,22,22,22,22,22,22,22,22,22,21,22,22,22,22,22,22,22,22,22,22
1,중앙동,2007-07-25,0,0,0,0,0,0,0,0,0,0,0,0,0,0,0,0,0,0,0,0,0,0,0,0
2,국방연구소,2007-07-25,0,0,0,0,0,0,0,0,0,0,0,0,0,0,0,0,0,0,0,0,0,0,0,0
3,북면,2007-07-25,0,0,0,0,0,0,0,0,0,0,0,0,0,0,0,0,0,0,0,0,0,0,0,0
4,명곡동,2007-07-25,0,0,0,0,0,0,0,0,0,0,0,0,0,0,0,0,0,0,0,0,0,0,0,0
6,성산구청,2007-07-25,0,0,0,0,0,0,0,0,0,0,0,0,0,0,0,0,0,0,0,0,0,0,0,0
7,웅남동,2007-07-25,0,0,0,0,0,0,0,0,0,0,0,0,0,0,0,0,0,0,0,0,0,0,0,0
8,차룡8교(수위계),2007-07-25,22,22,22,21,21,21,21,21,20,21,22,22,21,21,21,21,21,22,22,22,22,22,22,22
1,중앙동,2007-07-26,0,0,0,0,0,0,0,0,0,0,0,0,0,0,0,0,0,0,0,0,0,0,0,0
2,국방연구소,2007-07-26,0,0,0,0,0,0,0,0,0,0,0,0,0,0,0,0,0,0,0,0,0,0,0,0
3,북면,2007-07-26,0,0,0,0,0,0,0,0,0,0,0,0,0,0,0,0,0,0,0,0,0,0,0,0
4,명곡동,2007-07-26,0,0,0,0,0,0,0,0,0,0,0,0,0,0,0,0,0,0,0,0,0,0,0,0
6,성산구청,2007-07-26,0,0,0,0,0,0,0,0,0,0,0,0,0,0,0,0,0,0,0,0,0,0,0,0
7,웅남동,2007-07-26,0,0,0,0,0,0,0,0,0,0,0,0,0,0,0,0,0,0,0,0,0,0,0,0
8,차룡8교(수위계),2007-07-26,22,22,22,21,21,21,21,20,20,21,21,21,22,21,22,22,22,22,22,22,22,22,22,22
8,차룡8교(수위계),2007-07-27,22,22,22,22,22,22,22,22,22,22,22,22,22,22,22,22,22,22,22,22,22,22,22,22
1,중앙동,2007-07-28,0,0,0,0,0,0,0,0,0,0,0,0,0,0,0,0,0,0,0,0,0,0,0,0
2,국방연구소,2007-07-28,0,0,0,0,0,0,0,0,0,0,0,0,0,0,0,0,0,0,0,0,0,0,0,0
3,북면,2007-07-28,0,0,0,0,0,0,0,0,0,0,0,0,0,0,0,0,0,0,0,0,0,0,0,0
4,명곡동,2007-07-28,0,0,0,0,0,0,0,0,0,0,0,0,0,0,0,0,0,0,0,0,0,0,0,0
6,성산구청,2007-07-28,0,0,0,0,0,0,0,0,0,0,0,0,0,0,0,0,0,0,0,0,0,0,0,0
7,웅남동,2007-07-28,0,0,0,0,0,0,0,0,0,0,0,0,0,0,0,0,0,0,0,0,0,0,0,0
8,차룡8교(수위계),2007-07-28,22,22,22,22,22,22,22,22,22,22,22,22,22,22,22,22,22,22,22,22,22,22,22,22
1,중앙동,2007-07-29,0,0,0,0,0,0,0,0,0,0,0,0,0,0,0,0,0,0,0,0,0,0,0,0
2,국방연구소,2007-07-29,0,0,0,0,0,0,0,0,0,0,0,0,0,0,0,0,0,0,0,0,0,0,0,0
3,북면,2007-07-29,0,0,0,0,0,0,0,0,0,0,0,0,0,0,0,0,0,0,0,0,0,0,0,0
4,명곡동,2007-07-29,0,0,0,0,0,0,0,0,0,0,0,0,0,0,0,0,0,0,0,0,0,0,0,0
6,성산구청,2007-07-29,0,0,0,0,0,0,0,0,0,0,0,0,0,0,0,0,0,0,0,0,0,0,0,0
7,웅남동,2007-07-29,0,0,0,0,0,0,0,0,0,0,0,0,0,0,0,0,0,0,0,0,0,0,0,0
8,차룡8교(수위계),2007-07-29,22,22,22,22,22,22,22,22,22,22,22,22,22,22,22,22,22,36,22,22,22,22,21,21
1,중앙동,2007-07-30,0,0,0,0,0,0,0,0,0,0,0,0,0,0,0,0,0,0,0,0,0,0,0,0
2,국방연구소,2007-07-30,0,0,0,0,0,0,0,0,0,0,0,0,0,0,0,0,0,0,0,0,0,0,0,0
3,북면,2007-07-30,0,0,0,0,0,0,0,0,0,0,0,0,0,0,0,0,0,0,0,0,0,0,0,0
4,명곡동,2007-07-30,0,0,0,0,0,0,0,0,0,0,0,0,0,0,0,0,0,0,0,0,0,0,0,0
6,성산구청,2007-07-30,0,0,0,0,0,0,0,0,0,0,0,0,0,0,0,0,0,0,0,0,0,0,0,0
7,웅남동,2007-07-30,0,0,0,0,0,0,0,0,0,0,0,0,0,0,0,0,0,0,0,0,0,0,0,0
8,차룡8교(수위계),2007-07-30,21,21,22,22,22,22,22,21,21,21,22,22,22,22,22,22,22,22,22,22,22,21,21,21
8,차룡8교(수위계),2007-07-31,21,22,22,22,22,22,22,22,21,22,22,22,22,22,22,22,22,22,22,22,22,22,22,22
1,중앙동,2007-08-01,0,0,0,0,0,0,0,0,0,0,0,0,0,0,0,0,0,0,0,0,0,0,0,0
2,국방연구소,2007-08-01,0,0,0,0,0,0,0,0,0,0,0,0,0,0,0,0,0,0,0,0,0,0,0,0
3,북면,2007-08-01,0,0,0,0,0,0,0,0,0,0,0,0,0,0,0,0,0,0,0,0,0,0,0,0
4,명곡동,2007-08-01,0,0,0,0,0,0,0,0,0,0,0,0,0,0,0,0,0,0,0,0,0,0,0,0
6,성산구청,2007-08-01,0,0,0,0,0,0,0,0,0,0,0,0,0,0,0,0,0,0,0,0,0,0,0,0
7,웅남동,2007-08-01,0,0,0,0,0,0,0,0,0,0,0,0,0,0,0,0,0,0,0,0,0,0,0,0
8,차룡8교(수위계),2007-08-01,22,22,22,22,22,21,21,21,21,21,21,22,22,22,22,22,22,22,22,22,22,22,22,22
1,중앙동,2007-08-02,0,0,0,0,0,0,0,0,0,0,0,0,0,0,0,0,0,0,0,0,0,0,0,0
2,국방연구소,2007-08-02,0,0,0,0,0,0,0,0,0,0,0,0,0,0,0,0,0,0,0,0,0,0,0,0
3,북면,2007-08-02,0,0,0,0,0,0,0,0,0,0,0,0,0,0,0,0,0,0,0,0,0,0,0,0
4,명곡동,2007-08-02,0,0,0,0,0,0,0,0,0,0,0,0,0,0,0,0,0,0,0,0,0,0,0,0
6,성산구청,2007-08-02,0,0,0,0,0,0,0,0,0,0,0,0,0,0,0,0,0,0,0,0,0,0,0,0
7,웅남동,2007-08-02,0,0,0,0,0,0,0,0,0,0,0,0,0,0,0,0,0,0,0,0,0,0,0,0
8,차룡8교(수위계),2007-08-02,22,22,22,22,21,21,21,21,21,21,22,21,21,22,21,22,22,22,22,22,22,22,22,22
8,차룡8교(수위계),2007-08-03,22,22,22,22,22,22,22,22,22,22,22,22,22,22,22,22,22,22,22,22,22,22,22,22
1,중앙동,2007-08-04,0,0,0,0,0,0,0,0,0,0,0,0,0,0,0,0,0,0,0,0,0,0,0,0
2,국방연구소,2007-08-04,0,0,0,0,0,0,0,0,0,0,0,0,0,0,0,0,0,0,0,0,0,0,0,0
3,북면,2007-08-04,0,0,0,0,0,0,0,0,0,0,0,0,0,0,0,0,0,0,0,0,0,0,0,0
4,명곡동,2007-08-04,0,0,0,0,0,0,0,0,0,0,0,0,0,0,0,0,0,0,0,0,0,0,0,0
6,성산구청,2007-08-04,0,0,0,0,0,0,0,0,0,0,0,0,0,0,0,0,0,0,0,0,0,0,0,0
7,웅남동,2007-08-04,0,0,0,0,0,0,0,0,0,0,0,0,0,0,0,0,0,0,0,0,0,0,0,0
8,차룡8교(수위계),2007-08-04,22,22,21,22,22,22,21,21,21,22,21,21,21,21,21,21,21,22,22,22,22,22,22,22
1,중앙동,2007-08-05,0,0,0,0,0,0,0,0,0,0,0,0,0,0,0,0,0,0,0,0,0,0,0,0
2,국방연구소,2007-08-05,0,0,0,0,0,0,0,0,0,0,0,0,0,0,0,0,0,0,0,0,0,0,0,0
3,북면,2007-08-05,0,0,0,0,0,0,0,0,0,0,0,0,0,0,0,0,0,0,0,0,0,0,0,0
4,명곡동,2007-08-05,0,0,0,0,0,0,0,0,0,0,0,0,0,0,0,0,0,0,0,0,0,0,0,0
6,성산구청,2007-08-05,0,0,0,0,0,0,0,0,0,0,0,0,0,0,0,0,0,0,0,0,0,0,0,0
7,웅남동,2007-08-05,0,0,0,0,0,0,0,0,0,0,0,0,0,0,0,0,0,0,0,0,0,0,0,0
8,차룡8교(수위계),2007-08-05,22,22,22,21,21,21,21,21,21,21,21,22,21,21,21,21,21,21,21,21,21,21,21,21
1,중앙동,2007-08-06,0,0,0,0,0,0,0,0,0,0,0,0,0,0,0,0,0,0,0,0,0,0,0,0
2,국방연구소,2007-08-06,0,0,0,0,0,0,0,0,0,0,0,0,0,0,0,0,0,0,0,0,0,0,0,0
3,북면,2007-08-06,0,0,0,0,0,0,0,0,0,0,0,0,0,0,0,0,0,0,0,0,0,0,0,0
4,명곡동,2007-08-06,0,0,0,0,0,0,0,0,0,0,0,0,0,0,0,0,0,0,0,0,0,0,0,0
6,성산구청,2007-08-06,0,0,0,0,0,0,0,0,0,0,0,0,0,0,0,0,0,0,0,0,0,0,0,0
7,웅남동,2007-08-06,0,0,0,0,0,0,0,0,0,0,0,0,0,0,0,0,0,0,0,0,0,0,0,0
8,차룡8교(수위계),2007-08-06,21,21,20,20,20,20,20,20,20,20,21,21,22,21,21,21,21,21,21,22,21,21,21,21
1,중앙동,2007-08-07,0,0,0,0,0,0,0,0,0,0,0,0,0,0,0,0,0,0,0,0,0,0,0,0
2,국방연구소,2007-08-07,0,0,0,0,0,0,0,0,0,0,0,0,0,0,0,0,0,0,0,0,0,0,0,0
3,북면,2007-08-07,0,0,0,0,0,0,0,0,0,0,0,0,0,0,0,0,0,0,0,0,0,0,0,0
4,명곡동,2007-08-07,0,0,0,0,0,0,0,0,0,0,0,0,0,0,0,0,0,0,0,0,0,0,0,0
6,성산구청,2007-08-07,0,0,0,0,0,0,0,0,0,0,0,0,0,0,0,0,0,0,0,0,0,0,0,0
7,웅남동,2007-08-07,0,0,0,0,0,0,0,0,0,0,0,0,0,0,0,0,0,0,0,0,0,0,0,0
8,차룡8교(수위계),2007-08-07,21,21,21,21,21,20,20,21,20,20,20,20,20,20,20,20,20,20,21,20,20,20,20,20
1,중앙동,2007-08-08,0,0,0,0,0,0,0,0,0,0,0,0,0,0,0,0,0,0,0,0,0,0,0,0
2,국방연구소,2007-08-08,0,0,0,0,0,0,0,0,0,0,0,0,0,0,0,0,0,0,0,0,0,0,0,0
3,북면,2007-08-08,0,0,0,0,0,0,0,0,0,0,0,0,0,0,0,0,0,0,0,0,0,0,0,0
4,명곡동,2007-08-08,0,0,0,0,0,0,0,0,0,0,0,0,0,0,0,0,0,0,0,0,0,0,0,0
6,성산구청,2007-08-08,0,0,0,0,0,0,0,0,0,0,0,0,0,0,0,0,0,0,0,0,0,0,0,0
7,웅남동,2007-08-08,0,0,0,0,0,0,0,0,0,0,0,0,0,0,0,0,0,0,0,0,0,0,0,0
8,차룡8교(수위계),2007-08-08,20,20,20,20,20,20,20,21,21,21,24,20,20,20,42,27,66,22,21,21,21,21,21,21
8,차룡8교(수위계),2007-08-09,21,22,22,22,22,22,22,22,22,22,23,23,22,22,22,22,23,24,24,24,24,24,24,24
1,중앙동,2007-08-10,0,0,0,0,0,0,0,0,0,0,0,0,0,0,0,0,0,0,0,0,0,0,0,0
2,국방연구소,2007-08-10,0,0,0,0,0,0,0,0,0,0,0,0,0,0,0,0,0,0,0,0,0,0,0,0
3,북면,2007-08-10,0,0,0,0,0,0,0,0,0,0,0,0,0,0,0,0,0,0,0,0,0,0,0,0
4,명곡동,2007-08-10,0,0,0,0,0,0,0,0,0,0,0,0,0,0,0,0,0,0,0,0,0,0,0,0
6,성산구청,2007-08-10,0,0,0,0,0,0,0,0,0,0,0,0,0,0,0,0,0,0,0,0,0,0,0,0
7,웅남동,2007-08-10,0,0,0,0,0,0,0,0,0,0,0,0,0,0,0,0,0,0,0,0,0,0,0,0
8,차룡8교(수위계),2007-08-10,24,24,24,25,25,25,25,25,25,25,24,24,24,24,24,24,24,24,24,24,25,25,25,25
1,중앙동,2007-08-11,0,0,0,0,0,0,0,0,0,0,0,0,0,0,0,0,0,0,0,0,0,0,0,0
2,국방연구소,2007-08-11,0,0,0,0,0,0,0,0,0,0,0,0,0,0,0,0,0,0,0,0,0,0,0,0
3,북면,2007-08-11,0,0,0,0,0,0,0,0,0,0,0,0,0,0,0,0,0,0,0,0,0,0,0,0
4,명곡동,2007-08-11,0,0,0,0,0,0,0,0,0,0,0,0,0,0,0,0,0,0,0,0,0,0,0,0
6,성산구청,2007-08-11,0,0,0,0,0,0,0,0,0,0,0,0,0,0,0,0,0,0,0,0,0,0,0,0
7,웅남동,2007-08-11,0,0,0,0,0,0,0,0,0,0,0,0,0,0,0,0,0,0,0,0,0,0,0,0
8,차룡8교(수위계),2007-08-11,25,25,25,24,24,24,24,24,24,25,24,24,24,24,25,25,25,25,25,25,25,25,25,25
1,중앙동,2007-08-12,0,0,0,0,0,0,0,0,0,0,0,0,0,0,0,0,0,0,0,0,0,0,0,0
2,국방연구소,2007-08-12,0,0,0,0,0,0,0,0,0,0,0,0,0,0,0,0,0,0,0,0,0,0,0,0
3,북면,2007-08-12,0,0,0,0,0,0,0,0,0,0,0,0,0,0,0,0,0,0,0,0,0,0,0,0
4,명곡동,2007-08-12,0,0,0,0,0,0,0,0,0,0,0,0,0,0,0,0,0,0,0,0,0,0,0,0
6,성산구청,2007-08-12,0,0,0,0,0,0,0,0,0,0,0,0,0,0,0,0,0,0,0,0,0,0,0,0
7,웅남동,2007-08-12,0,0,0,0,0,0,0,0,0,0,0,0,0,0,0,0,0,0,0,0,0,0,0,0
8,차룡8교(수위계),2007-08-12,25,25,25,25,25,25,25,25,25,25,25,25,25,25,25,25,25,25,25,25,25,25,24,24
1,중앙동,2007-08-13,0,0,0,0,0,0,0,0,0,0,0,0,0,0,0,0,0,0,0,0,0,0,0,0
2,국방연구소,2007-08-13,0,0,0,0,0,0,0,0,0,0,0,0,0,0,0,0,0,0,0,0,0,0,0,0
3,북면,2007-08-13,0,0,0,0,0,0,0,0,0,0,0,0,0,0,0,0,0,0,0,0,0,0,0,0
4,명곡동,2007-08-13,0,0,0,0,0,0,0,0,0,0,0,0,0,0,0,0,0,0,0,0,0,0,0,0
6,성산구청,2007-08-13,0,0,0,0,0,0,0,0,0,0,0,0,0,0,0,0,0,0,0,0,0,0,0,0
7,웅남동,2007-08-13,0,0,0,0,0,0,0,0,0,0,0,0,0,0,0,0,0,0,0,0,0,0,0,0
8,차룡8교(수위계),2007-08-13,24,24,24,24,24,24,24,24,24,24,24,24,24,24,24,24,24,24,24,24,24,24,24,24
1,중앙동,2007-08-14,0,0,0,0,0,0,0,0,0,0,0,0,0,0,0,0,0,0,0,0,0,0,0,0
2,국방연구소,2007-08-14,0,0,0,0,0,0,0,0,0,0,0,0,0,0,0,0,0,0,0,0,0,0,0,0
3,북면,2007-08-14,0,0,0,0,0,0,0,0,0,0,0,0,0,0,0,0,0,0,0,0,0,0,0,0
4,명곡동,2007-08-14,0,0,0,0,0,0,0,0,0,0,0,0,0,0,0,0,0,0,0,0,0,0,0,0
6,성산구청,2007-08-14,0,0,0,0,0,0,0,0,0,0,0,0,0,0,0,0,0,0,0,0,0,0,0,0
7,웅남동,2007-08-14,0,0,0,0,0,0,0,0,0,0,0,0,0,0,0,0,0,0,0,0,0,0,0,0
8,차룡8교(수위계),2007-08-14,24,25,24,24,39,39,16,16,16,16,16,16,16,15,15,15,15,15,15,15,14,14,14,15
1,중앙동,2007-08-15,0,0,0,0,0,0,0,0,0,0,0,0,0,0,0,0,0,0,0,0,0,0,0,0
2,국방연구소,2007-08-15,0,0,0,0,0,0,0,0,0,0,0,0,0,0,0,0,0,0,0,0,0,0,0,0
3,북면,2007-08-15,0,0,0,0,0,0,0,0,0,0,0,0,0,0,0,0,0,0,0,0,0,0,0,0
4,명곡동,2007-08-15,0,0,0,0,0,0,0,0,0,0,0,0,0,0,0,0,0,0,0,0,0,0,0,0
6,성산구청,2007-08-15,0,0,0,0,0,0,0,0,0,0,0,0,0,0,0,0,0,0,0,0,0,0,0,0
7,웅남동,2007-08-15,0,0,0,0,0,0,0,0,0,0,0,0,0,0,0,0,0,0,0,0,0,0,0,0
8,차룡8교(수위계),2007-08-15,15,15,15,15,15,15,15,15,15,15,15,15,17,17,16,15,15,18,18,19,19,20,20,20
8,차룡8교(수위계),2007-08-16,20,20,20,20,19,19,19,18,19,19,20,19,19,19,20,20,20,20,20,20,20,20,20,20
1,중앙동,2007-08-17,0,0,0,0,0,0,0,0,0,0,0,0,0,0,0,0,0,0,0,0,0,0,0,0
2,국방연구소,2007-08-17,0,0,0,0,0,0,0,0,0,0,0,0,0,0,0,0,0,0,0,0,0,0,0,0
3,북면,2007-08-17,0,0,0,0,0,0,0,0,0,0,0,0,0,0,0,0,0,0,0,0,0,0,0,0
4,명곡동,2007-08-17,0,0,0,0,0,0,0,0,0,0,0,0,0,0,0,0,0,0,0,0,0,0,0,0
6,성산구청,2007-08-17,0,0,0,0,0,0,0,0,0,0,0,0,0,0,0,0,0,0,0,0,0,0,0,0
7,웅남동,2007-08-17,0,0,0,0,0,0,0,0,0,0,0,0,0,0,0,0,0,0,0,0,0,0,0,0
8,차룡8교(수위계),2007-08-17,20,20,20,20,20,20,19,19,20,20,19,20,20,20,20,20,20,20,20,20,20,20,20,20
8,차룡8교(수위계),2007-08-18,20,20,20,20,20,20,20,19,20,20,20,20,20,20,20,20,20,20,20,20,20,20,20,20
8,차룡8교(수위계),2007-08-19,20,20,20,20,20,20,20,20,20,20,20,20,20,20,20,20,20,20,20,20,20,20,20,20
1,중앙동,2007-08-20,0,0,0,0,0,0,0,0,0,0,0,0,0,0,0,0,0,0,0,0,0,0,0,0
2,국방연구소,2007-08-20,0,0,0,0,0,0,0,0,0,0,0,0,0,0,0,0,0,0,0,0,0,0,0,0
3,북면,2007-08-20,0,0,0,0,0,0,0,0,0,0,0,0,0,0,0,0,0,0,0,0,0,0,0,0
4,명곡동,2007-08-20,0,0,0,0,0,0,0,0,0,0,0,0,0,0,0,0,0,0,0,0,0,0,0,0
6,성산구청,2007-08-20,0,0,0,0,0,0,0,0,0,0,0,0,0,0,0,0,0,0,0,0,0,0,0,0
7,웅남동,2007-08-20,0,0,0,0,0,0,0,0,0,0,0,0,0,0,0,0,0,0,0,0,0,0,0,0
8,차룡8교(수위계),2007-08-20,20,20,20,20,20,20,20,20,20,20,20,20,20,20,20,20,20,20,20,20,20,20,20,20
8,차룡8교(수위계),2007-08-21,20,20,20,20,20,20,20,20,20,20,20,20,20,20,20,20,20,20,20,20,20,20,20,20
8,차룡8교(수위계),2007-08-22,20,20,20,20,20,20,20,20,20,20,20,20,20,20,20,20,20,27,27,27,27,27,27,27
1,중앙동,2007-08-23,0,0,0,0,0,0,0,0,0,0,0,0,0,0,0,0,0,0,0,0,0,0,0,0
2,국방연구소,2007-08-23,0,0,0,0,0,0,0,0,0,0,0,0,0,0,0,0,0,0,0,0,0,0,0,0
3,북면,2007-08-23,0,0,0,0,0,0,0,0,0,0,0,0,0,0,0,0,0,0,0,0,0,0,0,0
4,명곡동,2007-08-23,0,0,0,0,0,0,0,0,0,0,0,0,0,0,0,0,0,0,0,0,0,0,0,0
6,성산구청,2007-08-23,0,0,0,0,0,0,0,0,0,0,0,0,0,0,0,0,0,0,0,0,0,0,0,0
7,웅남동,2007-08-23,0,0,0,0,0,0,0,0,0,0,0,0,0,0,0,0,0,0,0,0,0,0,0,0
8,차룡8교(수위계),2007-08-23,27,18,18,18,18,18,18,18,18,18,18,19,21,22,22,22,22,22,22,22,22,22,22,22
8,차룡8교(수위계),2007-08-24,22,22,22,22,22,22,22,22,22,22,22,22,22,22,22,22,22,22,22,22,22,22,22,22
8,차룡8교(수위계),2007-08-25,22,22,22,22,22,22,22,22,22,22,22,22,22,22,22,22,22,22,22,22,22,22,22,22
8,차룡8교(수위계),2007-08-26,22,22,22,22,22,22,22,22,22,22,22,22,22,22,22,22,22,22,22,22,22,22,22,22
8,차룡8교(수위계),2007-08-27,22,22,22,22,22,22,22,22,22,22,22,22,22,22,22,22,75,75,75,17,17,17,17,17
1,중앙동,2007-08-28,0,0,0,0,0,0,0,0,0,0,0,0,0,0,0,0,0,0,0,0,0,0,0,0
2,국방연구소,2007-08-28,0,0,0,0,0,0,0,0,0,0,0,0,0,0,0,0,0,0,0,0,0,0,0,0
3,북면,2007-08-28,0,0,0,0,0,0,0,0,0,0,0,0,0,0,0,0,0,0,0,0,0,0,0,0
4,명곡동,2007-08-28,0,0,0,0,0,0,0,0,0,0,0,0,0,0,0,0,0,0,0,0,0,0,0,0
6,성산구청,2007-08-28,0,0,0,0,0,0,0,0,0,0,0,0,0,0,0,0,0,0,0,0,0,0,0,0
7,웅남동,2007-08-28,0,0,0,0,0,0,0,0,0,0,0,0,0,0,0,0,0,0,0,0,0,0,0,0
8,차룡8교(수위계),2007-08-28,17,17,17,17,17,17,17,17,17,17,17,18,18,18,18,19,19,20,21,21,22,22,22,22
8,차룡8교(수위계),2007-08-29,22,21,21,21,21,21,21,21,21,21,53,62,25,19,20,20,20,20,19,19,19,20,20,20
8,차룡8교(수위계),2007-08-30,20,20,20,20,20,20,20,20,20,20,20,20,20,21,21,21,21,21,21,21,21,21,21,21
1,중앙동,2007-08-31,0,0,0,0,0,0,0,0,0,0,0,0,0,0,0,0,0,0,0,0,0,0,0,0
2,국방연구소,2007-08-31,0,0,0,0,0,0,0,0,0,0,0,0,0,0,0,0,0,0,0,0,0,0,0,0
3,북면,2007-08-31,0,0,0,0,0,0,0,0,0,0,0,0,0,0,0,0,0,0,0,0,0,0,0,0
4,명곡동,2007-08-31,0,0,0,0,0,0,0,0,0,0,0,0,0,0,0,0,0,0,0,0,0,0,0,0
6,성산구청,2007-08-31,0,0,0,0,0,0,0,0,0,0,0,0,0,0,0,0,0,0,0,0,0,0,0,0
7,웅남동,2007-08-31,0,0,0,0,0,0,0,0,0,0,0,0,0,0,0,0,0,0,0,0,0,0,0,0
8,차룡8교(수위계),2007-08-31,21,21,20,20,20,20,20,20,20,20,21,21,21,20,20,21,20,20,20,21,21,21,21,21
1,중앙동,2007-09-01,0,0,0,0,0,0,0,0,0,0,0,0,0,0,0,0,0,0,0,0,0,0,0,0
2,국방연구소,2007-09-01,0,0,0,0,0,0,0,0,0,0,0,0,0,0,0,0,0,0,0,0,0,0,0,0
3,북면,2007-09-01,0,0,0,0,0,0,0,0,0,0,0,0,0,0,0,0,0,0,0,0,0,0,0,0
4,명곡동,2007-09-01,0,0,0,0,0,0,0,0,0,0,0,0,0,0,0,0,0,0,0,0,0,0,0,0
6,성산구청,2007-09-01,0,0,0,0,0,0,0,0,0,0,0,0,0,0,0,0,0,0,0,0,0,0,0,0
7,웅남동,2007-09-01,0,0,0,0,0,0,0,0,0,0,0,0,0,0,0,0,0,0,0,0,0,0,0,0
8,차룡8교(수위계),2007-09-01,21,21,21,21,21,21,21,21,21,21,20,20,20,20,20,20,20,20,20,20,20,20,20,23
1,중앙동,2007-09-02,0,0,0,0,0,0,0,0,0,0,0,0,0,0,0,0,0,0,0,0,0,0,0,0
2,국방연구소,2007-09-02,0,0,0,0,0,0,0,0,0,0,0,0,0,0,0,0,0,0,0,0,0,0,0,0
3,북면,2007-09-02,0,0,0,0,0,0,0,0,0,0,0,0,0,0,0,0,0,0,0,0,0,0,0,0
4,명곡동,2007-09-02,0,0,0,0,0,0,0,0,0,0,0,0,0,0,0,0,0,0,0,0,0,0,0,0
6,성산구청,2007-09-02,0,0,0,0,0,0,0,0,0,0,0,0,0,0,0,0,0,0,0,0,0,0,0,0
7,웅남동,2007-09-02,0,0,0,0,0,0,0,0,0,0,0,0,0,0,0,0,0,0,0,0,0,0,0,0
8,차룡8교(수위계),2007-09-02,23,21,21,21,21,21,21,21,21,21,21,21,21,21,21,21,21,22,22,21,21,21,21,21
1,중앙동,2007-09-03,0,0,0,0,0,0,0,0,0,0,0,0,0,0,0,0,0,0,0,0,0,0,0,0
2,국방연구소,2007-09-03,0,0,0,0,0,0,0,0,0,0,0,0,0,0,0,0,0,0,0,0,0,0,0,0
3,북면,2007-09-03,0,0,0,0,0,0,0,0,0,0,0,0,0,0,0,0,0,0,0,0,0,0,0,0
4,명곡동,2007-09-03,0,0,0,0,0,0,0,0,0,0,0,0,0,0,0,0,0,0,0,0,0,0,0,0
6,성산구청,2007-09-03,0,0,0,0,0,0,0,0,0,0,0,0,0,0,0,0,0,0,0,0,0,0,0,0
7,웅남동,2007-09-03,0,0,0,0,0,0,0,0,0,0,0,0,0,0,0,0,0,0,0,0,0,0,0,0
8,차룡8교(수위계),2007-09-03,21,21,21,21,21,21,21,20,21,21,22,22,22,22,21,22,22,22,22,22,22,22,22,22
1,중앙동,2007-09-04,0,0,0,0,0,0,0,0,0,0,0,0,0,0,0,0,0,0,0,0,0,0,0,0
2,국방연구소,2007-09-04,0,0,0,0,0,0,0,0,0,0,0,0,0,0,0,0,0,0,0,0,0,0,0,0
3,북면,2007-09-04,0,0,0,0,0,0,0,0,0,0,0,0,0,0,0,0,0,0,0,0,0,0,0,0
4,명곡동,2007-09-04,0,0,0,0,0,0,0,0,0,0,0,0,0,0,0,0,0,0,0,0,0,0,0,0
6,성산구청,2007-09-04,0,0,0,0,0,0,0,0,0,0,0,0,0,0,0,0,0,0,0,0,0,0,0,0
7,웅남동,2007-09-04,0,0,0,0,0,0,0,0,0,0,0,0,0,0,0,0,0,0,0,0,0,0,0,0
8,차룡8교(수위계),2007-09-04,22,22,22,22,22,22,22,22,22,22,22,22,22,22,22,22,22,22,22,22,22,22,22,22
1,중앙동,2007-09-05,0,0,0,0,0,0,0,0,0,0,0,0,0,0,0,0,0,0,0,0,0,0,0,0
2,국방연구소,2007-09-05,0,0,0,0,0,0,0,0,0,0,0,0,0,0,0,0,0,0,0,0,0,0,0,0
3,북면,2007-09-05,0,0,0,0,0,0,0,0,0,0,0,0,0,0,0,0,0,0,0,0,0,0,0,0
4,명곡동,2007-09-05,0,0,0,0,0,0,0,0,0,0,0,0,0,0,0,0,0,0,0,0,0,0,0,0
6,성산구청,2007-09-05,0,0,0,0,0,0,0,0,0,0,0,0,0,0,0,0,0,0,0,0,0,0,0,0
7,웅남동,2007-09-05,0,0,0,0,0,0,0,0,0,0,0,0,0,0,0,0,0,0,0,0,0,0,0,0
8,차룡8교(수위계),2007-09-05,22,22,22,22,22,22,22,22,22,22,22,22,22,22,22,22,22,22,22,22,22,22,22,22
1,중앙동,2007-09-06,0,0,0,0,0,0,0,0,0,0,0,0,0,0,0,0,0,0,0,0,0,0,0,0
2,국방연구소,2007-09-06,0,0,0,0,0,0,0,0,0,0,0,0,0,0,0,0,0,0,0,0,0,0,0,0
3,북면,2007-09-06,0,0,0,0,0,0,0,0,0,0,0,0,0,0,0,0,0,0,0,0,0,0,0,0
4,명곡동,2007-09-06,0,0,0,0,0,0,0,0,0,0,0,0,0,0,0,0,0,0,0,0,0,0,0,0
6,성산구청,2007-09-06,0,0,0,0,0,0,0,0,0,0,0,0,0,0,0,0,0,0,0,0,0,0,0,0
7,웅남동,2007-09-06,0,0,0,0,0,0,0,0,0,0,0,0,0,0,0,0,0,0,0,0,0,0,0,0
8,차룡8교(수위계),2007-09-06,22,22,22,22,22,22,22,22,22,22,22,22,22,22,22,22,22,22,22,22,22,22,22,22
1,중앙동,2007-09-07,0,0,0,0,0,0,0,0,0,0,0,0,0,0,0,0,0,0,0,0,0,0,0,0
2,국방연구소,2007-09-07,0,0,0,0,0,0,0,0,0,0,0,0,0,0,0,0,0,0,0,0,0,0,0,0
3,북면,2007-09-07,0,0,0,0,0,0,0,0,0,0,0,0,0,0,0,0,0,0,0,0,0,0,0,0
4,명곡동,2007-09-07,0,0,0,0,0,0,0,0,0,0,0,0,0,0,0,0,0,0,0,0,0,0,0,0
6,성산구청,2007-09-07,0,0,0,0,0,0,0,0,0,0,0,0,0,0,0,0,0,0,0,0,0,0,0,0
7,웅남동,2007-09-07,0,0,0,0,0,0,0,0,0,0,0,0,0,0,0,0,0,0,0,0,0,0,0,0
8,차룡8교(수위계),2007-09-07,22,22,22,22,21,21,21,21,21,21,22,21,22,22,22,22,22,22,22,22,22,22,22,22
1,중앙동,2007-09-08,0,0,0,0,0,0,0,0,0,0,0,0,0,0,0,0,0,0,0,0,0,0,0,0
2,국방연구소,2007-09-08,0,0,0,0,0,0,0,0,0,0,0,0,0,0,0,0,0,0,0,0,0,0,0,0
3,북면,2007-09-08,0,0,0,0,0,0,0,0,0,0,0,0,0,0,0,0,0,0,0,0,0,0,0,0
4,명곡동,2007-09-08,0,0,0,0,0,0,0,0,0,0,0,0,0,0,0,0,0,0,0,0,0,0,0,0
6,성산구청,2007-09-08,0,0,0,0,0,0,0,0,0,0,0,0,0,0,0,0,0,0,0,0,0,0,0,0
7,웅남동,2007-09-08,0,0,0,0,0,0,0,0,0,0,0,0,0,0,0,0,0,0,0,0,0,0,0,0
8,차룡8교(수위계),2007-09-08,22,22,22,22,22,22,22,21,21,22,22,22,22,22,22,22,22,22,22,22,22,22,22,22
1,중앙동,2007-09-09,0,0,0,0,0,0,0,0,0,0,0,0,0,0,0,0,0,0,0,0,0,0,0,0
2,국방연구소,2007-09-09,0,0,0,0,0,0,0,0,0,0,0,0,0,0,0,0,0,0,0,0,0,0,0,0
3,북면,2007-09-09,0,0,0,0,0,0,0,0,0,0,0,0,0,0,0,0,0,0,0,0,0,0,0,0
4,명곡동,2007-09-09,0,0,0,0,0,0,0,0,0,0,0,0,0,0,0,0,0,0,0,0,0,0,0,0
6,성산구청,2007-09-09,0,0,0,0,0,0,0,0,0,0,0,0,0,0,0,0,0,0,0,0,0,0,0,0
7,웅남동,2007-09-09,0,0,0,0,0,0,0,0,0,0,0,0,0,0,0,0,0,0,0,0,0,0,0,0
8,차룡8교(수위계),2007-09-09,22,22,22,22,21,21,21,21,22,21,22,22,22,22,22,22,22,22,22,22,22,22,21,21
1,중앙동,2007-09-10,0,0,0,0,0,0,0,0,0,0,0,0,0,0,0,0,0,0,0,0,0,0,0,0
2,국방연구소,2007-09-10,0,0,0,0,0,0,0,0,0,0,0,0,0,0,0,0,0,0,0,0,0,0,0,0
3,북면,2007-09-10,0,0,0,0,0,0,0,0,0,0,0,0,0,0,0,0,0,0,0,0,0,0,0,0
4,명곡동,2007-09-10,0,0,0,0,0,0,0,0,0,0,0,0,0,0,0,0,0,0,0,0,0,0,0,0
6,성산구청,2007-09-10,0,0,0,0,0,0,0,0,0,0,0,0,0,0,0,0,0,0,0,0,0,0,0,0
7,웅남동,2007-09-10,0,0,0,0,0,0,0,0,0,0,0,0,0,0,0,0,0,0,0,0,0,0,0,0
8,차룡8교(수위계),2007-09-10,21,21,21,21,21,21,21,21,21,22,22,22,22,22,22,22,22,22,22,22,22,22,22,22
1,중앙동,2007-09-11,0,0,0,0,0,0,0,0,0,0,0,0,0,0,0,0,0,0,0,0,0,0,0,0
2,국방연구소,2007-09-11,0,0,0,0,0,0,0,0,0,0,0,0,0,0,0,0,0,0,0,0,0,0,0,0
3,북면,2007-09-11,0,0,0,0,0,0,0,0,0,0,0,0,0,0,0,0,0,0,0,0,0,0,0,0
4,명곡동,2007-09-11,0,0,0,0,0,0,0,0,0,0,0,0,0,0,0,0,0,0,0,0,0,0,0,0
6,성산구청,2007-09-11,0,0,0,0,0,0,0,0,0,0,0,0,0,0,0,0,0,0,0,0,0,0,0,0
7,웅남동,2007-09-11,0,0,0,0,0,0,0,0,0,0,0,0,0,0,0,0,0,0,0,0,0,0,0,0
8,차룡8교(수위계),2007-09-11,22,22,22,22,21,21,21,21,21,22,22,22,22,22,22,22,22,22,22,22,22,22,22,22
1,중앙동,2007-09-12,0,0,0,0,0,0,0,0,0,0,0,0,0,0,0,0,0,0,0,0,0,0,0,0
2,국방연구소,2007-09-12,0,0,0,0,0,0,0,0,0,0,0,0,0,0,0,0,0,0,0,0,0,0,0,0
3,북면,2007-09-12,0,0,0,0,0,0,0,0,0,0,0,0,0,0,0,0,0,0,0,0,0,0,0,0
4,명곡동,2007-09-12,0,0,0,0,0,0,0,0,0,0,0,0,0,0,0,0,0,0,0,0,0,0,0,0
6,성산구청,2007-09-12,0,0,0,0,0,0,0,0,0,0,0,0,0,0,0,0,0,0,0,0,0,0,0,0
7,웅남동,2007-09-12,0,0,0,0,0,0,0,0,0,0,0,0,0,0,0,0,0,0,0,0,0,0,0,0
8,차룡8교(수위계),2007-09-12,22,21,21,21,21,21,21,22,22,22,22,22,22,22,22,22,22,22,22,22,22,22,22,21
1,중앙동,2007-09-13,0,0,0,0,0,0,0,0,0,0,0,0,0,0,0,0,0,0,0,0,0,0,0,0
2,국방연구소,2007-09-13,0,0,0,0,0,0,0,0,0,0,0,0,0,0,0,0,0,0,0,0,0,0,0,0
3,북면,2007-09-13,0,0,0,0,0,0,0,0,0,0,0,0,0,0,0,0,0,0,0,0,0,0,0,0
4,명곡동,2007-09-13,0,0,0,0,0,0,0,0,0,0,0,0,0,0,0,0,0,0,0,0,0,0,0,0
6,성산구청,2007-09-13,0,0,0,0,0,0,0,0,0,0,0,0,0,0,0,0,0,0,0,0,0,0,0,0
7,웅남동,2007-09-13,0,0,0,0,0,0,0,0,0,0,0,0,0,0,0,0,0,0,0,0,0,0,0,0
8,차룡8교(수위계),2007-09-13,21,22,22,21,21,21,22,22,22,22,22,21,22,22,22,22,22,22,22,22,22,22,22,22
1,중앙동,2007-09-14,0,0,0,0,0,0,0,0,0,0,0,0,0,0,0,0,0,0,0,0,0,0,0,0
2,국방연구소,2007-09-14,0,0,0,0,0,0,0,0,0,0,0,0,0,0,0,0,0,0,0,0,0,0,0,0
3,북면,2007-09-14,0,0,0,0,0,0,0,0,0,0,0,0,0,0,0,0,0,0,0,0,0,0,0,0
4,명곡동,2007-09-14,0,0,0,0,0,0,0,0,0,0,0,0,0,0,0,0,0,0,0,0,0,0,0,0
6,성산구청,2007-09-14,0,0,0,0,0,0,0,0,0,0,0,0,0,0,0,0,0,0,0,0,0,0,0,0
7,웅남동,2007-09-14,0,0,0,0,0,0,0,0,0,0,0,0,0,0,0,0,0,0,0,0,0,0,0,0
8,차룡8교(수위계),2007-09-14,22,22,22,22,22,21,21,21,22,22,22,22,22,22,22,22,22,22,22,22,22,22,22,22
1,중앙동,2007-09-15,0,0,0,0,0,0,0,0,0,0,0,0,0,0,0,0,0,0,0,0,0,0,0,0
2,국방연구소,2007-09-15,0,0,0,0,0,0,0,0,0,0,0,0,0,0,0,0,0,0,0,0,0,0,0,0
3,북면,2007-09-15,0,0,0,0,0,0,0,0,0,0,0,0,0,0,0,0,0,0,0,0,0,0,0,0
4,명곡동,2007-09-15,0,0,0,0,0,0,0,0,0,0,0,0,0,0,0,0,0,0,0,0,0,0,0,0
6,성산구청,2007-09-15,0,0,0,0,0,0,0,0,0,0,0,0,0,0,0,0,0,0,0,0,0,0,0,0
7,웅남동,2007-09-15,0,0,0,0,0,0,0,0,0,0,0,0,0,0,0,0,0,0,0,0,0,0,0,0
8,차룡8교(수위계),2007-09-15,22,22,22,22,22,22,21,21,21,21,22,22,160,49,29,28,31,31,31,31,31,31,31,31
1,중앙동,2007-09-16,0,0,0,0,0,0,0,0,0,0,0,0,0,0,0,0,0,0,0,0,0,0,0,0
2,국방연구소,2007-09-16,0,0,0,0,0,0,0,0,0,0,0,0,0,0,0,0,0,0,0,0,0,0,0,0
3,북면,2007-09-16,0,0,0,0,0,0,0,0,0,0,0,0,0,0,0,0,0,0,0,0,0,0,0,0
4,명곡동,2007-09-16,0,0,0,0,0,0,0,0,0,0,0,0,0,0,0,0,0,0,0,0,0,0,0,0
6,성산구청,2007-09-16,0,0,0,0,0,0,0,0,0,0,0,0,0,0,0,0,0,0,0,0,0,0,0,0
7,웅남동,2007-09-16,0,0,0,0,0,0,0,0,0,0,0,0,0,0,0,0,0,0,0,0,0,0,0,0
8,차룡8교(수위계),2007-09-16,31,31,31,31,31,31,31,31,31,31,31,31,31,31,31,31,16,16,16,16,16,44,44,18
8,차룡8교(수위계),2007-09-17,18,18,18,18,18,18,18,18,18,18,18,18,18,18,18,19,19,20,19,20,20,21,22,22
8,차룡8교(수위계),2007-09-18,22,23,23,23,23,22,22,22,22,22,23,23,22,23,23,23,23,23,23,22,22,23,23,23
1,중앙동,2007-09-19,0,0,0,0,0,0,0,0,0,0,0,0,0,0,0,0,0,0,0,0,0,0,0,0
2,국방연구소,2007-09-19,0,0,0,0,0,0,0,0,0,0,0,0,0,0,0,0,0,0,0,0,0,0,0,0
3,북면,2007-09-19,0,0,0,0,0,0,0,0,0,0,0,0,0,0,0,0,0,0,0,0,0,0,0,0
4,명곡동,2007-09-19,0,0,0,0,0,0,0,0,0,0,0,0,0,0,0,0,0,0,0,0,0,0,0,0
6,성산구청,2007-09-19,0,0,0,0,0,0,0,0,0,0,0,0,0,0,0,0,0,0,0,0,0,0,0,0
7,웅남동,2007-09-19,0,0,0,0,0,0,0,0,0,0,0,0,0,0,0,0,0,0,0,0,0,0,0,0
8,차룡8교(수위계),2007-09-19,23,23,23,23,23,23,23,23,22,22,22,23,23,23,23,23,23,23,23,23,23,23,23,23
8,차룡8교(수위계),2007-09-20,23,23,23,22,23,22,23,23,22,23,23,22,22,22,22,22,23,23,23,23,23,23,23,23
1,중앙동,2007-09-21,0,0,0,0,0,0,0,0,0,0,0,0,0,0,0,0,0,0,0,0,0,0,0,0
2,국방연구소,2007-09-21,0,0,0,0,0,0,0,0,0,0,0,0,0,0,0,0,0,0,0,0,0,0,0,0
3,북면,2007-09-21,0,0,0,0,0,0,0,0,0,0,0,0,0,0,0,0,0,0,0,0,0,0,0,0
4,명곡동,2007-09-21,0,0,0,0,0,0,0,0,0,0,0,0,0,0,0,0,0,0,0,0,0,0,0,0
6,성산구청,2007-09-21,0,0,0,0,0,0,0,0,0,0,0,0,0,0,0,0,0,0,0,0,0,0,0,0
7,웅남동,2007-09-21,0,0,0,0,0,0,0,0,0,0,0,0,0,0,0,0,0,0,0,0,0,0,0,0
8,차룡8교(수위계),2007-09-21,23,23,23,23,23,23,23,23,23,23,23,23,23,23,23,23,23,23,23,23,23,23,22,23
1,중앙동,2007-09-22,0,0,0,0,0,0,0,0,0,0,0,0,0,0,0,0,0,0,0,0,0,0,0,0
2,국방연구소,2007-09-22,0,0,0,0,0,0,0,0,0,0,0,0,0,0,0,0,0,0,0,0,0,0,0,0
3,북면,2007-09-22,0,0,0,0,0,0,0,0,0,0,0,0,0,0,0,0,0,0,0,0,0,0,0,0
4,명곡동,2007-09-22,0,0,0,0,0,0,0,0,0,0,0,0,0,0,0,0,0,0,0,0,0,0,0,0
6,성산구청,2007-09-22,0,0,0,0,0,0,0,0,0,0,0,0,0,0,0,0,0,0,0,0,0,0,0,0
7,웅남동,2007-09-22,0,0,0,0,0,0,0,0,0,0,0,0,0,0,0,0,0,0,0,0,0,0,0,0
8,차룡8교(수위계),2007-09-22,23,23,23,23,23,23,23,22,23,23,23,23,23,23,23,23,23,23,23,23,23,23,23,23
8,차룡8교(수위계),2007-09-23,23,22,22,22,22,22,22,22,22,22,22,22,22,22,22,22,22,22,22,22,23,23,23,23
8,차룡8교(수위계),2007-09-24,23,23,23,23,23,40,37,26,25,58,91,46,29,23,23,22,23,22,23,23,23,23,23,22
1,중앙동,2007-09-25,0,0,0,0,0,0,0,0,0,0,0,0,0,0,0,0,0,0,0,0,0,0,0,0
2,국방연구소,2007-09-25,0,0,0,0,0,0,0,0,0,0,0,0,0,0,0,0,0,0,0,0,0,0,0,0
3,북면,2007-09-25,0,0,0,0,0,0,0,0,0,0,0,0,0,0,0,0,0,0,0,0,0,0,0,0
4,명곡동,2007-09-25,0,0,0,0,0,0,0,0,0,0,0,0,0,0,0,0,0,0,0,0,0,0,0,0
6,성산구청,2007-09-25,0,0,0,0,0,0,0,0,0,0,0,0,0,0,0,0,0,0,0,0,0,0,0,0
7,웅남동,2007-09-25,0,0,0,0,0,0,0,0,0,0,0,0,0,0,0,0,0,0,0,0,0,0,0,0
8,차룡8교(수위계),2007-09-25,22,22,22,22,22,22,22,22,22,22,22,22,22,23,23,23,23,22,23,23,22,23,22,22
1,중앙동,2007-09-26,0,0,0,0,0,0,0,0,0,0,0,0,0,0,0,0,0,0,0,0,0,0,0,0
2,국방연구소,2007-09-26,0,0,0,0,0,0,0,0,0,0,0,0,0,0,0,0,0,0,0,0,0,0,0,0
3,북면,2007-09-26,0,0,0,0,0,0,0,0,0,0,0,0,0,0,0,0,0,0,0,0,0,0,0,0
4,명곡동,2007-09-26,0,0,0,0,0,0,0,0,0,0,0,0,0,0,0,0,0,0,0,0,0,0,0,0
6,성산구청,2007-09-26,0,0,0,0,0,0,0,0,0,0,0,0,0,0,0,0,0,0,0,0,0,0,0,0
7,웅남동,2007-09-26,0,0,0,0,0,0,0,0,0,0,0,0,0,0,0,0,0,0,0,0,0,0,0,0
8,차룡8교(수위계),2007-09-26,22,22,22,22,22,23,23,23,23,22,22,22,23,23,23,23,23,23,23,23,22,22,23,22
8,차룡8교(수위계),2007-09-27,22,22,22,22,23,23,22,22,22,23,23,22,22,23,23,23,23,23,23,23,23,22,22,22
1,중앙동,2007-09-28,0,0,0,0,0,0,0,0,0,0,0,0,0,0,0,0,0,0,0,0,0,0,0,0
2,국방연구소,2007-09-28,0,0,0,0,0,0,0,0,0,0,0,0,0,0,0,0,0,0,0,0,0,0,0,0
3,북면,2007-09-28,0,0,0,0,0,0,0,0,0,0,0,0,0,0,0,0,0,0,0,0,0,0,0,0
4,명곡동,2007-09-28,0,0,0,0,0,0,0,0,0,0,0,0,0,0,0,0,0,0,0,0,0,0,0,0
6,성산구청,2007-09-28,0,0,0,0,0,0,0,0,0,0,0,0,0,0,0,0,0,0,0,0,0,0,0,0
7,웅남동,2007-09-28,0,0,0,0,0,0,0,0,0,0,0,0,0,0,0,0,0,0,0,0,0,0,0,0
8,차룡8교(수위계),2007-09-28,22,22,22,23,23,23,23,23,23,23,23,23,23,23,23,23,23,23,23,23,23,23,23,23
1,중앙동,2007-09-29,0,0,0,0,0,0,0,0,0,0,0,0,0,0,0,0,0,0,0,0,0,0,0,0
2,국방연구소,2007-09-29,0,0,0,0,0,0,0,0,0,0,0,0,0,0,0,0,0,0,0,0,0,0,0,0
3,북면,2007-09-29,0,0,0,0,0,0,0,0,0,0,0,0,0,0,0,0,0,0,0,0,0,0,0,0
4,명곡동,2007-09-29,0,0,0,0,0,0,0,0,0,0,0,0,0,0,0,0,0,0,0,0,0,0,0,0
6,성산구청,2007-09-29,0,0,0,0,0,0,0,0,0,0,0,0,0,0,0,0,0,0,0,0,0,0,0,0
7,웅남동,2007-09-29,0,0,0,0,0,0,0,0,0,0,0,0,0,0,0,0,0,0,0,0,0,0,0,0
8,차룡8교(수위계),2007-09-29,23,23,23,23,23,23,23,22,22,22,22,22,23,23,22,22,22,22,22,22,22,22,22,22
1,중앙동,2007-09-30,0,0,0,0,0,0,0,0,0,0,0,0,0,0,0,0,0,0,0,0,0,0,0,0
2,국방연구소,2007-09-30,0,0,0,0,0,0,0,0,0,0,0,0,0,0,0,0,0,0,0,0,0,0,0,0
3,북면,2007-09-30,0,0,0,0,0,0,0,0,0,0,0,0,0,0,0,0,0,0,0,0,0,0,0,0
4,명곡동,2007-09-30,0,0,0,0,0,0,0,0,0,0,0,0,0,0,0,0,0,0,0,0,0,0,0,0
6,성산구청,2007-09-30,0,0,0,0,0,0,0,0,0,0,0,0,0,0,0,0,0,0,0,0,0,0,0,0
7,웅남동,2007-09-30,0,0,0,0,0,0,0,0,0,0,0,0,0,0,0,0,0,0,0,0,0,0,0,0
8,차룡8교(수위계),2007-09-30,22,22,22,22,22,22,22,22,22,22,22,22,22,22,22,22,22,22,22,22,22,22,22,22
1,중앙동,2007-10-01,0,0,0,0,0,0,0,0,0,0,0,0,0,0,0,0,0,0,0,0,0,0,0,0
2,국방연구소,2007-10-01,0,0,0,0,0,0,0,0,0,0,0,0,0,0,0,0,0,0,0,0,0,0,0,0
3,북면,2007-10-01,0,0,0,0,0,0,0,0,0,0,0,0,0,0,0,0,0,0,0,0,0,0,0,0
4,명곡동,2007-10-01,0,0,0,0,0,0,0,0,0,0,0,0,0,0,0,0,0,0,0,0,0,0,0,0
6,성산구청,2007-10-01,0,0,0,0,0,0,0,0,0,0,0,0,0,0,0,0,0,0,0,0,0,0,0,0
7,웅남동,2007-10-01,0,0,0,0,0,0,0,0,0,0,0,0,0,0,0,0,0,0,0,0,0,0,0,0
8,차룡8교(수위계),2007-10-01,22,22,22,22,22,22,22,22,22,22,22,22,22,23,23,23,23,23,23,23,22,22,22,22
8,차룡8교(수위계),2007-10-02,22,22,22,22,22,22,22,22,22,23,23,22,22,22,23,22,22,22,23,22,22,22,22,22
1,중앙동,2007-10-03,0,0,0,0,0,0,0,0,0,0,0,0,0,0,0,0,0,0,0,0,0,0,0,0
2,국방연구소,2007-10-03,0,0,0,0,0,0,0,0,0,0,0,0,0,0,0,0,0,0,0,0,0,0,0,0
3,북면,2007-10-03,0,0,0,0,0,0,0,0,0,0,0,0,0,0,0,0,0,0,0,0,0,0,0,0
4,명곡동,2007-10-03,0,0,0,0,0,0,0,0,0,0,0,0,0,0,0,0,0,0,0,0,0,0,0,0
6,성산구청,2007-10-03,0,0,0,0,0,0,0,0,0,0,0,0,0,0,0,0,0,0,0,0,0,0,0,0
7,웅남동,2007-10-03,0,0,0,0,0,0,0,0,0,0,0,0,0,0,0,0,0,0,0,0,0,0,0,0
8,차룡8교(수위계),2007-10-03,22,22,22,22,22,22,22,22,22,22,22,23,22,23,23,23,23,23,23,22,22,22,22,22
1,중앙동,2007-10-04,0,0,0,0,0,0,0,0,0,0,0,0,0,0,0,0,0,0,0,0,0,0,0,0
2,국방연구소,2007-10-04,0,0,0,0,0,0,0,0,0,0,0,0,0,0,0,0,0,0,0,0,0,0,0,0
3,북면,2007-10-04,0,0,0,0,0,0,0,0,0,0,0,0,0,0,0,0,0,0,0,0,0,0,0,0
4,명곡동,2007-10-04,0,0,0,0,0,0,0,0,0,0,0,0,0,0,0,0,0,0,0,0,0,0,0,0
6,성산구청,2007-10-04,0,0,0,0,0,0,0,0,0,0,0,0,0,0,0,0,0,0,0,0,0,0,0,0
7,웅남동,2007-10-04,0,0,0,0,0,0,0,0,0,0,0,0,0,0,0,0,0,0,0,0,0,0,0,0
8,차룡8교(수위계),2007-10-04,22,22,22,22,22,22,22,22,22,22,22,22,23,23,23,23,23,23,23,22,22,22,22,22
1,중앙동,2007-10-05,0,0,0,0,0,0,0,0,0,0,0,0,0,0,0,0,0,0,0,0,0,0,0,0
2,국방연구소,2007-10-05,0,0,0,0,0,0,0,0,0,0,0,0,0,0,0,0,0,0,0,0,0,0,0,0
3,북면,2007-10-05,0,0,0,0,0,0,0,0,0,0,0,0,0,0,0,0,0,0,0,0,0,0,0,0
4,명곡동,2007-10-05,0,0,0,0,0,0,0,0,0,0,0,0,0,0,0,0,0,0,0,0,0,0,0,0
6,성산구청,2007-10-05,0,0,0,0,0,0,0,0,0,0,0,0,0,0,0,0,0,0,0,0,0,0,0,0
7,웅남동,2007-10-05,0,0,0,0,0,0,0,0,0,0,0,0,0,0,0,0,0,0,0,0,0,0,0,0
8,차룡8교(수위계),2007-10-05,22,22,22,22,22,22,22,22,22,22,22,22,22,22,23,23,23,23,23,23,23,23,22,22
1,중앙동,2007-10-06,0,0,0,0,0,0,0,0,0,0,0,0,0,0,0,0,0,0,0,0,0,0,0,0
2,국방연구소,2007-10-06,0,0,0,0,0,0,0,0,0,0,0,0,0,0,0,0,0,0,0,0,0,0,0,0
3,북면,2007-10-06,0,0,0,0,0,0,0,0,0,0,0,0,0,0,0,0,0,0,0,0,0,0,0,0
4,명곡동,2007-10-06,0,0,0,0,0,0,0,0,0,0,0,0,0,0,0,0,0,0,0,0,0,0,0,0
6,성산구청,2007-10-06,0,0,0,0,0,0,0,0,0,0,0,0,0,0,0,0,0,0,0,0,0,0,0,0
7,웅남동,2007-10-06,0,0,0,0,0,0,0,0,0,0,0,0,0,0,0,0,0,0,0,0,0,0,0,0
8,차룡8교(수위계),2007-10-06,22,22,22,22,22,22,22,22,22,22,22,22,22,23,23,23,23,23,23,23,23,23,23,22
1,중앙동,2007-10-07,0,0,0,0,0,0,0,0,0,0,0,0,0,0,0,0,0,0,0,0,0,0,0,0
2,국방연구소,2007-10-07,0,0,0,0,0,0,0,0,0,0,0,0,0,0,0,0,0,0,0,0,0,0,0,0
3,북면,2007-10-07,0,0,0,0,0,0,0,0,0,0,0,0,0,0,0,0,0,0,0,0,0,0,0,0
4,명곡동,2007-10-07,0,0,0,0,0,0,0,0,0,0,0,0,0,0,0,0,0,0,0,0,0,0,0,0
6,성산구청,2007-10-07,0,0,0,0,0,0,0,0,0,0,0,0,0,0,0,0,0,0,0,0,0,0,0,0
7,웅남동,2007-10-07,0,0,0,0,0,0,0,0,0,0,0,0,0,0,0,0,0,0,0,0,0,0,0,0
8,차룡8교(수위계),2007-10-07,22,22,22,22,22,22,22,22,22,22,22,22,22,22,22,22,22,22,22,22,22,37,23,23
1,중앙동,2007-10-08,0,0,0,0,0,0,0,0,0,0,0,0,0,0,0,0,0,0,0,0,0,0,0,0
2,국방연구소,2007-10-08,0,0,0,0,0,0,0,0,0,0,0,0,0,0,0,0,0,0,0,0,0,0,0,0
3,북면,2007-10-08,0,0,0,0,0,0,0,0,0,0,0,0,0,0,0,0,0,0,0,0,0,0,0,0
4,명곡동,2007-10-08,0,0,0,0,0,0,0,0,0,0,0,0,0,0,0,0,0,0,0,0,0,0,0,0
6,성산구청,2007-10-08,0,0,0,0,0,0,0,0,0,0,0,0,0,0,0,0,0,0,0,0,0,0,0,0
7,웅남동,2007-10-08,0,0,0,0,0,0,0,0,0,0,0,0,0,0,0,0,0,0,0,0,0,0,0,0
8,차룡8교(수위계),2007-10-08,23,22,23,22,23,22,22,22,22,22,22,22,22,23,23,23,23,23,23,23,23,23,23,23
8,차룡8교(수위계),2007-10-09,23,23,23,23,23,23,23,23,23,23,22,22,22,22,22,22,22,22,22,22,22,22,22,22
1,중앙동,2007-10-10,0,0,0,0,0,0,0,0,0,0,0,0,0,0,0,0,0,0,0,0,0,0,0,0
2,국방연구소,2007-10-10,0,0,0,0,0,0,0,0,0,0,0,0,0,0,0,0,0,0,0,0,0,0,0,0
3,북면,2007-10-10,0,0,0,0,0,0,0,0,0,0,0,0,0,0,0,0,0,0,0,0,0,0,0,0
4,명곡동,2007-10-10,0,0,0,0,0,0,0,0,0,0,0,0,0,0,0,0,0,0,0,0,0,0,0,0
6,성산구청,2007-10-10,0,0,0,0,0,0,0,0,0,0,0,0,0,0,0,0,0,0,0,0,0,0,0,0
7,웅남동,2007-10-10,0,0,0,0,0,0,0,0,0,0,0,0,0,0,0,0,0,0,0,0,0,0,0,0
8,차룡8교(수위계),2007-10-10,22,22,22,22,22,22,22,22,22,23,23,22,22,22,22,22,22,22,22,22,22,22,23,22
1,중앙동,2007-10-11,0,0,0,0,0,0,0,0,0,0,0,0,0,0,0,0,0,0,0,0,0,0,0,0
2,국방연구소,2007-10-11,0,0,0,0,0,0,0,0,0,0,0,0,0,0,0,0,0,0,0,0,0,0,0,0
3,북면,2007-10-11,0,0,0,0,0,0,0,0,0,0,0,0,0,0,0,0,0,0,0,0,0,0,0,0
4,명곡동,2007-10-11,0,0,0,0,0,0,0,0,0,0,0,0,0,0,0,0,0,0,0,0,0,0,0,0
6,성산구청,2007-10-11,0,0,0,0,0,0,0,0,0,0,0,0,0,0,0,0,0,0,0,0,0,0,0,0
7,웅남동,2007-10-11,0,0,0,0,0,0,0,0,0,0,0,0,0,0,0,0,0,0,0,0,0,0,0,0
8,차룡8교(수위계),2007-10-11,22,22,23,23,22,22,23,22,22,23,23,22,23,23,22,23,23,23,23,23,23,23,23,23
1,중앙동,2007-10-12,0,0,0,0,0,0,0,0,0,0,0,0,0,0,0,0,0,0,0,0,0,0,0,0
2,국방연구소,2007-10-12,0,0,0,0,0,0,0,0,0,0,0,0,0,0,0,0,0,0,0,0,0,0,0,0
3,북면,2007-10-12,0,0,0,0,0,0,0,0,0,0,0,0,0,0,0,0,0,0,0,0,0,0,0,0
4,명곡동,2007-10-12,0,0,0,0,0,0,0,0,0,0,0,0,0,0,0,0,0,0,0,0,0,0,0,0
6,성산구청,2007-10-12,0,0,0,0,0,0,0,0,0,0,0,0,0,0,0,0,0,0,0,0,0,0,0,0
7,웅남동,2007-10-12,0,0,0,0,0,0,0,0,0,0,0,0,0,0,0,0,0,0,0,0,0,0,0,0
8,차룡8교(수위계),2007-10-12,23,23,23,23,23,23,23,23,22,23,23,23,23,23,23,23,23,23,23,23,23,23,23,23
1,중앙동,2007-10-13,0,0,0,0,0,0,0,0,0,0,0,0,0,0,0,0,0,0,0,0,0,0,0,0
2,국방연구소,2007-10-13,0,0,0,0,0,0,0,0,0,0,0,0,0,0,0,0,0,0,0,0,0,0,0,0
3,북면,2007-10-13,0,0,0,0,0,0,0,0,0,0,0,0,0,0,0,0,0,0,0,0,0,0,0,0
4,명곡동,2007-10-13,0,0,0,0,0,0,0,0,0,0,0,0,0,0,0,0,0,0,0,0,0,0,0,0
6,성산구청,2007-10-13,0,0,0,0,0,0,0,0,0,0,0,0,0,0,0,0,0,0,0,0,0,0,0,0
7,웅남동,2007-10-13,0,0,0,0,0,0,0,0,0,0,0,0,0,0,0,0,0,0,0,0,0,0,0,0
8,차룡8교(수위계),2007-10-13,23,23,22,22,22,22,22,22,22,22,22,23,23,23,23,23,23,23,23,23,22,22,22,22
1,중앙동,2007-10-14,0,0,0,0,0,0,0,0,0,0,0,0,0,0,0,0,0,0,0,0,0,0,0,0
2,국방연구소,2007-10-14,0,0,0,0,0,0,0,0,0,0,0,0,0,0,0,0,0,0,0,0,0,0,0,0
3,북면,2007-10-14,0,0,0,0,0,0,0,0,0,0,0,0,0,0,0,0,0,0,0,0,0,0,0,0
4,명곡동,2007-10-14,0,0,0,0,0,0,0,0,0,0,0,0,0,0,0,0,0,0,0,0,0,0,0,0
6,성산구청,2007-10-14,0,0,0,0,0,0,0,0,0,0,0,0,0,0,0,0,0,0,0,0,0,0,0,0
7,웅남동,2007-10-14,0,0,0,0,0,0,0,0,0,0,0,0,0,0,0,0,0,0,0,0,0,0,0,0
8,차룡8교(수위계),2007-10-14,22,22,22,22,22,22,22,22,22,22,22,22,23,23,22,23,23,23,23,23,23,23,22,22
1,중앙동,2007-10-15,0,0,0,0,0,0,0,0,0,0,0,0,0,0,0,0,0,0,0,0,0,0,0,0
2,국방연구소,2007-10-15,0,0,0,0,0,0,0,0,0,0,0,0,0,0,0,0,0,0,0,0,0,0,0,0
3,북면,2007-10-15,0,0,0,0,0,0,0,0,0,0,0,0,0,0,0,0,0,0,0,0,0,0,0,0
4,명곡동,2007-10-15,0,0,0,0,0,0,0,0,0,0,0,0,0,0,0,0,0,0,0,0,0,0,0,0
6,성산구청,2007-10-15,0,0,0,0,0,0,0,0,0,0,0,0,0,0,0,0,0,0,0,0,0,0,0,0
7,웅남동,2007-10-15,0,0,0,0,0,0,0,0,0,0,0,0,0,0,0,0,0,0,0,0,0,0,0,0
8,차룡8교(수위계),2007-10-15,22,22,22,22,22,22,22,22,22,22,22,23,22,22,23,23,23,23,23,23,23,23,23,23
1,중앙동,2007-10-16,0,0,0,0,0,0,0,0,0,0,0,0,0,0,0,0,0,0,0,0,0,0,0,0
2,국방연구소,2007-10-16,0,0,0,0,0,0,0,0,0,0,0,0,0,0,0,0,0,0,0,0,0,0,0,0
3,북면,2007-10-16,0,0,0,0,0,0,0,0,0,0,0,0,0,0,0,0,0,0,0,0,0,0,0,0
4,명곡동,2007-10-16,0,0,0,0,0,0,0,0,0,0,0,0,0,0,0,0,0,0,0,0,0,0,0,0
6,성산구청,2007-10-16,0,0,0,0,0,0,0,0,0,0,0,0,0,0,0,0,0,0,0,0,0,0,0,0
7,웅남동,2007-10-16,0,0,0,0,0,0,0,0,0,0,0,0,0,0,0,0,0,0,0,0,0,0,0,0
8,차룡8교(수위계),2007-10-16,23,22,22,22,22,22,22,22,22,22,22,22,22,23,23,23,23,44,23,23,22,22,22,22
8,차룡8교(수위계),2007-10-17,22,22,22,22,22,22,22,21,21,22,22,23,22,23,23,23,23,23,22,22,22,22,22,22
1,중앙동,2007-10-18,0,0,0,0,0,0,0,0,0,0,0,0,0,0,0,0,0,0,0,0,0,0,0,0
2,국방연구소,2007-10-18,0,0,0,0,0,0,0,0,0,0,0,0,0,0,0,0,0,0,0,0,0,0,0,0
3,북면,2007-10-18,0,0,0,0,0,0,0,0,0,0,0,0,0,0,0,0,0,0,0,0,0,0,0,0
4,명곡동,2007-10-18,0,0,0,0,0,0,0,0,0,0,0,0,0,0,0,0,0,0,0,0,0,0,0,0
6,성산구청,2007-10-18,0,0,0,0,0,0,0,0,0,0,0,0,0,0,0,0,0,0,0,0,0,0,0,0
7,웅남동,2007-10-18,0,0,0,0,0,0,0,0,0,0,0,0,0,0,0,0,0,0,0,0,0,0,0,0
8,차룡8교(수위계),2007-10-18,22,22,22,22,22,22,22,22,21,22,22,23,22,22,23,23,23,23,23,23,23,22,22,22
1,중앙동,2007-10-19,0,0,0,0,0,0,0,0,0,0,0,0,0,0,0,0,0,0,0,0,0,0,0,0
2,국방연구소,2007-10-19,0,0,0,0,0,0,0,0,0,0,0,0,0,0,0,0,0,0,0,0,0,0,0,0
3,북면,2007-10-19,0,0,0,0,0,0,0,0,0,0,0,0,0,0,0,0,0,0,0,0,0,0,0,0
4,명곡동,2007-10-19,0,0,0,0,0,0,0,0,0,0,0,0,0,0,0,0,0,0,0,0,0,0,0,0
6,성산구청,2007-10-19,0,0,0,0,0,0,0,0,0,0,0,0,0,0,0,0,0,0,0,0,0,0,0,0
7,웅남동,2007-10-19,0,0,0,0,0,0,0,0,0,0,0,0,0,0,0,0,0,0,0,0,0,0,0,0
8,차룡8교(수위계),2007-10-19,22,22,22,22,22,22,21,22,22,22,22,22,22,23,23,22,23,23,23,22,22,22,22,22
1,중앙동,2007-10-20,0,0,0,0,0,0,0,0,0,0,0,0,0,0,0,0,0,0,0,0,0,0,0,0
2,국방연구소,2007-10-20,0,0,0,0,0,0,0,0,0,0,0,0,0,0,0,0,0,0,0,0,0,0,0,0
3,북면,2007-10-20,0,0,0,0,0,0,0,0,0,0,0,0,0,0,0,0,0,0,0,0,0,0,0,0
4,명곡동,2007-10-20,0,0,0,0,0,0,0,0,0,0,0,0,0,0,0,0,0,0,0,0,0,0,0,0
6,성산구청,2007-10-20,0,0,0,0,0,0,0,0,0,0,0,0,0,0,0,0,0,0,0,0,0,0,0,0
7,웅남동,2007-10-20,0,0,0,0,0,0,0,0,0,0,0,0,0,0,0,0,0,0,0,0,0,0,0,0
8,차룡8교(수위계),2007-10-20,22,22,22,22,22,22,22,22,22,22,22,22,22,22,22,22,22,22,22,22,22,22,22,22
1,중앙동,2007-10-21,0,0,0,0,0,0,0,0,0,0,0,0,0,0,0,0,0,0,0,0,0,0,0,0
2,국방연구소,2007-10-21,0,0,0,0,0,0,0,0,0,0,0,0,0,0,0,0,0,0,0,0,0,0,0,0
3,북면,2007-10-21,0,0,0,0,0,0,0,0,0,0,0,0,0,0,0,0,0,0,0,0,0,0,0,0
4,명곡동,2007-10-21,0,0,0,0,0,0,0,0,0,0,0,0,0,0,0,0,0,0,0,0,0,0,0,0
6,성산구청,2007-10-21,0,0,0,0,0,0,0,0,0,0,0,0,0,0,0,0,0,0,0,0,0,0,0,0
7,웅남동,2007-10-21,0,0,0,0,0,0,0,0,0,0,0,0,0,0,0,0,0,0,0,0,0,0,0,0
8,차룡8교(수위계),2007-10-21,22,22,22,22,22,22,22,22,22,22,22,22,22,22,22,22,23,22,22,22,22,22,22,22
1,중앙동,2007-10-22,0,0,0,0,0,0,0,0,0,0,0,0,0,0,0,0,0,0,0,0,0,0,0,0
2,국방연구소,2007-10-22,0,0,0,0,0,0,0,0,0,0,0,0,0,0,0,0,0,0,0,0,0,0,0,0
3,북면,2007-10-22,0,0,0,0,0,0,0,0,0,0,0,0,0,0,0,0,0,0,0,0,0,0,0,0
4,명곡동,2007-10-22,0,0,0,0,0,0,0,0,0,0,0,0,0,0,0,0,0,0,0,0,0,0,0,0
6,성산구청,2007-10-22,0,0,0,0,0,0,0,0,0,0,0,0,0,0,0,0,0,0,0,0,0,0,0,0
7,웅남동,2007-10-22,0,0,0,0,0,0,0,0,0,0,0,0,0,0,0,0,0,0,0,0,0,0,0,0
8,차룡8교(수위계),2007-10-22,22,22,22,22,22,22,22,22,20,21,21,22,22,22,22,22,22,23,22,22,22,22,22,22
1,중앙동,2007-10-23,0,0,0,0,0,0,0,0,0,0,0,0,0,0,0,0,0,0,0,0,0,0,0,0
2,국방연구소,2007-10-23,0,0,0,0,0,0,0,0,0,0,0,0,0,0,0,0,0,0,0,0,0,0,0,0
3,북면,2007-10-23,0,0,0,0,0,0,0,0,0,0,0,0,0,0,0,0,0,0,0,0,0,0,0,0
4,명곡동,2007-10-23,0,0,0,0,0,0,0,0,0,0,0,0,0,0,0,0,0,0,0,0,0,0,0,0
6,성산구청,2007-10-23,0,0,0,0,0,0,0,0,0,0,0,0,0,0,0,0,0,0,0,0,0,0,0,0
7,웅남동,2007-10-23,0,0,0,0,0,0,0,0,0,0,0,0,0,0,0,0,0,0,0,0,0,0,0,0
8,차룡8교(수위계),2007-10-23,22,22,22,22,22,22,21,21,19,21,22,22,22,22,22,22,22,22,22,22,22,22,22,22
1,중앙동,2007-10-24,0,0,0,0,0,0,0,0,0,0,0,0,0,0,0,0,0,0,0,0,0,0,0,0
2,국방연구소,2007-10-24,0,0,0,0,0,0,0,0,0,0,0,0,0,0,0,0,0,0,0,0,0,0,0,0
3,북면,2007-10-24,0,0,0,0,0,0,0,0,0,0,0,0,0,0,0,0,0,0,0,0,0,0,0,0
4,명곡동,2007-10-24,0,0,0,0,0,0,0,0,0,0,0,0,0,0,0,0,0,0,0,0,0,0,0,0
6,성산구청,2007-10-24,0,0,0,0,0,0,0,0,0,0,0,0,0,0,0,0,0,0,0,0,0,0,0,0
7,웅남동,2007-10-24,0,0,0,0,0,0,0,0,0,0,0,0,0,0,0,0,0,0,0,0,0,0,0,0
8,차룡8교(수위계),2007-10-24,22,22,22,22,21,21,21,22,21,21,22,22,22,22,22,22,22,22,22,22,22,22,22,22
8,차룡8교(수위계),2007-10-25,22,21,22,21,21,22,22,22,21,21,22,22,22,22,22,22,22,22,22,22,22,22,22,22
1,중앙동,2007-10-26,0,0,0,0,0,0,0,0,0,0,0,0,0,0,0,0,0,0,0,0,0,0,0,0
2,국방연구소,2007-10-26,0,0,0,0,0,0,0,0,0,0,0,0,0,0,0,0,0,0,0,0,0,0,0,0
3,북면,2007-10-26,0,0,0,0,0,0,0,0,0,0,0,0,0,0,0,0,0,0,0,0,0,0,0,0
4,명곡동,2007-10-26,0,0,0,0,0,0,0,0,0,0,0,0,0,0,0,0,0,0,0,0,0,0,0,0
6,성산구청,2007-10-26,0,0,0,0,0,0,0,0,0,0,0,0,0,0,0,0,0,0,0,0,0,0,0,0
7,웅남동,2007-10-26,0,0,0,0,0,0,0,0,0,0,0,0,0,0,0,0,0,0,0,0,0,0,0,0
8,차룡8교(수위계),2007-10-26,22,21,21,21,21,21,21,21,21,21,21,22,22,22,22,22,22,22,22,22,22,22,22,22
8,차룡8교(수위계),2007-10-27,22,22,22,22,22,22,22,22,22,22,22,22,22,22,22,22,22,22,22,22,22,22,22,22
1,중앙동,2007-10-28,0,0,0,0,0,0,0,0,0,0,0,0,0,0,0,0,0,0,0,0,0,0,0,0
2,국방연구소,2007-10-28,0,0,0,0,0,0,0,0,0,0,0,0,0,0,0,0,0,0,0,0,0,0,0,0
3,북면,2007-10-28,0,0,0,0,0,0,0,0,0,0,0,0,0,0,0,0,0,0,0,0,0,0,0,0
4,명곡동,2007-10-28,0,0,0,0,0,0,0,0,0,0,0,0,0,0,0,0,0,0,0,0,0,0,0,0
6,성산구청,2007-10-28,0,0,0,0,0,0,0,0,0,0,0,0,0,0,0,0,0,0,0,0,0,0,0,0
7,웅남동,2007-10-28,0,0,0,0,0,0,0,0,0,0,0,0,0,0,0,0,0,0,0,0,0,0,0,0
8,차룡8교(수위계),2007-10-28,22,22,22,22,21,21,21,21,20,21,22,22,22,22,22,22,22,22,22,22,22,22,22,22
1,중앙동,2007-10-29,0,0,0,0,0,0,0,0,0,0,0,0,0,0,0,0,0,0,0,0,0,0,0,0
2,국방연구소,2007-10-29,0,0,0,0,0,0,0,0,0,0,0,0,0,0,0,0,0,0,0,0,0,0,0,0
3,북면,2007-10-29,0,0,0,0,0,0,0,0,0,0,0,0,0,0,0,0,0,0,0,0,0,0,0,0
4,명곡동,2007-10-29,0,0,0,0,0,0,0,0,0,0,0,0,0,0,0,0,0,0,0,0,0,0,0,0
6,성산구청,2007-10-29,0,0,0,0,0,0,0,0,0,0,0,0,0,0,0,0,0,0,0,0,0,0,0,0
7,웅남동,2007-10-29,0,0,0,0,0,0,0,0,0,0,0,0,0,0,0,0,0,0,0,0,0,0,0,0
8,차룡8교(수위계),2007-10-29,22,22,22,22,22,22,22,22,22,22,22,22,22,22,22,22,22,22,22,22,22,22,22,22
1,중앙동,2007-10-30,0,0,0,0,0,0,0,0,0,0,0,0,0,0,0,0,0,0,0,0,0,0,0,0
2,국방연구소,2007-10-30,0,0,0,0,0,0,0,0,0,0,0,0,0,0,0,0,0,0,0,0,0,0,0,0
3,북면,2007-10-30,0,0,0,0,0,0,0,0,0,0,0,0,0,0,0,0,0,0,0,0,0,0,0,0
4,명곡동,2007-10-30,0,0,0,0,0,0,0,0,0,0,0,0,0,0,0,0,0,0,0,0,0,0,0,0
6,성산구청,2007-10-30,0,0,0,0,0,0,0,0,0,0,0,0,0,0,0,0,0,0,0,0,0,0,0,0
7,웅남동,2007-10-30,0,0,0,0,0,0,0,0,0,0,0,0,0,0,0,0,0,0,0,0,0,0,0,0
8,차룡8교(수위계),2007-10-30,22,22,22,22,22,22,22,22,22,22,22,22,22,22,22,23,22,22,22,22,22,22,22,21
1,중앙동,2007-10-31,0,0,0,0,0,0,0,0,0,0,0,0,0,0,0,0,0,0,0,0,0,0,0,0
2,국방연구소,2007-10-31,0,0,0,0,0,0,0,0,0,0,0,0,0,0,0,0,0,0,0,0,0,0,0,0
3,북면,2007-10-31,0,0,0,0,0,0,0,0,0,0,0,0,0,0,0,0,0,0,0,0,0,0,0,0
4,명곡동,2007-10-31,0,0,0,0,0,0,0,0,0,0,0,0,0,0,0,0,0,0,0,0,0,0,0,0
6,성산구청,2007-10-31,0,0,0,0,0,0,0,0,0,0,0,0,0,0,0,0,0,0,0,0,0,0,0,0
7,웅남동,2007-10-31,0,0,0,0,0,0,0,0,0,0,0,0,0,0,0,0,0,0,0,0,0,0,0,0
8,차룡8교(수위계),2007-10-31,21,22,22,21,21,21,21,21,21,22,22,22,22,22,22,22,22,22,22,22,22,22,22,22
8,차룡8교(수위계),2007-11-01,22,22,22,22,22,22,22,22,22,22,22,22,22,22,22,22,22,22,22,22,22,22,22,22
1,중앙동,2007-11-02,0,0,0,0,0,0,0,0,0,0,0,0,0,0,0,0,0,0,0,0,0,0,0,0
2,국방연구소,2007-11-02,0,0,0,0,0,0,0,0,0,0,0,0,0,0,0,0,0,0,0,0,0,0,0,0
3,북면,2007-11-02,0,0,0,0,0,0,0,0,0,0,0,0,0,0,0,0,0,0,0,0,0,0,0,0
4,명곡동,2007-11-02,0,0,0,0,0,0,0,0,0,0,0,0,0,0,0,0,0,0,0,0,0,0,0,0
6,성산구청,2007-11-02,0,0,0,0,0,0,0,0,0,0,0,0,0,0,0,0,0,0,0,0,0,0,0,0
7,웅남동,2007-11-02,0,0,0,0,0,0,0,0,0,0,0,0,0,0,0,0,0,0,0,0,0,0,0,0
8,차룡8교(수위계),2007-11-02,22,22,22,22,22,22,22,22,22,22,22,22,22,22,22,22,22,22,22,22,22,22,22,22
1,중앙동,2007-11-03,0,0,0,0,0,0,0,0,0,0,0,0,0,0,0,0,0,0,0,0,0,0,0,0
2,국방연구소,2007-11-03,0,0,0,0,0,0,0,0,0,0,0,0,0,0,0,0,0,0,0,0,0,0,0,0
3,북면,2007-11-03,0,0,0,0,0,0,0,0,0,0,0,0,0,0,0,0,0,0,0,0,0,0,0,0
4,명곡동,2007-11-03,0,0,0,0,0,0,0,0,0,0,0,0,0,0,0,0,0,0,0,0,0,0,0,0
6,성산구청,2007-11-03,0,0,0,0,0,0,0,0,0,0,0,0,0,0,0,0,0,0,0,0,0,0,0,0
7,웅남동,2007-11-03,0,0,0,0,0,0,0,0,0,0,0,0,0,0,0,0,0,0,0,0,0,0,0,0
8,차룡8교(수위계),2007-11-03,22,22,22,22,21,22,22,22,21,21,22,22,22,22,22,22,22,22,22,22,22,22,22,22
1,중앙동,2007-11-04,0,0,0,0,0,0,0,0,0,0,0,0,0,0,0,0,0,0,0,0,0,0,0,0
2,국방연구소,2007-11-04,0,0,0,0,0,0,0,0,0,0,0,0,0,0,0,0,0,0,0,0,0,0,0,0
3,북면,2007-11-04,0,0,0,0,0,0,0,0,0,0,0,0,0,0,0,0,0,0,0,0,0,0,0,0
4,명곡동,2007-11-04,0,0,0,0,0,0,0,0,0,0,0,0,0,0,0,0,0,0,0,0,0,0,0,0
6,성산구청,2007-11-04,0,0,0,0,0,0,0,0,0,0,0,0,0,0,0,0,0,0,0,0,0,0,0,0
7,웅남동,2007-11-04,0,0,0,0,0,0,0,0,0,0,0,0,0,0,0,0,0,0,0,0,0,0,0,0
8,차룡8교(수위계),2007-11-04,22,22,21,22,22,21,21,21,21,21,21,22,22,22,22,22,22,22,22,22,22,22,22,22
1,중앙동,2007-11-05,0,0,0,0,0,0,0,0,0,0,0,0,0,0,0,0,0,0,0,0,0,0,0,0
2,국방연구소,2007-11-05,0,0,0,0,0,0,0,0,0,0,0,0,0,0,0,0,0,0,0,0,0,0,0,0
3,북면,2007-11-05,0,0,0,0,0,0,0,0,0,0,0,0,0,0,0,0,0,0,0,0,0,0,0,0
4,명곡동,2007-11-05,0,0,0,0,0,0,0,0,0,0,0,0,0,0,0,0,0,0,0,0,0,0,0,0
6,성산구청,2007-11-05,0,0,0,0,0,0,0,0,0,0,0,0,0,0,0,0,0,0,0,0,0,0,0,0
7,웅남동,2007-11-05,0,0,0,0,0,0,0,0,0,0,0,0,0,0,0,0,0,0,0,0,0,0,0,0
8,차룡8교(수위계),2007-11-05,22,21,21,21,21,21,21,21,21,21,22,22,21,22,22,22,22,22,22,22,22,21,22,22
8,차룡8교(수위계),2007-11-06,22,21,21,21,21,21,21,21,22,21,22,22,22,22,22,22,22,22,22,22,22,22,22,22
1,중앙동,2007-11-07,0,0,0,0,0,0,0,0,0,0,0,0,0,0,0,0,0,0,0,0,0,0,0,0
2,국방연구소,2007-11-07,0,0,0,0,0,0,0,0,0,0,0,0,0,0,0,0,0,0,0,0,0,0,0,0
3,북면,2007-11-07,0,0,0,0,0,0,0,0,0,0,0,0,0,0,0,0,0,0,0,0,0,0,0,0
4,명곡동,2007-11-07,0,0,0,0,0,0,0,0,0,0,0,0,0,0,0,0,0,0,0,0,0,0,0,0
6,성산구청,2007-11-07,0,0,0,0,0,0,0,0,0,0,0,0,0,0,0,0,0,0,0,0,0,0,0,0
7,웅남동,2007-11-07,0,0,0,0,0,0,0,0,0,0,0,0,0,0,0,0,0,0,0,0,0,0,0,0
8,차룡8교(수위계),2007-11-07,22,21,22,21,21,21,21,21,19,21,21,22,22,22,22,22,22,22,22,22,22,22,22,22
8,차룡8교(수위계),2007-11-08,22,21,21,21,21,21,21,21,21,21,21,22,22,22,22,22,22,22,22,22,22,21,22,22
8,차룡8교(수위계),2007-11-09,22,21,21,21,21,21,21,21,20,20,21,22,22,22,22,22,22,22,22,21,21,21,21,22
1,중앙동,2007-11-10,0,0,0,0,0,0,0,0,0,0,0,0,0,0,0,0,0,0,0,0,0,0,0,0
2,국방연구소,2007-11-10,0,0,0,0,0,0,0,0,0,0,0,0,0,0,0,0,0,0,0,0,0,0,0,0
3,북면,2007-11-10,0,0,0,0,0,0,0,0,0,0,0,0,0,0,0,0,0,0,0,0,0,0,0,0
4,명곡동,2007-11-10,0,0,0,0,0,0,0,0,0,0,0,0,0,0,0,0,0,0,0,0,0,0,0,0
6,성산구청,2007-11-10,0,0,0,0,0,0,0,0,0,0,0,0,0,0,0,0,0,0,0,0,0,0,0,0
7,웅남동,2007-11-10,0,0,0,0,0,0,0,0,0,0,0,0,0,0,0,0,0,0,0,0,0,0,0,0
8,차룡8교(수위계),2007-11-10,22,21,21,21,22,22,22,22,22,22,22,22,22,22,22,22,22,22,22,22,22,22,22,22
8,차룡8교(수위계),2007-11-11,22,22,22,22,22,21,21,21,22,22,22,22,22,22,22,22,22,22,22,22,22,22,22,22
8,차룡8교(수위계),2007-11-12,22,22,22,22,22,22,22,22,22,22,22,21,22,22,22,22,22,22,22,22,22,22,22,22
1,중앙동,2007-11-13,0,0,0,0,0,0,0,0,0,0,0,0,0,0,0,0,0,0,0,0,0,0,0,0
2,국방연구소,2007-11-13,0,0,0,0,0,0,0,0,0,0,0,0,0,0,0,0,0,0,0,0,0,0,0,0
3,북면,2007-11-13,0,0,0,0,0,0,0,0,0,0,0,0,0,0,0,0,0,0,0,0,0,0,0,0
4,명곡동,2007-11-13,0,0,0,0,0,0,0,0,0,0,0,0,0,0,0,0,0,0,0,0,0,0,0,0
6,성산구청,2007-11-13,0,0,0,0,0,0,0,0,0,0,0,0,0,0,0,0,0,0,0,0,0,0,0,0
7,웅남동,2007-11-13,0,0,0,0,0,0,0,0,0,0,0,0,0,0,0,0,0,0,0,0,0,0,0,0
8,차룡8교(수위계),2007-11-13,22,22,21,22,21,21,21,21,21,21,21,21,21,22,22,22,22,22,22,22,22,22,22,22
1,중앙동,2007-11-14,0,0,0,0,0,0,0,0,0,0,0,0,0,0,0,0,0,0,0,0,0,0,0,0
2,국방연구소,2007-11-14,0,0,0,0,0,0,0,0,0,0,0,0,0,0,0,0,0,0,0,0,0,0,0,0
3,북면,2007-11-14,0,0,0,0,0,0,0,0,0,0,0,0,0,0,0,0,0,0,0,0,0,0,0,0
4,명곡동,2007-11-14,0,0,0,0,0,0,0,0,0,0,0,0,0,0,0,0,0,0,0,0,0,0,0,0
6,성산구청,2007-11-14,0,0,0,0,0,0,0,0,0,0,0,0,0,0,0,0,0,0,0,0,0,0,0,0
7,웅남동,2007-11-14,0,0,0,0,0,0,0,0,0,0,0,0,0,0,0,0,0,0,0,0,0,0,0,0
8,차룡8교(수위계),2007-11-14,22,22,21,21,21,21,21,21,21,20,21,21,21,21,22,22,22,22,22,22,22,21,21,21
1,중앙동,2007-11-15,0,0,0,0,0,0,0,0,0,0,0,0,0,0,0,0,0,0,0,0,0,0,0,0
2,국방연구소,2007-11-15,0,0,0,0,0,0,0,0,0,0,0,0,0,0,0,0,0,0,0,0,0,0,0,0
3,북면,2007-11-15,0,0,0,0,0,0,0,0,0,0,0,0,0,0,0,0,0,0,0,0,0,0,0,0
4,명곡동,2007-11-15,0,0,0,0,0,0,0,0,0,0,0,0,0,0,0,0,0,0,0,0,0,0,0,0
6,성산구청,2007-11-15,0,0,0,0,0,0,0,0,0,0,0,0,0,0,0,0,0,0,0,0,0,0,0,0
7,웅남동,2007-11-15,0,0,0,0,0,0,0,0,0,0,0,0,0,0,0,0,0,0,0,0,0,0,0,0
8,차룡8교(수위계),2007-11-15,21,21,21,21,21,21,21,21,20,19,21,21,21,22,22,22,22,21,22,21,22,22,21,21
8,차룡8교(수위계),2007-11-16,21,21,21,21,21,21,21,22,21,21,21,21,21,21,21,22,22,22,22,22,22,22,22,22
1,중앙동,2007-11-17,0,0,0,0,0,0,0,0,0,0,0,0,0,0,0,0,0,0,0,0,0,0,0,0
2,국방연구소,2007-11-17,0,0,0,0,0,0,0,0,0,0,0,0,0,0,0,0,0,0,0,0,0,0,0,0
3,북면,2007-11-17,0,0,0,0,0,0,0,0,0,0,0,0,0,0,0,0,0,0,0,0,0,0,0,0
4,명곡동,2007-11-17,0,0,0,0,0,0,0,0,0,0,0,0,0,0,0,0,0,0,0,0,0,0,0,0
6,성산구청,2007-11-17,0,0,0,0,0,0,0,0,0,0,0,0,0,0,0,0,0,0,0,0,0,0,0,0
7,웅남동,2007-11-17,0,0,0,0,0,0,0,0,0,0,0,0,0,0,0,0,0,0,0,0,0,0,0,0
8,차룡8교(수위계),2007-11-17,22,22,21,21,22,21,21,22,22,21,21,21,21,21,21,21,22,21,21,21,21,21,22,22
8,차룡8교(수위계),2007-11-18,22,22,21,21,21,21,22,22,21,22,22,22,22,21,22,21,22,22,21,22,21,22,22,21
8,차룡8교(수위계),2007-11-19,21,22,22,21,21,22,22,22,22,22,21,22,21,21,21,21,21,21,21,21,22,22,22,22
8,차룡8교(수위계),2007-11-20,22,21,21,21,21,21,21,21,21,21,21,20,21,21,21,21,21,21,21,21,21,21,22,22
8,차룡8교(수위계),2007-11-21,22,22,22,22,22,22,22,22,22,22,21,21,20,21,20,21,21,21,21,21,21,21,21,21
8,차룡8교(수위계),2007-11-22,21,21,21,22,22,22,22,22,22,22,21,21,21,21,21,21,21,21,21,21,21,21,22,22
1,중앙동,2007-11-23,0,0,0,0,0,0,0,0,0,0,0,0,0,0,0,0,0,0,0,0,0,0,0,0
2,국방연구소,2007-11-23,0,0,0,0,0,0,0,0,0,0,0,0,0,0,0,0,0,0,0,0,0,0,0,0
3,북면,2007-11-23,0,0,0,0,0,0,0,0,0,0,0,0,0,0,0,0,0,0,0,0,0,0,0,0
4,명곡동,2007-11-23,0,0,0,0,0,0,0,0,0,0,0,0,0,0,0,0,0,0,0,0,0,0,0,0
6,성산구청,2007-11-23,0,0,0,0,0,0,0,0,0,0,0,0,0,0,0,0,0,0,0,0,0,0,0,0
7,웅남동,2007-11-23,0,0,0,0,0,0,0,0,0,0,0,0,0,0,0,0,0,0,0,0,0,0,0,0
8,차룡8교(수위계),2007-11-23,22,22,21,22,22,22,22,22,22,21,21,21,20,21,21,21,21,21,21,21,21,21,21,21
1,중앙동,2007-11-24,0,0,0,0,0,0,0,0,0,0,0,0,0,0,0,0,0,0,0,0,0,0,0,0
2,국방연구소,2007-11-24,0,0,0,0,0,0,0,0,0,0,0,0,0,0,0,0,0,0,0,0,0,0,0,0
3,북면,2007-11-24,0,0,0,0,0,0,0,0,0,0,0,0,0,0,0,0,0,0,0,0,0,0,0,0
4,명곡동,2007-11-24,0,0,0,0,0,0,0,0,0,0,0,0,0,0,0,0,0,0,0,0,0,0,0,0
6,성산구청,2007-11-24,0,0,0,0,0,0,0,0,0,0,0,0,0,0,0,0,0,0,0,0,0,0,0,0
7,웅남동,2007-11-24,0,0,0,0,0,0,0,0,0,0,0,0,0,0,0,0,0,0,0,0,0,0,0,0
8,차룡8교(수위계),2007-11-24,21,21,21,21,21,21,20,19,18,18,20,20,20,21,21,21,21,21,21,21,21,21,21,21
8,차룡8교(수위계),2007-11-25,21,21,21,22,21,21,21,21,20,20,20,20,21,21,21,21,21,21,21,21,21,21,21,21
8,차룡8교(수위계),2007-11-26,21,21,21,20,21,21,20,20,20,20,20,21,20,21,21,21,21,21,21,21,21,21,21,21
8,차룡8교(수위계),2007-11-27,21,21,21,21,20,21,21,21,21,21,21,21,21,21,21,21,21,21,21,21,21,21,21,22
8,차룡8교(수위계),2007-11-28,22,22,22,22,22,22,22,22,22,21,20,21,20,20,21,21,21,21,21,21,21,21,21,21
8,차룡8교(수위계),2007-11-29,21,21,21,22,22,21,21,21,21,20,20,21,21,21,21,21,21,21,21,20,21,21,21,20
8,차룡8교(수위계),2007-11-30,20,20,21,21,21,21,21,21,21,21,21,21,21,21,21,21,21,21,21,21,21,21,21,22
8,차룡8교(수위계),2007-12-01,22,22,22,22,22,22,22,21,21,21,20,21,21,21,21,21,21,21,21,21,21,20,20,21
8,차룡8교(수위계),2007-12-02,21,21,21,21,21,21,21,21,21,21,20,20,21,21,21,21,20,21,20,20,19,19,19,20
8,차룡8교(수위계),2007-12-03,20,20,20,20,20,20,20,20,20,20,20,21,21,21,21,21,21,21,21,21,21,21,21,21
8,차룡8교(수위계),2007-12-04,21,21,21,22,21,21,21,21,21,21,20,20,21,21,21,21,21,21,21,21,22,22,22,22
8,차룡8교(수위계),2007-12-05,22,22,22,21,21,22,21,22,21,21,21,21,21,21,20,20,20,21,21,21,22,21,22,21
8,차룡8교(수위계),2007-12-06,21,22,22,22,22,22,21,21,21,21,21,21,21,21,20,20,20,20,20,21,21,21,21,21
8,차룡8교(수위계),2007-12-07,21,21,21,21,21,21,20,20,21,20,20,21,21,21,20,20,20,21,21,21,21,21,21,21
8,차룡8교(수위계),2007-12-08,21,21,21,21,21,21,21,21,21,21,20,21,21,21,20,20,20,21,21,21,21,21,21,21
1,중앙동,2007-12-09,0,0,0,0,0,0,0,0,0,0,0,0,0,0,0,0,0,0,0,0,0,0,0,0
2,국방연구소,2007-12-09,0,0,0,0,0,0,0,0,0,0,0,0,0,0,0,0,0,0,0,0,0,0,0,0
3,북면,2007-12-09,0,0,0,0,0,0,0,0,0,0,0,0,0,0,0,0,0,0,0,0,0,0,0,0
4,명곡동,2007-12-09,0,0,0,0,0,0,0,0,0,0,0,0,0,0,0,0,0,0,0,0,0,0,0,0
6,성산구청,2007-12-09,0,0,0,0,0,0,0,0,0,0,0,0,0,0,0,0,0,0,0,0,0,0,0,0
7,웅남동,2007-12-09,0,0,0,0,0,0,0,0,0,0,0,0,0,0,0,0,0,0,0,0,0,0,0,0
8,차룡8교(수위계),2007-12-09,21,21,22,22,21,21,21,21,21,21,21,20,21,20,20,21,21,20,20,21,21,21,21,21
8,차룡8교(수위계),2007-12-10,21,21,21,21,21,21,21,21,21,21,21,20,21,21,21,20,20,20,20,20,20,20,20,20
8,차룡8교(수위계),2007-12-11,20,21,21,21,20,20,20,21,21,21,20,20,21,21,20,20,20,20,20,20,20,20,19,20
1,중앙동,2007-12-12,0,0,0,0,0,0,0,0,0,0,0,0,0,0,0,0,0,0,0,0,0,0,0,0
2,국방연구소,2007-12-12,0,0,0,0,0,0,0,0,0,0,0,0,0,0,0,0,0,0,0,0,0,0,0,0
3,북면,2007-12-12,0,0,0,0,0,0,0,0,0,0,0,0,0,0,0,0,0,0,0,0,0,0,0,0
4,명곡동,2007-12-12,0,0,0,0,0,0,0,0,0,0,0,0,0,0,0,0,0,0,0,0,0,0,0,0
6,성산구청,2007-12-12,0,0,0,0,0,0,0,0,0,0,0,0,0,0,0,0,0,0,0,0,0,0,0,0
7,웅남동,2007-12-12,0,0,0,0,0,0,0,0,0,0,0,0,0,0,0,0,0,0,0,0,0,0,0,0
8,차룡8교(수위계),2007-12-12,20,19,19,20,20,20,20,20,20,20,20,19,19,19,19,19,20,20,20,20,20,20,20,20
1,중앙동,2007-12-13,0,0,0,0,0,0,0,0,0,0,0,0,0,0,0,0,0,0,0,0,0,0,0,0
2,국방연구소,2007-12-13,0,0,0,0,0,0,0,0,0,0,0,0,0,0,0,0,0,0,0,0,0,0,0,0
3,북면,2007-12-13,0,0,0,0,0,0,0,0,0,0,0,0,0,0,0,0,0,0,0,0,0,0,0,0
4,명곡동,2007-12-13,0,0,0,0,0,0,0,0,0,0,0,0,0,0,0,0,0,0,0,0,0,0,0,0
6,성산구청,2007-12-13,0,0,0,0,0,0,0,0,0,0,0,0,0,0,0,0,0,0,0,0,0,0,0,0
7,웅남동,2007-12-13,0,0,0,0,0,0,0,0,0,0,0,0,0,0,0,0,0,0,0,0,0,0,0,0
8,차룡8교(수위계),2007-12-13,20,19,20,19,20,20,20,20,20,20,19,20,20,20,20,20,20,20,21,21,21,21,21,21
8,차룡8교(수위계),2007-12-14,21,21,21,21,21,21,21,21,21,21,20,21,21,21,21,20,20,21,21,21,21,21,21,21
1,중앙동,2007-12-15,0,0,0,0,0,0,0,0,0,0,0,0,0,0,0,0,0,0,0,0,0,0,0,0
2,국방연구소,2007-12-15,0,0,0,0,0,0,0,0,0,0,0,0,0,0,0,0,0,0,0,0,0,0,0,0
3,북면,2007-12-15,0,0,0,0,0,0,0,0,0,0,0,0,0,0,0,0,0,0,0,0,0,0,0,0
4,명곡동,2007-12-15,0,0,0,0,0,0,0,0,0,0,0,0,0,0,0,0,0,0,0,0,0,0,0,0
6,성산구청,2007-12-15,0,0,0,0,0,0,0,0,0,0,0,0,0,0,0,0,0,0,0,0,0,0,0,0
7,웅남동,2007-12-15,0,0,0,0,0,0,0,0,0,0,0,0,0,0,0,0,0,0,0,0,0,0,0,0
8,차룡8교(수위계),2007-12-15,21,21,21,21,21,21,21,21,21,21,21,20,20,20,20,20,20,20,21,21,21,21,21,21
1,중앙동,2007-12-16,0,0,0,0,0,0,0,0,0,0,0,0,0,0,0,0,0,0,0,0,0,0,0,0
2,국방연구소,2007-12-16,0,0,0,0,0,0,0,0,0,0,0,0,0,0,0,0,0,0,0,0,0,0,0,0
3,북면,2007-12-16,0,0,0,0,0,0,0,0,0,0,0,0,0,0,0,0,0,0,0,0,0,0,0,0
4,명곡동,2007-12-16,0,0,0,0,0,0,0,0,0,0,0,0,0,0,0,0,0,0,0,0,0,0,0,0
6,성산구청,2007-12-16,0,0,0,0,0,0,0,0,0,0,0,0,0,0,0,0,0,0,0,0,0,0,0,0
7,웅남동,2007-12-16,0,0,0,0,0,0,0,0,0,0,0,0,0,0,0,0,0,0,0,0,0,0,0,0
8,차룡8교(수위계),2007-12-16,21,21,21,22,21,21,21,22,21,21,21,20,20,20,20,20,20,21,21,21,21,21,21,21
8,차룡8교(수위계),2007-12-17,21,22,22,21,22,21,21,21,21,21,21,20,21,20,20,20,20,20,21,21,21,21,21,21
1,중앙동,2007-12-18,0,0,0,0,0,0,0,0,0,0,0,0,0,0,0,0,0,0,0,0,0,0,0,0
2,국방연구소,2007-12-18,0,0,0,0,0,0,0,0,0,0,0,0,0,0,0,0,0,0,0,0,0,0,0,0
3,북면,2007-12-18,0,0,0,0,0,0,0,0,0,0,0,0,0,0,0,0,0,0,0,0,0,0,0,0
4,명곡동,2007-12-18,0,0,0,0,0,0,0,0,0,0,0,0,0,0,0,0,0,0,0,0,0,0,0,0
6,성산구청,2007-12-18,0,0,0,0,0,0,0,0,0,0,0,0,0,0,0,0,0,0,0,0,0,0,0,0
7,웅남동,2007-12-18,0,0,0,0,0,0,0,0,0,0,0,0,0,0,0,0,0,0,0,0,0,0,0,0
8,차룡8교(수위계),2007-12-18,21,21,21,21,21,21,21,21,22,21,20,20,20,20,20,20,20,20,21,21,21,21,21,21
8,차룡8교(수위계),2007-12-19,21,21,21,21,21,21,21,21,21,21,21,21,20,21,20,20,21,21,21,21,21,21,21,21
8,차룡8교(수위계),2007-12-20,21,21,21,21,21,21,21,21,21,21,21,20,20,21,21,20,20,20,20,21,20,20,20,20
1,중앙동,2007-12-21,0,0,0,0,0,0,0,0,0,0,0,0,0,0,0,0,0,0,0,0,0,0,0,0
2,국방연구소,2007-12-21,0,0,0,0,0,0,0,0,0,0,0,0,0,0,0,0,0,0,0,0,0,0,0,0
3,북면,2007-12-21,0,0,0,0,0,0,0,0,0,0,0,0,0,0,0,0,0,0,0,0,0,0,0,0
4,명곡동,2007-12-21,0,0,0,0,0,0,0,0,0,0,0,0,0,0,0,0,0,0,0,0,0,0,0,0
6,성산구청,2007-12-21,0,0,0,0,0,0,0,0,0,0,0,0,0,0,0,0,0,0,0,0,0,0,0,0
7,웅남동,2007-12-21,0,0,0,0,0,0,0,0,0,0,0,0,0,0,0,0,0,0,0,0,0,0,0,0
8,차룡8교(수위계),2007-12-21,20,20,20,20,20,20,20,20,20,20,20,20,19,20,20,20,20,20,20,20,19,19,19,19
8,차룡8교(수위계),2007-12-22,19,18,18,18,19,19,19,19,18,18,18,19,19,19,20,20,19,19,20,20,20,20,19,19
8,차룡8교(수위계),2007-12-23,19,20,20,20,20,20,20,20,20,20,17,19,19,20,20,20,20,20,20,20,20,21,20,20
8,차룡8교(수위계),2007-12-24,20,20,21,21,21,21,20,21,20,19,20,19,20,20,20,20,20,20,20,19,20,20,20,20
8,차룡8교(수위계),2007-12-25,20,20,20,20,20,19,19,20,19,19,20,20,19,19,20,20,20,19,20,20,19,19,20,20
8,차룡8교(수위계),2007-12-26,20,20,20,20,20,19,20,19,19,19,18,19,19,19,20,20,20,20,20,20,20,21,20,20
8,차룡8교(수위계),2007-12-27,20,19,18,18,19,17,18,17,17,17,17,19,18,19,19,19,19,19,19,19,18,18,18,18
1,중앙동,2007-12-28,0,0,0,0,0,0,0,0,0,0,0,0,0,0,0,0,0,0,0,0,0,0,0,0
2,국방연구소,2007-12-28,0,0,0,0,0,0,0,0,0,0,0,0,0,0,0,0,0,0,0,0,0,0,0,0
3,북면,2007-12-28,0,0,0,0,0,0,0,0,0,0,0,0,0,0,0,0,0,0,0,0,0,0,0,0
4,명곡동,2007-12-28,0,0,0,0,0,0,0,0,0,0,0,0,0,0,0,0,0,0,0,0,0,0,0,0
6,성산구청,2007-12-28,0,0,0,0,0,0,0,0,0,0,0,0,0,0,0,0,0,0,0,0,0,0,0,0
7,웅남동,2007-12-28,0,0,0,0,0,0,0,0,0,0,0,0,0,0,0,0,0,0,0,0,0,0,0,0
8,차룡8교(수위계),2007-12-28,18,18,18,18,18,18,18,18,18,18,18,18,18,18,18,18,18,18,18,18,18,18,18,18
8,차룡8교(수위계),2007-12-29,18,18,19,19,19,19,18,18,18,18,18,19,19,20,20,20,20,21,20,20,20,20,20,20
8,차룡8교(수위계),2007-12-30,20,20,20,20,20,20,20,20,20,20,20,20,20,20,20,21,20,20,20,20,20,20,20,20
1,중앙동,2007-12-31,0,0,0,0,0,0,0,0,0,0,0,0,0,0,0,0,0,0,0,0,0,0,0,0
2,국방연구소,2007-12-31,0,0,0,0,0,0,0,0,0,0,0,0,0,0,0,0,0,0,0,0,0,0,0,0
3,북면,2007-12-31,0,0,0,0,0,0,0,0,0,0,0,0,0,0,0,0,0,0,0,0,0,0,0,0
4,명곡동,2007-12-31,0,0,0,0,0,0,0,0,0,0,0,0,0,0,0,0,0,0,0,0,0,0,0,0
6,성산구청,2007-12-31,0,0,0,0,0,0,0,0,0,0,0,0,0,0,0,0,0,0,0,0,0,0,0,0
7,웅남동,2007-12-31,0,0,0,0,0,0,0,0,0,0,0,0,0,0,0,0,0,0,0,0,0,0,0,0
8,차룡8교(수위계),2007-12-31,20,20,20,20,20,20,20,21,20,20,21,21,21,21,21,21,21,21,21,21,21,21,21,21
8,차룡8교(수위계),2008-01-01,21,21,21,21,21,21,20,21,21,21,21,21,21,21,21,21,21,21,21,21,21,21,21,21
1,중앙동,2008-01-02,0,0,0,0,0,0,0,0,0,0,0,0,0,0,0,0,0,0,0,0,0,0,0,0
2,국방연구소,2008-01-02,0,0,0,0,0,0,0,0,0,0,0,0,0,0,0,0,0,0,0,0,0,0,0,0
3,북면,2008-01-02,0,0,0,0,0,0,0,0,0,0,0,0,0,0,0,0,0,0,0,0,0,0,0,0
4,명곡동,2008-01-02,0,0,0,0,0,0,0,0,0,0,0,0,0,0,0,0,0,0,0,0,0,0,0,0
6,성산구청,2008-01-02,0,0,0,0,0,0,0,0,0,0,0,0,0,0,0,0,0,0,0,0,0,0,0,0
7,웅남동,2008-01-02,0,0,0,0,0,0,0,0,0,0,0,0,0,0,0,0,0,0,0,0,0,0,0,0
8,차룡8교(수위계),2008-01-02,21,21,21,20,21,21,21,20,21,21,21,21,21,20,21,21,21,21,21,21,21,21,21,21
8,차룡8교(수위계),2008-01-03,21,21,21,21,21,21,20,20,20,20,21,20,20,20,20,20,20,21,21,21,21,21,21,21
8,차룡8교(수위계),2008-01-04,21,21,20,20,19,19,20,20,20,20,21,20,20,20,19,20,20,20,21,21,21,20,21,20
8,차룡8교(수위계),2008-01-05,20,19,20,20,20,20,20,19,19,19,20,20,20,20,20,20,20,20,21,21,21,21,21,20
8,차룡8교(수위계),2008-01-06,20,20,19,19,19,19,19,19,19,19,19,20,20,19,19,19,20,20,20,21,21,21,20,20
8,차룡8교(수위계),2008-01-07,20,19,19,19,19,18,19,20,20,19,19,19,19,19,19,20,20,20,20,21,21,21,21,20
1,중앙동,2008-01-08,0,0,0,0,0,0,0,0,0,0,0,0,0,0,0,0,0,0,0,0,0,0,0,0
2,국방연구소,2008-01-08,0,0,0,0,0,0,0,0,0,0,0,0,0,0,0,0,0,0,0,0,0,0,0,0
3,북면,2008-01-08,0,0,0,0,0,0,0,0,0,0,0,0,0,0,0,0,0,0,0,0,0,0,0,0
4,명곡동,2008-01-08,0,0,0,0,0,0,0,0,0,0,0,0,0,0,0,0,0,0,0,0,0,0,0,0
6,성산구청,2008-01-08,0,0,0,0,0,0,0,0,0,0,0,0,0,0,0,0,0,0,0,0,0,0,0,0
7,웅남동,2008-01-08,0,0,0,0,0,0,0,0,0,0,0,0,0,0,0,0,0,0,0,0,0,0,0,0
8,차룡8교(수위계),2008-01-08,20,19,19,19,18,18,19,19,19,18,19,20,20,20,19,20,20,20,20,21,21,21,20,21
8,차룡8교(수위계),2008-01-09,21,21,21,21,20,20,20,20,19,20,20,20,20,20,20,20,20,20,21,21,21,21,21,21
8,차룡8교(수위계),2008-01-10,21,20,20,20,20,20,20,20,20,20,20,20,19,20,20,20,20,20,20,20,20,20,20,21
8,차룡8교(수위계),2008-01-11,21,20,20,20,20,20,20,20,20,20,20,20,20,20,20,18,17,17,17,17,17,17,17,17
1,중앙동,2008-01-12,0,0,0,0,0,0,0,0,0,0,0,0,0,0,0,0,0,0,0,0,0,0,0,0
2,국방연구소,2008-01-12,0,0,0,0,0,0,0,0,0,0,0,0,0,0,0,0,0,0,0,0,0,0,0,0
3,북면,2008-01-12,0,0,0,0,0,0,0,0,0,0,0,0,0,0,0,0,0,0,0,0,0,0,0,0
4,명곡동,2008-01-12,0,0,0,0,0,0,0,0,0,0,0,0,0,0,0,0,0,0,0,0,0,0,0,0
6,성산구청,2008-01-12,0,0,0,0,0,0,0,0,0,0,0,0,0,0,0,0,0,0,0,0,0,0,0,0
7,웅남동,2008-01-12,0,0,0,0,0,0,0,0,0,0,0,0,0,0,0,0,0,0,0,0,0,0,0,0
8,차룡8교(수위계),2008-01-12,17,17,17,17,17,17,17,17,17,17,17,17,17,17,17,17,18,18,19,19,18,18,18,18
1,중앙동,2008-01-13,0,0,0,0,0,0,0,0,0,0,0,0,0,0,0,0,0,0,0,0,0,0,0,0
2,국방연구소,2008-01-13,0,0,0,0,0,0,0,0,0,0,0,0,0,0,0,0,0,0,0,0,0,0,0,0
3,북면,2008-01-13,0,0,0,0,0,0,0,0,0,0,0,0,0,0,0,0,0,0,0,0,0,0,0,0
4,명곡동,2008-01-13,0,0,0,0,0,0,0,0,0,0,0,0,0,0,0,0,0,0,0,0,0,0,0,0
6,성산구청,2008-01-13,0,0,0,0,0,0,0,0,0,0,0,0,0,0,0,0,0,0,0,0,0,0,0,0
7,웅남동,2008-01-13,0,0,0,0,0,0,0,0,0,0,0,0,0,0,0,0,0,0,0,0,0,0,0,0
8,차룡8교(수위계),2008-01-13,18,18,18,18,18,18,18,20,20,20,20,20,20,20,20,20,20,20,20,20,20,20,20,20
1,중앙동,2008-01-14,0,0,0,0,0,0,0,0,0,0,0,0,0,0,0,0,0,0,0,0,0,0,0,0
2,국방연구소,2008-01-14,0,0,0,0,0,0,0,0,0,0,0,0,0,0,0,0,0,0,0,0,0,0,0,0
3,북면,2008-01-14,0,0,0,0,0,0,0,0,0,0,0,0,0,0,0,0,0,0,0,0,0,0,0,0
4,명곡동,2008-01-14,0,0,0,0,0,0,0,0,0,0,0,0,0,0,0,0,0,0,0,0,0,0,0,0
6,성산구청,2008-01-14,0,0,0,0,0,0,0,0,0,0,0,0,0,0,0,0,0,0,0,0,0,0,0,0
7,웅남동,2008-01-14,0,0,0,0,0,0,0,0,0,0,0,0,0,0,0,0,0,0,0,0,0,0,0,0
8,차룡8교(수위계),2008-01-14,20,20,20,20,20,20,20,19,19,20,20,20,20,20,20,20,20,20,20,20,20,20,20,20
8,차룡8교(수위계),2008-01-15,20,20,19,19,19,19,19,19,19,20,20,20,20,21,21,21,21,21,21,20,20,20,20,20
8,차룡8교(수위계),2008-01-16,20,20,20,21,20,20,20,20,21,21,21,21,21,21,21,21,20,20,20,20,20,21,21,21
1,중앙동,2008-01-17,0,0,0,0,0,0,0,0,0,0,0,0,0,0,0,0,0,0,0,0,0,0,0,0
2,국방연구소,2008-01-17,0,0,0,0,0,0,0,0,0,0,0,0,0,0,0,0,0,0,0,0,0,0,0,0
3,북면,2008-01-17,0,0,0,0,0,0,0,0,0,0,0,0,0,0,0,0,0,0,0,0,0,0,0,0
4,명곡동,2008-01-17,0,0,0,0,0,0,0,0,0,0,0,0,0,0,0,0,0,0,0,0,0,0,0,0
6,성산구청,2008-01-17,0,0,0,0,0,0,0,0,0,0,0,0,0,0,0,0,0,0,0,0,0,0,0,0
7,웅남동,2008-01-17,0,0,0,0,0,0,0,0,0,0,0,0,0,0,0,0,0,0,0,0,0,0,0,0
8,차룡8교(수위계),2008-01-17,21,20,20,20,20,20,20,20,21,20,20,21,21,21,21,21,21,21,21,20,20,21,21,21
8,차룡8교(수위계),2008-01-18,21,20,21,21,21,21,21,21,21,21,21,21,21,21,21,21,20,21,21,21,21,21,21,21
8,차룡8교(수위계),2008-01-19,21,21,21,21,21,21,21,21,21,21,21,20,21,21,20,20,19,20,20,20,20,20,20,20
8,차룡8교(수위계),2008-01-20,20,20,20,20,20,21,21,20,21,20,20,20,20,20,20,20,19,18,18,18,18,17,17,17
8,차룡8교(수위계),2008-01-21,17,17,17,17,17,17,17,17,18,19,19,18,18,19,19,18,19,19,19,19,19,19,19,19
8,차룡8교(수위계),2008-01-22,19,19,19,19,19,19,19,19,18,18,18,18,17,18,19,19,19,18,18,19,18,18,17,17
8,차룡8교(수위계),2008-01-23,17,17,17,17,17,17,17,18,19,19,20,19,19,20,20,20,20,20,21,20,20,20,20,20
8,차룡8교(수위계),2008-01-24,20,20,20,20,20,20,20,20,20,20,20,20,20,20,20,20,20,21,21,20,21,20,20,21
8,차룡8교(수위계),2008-01-25,20,21,20,21,20,20,20,20,20,20,20,21,21,21,21,20,20,20,21,20,20,21,20,21
8,차룡8교(수위계),2008-01-26,20,21,21,21,21,21,21,21,21,21,21,21,20,21,20,20,20,20,21,21,20,21,21,21
8,차룡8교(수위계),2008-01-27,21,21,21,21,21,21,21,21,20,20,20,20,20,20,20,20,20,20,20,20,20,20,20,20
1,중앙동,2008-01-28,0,0,0,0,0,0,0,0,0,0,0,0,0,0,0,0,0,0,0,0,0,0,0,0
2,국방연구소,2008-01-28,0,0,0,0,0,0,0,0,0,0,0,0,0,0,0,0,0,0,0,0,0,0,0,0
3,북면,2008-01-28,0,0,0,0,0,0,0,0,0,0,0,0,0,0,0,0,0,0,0,0,0,0,0,0
4,명곡동,2008-01-28,0,0,0,0,0,0,0,0,0,0,0,0,0,0,0,0,0,0,0,0,0,0,0,0
6,성산구청,2008-01-28,0,0,0,0,0,0,0,0,0,0,0,0,0,0,0,0,0,0,0,0,0,0,0,0
7,웅남동,2008-01-28,0,0,0,0,0,0,0,0,0,0,0,0,0,0,0,0,0,0,0,0,0,0,0,0
8,차룡8교(수위계),2008-01-28,20,20,20,20,20,20,20,20,20,20,20,20,20,20,20,20,20,20,20,20,20,19,19,18
1,중앙동,2008-01-29,0,0,0,0,0,0,0,0,0,0,0,0,0,0,0,0,0,0,0,0,0,0,0,0
2,국방연구소,2008-01-29,0,0,0,0,0,0,0,0,0,0,0,0,0,0,0,0,0,0,0,0,0,0,0,0
3,북면,2008-01-29,0,0,0,0,0,0,0,0,0,0,0,0,0,0,0,0,0,0,0,0,0,0,0,0
4,명곡동,2008-01-29,0,0,0,0,0,0,0,0,0,0,0,0,0,0,0,0,0,0,0,0,0,0,0,0
6,성산구청,2008-01-29,0,0,0,0,0,0,0,0,0,0,0,0,0,0,0,0,0,0,0,0,0,0,0,0
7,웅남동,2008-01-29,0,0,0,0,0,0,0,0,0,0,0,0,0,0,0,0,0,0,0,0,0,0,0,0
8,차룡8교(수위계),2008-01-29,19,18,17,17,17,18,19,20,20,20,20,20,20,20,20,20,20,20,20,21,20,20,20,20
8,차룡8교(수위계),2008-01-30,20,20,20,20,20,20,20,20,20,19,20,20,20,20,20,20,21,20,20,20,20,20,20,21
1,중앙동,2008-01-31,0,0,0,0,0,0,0,0,0,0,0,0,0,0,0,0,0,0,0,0,0,0,0,0
2,국방연구소,2008-01-31,0,0,0,0,0,0,0,0,0,0,0,0,0,0,0,0,0,0,0,0,0,0,0,0
3,북면,2008-01-31,0,0,0,0,0,0,0,0,0,0,0,0,0,0,0,0,0,0,0,0,0,0,0,0
4,명곡동,2008-01-31,0,0,0,0,0,0,0,0,0,0,0,0,0,0,0,0,0,0,0,0,0,0,0,0
6,성산구청,2008-01-31,0,0,0,0,0,0,0,0,0,0,0,0,0,0,0,0,0,0,0,0,0,0,0,0
7,웅남동,2008-01-31,0,0,0,0,0,0,0,0,0,0,0,0,0,0,0,0,0,0,0,0,0,0,0,0
8,차룡8교(수위계),2008-01-31,20,20,21,20,20,20,20,20,20,20,20,20,21,20,20,20,20,20,20,20,20,20,21,20
8,차룡8교(수위계),2008-02-01,21,21,20,20,20,20,21,20,20,20,21,20,20,20,20,20,20,20,21,21,20,20,21,21
8,차룡8교(수위계),2008-02-02,21,21,21,21,21,20,21,21,21,21,21,21,21,21,20,20,20,20,20,20,21,21,21,20
8,차룡8교(수위계),2008-02-03,21,21,21,21,20,21,21,21,21,21,21,21,21,20,20,20,20,20,20,20,20,21,21,21
1,중앙동,2008-02-04,0,0,0,0,0,0,0,0,0,0,0,0,0,0,0,0,0,0,0,0,0,0,0,0
2,국방연구소,2008-02-04,0,0,0,0,0,0,0,0,0,0,0,0,0,0,0,0,0,0,0,0,0,0,0,0
3,북면,2008-02-04,0,0,0,0,0,0,0,0,0,0,0,0,0,0,0,0,0,0,0,0,0,0,0,0
4,명곡동,2008-02-04,0,0,0,0,0,0,0,0,0,0,0,0,0,0,0,0,0,0,0,0,0,0,0,0
6,성산구청,2008-02-04,0,0,0,0,0,0,0,0,0,0,0,0,0,0,0,0,0,0,0,0,0,0,0,0
7,웅남동,2008-02-04,0,0,0,0,0,0,0,0,0,0,0,0,0,0,0,0,0,0,0,0,0,0,0,0
8,차룡8교(수위계),2008-02-04,21,21,21,21,21,21,21,21,21,20,20,21,20,20,20,20,20,20,20,20,20,21,21,21
8,차룡8교(수위계),2008-02-05,21,21,21,21,21,21,21,21,21,21,20,20,21,20,20,21,20,20,21,20,20,21,21,21
1,중앙동,2008-02-06,0,0,0,0,0,0,0,0,0,0,0,0,0,0,0,0,0,0,0,0,0,0,0,0
2,국방연구소,2008-02-06,0,0,0,0,0,0,0,0,0,0,0,0,0,0,0,0,0,0,0,0,0,0,0,0
3,북면,2008-02-06,0,0,0,0,0,0,0,0,0,0,0,0,0,0,0,0,0,0,0,0,0,0,0,0
4,명곡동,2008-02-06,0,0,0,0,0,0,0,0,0,0,0,0,0,0,0,0,0,0,0,0,0,0,0,0
6,성산구청,2008-02-06,0,0,0,0,0,0,0,0,0,0,0,0,0,0,0,0,0,0,0,0,0,0,0,0
7,웅남동,2008-02-06,0,0,0,0,0,0,0,0,0,0,0,0,0,0,0,0,0,0,0,0,0,0,0,0
8,차룡8교(수위계),2008-02-06,21,21,21,21,21,21,21,21,21,21,21,20,20,20,20,20,20,20,21,20,21,21,21,20
1,중앙동,2008-02-07,0,0,0,0,0,0,0,0,0,0,0,0,0,0,0,0,0,0,0,0,0,0,0,0
2,국방연구소,2008-02-07,0,0,0,0,0,0,0,0,0,0,0,0,0,0,0,0,0,0,0,0,0,0,0,0
3,북면,2008-02-07,0,0,0,0,0,0,0,0,0,0,0,0,0,0,0,0,0,0,0,0,0,0,0,0
4,명곡동,2008-02-07,0,0,0,0,0,0,0,0,0,0,0,0,0,0,0,0,0,0,0,0,0,0,0,0
6,성산구청,2008-02-07,0,0,0,0,0,0,0,0,0,0,0,0,0,0,0,0,0,0,0,0,0,0,0,0
7,웅남동,2008-02-07,0,0,0,0,0,0,0,0,0,0,0,0,0,0,0,0,0,0,0,0,0,0,0,0
8,차룡8교(수위계),2008-02-07,21,21,21,21,21,21,21,21,21,20,20,20,21,20,20,20,20,20,20,21,20,21,20,21
1,중앙동,2008-02-08,0,0,0,0,0,0,0,0,0,0,0,0,0,0,0,0,0,0,0,0,0,0,0,0
2,국방연구소,2008-02-08,0,0,0,0,0,0,0,0,0,0,0,0,0,0,0,0,0,0,0,0,0,0,0,0
3,북면,2008-02-08,0,0,0,0,0,0,0,0,0,0,0,0,0,0,0,0,0,0,0,0,0,0,0,0
4,명곡동,2008-02-08,0,0,0,0,0,0,0,0,0,0,0,0,0,0,0,0,0,0,0,0,0,0,0,0
6,성산구청,2008-02-08,0,0,0,0,0,0,0,0,0,0,0,0,0,0,0,0,0,0,0,0,0,0,0,0
7,웅남동,2008-02-08,0,0,0,0,0,0,0,0,0,0,0,0,0,0,0,0,0,0,0,0,0,0,0,0
8,차룡8교(수위계),2008-02-08,20,21,21,21,21,21,21,21,21,21,21,20,20,20,20,20,20,20,20,21,21,21,21,21
8,차룡8교(수위계),2008-02-09,21,21,21,21,21,21,21,20,21,20,21,20,21,21,20,20,20,20,21,21,21,21,21,21
8,차룡8교(수위계),2008-02-10,21,21,21,21,21,21,21,21,21,21,20,20,20,20,19,19,19,20,20,20,21,20,21,20
1,중앙동,2008-02-11,0,0,0,0,0,0,0,0,0,0,0,0,0,0,0,0,0,0,0,0,0,0,0,0
2,국방연구소,2008-02-11,0,0,0,0,0,0,0,0,0,0,0,0,0,0,0,0,0,0,0,0,0,0,0,0
3,북면,2008-02-11,0,0,0,0,0,0,0,0,0,0,0,0,0,0,0,0,0,0,0,0,0,0,0,0
4,명곡동,2008-02-11,0,0,0,0,0,0,0,0,0,0,0,0,0,0,0,0,0,0,0,0,0,0,0,0
6,성산구청,2008-02-11,0,0,0,0,0,0,0,0,0,0,0,0,0,0,0,0,0,0,0,0,0,0,0,0
7,웅남동,2008-02-11,0,0,0,0,0,0,0,0,0,0,0,0,0,0,0,0,0,0,0,0,0,0,0,0
8,차룡8교(수위계),2008-02-11,21,21,21,21,21,21,21,21,20,20,20,21,20,19,19,19,20,19,20,20,20,20,20,20
8,차룡8교(수위계),2008-02-12,20,20,20,21,21,21,21,21,21,21,21,21,21,21,21,20,20,20,20,21,20,20,20,21
1,중앙동,2008-02-13,0,0,0,0,0,0,0,0,0,0,0,0,0,0,0,0,0,0,0,0,0,0,0,0
2,국방연구소,2008-02-13,0,0,0,0,0,0,0,0,0,0,0,0,0,0,0,0,0,0,0,0,0,0,0,0
3,북면,2008-02-13,0,0,0,0,0,0,0,0,0,0,0,0,0,0,0,0,0,0,0,0,0,0,0,0
4,명곡동,2008-02-13,0,0,0,0,0,0,0,0,0,0,0,0,0,0,0,0,0,0,0,0,0,0,0,0
6,성산구청,2008-02-13,0,0,0,0,0,0,0,0,0,0,0,0,0,0,0,0,0,0,0,0,0,0,0,0
7,웅남동,2008-02-13,0,0,0,0,0,0,0,0,0,0,0,0,0,0,0,0,0,0,0,0,0,0,0,0
8,차룡8교(수위계),2008-02-13,20,21,21,21,20,21,21,21,21,21,21,21,21,21,20,21,21,21,20,21,21,21,21,21
8,차룡8교(수위계),2008-02-14,21,21,21,20,21,21,20,21,21,21,21,21,21,20,20,20,20,20,21,21,20,21,21,21
8,차룡8교(수위계),2008-02-15,21,20,20,20,20,20,20,20,20,20,20,20,20,19,19,19,19,19,20,20,20,21,21,21
1,중앙동,2008-02-16,0,0,0,0,0,0,0,0,0,0,0,0,0,0,0,0,0,0,0,0,0,0,0,0
2,국방연구소,2008-02-16,0,0,0,0,0,0,0,0,0,0,0,0,0,0,0,0,0,0,0,0,0,0,0,0
3,북면,2008-02-16,0,0,0,0,0,0,0,0,0,0,0,0,0,0,0,0,0,0,0,0,0,0,0,0
4,명곡동,2008-02-16,0,0,0,0,0,0,0,0,0,0,0,0,0,0,0,0,0,0,0,0,0,0,0,0
6,성산구청,2008-02-16,0,0,0,0,0,0,0,0,0,0,0,0,0,0,0,0,0,0,0,0,0,0,0,0
7,웅남동,2008-02-16,0,0,0,0,0,0,0,0,0,0,0,0,0,0,0,0,0,0,0,0,0,0,0,0
8,차룡8교(수위계),2008-02-16,21,20,21,20,20,20,20,20,20,21,21,21,21,20,20,20,20,20,20,21,21,21,20,20
8,차룡8교(수위계),2008-02-17,20,20,21,20,20,19,20,20,20,21,21,20,20,20,20,19,20,20,20,20,21,20,21,20
1,중앙동,2008-02-18,0,0,0,0,0,0,0,0,0,0,0,0,0,0,0,0,0,0,0,0,0,0,0,0
2,국방연구소,2008-02-18,0,0,0,0,0,0,0,0,0,0,0,0,0,0,0,0,0,0,0,0,0,0,0,0
3,북면,2008-02-18,0,0,0,0,0,0,0,0,0,0,0,0,0,0,0,0,0,0,0,0,0,0,0,0
4,명곡동,2008-02-18,0,0,0,0,0,0,0,0,0,0,0,0,0,0,0,0,0,0,0,0,0,0,0,0
6,성산구청,2008-02-18,0,0,0,0,0,0,0,0,0,0,0,0,0,0,0,0,0,0,0,0,0,0,0,0
7,웅남동,2008-02-18,0,0,0,0,0,0,0,0,0,0,0,0,0,0,0,0,0,0,0,0,0,0,0,0
8,차룡8교(수위계),2008-02-18,21,20,20,20,20,20,21,21,20,21,20,20,20,20,19,20,19,19,19,20,20,20,20,20
8,차룡8교(수위계),2008-02-19,20,20,20,20,20,20,20,20,20,20,20,20,20,20,19,20,20,20,19,19,20,20,20,20
1,중앙동,2008-02-20,0,0,0,0,0,0,0,0,0,0,0,0,0,0,0,0,0,0,0,0,0,0,0,0
2,국방연구소,2008-02-20,0,0,0,0,0,0,0,0,0,0,0,0,0,0,0,0,0,0,0,0,0,0,0,0
3,북면,2008-02-20,0,0,0,0,0,0,0,0,0,0,0,0,0,0,0,0,0,0,0,0,0,0,0,0
4,명곡동,2008-02-20,0,0,0,0,0,0,0,0,0,0,0,0,0,0,0,0,0,0,0,0,0,0,0,0
6,성산구청,2008-02-20,0,0,0,0,0,0,0,0,0,0,0,0,0,0,0,0,0,0,0,0,0,0,0,0
7,웅남동,2008-02-20,0,0,0,0,0,0,0,0,0,0,0,0,0,0,0,0,0,0,0,0,0,0,0,0
8,차룡8교(수위계),2008-02-20,20,20,21,20,20,20,20,20,20,19,19,19,19,19,19,19,20,20,19,19,20,20,20,20
1,중앙동,2008-02-21,0,0,0,0,0,0,0,0,0,0,0,0,0,0,0,0,0,0,0,0,0,0,0,0
2,국방연구소,2008-02-21,0,0,0,0,0,0,0,0,0,0,0,0,0,0,0,0,0,0,0,0,0,0,0,0
3,북면,2008-02-21,0,0,0,0,0,0,0,0,0,0,0,0,0,0,0,0,0,0,0,0,0,0,0,0
4,명곡동,2008-02-21,0,0,0,0,0,0,0,0,0,0,0,0,0,0,0,0,0,0,0,0,0,0,0,0
6,성산구청,2008-02-21,0,0,0,0,0,0,0,0,0,0,0,0,0,0,0,0,0,0,0,0,0,0,0,0
7,웅남동,2008-02-21,0,0,0,0,0,0,0,0,0,0,0,0,0,0,0,0,0,0,0,0,0,0,0,0
8,차룡8교(수위계),2008-02-21,20,20,20,19,20,20,20,20,20,20,20,20,19,19,19,19,19,19,19,19,19,20,20,20
1,중앙동,2008-02-22,0,0,0,0,0,0,0,0,0,0,0,0,0,0,0,0,0,0,0,0,0,0,0,0
2,국방연구소,2008-02-22,0,0,0,0,0,0,0,0,0,0,0,0,0,0,0,0,0,0,0,0,0,0,0,0
3,북면,2008-02-22,0,0,0,0,0,0,0,0,0,0,0,0,0,0,0,0,0,0,0,0,0,0,0,0
4,명곡동,2008-02-22,0,0,0,0,0,0,0,0,0,0,0,0,0,0,0,0,0,0,0,0,0,0,0,0
6,성산구청,2008-02-22,0,0,0,0,0,0,0,0,0,0,0,0,0,0,0,0,0,0,0,0,0,0,0,0
7,웅남동,2008-02-22,0,0,0,0,0,0,0,0,0,0,0,0,0,0,0,0,0,0,0,0,0,0,0,0
8,차룡8교(수위계),2008-02-22,20,19,19,19,19,19,19,19,19,19,19,19,19,20,20,19,19,19,20,19,19,19,19,18
8,차룡8교(수위계),2008-02-23,19,19,19,18,19,20,20,20,20,19,20,20,20,20,20,19,19,20,20,20,20,20,19,19
1,중앙동,2008-02-24,0,0,0,0,0,0,0,0,0,0,0,0,0,0,0,0,0,0,0,0,0,0,0,0
2,국방연구소,2008-02-24,0,0,0,0,0,0,0,0,0,0,0,0,0,0,0,0,0,0,0,0,0,0,0,0
3,북면,2008-02-24,0,0,0,0,0,0,0,0,0,0,0,0,0,0,0,0,0,0,0,0,0,0,0,0
4,명곡동,2008-02-24,0,0,0,0,0,0,0,0,0,0,0,0,0,0,0,0,0,0,0,0,0,0,0,0
6,성산구청,2008-02-24,0,0,0,0,0,0,0,0,0,0,0,0,0,0,0,0,0,0,0,0,0,0,0,0
7,웅남동,2008-02-24,0,0,0,0,0,0,0,0,0,0,0,0,0,0,0,0,0,0,0,0,0,0,0,0
8,차룡8교(수위계),2008-02-24,19,20,20,20,20,20,19,19,20,20,19,20,19,19,19,19,19,19,19,19,20,20,20,20
1,중앙동,2008-02-25,0,0,0,0,0,0,0,0,0,0,0,0,0,0,0,0,0,0,0,0,0,0,0,0
2,국방연구소,2008-02-25,0,0,0,0,0,0,0,0,0,0,0,0,0,0,0,0,0,0,0,0,0,0,0,0
3,북면,2008-02-25,0,0,0,0,0,0,0,0,0,0,0,0,0,0,0,0,0,0,0,0,0,0,0,0
4,명곡동,2008-02-25,0,0,0,0,0,0,0,0,0,0,0,0,0,0,0,0,0,0,0,0,0,0,0,0
6,성산구청,2008-02-25,0,0,0,0,0,0,0,0,0,0,0,0,0,0,0,0,0,0,0,0,0,0,0,0
7,웅남동,2008-02-25,0,0,0,0,0,0,0,0,0,0,0,0,0,0,0,0,0,0,0,0,0,0,0,0
8,차룡8교(수위계),2008-02-25,20,20,20,19,20,20,20,20,19,20,19,19,19,19,19,19,19,19,19,19,18,17,17,17
1,중앙동,2008-02-26,0,0,0,0,0,0,0,0,0,0,0,0,0,0,0,0,0,0,0,0,0,0,0,0
2,국방연구소,2008-02-26,0,0,0,0,0,0,0,0,0,0,0,0,0,0,0,0,0,0,0,0,0,0,0,0
3,북면,2008-02-26,0,0,0,0,0,0,0,0,0,0,0,0,0,0,0,0,0,0,0,0,0,0,0,0
4,명곡동,2008-02-26,0,0,0,0,0,0,0,0,0,0,0,0,0,0,0,0,0,0,0,0,0,0,0,0
6,성산구청,2008-02-26,0,0,0,0,0,0,0,0,0,0,0,0,0,0,0,0,0,0,0,0,0,0,0,0
7,웅남동,2008-02-26,0,0,0,0,0,0,0,0,0,0,0,0,0,0,0,0,0,0,0,0,0,0,0,0
8,차룡8교(수위계),2008-02-26,17,17,17,17,17,17,17,17,17,17,17,19,18,18,18,18,19,19,19,20,20,20,20,20
1,중앙동,2008-02-27,0,0,0,0,0,0,0,0,0,0,0,0,0,0,0,0,0,0,0,0,0,0,0,0
2,국방연구소,2008-02-27,0,0,0,0,0,0,0,0,0,0,0,0,0,0,0,0,0,0,0,0,0,0,0,0
3,북면,2008-02-27,0,0,0,0,0,0,0,0,0,0,0,0,0,0,0,0,0,0,0,0,0,0,0,0
4,명곡동,2008-02-27,0,0,0,0,0,0,0,0,0,0,0,0,0,0,0,0,0,0,0,0,0,0,0,0
6,성산구청,2008-02-27,0,0,0,0,0,0,0,0,0,0,0,0,0,0,0,0,0,0,0,0,0,0,0,0
7,웅남동,2008-02-27,0,0,0,0,0,0,0,0,0,0,0,0,0,0,0,0,0,0,0,0,0,0,0,0
8,차룡8교(수위계),2008-02-27,20,20,20,20,20,20,20,20,19,19,19,19,19,19,19,19,19,19,19,19,19,19,20,20
8,차룡8교(수위계),2008-02-28,20,20,20,20,20,20,20,20,20,19,19,19,19,18,19,19,19,19,19,18,19,19,20,20
8,차룡8교(수위계),2008-02-29,20,19,19,19,19,18,18,18,18,18,19,19,19,18,19,19,19,19,19,18,18,18,19,19
1,중앙동,2008-03-01,0,0,0,0,0,0,0,0,0,0,0,0,0,0,0,0,0,0,0,0,0,0,0,0
2,국방연구소,2008-03-01,0,0,0,0,0,0,0,0,0,0,0,0,0,0,0,0,0,0,0,0,0,0,0,0
3,북면,2008-03-01,0,0,0,0,0,0,0,0,0,0,0,0,0,0,0,0,0,0,0,0,0,0,0,0
4,명곡동,2008-03-01,0,0,0,0,0,0,0,0,0,0,0,0,0,0,0,0,0,0,0,0,0,0,0,0
6,성산구청,2008-03-01,0,0,0,0,0,0,0,0,0,0,0,0,0,0,0,0,0,0,0,0,0,0,0,0
7,웅남동,2008-03-01,0,0,0,0,0,0,0,0,0,0,0,0,0,0,0,0,0,0,0,0,0,0,0,0
8,차룡8교(수위계),2008-03-01,19,19,20,19,20,20,20,20,19,19,19,19,18,19,19,19,18,19,19,19,19,19,19,20
1,중앙동,2008-03-02,0,0,0,0,0,0,0,0,0,0,0,0,0,0,0,0,0,0,0,0,0,0,0,0
2,국방연구소,2008-03-02,0,0,0,0,0,0,0,0,0,0,0,0,0,0,0,0,0,0,0,0,0,0,0,0
3,북면,2008-03-02,0,0,0,0,0,0,0,0,0,0,0,0,0,0,0,0,0,0,0,0,0,0,0,0
4,명곡동,2008-03-02,0,0,0,0,0,0,0,0,0,0,0,0,0,0,0,0,0,0,0,0,0,0,0,0
6,성산구청,2008-03-02,0,0,0,0,0,0,0,0,0,0,0,0,0,0,0,0,0,0,0,0,0,0,0,0
7,웅남동,2008-03-02,0,0,0,0,0,0,0,0,0,0,0,0,0,0,0,0,0,0,0,0,0,0,0,0
8,차룡8교(수위계),2008-03-02,20,19,19,18,19,19,19,19,19,18,18,18,19,18,20,19,19,19,19,18,18,18,18,18
8,차룡8교(수위계),2008-03-03,18,18,18,18,17,18,18,18,18,18,17,17,17,17,17,18,18,18,18,18,18,19,19,19
1,중앙동,2008-03-04,0,0,0,0,0,0,0,0,0,0,0,0,0,0,0,0,0,0,0,0,0,0,0,0
2,국방연구소,2008-03-04,0,0,0,0,0,0,0,0,0,0,0,0,0,0,0,0,0,0,0,0,0,0,0,0
3,북면,2008-03-04,0,0,0,0,0,0,0,0,0,0,0,0,0,0,0,0,0,0,0,0,0,0,0,0
4,명곡동,2008-03-04,0,0,0,0,0,0,0,0,0,0,0,0,0,0,0,0,0,0,0,0,0,0,0,0
6,성산구청,2008-03-04,0,0,0,0,0,0,0,0,0,0,0,0,0,0,0,0,0,0,0,0,0,0,0,0
7,웅남동,2008-03-04,0,0,0,0,0,0,0,0,0,0,0,0,0,0,0,0,0,0,0,0,0,0,0,0
8,차룡8교(수위계),2008-03-04,19,19,19,19,19,19,19,19,19,20,19,19,18,18,18,18,19,19,19,19,19,19,19,19
8,차룡8교(수위계),2008-03-05,19,18,19,18,18,17,17,17,17,17,17,18,19,18,18,19,18,18,18,18,19,19,19,19
8,차룡8교(수위계),2008-03-06,19,19,18,18,18,18,18,19,18,17,18,18,18,18,19,19,19,19,18,19,19,19,18,18
1,중앙동,2008-03-07,0,0,0,0,0,0,0,0,0,0,0,0,0,0,0,0,0,0,0,0,0,0,0,0
2,국방연구소,2008-03-07,0,0,0,0,0,0,0,0,0,0,0,0,0,0,0,0,0,0,0,0,0,0,0,0
3,북면,2008-03-07,0,0,0,0,0,0,0,0,0,0,0,0,0,0,0,0,0,0,0,0,0,0,0,0
4,명곡동,2008-03-07,0,0,0,0,0,0,0,0,0,0,0,0,0,0,0,0,0,0,0,0,0,0,0,0
6,성산구청,2008-03-07,0,0,0,0,0,0,0,0,0,0,0,0,0,0,0,0,0,0,0,0,0,0,0,0
7,웅남동,2008-03-07,0,0,0,0,0,0,0,0,0,0,0,0,0,0,0,0,0,0,0,0,0,0,0,0
8,차룡8교(수위계),2008-03-07,18,19,19,20,19,19,19,19,19,18,19,18,18,18,18,18,18,18,18,18,18,18,20,19
8,차룡8교(수위계),2008-03-08,19,19,19,19,19,19,18,18,18,18,18,17,18,18,18,18,18,18,18,18,18,18,19,19
8,차룡8교(수위계),2008-03-09,19,18,18,17,16,16,16,17,16,16,16,16,17,17,19,19,19,19,19,18,18,18,18,18
8,차룡8교(수위계),2008-03-10,18,18,18,18,19,19,19,19,19,19,17,17,18,19,18,18,18,19,18,18,18,18,18,19
1,중앙동,2008-03-11,0,0,0,0,0,0,0,0,0,0,0,0,0,0,0,0,0,0,0,0,0,0,0,0
2,국방연구소,2008-03-11,0,0,0,0,0,0,0,0,0,0,0,0,0,0,0,0,0,0,0,0,0,0,0,0
3,북면,2008-03-11,0,0,0,0,0,0,0,0,0,0,0,0,0,0,0,0,0,0,0,0,0,0,0,0
4,명곡동,2008-03-11,0,0,0,0,0,0,0,0,0,0,0,0,0,0,0,0,0,0,0,0,0,0,0,0
6,성산구청,2008-03-11,0,0,0,0,0,0,0,0,0,0,0,0,0,0,0,0,0,0,0,0,0,0,0,0
7,웅남동,2008-03-11,0,0,0,0,0,0,0,0,0,0,0,0,0,0,0,0,0,0,0,0,0,0,0,0
8,차룡8교(수위계),2008-03-11,19,17,17,17,17,17,17,17,17,17,17,18,18,18,18,18,18,18,18,18,18,17,17,17
8,차룡8교(수위계),2008-03-12,17,17,17,17,17,17,17,17,17,17,17,16,16,18,18,18,18,18,18,18,17,17,17,17
1,중앙동,2008-03-13,0,0,0,0,0,0,0,0,0,0,0,0,0,0,0,0,0,0,0,0,0,0,0,0
2,국방연구소,2008-03-13,0,0,0,0,0,0,0,0,0,0,0,0,0,0,0,0,0,0,0,0,0,0,0,0
3,북면,2008-03-13,0,0,0,0,0,0,0,0,0,0,0,0,0,0,0,0,0,0,0,0,0,0,0,0
4,명곡동,2008-03-13,0,0,0,0,0,0,0,0,0,0,0,0,0,0,0,0,0,0,0,0,0,0,0,0
6,성산구청,2008-03-13,0,0,0,0,0,0,0,0,0,0,0,0,0,0,0,0,0,0,0,0,0,0,0,0
7,웅남동,2008-03-13,0,0,0,0,0,0,0,0,0,0,0,0,0,0,0,0,0,0,0,0,0,0,0,0
8,차룡8교(수위계),2008-03-13,17,17,17,17,17,17,17,17,17,17,17,17,17,16,16,16,16,16,16,16,16,16,16,16
1,중앙동,2008-03-14,0,0,0,0,0,0,0,0,0,0,0,0,0,0,0,0,0,0,0,0,0,0,0,0
2,국방연구소,2008-03-14,0,0,0,0,0,0,0,0,0,0,0,0,0,0,0,0,0,0,0,0,0,0,0,0
3,북면,2008-03-14,0,0,0,0,0,0,0,0,0,0,0,0,0,0,0,0,0,0,0,0,0,0,0,0
4,명곡동,2008-03-14,0,0,0,0,0,0,0,0,0,0,0,0,0,0,0,0,0,0,0,0,0,0,0,0
6,성산구청,2008-03-14,0,0,0,0,0,0,0,0,0,0,0,0,0,0,0,0,0,0,0,0,0,0,0,0
7,웅남동,2008-03-14,0,0,0,0,0,0,0,0,0,0,0,0,0,0,0,0,0,0,0,0,0,0,0,0
8,차룡8교(수위계),2008-03-14,16,16,16,16,16,16,16,16,16,16,17,17,18,18,18,18,19,19,18,18,18,18,18,17
8,차룡8교(수위계),2008-03-15,17,17,17,17,17,17,17,17,17,17,17,17,17,19,18,18,18,19,18,18,17,17,17,17
8,차룡8교(수위계),2008-03-16,17,17,17,17,17,17,17,17,17,17,17,18,18,19,19,19,18,18,19,19,18,19,18,18
8,차룡8교(수위계),2008-03-17,18,19,18,19,18,18,18,18,18,18,18,18,19,18,18,18,18,18,18,18,18,18,18,18
8,차룡8교(수위계),2008-03-18,18,18,18,18,18,18,18,18,18,18,18,18,16,16,18,18,18,18,18,18,18,18,18,18
8,차룡8교(수위계),2008-03-19,18,18,18,18,18,18,18,18,18,18,18,18,18,18,18,16,16,16,17,17,17,17,18,18
8,차룡8교(수위계),2008-03-20,18,18,18,17,18,17,17,18,18,17,17,17,18,18,18,19,19,19,18,18,19,19,19,19
1,중앙동,2008-03-21,0,0,0,0,0,0,0,0,0,0,0,0,0,0,0,0,0,0,0,0,0,0,0,0
2,국방연구소,2008-03-21,0,0,0,0,0,0,0,0,0,0,0,0,0,0,0,0,0,0,0,0,0,0,0,0
3,북면,2008-03-21,0,0,0,0,0,0,0,0,0,0,0,0,0,0,0,0,0,0,0,0,0,0,0,0
4,명곡동,2008-03-21,0,0,0,0,0,0,0,0,0,0,0,0,0,0,0,0,0,0,0,0,0,0,0,0
6,성산구청,2008-03-21,0,0,0,0,0,0,0,0,0,0,0,0,0,0,0,0,0,0,0,0,0,0,0,0
7,웅남동,2008-03-21,0,0,0,0,0,0,0,0,0,0,0,0,0,0,0,0,0,0,0,0,0,0,0,0
8,차룡8교(수위계),2008-03-21,19,18,18,18,18,19,18,18,18,18,18,18,18,18,18,19,19,18,18,18,18,19,18,18
1,중앙동,2008-03-22,0,0,0,0,0,0,0,0,0,0,0,0,0,0,0,0,0,0,0,0,0,0,0,0
2,국방연구소,2008-03-22,0,0,0,0,0,0,0,0,0,0,0,0,0,0,0,0,0,0,0,0,0,0,0,0
3,북면,2008-03-22,0,0,0,0,0,0,0,0,0,0,0,0,0,0,0,0,0,0,0,0,0,0,0,0
4,명곡동,2008-03-22,0,0,0,0,0,0,0,0,0,0,0,0,0,0,0,0,0,0,0,0,0,0,0,0
6,성산구청,2008-03-22,0,0,0,0,0,0,0,0,0,0,0,0,0,0,0,0,0,0,0,0,0,0,0,0
7,웅남동,2008-03-22,0,0,0,0,0,0,0,0,0,0,0,0,0,0,0,0,0,0,0,0,0,0,0,0
8,차룡8교(수위계),2008-03-22,18,18,18,18,18,18,18,18,18,18,17,17,18,18,18,18,18,18,17,17,16,16,16,16
8,차룡8교(수위계),2008-03-23,16,16,16,16,16,16,16,16,16,16,16,16,16,16,16,16,16,16,16,16,16,16,16,16
8,차룡8교(수위계),2008-03-24,16,16,16,16,16,16,16,16,16,16,16,16,18,18,19,19,19,19,19,18,18,16,16,16
1,중앙동,2008-03-25,0,0,0,0,0,0,0,0,0,0,0,0,0,0,0,0,0,0,0,0,0,0,0,0
2,국방연구소,2008-03-25,0,0,0,0,0,0,0,0,0,0,0,0,0,0,0,0,0,0,0,0,0,0,0,0
3,북면,2008-03-25,0,0,0,0,0,0,0,0,0,0,0,0,0,0,0,0,0,0,0,0,0,0,0,0
4,명곡동,2008-03-25,0,0,0,0,0,0,0,0,0,0,0,0,0,0,0,0,0,0,0,0,0,0,0,0
6,성산구청,2008-03-25,0,0,0,0,0,0,0,0,0,0,0,0,0,0,0,0,0,0,0,0,0,0,0,0
7,웅남동,2008-03-25,0,0,0,0,0,0,0,0,0,0,0,0,0,0,0,0,0,0,0,0,0,0,0,0
8,차룡8교(수위계),2008-03-25,16,16,16,16,18,18,18,18,18,18,18,18,18,17,18,19,19,18,19,19,19,19,19,19
8,차룡8교(수위계),2008-03-26,19,18,18,19,19,19,18,19,19,18,18,18,18,18,18,18,18,18,18,18,19,19,19,18
1,중앙동,2008-03-27,0,0,0,0,0,0,0,0,0,0,0,0,0,0,0,0,0,0,0,0,0,0,0,0
2,국방연구소,2008-03-27,0,0,0,0,0,0,0,0,0,0,0,0,0,0,0,0,0,0,0,0,0,0,0,0
3,북면,2008-03-27,0,0,0,0,0,0,0,0,0,0,0,0,0,0,0,0,0,0,0,0,0,0,0,0
4,명곡동,2008-03-27,0,0,0,0,0,0,0,0,0,0,0,0,0,0,0,0,0,0,0,0,0,0,0,0
6,성산구청,2008-03-27,0,0,0,0,0,0,0,0,0,0,0,0,0,0,0,0,0,0,0,0,0,0,0,0
7,웅남동,2008-03-27,0,0,0,0,0,0,0,0,0,0,0,0,0,0,0,0,0,0,0,0,0,0,0,0
8,차룡8교(수위계),2008-03-27,18,18,18,18,18,18,18,18,18,18,18,18,17,16,16,16,16,16,16,16,16,16,16,16
1,중앙동,2008-03-28,0,0,0,0,0,0,0,0,0,0,0,0,0,0,0,0,0,0,0,0,0,0,0,0
2,국방연구소,2008-03-28,0,0,0,0,0,0,0,0,0,0,0,0,0,0,0,0,0,0,0,0,0,0,0,0
3,북면,2008-03-28,0,0,0,0,0,0,0,0,0,0,0,0,0,0,0,0,0,0,0,0,0,0,0,0
4,명곡동,2008-03-28,0,0,0,0,0,0,0,0,0,0,0,0,0,0,0,0,0,0,0,0,0,0,0,0
6,성산구청,2008-03-28,0,0,0,0,0,0,0,0,0,0,0,0,0,0,0,0,0,0,0,0,0,0,0,0
7,웅남동,2008-03-28,0,0,0,0,0,0,0,0,0,0,0,0,0,0,0,0,0,0,0,0,0,0,0,0
8,차룡8교(수위계),2008-03-28,16,16,16,16,16,16,16,16,16,16,16,17,17,17,18,18,18,19,18,19,18,18,18,18
1,중앙동,2008-03-29,0,0,0,0,0,0,0,0,0,0,0,0,0,0,0,0,0,0,0,0,0,0,0,0
2,국방연구소,2008-03-29,0,0,0,0,0,0,0,0,0,0,0,0,0,0,0,0,0,0,0,0,0,0,0,0
3,북면,2008-03-29,0,0,0,0,0,0,0,0,0,0,0,0,0,0,0,0,0,0,0,0,0,0,0,0
4,명곡동,2008-03-29,0,0,0,0,0,0,0,0,0,0,0,0,0,0,0,0,0,0,0,0,0,0,0,0
6,성산구청,2008-03-29,0,0,0,0,0,0,0,0,0,0,0,0,0,0,0,0,0,0,0,0,0,0,0,0
7,웅남동,2008-03-29,0,0,0,0,0,0,0,0,0,0,0,0,0,0,0,0,0,0,0,0,0,0,0,0
8,차룡8교(수위계),2008-03-29,18,18,18,18,18,18,18,18,18,18,18,18,18,17,17,17,17,17,17,17,17,17,17,17
1,중앙동,2008-03-30,0,0,0,0,0,0,0,0,0,0,0,0,0,0,0,0,0,0,0,0,0,0,0,0
2,국방연구소,2008-03-30,0,0,0,0,0,0,0,0,0,0,0,0,0,0,0,0,0,0,0,0,0,0,0,0
3,북면,2008-03-30,0,0,0,0,0,0,0,0,0,0,0,0,0,0,0,0,0,0,0,0,0,0,0,0
4,명곡동,2008-03-30,0,0,0,0,0,0,0,0,0,0,0,0,0,0,0,0,0,0,0,0,0,0,0,0
6,성산구청,2008-03-30,0,0,0,0,0,0,0,0,0,0,0,0,0,0,0,0,0,0,0,0,0,0,0,0
7,웅남동,2008-03-30,0,0,0,0,0,0,0,0,0,0,0,0,0,0,0,0,0,0,0,0,0,0,0,0
8,차룡8교(수위계),2008-03-30,17,17,17,17,17,17,17,17,17,17,17,17,17,17,17,17,17,16,16,16,16,16,16,16
1,중앙동,2008-03-31,0,0,0,0,0,0,0,0,0,0,0,0,0,0,0,0,0,0,0,0,0,0,0,0
2,국방연구소,2008-03-31,0,0,0,0,0,0,0,0,0,0,0,0,0,0,0,0,0,0,0,0,0,0,0,0
3,북면,2008-03-31,0,0,0,0,0,0,0,0,0,0,0,0,0,0,0,0,0,0,0,0,0,0,0,0
4,명곡동,2008-03-31,0,0,0,0,0,0,0,0,0,0,0,0,0,0,0,0,0,0,0,0,0,0,0,0
6,성산구청,2008-03-31,0,0,0,0,0,0,0,0,0,0,0,0,0,0,0,0,0,0,0,0,0,0,0,0
7,웅남동,2008-03-31,0,0,0,0,0,0,0,0,0,0,0,0,0,0,0,0,0,0,0,0,0,0,0,0
8,차룡8교(수위계),2008-03-31,16,16,16,16,16,16,16,16,16,16,16,16,17,17,17,18,18,18,18,18,19,18,18,18
1,중앙동,2008-04-01,0,0,0,0,0,0,0,0,0,0,0,0,0,0,0,0,0,0,0,0,0,0,0,0
2,국방연구소,2008-04-01,0,0,0,0,0,0,0,0,0,0,0,0,0,0,0,0,0,0,0,0,0,0,0,0
3,북면,2008-04-01,0,0,0,0,0,0,0,0,0,0,0,0,0,0,0,0,0,0,0,0,0,0,0,0
4,명곡동,2008-04-01,0,0,0,0,0,0,0,0,0,0,0,0,0,0,0,0,0,0,0,0,0,0,0,0
6,성산구청,2008-04-01,0,0,0,0,0,0,0,0,0,0,0,0,0,0,0,0,0,0,0,0,0,0,0,0
7,웅남동,2008-04-01,0,0,0,0,0,0,0,0,0,0,0,0,0,0,0,0,0,0,0,0,0,0,0,0
8,차룡8교(수위계),2008-04-01,18,18,17,17,17,17,17,17,17,17,17,16,16,18,18,18,18,18,18,18,19,17,18,18
8,차룡8교(수위계),2008-04-02,18,19,19,19,17,17,17,17,17,17,17,18,18,18,18,19,19,18,18,18,19,18,18,18
1,중앙동,2008-04-03,0,0,0,0,0,0,0,0,0,0,0,0,0,0,0,0,0,0,0,0,0,0,0,0
2,국방연구소,2008-04-03,0,0,0,0,0,0,0,0,0,0,0,0,0,0,0,0,0,0,0,0,0,0,0,0
3,북면,2008-04-03,0,0,0,0,0,0,0,0,0,0,0,0,0,0,0,0,0,0,0,0,0,0,0,0
4,명곡동,2008-04-03,0,0,0,0,0,0,0,0,0,0,0,0,0,0,0,0,0,0,0,0,0,0,0,0
6,성산구청,2008-04-03,0,0,0,0,0,0,0,0,0,0,0,0,0,0,0,0,0,0,0,0,0,0,0,0
7,웅남동,2008-04-03,0,0,0,0,0,0,0,0,0,0,0,0,0,0,0,0,0,0,0,0,0,0,0,0
8,차룡8교(수위계),2008-04-03,18,18,18,19,19,19,18,17,18,18,18,18,18,18,19,19,18,19,19,19,19,19,19,19
8,차룡8교(수위계),2008-04-04,19,20,19,19,18,18,18,19,18,18,18,18,18,18,19,19,18,19,19,18,19,19,18,18
8,차룡8교(수위계),2008-04-05,18,18,18,18,18,19,18,18,18,18,18,18,18,18,19,19,19,19,19,19,18,18,18,18
8,차룡8교(수위계),2008-04-06,18,18,18,19,19,18,18,18,18,18,18,18,18,19,18,19,19,18,19,19,18,18,18,18
1,중앙동,2008-04-07,0,0,0,0,0,0,0,0,0,0,0,0,0,0,0,0,0,0,0,0,0,0,0,0
2,국방연구소,2008-04-07,0,0,0,0,0,0,0,0,0,0,0,0,0,0,0,0,0,0,0,0,0,0,0,0
3,북면,2008-04-07,0,0,0,0,0,0,0,0,0,0,0,0,0,0,0,0,0,0,0,0,0,0,0,0
4,명곡동,2008-04-07,0,0,0,0,0,0,0,0,0,0,0,0,0,0,0,0,0,0,0,0,0,0,0,0
6,성산구청,2008-04-07,0,0,0,0,0,0,0,0,0,0,0,0,0,0,0,0,0,0,0,0,0,0,0,0
7,웅남동,2008-04-07,0,0,0,0,0,0,0,0,0,0,0,0,0,0,0,0,0,0,0,0,0,0,0,0
8,차룡8교(수위계),2008-04-07,18,18,18,18,18,18,18,18,18,18,18,18,18,18,18,18,18,18,18,17,17,17,17,17
8,차룡8교(수위계),2008-04-08,17,17,17,17,17,17,17,17,17,17,17,18,19,19,18,19,18,18,18,18,18,18,18,18
8,차룡8교(수위계),2008-04-09,18,18,18,18,18,18,18,18,17,17,17,16,16,16,16,16,16,16,16,16,16,16,16,16
1,중앙동,2008-04-10,0,0,0,0,0,0,0,0,0,0,0,0,0,0,0,0,0,0,0,0,0,0,0,0
2,국방연구소,2008-04-10,0,0,0,0,0,0,0,0,0,0,0,0,0,0,0,0,0,0,0,0,0,0,0,0
3,북면,2008-04-10,0,0,0,0,0,0,0,0,0,0,0,0,0,0,0,0,0,0,0,0,0,0,0,0
4,명곡동,2008-04-10,0,0,0,0,0,0,0,0,0,0,0,0,0,0,0,0,0,0,0,0,0,0,0,0
6,성산구청,2008-04-10,0,0,0,0,0,0,0,0,0,0,0,0,0,0,0,0,0,0,0,0,0,0,0,0
7,웅남동,2008-04-10,0,0,0,0,0,0,0,0,0,0,0,0,0,0,0,0,0,0,0,0,0,0,0,0
8,차룡8교(수위계),2008-04-10,16,16,16,16,16,16,16,16,16,16,16,16,16,16,16,16,16,16,16,16,16,16,16,16
8,차룡8교(수위계),2008-04-11,16,16,16,16,16,16,16,16,16,16,16,17,18,17,17,18,18,18,18,18,18,18,18,18
1,중앙동,2008-04-12,0,0,0,0,0,0,0,0,0,0,0,0,0,0,0,0,0,0,0,0,0,0,0,0
2,국방연구소,2008-04-12,0,0,0,0,0,0,0,0,0,0,0,0,0,0,0,0,0,0,0,0,0,0,0,0
3,북면,2008-04-12,0,0,0,0,0,0,0,0,0,0,0,0,0,0,0,0,0,0,0,0,0,0,0,0
4,명곡동,2008-04-12,0,0,0,0,0,0,0,0,0,0,0,0,0,0,0,0,0,0,0,0,0,0,0,0
6,성산구청,2008-04-12,0,0,0,0,0,0,0,0,0,0,0,0,0,0,0,0,0,0,0,0,0,0,0,0
7,웅남동,2008-04-12,0,0,0,0,0,0,0,0,0,0,0,0,0,0,0,0,0,0,0,0,0,0,0,0
8,차룡8교(수위계),2008-04-12,18,18,18,18,18,18,18,18,18,18,18,18,18,18,18,18,18,18,18,18,18,16,16,16
8,차룡8교(수위계),2008-04-13,16,16,16,16,16,16,16,16,16,16,16,16,16,16,18,18,18,18,18,17,17,17,17,17
1,중앙동,2008-04-14,0,0,0,0,0,0,0,0,0,0,0,0,0,0,0,0,0,0,0,0,0,0,0,0
2,국방연구소,2008-04-14,0,0,0,0,0,0,0,0,0,0,0,0,0,0,0,0,0,0,0,0,0,0,0,0
3,북면,2008-04-14,0,0,0,0,0,0,0,0,0,0,0,0,0,0,0,0,0,0,0,0,0,0,0,0
4,명곡동,2008-04-14,0,0,0,0,0,0,0,0,0,0,0,0,0,0,0,0,0,0,0,0,0,0,0,0
6,성산구청,2008-04-14,0,0,0,0,0,0,0,0,0,0,0,0,0,0,0,0,0,0,0,0,0,0,0,0
7,웅남동,2008-04-14,0,0,0,0,0,0,0,0,0,0,0,0,0,0,0,0,0,0,0,0,0,0,0,0
8,차룡8교(수위계),2008-04-14,17,17,17,17,17,17,17,17,17,17,17,17,18,18,18,18,18,18,18,18,18,18,18,18
8,차룡8교(수위계),2008-04-15,18,18,18,18,18,18,18,18,18,18,18,18,18,18,18,18,18,18,18,18,18,18,18,18
1,중앙동,2008-04-16,0,0,0,0,0,0,0,0,0,0,0,0,0,0,0,0,0,0,0,0,0,0,0,0
2,국방연구소,2008-04-16,0,0,0,0,0,0,0,0,0,0,0,0,0,0,0,0,0,0,0,0,0,0,0,0
3,북면,2008-04-16,0,0,0,0,0,0,0,0,0,0,0,0,0,0,0,0,0,0,0,0,0,0,0,0
4,명곡동,2008-04-16,0,0,0,0,0,0,0,0,0,0,0,0,0,0,0,0,0,0,0,0,0,0,0,0
6,성산구청,2008-04-16,0,0,0,0,0,0,0,0,0,0,0,0,0,0,0,0,0,0,0,0,0,0,0,0
7,웅남동,2008-04-16,0,0,0,0,0,0,0,0,0,0,0,0,0,0,0,0,0,0,0,0,0,0,0,0
8,차룡8교(수위계),2008-04-16,18,18,18,18,18,18,18,18,18,18,18,18,18,18,18,18,18,18,18,18,18,18,18,18
8,차룡8교(수위계),2008-04-17,18,18,18,18,18,18,18,18,18,18,18,18,18,18,18,18,18,18,18,18,18,18,18,18
1,중앙동,2008-04-18,0,0,0,0,0,0,0,0,0,0,0,0,0,0,0,0,0,0,0,0,0,0,0,0
2,국방연구소,2008-04-18,0,0,0,0,0,0,0,0,0,0,0,0,0,0,0,0,0,0,0,0,0,0,0,0
3,북면,2008-04-18,0,0,0,0,0,0,0,0,0,0,0,0,0,0,0,0,0,0,0,0,0,0,0,0
4,명곡동,2008-04-18,0,0,0,0,0,0,0,0,0,0,0,0,0,0,0,0,0,0,0,0,0,0,0,0
6,성산구청,2008-04-18,0,0,0,0,0,0,0,0,0,0,0,0,0,0,0,0,0,0,0,0,0,0,0,0
7,웅남동,2008-04-18,0,0,0,0,0,0,0,0,0,0,0,0,0,0,0,0,0,0,0,0,0,0,0,0
8,차룡8교(수위계),2008-04-18,18,18,18,18,18,18,18,18,18,18,18,18,18,18,18,18,18,17,17,18,18,18,18,18
1,중앙동,2008-04-19,0,0,0,0,0,0,0,0,0,0,0,0,0,0,0,0,0,0,0,0,0,0,0,0
2,국방연구소,2008-04-19,0,0,0,0,0,0,0,0,0,0,0,0,0,0,0,0,0,0,0,0,0,0,0,0
3,북면,2008-04-19,0,0,0,0,0,0,0,0,0,0,0,0,0,0,0,0,0,0,0,0,0,0,0,0
4,명곡동,2008-04-19,0,0,0,0,0,0,0,0,0,0,0,0,0,0,0,0,0,0,0,0,0,0,0,0
6,성산구청,2008-04-19,0,0,0,0,0,0,0,0,0,0,0,0,0,0,0,0,0,0,0,0,0,0,0,0
7,웅남동,2008-04-19,0,0,0,0,0,0,0,0,0,0,0,0,0,0,0,0,0,0,0,0,0,0,0,0
8,차룡8교(수위계),2008-04-19,18,18,18,18,18,18,18,18,18,18,18,18,18,18,18,18,18,18,17,17,17,18,18,18
8,차룡8교(수위계),2008-04-20,18,18,18,18,18,18,18,18,18,18,18,18,18,18,18,18,18,18,18,18,18,18,18,18
8,차룡8교(수위계),2008-04-21,18,18,18,18,18,16,16,16,17,17,17,17,18,18,18,18,18,19,19,18,18,18,18,18
8,차룡8교(수위계),2008-04-22,18,18,18,18,18,18,17,17,17,17,18,18,18,18,18,18,18,18,18,18,18,18,18,18
1,중앙동,2008-04-23,0,0,0,0,0,0,0,0,0,0,0,0,0,0,0,0,0,0,0,0,0,0,0,0
2,국방연구소,2008-04-23,0,0,0,0,0,0,0,0,0,0,0,0,0,0,0,0,0,0,0,0,0,0,0,0
3,북면,2008-04-23,0,0,0,0,0,0,0,0,0,0,0,0,0,0,0,0,0,0,0,0,0,0,0,0
4,명곡동,2008-04-23,0,0,0,0,0,0,0,0,0,0,0,0,0,0,0,0,0,0,0,0,0,0,0,0
6,성산구청,2008-04-23,0,0,0,0,0,0,0,0,0,0,0,0,0,0,0,0,0,0,0,0,0,0,0,0
7,웅남동,2008-04-23,0,0,0,0,0,0,0,0,0,0,0,0,0,0,0,0,0,0,0,0,0,0,0,0
8,차룡8교(수위계),2008-04-23,18,18,18,18,18,18,18,18,18,18,18,18,18,18,18,18,18,18,18,18,18,18,18,16
1,중앙동,2008-04-24,0,0,0,0,0,0,0,0,0,0,0,0,0,0,0,0,0,0,0,0,0,0,0,0
2,국방연구소,2008-04-24,0,0,0,0,0,0,0,0,0,0,0,0,0,0,0,0,0,0,0,0,0,0,0,0
3,북면,2008-04-24,0,0,0,0,0,0,0,0,0,0,0,0,0,0,0,0,0,0,0,0,0,0,0,0
4,명곡동,2008-04-24,0,0,0,0,0,0,0,0,0,0,0,0,0,0,0,0,0,0,0,0,0,0,0,0
6,성산구청,2008-04-24,0,0,0,0,0,0,0,0,0,0,0,0,0,0,0,0,0,0,0,0,0,0,0,0
7,웅남동,2008-04-24,0,0,0,0,0,0,0,0,0,0,0,0,0,0,0,0,0,0,0,0,0,0,0,0
8,차룡8교(수위계),2008-04-24,16,16,16,16,16,16,16,16,16,16,16,16,16,16,16,16,16,18,18,18,18,18,17,17
8,차룡8교(수위계),2008-04-25,17,17,17,17,17,17,17,17,17,17,17,17,17,17,17,17,17,17,17,17,17,17,17,17
8,차룡8교(수위계),2008-04-26,17,17,17,17,17,17,17,17,17,17,17,17,17,17,17,17,17,17,17,17,17,17,17,17
8,차룡8교(수위계),2008-04-27,17,17,17,17,17,17,17,17,17,17,17,17,17,17,17,16,17,17,17,17,17,17,17,17
8,차룡8교(수위계),2008-04-28,17,17,17,17,17,17,17,17,17,17,17,17,17,17,17,17,17,17,17,17,17,17,17,17
8,차룡8교(수위계),2008-04-29,17,17,17,17,17,17,17,17,17,17,17,17,17,17,17,17,17,17,17,17,17,17,17,17
1,중앙동,2008-04-30,0,0,0,0,0,0,0,0,0,0,0,0,0,0,0,0,0,0,0,0,0,0,0,0
2,국방연구소,2008-04-30,0,0,0,0,0,0,0,0,0,0,0,0,0,0,0,0,0,0,0,0,0,0,0,0
3,북면,2008-04-30,0,0,0,0,0,0,0,0,0,0,0,0,0,0,0,0,0,0,0,0,0,0,0,0
4,명곡동,2008-04-30,0,0,0,0,0,0,0,0,0,0,0,0,0,0,0,0,0,0,0,0,0,0,0,0
6,성산구청,2008-04-30,0,0,0,0,0,0,0,0,0,0,0,0,0,0,0,0,0,0,0,0,0,0,0,0
7,웅남동,2008-04-30,0,0,0,0,0,0,0,0,0,0,0,0,0,0,0,0,0,0,0,0,0,0,0,0
8,차룡8교(수위계),2008-04-30,17,17,17,17,17,17,17,17,17,17,17,17,17,17,17,17,17,17,17,17,17,17,17,17
8,차룡8교(수위계),2008-05-01,17,17,17,17,17,17,17,17,17,17,17,17,17,17,18,17,17,17,17,17,17,17,17,17
8,차룡8교(수위계),2008-05-02,17,17,17,17,17,17,17,17,17,17,17,17,17,17,17,18,18,18,18,18,18,18,18,18
1,중앙동,2008-05-03,0,0,0,0,0,0,0,0,0,0,0,0,0,0,0,0,0,0,0,0,0,0,0,0
2,국방연구소,2008-05-03,0,0,0,0,0,0,0,0,0,0,0,0,0,0,0,0,0,0,0,0,0,0,0,0
3,북면,2008-05-03,0,0,0,0,0,0,0,0,0,0,0,0,0,0,0,0,0,0,0,0,0,0,0,0
4,명곡동,2008-05-03,0,0,0,0,0,0,0,0,0,0,0,0,0,0,0,0,0,0,0,0,0,0,0,0
6,성산구청,2008-05-03,0,0,0,0,0,0,0,0,0,0,0,0,0,0,0,0,0,0,0,0,0,0,0,0
7,웅남동,2008-05-03,0,0,0,0,0,0,0,0,0,0,0,0,0,0,0,0,0,0,0,0,0,0,0,0
8,차룡8교(수위계),2008-05-03,18,18,18,18,18,18,18,18,18,18,18,18,18,18,18,18,19,19,18,18,18,17,17,17
8,차룡8교(수위계),2008-05-04,17,17,17,17,17,17,17,17,17,17,17,17,17,17,17,17,17,17,17,17,17,17,17,17
1,중앙동,2008-05-05,0,0,0,0,0,0,0,0,0,0,0,0,0,0,0,0,0,0,0,0,0,0,0,0
2,국방연구소,2008-05-05,0,0,0,0,0,0,0,0,0,0,0,0,0,0,0,0,0,0,0,0,0,0,0,0
3,북면,2008-05-05,0,0,0,0,0,0,0,0,0,0,0,0,0,0,0,0,0,0,0,0,0,0,0,0
4,명곡동,2008-05-05,0,0,0,0,0,0,0,0,0,0,0,0,0,0,0,0,0,0,0,0,0,0,0,0
6,성산구청,2008-05-05,0,0,0,0,0,0,0,0,0,0,0,0,0,0,0,0,0,0,0,0,0,0,0,0
7,웅남동,2008-05-05,0,0,0,0,0,0,0,0,0,0,0,0,0,0,0,0,0,0,0,0,0,0,0,0
8,차룡8교(수위계),2008-05-05,17,17,17,17,17,17,17,17,17,17,17,17,18,17,17,17,17,17,17,17,17,17,17,17
8,차룡8교(수위계),2008-05-06,17,17,17,17,17,17,17,17,17,17,17,17,17,17,17,17,17,17,17,17,17,17,17,17
1,중앙동,2008-05-07,0,0,0,0,0,0,0,0,0,0,0,0,0,0,0,0,0,0,0,0,0,0,0,0
2,국방연구소,2008-05-07,0,0,0,0,0,0,0,0,0,0,0,0,0,0,0,0,0,0,0,0,0,0,0,0
3,북면,2008-05-07,0,0,0,0,0,0,0,0,0,0,0,0,0,0,0,0,0,0,0,0,0,0,0,0
4,명곡동,2008-05-07,0,0,0,0,0,0,0,0,0,0,0,0,0,0,0,0,0,0,0,0,0,0,0,0
6,성산구청,2008-05-07,0,0,0,0,0,0,0,0,0,0,0,0,0,0,0,0,0,0,0,0,0,0,0,0
7,웅남동,2008-05-07,0,0,0,0,0,0,0,0,0,0,0,0,0,0,0,0,0,0,0,0,0,0,0,0
8,차룡8교(수위계),2008-05-07,17,17,17,17,17,17,17,17,17,17,17,17,18,18,18,18,18,18,18,17,17,17,17,17
8,차룡8교(수위계),2008-05-08,17,17,17,17,17,17,17,17,17,17,17,17,17,17,17,17,17,17,17,17,17,17,17,17
8,차룡8교(수위계),2008-05-09,17,17,17,17,17,17,17,17,17,17,17,17,17,18,18,18,17,17,17,17,17,17,17,17
8,차룡8교(수위계),2008-05-10,17,17,17,17,17,17,17,17,17,17,17,17,17,17,17,17,17,17,17,17,17,17,17,17
8,차룡8교(수위계),2008-05-11,17,17,17,17,17,17,17,17,17,17,17,17,17,17,17,17,17,17,17,17,17,17,17,17
8,차룡8교(수위계),2008-05-12,17,17,17,17,17,17,17,17,17,17,17,17,17,17,17,17,17,17,17,17,17,17,17,17
1,중앙동,2008-05-13,0,0,0,0,0,0,0,0,0,0,0,0,0,0,0,0,0,0,0,0,0,0,0,0
2,국방연구소,2008-05-13,0,0,0,0,0,0,0,0,0,0,0,0,0,0,0,0,0,0,0,0,0,0,0,0
3,북면,2008-05-13,0,0,0,0,0,0,0,0,0,0,0,0,0,0,0,0,0,0,0,0,0,0,0,0
4,명곡동,2008-05-13,0,0,0,0,0,0,0,0,0,0,0,0,0,0,0,0,0,0,0,0,0,0,0,0
6,성산구청,2008-05-13,0,0,0,0,0,0,0,0,0,0,0,0,0,0,0,0,0,0,0,0,0,0,0,0
7,웅남동,2008-05-13,0,0,0,0,0,0,0,0,0,0,0,0,0,0,0,0,0,0,0,0,0,0,0,0
8,차룡8교(수위계),2008-05-13,17,17,17,17,17,17,17,17,17,17,17,17,17,17,17,17,17,17,17,17,17,17,17,17
8,차룡8교(수위계),2008-05-14,17,17,17,17,17,17,17,17,17,17,17,17,17,17,17,17,17,17,17,17,17,17,17,17
1,중앙동,2008-05-15,0,0,0,0,0,0,0,0,0,0,0,0,0,0,0,0,0,0,0,0,0,0,0,0
2,국방연구소,2008-05-15,0,0,0,0,0,0,0,0,0,0,0,0,0,0,0,0,0,0,0,0,0,0,0,0
3,북면,2008-05-15,0,0,0,0,0,0,0,0,0,0,0,0,0,0,0,0,0,0,0,0,0,0,0,0
4,명곡동,2008-05-15,0,0,0,0,0,0,0,0,0,0,0,0,0,0,0,0,0,0,0,0,0,0,0,0
6,성산구청,2008-05-15,0,0,0,0,0,0,0,0,0,0,0,0,0,0,0,0,0,0,0,0,0,0,0,0
7,웅남동,2008-05-15,0,0,0,0,0,0,0,0,0,0,0,0,0,0,0,0,0,0,0,0,0,0,0,0
8,차룡8교(수위계),2008-05-15,17,17,17,17,17,17,17,17,17,17,17,17,17,17,17,17,17,17,17,17,17,17,17,17
1,중앙동,2008-05-16,0,0,0,0,0,0,0,0,0,0,0,0,0,0,0,0,0,0,0,0,0,0,0,0
2,국방연구소,2008-05-16,0,0,0,0,0,0,0,0,0,0,0,0,0,0,0,0,0,0,0,0,0,0,0,0
3,북면,2008-05-16,0,0,0,0,0,0,0,0,0,0,0,0,0,0,0,0,0,0,0,0,0,0,0,0
4,명곡동,2008-05-16,0,0,0,0,0,0,0,0,0,0,0,0,0,0,0,0,0,0,0,0,0,0,0,0
6,성산구청,2008-05-16,0,0,0,0,0,0,0,0,0,0,0,0,0,0,0,0,0,0,0,0,0,0,0,0
7,웅남동,2008-05-16,0,0,0,0,0,0,0,0,0,0,0,0,0,0,0,0,0,0,0,0,0,0,0,0
8,차룡8교(수위계),2008-05-16,17,17,17,17,17,17,17,17,17,17,17,17,17,17,17,17,17,17,17,17,17,17,17,17
8,차룡8교(수위계),2008-05-17,17,17,17,17,17,17,17,17,17,17,17,17,17,17,17,17,17,17,17,17,17,17,17,17
8,차룡8교(수위계),2008-05-18,17,17,17,17,17,17,17,17,17,17,17,17,17,17,17,17,17,17,17,17,17,17,17,17
1,중앙동,2008-05-19,0,0,0,0,0,0,0,0,0,0,0,0,0,0,0,0,0,0,0,0,0,0,0,0
2,국방연구소,2008-05-19,0,0,0,0,0,0,0,0,0,0,0,0,0,0,0,0,0,0,0,0,0,0,0,0
3,북면,2008-05-19,0,0,0,0,0,0,0,0,0,0,0,0,0,0,0,0,0,0,0,0,0,0,0,0
4,명곡동,2008-05-19,0,0,0,0,0,0,0,0,0,0,0,0,0,0,0,0,0,0,0,0,0,0,0,0
6,성산구청,2008-05-19,0,0,0,0,0,0,0,0,0,0,0,0,0,0,0,0,0,0,0,0,0,0,0,0
7,웅남동,2008-05-19,0,0,0,0,0,0,0,0,0,0,0,0,0,0,0,0,0,0,0,0,0,0,0,0
8,차룡8교(수위계),2008-05-19,17,17,17,17,17,17,17,17,17,17,17,17,17,17,17,17,17,17,17,17,17,17,17,17
8,차룡8교(수위계),2008-05-20,17,17,17,17,17,17,17,17,17,17,17,17,17,17,17,17,17,17,17,17,17,17,17,17
8,차룡8교(수위계),2008-05-21,17,17,17,17,17,17,17,17,17,17,17,17,17,17,17,17,17,17,17,17,17,17,17,17
8,차룡8교(수위계),2008-05-22,17,17,17,17,17,17,17,17,17,17,17,17,17,17,17,17,17,17,17,17,17,17,17,17
1,중앙동,2008-05-23,0,0,0,0,0,0,0,0,0,0,0,0,0,0,0,0,0,0,0,0,0,0,0,0
2,국방연구소,2008-05-23,0,0,0,0,0,0,0,0,0,0,0,0,0,0,0,0,0,0,0,0,0,0,0,0
3,북면,2008-05-23,0,0,0,0,0,0,0,0,0,0,0,0,0,0,0,0,0,0,0,0,0,0,0,0
4,명곡동,2008-05-23,0,0,0,0,0,0,0,0,0,0,0,0,0,0,0,0,0,0,0,0,0,0,0,0
6,성산구청,2008-05-23,0,0,0,0,0,0,0,0,0,0,0,0,0,0,0,0,0,0,0,0,0,0,0,0
7,웅남동,2008-05-23,0,0,0,0,0,0,0,0,0,0,0,0,0,0,0,0,0,0,0,0,0,0,0,0
8,차룡8교(수위계),2008-05-23,17,17,17,17,17,17,17,17,17,17,17,17,17,17,17,17,17,17,17,17,17,17,17,17
1,중앙동,2008-05-24,0,0,0,0,0,0,0,0,0,0,0,0,0,0,0,0,0,0,0,0,0,0,0,0
2,국방연구소,2008-05-24,0,0,0,0,0,0,0,0,0,0,0,0,0,0,0,0,0,0,0,0,0,0,0,0
3,북면,2008-05-24,0,0,0,0,0,0,0,0,0,0,0,0,0,0,0,0,0,0,0,0,0,0,0,0
4,명곡동,2008-05-24,0,0,0,0,0,0,0,0,0,0,0,0,0,0,0,0,0,0,0,0,0,0,0,0
6,성산구청,2008-05-24,0,0,0,0,0,0,0,0,0,0,0,0,0,0,0,0,0,0,0,0,0,0,0,0
7,웅남동,2008-05-24,0,0,0,0,0,0,0,0,0,0,0,0,0,0,0,0,0,0,0,0,0,0,0,0
8,차룡8교(수위계),2008-05-24,17,17,17,17,17,17,17,17,17,17,17,17,17,17,17,17,17,17,17,17,17,17,17,17
8,차룡8교(수위계),2008-05-25,17,17,17,17,17,17,17,17,17,17,17,17,17,17,17,17,17,17,17,17,17,17,17,17
8,차룡8교(수위계),2008-05-26,17,17,17,17,17,17,17,17,17,17,17,17,17,18,18,18,18,18,18,18,18,18,18,18
8,차룡8교(수위계),2008-05-27,18,18,18,18,18,18,18,18,18,18,18,18,18,17,17,17,17,17,17,17,17,17,17,17
8,차룡8교(수위계),2008-05-28,17,17,17,17,17,17,17,17,17,17,17,17,17,17,17,17,17,17,17,17,17,17,17,17
8,차룡8교(수위계),2008-05-29,17,17,17,17,17,17,17,17,17,17,17,17,17,17,17,17,17,17,17,17,17,17,17,17
8,차룡8교(수위계),2008-05-30,17,17,17,17,17,17,17,17,17,17,17,17,17,17,17,17,17,17,17,17,17,17,17,17
8,차룡8교(수위계),2008-05-31,17,17,17,17,17,17,17,17,17,17,17,17,17,17,17,17,16,16,16,16,16,16,16,16
8,차룡8교(수위계),2008-06-01,16,16,16,16,16,16,16,16,16,16,16,16,16,16,16,16,16,16,16,16,16,16,16,16
8,차룡8교(수위계),2008-06-02,16,16,16,16,16,16,16,16,16,16,16,16,16,16,16,16,16,16,16,16,16,16,16,16
8,차룡8교(수위계),2008-06-03,16,16,16,16,16,16,16,16,16,16,16,16,16,16,16,16,16,16,16,16,16,16,16,16
1,중앙동,2008-06-04,0,0,0,0,0,0,0,0,0,0,0,0,0,0,0,0,0,0,0,0,0,0,0,0
2,국방연구소,2008-06-04,0,0,0,0,0,0,0,0,0,0,0,0,0,0,0,0,0,0,0,0,0,0,0,0
3,북면,2008-06-04,0,0,0,0,0,0,0,0,0,0,0,0,0,0,0,0,0,0,0,0,0,0,0,0
4,명곡동,2008-06-04,0,0,0,0,0,0,0,0,0,0,0,0,0,0,0,0,0,0,0,0,0,0,0,0
6,성산구청,2008-06-04,0,0,0,0,0,0,0,0,0,0,0,0,0,0,0,0,0,0,0,0,0,0,0,0
7,웅남동,2008-06-04,0,0,0,0,0,0,0,0,0,0,0,0,0,0,0,0,0,0,0,0,0,0,0,0
8,차룡8교(수위계),2008-06-04,16,16,16,16,16,16,16,16,16,16,16,16,16,16,16,16,16,16,16,16,16,16,16,16
8,차룡8교(수위계),2008-06-05,16,16,16,16,16,16,16,16,16,16,16,16,16,16,16,16,16,16,16,16,16,16,16,16
1,중앙동,2008-06-06,0,0,0,0,0,0,0,0,0,0,0,0,0,0,0,0,0,0,0,0,0,0,0,0
2,국방연구소,2008-06-06,0,0,0,0,0,0,0,0,0,0,0,0,0,0,0,0,0,0,0,0,0,0,0,0
3,북면,2008-06-06,0,0,0,0,0,0,0,0,0,0,0,0,0,0,0,0,0,0,0,0,0,0,0,0
4,명곡동,2008-06-06,0,0,0,0,0,0,0,0,0,0,0,0,0,0,0,0,0,0,0,0,0,0,0,0
6,성산구청,2008-06-06,0,0,0,0,0,0,0,0,0,0,0,0,0,0,0,0,0,0,0,0,0,0,0,0
7,웅남동,2008-06-06,0,0,0,0,0,0,0,0,0,0,0,0,0,0,0,0,0,0,0,0,0,0,0,0
8,차룡8교(수위계),2008-06-06,16,16,16,16,16,16,16,16,16,16,16,16,16,16,16,16,16,16,16,16,16,16,16,16
8,차룡8교(수위계),2008-06-07,16,16,16,16,16,16,16,16,16,16,16,16,16,16,16,16,16,16,16,16,16,16,16,16
8,차룡8교(수위계),2008-06-08,16,16,16,16,16,16,16,16,16,16,16,16,16,16,16,16,16,16,16,16,16,16,16,16
8,차룡8교(수위계),2008-06-09,16,16,16,16,16,16,16,16,16,16,16,16,16,16,16,16,16,16,16,16,16,16,16,16
1,중앙동,2008-06-10,0,0,0,0,0,0,0,0,0,0,0,0,0,0,0,0,0,0,0,0,0,0,0,0
2,국방연구소,2008-06-10,0,0,0,0,0,0,0,0,0,0,0,0,0,0,0,0,0,0,0,0,0,0,0,0
3,북면,2008-06-10,0,0,0,0,0,0,0,0,0,0,0,0,0,0,0,0,0,0,0,0,0,0,0,0
4,명곡동,2008-06-10,0,0,0,0,0,0,0,0,0,0,0,0,0,0,0,0,0,0,0,0,0,0,0,0
6,성산구청,2008-06-10,0,0,0,0,0,0,0,0,0,0,0,0,0,0,0,0,0,0,0,0,0,0,0,0
7,웅남동,2008-06-10,0,0,0,0,0,0,0,0,0,0,0,0,0,0,0,0,0,0,0,0,0,0,0,0
8,차룡8교(수위계),2008-06-10,16,16,16,16,16,16,16,16,16,16,16,16,16,16,16,16,16,16,16,16,16,16,16,16
8,차룡8교(수위계),2008-06-11,16,16,16,16,16,16,16,16,16,16,16,16,16,16,16,16,16,16,16,16,16,16,16,16
8,차룡8교(수위계),2008-06-12,16,16,16,16,16,16,16,16,16,16,16,16,16,16,16,16,16,16,16,16,16,16,16,16
1,중앙동,2008-06-13,0,0,0,0,0,0,0,0,0,0,0,0,0,0,0,0,0,0,0,0,0,0,0,0
2,국방연구소,2008-06-13,0,0,0,0,0,0,0,0,0,0,0,0,0,0,0,0,0,0,0,0,0,0,0,0
3,북면,2008-06-13,0,0,0,0,0,0,0,0,0,0,0,0,0,0,0,0,0,0,0,0,0,0,0,0
4,명곡동,2008-06-13,0,0,0,0,0,0,0,0,0,0,0,0,0,0,0,0,0,0,0,0,0,0,0,0
6,성산구청,2008-06-13,0,0,0,0,0,0,0,0,0,0,0,0,0,0,0,0,0,0,0,0,0,0,0,0
7,웅남동,2008-06-13,0,0,0,0,0,0,0,0,0,0,0,0,0,0,0,0,0,0,0,0,0,0,0,0
8,차룡8교(수위계),2008-06-13,16,16,16,16,16,16,16,16,16,16,16,16,16,16,16,16,16,16,16,16,16,16,16,16
1,중앙동,2008-06-14,0,0,0,0,0,0,0,0,0,0,0,0,0,0,0,0,0,0,0,0,0,0,0,0
2,국방연구소,2008-06-14,0,0,0,0,0,0,0,0,0,0,0,0,0,0,0,0,0,0,0,0,0,0,0,0
3,북면,2008-06-14,0,0,0,0,0,0,0,0,0,0,0,0,0,0,0,0,0,0,0,0,0,0,0,0
4,명곡동,2008-06-14,0,0,0,0,0,0,0,0,0,0,0,0,0,0,0,0,0,0,0,0,0,0,0,0
6,성산구청,2008-06-14,0,0,0,0,0,0,0,0,0,0,0,0,0,0,0,0,0,0,0,0,0,0,0,0
7,웅남동,2008-06-14,0,0,0,0,0,0,0,0,0,0,0,0,0,0,0,0,0,0,0,0,0,0,0,0
8,차룡8교(수위계),2008-06-14,16,16,16,16,16,16,16,16,16,16,16,16,16,16,16,16,16,16,16,16,16,16,16,16
1,중앙동,2008-06-15,0,0,0,0,0,0,0,0,0,0,0,0,0,0,0,0,0,0,0,0,0,0,0,0
2,국방연구소,2008-06-15,0,0,0,0,0,0,0,0,0,0,0,0,0,0,0,0,0,0,0,0,0,0,0,0
3,북면,2008-06-15,0,0,0,0,0,0,0,0,0,0,0,0,0,0,0,0,0,0,0,0,0,0,0,0
4,명곡동,2008-06-15,0,0,0,0,0,0,0,0,0,0,0,0,0,0,0,0,0,0,0,0,0,0,0,0
6,성산구청,2008-06-15,0,0,0,0,0,0,0,0,0,0,0,0,0,0,0,0,0,0,0,0,0,0,0,0
7,웅남동,2008-06-15,0,0,0,0,0,0,0,0,0,0,0,0,0,0,0,0,0,0,0,0,0,0,0,0
8,차룡8교(수위계),2008-06-15,16,16,16,16,16,16,16,16,16,16,16,16,16,16,16,16,16,16,16,16,16,16,16,16
1,중앙동,2008-06-16,0,0,0,0,0,0,0,0,0,0,0,0,0,0,0,0,0,0,0,0,0,0,0,0
2,국방연구소,2008-06-16,0,0,0,0,0,0,0,0,0,0,0,0,0,0,0,0,0,0,0,0,0,0,0,0
3,북면,2008-06-16,0,0,0,0,0,0,0,0,0,0,0,0,0,0,0,0,0,0,0,0,0,0,0,0
4,명곡동,2008-06-16,0,0,0,0,0,0,0,0,0,0,0,0,0,0,0,0,0,0,0,0,0,0,0,0
6,성산구청,2008-06-16,0,0,0,0,0,0,0,0,0,0,0,0,0,0,0,0,0,0,0,0,0,0,0,0
7,웅남동,2008-06-16,0,0,0,0,0,0,0,0,0,0,0,0,0,0,0,0,0,0,0,0,0,0,0,0
8,차룡8교(수위계),2008-06-16,16,16,16,16,16,16,16,16,16,16,16,16,16,16,16,16,16,16,16,16,16,16,16,16
8,차룡8교(수위계),2008-06-17,16,16,16,16,16,16,16,16,16,16,16,16,16,16,16,16,16,16,16,16,16,16,16,16
8,차룡8교(수위계),2008-06-18,16,16,16,16,16,16,16,16,16,16,16,16,16,16,16,16,16,16,16,16,16,16,16,16
8,차룡8교(수위계),2008-06-19,16,16,16,16,16,16,16,16,16,16,16,16,16,16,16,16,16,16,16,16,16,16,16,16
8,차룡8교(수위계),2008-06-20,16,16,16,16,16,16,16,16,16,16,16,16,16,16,16,16,16,16,16,16,16,16,16,16
8,차룡8교(수위계),2008-06-21,16,16,16,16,16,16,16,16,16,16,16,16,16,16,16,16,16,16,16,16,16,16,16,16
8,차룡8교(수위계),2008-06-22,16,16,16,16,16,16,16,16,16,16,16,16,16,16,16,16,16,16,16,16,16,16,16,16
1,중앙동,2008-06-23,0,0,0,0,0,0,0,0,0,0,0,0,0,0,0,0,0,0,0,0,0,0,0,0
2,국방연구소,2008-06-23,0,0,0,0,0,0,0,0,0,0,0,0,0,0,0,0,0,0,0,0,0,0,0,0
3,북면,2008-06-23,0,0,0,0,0,0,0,0,0,0,0,0,0,0,0,0,0,0,0,0,0,0,0,0
4,명곡동,2008-06-23,0,0,0,0,0,0,0,0,0,0,0,0,0,0,0,0,0,0,0,0,0,0,0,0
6,성산구청,2008-06-23,0,0,0,0,0,0,0,0,0,0,0,0,0,0,0,0,0,0,0,0,0,0,0,0
7,웅남동,2008-06-23,0,0,0,0,0,0,0,0,0,0,0,0,0,0,0,0,0,0,0,0,0,0,0,0
8,차룡8교(수위계),2008-06-23,16,16,16,16,16,16,16,16,16,16,16,16,16,16,16,16,16,16,16,16,16,16,16,16
8,차룡8교(수위계),2008-06-24,16,16,16,16,16,16,16,16,16,16,16,16,16,16,16,16,16,16,16,16,16,16,16,16
8,차룡8교(수위계),2008-06-25,16,16,16,16,16,16,16,16,16,16,16,16,16,16,16,16,16,16,16,16,16,16,16,16
8,차룡8교(수위계),2008-06-26,16,16,16,16,16,16,16,16,16,16,16,16,16,16,16,16,16,16,16,16,16,16,16,16
8,차룡8교(수위계),2008-06-27,16,16,16,16,16,16,16,16,16,16,16,16,16,16,16,16,16,16,16,16,16,16,16,16
8,차룡8교(수위계),2008-06-28,16,16,16,16,16,16,16,16,16,16,16,16,16,16,16,16,16,16,16,16,16,16,16,16
1,중앙동,2008-06-29,0,0,0,0,0,0,0,0,0,0,0,0,0,0,0,0,0,0,0,0,0,0,0,0
2,국방연구소,2008-06-29,0,0,0,0,0,0,0,0,0,0,0,0,0,0,0,0,0,0,0,0,0,0,0,0
3,북면,2008-06-29,0,0,0,0,0,0,0,0,0,0,0,0,0,0,0,0,0,0,0,0,0,0,0,0
4,명곡동,2008-06-29,0,0,0,0,0,0,0,0,0,0,0,0,0,0,0,0,0,0,0,0,0,0,0,0
6,성산구청,2008-06-29,0,0,0,0,0,0,0,0,0,0,0,0,0,0,0,0,0,0,0,0,0,0,0,0
7,웅남동,2008-06-29,0,0,0,0,0,0,0,0,0,0,0,0,0,0,0,0,0,0,0,0,0,0,0,0
8,차룡8교(수위계),2008-06-29,16,16,16,16,16,16,16,16,16,16,16,16,16,16,16,16,16,16,16,16,16,16,16,16
8,차룡8교(수위계),2008-06-30,16,16,16,16,16,16,16,16,16,16,16,16,16,16,16,16,16,16,16,16,16,16,16,16
1,중앙동,2008-07-01,0,0,0,0,0,0,0,0,0,0,0,0,0,0,0,0,0,0,0,0,0,0,0,0
2,국방연구소,2008-07-01,0,0,0,0,0,0,0,0,0,0,0,0,0,0,0,0,0,0,0,0,0,0,0,0
3,북면,2008-07-01,0,0,0,0,0,0,0,0,0,0,0,0,0,0,0,0,0,0,0,0,0,0,0,0
4,명곡동,2008-07-01,0,0,0,0,0,0,0,0,0,0,0,0,0,0,0,0,0,0,0,0,0,0,0,0
6,성산구청,2008-07-01,0,0,0,0,0,0,0,0,0,0,0,0,0,0,0,0,0,0,0,0,0,0,0,0
7,웅남동,2008-07-01,0,0,0,0,0,0,0,0,0,0,0,0,0,0,0,0,0,0,0,0,0,0,0,0
8,차룡8교(수위계),2008-07-01,16,16,16,16,16,16,16,16,16,16,16,16,16,16,16,16,16,16,16,16,16,16,16,16
8,차룡8교(수위계),2008-07-02,16,16,16,16,16,16,16,16,16,16,16,16,16,16,16,16,16,16,16,16,16,16,16,16
1,중앙동,2008-07-03,0,0,0,0,0,0,0,0,0,0,0,0,0,0,0,0,0,0,0,0,0,0,0,0
2,국방연구소,2008-07-03,0,0,0,0,0,0,0,0,0,0,0,0,0,0,0,0,0,0,0,0,0,0,0,0
3,북면,2008-07-03,0,0,0,0,0,0,0,0,0,0,0,0,0,0,0,0,0,0,0,0,0,0,0,0
4,명곡동,2008-07-03,0,0,0,0,0,0,0,0,0,0,0,0,0,0,0,0,0,0,0,0,0,0,0,0
6,성산구청,2008-07-03,0,0,0,0,0,0,0,0,0,0,0,0,0,0,0,0,0,0,0,0,0,0,0,0
7,웅남동,2008-07-03,0,0,0,0,0,0,0,0,0,0,0,0,0,0,0,0,0,0,0,0,0,0,0,0
8,차룡8교(수위계),2008-07-03,16,16,16,16,16,16,16,16,16,16,16,16,16,16,16,16,16,16,16,16,16,16,16,16
1,중앙동,2008-07-04,0,0,0,0,0,0,0,0,0,0,0,0,0,0,0,0,0,0,0,0,0,0,0,0
2,국방연구소,2008-07-04,0,0,0,0,0,0,0,0,0,0,0,0,0,0,0,0,0,0,0,0,0,0,0,0
3,북면,2008-07-04,0,0,0,0,0,0,0,0,0,0,0,0,0,0,0,0,0,0,0,0,0,0,0,0
4,명곡동,2008-07-04,0,0,0,0,0,0,0,0,0,0,0,0,0,0,0,0,0,0,0,0,0,0,0,0
6,성산구청,2008-07-04,0,0,0,0,0,0,0,0,0,0,0,0,0,0,0,0,0,0,0,0,0,0,0,0
7,웅남동,2008-07-04,0,0,0,0,0,0,0,0,0,0,0,0,0,0,0,0,0,0,0,0,0,0,0,0
8,차룡8교(수위계),2008-07-04,16,16,16,16,16,16,16,16,16,16,16,16,16,16,16,16,16,16,16,16,16,16,16,16
8,차룡8교(수위계),2008-07-05,16,16,16,16,16,16,16,16,16,16,16,16,16,16,16,16,16,16,16,16,16,16,16,16
1,중앙동,2008-07-06,0,0,0,0,0,0,0,0,0,0,0,0,0,0,0,0,0,0,0,0,0,0,0,0
2,국방연구소,2008-07-06,0,0,0,0,0,0,0,0,0,0,0,0,0,0,0,0,0,0,0,0,0,0,0,0
3,북면,2008-07-06,0,0,0,0,0,0,0,0,0,0,0,0,0,0,0,0,0,0,0,0,0,0,0,0
4,명곡동,2008-07-06,0,0,0,0,0,0,0,0,0,0,0,0,0,0,0,0,0,0,0,0,0,0,0,0
6,성산구청,2008-07-06,0,0,0,0,0,0,0,0,0,0,0,0,0,0,0,0,0,0,0,0,0,0,0,0
7,웅남동,2008-07-06,0,0,0,0,0,0,0,0,0,0,0,0,0,0,0,0,0,0,0,0,0,0,0,0
8,차룡8교(수위계),2008-07-06,16,16,16,16,16,16,16,16,16,16,16,16,16,16,16,16,16,16,16,16,16,16,16,16
8,차룡8교(수위계),2008-07-07,16,16,16,16,16,16,16,16,16,16,16,16,16,16,16,16,16,16,16,16,16,16,16,16
8,차룡8교(수위계),2008-07-08,16,16,16,16,16,16,16,16,16,16,16,16,16,16,16,16,16,16,16,16,16,16,16,16
8,차룡8교(수위계),2008-07-09,16,16,16,16,16,16,16,16,16,16,16,16,16,16,16,16,16,16,16,16,16,16,16,16
1,중앙동,2008-07-10,0,0,0,0,0,0,0,0,0,0,0,0,0,0,0,0,0,0,0,0,0,0,0,0
2,국방연구소,2008-07-10,0,0,0,0,0,0,0,0,0,0,0,0,0,0,0,0,0,0,0,0,0,0,0,0
3,북면,2008-07-10,0,0,0,0,0,0,0,0,0,0,0,0,0,0,0,0,0,0,0,0,0,0,0,0
4,명곡동,2008-07-10,0,0,0,0,0,0,0,0,0,0,0,0,0,0,0,0,0,0,0,0,0,0,0,0
6,성산구청,2008-07-10,0,0,0,0,0,0,0,0,0,0,0,0,0,0,0,0,0,0,0,0,0,0,0,0
7,웅남동,2008-07-10,0,0,0,0,0,0,0,0,0,0,0,0,0,0,0,0,0,0,0,0,0,0,0,0
8,차룡8교(수위계),2008-07-10,16,16,16,16,16,16,16,16,16,16,16,16,16,16,16,16,16,16,16,16,16,16,16,16
1,중앙동,2008-07-11,0,0,0,0,0,0,0,0,0,0,0,0,0,0,0,0,0,0,0,0,0,0,0,0
2,국방연구소,2008-07-11,0,0,0,0,0,0,0,0,0,0,0,0,0,0,0,0,0,0,0,0,0,0,0,0
3,북면,2008-07-11,0,0,0,0,0,0,0,0,0,0,0,0,0,0,0,0,0,0,0,0,0,0,0,0
4,명곡동,2008-07-11,0,0,0,0,0,0,0,0,0,0,0,0,0,0,0,0,0,0,0,0,0,0,0,0
6,성산구청,2008-07-11,0,0,0,0,0,0,0,0,0,0,0,0,0,0,0,0,0,0,0,0,0,0,0,0
7,웅남동,2008-07-11,0,0,0,0,0,0,0,0,0,0,0,0,0,0,0,0,0,0,0,0,0,0,0,0
8,차룡8교(수위계),2008-07-11,16,16,16,16,16,16,16,16,16,16,16,16,16,16,16,16,16,16,16,16,16,16,16,16
8,차룡8교(수위계),2008-07-12,16,16,16,16,16,16,16,16,16,16,16,16,16,16,16,16,16,16,16,16,16,16,16,16
1,중앙동,2008-07-13,0,0,0,0,0,0,0,0,0,0,0,0,0,0,0,0,0,0,0,0,0,0,0,0
2,국방연구소,2008-07-13,0,0,0,0,0,0,0,0,0,0,0,0,0,0,0,0,0,0,0,0,0,0,0,0
3,북면,2008-07-13,0,0,0,0,0,0,0,0,0,0,0,0,0,0,0,0,0,0,0,0,0,0,0,0
4,명곡동,2008-07-13,0,0,0,0,0,0,0,0,0,0,0,0,0,0,0,0,0,0,0,0,0,0,0,0
6,성산구청,2008-07-13,0,0,0,0,0,0,0,0,0,0,0,0,0,0,0,0,0,0,0,0,0,0,0,0
7,웅남동,2008-07-13,0,0,0,0,0,0,0,0,0,0,0,0,0,0,0,0,0,0,0,0,0,0,0,0
8,차룡8교(수위계),2008-07-13,16,16,16,16,16,16,16,16,16,16,16,16,16,16,16,16,16,16,16,16,16,16,16,16
1,중앙동,2008-07-14,0,0,0,0,0,0,0,0,0,0,0,0,0,0,0,0,0,0,0,0,0,0,0,0
2,국방연구소,2008-07-14,0,0,0,0,0,0,0,0,0,0,0,0,0,0,0,0,0,0,0,0,0,0,0,0
3,북면,2008-07-14,0,0,0,0,0,0,0,0,0,0,0,0,0,0,0,0,0,0,0,0,0,0,0,0
4,명곡동,2008-07-14,0,0,0,0,0,0,0,0,0,0,0,0,0,0,0,0,0,0,0,0,0,0,0,0
6,성산구청,2008-07-14,0,0,0,0,0,0,0,0,0,0,0,0,0,0,0,0,0,0,0,0,0,0,0,0
7,웅남동,2008-07-14,0,0,0,0,0,0,0,0,0,0,0,0,0,0,0,0,0,0,0,0,0,0,0,0
8,차룡8교(수위계),2008-07-14,16,16,16,16,16,16,16,16,16,16,16,16,16,16,16,16,16,16,16,16,16,16,16,16
8,차룡8교(수위계),2008-07-15,16,16,16,16,16,16,16,16,16,16,16,16,16,16,16,16,16,16,16,16,16,16,16,16
1,중앙동,2008-07-16,0,0,0,0,0,0,0,0,0,0,0,0,0,0,0,0,0,0,0,0,0,0,0,0
2,국방연구소,2008-07-16,0,0,0,0,0,0,0,0,0,0,0,0,0,0,0,0,0,0,0,0,0,0,0,0
3,북면,2008-07-16,0,0,0,0,0,0,0,0,0,0,0,0,0,0,0,0,0,0,0,0,0,0,0,0
4,명곡동,2008-07-16,0,0,0,0,0,0,0,0,0,0,0,0,0,0,0,0,0,0,0,0,0,0,0,0
6,성산구청,2008-07-16,0,0,0,0,0,0,0,0,0,0,0,0,0,0,0,0,0,0,0,0,0,0,0,0
7,웅남동,2008-07-16,0,0,0,0,0,0,0,0,0,0,0,0,0,0,0,0,0,0,0,0,0,0,0,0
8,차룡8교(수위계),2008-07-16,16,16,16,16,16,16,16,16,16,16,16,16,16,16,16,16,16,16,16,16,16,16,16,16
1,중앙동,2008-07-17,0,0,0,0,0,0,0,0,0,0,0,0,0,0,0,0,0,0,0,0,0,0,0,0
2,국방연구소,2008-07-17,0,0,0,0,0,0,0,0,0,0,0,0,0,0,0,0,0,0,0,0,0,0,0,0
3,북면,2008-07-17,0,0,0,0,0,0,0,0,0,0,0,0,0,0,0,0,0,0,0,0,0,0,0,0
4,명곡동,2008-07-17,0,0,0,0,0,0,0,0,0,0,0,0,0,0,0,0,0,0,0,0,0,0,0,0
6,성산구청,2008-07-17,0,0,0,0,0,0,0,0,0,0,0,0,0,0,0,0,0,0,0,0,0,0,0,0
7,웅남동,2008-07-17,0,0,0,0,0,0,0,0,0,0,0,0,0,0,0,0,0,0,0,0,0,0,0,0
8,차룡8교(수위계),2008-07-17,16,16,16,16,16,16,16,16,16,16,16,16,16,16,16,16,16,16,16,16,16,16,16,16
8,차룡8교(수위계),2008-07-18,16,16,16,16,16,16,16,16,16,16,16,16,16,16,16,16,16,16,16,16,16,16,16,16
1,중앙동,2008-07-19,0,0,0,0,0,0,0,0,0,0,0,0,0,0,0,0,0,0,0,0,0,0,0,0
2,국방연구소,2008-07-19,0,0,0,0,0,0,0,0,0,0,0,0,0,0,0,0,0,0,0,0,0,0,0,0
3,북면,2008-07-19,0,0,0,0,0,0,0,0,0,0,0,0,0,0,0,0,0,0,0,0,0,0,0,0
4,명곡동,2008-07-19,0,0,0,0,0,0,0,0,0,0,0,0,0,0,0,0,0,0,0,0,0,0,0,0
6,성산구청,2008-07-19,0,0,0,0,0,0,0,0,0,0,0,0,0,0,0,0,0,0,0,0,0,0,0,0
7,웅남동,2008-07-19,0,0,0,0,0,0,0,0,0,0,0,0,0,0,0,0,0,0,0,0,0,0,0,0
8,차룡8교(수위계),2008-07-19,16,16,16,16,16,16,16,16,16,16,16,16,16,16,16,16,16,16,16,16,16,16,16,16
1,중앙동,2008-07-20,0,0,0,0,0,0,0,0,0,0,0,0,0,0,0,0,0,0,0,0,0,0,0,0
2,국방연구소,2008-07-20,0,0,0,0,0,0,0,0,0,0,0,0,0,0,0,0,0,0,0,0,0,0,0,0
3,북면,2008-07-20,0,0,0,0,0,0,0,0,0,0,0,0,0,0,0,0,0,0,0,0,0,0,0,0
4,명곡동,2008-07-20,0,0,0,0,0,0,0,0,0,0,0,0,0,0,0,0,0,0,0,0,0,0,0,0
6,성산구청,2008-07-20,0,0,0,0,0,0,0,0,0,0,0,0,0,0,0,0,0,0,0,0,0,0,0,0
7,웅남동,2008-07-20,0,0,0,0,0,0,0,0,0,0,0,0,0,0,0,0,0,0,0,0,0,0,0,0
8,차룡8교(수위계),2008-07-20,16,16,16,16,16,16,16,16,16,16,16,16,16,16,80,80,80,80,80,80,80,80,80,80
1,중앙동,2008-07-21,0,0,0,0,0,0,0,0,0,0,0,0,0,0,0,0,0,0,0,0,0,0,0,0
2,국방연구소,2008-07-21,0,0,0,0,0,0,0,0,0,0,0,0,0,0,0,0,0,0,0,0,0,0,0,0
3,북면,2008-07-21,0,0,0,0,0,0,0,0,0,0,0,0,0,0,0,0,0,0,0,0,0,0,0,0
4,명곡동,2008-07-21,0,0,0,0,0,0,0,0,0,0,0,0,0,0,0,0,0,0,0,0,0,0,0,0
6,성산구청,2008-07-21,0,0,0,0,0,0,0,0,0,0,0,0,0,0,0,0,0,0,0,0,0,0,0,0
7,웅남동,2008-07-21,0,0,0,0,0,0,0,0,0,0,0,0,0,0,0,0,0,0,0,0,0,0,0,0
8,차룡8교(수위계),2008-07-21,80,80,80,80,80,80,80,80,80,80,80,80,80,80,80,80,80,80,80,80,80,80,80,80
8,차룡8교(수위계),2008-07-22,80,80,80,80,80,80,80,80,80,80,80,80,80,80,80,80,80,80,80,80,80,80,80,80
8,차룡8교(수위계),2008-07-23,80,80,80,80,80,80,80,80,80,80,80,80,80,80,80,80,80,80,80,80,80,80,80,80
1,중앙동,2008-07-24,0,0,0,0,0,0,0,0,0,0,0,0,0,0,0,0,0,0,0,0,0,0,0,0
2,국방연구소,2008-07-24,0,0,0,0,0,0,0,0,0,0,0,0,0,0,0,0,0,0,0,0,0,0,0,0
3,북면,2008-07-24,0,0,0,0,0,0,0,0,0,0,0,0,0,0,0,0,0,0,0,0,0,0,0,0
4,명곡동,2008-07-24,0,0,0,0,0,0,0,0,0,0,0,0,0,0,0,0,0,0,0,0,0,0,0,0
6,성산구청,2008-07-24,0,0,0,0,0,0,0,0,0,0,0,0,0,0,0,0,0,0,0,0,0,0,0,0
7,웅남동,2008-07-24,0,0,0,0,0,0,0,0,0,0,0,0,0,0,0,0,0,0,0,0,0,0,0,0
8,차룡8교(수위계),2008-07-24,80,80,80,80,80,80,80,80,80,80,80,80,80,80,80,80,80,80,80,80,80,80,80,80
1,중앙동,2008-07-25,0,0,0,0,0,0,0,0,0,0,0,0,0,0,0,0,0,0,0,0,0,0,0,0
2,국방연구소,2008-07-25,0,0,0,0,0,0,0,0,0,0,0,0,0,0,0,0,0,0,0,0,0,0,0,0
3,북면,2008-07-25,0,0,0,0,0,0,0,0,0,0,0,0,0,0,0,0,0,0,0,0,0,0,0,0
4,명곡동,2008-07-25,0,0,0,0,0,0,0,0,0,0,0,0,0,0,0,0,0,0,0,0,0,0,0,0
6,성산구청,2008-07-25,0,0,0,0,0,0,0,0,0,0,0,0,0,0,0,0,0,0,0,0,0,0,0,0
7,웅남동,2008-07-25,0,0,0,0,0,0,0,0,0,0,0,0,0,0,0,0,0,0,0,0,0,0,0,0
8,차룡8교(수위계),2008-07-25,80,80,80,80,80,80,80,80,80,80,80,80,80,80,80,80,80,80,80,80,80,80,80,80
1,중앙동,2008-07-26,0,0,0,0,0,0,0,0,0,0,0,0,0,0,0,0,0,0,0,0,0,0,0,0
2,국방연구소,2008-07-26,0,0,0,0,0,0,0,0,0,0,0,0,0,0,0,0,0,0,0,0,0,0,0,0
3,북면,2008-07-26,0,0,0,0,0,0,0,0,0,0,0,0,0,0,0,0,0,0,0,0,0,0,0,0
4,명곡동,2008-07-26,0,0,0,0,0,0,0,0,0,0,0,0,0,0,0,0,0,0,0,0,0,0,0,0
6,성산구청,2008-07-26,0,0,0,0,0,0,0,0,0,0,0,0,0,0,0,0,0,0,0,0,0,0,0,0
7,웅남동,2008-07-26,0,0,0,0,0,0,0,0,0,0,0,0,0,0,0,0,0,0,0,0,0,0,0,0
8,차룡8교(수위계),2008-07-26,80,80,80,80,80,80,80,80,80,80,80,80,80,80,80,80,80,80,80,80,80,80,80,80
8,차룡8교(수위계),2008-07-27,80,80,80,80,80,80,80,80,80,80,80,80,80,80,80,80,80,80,80,80,80,80,80,80
1,중앙동,2008-07-28,0,0,0,0,0,0,0,0,0,0,0,0,0,0,0,0,0,0,0,0,0,0,0,0
2,국방연구소,2008-07-28,0,0,0,0,0,0,0,0,0,0,0,0,0,0,0,0,0,0,0,0,0,0,0,0
3,북면,2008-07-28,0,0,0,0,0,0,0,0,0,0,0,0,0,0,0,0,0,0,0,0,0,0,0,0
4,명곡동,2008-07-28,0,0,0,0,0,0,0,0,0,0,0,0,0,0,0,0,0,0,0,0,0,0,0,0
6,성산구청,2008-07-28,0,0,0,0,0,0,0,0,0,0,0,0,0,0,0,0,0,0,0,0,0,0,0,0
7,웅남동,2008-07-28,0,0,0,0,0,0,0,0,0,0,0,0,0,0,0,0,0,0,0,0,0,0,0,0
8,차룡8교(수위계),2008-07-28,80,80,80,80,80,80,80,80,80,80,80,80,80,80,80,80,80,80,80,80,80,80,80,80
8,차룡8교(수위계),2008-07-29,80,80,80,80,80,80,80,80,80,80,80,80,80,80,80,80,80,80,80,80,80,80,80,80
1,중앙동,2008-07-30,0,0,0,0,0,0,0,0,0,0,0,0,0,0,0,0,0,0,0,0,0,0,0,0
2,국방연구소,2008-07-30,0,0,0,0,0,0,0,0,0,0,0,0,0,0,0,0,0,0,0,0,0,0,0,0
3,북면,2008-07-30,0,0,0,0,0,0,0,0,0,0,0,0,0,0,0,0,0,0,0,0,0,0,0,0
4,명곡동,2008-07-30,0,0,0,0,0,0,0,0,0,0,0,0,0,0,0,0,0,0,0,0,0,0,0,0
6,성산구청,2008-07-30,0,0,0,0,0,0,0,0,0,0,0,0,0,0,0,0,0,0,0,0,0,0,0,0
7,웅남동,2008-07-30,0,0,0,0,0,0,0,0,0,0,0,0,0,0,0,0,0,0,0,0,0,0,0,0
8,차룡8교(수위계),2008-07-30,80,80,80,80,80,80,80,80,80,80,80,80,80,80,80,80,80,80,80,80,80,80,80,80
1,중앙동,2008-07-31,0,0,0,0,0,0,0,0,0,0,0,0,0,0,0,0,0,0,0,0,0,0,0,0
2,국방연구소,2008-07-31,0,0,0,0,0,0,0,0,0,0,0,0,0,0,0,0,0,0,0,0,0,0,0,0
3,북면,2008-07-31,0,0,0,0,0,0,0,0,0,0,0,0,0,0,0,0,0,0,0,0,0,0,0,0
4,명곡동,2008-07-31,0,0,0,0,0,0,0,0,0,0,0,0,0,0,0,0,0,0,0,0,0,0,0,0
6,성산구청,2008-07-31,0,0,0,0,0,0,0,0,0,0,0,0,0,0,0,0,0,0,0,0,0,0,0,0
7,웅남동,2008-07-31,0,0,0,0,0,0,0,0,0,0,0,0,0,0,0,0,0,0,0,0,0,0,0,0
8,차룡8교(수위계),2008-07-31,80,80,80,80,80,80,80,80,80,80,80,80,80,80,80,80,80,80,80,80,80,80,80,80
1,중앙동,2008-08-01,0,0,0,0,0,0,0,0,0,0,0,0,0,0,0,0,0,0,0,0,0,0,0,0
2,국방연구소,2008-08-01,0,0,0,0,0,0,0,0,0,0,0,0,0,0,0,0,0,0,0,0,0,0,0,0
3,북면,2008-08-01,0,0,0,0,0,0,0,0,0,0,0,0,0,0,0,0,0,0,0,0,0,0,0,0
4,명곡동,2008-08-01,0,0,0,0,0,0,0,0,0,0,0,0,0,0,0,0,0,0,0,0,0,0,0,0
6,성산구청,2008-08-01,0,0,0,0,0,0,0,0,0,0,0,0,0,0,0,0,0,0,0,0,0,0,0,0
7,웅남동,2008-08-01,0,0,0,0,0,0,0,0,0,0,0,0,0,0,0,0,0,0,0,0,0,0,0,0
8,차룡8교(수위계),2008-08-01,80,80,80,80,80,80,80,80,80,80,80,80,80,80,80,80,80,80,80,80,80,80,80,80
1,중앙동,2008-08-02,0,0,0,0,0,0,0,0,0,0,0,0,0,0,0,0,0,0,0,0,0,0,0,0
2,국방연구소,2008-08-02,0,0,0,0,0,0,0,0,0,0,0,0,0,0,0,0,0,0,0,0,0,0,0,0
3,북면,2008-08-02,0,0,0,0,0,0,0,0,0,0,0,0,0,0,0,0,0,0,0,0,0,0,0,0
4,명곡동,2008-08-02,0,0,0,0,0,0,0,0,0,0,0,0,0,0,0,0,0,0,0,0,0,0,0,0
6,성산구청,2008-08-02,0,0,0,0,0,0,0,0,0,0,0,0,0,0,0,0,0,0,0,0,0,0,0,0
7,웅남동,2008-08-02,0,0,0,0,0,0,0,0,0,0,0,0,0,0,0,0,0,0,0,0,0,0,0,0
8,차룡8교(수위계),2008-08-02,80,80,80,80,80,80,80,80,80,80,80,80,80,80,80,80,80,80,80,80,80,80,80,80
8,차룡8교(수위계),2008-08-03,80,80,80,80,80,80,80,80,80,80,80,80,80,80,80,80,80,80,80,80,80,80,80,80
1,중앙동,2008-08-04,0,0,0,0,0,0,0,0,0,0,0,0,0,0,0,0,0,0,0,0,0,0,0,0
2,국방연구소,2008-08-04,0,0,0,0,0,0,0,0,0,0,0,0,0,0,0,0,0,0,0,0,0,0,0,0
3,북면,2008-08-04,0,0,0,0,0,0,0,0,0,0,0,0,0,0,0,0,0,0,0,0,0,0,0,0
4,명곡동,2008-08-04,0,0,0,0,0,0,0,0,0,0,0,0,0,0,0,0,0,0,0,0,0,0,0,0
6,성산구청,2008-08-04,0,0,0,0,0,0,0,0,0,0,0,0,0,0,0,0,0,0,0,0,0,0,0,0
7,웅남동,2008-08-04,0,0,0,0,0,0,0,0,0,0,0,0,0,0,0,0,0,0,0,0,0,0,0,0
8,차룡8교(수위계),2008-08-04,80,80,80,80,80,80,80,80,80,80,80,80,80,80,80,80,80,80,80,80,80,80,80,80
1,중앙동,2008-08-05,0,0,0,0,0,0,0,0,0,0,0,0,0,0,0,0,0,0,0,0,0,0,0,0
2,국방연구소,2008-08-05,0,0,0,0,0,0,0,0,0,0,0,0,0,0,0,0,0,0,0,0,0,0,0,0
3,북면,2008-08-05,0,0,0,0,0,0,0,0,0,0,0,0,0,0,0,0,0,0,0,0,0,0,0,0
4,명곡동,2008-08-05,0,0,0,0,0,0,0,0,0,0,0,0,0,0,0,0,0,0,0,0,0,0,0,0
6,성산구청,2008-08-05,0,0,0,0,0,0,0,0,0,0,0,0,0,0,0,0,0,0,0,0,0,0,0,0
7,웅남동,2008-08-05,0,0,0,0,0,0,0,0,0,0,0,0,0,0,0,0,0,0,0,0,0,0,0,0
8,차룡8교(수위계),2008-08-05,80,80,80,80,80,80,80,80,80,80,80,80,80,80,80,80,80,80,80,80,80,80,80,80
1,중앙동,2008-08-06,0,0,0,0,0,0,0,0,0,0,0,0,0,0,0,0,0,0,0,0,0,0,0,0
2,국방연구소,2008-08-06,0,0,0,0,0,0,0,0,0,0,0,0,0,0,0,0,0,0,0,0,0,0,0,0
3,북면,2008-08-06,0,0,0,0,0,0,0,0,0,0,0,0,0,0,0,0,0,0,0,0,0,0,0,0
4,명곡동,2008-08-06,0,0,0,0,0,0,0,0,0,0,0,0,0,0,0,0,0,0,0,0,0,0,0,0
6,성산구청,2008-08-06,0,0,0,0,0,0,0,0,0,0,0,0,0,0,0,0,0,0,0,0,0,0,0,0
7,웅남동,2008-08-06,0,0,0,0,0,0,0,0,0,0,0,0,0,0,0,0,0,0,0,0,0,0,0,0
8,차룡8교(수위계),2008-08-06,80,80,80,80,80,80,80,80,80,80,80,80,80,80,80,80,80,80,80,80,80,80,80,80
1,중앙동,2008-08-07,0,0,0,0,0,0,0,0,0,0,0,0,0,0,0,0,0,0,0,0,0,0,0,0
2,국방연구소,2008-08-07,0,0,0,0,0,0,0,0,0,0,0,0,0,0,0,0,0,0,0,0,0,0,0,0
3,북면,2008-08-07,0,0,0,0,0,0,0,0,0,0,0,0,0,0,0,0,0,0,0,0,0,0,0,0
4,명곡동,2008-08-07,0,0,0,0,0,0,0,0,0,0,0,0,0,0,0,0,0,0,0,0,0,0,0,0
6,성산구청,2008-08-07,0,0,0,0,0,0,0,0,0,0,0,0,0,0,0,0,0,0,0,0,0,0,0,0
7,웅남동,2008-08-07,0,0,0,0,0,0,0,0,0,0,0,0,0,0,0,0,0,0,0,0,0,0,0,0
8,차룡8교(수위계),2008-08-07,80,80,80,80,80,80,80,80,80,80,80,80,80,80,80,80,80,80,80,80,80,80,80,80
1,중앙동,2008-08-08,0,0,0,0,0,0,0,0,0,0,0,0,0,0,0,0,0,0,0,0,0,0,0,0
2,국방연구소,2008-08-08,0,0,0,0,0,0,0,0,0,0,0,0,0,0,0,0,0,0,0,0,0,0,0,0
3,북면,2008-08-08,0,0,0,0,0,0,0,0,0,0,0,0,0,0,0,0,0,0,0,0,0,0,0,0
4,명곡동,2008-08-08,0,0,0,0,0,0,0,0,0,0,0,0,0,0,0,0,0,0,0,0,0,0,0,0
6,성산구청,2008-08-08,0,0,0,0,0,0,0,0,0,0,0,0,0,0,0,0,0,0,0,0,0,0,0,0
7,웅남동,2008-08-08,0,0,0,0,0,0,0,0,0,0,0,0,0,0,0,0,0,0,0,0,0,0,0,0
8,차룡8교(수위계),2008-08-08,80,80,80,80,80,80,80,80,80,80,80,80,80,80,80,80,80,80,80,80,80,80,80,80
1,중앙동,2008-08-09,0,0,0,0,0,0,0,0,0,0,0,0,0,0,0,0,0,0,0,0,0,0,0,0
2,국방연구소,2008-08-09,0,0,0,0,0,0,0,0,0,0,0,0,0,0,0,0,0,0,0,0,0,0,0,0
3,북면,2008-08-09,0,0,0,0,0,0,0,0,0,0,0,0,0,0,0,0,0,0,0,0,0,0,0,0
4,명곡동,2008-08-09,0,0,0,0,0,0,0,0,0,0,0,0,0,0,0,0,0,0,0,0,0,0,0,0
6,성산구청,2008-08-09,0,0,0,0,0,0,0,0,0,0,0,0,0,0,0,0,0,0,0,0,0,0,0,0
7,웅남동,2008-08-09,0,0,0,0,0,0,0,0,0,0,0,0,0,0,0,0,0,0,0,0,0,0,0,0
8,차룡8교(수위계),2008-08-09,80,80,80,80,80,80,80,80,80,80,80,80,80,80,80,80,80,80,80,80,80,80,80,80
1,중앙동,2008-08-10,0,0,0,0,0,0,0,0,0,0,0,0,0,0,0,0,0,0,0,0,0,0,0,0
2,국방연구소,2008-08-10,0,0,0,0,0,0,0,0,0,0,0,0,0,0,0,0,0,0,0,0,0,0,0,0
3,북면,2008-08-10,0,0,0,0,0,0,0,0,0,0,0,0,0,0,0,0,0,0,0,0,0,0,0,0
4,명곡동,2008-08-10,0,0,0,0,0,0,0,0,0,0,0,0,0,0,0,0,0,0,0,0,0,0,0,0
6,성산구청,2008-08-10,0,0,0,0,0,0,0,0,0,0,0,0,0,0,0,0,0,0,0,0,0,0,0,0
7,웅남동,2008-08-10,0,0,0,0,0,0,0,0,0,0,0,0,0,0,0,0,0,0,0,0,0,0,0,0
8,차룡8교(수위계),2008-08-10,80,80,80,80,80,80,80,80,80,80,80,80,80,80,80,80,80,80,80,80,80,80,80,80
1,중앙동,2008-08-11,0,0,0,0,0,0,0,0,0,0,0,0,0,0,0,0,0,0,0,0,0,0,0,0
2,국방연구소,2008-08-11,0,0,0,0,0,0,0,0,0,0,0,0,0,0,0,0,0,0,0,0,0,0,0,0
3,북면,2008-08-11,0,0,0,0,0,0,0,0,0,0,0,0,0,0,0,0,0,0,0,0,0,0,0,0
4,명곡동,2008-08-11,0,0,0,0,0,0,0,0,0,0,0,0,0,0,0,0,0,0,0,0,0,0,0,0
6,성산구청,2008-08-11,0,0,0,0,0,0,0,0,0,0,0,0,0,0,0,0,0,0,0,0,0,0,0,0
7,웅남동,2008-08-11,0,0,0,0,0,0,0,0,0,0,0,0,0,0,0,0,0,0,0,0,0,0,0,0
8,차룡8교(수위계),2008-08-11,80,80,80,80,80,80,80,80,80,80,80,80,80,80,80,80,80,80,80,80,80,80,80,80
1,중앙동,2008-08-12,0,0,0,0,0,0,0,0,0,0,0,0,0,0,0,0,0,0,0,0,0,0,0,0
2,국방연구소,2008-08-12,0,0,0,0,0,0,0,0,0,0,0,0,0,0,0,0,0,0,0,0,0,0,0,0
3,북면,2008-08-12,0,0,0,0,0,0,0,0,0,0,0,0,0,0,0,0,0,0,0,0,0,0,0,0
4,명곡동,2008-08-12,0,0,0,0,0,0,0,0,0,0,0,0,0,0,0,0,0,0,0,0,0,0,0,0
6,성산구청,2008-08-12,0,0,0,0,0,0,0,0,0,0,0,0,0,0,0,0,0,0,0,0,0,0,0,0
7,웅남동,2008-08-12,0,0,0,0,0,0,0,0,0,0,0,0,0,0,0,0,0,0,0,0,0,0,0,0
8,차룡8교(수위계),2008-08-12,80,80,80,80,80,80,80,80,80,80,80,80,80,80,80,80,80,80,80,80,80,80,80,80
1,중앙동,2008-08-13,0,0,0,0,0,0,0,0,0,0,0,0,0,0,0,0,0,0,0,0,0,0,0,0
2,국방연구소,2008-08-13,0,0,0,0,0,0,0,0,0,0,0,0,0,0,0,0,0,0,0,0,0,0,0,0
3,북면,2008-08-13,0,0,0,0,0,0,0,0,0,0,0,0,0,0,0,0,0,0,0,0,0,0,0,0
4,명곡동,2008-08-13,0,0,0,0,0,0,0,0,0,0,0,0,0,0,0,0,0,0,0,0,0,0,0,0
6,성산구청,2008-08-13,0,0,0,0,0,0,0,0,0,0,0,0,0,0,0,0,0,0,0,0,0,0,0,0
7,웅남동,2008-08-13,0,0,0,0,0,0,0,0,0,0,0,0,0,0,0,0,0,0,0,0,0,0,0,0
8,차룡8교(수위계),2008-08-13,80,80,80,80,80,80,80,80,80,80,80,80,80,80,80,80,80,80,80,80,80,80,80,80
1,중앙동,2008-08-14,0,0,0,0,0,0,0,0,0,0,0,0,0,0,0,0,0,0,0,0,0,0,0,0
2,국방연구소,2008-08-14,0,0,0,0,0,0,0,0,0,0,0,0,0,0,0,0,0,0,0,0,0,0,0,0
3,북면,2008-08-14,0,0,0,0,0,0,0,0,0,0,0,0,0,0,0,0,0,0,0,0,0,0,0,0
4,명곡동,2008-08-14,0,0,0,0,0,0,0,0,0,0,0,0,0,0,0,0,0,0,0,0,0,0,0,0
6,성산구청,2008-08-14,0,0,0,0,0,0,0,0,0,0,0,0,0,0,0,0,0,0,0,0,0,0,0,0
7,웅남동,2008-08-14,0,0,0,0,0,0,0,0,0,0,0,0,0,0,0,0,0,0,0,0,0,0,0,0
8,차룡8교(수위계),2008-08-14,80,80,80,80,80,80,80,80,80,80,80,80,80,80,80,80,80,80,80,80,80,80,80,80
1,중앙동,2008-08-15,0,0,0,0,0,0,0,0,0,0,0,0,0,0,0,0,0,0,0,0,0,0,0,0
2,국방연구소,2008-08-15,0,0,0,0,0,0,0,0,0,0,0,0,0,0,0,0,0,0,0,0,0,0,0,0
3,북면,2008-08-15,0,0,0,0,0,0,0,0,0,0,0,0,0,0,0,0,0,0,0,0,0,0,0,0
4,명곡동,2008-08-15,0,0,0,0,0,0,0,0,0,0,0,0,0,0,0,0,0,0,0,0,0,0,0,0
6,성산구청,2008-08-15,0,0,0,0,0,0,0,0,0,0,0,0,0,0,0,0,0,0,0,0,0,0,0,0
7,웅남동,2008-08-15,0,0,0,0,0,0,0,0,0,0,0,0,0,0,0,0,0,0,0,0,0,0,0,0
8,차룡8교(수위계),2008-08-15,80,80,80,80,80,80,80,80,80,80,80,80,80,80,80,80,80,80,80,80,80,80,80,80
8,차룡8교(수위계),2008-08-16,80,80,80,80,80,80,80,80,80,80,80,80,80,80,80,80,80,80,80,80,80,80,80,80
8,차룡8교(수위계),2008-08-17,80,80,80,80,80,80,80,80,80,80,80,80,80,80,80,80,80,80,80,80,80,80,80,80
1,중앙동,2008-08-18,0,0,0,0,0,0,0,0,0,0,0,0,0,0,0,0,0,0,0,0,0,0,0,0
2,국방연구소,2008-08-18,0,0,0,0,0,0,0,0,0,0,0,0,0,0,0,0,0,0,0,0,0,0,0,0
3,북면,2008-08-18,0,0,0,0,0,0,0,0,0,0,0,0,0,0,0,0,0,0,0,0,0,0,0,0
4,명곡동,2008-08-18,0,0,0,0,0,0,0,0,0,0,0,0,0,0,0,0,0,0,0,0,0,0,0,0
6,성산구청,2008-08-18,0,0,0,0,0,0,0,0,0,0,0,0,0,0,0,0,0,0,0,0,0,0,0,0
7,웅남동,2008-08-18,0,0,0,0,0,0,0,0,0,0,0,0,0,0,0,0,0,0,0,0,0,0,0,0
8,차룡8교(수위계),2008-08-18,80,80,80,80,80,80,80,80,80,80,80,80,80,80,80,80,80,80,80,80,80,80,80,80
8,차룡8교(수위계),2008-08-19,80,80,80,80,80,80,80,80,80,80,80,80,80,80,80,80,80,80,80,80,80,80,80,80
1,중앙동,2008-08-20,0,0,0,0,0,0,0,0,0,0,0,0,0,0,0,0,0,0,0,0,0,0,0,0
2,국방연구소,2008-08-20,0,0,0,0,0,0,0,0,0,0,0,0,0,0,0,0,0,0,0,0,0,0,0,0
3,북면,2008-08-20,0,0,0,0,0,0,0,0,0,0,0,0,0,0,0,0,0,0,0,0,0,0,0,0
4,명곡동,2008-08-20,0,0,0,0,0,0,0,0,0,0,0,0,0,0,0,0,0,0,0,0,0,0,0,0
6,성산구청,2008-08-20,0,0,0,0,0,0,0,0,0,0,0,0,0,0,0,0,0,0,0,0,0,0,0,0
7,웅남동,2008-08-20,0,0,0,0,0,0,0,0,0,0,0,0,0,0,0,0,0,0,0,0,0,0,0,0
8,차룡8교(수위계),2008-08-20,80,80,80,80,80,80,80,80,80,80,80,80,80,80,80,80,80,80,80,80,80,80,80,80
1,중앙동,2008-08-21,0,0,0,0,0,0,0,0,0,0,0,0,0,0,0,0,0,0,0,0,0,0,0,0
2,국방연구소,2008-08-21,0,0,0,0,0,0,0,0,0,0,0,0,0,0,0,0,0,0,0,0,0,0,0,0
3,북면,2008-08-21,0,0,0,0,0,0,0,0,0,0,0,0,0,0,0,0,0,0,0,0,0,0,0,0
4,명곡동,2008-08-21,0,0,0,0,0,0,0,0,0,0,0,0,0,0,0,0,0,0,0,0,0,0,0,0
6,성산구청,2008-08-21,0,0,0,0,0,0,0,0,0,0,0,0,0,0,0,0,0,0,0,0,0,0,0,0
7,웅남동,2008-08-21,0,0,0,0,0,0,0,0,0,0,0,0,0,0,0,0,0,0,0,0,0,0,0,0
8,차룡8교(수위계),2008-08-21,80,80,80,80,80,80,80,80,80,80,80,80,80,80,80,80,80,80,80,80,80,80,80,80
1,중앙동,2008-08-22,0,0,0,0,0,0,0,0,0,0,0,0,0,0,0,0,0,0,0,0,0,0,0,0
2,국방연구소,2008-08-22,0,0,0,0,0,0,0,0,0,0,0,0,0,0,0,0,0,0,0,0,0,0,0,0
3,북면,2008-08-22,0,0,0,0,0,0,0,0,0,0,0,0,0,0,0,0,0,0,0,0,0,0,0,0
4,명곡동,2008-08-22,0,0,0,0,0,0,0,0,0,0,0,0,0,0,0,0,0,0,0,0,0,0,0,0
6,성산구청,2008-08-22,0,0,0,0,0,0,0,0,0,0,0,0,0,0,0,0,0,0,0,0,0,0,0,0
7,웅남동,2008-08-22,0,0,0,0,0,0,0,0,0,0,0,0,0,0,0,0,0,0,0,0,0,0,0,0
8,차룡8교(수위계),2008-08-22,80,80,80,80,80,80,80,80,80,80,80,80,80,80,80,80,80,80,80,80,80,80,80,80
8,차룡8교(수위계),2008-08-23,80,80,80,80,80,80,80,80,80,80,80,80,80,80,80,80,80,80,80,80,80,80,80,80
8,차룡8교(수위계),2008-08-24,80,80,80,80,80,80,80,80,80,80,80,80,80,80,80,80,80,80,80,80,80,80,80,80
1,중앙동,2008-08-25,0,0,0,0,0,0,0,0,0,0,0,0,0,0,0,0,0,0,0,0,0,0,0,0
2,국방연구소,2008-08-25,0,0,0,0,0,0,0,0,0,0,0,0,0,0,0,0,0,0,0,0,0,0,0,0
3,북면,2008-08-25,0,0,0,0,0,0,0,0,0,0,0,0,0,0,0,0,0,0,0,0,0,0,0,0
4,명곡동,2008-08-25,0,0,0,0,0,0,0,0,0,0,0,0,0,0,0,0,0,0,0,0,0,0,0,0
6,성산구청,2008-08-25,0,0,0,0,0,0,0,0,0,0,0,0,0,0,0,0,0,0,0,0,0,0,0,0
7,웅남동,2008-08-25,0,0,0,0,0,0,0,0,0,0,0,0,0,0,0,0,0,0,0,0,0,0,0,0
8,차룡8교(수위계),2008-08-25,80,80,80,80,80,80,80,80,80,80,80,80,80,80,80,80,80,80,80,80,80,80,80,80
1,중앙동,2008-08-26,0,0,0,0,0,0,0,0,0,0,0,0,0,0,0,0,0,0,0,0,0,0,0,0
2,국방연구소,2008-08-26,0,0,0,0,0,0,0,0,0,0,0,0,0,0,0,0,0,0,0,0,0,0,0,0
3,북면,2008-08-26,0,0,0,0,0,0,0,0,0,0,0,0,0,0,0,0,0,0,0,0,0,0,0,0
4,명곡동,2008-08-26,0,0,0,0,0,0,0,0,0,0,0,0,0,0,0,0,0,0,0,0,0,0,0,0
6,성산구청,2008-08-26,0,0,0,0,0,0,0,0,0,0,0,0,0,0,0,0,0,0,0,0,0,0,0,0
7,웅남동,2008-08-26,0,0,0,0,0,0,0,0,0,0,0,0,0,0,0,0,0,0,0,0,0,0,0,0
8,차룡8교(수위계),2008-08-26,80,80,80,80,80,80,80,80,80,80,80,80,80,80,80,80,80,80,80,80,80,80,80,80
1,중앙동,2008-08-27,0,0,0,0,0,0,0,0,0,0,0,0,0,0,0,0,0,0,0,0,0,0,0,0
2,국방연구소,2008-08-27,0,0,0,0,0,0,0,0,0,0,0,0,0,0,0,0,0,0,0,0,0,0,0,0
3,북면,2008-08-27,0,0,0,0,0,0,0,0,0,0,0,0,0,0,0,0,0,0,0,0,0,0,0,0
4,명곡동,2008-08-27,0,0,0,0,0,0,0,0,0,0,0,0,0,0,0,0,0,0,0,0,0,0,0,0
6,성산구청,2008-08-27,0,0,0,0,0,0,0,0,0,0,0,0,0,0,0,0,0,0,0,0,0,0,0,0
7,웅남동,2008-08-27,0,0,0,0,0,0,0,0,0,0,0,0,0,0,0,0,0,0,0,0,0,0,0,0
8,차룡8교(수위계),2008-08-27,80,80,80,80,80,80,80,80,80,80,80,80,80,80,80,80,80,80,80,80,80,80,80,80
1,중앙동,2008-08-28,0,0,0,0,0,0,0,0,0,0,0,0,0,0,0,0,0,0,0,0,0,0,0,0
2,국방연구소,2008-08-28,0,0,0,0,0,0,0,0,0,0,0,0,0,0,0,0,0,0,0,0,0,0,0,0
3,북면,2008-08-28,0,0,0,0,0,0,0,0,0,0,0,0,0,0,0,0,0,0,0,0,0,0,0,0
4,명곡동,2008-08-28,0,0,0,0,0,0,0,0,0,0,0,0,0,0,0,0,0,0,0,0,0,0,0,0
6,성산구청,2008-08-28,0,0,0,0,0,0,0,0,0,0,0,0,0,0,0,0,0,0,0,0,0,0,0,0
7,웅남동,2008-08-28,0,0,0,0,0,0,0,0,0,0,0,0,0,0,0,0,0,0,0,0,0,0,0,0
8,차룡8교(수위계),2008-08-28,80,80,80,80,80,80,80,80,80,80,80,80,80,80,80,80,80,80,80,80,80,80,80,80
1,중앙동,2008-08-29,0,0,0,0,0,0,0,0,0,0,0,0,0,0,0,0,0,0,0,0,0,0,0,0
2,국방연구소,2008-08-29,0,0,0,0,0,0,0,0,0,0,0,0,0,0,0,0,0,0,0,0,0,0,0,0
3,북면,2008-08-29,0,0,0,0,0,0,0,0,0,0,0,0,0,0,0,0,0,0,0,0,0,0,0,0
4,명곡동,2008-08-29,0,0,0,0,0,0,0,0,0,0,0,0,0,0,0,0,0,0,0,0,0,0,0,0
6,성산구청,2008-08-29,0,0,0,0,0,0,0,0,0,0,0,0,0,0,0,0,0,0,0,0,0,0,0,0
7,웅남동,2008-08-29,0,0,0,0,0,0,0,0,0,0,0,0,0,0,0,0,0,0,0,0,0,0,0,0
8,차룡8교(수위계),2008-08-29,80,80,80,80,80,80,80,80,80,80,80,80,80,80,80,80,80,80,80,80,80,80,80,80
1,중앙동,2008-08-30,0,0,0,0,0,0,0,0,0,0,0,0,0,0,0,0,0,0,0,0,0,0,0,0
2,국방연구소,2008-08-30,0,0,0,0,0,0,0,0,0,0,0,0,0,0,0,0,0,0,0,0,0,0,0,0
3,북면,2008-08-30,0,0,0,0,0,0,0,0,0,0,0,0,0,0,0,0,0,0,0,0,0,0,0,0
4,명곡동,2008-08-30,0,0,0,0,0,0,0,0,0,0,0,0,0,0,0,0,0,0,0,0,0,0,0,0
6,성산구청,2008-08-30,0,0,0,0,0,0,0,0,0,0,0,0,0,0,0,0,0,0,0,0,0,0,0,0
7,웅남동,2008-08-30,0,0,0,0,0,0,0,0,0,0,0,0,0,0,0,0,0,0,0,0,0,0,0,0
8,차룡8교(수위계),2008-08-30,80,80,80,80,80,80,80,80,80,80,80,80,80,80,80,80,80,80,80,80,80,80,80,80
8,차룡8교(수위계),2008-08-31,80,80,80,80,80,80,80,80,80,80,80,80,80,80,80,80,80,80,80,80,80,80,80,80
1,중앙동,2008-09-01,0,0,0,0,0,0,0,0,0,0,0,0,0,0,0,0,0,0,0,0,0,0,0,0
2,국방연구소,2008-09-01,0,0,0,0,0,0,0,0,0,0,0,0,0,0,0,0,0,0,0,0,0,0,0,0
3,북면,2008-09-01,0,0,0,0,0,0,0,0,0,0,0,0,0,0,0,0,0,0,0,0,0,0,0,0
4,명곡동,2008-09-01,0,0,0,0,0,0,0,0,0,0,0,0,0,0,0,0,0,0,0,0,0,0,0,0
6,성산구청,2008-09-01,0,0,0,0,0,0,0,0,0,0,0,0,0,0,0,0,0,0,0,0,0,0,0,0
7,웅남동,2008-09-01,0,0,0,0,0,0,0,0,0,0,0,0,0,0,0,0,0,0,0,0,0,0,0,0
8,차룡8교(수위계),2008-09-01,80,80,80,80,80,80,80,80,80,80,80,80,80,80,80,80,80,80,80,80,80,80,80,80
8,차룡8교(수위계),2008-09-02,80,80,80,80,80,80,80,80,80,80,80,80,80,80,80,80,80,80,80,80,80,80,80,80
8,차룡8교(수위계),2008-09-03,80,80,80,80,80,80,80,80,80,80,80,80,80,80,80,80,80,80,80,80,80,80,80,80
1,중앙동,2008-09-04,0,0,0,0,0,0,0,0,0,0,0,0,0,0,0,0,0,0,0,0,0,0,0,0
2,국방연구소,2008-09-04,0,0,0,0,0,0,0,0,0,0,0,0,0,0,0,0,0,0,0,0,0,0,0,0
3,북면,2008-09-04,0,0,0,0,0,0,0,0,0,0,0,0,0,0,0,0,0,0,0,0,0,0,0,0
4,명곡동,2008-09-04,0,0,0,0,0,0,0,0,0,0,0,0,0,0,0,0,0,0,0,0,0,0,0,0
6,성산구청,2008-09-04,0,0,0,0,0,0,0,0,0,0,0,0,0,0,0,0,0,0,0,0,0,0,0,0
7,웅남동,2008-09-04,0,0,0,0,0,0,0,0,0,0,0,0,0,0,0,0,0,0,0,0,0,0,0,0
8,차룡8교(수위계),2008-09-04,80,80,80,80,80,80,80,80,80,80,80,80,80,80,80,80,80,80,80,80,80,80,80,80
1,중앙동,2008-09-05,0,0,0,0,0,0,0,0,0,0,0,0,0,0,0,0,0,0,0,0,0,0,0,0
2,국방연구소,2008-09-05,0,0,0,0,0,0,0,0,0,0,0,0,0,0,0,0,0,0,0,0,0,0,0,0
3,북면,2008-09-05,0,0,0,0,0,0,0,0,0,0,0,0,0,0,0,0,0,0,0,0,0,0,0,0
4,명곡동,2008-09-05,0,0,0,0,0,0,0,0,0,0,0,0,0,0,0,0,0,0,0,0,0,0,0,0
6,성산구청,2008-09-05,0,0,0,0,0,0,0,0,0,0,0,0,0,0,0,0,0,0,0,0,0,0,0,0
7,웅남동,2008-09-05,0,0,0,0,0,0,0,0,0,0,0,0,0,0,0,0,0,0,0,0,0,0,0,0
8,차룡8교(수위계),2008-09-05,80,80,80,80,80,80,80,80,80,80,80,80,80,80,80,80,80,80,80,80,80,80,80,80
1,중앙동,2008-09-06,0,0,0,0,0,0,0,0,0,0,0,0,0,0,0,0,0,0,0,0,0,0,0,0
2,국방연구소,2008-09-06,0,0,0,0,0,0,0,0,0,0,0,0,0,0,0,0,0,0,0,0,0,0,0,0
3,북면,2008-09-06,0,0,0,0,0,0,0,0,0,0,0,0,0,0,0,0,0,0,0,0,0,0,0,0
4,명곡동,2008-09-06,0,0,0,0,0,0,0,0,0,0,0,0,0,0,0,0,0,0,0,0,0,0,0,0
6,성산구청,2008-09-06,0,0,0,0,0,0,0,0,0,0,0,0,0,0,0,0,0,0,0,0,0,0,0,0
7,웅남동,2008-09-06,0,0,0,0,0,0,0,0,0,0,0,0,0,0,0,0,0,0,0,0,0,0,0,0
8,차룡8교(수위계),2008-09-06,80,80,80,80,80,80,80,80,80,80,80,80,80,80,80,80,80,80,80,80,80,80,80,80
1,중앙동,2008-09-07,0,0,0,0,0,0,0,0,0,0,0,0,0,0,0,0,0,0,0,0,0,0,0,0
2,국방연구소,2008-09-07,0,0,0,0,0,0,0,0,0,0,0,0,0,0,0,0,0,0,0,0,0,0,0,0
3,북면,2008-09-07,0,0,0,0,0,0,0,0,0,0,0,0,0,0,0,0,0,0,0,0,0,0,0,0
4,명곡동,2008-09-07,0,0,0,0,0,0,0,0,0,0,0,0,0,0,0,0,0,0,0,0,0,0,0,0
6,성산구청,2008-09-07,0,0,0,0,0,0,0,0,0,0,0,0,0,0,0,0,0,0,0,0,0,0,0,0
7,웅남동,2008-09-07,0,0,0,0,0,0,0,0,0,0,0,0,0,0,0,0,0,0,0,0,0,0,0,0
8,차룡8교(수위계),2008-09-07,80,80,80,80,80,80,80,80,80,80,80,80,80,80,80,80,80,80,80,80,80,80,80,80
1,중앙동,2008-09-08,0,0,0,0,0,0,0,0,0,0,0,0,0,0,0,0,0,0,0,0,0,0,0,0
2,국방연구소,2008-09-08,0,0,0,0,0,0,0,0,0,0,0,0,0,0,0,0,0,0,0,0,0,0,0,0
3,북면,2008-09-08,0,0,0,0,0,0,0,0,0,0,0,0,0,0,0,0,0,0,0,0,0,0,0,0
4,명곡동,2008-09-08,0,0,0,0,0,0,0,0,0,0,0,0,0,0,0,0,0,0,0,0,0,0,0,0
6,성산구청,2008-09-08,0,0,0,0,0,0,0,0,0,0,0,0,0,0,0,0,0,0,0,0,0,0,0,0
7,웅남동,2008-09-08,0,0,0,0,0,0,0,0,0,0,0,0,0,0,0,0,0,0,0,0,0,0,0,0
8,차룡8교(수위계),2008-09-08,80,80,80,80,80,80,80,80,80,80,80,80,80,80,80,80,80,80,80,80,80,80,80,80
1,중앙동,2008-09-09,0,0,0,0,0,0,0,0,0,0,0,0,0,0,0,0,0,0,0,0,0,0,0,0
2,국방연구소,2008-09-09,0,0,0,0,0,0,0,0,0,0,0,0,0,0,0,0,0,0,0,0,0,0,0,0
3,북면,2008-09-09,0,0,0,0,0,0,0,0,0,0,0,0,0,0,0,0,0,0,0,0,0,0,0,0
4,명곡동,2008-09-09,0,0,0,0,0,0,0,0,0,0,0,0,0,0,0,0,0,0,0,0,0,0,0,0
6,성산구청,2008-09-09,0,0,0,0,0,0,0,0,0,0,0,0,0,0,0,0,0,0,0,0,0,0,0,0
7,웅남동,2008-09-09,0,0,0,0,0,0,0,0,0,0,0,0,0,0,0,0,0,0,0,0,0,0,0,0
8,차룡8교(수위계),2008-09-09,80,80,80,80,80,80,80,80,80,80,80,80,80,80,80,80,80,80,80,80,80,80,80,80
1,중앙동,2008-09-10,0,0,0,0,0,0,0,0,0,0,0,0,0,0,0,0,0,0,0,0,0,0,0,0
2,국방연구소,2008-09-10,0,0,0,0,0,0,0,0,0,0,0,0,0,0,0,0,0,0,0,0,0,0,0,0
3,북면,2008-09-10,0,0,0,0,0,0,0,0,0,0,0,0,0,0,0,0,0,0,0,0,0,0,0,0
4,명곡동,2008-09-10,0,0,0,0,0,0,0,0,0,0,0,0,0,0,0,0,0,0,0,0,0,0,0,0
6,성산구청,2008-09-10,0,0,0,0,0,0,0,0,0,0,0,0,0,0,0,0,0,0,0,0,0,0,0,0
7,웅남동,2008-09-10,0,0,0,0,0,0,0,0,0,0,0,0,0,0,0,0,0,0,0,0,0,0,0,0
8,차룡8교(수위계),2008-09-10,80,80,80,80,80,80,80,80,80,80,80,80,80,80,80,80,80,80,80,80,80,80,80,80
8,차룡8교(수위계),2008-09-11,80,80,80,80,80,80,80,80,80,80,80,80,80,80,80,80,80,80,80,80,80,80,80,80
8,차룡8교(수위계),2008-09-12,80,80,80,80,80,80,80,80,80,80,80,80,80,80,80,80,80,80,80,80,80,80,80,80
8,차룡8교(수위계),2008-09-13,80,80,80,80,80,80,80,80,80,80,80,80,80,80,80,80,80,80,80,80,80,80,80,80
8,차룡8교(수위계),2008-09-14,80,80,80,80,80,80,80,80,80,80,80,80,80,80,80,80,80,80,80,80,80,80,80,80
8,차룡8교(수위계),2008-09-15,80,80,80,80,80,80,80,80,80,80,80,80,80,80,80,80,80,80,80,80,80,80,80,80
1,중앙동,2008-09-16,0,0,0,0,0,0,0,0,0,0,0,0,0,0,0,0,0,0,0,0,0,0,0,0
2,국방연구소,2008-09-16,0,0,0,0,0,0,0,0,0,0,0,0,0,0,0,0,0,0,0,0,0,0,0,0
3,북면,2008-09-16,0,0,0,0,0,0,0,0,0,0,0,0,0,0,0,0,0,0,0,0,0,0,0,0
4,명곡동,2008-09-16,0,0,0,0,0,0,0,0,0,0,0,0,0,0,0,0,0,0,0,0,0,0,0,0
6,성산구청,2008-09-16,0,0,0,0,0,0,0,0,0,0,0,0,0,0,0,0,0,0,0,0,0,0,0,0
7,웅남동,2008-09-16,0,0,0,0,0,0,0,0,0,0,0,0,0,0,0,0,0,0,0,0,0,0,0,0
8,차룡8교(수위계),2008-09-16,80,80,80,80,80,80,80,80,80,80,80,80,80,80,80,80,80,80,80,80,80,80,80,80
1,중앙동,2008-09-17,0,0,0,0,0,0,0,0,0,0,0,0,0,0,0,0,0,0,0,0,0,0,0,0
2,국방연구소,2008-09-17,0,0,0,0,0,0,0,0,0,0,0,0,0,0,0,0,0,0,0,0,0,0,0,0
3,북면,2008-09-17,0,0,0,0,0,0,0,0,0,0,0,0,0,0,0,0,0,0,0,0,0,0,0,0
4,명곡동,2008-09-17,0,0,0,0,0,0,0,0,0,0,0,0,0,0,0,0,0,0,0,0,0,0,0,0
6,성산구청,2008-09-17,0,0,0,0,0,0,0,0,0,0,0,0,0,0,0,0,0,0,0,0,0,0,0,0
7,웅남동,2008-09-17,0,0,0,0,0,0,0,0,0,0,0,0,0,0,0,0,0,0,0,0,0,0,0,0
8,차룡8교(수위계),2008-09-17,80,80,80,80,80,80,80,80,80,80,80,80,80,80,80,80,80,80,80,80,80,80,80,80
1,중앙동,2008-09-18,0,0,0,0,0,0,0,0,0,0,0,0,0,0,0,0,0,0,0,0,0,0,0,0
2,국방연구소,2008-09-18,0,0,0,0,0,0,0,0,0,0,0,0,0,0,0,0,0,0,0,0,0,0,0,0
3,북면,2008-09-18,0,0,0,0,0,0,0,0,0,0,0,0,0,0,0,0,0,0,0,0,0,0,0,0
4,명곡동,2008-09-18,0,0,0,0,0,0,0,0,0,0,0,0,0,0,0,0,0,0,0,0,0,0,0,0
6,성산구청,2008-09-18,0,0,0,0,0,0,0,0,0,0,0,0,0,0,0,0,0,0,0,0,0,0,0,0
7,웅남동,2008-09-18,0,0,0,0,0,0,0,0,0,0,0,0,0,0,0,0,0,0,0,0,0,0,0,0
8,차룡8교(수위계),2008-09-18,80,80,80,80,80,80,80,80,80,80,80,80,80,80,80,80,80,80,80,80,80,80,80,80
1,중앙동,2008-09-19,0,0,0,0,0,0,0,0,0,0,0,0,0,0,0,0,0,0,0,0,0,0,0,0
2,국방연구소,2008-09-19,0,0,0,0,0,0,0,0,0,0,0,0,0,0,0,0,0,0,0,0,0,0,0,0
3,북면,2008-09-19,0,0,0,0,0,0,0,0,0,0,0,0,0,0,0,0,0,0,0,0,0,0,0,0
4,명곡동,2008-09-19,0,0,0,0,0,0,0,0,0,0,0,0,0,0,0,0,0,0,0,0,0,0,0,0
6,성산구청,2008-09-19,0,0,0,0,0,0,0,0,0,0,0,0,0,0,0,0,0,0,0,0,0,0,0,0
7,웅남동,2008-09-19,0,0,0,0,0,0,0,0,0,0,0,0,0,0,0,0,0,0,0,0,0,0,0,0
8,차룡8교(수위계),2008-09-19,80,80,80,80,80,80,80,80,80,80,80,80,80,80,80,80,80,80,80,80,80,80,80,80
1,중앙동,2008-09-20,0,0,0,0,0,0,0,0,0,0,0,0,0,0,0,0,0,0,0,0,0,0,0,0
2,국방연구소,2008-09-20,0,0,0,0,0,0,0,0,0,0,0,0,0,0,0,0,0,0,0,0,0,0,0,0
3,북면,2008-09-20,0,0,0,0,0,0,0,0,0,0,0,0,0,0,0,0,0,0,0,0,0,0,0,0
4,명곡동,2008-09-20,0,0,0,0,0,0,0,0,0,0,0,0,0,0,0,0,0,0,0,0,0,0,0,0
6,성산구청,2008-09-20,0,0,0,0,0,0,0,0,0,0,0,0,0,0,0,0,0,0,0,0,0,0,0,0
7,웅남동,2008-09-20,0,0,0,0,0,0,0,0,0,0,0,0,0,0,0,0,0,0,0,0,0,0,0,0
8,차룡8교(수위계),2008-09-20,80,80,80,80,80,80,80,80,80,80,80,80,80,80,80,80,80,80,80,80,80,80,80,80
1,중앙동,2008-09-21,0,0,0,0,0,0,0,0,0,0,0,0,0,0,0,0,0,0,0,0,0,0,0,0
2,국방연구소,2008-09-21,0,0,0,0,0,0,0,0,0,0,0,0,0,0,0,0,0,0,0,0,0,0,0,0
3,북면,2008-09-21,0,0,0,0,0,0,0,0,0,0,0,0,0,0,0,0,0,0,0,0,0,0,0,0
4,명곡동,2008-09-21,0,0,0,0,0,0,0,0,0,0,0,0,0,0,0,0,0,0,0,0,0,0,0,0
6,성산구청,2008-09-21,0,0,0,0,0,0,0,0,0,0,0,0,0,0,0,0,0,0,0,0,0,0,0,0
7,웅남동,2008-09-21,0,0,0,0,0,0,0,0,0,0,0,0,0,0,0,0,0,0,0,0,0,0,0,0
8,차룡8교(수위계),2008-09-21,80,80,80,80,80,80,80,80,80,80,80,80,80,80,80,80,80,80,80,80,80,80,80,80
1,중앙동,2008-09-22,0,0,0,0,0,0,0,0,0,0,0,0,0,0,0,0,0,0,0,0,0,0,0,0
2,국방연구소,2008-09-22,0,0,0,0,0,0,0,0,0,0,0,0,0,0,0,0,0,0,0,0,0,0,0,0
3,북면,2008-09-22,0,0,0,0,0,0,0,0,0,0,0,0,0,0,0,0,0,0,0,0,0,0,0,0
4,명곡동,2008-09-22,0,0,0,0,0,0,0,0,0,0,0,0,0,0,0,0,0,0,0,0,0,0,0,0
6,성산구청,2008-09-22,0,0,0,0,0,0,0,0,0,0,0,0,0,0,0,0,0,0,0,0,0,0,0,0
7,웅남동,2008-09-22,0,0,0,0,0,0,0,0,0,0,0,0,0,0,0,0,0,0,0,0,0,0,0,0
8,차룡8교(수위계),2008-09-22,80,80,80,80,80,80,80,80,80,80,80,80,80,80,80,80,80,80,80,80,80,80,80,80
1,중앙동,2008-09-23,0,0,0,0,0,0,0,0,0,0,0,0,0,0,0,0,0,0,0,0,0,0,0,0
2,국방연구소,2008-09-23,0,0,0,0,0,0,0,0,0,0,0,0,0,0,0,0,0,0,0,0,0,0,0,0
3,북면,2008-09-23,0,0,0,0,0,0,0,0,0,0,0,0,0,0,0,0,0,0,0,0,0,0,0,0
4,명곡동,2008-09-23,0,0,0,0,0,0,0,0,0,0,0,0,0,0,0,0,0,0,0,0,0,0,0,0
6,성산구청,2008-09-23,0,0,0,0,0,0,0,0,0,0,0,0,0,0,0,0,0,0,0,0,0,0,0,0
7,웅남동,2008-09-23,0,0,0,0,0,0,0,0,0,0,0,0,0,0,0,0,0,0,0,0,0,0,0,0
8,차룡8교(수위계),2008-09-23,80,80,80,80,80,80,80,80,80,80,80,80,80,80,80,80,80,80,80,80,80,80,80,80
1,중앙동,2008-09-24,0,0,0,0,0,0,0,0,0,0,0,0,0,0,0,0,0,0,0,0,0,0,0,0
2,국방연구소,2008-09-24,0,0,0,0,0,0,0,0,0,0,0,0,0,0,0,0,0,0,0,0,0,0,0,0
3,북면,2008-09-24,0,0,0,0,0,0,0,0,0,0,0,0,0,0,0,0,0,0,0,0,0,0,0,0
4,명곡동,2008-09-24,0,0,0,0,0,0,0,0,0,0,0,0,0,0,0,0,0,0,0,0,0,0,0,0
6,성산구청,2008-09-24,0,0,0,0,0,0,0,0,0,0,0,0,0,0,0,0,0,0,0,0,0,0,0,0
7,웅남동,2008-09-24,0,0,0,0,0,0,0,0,0,0,0,0,0,0,0,0,0,0,0,0,0,0,0,0
8,차룡8교(수위계),2008-09-24,80,80,80,80,80,80,80,80,80,80,80,80,80,80,80,80,80,80,80,80,80,80,80,80
1,중앙동,2008-09-25,0,0,0,0,0,0,0,0,0,0,0,0,0,0,0,0,0,0,0,0,0,0,0,0
2,국방연구소,2008-09-25,0,0,0,0,0,0,0,0,0,0,0,0,0,0,0,0,0,0,0,0,0,0,0,0
3,북면,2008-09-25,0,0,0,0,0,0,0,0,0,0,0,0,0,0,0,0,0,0,0,0,0,0,0,0
4,명곡동,2008-09-25,0,0,0,0,0,0,0,0,0,0,0,0,0,0,0,0,0,0,0,0,0,0,0,0
6,성산구청,2008-09-25,0,0,0,0,0,0,0,0,0,0,0,0,0,0,0,0,0,0,0,0,0,0,0,0
7,웅남동,2008-09-25,0,0,0,0,0,0,0,0,0,0,0,0,0,0,0,0,0,0,0,0,0,0,0,0
8,차룡8교(수위계),2008-09-25,80,80,80,80,80,80,80,80,80,80,80,80,80,80,80,80,80,80,80,80,80,80,80,80
1,중앙동,2008-09-26,0,0,0,0,0,0,0,0,0,0,0,0,0,0,0,0,0,0,0,0,0,0,0,0
2,국방연구소,2008-09-26,0,0,0,0,0,0,0,0,0,0,0,0,0,0,0,0,0,0,0,0,0,0,0,0
3,북면,2008-09-26,0,0,0,0,0,0,0,0,0,0,0,0,0,0,0,0,0,0,0,0,0,0,0,0
4,명곡동,2008-09-26,0,0,0,0,0,0,0,0,0,0,0,0,0,0,0,0,0,0,0,0,0,0,0,0
6,성산구청,2008-09-26,0,0,0,0,0,0,0,0,0,0,0,0,0,0,0,0,0,0,0,0,0,0,0,0
7,웅남동,2008-09-26,0,0,0,0,0,0,0,0,0,0,0,0,0,0,0,0,0,0,0,0,0,0,0,0
8,차룡8교(수위계),2008-09-26,80,80,80,80,80,80,80,80,80,80,80,80,80,80,80,80,80,80,80,80,80,80,80,80
1,중앙동,2008-09-27,0,0,0,0,0,0,0,0,0,0,0,0,0,0,0,0,0,0,0,0,0,0,0,0
2,국방연구소,2008-09-27,0,0,0,0,0,0,0,0,0,0,0,0,0,0,0,0,0,0,0,0,0,0,0,0
3,북면,2008-09-27,0,0,0,0,0,0,0,0,0,0,0,0,0,0,0,0,0,0,0,0,0,0,0,0
4,명곡동,2008-09-27,0,0,0,0,0,0,0,0,0,0,0,0,0,0,0,0,0,0,0,0,0,0,0,0
6,성산구청,2008-09-27,0,0,0,0,0,0,0,0,0,0,0,0,0,0,0,0,0,0,0,0,0,0,0,0
7,웅남동,2008-09-27,0,0,0,0,0,0,0,0,0,0,0,0,0,0,0,0,0,0,0,0,0,0,0,0
8,차룡8교(수위계),2008-09-27,80,80,80,80,80,80,80,80,80,80,80,80,80,80,80,80,80,80,80,80,80,80,80,80
1,중앙동,2008-09-28,0,0,0,0,0,0,0,0,0,0,0,0,0,0,0,0,0,0,0,0,0,0,0,0
2,국방연구소,2008-09-28,0,0,0,0,0,0,0,0,0,0,0,0,0,0,0,0,0,0,0,0,0,0,0,0
3,북면,2008-09-28,0,0,0,0,0,0,0,0,0,0,0,0,0,0,0,0,0,0,0,0,0,0,0,0
4,명곡동,2008-09-28,0,0,0,0,0,0,0,0,0,0,0,0,0,0,0,0,0,0,0,0,0,0,0,0
6,성산구청,2008-09-28,0,0,0,0,0,0,0,0,0,0,0,0,0,0,0,0,0,0,0,0,0,0,0,0
7,웅남동,2008-09-28,0,0,0,0,0,0,0,0,0,0,0,0,0,0,0,0,0,0,0,0,0,0,0,0
8,차룡8교(수위계),2008-09-28,80,80,80,80,80,80,80,80,80,80,80,80,80,80,80,80,80,80,80,80,80,80,80,80
1,중앙동,2008-09-29,0,0,0,0,0,0,0,0,0,0,0,0,0,0,0,0,0,0,0,0,0,0,0,0
2,국방연구소,2008-09-29,0,0,0,0,0,0,0,0,0,0,0,0,0,0,0,0,0,0,0,0,0,0,0,0
3,북면,2008-09-29,0,0,0,0,0,0,0,0,0,0,0,0,0,0,0,0,0,0,0,0,0,0,0,0
4,명곡동,2008-09-29,0,0,0,0,0,0,0,0,0,0,0,0,0,0,0,0,0,0,0,0,0,0,0,0
6,성산구청,2008-09-29,0,0,0,0,0,0,0,0,0,0,0,0,0,0,0,0,0,0,0,0,0,0,0,0
7,웅남동,2008-09-29,0,0,0,0,0,0,0,0,0,0,0,0,0,0,0,0,0,0,0,0,0,0,0,0
8,차룡8교(수위계),2008-09-29,80,80,80,80,80,80,80,80,80,80,80,80,80,80,80,80,80,80,80,80,80,80,80,80
1,중앙동,2008-09-30,0,0,0,0,0,0,0,0,0,0,0,0,0,0,0,0,0,0,0,0,0,0,0,0
2,국방연구소,2008-09-30,0,0,0,0,0,0,0,0,0,0,0,0,0,0,0,0,0,0,0,0,0,0,0,0
3,북면,2008-09-30,0,0,0,0,0,0,0,0,0,0,0,0,0,0,0,0,0,0,0,0,0,0,0,0
4,명곡동,2008-09-30,0,0,0,0,0,0,0,0,0,0,0,0,0,0,0,0,0,0,0,0,0,0,0,0
6,성산구청,2008-09-30,0,0,0,0,0,0,0,0,0,0,0,0,0,0,0,0,0,0,0,0,0,0,0,0
7,웅남동,2008-09-30,0,0,0,0,0,0,0,0,0,0,0,0,0,0,0,0,0,0,0,0,0,0,0,0
8,차룡8교(수위계),2008-09-30,80,80,80,80,80,80,80,80,80,80,80,80,80,80,80,80,80,80,80,80,80,80,80,80
8,차룡8교(수위계),2008-10-01,80,80,80,80,80,80,80,80,80,80,80,80,80,80,80,80,80,80,80,80,80,80,80,80
1,중앙동,2008-10-02,0,0,0,0,0,0,0,0,0,0,0,0,0,0,0,0,0,0,0,0,0,0,0,0
2,국방연구소,2008-10-02,0,0,0,0,0,0,0,0,0,0,0,0,0,0,0,0,0,0,0,0,0,0,0,0
3,북면,2008-10-02,0,0,0,0,0,0,0,0,0,0,0,0,0,0,0,0,0,0,0,0,0,0,0,0
4,명곡동,2008-10-02,0,0,0,0,0,0,0,0,0,0,0,0,0,0,0,0,0,0,0,0,0,0,0,0
6,성산구청,2008-10-02,0,0,0,0,0,0,0,0,0,0,0,0,0,0,0,0,0,0,0,0,0,0,0,0
7,웅남동,2008-10-02,0,0,0,0,0,0,0,0,0,0,0,0,0,0,0,0,0,0,0,0,0,0,0,0
8,차룡8교(수위계),2008-10-02,80,80,80,80,80,80,80,80,80,80,80,80,80,80,80,80,80,80,80,80,80,80,80,80
1,중앙동,2008-10-03,0,0,0,0,0,0,0,0,0,0,0,0,0,0,0,0,0,0,0,0,0,0,0,0
2,국방연구소,2008-10-03,0,0,0,0,0,0,0,0,0,0,0,0,0,0,0,0,0,0,0,0,0,0,0,0
3,북면,2008-10-03,0,0,0,0,0,0,0,0,0,0,0,0,0,0,0,0,0,0,0,0,0,0,0,0
4,명곡동,2008-10-03,0,0,0,0,0,0,0,0,0,0,0,0,0,0,0,0,0,0,0,0,0,0,0,0
6,성산구청,2008-10-03,0,0,0,0,0,0,0,0,0,0,0,0,0,0,0,0,0,0,0,0,0,0,0,0
7,웅남동,2008-10-03,0,0,0,0,0,0,0,0,0,0,0,0,0,0,0,0,0,0,0,0,0,0,0,0
8,차룡8교(수위계),2008-10-03,80,80,80,80,80,80,80,80,80,80,80,80,80,80,80,80,80,80,80,80,80,80,80,80
1,중앙동,2008-10-04,0,0,0,0,0,0,0,0,0,0,0,0,0,0,0,0,0,0,0,0,0,0,0,0
2,국방연구소,2008-10-04,0,0,0,0,0,0,0,0,0,0,0,0,0,0,0,0,0,0,0,0,0,0,0,0
3,북면,2008-10-04,0,0,0,0,0,0,0,0,0,0,0,0,0,0,0,0,0,0,0,0,0,0,0,0
4,명곡동,2008-10-04,0,0,0,0,0,0,0,0,0,0,0,0,0,0,0,0,0,0,0,0,0,0,0,0
6,성산구청,2008-10-04,0,0,0,0,0,0,0,0,0,0,0,0,0,0,0,0,0,0,0,0,0,0,0,0
7,웅남동,2008-10-04,0,0,0,0,0,0,0,0,0,0,0,0,0,0,0,0,0,0,0,0,0,0,0,0
8,차룡8교(수위계),2008-10-04,80,80,80,80,80,80,80,80,80,80,80,80,80,80,80,80,80,80,80,80,80,80,80,80
8,차룡8교(수위계),2008-10-05,80,80,80,80,80,80,80,80,80,80,80,80,80,80,80,80,80,80,80,80,80,80,80,80
1,중앙동,2008-10-06,0,0,0,0,0,0,0,0,0,0,0,0,0,0,0,0,0,0,0,0,0,0,0,0
2,국방연구소,2008-10-06,0,0,0,0,0,0,0,0,0,0,0,0,0,0,0,0,0,0,0,0,0,0,0,0
3,북면,2008-10-06,0,0,0,0,0,0,0,0,0,0,0,0,0,0,0,0,0,0,0,0,0,0,0,0
4,명곡동,2008-10-06,0,0,0,0,0,0,0,0,0,0,0,0,0,0,0,0,0,0,0,0,0,0,0,0
6,성산구청,2008-10-06,0,0,0,0,0,0,0,0,0,0,0,0,0,0,0,0,0,0,0,0,0,0,0,0
7,웅남동,2008-10-06,0,0,0,0,0,0,0,0,0,0,0,0,0,0,0,0,0,0,0,0,0,0,0,0
8,차룡8교(수위계),2008-10-06,80,80,80,80,80,80,80,80,80,80,80,80,80,80,80,80,80,80,80,80,80,80,80,80
1,중앙동,2008-10-07,0,0,0,0,0,0,0,0,0,0,0,0,0,0,0,0,0,0,0,0,0,0,0,0
2,국방연구소,2008-10-07,0,0,0,0,0,0,0,0,0,0,0,0,0,0,0,0,0,0,0,0,0,0,0,0
3,북면,2008-10-07,0,0,0,0,0,0,0,0,0,0,0,0,0,0,0,0,0,0,0,0,0,0,0,0
4,명곡동,2008-10-07,0,0,0,0,0,0,0,0,0,0,0,0,0,0,0,0,0,0,0,0,0,0,0,0
6,성산구청,2008-10-07,0,0,0,0,0,0,0,0,0,0,0,0,0,0,0,0,0,0,0,0,0,0,0,0
7,웅남동,2008-10-07,0,0,0,0,0,0,0,0,0,0,0,0,0,0,0,0,0,0,0,0,0,0,0,0
8,차룡8교(수위계),2008-10-07,80,80,80,80,80,80,80,80,80,80,80,80,80,80,80,80,80,80,80,80,80,80,80,80
1,중앙동,2008-10-08,0,0,0,0,0,0,0,0,0,0,0,0,0,0,0,0,0,0,0,0,0,0,0,0
2,국방연구소,2008-10-08,0,0,0,0,0,0,0,0,0,0,0,0,0,0,0,0,0,0,0,0,0,0,0,0
3,북면,2008-10-08,0,0,0,0,0,0,0,0,0,0,0,0,0,0,0,0,0,0,0,0,0,0,0,0
4,명곡동,2008-10-08,0,0,0,0,0,0,0,0,0,0,0,0,0,0,0,0,0,0,0,0,0,0,0,0
6,성산구청,2008-10-08,0,0,0,0,0,0,0,0,0,0,0,0,0,0,0,0,0,0,0,0,0,0,0,0
7,웅남동,2008-10-08,0,0,0,0,0,0,0,0,0,0,0,0,0,0,0,0,0,0,0,0,0,0,0,0
8,차룡8교(수위계),2008-10-08,80,80,80,80,80,80,80,80,80,80,80,80,80,80,80,80,80,80,80,80,80,80,80,80
8,차룡8교(수위계),2008-10-09,80,80,80,80,80,80,80,80,80,80,80,80,80,80,80,80,80,80,80,80,80,80,80,80
1,중앙동,2008-10-10,0,0,0,0,0,0,0,0,0,0,0,0,0,0,0,0,0,0,0,0,0,0,0,0
2,국방연구소,2008-10-10,0,0,0,0,0,0,0,0,0,0,0,0,0,0,0,0,0,0,0,0,0,0,0,0
3,북면,2008-10-10,0,0,0,0,0,0,0,0,0,0,0,0,0,0,0,0,0,0,0,0,0,0,0,0
4,명곡동,2008-10-10,0,0,0,0,0,0,0,0,0,0,0,0,0,0,0,0,0,0,0,0,0,0,0,0
6,성산구청,2008-10-10,0,0,0,0,0,0,0,0,0,0,0,0,0,0,0,0,0,0,0,0,0,0,0,0
7,웅남동,2008-10-10,0,0,0,0,0,0,0,0,0,0,0,0,0,0,0,0,0,0,0,0,0,0,0,0
8,차룡8교(수위계),2008-10-10,80,80,80,80,80,80,80,80,80,80,80,80,80,80,80,80,80,80,80,80,80,80,80,80
1,중앙동,2008-10-11,0,0,0,0,0,0,0,0,0,0,0,0,0,0,0,0,0,0,0,0,0,0,0,0
2,국방연구소,2008-10-11,0,0,0,0,0,0,0,0,0,0,0,0,0,0,0,0,0,0,0,0,0,0,0,0
3,북면,2008-10-11,0,0,0,0,0,0,0,0,0,0,0,0,0,0,0,0,0,0,0,0,0,0,0,0
4,명곡동,2008-10-11,0,0,0,0,0,0,0,0,0,0,0,0,0,0,0,0,0,0,0,0,0,0,0,0
6,성산구청,2008-10-11,0,0,0,0,0,0,0,0,0,0,0,0,0,0,0,0,0,0,0,0,0,0,0,0
7,웅남동,2008-10-11,0,0,0,0,0,0,0,0,0,0,0,0,0,0,0,0,0,0,0,0,0,0,0,0
8,차룡8교(수위계),2008-10-11,80,80,80,80,80,80,80,80,80,80,80,80,80,80,80,80,80,80,80,80,80,80,80,80
8,차룡8교(수위계),2008-10-12,80,80,80,80,80,80,80,80,80,80,80,80,80,80,80,80,80,80,80,80,80,80,80,80
1,중앙동,2008-10-13,0,0,0,0,0,0,0,0,0,0,0,0,0,0,0,0,0,0,0,0,0,0,0,0
2,국방연구소,2008-10-13,0,0,0,0,0,0,0,0,0,0,0,0,0,0,0,0,0,0,0,0,0,0,0,0
3,북면,2008-10-13,0,0,0,0,0,0,0,0,0,0,0,0,0,0,0,0,0,0,0,0,0,0,0,0
4,명곡동,2008-10-13,0,0,0,0,0,0,0,0,0,0,0,0,0,0,0,0,0,0,0,0,0,0,0,0
6,성산구청,2008-10-13,0,0,0,0,0,0,0,0,0,0,0,0,0,0,0,0,0,0,0,0,0,0,0,0
7,웅남동,2008-10-13,0,0,0,0,0,0,0,0,0,0,0,0,0,0,0,0,0,0,0,0,0,0,0,0
8,차룡8교(수위계),2008-10-13,80,80,80,80,80,80,80,80,80,80,80,80,80,80,80,80,80,80,80,80,80,80,80,80
1,중앙동,2008-10-14,0,0,0,0,0,0,0,0,0,0,0,0,0,0,0,0,0,0,0,0,0,0,0,0
2,국방연구소,2008-10-14,0,0,0,0,0,0,0,0,0,0,0,0,0,0,0,0,0,0,0,0,0,0,0,0
3,북면,2008-10-14,0,0,0,0,0,0,0,0,0,0,0,0,0,0,0,0,0,0,0,0,0,0,0,0
4,명곡동,2008-10-14,0,0,0,0,0,0,0,0,0,0,0,0,0,0,0,0,0,0,0,0,0,0,0,0
6,성산구청,2008-10-14,0,0,0,0,0,0,0,0,0,0,0,0,0,0,0,0,0,0,0,0,0,0,0,0
7,웅남동,2008-10-14,0,0,0,0,0,0,0,0,0,0,0,0,0,0,0,0,0,0,0,0,0,0,0,0
8,차룡8교(수위계),2008-10-14,80,80,80,80,80,80,80,80,80,80,80,80,80,80,80,80,80,80,80,80,80,80,80,80
1,중앙동,2008-10-15,0,0,0,0,0,0,0,0,0,0,0,0,0,0,0,0,0,0,0,0,0,0,0,0
2,국방연구소,2008-10-15,0,0,0,0,0,0,0,0,0,0,0,0,0,0,0,0,0,0,0,0,0,0,0,0
3,북면,2008-10-15,0,0,0,0,0,0,0,0,0,0,0,0,0,0,0,0,0,0,0,0,0,0,0,0
4,명곡동,2008-10-15,0,0,0,0,0,0,0,0,0,0,0,0,0,0,0,0,0,0,0,0,0,0,0,0
6,성산구청,2008-10-15,0,0,0,0,0,0,0,0,0,0,0,0,0,0,0,0,0,0,0,0,0,0,0,0
7,웅남동,2008-10-15,0,0,0,0,0,0,0,0,0,0,0,0,0,0,0,0,0,0,0,0,0,0,0,0
8,차룡8교(수위계),2008-10-15,80,80,80,80,80,80,80,80,80,80,80,80,80,80,80,80,80,80,80,80,80,80,80,80
1,중앙동,2008-10-16,0,0,0,0,0,0,0,0,0,0,0,0,0,0,0,0,0,0,0,0,0,0,0,0
2,국방연구소,2008-10-16,0,0,0,0,0,0,0,0,0,0,0,0,0,0,0,0,0,0,0,0,0,0,0,0
3,북면,2008-10-16,0,0,0,0,0,0,0,0,0,0,0,0,0,0,0,0,0,0,0,0,0,0,0,0
4,명곡동,2008-10-16,0,0,0,0,0,0,0,0,0,0,0,0,0,0,0,0,0,0,0,0,0,0,0,0
6,성산구청,2008-10-16,0,0,0,0,0,0,0,0,0,0,0,0,0,0,0,0,0,0,0,0,0,0,0,0
7,웅남동,2008-10-16,0,0,0,0,0,0,0,0,0,0,0,0,0,0,0,0,0,0,0,0,0,0,0,0
8,차룡8교(수위계),2008-10-16,80,80,80,80,80,80,80,80,80,80,80,80,80,80,80,80,80,80,80,80,80,80,80,80
1,중앙동,2008-10-17,0,0,0,0,0,0,0,0,0,0,0,0,0,0,0,0,0,0,0,0,0,0,0,0
2,국방연구소,2008-10-17,0,0,0,0,0,0,0,0,0,0,0,0,0,0,0,0,0,0,0,0,0,0,0,0
3,북면,2008-10-17,0,0,0,0,0,0,0,0,0,0,0,0,0,0,0,0,0,0,0,0,0,0,0,0
4,명곡동,2008-10-17,0,0,0,0,0,0,0,0,0,0,0,0,0,0,0,0,0,0,0,0,0,0,0,0
6,성산구청,2008-10-17,0,0,0,0,0,0,0,0,0,0,0,0,0,0,0,0,0,0,0,0,0,0,0,0
7,웅남동,2008-10-17,0,0,0,0,0,0,0,0,0,0,0,0,0,0,0,0,0,0,0,0,0,0,0,0
8,차룡8교(수위계),2008-10-17,80,80,80,80,80,80,80,80,80,80,80,80,80,80,80,80,80,80,80,80,80,80,80,80
1,중앙동,2008-10-18,0,0,0,0,0,0,0,0,0,0,0,0,0,0,0,0,0,0,0,0,0,0,0,0
2,국방연구소,2008-10-18,0,0,0,0,0,0,0,0,0,0,0,0,0,0,0,0,0,0,0,0,0,0,0,0
3,북면,2008-10-18,0,0,0,0,0,0,0,0,0,0,0,0,0,0,0,0,0,0,0,0,0,0,0,0
4,명곡동,2008-10-18,0,0,0,0,0,0,0,0,0,0,0,0,0,0,0,0,0,0,0,0,0,0,0,0
6,성산구청,2008-10-18,0,0,0,0,0,0,0,0,0,0,0,0,0,0,0,0,0,0,0,0,0,0,0,0
7,웅남동,2008-10-18,0,0,0,0,0,0,0,0,0,0,0,0,0,0,0,0,0,0,0,0,0,0,0,0
8,차룡8교(수위계),2008-10-18,80,80,80,80,80,80,80,80,80,80,80,80,80,80,80,80,80,80,80,80,80,80,80,80
1,중앙동,2008-10-19,0,0,0,0,0,0,0,0,0,0,0,0,0,0,0,0,0,0,0,0,0,0,0,0
2,국방연구소,2008-10-19,0,0,0,0,0,0,0,0,0,0,0,0,0,0,0,0,0,0,0,0,0,0,0,0
3,북면,2008-10-19,0,0,0,0,0,0,0,0,0,0,0,0,0,0,0,0,0,0,0,0,0,0,0,0
4,명곡동,2008-10-19,0,0,0,0,0,0,0,0,0,0,0,0,0,0,0,0,0,0,0,0,0,0,0,0
6,성산구청,2008-10-19,0,0,0,0,0,0,0,0,0,0,0,0,0,0,0,0,0,0,0,0,0,0,0,0
7,웅남동,2008-10-19,0,0,0,0,0,0,0,0,0,0,0,0,0,0,0,0,0,0,0,0,0,0,0,0
8,차룡8교(수위계),2008-10-19,80,80,80,80,80,80,80,80,80,80,80,80,80,80,80,80,80,80,80,80,80,80,80,80
1,중앙동,2008-10-20,0,0,0,0,0,0,0,0,0,0,0,0,0,0,0,0,0,0,0,0,0,0,0,0
2,국방연구소,2008-10-20,0,0,0,0,0,0,0,0,0,0,0,0,0,0,0,0,0,0,0,0,0,0,0,0
3,북면,2008-10-20,0,0,0,0,0,0,0,0,0,0,0,0,0,0,0,0,0,0,0,0,0,0,0,0
4,명곡동,2008-10-20,0,0,0,0,0,0,0,0,0,0,0,0,0,0,0,0,0,0,0,0,0,0,0,0
6,성산구청,2008-10-20,0,0,0,0,0,0,0,0,0,0,0,0,0,0,0,0,0,0,0,0,0,0,0,0
7,웅남동,2008-10-20,0,0,0,0,0,0,0,0,0,0,0,0,0,0,0,0,0,0,0,0,0,0,0,0
8,차룡8교(수위계),2008-10-20,80,80,80,80,80,80,80,80,80,80,80,80,80,80,80,80,80,80,80,80,80,80,80,80
1,중앙동,2008-10-21,0,0,0,0,0,0,0,0,0,0,0,0,0,0,0,0,0,0,0,0,0,0,0,0
2,국방연구소,2008-10-21,0,0,0,0,0,0,0,0,0,0,0,0,0,0,0,0,0,0,0,0,0,0,0,0
3,북면,2008-10-21,0,0,0,0,0,0,0,0,0,0,0,0,0,0,0,0,0,0,0,0,0,0,0,0
4,명곡동,2008-10-21,0,0,0,0,0,0,0,0,0,0,0,0,0,0,0,0,0,0,0,0,0,0,0,0
6,성산구청,2008-10-21,0,0,0,0,0,0,0,0,0,0,0,0,0,0,0,0,0,0,0,0,0,0,0,0
7,웅남동,2008-10-21,0,0,0,0,0,0,0,0,0,0,0,0,0,0,0,0,0,0,0,0,0,0,0,0
8,차룡8교(수위계),2008-10-21,80,80,80,80,80,80,80,80,80,80,80,80,80,80,80,80,80,80,80,80,80,80,80,80
1,중앙동,2008-10-22,0,0,0,0,0,0,0,0,0,0,0,0,0,0,0,0,0,0,0,0,0,0,0,0
2,국방연구소,2008-10-22,0,0,0,0,0,0,0,0,0,0,0,0,0,0,0,0,0,0,0,0,0,0,0,0
3,북면,2008-10-22,0,0,0,0,0,0,0,0,0,0,0,0,0,0,0,0,0,0,0,0,0,0,0,0
4,명곡동,2008-10-22,0,0,0,0,0,0,0,0,0,0,0,0,0,0,0,0,0,0,0,0,0,0,0,0
6,성산구청,2008-10-22,0,0,0,0,0,0,0,0,0,0,0,0,0,0,0,0,0,0,0,0,0,0,0,0
7,웅남동,2008-10-22,0,0,0,0,0,0,0,0,0,0,0,0,0,0,0,0,0,0,0,0,0,0,0,0
8,차룡8교(수위계),2008-10-22,80,80,80,80,80,80,80,80,80,80,80,80,80,80,80,80,80,80,80,80,80,80,80,80
1,중앙동,2008-10-23,0,0,0,0,0,0,0,0,0,0,0,0,0,0,0,0,0,0,0,0,0,0,0,0
2,국방연구소,2008-10-23,0,0,0,0,0,0,0,0,0,0,0,0,0,0,0,0,0,0,0,0,0,0,0,0
3,북면,2008-10-23,0,0,0,0,0,0,0,0,0,0,0,0,0,0,0,0,0,0,0,0,0,0,0,0
4,명곡동,2008-10-23,0,0,0,0,0,0,0,0,0,0,0,0,0,0,0,0,0,0,0,0,0,0,0,0
6,성산구청,2008-10-23,0,0,0,0,0,0,0,0,0,0,0,0,0,0,0,0,0,0,0,0,0,0,0,0
7,웅남동,2008-10-23,0,0,0,0,0,0,0,0,0,0,0,0,0,0,0,0,0,0,0,0,0,0,0,0
8,차룡8교(수위계),2008-10-23,80,80,80,80,80,80,80,80,80,80,80,80,80,80,80,80,80,80,80,80,80,80,80,80
1,중앙동,2008-10-24,0,0,0,0,0,0,0,0,0,0,0,0,0,0,0,0,0,0,0,0,0,0,0,0
2,국방연구소,2008-10-24,0,0,0,0,0,0,0,0,0,0,0,0,0,0,0,0,0,0,0,0,0,0,0,0
3,북면,2008-10-24,0,0,0,0,0,0,0,0,0,0,0,0,0,0,0,0,0,0,0,0,0,0,0,0
4,명곡동,2008-10-24,0,0,0,0,0,0,0,0,0,0,0,0,0,0,0,0,0,0,0,0,0,0,0,0
6,성산구청,2008-10-24,0,0,0,0,0,0,0,0,0,0,0,0,0,0,0,0,0,0,0,0,0,0,0,0
7,웅남동,2008-10-24,0,0,0,0,0,0,0,0,0,0,0,0,0,0,0,0,0,0,0,0,0,0,0,0
8,차룡8교(수위계),2008-10-24,80,80,80,80,80,80,80,80,80,80,80,80,80,80,80,80,80,80,80,80,80,80,80,80
8,차룡8교(수위계),2008-10-25,80,80,80,80,80,80,80,80,80,80,80,80,80,80,80,80,80,80,80,80,80,80,80,80
8,차룡8교(수위계),2008-10-26,80,80,80,80,80,80,80,80,80,80,80,80,80,80,80,80,80,80,80,80,80,80,80,80
1,중앙동,2008-10-27,0,0,0,0,0,0,0,0,0,0,0,0,0,0,0,0,0,0,0,0,0,0,0,0
2,국방연구소,2008-10-27,0,0,0,0,0,0,0,0,0,0,0,0,0,0,0,0,0,0,0,0,0,0,0,0
3,북면,2008-10-27,0,0,0,0,0,0,0,0,0,0,0,0,0,0,0,0,0,0,0,0,0,0,0,0
4,명곡동,2008-10-27,0,0,0,0,0,0,0,0,0,0,0,0,0,0,0,0,0,0,0,0,0,0,0,0
6,성산구청,2008-10-27,0,0,0,0,0,0,0,0,0,0,0,0,0,0,0,0,0,0,0,0,0,0,0,0
7,웅남동,2008-10-27,0,0,0,0,0,0,0,0,0,0,0,0,0,0,0,0,0,0,0,0,0,0,0,0
8,차룡8교(수위계),2008-10-27,80,80,80,80,80,80,80,80,80,80,80,80,80,80,80,80,80,80,80,80,80,80,80,80
1,중앙동,2008-10-28,0,0,0,0,0,0,0,0,0,0,0,0,0,0,0,0,0,0,0,0,0,0,0,0
2,국방연구소,2008-10-28,0,0,0,0,0,0,0,0,0,0,0,0,0,0,0,0,0,0,0,0,0,0,0,0
3,북면,2008-10-28,0,0,0,0,0,0,0,0,0,0,0,0,0,0,0,0,0,0,0,0,0,0,0,0
4,명곡동,2008-10-28,0,0,0,0,0,0,0,0,0,0,0,0,0,0,0,0,0,0,0,0,0,0,0,0
6,성산구청,2008-10-28,0,0,0,0,0,0,0,0,0,0,0,0,0,0,0,0,0,0,0,0,0,0,0,0
7,웅남동,2008-10-28,0,0,0,0,0,0,0,0,0,0,0,0,0,0,0,0,0,0,0,0,0,0,0,0
8,차룡8교(수위계),2008-10-28,80,80,80,80,80,80,80,80,80,80,80,80,80,80,80,80,80,80,80,80,80,80,80,80
1,중앙동,2008-10-29,0,0,0,0,0,0,0,0,0,0,0,0,0,0,0,0,0,0,0,0,0,0,0,0
2,국방연구소,2008-10-29,0,0,0,0,0,0,0,0,0,0,0,0,0,0,0,0,0,0,0,0,0,0,0,0
3,북면,2008-10-29,0,0,0,0,0,0,0,0,0,0,0,0,0,0,0,0,0,0,0,0,0,0,0,0
4,명곡동,2008-10-29,0,0,0,0,0,0,0,0,0,0,0,0,0,0,0,0,0,0,0,0,0,0,0,0
6,성산구청,2008-10-29,0,0,0,0,0,0,0,0,0,0,0,0,0,0,0,0,0,0,0,0,0,0,0,0
7,웅남동,2008-10-29,0,0,0,0,0,0,0,0,0,0,0,0,0,0,0,0,0,0,0,0,0,0,0,0
8,차룡8교(수위계),2008-10-29,80,80,80,80,80,80,80,80,80,80,80,80,80,80,80,80,80,80,80,80,80,80,80,80
1,중앙동,2008-10-30,0,0,0,0,0,0,0,0,0,0,0,0,0,0,0,0,0,0,0,0,0,0,0,0
2,국방연구소,2008-10-30,0,0,0,0,0,0,0,0,0,0,0,0,0,0,0,0,0,0,0,0,0,0,0,0
3,북면,2008-10-30,0,0,0,0,0,0,0,0,0,0,0,0,0,0,0,0,0,0,0,0,0,0,0,0
4,명곡동,2008-10-30,0,0,0,0,0,0,0,0,0,0,0,0,0,0,0,0,0,0,0,0,0,0,0,0
6,성산구청,2008-10-30,0,0,0,0,0,0,0,0,0,0,0,0,0,0,0,0,0,0,0,0,0,0,0,0
7,웅남동,2008-10-30,0,0,0,0,0,0,0,0,0,0,0,0,0,0,0,0,0,0,0,0,0,0,0,0
8,차룡8교(수위계),2008-10-30,80,80,80,80,80,80,80,80,80,80,80,80,80,80,80,80,80,80,80,80,80,80,80,80
1,중앙동,2008-10-31,0,0,0,0,0,0,0,0,0,0,0,0,0,0,0,0,0,0,0,0,0,0,0,0
2,국방연구소,2008-10-31,0,0,0,0,0,0,0,0,0,0,0,0,0,0,0,0,0,0,0,0,0,0,0,0
3,북면,2008-10-31,0,0,0,0,0,0,0,0,0,0,0,0,0,0,0,0,0,0,0,0,0,0,0,0
4,명곡동,2008-10-31,0,0,0,0,0,0,0,0,0,0,0,0,0,0,0,0,0,0,0,0,0,0,0,0
6,성산구청,2008-10-31,0,0,0,0,0,0,0,0,0,0,0,0,0,0,0,0,0,0,0,0,0,0,0,0
7,웅남동,2008-10-31,0,0,0,0,0,0,0,0,0,0,0,0,0,0,0,0,0,0,0,0,0,0,0,0
8,차룡8교(수위계),2008-10-31,80,80,80,80,80,80,80,80,80,80,80,80,80,80,80,80,80,80,80,80,80,80,80,80
8,차룡8교(수위계),2008-11-01,80,80,80,80,80,80,80,80,80,80,80,80,80,80,80,80,80,80,80,80,80,80,80,80
1,중앙동,2008-11-02,0,0,0,0,0,0,0,0,0,0,0,0,0,0,0,0,0,0,0,0,0,0,0,0
2,국방연구소,2008-11-02,0,0,0,0,0,0,0,0,0,0,0,0,0,0,0,0,0,0,0,0,0,0,0,0
3,북면,2008-11-02,0,0,0,0,0,0,0,0,0,0,0,0,0,0,0,0,0,0,0,0,0,0,0,0
4,명곡동,2008-11-02,0,0,0,0,0,0,0,0,0,0,0,0,0,0,0,0,0,0,0,0,0,0,0,0
6,성산구청,2008-11-02,0,0,0,0,0,0,0,0,0,0,0,0,0,0,0,0,0,0,0,0,0,0,0,0
7,웅남동,2008-11-02,0,0,0,0,0,0,0,0,0,0,0,0,0,0,0,0,0,0,0,0,0,0,0,0
8,차룡8교(수위계),2008-11-02,80,80,80,80,80,80,80,80,80,80,80,80,80,80,80,80,80,80,80,80,80,80,80,80
1,중앙동,2008-11-03,0,0,0,0,0,0,0,0,0,0,0,0,0,0,0,0,0,0,0,0,0,0,0,0
2,국방연구소,2008-11-03,0,0,0,0,0,0,0,0,0,0,0,0,0,0,0,0,0,0,0,0,0,0,0,0
3,북면,2008-11-03,0,0,0,0,0,0,0,0,0,0,0,0,0,0,0,0,0,0,0,0,0,0,0,0
4,명곡동,2008-11-03,0,0,0,0,0,0,0,0,0,0,0,0,0,0,0,0,0,0,0,0,0,0,0,0
6,성산구청,2008-11-03,0,0,0,0,0,0,0,0,0,0,0,0,0,0,0,0,0,0,0,0,0,0,0,0
7,웅남동,2008-11-03,0,0,0,0,0,0,0,0,0,0,0,0,0,0,0,0,0,0,0,0,0,0,0,0
8,차룡8교(수위계),2008-11-03,80,80,80,80,80,80,80,80,80,80,80,80,80,80,80,80,80,80,80,80,80,80,80,80
1,중앙동,2008-11-04,0,0,0,0,0,0,0,0,0,0,0,0,0,0,0,0,0,0,0,0,0,0,0,0
2,국방연구소,2008-11-04,0,0,0,0,0,0,0,0,0,0,0,0,0,0,0,0,0,0,0,0,0,0,0,0
3,북면,2008-11-04,0,0,0,0,0,0,0,0,0,0,0,0,0,0,0,0,0,0,0,0,0,0,0,0
4,명곡동,2008-11-04,0,0,0,0,0,0,0,0,0,0,0,0,0,0,0,0,0,0,0,0,0,0,0,0
6,성산구청,2008-11-04,0,0,0,0,0,0,0,0,0,0,0,0,0,0,0,0,0,0,0,0,0,0,0,0
7,웅남동,2008-11-04,0,0,0,0,0,0,0,0,0,0,0,0,0,0,0,0,0,0,0,0,0,0,0,0
8,차룡8교(수위계),2008-11-04,80,80,80,80,80,80,80,80,80,80,80,80,80,80,80,80,80,80,80,80,80,80,80,80
1,중앙동,2008-11-05,0,0,0,0,0,0,0,0,0,0,0,0,0,0,0,0,0,0,0,0,0,0,0,0
2,국방연구소,2008-11-05,0,0,0,0,0,0,0,0,0,0,0,0,0,0,0,0,0,0,0,0,0,0,0,0
3,북면,2008-11-05,0,0,0,0,0,0,0,0,0,0,0,0,0,0,0,0,0,0,0,0,0,0,0,0
4,명곡동,2008-11-05,0,0,0,0,0,0,0,0,0,0,0,0,0,0,0,0,0,0,0,0,0,0,0,0
6,성산구청,2008-11-05,0,0,0,0,0,0,0,0,0,0,0,0,0,0,0,0,0,0,0,0,0,0,0,0
7,웅남동,2008-11-05,0,0,0,0,0,0,0,0,0,0,0,0,0,0,0,0,0,0,0,0,0,0,0,0
8,차룡8교(수위계),2008-11-05,80,80,80,80,80,80,80,80,80,80,80,80,80,80,80,80,80,80,80,80,80,80,80,80
1,중앙동,2008-11-06,0,0,0,0,0,0,0,0,0,0,0,0,0,0,0,0,0,0,0,0,0,0,0,0
2,국방연구소,2008-11-06,0,0,0,0,0,0,0,0,0,0,0,0,0,0,0,0,0,0,0,0,0,0,0,0
3,북면,2008-11-06,0,0,0,0,0,0,0,0,0,0,0,0,0,0,0,0,0,0,0,0,0,0,0,0
4,명곡동,2008-11-06,0,0,0,0,0,0,0,0,0,0,0,0,0,0,0,0,0,0,0,0,0,0,0,0
6,성산구청,2008-11-06,0,0,0,0,0,0,0,0,0,0,0,0,0,0,0,0,0,0,0,0,0,0,0,0
7,웅남동,2008-11-06,0,0,0,0,0,0,0,0,0,0,0,0,0,0,0,0,0,0,0,0,0,0,0,0
8,차룡8교(수위계),2008-11-06,80,80,80,80,80,80,80,80,80,80,80,80,80,80,80,80,80,80,80,80,80,80,80,80
1,중앙동,2008-11-07,0,0,0,0,0,0,0,0,0,0,0,0,0,0,0,0,0,0,0,0,0,0,0,0
2,국방연구소,2008-11-07,0,0,0,0,0,0,0,0,0,0,0,0,0,0,0,0,0,0,0,0,0,0,0,0
3,북면,2008-11-07,0,0,0,0,0,0,0,0,0,0,0,0,0,0,0,0,0,0,0,0,0,0,0,0
4,명곡동,2008-11-07,0,0,0,0,0,0,0,0,0,0,0,0,0,0,0,0,0,0,0,0,0,0,0,0
6,성산구청,2008-11-07,0,0,0,0,0,0,0,0,0,0,0,0,0,0,0,0,0,0,0,0,0,0,0,0
7,웅남동,2008-11-07,0,0,0,0,0,0,0,0,0,0,0,0,0,0,0,0,0,0,0,0,0,0,0,0
8,차룡8교(수위계),2008-11-07,80,80,80,80,80,80,80,80,80,80,80,80,80,80,80,80,80,80,80,80,80,80,80,80
8,차룡8교(수위계),2008-11-08,80,80,80,80,80,80,80,80,80,80,80,80,80,80,80,80,80,80,80,80,80,80,80,80
8,차룡8교(수위계),2008-11-09,80,80,80,80,80,80,80,80,80,80,80,80,80,80,80,80,80,80,80,80,80,80,80,80
1,중앙동,2008-11-10,0,0,0,0,0,0,0,0,0,0,0,0,0,0,0,0,0,0,0,0,0,0,0,0
2,국방연구소,2008-11-10,0,0,0,0,0,0,0,0,0,0,0,0,0,0,0,0,0,0,0,0,0,0,0,0
3,북면,2008-11-10,0,0,0,0,0,0,0,0,0,0,0,0,0,0,0,0,0,0,0,0,0,0,0,0
4,명곡동,2008-11-10,0,0,0,0,0,0,0,0,0,0,0,0,0,0,0,0,0,0,0,0,0,0,0,0
6,성산구청,2008-11-10,0,0,0,0,0,0,0,0,0,0,0,0,0,0,0,0,0,0,0,0,0,0,0,0
7,웅남동,2008-11-10,0,0,0,0,0,0,0,0,0,0,0,0,0,0,0,0,0,0,0,0,0,0,0,0
8,차룡8교(수위계),2008-11-10,80,80,80,80,80,80,80,80,80,80,80,80,80,80,80,80,80,80,80,80,80,80,80,80
8,차룡8교(수위계),2008-11-11,80,80,80,80,80,80,80,80,80,80,80,80,80,80,80,80,80,80,80,80,80,80,80,80
1,중앙동,2008-11-12,0,0,0,0,0,0,0,0,0,0,0,0,0,0,0,0,0,0,0,0,0,0,0,0
2,국방연구소,2008-11-12,0,0,0,0,0,0,0,0,0,0,0,0,0,0,0,0,0,0,0,0,0,0,0,0
3,북면,2008-11-12,0,0,0,0,0,0,0,0,0,0,0,0,0,0,0,0,0,0,0,0,0,0,0,0
4,명곡동,2008-11-12,0,0,0,0,0,0,0,0,0,0,0,0,0,0,0,0,0,0,0,0,0,0,0,0
6,성산구청,2008-11-12,0,0,0,0,0,0,0,0,0,0,0,0,0,0,0,0,0,0,0,0,0,0,0,0
7,웅남동,2008-11-12,0,0,0,0,0,0,0,0,0,0,0,0,0,0,0,0,0,0,0,0,0,0,0,0
8,차룡8교(수위계),2008-11-12,80,80,80,80,80,80,80,80,80,80,80,80,80,80,80,80,80,80,80,80,80,80,80,80
8,차룡8교(수위계),2008-11-13,80,80,80,80,80,80,80,80,80,80,80,80,80,80,80,80,80,80,80,80,80,80,80,80
8,차룡8교(수위계),2008-11-14,80,80,80,80,80,80,80,80,80,80,80,80,80,80,80,80,80,80,80,80,80,80,80,80
8,차룡8교(수위계),2008-11-15,80,80,80,80,80,80,80,80,80,80,80,80,80,80,80,80,80,80,80,80,80,80,80,80
1,중앙동,2008-11-16,0,0,0,0,0,0,0,0,0,0,0,0,0,0,0,0,0,0,0,0,0,0,0,0
2,국방연구소,2008-11-16,0,0,0,0,0,0,0,0,0,0,0,0,0,0,0,0,0,0,0,0,0,0,0,0
3,북면,2008-11-16,0,0,0,0,0,0,0,0,0,0,0,0,0,0,0,0,0,0,0,0,0,0,0,0
4,명곡동,2008-11-16,0,0,0,0,0,0,0,0,0,0,0,0,0,0,0,0,0,0,0,0,0,0,0,0
6,성산구청,2008-11-16,0,0,0,0,0,0,0,0,0,0,0,0,0,0,0,0,0,0,0,0,0,0,0,0
7,웅남동,2008-11-16,0,0,0,0,0,0,0,0,0,0,0,0,0,0,0,0,0,0,0,0,0,0,0,0
8,차룡8교(수위계),2008-11-16,80,80,80,80,80,80,80,80,80,80,80,80,80,80,80,80,80,80,80,80,80,80,80,80
1,중앙동,2008-11-17,0,0,0,0,0,0,0,0,0,0,0,0,0,0,0,0,0,0,0,0,0,0,0,0
2,국방연구소,2008-11-17,0,0,0,0,0,0,0,0,0,0,0,0,0,0,0,0,0,0,0,0,0,0,0,0
3,북면,2008-11-17,0,0,0,0,0,0,0,0,0,0,0,0,0,0,0,0,0,0,0,0,0,0,0,0
4,명곡동,2008-11-17,0,0,0,0,0,0,0,0,0,0,0,0,0,0,0,0,0,0,0,0,0,0,0,0
6,성산구청,2008-11-17,0,0,0,0,0,0,0,0,0,0,0,0,0,0,0,0,0,0,0,0,0,0,0,0
7,웅남동,2008-11-17,0,0,0,0,0,0,0,0,0,0,0,0,0,0,0,0,0,0,0,0,0,0,0,0
8,차룡8교(수위계),2008-11-17,80,80,80,80,80,80,80,80,80,80,80,80,80,80,80,80,80,80,80,80,80,80,80,80
1,중앙동,2008-11-18,0,0,0,0,0,0,0,0,0,0,0,0,0,0,0,0,0,0,0,0,0,0,0,0
2,국방연구소,2008-11-18,0,0,0,0,0,0,0,0,0,0,0,0,0,0,0,0,0,0,0,0,0,0,0,0
3,북면,2008-11-18,0,0,0,0,0,0,0,0,0,0,0,0,0,0,0,0,0,0,0,0,0,0,0,0
4,명곡동,2008-11-18,0,0,0,0,0,0,0,0,0,0,0,0,0,0,0,0,0,0,0,0,0,0,0,0
6,성산구청,2008-11-18,0,0,0,0,0,0,0,0,0,0,0,0,0,0,0,0,0,0,0,0,0,0,0,0
7,웅남동,2008-11-18,0,0,0,0,0,0,0,0,0,0,0,0,0,0,0,0,0,0,0,0,0,0,0,0
8,차룡8교(수위계),2008-11-18,80,80,80,80,80,80,80,80,80,80,80,80,80,80,80,80,80,80,80,80,80,80,80,80
1,중앙동,2008-11-19,0,0,0,0,0,0,0,0,0,0,0,0,0,0,0,0,0,0,0,0,0,0,0,0
2,국방연구소,2008-11-19,0,0,0,0,0,0,0,0,0,0,0,0,0,0,0,0,0,0,0,0,0,0,0,0
3,북면,2008-11-19,0,0,0,0,0,0,0,0,0,0,0,0,0,0,0,0,0,0,0,0,0,0,0,0
4,명곡동,2008-11-19,0,0,0,0,0,0,0,0,0,0,0,0,0,0,0,0,0,0,0,0,0,0,0,0
6,성산구청,2008-11-19,0,0,0,0,0,0,0,0,0,0,0,0,0,0,0,0,0,0,0,0,0,0,0,0
7,웅남동,2008-11-19,0,0,0,0,0,0,0,0,0,0,0,0,0,0,0,0,0,0,0,0,0,0,0,0
8,차룡8교(수위계),2008-11-19,80,80,80,80,80,80,80,80,80,80,80,80,80,80,80,80,80,80,80,80,80,80,80,80
8,차룡8교(수위계),2008-11-20,80,80,80,80,80,80,80,80,80,80,80,80,80,80,80,80,80,80,80,80,80,80,80,80
1,중앙동,2008-11-21,0,0,0,0,0,0,0,0,0,0,0,0,0,0,0,0,0,0,0,0,0,0,0,0
2,국방연구소,2008-11-21,0,0,0,0,0,0,0,0,0,0,0,0,0,0,0,0,0,0,0,0,0,0,0,0
3,북면,2008-11-21,0,0,0,0,0,0,0,0,0,0,0,0,0,0,0,0,0,0,0,0,0,0,0,0
4,명곡동,2008-11-21,0,0,0,0,0,0,0,0,0,0,0,0,0,0,0,0,0,0,0,0,0,0,0,0
6,성산구청,2008-11-21,0,0,0,0,0,0,0,0,0,0,0,0,0,0,0,0,0,0,0,0,0,0,0,0
7,웅남동,2008-11-21,0,0,0,0,0,0,0,0,0,0,0,0,0,0,0,0,0,0,0,0,0,0,0,0
8,차룡8교(수위계),2008-11-21,80,80,80,80,80,80,80,80,80,80,80,80,80,80,80,80,80,80,80,80,80,80,80,80
1,중앙동,2008-11-22,0,0,0,0,0,0,0,0,0,0,0,0,0,0,0,0,0,0,0,0,0,0,0,0
2,국방연구소,2008-11-22,0,0,0,0,0,0,0,0,0,0,0,0,0,0,0,0,0,0,0,0,0,0,0,0
3,북면,2008-11-22,0,0,0,0,0,0,0,0,0,0,0,0,0,0,0,0,0,0,0,0,0,0,0,0
4,명곡동,2008-11-22,0,0,0,0,0,0,0,0,0,0,0,0,0,0,0,0,0,0,0,0,0,0,0,0
6,성산구청,2008-11-22,0,0,0,0,0,0,0,0,0,0,0,0,0,0,0,0,0,0,0,0,0,0,0,0
7,웅남동,2008-11-22,0,0,0,0,0,0,0,0,0,0,0,0,0,0,0,0,0,0,0,0,0,0,0,0
8,차룡8교(수위계),2008-11-22,80,80,80,80,80,80,80,80,80,80,80,80,80,80,80,80,80,80,80,80,80,80,80,80
1,중앙동,2008-11-23,0,0,0,0,0,0,0,0,0,0,0,0,0,0,0,0,0,0,0,0,0,0,0,0
2,국방연구소,2008-11-23,0,0,0,0,0,0,0,0,0,0,0,0,0,0,0,0,0,0,0,0,0,0,0,0
3,북면,2008-11-23,0,0,0,0,0,0,0,0,0,0,0,0,0,0,0,0,0,0,0,0,0,0,0,0
4,명곡동,2008-11-23,0,0,0,0,0,0,0,0,0,0,0,0,0,0,0,0,0,0,0,0,0,0,0,0
6,성산구청,2008-11-23,0,0,0,0,0,0,0,0,0,0,0,0,0,0,0,0,0,0,0,0,0,0,0,0
7,웅남동,2008-11-23,0,0,0,0,0,0,0,0,0,0,0,0,0,0,0,0,0,0,0,0,0,0,0,0
8,차룡8교(수위계),2008-11-23,80,80,80,80,80,80,80,80,80,80,80,80,80,80,80,80,80,80,80,80,80,80,80,80
1,중앙동,2008-11-24,0,0,0,0,0,0,0,0,0,0,0,0,0,0,0,0,0,0,0,0,0,0,0,0
2,국방연구소,2008-11-24,0,0,0,0,0,0,0,0,0,0,0,0,0,0,0,0,0,0,0,0,0,0,0,0
3,북면,2008-11-24,0,0,0,0,0,0,0,0,0,0,0,0,0,0,0,0,0,0,0,0,0,0,0,0
4,명곡동,2008-11-24,0,0,0,0,0,0,0,0,0,0,0,0,0,0,0,0,0,0,0,0,0,0,0,0
6,성산구청,2008-11-24,0,0,0,0,0,0,0,0,0,0,0,0,0,0,0,0,0,0,0,0,0,0,0,0
7,웅남동,2008-11-24,0,0,0,0,0,0,0,0,0,0,0,0,0,0,0,0,0,0,0,0,0,0,0,0
8,차룡8교(수위계),2008-11-24,80,80,80,80,80,80,80,80,80,80,80,80,80,80,80,80,80,80,80,80,80,80,80,80
8,차룡8교(수위계),2008-11-25,80,80,80,80,80,80,80,80,80,80,80,80,80,80,80,80,80,80,80,80,80,80,80,80
1,중앙동,2008-11-26,0,0,0,0,0,0,0,0,0,0,0,0,0,0,0,0,0,0,0,0,0,0,0,0
2,국방연구소,2008-11-26,0,0,0,0,0,0,0,0,0,0,0,0,0,0,0,0,0,0,0,0,0,0,0,0
3,북면,2008-11-26,0,0,0,0,0,0,0,0,0,0,0,0,0,0,0,0,0,0,0,0,0,0,0,0
4,명곡동,2008-11-26,0,0,0,0,0,0,0,0,0,0,0,0,0,0,0,0,0,0,0,0,0,0,0,0
6,성산구청,2008-11-26,0,0,0,0,0,0,0,0,0,0,0,0,0,0,0,0,0,0,0,0,0,0,0,0
7,웅남동,2008-11-26,0,0,0,0,0,0,0,0,0,0,0,0,0,0,0,0,0,0,0,0,0,0,0,0
8,차룡8교(수위계),2008-11-26,80,80,80,80,80,80,80,80,80,80,80,80,80,80,80,80,80,80,80,80,80,80,80,80
1,중앙동,2008-11-27,0,0,0,0,0,0,0,0,0,0,0,0,0,0,0,0,0,0,0,0,0,0,0,0
2,국방연구소,2008-11-27,0,0,0,0,0,0,0,0,0,0,0,0,0,0,0,0,0,0,0,0,0,0,0,0
3,북면,2008-11-27,0,0,0,0,0,0,0,0,0,0,0,0,0,0,0,0,0,0,0,0,0,0,0,0
4,명곡동,2008-11-27,0,0,0,0,0,0,0,0,0,0,0,0,0,0,0,0,0,0,0,0,0,0,0,0
6,성산구청,2008-11-27,0,0,0,0,0,0,0,0,0,0,0,0,0,0,0,0,0,0,0,0,0,0,0,0
7,웅남동,2008-11-27,0,0,0,0,0,0,0,0,0,0,0,0,0,0,0,0,0,0,0,0,0,0,0,0
8,차룡8교(수위계),2008-11-27,80,80,80,80,80,80,80,80,80,80,80,80,80,80,80,80,80,80,80,80,80,80,80,80
1,중앙동,2008-11-28,0,0,0,0,0,0,0,0,0,0,0,0,0,0,0,0,0,0,0,0,0,0,0,0
2,국방연구소,2008-11-28,0,0,0,0,0,0,0,0,0,0,0,0,0,0,0,0,0,0,0,0,0,0,0,0
3,북면,2008-11-28,0,0,0,0,0,0,0,0,0,0,0,0,0,0,0,0,0,0,0,0,0,0,0,0
4,명곡동,2008-11-28,0,0,0,0,0,0,0,0,0,0,0,0,0,0,0,0,0,0,0,0,0,0,0,0
6,성산구청,2008-11-28,0,0,0,0,0,0,0,0,0,0,0,0,0,0,0,0,0,0,0,0,0,0,0,0
7,웅남동,2008-11-28,0,0,0,0,0,0,0,0,0,0,0,0,0,0,0,0,0,0,0,0,0,0,0,0
8,차룡8교(수위계),2008-11-28,80,80,80,80,80,80,80,80,80,80,80,80,80,80,80,80,80,80,80,80,80,80,80,80
1,중앙동,2008-11-29,0,0,0,0,0,0,0,0,0,0,0,0,0,0,0,0,0,0,0,0,0,0,0,0
2,국방연구소,2008-11-29,0,0,0,0,0,0,0,0,0,0,0,0,0,0,0,0,0,0,0,0,0,0,0,0
3,북면,2008-11-29,0,0,0,0,0,0,0,0,0,0,0,0,0,0,0,0,0,0,0,0,0,0,0,0
4,명곡동,2008-11-29,0,0,0,0,0,0,0,0,0,0,0,0,0,0,0,0,0,0,0,0,0,0,0,0
6,성산구청,2008-11-29,0,0,0,0,0,0,0,0,0,0,0,0,0,0,0,0,0,0,0,0,0,0,0,0
7,웅남동,2008-11-29,0,0,0,0,0,0,0,0,0,0,0,0,0,0,0,0,0,0,0,0,0,0,0,0
8,차룡8교(수위계),2008-11-29,80,80,80,80,80,80,80,80,80,80,80,80,80,80,80,80,80,80,80,80,80,80,80,80
1,중앙동,2008-11-30,0,0,0,0,0,0,0,0,0,0,0,0,0,0,0,0,0,0,0,0,0,0,0,0
2,국방연구소,2008-11-30,0,0,0,0,0,0,0,0,0,0,0,0,0,0,0,0,0,0,0,0,0,0,0,0
3,북면,2008-11-30,0,0,0,0,0,0,0,0,0,0,0,0,0,0,0,0,0,0,0,0,0,0,0,0
4,명곡동,2008-11-30,0,0,0,0,0,0,0,0,0,0,0,0,0,0,0,0,0,0,0,0,0,0,0,0
6,성산구청,2008-11-30,0,0,0,0,0,0,0,0,0,0,0,0,0,0,0,0,0,0,0,0,0,0,0,0
7,웅남동,2008-11-30,0,0,0,0,0,0,0,0,0,0,0,0,0,0,0,0,0,0,0,0,0,0,0,0
8,차룡8교(수위계),2008-11-30,80,80,80,80,80,80,80,80,80,80,80,80,80,80,80,80,80,80,80,80,80,80,80,80
8,차룡8교(수위계),2008-12-01,80,80,80,80,80,80,80,80,80,80,80,80,80,80,80,80,80,80,80,80,80,80,80,80
8,차룡8교(수위계),2008-12-02,80,80,80,80,80,80,80,80,80,80,80,80,80,80,80,80,80,80,80,80,80,80,80,80
1,중앙동,2008-12-03,0,0,0,0,0,0,0,0,0,0,0,0,0,0,0,0,0,0,0,0,0,0,0,0
2,국방연구소,2008-12-03,0,0,0,0,0,0,0,0,0,0,0,0,0,0,0,0,0,0,0,0,0,0,0,0
3,북면,2008-12-03,0,0,0,0,0,0,0,0,0,0,0,0,0,0,0,0,0,0,0,0,0,0,0,0
4,명곡동,2008-12-03,0,0,0,0,0,0,0,0,0,0,0,0,0,0,0,0,0,0,0,0,0,0,0,0
6,성산구청,2008-12-03,0,0,0,0,0,0,0,0,0,0,0,0,0,0,0,0,0,0,0,0,0,0,0,0
7,웅남동,2008-12-03,0,0,0,0,0,0,0,0,0,0,0,0,0,0,0,0,0,0,0,0,0,0,0,0
8,차룡8교(수위계),2008-12-03,80,80,80,80,80,80,80,80,80,80,80,80,80,80,80,80,80,80,80,80,80,80,80,80
8,차룡8교(수위계),2008-12-04,80,80,80,80,80,80,80,80,80,80,80,80,80,80,80,80,80,80,80,80,80,80,80,80
1,중앙동,2008-12-05,0,0,0,0,0,0,0,0,0,0,0,0,0,0,0,0,0,0,0,0,0,0,0,0
2,국방연구소,2008-12-05,0,0,0,0,0,0,0,0,0,0,0,0,0,0,0,0,0,0,0,0,0,0,0,0
3,북면,2008-12-05,0,0,0,0,0,0,0,0,0,0,0,0,0,0,0,0,0,0,0,0,0,0,0,0
4,명곡동,2008-12-05,0,0,0,0,0,0,0,0,0,0,0,0,0,0,0,0,0,0,0,0,0,0,0,0
6,성산구청,2008-12-05,0,0,0,0,0,0,0,0,0,0,0,0,0,0,0,0,0,0,0,0,0,0,0,0
7,웅남동,2008-12-05,0,0,0,0,0,0,0,0,0,0,0,0,0,0,0,0,0,0,0,0,0,0,0,0
8,차룡8교(수위계),2008-12-05,80,80,80,80,80,80,80,80,80,80,80,80,80,80,80,80,80,80,80,80,80,80,80,80
1,중앙동,2008-12-06,0,0,0,0,0,0,0,0,0,0,0,0,0,0,0,0,0,0,0,0,0,0,0,0
2,국방연구소,2008-12-06,0,0,0,0,0,0,0,0,0,0,0,0,0,0,0,0,0,0,0,0,0,0,0,0
3,북면,2008-12-06,0,0,0,0,0,0,0,0,0,0,0,0,0,0,0,0,0,0,0,0,0,0,0,0
4,명곡동,2008-12-06,0,0,0,0,0,0,0,0,0,0,0,0,0,0,0,0,0,0,0,0,0,0,0,0
6,성산구청,2008-12-06,0,0,0,0,0,0,0,0,0,0,0,0,0,0,0,0,0,0,0,0,0,0,0,0
7,웅남동,2008-12-06,0,0,0,0,0,0,0,0,0,0,0,0,0,0,0,0,0,0,0,0,0,0,0,0
8,차룡8교(수위계),2008-12-06,80,80,80,80,80,80,80,80,80,80,80,80,80,80,80,80,80,80,80,80,80,80,80,80
1,중앙동,2008-12-07,0,0,0,0,0,0,0,0,0,0,0,0,0,0,0,0,0,0,0,0,0,0,0,0
2,국방연구소,2008-12-07,0,0,0,0,0,0,0,0,0,0,0,0,0,0,0,0,0,0,0,0,0,0,0,0
3,북면,2008-12-07,0,0,0,0,0,0,0,0,0,0,0,0,0,0,0,0,0,0,0,0,0,0,0,0
4,명곡동,2008-12-07,0,0,0,0,0,0,0,0,0,0,0,0,0,0,0,0,0,0,0,0,0,0,0,0
6,성산구청,2008-12-07,0,0,0,0,0,0,0,0,0,0,0,0,0,0,0,0,0,0,0,0,0,0,0,0
7,웅남동,2008-12-07,0,0,0,0,0,0,0,0,0,0,0,0,0,0,0,0,0,0,0,0,0,0,0,0
8,차룡8교(수위계),2008-12-07,80,80,80,80,80,80,80,80,80,80,80,80,80,80,80,80,80,80,80,80,80,80,80,80
8,차룡8교(수위계),2008-12-08,80,80,80,80,80,80,80,80,80,80,80,80,80,80,80,80,80,80,80,80,80,80,80,80
1,중앙동,2008-12-09,0,0,0,0,0,0,0,0,0,0,0,0,0,0,0,0,0,0,0,0,0,0,0,0
2,국방연구소,2008-12-09,0,0,0,0,0,0,0,0,0,0,0,0,0,0,0,0,0,0,0,0,0,0,0,0
3,북면,2008-12-09,0,0,0,0,0,0,0,0,0,0,0,0,0,0,0,0,0,0,0,0,0,0,0,0
4,명곡동,2008-12-09,0,0,0,0,0,0,0,0,0,0,0,0,0,0,0,0,0,0,0,0,0,0,0,0
6,성산구청,2008-12-09,0,0,0,0,0,0,0,0,0,0,0,0,0,0,0,0,0,0,0,0,0,0,0,0
7,웅남동,2008-12-09,0,0,0,0,0,0,0,0,0,0,0,0,0,0,0,0,0,0,0,0,0,0,0,0
8,차룡8교(수위계),2008-12-09,80,80,80,80,80,80,80,80,80,80,80,80,80,80,80,80,80,80,80,80,80,80,80,80
8,차룡8교(수위계),2008-12-10,80,80,80,80,80,80,80,80,80,80,80,80,80,80,80,80,80,80,80,80,80,80,80,80
8,차룡8교(수위계),2008-12-11,80,80,80,80,80,80,80,80,80,80,80,80,80,80,80,80,80,80,80,80,80,80,80,80
8,차룡8교(수위계),2008-12-12,80,80,80,80,80,80,80,80,80,80,80,80,80,80,80,80,80,80,80,80,80,80,80,80
8,차룡8교(수위계),2008-12-13,80,80,80,80,80,80,80,80,80,80,80,80,80,80,80,80,80,80,80,80,80,80,80,80
8,차룡8교(수위계),2008-12-14,80,80,80,80,80,80,80,80,80,80,80,80,80,80,80,80,80,80,80,80,80,80,80,80
8,차룡8교(수위계),2008-12-15,80,80,80,80,80,80,80,80,80,80,80,80,80,80,80,80,80,80,80,80,80,80,80,80
8,차룡8교(수위계),2008-12-16,80,80,80,80,80,80,80,80,80,80,80,80,80,80,80,80,80,80,80,80,80,80,80,80
8,차룡8교(수위계),2008-12-17,80,80,80,80,80,80,80,80,80,80,80,80,80,80,80,80,80,80,80,80,80,80,80,80
1,중앙동,2008-12-18,0,0,0,0,0,0,0,0,0,0,0,0,0,0,0,0,0,0,0,0,0,0,0,0
2,국방연구소,2008-12-18,0,0,0,0,0,0,0,0,0,0,0,0,0,0,0,0,0,0,0,0,0,0,0,0
3,북면,2008-12-18,0,0,0,0,0,0,0,0,0,0,0,0,0,0,0,0,0,0,0,0,0,0,0,0
4,명곡동,2008-12-18,0,0,0,0,0,0,0,0,0,0,0,0,0,0,0,0,0,0,0,0,0,0,0,0
6,성산구청,2008-12-18,0,0,0,0,0,0,0,0,0,0,0,0,0,0,0,0,0,0,0,0,0,0,0,0
7,웅남동,2008-12-18,0,0,0,0,0,0,0,0,0,0,0,0,0,0,0,0,0,0,0,0,0,0,0,0
8,차룡8교(수위계),2008-12-18,80,80,80,80,80,80,80,80,80,80,80,80,80,80,80,80,80,80,80,80,80,80,80,80
8,차룡8교(수위계),2008-12-19,80,80,80,80,80,80,80,80,80,80,80,80,80,80,80,80,80,80,80,80,80,80,80,80
8,차룡8교(수위계),2008-12-20,80,80,80,80,80,80,80,80,80,80,80,80,80,80,80,80,80,80,80,80,80,80,80,80
8,차룡8교(수위계),2008-12-21,80,80,80,80,80,80,80,80,80,80,80,80,80,80,80,80,80,80,80,80,80,80,80,80
1,중앙동,2008-12-22,0,0,0,0,0,0,0,0,0,0,0,0,0,0,0,0,0,0,0,0,0,0,0,0
2,국방연구소,2008-12-22,0,0,0,0,0,0,0,0,0,0,0,0,0,0,0,0,0,0,0,0,0,0,0,0
3,북면,2008-12-22,0,0,0,0,0,0,0,0,0,0,0,0,0,0,0,0,0,0,0,0,0,0,0,0
4,명곡동,2008-12-22,0,0,0,0,0,0,0,0,0,0,0,0,0,0,0,0,0,0,0,0,0,0,0,0
6,성산구청,2008-12-22,0,0,0,0,0,0,0,0,0,0,0,0,0,0,0,0,0,0,0,0,0,0,0,0
7,웅남동,2008-12-22,0,0,0,0,0,0,0,0,0,0,0,0,0,0,0,0,0,0,0,0,0,0,0,0
8,차룡8교(수위계),2008-12-22,80,80,80,80,80,80,80,80,80,80,80,80,80,80,80,80,80,80,80,80,80,80,80,80
1,중앙동,2008-12-23,0,0,0,0,0,0,0,0,0,0,0,0,0,0,0,0,0,0,0,0,0,0,0,0
2,국방연구소,2008-12-23,0,0,0,0,0,0,0,0,0,0,0,0,0,0,0,0,0,0,0,0,0,0,0,0
3,북면,2008-12-23,0,0,0,0,0,0,0,0,0,0,0,0,0,0,0,0,0,0,0,0,0,0,0,0
4,명곡동,2008-12-23,0,0,0,0,0,0,0,0,0,0,0,0,0,0,0,0,0,0,0,0,0,0,0,0
6,성산구청,2008-12-23,0,0,0,0,0,0,0,0,0,0,0,0,0,0,0,0,0,0,0,0,0,0,0,0
7,웅남동,2008-12-23,0,0,0,0,0,0,0,0,0,0,0,0,0,0,0,0,0,0,0,0,0,0,0,0
8,차룡8교(수위계),2008-12-23,80,80,80,80,80,80,80,80,80,80,80,80,80,80,80,80,80,80,80,80,80,80,80,80
8,차룡8교(수위계),2008-12-24,80,80,80,80,80,80,80,80,80,80,80,80,80,80,80,80,80,80,80,80,80,80,80,80
1,중앙동,2008-12-25,0,0,0,0,0,0,0,0,0,0,0,0,0,0,0,0,0,0,0,0,0,0,0,0
2,국방연구소,2008-12-25,0,0,0,0,0,0,0,0,0,0,0,0,0,0,0,0,0,0,0,0,0,0,0,0
3,북면,2008-12-25,0,0,0,0,0,0,0,0,0,0,0,0,0,0,0,0,0,0,0,0,0,0,0,0
4,명곡동,2008-12-25,0,0,0,0,0,0,0,0,0,0,0,0,0,0,0,0,0,0,0,0,0,0,0,0
6,성산구청,2008-12-25,0,0,0,0,0,0,0,0,0,0,0,0,0,0,0,0,0,0,0,0,0,0,0,0
7,웅남동,2008-12-25,0,0,0,0,0,0,0,0,0,0,0,0,0,0,0,0,0,0,0,0,0,0,0,0
8,차룡8교(수위계),2008-12-25,80,80,80,80,80,80,80,80,80,80,80,80,80,80,80,80,80,80,80,80,80,80,80,80
8,차룡8교(수위계),2008-12-26,80,80,80,80,80,80,80,80,80,80,80,80,80,80,80,80,80,80,80,80,80,80,80,80
1,중앙동,2008-12-27,0,0,0,0,0,0,0,0,0,0,0,0,0,0,0,0,0,0,0,0,0,0,0,0
2,국방연구소,2008-12-27,0,0,0,0,0,0,0,0,0,0,0,0,0,0,0,0,0,0,0,0,0,0,0,0
3,북면,2008-12-27,0,0,0,0,0,0,0,0,0,0,0,0,0,0,0,0,0,0,0,0,0,0,0,0
4,명곡동,2008-12-27,0,0,0,0,0,0,0,0,0,0,0,0,0,0,0,0,0,0,0,0,0,0,0,0
6,성산구청,2008-12-27,0,0,0,0,0,0,0,0,0,0,0,0,0,0,0,0,0,0,0,0,0,0,0,0
7,웅남동,2008-12-27,0,0,0,0,0,0,0,0,0,0,0,0,0,0,0,0,0,0,0,0,0,0,0,0
8,차룡8교(수위계),2008-12-27,80,80,80,80,80,80,80,80,80,80,80,80,80,80,80,80,80,80,80,80,80,80,80,80
1,중앙동,2008-12-28,0,0,0,0,0,0,0,0,0,0,0,0,0,0,0,0,0,0,0,0,0,0,0,0
2,국방연구소,2008-12-28,0,0,0,0,0,0,0,0,0,0,0,0,0,0,0,0,0,0,0,0,0,0,0,0
3,북면,2008-12-28,0,0,0,0,0,0,0,0,0,0,0,0,0,0,0,0,0,0,0,0,0,0,0,0
4,명곡동,2008-12-28,0,0,0,0,0,0,0,0,0,0,0,0,0,0,0,0,0,0,0,0,0,0,0,0
6,성산구청,2008-12-28,0,0,0,0,0,0,0,0,0,0,0,0,0,0,0,0,0,0,0,0,0,0,0,0
7,웅남동,2008-12-28,0,0,0,0,0,0,0,0,0,0,0,0,0,0,0,0,0,0,0,0,0,0,0,0
8,차룡8교(수위계),2008-12-28,80,80,80,80,80,80,80,80,80,80,80,80,80,80,80,80,80,80,80,80,80,80,80,80
1,중앙동,2008-12-29,0,0,0,0,0,0,0,0,0,0,0,0,0,0,0,0,0,0,0,0,0,0,0,0
2,국방연구소,2008-12-29,0,0,0,0,0,0,0,0,0,0,0,0,0,0,0,0,0,0,0,0,0,0,0,0
3,북면,2008-12-29,0,0,0,0,0,0,0,0,0,0,0,0,0,0,0,0,0,0,0,0,0,0,0,0
4,명곡동,2008-12-29,0,0,0,0,0,0,0,0,0,0,0,0,0,0,0,0,0,0,0,0,0,0,0,0
6,성산구청,2008-12-29,0,0,0,0,0,0,0,0,0,0,0,0,0,0,0,0,0,0,0,0,0,0,0,0
7,웅남동,2008-12-29,0,0,0,0,0,0,0,0,0,0,0,0,0,0,0,0,0,0,0,0,0,0,0,0
8,차룡8교(수위계),2008-12-29,80,80,80,80,80,80,80,80,80,80,80,80,80,80,80,80,80,80,80,80,80,80,80,80
1,중앙동,2008-12-30,0,0,0,0,0,0,0,0,0,0,0,0,0,0,0,0,0,0,0,0,0,0,0,0
2,국방연구소,2008-12-30,0,0,0,0,0,0,0,0,0,0,0,0,0,0,0,0,0,0,0,0,0,0,0,0
3,북면,2008-12-30,0,0,0,0,0,0,0,0,0,0,0,0,0,0,0,0,0,0,0,0,0,0,0,0
4,명곡동,2008-12-30,0,0,0,0,0,0,0,0,0,0,0,0,0,0,0,0,0,0,0,0,0,0,0,0
6,성산구청,2008-12-30,0,0,0,0,0,0,0,0,0,0,0,0,0,0,0,0,0,0,0,0,0,0,0,0
7,웅남동,2008-12-30,0,0,0,0,0,0,0,0,0,0,0,0,0,0,0,0,0,0,0,0,0,0,0,0
8,차룡8교(수위계),2008-12-30,80,80,80,80,80,80,80,80,80,80,80,80,80,80,80,80,80,80,80,80,80,80,80,80
8,차룡8교(수위계),2008-12-31,80,80,80,80,80,80,80,80,80,80,80,0,0,0,0,0,0,0,0,0,0,0,21,21
8,차룡8교(수위계),2009-01-01,21,21,21,21,21,21,21,21,21,21,21,21,21,21,21,21,21,21,21,21,21,21,21,21
8,차룡8교(수위계),2009-01-02,21,21,21,21,21,21,21,21,21,21,21,21,21,21,21,21,21,21,21,21,21,21,21,21
8,차룡8교(수위계),2009-01-03,21,21,21,21,21,21,21,21,21,21,21,21,21,21,21,21,21,21,21,21,21,21,21,21
8,차룡8교(수위계),2009-01-04,21,21,21,21,21,21,21,21,21,21,21,21,21,21,21,21,21,21,21,21,21,21,21,21
1,중앙동,2009-01-05,0,0,0,0,0,0,0,0,0,0,0,0,0,0,0,0,0,0,0,0,0,0,0,0
2,국방연구소,2009-01-05,0,0,0,0,0,0,0,0,0,0,0,0,0,0,0,0,0,0,0,0,0,0,0,0
3,북면,2009-01-05,0,0,0,0,0,0,0,0,0,0,0,0,0,0,0,0,0,0,0,0,0,0,0,0
4,명곡동,2009-01-05,0,0,0,0,0,0,0,0,0,0,0,0,0,0,0,0,0,0,0,0,0,0,0,0
6,성산구청,2009-01-05,0,0,0,0,0,0,0,0,0,0,0,0,0,0,0,0,0,0,0,0,0,0,0,0
7,웅남동,2009-01-05,0,0,0,0,0,0,0,0,0,0,0,0,0,0,0,0,0,0,0,0,0,0,0,0
8,차룡8교(수위계),2009-01-05,21,21,21,21,21,21,21,21,21,21,21,21,21,21,21,21,21,21,21,21,21,21,21,21
1,중앙동,2009-01-06,0,0,0,0,0,0,0,0,0,0,0,0,0,0,0,0,0,0,0,0,0,0,0,0
2,국방연구소,2009-01-06,0,0,0,0,0,0,0,0,0,0,0,0,0,0,0,0,0,0,0,0,0,0,0,0
3,북면,2009-01-06,0,0,0,0,0,0,0,0,0,0,0,0,0,0,0,0,0,0,0,0,0,0,0,0
4,명곡동,2009-01-06,0,0,0,0,0,0,0,0,0,0,0,0,0,0,0,0,0,0,0,0,0,0,0,0
6,성산구청,2009-01-06,0,0,0,0,0,0,0,0,0,0,0,0,0,0,0,0,0,0,0,0,0,0,0,0
7,웅남동,2009-01-06,0,0,0,0,0,0,0,0,0,0,0,0,0,0,0,0,0,0,0,0,0,0,0,0
8,차룡8교(수위계),2009-01-06,21,21,21,21,21,21,21,21,21,21,21,21,21,21,21,21,21,21,21,21,21,21,21,21
1,중앙동,2009-01-07,0,0,0,0,0,0,0,0,0,0,0,0,0,0,0,0,0,0,0,0,0,0,0,0
2,국방연구소,2009-01-07,0,0,0,0,0,0,0,0,0,0,0,0,0,0,0,0,0,0,0,0,0,0,0,0
3,북면,2009-01-07,0,0,0,0,0,0,0,0,0,0,0,0,0,0,0,0,0,0,0,0,0,0,0,0
4,명곡동,2009-01-07,0,0,0,0,0,0,0,0,0,0,0,0,0,0,0,0,0,0,0,0,0,0,0,0
6,성산구청,2009-01-07,0,0,0,0,0,0,0,0,0,0,0,0,0,0,0,0,0,0,0,0,0,0,0,0
7,웅남동,2009-01-07,0,0,0,0,0,0,0,0,0,0,0,0,0,0,0,0,0,0,0,0,0,0,0,0
8,차룡8교(수위계),2009-01-07,21,21,21,21,21,21,21,21,21,21,21,21,21,21,21,21,21,21,21,21,21,21,21,21
1,중앙동,2009-01-08,0,0,0,0,0,0,0,0,0,0,0,0,0,0,0,0,0,0,0,0,0,0,0,0
2,국방연구소,2009-01-08,0,0,0,0,0,0,0,0,0,0,0,0,0,0,0,0,0,0,0,0,0,0,0,0
3,북면,2009-01-08,0,0,0,0,0,0,0,0,0,0,0,0,0,0,0,0,0,0,0,0,0,0,0,0
4,명곡동,2009-01-08,0,0,0,0,0,0,0,0,0,0,0,0,0,0,0,0,0,0,0,0,0,0,0,0
6,성산구청,2009-01-08,0,0,0,0,0,0,0,0,0,0,0,0,0,0,0,0,0,0,0,0,0,0,0,0
7,웅남동,2009-01-08,0,0,0,0,0,0,0,0,0,0,0,0,0,0,0,0,0,0,0,0,0,0,0,0
8,차룡8교(수위계),2009-01-08,21,21,21,21,21,21,21,21,21,21,21,21,21,21,21,21,21,21,21,21,21,21,21,21
8,차룡8교(수위계),2009-01-09,21,21,21,21,21,21,21,21,21,21,21,21,21,21,21,21,21,21,21,21,21,21,21,21
1,중앙동,2009-01-10,0,0,0,0,0,0,0,0,0,0,0,0,0,0,0,0,0,0,0,0,0,0,0,0
2,국방연구소,2009-01-10,0,0,0,0,0,0,0,0,0,0,0,0,0,0,0,0,0,0,0,0,0,0,0,0
3,북면,2009-01-10,0,0,0,0,0,0,0,0,0,0,0,0,0,0,0,0,0,0,0,0,0,0,0,0
4,명곡동,2009-01-10,0,0,0,0,0,0,0,0,0,0,0,0,0,0,0,0,0,0,0,0,0,0,0,0
6,성산구청,2009-01-10,0,0,0,0,0,0,0,0,0,0,0,0,0,0,0,0,0,0,0,0,0,0,0,0
7,웅남동,2009-01-10,0,0,0,0,0,0,0,0,0,0,0,0,0,0,0,0,0,0,0,0,0,0,0,0
8,차룡8교(수위계),2009-01-10,21,21,21,21,21,21,21,21,21,21,21,21,21,21,21,21,21,21,21,21,21,21,21,21
1,중앙동,2009-01-11,0,0,0,0,0,0,0,0,0,0,0,0,0,0,0,0,0,0,0,0,0,0,0,0
2,국방연구소,2009-01-11,0,0,0,0,0,0,0,0,0,0,0,0,0,0,0,0,0,0,0,0,0,0,0,0
3,북면,2009-01-11,0,0,0,0,0,0,0,0,0,0,0,0,0,0,0,0,0,0,0,0,0,0,0,0
4,명곡동,2009-01-11,0,0,0,0,0,0,0,0,0,0,0,0,0,0,0,0,0,0,0,0,0,0,0,0
6,성산구청,2009-01-11,0,0,0,0,0,0,0,0,0,0,0,0,0,0,0,0,0,0,0,0,0,0,0,0
7,웅남동,2009-01-11,0,0,0,0,0,0,0,0,0,0,0,0,0,0,0,0,0,0,0,0,0,0,0,0
8,차룡8교(수위계),2009-01-11,21,21,21,21,21,21,21,21,21,21,21,21,21,21,21,21,21,21,21,21,21,21,21,21
1,중앙동,2009-01-12,0,0,0,0,0,0,0,0,0,0,0,0,0,0,0,0,0,0,0,0,0,0,0,0
2,국방연구소,2009-01-12,0,0,0,0,0,0,0,0,0,0,0,0,0,0,0,0,0,0,0,0,0,0,0,0
3,북면,2009-01-12,0,0,0,0,0,0,0,0,0,0,0,0,0,0,0,0,0,0,0,0,0,0,0,0
4,명곡동,2009-01-12,0,0,0,0,0,0,0,0,0,0,0,0,0,0,0,0,0,0,0,0,0,0,0,0
6,성산구청,2009-01-12,0,0,0,0,0,0,0,0,0,0,0,0,0,0,0,0,0,0,0,0,0,0,0,0
7,웅남동,2009-01-12,0,0,0,0,0,0,0,0,0,0,0,0,0,0,0,0,0,0,0,0,0,0,0,0
8,차룡8교(수위계),2009-01-12,21,21,21,21,21,21,21,21,21,21,21,21,21,21,21,21,21,21,21,21,21,21,21,21
1,중앙동,2009-01-13,0,0,0,0,0,0,0,0,0,0,0,0,0,0,0,0,0,0,0,0,0,0,0,0
2,국방연구소,2009-01-13,0,0,0,0,0,0,0,0,0,0,0,0,0,0,0,0,0,0,0,0,0,0,0,0
3,북면,2009-01-13,0,0,0,0,0,0,0,0,0,0,0,0,0,0,0,0,0,0,0,0,0,0,0,0
4,명곡동,2009-01-13,0,0,0,0,0,0,0,0,0,0,0,0,0,0,0,0,0,0,0,0,0,0,0,0
6,성산구청,2009-01-13,0,0,0,0,0,0,0,0,0,0,0,0,0,0,0,0,0,0,0,0,0,0,0,0
7,웅남동,2009-01-13,0,0,0,0,0,0,0,0,0,0,0,0,0,0,0,0,0,0,0,0,0,0,0,0
8,차룡8교(수위계),2009-01-13,21,21,21,21,21,21,21,21,21,21,21,21,21,21,21,21,21,21,21,21,21,21,21,21
1,중앙동,2009-01-14,0,0,0,0,0,0,0,0,0,0,0,0,0,0,0,0,0,0,0,0,0,0,0,0
2,국방연구소,2009-01-14,0,0,0,0,0,0,0,0,0,0,0,0,0,0,0,0,0,0,0,0,0,0,0,0
3,북면,2009-01-14,0,0,0,0,0,0,0,0,0,0,0,0,0,0,0,0,0,0,0,0,0,0,0,0
4,명곡동,2009-01-14,0,0,0,0,0,0,0,0,0,0,0,0,0,0,0,0,0,0,0,0,0,0,0,0
6,성산구청,2009-01-14,0,0,0,0,0,0,0,0,0,0,0,0,0,0,0,0,0,0,0,0,0,0,0,0
7,웅남동,2009-01-14,0,0,0,0,0,0,0,0,0,0,0,0,0,0,0,0,0,0,0,0,0,0,0,0
8,차룡8교(수위계),2009-01-14,21,21,21,21,21,21,21,21,21,21,21,21,21,21,21,21,21,21,21,21,21,21,21,21
1,중앙동,2009-01-15,0,0,0,0,0,0,0,0,0,0,0,0,0,0,0,0,0,0,0,0,0,0,0,0
2,국방연구소,2009-01-15,0,0,0,0,0,0,0,0,0,0,0,0,0,0,0,0,0,0,0,0,0,0,0,0
3,북면,2009-01-15,0,0,0,0,0,0,0,0,0,0,0,0,0,0,0,0,0,0,0,0,0,0,0,0
4,명곡동,2009-01-15,0,0,0,0,0,0,0,0,0,0,0,0,0,0,0,0,0,0,0,0,0,0,0,0
6,성산구청,2009-01-15,0,0,0,0,0,0,0,0,0,0,0,0,0,0,0,0,0,0,0,0,0,0,0,0
7,웅남동,2009-01-15,0,0,0,0,0,0,0,0,0,0,0,0,0,0,0,0,0,0,0,0,0,0,0,0
8,차룡8교(수위계),2009-01-15,21,21,21,21,21,21,21,21,21,21,21,21,21,21,21,21,21,21,21,21,21,21,21,21
1,중앙동,2009-01-16,0,0,0,0,0,0,0,0,0,0,0,0,0,0,0,0,0,0,0,0,0,0,0,0
2,국방연구소,2009-01-16,0,0,0,0,0,0,0,0,0,0,0,0,0,0,0,0,0,0,0,0,0,0,0,0
3,북면,2009-01-16,0,0,0,0,0,0,0,0,0,0,0,0,0,0,0,0,0,0,0,0,0,0,0,0
4,명곡동,2009-01-16,0,0,0,0,0,0,0,0,0,0,0,0,0,0,0,0,0,0,0,0,0,0,0,0
6,성산구청,2009-01-16,0,0,0,0,0,0,0,0,0,0,0,0,0,0,0,0,0,0,0,0,0,0,0,0
7,웅남동,2009-01-16,0,0,0,0,0,0,0,0,0,0,0,0,0,0,0,0,0,0,0,0,0,0,0,0
8,차룡8교(수위계),2009-01-16,21,21,21,21,21,21,21,21,21,21,21,21,21,21,21,21,21,21,21,21,21,21,21,21
1,중앙동,2009-01-17,0,0,0,0,0,0,0,0,0,0,0,0,0,0,0,0,0,0,0,0,0,0,0,0
2,국방연구소,2009-01-17,0,0,0,0,0,0,0,0,0,0,0,0,0,0,0,0,0,0,0,0,0,0,0,0
3,북면,2009-01-17,0,0,0,0,0,0,0,0,0,0,0,0,0,0,0,0,0,0,0,0,0,0,0,0
4,명곡동,2009-01-17,0,0,0,0,0,0,0,0,0,0,0,0,0,0,0,0,0,0,0,0,0,0,0,0
6,성산구청,2009-01-17,0,0,0,0,0,0,0,0,0,0,0,0,0,0,0,0,0,0,0,0,0,0,0,0
7,웅남동,2009-01-17,0,0,0,0,0,0,0,0,0,0,0,0,0,0,0,0,0,0,0,0,0,0,0,0
8,차룡8교(수위계),2009-01-17,21,21,21,21,21,21,21,21,21,21,21,21,21,21,21,21,21,21,21,21,21,21,21,21
1,중앙동,2009-01-18,0,0,0,0,0,0,0,0,0,0,0,0,0,0,0,0,0,0,0,0,0,0,0,0
2,국방연구소,2009-01-18,0,0,0,0,0,0,0,0,0,0,0,0,0,0,0,0,0,0,0,0,0,0,0,0
3,북면,2009-01-18,0,0,0,0,0,0,0,0,0,0,0,0,0,0,0,0,0,0,0,0,0,0,0,0
4,명곡동,2009-01-18,0,0,0,0,0,0,0,0,0,0,0,0,0,0,0,0,0,0,0,0,0,0,0,0
6,성산구청,2009-01-18,0,0,0,0,0,0,0,0,0,0,0,0,0,0,0,0,0,0,0,0,0,0,0,0
7,웅남동,2009-01-18,0,0,0,0,0,0,0,0,0,0,0,0,0,0,0,0,0,0,0,0,0,0,0,0
8,차룡8교(수위계),2009-01-18,21,21,21,21,21,21,21,21,21,21,21,21,21,21,21,21,21,21,21,21,21,21,21,21
8,차룡8교(수위계),2009-01-19,21,21,21,21,21,21,21,21,21,21,21,21,21,21,21,21,21,21,21,21,21,21,21,21
1,중앙동,2009-01-20,0,0,0,0,0,0,0,0,0,0,0,0,0,0,0,0,0,0,0,0,0,0,0,0
2,국방연구소,2009-01-20,0,0,0,0,0,0,0,0,0,0,0,0,0,0,0,0,0,0,0,0,0,0,0,0
3,북면,2009-01-20,0,0,0,0,0,0,0,0,0,0,0,0,0,0,0,0,0,0,0,0,0,0,0,0
4,명곡동,2009-01-20,0,0,0,0,0,0,0,0,0,0,0,0,0,0,0,0,0,0,0,0,0,0,0,0
6,성산구청,2009-01-20,0,0,0,0,0,0,0,0,0,0,0,0,0,0,0,0,0,0,0,0,0,0,0,0
7,웅남동,2009-01-20,0,0,0,0,0,0,0,0,0,0,0,0,0,0,0,0,0,0,0,0,0,0,0,0
8,차룡8교(수위계),2009-01-20,21,21,21,21,21,21,21,21,21,21,21,21,21,21,21,21,21,21,21,21,21,21,21,21
1,중앙동,2009-01-21,0,0,0,0,0,0,0,0,0,0,0,0,0,0,0,0,0,0,0,0,0,0,0,0
2,국방연구소,2009-01-21,0,0,0,0,0,0,0,0,0,0,0,0,0,0,0,0,0,0,0,0,0,0,0,0
3,북면,2009-01-21,0,0,0,0,0,0,0,0,0,0,0,0,0,0,0,0,0,0,0,0,0,0,0,0
4,명곡동,2009-01-21,0,0,0,0,0,0,0,0,0,0,0,0,0,0,0,0,0,0,0,0,0,0,0,0
6,성산구청,2009-01-21,0,0,0,0,0,0,0,0,0,0,0,0,0,0,0,0,0,0,0,0,0,0,0,0
7,웅남동,2009-01-21,0,0,0,0,0,0,0,0,0,0,0,0,0,0,0,0,0,0,0,0,0,0,0,0
8,차룡8교(수위계),2009-01-21,21,21,21,21,21,21,21,21,21,21,21,9999,9999,9999,9999,9999,9999,9999,9999,9999,9999,9999,9999,9999
1,중앙동,2009-01-22,0,0,0,0,0,0,0,0,0,0,0,0,0,0,0,0,0,0,0,0,0,0,0,0
2,국방연구소,2009-01-22,0,0,0,0,0,0,0,0,0,0,0,0,0,0,0,0,0,0,0,0,0,0,0,0
3,북면,2009-01-22,0,0,0,0,0,0,0,0,0,0,0,0,0,0,0,0,0,0,0,0,0,0,0,0
4,명곡동,2009-01-22,0,0,0,0,0,0,0,0,0,0,0,0,0,0,0,0,0,0,0,0,0,0,0,0
6,성산구청,2009-01-22,0,0,0,0,0,0,0,0,0,0,0,0,0,0,0,0,0,0,0,0,0,0,0,0
7,웅남동,2009-01-22,0,0,0,0,0,0,0,0,0,0,0,0,0,0,0,0,0,0,0,0,0,0,0,0
8,차룡8교(수위계),2009-01-22,0,9999,9999,9999,9999,9999,9999,9999,9999,9999,9999,9999,9999,9999,9999,9999,9999,9999,9999,9999,9999,9999,9999,9999
1,중앙동,2009-01-23,0,0,0,0,0,0,0,0,0,0,0,0,0,0,0,0,0,0,0,0,0,0,0,0
2,국방연구소,2009-01-23,0,0,0,0,0,0,0,0,0,0,0,0,0,0,0,0,0,0,0,0,0,0,0,0
3,북면,2009-01-23,0,0,0,0,0,0,0,0,0,0,0,0,0,0,0,0,0,0,0,0,0,0,0,0
4,명곡동,2009-01-23,0,0,0,0,0,0,0,0,0,0,0,0,0,0,0,0,0,0,0,0,0,0,0,0
6,성산구청,2009-01-23,0,0,0,0,0,0,0,0,0,0,0,0,0,0,0,0,0,0,0,0,0,0,0,0
7,웅남동,2009-01-23,0,0,0,0,0,0,0,0,0,0,0,0,0,0,0,0,0,0,0,0,0,0,0,0
8,차룡8교(수위계),2009-01-23,0,9999,9999,9999,9999,9999,9999,9999,9999,9999,9999,9999,9999,9999,9999,9999,9999,9999,9999,9999,9999,9999,9999,9999
1,중앙동,2009-01-24,0,0,0,0,0,0,0,0,0,0,0,0,0,0,0,0,0,0,0,0,0,0,0,0
2,국방연구소,2009-01-24,0,0,0,0,0,0,0,0,0,0,0,0,0,0,0,0,0,0,0,0,0,0,0,0
3,북면,2009-01-24,0,0,0,0,0,0,0,0,0,0,0,0,0,0,0,0,0,0,0,0,0,0,0,0
4,명곡동,2009-01-24,0,0,0,0,0,0,0,0,0,0,0,0,0,0,0,0,0,0,0,0,0,0,0,0
6,성산구청,2009-01-24,0,0,0,0,0,0,0,0,0,0,0,0,0,0,0,0,0,0,0,0,0,0,0,0
7,웅남동,2009-01-24,0,0,0,0,0,0,0,0,0,0,0,0,0,0,0,0,0,0,0,0,0,0,0,0
8,차룡8교(수위계),2009-01-24,0,9999,9999,9999,9999,9999,9999,9999,9999,9999,9999,9999,9999,9999,9999,9999,9999,9999,9999,9999,9999,9999,9999,9999
1,중앙동,2009-01-25,0,0,0,0,0,0,0,0,0,0,0,0,0,0,0,0,0,0,0,0,0,0,0,0
2,국방연구소,2009-01-25,0,0,0,0,0,0,0,0,0,0,0,0,0,0,0,0,0,0,0,0,0,0,0,0
3,북면,2009-01-25,0,0,0,0,0,0,0,0,0,0,0,0,0,0,0,0,0,0,0,0,0,0,0,0
4,명곡동,2009-01-25,0,0,0,0,0,0,0,0,0,0,0,0,0,0,0,0,0,0,0,0,0,0,0,0
6,성산구청,2009-01-25,0,0,0,0,0,0,0,0,0,0,0,0,0,0,0,0,0,0,0,0,0,0,0,0
7,웅남동,2009-01-25,0,0,0,0,0,0,0,0,0,0,0,0,0,0,0,0,0,0,0,0,0,0,0,0
8,차룡8교(수위계),2009-01-25,0,9999,9999,9999,9999,9999,9999,9999,9999,9999,0,9999,9999,9999,9999,9999,9999,9999,9999,9999,9999,9999,9999,9999
1,중앙동,2009-01-26,0,0,0,0,0,0,0,0,0,0,0,0,0,0,0,0,0,0,0,0,0,0,0,0
2,국방연구소,2009-01-26,0,0,0,0,0,0,0,0,0,0,0,0,0,0,0,0,0,0,0,0,0,0,0,0
3,북면,2009-01-26,0,0,0,0,0,0,0,0,0,0,0,0,0,0,0,0,0,0,0,0,0,0,0,0
4,명곡동,2009-01-26,0,0,0,0,0,0,0,0,0,0,0,0,0,0,0,0,0,0,0,0,0,0,0,0
6,성산구청,2009-01-26,0,0,0,0,0,0,0,0,0,0,0,0,0,0,0,0,0,0,0,0,0,0,0,0
7,웅남동,2009-01-26,0,0,0,0,0,0,0,0,0,0,0,0,0,0,0,0,0,0,0,0,0,0,0,0
8,차룡8교(수위계),2009-01-26,0,9999,9999,9999,9999,9999,9999,9999,9999,9999,9999,9999,9999,9999,9999,9999,9999,9999,9999,9999,9999,9999,9999,9999
1,중앙동,2009-01-27,0,0,0,0,0,0,0,0,0,0,0,0,0,0,0,0,0,0,0,0,0,0,0,0
2,국방연구소,2009-01-27,0,0,0,0,0,0,0,0,0,0,0,0,0,0,0,0,0,0,0,0,0,0,0,0
3,북면,2009-01-27,0,0,0,0,0,0,0,0,0,0,0,0,0,0,0,0,0,0,0,0,0,0,0,0
4,명곡동,2009-01-27,0,0,0,0,0,0,0,0,0,0,0,0,0,0,0,0,0,0,0,0,0,0,0,0
6,성산구청,2009-01-27,0,0,0,0,0,0,0,0,0,0,0,0,0,0,0,0,0,0,0,0,0,0,0,0
7,웅남동,2009-01-27,0,0,0,0,0,0,0,0,0,0,0,0,0,0,0,0,0,0,0,0,0,0,0,0
8,차룡8교(수위계),2009-01-27,0,9999,9999,9999,9999,9999,9999,9999,9999,9999,9999,9999,9999,9999,9999,9999,9999,9999,9999,9999,9999,9999,9999,9999
1,중앙동,2009-01-28,0,0,0,0,0,0,0,0,0,0,0,0,0,0,0,0,0,0,0,0,0,0,0,0
2,국방연구소,2009-01-28,0,0,0,0,0,0,0,0,0,0,0,0,0,0,0,0,0,0,0,0,0,0,0,0
3,북면,2009-01-28,0,0,0,0,0,0,0,0,0,0,0,0,0,0,0,0,0,0,0,0,0,0,0,0
4,명곡동,2009-01-28,0,0,0,0,0,0,0,0,0,0,0,0,0,0,0,0,0,0,0,0,0,0,0,0
6,성산구청,2009-01-28,0,0,0,0,0,0,0,0,0,0,0,0,0,0,0,0,0,0,0,0,0,0,0,0
7,웅남동,2009-01-28,0,0,0,0,0,0,0,0,0,0,0,0,0,0,0,0,0,0,0,0,0,0,0,0
8,차룡8교(수위계),2009-01-28,0,9999,9999,9999,9999,9999,9999,9999,9999,9999,9999,9999,9999,9999,9999,9999,9999,9999,9999,9999,9999,9999,9999,9999
1,중앙동,2009-01-29,0,0,0,0,0,0,0,0,0,0,0,0,0,0,0,0,0,0,0,0,0,0,0,0
2,국방연구소,2009-01-29,0,0,0,0,0,0,0,0,0,0,0,0,0,0,0,0,0,0,0,0,0,0,0,0
3,북면,2009-01-29,0,0,0,0,0,0,0,0,0,0,0,0,0,0,0,0,0,0,0,0,0,0,0,0
4,명곡동,2009-01-29,0,0,0,0,0,0,0,0,0,0,0,0,0,0,0,0,0,0,0,0,0,0,0,0
6,성산구청,2009-01-29,0,0,0,0,0,0,0,0,0,0,0,0,0,0,0,0,0,0,0,0,0,0,0,0
7,웅남동,2009-01-29,0,0,0,0,0,0,0,0,0,0,0,0,0,0,0,0,0,0,0,0,0,0,0,0
8,차룡8교(수위계),2009-01-29,0,9999,9999,9999,9999,9999,9999,9999,9999,9999,9999,9999,9999,9999,9999,9999,9999,9999,9999,9999,9999,9999,9999,9999
8,차룡8교(수위계),2009-01-30,0,9999,9999,9999,9999,9999,9999,9999,9999,9999,9999,9999,9999,9999,9999,9999,9999,9999,9999,9999,9999,9999,9999,9999
8,차룡8교(수위계),2009-01-31,0,9999,9999,9999,9999,9999,9999,9999,9999,9999,9999,9999,9999,9999,9999,9999,9999,9999,9999,9999,9999,9999,9999,9999
8,차룡8교(수위계),2009-02-01,0,9999,9999,9999,9999,9999,9999,9999,9999,9999,9999,9999,9999,9999,9999,9999,9999,9999,9999,9999,9999,9999,9999,9999
1,중앙동,2009-02-02,0,0,0,0,0,0,0,0,0,0,0,0,0,0,0,0,0,0,0,0,0,0,0,0
2,국방연구소,2009-02-02,0,0,0,0,0,0,0,0,0,0,0,0,0,0,0,0,0,0,0,0,0,0,0,0
3,북면,2009-02-02,0,0,0,0,0,0,0,0,0,0,0,0,0,0,0,0,0,0,0,0,0,0,0,0
4,명곡동,2009-02-02,0,0,0,0,0,0,0,0,0,0,0,0,0,0,0,0,0,0,0,0,0,0,0,0
6,성산구청,2009-02-02,0,0,0,0,0,0,0,0,0,0,0,0,0,0,0,0,0,0,0,0,0,0,0,0
7,웅남동,2009-02-02,0,0,0,0,0,0,0,0,0,0,0,0,0,0,0,0,0,0,0,0,0,0,0,0
8,차룡8교(수위계),2009-02-02,0,9999,9999,9999,9999,9999,9999,9999,9999,9999,9999,9999,9999,9999,9999,9999,9999,9999,9999,9999,9999,9999,9999,9999
8,차룡8교(수위계),2009-02-03,0,9999,9999,9999,9999,9999,9999,9999,9999,9999,9999,9999,9999,9999,9999,9999,9999,9999,9999,9999,9999,9999,9999,9999
1,중앙동,2009-02-04,0,0,0,0,0,0,0,0,0,0,0,0,0,0,0,0,0,0,0,0,0,0,0,0
2,국방연구소,2009-02-04,0,0,0,0,0,0,0,0,0,0,0,0,0,0,0,0,0,0,0,0,0,0,0,0
3,북면,2009-02-04,0,0,0,0,0,0,0,0,0,0,0,0,0,0,0,0,0,0,0,0,0,0,0,0
4,명곡동,2009-02-04,0,0,0,0,0,0,0,0,0,0,0,0,0,0,0,0,0,0,0,0,0,0,0,0
6,성산구청,2009-02-04,0,0,0,0,0,0,0,0,0,0,0,0,0,0,0,0,0,0,0,0,0,0,0,0
7,웅남동,2009-02-04,0,0,0,0,0,0,0,0,0,0,0,0,0,0,0,0,0,0,0,0,0,0,0,0
8,차룡8교(수위계),2009-02-04,0,9999,9999,9999,9999,9999,9999,9999,9999,9999,9999,9999,9999,9999,9999,9999,9999,9999,9999,9999,9999,9999,9999,9999
8,차룡8교(수위계),2009-02-05,0,9999,9999,9999,9999,9999,9999,9999,9999,9999,9999,9999,9999,9999,9999,9999,9999,9999,9999,9999,9999,9999,9999,9999
8,차룡8교(수위계),2009-02-06,0,9999,9999,9999,9999,9999,9999,9999,9999,9999,9999,9999,9999,9999,9999,9999,9999,9999,9999,9999,9999,9999,9999,9999
1,중앙동,2009-02-07,0,0,0,0,0,0,0,0,0,0,0,0,0,0,0,0,0,0,0,0,0,0,0,0
2,국방연구소,2009-02-07,0,0,0,0,0,0,0,0,0,0,0,0,0,0,0,0,0,0,0,0,0,0,0,0
3,북면,2009-02-07,0,0,0,0,0,0,0,0,0,0,0,0,0,0,0,0,0,0,0,0,0,0,0,0
4,명곡동,2009-02-07,0,0,0,0,0,0,0,0,0,0,0,0,0,0,0,0,0,0,0,0,0,0,0,0
6,성산구청,2009-02-07,0,0,0,0,0,0,0,0,0,0,0,0,0,0,0,0,0,0,0,0,0,0,0,0
7,웅남동,2009-02-07,0,0,0,0,0,0,0,0,0,0,0,0,0,0,0,0,0,0,0,0,0,0,0,0
8,차룡8교(수위계),2009-02-07,0,9999,9999,9999,9999,9999,9999,9999,9999,9999,9999,9999,9999,9999,9999,9999,9999,9999,9999,9999,9999,9999,9999,9999
1,중앙동,2009-02-08,0,0,0,0,0,0,0,0,0,0,0,0,0,0,0,0,0,0,0,0,0,0,0,0
2,국방연구소,2009-02-08,0,0,0,0,0,0,0,0,0,0,0,0,0,0,0,0,0,0,0,0,0,0,0,0
3,북면,2009-02-08,0,0,0,0,0,0,0,0,0,0,0,0,0,0,0,0,0,0,0,0,0,0,0,0
4,명곡동,2009-02-08,0,0,0,0,0,0,0,0,0,0,0,0,0,0,0,0,0,0,0,0,0,0,0,0
6,성산구청,2009-02-08,0,0,0,0,0,0,0,0,0,0,0,0,0,0,0,0,0,0,0,0,0,0,0,0
7,웅남동,2009-02-08,0,0,0,0,0,0,0,0,0,0,0,0,0,0,0,0,0,0,0,0,0,0,0,0
8,차룡8교(수위계),2009-02-08,0,9999,9999,9999,9999,9999,9999,9999,9999,9999,9999,9999,9999,9999,9999,9999,9999,9999,9999,9999,9999,9999,9999,9999
1,중앙동,2009-02-09,0,0,0,0,0,0,0,0,0,0,0,0,0,0,0,0,0,0,0,0,0,0,0,0
2,국방연구소,2009-02-09,0,0,0,0,0,0,0,0,0,0,0,0,0,0,0,0,0,0,0,0,0,0,0,0
3,북면,2009-02-09,0,0,0,0,0,0,0,0,0,0,0,0,0,0,0,0,0,0,0,0,0,0,0,0
4,명곡동,2009-02-09,0,0,0,0,0,0,0,0,0,0,0,0,0,0,0,0,0,0,0,0,0,0,0,0
6,성산구청,2009-02-09,0,0,0,0,0,0,0,0,0,0,0,0,0,0,0,0,0,0,0,0,0,0,0,0
7,웅남동,2009-02-09,0,0,0,0,0,0,0,0,0,0,0,0,0,0,0,0,0,0,0,0,0,0,0,0
8,차룡8교(수위계),2009-02-09,0,9999,9999,9999,9999,9999,9999,9999,9999,9999,9999,9999,9999,9999,9999,9999,9999,9999,9999,9999,9999,9999,9999,9999
8,차룡8교(수위계),2009-02-10,0,9999,9999,9999,9999,9999,9999,9999,9999,9999,9999,9999,9999,9999,9999,9999,9999,9999,9999,9999,9999,9999,9999,9999
8,차룡8교(수위계),2009-02-11,0,9999,9999,9999,9999,9999,9999,9999,9999,9999,9999,9999,9999,9999,9999,9999,9999,9999,9999,9999,9999,9999,9999,9999
1,중앙동,2009-02-12,0,0,0,0,0,0,0,0,0,0,0,0,0,0,0,0,0,0,0,0,0,0,0,0
2,국방연구소,2009-02-12,0,0,0,0,0,0,0,0,0,0,0,0,0,0,0,0,0,0,0,0,0,0,0,0
3,북면,2009-02-12,0,0,0,0,0,0,0,0,0,0,0,0,0,0,0,0,0,0,0,0,0,0,0,0
4,명곡동,2009-02-12,0,0,0,0,0,0,0,0,0,0,0,0,0,0,0,0,0,0,0,0,0,0,0,0
6,성산구청,2009-02-12,0,0,0,0,0,0,0,0,0,0,0,0,0,0,0,0,0,0,0,0,0,0,0,0
7,웅남동,2009-02-12,0,0,0,0,0,0,0,0,0,0,0,0,0,0,0,0,0,0,0,0,0,0,0,0
8,차룡8교(수위계),2009-02-12,0,9999,9999,9999,9999,9999,9999,9999,9999,9999,9999,9999,9999,9999,9999,9999,9999,9999,9999,9999,9999,9999,9999,9999
1,중앙동,2009-02-13,0,0,0,0,0,0,0,0,0,0,0,0,0,0,0,0,0,0,0,0,0,0,0,0
2,국방연구소,2009-02-13,0,0,0,0,0,0,0,0,0,0,0,0,0,0,0,0,0,0,0,0,0,0,0,0
3,북면,2009-02-13,0,0,0,0,0,0,0,0,0,0,0,0,0,0,0,0,0,0,0,0,0,0,0,0
4,명곡동,2009-02-13,0,0,0,0,0,0,0,0,0,0,0,0,0,0,0,0,0,0,0,0,0,0,0,0
6,성산구청,2009-02-13,0,0,0,0,0,0,0,0,0,0,0,0,0,0,0,0,0,0,0,0,0,0,0,0
7,웅남동,2009-02-13,0,0,0,0,0,0,0,0,0,0,0,0,0,0,0,0,0,0,0,0,0,0,0,0
8,차룡8교(수위계),2009-02-13,0,9999,9999,9999,9999,9999,9999,9999,9999,9999,9999,9999,9999,9999,9999,9999,9999,9999,9999,9999,9999,9999,9999,9999
1,중앙동,2009-02-14,0,0,0,0,0,0,0,0,0,0,0,0,0,0,0,0,0,0,0,0,0,0,0,0
2,국방연구소,2009-02-14,0,0,0,0,0,0,0,0,0,0,0,0,0,0,0,0,0,0,0,0,0,0,0,0
3,북면,2009-02-14,0,0,0,0,0,0,0,0,0,0,0,0,0,0,0,0,0,0,0,0,0,0,0,0
4,명곡동,2009-02-14,0,0,0,0,0,0,0,0,0,0,0,0,0,0,0,0,0,0,0,0,0,0,0,0
6,성산구청,2009-02-14,0,0,0,0,0,0,0,0,0,0,0,0,0,0,0,0,0,0,0,0,0,0,0,0
7,웅남동,2009-02-14,0,0,0,0,0,0,0,0,0,0,0,0,0,0,0,0,0,0,0,0,0,0,0,0
8,차룡8교(수위계),2009-02-14,0,9999,9999,9999,9999,9999,9999,9999,9999,9999,9999,9999,9999,9999,9999,9999,9999,9999,9999,9999,9999,9999,9999,9999
1,중앙동,2009-02-15,0,0,0,0,0,0,0,0,0,0,0,0,0,0,0,0,0,0,0,0,0,0,0,0
2,국방연구소,2009-02-15,0,0,0,0,0,0,0,0,0,0,0,0,0,0,0,0,0,0,0,0,0,0,0,0
3,북면,2009-02-15,0,0,0,0,0,0,0,0,0,0,0,0,0,0,0,0,0,0,0,0,0,0,0,0
4,명곡동,2009-02-15,0,0,0,0,0,0,0,0,0,0,0,0,0,0,0,0,0,0,0,0,0,0,0,0
6,성산구청,2009-02-15,0,0,0,0,0,0,0,0,0,0,0,0,0,0,0,0,0,0,0,0,0,0,0,0
7,웅남동,2009-02-15,0,0,0,0,0,0,0,0,0,0,0,0,0,0,0,0,0,0,0,0,0,0,0,0
8,차룡8교(수위계),2009-02-15,0,9999,9999,9999,9999,9999,9999,9999,9999,9999,9999,9999,9999,9999,9999,9999,9999,9999,9999,9999,9999,9999,9999,9999
1,중앙동,2009-02-16,0,0,0,0,0,0,0,0,0,0,0,0,0,0,0,0,0,0,0,0,0,0,0,0
2,국방연구소,2009-02-16,0,0,0,0,0,0,0,0,0,0,0,0,0,0,0,0,0,0,0,0,0,0,0,0
3,북면,2009-02-16,0,0,0,0,0,0,0,0,0,0,0,0,0,0,0,0,0,0,0,0,0,0,0,0
4,명곡동,2009-02-16,0,0,0,0,0,0,0,0,0,0,0,0,0,0,0,0,0,0,0,0,0,0,0,0
6,성산구청,2009-02-16,0,0,0,0,0,0,0,0,0,0,0,0,0,0,0,0,0,0,0,0,0,0,0,0
7,웅남동,2009-02-16,0,0,0,0,0,0,0,0,0,0,0,0,0,0,0,0,0,0,0,0,0,0,0,0
8,차룡8교(수위계),2009-02-16,0,9999,9999,9999,9999,9999,9999,9999,9999,9999,9999,9999,9999,9999,9999,9999,9999,9999,9999,9999,9999,9999,9999,9999
1,중앙동,2009-02-17,0,0,0,0,0,0,0,0,0,0,0,0,0,0,0,0,0,0,0,0,0,0,0,0
2,국방연구소,2009-02-17,0,0,0,0,0,0,0,0,0,0,0,0,0,0,0,0,0,0,0,0,0,0,0,0
3,북면,2009-02-17,0,0,0,0,0,0,0,0,0,0,0,0,0,0,0,0,0,0,0,0,0,0,0,0
4,명곡동,2009-02-17,0,0,0,0,0,0,0,0,0,0,0,0,0,0,0,0,0,0,0,0,0,0,0,0
6,성산구청,2009-02-17,0,0,0,0,0,0,0,0,0,0,0,0,0,0,0,0,0,0,0,0,0,0,0,0
7,웅남동,2009-02-17,0,0,0,0,0,0,0,0,0,0,0,0,0,0,0,0,0,0,0,0,0,0,0,0
8,차룡8교(수위계),2009-02-17,0,9999,9999,9999,9999,9999,9999,9999,9999,9999,9999,9999,9999,9999,9999,9999,9999,9999,9999,9999,9999,9999,9999,9999
1,중앙동,2009-02-18,0,0,0,0,0,0,0,0,0,0,0,0,0,0,0,0,0,0,0,0,0,0,0,0
2,국방연구소,2009-02-18,0,0,0,0,0,0,0,0,0,0,0,0,0,0,0,0,0,0,0,0,0,0,0,0
3,북면,2009-02-18,0,0,0,0,0,0,0,0,0,0,0,0,0,0,0,0,0,0,0,0,0,0,0,0
4,명곡동,2009-02-18,0,0,0,0,0,0,0,0,0,0,0,0,0,0,0,0,0,0,0,0,0,0,0,0
6,성산구청,2009-02-18,0,0,0,0,0,0,0,0,0,0,0,0,0,0,0,0,0,0,0,0,0,0,0,0
7,웅남동,2009-02-18,0,0,0,0,0,0,0,0,0,0,0,0,0,0,0,0,0,0,0,0,0,0,0,0
8,차룡8교(수위계),2009-02-18,0,9999,9999,9999,9999,9999,9999,9999,9999,9999,9999,9999,9999,9999,9999,9999,9999,9999,9999,9999,9999,9999,9999,9999
1,중앙동,2009-02-19,0,0,0,0,0,0,0,0,0,0,0,0,0,0,0,0,0,0,0,0,0,0,0,0
2,국방연구소,2009-02-19,0,0,0,0,0,0,0,0,0,0,0,0,0,0,0,0,0,0,0,0,0,0,0,0
3,북면,2009-02-19,0,0,0,0,0,0,0,0,0,0,0,0,0,0,0,0,0,0,0,0,0,0,0,0
4,명곡동,2009-02-19,0,0,0,0,0,0,0,0,0,0,0,0,0,0,0,0,0,0,0,0,0,0,0,0
6,성산구청,2009-02-19,0,0,0,0,0,0,0,0,0,0,0,0,0,0,0,0,0,0,0,0,0,0,0,0
7,웅남동,2009-02-19,0,0,0,0,0,0,0,0,0,0,0,0,0,0,0,0,0,0,0,0,0,0,0,0
8,차룡8교(수위계),2009-02-19,0,9999,9999,9999,9999,9999,9999,9999,9999,9999,9999,9999,9999,9999,9999,9999,9999,9999,9999,9999,9999,9999,9999,9999
1,중앙동,2009-02-20,0,0,0,0,0,0,0,0,0,0,0,0,0,0,0,0,0,0,0,0,0,0,0,0
2,국방연구소,2009-02-20,0,0,0,0,0,0,0,0,0,0,0,0,0,0,0,0,0,0,0,0,0,0,0,0
3,북면,2009-02-20,0,0,0,0,0,0,0,0,0,0,0,0,0,0,0,0,0,0,0,0,0,0,0,0
4,명곡동,2009-02-20,0,0,0,0,0,0,0,0,0,0,0,0,0,0,0,0,0,0,0,0,0,0,0,0
6,성산구청,2009-02-20,0,0,0,0,0,0,0,0,0,0,0,0,0,0,0,0,0,0,0,0,0,0,0,0
7,웅남동,2009-02-20,0,0,0,0,0,0,0,0,0,0,0,0,0,0,0,0,0,0,0,0,0,0,0,0
8,차룡8교(수위계),2009-02-20,0,9999,9999,9999,9999,9999,9999,9999,9999,9999,9999,9999,9999,9999,9999,9999,9999,9999,9999,9999,9999,9999,9999,9999
1,중앙동,2009-02-21,0,0,0,0,0,0,0,0,0,0,0,0,0,0,0,0,0,0,0,0,0,0,0,0
2,국방연구소,2009-02-21,0,0,0,0,0,0,0,0,0,0,0,0,0,0,0,0,0,0,0,0,0,0,0,0
3,북면,2009-02-21,0,0,0,0,0,0,0,0,0,0,0,0,0,0,0,0,0,0,0,0,0,0,0,0
4,명곡동,2009-02-21,0,0,0,0,0,0,0,0,0,0,0,0,0,0,0,0,0,0,0,0,0,0,0,0
6,성산구청,2009-02-21,0,0,0,0,0,0,0,0,0,0,0,0,0,0,0,0,0,0,0,0,0,0,0,0
7,웅남동,2009-02-21,0,0,0,0,0,0,0,0,0,0,0,0,0,0,0,0,0,0,0,0,0,0,0,0
8,차룡8교(수위계),2009-02-21,0,9999,9999,9999,9999,9999,9999,9999,9999,9999,9999,9999,9999,9999,9999,9999,9999,9999,9999,9999,9999,9999,9999,9999
8,차룡8교(수위계),2009-02-22,0,9999,9999,9999,9999,9999,9999,9999,9999,9999,9999,9999,9999,9999,9999,9999,9999,9999,9999,9999,9999,9999,9999,9999
8,차룡8교(수위계),2009-02-23,0,9999,9999,9999,9999,9999,9999,9999,9999,9999,9999,9999,9999,9999,9999,9999,9999,9999,9999,9999,9999,9999,9999,9999
1,중앙동,2009-02-24,0,0,0,0,0,0,0,0,0,0,0,0,0,0,0,0,0,0,0,0,0,0,0,0
2,국방연구소,2009-02-24,0,0,0,0,0,0,0,0,0,0,0,0,0,0,0,0,0,0,0,0,0,0,0,0
3,북면,2009-02-24,0,0,0,0,0,0,0,0,0,0,0,0,0,0,0,0,0,0,0,0,0,0,0,0
4,명곡동,2009-02-24,0,0,0,0,0,0,0,0,0,0,0,0,0,0,0,0,0,0,0,0,0,0,0,0
6,성산구청,2009-02-24,0,0,0,0,0,0,0,0,0,0,0,0,0,0,0,0,0,0,0,0,0,0,0,0
7,웅남동,2009-02-24,0,0,0,0,0,0,0,0,0,0,0,0,0,0,0,0,0,0,0,0,0,0,0,0
8,차룡8교(수위계),2009-02-24,0,9999,9999,9999,9999,9999,9999,9999,9999,9999,9999,9999,9999,9999,9999,9999,9999,9999,9999,9999,9999,9999,9999,9999
1,중앙동,2009-02-25,0,0,0,0,0,0,0,0,0,0,0,0,0,0,0,0,0,0,0,0,0,0,0,0
2,국방연구소,2009-02-25,0,0,0,0,0,0,0,0,0,0,0,0,0,0,0,0,0,0,0,0,0,0,0,0
3,북면,2009-02-25,0,0,0,0,0,0,0,0,0,0,0,0,0,0,0,0,0,0,0,0,0,0,0,0
4,명곡동,2009-02-25,0,0,0,0,0,0,0,0,0,0,0,0,0,0,0,0,0,0,0,0,0,0,0,0
6,성산구청,2009-02-25,0,0,0,0,0,0,0,0,0,0,0,0,0,0,0,0,0,0,0,0,0,0,0,0
7,웅남동,2009-02-25,0,0,0,0,0,0,0,0,0,0,0,0,0,0,0,0,0,0,0,0,0,0,0,0
8,차룡8교(수위계),2009-02-25,0,9999,9999,9999,9999,9999,9999,9999,9999,9999,9999,9999,9999,9999,9999,9999,9999,9999,9999,9999,9999,9999,9999,9999
8,차룡8교(수위계),2009-02-26,0,9999,9999,9999,9999,9999,9999,9999,9999,9999,9999,9999,9999,9999,9999,9999,9999,9999,9999,9999,9999,9999,9999,9999
8,차룡8교(수위계),2009-02-27,0,9999,9999,9999,9999,9999,9999,9999,9999,9999,9999,9999,9999,9999,9999,9999,9999,9999,9999,9999,9999,9999,9999,9999
8,차룡8교(수위계),2009-02-28,0,9999,9999,9999,9999,9999,9999,9999,9999,9999,9999,9999,9999,9999,9999,9999,9999,9999,9999,9999,9999,9999,9999,9999
1,중앙동,2009-03-01,0,0,0,0,0,0,0,0,0,0,0,0,0,0,0,0,0,0,0,0,0,0,0,0
2,국방연구소,2009-03-01,0,0,0,0,0,0,0,0,0,0,0,0,0,0,0,0,0,0,0,0,0,0,0,0
3,북면,2009-03-01,0,0,0,0,0,0,0,0,0,0,0,0,0,0,0,0,0,0,0,0,0,0,0,0
4,명곡동,2009-03-01,0,0,0,0,0,0,0,0,0,0,0,0,0,0,0,0,0,0,0,0,0,0,0,0
6,성산구청,2009-03-01,0,0,0,0,0,0,0,0,0,0,0,0,0,0,0,0,0,0,0,0,0,0,0,0
7,웅남동,2009-03-01,0,0,0,0,0,0,0,0,0,0,0,0,0,0,0,0,0,0,0,0,0,0,0,0
8,차룡8교(수위계),2009-03-01,0,9999,9999,9999,9999,9999,9999,9999,9999,9999,9999,9999,9999,9999,9999,9999,9999,9999,9999,9999,9999,9999,9999,9999
8,차룡8교(수위계),2009-03-02,0,9999,9999,9999,9999,9999,9999,9999,9999,9999,9999,9999,9999,9999,9999,9999,9999,9999,9999,9999,9999,9999,9999,9999
1,중앙동,2009-03-03,0,0,0,0,0,0,0,0,0,0,0,0,0,0,0,0,0,0,0,0,0,0,0,0
2,국방연구소,2009-03-03,0,0,0,0,0,0,0,0,0,0,0,0,0,0,0,0,0,0,0,0,0,0,0,0
3,북면,2009-03-03,0,0,0,0,0,0,0,0,0,0,0,0,0,0,0,0,0,0,0,0,0,0,0,0
4,명곡동,2009-03-03,0,0,0,0,0,0,0,0,0,0,0,0,0,0,0,0,0,0,0,0,0,0,0,0
6,성산구청,2009-03-03,0,0,0,0,0,0,0,0,0,0,0,0,0,0,0,0,0,0,0,0,0,0,0,0
7,웅남동,2009-03-03,0,0,0,0,0,0,0,0,0,0,0,0,0,0,0,0,0,0,0,0,0,0,0,0
8,차룡8교(수위계),2009-03-03,0,9999,9999,9999,9999,9999,9999,9999,9999,9999,9999,9999,9999,9999,9999,9999,9999,9999,9999,9999,9999,9999,9999,9999
8,차룡8교(수위계),2009-03-04,0,9999,9999,9999,9999,9999,9999,9999,9999,9999,9999,9999,9999,9999,9999,9999,9999,9999,9999,9999,9999,9999,9999,9999
1,중앙동,2009-03-05,0,0,0,0,0,0,0,0,0,0,0,0,0,0,0,0,0,0,0,0,0,0,0,0
2,국방연구소,2009-03-05,0,0,0,0,0,0,0,0,0,0,0,0,0,0,0,0,0,0,0,0,0,0,0,0
3,북면,2009-03-05,0,0,0,0,0,0,0,0,0,0,0,0,0,0,0,0,0,0,0,0,0,0,0,0
4,명곡동,2009-03-05,0,0,0,0,0,0,0,0,0,0,0,0,0,0,0,0,0,0,0,0,0,0,0,0
6,성산구청,2009-03-05,0,0,0,0,0,0,0,0,0,0,0,0,0,0,0,0,0,0,0,0,0,0,0,0
7,웅남동,2009-03-05,0,0,0,0,0,0,0,0,0,0,0,0,0,0,0,0,0,0,0,0,0,0,0,0
8,차룡8교(수위계),2009-03-05,0,9999,9999,9999,9999,9999,9999,9999,9999,9999,9999,9999,9999,9999,9999,9999,9999,9999,9999,9999,9999,9999,9999,9999
1,중앙동,2009-03-06,0,0,0,0,0,0,0,0,0,0,0,0,0,0,0,0,0,0,0,0,0,0,0,0
2,국방연구소,2009-03-06,0,0,0,0,0,0,0,0,0,0,0,0,0,0,0,0,0,0,0,0,0,0,0,0
3,북면,2009-03-06,0,0,0,0,0,0,0,0,0,0,0,0,0,0,0,0,0,0,0,0,0,0,0,0
4,명곡동,2009-03-06,0,0,0,0,0,0,0,0,0,0,0,0,0,0,0,0,0,0,0,0,0,0,0,0
6,성산구청,2009-03-06,0,0,0,0,0,0,0,0,0,0,0,0,0,0,0,0,0,0,0,0,0,0,0,0
7,웅남동,2009-03-06,0,0,0,0,0,0,0,0,0,0,0,0,0,0,0,0,0,0,0,0,0,0,0,0
8,차룡8교(수위계),2009-03-06,0,9999,9999,9999,9999,9999,9999,9999,9999,9999,9999,9999,9999,9999,9999,9999,9999,9999,9999,9999,9999,9999,9999,9999
8,차룡8교(수위계),2009-03-07,0,9999,9999,9999,9999,9999,9999,9999,9999,9999,9999,9999,9999,9999,9999,9999,9999,9999,9999,9999,9999,9999,9999,9999
1,중앙동,2009-03-08,0,0,0,0,0,0,0,0,0,0,0,0,0,0,0,0,0,0,0,0,0,0,0,0
2,국방연구소,2009-03-08,0,0,0,0,0,0,0,0,0,0,0,0,0,0,0,0,0,0,0,0,0,0,0,0
3,북면,2009-03-08,0,0,0,0,0,0,0,0,0,0,0,0,0,0,0,0,0,0,0,0,0,0,0,0
4,명곡동,2009-03-08,0,0,0,0,0,0,0,0,0,0,0,0,0,0,0,0,0,0,0,0,0,0,0,0
6,성산구청,2009-03-08,0,0,0,0,0,0,0,0,0,0,0,0,0,0,0,0,0,0,0,0,0,0,0,0
7,웅남동,2009-03-08,0,0,0,0,0,0,0,0,0,0,0,0,0,0,0,0,0,0,0,0,0,0,0,0
8,차룡8교(수위계),2009-03-08,0,9999,9999,9999,9999,9999,9999,9999,9999,9999,9999,9999,9999,9999,9999,9999,9999,9999,9999,9999,9999,9999,9999,9999
1,중앙동,2009-03-09,0,0,0,0,0,0,0,0,0,0,0,0,0,0,0,0,0,0,0,0,0,0,0,0
2,국방연구소,2009-03-09,0,0,0,0,0,0,0,0,0,0,0,0,0,0,0,0,0,0,0,0,0,0,0,0
3,북면,2009-03-09,0,0,0,0,0,0,0,0,0,0,0,0,0,0,0,0,0,0,0,0,0,0,0,0
4,명곡동,2009-03-09,0,0,0,0,0,0,0,0,0,0,0,0,0,0,0,0,0,0,0,0,0,0,0,0
6,성산구청,2009-03-09,0,0,0,0,0,0,0,0,0,0,0,0,0,0,0,0,0,0,0,0,0,0,0,0
7,웅남동,2009-03-09,0,0,0,0,0,0,0,0,0,0,0,0,0,0,0,0,0,0,0,0,0,0,0,0
8,차룡8교(수위계),2009-03-09,0,9999,9999,9999,9999,9999,9999,9999,9999,9999,9999,9999,9999,9999,9999,9999,9999,9999,9999,9999,9999,9999,9999,9999
1,중앙동,2009-03-10,0,0,0,0,0,0,0,0,0,0,0,0,0,0,0,0,0,0,0,0,0,0,0,0
2,국방연구소,2009-03-10,0,0,0,0,0,0,0,0,0,0,0,0,0,0,0,0,0,0,0,0,0,0,0,0
3,북면,2009-03-10,0,0,0,0,0,0,0,0,0,0,0,0,0,0,0,0,0,0,0,0,0,0,0,0
4,명곡동,2009-03-10,0,0,0,0,0,0,0,0,0,0,0,0,0,0,0,0,0,0,0,0,0,0,0,0
6,성산구청,2009-03-10,0,0,0,0,0,0,0,0,0,0,0,0,0,0,0,0,0,0,0,0,0,0,0,0
7,웅남동,2009-03-10,0,0,0,0,0,0,0,0,0,0,0,0,0,0,0,0,0,0,0,0,0,0,0,0
8,차룡8교(수위계),2009-03-10,0,9999,9999,9999,9999,9999,9999,9999,9999,9999,9999,9999,9999,9999,9999,9999,9999,9999,9999,9999,9999,9999,9999,9999
1,중앙동,2009-03-11,0,0,0,0,0,0,0,0,0,0,0,0,0,0,0,0,0,0,0,0,0,0,0,0
2,국방연구소,2009-03-11,0,0,0,0,0,0,0,0,0,0,0,0,0,0,0,0,0,0,0,0,0,0,0,0
3,북면,2009-03-11,0,0,0,0,0,0,0,0,0,0,0,0,0,0,0,0,0,0,0,0,0,0,0,0
4,명곡동,2009-03-11,0,0,0,0,0,0,0,0,0,0,0,0,0,0,0,0,0,0,0,0,0,0,0,0
6,성산구청,2009-03-11,0,0,0,0,0,0,0,0,0,0,0,0,0,0,0,0,0,0,0,0,0,0,0,0
7,웅남동,2009-03-11,0,0,0,0,0,0,0,0,0,0,0,0,0,0,0,0,0,0,0,0,0,0,0,0
8,차룡8교(수위계),2009-03-11,0,9999,9999,9999,9999,9999,9999,9999,9999,9999,9999,9999,9999,9999,9999,9999,9999,9999,9999,9999,9999,9999,9999,9999
1,중앙동,2009-03-12,0,0,0,0,0,0,0,0,0,0,0,0,0,0,0,0,0,0,0,0,0,0,0,0
2,국방연구소,2009-03-12,0,0,0,0,0,0,0,0,0,0,0,0,0,0,0,0,0,0,0,0,0,0,0,0
3,북면,2009-03-12,0,0,0,0,0,0,0,0,0,0,0,0,0,0,0,0,0,0,0,0,0,0,0,0
4,명곡동,2009-03-12,0,0,0,0,0,0,0,0,0,0,0,0,0,0,0,0,0,0,0,0,0,0,0,0
6,성산구청,2009-03-12,0,0,0,0,0,0,0,0,0,0,0,0,0,0,0,0,0,0,0,0,0,0,0,0
7,웅남동,2009-03-12,0,0,0,0,0,0,0,0,0,0,0,0,0,0,0,0,0,0,0,0,0,0,0,0
8,차룡8교(수위계),2009-03-12,0,9999,9999,9999,9999,9999,9999,9999,9999,9999,9999,9999,9999,9999,9999,9999,9999,9999,9999,9999,9999,9999,9999,9999
1,중앙동,2009-03-13,0,0,0,0,0,0,0,0,0,0,0,0,0,0,0,0,0,0,0,0,0,0,0,0
2,국방연구소,2009-03-13,0,0,0,0,0,0,0,0,0,0,0,0,0,0,0,0,0,0,0,0,0,0,0,0
3,북면,2009-03-13,0,0,0,0,0,0,0,0,0,0,0,0,0,0,0,0,0,0,0,0,0,0,0,0
4,명곡동,2009-03-13,0,0,0,0,0,0,0,0,0,0,0,0,0,0,0,0,0,0,0,0,0,0,0,0
6,성산구청,2009-03-13,0,0,0,0,0,0,0,0,0,0,0,0,0,0,0,0,0,0,0,0,0,0,0,0
7,웅남동,2009-03-13,0,0,0,0,0,0,0,0,0,0,0,0,0,0,0,0,0,0,0,0,0,0,0,0
8,차룡8교(수위계),2009-03-13,0,9999,9999,9999,9999,9999,9999,9999,9999,9999,9999,9999,9999,9999,9999,9999,9999,9999,9999,9999,9999,9999,9999,9999
8,차룡8교(수위계),2009-03-14,0,9999,9999,9999,9999,9999,9999,9999,9999,9999,9999,9999,9999,9999,9999,9999,9999,9999,9999,9999,9999,9999,9999,9999
1,중앙동,2009-03-15,0,0,0,0,0,0,0,0,0,0,0,0,0,0,0,0,0,0,0,0,0,0,0,0
2,국방연구소,2009-03-15,0,0,0,0,0,0,0,0,0,0,0,0,0,0,0,0,0,0,0,0,0,0,0,0
3,북면,2009-03-15,0,0,0,0,0,0,0,0,0,0,0,0,0,0,0,0,0,0,0,0,0,0,0,0
4,명곡동,2009-03-15,0,0,0,0,0,0,0,0,0,0,0,0,0,0,0,0,0,0,0,0,0,0,0,0
6,성산구청,2009-03-15,0,0,0,0,0,0,0,0,0,0,0,0,0,0,0,0,0,0,0,0,0,0,0,0
7,웅남동,2009-03-15,0,0,0,0,0,0,0,0,0,0,0,0,0,0,0,0,0,0,0,0,0,0,0,0
8,차룡8교(수위계),2009-03-15,0,9999,9999,9999,9999,9999,9999,9999,9999,9999,9999,9999,9999,9999,9999,9999,9999,9999,9999,9999,9999,9999,9999,9999
1,중앙동,2009-03-16,0,0,0,0,0,0,0,0,0,0,0,0,0,0,0,0,0,0,0,0,0,0,0,0
2,국방연구소,2009-03-16,0,0,0,0,0,0,0,0,0,0,0,0,0,0,0,0,0,0,0,0,0,0,0,0
3,북면,2009-03-16,0,0,0,0,0,0,0,0,0,0,0,0,0,0,0,0,0,0,0,0,0,0,0,0
4,명곡동,2009-03-16,0,0,0,0,0,0,0,0,0,0,0,0,0,0,0,0,0,0,0,0,0,0,0,0
6,성산구청,2009-03-16,0,0,0,0,0,0,0,0,0,0,0,0,0,0,0,0,0,0,0,0,0,0,0,0
7,웅남동,2009-03-16,0,0,0,0,0,0,0,0,0,0,0,0,0,0,0,0,0,0,0,0,0,0,0,0
8,차룡8교(수위계),2009-03-16,0,9999,9999,9999,9999,9999,9999,9999,9999,9999,9999,9999,9999,9999,9999,9999,9999,9999,9999,9999,9999,9999,9999,9999
1,중앙동,2009-03-17,0,0,0,0,0,0,0,0,0,0,0,0,0,0,0,0,0,0,0,0,0,0,0,0
2,국방연구소,2009-03-17,0,0,0,0,0,0,0,0,0,0,0,0,0,0,0,0,0,0,0,0,0,0,0,0
3,북면,2009-03-17,0,0,0,0,0,0,0,0,0,0,0,0,0,0,0,0,0,0,0,0,0,0,0,0
4,명곡동,2009-03-17,0,0,0,0,0,0,0,0,0,0,0,0,0,0,0,0,0,0,0,0,0,0,0,0
6,성산구청,2009-03-17,0,0,0,0,0,0,0,0,0,0,0,0,0,0,0,0,0,0,0,0,0,0,0,0
7,웅남동,2009-03-17,0,0,0,0,0,0,0,0,0,0,0,0,0,0,0,0,0,0,0,0,0,0,0,0
8,차룡8교(수위계),2009-03-17,0,9999,9999,9999,9999,9999,9999,9999,9999,9999,9999,9999,9999,9999,9999,9999,9999,9999,9999,9999,9999,9999,9999,9999
1,중앙동,2009-03-18,0,0,0,0,0,0,0,0,0,0,0,0,0,0,0,0,0,0,0,0,0,0,0,0
2,국방연구소,2009-03-18,0,0,0,0,0,0,0,0,0,0,0,0,0,0,0,0,0,0,0,0,0,0,0,0
3,북면,2009-03-18,0,0,0,0,0,0,0,0,0,0,0,0,0,0,0,0,0,0,0,0,0,0,0,0
4,명곡동,2009-03-18,0,0,0,0,0,0,0,0,0,0,0,0,0,0,0,0,0,0,0,0,0,0,0,0
6,성산구청,2009-03-18,0,0,0,0,0,0,0,0,0,0,0,0,0,0,0,0,0,0,0,0,0,0,0,0
7,웅남동,2009-03-18,0,0,0,0,0,0,0,0,0,0,0,0,0,0,0,0,0,0,0,0,0,0,0,0
8,차룡8교(수위계),2009-03-18,0,9999,9999,9999,9999,9999,9999,9999,9999,9999,9999,9999,9999,9999,9999,9999,9999,9999,9999,9999,9999,9999,9999,9999
8,차룡8교(수위계),2009-03-19,0,9999,9999,9999,9999,9999,9999,9999,9999,9999,9999,9999,9999,9999,9999,9999,9999,9999,9999,9999,9999,9999,9999,9999
8,차룡8교(수위계),2009-03-20,0,9999,9999,9999,9999,9999,9999,9999,9999,9999,9999,9999,9999,9999,9999,9999,9999,9999,9999,9999,9999,9999,9999,9999
1,중앙동,2009-03-21,0,0,0,0,0,0,0,0,0,0,0,0,0,0,0,0,0,0,0,0,0,0,0,0
2,국방연구소,2009-03-21,0,0,0,0,0,0,0,0,0,0,0,0,0,0,0,0,0,0,0,0,0,0,0,0
3,북면,2009-03-21,0,0,0,0,0,0,0,0,0,0,0,0,0,0,0,0,0,0,0,0,0,0,0,0
4,명곡동,2009-03-21,0,0,0,0,0,0,0,0,0,0,0,0,0,0,0,0,0,0,0,0,0,0,0,0
6,성산구청,2009-03-21,0,0,0,0,0,0,0,0,0,0,0,0,0,0,0,0,0,0,0,0,0,0,0,0
7,웅남동,2009-03-21,0,0,0,0,0,0,0,0,0,0,0,0,0,0,0,0,0,0,0,0,0,0,0,0
8,차룡8교(수위계),2009-03-21,0,9999,9999,9999,9999,9999,9999,9999,9999,9999,9999,9999,9999,9999,9999,9999,9999,9999,9999,9999,9999,9999,9999,9999
1,중앙동,2009-03-22,0,0,0,0,0,0,0,0,0,0,0,0,0,0,0,0,0,0,0,0,0,0,0,0
2,국방연구소,2009-03-22,0,0,0,0,0,0,0,0,0,0,0,0,0,0,0,0,0,0,0,0,0,0,0,0
3,북면,2009-03-22,0,0,0,0,0,0,0,0,0,0,0,0,0,0,0,0,0,0,0,0,0,0,0,0
4,명곡동,2009-03-22,0,0,0,0,0,0,0,0,0,0,0,0,0,0,0,0,0,0,0,0,0,0,0,0
6,성산구청,2009-03-22,0,0,0,0,0,0,0,0,0,0,0,0,0,0,0,0,0,0,0,0,0,0,0,0
7,웅남동,2009-03-22,0,0,0,0,0,0,0,0,0,0,0,0,0,0,0,0,0,0,0,0,0,0,0,0
8,차룡8교(수위계),2009-03-22,0,9999,9999,9999,9999,9999,9999,9999,9999,9999,9999,9999,9999,9999,9999,9999,9999,9999,9999,9999,9999,9999,9999,9999
1,중앙동,2009-03-23,0,0,0,0,0,0,0,0,0,0,0,0,0,0,0,0,0,0,0,0,0,0,0,0
2,국방연구소,2009-03-23,0,0,0,0,0,0,0,0,0,0,0,0,0,0,0,0,0,0,0,0,0,0,0,0
3,북면,2009-03-23,0,0,0,0,0,0,0,0,0,0,0,0,0,0,0,0,0,0,0,0,0,0,0,0
4,명곡동,2009-03-23,0,0,0,0,0,0,0,0,0,0,0,0,0,0,0,0,0,0,0,0,0,0,0,0
6,성산구청,2009-03-23,0,0,0,0,0,0,0,0,0,0,0,0,0,0,0,0,0,0,0,0,0,0,0,0
7,웅남동,2009-03-23,0,0,0,0,0,0,0,0,0,0,0,0,0,0,0,0,0,0,0,0,0,0,0,0
8,차룡8교(수위계),2009-03-23,0,9999,9999,9999,9999,9999,9999,9999,9999,9999,9999,9999,9999,9999,9999,9999,9999,9999,9999,9999,9999,9999,9999,9999
1,중앙동,2009-03-24,0,0,0,0,0,0,0,0,0,0,0,0,0,0,0,0,0,0,0,0,0,0,0,0
2,국방연구소,2009-03-24,0,0,0,0,0,0,0,0,0,0,0,0,0,0,0,0,0,0,0,0,0,0,0,0
3,북면,2009-03-24,0,0,0,0,0,0,0,0,0,0,0,0,0,0,0,0,0,0,0,0,0,0,0,0
4,명곡동,2009-03-24,0,0,0,0,0,0,0,0,0,0,0,0,0,0,0,0,0,0,0,0,0,0,0,0
6,성산구청,2009-03-24,0,0,0,0,0,0,0,0,0,0,0,0,0,0,0,0,0,0,0,0,0,0,0,0
7,웅남동,2009-03-24,0,0,0,0,0,0,0,0,0,0,0,0,0,0,0,0,0,0,0,0,0,0,0,0
8,차룡8교(수위계),2009-03-24,0,9999,9999,9999,9999,9999,9999,9999,9999,9999,9999,9999,9999,9999,9999,9999,9999,9999,9999,9999,9999,9999,9999,9999
1,중앙동,2009-03-25,0,0,0,0,0,0,0,0,0,0,0,0,0,0,0,0,0,0,0,0,0,0,0,0
2,국방연구소,2009-03-25,0,0,0,0,0,0,0,0,0,0,0,0,0,0,0,0,0,0,0,0,0,0,0,0
3,북면,2009-03-25,0,0,0,0,0,0,0,0,0,0,0,0,0,0,0,0,0,0,0,0,0,0,0,0
4,명곡동,2009-03-25,0,0,0,0,0,0,0,0,0,0,0,0,0,0,0,0,0,0,0,0,0,0,0,0
6,성산구청,2009-03-25,0,0,0,0,0,0,0,0,0,0,0,0,0,0,0,0,0,0,0,0,0,0,0,0
7,웅남동,2009-03-25,0,0,0,0,0,0,0,0,0,0,0,0,0,0,0,0,0,0,0,0,0,0,0,0
8,차룡8교(수위계),2009-03-25,0,9999,9999,9999,9999,9999,9999,9999,9999,9999,9999,9999,9999,9999,9999,9999,9999,9999,9999,9999,9999,9999,9999,9999
8,차룡8교(수위계),2009-03-26,0,9999,9999,9999,9999,9999,9999,9999,9999,9999,9999,9999,9999,9999,9999,9999,9999,9999,9999,9999,9999,9999,9999,9999
1,중앙동,2009-03-27,0,0,0,0,0,0,0,0,0,0,0,0,0,0,0,0,0,0,0,0,0,0,0,0
2,국방연구소,2009-03-27,0,0,0,0,0,0,0,0,0,0,0,0,0,0,0,0,0,0,0,0,0,0,0,0
3,북면,2009-03-27,0,0,0,0,0,0,0,0,0,0,0,0,0,0,0,0,0,0,0,0,0,0,0,0
4,명곡동,2009-03-27,0,0,0,0,0,0,0,0,0,0,0,0,0,0,0,0,0,0,0,0,0,0,0,0
6,성산구청,2009-03-27,0,0,0,0,0,0,0,0,0,0,0,0,0,0,0,0,0,0,0,0,0,0,0,0
7,웅남동,2009-03-27,0,0,0,0,0,0,0,0,0,0,0,0,0,0,0,0,0,0,0,0,0,0,0,0
8,차룡8교(수위계),2009-03-27,0,9999,9999,9999,9999,9999,9999,9999,9999,9999,9999,9999,9999,9999,9999,9999,9999,9999,9999,9999,9999,9999,9999,9999
1,중앙동,2009-03-28,0,0,0,0,0,0,0,0,0,0,0,0,0,0,0,0,0,0,0,0,0,0,0,0
2,국방연구소,2009-03-28,0,0,0,0,0,0,0,0,0,0,0,0,0,0,0,0,0,0,0,0,0,0,0,0
3,북면,2009-03-28,0,0,0,0,0,0,0,0,0,0,0,0,0,0,0,0,0,0,0,0,0,0,0,0
4,명곡동,2009-03-28,0,0,0,0,0,0,0,0,0,0,0,0,0,0,0,0,0,0,0,0,0,0,0,0
6,성산구청,2009-03-28,0,0,0,0,0,0,0,0,0,0,0,0,0,0,0,0,0,0,0,0,0,0,0,0
7,웅남동,2009-03-28,0,0,0,0,0,0,0,0,0,0,0,0,0,0,0,0,0,0,0,0,0,0,0,0
8,차룡8교(수위계),2009-03-28,0,9999,9999,9999,9999,9999,9999,9999,9999,9999,9999,9999,9999,9999,9999,9999,9999,9999,9999,9999,9999,9999,9999,9999
1,중앙동,2009-03-29,0,0,0,0,0,0,0,0,0,0,0,0,0,0,0,0,0,0,0,0,0,0,0,0
2,국방연구소,2009-03-29,0,0,0,0,0,0,0,0,0,0,0,0,0,0,0,0,0,0,0,0,0,0,0,0
3,북면,2009-03-29,0,0,0,0,0,0,0,0,0,0,0,0,0,0,0,0,0,0,0,0,0,0,0,0
4,명곡동,2009-03-29,0,0,0,0,0,0,0,0,0,0,0,0,0,0,0,0,0,0,0,0,0,0,0,0
6,성산구청,2009-03-29,0,0,0,0,0,0,0,0,0,0,0,0,0,0,0,0,0,0,0,0,0,0,0,0
7,웅남동,2009-03-29,0,0,0,0,0,0,0,0,0,0,0,0,0,0,0,0,0,0,0,0,0,0,0,0
8,차룡8교(수위계),2009-03-29,0,9999,9999,9999,9999,9999,9999,9999,9999,9999,9999,9999,9999,9999,9999,9999,9999,9999,9999,9999,9999,9999,9999,9999
1,중앙동,2009-03-30,0,0,0,0,0,0,0,0,0,0,0,0,0,0,0,0,0,0,0,0,0,0,0,0
2,국방연구소,2009-03-30,0,0,0,0,0,0,0,0,0,0,0,0,0,0,0,0,0,0,0,0,0,0,0,0
3,북면,2009-03-30,0,0,0,0,0,0,0,0,0,0,0,0,0,0,0,0,0,0,0,0,0,0,0,0
4,명곡동,2009-03-30,0,0,0,0,0,0,0,0,0,0,0,0,0,0,0,0,0,0,0,0,0,0,0,0
6,성산구청,2009-03-30,0,0,0,0,0,0,0,0,0,0,0,0,0,0,0,0,0,0,0,0,0,0,0,0
7,웅남동,2009-03-30,0,0,0,0,0,0,0,0,0,0,0,0,0,0,0,0,0,0,0,0,0,0,0,0
8,차룡8교(수위계),2009-03-30,0,9999,9999,9999,9999,9999,9999,9999,9999,9999,9999,9999,9999,9999,9999,9999,9999,9999,9999,9999,9999,9999,9999,9999
8,차룡8교(수위계),2009-03-31,0,9999,9999,9999,9999,9999,9999,9999,9999,9999,9999,9999,9999,9999,9999,9999,9999,9999,9999,9999,9999,9999,9999,9999
1,중앙동,2009-04-01,0,0,0,0,0,0,0,0,0,0,0,0,0,0,0,0,0,0,0,0,0,0,0,0
2,국방연구소,2009-04-01,0,0,0,0,0,0,0,0,0,0,0,0,0,0,0,0,0,0,0,0,0,0,0,0
3,북면,2009-04-01,0,0,0,0,0,0,0,0,0,0,0,0,0,0,0,0,0,0,0,0,0,0,0,0
4,명곡동,2009-04-01,0,0,0,0,0,0,0,0,0,0,0,0,0,0,0,0,0,0,0,0,0,0,0,0
6,성산구청,2009-04-01,0,0,0,0,0,0,0,0,0,0,0,0,0,0,0,0,0,0,0,0,0,0,0,0
7,웅남동,2009-04-01,0,0,0,0,0,0,0,0,0,0,0,0,0,0,0,0,0,0,0,0,0,0,0,0
8,차룡8교(수위계),2009-04-01,0,9999,9999,9999,9999,9999,9999,9999,9999,9999,9999,9999,9999,9999,9999,9999,9999,9999,9999,9999,9999,9999,9999,9999
1,중앙동,2009-04-02,0,0,0,0,0,0,0,0,0,0,0,0,0,0,0,0,0,0,0,0,0,0,0,0
2,국방연구소,2009-04-02,0,0,0,0,0,0,0,0,0,0,0,0,0,0,0,0,0,0,0,0,0,0,0,0
3,북면,2009-04-02,0,0,0,0,0,0,0,0,0,0,0,0,0,0,0,0,0,0,0,0,0,0,0,0
4,명곡동,2009-04-02,0,0,0,0,0,0,0,0,0,0,0,0,0,0,0,0,0,0,0,0,0,0,0,0
6,성산구청,2009-04-02,0,0,0,0,0,0,0,0,0,0,0,0,0,0,0,0,0,0,0,0,0,0,0,0
7,웅남동,2009-04-02,0,0,0,0,0,0,0,0,0,0,0,0,0,0,0,0,0,0,0,0,0,0,0,0
8,차룡8교(수위계),2009-04-02,0,9999,9999,9999,9999,9999,9999,9999,9999,9999,9999,9999,9999,9999,9999,9999,9999,9999,9999,9999,9999,9999,9999,9999
1,중앙동,2009-04-03,0,0,0,0,0,0,0,0,0,0,0,0,0,0,0,0,0,0,0,0,0,0,0,0
2,국방연구소,2009-04-03,0,0,0,0,0,0,0,0,0,0,0,0,0,0,0,0,0,0,0,0,0,0,0,0
3,북면,2009-04-03,0,0,0,0,0,0,0,0,0,0,0,0,0,0,0,0,0,0,0,0,0,0,0,0
4,명곡동,2009-04-03,0,0,0,0,0,0,0,0,0,0,0,0,0,0,0,0,0,0,0,0,0,0,0,0
6,성산구청,2009-04-03,0,0,0,0,0,0,0,0,0,0,0,0,0,0,0,0,0,0,0,0,0,0,0,0
7,웅남동,2009-04-03,0,0,0,0,0,0,0,0,0,0,0,0,0,0,0,0,0,0,0,0,0,0,0,0
8,차룡8교(수위계),2009-04-03,0,9999,9999,9999,9999,9999,9999,9999,9999,9999,9999,9999,9999,9999,9999,9999,9999,9999,9999,9999,9999,9999,9999,9999
1,중앙동,2009-04-04,0,0,0,0,0,0,0,0,0,0,0,0,0,0,0,0,0,0,0,0,0,0,0,0
2,국방연구소,2009-04-04,0,0,0,0,0,0,0,0,0,0,0,0,0,0,0,0,0,0,0,0,0,0,0,0
3,북면,2009-04-04,0,0,0,0,0,0,0,0,0,0,0,0,0,0,0,0,0,0,0,0,0,0,0,0
4,명곡동,2009-04-04,0,0,0,0,0,0,0,0,0,0,0,0,0,0,0,0,0,0,0,0,0,0,0,0
6,성산구청,2009-04-04,0,0,0,0,0,0,0,0,0,0,0,0,0,0,0,0,0,0,0,0,0,0,0,0
7,웅남동,2009-04-04,0,0,0,0,0,0,0,0,0,0,0,0,0,0,0,0,0,0,0,0,0,0,0,0
8,차룡8교(수위계),2009-04-04,0,9999,9999,9999,9999,9999,9999,9999,9999,9999,9999,9999,9999,9999,9999,9999,9999,9999,9999,9999,9999,9999,9999,9999
1,중앙동,2009-04-05,0,0,0,0,0,0,0,0,0,0,0,0,0,0,0,0,0,0,0,0,0,0,0,0
2,국방연구소,2009-04-05,0,0,0,0,0,0,0,0,0,0,0,0,0,0,0,0,0,0,0,0,0,0,0,0
3,북면,2009-04-05,0,0,0,0,0,0,0,0,0,0,0,0,0,0,0,0,0,0,0,0,0,0,0,0
4,명곡동,2009-04-05,0,0,0,0,0,0,0,0,0,0,0,0,0,0,0,0,0,0,0,0,0,0,0,0
6,성산구청,2009-04-05,0,0,0,0,0,0,0,0,0,0,0,0,0,0,0,0,0,0,0,0,0,0,0,0
7,웅남동,2009-04-05,0,0,0,0,0,0,0,0,0,0,0,0,0,0,0,0,0,0,0,0,0,0,0,0
8,차룡8교(수위계),2009-04-05,0,9999,9999,9999,9999,9999,9999,9999,9999,9999,9999,9999,9999,9999,9999,9999,9999,9999,9999,9999,9999,9999,9999,9999
8,차룡8교(수위계),2009-04-06,0,9999,9999,9999,9999,9999,9999,9999,9999,9999,9999,9999,9999,9999,9999,9999,9999,9999,9999,9999,9999,9999,9999,9999
1,중앙동,2009-04-07,0,0,0,0,0,0,0,0,0,0,0,0,0,0,0,0,0,0,0,0,0,0,0,0
2,국방연구소,2009-04-07,0,0,0,0,0,0,0,0,0,0,0,0,0,0,0,0,0,0,0,0,0,0,0,0
3,북면,2009-04-07,0,0,0,0,0,0,0,0,0,0,0,0,0,0,0,0,0,0,0,0,0,0,0,0
4,명곡동,2009-04-07,0,0,0,0,0,0,0,0,0,0,0,0,0,0,0,0,0,0,0,0,0,0,0,0
6,성산구청,2009-04-07,0,0,0,0,0,0,0,0,0,0,0,0,0,0,0,0,0,0,0,0,0,0,0,0
7,웅남동,2009-04-07,0,0,0,0,0,0,0,0,0,0,0,0,0,0,0,0,0,0,0,0,0,0,0,0
8,차룡8교(수위계),2009-04-07,0,9999,9999,9999,9999,9999,9999,9999,9999,9999,9999,9999,9999,9999,9999,9999,9999,9999,9999,9999,9999,9999,9999,9999
1,중앙동,2009-04-08,0,0,0,0,0,0,0,0,0,0,0,0,0,0,0,0,0,0,0,0,0,0,0,0
2,국방연구소,2009-04-08,0,0,0,0,0,0,0,0,0,0,0,0,0,0,0,0,0,0,0,0,0,0,0,0
3,북면,2009-04-08,0,0,0,0,0,0,0,0,0,0,0,0,0,0,0,0,0,0,0,0,0,0,0,0
4,명곡동,2009-04-08,0,0,0,0,0,0,0,0,0,0,0,0,0,0,0,0,0,0,0,0,0,0,0,0
6,성산구청,2009-04-08,0,0,0,0,0,0,0,0,0,0,0,0,0,0,0,0,0,0,0,0,0,0,0,0
7,웅남동,2009-04-08,0,0,0,0,0,0,0,0,0,0,0,0,0,0,0,0,0,0,0,0,0,0,0,0
8,차룡8교(수위계),2009-04-08,0,9999,9999,9999,9999,9999,9999,9999,9999,9999,9999,9999,9999,9999,9999,9999,9999,9999,9999,9999,9999,9999,9999,9999
1,중앙동,2009-04-09,0,0,0,0,0,0,0,0,0,0,0,0,0,0,0,0,0,0,0,0,0,0,0,0
2,국방연구소,2009-04-09,0,0,0,0,0,0,0,0,0,0,0,0,0,0,0,0,0,0,0,0,0,0,0,0
3,북면,2009-04-09,0,0,0,0,0,0,0,0,0,0,0,0,0,0,0,0,0,0,0,0,0,0,0,0
4,명곡동,2009-04-09,0,0,0,0,0,0,0,0,0,0,0,0,0,0,0,0,0,0,0,0,0,0,0,0
6,성산구청,2009-04-09,0,0,0,0,0,0,0,0,0,0,0,0,0,0,0,0,0,0,0,0,0,0,0,0
7,웅남동,2009-04-09,0,0,0,0,0,0,0,0,0,0,0,0,0,0,0,0,0,0,0,0,0,0,0,0
8,차룡8교(수위계),2009-04-09,0,9999,9999,9999,9999,9999,9999,9999,9999,9999,9999,9999,9999,9999,9999,9999,9999,9999,9999,9999,9999,9999,9999,9999
1,중앙동,2009-04-10,0,0,0,0,0,0,0,0,0,0,0,0,0,0,0,0,0,0,0,0,0,0,0,0
2,국방연구소,2009-04-10,0,0,0,0,0,0,0,0,0,0,0,0,0,0,0,0,0,0,0,0,0,0,0,0
3,북면,2009-04-10,0,0,0,0,0,0,0,0,0,0,0,0,0,0,0,0,0,0,0,0,0,0,0,0
4,명곡동,2009-04-10,0,0,0,0,0,0,0,0,0,0,0,0,0,0,0,0,0,0,0,0,0,0,0,0
6,성산구청,2009-04-10,0,0,0,0,0,0,0,0,0,0,0,0,0,0,0,0,0,0,0,0,0,0,0,0
7,웅남동,2009-04-10,0,0,0,0,0,0,0,0,0,0,0,0,0,0,0,0,0,0,0,0,0,0,0,0
8,차룡8교(수위계),2009-04-10,0,9999,9999,9999,9999,9999,9999,9999,9999,9999,9999,9999,9999,9999,9999,9999,9999,9999,9999,9999,9999,9999,9999,9999
1,중앙동,2009-04-11,0,0,0,0,0,0,0,0,0,0,0,0,0,0,0,0,0,0,0,0,0,0,0,0
2,국방연구소,2009-04-11,0,0,0,0,0,0,0,0,0,0,0,0,0,0,0,0,0,0,0,0,0,0,0,0
3,북면,2009-04-11,0,0,0,0,0,0,0,0,0,0,0,0,0,0,0,0,0,0,0,0,0,0,0,0
4,명곡동,2009-04-11,0,0,0,0,0,0,0,0,0,0,0,0,0,0,0,0,0,0,0,0,0,0,0,0
6,성산구청,2009-04-11,0,0,0,0,0,0,0,0,0,0,0,0,0,0,0,0,0,0,0,0,0,0,0,0
7,웅남동,2009-04-11,0,0,0,0,0,0,0,0,0,0,0,0,0,0,0,0,0,0,0,0,0,0,0,0
8,차룡8교(수위계),2009-04-11,0,9999,9999,9999,9999,9999,9999,9999,9999,9999,9999,9999,9999,9999,9999,9999,9999,9999,9999,9999,9999,9999,9999,9999
1,중앙동,2009-04-12,0,0,0,0,0,0,0,0,0,0,0,0,0,0,0,0,0,0,0,0,0,0,0,0
2,국방연구소,2009-04-12,0,0,0,0,0,0,0,0,0,0,0,0,0,0,0,0,0,0,0,0,0,0,0,0
3,북면,2009-04-12,0,0,0,0,0,0,0,0,0,0,0,0,0,0,0,0,0,0,0,0,0,0,0,0
4,명곡동,2009-04-12,0,0,0,0,0,0,0,0,0,0,0,0,0,0,0,0,0,0,0,0,0,0,0,0
6,성산구청,2009-04-12,0,0,0,0,0,0,0,0,0,0,0,0,0,0,0,0,0,0,0,0,0,0,0,0
7,웅남동,2009-04-12,0,0,0,0,0,0,0,0,0,0,0,0,0,0,0,0,0,0,0,0,0,0,0,0
8,차룡8교(수위계),2009-04-12,0,9999,9999,9999,9999,9999,9999,9999,9999,9999,9999,9999,9999,9999,9999,9999,9999,9999,9999,9999,9999,9999,9999,9999
1,중앙동,2009-04-13,0,0,0,0,0,0,0,0,0,0,0,0,0,0,0,0,0,0,0,0,0,0,0,0
2,국방연구소,2009-04-13,0,0,0,0,0,0,0,0,0,0,0,0,0,0,0,0,0,0,0,0,0,0,0,0
3,북면,2009-04-13,0,0,0,0,0,0,0,0,0,0,0,0,0,0,0,0,0,0,0,0,0,0,0,0
4,명곡동,2009-04-13,0,0,0,0,0,0,0,0,0,0,0,0,0,0,0,0,0,0,0,0,0,0,0,0
6,성산구청,2009-04-13,0,0,0,0,0,0,0,0,0,0,0,0,0,0,0,0,0,0,0,0,0,0,0,0
7,웅남동,2009-04-13,0,0,0,0,0,0,0,0,0,0,0,0,0,0,0,0,0,0,0,0,0,0,0,0
8,차룡8교(수위계),2009-04-13,0,9999,9999,9999,9999,9999,9999,9999,9999,9999,9999,9999,9999,9999,9999,9999,9999,9999,9999,9999,9999,9999,9999,9999
1,중앙동,2009-04-14,0,0,0,0,0,0,0,0,0,0,0,0,0,0,0,0,0,0,0,0,0,0,0,0
2,국방연구소,2009-04-14,0,0,0,0,0,0,0,0,0,0,0,0,0,0,0,0,0,0,0,0,0,0,0,0
3,북면,2009-04-14,0,0,0,0,0,0,0,0,0,0,0,0,0,0,0,0,0,0,0,0,0,0,0,0
4,명곡동,2009-04-14,0,0,0,0,0,0,0,0,0,0,0,0,0,0,0,0,0,0,0,0,0,0,0,0
6,성산구청,2009-04-14,0,0,0,0,0,0,0,0,0,0,0,0,0,0,0,0,0,0,0,0,0,0,0,0
7,웅남동,2009-04-14,0,0,0,0,0,0,0,0,0,0,0,0,0,0,0,0,0,0,0,0,0,0,0,0
8,차룡8교(수위계),2009-04-14,0,9999,9999,9999,9999,9999,9999,9999,9999,9999,9999,9999,9999,9999,9999,9999,9999,9999,9999,9999,9999,9999,9999,9999
1,중앙동,2009-04-15,0,0,0,0,0,0,0,0,0,0,0,0,0,0,0,0,0,0,0,0,0,0,0,0
2,국방연구소,2009-04-15,0,0,0,0,0,0,0,0,0,0,0,0,0,0,0,0,0,0,0,0,0,0,0,0
3,북면,2009-04-15,0,0,0,0,0,0,0,0,0,0,0,0,0,0,0,0,0,0,0,0,0,0,0,0
4,명곡동,2009-04-15,0,0,0,0,0,0,0,0,0,0,0,0,0,0,0,0,0,0,0,0,0,0,0,0
6,성산구청,2009-04-15,0,0,0,0,0,0,0,0,0,0,0,0,0,0,0,0,0,0,0,0,0,0,0,0
7,웅남동,2009-04-15,0,0,0,0,0,0,0,0,0,0,0,0,0,0,0,0,0,0,0,0,0,0,0,0
8,차룡8교(수위계),2009-04-15,0,9999,9999,9999,9999,9999,9999,9999,9999,9999,9999,9999,9999,9999,9999,9999,9999,9999,9999,9999,9999,9999,9999,9999
1,중앙동,2009-04-16,0,0,0,0,0,0,0,0,0,0,0,0,0,0,0,0,0,0,0,0,0,0,0,0
2,국방연구소,2009-04-16,0,0,0,0,0,0,0,0,0,0,0,0,0,0,0,0,0,0,0,0,0,0,0,0
3,북면,2009-04-16,0,0,0,0,0,0,0,0,0,0,0,0,0,0,0,0,0,0,0,0,0,0,0,0
4,명곡동,2009-04-16,0,0,0,0,0,0,0,0,0,0,0,0,0,0,0,0,0,0,0,0,0,0,0,0
6,성산구청,2009-04-16,0,0,0,0,0,0,0,0,0,0,0,0,0,0,0,0,0,0,0,0,0,0,0,0
7,웅남동,2009-04-16,0,0,0,0,0,0,0,0,0,0,0,0,0,0,0,0,0,0,0,0,0,0,0,0
8,차룡8교(수위계),2009-04-16,0,9999,9999,9999,9999,9999,9999,9999,9999,9999,9999,9999,9999,9999,9999,9999,9999,9999,9999,9999,9999,9999,9999,9999
1,중앙동,2009-04-17,0,0,0,0,0,0,0,0,0,0,0,0,0,0,0,0,0,0,0,0,0,0,0,0
2,국방연구소,2009-04-17,0,0,0,0,0,0,0,0,0,0,0,0,0,0,0,0,0,0,0,0,0,0,0,0
3,북면,2009-04-17,0,0,0,0,0,0,0,0,0,0,0,0,0,0,0,0,0,0,0,0,0,0,0,0
4,명곡동,2009-04-17,0,0,0,0,0,0,0,0,0,0,0,0,0,0,0,0,0,0,0,0,0,0,0,0
6,성산구청,2009-04-17,0,0,0,0,0,0,0,0,0,0,0,0,0,0,0,0,0,0,0,0,0,0,0,0
7,웅남동,2009-04-17,0,0,0,0,0,0,0,0,0,0,0,0,0,0,0,0,0,0,0,0,0,0,0,0
8,차룡8교(수위계),2009-04-17,0,9999,9999,9999,9999,9999,9999,9999,9999,9999,9999,9999,9999,9999,9999,9999,9999,9999,9999,9999,9999,9999,9999,9999
1,중앙동,2009-04-18,0,0,0,0,0,0,0,0,0,0,0,0,0,0,0,0,0,0,0,0,0,0,0,0
2,국방연구소,2009-04-18,0,0,0,0,0,0,0,0,0,0,0,0,0,0,0,0,0,0,0,0,0,0,0,0
3,북면,2009-04-18,0,0,0,0,0,0,0,0,0,0,0,0,0,0,0,0,0,0,0,0,0,0,0,0
4,명곡동,2009-04-18,0,0,0,0,0,0,0,0,0,0,0,0,0,0,0,0,0,0,0,0,0,0,0,0
6,성산구청,2009-04-18,0,0,0,0,0,0,0,0,0,0,0,0,0,0,0,0,0,0,0,0,0,0,0,0
7,웅남동,2009-04-18,0,0,0,0,0,0,0,0,0,0,0,0,0,0,0,0,0,0,0,0,0,0,0,0
8,차룡8교(수위계),2009-04-18,0,9999,9999,9999,9999,9999,9999,9999,9999,9999,9999,9999,9999,9999,9999,9999,9999,9999,9999,9999,9999,9999,9999,9999
1,중앙동,2009-04-19,0,0,0,0,0,0,0,0,0,0,0,0,0,0,0,0,0,0,0,0,0,0,0,0
2,국방연구소,2009-04-19,0,0,0,0,0,0,0,0,0,0,0,0,0,0,0,0,0,0,0,0,0,0,0,0
3,북면,2009-04-19,0,0,0,0,0,0,0,0,0,0,0,0,0,0,0,0,0,0,0,0,0,0,0,0
4,명곡동,2009-04-19,0,0,0,0,0,0,0,0,0,0,0,0,0,0,0,0,0,0,0,0,0,0,0,0
6,성산구청,2009-04-19,0,0,0,0,0,0,0,0,0,0,0,0,0,0,0,0,0,0,0,0,0,0,0,0
7,웅남동,2009-04-19,0,0,0,0,0,0,0,0,0,0,0,0,0,0,0,0,0,0,0,0,0,0,0,0
8,차룡8교(수위계),2009-04-19,0,9999,9999,9999,9999,9999,9999,9999,9999,9999,9999,9999,9999,9999,9999,9999,9999,9999,9999,9999,9999,9999,9999,9999
1,중앙동,2009-04-20,0,0,0,0,0,0,0,0,0,0,0,0,0,0,0,0,0,0,0,0,0,0,0,0
2,국방연구소,2009-04-20,0,0,0,0,0,0,0,0,0,0,0,0,0,0,0,0,0,0,0,0,0,0,0,0
3,북면,2009-04-20,0,0,0,0,0,0,0,0,0,0,0,0,0,0,0,0,0,0,0,0,0,0,0,0
4,명곡동,2009-04-20,0,0,0,0,0,0,0,0,0,0,0,0,0,0,0,0,0,0,0,0,0,0,0,0
6,성산구청,2009-04-20,0,0,0,0,0,0,0,0,0,0,0,0,0,0,0,0,0,0,0,0,0,0,0,0
7,웅남동,2009-04-20,0,0,0,0,0,0,0,0,0,0,0,0,0,0,0,0,0,0,0,0,0,0,0,0
8,차룡8교(수위계),2009-04-20,0,9999,9999,9999,9999,9999,9999,9999,9999,9999,9999,9999,9999,9999,9999,9999,9999,9999,9999,9999,9999,9999,9999,9999
8,차룡8교(수위계),2009-04-21,0,9999,9999,9999,9999,9999,9999,9999,9999,9999,9999,9999,9999,9999,9999,9999,9999,9999,9999,9999,9999,9999,9999,9999
1,중앙동,2009-04-22,0,0,0,0,0,0,0,0,0,0,0,0,0,0,0,0,0,0,0,0,0,0,0,0
2,국방연구소,2009-04-22,0,0,0,0,0,0,0,0,0,0,0,0,0,0,0,0,0,0,0,0,0,0,0,0
3,북면,2009-04-22,0,0,0,0,0,0,0,0,0,0,0,0,0,0,0,0,0,0,0,0,0,0,0,0
4,명곡동,2009-04-22,0,0,0,0,0,0,0,0,0,0,0,0,0,0,0,0,0,0,0,0,0,0,0,0
6,성산구청,2009-04-22,0,0,0,0,0,0,0,0,0,0,0,0,0,0,0,0,0,0,0,0,0,0,0,0
7,웅남동,2009-04-22,0,0,0,0,0,0,0,0,0,0,0,0,0,0,0,0,0,0,0,0,0,0,0,0
8,차룡8교(수위계),2009-04-22,0,9999,9999,9999,9999,9999,9999,9999,9999,9999,9999,9999,9999,9999,9999,9999,9999,9999,9999,9999,9999,9999,9999,9999
1,중앙동,2009-04-23,0,0,0,0,0,0,0,0,0,0,0,0,0,0,0,0,0,0,0,0,0,0,0,0
2,국방연구소,2009-04-23,0,0,0,0,0,0,0,0,0,0,0,0,0,0,0,0,0,0,0,0,0,0,0,0
3,북면,2009-04-23,0,0,0,0,0,0,0,0,0,0,0,0,0,0,0,0,0,0,0,0,0,0,0,0
4,명곡동,2009-04-23,0,0,0,0,0,0,0,0,0,0,0,0,0,0,0,0,0,0,0,0,0,0,0,0
6,성산구청,2009-04-23,0,0,0,0,0,0,0,0,0,0,0,0,0,0,0,0,0,0,0,0,0,0,0,0
7,웅남동,2009-04-23,0,0,0,0,0,0,0,0,0,0,0,0,0,0,0,0,0,0,0,0,0,0,0,0
8,차룡8교(수위계),2009-04-23,0,9999,9999,9999,9999,9999,9999,9999,9999,9999,9999,9999,9999,9999,9999,9999,9999,9999,9999,9999,9999,9999,9999,9999
8,차룡8교(수위계),2009-04-24,0,9999,9999,9999,9999,9999,9999,9999,9999,9999,9999,9999,9999,9999,9999,9999,9999,9999,9999,9999,9999,9999,9999,9999
8,차룡8교(수위계),2009-04-25,0,9999,9999,9999,9999,9999,9999,9999,9999,9999,9999,9999,9999,9999,9999,9999,9999,9999,9999,9999,9999,9999,9999,9999
8,차룡8교(수위계),2009-04-26,0,9999,9999,9999,9999,9999,9999,9999,9999,9999,9999,9999,9999,9999,9999,9999,9999,9999,9999,9999,9999,9999,9999,9999
1,중앙동,2009-04-27,0,0,0,0,0,0,0,0,0,0,0,0,0,0,0,0,0,0,0,0,0,0,0,0
2,국방연구소,2009-04-27,0,0,0,0,0,0,0,0,0,0,0,0,0,0,0,0,0,0,0,0,0,0,0,0
3,북면,2009-04-27,0,0,0,0,0,0,0,0,0,0,0,0,0,0,0,0,0,0,0,0,0,0,0,0
4,명곡동,2009-04-27,0,0,0,0,0,0,0,0,0,0,0,0,0,0,0,0,0,0,0,0,0,0,0,0
6,성산구청,2009-04-27,0,0,0,0,0,0,0,0,0,0,0,0,0,0,0,0,0,0,0,0,0,0,0,0
7,웅남동,2009-04-27,0,0,0,0,0,0,0,0,0,0,0,0,0,0,0,0,0,0,0,0,0,0,0,0
8,차룡8교(수위계),2009-04-27,0,9999,9999,9999,9999,9999,9999,9999,9999,9999,9999,9999,9999,9999,9999,9999,9999,9999,9999,9999,9999,9999,9999,9999
8,차룡8교(수위계),2009-04-28,0,9999,9999,9999,9999,9999,9999,9999,9999,9999,9999,9999,9999,9999,9999,9999,9999,9999,9999,9999,9999,9999,9999,9999
1,중앙동,2009-04-29,0,0,0,0,0,0,0,0,0,0,0,0,0,0,0,0,0,0,0,0,0,0,0,0
2,국방연구소,2009-04-29,0,0,0,0,0,0,0,0,0,0,0,0,0,0,0,0,0,0,0,0,0,0,0,0
3,북면,2009-04-29,0,0,0,0,0,0,0,0,0,0,0,0,0,0,0,0,0,0,0,0,0,0,0,0
4,명곡동,2009-04-29,0,0,0,0,0,0,0,0,0,0,0,0,0,0,0,0,0,0,0,0,0,0,0,0
6,성산구청,2009-04-29,0,0,0,0,0,0,0,0,0,0,0,0,0,0,0,0,0,0,0,0,0,0,0,0
7,웅남동,2009-04-29,0,0,0,0,0,0,0,0,0,0,0,0,0,0,0,0,0,0,0,0,0,0,0,0
8,차룡8교(수위계),2009-04-29,0,9999,9999,9999,9999,9999,9999,9999,9999,9999,9999,9999,9999,9999,9999,9999,9999,9999,9999,9999,9999,9999,9999,9999
1,중앙동,2009-04-30,0,0,0,0,0,0,0,0,0,0,0,0,0,0,0,0,0,0,0,0,0,0,0,0
2,국방연구소,2009-04-30,0,0,0,0,0,0,0,0,0,0,0,0,0,0,0,0,0,0,0,0,0,0,0,0
3,북면,2009-04-30,0,0,0,0,0,0,0,0,0,0,0,0,0,0,0,0,0,0,0,0,0,0,0,0
4,명곡동,2009-04-30,0,0,0,0,0,0,0,0,0,0,0,0,0,0,0,0,0,0,0,0,0,0,0,0
6,성산구청,2009-04-30,0,0,0,0,0,0,0,0,0,0,0,0,0,0,0,0,0,0,0,0,0,0,0,0
7,웅남동,2009-04-30,0,0,0,0,0,0,0,0,0,0,0,0,0,0,0,0,0,0,0,0,0,0,0,0
8,차룡8교(수위계),2009-04-30,0,9999,9999,9999,9999,9999,9999,9999,9999,9999,9999,9999,9999,9999,9999,9999,9999,9999,9999,9999,9999,9999,9999,9999
8,차룡8교(수위계),2009-05-01,0,0,0,0,0,9999,9999,9999,9999,9999,9999,9999,9999,9999,9999,9999,9999,9999,9999,9999,9999,9999,9999,9999
1,중앙동,2009-05-02,0,0,0,0,0,0,0,0,0,0,0,0,0,0,0,0,0,0,0,0,0,0,0,0
2,국방연구소,2009-05-02,0,0,0,0,0,0,0,0,0,0,0,0,0,0,0,0,0,0,0,0,0,0,0,0
3,북면,2009-05-02,0,0,0,0,0,0,0,0,0,0,0,0,0,0,0,0,0,0,0,0,0,0,0,0
4,명곡동,2009-05-02,0,0,0,0,0,0,0,0,0,0,0,0,0,0,0,0,0,0,0,0,0,0,0,0
6,성산구청,2009-05-02,0,0,0,0,0,0,0,0,0,0,0,0,0,0,0,0,0,0,0,0,0,0,0,0
7,웅남동,2009-05-02,0,0,0,0,0,0,0,0,0,0,0,0,0,0,0,0,0,0,0,0,0,0,0,0
8,차룡8교(수위계),2009-05-02,0,9999,9999,9999,9999,9999,9999,9999,9999,9999,9999,9999,9999,9999,9999,9999,9999,9999,9999,9999,9999,9999,9999,9999
1,중앙동,2009-05-03,0,0,0,0,0,0,0,0,0,0,0,0,0,0,0,0,0,0,0,0,0,0,0,0
2,국방연구소,2009-05-03,0,0,0,0,0,0,0,0,0,0,0,0,0,0,0,0,0,0,0,0,0,0,0,0
3,북면,2009-05-03,0,0,0,0,0,0,0,0,0,0,0,0,0,0,0,0,0,0,0,0,0,0,0,0
4,명곡동,2009-05-03,0,0,0,0,0,0,0,0,0,0,0,0,0,0,0,0,0,0,0,0,0,0,0,0
6,성산구청,2009-05-03,0,0,0,0,0,0,0,0,0,0,0,0,0,0,0,0,0,0,0,0,0,0,0,0
7,웅남동,2009-05-03,0,0,0,0,0,0,0,0,0,0,0,0,0,0,0,0,0,0,0,0,0,0,0,0
8,차룡8교(수위계),2009-05-03,0,9999,9999,9999,9999,9999,9999,9999,9999,9999,9999,9999,9999,9999,9999,9999,9999,9999,9999,9999,9999,9999,9999,9999
1,중앙동,2009-05-04,0,0,0,0,0,0,0,0,0,0,0,0,0,0,0,0,0,0,0,0,0,0,0,0
2,국방연구소,2009-05-04,0,0,0,0,0,0,0,0,0,0,0,0,0,0,0,0,0,0,0,0,0,0,0,0
3,북면,2009-05-04,0,0,0,0,0,0,0,0,0,0,0,0,0,0,0,0,0,0,0,0,0,0,0,0
4,명곡동,2009-05-04,0,0,0,0,0,0,0,0,0,0,0,0,0,0,0,0,0,0,0,0,0,0,0,0
6,성산구청,2009-05-04,0,0,0,0,0,0,0,0,0,0,0,0,0,0,0,0,0,0,0,0,0,0,0,0
7,웅남동,2009-05-04,0,0,0,0,0,0,0,0,0,0,0,0,0,0,0,0,0,0,0,0,0,0,0,0
8,차룡8교(수위계),2009-05-04,0,9999,9999,9999,9999,9999,9999,9999,9999,9999,9999,9999,9999,9999,9999,9999,9999,9999,9999,9999,9999,9999,9999,9999
1,중앙동,2009-05-05,0,0,0,0,0,0,0,0,0,0,0,0,0,0,0,0,0,0,0,0,0,0,0,0
2,국방연구소,2009-05-05,0,0,0,0,0,0,0,0,0,0,0,0,0,0,0,0,0,0,0,0,0,0,0,0
3,북면,2009-05-05,0,0,0,0,0,0,0,0,0,0,0,0,0,0,0,0,0,0,0,0,0,0,0,0
4,명곡동,2009-05-05,0,0,0,0,0,0,0,0,0,0,0,0,0,0,0,0,0,0,0,0,0,0,0,0
6,성산구청,2009-05-05,0,0,0,0,0,0,0,0,0,0,0,0,0,0,0,0,0,0,0,0,0,0,0,0
7,웅남동,2009-05-05,0,0,0,0,0,0,0,0,0,0,0,0,0,0,0,0,0,0,0,0,0,0,0,0
8,차룡8교(수위계),2009-05-05,0,9999,9999,9999,9999,9999,9999,9999,9999,9999,9999,9999,9999,9999,9999,9999,9999,9999,9999,9999,9999,9999,9999,9999
1,중앙동,2009-05-06,0,0,0,0,0,0,0,0,0,0,0,0,0,0,0,0,0,0,0,0,0,0,0,0
2,국방연구소,2009-05-06,0,0,0,0,0,0,0,0,0,0,0,0,0,0,0,0,0,0,0,0,0,0,0,0
3,북면,2009-05-06,0,0,0,0,0,0,0,0,0,0,0,0,0,0,0,0,0,0,0,0,0,0,0,0
4,명곡동,2009-05-06,0,0,0,0,0,0,0,0,0,0,0,0,0,0,0,0,0,0,0,0,0,0,0,0
6,성산구청,2009-05-06,0,0,0,0,0,0,0,0,0,0,0,0,0,0,0,0,0,0,0,0,0,0,0,0
7,웅남동,2009-05-06,0,0,0,0,0,0,0,0,0,0,0,0,0,0,0,0,0,0,0,0,0,0,0,0
8,차룡8교(수위계),2009-05-06,0,9999,9999,9999,9999,9999,9999,9999,9999,9999,9999,9999,9999,9999,9999,9999,9999,9999,9999,9999,9999,9999,0,0
8,차룡8교(수위계),2009-05-07,0,0,0,0,0,0,9999,9999,9999,9999,9999,9999,9999,9999,9999,9999,9999,9999,9999,9999,9999,9999,0,9999
1,중앙동,2009-05-08,0,0,0,0,0,0,0,0,0,0,0,0,0,0,0,0,0,0,0,0,0,0,0,0
2,국방연구소,2009-05-08,0,0,0,0,0,0,0,0,0,0,0,0,0,0,0,0,0,0,0,0,0,0,0,0
3,북면,2009-05-08,0,0,0,0,0,0,0,0,0,0,0,0,0,0,0,0,0,0,0,0,0,0,0,0
4,명곡동,2009-05-08,0,0,0,0,0,0,0,0,0,0,0,0,0,0,0,0,0,0,0,0,0,0,0,0
6,성산구청,2009-05-08,0,0,0,0,0,0,0,0,0,0,0,0,0,0,0,0,0,0,0,0,0,0,0,0
7,웅남동,2009-05-08,0,0,0,0,0,0,0,0,0,0,0,0,0,0,0,0,0,0,0,0,0,0,0,0
8,차룡8교(수위계),2009-05-08,0,9999,9999,9999,9999,9999,9999,9999,9999,9999,9999,9999,9999,9999,9999,9999,9999,9999,9999,9999,9999,9999,0,9999
1,중앙동,2009-05-09,0,0,0,0,0,0,0,0,0,0,0,0,0,0,0,0,0,0,0,0,0,0,0,0
2,국방연구소,2009-05-09,0,0,0,0,0,0,0,0,0,0,0,0,0,0,0,0,0,0,0,0,0,0,0,0
3,북면,2009-05-09,0,0,0,0,0,0,0,0,0,0,0,0,0,0,0,0,0,0,0,0,0,0,0,0
4,명곡동,2009-05-09,0,0,0,0,0,0,0,0,0,0,0,0,0,0,0,0,0,0,0,0,0,0,0,0
6,성산구청,2009-05-09,0,0,0,0,0,0,0,0,0,0,0,0,0,0,0,0,0,0,0,0,0,0,0,0
7,웅남동,2009-05-09,0,0,0,0,0,0,0,0,0,0,0,0,0,0,0,0,0,0,0,0,0,0,0,0
8,차룡8교(수위계),2009-05-09,0,9999,9999,9999,9999,9999,9999,9999,9999,9999,9999,9999,9999,9999,0,9999,9999,9999,9999,9999,9999,0,0,0
8,차룡8교(수위계),2009-05-10,0,0,0,0,0,9999,9999,9999,9999,9999,9999,9999,9999,9999,9999,9999,9999,9999,9999,9999,0,0,0,0
8,차룡8교(수위계),2009-05-11,0,0,0,0,0,9999,9999,9999,9999,9999,9999,9999,9999,9999,9999,9999,9999,9999,9999,9999,9999,9999,9999,9999
1,중앙동,2009-05-12,0,0,0,0,0,0,0,0,0,0,0,0,0,0,0,0,0,0,0,0,0,0,0,0
2,국방연구소,2009-05-12,0,0,0,0,0,0,0,0,0,0,0,0,0,0,0,0,0,0,0,0,0,0,0,0
3,북면,2009-05-12,0,0,0,0,0,0,0,0,0,0,0,0,0,0,0,0,0,0,0,0,0,0,0,0
4,명곡동,2009-05-12,0,0,0,0,0,0,0,0,0,0,0,0,0,0,0,0,0,0,0,0,0,0,0,0
6,성산구청,2009-05-12,0,0,0,0,0,0,0,0,0,0,0,0,0,0,0,0,0,0,0,0,0,0,0,0
7,웅남동,2009-05-12,0,0,0,0,0,0,0,0,0,0,0,0,0,0,0,0,0,0,0,0,0,0,0,0
8,차룡8교(수위계),2009-05-12,0,9999,9999,9999,9999,9999,9999,9999,9999,9999,9999,9999,9999,9999,9999,9999,9999,9999,9999,9999,0,0,0,9999
1,중앙동,2009-05-13,0,0,0,0,0,0,0,0,0,0,0,0,0,0,0,0,0,0,0,0,0,0,0,0
2,국방연구소,2009-05-13,0,0,0,0,0,0,0,0,0,0,0,0,0,0,0,0,0,0,0,0,0,0,0,0
3,북면,2009-05-13,0,0,0,0,0,0,0,0,0,0,0,0,0,0,0,0,0,0,0,0,0,0,0,0
4,명곡동,2009-05-13,0,0,0,0,0,0,0,0,0,0,0,0,0,0,0,0,0,0,0,0,0,0,0,0
6,성산구청,2009-05-13,0,0,0,0,0,0,0,0,0,0,0,0,0,0,0,0,0,0,0,0,0,0,0,0
7,웅남동,2009-05-13,0,0,0,0,0,0,0,0,0,0,0,0,0,0,0,0,0,0,0,0,0,0,0,0
8,차룡8교(수위계),2009-05-13,0,9999,9999,9999,9999,9999,9999,9999,9999,9999,9999,9999,9999,9999,9999,9999,9999,9999,9999,9999,9999,0,0,9999
1,중앙동,2009-05-14,0,0,0,0,0,0,0,0,0,0,0,0,0,0,0,0,0,0,0,0,0,0,0,0
2,국방연구소,2009-05-14,0,0,0,0,0,0,0,0,0,0,0,0,0,0,0,0,0,0,0,0,0,0,0,0
3,북면,2009-05-14,0,0,0,0,0,0,0,0,0,0,0,0,0,0,0,0,0,0,0,0,0,0,0,0
4,명곡동,2009-05-14,0,0,0,0,0,0,0,0,0,0,0,0,0,0,0,0,0,0,0,0,0,0,0,0
6,성산구청,2009-05-14,0,0,0,0,0,0,0,0,0,0,0,0,0,0,0,0,0,0,0,0,0,0,0,0
7,웅남동,2009-05-14,0,0,0,0,0,0,0,0,0,0,0,0,0,0,0,0,0,0,0,0,0,0,0,0
8,차룡8교(수위계),2009-05-14,0,9999,9999,9999,9999,9999,9999,9999,9999,9999,9999,9999,9999,9999,9999,9999,9999,9999,9999,9999,0,0,0,9999
1,중앙동,2009-05-15,0,0,0,0,0,0,0,0,0,0,0,0,0,0,0,0,0,0,0,0,0,0,0,0
2,국방연구소,2009-05-15,0,0,0,0,0,0,0,0,0,0,0,0,0,0,0,0,0,0,0,0,0,0,0,0
3,북면,2009-05-15,0,0,0,0,0,0,0,0,0,0,0,0,0,0,0,0,0,0,0,0,0,0,0,0
4,명곡동,2009-05-15,0,0,0,0,0,0,0,0,0,0,0,0,0,0,0,0,0,0,0,0,0,0,0,0
6,성산구청,2009-05-15,0,0,0,0,0,0,0,0,0,0,0,0,0,0,0,0,0,0,0,0,0,0,0,0
7,웅남동,2009-05-15,0,0,0,0,0,0,0,0,0,0,0,0,0,0,0,0,0,0,0,0,0,0,0,0
8,차룡8교(수위계),2009-05-15,0,9999,9999,9999,9999,9999,9999,9999,9999,9999,9999,9999,9999,9999,9999,9999,9999,9999,9999,0,0,0,0,0
8,차룡8교(수위계),2009-05-16,0,0,0,0,0,0,0,0,0,9999,0,0,9999,0,0,0,0,0,0,0,0,0,0,9999
1,중앙동,2009-05-17,0,0,0,0,0,0,0,0,0,0,0,0,0,0,0,0,0,0,0,0,0,0,0,0
2,국방연구소,2009-05-17,0,0,0,0,0,0,0,0,0,0,0,0,0,0,0,0,0,0,0,0,0,0,0,0
3,북면,2009-05-17,0,0,0,0,0,0,0,0,0,0,0,0,0,0,0,0,0,0,0,0,0,0,0,0
4,명곡동,2009-05-17,0,0,0,0,0,0,0,0,0,0,0,0,0,0,0,0,0,0,0,0,0,0,0,0
6,성산구청,2009-05-17,0,0,0,0,0,0,0,0,0,0,0,0,0,0,0,0,0,0,0,0,0,0,0,0
7,웅남동,2009-05-17,0,0,0,0,0,0,0,0,0,0,0,0,0,0,0,0,0,0,0,0,0,0,0,0
8,차룡8교(수위계),2009-05-17,0,9999,9999,9999,9999,9999,9999,9999,9999,9999,9999,9999,9999,9999,9999,9999,9999,9999,9999,0,0,0,0,9999
1,중앙동,2009-05-18,0,0,0,0,0,0,0,0,0,0,0,0,0,0,0,0,0,0,0,0,0,0,0,0
2,국방연구소,2009-05-18,0,0,0,0,0,0,0,0,0,0,0,0,0,0,0,0,0,0,0,0,0,0,0,0
3,북면,2009-05-18,0,0,0,0,0,0,0,0,0,0,0,0,0,0,0,0,0,0,0,0,0,0,0,0
4,명곡동,2009-05-18,0,0,0,0,0,0,0,0,0,0,0,0,0,0,0,0,0,0,0,0,0,0,0,0
6,성산구청,2009-05-18,0,0,0,0,0,0,0,0,0,0,0,0,0,0,0,0,0,0,0,0,0,0,0,0
7,웅남동,2009-05-18,0,0,0,0,0,0,0,0,0,0,0,0,0,0,0,0,0,0,0,0,0,0,0,0
8,차룡8교(수위계),2009-05-18,0,9999,9999,9999,9999,9999,9999,9999,9999,9999,9999,9999,9999,9999,9999,9999,9999,9999,0,0,0,0,0,9999
1,중앙동,2009-05-19,0,0,0,0,0,0,0,0,0,0,0,0,0,0,0,0,0,0,0,0,0,0,0,0
2,국방연구소,2009-05-19,0,0,0,0,0,0,0,0,0,0,0,0,0,0,0,0,0,0,0,0,0,0,0,0
3,북면,2009-05-19,0,0,0,0,0,0,0,0,0,0,0,0,0,0,0,0,0,0,0,0,0,0,0,0
4,명곡동,2009-05-19,0,0,0,0,0,0,0,0,0,0,0,0,0,0,0,0,0,0,0,0,0,0,0,0
6,성산구청,2009-05-19,0,0,0,0,0,0,0,0,0,0,0,0,0,0,0,0,0,0,0,0,0,0,0,0
7,웅남동,2009-05-19,0,0,0,0,0,0,0,0,0,0,0,0,0,0,0,0,0,0,0,0,0,0,0,0
8,차룡8교(수위계),2009-05-19,0,9999,9999,9999,9999,9999,9999,9999,9999,9999,9999,9999,9999,9999,9999,9999,9999,9999,0,0,0,0,0,9999
1,중앙동,2009-05-20,0,0,0,0,0,0,0,0,0,0,0,0,0,0,0,0,0,0,0,0,0,0,0,0
2,국방연구소,2009-05-20,0,0,0,0,0,0,0,0,0,0,0,0,0,0,0,0,0,0,0,0,0,0,0,0
3,북면,2009-05-20,0,0,0,0,0,0,0,0,0,0,0,0,0,0,0,0,0,0,0,0,0,0,0,0
4,명곡동,2009-05-20,0,0,0,0,0,0,0,0,0,0,0,0,0,0,0,0,0,0,0,0,0,0,0,0
6,성산구청,2009-05-20,0,0,0,0,0,0,0,0,0,0,0,0,0,0,0,0,0,0,0,0,0,0,0,0
7,웅남동,2009-05-20,0,0,0,0,0,0,0,0,0,0,0,0,0,0,0,0,0,0,0,0,0,0,0,0
8,차룡8교(수위계),2009-05-20,0,9999,9999,9999,9999,9999,9999,9999,9999,9999,9999,9999,9999,9999,9999,9999,9999,0,0,0,0,0,0,9999
1,중앙동,2009-05-21,0,0,0,0,0,0,0,0,0,0,0,0,0,0,0,0,0,0,0,0,0,0,0,0
2,국방연구소,2009-05-21,0,0,0,0,0,0,0,0,0,0,0,0,0,0,0,0,0,0,0,0,0,0,0,0
3,북면,2009-05-21,0,0,0,0,0,0,0,0,0,0,0,0,0,0,0,0,0,0,0,0,0,0,0,0
4,명곡동,2009-05-21,0,0,0,0,0,0,0,0,0,0,0,0,0,0,0,0,0,0,0,0,0,0,0,0
6,성산구청,2009-05-21,0,0,0,0,0,0,0,0,0,0,0,0,0,0,0,0,0,0,0,0,0,0,0,0
7,웅남동,2009-05-21,0,0,0,0,0,0,0,0,0,0,0,0,0,0,0,0,0,0,0,0,0,0,0,0
8,차룡8교(수위계),2009-05-21,0,9999,9999,9999,9999,9999,9999,9999,9999,9999,9999,9999,9999,9999,9999,0,0,0,0,0,0,0,0,9999
1,중앙동,2009-05-22,0,0,0,0,0,0,0,0,0,0,0,0,0,0,0,0,0,0,0,0,0,0,0,0
2,국방연구소,2009-05-22,0,0,0,0,0,0,0,0,0,0,0,0,0,0,0,0,0,0,0,0,0,0,0,0
3,북면,2009-05-22,0,0,0,0,0,0,0,0,0,0,0,0,0,0,0,0,0,0,0,0,0,0,0,0
4,명곡동,2009-05-22,0,0,0,0,0,0,0,0,0,0,0,0,0,0,0,0,0,0,0,0,0,0,0,0
6,성산구청,2009-05-22,0,0,0,0,0,0,0,0,0,0,0,0,0,0,0,0,0,0,0,0,0,0,0,0
7,웅남동,2009-05-22,0,0,0,0,0,0,0,0,0,0,0,0,0,0,0,0,0,0,0,0,0,0,0,0
8,차룡8교(수위계),2009-05-22,0,9999,9999,9999,9999,9999,9999,9999,9999,9999,9999,9999,9999,9999,9999,9999,9999,9999,9999,9999,9999,0,0,0
8,차룡8교(수위계),2009-05-23,0,0,0,0,0,9999,0,9999,9999,9999,9999,9999,9999,9999,9999,9999,9999,9999,9999,9999,9999,0,0,9999
1,중앙동,2009-05-24,0,0,0,0,0,0,0,0,0,0,0,0,0,0,0,0,0,0,0,0,0,0,0,0
2,국방연구소,2009-05-24,0,0,0,0,0,0,0,0,0,0,0,0,0,0,0,0,0,0,0,0,0,0,0,0
3,북면,2009-05-24,0,0,0,0,0,0,0,0,0,0,0,0,0,0,0,0,0,0,0,0,0,0,0,0
4,명곡동,2009-05-24,0,0,0,0,0,0,0,0,0,0,0,0,0,0,0,0,0,0,0,0,0,0,0,0
6,성산구청,2009-05-24,0,0,0,0,0,0,0,0,0,0,0,0,0,0,0,0,0,0,0,0,0,0,0,0
7,웅남동,2009-05-24,0,0,0,0,0,0,0,0,0,0,0,0,0,0,0,0,0,0,0,0,0,0,0,0
8,차룡8교(수위계),2009-05-24,0,9999,9999,9999,9999,9999,9999,9999,9999,9999,9999,9999,9999,9999,9999,9999,9999,9999,9999,9999,0,0,0,9999
1,중앙동,2009-05-25,0,0,0,0,0,0,0,0,0,0,0,0,0,0,0,0,0,0,0,0,0,0,0,0
2,국방연구소,2009-05-25,0,0,0,0,0,0,0,0,0,0,0,0,0,0,0,0,0,0,0,0,0,0,0,0
3,북면,2009-05-25,0,0,0,0,0,0,0,0,0,0,0,0,0,0,0,0,0,0,0,0,0,0,0,0
4,명곡동,2009-05-25,0,0,0,0,0,0,0,0,0,0,0,0,0,0,0,0,0,0,0,0,0,0,0,0
6,성산구청,2009-05-25,0,0,0,0,0,0,0,0,0,0,0,0,0,0,0,0,0,0,0,0,0,0,0,0
7,웅남동,2009-05-25,0,0,0,0,0,0,0,0,0,0,0,0,0,0,0,0,0,0,0,0,0,0,0,0
8,차룡8교(수위계),2009-05-25,0,9999,9999,9999,9999,9999,9999,9999,9999,9999,9999,9999,9999,9999,9999,9999,9999,9999,9999,9999,0,0,0,9999
1,중앙동,2009-05-26,0,0,0,0,0,0,0,0,0,0,0,0,0,0,0,0,0,0,0,0,0,0,0,0
2,국방연구소,2009-05-26,0,0,0,0,0,0,0,0,0,0,0,0,0,0,0,0,0,0,0,0,0,0,0,0
3,북면,2009-05-26,0,0,0,0,0,0,0,0,0,0,0,0,0,0,0,0,0,0,0,0,0,0,0,0
4,명곡동,2009-05-26,0,0,0,0,0,0,0,0,0,0,0,0,0,0,0,0,0,0,0,0,0,0,0,0
6,성산구청,2009-05-26,0,0,0,0,0,0,0,0,0,0,0,0,0,0,0,0,0,0,0,0,0,0,0,0
7,웅남동,2009-05-26,0,0,0,0,0,0,0,0,0,0,0,0,0,0,0,0,0,0,0,0,0,0,0,0
8,차룡8교(수위계),2009-05-26,0,9999,9999,9999,9999,9999,9999,9999,9999,9999,9999,9999,9999,9999,9999,9999,9999,9999,9999,0,0,0,0,0
8,차룡8교(수위계),2009-05-27,0,0,0,0,0,9999,9999,9999,9999,9999,9999,9999,9999,9999,9999,9999,9999,0,0,0,0,0,0,9999
1,중앙동,2009-05-28,0,0,0,0,0,0,0,0,0,0,0,0,0,0,0,0,0,0,0,0,0,0,0,0
2,국방연구소,2009-05-28,0,0,0,0,0,0,0,0,0,0,0,0,0,0,0,0,0,0,0,0,0,0,0,0
3,북면,2009-05-28,0,0,0,0,0,0,0,0,0,0,0,0,0,0,0,0,0,0,0,0,0,0,0,0
4,명곡동,2009-05-28,0,0,0,0,0,0,0,0,0,0,0,0,0,0,0,0,0,0,0,0,0,0,0,0
6,성산구청,2009-05-28,0,0,0,0,0,0,0,0,0,0,0,0,0,0,0,0,0,0,0,0,0,0,0,0
7,웅남동,2009-05-28,0,0,0,0,0,0,0,0,0,0,0,0,0,0,0,0,0,0,0,0,0,0,0,0
8,차룡8교(수위계),2009-05-28,0,9999,9999,9999,9999,9999,9999,9999,9999,9999,9999,9999,9999,9999,9999,9999,9999,9999,9999,9999,0,0,0,0
8,차룡8교(수위계),2009-05-29,0,0,0,0,0,9999,9999,9999,9999,9999,9999,9999,9999,9999,9999,9999,9999,9999,0,0,0,0,0,9999
1,중앙동,2009-05-30,0,0,0,0,0,0,0,0,0,0,0,0,0,0,0,0,0,0,0,0,0,0,0,0
2,국방연구소,2009-05-30,0,0,0,0,0,0,0,0,0,0,0,0,0,0,0,0,0,0,0,0,0,0,0,0
3,북면,2009-05-30,0,0,0,0,0,0,0,0,0,0,0,0,0,0,0,0,0,0,0,0,0,0,0,0
4,명곡동,2009-05-30,0,0,0,0,0,0,0,0,0,0,0,0,0,0,0,0,0,0,0,0,0,0,0,0
6,성산구청,2009-05-30,0,0,0,0,0,0,0,0,0,0,0,0,0,0,0,0,0,0,0,0,0,0,0,0
7,웅남동,2009-05-30,0,0,0,0,0,0,0,0,0,0,0,0,0,0,0,0,0,0,0,0,0,0,0,0
8,차룡8교(수위계),2009-05-30,0,9999,9999,9999,9999,9999,9999,9999,9999,9999,9999,9999,9999,9999,9999,9999,9999,9999,0,0,0,0,0,9999
1,중앙동,2009-05-31,0,0,0,0,0,0,0,0,0,0,0,0,0,0,0,0,0,0,0,0,0,0,0,0
2,국방연구소,2009-05-31,0,0,0,0,0,0,0,0,0,0,0,0,0,0,0,0,0,0,0,0,0,0,0,0
3,북면,2009-05-31,0,0,0,0,0,0,0,0,0,0,0,0,0,0,0,0,0,0,0,0,0,0,0,0
4,명곡동,2009-05-31,0,0,0,0,0,0,0,0,0,0,0,0,0,0,0,0,0,0,0,0,0,0,0,0
6,성산구청,2009-05-31,0,0,0,0,0,0,0,0,0,0,0,0,0,0,0,0,0,0,0,0,0,0,0,0
7,웅남동,2009-05-31,0,0,0,0,0,0,0,0,0,0,0,0,0,0,0,0,0,0,0,0,0,0,0,0
8,차룡8교(수위계),2009-05-31,0,9999,9999,9999,9999,9999,9999,9999,9999,9999,9999,9999,9999,9999,9999,9999,9999,9999,0,0,0,0,0,9999
1,중앙동,2009-06-01,0,0,0,0,0,0,0,0,0,0,0,0,0,0,0,0,0,0,0,0,0,0,0,0
2,국방연구소,2009-06-01,0,0,0,0,0,0,0,0,0,0,0,0,0,0,0,0,0,0,0,0,0,0,0,0
3,북면,2009-06-01,0,0,0,0,0,0,0,0,0,0,0,0,0,0,0,0,0,0,0,0,0,0,0,0
4,명곡동,2009-06-01,0,0,0,0,0,0,0,0,0,0,0,0,0,0,0,0,0,0,0,0,0,0,0,0
6,성산구청,2009-06-01,0,0,0,0,0,0,0,0,0,0,0,0,0,0,0,0,0,0,0,0,0,0,0,0
7,웅남동,2009-06-01,0,0,0,0,0,0,0,0,0,0,0,0,0,0,0,0,0,0,0,0,0,0,0,0
8,차룡8교(수위계),2009-06-01,0,9999,9999,9999,9999,9999,9999,9999,9999,9999,9999,9999,9999,9999,9999,9999,9999,0,0,0,0,0,0,9999
1,중앙동,2009-06-02,0,0,0,0,0,0,0,0,0,0,0,0,0,0,0,0,0,0,0,0,0,0,0,0
2,국방연구소,2009-06-02,0,0,0,0,0,0,0,0,0,0,0,0,0,0,0,0,0,0,0,0,0,0,0,0
3,북면,2009-06-02,0,0,0,0,0,0,0,0,0,0,0,0,0,0,0,0,0,0,0,0,0,0,0,0
4,명곡동,2009-06-02,0,0,0,0,0,0,0,0,0,0,0,0,0,0,0,0,0,0,0,0,0,0,0,0
6,성산구청,2009-06-02,0,0,0,0,0,0,0,0,0,0,0,0,0,0,0,0,0,0,0,0,0,0,0,0
7,웅남동,2009-06-02,0,0,0,0,0,0,0,0,0,0,0,0,0,0,0,0,0,0,0,0,0,0,0,0
8,차룡8교(수위계),2009-06-02,0,9999,9999,9999,9999,9999,9999,9999,9999,9999,9999,9999,9999,9999,9999,9999,9999,9999,9999,9999,0,0,0,9999
1,중앙동,2009-06-03,0,0,0,0,0,0,0,0,0,0,0,0,0,0,0,0,0,0,0,0,0,0,0,0
2,국방연구소,2009-06-03,0,0,0,0,0,0,0,0,0,0,0,0,0,0,0,0,0,0,0,0,0,0,0,0
3,북면,2009-06-03,0,0,0,0,0,0,0,0,0,0,0,0,0,0,0,0,0,0,0,0,0,0,0,0
4,명곡동,2009-06-03,0,0,0,0,0,0,0,0,0,0,0,0,0,0,0,0,0,0,0,0,0,0,0,0
6,성산구청,2009-06-03,0,0,0,0,0,0,0,0,0,0,0,0,0,0,0,0,0,0,0,0,0,0,0,0
7,웅남동,2009-06-03,0,0,0,0,0,0,0,0,0,0,0,0,0,0,0,0,0,0,0,0,0,0,0,0
8,차룡8교(수위계),2009-06-03,0,9999,9999,9999,9999,9999,9999,9999,9999,9999,9999,9999,9999,9999,9999,9999,9999,9999,9999,9999,9999,0,0,9999
1,중앙동,2009-06-04,0,0,0,0,0,0,0,0,0,0,0,0,0,0,0,0,0,0,0,0,0,0,0,0
2,국방연구소,2009-06-04,0,0,0,0,0,0,0,0,0,0,0,0,0,0,0,0,0,0,0,0,0,0,0,0
3,북면,2009-06-04,0,0,0,0,0,0,0,0,0,0,0,0,0,0,0,0,0,0,0,0,0,0,0,0
4,명곡동,2009-06-04,0,0,0,0,0,0,0,0,0,0,0,0,0,0,0,0,0,0,0,0,0,0,0,0
6,성산구청,2009-06-04,0,0,0,0,0,0,0,0,0,0,0,0,0,0,0,0,0,0,0,0,0,0,0,0
7,웅남동,2009-06-04,0,0,0,0,0,0,0,0,0,0,0,0,0,0,0,0,0,0,0,0,0,0,0,0
8,차룡8교(수위계),2009-06-04,0,9999,9999,9999,9999,9999,9999,9999,9999,9999,9999,9999,9999,9999,9999,9999,9999,9999,9999,9999,9999,9999,9999,9999
1,중앙동,2009-06-05,0,0,0,0,0,0,0,0,0,0,0,0,0,0,0,0,0,0,0,0,0,0,0,0
2,국방연구소,2009-06-05,0,0,0,0,0,0,0,0,0,0,0,0,0,0,0,0,0,0,0,0,0,0,0,0
3,북면,2009-06-05,0,0,0,0,0,0,0,0,0,0,0,0,0,0,0,0,0,0,0,0,0,0,0,0
4,명곡동,2009-06-05,0,0,0,0,0,0,0,0,0,0,0,0,0,0,0,0,0,0,0,0,0,0,0,0
6,성산구청,2009-06-05,0,0,0,0,0,0,0,0,0,0,0,0,0,0,0,0,0,0,0,0,0,0,0,0
7,웅남동,2009-06-05,0,0,0,0,0,0,0,0,0,0,0,0,0,0,0,0,0,0,0,0,0,0,0,0
8,차룡8교(수위계),2009-06-05,0,9999,9999,9999,9999,9999,9999,9999,9999,9999,9999,9999,9999,9999,9999,9999,9999,9999,9999,9999,9999,9999,9999,9999
1,중앙동,2009-06-06,0,0,0,0,0,0,0,0,0,0,0,0,0,0,0,0,0,0,0,0,0,0,0,0
2,국방연구소,2009-06-06,0,0,0,0,0,0,0,0,0,0,0,0,0,0,0,0,0,0,0,0,0,0,0,0
3,북면,2009-06-06,0,0,0,0,0,0,0,0,0,0,0,0,0,0,0,0,0,0,0,0,0,0,0,0
4,명곡동,2009-06-06,0,0,0,0,0,0,0,0,0,0,0,0,0,0,0,0,0,0,0,0,0,0,0,0
6,성산구청,2009-06-06,0,0,0,0,0,0,0,0,0,0,0,0,0,0,0,0,0,0,0,0,0,0,0,0
7,웅남동,2009-06-06,0,0,0,0,0,0,0,0,0,0,0,0,0,0,0,0,0,0,0,0,0,0,0,0
8,차룡8교(수위계),2009-06-06,0,9999,9999,9999,9999,9999,9999,9999,9999,9999,9999,9999,9999,9999,9999,9999,9999,9999,9999,9999,9999,9999,9999,9999
8,차룡8교(수위계),2009-06-07,0,9999,9999,9999,9999,9999,9999,9999,9999,9999,9999,9999,9999,9999,9999,9999,9999,9999,9999,9999,9999,9999,9999,9999
8,차룡8교(수위계),2009-06-08,0,9999,9999,9999,9999,9999,9999,9999,9999,9999,9999,9999,9999,9999,9999,9999,9999,9999,9999,0,0,0,0,0
8,차룡8교(수위계),2009-06-09,0,0,0,0,0,0,0,9999,9999,9999,9999,9999,9999,9999,9999,9999,9999,9999,9999,9999,0,0,0,9999
1,중앙동,2009-06-10,0,0,0,0,0,0,0,0,0,0,0,0,0,0,0,0,0,0,0,0,0,0,0,0
2,국방연구소,2009-06-10,0,0,0,0,0,0,0,0,0,0,0,0,0,0,0,0,0,0,0,0,0,0,0,0
3,북면,2009-06-10,0,0,0,0,0,0,0,0,0,0,0,0,0,0,0,0,0,0,0,0,0,0,0,0
4,명곡동,2009-06-10,0,0,0,0,0,0,0,0,0,0,0,0,0,0,0,0,0,0,0,0,0,0,0,0
6,성산구청,2009-06-10,0,0,0,0,0,0,0,0,0,0,0,0,0,0,0,0,0,0,0,0,0,0,0,0
7,웅남동,2009-06-10,0,0,0,0,0,0,0,0,0,0,0,0,0,0,0,0,0,0,0,0,0,0,0,0
8,차룡8교(수위계),2009-06-10,0,9999,9999,9999,9999,9999,9999,9999,9999,9999,9999,9999,9999,9999,9999,9999,9999,9999,9999,9999,9999,9999,9999,0
8,차룡8교(수위계),2009-06-11,0,0,0,0,0,0,0,0,0,0,0,0,0,0,0,0,0,0,0,0,0,0,0,0
1,중앙동,2009-06-13,0,0,0,0,0,0,0,0,0,0,0,0,0,0,0,0,0,0,0,0,0,0,0,0
2,국방연구소,2009-06-13,0,0,0,0,0,0,0,0,0,0,0,0,0,0,0,0,0,0,0,0,0,0,0,0
3,북면,2009-06-13,0,0,0,0,0,0,0,0,0,0,0,0,0,0,0,0,0,0,0,0,0,0,0,0
4,명곡동,2009-06-13,0,0,0,0,0,0,0,0,0,0,0,0,0,0,0,0,0,0,0,0,0,0,0,0
6,성산구청,2009-06-13,0,0,0,0,0,0,0,0,0,0,0,0,0,0,0,0,0,0,0,0,0,0,0,0
7,웅남동,2009-06-13,0,0,0,0,0,0,0,0,0,0,0,0,0,0,0,0,0,0,0,0,0,0,0,0
8,차룡8교(수위계),2009-06-13,0,0,0,0,0,0,0,0,0,0,0,0,0,0,0,0,0,0,0,0,0,0,0,0
1,중앙동,2009-06-14,0,0,0,0,0,0,0,0,0,0,0,0,0,0,0,0,0,0,0,0,0,0,0,0
2,국방연구소,2009-06-14,0,0,0,0,0,0,0,0,0,0,0,0,0,0,0,0,0,0,0,0,0,0,0,0
3,북면,2009-06-14,0,0,0,0,0,0,0,0,0,0,0,0,0,0,0,0,0,0,0,0,0,0,0,0
4,명곡동,2009-06-14,0,0,0,0,0,0,0,0,0,0,0,0,0,0,0,0,0,0,0,0,0,0,0,0
6,성산구청,2009-06-14,0,0,0,0,0,0,0,0,0,0,0,0,0,0,0,0,0,0,0,0,0,0,0,0
7,웅남동,2009-06-14,0,0,0,0,0,0,0,0,0,0,0,0,0,0,0,0,0,0,0,0,0,0,0,0
8,차룡8교(수위계),2009-06-14,0,0,0,0,0,0,0,0,0,0,0,0,0,0,0,0,0,0,0,0,0,0,0,0
1,중앙동,2009-06-15,0,0,0,0,0,0,0,0,0,0,0,0,0,0,0,0,0,0,0,0,0,0,0,0
2,국방연구소,2009-06-15,0,0,0,0,0,0,0,0,0,0,0,0,0,0,0,0,0,0,0,0,0,0,0,0
3,북면,2009-06-15,0,0,0,0,0,0,0,0,0,0,0,0,0,0,0,0,0,0,0,0,0,0,0,0
4,명곡동,2009-06-15,0,0,0,0,0,0,0,0,0,0,0,0,0,0,0,0,0,0,0,0,0,0,0,0
6,성산구청,2009-06-15,0,0,0,0,0,0,0,0,0,0,0,0,0,0,0,0,0,0,0,0,0,0,0,0
7,웅남동,2009-06-15,0,0,0,0,0,0,0,0,0,0,0,0,0,0,0,0,0,0,0,0,0,0,0,0
8,차룡8교(수위계),2009-06-15,0,0,0,0,0,0,0,0,0,0,0,0,0,0,0,0,0,0,0,0,0,0,0,0
1,중앙동,2009-06-16,0,0,0,0,0,0,0,0,0,0,0,0,0,0,0,0,0,0,0,0,0,0,0,0
2,국방연구소,2009-06-16,0,0,0,0,0,0,0,0,0,0,0,0,0,0,0,0,0,0,0,0,0,0,0,0
3,북면,2009-06-16,0,0,0,0,0,0,0,0,0,0,0,0,0,0,0,0,0,0,0,0,0,0,0,0
4,명곡동,2009-06-16,0,0,0,0,0,0,0,0,0,0,0,0,0,0,0,0,0,0,0,0,0,0,0,0
6,성산구청,2009-06-16,0,0,0,0,0,0,0,0,0,0,0,0,0,0,0,0,0,0,0,0,0,0,0,0
7,웅남동,2009-06-16,0,0,0,0,0,0,0,0,0,0,0,0,0,0,0,0,0,0,0,0,0,0,0,0
8,차룡8교(수위계),2009-06-16,0,0,0,0,0,0,0,0,0,0,0,0,0,0,0,0,0,0,0,0,0,0,0,9999
1,중앙동,2009-06-17,0,0,0,0,0,0,0,0,0,0,0,0,0,0,0,0,0,0,0,0,0,0,0,0
2,국방연구소,2009-06-17,0,0,0,0,0,0,0,0,0,0,0,0,0,0,0,0,0,0,0,0,0,0,0,0
3,북면,2009-06-17,0,0,0,0,0,0,0,0,0,0,0,0,0,0,0,0,0,0,0,0,0,0,0,0
4,명곡동,2009-06-17,0,0,0,0,0,0,0,0,0,0,0,0,0,0,0,0,0,0,0,0,0,0,0,0
6,성산구청,2009-06-17,0,0,0,0,0,0,0,0,0,0,0,0,0,0,0,0,0,0,0,0,0,0,0,0
7,웅남동,2009-06-17,0,0,0,0,0,0,0,0,0,0,0,0,0,0,0,0,0,0,0,0,0,0,0,0
8,차룡8교(수위계),2009-06-17,0,9999,9999,9999,9999,9999,9999,9999,9999,9999,9999,9999,9999,9999,9999,9999,9999,9999,9999,9999,9999,9999,9999,9999
1,중앙동,2009-06-18,0,0,0,0,0,0,0,0,0,0,0,0,0,0,0,0,0,0,0,0,0,0,0,0
2,국방연구소,2009-06-18,0,0,0,0,0,0,0,0,0,0,0,0,0,0,0,0,0,0,0,0,0,0,0,0
3,북면,2009-06-18,0,0,0,0,0,0,0,0,0,0,0,0,0,0,0,0,0,0,0,0,0,0,0,0
4,명곡동,2009-06-18,0,0,0,0,0,0,0,0,0,0,0,0,0,0,0,0,0,0,0,0,0,0,0,0
6,성산구청,2009-06-18,0,0,0,0,0,0,0,0,0,0,0,0,0,0,0,0,0,0,0,0,0,0,0,0
7,웅남동,2009-06-18,0,0,0,0,0,0,0,0,0,0,0,0,0,0,0,0,0,0,0,0,0,0,0,0
8,차룡8교(수위계),2009-06-18,0,9999,9999,9999,9999,9999,9999,9999,9999,9999,9999,9999,9999,9999,9999,9999,9999,9999,9999,9999,9999,9999,0,0
8,차룡8교(수위계),2009-06-19,0,0,0,0,0,9999,9999,9999,9999,9999,9999,9999,9999,9999,9999,9999,9999,9999,9999,9999,9999,9999,9999,9999
8,차룡8교(수위계),2009-06-20,0,0,0,0,0,9999,9999,9999,9999,9999,9999,9999,9999,9999,9999,9999,9999,9999,9999,9999,9999,9999,9999,9999
8,차룡8교(수위계),2009-06-21,0,0,0,0,0,9999,9999,9999,9999,9999,9999,9999,9999,9999,9999,9999,9999,9999,9999,9999,9999,9999,9999,9999
1,중앙동,2009-06-22,0,0,0,0,0,0,0,0,0,0,0,0,0,0,0,0,0,0,0,0,0,0,0,0
2,국방연구소,2009-06-22,0,0,0,0,0,0,0,0,0,0,0,0,0,0,0,0,0,0,0,0,0,0,0,0
3,북면,2009-06-22,0,0,0,0,0,0,0,0,0,0,0,0,0,0,0,0,0,0,0,0,0,0,0,0
4,명곡동,2009-06-22,0,0,0,0,0,0,0,0,0,0,0,0,0,0,0,0,0,0,0,0,0,0,0,0
6,성산구청,2009-06-22,0,0,0,0,0,0,0,0,0,0,0,0,0,0,0,0,0,0,0,0,0,0,0,0
7,웅남동,2009-06-22,0,0,0,0,0,0,0,0,0,0,0,0,0,0,0,0,0,0,0,0,0,0,0,0
8,차룡8교(수위계),2009-06-22,0,9999,9999,9999,9999,9999,9999,9999,9999,9999,9999,0,9999,9999,9999,9999,9999,9999,9999,0,0,0,0,9999
1,중앙동,2009-06-23,0,0,0,0,0,0,0,0,0,0,0,0,0,0,0,0,0,0,0,0,0,0,0,0
2,국방연구소,2009-06-23,0,0,0,0,0,0,0,0,0,0,0,0,0,0,0,0,0,0,0,0,0,0,0,0
3,북면,2009-06-23,0,0,0,0,0,0,0,0,0,0,0,0,0,0,0,0,0,0,0,0,0,0,0,0
4,명곡동,2009-06-23,0,0,0,0,0,0,0,0,0,0,0,0,0,0,0,0,0,0,0,0,0,0,0,0
6,성산구청,2009-06-23,0,0,0,0,0,0,0,0,0,0,0,0,0,0,0,0,0,0,0,0,0,0,0,0
7,웅남동,2009-06-23,0,0,0,0,0,0,0,0,0,0,0,0,0,0,0,0,0,0,0,0,0,0,0,0
8,차룡8교(수위계),2009-06-23,0,9999,9999,9999,9999,9999,9999,9999,9999,9999,9999,9999,9999,9999,9999,9999,9999,0,0,0,0,0,0,0
8,차룡8교(수위계),2009-06-24,0,0,0,0,0,9999,9999,9999,9999,9999,9999,9999,9999,9999,9999,9999,9999,0,0,0,0,0,0,9999
1,중앙동,2009-06-25,0,0,0,0,0,0,0,0,0,0,0,0,0,0,0,0,0,0,0,0,0,0,0,0
2,국방연구소,2009-06-25,0,0,0,0,0,0,0,0,0,0,0,0,0,0,0,0,0,0,0,0,0,0,0,0
3,북면,2009-06-25,0,0,0,0,0,0,0,0,0,0,0,0,0,0,0,0,0,0,0,0,0,0,0,0
4,명곡동,2009-06-25,0,0,0,0,0,0,0,0,0,0,0,0,0,0,0,0,0,0,0,0,0,0,0,0
6,성산구청,2009-06-25,0,0,0,0,0,0,0,0,0,0,0,0,0,0,0,0,0,0,0,0,0,0,0,0
7,웅남동,2009-06-25,0,0,0,0,0,0,0,0,0,0,0,0,0,0,0,0,0,0,0,0,0,0,0,0
8,차룡8교(수위계),2009-06-25,0,9999,9999,9999,9999,9999,9999,9999,9999,9999,9999,9999,9999,9999,9999,9999,0,0,0,0,0,0,0,9999
1,중앙동,2009-06-26,0,0,0,0,0,0,0,0,0,0,0,0,0,0,0,0,0,0,0,0,0,0,0,0
2,국방연구소,2009-06-26,0,0,0,0,0,0,0,0,0,0,0,0,0,0,0,0,0,0,0,0,0,0,0,0
3,북면,2009-06-26,0,0,0,0,0,0,0,0,0,0,0,0,0,0,0,0,0,0,0,0,0,0,0,0
4,명곡동,2009-06-26,0,0,0,0,0,0,0,0,0,0,0,0,0,0,0,0,0,0,0,0,0,0,0,0
6,성산구청,2009-06-26,0,0,0,0,0,0,0,0,0,0,0,0,0,0,0,0,0,0,0,0,0,0,0,0
7,웅남동,2009-06-26,0,0,0,0,0,0,0,0,0,0,0,0,0,0,0,0,0,0,0,0,0,0,0,0
8,차룡8교(수위계),2009-06-26,0,9999,9999,9999,9999,9999,9999,9999,9999,9999,9999,9999,9999,9999,9999,9999,9999,0,0,0,0,0,0,9999
1,중앙동,2009-06-27,0,0,0,0,0,0,0,0,0,0,0,0,0,0,0,0,0,0,0,0,0,0,0,0
2,국방연구소,2009-06-27,0,0,0,0,0,0,0,0,0,0,0,0,0,0,0,0,0,0,0,0,0,0,0,0
3,북면,2009-06-27,0,0,0,0,0,0,0,0,0,0,0,0,0,0,0,0,0,0,0,0,0,0,0,0
4,명곡동,2009-06-27,0,0,0,0,0,0,0,0,0,0,0,0,0,0,0,0,0,0,0,0,0,0,0,0
6,성산구청,2009-06-27,0,0,0,0,0,0,0,0,0,0,0,0,0,0,0,0,0,0,0,0,0,0,0,0
7,웅남동,2009-06-27,0,0,0,0,0,0,0,0,0,0,0,0,0,0,0,0,0,0,0,0,0,0,0,0
8,차룡8교(수위계),2009-06-27,0,9999,9999,9999,9999,9999,9999,9999,9999,9999,9999,9999,9999,9999,9999,9999,9999,9999,9999,0,0,0,0,9999
1,중앙동,2009-06-28,0,0,0,0,0,0,0,0,0,0,0,0,0,0,0,0,0,0,0,0,0,0,0,0
2,국방연구소,2009-06-28,0,0,0,0,0,0,0,0,0,0,0,0,0,0,0,0,0,0,0,0,0,0,0,0
3,북면,2009-06-28,0,0,0,0,0,0,0,0,0,0,0,0,0,0,0,0,0,0,0,0,0,0,0,0
4,명곡동,2009-06-28,0,0,0,0,0,0,0,0,0,0,0,0,0,0,0,0,0,0,0,0,0,0,0,0
6,성산구청,2009-06-28,0,0,0,0,0,0,0,0,0,0,0,0,0,0,0,0,0,0,0,0,0,0,0,0
7,웅남동,2009-06-28,0,0,0,0,0,0,0,0,0,0,0,0,0,0,0,0,0,0,0,0,0,0,0,0
8,차룡8교(수위계),2009-06-28,0,9999,9999,9999,9999,9999,9999,9999,9999,9999,9999,9999,9999,9999,9999,9999,9999,9999,9999,9999,9999,9999,0,9999
1,중앙동,2009-06-29,0,0,0,0,0,0,0,0,0,0,0,0,0,0,0,0,0,0,0,0,0,0,0,0
2,국방연구소,2009-06-29,0,0,0,0,0,0,0,0,0,0,0,0,0,0,0,0,0,0,0,0,0,0,0,0
3,북면,2009-06-29,0,0,0,0,0,0,0,0,0,0,0,0,0,0,0,0,0,0,0,0,0,0,0,0
4,명곡동,2009-06-29,0,0,0,0,0,0,0,0,0,0,0,0,0,0,0,0,0,0,0,0,0,0,0,0
6,성산구청,2009-06-29,0,0,0,0,0,0,0,0,0,0,0,0,0,0,0,0,0,0,0,0,0,0,0,0
7,웅남동,2009-06-29,0,0,0,0,0,0,0,0,0,0,0,0,0,0,0,0,0,0,0,0,0,0,0,0
8,차룡8교(수위계),2009-06-29,0,9999,9999,9999,9999,9999,9999,9999,9999,9999,9999,9999,9999,9999,9999,9999,9999,9999,9999,9999,9999,9999,0,9999
1,중앙동,2009-06-30,0,0,0,0,0,0,0,0,0,0,0,0,0,0,0,0,0,0,0,0,0,0,0,0
2,국방연구소,2009-06-30,0,0,0,0,0,0,0,0,0,0,0,0,0,0,0,0,0,0,0,0,0,0,0,0
3,북면,2009-06-30,0,0,0,0,0,0,0,0,0,0,0,0,0,0,0,0,0,0,0,0,0,0,0,0
4,명곡동,2009-06-30,0,0,0,0,0,0,0,0,0,0,0,0,0,0,0,0,0,0,0,0,0,0,0,0
6,성산구청,2009-06-30,0,0,0,0,0,0,0,0,0,0,0,0,0,0,0,0,0,0,0,0,0,0,0,0
7,웅남동,2009-06-30,0,0,0,0,0,0,0,0,0,0,0,0,0,0,0,0,0,0,0,0,0,0,0,0
8,차룡8교(수위계),2009-06-30,0,9999,9999,9999,9999,9999,9999,9999,9999,9999,9999,9999,9999,9999,9999,9999,9999,0,0,0,0,0,0,0
8,차룡8교(수위계),2009-07-01,0,0,0,0,0,0,9999,9999,9999,9999,9999,9999,9999,9999,9999,9999,9999,0,0,0,0,0,0,9999
1,중앙동,2009-07-02,0,0,0,0,0,0,0,0,0,0,0,0,0,0,0,0,0,0,0,0,0,0,0,0
2,국방연구소,2009-07-02,0,0,0,0,0,0,0,0,0,0,0,0,0,0,0,0,0,0,0,0,0,0,0,0
3,북면,2009-07-02,0,0,0,0,0,0,0,0,0,0,0,0,0,0,0,0,0,0,0,0,0,0,0,0
4,명곡동,2009-07-02,0,0,0,0,0,0,0,0,0,0,0,0,0,0,0,0,0,0,0,0,0,0,0,0
6,성산구청,2009-07-02,0,0,0,0,0,0,0,0,0,0,0,0,0,0,0,0,0,0,0,0,0,0,0,0
7,웅남동,2009-07-02,0,0,0,0,0,0,0,0,0,0,0,0,0,0,0,0,0,0,0,0,0,0,0,0
8,차룡8교(수위계),2009-07-02,0,9999,9999,9999,9999,9999,9999,9999,9999,9999,9999,9999,9999,9999,9999,9999,0,0,0,0,0,0,0,9999
1,중앙동,2009-07-03,0,0,0,0,0,0,0,0,0,0,0,0,0,0,0,0,0,0,0,0,0,0,0,0
2,국방연구소,2009-07-03,0,0,0,0,0,0,0,0,0,0,0,0,0,0,0,0,0,0,0,0,0,0,0,0
3,북면,2009-07-03,0,0,0,0,0,0,0,0,0,0,0,0,0,0,0,0,0,0,0,0,0,0,0,0
4,명곡동,2009-07-03,0,0,0,0,0,0,0,0,0,0,0,0,0,0,0,0,0,0,0,0,0,0,0,0
6,성산구청,2009-07-03,0,0,0,0,0,0,0,0,0,0,0,0,0,0,0,0,0,0,0,0,0,0,0,0
7,웅남동,2009-07-03,0,0,0,0,0,0,0,0,0,0,0,0,0,0,0,0,0,0,0,0,0,0,0,0
8,차룡8교(수위계),2009-07-03,0,9999,9999,9999,9999,9999,9999,9999,9999,9999,9999,9999,9999,9999,9999,9999,9999,9999,0,0,0,0,0,9999
1,중앙동,2009-07-04,0,0,0,0,0,0,0,0,0,0,0,0,0,0,0,0,0,0,0,0,0,0,0,0
2,국방연구소,2009-07-04,0,0,0,0,0,0,0,0,0,0,0,0,0,0,0,0,0,0,0,0,0,0,0,0
3,북면,2009-07-04,0,0,0,0,0,0,0,0,0,0,0,0,0,0,0,0,0,0,0,0,0,0,0,0
4,명곡동,2009-07-04,0,0,0,0,0,0,0,0,0,0,0,0,0,0,0,0,0,0,0,0,0,0,0,0
6,성산구청,2009-07-04,0,0,0,0,0,0,0,0,0,0,0,0,0,0,0,0,0,0,0,0,0,0,0,0
7,웅남동,2009-07-04,0,0,0,0,0,0,0,0,0,0,0,0,0,0,0,0,0,0,0,0,0,0,0,0
8,차룡8교(수위계),2009-07-04,0,9999,9999,9999,9999,9999,9999,9999,9999,9999,9999,9999,9999,9999,9999,9999,9999,9999,9999,9999,9999,0,0,9999
1,중앙동,2009-07-05,0,0,0,0,0,0,0,0,0,0,0,0,0,0,0,0,0,0,0,0,0,0,0,0
2,국방연구소,2009-07-05,0,0,0,0,0,0,0,0,0,0,0,0,0,0,0,0,0,0,0,0,0,0,0,0
3,북면,2009-07-05,0,0,0,0,0,0,0,0,0,0,0,0,0,0,0,0,0,0,0,0,0,0,0,0
4,명곡동,2009-07-05,0,0,0,0,0,0,0,0,0,0,0,0,0,0,0,0,0,0,0,0,0,0,0,0
6,성산구청,2009-07-05,0,0,0,0,0,0,0,0,0,0,0,0,0,0,0,0,0,0,0,0,0,0,0,0
7,웅남동,2009-07-05,0,0,0,0,0,0,0,0,0,0,0,0,0,0,0,0,0,0,0,0,0,0,0,0
8,차룡8교(수위계),2009-07-05,0,9999,9999,9999,9999,9999,9999,9999,9999,9999,9999,9999,9999,9999,9999,9999,9999,9999,9999,9999,9999,9999,9999,9999
1,중앙동,2009-07-06,0,0,0,0,0,0,0,0,0,0,0,0,0,0,0,0,0,0,0,0,0,0,0,0
2,국방연구소,2009-07-06,0,0,0,0,0,0,0,0,0,0,0,0,0,0,0,0,0,0,0,0,0,0,0,0
3,북면,2009-07-06,0,0,0,0,0,0,0,0,0,0,0,0,0,0,0,0,0,0,0,0,0,0,0,0
4,명곡동,2009-07-06,0,0,0,0,0,0,0,0,0,0,0,0,0,0,0,0,0,0,0,0,0,0,0,0
6,성산구청,2009-07-06,0,0,0,0,0,0,0,0,0,0,0,0,0,0,0,0,0,0,0,0,0,0,0,0
7,웅남동,2009-07-06,0,0,0,0,0,0,0,0,0,0,0,0,0,0,0,0,0,0,0,0,0,0,0,0
8,차룡8교(수위계),2009-07-06,0,9999,9999,9999,9999,9999,9999,9999,9999,9999,9999,9999,9999,9999,9999,9999,9999,9999,9999,9999,9999,9999,9999,9999
8,차룡8교(수위계),2009-07-07,0,9999,0,0,0,0,0,0,0,0,0,0,0,0,0,0,0,0,0,0,0,0,0,9999
1,중앙동,2009-07-08,0,0,0,0,0,0,0,0,0,0,0,0,0,0,0,0,0,0,0,0,0,0,0,0
2,국방연구소,2009-07-08,0,0,0,0,0,0,0,0,0,0,0,0,0,0,0,0,0,0,0,0,0,0,0,0
3,북면,2009-07-08,0,0,0,0,0,0,0,0,0,0,0,0,0,0,0,0,0,0,0,0,0,0,0,0
4,명곡동,2009-07-08,0,0,0,0,0,0,0,0,0,0,0,0,0,0,0,0,0,0,0,0,0,0,0,0
6,성산구청,2009-07-08,0,0,0,0,0,0,0,0,0,0,0,0,0,0,0,0,0,0,0,0,0,0,0,0
7,웅남동,2009-07-08,0,0,0,0,0,0,0,0,0,0,0,0,0,0,0,0,0,0,0,0,0,0,0,0
8,차룡8교(수위계),2009-07-08,0,9999,9999,9999,9999,9999,9999,9999,9999,9999,9999,9999,9999,9999,9999,9999,9999,9999,9999,9999,9999,0,0,9999
1,중앙동,2009-07-09,0,0,0,0,0,0,0,0,0,0,0,0,0,0,0,0,0,0,0,0,0,0,0,0
2,국방연구소,2009-07-09,0,0,0,0,0,0,0,0,0,0,0,0,0,0,0,0,0,0,0,0,0,0,0,0
3,북면,2009-07-09,0,0,0,0,0,0,0,0,0,0,0,0,0,0,0,0,0,0,0,0,0,0,0,0
4,명곡동,2009-07-09,0,0,0,0,0,0,0,0,0,0,0,0,0,0,0,0,0,0,0,0,0,0,0,0
6,성산구청,2009-07-09,0,0,0,0,0,0,0,0,0,0,0,0,0,0,0,0,0,0,0,0,0,0,0,0
7,웅남동,2009-07-09,0,0,0,0,0,0,0,0,0,0,0,0,0,0,0,0,0,0,0,0,0,0,0,0
8,차룡8교(수위계),2009-07-09,0,9999,9999,9999,9999,9999,9999,9999,9999,9999,9999,9999,9999,9999,9999,9999,9999,0,0,0,0,0,0,9999
1,중앙동,2009-07-10,0,0,0,0,0,0,0,0,0,0,0,0,0,0,0,0,0,0,0,0,0,0,0,0
2,국방연구소,2009-07-10,0,0,0,0,0,0,0,0,0,0,0,0,0,0,0,0,0,0,0,0,0,0,0,0
3,북면,2009-07-10,0,0,0,0,0,0,0,0,0,0,0,0,0,0,0,0,0,0,0,0,0,0,0,0
4,명곡동,2009-07-10,0,0,0,0,0,0,0,0,0,0,0,0,0,0,0,0,0,0,0,0,0,0,0,0
6,성산구청,2009-07-10,0,0,0,0,0,0,0,0,0,0,0,0,0,0,0,0,0,0,0,0,0,0,0,0
7,웅남동,2009-07-10,0,0,0,0,0,0,0,0,0,0,0,0,0,0,0,0,0,0,0,0,0,0,0,0
8,차룡8교(수위계),2009-07-10,0,9999,9999,9999,9999,9999,9999,9999,9999,9999,9999,9999,9999,9999,9999,9999,9999,9999,9999,9999,0,0,0,0
8,차룡8교(수위계),2009-07-11,0,0,0,0,0,9999,9999,9999,9999,9999,9999,9999,9999,9999,9999,9999,9999,9999,9999,9999,0,0,0,9999
1,중앙동,2009-07-12,0,0,0,0,0,0,0,0,0,0,0,0,0,0,0,0,0,0,0,0,0,0,0,0
2,국방연구소,2009-07-12,0,0,0,0,0,0,0,0,0,0,0,0,0,0,0,0,0,0,0,0,0,0,0,0
3,북면,2009-07-12,0,0,0,0,0,0,0,0,0,0,0,0,0,0,0,0,0,0,0,0,0,0,0,0
4,명곡동,2009-07-12,0,0,0,0,0,0,0,0,0,0,0,0,0,0,0,0,0,0,0,0,0,0,0,0
6,성산구청,2009-07-12,0,0,0,0,0,0,0,0,0,0,0,0,0,0,0,0,0,0,0,0,0,0,0,0
7,웅남동,2009-07-12,0,0,0,0,0,0,0,0,0,0,0,0,0,0,0,0,0,0,0,0,0,0,0,0
8,차룡8교(수위계),2009-07-12,0,9999,9999,9999,9999,9999,9999,9999,9999,9999,9999,9999,9999,9999,9999,9999,9999,0,0,0,0,0,0,9999
1,중앙동,2009-07-13,0,0,0,0,0,0,0,0,0,0,0,0,0,0,0,0,0,0,0,0,0,0,0,0
2,국방연구소,2009-07-13,0,0,0,0,0,0,0,0,0,0,0,0,0,0,0,0,0,0,0,0,0,0,0,0
3,북면,2009-07-13,0,0,0,0,0,0,0,0,0,0,0,0,0,0,0,0,0,0,0,0,0,0,0,0
4,명곡동,2009-07-13,0,0,0,0,0,0,0,0,0,0,0,0,0,0,0,0,0,0,0,0,0,0,0,0
6,성산구청,2009-07-13,0,0,0,0,0,0,0,0,0,0,0,0,0,0,0,0,0,0,0,0,0,0,0,0
7,웅남동,2009-07-13,0,0,0,0,0,0,0,0,0,0,0,0,0,0,0,0,0,0,0,0,0,0,0,0
8,차룡8교(수위계),2009-07-13,0,9999,9999,9999,9999,9999,9999,9999,9999,9999,9999,9999,9999,9999,9999,9999,9999,9999,9999,0,0,0,0,9999
1,중앙동,2009-07-14,0,0,0,0,0,0,0,0,0,0,0,0,0,0,0,0,0,0,0,0,0,0,0,0
2,국방연구소,2009-07-14,0,0,0,0,0,0,0,0,0,0,0,0,0,0,0,0,0,0,0,0,0,0,0,0
3,북면,2009-07-14,0,0,0,0,0,0,0,0,0,0,0,0,0,0,0,0,0,0,0,0,0,0,0,0
4,명곡동,2009-07-14,0,0,0,0,0,0,0,0,0,0,0,0,0,0,0,0,0,0,0,0,0,0,0,0
6,성산구청,2009-07-14,0,0,0,0,0,0,0,0,0,0,0,0,0,0,0,0,0,0,0,0,0,0,0,0
7,웅남동,2009-07-14,0,0,0,0,0,0,0,0,0,0,0,0,0,0,0,0,0,0,0,0,0,0,0,0
8,차룡8교(수위계),2009-07-14,0,9999,9999,9999,9999,9999,9999,9999,9999,9999,9999,9999,9999,9999,9999,9999,9999,9999,0,0,0,0,0,0
1,중앙동,2009-07-15,0,0,0,0,0,0,0,0,0,0,0,0,0,0,0,0,0,0,0,0,0,0,0,0
2,국방연구소,2009-07-15,0,0,0,0,0,0,0,0,0,0,0,0,0,0,0,0,0,0,0,0,0,0,0,0
3,북면,2009-07-15,0,0,0,0,0,0,0,0,0,0,0,0,0,0,0,0,0,0,0,0,0,0,0,0
4,명곡동,2009-07-15,0,0,0,0,0,0,0,0,0,0,0,0,0,0,0,0,0,0,0,0,0,0,0,0
6,성산구청,2009-07-15,0,0,0,0,0,0,0,0,0,0,0,0,0,0,0,0,0,0,0,0,0,0,0,0
7,웅남동,2009-07-15,0,0,0,0,0,0,0,0,0,0,0,0,0,0,0,0,0,0,0,0,0,0,0,0
8,차룡8교(수위계),2009-07-15,0,0,0,0,0,0,0,0,0,0,0,9999,0,9999,9999,9999,9999,9999,9999,9999,9999,9999,0,9999
1,중앙동,2009-07-16,0,0,0,0,0,0,0,0,0,0,0,0,0,0,0,0,0,0,0,0,0,0,0,0
2,국방연구소,2009-07-16,0,0,0,0,0,0,0,0,0,0,0,0,0,0,0,0,0,0,0,0,0,0,0,0
3,북면,2009-07-16,0,0,0,0,0,0,0,0,0,0,0,0,0,0,0,0,0,0,0,0,0,0,0,0
4,명곡동,2009-07-16,0,0,0,0,0,0,0,0,0,0,0,0,0,0,0,0,0,0,0,0,0,0,0,0
6,성산구청,2009-07-16,0,0,0,0,0,0,0,0,0,0,0,0,0,0,0,0,0,0,0,0,0,0,0,0
7,웅남동,2009-07-16,0,0,0,0,0,0,0,0,0,0,0,0,0,0,0,0,0,0,0,0,0,0,0,0
8,차룡8교(수위계),2009-07-16,0,9999,9999,9999,9999,9999,9999,9999,9999,9999,9999,9999,9999,9999,9999,9999,9999,9999,9999,0,0,0,0,9999
1,중앙동,2009-07-17,0,0,0,0,0,0,0,0,0,0,0,0,0,0,0,0,0,0,0,0,0,0,0,0
2,국방연구소,2009-07-17,0,0,0,0,0,0,0,0,0,0,0,0,0,0,0,0,0,0,0,0,0,0,0,0
3,북면,2009-07-17,0,0,0,0,0,0,0,0,0,0,0,0,0,0,0,0,0,0,0,0,0,0,0,0
4,명곡동,2009-07-17,0,0,0,0,0,0,0,0,0,0,0,0,0,0,0,0,0,0,0,0,0,0,0,0
6,성산구청,2009-07-17,0,0,0,0,0,0,0,0,0,0,0,0,0,0,0,0,0,0,0,0,0,0,0,0
7,웅남동,2009-07-17,0,0,0,0,0,0,0,0,0,0,0,0,0,0,0,0,0,0,0,0,0,0,0,0
8,차룡8교(수위계),2009-07-17,0,9999,9999,9999,9999,9999,9999,9999,9999,9999,9999,9999,9999,9999,9999,9999,9999,9999,9999,9999,9999,9999,0,9999
1,중앙동,2009-07-18,0,0,0,0,0,0,0,0,0,0,0,0,0,0,0,0,0,0,0,0,0,0,0,0
2,국방연구소,2009-07-18,0,0,0,0,0,0,0,0,0,0,0,0,0,0,0,0,0,0,0,0,0,0,0,0
3,북면,2009-07-18,0,0,0,0,0,0,0,0,0,0,0,0,0,0,0,0,0,0,0,0,0,0,0,0
4,명곡동,2009-07-18,0,0,0,0,0,0,0,0,0,0,0,0,0,0,0,0,0,0,0,0,0,0,0,0
6,성산구청,2009-07-18,0,0,0,0,0,0,0,0,0,0,0,0,0,0,0,0,0,0,0,0,0,0,0,0
7,웅남동,2009-07-18,0,0,0,0,0,0,0,0,0,0,0,0,0,0,0,0,0,0,0,0,0,0,0,0
8,차룡8교(수위계),2009-07-18,0,9999,9999,9999,9999,9999,9999,9999,9999,9999,9999,9999,9999,9999,9999,9999,9999,9999,9999,9999,9999,0,0,9999
1,중앙동,2009-07-19,0,0,0,0,0,0,0,0,0,0,0,0,0,0,0,0,0,0,0,0,0,0,0,0
2,국방연구소,2009-07-19,0,0,0,0,0,0,0,0,0,0,0,0,0,0,0,0,0,0,0,0,0,0,0,0
3,북면,2009-07-19,0,0,0,0,0,0,0,0,0,0,0,0,0,0,0,0,0,0,0,0,0,0,0,0
4,명곡동,2009-07-19,0,0,0,0,0,0,0,0,0,0,0,0,0,0,0,0,0,0,0,0,0,0,0,0
6,성산구청,2009-07-19,0,0,0,0,0,0,0,0,0,0,0,0,0,0,0,0,0,0,0,0,0,0,0,0
7,웅남동,2009-07-19,0,0,0,0,0,0,0,0,0,0,0,0,0,0,0,0,0,0,0,0,0,0,0,0
8,차룡8교(수위계),2009-07-19,0,9999,9999,9999,9999,9999,9999,9999,9999,9999,9999,9999,9999,9999,9999,9999,9999,9999,9999,9999,9999,9999,9999,9999
8,차룡8교(수위계),2009-07-20,0,9999,0,0,0,9999,9999,9999,9999,9999,9999,9999,9999,9999,9999,9999,9999,9999,9999,9999,9999,9999,9999,9999
1,중앙동,2009-07-21,0,0,0,0,0,0,0,0,0,0,0,0,0,0,0,0,0,0,0,0,0,0,0,0
2,국방연구소,2009-07-21,0,0,0,0,0,0,0,0,0,0,0,0,0,0,0,0,0,0,0,0,0,0,0,0
3,북면,2009-07-21,0,0,0,0,0,0,0,0,0,0,0,0,0,0,0,0,0,0,0,0,0,0,0,0
4,명곡동,2009-07-21,0,0,0,0,0,0,0,0,0,0,0,0,0,0,0,0,0,0,0,0,0,0,0,0
6,성산구청,2009-07-21,0,0,0,0,0,0,0,0,0,0,0,0,0,0,0,0,0,0,0,0,0,0,0,0
7,웅남동,2009-07-21,0,0,0,0,0,0,0,0,0,0,0,0,0,0,0,0,0,0,0,0,0,0,0,0
8,차룡8교(수위계),2009-07-21,0,9999,9999,9999,9999,9999,9999,9999,9999,9999,9999,9999,9999,9999,9999,9999,9999,9999,9999,9999,9999,9999,9999,9999
1,중앙동,2009-07-22,0,0,0,0,0,0,0,0,0,0,0,0,0,0,0,0,0,0,0,0,0,0,0,0
2,국방연구소,2009-07-22,0,0,0,0,0,0,0,0,0,0,0,0,0,0,0,0,0,0,0,0,0,0,0,0
3,북면,2009-07-22,0,0,0,0,0,0,0,0,0,0,0,0,0,0,0,0,0,0,0,0,0,0,0,0
4,명곡동,2009-07-22,0,0,0,0,0,0,0,0,0,0,0,0,0,0,0,0,0,0,0,0,0,0,0,0
6,성산구청,2009-07-22,0,0,0,0,0,0,0,0,0,0,0,0,0,0,0,0,0,0,0,0,0,0,0,0
7,웅남동,2009-07-22,0,0,0,0,0,0,0,0,0,0,0,0,0,0,0,0,0,0,0,0,0,0,0,0
8,차룡8교(수위계),2009-07-22,0,9999,9999,9999,9999,9999,9999,9999,9999,9999,9999,9999,9999,9999,9999,9999,9999,9999,9999,9999,9999,9999,9999,9999
8,차룡8교(수위계),2009-07-23,0,9999,0,0,0,9999,9999,9999,9999,9999,9999,9999,9999,9999,9999,9999,9999,9999,9999,9999,9999,9999,9999,9999
1,중앙동,2009-07-24,0,0,0,0,0,0,0,0,0,0,0,0,0,0,0,0,0,0,0,0,0,0,0,0
2,국방연구소,2009-07-24,0,0,0,0,0,0,0,0,0,0,0,0,0,0,0,0,0,0,0,0,0,0,0,0
3,북면,2009-07-24,0,0,0,0,0,0,0,0,0,0,0,0,0,0,0,0,0,0,0,0,0,0,0,0
4,명곡동,2009-07-24,0,0,0,0,0,0,0,0,0,0,0,0,0,0,0,0,0,0,0,0,0,0,0,0
6,성산구청,2009-07-24,0,0,0,0,0,0,0,0,0,0,0,0,0,0,0,0,0,0,0,0,0,0,0,0
7,웅남동,2009-07-24,0,0,0,0,0,0,0,0,0,0,0,0,0,0,0,0,0,0,0,0,0,0,0,0
8,차룡8교(수위계),2009-07-24,0,9999,9999,9999,9999,9999,9999,9999,9999,9999,9999,9999,9999,9999,9999,9999,9999,9999,9999,0,0,0,0,9999
1,중앙동,2009-07-25,0,0,0,0,0,0,0,0,0,0,0,0,0,0,0,0,0,0,0,0,0,0,0,0
2,국방연구소,2009-07-25,0,0,0,0,0,0,0,0,0,0,0,0,0,0,0,0,0,0,0,0,0,0,0,0
3,북면,2009-07-25,0,0,0,0,0,0,0,0,0,0,0,0,0,0,0,0,0,0,0,0,0,0,0,0
4,명곡동,2009-07-25,0,0,0,0,0,0,0,0,0,0,0,0,0,0,0,0,0,0,0,0,0,0,0,0
6,성산구청,2009-07-25,0,0,0,0,0,0,0,0,0,0,0,0,0,0,0,0,0,0,0,0,0,0,0,0
7,웅남동,2009-07-25,0,0,0,0,0,0,0,0,0,0,0,0,0,0,0,0,0,0,0,0,0,0,0,0
8,차룡8교(수위계),2009-07-25,0,9999,9999,9999,9999,9999,9999,9999,9999,9999,9999,9999,9999,9999,9999,9999,9999,9999,0,0,0,0,0,9999
1,중앙동,2009-07-26,0,0,0,0,0,0,0,0,0,0,0,0,0,0,0,0,0,0,0,0,0,0,0,0
2,국방연구소,2009-07-26,0,0,0,0,0,0,0,0,0,0,0,0,0,0,0,0,0,0,0,0,0,0,0,0
3,북면,2009-07-26,0,0,0,0,0,0,0,0,0,0,0,0,0,0,0,0,0,0,0,0,0,0,0,0
4,명곡동,2009-07-26,0,0,0,0,0,0,0,0,0,0,0,0,0,0,0,0,0,0,0,0,0,0,0,0
6,성산구청,2009-07-26,0,0,0,0,0,0,0,0,0,0,0,0,0,0,0,0,0,0,0,0,0,0,0,0
7,웅남동,2009-07-26,0,0,0,0,0,0,0,0,0,0,0,0,0,0,0,0,0,0,0,0,0,0,0,0
8,차룡8교(수위계),2009-07-26,0,9999,9999,9999,9999,9999,9999,9999,9999,9999,9999,9999,9999,9999,9999,9999,9999,9999,9999,9999,9999,0,0,9999
1,중앙동,2009-07-27,0,0,0,0,0,0,0,0,0,0,0,0,0,0,0,0,0,0,0,0,0,0,0,0
2,국방연구소,2009-07-27,0,0,0,0,0,0,0,0,0,0,0,0,0,0,0,0,0,0,0,0,0,0,0,0
3,북면,2009-07-27,0,0,0,0,0,0,0,0,0,0,0,0,0,0,0,0,0,0,0,0,0,0,0,0
4,명곡동,2009-07-27,0,0,0,0,0,0,0,0,0,0,0,0,0,0,0,0,0,0,0,0,0,0,0,0
6,성산구청,2009-07-27,0,0,0,0,0,0,0,0,0,0,0,0,0,0,0,0,0,0,0,0,0,0,0,0
7,웅남동,2009-07-27,0,0,0,0,0,0,0,0,0,0,0,0,0,0,0,0,0,0,0,0,0,0,0,0
8,차룡8교(수위계),2009-07-27,0,9999,9999,9999,9999,9999,9999,9999,9999,9999,9999,9999,9999,9999,9999,9999,9999,9999,9999,9999,0,0,0,0
8,차룡8교(수위계),2009-07-28,0,0,0,0,0,9999,9999,9999,9999,9999,9999,9999,9999,9999,9999,9999,9999,9999,0,0,0,0,0,0
8,차룡8교(수위계),2009-07-29,0,0,0,0,0,0,9999,9999,9999,9999,9999,9999,9999,9999,9999,9999,9999,9999,9999,9999,0,0,0,0
8,차룡8교(수위계),2009-07-30,0,0,9999,9999,9999,9999,9999,9999,9999,9999,9999,9999,9999,9999,9999,9999,9999,9999,9999,9999,9999,9999,9999,9999
8,차룡8교(수위계),2009-07-31,0,0,0,0,0,0,0,0,0,0,0,0,0,0,0,0,0,0,0,0,0,0,0,0
8,차룡8교(수위계),2009-08-01,0,0,0,0,0,0,0,0,0,9999,9999,9999,9999,9999,9999,9999,9999,9999,9999,9999,9999,9999,9999,9999
8,차룡8교(수위계),2009-08-02,0,9999,9999,0,0,0,0,0,0,0,0,0,0,0,0,0,0,0,0,9999,9999,9999,9999,9999
8,차룡8교(수위계),2009-08-03,0,9999,9999,9999,9999,9999,9999,9999,9999,9999,9999,0,0,0,0,0,0,0,0,0,0,0,0,0
8,차룡8교(수위계),2009-08-04,0,0,0,0,0,0,0,0,0,0,0,0,0,0,0,0,0,0,0,0,0,0,0,0
8,차룡8교(수위계),2009-08-05,0,0,9999,9999,9999,9999,9999,9999,9999,9999,9999,9999,9999,9999,9999,9999,9999,9999,9999,9999,9999,9999,9999,9999
8,차룡8교(수위계),2009-08-06,0,9999,9999,9999,9999,9999,9999,9999,9999,9999,9999,9999,9999,9999,9999,9999,9999,9999,9999,9999,9999,9999,9999,0
1,중앙동,2009-08-07,0,0,0,0,0,0,0,0,0,0,0,0,0,0,0,0,0,0,0,0,0,0,0,0
2,국방연구소,2009-08-07,0,0,0,0,0,0,0,0,0,0,0,0,0,0,0,0,0,0,0,0,0,0,0,0
3,북면,2009-08-07,0,0,0,0,0,0,0,0,0,0,0,0,0,0,0,0,0,0,0,0,0,0,0,0
4,명곡동,2009-08-07,0,0,0,0,0,0,0,0,0,0,0,0,0,0,0,0,0,0,0,0,0,0,0,0
6,성산구청,2009-08-07,0,0,0,0,0,0,0,0,0,0,0,0,0,0,0,0,0,0,0,0,0,0,0,0
7,웅남동,2009-08-07,0,0,0,0,0,0,0,0,0,0,0,0,0,0,0,0,0,0,0,0,0,0,0,0
8,차룡8교(수위계),2009-08-07,0,0,0,0,0,0,0,0,0,0,0,9999,9999,9999,9999,9999,9999,9999,9999,9999,9999,0,0,9999
1,중앙동,2009-08-08,0,0,0,0,0,0,0,0,0,0,0,0,0,0,0,0,0,0,0,0,0,0,0,0
2,국방연구소,2009-08-08,0,0,0,0,0,0,0,0,0,0,0,0,0,0,0,0,0,0,0,0,0,0,0,0
3,북면,2009-08-08,0,0,0,0,0,0,0,0,0,0,0,0,0,0,0,0,0,0,0,0,0,0,0,0
4,명곡동,2009-08-08,0,0,0,0,0,0,0,0,0,0,0,0,0,0,0,0,0,0,0,0,0,0,0,0
6,성산구청,2009-08-08,0,0,0,0,0,0,0,0,0,0,0,0,0,0,0,0,0,0,0,0,0,0,0,0
7,웅남동,2009-08-08,0,0,0,0,0,0,0,0,0,0,0,0,0,0,0,0,0,0,0,0,0,0,0,0
8,차룡8교(수위계),2009-08-08,0,9999,9999,9999,9999,9999,9999,9999,9999,9999,9999,9999,9999,9999,9999,9999,9999,9999,9999,9999,9999,9999,9999,9999
1,중앙동,2009-08-09,0,0,0,0,0,0,0,0,0,0,0,0,0,0,0,0,0,0,0,0,0,0,0,0
2,국방연구소,2009-08-09,0,0,0,0,0,0,0,0,0,0,0,0,0,0,0,0,0,0,0,0,0,0,0,0
3,북면,2009-08-09,0,0,0,0,0,0,0,0,0,0,0,0,0,0,0,0,0,0,0,0,0,0,0,0
4,명곡동,2009-08-09,0,0,0,0,0,0,0,0,0,0,0,0,0,0,0,0,0,0,0,0,0,0,0,0
6,성산구청,2009-08-09,0,0,0,0,0,0,0,0,0,0,0,0,0,0,0,0,0,0,0,0,0,0,0,0
7,웅남동,2009-08-09,0,0,0,0,0,0,0,0,0,0,0,0,0,0,0,0,0,0,0,0,0,0,0,0
8,차룡8교(수위계),2009-08-09,0,9999,9999,9999,9999,9999,9999,9999,9999,9999,9999,9999,9999,9999,9999,9999,9999,9999,9999,9999,0,0,0,0
8,차룡8교(수위계),2009-08-10,0,0,0,0,0,9999,9999,9999,9999,9999,9999,9999,9999,9999,9999,9999,0,9999,24,24,25,24,24,25
1,중앙동,2009-08-11,0,0,0,0,0,0,0,0,0,0,0,0,0,0,0,0,0,0,0,0,0,0,0,0
2,국방연구소,2009-08-11,0,0,0,0,0,0,0,0,0,0,0,0,0,0,0,0,0,0,0,0,0,0,0,0
3,북면,2009-08-11,0,0,0,0,0,0,0,0,0,0,0,0,0,0,0,0,0,0,0,0,0,0,0,0
4,명곡동,2009-08-11,0,0,0,0,0,0,0,0,0,0,0,0,0,0,0,0,0,0,0,0,0,0,0,0
6,성산구청,2009-08-11,0,0,0,0,0,0,0,0,0,0,0,0,0,0,0,0,0,0,0,0,0,0,0,0
7,웅남동,2009-08-11,0,0,0,0,0,0,0,0,0,0,0,0,0,0,0,0,0,0,0,0,0,0,0,0
8,차룡8교(수위계),2009-08-11,0,9999,0,0,0,0,0,9999,9999,9999,9999,9999,9999,9999,9999,9999,9999,9999,0,0,0,0,0,0
1,중앙동,2009-08-12,0,0,0,0,0,0,0,0,0,0,0,0,0,0,0,0,0,0,0,0,0,0,0,0
2,국방연구소,2009-08-12,0,0,0,0,0,0,0,0,0,0,0,0,0,0,0,0,0,0,0,0,0,0,0,0
3,북면,2009-08-12,0,0,0,0,0,0,0,0,0,0,0,0,0,0,0,0,0,0,0,0,0,0,0,0
4,명곡동,2009-08-12,0,0,0,0,0,0,0,0,0,0,0,0,0,0,0,0,0,0,0,0,0,0,0,0
6,성산구청,2009-08-12,0,0,0,0,0,0,0,0,0,0,0,0,0,0,0,0,0,0,0,0,0,0,0,0
7,웅남동,2009-08-12,0,0,0,0,0,0,0,0,0,0,0,0,0,0,0,0,0,0,0,0,0,0,0,0
8,차룡8교(수위계),2009-08-12,0,0,0,0,0,0,0,0,9999,0,0,9999,9999,9999,9999,9999,9999,0,0,0,0,0,0,0
8,차룡8교(수위계),2009-08-13,0,0,0,0,0,0,0,0,0,9999,9999,9999,9999,9999,9999,9999,9999,9999,9999,9999,0,0,0,0
1,중앙동,2009-08-14,0,0,0,0,0,0,0,0,0,0,0,0,0,0,0,0,0,0,0,0,0,0,0,0
2,국방연구소,2009-08-14,0,0,0,0,0,0,0,0,0,0,0,0,0,0,0,0,0,0,0,0,0,0,0,0
3,북면,2009-08-14,0,0,0,0,0,0,0,0,0,0,0,0,0,0,0,0,0,0,0,0,0,0,0,0
4,명곡동,2009-08-14,0,0,0,0,0,0,0,0,0,0,0,0,0,0,0,0,0,0,0,0,0,0,0,0
6,성산구청,2009-08-14,0,0,0,0,0,0,0,0,0,0,0,0,0,0,0,0,0,0,0,0,0,0,0,0
7,웅남동,2009-08-14,0,0,0,0,0,0,0,0,0,0,0,0,0,0,0,0,0,0,0,0,0,0,0,0
8,차룡8교(수위계),2009-08-14,0,0,0,0,0,0,0,0,9999,9999,9999,9999,9999,9999,9999,9999,9999,9999,9999,0,0,0,0,0
1,중앙동,2009-08-15,0,0,0,0,0,0,0,0,0,0,0,0,0,0,0,0,0,0,0,0,0,0,0,0
2,국방연구소,2009-08-15,0,0,0,0,0,0,0,0,0,0,0,0,0,0,0,0,0,0,0,0,0,0,0,0
3,북면,2009-08-15,0,0,0,0,0,0,0,0,0,0,0,0,0,0,0,0,0,0,0,0,0,0,0,0
4,명곡동,2009-08-15,0,0,0,0,0,0,0,0,0,0,0,0,0,0,0,0,0,0,0,0,0,0,0,0
6,성산구청,2009-08-15,0,0,0,0,0,0,0,0,0,0,0,0,0,0,0,0,0,0,0,0,0,0,0,0
7,웅남동,2009-08-15,0,0,0,0,0,0,0,0,0,0,0,0,0,0,0,0,0,0,0,0,0,0,0,0
8,차룡8교(수위계),2009-08-15,0,0,0,0,0,0,0,9999,9999,9999,9999,9999,9999,9999,9999,9999,9999,9999,9999,9999,0,0,0,0
1,중앙동,2009-08-16,0,0,0,0,0,0,0,0,0,0,0,0,0,0,0,0,0,0,0,0,0,0,0,0
2,국방연구소,2009-08-16,0,0,0,0,0,0,0,0,0,0,0,0,0,0,0,0,0,0,0,0,0,0,0,0
3,북면,2009-08-16,0,0,0,0,0,0,0,0,0,0,0,0,0,0,0,0,0,0,0,0,0,0,0,0
4,명곡동,2009-08-16,0,0,0,0,0,0,0,0,0,0,0,0,0,0,0,0,0,0,0,0,0,0,0,0
6,성산구청,2009-08-16,0,0,0,0,0,0,0,0,0,0,0,0,0,0,0,0,0,0,0,0,0,0,0,0
7,웅남동,2009-08-16,0,0,0,0,0,0,0,0,0,0,0,0,0,0,0,0,0,0,0,0,0,0,0,0
8,차룡8교(수위계),2009-08-16,0,0,0,0,0,0,0,0,9999,9999,9999,9999,9999,9999,9999,9999,9999,9999,9999,0,0,0,0,0
8,차룡8교(수위계),2009-08-17,0,0,0,0,0,0,0,0,9999,9999,9999,9999,9999,9999,9999,9999,9999,9999,9999,9999,9999,0,0,0
1,중앙동,2009-08-18,0,0,0,0,0,0,0,0,0,0,0,0,0,0,0,0,0,0,0,0,0,0,0,0
2,국방연구소,2009-08-18,0,0,0,0,0,0,0,0,0,0,0,0,0,0,0,0,0,0,0,0,0,0,0,0
3,북면,2009-08-18,0,0,0,0,0,0,0,0,0,0,0,0,0,0,0,0,0,0,0,0,0,0,0,0
4,명곡동,2009-08-18,0,0,0,0,0,0,0,0,0,0,0,0,0,0,0,0,0,0,0,0,0,0,0,0
6,성산구청,2009-08-18,0,0,0,0,0,0,0,0,0,0,0,0,0,0,0,0,0,0,0,0,0,0,0,0
7,웅남동,2009-08-18,0,0,0,0,0,0,0,0,0,0,0,0,0,0,0,0,0,0,0,0,0,0,0,0
8,차룡8교(수위계),2009-08-18,0,0,0,0,0,0,0,9999,9999,9999,9999,9999,9999,9999,9999,9999,9999,9999,9999,9999,9999,0,0,0
1,중앙동,2009-08-19,0,0,0,0,0,0,0,0,0,0,0,0,0,0,0,0,0,0,0,0,0,0,0,0
2,국방연구소,2009-08-19,0,0,0,0,0,0,0,0,0,0,0,0,0,0,0,0,0,0,0,0,0,0,0,0
3,북면,2009-08-19,0,0,0,0,0,0,0,0,0,0,0,0,0,0,0,0,0,0,0,0,0,0,0,0
4,명곡동,2009-08-19,0,0,0,0,0,0,0,0,0,0,0,0,0,0,0,0,0,0,0,0,0,0,0,0
6,성산구청,2009-08-19,0,0,0,0,0,0,0,0,0,0,0,0,0,0,0,0,0,0,0,0,0,0,0,0
7,웅남동,2009-08-19,0,0,0,0,0,0,0,0,0,0,0,0,0,0,0,0,0,0,0,0,0,0,0,0
8,차룡8교(수위계),2009-08-19,0,0,0,0,0,0,0,9999,9999,9999,9999,9999,9999,9999,9999,9999,9999,9999,9999,9999,9999,0,0,0
1,중앙동,2009-08-20,0,0,0,0,0,0,0,0,0,0,0,0,0,0,0,0,0,0,0,0,0,0,0,0
2,국방연구소,2009-08-20,0,0,0,0,0,0,0,0,0,0,0,0,0,0,0,0,0,0,0,0,0,0,0,0
3,북면,2009-08-20,0,0,0,0,0,0,0,0,0,0,0,0,0,0,0,0,0,0,0,0,0,0,0,0
4,명곡동,2009-08-20,0,0,0,0,0,0,0,0,0,0,0,0,0,0,0,0,0,0,0,0,0,0,0,0
6,성산구청,2009-08-20,0,0,0,0,0,0,0,0,0,0,0,0,0,0,0,0,0,0,0,0,0,0,0,0
7,웅남동,2009-08-20,0,0,0,0,0,0,0,0,0,0,0,0,0,0,0,0,0,0,0,0,0,0,0,0
8,차룡8교(수위계),2009-08-20,0,0,0,0,0,0,0,9999,9999,9999,9999,9999,9999,9999,9999,9999,9999,9999,9999,9999,0,0,0,0
1,중앙동,2009-08-21,0,0,0,0,0,0,0,0,0,0,0,0,0,0,0,0,0,0,0,0,0,0,0,0
2,국방연구소,2009-08-21,0,0,0,0,0,0,0,0,0,0,0,0,0,0,0,0,0,0,0,0,0,0,0,0
3,북면,2009-08-21,0,0,0,0,0,0,0,0,0,0,0,0,0,0,0,0,0,0,0,0,0,0,0,0
4,명곡동,2009-08-21,0,0,0,0,0,0,0,0,0,0,0,0,0,0,0,0,0,0,0,0,0,0,0,0
6,성산구청,2009-08-21,0,0,0,0,0,0,0,0,0,0,0,0,0,0,0,0,0,0,0,0,0,0,0,0
7,웅남동,2009-08-21,0,0,0,0,0,0,0,0,0,0,0,0,0,0,0,0,0,0,0,0,0,0,0,0
8,차룡8교(수위계),2009-08-21,0,0,0,0,0,0,0,9999,0,0,24,24,24,25,26,28,28,26,28,28,0,0,0,0
1,중앙동,2009-08-22,0,0,0,0,0,0,0,0,0,0,0,0,0,0,0,0,0,0,0,0,0,0,0,0
2,국방연구소,2009-08-22,0,0,0,0,0,0,0,0,0,0,0,0,0,0,0,0,0,0,0,0,0,0,0,0
3,북면,2009-08-22,0,0,0,0,0,0,0,0,0,0,0,0,0,0,0,0,0,0,0,0,0,0,0,0
4,명곡동,2009-08-22,0,0,0,0,0,0,0,0,0,0,0,0,0,0,0,0,0,0,0,0,0,0,0,0
6,성산구청,2009-08-22,0,0,0,0,0,0,0,0,0,0,0,0,0,0,0,0,0,0,0,0,0,0,0,0
7,웅남동,2009-08-22,0,0,0,0,0,0,0,0,0,0,0,0,0,0,0,0,0,0,0,0,0,0,0,0
8,차룡8교(수위계),2009-08-22,0,0,0,0,0,0,0,9999,9999,9999,9999,9999,9999,9999,9999,9999,9999,9999,9999,0,0,0,0,0
8,차룡8교(수위계),2009-08-23,0,0,0,0,0,0,0,0,0,9999,9999,9999,9999,9999,9999,9999,9999,9999,0,0,0,0,0,0
1,중앙동,2009-08-24,0,0,0,0,0,0,0,0,0,0,0,0,0,0,0,0,0,0,0,0,0,0,0,0
2,국방연구소,2009-08-24,0,0,0,0,0,0,0,0,0,0,0,0,0,0,0,0,0,0,0,0,0,0,0,0
3,북면,2009-08-24,0,0,0,0,0,0,0,0,0,0,0,0,0,0,0,0,0,0,0,0,0,0,0,0
4,명곡동,2009-08-24,0,0,0,0,0,0,0,0,0,0,0,0,0,0,0,0,0,0,0,0,0,0,0,0
6,성산구청,2009-08-24,0,0,0,0,0,0,0,0,0,0,0,0,0,0,0,0,0,0,0,0,0,0,0,0
7,웅남동,2009-08-24,0,0,0,0,0,0,0,0,0,0,0,0,0,0,0,0,0,0,0,0,0,0,0,0
8,차룡8교(수위계),2009-08-24,0,0,0,0,0,0,0,9999,9999,9999,9999,9999,9999,0,9999,9999,9999,0,0,0,0,0,0,0
1,중앙동,2009-08-25,0,0,0,0,0,0,0,0,0,0,0,0,0,0,0,0,0,0,0,0,0,0,0,0
2,국방연구소,2009-08-25,0,0,0,0,0,0,0,0,0,0,0,0,0,0,0,0,0,0,0,0,0,0,0,0
3,북면,2009-08-25,0,0,0,0,0,0,0,0,0,0,0,0,0,0,0,0,0,0,0,0,0,0,0,0
4,명곡동,2009-08-25,0,0,0,0,0,0,0,0,0,0,0,0,0,0,0,0,0,0,0,0,0,0,0,0
6,성산구청,2009-08-25,0,0,0,0,0,0,0,0,0,0,0,0,0,0,0,0,0,0,0,0,0,0,0,0
7,웅남동,2009-08-25,0,0,0,0,0,0,0,0,0,0,0,0,0,0,0,0,0,0,0,0,0,0,0,0
8,차룡8교(수위계),2009-08-25,0,0,0,0,0,0,0,0,9999,9999,9999,9999,9999,9999,9999,9999,9999,0,0,0,0,0,0,0
1,중앙동,2009-08-26,0,0,0,0,0,0,0,0,0,0,0,0,0,0,0,0,0,0,0,0,0,0,0,0
2,국방연구소,2009-08-26,0,0,0,0,0,0,0,0,0,0,0,0,0,0,0,0,0,0,0,0,0,0,0,0
3,북면,2009-08-26,0,0,0,0,0,0,0,0,0,0,0,0,0,0,0,0,0,0,0,0,0,0,0,0
4,명곡동,2009-08-26,0,0,0,0,0,0,0,0,0,0,0,0,0,0,0,0,0,0,0,0,0,0,0,0
6,성산구청,2009-08-26,0,0,0,0,0,0,0,0,0,0,0,0,0,0,0,0,0,0,0,0,0,0,0,0
7,웅남동,2009-08-26,0,0,0,0,0,0,0,0,0,0,0,0,0,0,0,0,0,0,0,0,0,0,0,0
8,차룡8교(수위계),2009-08-26,0,0,0,0,0,0,0,9999,9999,9999,9999,9999,9999,9999,9999,9999,9999,0,0,0,0,0,0,0
1,중앙동,2009-08-27,0,0,0,0,0,0,0,0,0,0,0,0,0,0,0,0,0,0,0,0,0,0,0,0
2,국방연구소,2009-08-27,0,0,0,0,0,0,0,0,0,0,0,0,0,0,0,0,0,0,0,0,0,0,0,0
3,북면,2009-08-27,0,0,0,0,0,0,0,0,0,0,0,0,0,0,0,0,0,0,0,0,0,0,0,0
4,명곡동,2009-08-27,0,0,0,0,0,0,0,0,0,0,0,0,0,0,0,0,0,0,0,0,0,0,0,0
6,성산구청,2009-08-27,0,0,0,0,0,0,0,0,0,0,0,0,0,0,0,0,0,0,0,0,0,0,0,0
7,웅남동,2009-08-27,0,0,0,0,0,0,0,0,0,0,0,0,0,0,0,0,0,0,0,0,0,0,0,0
8,차룡8교(수위계),2009-08-27,0,0,0,0,0,0,0,0,9999,9999,9999,9999,9999,0,0,0,0,0,0,0,0,0,0,0
1,중앙동,2009-08-28,0,0,0,0,0,0,0,0,0,0,0,0,0,0,0,0,0,0,0,0,0,0,0,0
2,국방연구소,2009-08-28,0,0,0,0,0,0,0,0,0,0,0,0,0,0,0,0,0,0,0,0,0,0,0,0
3,북면,2009-08-28,0,0,0,0,0,0,0,0,0,0,0,0,0,0,0,0,0,0,0,0,0,0,0,0
4,명곡동,2009-08-28,0,0,0,0,0,0,0,0,0,0,0,0,0,0,0,0,0,0,0,0,0,0,0,0
6,성산구청,2009-08-28,0,0,0,0,0,0,0,0,0,0,0,0,0,0,0,0,0,0,0,0,0,0,0,0
7,웅남동,2009-08-28,0,0,0,0,0,0,0,0,0,0,0,0,0,0,0,0,0,0,0,0,0,0,0,0
8,차룡8교(수위계),2009-08-28,0,0,0,0,0,0,0,9999,9999,9999,9999,9999,9999,9999,9999,9999,9999,0,0,0,0,0,0,0
1,중앙동,2009-08-29,0,0,0,0,0,0,0,0,0,0,0,0,0,0,0,0,0,0,0,0,0,0,0,0
2,국방연구소,2009-08-29,0,0,0,0,0,0,0,0,0,0,0,0,0,0,0,0,0,0,0,0,0,0,0,0
3,북면,2009-08-29,0,0,0,0,0,0,0,0,0,0,0,0,0,0,0,0,0,0,0,0,0,0,0,0
4,명곡동,2009-08-29,0,0,0,0,0,0,0,0,0,0,0,0,0,0,0,0,0,0,0,0,0,0,0,0
6,성산구청,2009-08-29,0,0,0,0,0,0,0,0,0,0,0,0,0,0,0,0,0,0,0,0,0,0,0,0
7,웅남동,2009-08-29,0,0,0,0,0,0,0,0,0,0,0,0,0,0,0,0,0,0,0,0,0,0,0,0
8,차룡8교(수위계),2009-08-29,0,0,0,0,0,0,0,9999,9999,9999,9999,9999,9999,9999,9999,9999,9999,0,0,0,0,0,0,0
1,중앙동,2009-08-30,0,0,0,0,0,0,0,0,0,0,0,0,0,0,0,0,0,0,0,0,0,0,0,0
2,국방연구소,2009-08-30,0,0,0,0,0,0,0,0,0,0,0,0,0,0,0,0,0,0,0,0,0,0,0,0
3,북면,2009-08-30,0,0,0,0,0,0,0,0,0,0,0,0,0,0,0,0,0,0,0,0,0,0,0,0
4,명곡동,2009-08-30,0,0,0,0,0,0,0,0,0,0,0,0,0,0,0,0,0,0,0,0,0,0,0,0
6,성산구청,2009-08-30,0,0,0,0,0,0,0,0,0,0,0,0,0,0,0,0,0,0,0,0,0,0,0,0
7,웅남동,2009-08-30,0,0,0,0,0,0,0,0,0,0,0,0,0,0,0,0,0,0,0,0,0,0,0,0
8,차룡8교(수위계),2009-08-30,0,0,0,0,0,0,0,0,0,0,9999,9999,9999,9999,0,0,0,0,0,0,0,0,0,0
1,중앙동,2009-08-31,0,0,0,0,0,0,0,0,0,0,0,0,0,0,0,0,0,0,0,0,0,0,0,0
2,국방연구소,2009-08-31,0,0,0,0,0,0,0,0,0,0,0,0,0,0,0,0,0,0,0,0,0,0,0,0
3,북면,2009-08-31,0,0,0,0,0,0,0,0,0,0,0,0,0,0,0,0,0,0,0,0,0,0,0,0
4,명곡동,2009-08-31,0,0,0,0,0,0,0,0,0,0,0,0,0,0,0,0,0,0,0,0,0,0,0,0
6,성산구청,2009-08-31,0,0,0,0,0,0,0,0,0,0,0,0,0,0,0,0,0,0,0,0,0,0,0,0
7,웅남동,2009-08-31,0,0,0,0,0,0,0,0,0,0,0,0,0,0,0,0,0,0,0,0,0,0,0,0
8,차룡8교(수위계),2009-08-31,0,0,0,0,0,0,0,0,9999,9999,9999,9999,9999,9999,9999,9999,0,0,0,0,0,0,0,0
1,중앙동,2009-09-01,0,0,0,0,0,0,0,0,0,0,0,0,0,0,0,0,0,0,0,0,0,0,0,0
2,국방연구소,2009-09-01,0,0,0,0,0,0,0,0,0,0,0,0,0,0,0,0,0,0,0,0,0,0,0,0
3,북면,2009-09-01,0,0,0,0,0,0,0,0,0,0,0,0,0,0,0,0,0,0,0,0,0,0,0,0
4,명곡동,2009-09-01,0,0,0,0,0,0,0,0,0,0,0,0,0,0,0,0,0,0,0,0,0,0,0,0
6,성산구청,2009-09-01,0,0,0,0,0,0,0,0,0,0,0,0,0,0,0,0,0,0,0,0,0,0,0,0
7,웅남동,2009-09-01,0,0,0,0,0,0,0,0,0,0,0,0,0,0,0,0,0,0,0,0,0,0,0,0
8,차룡8교(수위계),2009-09-01,0,0,0,0,0,0,0,9999,9999,0,9999,9999,0,9999,9999,9999,0,0,0,0,0,0,0,0
1,중앙동,2009-09-02,0,0,0,0,0,0,0,0,0,0,0,0,0,0,0,0,0,0,0,0,0,0,0,0
2,국방연구소,2009-09-02,0,0,0,0,0,0,0,0,0,0,0,0,0,0,0,0,0,0,0,0,0,0,0,0
3,북면,2009-09-02,0,0,0,0,0,0,0,0,0,0,0,0,0,0,0,0,0,0,0,0,0,0,0,0
4,명곡동,2009-09-02,0,0,0,0,0,0,0,0,0,0,0,0,0,0,0,0,0,0,0,0,0,0,0,0
6,성산구청,2009-09-02,0,0,0,0,0,0,0,0,0,0,0,0,0,0,0,0,0,0,0,0,0,0,0,0
7,웅남동,2009-09-02,0,0,0,0,0,0,0,0,0,0,0,0,0,0,0,0,0,0,0,0,0,0,0,0
8,차룡8교(수위계),2009-09-02,0,0,0,0,0,0,0,9999,9999,9999,9999,9999,9999,9999,9999,9999,0,0,0,0,0,0,0,0
1,중앙동,2009-09-03,0,0,0,0,0,0,0,0,0,0,0,0,0,0,0,0,0,0,0,0,0,0,0,0
2,국방연구소,2009-09-03,0,0,0,0,0,0,0,0,0,0,0,0,0,0,0,0,0,0,0,0,0,0,0,0
3,북면,2009-09-03,0,0,0,0,0,0,0,0,0,0,0,0,0,0,0,0,0,0,0,0,0,0,0,0
4,명곡동,2009-09-03,0,0,0,0,0,0,0,0,0,0,0,0,0,0,0,0,0,0,0,0,0,0,0,0
6,성산구청,2009-09-03,0,0,0,0,0,0,0,0,0,0,0,0,0,0,0,0,0,0,0,0,0,0,0,0
7,웅남동,2009-09-03,0,0,0,0,0,0,0,0,0,0,0,0,0,0,0,0,0,0,0,0,0,0,0,0
8,차룡8교(수위계),2009-09-03,0,0,0,0,0,0,0,9999,9999,9999,9999,9999,9999,9999,9999,9999,0,0,0,0,0,0,0,0
1,중앙동,2009-09-04,0,0,0,0,0,0,0,0,0,0,0,0,0,0,0,0,0,0,0,0,0,0,0,0
2,국방연구소,2009-09-04,0,0,0,0,0,0,0,0,0,0,0,0,0,0,0,0,0,0,0,0,0,0,0,0
3,북면,2009-09-04,0,0,0,0,0,0,0,0,0,0,0,0,0,0,0,0,0,0,0,0,0,0,0,0
4,명곡동,2009-09-04,0,0,0,0,0,0,0,0,0,0,0,0,0,0,0,0,0,0,0,0,0,0,0,0
6,성산구청,2009-09-04,0,0,0,0,0,0,0,0,0,0,0,0,0,0,0,0,0,0,0,0,0,0,0,0
7,웅남동,2009-09-04,0,0,0,0,0,0,0,0,0,0,0,0,0,0,0,0,0,0,0,0,0,0,0,0
8,차룡8교(수위계),2009-09-04,0,0,0,0,0,0,0,0,0,9999,9999,9999,9999,0,9999,0,0,0,0,0,0,0,0,0
1,중앙동,2009-09-05,0,0,0,0,0,0,0,0,0,0,0,0,0,0,0,0,0,0,0,0,0,0,0,0
2,국방연구소,2009-09-05,0,0,0,0,0,0,0,0,0,0,0,0,0,0,0,0,0,0,0,0,0,0,0,0
3,북면,2009-09-05,0,0,0,0,0,0,0,0,0,0,0,0,0,0,0,0,0,0,0,0,0,0,0,0
4,명곡동,2009-09-05,0,0,0,0,0,0,0,0,0,0,0,0,0,0,0,0,0,0,0,0,0,0,0,0
6,성산구청,2009-09-05,0,0,0,0,0,0,0,0,0,0,0,0,0,0,0,0,0,0,0,0,0,0,0,0
7,웅남동,2009-09-05,0,0,0,0,0,0,0,0,0,0,0,0,0,0,0,0,0,0,0,0,0,0,0,0
8,차룡8교(수위계),2009-09-05,0,0,0,0,0,0,0,0,9999,9999,9999,9999,9999,9999,9999,9999,0,0,0,0,0,0,0,0
1,중앙동,2009-09-06,0,0,0,0,0,0,0,0,0,0,0,0,0,0,0,0,0,0,0,0,0,0,0,0
2,국방연구소,2009-09-06,0,0,0,0,0,0,0,0,0,0,0,0,0,0,0,0,0,0,0,0,0,0,0,0
3,북면,2009-09-06,0,0,0,0,0,0,0,0,0,0,0,0,0,0,0,0,0,0,0,0,0,0,0,0
4,명곡동,2009-09-06,0,0,0,0,0,0,0,0,0,0,0,0,0,0,0,0,0,0,0,0,0,0,0,0
6,성산구청,2009-09-06,0,0,0,0,0,0,0,0,0,0,0,0,0,0,0,0,0,0,0,0,0,0,0,0
7,웅남동,2009-09-06,0,0,0,0,0,0,0,0,0,0,0,0,0,0,0,0,0,0,0,0,0,0,0,0
8,차룡8교(수위계),2009-09-06,0,0,0,0,0,0,0,9999,9999,9999,9999,9999,9999,9999,9999,9999,0,0,0,0,0,0,0,0
1,중앙동,2009-09-07,0,0,0,0,0,0,0,0,0,0,0,0,0,0,0,0,0,0,0,0,0,0,0,0
2,국방연구소,2009-09-07,0,0,0,0,0,0,0,0,0,0,0,0,0,0,0,0,0,0,0,0,0,0,0,0
3,북면,2009-09-07,0,0,0,0,0,0,0,0,0,0,0,0,0,0,0,0,0,0,0,0,0,0,0,0
4,명곡동,2009-09-07,0,0,0,0,0,0,0,0,0,0,0,0,0,0,0,0,0,0,0,0,0,0,0,0
6,성산구청,2009-09-07,0,0,0,0,0,0,0,0,0,0,0,0,0,0,0,0,0,0,0,0,0,0,0,0
7,웅남동,2009-09-07,0,0,0,0,0,0,0,0,0,0,0,0,0,0,0,0,0,0,0,0,0,0,0,0
8,차룡8교(수위계),2009-09-07,0,0,0,0,0,0,0,9999,9999,9999,9999,9999,9999,9999,9999,9999,9999,0,0,0,0,0,0,0
8,차룡8교(수위계),2009-09-08,0,0,0,0,0,0,0,0,0,0,9999,9999,9999,9999,9999,9999,0,0,0,0,0,0,0,0
1,중앙동,2009-09-09,0,0,0,0,0,0,0,0,0,0,0,0,0,0,0,0,0,0,0,0,0,0,0,0
2,국방연구소,2009-09-09,0,0,0,0,0,0,0,0,0,0,0,0,0,0,0,0,0,0,0,0,0,0,0,0
3,북면,2009-09-09,0,0,0,0,0,0,0,0,0,0,0,0,0,0,0,0,0,0,0,0,0,0,0,0
4,명곡동,2009-09-09,0,0,0,0,0,0,0,0,0,0,0,0,0,0,0,0,0,0,0,0,0,0,0,0
6,성산구청,2009-09-09,0,0,0,0,0,0,0,0,0,0,0,0,0,0,0,0,0,0,0,0,0,0,0,0
7,웅남동,2009-09-09,0,0,0,0,0,0,0,0,0,0,0,0,0,0,0,0,0,0,0,0,0,0,0,0
8,차룡8교(수위계),2009-09-09,0,0,0,0,0,0,0,0,0,9999,9999,9999,9999,9999,9999,9999,9999,0,0,0,0,0,0,0
1,중앙동,2009-09-10,0,0,0,0,0,0,0,0,0,0,0,0,0,0,0,0,0,0,0,0,0,0,0,0
2,국방연구소,2009-09-10,0,0,0,0,0,0,0,0,0,0,0,0,0,0,0,0,0,0,0,0,0,0,0,0
3,북면,2009-09-10,0,0,0,0,0,0,0,0,0,0,0,0,0,0,0,0,0,0,0,0,0,0,0,0
4,명곡동,2009-09-10,0,0,0,0,0,0,0,0,0,0,0,0,0,0,0,0,0,0,0,0,0,0,0,0
6,성산구청,2009-09-10,0,0,0,0,0,0,0,0,0,0,0,0,0,0,0,0,0,0,0,0,0,0,0,0
7,웅남동,2009-09-10,0,0,0,0,0,0,0,0,0,0,0,0,0,0,0,0,0,0,0,0,0,0,0,0
8,차룡8교(수위계),2009-09-10,0,0,0,0,0,0,0,9999,9999,9999,9999,9999,9999,9999,9999,9999,9999,0,0,0,0,0,0,25
1,중앙동,2009-09-11,0,0,0,0,0,0,0,0,0,0,0,0,0,0,0,0,0,0,0,0,0,0,0,0
2,국방연구소,2009-09-11,0,0,0,0,0,0,0,0,0,0,0,0,0,0,0,0,0,0,0,0,0,0,0,0
3,북면,2009-09-11,0,0,0,0,0,0,0,0,0,0,0,0,0,0,0,0,0,0,0,0,0,0,0,0
4,명곡동,2009-09-11,0,0,0,0,0,0,0,0,0,0,0,0,0,0,0,0,0,0,0,0,0,0,0,0
6,성산구청,2009-09-11,0,0,0,0,0,0,0,0,0,0,0,0,0,0,0,0,0,0,0,0,0,0,0,0
7,웅남동,2009-09-11,0,0,0,0,0,0,0,0,0,0,0,0,0,0,0,0,0,0,0,0,0,0,0,0
8,차룡8교(수위계),2009-09-11,0,9999,0,0,0,0,0,9999,9999,9999,9999,9999,9999,9999,9999,9999,0,0,0,0,0,0,0,0
1,중앙동,2009-09-12,0,0,0,0,0,0,0,0,0,0,0,0,0,0,0,0,0,0,0,0,0,0,0,0
2,국방연구소,2009-09-12,0,0,0,0,0,0,0,0,0,0,0,0,0,0,0,0,0,0,0,0,0,0,0,0
3,북면,2009-09-12,0,0,0,0,0,0,0,0,0,0,0,0,0,0,0,0,0,0,0,0,0,0,0,0
4,명곡동,2009-09-12,0,0,0,0,0,0,0,0,0,0,0,0,0,0,0,0,0,0,0,0,0,0,0,0
6,성산구청,2009-09-12,0,0,0,0,0,0,0,0,0,0,0,0,0,0,0,0,0,0,0,0,0,0,0,0
7,웅남동,2009-09-12,0,0,0,0,0,0,0,0,0,0,0,0,0,0,0,0,0,0,0,0,0,0,0,0
8,차룡8교(수위계),2009-09-12,0,0,0,0,0,0,0,0,9999,9999,9999,9999,9999,9999,9999,9999,9999,0,0,0,0,0,0,0
1,중앙동,2009-09-13,0,0,0,0,0,0,0,0,0,0,0,0,0,0,0,0,0,0,0,0,0,0,0,0
2,국방연구소,2009-09-13,0,0,0,0,0,0,0,0,0,0,0,0,0,0,0,0,0,0,0,0,0,0,0,0
3,북면,2009-09-13,0,0,0,0,0,0,0,0,0,0,0,0,0,0,0,0,0,0,0,0,0,0,0,0
4,명곡동,2009-09-13,0,0,0,0,0,0,0,0,0,0,0,0,0,0,0,0,0,0,0,0,0,0,0,0
6,성산구청,2009-09-13,0,0,0,0,0,0,0,0,0,0,0,0,0,0,0,0,0,0,0,0,0,0,0,0
7,웅남동,2009-09-13,0,0,0,0,0,0,0,0,0,0,0,0,0,0,0,0,0,0,0,0,0,0,0,0
8,차룡8교(수위계),2009-09-13,0,0,0,0,0,0,0,9999,9999,9999,9999,9999,9999,9999,9999,9999,9999,0,0,0,0,0,0,0
1,중앙동,2009-09-14,0,0,0,0,0,0,0,0,0,0,0,0,0,0,0,0,0,0,0,0,0,0,0,0
2,국방연구소,2009-09-14,0,0,0,0,0,0,0,0,0,0,0,0,0,0,0,0,0,0,0,0,0,0,0,0
3,북면,2009-09-14,0,0,0,0,0,0,0,0,0,0,0,0,0,0,0,0,0,0,0,0,0,0,0,0
4,명곡동,2009-09-14,0,0,0,0,0,0,0,0,0,0,0,0,0,0,0,0,0,0,0,0,0,0,0,0
6,성산구청,2009-09-14,0,0,0,0,0,0,0,0,0,0,0,0,0,0,0,0,0,0,0,0,0,0,0,0
7,웅남동,2009-09-14,0,0,0,0,0,0,0,0,0,0,0,0,0,0,0,0,0,0,0,0,0,0,0,0
8,차룡8교(수위계),2009-09-14,0,0,0,0,0,0,0,0,0,9999,9999,9999,9999,9999,9999,9999,0,0,0,0,0,0,0,0
1,중앙동,2009-09-15,0,0,0,0,0,0,0,0,0,0,0,0,0,0,0,0,0,0,0,0,0,0,0,0
2,국방연구소,2009-09-15,0,0,0,0,0,0,0,0,0,0,0,0,0,0,0,0,0,0,0,0,0,0,0,0
3,북면,2009-09-15,0,0,0,0,0,0,0,0,0,0,0,0,0,0,0,0,0,0,0,0,0,0,0,0
4,명곡동,2009-09-15,0,0,0,0,0,0,0,0,0,0,0,0,0,0,0,0,0,0,0,0,0,0,0,0
6,성산구청,2009-09-15,0,0,0,0,0,0,0,0,0,0,0,0,0,0,0,0,0,0,0,0,0,0,0,0
7,웅남동,2009-09-15,0,0,0,0,0,0,0,0,0,0,0,0,0,0,0,0,0,0,0,0,0,0,0,0
8,차룡8교(수위계),2009-09-15,0,0,0,0,0,0,0,9999,9999,9999,9999,9999,9999,9999,9999,9999,9999,0,0,0,0,0,0,0
1,중앙동,2009-09-16,0,0,0,0,0,0,0,0,0,0,0,0,0,0,0,0,0,0,0,0,0,0,0,0
2,국방연구소,2009-09-16,0,0,0,0,0,0,0,0,0,0,0,0,0,0,0,0,0,0,0,0,0,0,0,0
3,북면,2009-09-16,0,0,0,0,0,0,0,0,0,0,0,0,0,0,0,0,0,0,0,0,0,0,0,0
4,명곡동,2009-09-16,0,0,0,0,0,0,0,0,0,0,0,0,0,0,0,0,0,0,0,0,0,0,0,0
6,성산구청,2009-09-16,0,0,0,0,0,0,0,0,0,0,0,0,0,0,0,0,0,0,0,0,0,0,0,0
7,웅남동,2009-09-16,0,0,0,0,0,0,0,0,0,0,0,0,0,0,0,0,0,0,0,0,0,0,0,0
8,차룡8교(수위계),2009-09-16,0,0,0,0,0,0,0,0,9999,9999,9999,9999,9999,9999,9999,9999,9999,0,0,0,0,0,0,0
1,중앙동,2009-09-17,0,0,0,0,0,0,0,0,0,0,0,0,0,0,0,0,0,0,0,0,0,0,0,0
2,국방연구소,2009-09-17,0,0,0,0,0,0,0,0,0,0,0,0,0,0,0,0,0,0,0,0,0,0,0,0
3,북면,2009-09-17,0,0,0,0,0,0,0,0,0,0,0,0,0,0,0,0,0,0,0,0,0,0,0,0
4,명곡동,2009-09-17,0,0,0,0,0,0,0,0,0,0,0,0,0,0,0,0,0,0,0,0,0,0,0,0
6,성산구청,2009-09-17,0,0,0,0,0,0,0,0,0,0,0,0,0,0,0,0,0,0,0,0,0,0,0,0
7,웅남동,2009-09-17,0,0,0,0,0,0,0,0,0,0,0,0,0,0,0,0,0,0,0,0,0,0,0,0
8,차룡8교(수위계),2009-09-17,0,0,0,0,0,0,0,9999,9999,9999,9999,9999,9999,9999,9999,9999,9999,0,0,0,0,0,0,0
8,차룡8교(수위계),2009-09-18,0,0,0,0,0,0,0,9999,9999,9999,9999,9999,9999,9999,9999,9999,0,0,0,0,0,0,0,0
8,차룡8교(수위계),2009-09-19,0,0,0,0,0,0,0,9999,9999,9999,9999,9999,9999,9999,9999,9999,0,0,0,0,0,0,0,0
8,차룡8교(수위계),2009-09-20,0,0,0,0,0,0,0,9999,9999,9999,9999,9999,9999,9999,9999,9999,9999,9999,9999,9999,9999,9999,0,0
1,중앙동,2009-09-21,0,0,0,0,0,0,0,0,0,0,0,0,0,0,0,0,0,0,0,0,0,0,0,0
2,국방연구소,2009-09-21,0,0,0,0,0,0,0,0,0,0,0,0,0,0,0,0,0,0,0,0,0,0,0,0
3,북면,2009-09-21,0,0,0,0,0,0,0,0,0,0,0,0,0,0,0,0,0,0,0,0,0,0,0,0
4,명곡동,2009-09-21,0,0,0,0,0,0,0,0,0,0,0,0,0,0,0,0,0,0,0,0,0,0,0,0
6,성산구청,2009-09-21,0,0,0,0,0,0,0,0,0,0,0,0,0,0,0,0,0,0,0,0,0,0,0,0
7,웅남동,2009-09-21,0,0,0,0,0,0,0,0,0,0,0,0,0,0,0,0,0,0,0,0,0,0,0,0
8,차룡8교(수위계),2009-09-21,0,0,0,0,0,0,0,9999,9999,9999,9999,9999,9999,9999,9999,0,0,0,0,0,0,0,0,0
1,중앙동,2009-09-22,0,0,0,0,0,0,0,0,0,0,0,0,0,0,0,0,0,0,0,0,0,0,0,0
2,국방연구소,2009-09-22,0,0,0,0,0,0,0,0,0,0,0,0,0,0,0,0,0,0,0,0,0,0,0,0
3,북면,2009-09-22,0,0,0,0,0,0,0,0,0,0,0,0,0,0,0,0,0,0,0,0,0,0,0,0
4,명곡동,2009-09-22,0,0,0,0,0,0,0,0,0,0,0,0,0,0,0,0,0,0,0,0,0,0,0,0
6,성산구청,2009-09-22,0,0,0,0,0,0,0,0,0,0,0,0,0,0,0,0,0,0,0,0,0,0,0,0
7,웅남동,2009-09-22,0,0,0,0,0,0,0,0,0,0,0,0,0,0,0,0,0,0,0,0,0,0,0,0
8,차룡8교(수위계),2009-09-22,0,0,0,0,0,0,0,9999,9999,9999,9999,9999,9999,0,9999,9999,0,0,0,0,0,0,0,0
1,중앙동,2009-09-23,0,0,0,0,0,0,0,0,0,0,0,0,0,0,0,0,0,0,0,0,0,0,0,0
2,국방연구소,2009-09-23,0,0,0,0,0,0,0,0,0,0,0,0,0,0,0,0,0,0,0,0,0,0,0,0
3,북면,2009-09-23,0,0,0,0,0,0,0,0,0,0,0,0,0,0,0,0,0,0,0,0,0,0,0,0
4,명곡동,2009-09-23,0,0,0,0,0,0,0,0,0,0,0,0,0,0,0,0,0,0,0,0,0,0,0,0
6,성산구청,2009-09-23,0,0,0,0,0,0,0,0,0,0,0,0,0,0,0,0,0,0,0,0,0,0,0,0
7,웅남동,2009-09-23,0,0,0,0,0,0,0,0,0,0,0,0,0,0,0,0,0,0,0,0,0,0,0,0
8,차룡8교(수위계),2009-09-23,0,0,0,0,0,0,0,0,0,9999,9999,9999,9999,9999,9999,9999,0,0,0,0,0,0,0,0
1,중앙동,2009-09-24,0,0,0,0,0,0,0,0,0,0,0,0,0,0,0,0,0,0,0,0,0,0,0,0
2,국방연구소,2009-09-24,0,0,0,0,0,0,0,0,0,0,0,0,0,0,0,0,0,0,0,0,0,0,0,0
3,북면,2009-09-24,0,0,0,0,0,0,0,0,0,0,0,0,0,0,0,0,0,0,0,0,0,0,0,0
4,명곡동,2009-09-24,0,0,0,0,0,0,0,0,0,0,0,0,0,0,0,0,0,0,0,0,0,0,0,0
6,성산구청,2009-09-24,0,0,0,0,0,0,0,0,0,0,0,0,0,0,0,0,0,0,0,0,0,0,0,0
7,웅남동,2009-09-24,0,0,0,0,0,0,0,0,0,0,0,0,0,0,0,0,0,0,0,0,0,0,0,0
8,차룡8교(수위계),2009-09-24,0,0,0,0,0,0,0,9999,9999,9999,9999,9999,0,9999,9999,9999,0,0,0,0,0,0,0,0
8,차룡8교(수위계),2009-09-25,0,0,0,0,0,0,0,0,9999,9999,9999,9999,9999,9999,9999,0,0,0,0,0,0,0,0,0
1,중앙동,2009-09-26,0,0,0,0,0,0,0,0,0,0,0,0,0,0,0,0,0,0,0,0,0,0,0,0
2,국방연구소,2009-09-26,0,0,0,0,0,0,0,0,0,0,0,0,0,0,0,0,0,0,0,0,0,0,0,0
3,북면,2009-09-26,0,0,0,0,0,0,0,0,0,0,0,0,0,0,0,0,0,0,0,0,0,0,0,0
4,명곡동,2009-09-26,0,0,0,0,0,0,0,0,0,0,0,0,0,0,0,0,0,0,0,0,0,0,0,0
6,성산구청,2009-09-26,0,0,0,0,0,0,0,0,0,0,0,0,0,0,0,0,0,0,0,0,0,0,0,0
7,웅남동,2009-09-26,0,0,0,0,0,0,0,0,0,0,0,0,0,0,0,0,0,0,0,0,0,0,0,0
8,차룡8교(수위계),2009-09-26,0,0,0,0,0,0,0,9999,9999,9999,9999,9999,9999,9999,9999,9999,0,0,0,0,0,0,0,0
1,중앙동,2009-09-27,0,0,0,0,0,0,0,0,0,0,0,0,0,0,0,0,0,0,0,0,0,0,0,0
2,국방연구소,2009-09-27,0,0,0,0,0,0,0,0,0,0,0,0,0,0,0,0,0,0,0,0,0,0,0,0
3,북면,2009-09-27,0,0,0,0,0,0,0,0,0,0,0,0,0,0,0,0,0,0,0,0,0,0,0,0
4,명곡동,2009-09-27,0,0,0,0,0,0,0,0,0,0,0,0,0,0,0,0,0,0,0,0,0,0,0,0
6,성산구청,2009-09-27,0,0,0,0,0,0,0,0,0,0,0,0,0,0,0,0,0,0,0,0,0,0,0,0
7,웅남동,2009-09-27,0,0,0,0,0,0,0,0,0,0,0,0,0,0,0,0,0,0,0,0,0,0,0,0
8,차룡8교(수위계),2009-09-27,0,0,0,0,0,0,0,0,9999,9999,9999,9999,9999,9999,0,0,0,0,0,0,0,0,0,0
8,차룡8교(수위계),2009-09-28,0,0,0,0,0,0,0,9999,9999,9999,9999,0,0,0,0,0,0,0,0,0,0,0,0,0
1,중앙동,2009-09-29,0,0,0,0,0,0,0,0,0,0,0,0,0,0,0,0,0,0,0,0,0,0,0,0
2,국방연구소,2009-09-29,0,0,0,0,0,0,0,0,0,0,0,0,0,0,0,0,0,0,0,0,0,0,0,0
3,북면,2009-09-29,0,0,0,0,0,0,0,0,0,0,0,0,0,0,0,0,0,0,0,0,0,0,0,0
4,명곡동,2009-09-29,0,0,0,0,0,0,0,0,0,0,0,0,0,0,0,0,0,0,0,0,0,0,0,0
6,성산구청,2009-09-29,0,0,0,0,0,0,0,0,0,0,0,0,0,0,0,0,0,0,0,0,0,0,0,0
7,웅남동,2009-09-29,0,0,0,0,0,0,0,0,0,0,0,0,0,0,0,0,0,0,0,0,0,0,0,0
8,차룡8교(수위계),2009-09-29,0,0,0,0,0,0,0,9999,9999,9999,9999,9999,9999,9999,0,0,0,0,0,0,0,0,0,0
1,중앙동,2009-09-30,0,0,0,0,0,0,0,0,0,0,0,0,0,0,0,0,0,0,0,0,0,0,0,0
2,국방연구소,2009-09-30,0,0,0,0,0,0,0,0,0,0,0,0,0,0,0,0,0,0,0,0,0,0,0,0
3,북면,2009-09-30,0,0,0,0,0,0,0,0,0,0,0,0,0,0,0,0,0,0,0,0,0,0,0,0
4,명곡동,2009-09-30,0,0,0,0,0,0,0,0,0,0,0,0,0,0,0,0,0,0,0,0,0,0,0,0
6,성산구청,2009-09-30,0,0,0,0,0,0,0,0,0,0,0,0,0,0,0,0,0,0,0,0,0,0,0,0
7,웅남동,2009-09-30,0,0,0,0,0,0,0,0,0,0,0,0,0,0,0,0,0,0,0,0,0,0,0,0
8,차룡8교(수위계),2009-09-30,0,0,0,0,0,0,0,0,0,0,9999,9999,9999,9999,9999,9999,0,0,0,0,0,0,0,0
8,차룡8교(수위계),2009-10-01,0,0,0,0,0,0,0,9999,9999,9999,9999,9999,9999,9999,9999,9999,0,0,0,0,0,0,0,0
8,차룡8교(수위계),2009-10-02,0,0,0,0,0,0,0,9999,9999,9999,9999,9999,9999,9999,9999,9999,0,0,0,0,0,0,0,0
1,중앙동,2009-10-03,0,0,0,0,0,0,0,0,0,0,0,0,0,0,0,0,0,0,0,0,0,0,0,0
2,국방연구소,2009-10-03,0,0,0,0,0,0,0,0,0,0,0,0,0,0,0,0,0,0,0,0,0,0,0,0
3,북면,2009-10-03,0,0,0,0,0,0,0,0,0,0,0,0,0,0,0,0,0,0,0,0,0,0,0,0
4,명곡동,2009-10-03,0,0,0,0,0,0,0,0,0,0,0,0,0,0,0,0,0,0,0,0,0,0,0,0
6,성산구청,2009-10-03,0,0,0,0,0,0,0,0,0,0,0,0,0,0,0,0,0,0,0,0,0,0,0,0
7,웅남동,2009-10-03,0,0,0,0,0,0,0,0,0,0,0,0,0,0,0,0,0,0,0,0,0,0,0,0
8,차룡8교(수위계),2009-10-03,0,0,0,0,0,0,0,9999,9999,9999,9999,9999,9999,9999,9999,9999,0,0,0,0,0,0,0,0
1,중앙동,2009-10-04,0,0,0,0,0,0,0,0,0,0,0,0,0,0,0,0,0,0,0,0,0,0,0,0
2,국방연구소,2009-10-04,0,0,0,0,0,0,0,0,0,0,0,0,0,0,0,0,0,0,0,0,0,0,0,0
3,북면,2009-10-04,0,0,0,0,0,0,0,0,0,0,0,0,0,0,0,0,0,0,0,0,0,0,0,0
4,명곡동,2009-10-04,0,0,0,0,0,0,0,0,0,0,0,0,0,0,0,0,0,0,0,0,0,0,0,0
6,성산구청,2009-10-04,0,0,0,0,0,0,0,0,0,0,0,0,0,0,0,0,0,0,0,0,0,0,0,0
7,웅남동,2009-10-04,0,0,0,0,0,0,0,0,0,0,0,0,0,0,0,0,0,0,0,0,0,0,0,0
8,차룡8교(수위계),2009-10-04,0,0,0,0,0,0,0,0,9999,9999,9999,9999,9999,9999,9999,0,0,0,0,0,0,0,0,0
8,차룡8교(수위계),2009-10-05,0,0,0,0,0,0,0,0,9999,9999,9999,9999,9999,9999,9999,9999,0,0,0,0,0,0,0,0
1,중앙동,2009-10-06,0,0,0,0,0,0,0,0,0,0,0,0,0,0,0,0,0,0,0,0,0,0,0,0
2,국방연구소,2009-10-06,0,0,0,0,0,0,0,0,0,0,0,0,0,0,0,0,0,0,0,0,0,0,0,0
3,북면,2009-10-06,0,0,0,0,0,0,0,0,0,0,0,0,0,0,0,0,0,0,0,0,0,0,0,0
4,명곡동,2009-10-06,0,0,0,0,0,0,0,0,0,0,0,0,0,0,0,0,0,0,0,0,0,0,0,0
6,성산구청,2009-10-06,0,0,0,0,0,0,0,0,0,0,0,0,0,0,0,0,0,0,0,0,0,0,0,0
7,웅남동,2009-10-06,0,0,0,0,0,0,0,0,0,0,0,0,0,0,0,0,0,0,0,0,0,0,0,0
8,차룡8교(수위계),2009-10-06,0,0,0,0,0,0,0,9999,9999,9999,9999,9999,9999,9999,9999,9999,0,0,0,0,0,0,0,0
1,중앙동,2009-10-07,0,0,0,0,0,0,0,0,0,0,0,0,0,0,0,0,0,0,0,0,0,0,0,0
2,국방연구소,2009-10-07,0,0,0,0,0,0,0,0,0,0,0,0,0,0,0,0,0,0,0,0,0,0,0,0
3,북면,2009-10-07,0,0,0,0,0,0,0,0,0,0,0,0,0,0,0,0,0,0,0,0,0,0,0,0
4,명곡동,2009-10-07,0,0,0,0,0,0,0,0,0,0,0,0,0,0,0,0,0,0,0,0,0,0,0,0
6,성산구청,2009-10-07,0,0,0,0,0,0,0,0,0,0,0,0,0,0,0,0,0,0,0,0,0,0,0,0
7,웅남동,2009-10-07,0,0,0,0,0,0,0,0,0,0,0,0,0,0,0,0,0,0,0,0,0,0,0,0
8,차룡8교(수위계),2009-10-07,0,0,0,0,0,0,0,9999,9999,9999,9999,9999,9999,0,9999,0,0,0,0,0,0,0,0,0
1,중앙동,2009-10-08,0,0,0,0,0,0,0,0,0,0,0,0,0,0,0,0,0,0,0,0,0,0,0,0
2,국방연구소,2009-10-08,0,0,0,0,0,0,0,0,0,0,0,0,0,0,0,0,0,0,0,0,0,0,0,0
3,북면,2009-10-08,0,0,0,0,0,0,0,0,0,0,0,0,0,0,0,0,0,0,0,0,0,0,0,0
4,명곡동,2009-10-08,0,0,0,0,0,0,0,0,0,0,0,0,0,0,0,0,0,0,0,0,0,0,0,0
6,성산구청,2009-10-08,0,0,0,0,0,0,0,0,0,0,0,0,0,0,0,0,0,0,0,0,0,0,0,0
7,웅남동,2009-10-08,0,0,0,0,0,0,0,0,0,0,0,0,0,0,0,0,0,0,0,0,0,0,0,0
8,차룡8교(수위계),2009-10-08,0,0,0,0,0,0,0,0,9999,9999,9999,9999,9999,9999,9999,0,0,0,0,0,0,0,0,0
8,차룡8교(수위계),2009-10-09,0,0,0,0,0,0,0,0,9999,9999,9999,9999,9999,9999,9999,9999,0,0,0,0,0,0,0,0
8,차룡8교(수위계),2009-10-10,0,0,0,0,0,0,0,9999,9999,9999,9999,9999,9999,9999,9999,9999,0,0,0,0,0,0,0,0
8,차룡8교(수위계),2009-10-11,0,0,0,0,0,0,0,9999,9999,9999,9999,9999,9999,9999,9999,9999,0,0,0,0,0,0,0,0
8,차룡8교(수위계),2009-10-12,0,0,0,0,0,0,0,0,9999,9999,9999,9999,9999,9999,9999,0,0,0,0,0,0,0,0,0
8,차룡8교(수위계),2009-10-13,0,0,0,0,0,0,0,9999,9999,9999,9999,9999,9999,9999,9999,9999,0,0,0,0,0,0,0,0
8,차룡8교(수위계),2009-10-14,0,0,0,0,0,0,0,0,9999,9999,9999,9999,9999,9999,9999,9999,0,0,0,0,0,0,0,0
8,차룡8교(수위계),2009-10-15,0,0,0,0,0,0,0,9999,9999,9999,9999,9999,9999,9999,9999,9999,0,0,0,0,0,0,0,0
8,차룡8교(수위계),2009-10-16,0,0,0,0,0,0,0,9999,9999,9999,9999,9999,9999,9999,9999,9999,9999,9999,9999,9999,0,0,0,0
8,차룡8교(수위계),2009-10-17,0,0,0,0,0,0,0,9999,9999,9999,9999,9999,9999,9999,9999,9999,9999,9999,9999,9999,9999,9999,0,0
8,차룡8교(수위계),2009-10-18,0,0,0,0,0,0,0,9999,9999,9999,9999,9999,9999,9999,9999,9999,9999,9999,9999,9999,9999,9999,9999,0
8,차룡8교(수위계),2009-10-19,0,0,0,0,0,0,0,9999,9999,9999,9999,9999,9999,9999,9999,0,0,0,0,0,0,0,0,0
8,차룡8교(수위계),2009-10-20,0,0,0,0,0,0,0,9999,9999,9999,9999,9999,9999,9999,9999,0,0,0,0,0,0,0,0,0
8,차룡8교(수위계),2009-10-21,0,0,0,0,0,0,0,9999,9999,9999,9999,9999,9999,9999,9999,9999,0,0,0,0,0,0,0,0
8,차룡8교(수위계),2009-10-22,0,0,0,0,0,0,0,9999,9999,9999,9999,9999,9999,9999,9999,9999,0,0,0,0,0,0,0,0
8,차룡8교(수위계),2009-10-23,0,0,0,0,0,0,0,0,9999,9999,9999,9999,9999,9999,9999,0,0,0,0,0,0,0,0,0
8,차룡8교(수위계),2009-10-24,0,0,0,0,0,0,0,9999,9999,9999,9999,9999,9999,9999,9999,0,0,0,0,0,0,0,0,0
8,차룡8교(수위계),2009-10-25,0,0,0,0,0,0,0,0,0,9999,9999,9999,9999,9999,9999,0,0,0,0,0,0,0,0,0
8,차룡8교(수위계),2009-10-26,0,0,0,0,0,0,0,9999,9999,9999,9999,9999,9999,9999,9999,0,0,0,0,0,0,0,0,0
8,차룡8교(수위계),2009-10-27,0,0,0,0,0,0,0,0,9999,9999,9999,9999,9999,9999,9999,0,0,0,0,0,0,0,0,0
8,차룡8교(수위계),2009-10-28,0,0,0,0,0,0,0,9999,9999,9999,9999,9999,9999,9999,9999,0,0,0,0,0,0,0,0,0
8,차룡8교(수위계),2009-10-29,0,0,0,0,0,0,0,9999,9999,9999,9999,9999,9999,9999,0,0,0,0,0,0,0,0,0,0
8,차룡8교(수위계),2009-10-30,0,0,0,0,0,0,0,0,0,9999,9999,9999,9999,9999,9999,0,0,0,0,0,0,0,0,0
8,차룡8교(수위계),2009-10-31,0,0,0,0,0,0,0,0,9999,9999,9999,9999,9999,9999,9999,0,0,0,0,0,0,0,0,0
8,차룡8교(수위계),2009-11-01,0,0,0,0,0,0,0,9999,9999,0,0,9999,9999,9999,9999,9999,0,0,0,0,0,0,0,0
8,차룡8교(수위계),2009-11-02,0,0,0,0,0,0,0,9999,9999,9999,9999,9999,9999,9999,9999,0,0,0,0,0,0,0,0,0
8,차룡8교(수위계),2009-11-03,0,0,0,0,0,0,0,9999,9999,9999,9999,9999,9999,9999,9999,0,0,0,0,0,0,0,0,0
8,차룡8교(수위계),2009-11-04,0,0,0,0,0,0,0,0,9999,9999,9999,9999,9999,9999,9999,0,0,0,0,0,0,0,0,0
8,차룡8교(수위계),2009-11-05,0,0,0,0,0,0,0,0,9999,9999,9999,9999,9999,9999,9999,9999,9999,9999,0,0,0,0,0,0
8,차룡8교(수위계),2009-11-06,0,0,0,0,0,0,0,9999,9999,9999,9999,9999,9999,9999,9999,9999,9999,9999,0,0,0,0,0,0
8,차룡8교(수위계),2009-11-07,0,0,0,0,0,0,0,9999,9999,9999,9999,9999,9999,9999,9999,9999,9999,9999,0,0,0,0,0,0
8,차룡8교(수위계),2009-11-08,0,0,0,0,0,0,0,0,9999,9999,9999,9999,9999,9999,9999,9999,9999,9999,0,0,0,0,0,0
8,차룡8교(수위계),2009-11-09,0,0,0,0,0,0,0,0,9999,9999,9999,9999,9999,9999,9999,0,0,0,0,0,0,0,0,0
8,차룡8교(수위계),2009-11-10,0,0,0,0,0,0,0,0,0,0,0,0,0,0,0,0,0,0,0,0,0,0,0,0
8,차룡8교(수위계),2009-11-11,0,0,0,0,0,0,0,0,0,0,9999,9999,9999,0,0,0,0,0,0,0,0,0,0,0
8,차룡8교(수위계),2009-11-12,0,0,0,0,0,0,0,0,0,0,0,0,0,0,0,0,0,0,0,0,0,0,0,0
8,차룡8교(수위계),2009-11-13,0,0,0,0,0,0,0,0,9999,9999,9999,9999,0,0,0,0,0,0,0,0,0,0,0,0
8,차룡8교(수위계),2009-11-14,0,0,0,0,0,0,0,0,9999,9999,9999,9999,9999,9999,9999,0,0,0,0,0,0,0,0,0
8,차룡8교(수위계),2009-11-15,0,0,0,0,0,0,0,9999,9999,9999,9999,9999,9999,9999,9999,0,0,0,0,0,0,0,0,0
8,차룡8교(수위계),2009-11-16,0,0,0,0,0,0,0,9999,9999,9999,9999,9999,9999,9999,9999,0,0,0,0,0,0,0,0,0
8,차룡8교(수위계),2009-11-17,0,0,0,0,0,0,0,0,0,9999,9999,9999,9999,9999,9999,0,0,0,0,0,0,0,0,0
8,차룡8교(수위계),2009-11-18,0,0,0,0,0,0,0,9999,9999,9999,9999,9999,9999,9999,9999,0,0,0,0,0,0,0,0,0
8,차룡8교(수위계),2009-11-19,0,0,0,0,0,0,0,9999,9999,9999,9999,9999,9999,9999,9999,0,0,0,0,0,0,0,0,0
8,차룡8교(수위계),2009-11-20,0,0,0,0,0,0,0,9999,9999,9999,9999,9999,9999,9999,9999,0,0,0,0,0,0,0,0,0
8,차룡8교(수위계),2009-11-21,0,0,0,0,0,0,0,9999,9999,9999,9999,9999,9999,9999,9999,0,0,0,0,0,0,0,0,0
8,차룡8교(수위계),2009-11-22,0,0,0,0,0,0,0,9999,9999,9999,9999,9999,9999,9999,9999,0,0,0,0,0,0,0,0,0
8,차룡8교(수위계),2009-11-23,0,0,0,0,0,0,0,0,9999,9999,9999,9999,9999,9999,9999,0,0,0,0,0,0,0,0,0
8,차룡8교(수위계),2009-11-24,0,0,0,0,0,0,0,9999,9999,9999,9999,9999,9999,9999,9999,0,0,0,0,0,0,0,0,0
8,차룡8교(수위계),2009-11-25,0,0,0,0,0,0,0,0,9999,9999,9999,9999,9999,9999,9999,0,0,0,0,0,0,0,0,0
8,차룡8교(수위계),2009-11-26,0,0,0,0,0,0,0,9999,9999,9999,9999,9999,9999,9999,9999,9999,9999,9999,9999,0,0,0,0,0
8,차룡8교(수위계),2009-11-27,0,0,0,0,0,0,0,0,9999,9999,9999,9999,9999,9999,9999,0,0,0,0,0,0,0,0,0
8,차룡8교(수위계),2009-11-28,0,0,0,0,0,0,0,9999,9999,9999,9999,9999,9999,9999,9999,0,0,0,0,0,0,0,0,0
8,차룡8교(수위계),2009-11-29,0,0,0,0,0,0,0,0,0,0,0,0,0,0,0,0,0,0,0,0,0,0,0,0
8,차룡8교(수위계),2009-11-30,0,0,0,0,0,0,0,0,0,0,9999,0,9999,9999,9999,0,0,0,0,0,0,0,0,0
8,차룡8교(수위계),2009-12-01,0,0,0,0,0,0,0,9999,9999,9999,9999,9999,9999,9999,9999,0,0,0,0,0,0,0,0,0
8,차룡8교(수위계),2009-12-02,0,0,0,0,0,0,0,9999,9999,9999,9999,9999,9999,9999,9999,0,0,0,0,0,0,0,0,0
8,차룡8교(수위계),2009-12-03,0,0,0,0,0,0,0,9999,9999,9999,9999,9999,9999,9999,9999,0,0,0,0,0,0,0,0,0
8,차룡8교(수위계),2009-12-04,0,0,0,0,0,0,0,0,9999,9999,9999,9999,9999,9999,9999,0,0,0,0,0,0,0,0,0
8,차룡8교(수위계),2009-12-05,0,0,0,0,0,0,0,0,9999,9999,9999,9999,9999,9999,9999,0,0,0,0,0,0,0,0,0
8,차룡8교(수위계),2009-12-06,0,0,0,0,0,0,0,9999,9999,9999,9999,9999,9999,9999,9999,0,0,0,0,0,0,0,0,0
8,차룡8교(수위계),2009-12-07,0,0,0,0,0,0,0,9999,9999,9999,9999,9999,9999,9999,9999,0,0,0,0,0,0,0,0,0
8,차룡8교(수위계),2009-12-08,0,0,0,0,0,0,0,0,9999,9999,9999,9999,9999,9999,0,0,0,0,0,0,0,0,0,0
8,차룡8교(수위계),2009-12-09,0,0,0,0,0,0,0,0,0,0,9999,9999,9999,9999,0,0,0,0,0,0,0,0,0,0
8,차룡8교(수위계),2009-12-10,0,0,0,0,0,0,0,9999,9999,9999,9999,9999,9999,9999,9999,9999,9999,9999,9999,24,25,24,24,25
8,차룡8교(수위계),2009-12-11,0,9999,0,0,0,0,0,9999,9999,9999,9999,9999,9999,9999,9999,0,0,0,0,0,0,0,0,0
8,차룡8교(수위계),2009-12-12,0,0,0,0,0,0,0,0,9999,9999,9999,9999,9999,9999,9999,0,0,0,0,0,0,0,0,0
8,차룡8교(수위계),2009-12-13,0,0,0,0,0,0,0,0,9999,9999,0,9999,9999,9999,9999,0,0,0,0,0,0,0,0,0
8,차룡8교(수위계),2009-12-14,0,0,0,0,0,0,0,0,9999,9999,9999,9999,9999,9999,9999,0,0,0,0,0,0,0,0,0
8,차룡8교(수위계),2009-12-15,0,0,0,0,0,0,0,0,9999,9999,9999,9999,9999,9999,9999,0,0,0,0,0,0,0,0,0
8,차룡8교(수위계),2009-12-16,0,0,0,0,0,0,0,9999,9999,9999,9999,9999,9999,0,9999,0,0,0,0,0,0,0,0,0
8,차룡8교(수위계),2009-12-17,0,0,0,0,0,0,0,9999,9999,9999,9999,9999,9999,9999,9999,0,0,0,0,0,0,0,0,0
8,차룡8교(수위계),2009-12-18,0,0,0,0,0,0,0,9999,9999,9999,9999,9999,9999,9999,9999,0,0,0,0,0,0,0,0,0
8,차룡8교(수위계),2009-12-19,0,0,0,0,0,0,0,9999,9999,9999,9999,9999,9999,0,9999,0,0,0,0,0,0,0,0,0
8,차룡8교(수위계),2009-12-20,0,0,0,0,0,0,0,9999,9999,9999,9999,9999,9999,9999,9999,0,0,0,0,0,0,0,0,0
8,차룡8교(수위계),2009-12-21,0,0,0,0,0,0,0,9999,9999,9999,0,0,9999,9999,9999,0,0,0,0,0,0,0,0,0
8,차룡8교(수위계),2009-12-22,0,0,0,0,0,0,0,9999,9999,9999,9999,9999,9999,9999,9999,0,0,0,0,0,0,0,0,0
8,차룡8교(수위계),2009-12-23,0,0,0,0,0,0,0,0,9999,9999,9999,9999,9999,9999,9999,0,0,0,0,0,0,0,0,0
8,차룡8교(수위계),2009-12-24,0,0,0,0,0,0,0,9999,9999,9999,9999,9999,9999,9999,0,0,0,0,0,0,0,0,0,0
8,차룡8교(수위계),2009-12-25,0,0,0,0,0,0,0,0,0,9999,9999,9999,9999,0,9999,0,0,0,0,0,0,0,0,0
8,차룡8교(수위계),2009-12-26,0,0,0,0,0,0,0,9999,9999,9999,9999,9999,9999,0,9999,0,0,0,0,0,0,0,0,0
8,차룡8교(수위계),2009-12-27,0,0,0,0,0,0,0,0,9999,9999,9999,9999,9999,9999,9999,0,0,0,0,0,0,0,0,0
8,차룡8교(수위계),2009-12-28,0,0,0,0,0,0,0,9999,9999,9999,9999,9999,9999,9999,9999,0,0,0,0,0,0,0,0,0
8,차룡8교(수위계),2009-12-29,0,0,0,0,0,0,0,9999,9999,9999,9999,9999,9999,9999,9999,0,0,0,0,0,0,0,0,0
8,차룡8교(수위계),2009-12-30,0,0,0,0,0,0,0,0,0,9999,9999,9999,9999,9999,9999,0,0,0,0,0,0,0,0,0
8,차룡8교(수위계),2009-12-31,0,0,0,0,0,0,0,0,9999,9999,9999,9999,9999,9999,9999,0,0,0,0,0,0,0,0,0
8,차룡8교(수위계),2010-01-01,0,0,0,0,0,0,0,9999,9999,9999,9999,9999,9999,9999,9999,0,0,0,0,0,0,0,0,0
8,차룡8교(수위계),2010-01-02,0,0,0,0,0,0,0,0,9999,9999,9999,9999,9999,9999,9999,0,0,0,0,0,0,0,0,0
8,차룡8교(수위계),2010-01-03,0,0,0,0,0,0,0,9999,9999,9999,9999,9999,0,0,9999,0,0,0,0,0,0,0,0,0
8,차룡8교(수위계),2010-01-04,0,0,0,0,0,0,0,0,9999,0,0,9999,9999,9999,9999,0,0,0,0,0,0,0,0,0
8,차룡8교(수위계),2010-01-05,0,0,0,0,0,0,0,0,9999,9999,9999,9999,9999,9999,0,0,0,0,0,0,0,0,0,0
8,차룡8교(수위계),2010-01-06,0,0,0,0,0,0,0,9999,9999,9999,9999,9999,9999,9999,9999,0,0,0,0,0,0,0,0,0
8,차룡8교(수위계),2010-01-07,0,0,0,0,0,0,0,9999,9999,9999,9999,9999,9999,9999,9999,0,0,0,0,0,0,0,0,0
8,차룡8교(수위계),2010-01-08,0,0,0,0,0,0,0,0,9999,9999,9999,9999,9999,9999,9999,0,0,0,0,0,0,0,0,0
8,차룡8교(수위계),2010-01-09,0,0,0,0,0,0,0,0,9999,9999,9999,9999,9999,9999,9999,0,0,0,0,0,0,0,0,0
8,차룡8교(수위계),2010-01-10,0,0,0,0,0,0,0,9999,9999,9999,9999,9999,9999,9999,9999,0,0,0,0,0,0,0,0,0
8,차룡8교(수위계),2010-01-11,0,0,0,0,0,0,0,9999,9999,9999,9999,9999,9999,9999,9999,0,0,0,0,0,0,0,0,0
8,차룡8교(수위계),2010-01-12,0,0,0,0,0,0,0,0,9999,9999,9999,9999,9999,9999,9999,0,0,0,0,0,0,0,0,0
8,차룡8교(수위계),2010-01-13,0,0,0,0,0,0,0,9999,9999,9999,9999,9999,9999,9999,9999,0,0,0,0,0,0,0,0,0
8,차룡8교(수위계),2010-01-14,0,0,0,0,0,0,0,0,9999,9999,9999,9999,9999,9999,9999,0,0,0,0,0,0,0,0,0
8,차룡8교(수위계),2010-01-15,0,0,0,0,0,0,0,9999,9999,9999,9999,9999,9999,9999,9999,0,0,0,0,0,0,0,0,0
8,차룡8교(수위계),2010-01-16,0,0,0,0,0,0,0,9999,9999,9999,9999,9999,9999,9999,9999,0,0,0,0,0,0,0,0,0
8,차룡8교(수위계),2010-01-17,0,0,0,0,0,0,0,9999,9999,9999,9999,9999,9999,9999,9999,0,0,0,0,0,0,0,0,0
8,차룡8교(수위계),2010-01-18,0,0,0,0,0,0,0,9999,9999,9999,9999,9999,9999,9999,9999,0,0,0,0,0,0,0,0,0
8,차룡8교(수위계),2010-01-19,0,0,0,0,0,0,0,9999,9999,9999,9999,9999,9999,9999,9999,0,0,0,0,0,0,0,0,0
8,차룡8교(수위계),2010-01-20,0,0,0,0,0,0,0,0,0,0,0,0,0,0,0,0,0,0,0,0,0,0,0,0
8,차룡8교(수위계),2010-01-21,0,0,0,0,0,0,0,0,9999,9999,9999,9999,9999,9999,9999,0,0,0,0,0,0,0,0,0
8,차룡8교(수위계),2010-01-22,0,0,0,0,0,0,0,9999,9999,9999,9999,9999,9999,9999,9999,0,0,0,0,0,0,0,0,0
8,차룡8교(수위계),2010-01-23,0,0,0,0,0,0,0,0,9999,9999,9999,9999,9999,9999,9999,9999,9999,9999,9999,9999,0,0,0,0
8,차룡8교(수위계),2010-01-24,0,0,0,0,0,0,0,9999,9999,9999,9999,9999,9999,9999,9999,9999,9999,9999,9999,0,0,0,0,0
8,차룡8교(수위계),2010-01-25,0,0,0,0,0,0,0,0,9999,9999,9999,9999,9999,9999,9999,9999,0,0,0,0,0,0,0,0
8,차룡8교(수위계),2010-01-26,0,0,0,0,0,0,0,9999,9999,9999,9999,9999,9999,0,9999,0,0,0,0,0,0,0,0,0
8,차룡8교(수위계),2010-01-27,0,0,0,0,0,0,0,0,9999,9999,9999,9999,0,0,0,0,0,0,0,0,0,0,0,0
8,차룡8교(수위계),2010-01-28,0,0,0,0,0,0,0,9999,9999,9999,9999,9999,0,9999,0,9999,0,0,0,0,0,0,0,0
8,차룡8교(수위계),2010-01-29,0,0,0,0,0,0,0,9999,9999,9999,9999,9999,0,9999,0,0,0,0,0,0,0,0,0,0
8,차룡8교(수위계),2010-01-30,0,0,0,0,0,0,0,0,9999,9999,9999,0,9999,0,9999,0,0,0,0,0,0,0,0,0
8,차룡8교(수위계),2010-01-31,0,0,0,0,0,0,0,0,9999,9999,9999,9999,9999,9999,9999,9999,0,0,0,0,0,0,0,0
8,차룡8교(수위계),2010-02-01,0,0,0,0,0,0,0,0,9999,9999,9999,9999,9999,9999,0,9999,0,0,0,0,0,0,0,0
8,차룡8교(수위계),2010-02-02,0,0,0,0,0,0,0,9999,9999,9999,9999,0,9999,9999,9999,0,0,0,0,0,0,0,0,0
8,차룡8교(수위계),2010-02-03,0,0,0,0,0,0,0,9999,9999,9999,9999,9999,9999,9999,9999,9999,0,0,0,0,0,0,0,0
8,차룡8교(수위계),2010-02-04,0,0,0,0,0,0,0,0,9999,9999,9999,9999,9999,9999,9999,9999,0,0,0,0,0,0,0,0
8,차룡8교(수위계),2010-02-05,0,0,0,0,0,0,0,0,9999,9999,9999,9999,9999,9999,9999,9999,0,0,0,0,0,0,0,0
8,차룡8교(수위계),2010-02-06,0,0,0,0,0,0,0,9999,9999,9999,9999,9999,9999,9999,9999,9999,0,0,0,0,0,0,0,0
8,차룡8교(수위계),2010-02-07,0,0,0,0,0,0,0,9999,9999,9999,9999,9999,9999,9999,9999,0,0,0,0,0,0,0,0,0
8,차룡8교(수위계),2010-02-08,0,0,0,0,0,0,0,0,0,0,9999,9999,9999,0,0,0,0,0,0,0,0,0,0,0
8,차룡8교(수위계),2010-02-09,0,0,0,0,0,0,0,0,0,0,9999,0,9999,0,0,0,0,0,0,0,0,0,0,0
8,차룡8교(수위계),2010-02-10,0,0,0,0,0,0,0,0,0,0,0,0,0,0,0,0,0,0,0,0,0,0,0,0
8,차룡8교(수위계),2010-02-11,0,0,0,0,0,0,0,0,0,9999,9999,9999,9999,0,0,0,0,0,0,0,0,0,0,0
8,차룡8교(수위계),2010-02-12,0,0,0,0,0,0,0,0,9999,9999,9999,9999,9999,9999,0,0,0,0,0,0,0,0,0,0
8,차룡8교(수위계),2010-02-13,0,0,0,0,0,0,0,0,9999,9999,9999,9999,9999,9999,9999,9999,0,0,0,0,0,0,0,0
8,차룡8교(수위계),2010-02-14,0,0,0,0,0,0,0,0,9999,9999,9999,9999,9999,9999,9999,0,0,0,0,0,0,0,0,0
8,차룡8교(수위계),2010-02-15,0,0,0,0,0,0,0,9999,9999,9999,9999,9999,9999,9999,9999,9999,0,0,0,0,0,0,0,0
8,차룡8교(수위계),2010-02-16,0,0,0,0,0,0,0,9999,9999,9999,9999,9999,9999,9999,9999,9999,0,0,0,0,0,0,0,0
8,차룡8교(수위계),2010-02-17,0,0,0,0,0,0,0,9999,9999,9999,0,0,0,0,0,0,0,0,0,0,0,0,0,0
8,차룡8교(수위계),2010-02-18,0,0,0,0,0,0,0,0,0,0,0,0,0,0,0,0,0,0,0,0,0,0,0,0
8,차룡8교(수위계),2010-02-19,0,0,0,0,0,0,0,0,0,0,0,0,0,0,0,0,0,0,0,0,0,0,0,0
8,차룡8교(수위계),2010-02-20,0,0,0,0,0,0,0,0,0,0,0,0,0,0,0,0,0,0,0,0,0,0,0,0
8,차룡8교(수위계),2010-02-21,0,0,0,0,0,0,0,0,0,0,0,0,0,0,0,0,0,0,0,0,0,0,0,0
8,차룡8교(수위계),2010-02-22,0,0,0,0,0,0,0,0,0,0,0,0,0,0,0,0,0,0,0,0,0,0,0,0
8,차룡8교(수위계),2010-02-23,0,0,0,0,0,0,0,0,0,0,0,0,0,0,0,0,0,0,0,0,0,0,0,0
8,차룡8교(수위계),2010-02-24,0,0,0,0,0,0,0,0,0,0,0,0,0,0,0,0,0,0,0,0,0,0,0,0
8,차룡8교(수위계),2010-02-25,0,0,0,0,0,0,0,0,0,0,0,0,0,0,0,0,0,0,0,0,0,0,0,0
8,차룡8교(수위계),2010-02-26,0,0,0,0,0,0,0,0,0,0,0,0,0,0,0,0,0,0,0,0,0,0,0,0
8,차룡8교(수위계),2010-02-27,0,0,0,0,0,0,0,0,0,0,0,0,0,0,0,0,0,0,0,0,0,0,0,0
8,차룡8교(수위계),2010-02-28,0,0,0,0,0,0,0,0,0,0,0,0,0,0,0,0,0,0,0,0,0,0,0,0
8,차룡8교(수위계),2010-03-01,0,0,0,0,0,0,0,0,0,0,0,0,0,0,0,0,0,0,0,0,0,0,0,0
8,차룡8교(수위계),2010-03-02,0,0,0,0,0,0,0,0,0,0,0,0,0,0,0,0,0,0,0,0,0,0,0,0
8,차룡8교(수위계),2010-03-03,0,0,0,0,0,0,0,0,0,0,0,0,0,0,0,0,0,0,0,0,0,0,0,0
8,차룡8교(수위계),2010-03-04,0,0,0,0,0,0,0,0,0,0,0,0,0,0,0,0,0,0,0,0,0,0,0,0
8,차룡8교(수위계),2010-03-05,0,0,0,0,0,0,0,0,0,0,0,0,0,0,0,0,0,0,0,0,0,0,0,0
8,차룡8교(수위계),2010-03-06,0,0,0,0,0,0,0,0,0,0,0,0,0,0,0,0,0,0,0,0,0,0,0,0
8,차룡8교(수위계),2010-03-07,0,0,0,0,0,0,0,0,0,0,0,0,0,0,0,0,0,0,0,0,0,0,0,0
8,차룡8교(수위계),2010-03-08,0,0,0,0,0,0,0,0,0,0,0,0,0,0,0,0,0,0,0,0,0,0,0,0
8,차룡8교(수위계),2010-03-09,0,0,0,0,0,0,0,0,0,0,0,0,0,0,0,0,0,0,0,0,0,0,0,0
8,차룡8교(수위계),2010-03-10,0,0,0,0,0,0,0,0,0,0,0,0,0,0,0,0,0,0,0,0,0,0,0,0
8,차룡8교(수위계),2010-03-11,0,0,0,0,0,0,0,0,0,0,0,0,0,0,0,0,0,0,0,0,0,0,0,0
8,차룡8교(수위계),2010-03-12,0,0,0,0,0,0,0,0,0,0,0,0,0,0,0,0,0,0,0,0,0,0,0,0
8,차룡8교(수위계),2010-03-13,0,0,0,0,0,0,0,0,0,0,0,0,0,0,0,0,0,0,0,0,0,0,0,0
8,차룡8교(수위계),2010-03-14,0,0,0,0,0,0,0,0,0,0,0,0,0,0,0,0,0,0,0,0,0,0,0,0
8,차룡8교(수위계),2010-03-15,0,0,0,0,0,0,0,0,0,0,0,0,0,0,0,0,0,0,0,0,0,0,0,0
8,차룡8교(수위계),2010-03-16,0,0,0,0,0,0,0,0,0,0,0,0,0,0,0,0,0,0,0,0,0,0,0,0
8,차룡8교(수위계),2010-03-17,0,0,0,0,0,0,0,0,0,0,0,0,0,0,0,0,0,0,0,0,0,0,0,0
8,차룡8교(수위계),2010-03-18,0,0,0,0,0,0,0,0,0,0,0,0,0,0,0,0,0,0,0,0,0,0,0,0
8,차룡8교(수위계),2010-03-19,0,0,0,0,0,0,0,0,0,0,0,0,0,0,0,0,0,0,0,0,0,0,0,0
8,차룡8교(수위계),2010-03-20,0,0,0,0,0,0,0,0,0,0,0,0,0,0,0,0,0,0,0,0,0,0,0,0
8,차룡8교(수위계),2010-03-21,0,0,0,0,0,0,0,0,0,0,0,0,0,0,0,0,0,0,0,0,0,0,0,0
8,차룡8교(수위계),2010-03-22,0,0,0,0,0,0,0,0,0,0,0,0,0,0,0,0,0,0,0,0,0,0,0,0
8,차룡8교(수위계),2010-03-23,0,0,0,0,0,0,0,0,0,0,0,0,0,0,0,0,0,0,0,0,0,0,0,0
8,차룡8교(수위계),2010-03-24,0,0,0,0,0,0,0,0,0,0,0,0,0,0,0,0,0,0,0,0,0,0,0,0
8,차룡8교(수위계),2010-03-25,0,0,0,0,0,0,0,0,0,0,0,0,0,0,0,0,0,0,0,0,0,0,0,0
8,차룡8교(수위계),2010-03-26,0,0,0,0,0,0,0,0,0,0,0,0,0,0,0,0,0,0,0,0,0,0,0,0
8,차룡8교(수위계),2010-04-15,0,0,0,0,0,0,0,0,0,0,0,0,0,0,0,0,0,0,0,10,10,10,10,10
8,차룡8교(수위계),2010-04-16,0,0,0,0,0,0,0,0,11,10,11,10,10,10,10,10,10,10,9,10,10,9,10,10
1,중앙동,2010-04-17,0,0,0,0,0,0,0,0,0,0,0,0,0,0,0,0,0,0,0,0,0,0,0,0
2,국방연구소,2010-04-17,0,0,0,0,0,0,0,0,0,0,0,0,0,0,0,0,0,0,0,0,0,0,0,0
3,북면,2010-04-17,0,0,0,0,0,0,0,0,0,0,0,0,0,0,0,0,0,0,0,0,0,0,0,0
4,명곡동,2010-04-17,0,0,0,0,0,0,0,0,0,0,0,0,0,0,0,0,0,0,0,0,0,0,0,0
6,성산구청,2010-04-17,0,0,0,0,0,0,0,0,0,0,0,0,0,0,0,0,0,0,0,0,0,0,0,0
7,웅남동,2010-04-17,0,0,0,0,0,0,0,0,0,0,0,0,0,0,0,0,0,0,0,0,0,0,0,0
8,차룡8교(수위계),2010-04-17,0,0,0,0,0,0,0,0,0,11,10,10,10,10,10,10,10,10,10,10,10,10,10,10
1,중앙동,2010-04-18,0,0,0,0,0,0,0,0,0,0,0,0,0,0,0,0,0,0,0,0,0,0,0,0
2,국방연구소,2010-04-18,0,0,0,0,0,0,0,0,0,0,0,0,0,0,0,0,0,0,0,0,0,0,0,0
3,북면,2010-04-18,0,0,0,0,0,0,0,0,0,0,0,0,0,0,0,0,0,0,0,0,0,0,0,0
4,명곡동,2010-04-18,0,0,0,0,0,0,0,0,0,0,0,0,0,0,0,0,0,0,0,0,0,0,0,0
6,성산구청,2010-04-18,0,0,0,0,0,0,0,0,0,0,0,0,0,0,0,0,0,0,0,0,0,0,0,0
7,웅남동,2010-04-18,0,0,0,0,0,0,0,0,0,0,0,0,0,0,0,0,0,0,0,0,0,0,0,0
8,차룡8교(수위계),2010-04-18,0,0,0,0,0,0,0,0,10,10,10,10,9,9,9,9,9,10,10,10,10,10,10,10
8,차룡8교(수위계),2010-04-19,0,0,0,0,0,0,0,0,10,10,10,10,9,10,10,10,10,10,11,11,11,0,0,0
8,차룡8교(수위계),2010-04-20,0,0,0,0,0,0,0,0,0,0,11,11,10,10,9,10,9,10,10,10,10,10,10,10
8,차룡8교(수위계),2010-04-21,10,10,10,10,10,10,10,10,10,10,10,10,11,10,10,10,10,11,10,10,10,0,0,0
1,중앙동,2010-04-22,0,0,0,0,0,0,0,0,0,0,0,0,0,0,0,0,0,0,0,0,0,0,0,0
2,국방연구소,2010-04-22,0,0,0,0,0,0,0,0,0,0,0,0,0,0,0,0,0,0,0,0,0,0,0,0
3,북면,2010-04-22,0,0,0,0,0,0,0,0,0,0,0,0,0,0,0,0,0,0,0,0,0,0,0,0
4,명곡동,2010-04-22,0,0,0,0,0,0,0,0,0,0,0,0,0,0,0,0,0,0,0,0,0,0,0,0
6,성산구청,2010-04-22,0,0,0,0,0,0,0,0,0,0,0,0,0,0,0,0,0,0,0,0,0,0,0,0
7,웅남동,2010-04-22,0,0,0,0,0,0,0,0,0,0,0,0,0,0,0,0,0,0,0,0,0,0,0,0
8,차룡8교(수위계),2010-04-22,0,0,0,0,0,0,0,0,0,11,11,11,11,0,11,11,11,11,11,11,11,0,0,0
8,차룡8교(수위계),2010-04-23,0,0,0,0,0,0,0,0,0,11,11,0,11,11,11,11,11,11,11,11,11,11,11,11
1,중앙동,2010-04-24,0,0,0,0,0,0,0,0,0,0,0,0,0,0,0,0,0,0,0,0,0,0,0,0
2,국방연구소,2010-04-24,0,0,0,0,0,0,0,0,0,0,0,0,0,0,0,0,0,0,0,0,0,0,0,0
3,북면,2010-04-24,0,0,0,0,0,0,0,0,0,0,0,0,0,0,0,0,0,0,0,0,0,0,0,0
4,명곡동,2010-04-24,0,0,0,0,0,0,0,0,0,0,0,0,0,0,0,0,0,0,0,0,0,0,0,0
6,성산구청,2010-04-24,0,0,0,0,0,0,0,0,0,0,0,0,0,0,0,0,0,0,0,0,0,0,0,0
7,웅남동,2010-04-24,0,0,0,0,0,0,0,0,0,0,0,0,0,0,0,0,0,0,0,0,0,0,0,0
8,차룡8교(수위계),2010-04-24,0,0,0,0,0,0,0,0,0,0,0,0,0,0,0,0,0,0,0,0,0,0,0,11
1,중앙동,2010-04-25,0,0,0,0,0,0,0,0,0,0,0,0,0,0,0,0,0,0,0,0,0,0,0,0
2,국방연구소,2010-04-25,0,0,0,0,0,0,0,0,0,0,0,0,0,0,0,0,0,0,0,0,0,0,0,0
3,북면,2010-04-25,0,0,0,0,0,0,0,0,0,0,0,0,0,0,0,0,0,0,0,0,0,0,0,0
4,명곡동,2010-04-25,0,0,0,0,0,0,0,0,0,0,0,0,0,0,0,0,0,0,0,0,0,0,0,0
6,성산구청,2010-04-25,0,0,0,0,0,0,0,0,0,0,0,0,0,0,0,0,0,0,0,0,0,0,0,0
7,웅남동,2010-04-25,0,0,0,0,0,0,0,0,0,0,0,0,0,0,0,0,0,0,0,0,0,0,0,0
8,차룡8교(수위계),2010-04-25,0,0,0,0,0,0,0,0,0,0,11,10,11,0,11,11,11,0,11,11,10,11,11,11
8,차룡8교(수위계),2010-04-26,0,0,11,11,0,0,0,10,10,11,11,10,10,11,0,0,0,0,13,12,11,11,0,11
8,차룡8교(수위계),2010-04-27,0,0,0,0,0,0,0,0,12,11,11,11,0,0,0,11,11,0,11,0,0,0,0,12
8,차룡8교(수위계),2010-04-28,0,0,0,0,0,0,0,0,0,0,0,0,0,0,0,0,0,0,0,0,0,12,0,0
8,차룡8교(수위계),2010-04-29,0,0,0,0,0,0,0,0,0,0,11,11,0,0,0,0,0,11,0,0,11,11,0,12
8,차룡8교(수위계),2010-04-30,0,0,0,0,0,0,0,11,0,0,0,0,0,11,11,0,0,12,11,0,0,0,0,12
8,차룡8교(수위계),2010-05-01,0,12,11,0,0,0,0,11,0,0,0,0,0,11,0,11,0,0,11,11,11,0,0,0
8,차룡8교(수위계),2010-05-02,0,0,0,0,0,0,0,0,0,12,11,11,0,0,12,11,12,11,11,0,0,0,0,0
1,중앙동,2010-05-03,0,0,0,0,0,0,0,0,0,0,0,0,0,0,0,0,0,0,0,0,0,0,0,0
2,국방연구소,2010-05-03,0,0,0,0,0,0,0,0,0,0,0,0,0,0,0,0,0,0,0,0,0,0,0,0
3,북면,2010-05-03,0,0,0,0,0,0,0,0,0,0,0,0,0,0,0,0,0,0,0,0,0,0,0,0
4,명곡동,2010-05-03,0,0,0,0,0,0,0,0,0,0,0,0,0,0,0,0,0,0,0,0,0,0,0,0
6,성산구청,2010-05-03,0,0,0,0,0,0,0,0,0,0,0,0,0,0,0,0,0,0,0,0,0,0,0,0
7,웅남동,2010-05-03,0,0,0,0,0,0,0,0,0,0,0,0,0,0,0,0,0,0,0,0,0,0,0,0
8,차룡8교(수위계),2010-05-03,0,0,0,0,0,0,0,0,0,0,0,0,0,0,0,0,0,0,0,0,0,0,0,0
1,중앙동,2010-05-04,0,0,0,0,0,0,0,0,0,0,0,0,0,0,0,0,0,0,0,0,0,0,0,0
2,국방연구소,2010-05-04,0,0,0,0,0,0,0,0,0,0,0,0,0,0,0,0,0,0,0,0,0,0,0,0
3,북면,2010-05-04,0,0,0,0,0,0,0,0,0,0,0,0,0,0,0,0,0,0,0,0,0,0,0,0
4,명곡동,2010-05-04,0,0,0,0,0,0,0,0,0,0,0,0,0,0,0,0,0,0,0,0,0,0,0,0
6,성산구청,2010-05-04,0,0,0,0,0,0,0,0,0,0,0,0,0,0,0,0,0,0,0,0,0,0,0,0
7,웅남동,2010-05-04,0,0,0,0,0,0,0,0,0,0,0,0,0,0,0,0,0,0,0,0,0,0,0,0
8,차룡8교(수위계),2010-05-04,0,0,0,0,0,0,0,0,0,0,0,0,0,0,0,0,0,11,11,0,0,0,0,0
8,차룡8교(수위계),2010-05-05,0,0,0,0,0,0,0,0,0,0,0,0,0,0,11,0,0,12,0,0,0,0,0,0
1,중앙동,2010-05-06,0,0,0,0,0,0,0,0,0,0,0,0,0,0,0,0,0,0,0,0,0,0,0,0
2,국방연구소,2010-05-06,0,0,0,0,0,0,0,0,0,0,0,0,0,0,0,0,0,0,0,0,0,0,0,0
3,북면,2010-05-06,0,0,0,0,0,0,0,0,0,0,0,0,0,0,0,0,0,0,0,0,0,0,0,0
4,명곡동,2010-05-06,0,0,0,0,0,0,0,0,0,0,0,0,0,0,0,0,0,0,0,0,0,0,0,0
6,성산구청,2010-05-06,0,0,0,0,0,0,0,0,0,0,0,0,0,0,0,0,0,0,0,0,0,0,0,0
7,웅남동,2010-05-06,0,0,0,0,0,0,0,0,0,0,0,0,0,0,0,0,0,0,0,0,0,0,0,0
8,차룡8교(수위계),2010-05-06,0,0,0,0,0,0,0,0,0,0,0,0,0,0,0,0,0,0,0,0,0,0,0,0
1,중앙동,2010-05-07,0,0,0,0,0,0,0,0,0,0,0,0,0,0,0,0,0,0,0,0,0,0,0,0
2,국방연구소,2010-05-07,0,0,0,0,0,0,0,0,0,0,0,0,0,0,0,0,0,0,0,0,0,0,0,0
3,북면,2010-05-07,0,0,0,0,0,0,0,0,0,0,0,0,0,0,0,0,0,0,0,0,0,0,0,0
4,명곡동,2010-05-07,0,0,0,0,0,0,0,0,0,0,0,0,0,0,0,0,0,0,0,0,0,0,0,0
6,성산구청,2010-05-07,0,0,0,0,0,0,0,0,0,0,0,0,0,0,0,0,0,0,0,0,0,0,0,0
7,웅남동,2010-05-07,0,0,0,0,0,0,0,0,0,0,0,0,0,0,0,0,0,0,0,0,0,0,0,0
8,차룡8교(수위계),2010-05-07,0,0,0,0,0,0,0,0,0,0,11,0,0,0,0,0,0,0,0,0,11,0,0,0
1,중앙동,2010-05-08,0,0,0,0,0,0,0,0,0,0,0,0,0,0,0,0,0,0,0,0,0,0,0,0
2,국방연구소,2010-05-08,0,0,0,0,0,0,0,0,0,0,0,0,0,0,0,0,0,0,0,0,0,0,0,0
3,북면,2010-05-08,0,0,0,0,0,0,0,0,0,0,0,0,0,0,0,0,0,0,0,0,0,0,0,0
4,명곡동,2010-05-08,0,0,0,0,0,0,0,0,0,0,0,0,0,0,0,0,0,0,0,0,0,0,0,0
6,성산구청,2010-05-08,0,0,0,0,0,0,0,0,0,0,0,0,0,0,0,0,0,0,0,0,0,0,0,0
7,웅남동,2010-05-08,0,0,0,0,0,0,0,0,0,0,0,0,0,0,0,0,0,0,0,0,0,0,0,0
8,차룡8교(수위계),2010-05-08,0,0,0,11,0,0,0,11,11,0,11,11,0,0,0,0,0,0,0,0,0,11,0,11
1,중앙동,2010-05-09,0,0,0,0,0,0,0,0,0,0,0,0,0,0,0,0,0,0,0,0,0,0,0,0
2,국방연구소,2010-05-09,0,0,0,0,0,0,0,0,0,0,0,0,0,0,0,0,0,0,0,0,0,0,0,0
3,북면,2010-05-09,0,0,0,0,0,0,0,0,0,0,0,0,0,0,0,0,0,0,0,0,0,0,0,0
4,명곡동,2010-05-09,0,0,0,0,0,0,0,0,0,0,0,0,0,0,0,0,0,0,0,0,0,0,0,0
6,성산구청,2010-05-09,0,0,0,0,0,0,0,0,0,0,0,0,0,0,0,0,0,0,0,0,0,0,0,0
7,웅남동,2010-05-09,0,0,0,0,0,0,0,0,0,0,0,0,0,0,0,0,0,0,0,0,0,0,0,0
8,차룡8교(수위계),2010-05-09,0,0,0,11,0,0,0,0,0,0,11,0,11,11,11,0,0,0,0,11,11,0,0,0
8,차룡8교(수위계),2010-05-10,0,11,0,0,0,0,0,0,0,0,0,0,0,0,0,0,0,0,0,0,0,0,0,0
1,중앙동,2010-05-11,0,0,0,0,0,0,0,0,0,0,0,0,0,0,0,0,0,0,0,0,0,0,0,0
2,국방연구소,2010-05-11,0,0,0,0,0,0,0,0,0,0,0,0,0,0,0,0,0,0,0,0,0,0,0,0
3,북면,2010-05-11,0,0,0,0,0,0,0,0,0,0,0,0,0,0,0,0,0,0,0,0,0,0,0,0
4,명곡동,2010-05-11,0,0,0,0,0,0,0,0,0,0,0,0,0,0,0,0,0,0,0,0,0,0,0,0
6,성산구청,2010-05-11,0,0,0,0,0,0,0,0,0,0,0,0,0,0,0,0,0,0,0,0,0,0,0,0
7,웅남동,2010-05-11,0,0,0,0,0,0,0,0,0,0,0,0,0,0,0,0,0,0,0,0,0,0,0,0
8,차룡8교(수위계),2010-05-11,0,0,0,0,0,0,0,0,9,10,11,0,11,0,9,0,11,0,11,11,11,11,0,0
8,차룡8교(수위계),2010-05-12,0,0,0,0,0,0,0,0,0,0,0,11,11,0,0,11,11,11,0,0,0,0,11,0
8,차룡8교(수위계),2010-05-13,11,11,11,11,11,11,11,11,11,11,11,11,11,11,11,11,11,11,11,11,11,11,11,11
8,차룡8교(수위계),2010-05-14,0,11,11,11,11,11,11,11,11,11,10,11,11,11,11,11,11,11,11,11,11,11,11,11
8,차룡8교(수위계),2010-05-15,0,0,0,0,0,0,0,0,0,0,0,0,0,11,11,11,11,11,11,11,11,11,11,11
8,차룡8교(수위계),2010-05-16,0,11,11,11,11,11,11,11,10,10,11,11,11,11,10,10,10,11,10,10,11,11,11,11
8,차룡8교(수위계),2010-05-17,0,0,11,11,11,11,11,11,11,11,11,11,11,11,10,10,10,10,11,11,11,11,11,11
8,차룡8교(수위계),2010-05-18,11,11,11,11,11,11,11,11,11,11,11,11,11,4,7,7,7,7,7,7,7,7,7,7
8,차룡8교(수위계),2010-05-19,10,11,11,11,11,11,11,11,11,11,11,11,11,11,11,11,11,11,11,12,12,12,12,12
8,차룡8교(수위계),2010-05-20,0,0,0,0,0,0,0,0,0,0,0,0,0,12,12,12,11,11,12,11,12,12,11,11
8,차룡8교(수위계),2010-05-21,0,0,0,12,11,11,11,11,11,11,11,11,12,12,11,11,11,11,11,11,12,11,12,11
8,차룡8교(수위계),2010-05-22,12,0,0,12,12,11,12,12,12,12,11,11,11,12,11,11,11,11,11,11,20,20,20,20
8,차룡8교(수위계),2010-05-23,20,20,20,20,20,20,20,20,20,20,20,20,20,20,20,20,20,20,20,20,20,20,20,20
8,차룡8교(수위계),2010-05-24,0,0,0,0,0,0,0,0,0,0,0,0,0,0,0,0,0,12,12,12,12,12,12,12
8,차룡8교(수위계),2010-05-25,0,12,12,12,12,12,12,12,12,12,12,12,12,12,12,12,12,12,12,12,12,12,12,12
8,차룡8교(수위계),2010-05-26,0,0,0,0,0,0,0,0,0,0,0,0,12,12,0,0,0,0,0,0,0,0,19,19
8,차룡8교(수위계),2010-05-27,19,19,19,19,19,19,19,19,19,19,19,19,19,19,19,19,19,19,19,19,19,19,19,19
8,차룡8교(수위계),2010-05-28,19,19,19,19,19,19,19,19,19,19,19,19,19,19,19,19,19,19,19,19,19,19,19,19
8,차룡8교(수위계),2010-05-29,19,19,19,19,19,19,19,19,19,19,19,19,19,19,19,19,19,19,19,19,19,19,19,19
8,차룡8교(수위계),2010-05-30,19,19,19,19,19,19,19,19,19,19,19,19,19,19,19,19,19,19,19,19,19,19,19,19
8,차룡8교(수위계),2010-05-31,19,19,19,19,19,19,19,19,19,19,19,19,19,19,19,19,19,19,19,19,19,19,19,19
8,차룡8교(수위계),2010-06-01,19,19,19,19,19,19,19,19,19,19,19,19,19,19,19,19,19,19,19,19,19,19,19,19
8,차룡8교(수위계),2010-06-02,19,19,19,19,19,19,19,19,19,19,19,19,19,19,19,19,19,19,19,19,19,19,19,19
8,차룡8교(수위계),2010-06-03,19,19,19,19,19,19,19,19,19,19,19,19,19,19,19,19,19,19,19,19,19,19,19,19
8,차룡8교(수위계),2010-06-04,19,19,19,19,19,19,19,19,19,19,19,19,19,19,19,19,19,19,19,19,19,19,19,19
8,차룡8교(수위계),2010-06-05,19,19,19,19,19,19,19,19,19,19,19,19,19,19,19,19,19,19,19,19,19,19,19,19
8,차룡8교(수위계),2010-06-06,19,19,19,19,19,19,19,19,19,19,19,19,19,19,18,18,18,19,19,18,19,19,19,19
8,차룡8교(수위계),2010-06-07,19,19,19,19,19,19,19,19,19,19,19,19,19,18,18,18,18,18,18,18,18,19,18,18
8,차룡8교(수위계),2010-06-08,19,19,19,19,19,19,19,19,19,19,19,19,19,19,18,18,18,18,18,18,18,18,18,19
8,차룡8교(수위계),2010-06-09,19,19,19,19,19,19,19,19,19,18,18,18,18,18,18,18,18,18,18,18,18,18,19,19
8,차룡8교(수위계),2010-06-10,18,19,18,19,19,19,19,19,18,19,18,18,18,18,18,18,18,18,18,18,18,18,18,18
8,차룡8교(수위계),2010-06-11,18,18,18,18,19,19,18,18,18,18,18,18,18,18,18,18,18,18,18,18,18,18,18,18
8,차룡8교(수위계),2010-06-12,18,18,18,18,18,18,18,18,18,18,18,18,18,18,18,18,18,18,18,18,18,18,18,18
8,차룡8교(수위계),2010-06-13,18,18,18,18,18,18,18,18,18,18,18,18,18,18,18,18,18,18,18,18,18,18,18,18
8,차룡8교(수위계),2010-06-14,18,18,18,18,18,18,18,18,18,18,18,18,18,18,18,18,18,18,18,18,18,18,18,18
8,차룡8교(수위계),2010-06-15,18,18,18,18,18,18,18,18,18,18,18,18,18,18,18,18,18,18,18,18,18,18,18,18
8,차룡8교(수위계),2010-06-16,18,18,18,18,18,18,18,31,18,18,18,18,18,18,18,18,18,18,18,18,18,18,18,18
8,차룡8교(수위계),2010-06-17,18,18,18,18,18,18,18,18,18,18,18,18,18,18,18,18,18,18,18,18,18,18,18,18
8,차룡8교(수위계),2010-06-18,18,18,18,18,18,18,18,18,18,18,18,18,18,18,18,18,18,18,18,18,18,18,18,18
8,차룡8교(수위계),2010-06-19,18,18,18,18,18,18,18,18,18,18,18,18,18,18,18,18,18,18,18,18,18,18,18,18
8,차룡8교(수위계),2010-06-20,18,18,18,18,18,18,18,18,18,18,18,18,18,18,18,18,18,18,18,18,18,18,18,18
8,차룡8교(수위계),2010-06-21,18,18,18,18,18,18,18,18,18,18,18,18,18,18,18,18,18,18,18,18,18,18,18,18
8,차룡8교(수위계),2010-06-22,18,18,18,18,18,18,18,18,18,18,18,18,18,18,18,18,18,18,18,18,18,18,18,18
8,차룡8교(수위계),2010-06-23,18,18,18,18,18,18,18,18,18,18,18,18,18,18,18,18,18,18,18,18,18,18,18,18
8,차룡8교(수위계),2010-06-24,18,18,18,21,34,34,34,34,34,18,18,18,18,18,18,18,18,18,18,18,18,18,18,18
8,차룡8교(수위계),2010-06-25,18,18,18,18,18,18,18,18,18,18,18,18,18,18,18,18,18,18,18,18,18,18,18,34
8,차룡8교(수위계),2010-06-26,34,34,34,34,34,18,20,48,34,7,6,6,5,5,5,5,5,5,5,5,10,6,6,6
8,차룡8교(수위계),2010-06-27,14,21,21,21,21,20,20,20,20,20,20,20,20,20,20,20,20,20,20,20,20,20,20,20
8,차룡8교(수위계),2010-06-28,20,20,20,20,20,43,25,28,28,28,28,28,28,20,20,20,20,20,20,20,20,20,20,20
8,차룡8교(수위계),2010-06-29,20,20,20,20,20,20,20,20,20,20,20,20,20,19,20,20,19,19,20,19,19,19,19,19
8,차룡8교(수위계),2010-06-30,19,19,19,19,20,20,20,20,20,20,19,20,20,20,20,19,19,19,19,19,19,19,19,19
8,차룡8교(수위계),2010-07-01,19,19,19,19,19,19,19,19,19,19,19,19,19,19,19,19,19,19,19,19,19,19,19,19
8,차룡8교(수위계),2010-07-02,19,19,19,19,19,19,19,19,19,19,19,19,19,19,19,19,19,19,19,19,19,19,19,19
8,차룡8교(수위계),2010-07-03,19,19,19,19,19,19,19,19,19,19,19,19,19,19,19,19,19,19,19,19,19,19,19,19
8,차룡8교(수위계),2010-07-04,54,32,32,19,19,19,19,19,19,19,19,19,19,19,19,19,19,19,19,19,19,19,19,19
8,차룡8교(수위계),2010-07-05,19,19,19,19,19,19,19,19,19,19,19,19,19,19,19,19,19,19,107,188,26,26,19,19
8,차룡8교(수위계),2010-07-06,19,19,19,19,19,19,19,19,19,19,19,19,19,19,19,19,19,19,19,19,19,19,19,19
8,차룡8교(수위계),2010-07-07,19,19,19,19,19,19,19,19,19,19,19,19,19,19,19,56,30,7,20,20,20,20,19,20
8,차룡8교(수위계),2010-07-08,20,20,20,20,20,20,20,20,20,20,20,20,20,20,20,20,20,20,20,20,20,20,20,20
8,차룡8교(수위계),2010-07-09,20,20,20,20,19,20,20,20,20,20,19,19,19,19,19,19,19,19,19,19,19,19,19,19
8,차룡8교(수위계),2010-07-10,19,19,20,20,20,20,20,20,19,20,19,19,19,19,19,19,19,19,19,19,19,19,19,20
8,차룡8교(수위계),2010-07-11,20,20,20,20,20,19,7,20,20,20,57,66,66,66,66,97,205,43,43,43,43,43,49,174
8,차룡8교(수위계),2010-07-12,174,174,173,171,9,7,7,7,5,5,5,5,5,5,5,4,4,4,4,4,4,4,4,4
8,차룡8교(수위계),2010-07-13,4,4,4,4,17,17,17,17,17,17,85,85,73,84,190,48,48,48,49,48,174,174,173,172
8,차룡8교(수위계),2010-07-14,171,27,27,27,27,27,27,3,6,6,5,6,6,5,5,5,5,5,5,5,5,5,5,5
8,차룡8교(수위계),2010-07-15,5,5,5,5,5,5,5,5,5,4,4,4,4,4,4,4,4,4,8,8,17,17,17,17
8,차룡8교(수위계),2010-07-16,174,35,27,6,173,173,193,235,168,302,268,268,222,222,207,207,206,135,42,205,205,205,191,190
8,차룡8교(수위계),2010-07-17,190,188,191,191,191,191,191,191,49,49,49,49,49,49,49,48,175,174,174,174,174,174,177,266
8,차룡8교(수위계),2010-07-18,189,173,172,172,172,171,171,171,171,171,171,171,171,171,170,170,154,26,26,26,26,26,26,26
8,차룡8교(수위계),2010-07-19,26,26,26,26,22,25,25,9,25,13,25,25,25,25,25,25,25,25,25,25,25,25,25,9
8,차룡8교(수위계),2010-07-20,9,9,9,9,9,9,9,9,9,25,25,25,25,25,25,25,25,25,25,25,25,25,25,25
8,차룡8교(수위계),2010-07-21,25,25,25,25,25,25,25,22,25,25,25,25,25,25,12,25,25,25,25,25,9,9,9,9
8,차룡8교(수위계),2010-07-22,9,9,9,9,9,9,9,9,25,25,25,25,25,25,25,25,25,25,25,25,24,25,25,25
8,차룡8교(수위계),2010-07-23,21,9,9,9,8,21,24,24,24,24,24,24,24,24,24,24,24,24,24,24,8,8,8,8
8,차룡8교(수위계),2010-07-24,8,8,8,8,8,8,8,8,8,12,24,24,24,24,24,24,24,24,24,24,24,8,8,8
8,차룡8교(수위계),2010-07-25,8,8,8,8,8,8,8,8,8,8,8,24,24,24,24,24,24,24,24,24,24,24,24,24
8,차룡8교(수위계),2010-07-26,24,8,8,8,8,8,8,8,8,8,8,8,8,8,8,8,24,8,8,8,8,8,8,8
8,차룡8교(수위계),2010-07-27,8,8,8,8,8,8,8,8,8,8,8,24,21,24,8,24,24,24,15,8,8,8,8,8
8,차룡8교(수위계),2010-07-28,8,8,8,8,8,8,26,8,8,8,8,8,8,8,174,174,9,27,27,8,8,8,8,8
8,차룡8교(수위계),2010-07-29,8,8,8,8,8,8,8,8,8,8,8,8,8,8,8,8,8,8,8,8,8,8,8,8
8,차룡8교(수위계),2010-07-30,8,8,8,8,8,8,8,8,8,8,8,15,8,8,8,8,8,8,8,8,8,8,8,8
8,차룡8교(수위계),2010-07-31,8,8,8,8,8,8,8,8,8,8,8,8,8,8,8,8,8,8,8,8,8,8,8,8
8,차룡8교(수위계),2010-08-01,8,8,8,8,8,8,8,8,8,8,8,8,8,8,24,24,24,24,24,8,8,8,8,8
8,차룡8교(수위계),2010-08-02,8,8,8,8,8,8,8,8,8,8,8,8,15,24,24,24,24,24,21,24,8,8,8,8
8,차룡8교(수위계),2010-08-03,8,8,8,8,8,8,8,8,8,8,8,8,8,8,8,8,8,8,8,8,8,8,8,8
8,차룡8교(수위계),2010-08-04,8,8,8,8,8,8,8,8,8,8,8,8,8,8,11,24,24,24,24,15,24,24,8,8
8,차룡8교(수위계),2010-08-05,8,8,8,8,8,8,8,8,8,8,24,8,8,8,8,8,8,8,8,8,8,8,8,8
8,차룡8교(수위계),2010-08-06,8,8,8,8,8,8,8,8,8,8,8,8,8,8,8,8,8,8,8,8,8,8,8,8
8,차룡8교(수위계),2010-08-07,8,8,8,8,8,8,8,8,8,8,8,8,8,8,8,8,8,8,8,8,8,8,8,8
8,차룡8교(수위계),2010-08-08,8,8,8,8,8,8,8,8,8,8,8,8,8,8,8,24,24,24,24,21,8,8,8,8
8,차룡8교(수위계),2010-08-09,8,8,8,8,8,8,8,8,8,8,8,8,8,8,8,8,8,8,8,8,8,8,8,8
8,차룡8교(수위계),2010-08-10,8,8,8,8,8,187,187,187,8,8,8,8,8,8,8,8,8,8,8,8,186,47,25,9
8,차룡8교(수위계),2010-08-11,9,9,9,9,206,206,298,298,258,258,258,205,205,64,64,190,170,22,22,22,22,22,22,47
8,차룡8교(수위계),2010-08-12,174,173,173,189,173,172,172,172,172,172,172,172,172,172,172,172,171,171,171,171,171,171,171,171
8,차룡8교(수위계),2010-08-13,171,171,171,172,171,171,171,171,172,171,171,172,171,171,171,171,171,171,171,171,171,171,171,171
8,차룡8교(수위계),2010-08-14,171,171,171,171,171,171,171,171,172,172,171,171,171,171,171,171,171,171,172,171,171,171,171,171
8,차룡8교(수위계),2010-08-15,171,171,171,171,170,171,171,171,171,171,171,170,170,24,171,170,170,170,170,171,171,172,171,171
8,차룡8교(수위계),2010-08-16,172,171,172,172,172,172,172,171,172,172,171,171,171,171,171,170,170,170,170,170,170,170,171,171
8,차룡8교(수위계),2010-08-17,171,171,172,175,172,172,179,172,172,172,175,171,171,171,171,171,171,171,171,171,171,171,171,170
8,차룡8교(수위계),2010-08-18,170,170,171,170,171,171,171,171,171,170,172,172,290,171,170,171,170,170,170,27,27,170,170,170
8,차룡8교(수위계),2010-08-19,170,170,170,170,170,170,170,170,141,26,170,84,170,55,170,170,170,170,170,170,170,170,170,170
8,차룡8교(수위계),2010-08-20,170,27,27,170,113,27,170,26,26,84,27,141,170,170,170,170,170,170,170,170,170,170,170,170
8,차룡8교(수위계),2010-08-21,170,170,170,170,170,170,170,170,26,170,170,170,170,170,170,170,170,170,170,170,170,170,170,170
8,차룡8교(수위계),2010-08-22,170,170,170,170,170,170,171,170,26,170,170,170,170,170,170,170,170,170,170,171,170,170,170,170
8,차룡8교(수위계),2010-08-23,170,170,170,170,170,170,170,170,26,112,170,170,170,170,170,170,170,170,170,170,170,170,170,170
8,차룡8교(수위계),2010-08-24,170,170,170,170,170,170,170,170,26,170,170,170,170,170,170,170,170,170,170,170,170,170,170,170
8,차룡8교(수위계),2010-08-25,170,170,170,170,170,171,170,170,170,170,170,171,170,170,170,171,171,171,171,171,171,171,171,171
8,차룡8교(수위계),2010-08-26,171,171,171,171,171,171,171,170,170,170,170,170,171,171,171,170,170,171,170,170,171,171,171,171
8,차룡8교(수위계),2010-08-27,171,171,172,172,171,171,172,171,170,170,171,171,170,171,171,170,171,171,171,170,171,171,171,171
8,차룡8교(수위계),2010-08-28,171,171,170,171,171,171,171,171,171,171,170,170,171,170,170,170,170,170,170,170,170,170,171,171
8,차룡8교(수위계),2010-08-29,171,171,171,171,171,171,171,171,171,171,171,170,170,171,170,170,171,171,171,171,171,170,171,171
8,차룡8교(수위계),2010-08-30,171,171,188,172,188,319,185,322,171,171,171,171,171,171,171,171,171,171,171,171,171,171,171,170
8,차룡8교(수위계),2010-08-31,171,170,170,171,170,171,171,171,170,170,171,170,170,170,170,170,170,170,170,170,171,171,171,171
8,차룡8교(수위계),2010-09-01,171,171,172,175,185,178,181,171,170,170,170,170,170,170,170,171,171,171,171,171,171,170,171,171
8,차룡8교(수위계),2010-09-02,171,172,172,172,172,180,180,180,180,174,190,190,190,190,180,173,173,173,173,173,186,189,189,189
8,차룡8교(수위계),2010-09-03,266,215,189,189,189,189,189,189,190,173,173,173,173,173,173,173,173,173,173,173,173,173,173,183
8,차룡8교(수위계),2010-09-04,189,189,189,189,177,189,189,189,173,173,173,173,173,173,173,173,173,173,173,173,173,173,173,173
8,차룡8교(수위계),2010-09-05,173,186,180,189,189,189,189,173,173,173,173,173,173,173,173,173,173,173,173,173,189,173,173,173
8,차룡8교(수위계),2010-09-06,173,173,173,206,173,172,172,172,172,172,172,172,172,172,172,172,172,172,172,172,172,172,172,48
8,차룡8교(수위계),2010-09-07,172,172,172,317,317,299,299,299,299,187,187,191,187,187,187,187,187,48,174,174,174,174,173,173
8,차룡8교(수위계),2010-09-08,173,173,173,173,173,173,172,173,173,172,172,172,172,173,172,172,172,172,172,172,172,172,172,172
8,차룡8교(수위계),2010-09-09,172,172,172,172,172,172,172,172,172,172,172,172,172,172,172,172,172,172,172,172,172,172,172,172
8,차룡8교(수위계),2010-09-10,172,172,172,172,172,172,172,172,172,172,172,172,172,173,173,172,172,172,172,172,172,172,172,173
8,차룡8교(수위계),2010-09-11,172,172,173,172,172,173,173,173,172,172,174,173,173,173,173,173,173,180,173,173,173,173,173,173
8,차룡8교(수위계),2010-09-12,189,173,189,189,189,173,173,173,191,191,191,191,191,191,47,174,174,174,173,173,173,173,173,173
8,차룡8교(수위계),2010-09-13,173,173,173,173,173,173,173,173,172,172,173,172,172,172,172,172,172,172,173,172,172,173,173,173
8,차룡8교(수위계),2010-09-14,173,173,173,173,173,173,173,173,173,172,172,172,172,172,172,172,172,172,172,172,172,173,172,172
8,차룡8교(수위계),2010-09-15,173,173,173,173,173,173,173,173,172,172,172,172,172,172,172,172,172,172,172,172,172,172,172,172
8,차룡8교(수위계),2010-09-16,172,172,172,172,172,172,172,172,172,172,172,172,172,172,172,172,172,172,172,172,172,172,172,172
8,차룡8교(수위계),2010-09-17,172,172,173,173,172,172,172,172,172,172,172,172,172,172,172,172,172,172,172,172,172,172,172,172
8,차룡8교(수위계),2010-09-18,172,172,172,172,172,172,172,172,172,172,172,172,172,172,172,172,172,172,172,172,172,172,172,172
8,차룡8교(수위계),2010-09-19,172,172,172,172,172,172,172,173,172,172,172,172,172,172,172,173,172,172,172,172,172,172,172,172
8,차룡8교(수위계),2010-09-20,172,172,172,172,173,173,173,173,172,172,172,172,172,172,172,172,172,172,172,172,173,173,172,172
8,차룡8교(수위계),2010-09-21,172,172,173,173,173,173,173,172,172,172,172,172,172,172,172,172,172,172,172,172,172,172,172,172
8,차룡8교(수위계),2010-09-22,172,172,172,172,172,172,172,172,172,172,172,223,223,177,173,173,173,173,173,173,173,173,173,173
8,차룡8교(수위계),2010-09-23,173,173,173,173,172,173,173,172,173,172,172,172,172,172,173,172,172,172,173,172,172,172,172,172
8,차룡8교(수위계),2010-09-24,172,172,172,172,172,172,172,172,172,172,172,172,172,172,172,172,172,172,172,172,172,172,172,172
8,차룡8교(수위계),2010-09-25,172,172,172,172,172,173,173,172,172,172,172,172,172,172,172,172,172,172,172,172,172,172,172,172
8,차룡8교(수위계),2010-09-26,172,172,172,172,172,172,172,172,172,172,172,172,172,172,172,172,172,172,173,172,172,173,172,172
8,차룡8교(수위계),2010-09-27,173,173,173,173,173,173,173,173,172,172,172,172,172,172,172,172,172,172,172,172,172,172,172,172
8,차룡8교(수위계),2010-09-28,172,173,173,173,172,172,172,173,172,172,172,172,172,172,172,172,172,172,172,172,172,172,172,172
8,차룡8교(수위계),2010-09-29,172,172,172,172,172,172,172,172,172,172,172,172,172,172,172,172,172,172,172,172,172,172,172,172
8,차룡8교(수위계),2010-09-30,172,172,172,173,173,172,172,172,172,172,172,172,172,172,172,172,172,172,172,172,172,172,172,172
8,차룡8교(수위계),2010-10-01,172,172,173,173,172,172,172,172,172,172,172,172,172,172,172,172,172,172,172,172,172,172,172,172
8,차룡8교(수위계),2010-10-02,172,172,172,172,172,172,172,172,172,172,172,172,172,172,172,172,172,172,172,173,173,173,173,173
8,차룡8교(수위계),2010-10-03,173,173,173,173,173,173,172,173,173,173,173,173,173,172,172,172,172,172,172,172,172,173,172,172
8,차룡8교(수위계),2010-10-04,172,172,172,172,172,172,172,172,172,172,172,172,172,172,172,172,172,172,172,172,172,172,172,172
8,차룡8교(수위계),2010-10-05,172,172,172,172,172,172,172,172,172,172,172,172,172,172,172,172,172,172,172,172,172,172,172,172
8,차룡8교(수위계),2010-10-06,172,172,172,172,172,172,172,172,172,172,172,172,172,172,172,172,172,172,172,172,172,172,172,172
8,차룡8교(수위계),2010-10-07,172,172,172,173,173,173,172,172,172,172,172,172,172,172,172,172,172,172,172,172,172,172,172,172
8,차룡8교(수위계),2010-10-08,172,172,172,172,172,172,172,172,172,172,172,172,172,172,172,172,172,172,172,172,172,172,173,173
8,차룡8교(수위계),2010-10-09,173,173,173,173,173,172,172,172,173,172,172,172,172,172,172,172,172,172,172,172,173,173,172,173
8,차룡8교(수위계),2010-10-10,173,173,173,173,173,173,173,-8383,-8383,-8383,-8383,-8383,-8383,-8383,-8383,-8383,-8383,-8383,-8383,-8383,-8383,-8383,-8383,-8383
8,차룡8교(수위계),2010-10-11,-8383,-8383,-8383,-8383,-8383,-8383,-8383,-8383,-8383,-8383,-8383,-8383,-8383,-8383,-8383,-8383,-8383,-8383,-8383,-8383,-8383,-8383,-8383,-8383
8,차룡8교(수위계),2010-10-12,-8383,-8383,-8383,-8383,-8383,-8383,-8383,-8383,-8383,-8383,-8383,-8383,-8383,-8383,-8383,-8383,-8383,-8383,-8383,-8383,-8383,-8383,-8383,-8383
8,차룡8교(수위계),2010-10-13,-8383,-8383,-8383,-8383,-8383,-8383,-8383,-8383,-8383,-8383,-8383,-8383,-8383,-8383,-8383,-8383,-8383,-8383,-8383,-8383,-8383,-8383,-8383,-8383
8,차룡8교(수위계),2010-10-14,-8383,-8383,-8383,-8383,-8383,-8383,-8383,-8383,-8383,-8383,-8383,-8383,-8383,-8383,-8383,-8383,-8383,-8383,-8383,-8383,-8383,-8383,-8383,-8383
8,차룡8교(수위계),2010-10-15,-8383,-8383,-8383,-8383,-8383,-8383,-8383,-8383,-8383,-8383,-8383,-8383,-8383,-8383,-8383,-8383,-8383,-8383,-8383,-8383,-8383,-8383,-8383,-8383
8,차룡8교(수위계),2010-10-16,-8383,-8383,-8383,-8383,-8383,-8383,-8383,-8383,-8383,-8383,-8383,-8383,-8383,-8383,-8383,-8383,-8383,-8383,-8383,-8383,-8383,-8383,-8383,-8383
8,차룡8교(수위계),2010-10-17,-8383,-8383,-8383,-8383,-8383,-8383,-8383,-8383,-8383,-8383,-8383,-8383,-8383,-8383,-8383,-8383,-8383,-8383,-8383,-8383,-8383,-8383,-8383,-8383
8,차룡8교(수위계),2010-10-18,-8383,-8383,-8383,-8383,-8383,-8383,-8383,-8383,-8383,-8383,-8383,-8383,-8383,-8383,-8383,-8383,-8383,-8383,-8383,-8383,-8383,-8383,-8383,-8383
8,차룡8교(수위계),2010-10-19,-8383,-8383,-8383,-8383,-8383,-8383,-8383,-8383,-8383,-8383,-8383,-8383,-8383,-8383,-8383,-8383,-8383,-8383,-8383,-8383,-8383,-8383,-8383,-8383
8,차룡8교(수위계),2010-10-20,-8383,-8383,-8383,-8383,-8383,-8383,-8383,-8383,-8383,-8383,-8383,-8383,-8383,-8383,-8383,-8383,-8383,-8383,-8383,-8383,-8383,-8383,-8383,-8383
8,차룡8교(수위계),2010-10-21,-8383,-8383,-8383,-8383,-8383,-8383,-8383,-8383,-8383,-8383,-8383,-8383,-8383,-8383,172,172,0,54,53,53,54,54,54,54
8,차룡8교(수위계),2010-10-22,54,54,54,54,54,54,54,54,53,53,53,54,54,54,54,54,54,54,54,54,54,54,54,53
8,차룡8교(수위계),2010-10-23,53,54,54,54,54,54,54,54,53,53,53,53,53,53,54,54,54,54,54,54,54,53,54,54
8,차룡8교(수위계),2010-10-24,54,54,55,54,54,55,54,55,55,54,55,54,54,54,54,55,55,55,55,54,54,54,54,54
8,차룡8교(수위계),2010-10-25,54,54,54,54,54,54,54,54,53,54,53,54,54,54,53,54,54,54,54,54,54,54,53,53
8,차룡8교(수위계),2010-10-26,53,53,53,37,37,0,0,0,0,0,0,0,0,12,11,0,0,0,37,37,37,37,11,0
8,차룡8교(수위계),2010-10-27,0,0,0,0,0,0,0,0,0,0,0,0,53,53,54,54,53,53,53,53,53,53,53,53
8,차룡8교(수위계),2010-10-28,53,53,53,37,53,53,53,0,0,0,0,53,53,53,53,54,54,54,54,53,53,53,0,0
8,차룡8교(수위계),2010-10-29,0,0,0,0,0,0,0,0,0,0,53,53,53,53,54,54,54,53,54,54,54,53,53,53
8,차룡8교(수위계),2010-10-30,53,53,53,53,53,53,53,53,53,53,53,53,53,53,53,53,53,53,54,54,54,54,54,54
8,차룡8교(수위계),2010-10-31,53,53,53,53,53,54,54,53,37,0,53,53,53,54,54,54,53,54,54,53,53,53,53,53
8,차룡8교(수위계),2010-11-01,53,53,53,53,53,53,53,54,53,53,53,53,53,53,53,54,54,54,54,54,53,53,53,53
8,차룡8교(수위계),2010-11-02,54,53,53,53,53,0,0,0,0,0,0,0,0,0,53,53,53,53,53,53,53,53,37,0
8,차룡8교(수위계),2010-11-03,0,0,0,0,0,0,0,0,0,0,0,0,53,53,53,54,53,54,53,53,53,40,50,0
8,차룡8교(수위계),2010-11-04,0,0,0,0,0,0,0,0,0,0,0,53,53,54,53,53,54,54,54,54,53,53,53,53
8,차룡8교(수위계),2010-11-05,53,53,0,0,0,0,0,0,0,0,0,53,53,53,53,53,53,53,54,53,53,53,53,53
8,차룡8교(수위계),2010-11-06,53,53,53,0,0,0,0,0,0,0,11,53,53,53,54,54,54,54,54,53,53,53,53,53
8,차룡8교(수위계),2010-11-07,53,53,53,0,0,0,0,0,0,0,0,53,53,53,54,54,53,54,54,53,53,53,53,40
8,차룡8교(수위계),2010-11-08,53,53,54,54,55,54,54,54,97,0,53,53,53,53,53,53,53,53,53,53,53,0,0,0
8,차룡8교(수위계),2010-11-09,0,0,0,0,0,0,0,0,0,0,0,0,0,0,0,0,11,0,0,0,0,0,0,0
8,차룡8교(수위계),2010-11-10,0,0,0,0,0,0,0,0,0,0,0,0,0,53,53,53,53,53,53,53,37,37,53,0
8,차룡8교(수위계),2010-11-11,0,0,0,0,0,0,0,0,0,0,0,0,53,53,53,53,53,53,71,0,55,55,54,54
8,차룡8교(수위계),2010-11-12,54,54,54,54,54,54,53,53,53,37,53,54,54,54,55,54,54,55,54,54,54,54,55,55
8,차룡8교(수위계),2010-11-13,54,61,54,54,55,122,208,55,43,0,0,54,54,53,54,54,54,54,54,55,54,54,55,54
8,차룡8교(수위계),2010-11-14,54,54,54,54,54,54,0,37,53,0,53,54,54,54,54,54,54,54,54,54,55,54,54,54
8,차룡8교(수위계),2010-11-15,55,54,54,54,54,53,54,54,54,54,54,54,54,54,53,54,54,54,54,50,54,0,0,0
8,차룡8교(수위계),2010-11-16,0,0,0,0,0,0,0,0,0,0,0,0,47,54,54,54,55,55,54,54,53,55,0,9321
8,차룡8교(수위계),2010-11-17,0,0,9321,0,9321,9321,9321,9321,0,0,0,0,53,54,54,54,54,54,54,54,54,53,54,54
8,차룡8교(수위계),2010-11-18,0,0,0,0,0,0,0,9321,0,0,0,53,54,54,55,54,54,55,55,54,54,40,54,54
8,차룡8교(수위계),2010-11-19,9321,9321,9321,9321,0,0,0,0,0,0,0,0,53,53,54,54,54,54,54,54,54,54,53,54
8,차룡8교(수위계),2010-11-20,54,9321,9321,9321,9321,9321,9321,9321,9321,0,0,53,54,54,54,54,55,55,55,54,53,54,12,37
8,차룡8교(수위계),2010-11-21,0,0,0,0,0,0,0,0,0,0,0,53,55,54,54,54,54,54,54,54,54,54,55,55
8,차룡8교(수위계),2010-11-22,54,55,54,54,55,61,55,58,58,54,55,54,54,54,54,54,54,54,54,55,55,54,54,54
8,차룡8교(수위계),2010-11-23,43,53,0,0,0,0,0,0,0,0,0,53,54,54,54,54,54,55,55,55,55,55,68,54
8,차룡8교(수위계),2010-11-24,62,198,55,55,54,54,144,9321,0,0,53,54,54,54,54,54,54,55,55,54,55,71,147,68
8,차룡8교(수위계),2010-11-25,58,55,54,54,54,54,54,54,53,53,53,53,53,53,55,55,55,55,54,54,54,55,37,37
8,차룡8교(수위계),2010-11-26,53,0,0,0,0,0,0,0,0,0,0,0,0,53,55,54,54,54,50,54,9321,0,9321,9321
8,차룡8교(수위계),2010-11-27,0,9321,0,9321,9321,0,9321,9321,0,0,0,0,0,54,54,54,53,54,54,54,54,54,55,55
8,차룡8교(수위계),2010-11-28,54,40,55,55,0,0,0,0,0,0,0,0,0,55,61,54,55,54,55,55,9321,9321,9321,9321
8,차룡8교(수위계),2010-11-29,9321,0,9321,0,9321,9321,0,0,0,0,0,0,54,54,65,93,68,122,55,58,55,55,65,0
8,차룡8교(수위계),2010-11-30,54,54,215,211,216,216,216,215,215,44,0,54,54,54,55,65,55,54,55,55,54,55,55,0
8,차룡8교(수위계),2010-12-01,55,93,215,216,9321,9321,9321,9321,9321,9321,0,55,53,54,54,54,55,55,54,54,54,55,55,55
8,차룡8교(수위계),2010-12-02,54,173,198,215,215,61,58,0,0,0,0,0,0,0,0,54,216,54,216,215,215,216,215,216
8,차룡8교(수위계),2010-12-03,215,220,223,232,55,55,0,54,53,0,53,53,0,54,0,0,50,0,53,0,54,0,0,0
8,차룡8교(수위계),2010-12-04,0,0,9321,0,0,9321,0,0,0,0,0,0,54,55,55,58,55,71,55,198,55,0,9321,9321
8,차룡8교(수위계),2010-12-05,9321,0,9321,9321,9321,9321,9321,9321,9321,9321,9321,54,54,55,54,58,55,55,71,55,122,54,55,211
8,차룡8교(수위계),2010-12-06,214,71,9321,9321,9321,9321,9321,9321,0,9321,0,54,54,54,54,54,54,54,54,55,54,54,0,54
8,차룡8교(수위계),2010-12-07,54,9321,9321,9321,0,0,0,0,9321,0,9321,0,9321,9321,0,0,9321,0,9321,9321,0,0,0,0
8,차룡8교(수위계),2010-12-08,9321,9321,9321,9321,9321,0,9321,9321,9321,9321,9321,0,0,0,0,0,0,0,0,0,0,0,0,0
8,차룡8교(수위계),2010-12-09,0,0,0,9321,9321,9321,9321,0,0,9321,9321,9321,0,0,40,54,54,54,44,0,9321,9321,9321,0
8,차룡8교(수위계),2010-12-10,9321,9321,0,9321,0,0,0,9321,0,0,0,9321,0,54,58,214,205,71,54,55,65,208,55,54
8,차룡8교(수위계),2010-12-11,54,55,58,55,54,54,55,54,54,53,54,54,83,54,54,55,55,55,148,54,9321,9321,9321,9321
8,차룡8교(수위계),2010-12-12,9321,9321,9321,9321,9321,0,9321,0,0,9321,0,0,0,0,9321,0,0,9321,0,0,9321,0,9321,0
8,차룡8교(수위계),2010-12-13,9321,0,9321,9321,9321,9321,9321,0,0,0,0,0,9321,9321,9321,9321,9321,9321,9321,9321,9321,9321,0,0
8,차룡8교(수위계),2010-12-14,0,0,0,9321,9321,9321,9321,9321,0,9321,0,9321,9321,0,0,0,0,0,54,55,0,0,9321,9321
8,차룡8교(수위계),2010-12-15,9321,0,0,0,0,0,0,0,0,0,0,0,0,0,0,0,0,0,9321,0,0,0,0,0
8,차룡8교(수위계),2010-12-16,0,0,0,0,0,0,0,0,0,0,0,0,0,0,0,0,0,0,0,9321,9321,9321,0,9321
8,차룡8교(수위계),2010-12-17,9321,9321,0,9321,0,9321,9321,9321,0,0,0,0,0,9321,0,0,9321,9321,9321,0,9321,0,0,9321
8,차룡8교(수위계),2010-12-18,0,0,9321,0,0,0,0,0,0,0,0,0,0,0,54,71,198,97,1990,9321,0,0,9321,9321
8,차룡8교(수위계),2010-12-19,0,9321,9321,9321,0,9321,0,0,0,0,0,0,54,55,55,55,55,55,54,55,198,97,173,215
8,차룡8교(수위계),2010-12-20,215,215,55,55,55,198,71,173,215,154,54,54,53,54,55,71,71,55,71,147,55,122,9321,9321
8,차룡8교(수위계),2010-12-21,9321,0,9321,9321,9321,9321,9321,9321,9321,9321,9321,9321,9321,9321,9321,54,58,54,68,55,54,87,54,54
8,차룡8교(수위계),2010-12-22,54,215,9321,9321,9321,9321,9321,9321,9321,9321,9321,54,53,54,54,55,58,173,71,205,54,54,211,9321
8,차룡8교(수위계),2010-12-23,9321,0,9321,9321,9321,9321,9321,9321,9321,0,0,9321,0,53,55,55,55,55,54,173,54,147,214,9321
8,차룡8교(수위계),2010-12-24,9321,0,9321,9321,9321,9321,9321,9321,9321,0,0,9321,0,0,0,0,9321,9321,0,0,0,0,9321,0
8,차룡8교(수위계),2010-12-25,0,0,0,9321,0,0,0,0,0,0,0,0,0,0,0,0,0,0,0,0,9321,0,0,9321
8,차룡8교(수위계),2010-12-26,0,9321,9321,0,9321,9321,0,0,0,0,0,0,9321,9321,0,9321,9321,9321,9321,9321,9321,9321,9321,9321
8,차룡8교(수위계),2010-12-27,9321,9321,0,9321,9321,9321,9321,0,0,9321,0,0,9321,9321,9321,9321,9321,9321,9321,9321,9321,9321,9321,0
8,차룡8교(수위계),2010-12-28,0,0,0,0,0,0,0,0,0,0,0,9321,9321,9321,9321,9321,9321,9321,9321,9321,0,9321,0,9321
8,차룡8교(수위계),2010-12-29,9321,9321,9321,0,0,0,0,0,0,0,0,0,0,9321,0,0,9321,0,9321,9321,0,9321,9321,9321
8,차룡8교(수위계),2010-12-30,9321,9321,9321,9321,9321,9321,9321,9321,9321,9321,0,0,9321,0,9321,0,0,0,0,0,9321,0,0,0
8,차룡8교(수위계),2010-12-31,0,0,0,9321,9321,9321,9321,9321,0,0,0,0,0,0,0,0,0,9321,9321,0,0,0,0,0
8,차룡8교(수위계),2011-01-01,0,0,9321,9321,0,0,0,9321,0,0,0,0,0,9321,9321,9321,0,0,0,0,0,9321,0,9321
8,차룡8교(수위계),2011-01-02,9321,9321,9321,9321,9321,9321,0,9321,9321,9321,0,0,9321,9321,9321,9321,9321,9321,9321,9321,9321,9321,9321,9321
8,차룡8교(수위계),2011-01-03,9321,9321,9321,9321,9321,9321,0,9321,9321,9321,0,0,0,9321,9321,9321,9321,9321,9321,9321,9321,9321,9321,9321
8,차룡8교(수위계),2011-01-04,9321,9321,9321,9321,9321,9321,9321,9321,9321,0,9321,9321,9321,9321,9321,9321,9321,9321,9321,9321,9321,9321,9321,9321
8,차룡8교(수위계),2011-01-05,9321,9321,0,9321,9321,9321,9321,0,0,9321,0,9321,9321,9321,9321,9321,9321,9321,9321,9321,9321,9321,9321,9321
8,차룡8교(수위계),2011-01-06,9321,9321,9321,9321,9321,9321,0,0,9321,9321,9321,9321,9321,0,9321,9321,9321,9321,9321,9321,9321,9321,9321,0
8,차룡8교(수위계),2011-01-07,9321,0,0,9321,9321,9321,9321,9321,0,0,0,0,0,0,0,0,0,0,9321,9321,9321,9321,9321,9321
8,차룡8교(수위계),2011-01-08,9321,9321,9321,0,0,0,9321,0,9321,0,0,0,9321,9321,9321,9321,9321,9321,9321,9321,9321,9321,9321,9321
8,차룡8교(수위계),2011-01-09,9321,9321,9321,9321,9321,9321,9321,9321,9321,9321,9321,9321,9321,9321,9321,9321,9321,9321,9321,9321,9321,9321,9321,9321
8,차룡8교(수위계),2011-01-10,9321,9321,9321,0,9321,0,0,9321,0,0,0,0,9321,0,0,0,0,0,0,0,0,0,9321,0
8,차룡8교(수위계),2011-01-11,0,0,0,0,0,0,0,9321,0,0,0,0,0,0,0,9321,9321,9321,9321,9321,9321,9321,9321,9321
8,차룡8교(수위계),2011-01-12,9321,9321,9321,9321,9321,9321,9321,0,9321,0,9321,9321,9321,9321,9321,0,9321,9321,9321,9321,0,0,0,0
8,차룡8교(수위계),2011-01-13,9321,9321,0,0,0,0,0,0,0,0,0,0,0,9321,9321,9321,9321,9321,9321,9321,9321,0,9321,0
8,차룡8교(수위계),2011-01-14,9321,9321,9321,9321,0,0,0,0,0,9321,0,0,9321,9321,9321,9321,9321,9321,9321,9321,9321,9321,9321,9321
8,차룡8교(수위계),2011-01-15,9321,9321,9321,9321,0,9321,9321,9321,0,0,0,0,9321,9321,0,0,0,0,0,0,9321,9321,0,0
8,차룡8교(수위계),2011-01-16,0,0,0,0,9321,9321,9321,0,9321,0,0,0,9321,0,0,9321,0,0,0,0,0,0,0,0
8,차룡8교(수위계),2011-01-17,0,9321,9321,9321,9321,0,0,0,9321,9321,9321,0,0,0,0,9321,0,0,0,0,0,0,0,0
8,차룡8교(수위계),2011-01-18,0,0,0,0,0,0,0,0,0,0,0,0,9321,9321,0,0,0,0,0,0,0,0,0,9321
8,차룡8교(수위계),2011-01-19,0,0,0,0,0,9321,9321,0,9321,0,0,0,9321,0,9321,9321,9321,9321,0,0,0,0,0,0
8,차룡8교(수위계),2011-01-20,0,0,0,0,9321,0,0,0,9321,0,0,0,0,0,0,0,0,0,9321,9321,0,9321,0,0
8,차룡8교(수위계),2011-01-21,0,0,0,0,0,0,0,9321,0,0,0,0,0,9321,0,9321,9321,9321,0,9321,9321,9321,9321,9321
8,차룡8교(수위계),2011-01-22,0,0,0,0,0,0,0,9321,9321,9321,0,0,0,0,0,0,9321,0,9321,9321,0,9321,0,9321
8,차룡8교(수위계),2011-01-23,0,9321,0,0,0,0,0,0,0,0,0,0,0,0,9321,0,9321,9321,9321,9321,9321,9321,9321,9321
8,차룡8교(수위계),2011-01-24,9321,9321,9321,9321,9321,9321,9321,9321,9321,9321,9321,0,9321,9321,9321,9321,0,0,9321,9321,9321,9321,9321,9321
8,차룡8교(수위계),2011-01-25,0,0,9321,9321,0,9321,9321,0,9321,9321,9321,0,0,9321,9321,9321,9321,9321,9321,9321,9321,9321,9321,0
8,차룡8교(수위계),2011-01-26,0,9321,0,0,9321,9321,9321,0,0,9321,9321,9321,0,9321,9321,9321,9321,0,9321,0,9321,9321,0,9321
8,차룡8교(수위계),2011-01-27,9321,0,0,9321,9321,9321,9321,9321,0,0,0,9321,9321,9321,0,0,0,0,0,0,9321,9321,0,0
8,차룡8교(수위계),2011-01-28,0,0,0,0,0,9321,9321,0,0,0,0,9321,9321,0,0,0,0,9321,9321,9321,9321,9321,9321,9321
8,차룡8교(수위계),2011-01-29,9321,9321,0,0,0,0,9321,0,0,0,0,0,9321,9321,0,0,0,0,0,0,0,0,9321,9321
8,차룡8교(수위계),2011-01-30,9321,0,9321,9321,9321,9321,9321,9321,9321,9321,9321,9321,0,0,0,0,9321,0,0,0,0,0,9321,9321
8,차룡8교(수위계),2011-01-31,9321,9321,9321,9321,0,0,9321,9321,9321,9321,9321,9321,9321,9321,9321,0,0,9321,0,0,0,0,9321,0
8,차룡8교(수위계),2011-02-01,0,9321,0,0,0,9321,9321,0,0,9321,0,9321,9321,9321,9321,9321,9321,9321,0,9321,9321,9321,9321,9321
8,차룡8교(수위계),2011-02-02,0,0,0,9321,9321,9321,9321,9321,9321,9321,9321,9321,233,9321,208,215,58,147,215,9321,9321,9321,9321,0
8,차룡8교(수위계),2011-02-03,9321,9321,9321,9321,0,0,9321,9321,9321,9321,9321,9321,9321,233,71,93,215,215,208,9321,9321,9321,9321,9321
8,차룡8교(수위계),2011-02-04,9321,9321,9321,9321,9321,9321,9321,9321,9321,0,9321,9321,9321,9321,55,176,55,54,58,9321,9321,9321,9321,9321
8,차룡8교(수위계),2011-02-05,9321,9321,0,9321,9321,9321,9321,9321,9321,9321,0,9321,9321,233,215,65,214,215,215,9321,9321,9321,9321,0
8,차룡8교(수위계),2011-02-06,9321,9321,9321,9321,9321,9321,9321,9321,9321,9321,9321,9321,9321,214,215,214,215,214,215,215,233,232,233,9321
8,차룡8교(수위계),2011-02-07,9321,9321,9321,0,9321,0,0,9321,9321,9321,9321,9321,233,205,211,215,215,215,215,233,215,9321,9321,0
8,차룡8교(수위계),2011-02-08,9321,9321,9321,0,9321,9321,9321,9321,9321,9321,9321,0,0,0,0,0,0,9321,9321,0,0,0,0,0
8,차룡8교(수위계),2011-02-09,0,9321,9321,9321,9321,9321,9321,9321,9321,9321,9321,9321,9321,9321,0,233,219,232,232,226,233,9321,9321,9321
8,차룡8교(수위계),2011-02-10,9321,0,9321,9321,0,9321,0,0,9321,9321,9321,9321,9321,9321,9321,9321,9321,9321,9321,9321,9321,9321,9321,9321
8,차룡8교(수위계),2011-02-11,9321,9321,0,0,9321,0,0,0,0,9321,9321,9321,9321,9321,9321,9321,9321,9321,9321,9321,9321,9321,9321,9321
8,차룡8교(수위계),2011-02-12,9321,9321,9321,9321,9321,9321,9321,9321,9321,9321,9321,9321,9321,9321,9321,9321,9321,9321,9321,9321,9321,9321,9321,9321
8,차룡8교(수위계),2011-02-13,9321,9321,9321,9321,9321,9321,9321,9321,0,0,9321,9321,9321,9321,9321,9321,9321,9321,9321,9321,9321,9321,9321,9321
8,차룡8교(수위계),2011-02-14,9321,9321,9321,9321,9321,9321,9321,9321,9321,9321,9321,9321,9321,9321,9321,9321,9321,9321,9321,9321,9321,9321,9321,9321
8,차룡8교(수위계),2011-02-15,9321,9321,9321,9321,9321,9321,9321,9321,9321,9321,9321,9321,9321,9321,9321,9321,9321,9321,9321,9321,9321,9321,9321,9321
8,차룡8교(수위계),2011-02-16,9321,9321,9321,9321,9321,9321,9321,9321,9321,9321,9321,9321,9321,9321,9321,232,233,232,232,9321,232,0,9321,9321
8,차룡8교(수위계),2011-02-17,0,0,0,9321,9321,9321,9321,9321,0,0,0,0,0,0,0,0,0,0,9321,0,9321,9321,9321,9321
8,차룡8교(수위계),2011-02-18,9321,9321,9321,9321,0,0,9321,0,0,9321,9321,9321,9321,9321,9321,9321,9321,9321,233,9321,233,9321,9321,0
8,차룡8교(수위계),2011-02-19,0,9321,9321,0,0,0,0,0,0,0,9321,9321,9321,9321,216,216,216,215,216,216,9321,9321,9321,9321
8,차룡8교(수위계),2011-02-20,9321,0,9321,9321,9321,9321,9321,9321,9321,9321,9321,9321,232,216,216,216,216,215,216,216,216,233,232,9321
8,차룡8교(수위계),2011-02-21,9321,9321,9321,9321,9321,9321,9321,9321,9321,9321,9321,9321,9321,9321,216,216,216,216,215,216,215,233,9321,9321
8,차룡8교(수위계),2011-02-22,9321,9321,9321,0,0,0,0,0,0,9321,9321,9321,232,216,216,216,216,215,216,216,216,9321,233,0
8,차룡8교(수위계),2011-02-23,9321,0,0,9321,9321,9321,9321,9321,9321,9321,9321,9321,9321,216,216,214,215,215,216,216,216,9321,0,0
8,차룡8교(수위계),2011-02-24,0,0,0,0,9321,0,9321,9321,9321,9321,9321,216,215,215,215,215,215,215,216,215,215,216,216,9321
8,차룡8교(수위계),2011-02-25,0,0,0,0,0,0,9321,9321,9321,9321,9321,9321,215,216,216,216,216,216,216,216,9321,9321,9321,0
8,차룡8교(수위계),2011-02-26,9321,9321,9321,9321,9321,9321,9321,9321,9321,9321,9321,9321,0,215,216,215,215,215,216,215,215,233,0,0
8,차룡8교(수위계),2011-02-27,9321,9321,9321,9321,9321,9321,0,9321,0,0,0,0,0,0,0,0,0,9321,9321,216,216,216,216,216
8,차룡8교(수위계),2011-02-28,216,216,216,216,216,216,216,216,216,216,216,216,216,216,216,216,216,216,216,216,216,216,216,0
8,차룡8교(수위계),2011-03-01,216,216,216,216,216,216,216,216,216,216,216,216,216,216,216,212,216,209,200,200,200,200,200,200
8,차룡8교(수위계),2011-03-02,200,200,200,203,200,216,216,216,216,213,216,216,200,200,200,199,199,200,200,199,200,200,216,216
8,차룡8교(수위계),2011-03-03,200,200,216,216,216,216,216,216,200,199,200,200,200,200,200,200,199,200,199,200,200,200,199,199
8,차룡8교(수위계),2011-03-04,199,199,174,199,199,199,199,199,199,200,199,200,200,199,200,200,200,199,199,200,200,200,200,200
8,차룡8교(수위계),2011-03-05,216,216,216,216,216,216,216,216,216,216,199,200,199,200,200,200,200,199,199,200,200,200,200,200
8,차룡8교(수위계),2011-03-06,200,216,216,200,216,200,200,200,200,200,200,199,200,200,200,200,200,199,200,199,200,200,200,200
8,차룡8교(수위계),2011-03-07,200,200,200,200,200,209,206,200,199,199,199,199,199,200,199,200,209,203,200,200,200,200,200,200
8,차룡8교(수위계),2011-03-08,200,200,199,199,200,203,203,200,216,216,200,199,200,200,200,216,216,200,200,200,200,200,200,200
8,차룡8교(수위계),2011-03-09,200,200,200,200,200,216,213,200,200,199,199,203,200,216,216,216,216,206,200,200,215,212,200,200
8,차룡8교(수위계),2011-03-10,203,212,209,216,216,216,216,216,200,200,200,200,199,200,212,203,200,200,200,203,216,206,212,209
8,차룡8교(수위계),2011-03-11,216,216,216,200,200,216,216,216,216,216,212,200,200,200,200,200,200,200,200,203,200,216,200,200
8,차룡8교(수위계),2011-03-12,216,216,216,216,216,216,216,216,216,216,216,216,200,216,216,200,209,206,216,216,200,213,216,216
8,차룡8교(수위계),2011-03-13,216,216,216,216,216,203,216,216,216,216,200,199,200,206,200,200,200,213,203,216,216,216,216,216
8,차룡8교(수위계),2011-03-14,200,216,216,216,216,216,216,216,216,216,216,200,200,200,200,200,200,200,200,200,200,200,200,200
8,차룡8교(수위계),2011-03-15,203,216,216,216,216,216,216,216,216,200,200,209,216,200,200,200,200,200,200,200,200,200,200,216
8,차룡8교(수위계),2011-03-16,203,215,215,215,216,216,216,216,216,216,216,200,200,199,200,200,200,200,200,200,212,216,216,216
8,차룡8교(수위계),2011-03-17,216,216,215,216,216,216,216,216,216,216,216,212,200,200,200,216,216,209,200,216,216,212,216,216
8,차룡8교(수위계),2011-03-18,216,216,216,216,216,216,216,216,216,216,200,200,216,213,213,203,216,216,216,213,200,216,206,209
8,차룡8교(수위계),2011-03-19,216,216,212,200,216,209,200,216,200,209,216,203,200,212,216,200,200,200,200,200,216,216,216,216
8,차룡8교(수위계),2011-03-20,216,216,216,216,216,216,216,216,216,216,216,216,216,216,216,216,216,216,216,216,216,216,216,216
8,차룡8교(수위계),2011-03-21,216,216,216,216,216,216,216,216,216,216,216,216,216,216,216,216,216,216,216,216,216,216,216,216
8,차룡8교(수위계),2011-03-22,216,216,216,216,216,216,216,216,216,216,216,216,216,216,216,216,216,216,216,216,216,216,216,216
8,차룡8교(수위계),2011-03-23,216,216,216,216,216,216,216,216,216,216,216,216,216,216,212,215,216,216,216,216,216,216,216,216
8,차룡8교(수위계),2011-03-24,216,216,216,216,216,216,216,216,216,216,216,215,216,206,200,216,206,216,216,216,216,216,216,216
8,차룡8교(수위계),2011-03-25,216,216,216,216,216,216,216,216,215,216,216,216,216,216,216,216,216,216,216,216,216,216,216,216
8,차룡8교(수위계),2011-03-26,216,216,216,216,216,216,216,216,216,216,216,216,216,216,216,216,206,216,216,216,216,216,216,216
8,차룡8교(수위계),2011-03-27,216,216,216,216,216,216,216,216,216,216,200,216,216,216,216,216,216,200,203,216,216,216,216,216
8,차룡8교(수위계),2011-03-28,216,216,216,216,216,216,216,216,216,212,216,216,200,200,200,200,212,216,203,216,216,216,216,200
8,차룡8교(수위계),2011-03-29,216,216,216,216,216,216,216,216,216,216,216,216,215,200,200,216,216,213,216,216,216,216,216,200
8,차룡8교(수위계),2011-03-30,200,200,216,216,213,216,216,216,216,212,216,216,209,200,200,216,203,203,213,212,213,200,216,216
8,차룡8교(수위계),2011-03-31,216,216,216,216,216,216,216,216,216,216,216,200,212,216,216,216,216,216,200,200,216,216,213,200
8,차룡8교(수위계),2011-04-01,216,216,216,216,216,216,216,216,216,216,216,206,216,216,216,216,216,216,216,213,216,206,203,200
8,차룡8교(수위계),2011-04-02,200,216,216,216,212,216,203,216,209,200,216,216,216,216,216,216,216,213,200,216,216,216,216,216
8,차룡8교(수위계),2011-04-03,216,216,216,216,216,216,216,216,216,216,216,216,216,216,216,216,216,216,216,216,212,216,216,216
8,차룡8교(수위계),2011-04-04,216,216,216,216,216,216,216,216,216,216,216,212,216,200,203,200,203,200,200,212,216,216,216,216
8,차룡8교(수위계),2011-04-05,216,216,216,216,216,216,216,216,216,216,200,200,216,216,216,216,216,216,216,216,216,216,216,216
8,차룡8교(수위계),2011-04-06,216,216,216,216,216,216,216,216,216,216,216,216,216,200,200,200,200,212,216,216,216,216,216,216
8,차룡8교(수위계),2011-04-07,216,216,216,216,216,216,216,216,216,216,216,216,216,216,216,216,216,216,216,216,216,216,216,216
8,차룡8교(수위계),2011-04-08,216,216,216,216,216,216,216,216,216,216,199,200,200,216,216,216,216,216,216,216,216,216,215,216
8,차룡8교(수위계),2011-04-09,216,216,216,216,216,216,216,216,216,216,216,200,216,216,216,216,216,216,216,216,216,216,216,216
8,차룡8교(수위계),2011-04-10,216,215,216,216,216,216,216,216,216,216,216,199,216,216,216,216,216,216,216,216,216,216,216,216
8,차룡8교(수위계),2011-04-11,216,216,216,209,216,216,216,216,216,216,216,216,216,216,216,216,216,216,216,206,215,216,216,216
8,차룡8교(수위계),2011-04-12,216,216,216,216,216,216,216,216,216,216,216,212,216,215,216,216,213,216,206,200,216,216,216,216
8,차룡8교(수위계),2011-04-13,216,216,216,216,216,216,216,216,216,216,216,216,216,216,216,203,212,216,209,212,213,216,216,216
8,차룡8교(수위계),2011-04-14,216,216,216,216,216,216,216,216,216,216,216,216,216,216,215,216,216,200,216,216,216,216,216,216
8,차룡8교(수위계),2011-04-15,216,216,216,216,216,216,216,216,216,216,215,216,216,216,200,216,200,216,216,216,216,216,216,216
8,차룡8교(수위계),2011-04-16,216,216,216,216,216,216,216,216,216,216,216,216,216,216,216,216,216,216,206,216,216,216,216,216
8,차룡8교(수위계),2011-04-17,215,216,216,216,216,216,216,216,216,216,216,216,216,216,216,216,206,216,216,216,216,216,216,216
8,차룡8교(수위계),2011-04-18,216,216,216,216,216,216,216,216,216,216,216,216,216,216,216,216,216,216,216,216,216,216,216,216
8,차룡8교(수위계),2011-04-19,216,216,216,216,216,216,216,216,216,216,215,216,216,216,216,216,216,216,216,216,216,216,216,216
8,차룡8교(수위계),2011-04-20,216,216,216,216,216,216,216,216,216,216,216,216,216,216,216,216,216,216,216,216,216,216,216,216
8,차룡8교(수위계),2011-04-21,216,216,216,216,216,216,216,216,216,216,216,216,216,216,216,216,216,216,216,216,216,216,216,216
8,차룡8교(수위계),2011-04-22,216,216,216,216,216,216,216,216,216,216,216,344,0,0,343,216,216,216,216,216,216,216,216,216
8,차룡8교(수위계),2011-04-23,216,216,216,216,216,216,216,216,216,216,216,216,216,216,216,216,215,215,215,216,216,216,216,216
8,차룡8교(수위계),2011-04-24,216,216,216,216,216,216,216,216,216,216,216,215,216,216,215,215,216,216,215,216,216,216,216,216
8,차룡8교(수위계),2011-04-25,216,216,216,216,216,216,216,216,216,216,216,216,215,216,216,216,216,215,216,216,216,216,216,216
8,차룡8교(수위계),2011-04-26,216,216,216,216,216,216,216,216,216,217,217,216,216,216,216,216,216,216,216,216,216,216,216,216
8,차룡8교(수위계),2011-04-27,216,216,216,216,216,216,216,216,216,216,216,216,216,216,215,215,216,215,216,215,216,216,216,216
8,차룡8교(수위계),2011-04-28,0,0,0,0,0,0,0,0,0,0,0,0,216,0,0,0,0,0,0,0,0,0,0,0
8,차룡8교(수위계),2011-04-29,0,0,0,0,0,0,0,0,0,0,0,0,0,0,0,0,0,0,0,0,0,0,0,0
8,차룡8교(수위계),2011-04-30,0,0,0,0,0,0,0,0,0,0,0,0,0,0,0,0,0,0,0,0,0,0,16,0
8,차룡8교(수위계),2011-05-01,0,0,0,0,0,0,0,0,0,0,0,0,0,0,0,0,0,0,0,0,0,0,0,0
8,차룡8교(수위계),2011-05-02,0,0,0,0,0,0,0,0,0,0,0,0,0,0,0,0,0,0,0,0,0,0,0,0
8,차룡8교(수위계),2011-05-03,0,0,0,0,0,0,0,0,0,0,0,0,0,0,0,0,0,0,0,0,0,0,0,0
8,차룡8교(수위계),2011-05-04,0,0,0,0,0,0,0,0,0,0,0,0,0,0,0,0,0,0,0,0,0,0,0,0
8,차룡8교(수위계),2011-05-05,0,0,0,0,0,0,0,0,0,0,0,0,0,0,0,0,0,0,0,0,0,0,0,0
8,차룡8교(수위계),2011-05-06,0,0,0,0,0,0,0,0,0,0,0,0,0,0,0,0,0,0,0,0,0,0,0,0
8,차룡8교(수위계),2011-05-07,0,0,0,0,0,0,0,0,0,0,0,0,0,0,0,0,0,0,0,0,0,0,0,0
8,차룡8교(수위계),2011-05-08,0,0,0,0,0,0,0,0,0,0,0,0,0,0,0,0,0,0,0,0,0,0,0,0
8,차룡8교(수위계),2011-05-09,0,0,0,0,0,0,0,0,0,0,0,0,0,0,0,0,0,0,0,0,0,0,0,0
8,차룡8교(수위계),2011-05-10,0,0,0,0,0,0,0,62,4,0,0,0,0,0,0,0,0,0,0,0,0,0,0,0
8,차룡8교(수위계),2011-05-11,0,0,0,0,0,0,0,0,0,0,13,0,0,7,28,51,58,33,16,7,3,0,0,0
8,차룡8교(수위계),2011-05-12,0,0,0,0,0,0,0,0,0,0,0,0,0,0,0,0,0,0,0,0,0,0,0,0
8,차룡8교(수위계),2011-05-13,0,0,0,0,0,0,0,0,0,0,0,0,0,0,0,0,0,0,0,0,0,0,0,0
8,차룡8교(수위계),2011-05-14,0,0,0,0,0,0,0,0,0,0,0,0,0,0,0,0,0,0,0,0,0,0,0,0
8,차룡8교(수위계),2011-05-15,0,0,0,0,0,0,0,0,0,0,0,0,0,0,0,0,0,0,0,0,0,0,0,0
8,차룡8교(수위계),2011-05-16,0,0,0,0,0,0,0,0,0,0,0,0,0,0,0,0,0,0,0,0,0,0,0,0
8,차룡8교(수위계),2011-05-17,0,0,0,0,0,0,0,0,0,0,0,0,0,0,0,0,0,0,0,0,0,0,0,0
8,차룡8교(수위계),2011-05-18,0,0,0,0,0,0,0,0,0,0,0,0,0,0,0,0,0,0,0,0,0,0,0,0
8,차룡8교(수위계),2011-05-19,0,0,0,0,0,0,0,0,0,0,0,0,0,0,0,0,0,0,0,0,0,0,0,0
8,차룡8교(수위계),2011-05-20,0,0,0,0,0,0,0,0,0,0,0,0,0,0,0,0,0,0,0,0,0,0,0,0
8,차룡8교(수위계),2011-05-21,0,0,0,0,0,0,0,0,0,0,0,0,0,0,0,0,0,0,0,0,0,0,0,0
8,차룡8교(수위계),2011-05-22,0,0,0,0,0,0,0,0,0,0,0,0,0,0,0,0,0,0,0,0,0,0,0,0
8,차룡8교(수위계),2011-05-23,0,0,0,0,0,0,0,0,0,0,0,0,0,0,0,0,0,0,0,0,0,0,0,0
8,차룡8교(수위계),2011-05-24,0,0,0,0,0,0,0,0,0,0,0,0,0,0,0,0,0,0,0,0,0,0,0,0
8,차룡8교(수위계),2011-05-25,0,0,0,0,0,0,0,0,0,0,0,0,0,0,0,0,0,0,0,0,0,0,0,0
8,차룡8교(수위계),2011-05-26,0,0,0,0,0,0,0,0,0,0,0,0,0,0,0,0,0,0,0,0,0,0,0,0
8,차룡8교(수위계),2011-05-27,0,0,0,0,0,0,0,0,0,0,0,0,0,0,0,0,0,0,0,0,0,0,0,0
8,차룡8교(수위계),2011-05-28,0,0,0,0,0,0,0,0,0,0,0,0,0,0,0,0,0,0,0,0,0,0,0,0
8,차룡8교(수위계),2011-05-29,0,0,0,0,0,0,0,0,0,0,0,0,0,0,0,0,0,0,0,0,0,0,0,0
8,차룡8교(수위계),2011-05-30,0,0,0,0,0,0,0,0,0,0,0,0,0,0,0,0,0,0,0,0,0,0,0,0
8,차룡8교(수위계),2011-05-31,0,0,0,0,0,0,0,0,0,0,0,0,0,0,0,0,0,0,0,0,0,0,0,0
8,차룡8교(수위계),2011-06-01,0,0,0,0,0,0,0,0,0,0,0,0,0,0,0,0,0,0,0,0,0,0,0,0
8,차룡8교(수위계),2011-06-02,0,0,0,0,0,0,0,0,0,0,0,0,0,0,0,0,0,0,0,0,0,0,0,0
8,차룡8교(수위계),2011-06-03,0,0,0,0,0,0,0,0,0,0,0,0,0,0,0,0,0,0,0,0,0,0,0,0
8,차룡8교(수위계),2011-06-04,0,0,0,0,0,0,0,0,0,0,0,0,0,0,0,0,0,0,0,0,0,0,0,0
8,차룡8교(수위계),2011-06-05,0,0,0,0,0,0,0,0,0,0,0,0,0,0,0,0,0,0,0,0,0,0,0,0
8,차룡8교(수위계),2011-06-06,0,0,0,0,0,0,0,0,0,0,0,0,0,0,0,0,0,0,0,0,0,0,0,0
8,차룡8교(수위계),2011-06-07,0,0,0,0,0,0,0,0,0,0,0,0,0,0,0,0,0,0,0,0,0,0,0,0
8,차룡8교(수위계),2011-06-08,0,0,0,0,0,0,0,0,0,0,0,0,0,0,0,0,0,0,0,0,0,0,0,0
8,차룡8교(수위계),2011-06-09,0,0,0,0,0,0,0,0,0,0,0,0,0,0,0,0,0,0,0,0,0,0,0,0
8,차룡8교(수위계),2011-06-10,0,0,0,0,0,0,0,0,0,0,0,0,0,0,0,0,0,0,0,0,0,0,0,0
8,차룡8교(수위계),2011-06-11,0,0,0,0,0,0,0,0,0,0,0,0,0,0,0,0,0,0,0,0,0,0,0,0
8,차룡8교(수위계),2011-06-12,0,0,0,0,0,0,0,0,0,0,0,0,0,0,0,0,0,0,0,0,0,0,0,0
8,차룡8교(수위계),2011-06-13,0,0,0,0,0,0,0,0,0,0,0,0,0,0,0,0,0,0,0,0,0,0,0,0
8,차룡8교(수위계),2011-06-14,0,0,0,0,0,0,0,0,0,0,0,0,0,0,0,0,0,0,0,0,0,0,0,0
8,차룡8교(수위계),2011-06-15,0,0,0,0,0,0,0,0,0,0,0,0,0,0,0,0,0,0,0,0,0,0,0,0
8,차룡8교(수위계),2011-06-16,0,0,0,0,0,0,0,0,0,0,0,0,0,0,0,0,0,0,0,0,0,0,0,0
8,차룡8교(수위계),2011-06-17,0,0,0,0,0,0,0,0,0,0,0,0,0,0,0,0,0,0,0,0,0,0,0,0
8,차룡8교(수위계),2011-06-18,0,0,0,0,0,0,0,0,0,0,0,0,0,0,0,0,0,0,0,0,0,0,0,0
8,차룡8교(수위계),2011-06-19,0,0,0,0,0,0,0,0,0,0,0,0,0,0,0,0,0,0,0,0,0,0,0,0
8,차룡8교(수위계),2011-06-20,0,0,0,0,0,0,0,0,0,0,0,0,0,0,0,0,0,0,0,0,0,0,0,0
8,차룡8교(수위계),2011-06-21,0,0,0,0,0,0,0,0,0,0,0,0,0,0,0,0,0,0,0,0,0,0,0,0
8,차룡8교(수위계),2011-06-22,0,0,0,0,0,0,0,0,0,0,0,0,0,39,20,1,0,0,0,0,0,0,0,0
8,차룡8교(수위계),2011-06-23,0,0,0,0,0,0,0,0,0,0,0,0,0,0,0,0,0,0,0,0,0,0,0,0
8,차룡8교(수위계),2011-06-24,0,0,0,0,0,0,0,0,0,0,0,0,0,0,0,0,0,0,0,0,0,0,0,0
8,차룡8교(수위계),2011-06-25,0,0,0,31,75,38,41,3,0,0,0,0,0,0,0,0,0,0,4,35,27,36,31,10
8,차룡8교(수위계),2011-06-26,1,0,0,0,0,0,22,0,0,10,65,52,47,20,9,4,1,1,7,8,0,0,0,0
8,차룡8교(수위계),2011-06-27,0,0,0,0,0,0,0,0,0,0,0,0,0,0,0,0,0,0,0,0,0,0,0,0
8,차룡8교(수위계),2011-06-28,0,0,0,0,0,0,0,0,0,0,0,0,0,0,0,0,0,0,0,0,0,0,0,0
8,차룡8교(수위계),2011-06-29,0,0,0,0,0,0,0,0,0,0,0,0,0,0,0,0,0,0,0,0,0,0,0,0
8,차룡8교(수위계),2011-06-30,0,0,0,0,0,0,0,0,0,0,0,0,0,0,0,0,0,0,0,0,0,0,0,0
8,차룡8교(수위계),2011-07-01,0,0,0,0,0,0,0,0,0,0,0,0,0,0,0,0,0,0,0,0,0,0,0,0
8,차룡8교(수위계),2011-07-02,0,0,0,0,0,0,0,0,0,0,0,0,0,0,0,0,0,0,0,0,0,0,0,0
8,차룡8교(수위계),2011-07-03,0,0,0,0,0,0,0,0,0,0,0,0,0,0,0,0,0,0,0,0,0,0,0,0
8,차룡8교(수위계),2011-07-04,53,20,7,58,46,44,20,6,3,1,0,0,0,0,0,0,0,0,0,0,0,0,0,0
8,차룡8교(수위계),2011-07-05,0,0,0,0,0,0,0,0,0,0,0,0,0,0,0,0,0,0,0,0,0,0,0,0
8,차룡8교(수위계),2011-07-06,0,0,0,0,0,0,0,0,0,0,0,0,0,0,0,0,0,0,0,0,0,0,0,0
8,차룡8교(수위계),2011-07-07,0,0,0,0,0,0,0,0,0,0,31,1,0,0,0,0,0,0,0,0,0,0,0,0
8,차룡8교(수위계),2011-07-08,0,0,0,0,0,0,0,0,0,0,0,0,0,0,0,0,0,0,0,0,0,0,0,8
8,차룡8교(수위계),2011-07-09,4,38,28,20,0,0,0,0,0,31,28,18,53,157,143,117,99,113,104,104,141,131,88,64
8,차룡8교(수위계),2011-07-10,46,43,39,31,24,25,21,16,14,20,12,10,8,6,5,3,2,1,1,1,0,0,0,0
8,차룡8교(수위계),2011-07-11,0,0,0,0,0,0,0,0,0,0,0,0,0,0,0,0,0,0,0,0,0,0,0,0
8,차룡8교(수위계),2011-07-12,0,0,0,0,0,0,0,0,0,0,0,0,0,0,0,0,0,0,0,0,0,0,0,0
8,차룡8교(수위계),2011-07-13,0,0,0,0,0,0,0,0,0,0,0,0,11,1,0,0,0,0,0,0,0,0,0,0
8,차룡8교(수위계),2011-07-14,0,0,0,0,0,0,0,0,6,3,0,0,0,0,0,0,0,0,0,0,0,0,0,0
8,차룡8교(수위계),2011-07-15,0,0,0,0,0,0,0,0,0,14,3,0,0,0,0,0,0,0,0,0,0,0,0,0
8,차룡8교(수위계),2011-07-16,0,0,0,0,0,0,0,0,0,0,0,0,0,0,0,0,0,0,0,0,0,0,0,0
8,차룡8교(수위계),2011-07-17,0,0,0,0,0,0,0,0,0,0,0,0,0,0,0,0,0,0,0,0,0,0,0,0
8,차룡8교(수위계),2011-07-18,0,0,0,0,0,0,0,0,0,0,0,0,0,0,0,0,0,0,0,0,0,0,0,0
8,차룡8교(수위계),2011-07-19,0,0,0,0,0,0,0,0,0,0,0,0,0,0,0,0,0,0,0,0,0,0,0,0
8,차룡8교(수위계),2011-07-20,0,0,0,0,0,0,0,0,0,0,0,0,0,0,0,0,0,0,0,0,0,0,0,0
8,차룡8교(수위계),2011-07-21,0,0,0,0,0,0,0,0,0,0,0,0,0,0,0,0,0,0,0,0,0,0,0,0
8,차룡8교(수위계),2011-07-22,0,0,0,0,0,0,0,0,0,0,0,0,0,0,0,0,0,0,0,0,0,0,0,0
8,차룡8교(수위계),2011-07-23,0,0,0,0,0,0,0,0,0,0,0,0,0,0,0,0,0,0,0,0,0,0,0,0
8,차룡8교(수위계),2011-07-24,0,0,0,0,0,0,0,0,0,0,0,0,0,0,0,0,0,0,0,0,0,0,0,0
8,차룡8교(수위계),2011-07-25,0,0,0,0,0,0,0,0,0,0,0,0,0,0,0,0,0,0,0,0,0,0,0,0
8,차룡8교(수위계),2011-07-26,0,0,0,0,0,0,0,0,0,0,0,0,0,0,0,0,0,0,0,0,0,0,0,0
8,차룡8교(수위계),2011-07-27,0,0,0,107,12,17,16,4,3,3,3,3,3,3,3,3,3,3,3,3,3,3,3,3
8,차룡8교(수위계),2011-07-28,3,3,3,3,3,3,3,3,3,3,2,2,3,3,3,3,3,2,2,2,2,3,3,2
8,차룡8교(수위계),2011-07-29,2,2,2,2,2,2,2,2,2,2,2,2,2,2,2,2,2,2,2,2,2,2,2,2
8,차룡8교(수위계),2011-07-30,2,2,2,2,2,2,2,2,2,2,2,2,2,2,2,2,2,2,2,2,2,2,27,2
8,차룡8교(수위계),2011-07-31,2,2,2,2,2,2,2,2,2,2,2,2,2,2,2,2,2,2,2,2,2,2,2,2
8,차룡8교(수위계),2011-08-01,2,2,2,2,2,2,2,2,2,2,2,2,2,2,2,2,2,2,2,2,2,2,2,2
8,차룡8교(수위계),2011-08-02,2,5,2,2,1,2,1,3,2,1,3,8,3,2,0,2,1,1,1,1,1,1,1,1
8,차룡8교(수위계),2011-08-03,1,1,1,1,1,1,1,1,1,1,1,1,1,1,1,1,1,1,1,1,1,1,1,1
8,차룡8교(수위계),2011-08-04,1,1,1,1,1,1,1,1,1,1,1,1,1,1,1,1,1,1,1,1,1,1,1,1
8,차룡8교(수위계),2011-08-05,1,1,1,1,1,1,1,1,1,1,1,1,1,1,1,1,1,1,1,1,1,1,1,1
8,차룡8교(수위계),2011-08-06,1,1,1,1,1,1,1,1,1,1,1,1,1,1,1,1,1,1,1,1,1,1,1,1
8,차룡8교(수위계),2011-08-07,1,1,1,1,1,1,1,1,1,1,1,1,1,1,1,1,1,1,1,1,1,1,1,1
8,차룡8교(수위계),2011-08-08,1,1,45,144,30,11,7,5,11,14,9,4,3,2,2,2,2,1,1,1,1,1,1,1
8,차룡8교(수위계),2011-08-09,1,1,1,1,1,1,1,1,1,1,1,1,1,1,1,1,1,1,1,1,1,1,1,1
8,차룡8교(수위계),2011-08-10,1,1,1,1,1,1,1,1,1,1,1,1,1,1,1,1,1,1,1,1,1,1,1,1
8,차룡8교(수위계),2011-08-11,1,1,1,1,1,1,1,1,1,1,1,1,1,1,1,1,1,1,1,1,1,1,1,1
8,차룡8교(수위계),2011-08-12,1,1,1,1,1,1,1,1,1,1,1,1,1,1,1,1,1,1,1,1,1,10,1,1
8,차룡8교(수위계),2011-08-13,1,1,1,1,1,1,1,1,1,1,1,1,1,1,1,1,1,1,1,1,1,1,1,1
8,차룡8교(수위계),2011-08-14,1,1,1,0,0,0,0,0,1,1,0,1,1,1,1,1,0,0,1,1,1,1,0,0
8,차룡8교(수위계),2011-08-15,0,0,0,0,0,0,0,0,1,0,0,0,0,0,0,0,0,1,0,0,0,1,1,0
8,차룡8교(수위계),2011-08-16,0,0,0,0,0,0,0,0,1,1,0,0,0,1,1,1,1,0,0,1,1,1,1,1
8,차룡8교(수위계),2011-08-17,1,1,1,1,1,0,0,0,1,0,0,1,0,0,0,0,0,0,0,1,1,1,0,0
8,차룡8교(수위계),2011-08-18,0,0,0,0,0,0,0,0,0,0,0,0,0,0,0,0,0,0,0,0,0,0,0,0
8,차룡8교(수위계),2011-08-19,0,0,0,0,0,0,0,0,0,0,0,0,0,0,0,0,0,0,0,0,0,0,0,0
8,차룡8교(수위계),2011-08-20,0,0,0,0,0,0,0,2,1,1,1,1,1,1,1,1,1,1,1,1,1,1,1,1
8,차룡8교(수위계),2011-08-21,1,1,1,1,1,1,1,1,1,1,1,1,1,1,1,1,1,1,1,1,1,1,1,1
8,차룡8교(수위계),2011-08-22,1,1,1,1,1,1,1,1,1,1,1,1,1,1,1,1,1,1,1,1,1,1,1,1
8,차룡8교(수위계),2011-08-23,1,1,1,1,1,1,1,1,1,1,1,1,1,1,1,1,1,1,1,1,1,1,1,1
8,차룡8교(수위계),2011-08-24,1,1,1,1,1,1,1,1,1,1,1,1,1,1,1,1,1,1,1,1,1,1,1,1
8,차룡8교(수위계),2011-08-25,1,1,1,1,1,1,1,1,1,1,1,1,1,0,1,1,1,1,1,1,1,1,1,1
8,차룡8교(수위계),2011-08-26,1,1,1,1,1,1,1,1,1,1,1,1,1,1,1,1,1,1,1,1,1,1,1,1
8,차룡8교(수위계),2011-08-27,1,1,1,1,1,1,1,1,1,1,1,1,1,1,1,1,1,1,1,1,1,1,1,1
8,차룡8교(수위계),2011-08-28,1,1,1,1,1,1,1,1,1,1,1,1,1,1,1,1,1,1,1,1,1,1,1,1
8,차룡8교(수위계),2011-08-29,1,1,1,1,1,1,1,1,1,1,1,1,1,1,1,1,1,1,1,1,1,1,1,1
8,차룡8교(수위계),2011-08-30,1,1,1,1,1,1,1,1,1,1,1,1,1,1,1,1,1,1,1,1,1,1,1,1
8,차룡8교(수위계),2011-08-31,1,1,1,1,1,1,1,1,1,1,1,1,1,1,1,1,1,1,1,1,1,1,1,1
8,차룡8교(수위계),2011-09-01,1,1,1,1,1,1,1,1,1,1,1,1,1,1,1,1,1,1,1,1,1,1,1,1
8,차룡8교(수위계),2011-09-02,1,1,1,1,1,1,1,1,1,1,1,1,1,1,1,1,1,1,1,1,1,1,1,1
8,차룡8교(수위계),2011-09-03,1,1,1,1,1,1,1,1,1,1,1,1,1,1,1,1,1,1,1,1,1,1,1,1
8,차룡8교(수위계),2011-09-04,1,1,1,1,1,1,1,1,1,1,1,1,1,1,1,1,1,1,1,1,1,1,1,1
8,차룡8교(수위계),2011-09-05,1,1,1,1,1,1,1,1,1,1,1,1,1,1,1,1,1,1,1,1,1,1,1,1
8,차룡8교(수위계),2011-09-06,1,1,1,1,1,1,1,1,1,1,1,1,1,1,1,1,1,1,1,1,1,1,1,1
8,차룡8교(수위계),2011-09-07,1,1,10,1,1,1,1,1,1,1,1,1,1,1,1,1,1,1,1,1,1,1,1,1
8,차룡8교(수위계),2011-09-08,1,1,1,1,1,1,1,1,1,1,1,1,1,1,1,1,1,1,1,1,1,1,1,1
8,차룡8교(수위계),2011-09-09,1,1,1,1,1,1,1,1,0,1,1,1,1,1,1,1,1,1,1,1,1,1,1,1
8,차룡8교(수위계),2011-09-10,1,1,1,1,1,1,1,1,1,1,1,3,1,1,1,1,1,1,1,1,1,1,1,1
8,차룡8교(수위계),2011-09-11,1,1,1,1,1,1,1,1,1,1,1,1,1,1,1,1,1,1,1,1,1,1,1,1
8,차룡8교(수위계),2011-09-12,1,1,1,1,1,1,1,1,1,1,1,1,1,1,1,1,1,1,1,1,1,1,1,1
8,차룡8교(수위계),2011-09-13,1,1,1,1,1,1,1,1,1,1,1,1,1,1,1,1,1,1,1,1,1,1,1,1
8,차룡8교(수위계),2011-09-14,1,1,1,1,1,1,1,1,1,1,1,1,1,1,1,1,1,1,1,1,1,1,1,1
8,차룡8교(수위계),2011-09-15,1,1,1,1,1,1,1,1,1,1,1,1,1,1,1,1,1,1,1,1,1,1,1,1
8,차룡8교(수위계),2011-09-16,1,1,1,1,1,1,1,1,1,1,1,1,1,1,1,1,1,1,1,1,1,1,1,1
8,차룡8교(수위계),2011-09-17,1,1,1,1,1,1,1,1,1,1,1,1,1,1,1,1,1,1,1,1,1,1,1,1
8,차룡8교(수위계),2011-09-18,1,1,1,1,1,1,1,1,1,1,1,1,1,1,1,1,1,1,1,1,1,1,1,1
8,차룡8교(수위계),2011-09-19,1,1,1,1,1,1,1,1,1,1,1,1,1,1,1,1,1,1,1,1,1,1,1,1
8,차룡8교(수위계),2011-09-20,1,1,1,1,1,1,1,1,1,1,1,1,1,1,1,1,1,1,1,1,1,1,1,1
8,차룡8교(수위계),2011-09-21,1,1,1,1,1,1,1,1,1,1,1,1,1,1,1,1,1,1,1,1,1,1,1,1
8,차룡8교(수위계),2011-09-22,1,1,1,1,1,1,1,1,1,1,1,1,1,1,1,1,1,1,1,1,1,1,1,1
8,차룡8교(수위계),2011-09-23,1,1,1,0,0,1,1,1,1,1,1,1,1,1,1,1,1,1,1,1,1,1,1,1
8,차룡8교(수위계),2011-09-24,1,1,1,1,1,1,1,1,1,1,1,1,1,1,1,1,1,1,1,1,1,1,1,1
8,차룡8교(수위계),2011-09-25,1,1,1,1,1,1,1,1,1,1,1,1,1,1,1,1,1,1,1,1,1,1,1,1
8,차룡8교(수위계),2011-09-26,1,1,1,1,1,1,1,1,0,1,1,1,1,1,1,1,1,1,1,1,1,1,1,1
8,차룡8교(수위계),2011-09-27,1,1,1,1,1,1,1,1,1,1,1,1,1,1,1,1,1,1,1,1,1,1,1,1
8,차룡8교(수위계),2011-09-28,1,1,1,1,1,1,1,1,1,1,1,1,1,1,1,1,1,1,1,1,1,1,1,1
8,차룡8교(수위계),2011-09-29,1,1,1,1,1,1,1,1,1,1,1,1,1,1,1,1,1,1,1,1,1,1,1,1
8,차룡8교(수위계),2011-09-30,1,1,1,1,1,1,1,1,1,1,1,1,1,1,1,1,1,1,1,1,1,1,1,0
8,차룡8교(수위계),2011-10-01,1,1,1,1,1,1,1,1,1,1,1,1,1,1,1,1,1,1,1,1,1,1,1,1
8,차룡8교(수위계),2011-10-02,1,1,1,1,1,1,1,1,1,1,1,1,0,1,1,1,1,1,1,1,1,1,1,1
8,차룡8교(수위계),2011-10-03,1,1,1,1,1,1,0,0,1,1,1,1,1,1,1,1,1,1,1,1,1,1,1,1
8,차룡8교(수위계),2011-10-04,1,1,1,1,1,1,1,1,1,0,1,1,1,1,1,1,1,1,1,1,1,1,1,1
8,차룡8교(수위계),2011-10-05,1,1,1,1,1,1,1,1,1,1,1,1,1,1,1,1,1,1,1,1,1,1,1,1
8,차룡8교(수위계),2011-10-06,1,1,1,1,1,1,1,1,1,1,1,1,1,1,1,1,1,1,1,1,1,1,1,1
8,차룡8교(수위계),2011-10-07,1,1,1,1,1,1,1,1,1,1,0,1,1,1,1,1,1,1,1,1,1,1,1,1
8,차룡8교(수위계),2011-10-08,1,1,1,1,1,1,1,1,1,0,1,1,0,1,1,1,1,1,1,1,0,1,1,1
8,차룡8교(수위계),2011-10-09,1,0,0,1,1,1,1,1,1,0,1,1,0,1,1,1,1,1,1,1,1,1,1,1
8,차룡8교(수위계),2011-10-10,1,1,1,1,0,0,1,0,1,1,1,1,1,1,1,1,1,1,1,1,1,1,1,1
8,차룡8교(수위계),2011-10-11,1,1,1,1,1,1,1,1,1,1,1,1,1,1,1,1,1,1,1,1,1,1,0,1
8,차룡8교(수위계),2011-10-12,1,1,1,1,0,0,1,0,1,1,1,1,-47999,1,1,1,1,1,1,1,1,1,1,1
8,차룡8교(수위계),2011-10-13,1,1,1,1,1,1,1,1,1,0,1,0,1,1,1,1,1,1,1,1,1,1,1,1
8,차룡8교(수위계),2011-10-14,1,1,1,1,1,1,1,1,1,1,1,1,1,1,1,1,1,1,1,1,1,1,1,1
8,차룡8교(수위계),2011-10-15,1,1,1,1,1,1,1,1,1,1,1,1,1,1,1,1,1,1,1,1,1,1,1,1
8,차룡8교(수위계),2011-10-16,1,1,1,1,1,1,1,1,1,1,1,1,1,1,1,1,1,1,1,1,1,1,1,1
8,차룡8교(수위계),2011-10-17,1,1,1,1,1,1,1,1,1,1,1,1,1,1,1,1,1,1,1,1,1,1,1,1
8,차룡8교(수위계),2011-10-18,1,1,1,1,1,1,1,1,1,1,1,1,1,1,1,1,1,1,1,1,1,1,1,1
8,차룡8교(수위계),2011-10-19,1,1,1,1,1,1,1,1,1,1,1,1,1,1,1,1,1,1,1,1,1,1,1,1
8,차룡8교(수위계),2011-10-20,1,1,1,1,1,1,1,1,1,1,1,1,1,1,1,1,1,1,1,1,1,1,1,1
8,차룡8교(수위계),2011-10-21,1,1,1,1,1,1,1,1,1,1,1,1,1,1,1,1,1,4,6,3,1,1,1,1
8,차룡8교(수위계),2011-10-22,1,1,5,14,35,13,7,10,9,30,39,22,10,9,8,5,4,4,4,4,3,4,4,4
8,차룡8교(수위계),2011-10-23,4,3,3,3,3,3,3,3,3,3,3,3,3,3,3,3,3,3,3,3,3,3,3,3
8,차룡8교(수위계),2011-10-24,3,3,3,3,3,3,3,3,3,3,3,3,3,3,3,3,3,3,3,3,3,3,3,3
8,차룡8교(수위계),2011-10-25,3,3,3,3,3,3,3,3,3,3,3,3,3,3,3,3,3,3,3,3,3,3,30,3
8,차룡8교(수위계),2011-10-26,3,3,3,3,3,3,3,3,3,3,3,3,3,3,3,3,3,3,3,3,3,3,3,3
8,차룡8교(수위계),2011-10-27,3,3,3,3,3,3,3,3,3,3,3,3,3,3,3,3,3,3,3,3,3,3,3,3
8,차룡8교(수위계),2011-10-28,3,3,36,3,3,3,3,3,3,3,3,3,3,3,3,3,3,3,3,3,3,3,3,3
8,차룡8교(수위계),2011-10-29,3,3,3,3,3,3,3,3,3,3,3,3,3,3,3,3,3,3,3,3,3,3,3,3
8,차룡8교(수위계),2011-10-30,3,3,3,3,3,3,3,3,3,3,3,3,3,3,3,3,3,3,3,3,3,3,3,3
8,차룡8교(수위계),2011-10-31,3,3,3,3,3,3,3,3,3,3,3,3,3,3,3,3,3,3,3,3,3,3,3,3
8,차룡8교(수위계),2011-11-01,3,3,3,3,3,3,3,3,3,3,3,3,3,3,3,3,3,3,3,3,3,3,3,3
8,차룡8교(수위계),2011-11-02,3,3,3,3,3,3,3,3,3,3,3,3,3,3,3,3,3,3,3,3,3,3,3,3
8,차룡8교(수위계),2011-11-03,3,3,3,3,3,3,3,3,3,3,3,3,3,3,3,3,3,3,3,3,3,3,30,3
8,차룡8교(수위계),2011-11-04,3,3,3,3,3,3,3,3,3,3,3,3,3,3,3,3,3,3,3,3,3,3,3,3
8,차룡8교(수위계),2011-11-05,3,39,21,25,35,24,9,4,3,3,3,3,3,3,3,3,3,3,3,3,3,3,3,3
8,차룡8교(수위계),2011-11-06,3,3,3,3,3,3,3,3,3,3,3,3,3,3,3,3,3,3,3,3,3,3,3,3
8,차룡8교(수위계),2011-11-07,3,3,3,3,3,3,3,3,3,3,3,3,3,3,3,3,3,3,3,3,3,3,3,3
8,차룡8교(수위계),2011-11-08,3,3,3,3,3,3,3,3,3,3,3,3,3,3,3,3,3,3,3,3,3,3,3,3
8,차룡8교(수위계),2011-11-09,3,3,3,3,3,3,3,3,3,3,3,3,3,3,3,3,3,3,3,3,3,3,3,3
8,차룡8교(수위계),2011-11-10,3,3,3,3,3,3,3,3,3,3,3,3,3,3,3,2,3,3,3,3,3,3,3,3
8,차룡8교(수위계),2011-11-11,3,3,3,3,3,3,3,3,3,30,3,3,3,3,3,3,3,3,3,3,3,3,3,3
8,차룡8교(수위계),2011-11-12,3,3,3,3,3,3,3,3,3,3,3,3,3,3,3,3,3,3,3,3,3,3,3,3
8,차룡8교(수위계),2011-11-13,3,3,3,3,3,3,3,3,3,3,3,3,3,3,3,2,2,3,3,3,3,3,2,3
8,차룡8교(수위계),2011-11-14,3,3,3,3,3,3,3,3,3,3,3,3,3,2,3,3,2,3,2,3,2,2,2,3
8,차룡8교(수위계),2011-11-15,3,3,3,2,2,2,2,3,2,3,2,3,3,2,2,2,2,2,2,2,2,3,3,2
8,차룡8교(수위계),2011-11-16,2,2,3,3,3,3,3,3,2,3,3,3,2,3,2,2,2,2,3,2,3,3,2,2
8,차룡8교(수위계),2011-11-17,2,2,2,3,3,3,3,3,3,2,3,2,2,2,3,3,3,2,2,2,3,3,3,3
8,차룡8교(수위계),2011-11-18,3,3,3,3,3,3,3,30,3,3,3,3,3,3,3,3,3,3,3,3,7,22,67,21
8,차룡8교(수위계),2011-11-19,7,4,4,3,3,3,3,30,3,3,3,3,3,0,0,0,0,0,3,3,3,3,3,3
8,차룡8교(수위계),2011-11-20,3,3,3,3,3,3,3,3,3,3,3,3,3,3,3,3,3,3,3,3,3,3,3,3
8,차룡8교(수위계),2011-11-21,3,3,3,3,3,3,3,3,3,3,3,3,3,3,3,3,3,3,3,3,3,3,3,3
8,차룡8교(수위계),2011-11-22,3,3,3,3,3,3,3,3,3,3,3,3,3,3,3,3,3,3,3,3,3,3,3,3
8,차룡8교(수위계),2011-11-23,3,3,3,3,3,3,3,3,3,3,3,3,3,3,3,3,3,3,3,3,3,3,3,3
8,차룡8교(수위계),2011-11-24,3,3,3,3,3,3,3,3,3,3,3,3,3,3,3,3,3,3,3,3,3,3,3,3
8,차룡8교(수위계),2011-11-25,3,3,3,3,3,3,3,3,3,3,3,3,3,3,3,3,3,3,3,3,3,3,3,3
8,차룡8교(수위계),2011-11-26,3,3,3,3,3,3,3,3,3,3,3,3,3,3,3,3,3,3,3,3,3,3,3,3
8,차룡8교(수위계),2011-11-27,3,3,3,3,3,3,3,3,3,30,3,3,3,3,3,3,3,3,3,3,3,3,3,3
8,차룡8교(수위계),2011-11-28,3,3,3,3,3,3,3,3,3,3,3,3,3,3,3,3,3,3,3,3,3,3,3,3
8,차룡8교(수위계),2011-11-29,3,3,3,3,3,3,3,3,3,3,3,3,3,3,3,3,3,3,3,3,3,3,3,3
8,차룡8교(수위계),2011-11-30,3,3,3,3,3,3,3,3,3,3,3,3,3,3,3,3,3,3,3,3,3,3,3,0
8,차룡8교(수위계),2011-12-01,3,3,3,3,3,3,3,3,3,3,3,2,3,3,3,3,3,3,3,3,3,3,3,3
8,차룡8교(수위계),2011-12-02,3,3,3,3,3,3,3,3,3,3,3,3,3,3,3,3,3,3,3,3,3,3,3,3
8,차룡8교(수위계),2011-12-03,3,3,3,3,3,3,3,3,3,3,2,3,3,3,3,3,3,3,3,3,3,3,3,3
8,차룡8교(수위계),2011-12-04,3,3,3,3,3,3,3,3,3,3,3,3,3,3,3,3,3,3,3,3,3,3,3,3
8,차룡8교(수위계),2011-12-05,3,3,3,3,3,3,3,3,3,3,3,3,3,3,3,3,3,3,3,3,3,3,3,3
8,차룡8교(수위계),2011-12-06,3,3,3,3,3,3,3,3,3,3,3,3,3,3,3,3,3,3,3,3,3,3,3,3
8,차룡8교(수위계),2011-12-07,3,3,3,3,3,3,3,3,3,3,3,3,3,3,3,3,3,3,3,3,3,3,3,3
8,차룡8교(수위계),2011-12-08,3,3,3,3,3,3,3,3,3,3,3,3,3,3,3,3,3,3,3,3,3,3,3,3
8,차룡8교(수위계),2011-12-09,3,3,30,3,3,3,3,3,3,3,3,3,3,3,3,3,3,3,3,3,3,3,3,3
8,차룡8교(수위계),2011-12-10,3,3,3,3,3,3,3,3,3,3,3,3,3,3,3,3,3,3,3,3,3,3,3,3
8,차룡8교(수위계),2011-12-11,3,3,3,3,3,3,3,3,3,3,3,3,3,3,3,3,3,3,3,3,3,3,3,3
8,차룡8교(수위계),2011-12-12,3,3,3,3,3,3,3,3,3,3,3,3,3,3,3,3,3,3,3,3,3,3,3,3
8,차룡8교(수위계),2011-12-13,3,3,3,3,3,3,3,3,3,3,3,3,3,3,3,3,3,3,3,3,3,3,3,3
8,차룡8교(수위계),2011-12-14,3,3,3,3,3,3,3,3,3,3,3,3,3,3,3,3,3,3,3,3,3,3,3,3
8,차룡8교(수위계),2011-12-15,3,3,3,3,3,3,3,3,3,3,3,3,3,3,3,3,3,3,3,3,2,2,3,3
8,차룡8교(수위계),2011-12-16,3,3,3,3,3,3,3,3,3,3,3,3,3,3,3,2,3,3,2,2,3,3,3,3
8,차룡8교(수위계),2011-12-17,3,3,2,2,2,3,3,3,3,3,3,3,3,3,2,2,2,3,2,3,3,3,3,3
8,차룡8교(수위계),2011-12-18,3,3,2,2,2,2,2,2,3,3,3,3,3,3,3,3,2,3,3,3,3,3,2,3
8,차룡8교(수위계),2011-12-19,3,3,3,3,3,3,3,3,3,3,3,3,2,3,3,3,3,2,3,3,3,2,2,2
8,차룡8교(수위계),2011-12-20,3,3,30,3,3,3,3,3,3,3,3,3,3,3,3,2,3,3,2,2,3,3,3,3
8,차룡8교(수위계),2011-12-21,3,3,3,3,2,2,3,3,3,3,3,3,3,3,3,3,2,3,3,3,3,3,3,3
8,차룡8교(수위계),2011-12-22,3,2,3,3,3,3,3,3,3,0,0,0,0,0,3,2,3,3,2,2,3,3,3,3
8,차룡8교(수위계),2011-12-23,2,2,2,2,2,2,2,2,2,3,3,2,2,3,3,2,3,2,2,2,2,2,3,3
8,차룡8교(수위계),2011-12-24,3,3,2,2,2,2,3,3,2,3,2,3,3,2,2,2,3,3,2,2,2,3,3,3
8,차룡8교(수위계),2011-12-25,3,3,2,2,2,2,2,2,2,3,2,3,3,3,2,2,3,2,2,2,3,3,2,2
8,차룡8교(수위계),2011-12-26,2,2,2,3,3,2,2,2,3,3,2,2,2,3,3,2,3,2,2,2,2,2,3,3
8,차룡8교(수위계),2011-12-27,3,3,3,2,2,3,2,2,3,3,3,3,2,2,3,2,2,2,2,2,2,3,3,3
8,차룡8교(수위계),2011-12-28,3,3,3,2,2,2,2,2,2,2,3,2,2,3,2,2,2,2,2,3,2,2,2,3
8,차룡8교(수위계),2011-12-29,3,3,3,3,3,3,2,2,3,2,2,3,3,3,3,3,2,2,3,2,2,3,2,2
8,차룡8교(수위계),2011-12-30,3,3,3,3,2,2,2,2,3,2,3,2,3,3,2,3,2,3,2,3,3,2,2,3
8,차룡8교(수위계),2011-12-31,3,3,3,3,3,2,2,2,3,3,3,2,3,3,3,3,3,2,2,3,3,3,3,3
8,차룡8교(수위계),2012-01-01,3,2,3,3,3,3,3,3,3,2,3,2,3,3,3,3,3,2,3,3,2,3,3,3
8,차룡8교(수위계),2012-01-02,3,3,3,2,2,2,2,2,2,3,3,3,3,3,3,2,3,2,3,3,2,2,2,3
8,차룡8교(수위계),2012-01-03,3,3,3,3,3,3,3,3,3,3,3,3,3,3,2,3,2,2,2,3,3,3,2,2
8,차룡8교(수위계),2012-01-04,2,3,3,3,3,3,3,3,3,3,2,3,3,3,3,3,3,2,2,3,3,3,3,2
8,차룡8교(수위계),2012-01-05,2,2,2,2,2,2,2,2,2,3,2,3,3,2,3,3,2,3,2,2,3,3,3,3
8,차룡8교(수위계),2012-01-06,3,3,3,3,3,3,3,2,3,2,3,2,2,2,3,3,2,2,3,3,2,2,2,3
8,차룡8교(수위계),2012-01-07,3,3,2,2,2,2,2,2,2,3,3,2,3,3,2,2,2,2,3,2,2,3,3,2
8,차룡8교(수위계),2012-01-08,2,2,2,2,2,2,2,2,2,3,3,3,3,2,2,2,2,3,2,2,3,2,3,3
8,차룡8교(수위계),2012-01-09,2,2,2,2,2,2,2,2,2,3,3,2,3,3,2,2,2,3,2,3,2,2,2,2
8,차룡8교(수위계),2012-01-10,2,2,2,3,3,3,3,2,2,3,3,2,3,2,2,2,2,3,2,2,2,2,3,3
8,차룡8교(수위계),2012-01-11,3,3,3,2,2,2,2,2,2,3,3,3,3,2,2,2,2,2,2,2,2,2,3,2
8,차룡8교(수위계),2012-01-12,2,2,2,2,2,2,2,2,2,2,2,2,3,2,2,2,2,3,2,2,2,2,2,2
8,차룡8교(수위계),2012-01-13,2,2,3,2,2,2,2,3,3,2,3,2,2,3,3,3,3,2,2,3,3,3,3,3
8,차룡8교(수위계),2012-01-14,3,2,2,2,3,3,3,2,2,2,3,2,3,3,2,2,2,3,2,3,2,2,2,2
8,차룡8교(수위계),2012-01-15,2,2,2,2,2,2,2,2,2,3,3,2,2,2,3,3,3,2,2,2,3,2,2,2
8,차룡8교(수위계),2012-01-16,2,2,2,2,2,2,2,2,2,3,2,2,2,3,3,3,3,3,3,3,2,2,2,2
8,차룡8교(수위계),2012-01-17,2,3,3,3,3,3,3,3,3,3,3,3,3,3,3,3,3,3,3,3,3,3,3,3
8,차룡8교(수위계),2012-01-18,3,3,3,3,3,3,3,3,3,3,3,3,3,3,3,3,3,3,3,3,3,3,3,3
8,차룡8교(수위계),2012-01-19,3,3,3,3,3,3,3,3,3,3,3,3,3,3,3,3,3,3,3,3,3,3,3,3
8,차룡8교(수위계),2012-01-20,3,3,3,3,3,3,3,3,3,3,3,3,3,3,3,3,3,3,3,3,3,3,3,3
8,차룡8교(수위계),2012-01-21,3,3,3,3,3,3,3,3,3,3,3,3,3,3,3,3,3,3,3,3,3,3,3,3
8,차룡8교(수위계),2012-01-22,3,3,3,3,3,3,3,3,3,3,3,3,3,3,3,3,3,3,3,3,2,2,3,3
8,차룡8교(수위계),2012-01-23,3,3,3,2,2,3,3,3,3,2,3,3,2,2,3,3,2,3,3,3,2,2,2,2
8,차룡8교(수위계),2012-01-24,3,3,3,2,2,2,2,2,3,2,3,2,3,3,3,3,3,2,2,3,3,3,2,2
8,차룡8교(수위계),2012-01-25,3,3,2,2,2,2,2,2,3,2,2,2,2,2,3,3,2,2,3,3,3,2,2,2
8,차룡8교(수위계),2012-01-26,3,2,2,2,2,3,3,3,2,2,2,3,2,2,2,2,3,2,3,2,2,2,2,2
8,차룡8교(수위계),2012-01-27,2,3,3,3,3,2,2,3,3,3,2,3,2,2,3,3,3,2,3,2,2,2,3,3
8,차룡8교(수위계),2012-01-28,3,2,2,2,2,2,2,2,2,3,2,3,2,3,3,2,2,2,3,2,2,3,2,2
8,차룡8교(수위계),2012-01-29,2,2,2,2,2,2,2,2,3,2,3,2,3,2,2,2,2,2,2,2,2,2,2,2
8,차룡8교(수위계),2012-01-30,2,2,2,2,2,2,2,2,2,2,2,2,2,2,2,2,2,2,2,2,2,2,2,2
8,차룡8교(수위계),2012-01-31,2,2,2,2,2,2,2,2,2,2,2,2,2,2,2,2,2,2,2,2,2,2,2,2
8,차룡8교(수위계),2012-02-01,2,2,2,2,2,2,2,2,2,2,2,3,2,2,2,2,2,2,2,2,2,2,2,2
8,차룡8교(수위계),2012-02-02,2,2,2,2,2,2,2,2,2,2,2,2,2,2,2,2,2,2,2,2,2,2,2,2
8,차룡8교(수위계),2012-02-03,2,2,2,2,2,2,2,2,2,2,2,2,2,3,2,2,2,2,2,2,2,2,2,2
8,차룡8교(수위계),2012-02-04,2,2,2,2,2,2,2,2,2,2,2,2,2,2,2,2,2,2,2,2,2,2,2,2
8,차룡8교(수위계),2012-02-05,2,2,2,2,2,2,2,2,2,2,2,2,2,2,2,2,2,2,2,2,2,2,2,2
8,차룡8교(수위계),2012-02-06,2,2,2,2,2,2,2,2,2,2,2,2,2,2,2,2,2,2,2,2,2,2,2,2
8,차룡8교(수위계),2012-02-07,2,2,2,2,2,2,2,2,3,3,3,3,2,2,2,2,2,2,2,2,2,2,2,2
8,차룡8교(수위계),2012-02-08,2,2,2,2,2,2,2,2,2,2,2,2,2,2,2,2,2,2,2,2,2,2,2,2
8,차룡8교(수위계),2012-02-09,2,2,2,2,2,2,2,2,2,2,2,2,2,2,2,2,2,2,2,2,2,2,2,2
8,차룡8교(수위계),2012-02-10,2,2,2,2,2,2,2,2,2,2,2,2,2,2,2,2,2,2,2,2,2,2,2,2
8,차룡8교(수위계),2012-02-11,2,2,2,2,2,2,2,2,2,2,2,2,2,2,2,2,2,2,2,2,2,2,2,2
8,차룡8교(수위계),2012-02-12,2,2,2,2,2,2,2,2,2,2,2,2,2,2,2,2,2,2,2,2,2,2,2,2
8,차룡8교(수위계),2012-02-13,2,2,2,2,2,2,2,2,2,2,2,2,2,2,2,2,2,2,2,2,2,2,2,2
8,차룡8교(수위계),2012-02-14,2,2,2,2,2,2,2,2,2,2,2,2,2,2,3,2,2,2,2,3,2,2,2,2
8,차룡8교(수위계),2012-02-15,2,2,3,3,2,2,2,2,2,2,3,2,2,2,2,2,2,2,2,2,2,2,2,2
8,차룡8교(수위계),2012-02-16,2,2,2,2,2,2,2,2,2,2,2,2,2,2,2,2,2,2,2,2,2,2,2,2
8,차룡8교(수위계),2012-02-17,2,2,2,2,2,2,2,2,2,2,2,2,2,2,2,2,2,2,2,2,2,2,2,2
8,차룡8교(수위계),2012-02-18,2,2,2,2,2,2,2,2,2,2,2,2,2,2,2,2,2,2,2,2,2,2,2,2
8,차룡8교(수위계),2012-02-19,2,2,2,2,2,2,2,2,2,2,2,2,2,2,2,2,2,2,2,2,2,2,2,2
8,차룡8교(수위계),2012-02-20,2,2,2,2,2,2,2,2,2,2,2,2,2,2,2,2,2,2,2,2,2,2,2,2
8,차룡8교(수위계),2012-02-21,2,2,2,2,2,2,2,2,2,2,2,2,2,2,2,2,2,2,2,2,2,2,2,2
8,차룡8교(수위계),2012-02-22,2,2,2,2,2,2,2,2,2,2,2,2,2,2,2,2,2,2,2,2,2,2,3,3
8,차룡8교(수위계),2012-02-23,2,2,2,2,2,2,2,3,2,3,2,2,3,3,2,2,2,3,2,3,2,2,2,2
8,차룡8교(수위계),2012-02-24,2,2,2,2,2,2,2,2,2,3,2,2,2,2,2,2,2,2,2,2,2,2,2,2
8,차룡8교(수위계),2012-02-25,2,2,2,2,2,2,2,2,2,3,2,2,2,2,2,2,2,2,2,2,2,2,2,2
8,차룡8교(수위계),2012-02-26,2,2,2,2,2,2,2,2,2,2,2,2,2,2,2,2,2,2,2,2,2,2,2,2
8,차룡8교(수위계),2012-02-27,2,2,2,2,2,2,2,2,2,2,2,2,2,2,2,2,2,2,2,2,2,2,2,2
8,차룡8교(수위계),2012-02-28,2,2,2,2,2,2,2,2,2,2,2,2,2,2,2,2,2,2,2,2,2,2,2,2
8,차룡8교(수위계),2012-02-29,2,2,2,2,2,2,3,3,2,2,2,2,2,2,3,2,3,2,2,3,2,3,2,0
8,차룡8교(수위계),2012-03-01,2,2,2,2,2,2,3,3,2,2,2,2,3,2,2,3,2,3,2,3,2,2,2,2
8,차룡8교(수위계),2012-03-02,2,2,2,2,2,2,2,2,2,2,2,2,3,3,2,2,2,2,2,2,2,2,3,3
8,차룡8교(수위계),2012-03-03,3,3,3,3,3,3,3,3,2,2,3,3,2,2,2,2,3,2,2,2,2,3,3,3
8,차룡8교(수위계),2012-03-04,2,2,2,2,2,2,2,3,3,3,2,2,2,2,2,2,2,2,3,3,3,3,3,2
8,차룡8교(수위계),2012-03-05,2,2,2,2,2,2,2,2,3,3,2,2,2,2,2,2,2,2,2,3,3,3,3,3
8,차룡8교(수위계),2012-03-06,3,3,3,3,3,3,3,3,3,2,2,2,2,3,2,2,2,2,3,2,3,3,2,2
8,차룡8교(수위계),2012-03-07,2,2,3,3,2,2,2,3,2,2,3,2,2,2,2,2,2,2,3,3,2,2,3,2
8,차룡8교(수위계),2012-03-08,2,2,2,3,3,3,3,2,2,3,2,2,2,2,3,3,3,2,2,2,2,2,3,3
8,차룡8교(수위계),2012-03-09,3,3,2,2,2,2,2,2,2,2,2,2,2,3,2,2,3,2,3,3,2,2,2,2
8,차룡8교(수위계),2012-03-10,3,3,3,3,3,3,2,2,3,2,2,2,2,2,2,2,2,3,3,2,2,3,3,2
8,차룡8교(수위계),2012-03-11,2,2,2,2,2,2,3,3,2,2,2,3,2,2,2,2,2,2,2,2,2,2,2,2
8,차룡8교(수위계),2012-03-12,2,2,2,2,2,2,2,2,2,2,2,2,2,2,2,2,2,2,2,2,2,2,2,2
8,차룡8교(수위계),2012-03-13,2,2,2,2,2,2,2,2,2,2,2,2,2,2,2,2,2,2,2,2,2,2,2,2
8,차룡8교(수위계),2012-03-14,2,2,2,2,2,2,2,2,2,2,2,2,2,2,2,2,2,2,2,2,2,2,2,2
8,차룡8교(수위계),2012-03-15,2,2,2,2,2,2,2,2,2,2,2,2,2,2,2,2,2,2,2,2,2,2,2,2
8,차룡8교(수위계),2012-03-16,2,2,2,2,2,2,2,2,2,2,2,2,2,2,2,2,2,2,2,2,2,2,2,2
8,차룡8교(수위계),2012-03-17,2,2,2,2,2,2,2,2,3,2,2,2,2,3,2,2,2,2,3,2,2,2,2,2
8,차룡8교(수위계),2012-03-18,2,3,3,3,3,3,3,3,3,2,2,2,2,2,3,3,3,3,2,3,2,3,3,2
8,차룡8교(수위계),2012-03-19,2,3,3,2,2,2,2,2,3,2,3,2,2,2,3,2,3,2,3,2,2,2,3,2
8,차룡8교(수위계),2012-03-20,2,2,2,2,2,2,2,3,2,2,2,3,2,2,2,2,2,2,2,2,2,2,2,2
8,차룡8교(수위계),2012-03-21,2,2,2,2,2,2,2,2,2,2,2,2,2,2,2,2,2,2,2,2,2,2,2,2
8,차룡8교(수위계),2012-03-22,2,2,2,2,2,2,2,2,2,2,2,2,2,2,2,2,2,2,2,2,2,2,2,2
8,차룡8교(수위계),2012-03-23,2,2,2,2,2,2,2,2,2,2,2,2,2,2,2,2,2,2,2,2,2,2,2,2
8,차룡8교(수위계),2012-03-24,3,2,2,2,2,2,2,2,3,3,2,3,3,2,2,2,2,3,2,2,3,2,2,2
8,차룡8교(수위계),2012-03-25,2,2,2,2,2,2,2,2,2,2,2,2,2,2,2,2,2,2,2,2,2,2,2,2
8,차룡8교(수위계),2012-03-26,2,2,2,2,2,2,2,2,2,2,2,2,2,2,2,2,2,2,2,2,2,2,2,2
8,차룡8교(수위계),2012-03-27,2,2,2,2,2,2,2,2,2,2,2,2,2,2,2,2,2,2,2,2,2,2,2,2
8,차룡8교(수위계),2012-03-28,2,2,2,2,2,2,2,2,2,2,2,2,2,2,2,2,2,2,2,2,2,2,2,2
8,차룡8교(수위계),2012-03-29,2,2,2,2,2,2,2,2,2,2,2,2,2,2,2,2,2,2,2,2,2,2,2,2
8,차룡8교(수위계),2012-03-30,2,2,2,2,2,3,3,3,3,3,3,2,2,2,13,6,6,4,3,3,2,2,2,2
8,차룡8교(수위계),2012-03-31,2,2,3,2,2,3,3,2,2,3,2,2,3,3,2,3,3,3,2,3,3,2,2,3
8,차룡8교(수위계),2012-04-01,3,2,2,2,2,2,3,2,3,2,2,3,2,3,2,2,2,2,2,3,2,2,2,2
8,차룡8교(수위계),2012-04-02,2,2,2,2,2,2,2,2,2,2,3,2,2,2,2,2,2,3,3,3,3,3,3,3
8,차룡8교(수위계),2012-04-03,3,16,28,15,5,7,8,4,3,2,2,2,2,2,2,2,2,2,2,2,2,2,2,2
8,차룡8교(수위계),2012-04-04,2,2,2,2,2,2,2,2,2,2,2,2,2,2,2,2,2,2,2,2,2,2,2,2
8,차룡8교(수위계),2012-04-05,2,2,2,2,2,2,2,2,2,2,2,2,2,2,2,2,2,2,2,2,2,2,2,2
8,차룡8교(수위계),2012-04-06,2,2,2,2,2,2,2,2,2,2,2,2,2,2,2,2,2,2,2,2,2,2,2,2
8,차룡8교(수위계),2012-04-07,2,2,2,2,2,2,2,2,2,2,2,2,2,2,2,2,2,2,2,2,2,2,2,2
8,차룡8교(수위계),2012-04-08,2,2,2,2,2,2,2,2,2,2,2,2,2,2,2,2,2,2,2,2,2,2,2,2
8,차룡8교(수위계),2012-04-09,2,2,2,2,2,2,2,2,2,2,2,2,2,2,2,2,2,2,2,2,2,2,2,2
8,차룡8교(수위계),2012-04-10,2,2,2,2,2,2,2,1,2,2,2,1,2,2,2,2,2,2,2,2,2,2,2,2
8,차룡8교(수위계),2012-04-11,2,2,2,2,2,2,2,2,2,1,1,2,1,2,1,2,2,2,2,2,2,2,2,2
8,차룡8교(수위계),2012-04-12,1,2,2,2,1,1,1,2,1,2,2,2,2,2,2,2,2,2,2,2,2,2,2,2
8,차룡8교(수위계),2012-04-13,2,2,2,2,2,2,2,2,2,2,2,2,2,2,2,2,2,2,2,2,2,2,2,2
8,차룡8교(수위계),2012-04-14,2,2,2,2,2,1,1,2,1,1,2,2,2,2,2,2,2,2,2,2,2,2,2,2
8,차룡8교(수위계),2012-04-15,2,2,2,2,2,2,2,2,2,1,2,2,2,2,2,2,2,2,2,2,2,2,2,2
8,차룡8교(수위계),2012-04-16,2,2,2,2,2,2,2,2,2,2,2,2,2,2,2,2,2,2,2,2,2,2,2,2
8,차룡8교(수위계),2012-04-17,2,2,2,2,2,2,2,2,2,2,2,2,2,2,2,2,2,2,2,2,2,2,2,2
8,차룡8교(수위계),2012-04-18,2,2,2,2,2,2,1,2,1,1,2,2,2,2,2,2,2,2,2,2,2,2,2,2
8,차룡8교(수위계),2012-04-19,2,2,2,2,2,2,2,2,2,2,2,2,2,2,2,2,2,2,2,2,2,2,2,2
8,차룡8교(수위계),2012-04-20,1,1,1,1,1,1,1,1,1,1,2,1,1,1,2,2,2,2,2,1,2,2,2,2
8,차룡8교(수위계),2012-04-21,2,2,2,2,2,2,1,1,1,10,23,22,19,25,17,21,26,30,38,49,53,47,43,29
8,차룡8교(수위계),2012-04-22,28,33,27,14,9,8,7,5,4,4,4,3,3,3,3,3,3,3,3,3,3,3,3,3
8,차룡8교(수위계),2012-04-23,3,3,3,3,3,3,3,3,3,3,3,3,3,3,3,3,3,3,3,3,3,3,3,3
8,차룡8교(수위계),2012-04-24,3,3,3,3,3,3,3,3,3,3,3,3,3,3,3,3,3,3,3,3,3,3,3,3
8,차룡8교(수위계),2012-04-25,3,3,3,3,3,3,3,3,3,3,3,11,52,20,9,8,8,5,3,2,2,1,1,1
8,차룡8교(수위계),2012-04-26,1,1,1,1,1,1,1,1,1,1,1,1,1,1,1,1,1,1,1,1,1,1,1,1
8,차룡8교(수위계),2012-04-27,1,1,1,1,1,1,1,1,1,1,1,1,1,1,1,1,1,1,1,1,1,1,1,1
8,차룡8교(수위계),2012-04-28,1,1,1,1,1,1,1,1,1,1,1,1,1,1,1,1,1,1,1,1,1,1,1,1
8,차룡8교(수위계),2012-04-29,1,1,1,1,1,1,1,1,1,1,1,1,1,1,1,1,1,1,1,1,1,1,1,1
8,차룡8교(수위계),2012-04-30,1,1,1,1,1,1,1,1,1,1,1,1,1,1,1,1,1,1,1,1,1,1,1,0
8,차룡8교(수위계),2012-05-01,1,1,1,1,1,1,1,1,1,1,1,1,1,1,1,1,1,1,1,1,1,1,1,1
8,차룡8교(수위계),2012-05-02,1,1,1,1,1,1,1,1,1,1,1,1,1,1,1,1,1,1,1,1,1,1,1,1
8,차룡8교(수위계),2012-05-03,1,1,1,1,1,1,1,1,1,1,1,1,1,1,1,1,1,1,1,1,1,1,1,1
8,차룡8교(수위계),2012-05-04,1,1,1,1,1,1,1,1,1,1,1,1,1,1,1,1,1,1,1,1,1,1,1,1
8,차룡8교(수위계),2012-05-05,1,1,1,1,1,1,1,1,1,1,1,1,1,1,1,1,1,1,1,1,1,1,1,1
8,차룡8교(수위계),2012-05-06,1,1,1,1,1,1,1,1,1,1,1,1,1,1,1,1,1,1,1,1,1,1,1,1
8,차룡8교(수위계),2012-05-07,1,1,1,1,1,1,1,1,1,1,1,1,1,1,1,1,1,1,1,1,1,1,1,1
8,차룡8교(수위계),2012-05-08,1,1,1,1,1,1,1,1,1,1,1,1,1,1,1,1,1,1,1,1,1,1,1,1
8,차룡8교(수위계),2012-05-09,1,1,1,1,1,1,1,1,1,1,1,1,1,1,1,1,1,1,1,1,1,1,1,1
8,차룡8교(수위계),2012-05-10,1,1,1,1,1,1,1,1,1,1,1,1,1,1,1,1,1,1,1,1,1,1,1,1
8,차룡8교(수위계),2012-05-11,1,1,1,1,1,1,1,1,1,1,1,1,1,1,1,1,1,1,1,1,1,1,1,1
8,차룡8교(수위계),2012-05-12,1,1,1,1,1,1,1,1,1,1,1,1,1,1,1,1,1,1,1,1,1,1,1,1
8,차룡8교(수위계),2012-05-13,1,1,1,1,1,1,1,1,1,1,1,1,1,1,1,1,1,1,1,1,1,1,1,1
8,차룡8교(수위계),2012-05-14,1,1,1,1,1,1,1,1,1,1,1,1,1,1,1,1,1,1,1,1,1,1,1,1
8,차룡8교(수위계),2012-05-15,1,1,1,1,1,1,1,1,1,1,1,1,1,1,1,1,1,1,1,1,1,1,1,1
8,차룡8교(수위계),2012-05-16,1,1,1,1,1,1,1,1,1,1,1,1,1,1,1,1,1,1,1,1,1,1,1,1
8,차룡8교(수위계),2012-05-17,1,1,1,1,1,1,1,1,1,1,1,1,1,1,1,1,1,1,1,1,1,1,1,1
8,차룡8교(수위계),2012-05-18,1,1,1,1,1,1,1,1,1,1,1,1,1,1,1,1,1,1,1,1,1,1,1,1
8,차룡8교(수위계),2012-05-19,1,1,1,1,1,1,1,1,1,1,1,1,1,1,1,1,1,1,1,1,1,1,1,1
8,차룡8교(수위계),2012-05-20,1,1,1,1,1,1,1,1,1,1,1,1,1,1,1,1,1,1,1,1,1,1,1,1
8,차룡8교(수위계),2012-05-21,1,1,1,1,1,1,1,1,1,1,1,1,1,1,1,1,1,1,1,1,1,1,1,1
8,차룡8교(수위계),2012-05-22,1,1,1,1,1,1,1,1,1,1,1,1,1,1,1,1,1,1,1,1,1,1,1,1
8,차룡8교(수위계),2012-05-23,1,1,1,1,1,1,1,1,1,1,1,1,1,1,1,1,1,1,1,0,0,1,1,1
8,차룡8교(수위계),2012-05-24,1,1,1,1,1,1,1,1,1,1,1,1,1,1,1,1,1,1,1,1,1,1,1,1
8,차룡8교(수위계),2012-05-25,1,1,1,1,1,1,1,1,1,1,1,1,1,1,1,1,1,1,1,1,1,1,1,1
8,차룡8교(수위계),2012-05-26,1,1,1,1,1,1,1,1,1,1,1,1,1,1,1,1,1,1,1,1,1,1,1,1
8,차룡8교(수위계),2012-05-27,1,1,1,1,1,1,1,1,1,1,1,1,1,1,1,1,1,1,1,1,1,1,1,1
8,차룡8교(수위계),2012-05-28,1,1,1,1,1,1,1,1,1,1,1,1,1,1,1,1,1,1,1,1,1,1,1,1
8,차룡8교(수위계),2012-05-29,1,1,1,1,1,1,1,1,1,1,1,1,1,1,1,1,1,1,1,1,1,1,1,1
8,차룡8교(수위계),2012-05-30,1,1,1,1,1,1,1,1,1,1,1,1,1,1,1,1,1,1,1,1,1,1,1,1
8,차룡8교(수위계),2012-05-31,1,1,1,1,1,1,1,1,1,1,1,1,1,1,1,1,1,1,1,1,1,1,1,1
8,차룡8교(수위계),2012-06-01,1,1,1,1,1,1,1,1,1,1,1,1,1,1,1,1,1,1,1,1,1,1,1,1
8,차룡8교(수위계),2012-06-02,1,1,1,1,1,1,1,1,1,1,1,1,1,1,1,1,1,1,1,1,1,1,1,1
8,차룡8교(수위계),2012-06-03,1,1,1,1,1,1,1,1,1,1,1,1,1,1,1,1,1,1,1,1,1,1,1,0
8,차룡8교(수위계),2012-06-04,0,0,0,0,0,0,0,1,1,1,1,1,1,1,1,1,1,1,1,1,1,1,1,1
8,차룡8교(수위계),2012-06-05,1,1,1,1,1,1,1,1,1,1,1,1,1,1,1,1,1,1,1,1,1,1,1,1
8,차룡8교(수위계),2012-06-06,1,1,1,1,1,1,1,1,1,1,1,1,1,1,1,1,1,1,1,1,1,1,1,1
8,차룡8교(수위계),2012-06-07,1,1,1,1,1,1,1,1,1,1,1,1,1,1,1,1,1,1,1,1,1,1,1,1
8,차룡8교(수위계),2012-06-08,1,1,1,1,1,1,1,1,1,1,1,1,1,1,1,1,1,1,1,1,1,1,1,1
8,차룡8교(수위계),2012-06-09,1,1,1,1,1,1,1,1,1,1,1,1,1,1,1,1,1,1,1,1,1,1,1,1
8,차룡8교(수위계),2012-06-10,1,1,1,1,1,1,1,1,1,1,1,1,1,1,1,1,1,1,1,1,1,1,1,1
8,차룡8교(수위계),2012-06-11,1,1,1,1,1,1,1,1,1,1,1,1,1,1,1,1,1,1,1,1,1,1,1,1
8,차룡8교(수위계),2012-06-12,1,1,1,1,1,1,1,1,1,1,1,1,1,1,1,1,1,1,1,1,1,1,1,1
8,차룡8교(수위계),2012-06-13,1,1,1,1,1,1,1,1,1,1,1,1,1,1,1,1,1,1,1,1,1,1,1,1
8,차룡8교(수위계),2012-06-14,1,1,1,1,1,1,1,1,1,1,1,1,1,1,1,1,1,1,1,1,1,1,1,1
8,차룡8교(수위계),2012-06-15,1,1,1,1,1,1,1,1,1,1,1,1,1,1,1,1,1,1,1,1,1,1,1,1
8,차룡8교(수위계),2012-06-16,1,1,1,1,1,1,1,1,1,1,1,1,1,1,1,1,1,1,1,1,1,1,1,1
8,차룡8교(수위계),2012-06-17,1,1,1,1,1,1,1,1,1,1,1,1,1,1,1,1,1,1,1,1,1,1,1,1
8,차룡8교(수위계),2012-06-18,1,1,1,1,1,1,1,1,1,1,1,1,1,1,1,1,1,1,1,1,1,1,1,1
8,차룡8교(수위계),2012-06-19,1,1,1,12,5,1,1,1,1,1,1,1,1,1,1,1,1,1,1,1,1,1,1,1
8,차룡8교(수위계),2012-06-20,1,1,1,1,1,1,1,1,1,1,1,1,1,1,1,1,1,1,1,1,1,1,1,1
8,차룡8교(수위계),2012-06-21,1,1,1,1,1,1,1,1,1,1,1,1,1,1,1,1,1,1,1,1,1,1,1,1
8,차룡8교(수위계),2012-06-22,1,1,1,1,1,1,1,1,1,1,1,1,1,1,1,1,1,1,1,1,1,1,1,1
8,차룡8교(수위계),2012-06-23,1,1,1,1,1,1,1,1,1,1,1,1,1,1,1,1,1,1,1,1,1,1,1,1
8,차룡8교(수위계),2012-06-24,1,1,1,1,1,1,1,1,1,1,1,1,1,1,1,1,1,1,1,1,1,1,1,1
8,차룡8교(수위계),2012-06-25,1,1,1,1,1,1,1,1,1,1,1,1,1,1,1,1,1,1,1,1,1,1,1,1
8,차룡8교(수위계),2012-06-26,1,1,1,1,1,1,1,1,1,1,1,1,1,1,1,1,1,1,1,1,1,1,1,1
8,차룡8교(수위계),2012-06-27,1,1,1,1,1,1,1,1,1,1,1,1,1,1,1,1,1,1,1,1,1,1,1,1
8,차룡8교(수위계),2012-06-28,1,1,1,1,1,1,1,1,1,1,0,1,1,1,1,1,1,1,1,1,1,1,1,1
8,차룡8교(수위계),2012-06-29,1,1,1,1,1,1,1,1,1,1,1,1,1,0,0,1,1,1,1,1,1,1,1,1
8,차룡8교(수위계),2012-06-30,1,1,1,11,14,5,3,3,3,3,3,3,3,3,3,3,3,3,3,3,3,3,3,0
8,차룡8교(수위계),2012-07-01,3,3,3,3,3,3,3,3,3,3,3,3,3,3,3,3,3,3,3,3,3,3,3,3
8,차룡8교(수위계),2012-07-02,3,3,3,3,3,3,3,3,3,3,3,3,3,3,3,3,3,3,3,3,3,3,3,3
8,차룡8교(수위계),2012-07-03,3,3,3,3,3,3,3,3,3,3,3,3,3,3,3,3,3,3,3,3,3,3,3,3
8,차룡8교(수위계),2012-07-04,3,3,3,3,3,3,3,3,3,3,3,3,3,3,3,3,3,3,3,3,3,3,3,3
8,차룡8교(수위계),2012-07-05,3,3,3,3,3,3,3,3,3,8,21,14,5,3,3,3,3,3,3,2,2,2,2,2
8,차룡8교(수위계),2012-07-06,2,2,2,2,2,2,2,2,2,3,2,2,2,2,2,3,3,2,2,2,2,2,2,2
8,차룡8교(수위계),2012-07-07,2,2,2,2,2,2,2,2,2,2,2,2,2,2,2,2,2,2,2,2,2,2,2,2
8,차룡8교(수위계),2012-07-08,2,2,2,2,2,2,2,2,2,2,2,2,2,2,2,2,2,2,2,2,2,2,2,2
8,차룡8교(수위계),2012-07-09,2,2,2,2,2,2,2,2,2,2,2,2,2,2,2,2,2,2,2,2,2,2,2,2
8,차룡8교(수위계),2012-07-10,2,2,2,2,2,2,2,2,2,2,2,2,2,2,2,2,2,2,2,2,2,2,2,2
8,차룡8교(수위계),2012-07-11,2,2,2,2,2,2,51,153,71,56,20,10,7,14,71,81,30,15,10,11,11,8,6,5
8,차룡8교(수위계),2012-07-12,3,3,3,3,3,3,3,3,3,3,3,3,3,3,3,3,3,3,3,3,3,3,3,2
8,차룡8교(수위계),2012-07-13,2,2,2,2,73,29,11,6,4,2,2,2,2,2,1,1,1,1,1,1,1,1,1,1
8,차룡8교(수위계),2012-07-14,1,1,1,1,2,2,1,1,1,1,1,1,1,1,1,1,1,1,37,12,7,5,4,130
8,차룡8교(수위계),2012-07-15,110,57,31,25,21,19,19,23,18,24,42,29,16,13,10,8,7,6,5,4,4,4,3,3
8,차룡8교(수위계),2012-07-16,3,3,3,3,3,3,3,3,3,3,3,3,3,3,3,3,3,3,3,3,3,3,3,3
8,차룡8교(수위계),2012-07-17,3,3,3,3,3,3,3,3,3,3,3,3,3,3,3,3,3,3,3,3,3,3,3,3
8,차룡8교(수위계),2012-07-18,3,3,3,3,3,3,3,3,3,3,3,3,3,3,3,3,3,3,11,82,19,9,5,4
8,차룡8교(수위계),2012-07-19,3,3,3,3,2,2,2,2,3,3,3,2,2,2,2,2,2,2,2,2,2,2,1,1
8,차룡8교(수위계),2012-07-20,1,1,1,1,1,1,1,1,2,1,2,2,1,1,2,2,1,2,2,1,2,2,2,1
8,차룡8교(수위계),2012-07-21,1,1,1,1,2,2,1,1,2,1,2,2,1,1,2,2,2,2,1,2,2,1,1,1
8,차룡8교(수위계),2012-07-22,1,1,1,1,1,1,1,1,1,2,2,1,1,1,2,2,1,2,1,1,2,2,1,1
8,차룡8교(수위계),2012-07-23,1,1,1,1,1,1,1,2,1,1,2,1,1,1,1,1,1,1,2,2,1,1,2,2
8,차룡8교(수위계),2012-07-24,2,1,1,1,1,1,1,2,1,1,1,1,1,2,2,2,2,2,1,2,1,1,2,2
8,차룡8교(수위계),2012-07-25,2,1,1,1,1,1,1,1,1,1,1,2,2,1,1,1,1,2,1,2,1,1,1,2
8,차룡8교(수위계),2012-07-26,2,2,1,1,1,1,1,2,1,1,1,2,1,1,1,1,2,1,1,1,1,1,2,2
8,차룡8교(수위계),2012-07-27,2,1,1,1,1,1,1,1,1,1,1,2,2,2,2,1,1,1,1,1,1,1,1,2
8,차룡8교(수위계),2012-07-28,2,2,2,2,1,1,1,1,1,1,1,1,1,1,2,1,1,1,1,1,1,1,1,1
8,차룡8교(수위계),2012-07-29,1,2,2,2,1,1,2,1,1,1,1,1,1,1,1,1,1,2,1,2,1,1,1,1
8,차룡8교(수위계),2012-07-30,1,2,2,1,1,1,1,1,1,1,1,2,1,1,1,1,1,2,1,2,1,1,1,2
8,차룡8교(수위계),2012-07-31,2,1,1,1,1,1,1,1,1,1,1,1,1,1,1,1,1,1,1,1,1,1,1,1
8,차룡8교(수위계),2012-08-01,2,1,1,1,1,1,1,1,1,1,1,1,1,1,1,1,1,1,2,1,2,1,1,1
8,차룡8교(수위계),2012-08-02,1,1,1,1,1,1,1,1,1,1,1,1,1,1,1,1,1,1,1,1,1,1,1,1
8,차룡8교(수위계),2012-08-03,1,1,1,1,1,1,1,1,1,1,1,1,1,1,1,1,1,1,1,1,1,1,1,1
8,차룡8교(수위계),2012-08-04,1,1,1,1,1,1,1,1,1,1,1,1,1,1,1,1,1,1,1,1,1,0,1,1
8,차룡8교(수위계),2012-08-05,1,1,1,1,1,1,1,1,1,1,1,1,1,1,1,1,1,1,1,1,1,1,1,2
8,차룡8교(수위계),2012-08-06,1,1,1,1,1,1,1,1,1,1,1,1,1,1,1,1,1,1,1,1,1,1,1,1
8,차룡8교(수위계),2012-08-07,1,1,1,1,1,1,1,1,1,1,1,1,1,1,1,1,1,1,1,1,1,1,1,1
8,차룡8교(수위계),2012-08-08,1,1,1,1,1,1,1,1,1,1,1,1,1,1,1,1,1,1,1,1,1,1,1,1
8,차룡8교(수위계),2012-08-09,1,1,1,1,1,1,1,1,1,1,1,1,1,1,1,1,1,1,1,1,1,1,1,1
8,차룡8교(수위계),2012-08-10,1,1,1,1,1,1,1,1,1,1,1,1,1,1,1,1,1,1,1,1,1,1,1,1
8,차룡8교(수위계),2012-08-11,1,1,1,1,1,1,1,1,1,1,1,1,1,1,1,1,1,1,1,1,1,1,1,1
8,차룡8교(수위계),2012-08-12,1,1,1,1,1,1,1,1,1,1,1,1,1,1,1,1,1,1,1,1,1,1,1,1
8,차룡8교(수위계),2012-08-13,1,1,1,1,1,1,1,1,1,1,1,1,1,1,1,1,1,1,1,1,1,1,1,1
8,차룡8교(수위계),2012-08-14,1,1,1,1,1,1,1,1,1,1,1,1,1,1,1,1,1,1,1,1,1,1,1,1
8,차룡8교(수위계),2012-08-15,1,1,1,1,1,1,1,1,1,1,1,1,1,1,1,1,1,1,1,1,1,1,1,1
8,차룡8교(수위계),2012-08-16,1,1,1,1,1,1,1,1,1,1,1,1,1,1,1,1,1,1,1,1,1,1,1,1
8,차룡8교(수위계),2012-08-17,1,1,1,1,1,1,1,1,1,1,1,1,1,1,1,1,1,1,1,1,1,1,1,1
8,차룡8교(수위계),2012-08-18,1,1,1,1,1,1,1,1,1,1,1,1,1,1,1,1,1,1,1,1,1,1,1,1
8,차룡8교(수위계),2012-08-19,1,1,1,1,1,1,1,1,1,1,1,1,1,1,1,1,1,1,1,1,1,1,1,1
8,차룡8교(수위계),2012-08-20,1,1,1,1,1,21,35,11,6,4,3,4,4,4,3,4,4,3,3,3,3,3,3,3
8,차룡8교(수위계),2012-08-21,4,3,3,3,3,3,3,3,3,3,3,3,3,3,3,3,3,3,3,3,3,3,3,3
8,차룡8교(수위계),2012-08-22,3,3,3,21,44,23,29,14,9,5,6,40,62,30,27,12,10,10,9,7,6,5,52,60
8,차룡8교(수위계),2012-08-23,24,13,10,7,4,3,3,6,8,13,17,38,65,38,31,26,27,45,40,28,26,24,23,17
8,차룡8교(수위계),2012-08-24,13,13,19,25,38,29,32,25,32,38,30,29,30,18,14,12,10,9,8,8,7,7,6,5
8,차룡8교(수위계),2012-08-25,5,4,4,4,4,3,3,3,3,3,3,3,3,3,3,3,3,3,3,3,3,30,3,3
8,차룡8교(수위계),2012-08-26,3,3,3,3,3,3,3,3,3,3,3,3,3,3,3,3,3,3,3,3,3,3,3,3
8,차룡8교(수위계),2012-08-27,3,3,3,3,3,3,3,3,3,3,3,3,3,3,3,3,3,3,3,3,3,3,3,3
8,차룡8교(수위계),2012-08-28,3,3,3,4,3,3,3,3,7,24,28,13,8,6,5,4,3,3,3,3,3,3,3,3
8,차룡8교(수위계),2012-08-29,3,3,3,3,3,3,3,3,3,3,3,3,3,3,3,3,3,3,3,3,3,3,3,3
8,차룡8교(수위계),2012-08-30,3,3,3,3,3,3,19,12,8,5,3,3,3,3,3,3,3,3,3,3,3,3,3,3
8,차룡8교(수위계),2012-08-31,3,3,3,3,3,3,3,3,3,3,3,3,3,3,3,3,3,3,3,3,3,3,3,3
8,차룡8교(수위계),2012-09-01,3,3,3,3,3,3,3,2,3,3,3,3,3,3,3,3,3,3,3,3,3,3,3,3
8,차룡8교(수위계),2012-09-02,2,2,2,2,2,3,3,2,3,3,3,3,3,3,3,3,3,3,3,3,3,3,3,3
8,차룡8교(수위계),2012-09-03,3,3,2,2,2,2,2,3,3,3,3,2,3,3,3,3,3,2,3,3,2,3,3,3
8,차룡8교(수위계),2012-09-04,3,3,3,3,2,2,2,3,3,3,2,3,3,3,3,3,3,3,3,3,3,3,2,2
8,차룡8교(수위계),2012-09-05,2,2,2,2,2,3,3,3,3,2,3,3,3,3,3,3,3,3,3,3,2,3,3,3
8,차룡8교(수위계),2012-09-06,3,3,3,2,2,3,3,2,3,2,3,2,3,3,3,2,3,3,3,2,3,3,2,2
8,차룡8교(수위계),2012-09-07,2,2,2,2,2,2,2,2,3,3,2,3,3,3,3,3,3,3,3,3,3,3,2,2
8,차룡8교(수위계),2012-09-08,13,15,10,137,101,118,65,41,23,19,17,15,13,12,10,8,7,7,6,6,5,4,4,3
8,차룡8교(수위계),2012-09-09,3,3,3,3,2,2,2,2,2,2,8,14,9,6,5,7,9,8,6,5,5,4,4,4
8,차룡8교(수위계),2012-09-10,3,36,18,12,9,87,33,19,15,12,10,9,8,7,7,6,5,5,5,5,5,5,5,4
8,차룡8교(수위계),2012-09-11,3,3,3,2,2,2,2,2,2,2,2,2,2,2,2,2,2,2,2,2,2,2,2,2
8,차룡8교(수위계),2012-09-12,2,2,2,2,2,2,2,2,2,2,2,2,2,2,2,2,2,2,2,2,2,2,2,2
8,차룡8교(수위계),2012-09-13,2,2,2,2,2,2,2,2,2,2,2,2,2,2,2,2,2,2,2,2,2,2,2,2
8,차룡8교(수위계),2012-09-14,2,2,2,2,2,2,2,2,2,2,2,2,2,2,2,2,2,2,2,2,2,2,2,2
8,차룡8교(수위계),2012-09-15,2,2,2,2,2,2,2,2,3,3,3,3,2,2,2,2,2,2,2,2,2,2,2,2
8,차룡8교(수위계),2012-09-16,2,2,2,2,2,2,2,2,3,5,7,7,6,7,11,22,24,33,39,46,40,48,65,44
8,차룡8교(수위계),2012-09-17,39,44,33,26,22,47,213,216,220,235,250,146,98,69,57,47,40,35,32,28,26,24,23,22
8,차룡8교(수위계),2012-09-18,20,19,17,15,14,12,11,10,9,11,13,13,12,11,11,10,10,9,8,7,7,7,7,8
8,차룡8교(수위계),2012-09-19,7,7,6,6,6,6,6,6,6,6,6,6,6,6,6,6,6,6,6,6,6,6,6,6
8,차룡8교(수위계),2012-09-20,6,6,5,5,5,6,6,5,6,5,6,5,6,6,5,5,5,6,6,5,5,6,6,6
8,차룡8교(수위계),2012-09-21,5,5,5,5,5,5,6,5,6,5,5,6,5,5,6,6,6,5,6,5,5,5,6,6
8,차룡8교(수위계),2012-09-22,5,5,5,5,5,5,5,5,6,5,5,5,5,5,5,5,5,5,6,5,5,5,5,5
8,차룡8교(수위계),2012-09-23,6,5,5,5,5,5,5,5,5,5,5,5,5,5,5,5,5,5,5,5,5,5,5,5
8,차룡8교(수위계),2012-09-24,5,5,5,5,5,5,5,5,5,5,5,5,5,5,5,5,5,5,5,5,5,5,5,5
8,차룡8교(수위계),2012-09-25,5,5,5,5,5,5,5,5,5,5,5,5,5,5,5,5,5,5,5,5,5,5,5,5
8,차룡8교(수위계),2012-09-26,5,5,5,5,5,5,5,5,5,5,5,5,5,5,5,5,5,5,5,5,5,5,5,5
8,차룡8교(수위계),2012-09-27,5,5,5,5,5,5,5,5,5,5,5,5,5,5,5,5,5,5,5,5,5,5,5,5
8,차룡8교(수위계),2012-09-28,5,5,5,5,5,5,5,5,5,5,5,5,5,5,5,5,5,5,5,5,5,5,5,5
8,차룡8교(수위계),2012-09-29,5,5,5,5,5,5,5,5,5,5,5,5,5,5,5,5,5,5,5,5,5,5,5,5
8,차룡8교(수위계),2012-09-30,5,5,5,5,5,5,5,5,5,5,5,5,5,5,5,5,5,5,5,5,5,5,5,0
8,차룡8교(수위계),2012-10-01,5,5,5,5,5,5,5,5,5,5,5,5,5,5,5,5,5,5,5,5,5,5,5,5
8,차룡8교(수위계),2012-10-02,5,5,5,5,5,5,5,5,5,5,5,5,5,5,5,5,5,5,5,5,5,5,5,5
8,차룡8교(수위계),2012-10-03,5,5,5,5,5,5,5,5,5,5,5,5,5,5,5,5,5,5,5,5,5,5,5,5
8,차룡8교(수위계),2012-10-04,5,5,5,5,5,5,5,5,5,5,5,5,5,5,5,5,5,5,5,5,5,5,5,5
8,차룡8교(수위계),2012-10-05,5,5,5,5,5,5,5,5,5,5,5,5,5,5,5,5,5,5,5,5,5,5,5,5
8,차룡8교(수위계),2012-10-06,5,5,5,5,5,5,5,5,5,5,5,5,5,5,5,5,5,5,5,5,5,5,5,5
8,차룡8교(수위계),2012-10-07,5,5,5,5,5,5,5,5,5,5,5,5,5,5,5,5,5,5,5,5,5,5,5,5
8,차룡8교(수위계),2012-10-08,5,5,5,5,5,5,5,5,5,5,5,5,5,5,5,5,5,5,5,5,5,5,5,5
8,차룡8교(수위계),2012-10-09,5,5,5,5,5,5,5,5,5,5,5,5,5,5,5,5,5,5,5,5,5,5,5,5
8,차룡8교(수위계),2012-10-10,5,5,5,5,5,5,5,5,5,5,5,5,5,5,5,5,5,5,5,5,5,5,5,5
8,차룡8교(수위계),2012-10-11,5,5,5,5,5,5,5,5,5,5,5,5,5,5,5,5,5,5,5,5,5,5,5,5
8,차룡8교(수위계),2012-10-12,5,5,5,5,5,5,5,5,5,5,5,5,5,5,5,5,5,5,5,5,5,5,5,5
8,차룡8교(수위계),2012-10-13,5,5,5,5,5,5,5,5,5,5,5,5,5,5,5,5,5,5,5,5,5,5,5,5
8,차룡8교(수위계),2012-10-14,5,5,5,5,5,5,5,5,5,5,5,5,5,5,5,5,5,5,5,5,5,5,5,5
8,차룡8교(수위계),2012-10-15,5,5,5,5,5,5,5,5,5,5,5,5,5,5,5,5,5,5,5,5,5,5,5,5
8,차룡8교(수위계),2012-10-16,5,5,5,5,5,5,5,5,5,5,5,5,5,5,5,5,5,5,5,5,5,5,5,5
8,차룡8교(수위계),2012-10-17,5,5,5,5,5,5,5,5,5,5,5,5,5,5,5,5,5,5,5,5,5,5,5,5
8,차룡8교(수위계),2012-10-18,5,5,5,5,5,5,5,5,5,5,5,5,5,5,5,5,5,5,5,5,5,5,5,5
8,차룡8교(수위계),2012-10-19,5,5,5,5,5,5,5,5,5,5,5,5,5,5,5,5,5,5,5,5,5,5,5,5
8,차룡8교(수위계),2012-10-20,5,5,5,5,5,5,5,5,5,5,5,5,5,5,5,5,5,5,5,5,5,5,5,5
8,차룡8교(수위계),2012-10-21,5,5,5,5,5,5,5,5,5,5,5,5,5,5,5,5,5,5,5,5,5,5,5,5
8,차룡8교(수위계),2012-10-22,5,5,5,5,5,5,5,5,5,5,5,5,5,5,5,5,5,5,5,5,5,5,5,5
8,차룡8교(수위계),2012-10-23,5,5,5,5,5,5,5,5,5,5,5,5,5,5,5,5,5,5,5,5,5,5,5,5
8,차룡8교(수위계),2012-10-24,5,5,5,5,5,5,5,5,5,5,5,5,5,5,5,5,5,5,5,5,5,5,5,5
8,차룡8교(수위계),2012-10-25,5,5,5,5,5,5,5,5,5,5,5,5,5,5,5,5,5,5,5,5,5,5,5,5
8,차룡8교(수위계),2012-10-26,5,5,5,5,5,5,5,5,5,5,5,5,5,5,5,5,5,5,5,5,5,5,5,5
8,차룡8교(수위계),2012-10-27,5,5,5,5,5,5,5,5,5,5,5,5,5,5,5,5,5,5,10,12,10,7,6,6
8,차룡8교(수위계),2012-10-28,5,5,5,5,5,5,5,5,5,5,5,5,5,5,5,5,5,5,5,5,5,5,5,5
8,차룡8교(수위계),2012-10-29,5,5,5,5,5,5,5,5,5,5,5,5,5,5,5,5,5,5,5,5,5,5,5,5
8,차룡8교(수위계),2012-10-30,5,5,5,5,5,5,5,5,5,5,5,5,5,5,5,5,5,5,5,5,5,5,5,5
8,차룡8교(수위계),2012-10-31,5,5,5,5,5,5,5,5,5,5,5,5,5,5,5,5,5,5,5,5,5,5,5,5
8,차룡8교(수위계),2012-11-01,5,5,5,5,5,5,5,5,5,5,5,5,5,5,5,5,5,5,5,5,5,5,5,5
8,차룡8교(수위계),2012-11-02,5,5,5,5,5,5,5,5,5,5,5,5,5,5,5,5,5,5,5,5,5,5,5,5
8,차룡8교(수위계),2012-11-03,5,5,5,5,5,5,5,5,5,5,5,5,5,5,5,5,5,5,5,5,5,5,5,5
8,차룡8교(수위계),2012-11-04,5,5,5,5,5,5,5,5,5,5,5,5,5,5,5,5,5,5,5,5,5,5,5,5
8,차룡8교(수위계),2012-11-05,5,5,5,5,5,5,5,5,5,5,5,5,5,5,5,5,5,5,5,5,5,5,5,5
8,차룡8교(수위계),2012-11-06,5,5,5,5,5,5,5,5,5,5,5,5,5,5,5,5,5,5,5,5,5,5,5,5
8,차룡8교(수위계),2012-11-07,5,5,5,5,5,5,5,5,5,5,5,5,5,5,5,5,5,5,5,5,5,5,5,5
8,차룡8교(수위계),2012-11-08,5,5,5,5,5,5,5,5,5,5,5,5,5,5,5,5,5,5,5,5,5,5,5,5
8,차룡8교(수위계),2012-11-09,5,5,5,5,5,5,5,5,5,5,5,5,5,5,5,5,5,5,5,5,5,5,5,5
8,차룡8교(수위계),2012-11-10,5,5,5,5,5,5,5,5,5,5,5,5,5,5,5,5,5,5,5,5,5,5,5,5
8,차룡8교(수위계),2012-11-11,5,5,5,22,17,15,13,11,8,6,6,6,6,6,6,6,6,6,6,6,6,6,6,6
8,차룡8교(수위계),2012-11-12,6,6,6,6,6,6,6,6,6,6,6,6,6,6,6,6,6,6,6,6,6,6,6,6
8,차룡8교(수위계),2012-11-13,6,6,6,6,6,6,6,6,6,6,6,6,6,6,6,6,6,6,6,6,6,6,6,6
8,차룡8교(수위계),2012-11-14,6,6,6,6,6,6,6,6,6,6,6,6,6,6,6,6,6,6,6,6,6,6,6,6
8,차룡8교(수위계),2012-11-15,6,6,6,6,6,6,6,6,6,6,6,6,6,6,6,6,6,6,6,6,6,6,6,6
8,차룡8교(수위계),2012-11-16,6,6,6,6,6,6,6,6,6,6,6,6,6,6,6,6,6,6,6,6,6,6,6,6
8,차룡8교(수위계),2012-11-17,6,6,6,6,9,10,9,6,6,6,6,6,6,6,6,6,6,6,6,6,6,6,6,6
8,차룡8교(수위계),2012-11-18,6,6,6,6,6,6,6,6,6,6,6,6,6,6,6,6,6,6,6,6,6,6,6,6
8,차룡8교(수위계),2012-11-19,6,6,6,6,6,6,6,6,6,6,6,6,6,6,6,6,6,6,6,6,6,6,6,6
8,차룡8교(수위계),2012-11-20,6,6,6,6,6,6,6,6,6,6,6,6,6,6,6,6,6,6,6,6,6,6,6,6
8,차룡8교(수위계),2012-11-21,6,6,6,6,6,6,6,6,6,6,6,6,6,6,6,6,6,6,6,6,6,6,6,6
8,차룡8교(수위계),2012-11-22,6,6,6,6,6,6,6,6,6,6,6,6,6,6,6,6,6,6,6,6,6,6,6,6
8,차룡8교(수위계),2012-11-23,6,6,6,6,6,6,6,6,6,6,6,6,6,6,6,6,6,6,6,6,6,6,6,6
8,차룡8교(수위계),2012-11-24,6,6,6,6,6,6,6,6,6,6,6,6,6,6,6,6,6,6,6,6,6,6,6,6
8,차룡8교(수위계),2012-11-25,6,6,6,6,6,6,6,6,6,6,6,6,6,6,6,6,6,6,6,6,6,6,6,6
8,차룡8교(수위계),2012-11-26,6,6,6,6,6,6,6,6,6,6,6,6,6,6,6,6,6,6,6,6,6,6,6,6
8,차룡8교(수위계),2012-11-27,6,6,6,6,6,6,6,6,6,6,6,6,6,6,6,6,6,6,6,6,6,6,6,6
8,차룡8교(수위계),2012-11-28,6,6,6,6,6,6,6,6,6,6,6,6,6,6,6,6,6,6,6,6,6,6,6,6
8,차룡8교(수위계),2012-11-29,6,6,6,6,6,6,6,6,6,6,6,6,6,6,6,6,6,6,6,6,6,6,6,6
8,차룡8교(수위계),2012-11-30,6,6,6,6,6,6,6,6,6,6,6,6,6,6,6,6,6,6,6,6,6,6,6,0
8,차룡8교(수위계),2012-12-01,6,6,6,6,6,6,6,6,6,6,6,6,6,6,6,6,6,6,6,6,6,6,6,6
8,차룡8교(수위계),2012-12-02,6,6,6,6,6,6,6,6,6,6,6,6,6,6,6,6,6,6,6,6,6,6,6,6
8,차룡8교(수위계),2012-12-03,6,6,6,6,6,6,6,6,6,6,6,6,6,6,6,6,6,6,6,6,6,6,6,6
8,차룡8교(수위계),2012-12-04,6,6,6,6,6,6,6,6,6,6,6,6,6,6,6,6,6,6,6,6,6,6,6,6
8,차룡8교(수위계),2012-12-05,6,6,6,6,6,6,6,6,6,6,6,6,6,6,6,6,6,6,6,6,6,6,6,6
8,차룡8교(수위계),2012-12-06,6,6,6,6,6,6,6,6,6,6,6,6,6,6,6,6,6,6,6,6,6,6,6,6
8,차룡8교(수위계),2012-12-07,6,6,6,6,6,6,6,6,6,6,6,6,6,6,6,6,6,6,6,6,6,6,6,6
8,차룡8교(수위계),2012-12-08,6,6,6,6,6,6,6,6,6,6,6,6,6,6,6,6,6,6,6,6,6,6,6,6
8,차룡8교(수위계),2012-12-09,6,6,6,6,6,6,6,6,6,6,6,6,6,6,6,6,6,6,6,6,6,6,6,6
8,차룡8교(수위계),2012-12-10,6,6,6,6,6,6,6,6,6,6,6,6,6,6,6,6,6,6,6,6,6,6,6,6
8,차룡8교(수위계),2012-12-11,6,6,6,6,6,6,6,6,6,6,6,6,6,6,6,6,6,6,6,6,6,6,6,6
8,차룡8교(수위계),2012-12-12,6,6,6,6,6,6,6,6,6,6,6,6,6,6,6,6,6,6,6,6,6,6,6,6
8,차룡8교(수위계),2012-12-13,6,6,6,6,6,6,6,6,6,6,6,6,6,6,6,6,6,6,6,6,6,6,6,6
8,차룡8교(수위계),2012-12-14,6,6,6,6,6,6,6,6,6,6,6,6,6,6,19,15,15,13,10,8,6,6,6,6
8,차룡8교(수위계),2012-12-15,6,6,6,6,5,5,5,5,5,5,5,5,5,5,5,5,5,5,5,5,5,5,5,5
8,차룡8교(수위계),2012-12-16,5,5,5,5,5,5,5,5,6,5,5,5,5,5,5,5,5,5,5,5,5,5,5,5
8,차룡8교(수위계),2012-12-17,5,5,5,5,5,5,5,5,5,5,5,5,5,5,5,5,5,5,5,5,5,5,5,5
8,차룡8교(수위계),2012-12-18,5,5,5,5,5,5,5,5,5,5,5,5,5,5,5,5,5,5,5,5,5,5,5,5
8,차룡8교(수위계),2012-12-19,5,5,5,5,5,5,5,5,5,5,5,5,5,5,5,5,5,5,5,5,5,5,5,5
8,차룡8교(수위계),2012-12-20,5,5,5,5,5,5,5,5,5,5,5,5,5,5,5,5,5,5,5,5,5,5,5,5
8,차룡8교(수위계),2012-12-21,5,5,5,5,5,5,5,5,5,5,5,5,5,5,5,5,5,5,6,6,6,6,6,6
8,차룡8교(수위계),2012-12-22,6,6,5,5,5,5,5,5,5,5,5,5,5,5,5,5,5,5,5,5,5,5,5,5
8,차룡8교(수위계),2012-12-23,5,5,5,5,5,5,5,5,5,5,5,5,5,5,5,5,5,5,5,5,5,5,5,5
8,차룡8교(수위계),2012-12-24,5,5,5,5,5,5,5,5,5,5,5,5,5,5,5,5,5,5,5,5,5,5,5,5
8,차룡8교(수위계),2012-12-25,5,5,5,5,5,5,5,5,5,5,5,5,5,5,5,5,5,5,5,5,5,5,5,5
8,차룡8교(수위계),2012-12-26,5,5,5,5,5,5,5,5,5,5,5,5,5,5,5,5,5,5,5,5,5,5,5,5
8,차룡8교(수위계),2012-12-27,5,5,5,5,5,5,5,5,6,6,5,5,5,5,5,5,5,5,5,5,5,5,5,5
8,차룡8교(수위계),2012-12-28,5,5,5,5,5,5,5,5,5,5,5,5,5,5,5,5,5,5,5,5,5,5,5,5
8,차룡8교(수위계),2012-12-29,5,5,5,5,5,5,5,5,5,5,5,5,5,5,5,5,5,5,5,5,5,5,5,5
8,차룡8교(수위계),2012-12-30,5,5,5,5,5,5,5,5,5,5,5,5,5,5,5,5,5,5,5,5,5,5,5,5
8,차룡8교(수위계),2012-12-31,5,5,5,5,5,5,5,5,6,6,5,5,5,5,5,5,5,5,5,5,5,5,5,5
8,차룡8교(수위계),2013-01-01,5,5,5,5,5,5,5,5,6,6,5,5,5,5,5,5,5,5,5,5,5,5,5,5
8,차룡8교(수위계),2013-01-02,5,5,5,5,5,5,5,5,5,5,5,5,5,5,5,5,5,5,5,5,5,5,5,5
8,차룡8교(수위계),2013-01-03,5,5,5,5,5,5,5,5,5,6,5,6,5,5,5,5,5,5,5,5,5,5,5,5
8,차룡8교(수위계),2013-01-04,5,5,5,5,5,5,5,5,5,5,5,5,5,5,5,5,5,5,5,5,5,5,5,5
8,차룡8교(수위계),2013-01-05,5,5,5,5,5,5,5,5,5,5,5,5,5,5,5,5,5,5,5,5,5,5,5,5
8,차룡8교(수위계),2013-01-06,5,5,5,5,5,5,5,5,5,5,5,5,5,5,5,5,5,5,5,5,5,5,5,5
8,차룡8교(수위계),2013-01-07,5,5,5,5,5,5,5,5,5,5,5,5,5,5,5,5,5,5,5,5,5,5,5,5
8,차룡8교(수위계),2013-01-08,5,5,5,5,5,5,5,5,5,5,5,5,5,5,5,5,5,5,5,5,5,5,5,5
8,차룡8교(수위계),2013-01-09,5,5,5,5,5,5,5,5,5,5,5,5,5,5,5,5,5,5,5,5,5,5,5,5
8,차룡8교(수위계),2013-01-10,5,5,5,5,5,5,5,5,5,5,5,5,5,5,5,5,5,5,5,5,5,5,5,5
8,차룡8교(수위계),2013-01-11,5,5,5,5,5,5,5,5,5,5,5,5,5,5,5,5,5,5,5,5,5,5,5,5
8,차룡8교(수위계),2013-01-12,5,5,5,5,5,5,5,5,5,5,5,5,5,5,5,5,5,5,5,5,5,5,5,5
8,차룡8교(수위계),2013-01-13,5,5,5,5,5,5,5,5,5,5,5,5,5,5,5,5,5,5,5,5,5,5,5,5
8,차룡8교(수위계),2013-01-14,5,5,5,5,5,5,5,5,5,5,5,5,5,5,5,5,5,5,5,5,5,5,5,5
8,차룡8교(수위계),2013-01-15,5,5,5,5,5,5,5,5,5,5,5,5,5,5,5,5,5,5,5,5,5,5,5,5
8,차룡8교(수위계),2013-01-16,5,5,5,5,5,5,5,5,5,5,5,5,5,5,5,5,5,5,5,5,5,5,5,5
8,차룡8교(수위계),2013-01-17,5,5,5,5,5,5,5,5,5,5,5,5,5,5,5,5,5,5,5,5,5,5,5,5
8,차룡8교(수위계),2013-01-18,5,5,5,5,5,5,5,5,5,5,5,5,5,5,5,5,5,5,5,5,5,5,5,5
8,차룡8교(수위계),2013-01-19,5,5,5,5,5,5,5,5,5,5,5,5,5,5,5,5,5,5,5,5,5,5,5,5
8,차룡8교(수위계),2013-01-20,5,5,5,5,5,5,5,5,5,5,5,5,5,5,5,5,5,5,5,5,5,5,5,5
8,차룡8교(수위계),2013-01-21,5,5,5,5,5,5,5,5,5,5,5,5,5,5,5,5,5,5,5,5,5,5,5,5
8,차룡8교(수위계),2013-01-22,5,5,5,5,5,5,5,5,5,5,5,5,5,5,5,5,5,5,5,5,5,5,5,5
8,차룡8교(수위계),2013-01-23,5,5,5,5,5,5,5,5,5,5,5,5,5,5,5,5,5,5,5,5,5,5,5,5
8,차룡8교(수위계),2013-01-24,5,5,5,5,5,5,5,5,5,5,5,5,5,5,5,5,5,5,5,5,5,5,5,5
8,차룡8교(수위계),2013-01-25,5,5,5,5,5,5,5,5,5,5,5,5,5,5,5,5,5,5,5,5,5,5,5,5
8,차룡8교(수위계),2013-01-26,5,5,5,5,5,5,5,5,5,5,5,5,5,5,5,5,5,5,5,5,5,5,5,5
8,차룡8교(수위계),2013-01-27,5,5,5,5,5,5,5,5,5,5,5,5,5,5,5,5,5,5,5,5,5,5,5,5
8,차룡8교(수위계),2013-01-28,5,5,5,5,5,5,5,5,5,5,5,5,5,5,5,5,5,5,5,5,5,5,5,5
8,차룡8교(수위계),2013-01-29,5,5,5,5,5,5,5,5,5,5,5,5,5,5,5,5,5,5,5,5,5,5,5,5
8,차룡8교(수위계),2013-01-30,5,5,5,5,5,5,5,5,5,5,5,5,5,5,5,5,5,5,5,5,5,5,5,5
8,차룡8교(수위계),2013-01-31,5,5,5,5,5,5,5,5,5,5,5,5,5,5,5,5,5,5,5,5,5,5,5,5
8,차룡8교(수위계),2013-02-01,5,5,5,5,5,5,5,5,5,5,5,18,25,33,52,31,23,18,15,13,11,10,9,8
8,차룡8교(수위계),2013-02-02,7,6,5,6,6,6,6,6,6,5,6,6,5,5,6,6,5,6,5,5,6,5,5,6
8,차룡8교(수위계),2013-02-03,6,6,5,5,5,5,6,6,5,6,5,5,5,6,6,6,6,6,5,5,5,5,5,5
8,차룡8교(수위계),2013-02-04,6,6,6,6,6,6,6,6,6,6,5,6,5,6,6,5,5,5,5,6,5,5,6,6
8,차룡8교(수위계),2013-02-05,6,5,5,5,5,5,5,5,5,6,5,5,5,6,6,6,5,5,5,5,5,5,5,5
8,차룡8교(수위계),2013-02-06,5,5,6,6,6,6,6,6,6,5,5,6,5,5,5,5,5,6,6,5,6,6,6,5
8,차룡8교(수위계),2013-02-07,5,5,5,5,5,5,5,5,5,6,6,5,5,6,6,5,6,6,5,5,5,6,6,6
8,차룡8교(수위계),2013-02-08,6,5,5,5,5,6,6,6,6,5,6,5,6,5,6,6,6,5,6,6,6,6,5,5
8,차룡8교(수위계),2013-02-09,6,6,6,6,6,5,5,5,5,6,5,5,6,5,5,5,5,6,5,6,6,6,6,5
8,차룡8교(수위계),2013-02-10,5,5,5,5,6,6,6,6,5,5,5,5,6,5,5,5,5,6,5,5,6,5,5,5
8,차룡8교(수위계),2013-02-11,6,6,6,6,6,6,6,6,6,5,6,6,5,6,5,6,6,6,5,6,5,5,5,5
8,차룡8교(수위계),2013-02-12,5,5,5,6,6,6,6,6,5,5,5,6,5,6,5,5,5,5,5,5,5,5,5,5
8,차룡8교(수위계),2013-02-13,6,6,6,6,5,5,5,5,6,5,6,5,5,6,5,6,5,6,5,6,6,5,5,5
8,차룡8교(수위계),2013-02-14,5,5,5,5,5,6,6,6,5,5,6,6,6,5,5,5,5,6,5,5,6,6,6,6
8,차룡8교(수위계),2013-02-15,5,5,5,5,5,5,5,5,5,6,5,5,5,6,6,6,6,5,6,5,5,6,6,5
8,차룡8교(수위계),2013-02-16,5,6,6,6,6,6,6,6,6,5,6,5,5,6,5,6,5,6,5,6,5,5,6,6
8,차룡8교(수위계),2013-02-17,6,6,6,6,6,6,6,6,5,6,6,5,5,5,5,6,5,5,5,5,5,6,6,6
8,차룡8교(수위계),2013-02-18,6,6,6,6,6,6,6,5,5,5,5,5,5,6,6,6,6,6,6,6,6,5,5,5
8,차룡8교(수위계),2013-02-19,5,5,5,6,6,6,6,6,6,6,6,5,5,6,6,5,5,6,5,5,6,6,5,5
8,차룡8교(수위계),2013-02-20,6,6,6,6,6,6,6,6,5,6,6,6,5,6,6,6,5,6,5,6,5,5,6,6
8,차룡8교(수위계),2013-02-21,6,6,6,6,6,6,6,6,5,6,5,5,6,5,5,6,6,5,6,5,6,6,6,5
8,차룡8교(수위계),2013-02-22,5,5,5,6,6,6,6,5,5,5,6,6,6,5,5,5,5,6,5,6,6,6,5,5
8,차룡8교(수위계),2013-02-23,6,6,5,5,5,6,6,6,5,6,5,6,5,5,6,6,6,5,6,5,5,6,6,6
8,차룡8교(수위계),2013-02-24,5,5,6,5,6,6,6,6,6,5,6,6,6,5,5,5,6,6,5,6,6,5,5,6
8,차룡8교(수위계),2013-02-25,6,6,6,6,5,5,6,5,6,6,6,5,6,6,5,5,6,5,6,5,6,6,5,5
8,차룡8교(수위계),2013-02-26,6,6,6,5,5,5,5,5,5,6,6,6,5,6,6,6,6,6,6,5,6,6,5,5
8,차룡8교(수위계),2013-02-27,6,6,6,6,5,5,5,5,6,6,6,6,6,5,5,5,5,6,6,5,6,5,5,6
8,차룡8교(수위계),2013-02-28,6,5,5,6,6,6,5,6,5,6,6,5,6,6,6,5,5,6,5,6,6,5,5,2
8,차룡8교(수위계),2013-03-01,6,6,6,6,6,6,6,6,6,6,6,5,5,6,6,5,6,5,6,6,5,6,6,6
8,차룡8교(수위계),2013-03-02,5,5,5,6,6,6,6,6,5,6,6,5,6,5,5,6,6,5,6,5,6,6,6,5
8,차룡8교(수위계),2013-03-03,5,5,6,6,6,6,6,6,6,5,6,5,6,5,5,6,6,5,5,6,5,6,6,5
8,차룡8교(수위계),2013-03-04,5,5,5,5,5,6,6,6,6,5,5,6,5,6,6,6,6,5,6,6,5,5,5,6
8,차룡8교(수위계),2013-03-05,6,5,6,6,5,5,5,5,5,5,6,6,6,5,5,5,5,6,5,6,5,6,5,5
8,차룡8교(수위계),2013-03-06,6,6,6,5,5,5,5,5,6,6,6,6,5,5,6,6,6,6,5,5,6,5,5,5
8,차룡8교(수위계),2013-03-07,5,6,6,6,6,6,6,5,6,6,6,6,6,6,6,5,6,6,6,5,6,6,5,6
8,차룡8교(수위계),2013-03-08,6,6,6,6,6,6,6,6,6,5,5,6,6,6,6,6,6,6,5,6,5,6,6,6
8,차룡8교(수위계),2013-03-09,5,6,6,6,6,6,5,6,5,6,6,5,6,6,5,5,6,6,5,6,6,6,6,6
8,차룡8교(수위계),2013-03-10,6,6,6,5,5,5,6,5,5,5,6,6,5,6,6,6,5,5,6,6,5,6,6,5
8,차룡8교(수위계),2013-03-11,5,6,6,6,5,5,5,6,5,6,6,6,6,5,6,6,6,5,6,5,5,6,6,5
8,차룡8교(수위계),2013-03-12,5,6,6,6,6,6,6,6,6,6,5,6,6,5,5,5,5,6,6,6,6,6,6,6
8,차룡8교(수위계),2013-03-13,6,6,6,5,5,5,6,6,6,6,6,6,6,6,6,6,6,5,6,6,6,6,6,6
8,차룡8교(수위계),2013-03-14,6,6,6,6,6,6,5,6,6,6,6,6,6,6,6,6,5,6,5,6,6,5,6,6
8,차룡8교(수위계),2013-03-15,6,6,6,6,6,6,6,6,5,5,6,6,6,5,5,5,5,6,5,6,5,6,6,6
8,차룡8교(수위계),2013-03-16,6,6,5,5,5,6,6,5,6,6,6,5,6,2,2,5,5,6,6,5,6,6,5,6
8,차룡8교(수위계),2013-03-17,6,6,5,5,5,6,6,5,6,6,6,5,5,6,6,6,6,6,5,5,6,6,6,19
8,차룡8교(수위계),2013-03-18,43,54,41,26,23,21,20,21,19,16,13,10,9,8,8,7,7,7,6,7,6,6,6,6
8,차룡8교(수위계),2013-03-19,6,6,6,6,6,6,6,6,6,6,6,6,6,6,6,6,6,6,6,6,6,6,6,6
8,차룡8교(수위계),2013-03-20,6,6,6,6,6,6,6,6,6,6,6,6,6,6,6,6,6,6,6,6,6,6,6,6
8,차룡8교(수위계),2013-03-21,6,6,6,6,6,6,6,6,6,6,6,6,6,6,6,6,6,6,6,6,6,6,6,6
8,차룡8교(수위계),2013-03-22,6,6,6,6,6,6,6,6,6,6,6,6,6,6,6,6,6,6,6,6,6,6,6,6
8,차룡8교(수위계),2013-03-23,6,6,6,6,6,6,6,6,6,6,6,6,6,6,6,6,6,6,6,6,6,6,6,6
8,차룡8교(수위계),2013-03-24,6,6,6,6,6,6,6,6,6,6,6,6,6,6,6,6,6,6,6,6,6,6,6,6
8,차룡8교(수위계),2013-03-25,6,6,6,6,6,6,6,6,6,6,6,6,6,6,6,6,6,6,6,6,6,6,6,6
8,차룡8교(수위계),2013-03-26,6,6,6,6,6,6,6,6,6,6,6,6,6,6,6,6,6,6,6,6,6,6,6,6
8,차룡8교(수위계),2013-03-27,6,6,6,6,6,6,6,6,6,6,6,6,6,6,6,6,6,6,6,6,6,6,6,6
8,차룡8교(수위계),2013-03-28,6,6,6,6,6,6,6,6,6,6,6,6,6,6,6,6,6,6,6,6,6,6,6,6
8,차룡8교(수위계),2013-03-29,6,6,6,6,6,6,6,6,6,6,6,6,6,6,6,6,6,6,6,6,6,6,6,6
8,차룡8교(수위계),2013-03-30,6,6,6,6,6,6,6,6,6,6,6,6,6,6,6,6,6,6,6,6,6,6,6,6
8,차룡8교(수위계),2013-03-31,6,6,6,6,6,6,6,6,6,6,6,6,6,6,6,6,6,6,6,6,6,6,6,6
8,차룡8교(수위계),2013-04-01,6,6,6,6,6,6,6,6,6,6,6,6,6,6,6,6,6,6,6,6,6,6,6,6
8,차룡8교(수위계),2013-04-02,6,6,6,6,6,6,6,6,6,6,6,6,6,6,6,6,6,6,6,6,6,6,6,6
8,차룡8교(수위계),2013-04-03,6,6,6,6,6,6,6,6,6,6,6,6,6,6,6,6,6,6,6,6,6,6,6,6
8,차룡8교(수위계),2013-04-04,6,6,6,6,6,6,6,6,6,6,6,6,6,6,6,6,6,6,6,6,6,6,6,6
8,차룡8교(수위계),2013-04-05,6,6,6,6,6,6,6,6,6,6,6,6,6,6,6,6,6,6,6,6,6,6,6,6
8,차룡8교(수위계),2013-04-06,6,6,6,6,6,6,6,6,6,24,23,24,24,22,20,17,13,9,7,7,6,20,24,24
8,차룡8교(수위계),2013-04-07,21,18,14,10,7,6,6,6,6,6,6,6,6,6,6,6,6,6,6,6,6,6,6,6
8,차룡8교(수위계),2013-04-08,6,6,6,6,6,6,6,6,6,6,6,6,6,6,6,6,6,6,6,6,6,6,6,6
8,차룡8교(수위계),2013-04-09,6,6,6,6,6,6,6,6,6,6,6,6,6,6,6,6,6,6,6,6,6,6,6,6
8,차룡8교(수위계),2013-04-10,6,6,6,6,6,6,6,6,6,6,6,6,6,6,6,6,6,6,6,6,6,6,6,6
8,차룡8교(수위계),2013-04-11,6,6,6,6,6,6,6,6,6,6,6,6,6,6,6,6,6,6,6,6,6,6,6,6
8,차룡8교(수위계),2013-04-12,6,6,6,6,6,6,6,6,6,6,6,6,6,6,5,6,6,6,6,6,6,6,6,6
8,차룡8교(수위계),2013-04-13,6,6,6,6,6,6,6,6,6,5,6,6,6,6,6,6,6,6,6,6,6,6,6,6
8,차룡8교(수위계),2013-04-14,6,6,6,6,6,6,6,6,6,6,6,6,6,6,6,6,6,6,6,6,6,6,6,6
8,차룡8교(수위계),2013-04-15,6,6,6,6,6,6,6,6,6,6,6,6,6,6,6,6,6,6,6,6,6,6,6,6
8,차룡8교(수위계),2013-04-16,6,6,6,6,6,6,6,6,5,6,5,6,6,6,6,6,6,6,6,6,6,6,6,6
8,차룡8교(수위계),2013-04-17,6,6,6,6,6,6,6,6,6,6,6,6,6,6,6,6,6,6,6,6,6,6,6,6
8,차룡8교(수위계),2013-04-18,6,6,6,6,6,6,6,6,6,6,5,6,6,6,6,6,6,6,6,6,6,6,6,6
8,차룡8교(수위계),2013-04-19,6,6,6,6,6,6,6,6,6,6,6,6,6,6,6,6,6,6,6,6,6,6,6,6
8,차룡8교(수위계),2013-04-20,6,6,6,6,6,6,6,6,6,6,6,6,6,6,5,5,5,6,6,6,6,6,6,6
8,차룡8교(수위계),2013-04-21,6,6,6,6,6,6,6,6,6,6,6,6,6,5,5,5,5,6,6,6,6,6,6,6
8,차룡8교(수위계),2013-04-22,6,6,6,6,6,5,6,6,6,6,5,6,6,6,6,5,6,6,6,6,6,5,6,6
8,차룡8교(수위계),2013-04-23,6,6,6,6,6,6,6,6,6,6,6,6,6,6,19,23,25,24,23,24,24,24,25,25
8,차룡8교(수위계),2013-04-24,23,20,17,13,10,7,6,6,5,6,6,6,6,6,6,6,6,6,6,6,6,6,6,6
8,차룡8교(수위계),2013-04-25,6,6,6,6,6,6,6,6,6,6,6,6,6,6,6,6,6,6,6,6,6,6,6,6
8,차룡8교(수위계),2013-04-26,6,6,6,6,6,6,6,6,6,6,6,6,6,6,6,6,6,6,6,6,6,6,6,6
8,차룡8교(수위계),2013-04-27,6,6,6,6,6,6,6,6,6,5,6,5,6,6,6,6,6,5,6,6,6,6,5,6
8,차룡8교(수위계),2013-04-28,6,6,6,6,5,6,5,6,6,6,6,5,5,6,6,6,6,5,6,6,6,6,6,5
8,차룡8교(수위계),2013-04-29,6,6,6,6,6,6,6,6,5,6,6,6,6,6,6,6,6,6,6,6,6,6,6,6
8,차룡8교(수위계),2013-04-30,6,6,6,6,6,6,6,6,6,6,5,6,6,5,6,6,5,6,6,6,6,6,6,0
8,차룡8교(수위계),2013-05-01,6,6,6,6,6,6,6,6,6,6,6,6,5,6,6,6,5,6,6,5,6,6,6,6
8,차룡8교(수위계),2013-05-02,6,6,6,6,6,6,6,6,6,6,6,6,6,6,6,6,6,6,6,6,6,6,5,5
8,차룡8교(수위계),2013-05-03,5,6,6,6,6,5,6,6,6,5,6,6,5,5,5,6,6,6,5,6,6,6,6,6
8,차룡8교(수위계),2013-05-04,6,6,5,5,5,5,6,6,5,6,6,5,6,6,6,6,6,6,5,6,5,6,6,5
8,차룡8교(수위계),2013-05-05,6,6,6,6,5,5,6,5,5,6,6,6,5,6,6,6,5,6,6,6,6,6,6,6
8,차룡8교(수위계),2013-05-06,5,6,6,6,6,6,6,6,6,6,5,6,6,6,6,6,6,6,6,6,5,6,6,6
8,차룡8교(수위계),2013-05-07,6,5,5,6,6,6,6,6,6,6,6,6,6,6,6,5,6,6,6,6,6,6,5,5
8,차룡8교(수위계),2013-05-08,6,6,6,6,6,6,6,5,5,6,6,6,6,5,5,5,6,5,6,6,6,5,6,6
8,차룡8교(수위계),2013-05-09,6,5,5,6,6,6,5,6,6,5,6,6,5,5,5,6,6,6,6,5,5,6,6,6
8,차룡8교(수위계),2013-05-10,5,5,5,6,6,6,6,6,5,5,6,5,6,6,6,6,6,6,5,6,6,6,6,5
8,차룡8교(수위계),2013-05-11,6,6,6,6,6,6,6,5,6,6,6,5,6,6,5,6,6,6,6,6,6,6,6,6
8,차룡8교(수위계),2013-05-12,6,6,6,5,5,6,5,6,6,6,6,5,6,6,6,6,6,5,6,6,6,6,6,5
8,차룡8교(수위계),2013-05-13,5,6,6,6,6,6,6,5,5,6,6,6,5,6,6,6,5,5,6,6,5,6,6,5
8,차룡8교(수위계),2013-05-14,6,6,6,6,5,5,6,5,5,6,5,6,6,6,6,6,6,6,5,6,5,6,6,6
8,차룡8교(수위계),2013-05-15,6,6,5,5,6,6,5,6,6,5,6,6,6,6,6,6,6,6,6,6,6,5,5,6
8,차룡8교(수위계),2013-05-16,6,6,6,5,6,6,6,6,5,6,6,5,6,6,6,5,5,6,6,6,6,6,6,6
8,차룡8교(수위계),2013-05-17,6,6,5,5,5,5,6,6,5,6,5,6,5,5,6,6,5,6,6,5,6,6,6,6
8,차룡8교(수위계),2013-05-18,6,5,5,6,6,6,5,6,6,5,6,5,5,6,5,5,5,6,6,6,5,5,6,6
8,차룡8교(수위계),2013-05-19,6,6,6,6,24,24,23,22,21,20,17,13,9,7,6,6,6,6,6,6,6,6,6,6
8,차룡8교(수위계),2013-05-20,6,6,6,6,6,6,6,6,6,6,6,6,6,6,6,6,6,6,6,6,6,6,6,6
8,차룡8교(수위계),2013-05-21,6,6,6,6,6,6,5,5,6,6,5,6,6,6,5,5,6,6,5,6,6,6,6,6
8,차룡8교(수위계),2013-05-22,6,6,5,6,6,6,6,5,6,6,6,5,6,6,6,6,6,6,6,5,6,6,5,6
8,차룡8교(수위계),2013-05-23,6,6,6,6,6,6,5,6,6,5,6,5,5,5,5,6,6,6,5,6,5,6,6,6
8,차룡8교(수위계),2013-05-24,6,6,6,6,6,6,6,6,6,6,5,6,6,5,6,5,5,6,5,6,5,6,6,5
8,차룡8교(수위계),2013-05-25,6,6,6,6,6,6,6,6,6,6,6,6,6,6,6,6,6,6,6,6,6,6,6,6
8,차룡8교(수위계),2013-05-26,5,5,6,6,6,6,5,6,5,6,5,6,6,6,6,6,6,6,5,6,6,6,5,5
8,차룡8교(수위계),2013-05-27,5,5,5,5,5,6,5,5,6,6,6,6,6,6,6,6,5,5,6,6,24,27,34,30
8,차룡8교(수위계),2013-05-28,27,27,27,28,32,45,71,81,84,63,61,38,29,28,27,25,24,23,23,23,23,23,23,22
8,차룡8교(수위계),2013-05-29,19,16,13,11,9,7,7,6,6,6,6,15,18,15,11,7,7,6,6,6,6,6,17,14
8,차룡8교(수위계),2013-05-30,10,7,6,6,6,6,6,6,6,6,6,6,6,6,6,6,6,6,6,6,6,6,6,6
8,차룡8교(수위계),2013-05-31,6,6,6,6,6,6,6,6,6,6,6,6,6,6,6,6,6,6,6,6,6,6,6,6
8,차룡8교(수위계),2013-06-01,6,6,6,6,6,6,6,6,6,6,6,6,6,6,6,6,6,6,6,6,6,6,6,6
8,차룡8교(수위계),2013-06-02,6,6,6,6,6,6,6,6,6,6,6,6,6,6,6,6,6,6,6,6,6,6,6,6
8,차룡8교(수위계),2013-06-03,6,6,6,6,6,6,6,6,6,6,6,6,6,6,6,6,6,6,6,6,6,6,6,6
8,차룡8교(수위계),2013-06-04,6,6,6,6,6,6,6,6,6,6,6,6,6,6,6,6,6,6,6,6,6,6,6,6
8,차룡8교(수위계),2013-06-05,6,6,6,6,6,6,6,6,6,6,6,6,6,5,6,5,5,6,6,6,6,6,6,6
8,차룡8교(수위계),2013-06-06,6,6,6,6,6,6,6,6,6,6,6,6,6,6,6,6,6,6,6,6,6,6,6,6
8,차룡8교(수위계),2013-06-07,6,6,6,6,6,6,6,6,6,6,6,6,6,6,6,6,6,6,6,6,6,6,6,6
8,차룡8교(수위계),2013-06-08,6,6,6,6,6,6,6,6,6,6,6,6,6,6,5,6,6,6,5,6,6,6,6,5
8,차룡8교(수위계),2013-06-09,5,5,5,6,6,6,6,6,6,6,5,6,6,6,6,5,5,6,6,6,6,6,6,6
8,차룡8교(수위계),2013-06-10,5,6,6,6,6,6,6,6,6,6,6,6,6,6,6,6,6,6,6,6,5,6,6,6
8,차룡8교(수위계),2013-06-11,6,6,6,6,6,6,6,6,6,6,5,0,0,0,0,0,0,0,0,0,0,0,0,0
8,차룡8교(수위계),2013-06-12,7.2,7.2,7.2,7.2,7.3,7.2,7.2,7.2,7.2,7.2,7.1,7.1,7.1,7.2,6,6,6,6,6,6,6,6,6,6
8,차룡8교(수위계),2013-06-13,6,6,6,6,6,6,6,6,6,6,6,6,6,6,6,6,6,6,6,6,6,6,6,6
8,차룡8교(수위계),2013-06-14,6,6,6,6,6,6,6,6,6,6,6,6,6,6,6,6,6,6,6,6,6,6,6,6
8,차룡8교(수위계),2013-06-15,6,6,6,6,6,60,6,6,6,6,6,6,6,6,6,6,6,6,6,6,6,6,6,6
8,차룡8교(수위계),2013-06-16,6,6,6,6,6,6,6,6,6,6,6,6,6,6,6,6,6,6,6,6,6,6,6,6
8,차룡8교(수위계),2013-06-17,6,6,6,6,6,6,6,6,6,6,6,6,6,6,6,6,6,6,6,6,6,6,6,6
8,차룡8교(수위계),2013-06-18,6,6,6,6,6,6,6,6,6,6,6,6,6,6,6,6,6,6,19,19,17,12,8,6
8,차룡8교(수위계),2013-06-19,6,87,43,51,48,29,26,21,20,19,18,17,14,12,9,8,7,6,6,7,7,7,7,7
8,차룡8교(수위계),2013-06-20,6,6,6,6,6,6,6,6,6,6,6,6,6,6,6,6,6,6,6,6,6,6,6,6
8,차룡8교(수위계),2013-06-21,6,6,6,6,6,6,6,6,6,6,6,6,6,6,6,6,6,6,6,6,6,6,6,6
8,차룡8교(수위계),2013-06-22,6,6,6,6,6,6,6,6,6,6,6,6,6,6,6,6,6,6,6,6,6,6,6,6
8,차룡8교(수위계),2013-06-23,6,6,6,6,6,6,6,6,6,6,6,6,6,6,6,6,6,6,6,6,6,6,6,6
8,차룡8교(수위계),2013-06-24,6,6,6,6,6,6,6,6,6,6,6,6,6,6,6,6,6,6,6,6,6,6,6,6
8,차룡8교(수위계),2013-06-25,6,6,6,6,6,6,6,6,6,6,6,6,6,6,6,6,6,6,6,6,6,6,6,6
8,차룡8교(수위계),2013-06-26,6,6,6,13,10,8,7,7,7,7,7,7,7,7,1,7,0,0,0,0,0,0,0,0
8,차룡8교(수위계),2013-07-01,0,0,0,0,0,0,0,0,0,0,0,0,0,7,7,7,7,7,7,7,7,7,7,7
8,차룡8교(수위계),2013-07-02,7,7,7,7,7,7,7,7,7,7,7,7,7,7,7,7,7,7,7,7,7,7,7,7
8,차룡8교(수위계),2013-07-03,7,7,7,7,7,7,7,20,16,14,14,11,10,11,10,9,8,7,7,7,7,7,7,7
8,차룡8교(수위계),2013-07-04,7,7,7,7,7,7,6,6,7,7,19,18,14,11,8,7,6,6,6,15,18,23,95,31
8,차룡8교(수위계),2013-07-05,21,18,16,14,12,16,16,33,0,18,114,12,0,0,0,0,0,6,0,6,0,0,0,0
8,차룡8교(수위계),2013-07-06,0,0,0,0,0,6,6,6,0,0,6,6,6,6,6,6,6,6,6,5,6,6,6,6
8,차룡8교(수위계),2013-07-07,6,6,6,6,6,6,6,18,93,130,81,46,28,28,30,27,25,23,21,19,17,15,14,14
8,차룡8교(수위계),2013-07-08,13,11,10,9,8,8,7,7,0,0,7,7,7,7,7,0,7,7,7,7,7,7,6,7
8,차룡8교(수위계),2013-07-09,6,6,7,6,6,6,6,0,6,6,6,6,6,6,6,6,6,6,6,6,6,6,6,6
8,차룡8교(수위계),2013-07-10,6,6,6,6,6,6,0,0,6,6,6,6,6,6,6,6,6,6,6,6,6,6,6,6
8,차룡8교(수위계),2013-07-11,6,6,6,6,6,6,6,6,6,6,6,6,6,6,6,6,6,6,6,6,6,6,6,6
8,차룡8교(수위계),2013-07-12,6,6,6,6,6,6,6,6,6,6,6,6,6,6,6,6,6,6,6,6,6,6,6,6
8,차룡8교(수위계),2013-07-13,6,6,6,6,6,6,6,2,6,6,6,6,6,6,6,6,6,6,6,6,6,6,6,6
8,차룡8교(수위계),2013-07-14,6,6,6,6,6,6,6,6,5,6,6,6,6,6,6,6,6,6,6,6,6,6,6,6
8,차룡8교(수위계),2013-07-15,6,6,6,6,6,6,6,5,6,6,6,6,6,6,6,6,6,6,6,6,6,6,6,6
8,차룡8교(수위계),2013-07-16,6,6,6,6,6,6,6,6,6,6,6,6,6,6,6,6,6,6,6,6,6,6,6,6
8,차룡8교(수위계),2013-07-17,6,6,6,6,6,6,6,6,6,6,6,6,6,6,6,6,6,6,6,6,6,6,6,6
8,차룡8교(수위계),2013-07-18,6,6,6,6,6,6,6,6,6,6,6,6,6,6,6,6,6,6,6,6,6,6,6,6
8,차룡8교(수위계),2013-07-19,6,6,6,6,6,6,6,6,6,6,6,6,6,6,6,6,6,6,6,6,6,6,6,6
8,차룡8교(수위계),2013-07-20,6,6,6,6,6,5,5,6,6,6,6,6,6,6,6,6,6,6,6,6,5,6,6,6
8,차룡8교(수위계),2013-07-21,6,6,5,5,6,6,6,6,6,0,6,6,6,6,6,6,6,6,5,6,5,6,6,6
8,차룡8교(수위계),2013-07-22,6,6,5,5,6,5,5,2,5,5,6,6,5,5,5,5,5,5,6,5,5,5,5,5
8,차룡8교(수위계),2013-07-23,5,5,5,5,5,6,6,5,5,5,5,5,5,5,5,5,5,5,5,5,5,5,6,5
8,차룡8교(수위계),2013-07-24,5,5,5,5,5,5,5,5,5,5,5,5,5,6,6,5,5,6,5,5,5,6,6,5
8,차룡8교(수위계),2013-07-25,5,5,5,5,5,5,5,6,6,6,6,6,6,6,6,6,6,5,6,6,5,5,6,5
8,차룡8교(수위계),2013-07-26,5,5,5,5,5,5,5,5,0,6,6,6,6,6,6,6,6,6,6,5,6,5,6,6
8,차룡8교(수위계),2013-07-27,5,5,5,5,6,6,5,5,5,6,6,6,6,6,6,6,6,5,6,6,5,5,6,6
8,차룡8교(수위계),2013-07-28,6,6,6,6,6,6,6,6,6,19,23,18,17,9,7,0,0,0,5,5,0,0,5,0
8,차룡8교(수위계),2013-07-29,0,5,5,5,0,6,0,0,0,6,5,5,6,6,6,6,5,5,5,5,5,5,5,6
8,차룡8교(수위계),2013-07-30,6,6,6,6,6,60,6,0,5,6,5,5,6,6,6,5,6,5,5,5,6,6,6,6
8,차룡8교(수위계),2013-07-31,6,6,6,6,6,6,6,0,0,6,6,6,5,6,6,6,5,6,6,5,5,6,6,6
8,차룡8교(수위계),2013-08-01,6,6,6,6,6,6,6,5,5,6,5,6,6,6,6,6,6,6,6,5,6,6,6,6
8,차룡8교(수위계),2013-08-02,6,6,6,6,6,6,6,6,6,6,5,6,5,6,6,6,6,6,6,6,5,6,6,6
8,차룡8교(수위계),2013-08-03,6,6,6,6,5,5,6,6,5,6,6,6,5,5,5,6,6,6,5,5,5,6,6,6
8,차룡8교(수위계),2013-08-04,6,6,6,6,6,6,5,5,5,6,6,5,6,6,6,6,86,27,18,15,10,7,6,6
8,차룡8교(수위계),2013-08-05,6,5,5,5,5,5,5,6,5,6,5,5,5,6,6,5,5,5,5,6,5,5,6,6
8,차룡8교(수위계),2013-08-06,6,6,5,5,5,5,5,6,5,5,5,6,6,6,6,6,5,6,6,5,5,5,5,5
8,차룡8교(수위계),2013-08-07,6,6,6,6,6,5,6,5,6,5,6,5,5,6,6,5,5,5,5,5,6,5,5,5
8,차룡8교(수위계),2013-08-08,5,5,6,6,6,6,6,5,5,5,5,5,6,5,5,5,5,6,5,6,5,5,5,5
8,차룡8교(수위계),2013-08-09,6,6,6,6,6,6,6,5,6,5,5,5,5,5,5,5,5,6,5,5,5,5,5,5
8,차룡8교(수위계),2013-08-10,5,5,6,6,6,6,6,5,6,5,5,5,5,5,6,6,6,5,5,5,5,6,5,5
8,차룡8교(수위계),2013-08-11,5,5,5,6,6,6,6,5,5,5,5,5,6,5,5,5,5,5,6,5,5,5,5,5
8,차룡8교(수위계),2013-08-12,5,5,6,6,5,5,5,5,5,5,5,5,5,5,5,5,5,5,6,5,6,5,5,5
8,차룡8교(수위계),2013-08-13,6,5,5,5,5,5,5,5,5,5,5,5,5,5,5,5,5,5,5,5,5,5,5,5
8,차룡8교(수위계),2013-08-14,6,6,5,5,5,5,5,5,5,5,5,5,5,5,5,5,5,5,5,5,5,5,5,6
8,차룡8교(수위계),2013-08-15,5,5,5,5,5,5,5,5,5,5,5,5,5,5,5,5,5,5,5,5,5,5,5,5
8,차룡8교(수위계),2013-08-16,5,5,5,5,5,5,5,5,5,5,5,5,5,5,5,5,5,5,5,5,5,5,5,5
8,차룡8교(수위계),2013-08-17,5,5,5,5,5,5,5,5,5,5,5,5,5,5,5,5,5,5,5,5,5,5,5,5
8,차룡8교(수위계),2013-08-18,5,5,5,5,5,5,5,5,1,1,1,1,1,1,1,1,1,1,1,1,1,1,1,1
8,차룡8교(수위계),2013-08-19,1,1,1,1,1,1,1,1,1,1,1,1,1,1,1,1,1,1,1,1,1,1,1,1
8,차룡8교(수위계),2013-08-20,1,1,1,1,1,21,35,11,6,4,3,4,4,4,3,4,4,3,3,3,3,3,3,3
8,차룡8교(수위계),2013-08-21,4,3,3,3,3,3,3,3,3,3,3,3,3,3,3,3,3,3,3,3,3,3,3,3
8,차룡8교(수위계),2013-08-22,3,3,3,21,44,23,29,14,9,5,6,40,62,30,27,12,10,10,9,7,6,5,52,60
8,차룡8교(수위계),2013-08-23,24,13,10,7,4,3,3,6,8,13,17,38,65,38,31,26,27,45,40,28,26,24,23,17
8,차룡8교(수위계),2013-08-24,13,13,19,25,38,29,32,25,32,38,30,29,30,18,14,12,10,9,8,8,7,7,6,5
8,차룡8교(수위계),2013-08-25,5,4,4,4,4,3,3,3,3,3,3,3,3,3,3,3,3,3,3,3,3,3,3,3
8,차룡8교(수위계),2013-08-26,3,3,3,3,3,3,3,3,3,3,3,3,3,3,3,3,3,3,3,3,3,3,3,3
8,차룡8교(수위계),2013-08-27,3,3,3,3,3,3,3,3,3,3,3,3,3,3,3,3,3,3,3,3,3,3,3,3
8,차룡8교(수위계),2013-08-28,3,3,3,4,3,3,3,3,7,24,28,13,8,6,5,4,3,3,3,3,3,3,3,3
8,차룡8교(수위계),2013-08-29,3,3,3,3,3,3,3,3,3,8,8,8,8,8,8,8,8,8,8,7,7,7,8,7
8,차룡8교(수위계),2013-08-30,7,7,7,7,7,7,8,7,7,7,8,7,8,8,8,8,8,7,7,8,8,7,7,7
8,차룡8교(수위계),2013-08-31,7,7,7,7,7,7,7,7,7,8,7,7,8,8,8,8,7,7,8,7,7,7,7,8
8,차룡8교(수위계),2013-09-01,8,8,8,7,7,7,7,8,8,7,8,7,8,7,7,7,7,7,7,7,7,7,7,7
8,차룡8교(수위계),2013-09-02,8,8,7,7,7,7,7,7,7,8,7,8,7,7,7,7,7,7,7,7,7,7,7,7
8,차룡8교(수위계),2013-09-03,7,7,8,8,8,7,7,7,8,8,8,7,7,7,7,7,7,7,7,8,8,7,7,7
8,차룡8교(수위계),2013-09-04,7,7,7,7,7,7,7,7,8,7,7,7,7,7,7,7,7,7,7,7,7,7,7,7
8,차룡8교(수위계),2013-09-05,7,7,7,7,7,7,7,7,7,7,7,7,7,7,7,7,7,7,7,7,7,7,7,7
8,차룡8교(수위계),2013-09-06,7,7,7,7,7,7,7,7,7,7,7,7,7,7,7,7,7,7,7,7,7,7,7,7
8,차룡8교(수위계),2013-09-07,7,7,7,7,7,8,8,8,7,7,7,7,7,8,7,7,7,7,7,8,7,7,7,7
8,차룡8교(수위계),2013-09-08,8,8,7,7,7,7,8,8,7,7,7,7,7,7,7,7,7,7,7,7,8,7,7,7
8,차룡8교(수위계),2013-09-09,7,7,7,7,8,8,8,7,7,7,7,7,7,7,7,7,7,7,7,7,7,7,7,7
8,차룡8교(수위계),2013-09-10,7,7,7,7,7,7,7,7,7,7,7,7,7,7,7,7,7,7,7,7,7,7,7,7
8,차룡8교(수위계),2013-09-11,7,7,7,7,7,7,7,7,7,7,7,7,7,7,7,7,7,7,7,7,7,7,7,7
8,차룡8교(수위계),2013-09-12,7,7,7,7,7,7,7,7,7,7,7,7,7,7,7,7,7,7,7,7,7,7,7,7
8,차룡8교(수위계),2013-09-13,7,7,7,7,7,7,7,7,7,7,7,7,7,7,7,7,7,7,7,7,7,7,7,7
8,차룡8교(수위계),2013-09-14,7,7,7,7,7,7,7,7,7,7,7,42,23,17,13,9,7,7,7,7,7,7,7,7
8,차룡8교(수위계),2013-09-15,7,7,7,7,7,7,7,7,7,7,7,7,7,7,7,7,7,7,7,7,7,7,7,7
8,차룡8교(수위계),2013-09-16,7,7,7,7,7,7,7,7,7,7,7,7,7,7,7,7,7,7,7,7,7,7,7,7
8,차룡8교(수위계),2013-09-17,7,7,7,7,7,7,7,7,7,7,7,7,7,7,7,7,7,7,7,7,7,7,7,7
8,차룡8교(수위계),2013-09-18,7,7,7,7,7,7,7,7,7,7,7,7,7,7,7,7,7,7,7,7,7,7,7,7
8,차룡8교(수위계),2013-09-19,7,7,7,7,7,7,7,7,7,7,7,7,7,7,7,7,7,7,7,7,7,7,7,7
8,차룡8교(수위계),2013-09-20,7,7,7,7,7,7,7,7,7,7,7,7,7,7,7,7,7,7,7,7,7,7,7,7
8,차룡8교(수위계),2013-09-21,7,7,7,7,7,7,7,7,7,7,7,7,7,7,7,7,7,7,7,7,7,7,7,7
8,차룡8교(수위계),2013-09-22,7,7,7,7,7,7,7,7,7,7,7,7,10,7,7,7,23,23,23,23,24,24,23,23
8,차룡8교(수위계),2013-09-23,23,23,23,24,20,151,151,151,125,304,9321,9321,9321,9321,9321,9321,9321,9321,9321,9321,9321,9321,9321,9321
8,차룡8교(수위계),2013-09-24,9321,9321,9321,0,9321,0,9321,9321,0,0,9321,9321,9321,9321,9321,9321,9321,9321,9321,9321,9321,9321,9321,9321
8,차룡8교(수위계),2013-09-25,9321,9321,9321,9321,9321,9321,9321,9321,0,9321,9321,9321,9321,9321,9321,9321,9321,9321,9321,9321,9321,9321,9321,0
8,차룡8교(수위계),2013-09-26,9321,0,9321,9321,9321,9321,9321,9321,9321,9321,9321,9321,9321,9321,9321,9321,9321,9321,9321,9321,9321,9321,9321,9321
8,차룡8교(수위계),2013-09-27,9321,9321,0,0,0,9321,9321,9321,9321,9321,9321,9321,9321,9321,9321,9321,9321,9321,9321,9321,9321,9321,9321,9321
8,차룡8교(수위계),2013-09-28,9321,9321,9321,9321,9321,9321,9321,9321,9321,9321,9321,9321,9321,9321,9321,9321,9321,9321,9321,9321,9321,9321,9321,9321
8,차룡8교(수위계),2013-09-29,9321,9321,9321,9321,9321,9321,9321,9321,9321,9321,9321,9321,9321,9321,9321,9321,9321,9321,9321,9321,9321,9321,9321,9321
8,차룡8교(수위계),2013-09-30,9321,9321,9321,9321,9321,9321,9321,9321,9321,9321,9321,9321,9321,9321,9321,9321,9321,9321,9321,9321,9321,9321,9321,0
8,차룡8교(수위계),2013-10-01,9321,9321,9321,9321,9321,9321,9321,9321,9321,9321,9321,9321,9321,9321,9321,9321,9321,9321,9321,9321,9321,9321,9321,9321
8,차룡8교(수위계),2013-10-02,9321,9321,9321,9321,9321,9321,9321,9321,9321,9321,9321,9321,9321,9321,9321,9321,9321,9321,9321,9321,9321,9321,9321,9321
8,차룡8교(수위계),2013-10-03,9321,9321,9321,9321,9321,9321,9321,9321,9321,9321,9321,9321,9321,9321,9321,9321,9321,9321,9321,9321,9321,9321,9321,9321
8,차룡8교(수위계),2013-10-04,9321,9321,9321,9321,9321,9321,9321,9321,9321,9321,9321,9321,9321,9321,9321,9321,9321,9321,9321,9321,9321,9321,9321,9321
8,차룡8교(수위계),2013-10-05,9321,9321,9321,9321,9321,9321,9321,9321,9321,9321,9321,9321,9321,9321,9321,9321,9321,9321,9321,9321,9321,9321,9321,9321
8,차룡8교(수위계),2013-10-06,9321,9321,9321,9321,9321,9321,9321,9321,9321,9321,9321,9321,9321,9321,9321,9321,9321,9321,9321,9321,9321,9321,9321,9321
8,차룡8교(수위계),2013-10-07,9321,9321,9321,9321,9321,9321,9321,9321,9321,9321,9321,9321,9321,9321,9321,9321,9321,9321,9321,9321,9321,9321,9321,9321
8,차룡8교(수위계),2013-10-08,9321,9321,9321,9321,9321,9321,9321,9321,9321,9321,9321,9321,9321,9321,9321,9321,9321,9321,9321,9321,9321,0,0,0
8,차룡8교(수위계),2013-10-09,9321,9321,9321,9321,9321,0,0,0,9321,9321,9321,9321,0,9321,9321,9321,9321,9321,9321,9321,9321,9321,0,9321
8,차룡8교(수위계),2013-10-10,9321,9321,0,0,0,9321,0,9321,9321,9321,9321,9321,0,9321,9321,9321,9321,9321,9321,9321,0,9321,9321,9321
8,차룡8교(수위계),2013-10-11,9321,9321,9321,9321,9321,9321,9321,9321,9321,9321,9321,9321,9321,9321,9321,9321,9321,9321,9321,9321,9321,9321,9321,9321
8,차룡8교(수위계),2013-10-12,9321,9321,9321,9321,9321,9321,9321,9321,9321,9321,9321,9321,9321,9321,9321,9321,9321,9321,9321,9321,9321,9321,9321,9321
8,차룡8교(수위계),2013-10-13,9321,9321,9321,9321,9321,9321,9321,9321,9321,9321,9321,9321,9321,9321,9321,9321,9321,9321,9321,9321,9321,9321,9321,9321
8,차룡8교(수위계),2013-10-14,9321,9321,9321,9321,9321,9321,9321,9321,9321,9321,9321,9321,9321,9321,9321,9321,9321,9321,9321,9321,9321,9321,9321,9321
8,차룡8교(수위계),2013-10-15,9321,9321,0,0,0,0,0,0,9321,9321,9321,9321,9321,9321,9321,9321,9321,9321,9321,9321,9321,9321,9321,9321
8,차룡8교(수위계),2013-10-16,9321,9321,9321,9321,9321,9321,9321,9321,9321,9321,9321,9321,9321,9321,9321,9321,9321,9321,9321,9321,9321,9321,9321,9321
8,차룡8교(수위계),2013-10-17,9321,9321,9321,9321,9321,9321,9321,9321,9321,9321,9321,9321,9321,9321,9321,9321,9321,9321,9321,9321,9321,9321,9321,9321
8,차룡8교(수위계),2013-10-18,9321,9321,9321,9321,0,9321,9321,9321,9321,9321,9321,9321,9321,9321,9321,9321,9321,9321,9321,9321,9321,9321,9321,9321
8,차룡8교(수위계),2013-10-19,9321,9321,9321,9321,9321,9321,9321,9321,9321,9321,9321,9321,9321,9321,9321,9321,9321,9321,9321,9321,9321,9321,9321,9321
8,차룡8교(수위계),2013-10-20,9321,9321,9321,9321,9321,9321,9321,9321,9321,9321,9321,9321,9321,9321,9321,9321,9321,9321,9321,9321,9321,9321,9321,9321
8,차룡8교(수위계),2013-10-21,9321,9321,9321,9321,9321,9321,9321,9321,9321,9321,9321,9321,9321,9321,9321,9321,9321,9321,9321,9321,9321,9321,9321,9321
8,차룡8교(수위계),2013-10-22,9321,9321,9321,9321,9321,9321,9321,9321,9321,9321,9321,9321,9321,9321,9321,9321,9321,9321,9321,9321,9321,9321,9321,9321
8,차룡8교(수위계),2013-10-23,9321,9321,9321,9321,9321,9321,9321,9321,9321,9321,9321,9321,9321,9321,9321,9321,9321,9321,9321,9321,9321,9321,9321,9321
8,차룡8교(수위계),2013-10-24,9321,9321,9321,9321,9321,9321,9321,9321,9321,9321,9321,9321,9321,9321,9321,9321,9321,9321,9321,9321,9321,9321,9321,9321
8,차룡8교(수위계),2013-10-25,9321,9321,9321,9321,9321,9321,9321,9321,9321,9321,9321,9321,9321,9321,9321,9321,9321,9321,9321,0,0,0,0,9321
8,차룡8교(수위계),2013-10-26,0,0,9321,9321,9321,9321,9321,9321,9321,9321,9321,9321,9321,9321,9321,9321,9321,9321,9321,9321,9321,9321,9321,9321
8,차룡8교(수위계),2013-10-27,9321,9321,9321,9321,9321,9321,9321,9321,9321,9321,9321,9321,9321,9321,9321,9321,9321,9321,9321,9321,9321,9321,9321,9321
8,차룡8교(수위계),2013-10-28,9321,9321,9321,9321,9321,9321,9321,9321,9321,9321,9321,9321,9321,9321,9321,9321,9321,9321,9321,9321,9321,9321,9321,9321
8,차룡8교(수위계),2013-10-29,9321,9321,9321,9321,9321,9321,9321,9321,9321,9321,9321,9321,9321,9321,9321,9321,9321,9321,9321,9321,9321,9321,9321,9321
8,차룡8교(수위계),2013-10-30,9321,0,0,0,9321,9321,0,0,0,9321,0,0,0,9321,9321,9321,9321,0,0,0,0,0,0,0
8,차룡8교(수위계),2013-10-31,0,9321,9321,9321,9321,9321,9321,9321,9321,9321,9321,9321,9321,9321,9321,9321,9321,9321,9321,9321,9321,9321,9321,9321
8,차룡8교(수위계),2013-11-01,9321,3219,9321,0,0,9321,9321,9321,9321,9321,9321,9321,9321,9321,9321,9321,9321,9321,9321,9321,9321,9321,9321,9321
8,차룡8교(수위계),2013-11-02,9321,9321,9321,9321,9321,9321,9321,9321,9321,9321,9321,9321,9321,9321,9321,9321,9321,9321,9321,9321,9321,9321,9321,9321
8,차룡8교(수위계),2013-11-03,9321,9321,9321,9321,9321,9321,9321,9321,9321,9321,9321,9321,9321,9321,9321,9321,9321,9321,9321,9321,9321,9321,9321,9321
8,차룡8교(수위계),2013-11-04,9321,9321,9321,9321,9321,9321,9321,0,0,9321,9321,9321,9321,9321,9321,9321,9321,9321,9321,0,0,0,0,0
8,차룡8교(수위계),2013-11-05,0,0,0,0,9321,9321,9321,9321,9321,9321,9321,9321,9321,9321,9321,9321,9321,9321,9321,9321,9321,9321,9321,9321
8,차룡8교(수위계),2013-11-06,9321,9321,0,0,0,0,0,9321,9321,9321,9321,9321,9321,9321,9321,9321,9321,9321,9321,9321,9321,9321,9321,9321
8,차룡8교(수위계),2013-11-07,9321,0,9321,9321,9321,9321,9321,9321,9321,9321,9321,9321,9321,9321,9321,9321,9321,9321,9321,9321,9321,9321,9321,9321
8,차룡8교(수위계),2013-11-08,9321,0,9321,9321,9321,9321,9321,9321,9321,9321,9321,9321,9321,9321,9321,9321,9321,9321,9321,9321,9321,9321,9321,9321
8,차룡8교(수위계),2013-11-09,9321,9321,9321,9321,9321,9321,9321,9321,9321,9321,9321,9321,9321,9321,9321,9321,9321,9321,9321,9321,9321,9321,9321,9321
8,차룡8교(수위계),2013-11-10,9321,0,9321,9321,9321,9321,9321,9321,9321,9321,9321,9321,9321,9321,9321,9321,9321,9321,9321,9321,9321,9321,9321,9321
8,차룡8교(수위계),2013-11-11,9321,9321,9321,9321,9321,9321,9321,9321,9321,9321,9321,9321,9321,9321,9321,9321,9321,9321,9321,9321,9321,9321,9321,9321
8,차룡8교(수위계),2013-11-12,9321,9321,9321,9321,9321,9321,9321,9321,9321,9321,9321,9321,9321,9321,9321,9321,9321,9321,9321,9321,0,0,0,0
8,차룡8교(수위계),2013-11-13,9321,9321,9321,9321,9321,9321,9321,9321,9321,9321,9321,9321,9321,9321,9321,9321,9321,9321,9321,9321,9321,9321,9321,9321
8,차룡8교(수위계),2013-11-14,9321,9321,9321,9321,9321,9321,9321,9321,9321,9321,9321,9321,9321,9321,9321,9321,9321,9321,9321,9321,9321,9321,9321,9321
8,차룡8교(수위계),2013-11-15,9321,9321,9321,9321,9321,9321,0,0,0,9321,9321,9321,9321,9321,9321,9321,9321,9321,9321,9321,9321,9321,9321,9321
8,차룡8교(수위계),2013-11-16,9321,0,0,0,0,0,0,0,0,9321,9321,9321,9321,9321,9321,9321,9321,9321,9321,9321,9321,9321,0,0
8,차룡8교(수위계),2013-11-17,0,0,9321,9321,9321,9321,9321,9321,9321,9321,9321,9321,9321,9321,9321,9321,9321,9321,9321,9321,9321,9321,9321,9321
8,차룡8교(수위계),2013-11-18,9321,9321,9321,9321,9321,9321,9321,9321,9321,9321,9321,9321,9321,9321,9321,9321,9321,9321,9321,9321,9321,9321,9321,9321
8,차룡8교(수위계),2013-11-19,9321,9321,9321,9321,9321,9321,9321,9321,9321,9321,9321,9321,9321,9321,9321,9321,9321,9321,9321,9321,9321,9321,9321,9321
8,차룡8교(수위계),2013-11-20,9321,9321,0,0,0,0,9321,9321,9321,9321,9321,9321,9321,9321,9321,9321,9321,9321,9321,9321,9321,9321,9321,9321
8,차룡8교(수위계),2013-11-21,9321,9321,9321,9321,9321,9321,9321,9321,9321,9321,9321,9321,9321,9321,9321,9321,9321,9321,9321,9321,9321,9321,9321,9321
8,차룡8교(수위계),2013-11-22,9321,9321,9321,9321,9321,9321,9321,9321,9321,9321,9321,9321,9321,9321,9321,9321,9321,9321,9321,9321,0,0,0,0
8,차룡8교(수위계),2013-11-23,9321,9321,9321,9321,9321,9321,9321,9321,9321,9321,9321,9321,9321,0,0,9321,9321,9321,9321,9321,9321,9321,9321,9321
8,차룡8교(수위계),2013-11-24,9321,9321,9321,9321,9321,9321,9321,9321,9321,9321,9321,9321,9321,9321,9321,9321,9321,9321,9321,9321,9321,9321,9321,9321
8,차룡8교(수위계),2013-11-25,9321,9321,9321,9321,9321,9321,9321,9321,9321,9321,9321,9321,9321,9321,9321,9321,9321,9321,9321,9321,9321,9321,9321,9321
8,차룡8교(수위계),2013-11-26,9321,9321,9321,9321,9321,9321,9321,9321,9321,9321,9321,9321,0,0,0,0,0,0,9321,9321,9321,9321,9321,9321
8,차룡8교(수위계),2013-11-27,9321,9321,9321,9321,9321,9321,9321,9321,9321,9321,9321,9321,9321,9321,9321,9321,9321,9321,9321,9321,9321,9321,9321,9321
8,차룡8교(수위계),2013-11-28,9321,9321,9321,9321,9321,9321,9321,9321,9321,9321,9321,9321,9321,0,0,0,0,0,0,0,0,0,0,0
8,차룡8교(수위계),2013-11-29,0,9321,9321,9321,9321,9321,9321,9321,9321,9321,9321,9321,9321,9321,9321,9321,9321,9321,9321,9321,9321,9321,9321,9321
8,차룡8교(수위계),2013-11-30,9321,9321,9321,9321,9321,9321,9321,9321,9321,9321,9321,9321,9321,9321,9321,9321,9321,9321,9321,9321,9321,9321,9321,0
8,차룡8교(수위계),2013-12-01,9321,9321,9321,9321,9321,9321,9321,9321,9321,9321,9321,9321,9321,9321,9321,9321,9321,9321,9321,9321,9321,9321,9321,9321
8,차룡8교(수위계),2013-12-02,9321,9321,9321,9321,9321,9321,9321,9321,9321,9321,9321,9321,9321,9321,9321,9321,9321,9321,9321,9321,9321,9321,9321,9321
8,차룡8교(수위계),2013-12-03,9321,9321,9321,9321,9321,9321,9321,9321,9321,9321,9321,9321,9321,9321,9321,9321,9321,9321,9321,9321,9321,9321,9321,9321
8,차룡8교(수위계),2013-12-04,9321,9321,9321,9321,9321,9321,9321,9321,9321,0,0,0,0,0,0,9321,9321,9321,9321,9321,9321,9321,9321,9321
8,차룡8교(수위계),2013-12-05,9321,9321,9321,9321,9321,9321,9321,9321,9321,9321,9321,9321,9321,9321,9321,9321,9321,9321,9321,9321,9321,9321,9321,9321
8,차룡8교(수위계),2013-12-06,9321,9321,9321,9321,9321,9321,9321,9321,9321,9321,9321,9321,9321,9321,9321,9321,9321,9321,9321,9321,9321,9321,9321,9321
8,차룡8교(수위계),2013-12-07,9321,9321,9321,9321,9321,9321,9321,9321,9321,9321,9321,9321,9321,9321,9321,9321,9321,9321,9321,9321,9321,9321,9321,9321
8,차룡8교(수위계),2013-12-08,9321,9321,9321,9321,9321,9321,9321,9321,9321,9321,9321,9321,9321,9321,9321,9321,9321,9321,9321,9321,9321,0,0,0
8,차룡8교(수위계),2013-12-09,9321,9321,9321,9321,9321,9321,9321,9321,9321,9321,9321,9321,9321,9321,9321,9321,9321,9321,9321,9321,9321,9321,9321,9321
8,차룡8교(수위계),2013-12-10,9321,9321,9321,9321,9321,9321,9321,9321,9321,9321,9321,9321,9321,9321,9321,9321,9321,9321,9321,9321,9321,9321,9321,9321
8,차룡8교(수위계),2013-12-11,9321,9321,0,0,0,0,0,0,0,0,0,0,0,0,9321,9321,9321,9321,9321,9321,9321,9321,9321,9321
8,차룡8교(수위계),2013-12-12,9321,9321,9321,9321,9321,9321,9321,9321,9321,9321,9321,9321,9321,9321,9321,9321,9321,9321,9321,9321,9321,9321,9321,9321
8,차룡8교(수위계),2013-12-13,9321,0,0,0,9321,9321,9321,0,0,0,0,0,0,0,0,0,9321,9321,9321,9321,9321,9321,9321,9321
8,차룡8교(수위계),2013-12-14,9321,9321,9321,9321,9321,9321,9321,9321,9321,9321,9321,9321,9321,9321,9321,9321,9321,9321,9321,9321,9321,9321,9321,9321
8,차룡8교(수위계),2013-12-15,9321,9321,9321,9321,9321,9321,9321,9321,9321,9321,9321,9321,9321,9321,9321,9321,9321,9321,9321,9321,9321,9321,9321,9321
8,차룡8교(수위계),2013-12-16,9321,9321,9321,9321,9321,9321,9321,9321,9321,9321,9321,9321,9321,9321,9321,9321,9321,9321,9321,9321,9321,9321,9321,9321
8,차룡8교(수위계),2013-12-17,9321,0,0,0,0,9321,9321,9321,9321,9321,9321,9321,9321,9321,9321,9321,9321,9321,9321,9321,9321,9321,9321,9321
8,차룡8교(수위계),2013-12-18,9321,9321,9321,9321,9321,0,0,0,0,0,0,0,0,9321,9321,9321,0,0,9321,9321,9321,9321,9321,9321
8,차룡8교(수위계),2013-12-19,9321,9321,9321,9321,9321,9321,9321,9321,9321,9321,9321,9321,9321,9321,9321,9321,9321,0,0,0,0,0,0,0
8,차룡8교(수위계),2013-12-20,0,0,0,0,0,9321,9321,9321,9321,9321,9321,9321,9321,9321,9321,9321,9321,9321,9321,9321,9321,9321,9321,9321
8,차룡8교(수위계),2013-12-21,9321,9321,9321,9321,9321,9321,9321,9321,9321,9321,9321,9321,9321,9321,9321,9321,9321,9321,9321,9321,9321,9321,9321,0
8,차룡8교(수위계),2013-12-22,9321,9321,9321,9321,9321,9321,9321,9321,9321,9321,9321,9321,9321,9321,9321,9321,9321,9321,9321,9321,9321,9321,9321,9321
8,차룡8교(수위계),2013-12-23,9321,9321,9321,9321,9321,9321,9321,9321,9321,9321,9321,9321,9321,9321,9321,9321,9321,9321,9321,9321,9321,9321,9321,9321
8,차룡8교(수위계),2013-12-24,9321,9321,9321,9321,9321,9321,9321,9321,9321,9321,9321,9321,9321,9321,9321,9321,9321,9321,9321,9321,9321,9321,9321,9321
8,차룡8교(수위계),2013-12-25,9321,9321,9321,9321,9321,9321,9321,9321,9321,9321,9321,9321,9321,9321,9321,9321,9321,9321,9321,9321,9321,9321,9321,9321
8,차룡8교(수위계),2013-12-26,9321,9321,9321,9321,9321,9321,9321,9321,9321,9321,9321,9321,9321,9321,9321,9321,9321,9321,9321,9321,9321,9321,9321,9321
8,차룡8교(수위계),2013-12-27,9321,9321,9321,9321,9321,0,0,0,0,0,0,0,9321,9321,9321,9321,9321,9321,9321,9321,0,0,0,0
8,차룡8교(수위계),2013-12-28,0,0,0,0,0,0,0,9321,9321,9321,9321,9321,9321,9321,9321,9321,9321,9321,9321,9321,9321,9321,9321,9321
8,차룡8교(수위계),2013-12-29,9321,9321,9321,9321,0,0,0,0,0,0,0,0,0,0,9321,9321,9321,9321,9321,9321,9321,9321,9321,9321
8,차룡8교(수위계),2013-12-30,9321,9321,0,0,0,0,0,0,0,0,0,0,0,0,0,0,9321,9321,9321,9321,9321,9321,9321,9321
8,차룡8교(수위계),2013-12-31,9321,9321,9321,9321,9321,9321,9321,9321,9321,9321,9321,9321,9321,9321,9321,9321,9321,9321,9321,9321,9321,9321,9321,0
8,차룡8교(수위계),2014-12-31,0,0,0,0,0,0,0,0,0,0,0,0,0,0,0,0,0,0,0,0,0,9321,9321,0
8,차룡8교(수위계),2015-01-01,0,9321,9321,9321,9321,9321,9321,9321,9321,9321,9321,9321,9321,9321,9321,9321,9321,9321,9321,9321,9321,9321,9321,9321
8,차룡8교(수위계),2015-01-02,9321,9321,9321,9321,9321,9321,9321,9321,9321,9321,9321,9321,9321,9321,9321,9321,9321,9321,9321,9321,9321,9321,9321,9321
8,차룡8교(수위계),2015-01-03,9321,9321,9321,9321,9321,9321,9321,9321,9321,9321,9321,9321,9321,9321,9321,9321,9321,9321,9321,9321,9321,9321,9321,9321
8,차룡8교(수위계),2015-01-04,9321,9321,9321,9321,9321,9321,9321,9321,9321,9321,9321,9321,9321,9321,9321,9321,9321,9321,9321,9321,9321,9321,9321,9321
8,차룡8교(수위계),2015-01-05,9321,9321,9321,9321,9321,9321,9321,9321,9321,9321,9321,9321,9321,9321,9321,9321,9321,9321,9321,9321,9321,9321,9321,9321
8,차룡8교(수위계),2015-01-06,9321,9321,9321,9321,9321,9321,9321,9321,9321,9321,9321,9321,9321,9321,9321,9321,9321,9321,9321,9321,9321,9321,9321,9321
8,차룡8교(수위계),2015-01-07,9321,9321,9321,9321,9321,9321,9321,9321,9321,9321,9321,9321,9321,-35760,9321,9321,9321,9321,9321,9321,9321,9321,9321,9321
8,차룡8교(수위계),2015-01-08,9321,9321,9321,9321,9321,9321,9321,9321,9321,9321,9321,9321,9321,9321,9321,9321,9321,9321,9321,9321,9321,9321,9321,9321
8,차룡8교(수위계),2015-01-09,9321,9321,9321,9321,9321,9321,9321,9321,9321,9321,9321,9321,9321,9321,9321,9321,9321,9321,9321,9321,9321,9321,9321,9321
8,차룡8교(수위계),2015-01-10,9321,9321,9321,9321,9321,9321,9321,9321,9321,9321,9321,9321,9321,9321,9321,9321,9321,9321,9321,9321,9321,9321,9321,9321
8,차룡8교(수위계),2015-01-11,9321,9321,9321,9321,9321,9321,9321,9321,9321,9321,9321,9321,9321,9321,9321,9321,9321,9321,9321,9321,9321,9321,9321,9321
8,차룡8교(수위계),2015-01-12,9321,9321,9321,9321,9321,9321,9321,9321,9321,9321,9321,9321,9321,9321,9321,9321,9321,9321,9321,9321,9321,9321,9321,9321
8,차룡8교(수위계),2015-01-13,9321,9321,9321,9321,9321,9321,9321,9321,9321,9321,9321,9321,9321,9321,9321,9321,9321,9321,9321,9321,9321,9321,9321,9321
8,차룡8교(수위계),2015-01-14,9321,9321,9321,9321,9321,9321,9321,9321,9321,9321,9321,9321,9321,9321,9321,9321,9321,9321,9321,9321,9321,9321,9321,9321
8,차룡8교(수위계),2015-01-15,9321,9321,9321,9321,9321,9321,9321,9321,9321,9321,9321,9321,9321,9321,9321,9321,9321,9321,9321,9321,9321,9321,9321,9321
8,차룡8교(수위계),2015-01-16,9321,9321,9321,9321,9321,9321,9321,9321,9321,9321,9321,9321,9321,9321,9321,9321,9321,9321,9321,9321,9321,9321,9321,9321
8,차룡8교(수위계),2015-01-17,9321,9321,9321,9321,9321,9321,9321,9321,9321,9321,9321,9321,9321,9321,9321,9321,9321,9321,9321,9321,9321,9321,9321,9321
8,차룡8교(수위계),2015-01-18,9321,9321,9321,9321,9321,9321,9321,9321,9321,9321,9321,9321,9321,9321,9321,9321,9321,9321,9321,9321,9321,9321,9321,9321
8,차룡8교(수위계),2015-01-19,9321,9321,9321,9321,9321,9321,9321,9321,9321,9321,9321,9321,9321,9321,9321,9321,9321,9321,9321,9321,9321,9321,9321,9321
8,차룡8교(수위계),2015-01-20,9321,9321,9321,9321,9321,9321,9321,9321,9321,9321,9321,9321,9321,9321,9321,9321,9321,9321,9321,9321,9321,9321,9321,9321
8,차룡8교(수위계),2015-01-21,9321,9321,9321,9321,9321,9321,9321,9321,9321,9321,9321,9321,9321,9321,9321,9321,9321,9321,9321,9321,9321,9321,9321,9321
8,차룡8교(수위계),2015-01-22,9321,9321,9321,9321,9321,9321,9321,9321,9321,9321,9321,9321,9321,9321,9321,9321,9321,9321,9321,9321,9321,9321,9321,9321
8,차룡8교(수위계),2015-01-23,9321,9321,9321,9321,9321,9321,9321,9321,9321,9321,9321,9321,9321,9321,9321,9321,9321,9321,9321,9321,9321,9321,9321,9321
8,차룡8교(수위계),2015-01-24,9321,9321,9321,9321,9321,9321,9321,9321,9321,9321,9321,9321,9321,9321,9321,9321,9321,9321,9321,9321,9321,9321,9321,9321
8,차룡8교(수위계),2015-01-25,9321,9321,9321,9321,9321,9321,9321,9321,9321,9321,9321,9321,9321,9321,9321,9321,9321,9321,9321,9321,9321,9321,9321,9321
8,차룡8교(수위계),2015-01-26,9321,9321,9321,9321,9321,9321,9321,9321,9321,9321,9321,9321,9321,9321,9321,9321,9321,9321,9321,9321,9321,9321,9321,9321
8,차룡8교(수위계),2015-01-27,9321,9321,9321,9321,9321,9321,9321,9321,9321,9321,9321,9321,9321,9321,9321,9321,9321,9321,9321,9321,9321,9321,9321,9321
8,차룡8교(수위계),2015-01-28,9321,9321,9321,9321,9321,9321,9321,9321,9321,9321,9321,9321,9321,9321,9321,9321,9321,9321,9321,9321,9321,9321,9321,9321
8,차룡8교(수위계),2015-01-29,9321,9321,9321,9321,9321,9321,9321,9321,9321,9321,9321,9321,9321,9321,9321,9321,9321,9321,9321,9321,9321,9321,9321,9321
8,차룡8교(수위계),2015-01-30,9321,9321,9321,9321,9321,9321,9321,9321,9321,9321,9321,9321,9321,9321,9321,9321,9321,9321,9321,9321,9321,9321,9321,9321
8,차룡8교(수위계),2015-01-31,9321,9321,9321,9321,9321,9321,9321,9321,9321,9321,9321,9321,9321,9321,9321,9321,9321,9321,9321,9321,9321,9321,9321,9321
8,차룡8교(수위계),2015-02-01,9321,9321,9321,9321,9321,9321,9321,9321,9321,9321,9321,9321,9321,9321,9321,9321,9321,9321,9321,9321,9321,9321,9321,9321
8,차룡8교(수위계),2015-02-02,9321,9321,9321,9321,9321,9321,9321,9321,9321,9321,9321,9321,9321,9321,9321,9321,9321,9321,9321,9321,9321,9321,9321,9321
8,차룡8교(수위계),2015-02-03,9321,9321,9321,9321,9321,9321,9321,9321,9321,9321,9321,9321,9321,9321,9321,9321,9321,9321,9321,9321,9321,9321,9321,9321
8,차룡8교(수위계),2015-02-04,9321,9321,9321,9321,9321,9321,9321,9321,9321,9321,9321,9321,9321,9321,9321,9321,9321,9321,9321,9321,9321,9321,9321,9321
8,차룡8교(수위계),2015-02-05,9321,9321,9321,9321,9321,9321,9321,9321,9321,9321,9321,9321,9321,9321,9321,9321,9321,9321,9321,9321,9321,9321,9321,9321
8,차룡8교(수위계),2015-02-06,9321,9321,9321,9321,9321,9321,9321,9321,9321,9321,9321,9321,9321,9321,9321,9321,9321,9321,9321,9321,9321,9321,9321,9321
8,차룡8교(수위계),2015-02-07,9321,9321,9321,9321,9321,9321,9321,9321,9321,9321,9321,9321,9321,9321,9321,9321,9321,9321,9321,9321,9321,9321,9321,9321
8,차룡8교(수위계),2015-02-08,9321,9321,9321,9321,9321,9321,9321,9321,9321,9321,9321,9321,9321,9321,9321,9321,9321,9321,9321,9321,9321,9321,9321,9321
8,차룡8교(수위계),2015-02-09,9321,9321,9321,9321,9321,9321,9321,9321,9321,9321,9321,9321,9321,9321,9321,9321,9321,9321,9321,9321,9321,9321,9321,9321
8,차룡8교(수위계),2015-02-10,9321,9321,9321,9321,9321,9321,9321,9321,9321,9321,9321,9321,9321,9321,9321,9321,9321,9321,9321,9321,9321,9321,9321,9321
8,차룡8교(수위계),2015-02-11,9321,9321,9321,9321,9321,9321,9321,9321,9321,9321,9321,9321,9321,9321,9321,9321,9321,9321,9321,9321,-35760,9321,9321,9321
8,차룡8교(수위계),2015-02-12,9321,9321,9321,9321,9321,9321,9321,9321,9321,9321,9321,9321,9321,9321,9321,9321,9321,9321,9321,9321,9321,9321,9321,9321
8,차룡8교(수위계),2015-02-13,9321,9321,9321,9321,9321,9321,9321,9321,9321,9321,9321,9321,9321,9321,9321,9321,9321,9321,9321,9321,9321,9321,9321,9321
8,차룡8교(수위계),2015-02-14,9321,9321,9321,9321,9321,9321,9321,9321,9321,9321,9321,9321,9321,9321,9321,9321,9321,9321,9321,9321,9321,9321,9321,9321
8,차룡8교(수위계),2015-02-15,9321,9321,9321,9321,9321,9321,9321,9321,9321,9321,9321,9321,9321,9321,9321,9321,9321,9321,9321,9321,9321,9321,9321,9321
8,차룡8교(수위계),2015-02-16,9321,9321,9321,9321,9321,9321,9321,9321,9321,9321,9321,9321,9321,9321,9321,9321,9321,9321,9321,9321,9321,9321,9321,9321
8,차룡8교(수위계),2015-02-17,9321,9321,9321,9321,9321,9321,9321,9321,9321,9321,9321,9321,9321,9321,9321,9321,9321,9321,9321,9321,9321,9321,9321,9321
8,차룡8교(수위계),2015-02-18,9321,9321,9321,9321,9321,9321,9321,9321,9321,9321,9321,9321,9321,9321,9321,9321,9321,9321,9321,9321,9321,9321,9321,9321
8,차룡8교(수위계),2015-02-19,9321,9321,9321,9321,9321,9321,9321,9321,9321,9321,9321,9321,9321,9321,9321,9321,9321,9321,9321,9321,9321,9321,9321,9321
8,차룡8교(수위계),2015-02-20,9321,9321,9321,9321,9321,9321,9321,9321,9321,9321,9321,9321,9321,9321,9321,9321,9321,9321,9321,9321,9321,9321,9321,9321
8,차룡8교(수위계),2015-02-21,9321,9321,9321,9321,9321,9321,-35760,9321,9321,9321,9321,9321,9321,9321,9321,9321,9321,9321,9321,9321,9321,9321,9321,9321
8,차룡8교(수위계),2015-02-22,9321,9321,9321,9321,9321,9321,9321,9321,9321,9321,9321,9321,9321,9321,9321,9321,9321,9321,9321,9321,9321,9321,9321,9321
8,차룡8교(수위계),2015-02-23,9321,9321,9321,9321,9321,9321,9321,9321,9321,9321,9321,9321,9321,9321,9321,9321,9321,9321,9321,9321,9321,9321,9321,9321
8,차룡8교(수위계),2015-02-24,9321,9321,9321,9321,9321,9321,9321,9321,9321,-35760,9321,9321,9321,9321,9321,9321,9321,9321,9321,9321,9321,9321,9321,9321
8,차룡8교(수위계),2015-02-25,9321,9321,9321,9321,9321,9321,9321,9321,9321,9321,9321,9321,9321,9321,9321,9321,9321,9321,9321,9321,9321,9321,9321,9321
8,차룡8교(수위계),2015-02-26,9321,9321,9321,9321,9321,9321,9321,9321,9321,9321,9321,9321,9321,9321,9321,9321,9321,9321,9321,9321,9321,9321,9321,9321
8,차룡8교(수위계),2015-02-27,9321,9321,9321,9321,9321,0,0,9321,9321,9321,9321,9321,9321,9321,9321,9321,9321,9321,9321,9321,9321,9321,9321,9321
8,차룡8교(수위계),2015-02-28,9321,9321,9321,9321,9321,9321,9321,9321,9321,9321,9321,9321,9321,9321,9321,9321,9321,9321,9321,9321,9321,9321,9321,2
8,차룡8교(수위계),2015-03-01,9321,9321,9321,9321,9321,9321,9321,9321,9321,9321,9321,9321,9321,9321,9321,9321,9321,9321,9321,9321,9321,9321,9321,9321
8,차룡8교(수위계),2015-03-02,9321,9321,9321,9321,9321,9321,9321,9321,9321,9321,9321,9321,9321,9321,9321,9321,9321,9321,9321,9321,9321,9321,9321,9321
8,차룡8교(수위계),2015-03-03,9321,9321,9321,9321,9321,9321,9321,9321,9321,9321,9321,9321,9321,9321,9321,9321,9321,9321,9321,9321,9321,9321,9321,9321
8,차룡8교(수위계),2015-03-04,9321,9321,9321,9321,9321,9321,9321,9321,9321,9321,9321,9321,9321,9321,9321,9321,9321,9321,9321,9321,9321,9321,9321,9321
8,차룡8교(수위계),2015-03-05,9321,9321,9321,9321,9321,9321,9321,9321,9321,9321,9321,9321,9321,9321,9321,9321,9321,9321,9321,9321,9321,9321,9321,9321
8,차룡8교(수위계),2015-03-06,9321,9321,9321,9321,9321,9321,9321,9321,9321,9321,9321,9321,9321,9321,9321,9321,9321,9321,9321,9321,9321,9321,9321,9321
8,차룡8교(수위계),2015-03-07,9321,9321,9321,9321,9321,9321,9321,9321,9321,9321,9321,9321,9321,9321,9321,9321,9321,9321,9321,9321,9321,9321,9321,9321
8,차룡8교(수위계),2015-03-08,9321,9321,9321,9321,9321,9321,9321,9321,9321,9321,9321,9321,9321,9321,9321,9321,9321,9321,9321,9321,9321,9321,9321,9321
8,차룡8교(수위계),2015-03-09,9321,9321,9321,9321,9321,9321,9321,9321,9321,9321,9321,9321,9321,9321,9321,9321,9321,9321,9321,9321,9321,9321,9321,9321
8,차룡8교(수위계),2015-03-10,9321,9321,9321,9321,9321,9321,9321,9321,9321,9321,9321,9321,9321,9321,9321,9321,9321,9321,9321,9321,9321,9321,9321,9321
8,차룡8교(수위계),2015-03-11,9321,9321,9321,9321,9321,9321,9321,9321,9321,9321,9321,9321,9321,9321,9321,9321,9321,9321,9321,9321,9321,9321,9321,9321
8,차룡8교(수위계),2015-03-12,9321,9321,9321,9321,9321,9321,9321,9321,9321,9321,9321,9321,9321,9321,9321,9321,9321,9321,9321,9321,9321,9321,9321,9321
8,차룡8교(수위계),2015-03-13,9321,9321,9321,9321,9321,9321,9321,9321,9321,9321,9321,9321,9321,9321,9321,9321,9321,9321,9321,9321,9321,9321,9321,9321
8,차룡8교(수위계),2015-03-14,9321,9321,9321,9321,9321,9321,9321,9321,9321,9321,9321,9321,9321,9321,9321,9321,9321,9321,9321,9321,9321,9321,9321,9321
8,차룡8교(수위계),2015-03-15,9321,9321,9321,9321,9321,9321,9321,9321,9321,9321,9321,9321,9321,9321,9321,9321,9321,9321,9321,9321,9321,9321,9321,9321
8,차룡8교(수위계),2015-03-16,9321,9321,9321,9321,9321,9321,9321,9321,9321,9321,9321,9321,9321,9321,9321,9321,9321,9321,9321,9321,9321,9321,9321,9321
8,차룡8교(수위계),2015-03-17,9321,9321,9321,9321,9321,9321,9321,9321,9321,9321,9321,9321,9321,9321,9321,9321,9321,9321,9321,9321,9321,9321,9321,9321
8,차룡8교(수위계),2015-03-18,9321,9321,9321,9321,9321,9321,9321,9321,9321,9321,9321,9321,9321,9321,9321,9321,9321,9321,9321,9321,9321,9321,9321,9321
8,차룡8교(수위계),2015-03-19,9321,9321,9321,9321,9321,9321,9321,9321,9321,9321,9321,9321,9321,9321,9321,9321,9321,9321,9321,9321,9321,9321,9321,9321
8,차룡8교(수위계),2015-03-20,9321,9321,9321,9321,9321,9321,9321,9321,9321,9321,9321,9321,9321,9321,9321,9321,9321,9321,9321,9321,9321,9321,9321,9321
8,차룡8교(수위계),2015-03-21,-35760,9321,9321,9321,9321,9321,9321,9321,9321,9321,9321,9321,9321,9321,9321,9321,9321,9321,9321,9321,9321,9321,9321,9321
8,차룡8교(수위계),2015-03-22,9321,9321,9321,9321,9321,9321,9321,9321,9321,9321,9321,9321,9321,9321,9321,9321,9321,9321,9321,9321,9321,9321,9321,9321
8,차룡8교(수위계),2015-03-23,9321,9321,9321,9321,9321,9321,9321,9321,9321,9321,9321,9321,9321,9321,9321,9321,9321,9321,9321,9321,9321,9321,9321,9321
8,차룡8교(수위계),2015-03-24,9321,9321,9321,9321,9321,9321,9321,9321,9321,9321,9321,9321,9321,9321,9321,9321,9321,9321,9321,9321,9321,9321,9321,9321
8,차룡8교(수위계),2015-03-25,9321,9321,9321,9321,9321,9321,9321,9321,9321,9321,9321,9321,9321,9321,9321,9321,9321,9321,9321,9321,9321,9321,9321,9321
8,차룡8교(수위계),2015-03-26,9321,9321,9321,9321,9321,9321,9321,9321,9321,9321,9321,9321,9321,9321,9321,9321,9321,9321,9321,9321,9321,9321,9321,9321
8,차룡8교(수위계),2015-03-27,9321,9321,9321,9321,9321,9321,9321,9321,9321,9321,9321,9321,9321,9321,9321,9321,9321,9321,9321,9321,9321,9321,9321,9321
8,차룡8교(수위계),2015-03-28,9321,9321,9321,9321,9321,9321,9321,9321,9321,9321,9321,9321,9321,9321,9321,9321,9321,9321,9321,9321,9321,9321,9321,9321
8,차룡8교(수위계),2015-03-29,9321,9321,9321,9321,9321,9321,9321,9321,9321,9321,9321,9321,9321,9321,9321,9321,9321,9321,9321,9321,9321,9321,9321,9321
8,차룡8교(수위계),2015-03-30,9321,9321,9321,9321,9321,9321,9321,9321,9321,9321,9321,9321,9321,9321,9321,9321,9321,9321,9321,9321,9321,9321,9321,9321
8,차룡8교(수위계),2015-03-31,9321,9321,9321,9321,9321,9321,9321,9321,9321,9321,9321,9321,9321,9321,9321,9321,9321,9321,9321,9321,9321,9321,9321,9321
8,차룡8교(수위계),2015-04-01,9321,9321,9321,9321,9321,9321,9321,9321,9321,9321,9321,9321,9321,9321,9321,9321,9321,9321,9321,9321,9321,9321,9321,9321
8,차룡8교(수위계),2015-04-02,9321,9321,9321,9321,9321,9321,9321,9321,9321,9321,9321,9321,9321,9321,9321,9321,9321,9321,9321,9321,9321,9321,9321,9321
8,차룡8교(수위계),2015-04-03,9321,9321,9321,9321,9321,9321,9321,9321,9321,9321,9321,9321,9321,9321,9321,9321,9321,9321,9321,9321,9321,9321,9321,9321
8,차룡8교(수위계),2015-04-04,9321,9321,9321,9321,9321,9321,9321,9321,9321,9321,9321,9321,9321,9321,9321,9321,9321,9321,9321,9321,9321,9321,9321,9321
8,차룡8교(수위계),2015-04-05,9321,9321,9321,9321,9321,9321,9321,9321,9321,9321,9321,9321,9321,9321,9321,9321,9321,9321,9321,9321,9321,9321,9321,9321
8,차룡8교(수위계),2015-04-06,9321,9321,9321,9321,9321,9321,9321,9321,9321,9321,9321,9321,9321,9321,9321,9321,9321,9321,9321,9321,9321,9321,9321,9321
8,차룡8교(수위계),2015-04-07,9321,9321,9321,9321,9321,9321,9321,9321,9321,9321,9321,9321,9321,9321,9321,9321,9321,9321,9321,9321,9321,9321,9321,9321
8,차룡8교(수위계),2015-04-08,9321,9321,9321,9321,9321,9321,9321,9321,9321,9321,9321,9321,9321,9321,9321,9321,9321,9321,9321,9321,9321,9321,9321,9321
8,차룡8교(수위계),2015-04-09,9321,9321,9321,9321,9321,9321,9321,9321,9321,9321,9321,9321,9321,9321,9321,9321,9321,9321,9321,9321,9321,9321,9321,9321
8,차룡8교(수위계),2015-04-10,9321,9321,9321,9321,9321,9321,9321,9321,9321,9321,9321,9321,9321,9321,9321,9321,9321,9321,9321,9321,9321,9321,9321,9321
8,차룡8교(수위계),2015-04-11,9321,9321,9321,9321,9321,9321,9321,9321,9321,9321,9321,9321,9321,9321,9321,9321,9321,9321,9321,9321,9321,9321,9321,9321
8,차룡8교(수위계),2015-04-12,9321,9321,9321,9321,9321,9321,9321,9321,9321,9321,9321,9321,9321,9321,9321,9321,9321,9321,9321,9321,9321,9321,9321,9321
8,차룡8교(수위계),2015-04-13,9321,9321,9321,9321,9321,9321,9321,9321,9321,9321,9321,9321,9321,9321,9321,9321,9321,9321,9321,9321,9321,9321,9321,9321
8,차룡8교(수위계),2015-04-14,9321,9321,9321,9321,9321,9321,9321,9321,9321,9321,9321,9321,9321,9321,9321,9321,9321,9321,9321,9321,9321,9321,9321,9321
8,차룡8교(수위계),2015-04-15,9321,9321,9321,9321,9321,9321,9321,9321,9321,9321,9321,9321,9321,9321,9321,9321,9321,9321,9321,9321,9321,9321,9321,9321
8,차룡8교(수위계),2015-04-16,9321,9321,9321,9321,9321,9321,9321,9321,9321,9321,9321,9321,9321,9321,9321,9321,9321,9321,9321,9321,9321,9321,9321,9321
8,차룡8교(수위계),2015-04-17,9321,9321,9321,9321,9321,9321,9321,9321,9321,9321,9321,9321,9321,9321,9321,9321,9321,9321,9321,9321,9321,9321,9321,9321
8,차룡8교(수위계),2015-04-18,9321,9321,9321,9321,9321,9321,9321,9321,9321,9321,9321,9321,9321,9321,9321,9321,9321,9321,9321,9321,9321,9321,9321,9321
8,차룡8교(수위계),2015-04-19,9321,9321,9321,9321,9321,9321,9321,9321,9321,9321,9321,9321,9321,9321,9321,9321,9321,9321,9321,9321,9321,9321,9321,9321
8,차룡8교(수위계),2015-04-20,9321,9321,9321,9321,9321,9321,9321,9321,9321,9321,9321,9321,9321,9321,9321,9321,9321,9321,9321,9321,9321,9321,9321,9321
8,차룡8교(수위계),2015-04-21,9321,9321,9321,9321,9321,9321,9321,9321,9321,9321,9321,9321,9321,9321,9321,9321,9321,9321,9321,9321,9321,9321,9321,9321
8,차룡8교(수위계),2015-04-22,9321,9321,9321,9321,9321,9321,9321,9321,9321,9321,9321,9321,9321,9321,9321,9321,9321,9321,9321,9321,9321,9321,9321,9321
8,차룡8교(수위계),2015-04-23,9321,9321,9321,9321,9321,9321,9321,9321,9321,9321,9321,9321,9321,9321,9321,9321,9321,9321,9321,9321,9321,9321,9321,9321
8,차룡8교(수위계),2015-04-24,9321,9321,9321,9321,9321,9321,9321,9321,9321,9321,9321,9321,9321,9321,9321,9321,9321,9321,9321,9321,9321,9321,9321,9321
8,차룡8교(수위계),2015-04-25,9321,9321,9321,9321,9321,9321,9321,9321,9321,9321,9321,9321,9321,9321,9321,9321,9321,9321,9321,9321,9321,9321,9321,9321
8,차룡8교(수위계),2015-04-26,9321,9321,9321,9321,9321,9321,9321,9321,9321,9321,9321,9321,9321,9321,9321,9321,9321,9321,9321,9321,9321,9321,9321,9321
8,차룡8교(수위계),2015-04-27,9321,9321,9321,9321,9321,9321,9321,9321,9321,9321,9321,9321,9321,9321,9321,9321,9321,9321,9321,9321,9321,9321,9321,9321
8,차룡8교(수위계),2015-04-28,9321,9321,9321,9321,9321,9321,9321,9321,9321,9321,9321,9321,9321,9321,9321,9321,9321,9321,9321,9321,9321,9321,9321,9321
8,차룡8교(수위계),2015-04-29,9321,9321,9321,9321,9321,9321,9321,9321,9321,9321,9321,9321,9321,9321,9321,9321,9321,9321,9321,9321,9321,9321,9321,9321
8,차룡8교(수위계),2015-04-30,9321,9321,9321,9321,9321,9321,9321,9321,9321,9321,9321,9321,9321,9321,9321,9321,9321,9321,9321,9321,9321,9321,9321,0
8,차룡8교(수위계),2015-05-01,9321,9321,9321,9321,9321,9321,9321,9321,9321,9321,9321,9321,9321,9321,9321,9321,9321,9321,9321,9321,9321,9321,9321,9321
8,차룡8교(수위계),2015-05-02,9321,9321,9321,9321,9321,9321,9321,9321,9321,9321,9321,9321,9321,9321,9321,9321,9321,9321,9321,9321,9321,9321,9321,9321
8,차룡8교(수위계),2015-05-03,9321,9321,9321,9321,9321,9321,9321,9321,9321,9321,9321,9321,9321,9321,9321,9321,9321,9321,9321,9321,9321,9321,9321,9321
8,차룡8교(수위계),2015-05-04,9321,9321,9321,9321,9321,9321,9321,9321,9321,9321,9321,9321,9321,9321,9321,9321,9321,9321,9321,9321,9321,9321,9321,9321
8,차룡8교(수위계),2015-05-05,9321,9321,9321,9321,9321,9321,9321,9321,9321,9321,9321,9321,9321,9321,9321,9321,9321,9321,9321,9321,9321,9321,9321,9321
8,차룡8교(수위계),2015-05-06,9321,9321,9321,9321,9321,9321,9321,9321,9321,9321,9321,9321,9321,9321,9321,9321,9321,9321,9321,9321,9321,9321,9321,9321
8,차룡8교(수위계),2015-05-07,9321,9321,9321,9321,9321,9321,9321,9321,9321,9321,9321,9321,9321,9321,9321,9321,9321,9321,9321,9321,9321,9321,9321,9321
8,차룡8교(수위계),2015-05-08,9321,9321,9321,9321,9321,9321,9321,9321,9321,9321,9321,9321,9321,9321,9321,9321,9321,9321,9321,9321,9321,9321,9321,9321
8,차룡8교(수위계),2015-05-09,9321,9321,9321,9321,9321,9321,9321,9321,9321,9321,9321,9321,9321,9321,9321,9321,9321,9321,9321,9321,9321,9321,9321,9321
8,차룡8교(수위계),2015-05-10,9321,9321,9321,9321,9321,9321,9321,9321,9321,9321,9321,9321,9321,9321,9321,9321,9321,9321,9321,9321,9321,9321,9321,9321
8,차룡8교(수위계),2015-05-11,9321,9321,9321,9321,9321,9321,9321,9321,9321,9321,9321,9321,9321,9321,9321,9321,9321,9321,9321,9321,9321,9321,9321,9321
8,차룡8교(수위계),2015-05-12,9321,9321,9321,9321,9321,9321,9321,9321,9321,9321,9321,9321,9321,9321,9321,9321,9321,9321,9321,9321,9321,9321,9321,9321
8,차룡8교(수위계),2015-05-13,9321,9321,9321,9321,9321,9321,9321,9321,9321,9321,9321,9321,9321,9321,9321,9321,9321,9321,9321,9321,9321,9321,9321,9321
8,차룡8교(수위계),2015-05-14,9321,9321,9321,9321,9321,9321,9321,9321,9321,9321,9321,9321,9321,9321,9321,9321,9321,9321,9321,9321,9321,9321,9321,9321
8,차룡8교(수위계),2015-05-15,9321,9321,9321,9321,9321,9321,9321,9321,9321,9321,9321,9321,9321,9321,9321,9321,9321,9321,9321,9321,9321,9321,9321,9321
8,차룡8교(수위계),2015-05-16,9321,9321,9321,9321,9321,9321,9321,9321,9321,9321,9321,9321,9321,9321,9321,9321,9321,9321,9321,9321,9321,9321,9321,9321
8,차룡8교(수위계),2015-05-17,9321,9321,9321,9321,9321,9321,9321,9321,9321,9321,9321,9321,9321,9321,9321,9321,9321,9321,9321,9321,9321,9321,9321,9321
8,차룡8교(수위계),2015-05-18,9321,9321,9321,9321,9321,9321,9321,9321,9321,9321,9321,9321,9321,9321,9321,9321,9321,9321,9321,9321,9321,9321,9321,9321
8,차룡8교(수위계),2015-05-19,9321,9321,9321,9321,9321,9321,9321,9321,9321,9321,9321,9321,9321,9321,9321,9321,9321,9321,9321,9321,9321,9321,9321,9321
8,차룡8교(수위계),2015-05-20,9321,9321,9321,9321,9321,9321,9321,9321,9321,9321,9321,9321,9321,9321,9321,9321,9321,9321,9321,9321,9321,9321,9321,9321
8,차룡8교(수위계),2015-05-21,9321,9321,9321,9321,9321,9321,9321,9321,9321,9321,9321,9321,9321,9321,9321,9321,9321,9321,9321,9321,9321,9321,9321,9321
8,차룡8교(수위계),2015-05-22,9321,9321,9321,9321,9321,9321,9321,9321,9321,9321,9321,9321,9321,9321,9321,9321,9321,9321,9321,9321,9321,9321,9321,9321
8,차룡8교(수위계),2015-05-23,9321,9321,9321,9321,9321,9321,9321,9321,9321,9321,9321,9321,9321,9321,9321,9321,9321,9321,9321,9321,9321,9321,9321,9321
8,차룡8교(수위계),2015-05-24,9321,9321,9321,9321,9321,9321,9321,9321,9321,9321,9321,9321,9321,9321,9321,9321,9321,9321,9321,9321,9321,9321,9321,9321
8,차룡8교(수위계),2015-05-25,9321,9321,9321,9321,9321,9321,9321,9321,9321,9321,9321,9321,9321,9321,9321,9321,9321,9321,9321,9321,9321,9321,9321,9321
8,차룡8교(수위계),2015-05-26,9321,9321,9321,9321,9321,9321,9321,9321,9321,9321,9321,9321,9321,9321,9321,9321,9321,9321,9321,9321,9321,9321,9321,9321
8,차룡8교(수위계),2015-05-27,9321,9321,9321,9321,9321,9321,9321,9321,9321,9321,9321,9321,9321,9321,9321,9321,9321,9321,9321,9321,9321,9321,9321,9321
8,차룡8교(수위계),2015-05-28,9321,9321,9321,9321,9321,9321,9321,9321,9321,9321,9321,9321,9321,9321,9321,9321,9321,9321,9321,9321,9321,9321,9321,9321
8,차룡8교(수위계),2015-05-29,9321,9321,9321,9321,9321,9321,9321,9321,9321,9321,9321,9321,9321,9321,9321,9321,9321,9321,9321,9321,9321,9321,9321,9321
8,차룡8교(수위계),2015-05-30,9321,9321,9321,9321,9321,9321,9321,9321,9321,9321,9321,9321,9321,9321,9321,9321,9321,9321,9321,9321,9321,9321,9321,9321
8,차룡8교(수위계),2015-05-31,9321,9321,9321,9321,9321,9321,9321,9321,9321,9321,9321,9321,9321,9321,9321,9321,9321,9321,9321,9321,9321,9321,9321,9321
8,차룡8교(수위계),2015-06-01,9321,9321,9321,9321,9321,9321,9321,9321,9321,9321,9321,9321,9321,9321,9321,9321,9321,9321,9321,9321,9321,9321,9321,9321
8,차룡8교(수위계),2015-06-02,9321,9321,9321,9321,9321,9321,9321,9321,9321,9321,9321,9321,9321,9321,9321,9321,9321,9321,9321,9321,9321,9321,9321,9321
8,차룡8교(수위계),2015-06-03,9321,9321,9321,9321,9321,9321,9321,9321,9321,9321,9321,9321,9321,9321,9321,9321,9321,9321,9321,9321,9321,9321,9321,9321
8,차룡8교(수위계),2015-06-04,9321,9321,9321,9321,9321,9321,9321,9321,9321,9321,9321,9321,9321,9321,9321,9321,9321,9321,9321,9321,9321,9321,9321,9321
8,차룡8교(수위계),2015-06-05,9321,9321,9321,9321,9321,9321,9321,9321,9321,9321,9321,9321,9321,9321,9321,9321,9321,9321,9321,9321,9321,9321,9321,9321
8,차룡8교(수위계),2015-06-06,9321,9321,9321,9321,9321,9321,9321,9321,9321,9321,9321,9321,9321,9321,9321,9321,9321,9321,9321,9321,9321,9321,9321,9321
8,차룡8교(수위계),2015-06-07,9321,9321,9321,9321,9321,9321,9321,9321,9321,9321,9321,9321,9321,9321,9321,9321,9321,9321,9321,9321,9321,9321,9321,9321
8,차룡8교(수위계),2015-06-08,9321,9321,9321,9321,9321,9321,9321,9321,9321,9321,9321,9321,9321,9321,9321,9321,9321,9321,9321,9321,9321,9321,9321,9321
8,차룡8교(수위계),2015-06-09,9321,9321,9321,9321,9321,9321,9321,9321,9321,9321,9321,9321,9321,9321,9321,9321,9321,9321,9321,9321,9321,9321,9321,9321
8,차룡8교(수위계),2015-06-10,9321,9321,9321,9321,9321,9321,9321,9321,9321,9321,9321,9321,9321,9321,9321,9321,9321,9321,9321,9321,9321,9321,9321,9321
8,차룡8교(수위계),2015-06-11,9321,9321,9321,9321,9321,9321,9321,9321,9321,9321,9321,9321,9321,9321,9321,9321,9321,9321,9321,9321,9321,9321,9321,9321
8,차룡8교(수위계),2015-06-12,9321,9321,9321,9321,9321,9321,9321,9321,9321,9321,9321,9321,9321,9321,9321,9321,9321,9321,9321,9321,9321,9321,9321,9321
8,차룡8교(수위계),2015-06-13,9321,9321,9321,9321,9321,9321,9321,9321,9321,9321,9321,9321,9321,9321,9321,9321,9321,9321,9321,9321,9321,9321,9321,9321
8,차룡8교(수위계),2015-06-14,9321,9321,9321,9321,9321,9321,9321,9321,9321,9321,9321,9321,9321,9321,9321,9321,9321,9321,9321,9321,9321,9321,9321,9321
8,차룡8교(수위계),2015-06-15,9321,9321,9321,9321,9321,9321,9321,9321,9321,9321,9321,9321,9321,9321,9321,9321,9321,9321,9321,9321,9321,9321,9321,9321
8,차룡8교(수위계),2015-06-16,9321,9321,9321,9321,9321,9321,9321,9321,9321,9321,9321,9321,9321,9321,9321,9321,9321,9321,9321,9321,9321,9321,9321,9321
8,차룡8교(수위계),2015-06-17,9321,9321,9321,9321,9321,9321,9321,9321,9321,9321,9321,9321,9321,9321,9321,9321,9321,9321,9321,9321,9321,9321,9321,9321
8,차룡8교(수위계),2015-06-18,9321,9321,9321,9321,9321,9321,9321,9321,9321,9321,9321,9321,9321,9321,9321,9321,9321,9321,9321,9321,9321,9321,9321,9321
8,차룡8교(수위계),2015-06-19,9321,9321,9321,9321,9321,9321,9321,9321,9321,9321,9321,9321,9321,9321,9321,9321,9321,9321,9321,9321,9321,9321,9321,9321
8,차룡8교(수위계),2015-06-20,9321,9321,9321,9321,9321,9321,9321,9321,9321,9321,9321,9321,9321,9321,9321,9321,9321,9321,9321,9321,9321,9321,9321,9321
8,차룡8교(수위계),2015-06-21,9321,9321,9321,9321,9321,9321,9321,9321,9321,9321,9321,9321,9321,9321,9321,9321,9321,9321,9321,9321,9321,9321,9321,9321
8,차룡8교(수위계),2015-06-22,9321,9321,9321,9321,9321,9321,9321,9321,9321,9321,9321,9321,9321,9321,9321,9321,9321,9321,9321,9321,9321,9321,9321,9321
8,차룡8교(수위계),2015-06-23,9321,9321,9321,9321,9321,9321,9321,9321,9321,9321,9321,9321,9321,9321,9321,9321,9321,9321,9321,9321,9321,9321,9321,9321
8,차룡8교(수위계),2015-06-24,9321,9321,9321,9321,9321,9321,9321,9321,9321,9321,9321,9321,9321,9321,9321,9321,9321,9321,9321,9321,9321,9321,9321,9321
8,차룡8교(수위계),2015-06-25,9321,9321,9321,9321,9321,9321,9321,9321,9321,9321,9321,9321,9321,9321,9321,9321,9321,9321,9321,9321,9321,9321,9321,9321
8,차룡8교(수위계),2015-06-26,9321,9321,9321,9321,9321,9321,9321,9321,9321,9321,9321,9321,9321,9321,9321,9321,9321,9321,9321,9321,9321,9321,9321,9321
8,차룡8교(수위계),2015-06-27,9321,9321,9321,9321,9321,9321,9321,9321,9321,9321,9321,9321,9321,9321,9321,9321,9321,9321,9321,9321,9321,9321,9321,9321
8,차룡8교(수위계),2015-06-28,9321,9321,9321,9321,9321,9321,9321,9321,9321,-35760,9321,9321,9321,9321,9321,9321,9321,9321,9321,9321,9321,9321,9321,9321
8,차룡8교(수위계),2015-06-29,9321,9321,9321,9321,9321,9321,9321,9321,9321,9321,9321,9321,9321,9321,9321,9321,9321,9321,9321,9321,9321,9321,9321,9321
8,차룡8교(수위계),2015-06-30,9321,9321,9321,9321,9321,9321,9321,9321,9321,9321,9321,9321,9321,9321,9321,9321,9321,9321,9321,9321,9321,9321,9321,0
8,차룡8교(수위계),2015-07-01,9321,9321,9321,9321,9321,9321,9321,9321,9321,9321,9321,9321,9321,9321,9321,9321,9321,9321,9321,9321,9321,9321,9321,9321
8,차룡8교(수위계),2015-07-02,9321,9321,9321,9321,9321,9321,9321,9321,9321,9321,9321,9321,9321,9321,9321,9321,9321,9321,9321,9321,9321,9321,9321,9321
8,차룡8교(수위계),2015-07-03,9321,9321,9321,9321,9321,9321,9321,9321,9321,9321,9321,9321,9321,9321,9321,9321,9321,9321,9321,9321,9321,9321,9321,9321
8,차룡8교(수위계),2015-07-04,9321,9321,9321,9321,9321,9321,9321,9321,9321,9321,9321,9321,9321,9321,9321,9321,9321,9321,9321,9321,9321,9321,9321,9321
8,차룡8교(수위계),2015-07-05,9321,9321,9321,9321,9321,9321,9321,9321,9321,9321,9321,9321,9321,9321,9321,9321,9321,9321,9321,9321,9321,9321,9321,9321
8,차룡8교(수위계),2015-07-06,9321,9321,9321,9321,9321,9321,9321,9321,9321,9321,9321,9321,9321,9321,9321,9321,9321,9321,9321,9321,9321,9321,9321,9321
8,차룡8교(수위계),2015-07-07,9321,9321,9321,9321,9321,9321,9321,9321,9321,9321,9321,9321,9321,9321,9321,9321,9321,9321,9321,9321,9321,9321,9321,9321
8,차룡8교(수위계),2015-07-08,9321,9321,9321,9321,9321,9321,9321,9321,9321,9321,9321,9321,9321,9321,9321,9321,9321,9321,9321,9321,9321,9321,9321,9321
8,차룡8교(수위계),2015-07-09,9321,9321,9321,9321,9321,9321,9321,9321,9321,9321,9321,9321,9321,9321,9321,9321,9321,9321,9321,9321,9321,9321,9321,9321
8,차룡8교(수위계),2015-07-10,9321,9321,9321,9321,9321,9321,9321,9321,9321,9321,9321,9321,9321,9321,9321,9321,9321,9321,9321,9321,9321,9321,9321,9321
8,차룡8교(수위계),2015-07-11,9321,9321,9321,9321,9321,9321,9321,9321,9321,9321,9321,9321,9321,9321,9321,9321,9321,9321,9321,9321,9321,9321,9321,9321
8,차룡8교(수위계),2015-07-12,9321,9321,9321,9321,9321,9321,9321,9321,9321,9321,9321,9321,9321,9321,9321,9321,9321,9321,9321,9321,9321,9321,9321,9321
8,차룡8교(수위계),2015-07-13,9321,9321,9321,9321,9321,9321,9321,9321,9321,9321,9321,9321,9321,9321,9321,9321,9321,9321,9321,9321,9321,9321,9321,9321
8,차룡8교(수위계),2015-07-14,9321,9321,9321,9321,9321,9321,9321,9321,9321,9321,9321,9321,9321,9321,9321,9321,9321,9321,9321,9321,9321,9321,9321,9321
8,차룡8교(수위계),2015-07-15,9321,9321,9321,9321,9321,9321,9321,9321,9321,9321,9321,9321,9321,9321,9321,9321,9321,9321,9321,9321,9321,9321,9321,9321
8,차룡8교(수위계),2015-07-16,9321,9321,9321,9321,9321,9321,9321,9321,9321,9321,9321,9321,9321,9321,9321,9321,9321,9321,9321,9321,9321,9321,9321,9321
8,차룡8교(수위계),2015-07-17,9321,9321,9321,9321,9321,9321,9321,9321,9321,9321,9321,9321,9321,9321,9321,9321,9321,9321,9321,9321,9321,9321,9321,9321
8,차룡8교(수위계),2015-07-18,9321,9321,9321,9321,9321,9321,9321,9321,9321,9321,9321,9321,9321,9321,9321,9321,9321,9321,9321,9321,9321,9321,9321,9321
8,차룡8교(수위계),2015-07-19,9321,9321,9321,9321,9321,9321,9321,9321,9321,9321,9321,9321,9321,9321,9321,9321,9321,9321,9321,9321,9321,9321,9321,9321
8,차룡8교(수위계),2015-07-20,9321,9321,9321,9321,9321,9321,9321,9321,9321,9321,9321,9321,9321,9321,9321,9321,9321,9321,9321,9321,-35760,9321,9321,9321
8,차룡8교(수위계),2015-07-21,9321,9321,9321,9321,9321,9321,9321,9321,9321,9321,9321,9321,9321,9321,9321,9321,9321,9321,9321,9321,9321,9321,9321,9321
8,차룡8교(수위계),2015-07-22,9321,9321,9321,9321,9321,9321,9321,9321,9321,9321,9321,9321,9321,9321,9321,9321,9321,9321,9321,9321,9321,9321,9321,9321
8,차룡8교(수위계),2015-07-23,9321,9321,9321,9321,9321,9321,9321,9321,9321,9321,9321,9321,9321,9321,9321,9321,9321,9321,9321,9321,9321,9321,9321,9321
8,차룡8교(수위계),2015-07-24,9321,9321,9321,9321,9321,9321,9321,9321,9321,9321,9321,9321,9321,9321,9321,9321,9321,9321,9321,9321,9321,9321,9321,9321
8,차룡8교(수위계),2015-07-25,9321,9321,9321,9321,9321,9321,9321,9321,9321,9321,9321,9321,9321,9321,9321,9321,9321,9321,9321,9321,9321,9321,9321,9321
8,차룡8교(수위계),2015-07-26,9321,9321,9321,9321,9321,9321,9321,9321,9321,9321,9321,9321,9321,9321,9321,9321,9321,9321,9321,9321,9321,9321,9321,9321
8,차룡8교(수위계),2015-07-27,9321,9321,9321,9321,9321,9321,9321,9321,9321,9321,9321,9321,9321,9321,9321,9321,9321,9321,9321,9321,9321,9321,9321,9321
8,차룡8교(수위계),2015-07-28,9321,9321,9321,9321,9321,9321,9321,9321,9321,9321,9321,9321,9321,9321,9321,9321,9321,9321,9321,9321,9321,9321,9321,9321
8,차룡8교(수위계),2015-07-29,9321,9321,9321,9321,9321,9321,9321,9321,9321,9321,9321,9321,9321,9321,9321,9321,9321,9321,9321,9321,9321,9321,9321,9321
8,차룡8교(수위계),2015-07-30,9321,9321,9321,9321,9321,9321,9321,9321,9321,9321,9321,9321,9321,9321,9321,9321,9321,9321,9321,9321,9321,9321,9321,9321
8,차룡8교(수위계),2015-07-31,9321,9321,9321,9321,9321,9321,9321,9321,9321,9321,9321,9321,9321,9321,9321,9321,9321,9321,9321,9321,9321,9321,9321,9321
8,차룡8교(수위계),2015-08-01,9321,9321,9321,9321,9321,9321,9321,9321,9321,9321,9321,9321,9321,9321,9321,9321,9321,9321,9321,9321,9321,9321,9321,9321
8,차룡8교(수위계),2015-08-02,9321,9321,9321,9321,9321,9321,9321,9321,9321,9321,9321,9321,9321,9321,9321,9321,9321,9321,9321,9321,9321,9321,9321,9321
8,차룡8교(수위계),2015-08-03,9321,9321,9321,9321,9321,9321,9321,9321,9321,9321,9321,9321,9321,9321,9321,9321,9321,9321,9321,9321,9321,9321,9321,9321
8,차룡8교(수위계),2015-08-04,-35760,9321,9321,9321,9321,9321,9321,9321,9321,9321,9321,9321,9321,9321,9321,9321,9321,9321,9321,9321,9321,9321,9321,9321
8,차룡8교(수위계),2015-08-05,9321,9321,9321,9321,9321,9321,9321,9321,9321,9321,9321,9321,9321,9321,9321,9321,9321,9321,9321,9321,9321,9321,9321,9321
8,차룡8교(수위계),2015-08-06,9321,9321,9321,9321,9321,9321,9321,9321,9321,9321,9321,9321,9321,9321,9321,9321,9321,9321,9321,9321,9321,9321,9321,9321
8,차룡8교(수위계),2015-08-07,9321,9321,9321,9321,9321,9321,9321,9321,9321,9321,9321,9321,9321,9321,9321,9321,9321,9321,9321,9321,9321,9321,9321,9321
8,차룡8교(수위계),2015-08-08,9321,9321,9321,9321,9321,9321,9321,9321,9321,9321,9321,9321,9321,9321,9321,9321,9321,9321,9321,9321,9321,9321,9321,9321
8,차룡8교(수위계),2015-08-09,9321,9321,9321,9321,9321,9321,9321,9321,9321,9321,9321,9321,9321,9321,9321,9321,9321,9321,9321,9321,9321,9321,9321,9321
8,차룡8교(수위계),2015-08-10,9321,9321,9321,9321,9321,9321,9321,9321,9321,9321,9321,9321,9321,9321,9321,9321,9321,9321,9321,9321,9321,9321,9321,9321
8,차룡8교(수위계),2015-08-11,9321,9321,9321,9321,9321,9321,9321,9321,9321,9321,9321,9321,9321,9321,9321,9321,9321,9321,9321,9321,9321,9321,9321,9321
8,차룡8교(수위계),2015-08-12,9321,9321,9321,9321,9321,9321,9321,9321,9321,9321,9321,9321,9321,9321,9321,9321,9321,9321,9321,9321,9321,9321,9321,9321
8,차룡8교(수위계),2015-08-13,9321,9321,9321,9321,9321,9321,9321,9321,9321,9321,9321,9321,9321,9321,9321,9321,9321,9321,9321,9321,9321,9321,9321,9321
8,차룡8교(수위계),2015-08-14,9321,9321,9321,9321,9321,9321,9321,9321,9321,9321,9321,9321,9321,9321,9321,9321,9321,9321,9321,9321,9321,9321,9321,9321
8,차룡8교(수위계),2015-08-15,9321,9321,9321,9321,9321,9321,9321,9321,9321,9321,9321,9321,9321,9321,9321,9321,9321,9321,9321,9321,9321,9321,9321,9321
8,차룡8교(수위계),2015-08-16,9321,9321,9321,9321,9321,9321,9321,9321,9321,9321,9321,9321,9321,9321,9321,9321,9321,9321,9321,9321,9321,9321,9321,9321
8,차룡8교(수위계),2015-08-17,9321,9321,9321,9321,9321,9321,9321,9321,9321,9321,9321,9321,9321,9321,9321,9321,9321,9321,9321,9321,9321,9321,9321,9321
8,차룡8교(수위계),2015-08-18,9321,9321,9321,9321,9321,9321,9321,9321,9321,9321,9321,9321,9321,9321,9321,9321,9321,9321,9321,9321,9321,9321,9321,9321
8,차룡8교(수위계),2015-08-19,9321,9321,9321,9321,9321,9321,9321,9321,9321,9321,9321,9321,9321,9321,9321,9321,9321,9321,9321,9321,9321,9321,9321,9321
8,차룡8교(수위계),2015-08-20,9321,9321,9321,9321,9321,9321,9321,9321,9321,9321,9321,9321,9321,9321,9321,9321,9321,9321,9321,9321,9321,9321,9321,9321
8,차룡8교(수위계),2015-08-21,9321,9321,9321,9321,9321,9321,9321,9321,9321,9321,9321,9321,9321,9321,9321,9321,9321,9321,9321,9321,9321,9321,9321,9321
8,차룡8교(수위계),2015-08-22,9321,9321,9321,9321,9321,9321,9321,9321,9321,9321,9321,9321,9321,9321,9321,9321,9321,9321,9321,9321,9321,9321,9321,9321
8,차룡8교(수위계),2015-08-23,9321,9321,9321,9321,9321,9321,9321,9321,9321,9321,9321,9321,9321,9321,9321,9321,9321,9321,9321,9321,9321,9321,9321,9321
8,차룡8교(수위계),2015-08-24,9321,9321,9321,9321,9321,9321,9321,9321,9321,9321,9321,9321,9321,9321,9321,9321,9321,9321,9321,9321,9321,9321,9321,9321
8,차룡8교(수위계),2015-08-25,9321,9321,9321,9321,9321,9321,9321,9321,9321,9321,9321,9321,9321,9321,9321,9321,9321,9321,9321,9321,9321,9321,9321,9321
8,차룡8교(수위계),2015-08-26,9321,9321,9321,9321,9321,9321,9321,9321,9321,9321,9321,9321,9321,9321,9321,9321,9321,9321,9321,9321,9321,9321,9321,9321
8,차룡8교(수위계),2015-08-27,9321,9321,9321,9321,9321,9321,9321,9321,9321,9321,9321,9321,9321,9321,9321,9321,9321,9321,9321,9321,9321,9321,9321,9321
8,차룡8교(수위계),2015-08-28,9321,9321,9321,9321,9321,9321,9321,9321,9321,9321,9321,9321,9321,9321,9321,9321,9321,9321,9321,9321,9321,9321,9321,9321
8,차룡8교(수위계),2015-08-29,9321,9321,9321,9321,9321,9321,9321,9321,9321,9321,9321,9321,9321,9321,9321,9321,9321,9321,9321,9321,9321,9321,9321,9321
8,차룡8교(수위계),2015-08-30,9321,9321,9321,9321,9321,9321,9321,9321,9321,9321,9321,9321,9321,9321,9321,9321,9321,9321,9321,9321,9321,9321,9321,9321
8,차룡8교(수위계),2015-08-31,9321,9321,9321,9321,9321,9321,9321,9321,9321,9321,9321,9321,9321,9321,9321,9321,9321,9321,9321,9321,9321,9321,9321,9321
8,차룡8교(수위계),2015-09-01,9321,9321,9321,9321,9321,9321,9321,9321,9321,9321,9321,9321,9321,9321,9321,9321,9321,9321,9321,9321,9321,9321,9321,9321
8,차룡8교(수위계),2015-09-02,9321,9321,9321,9321,9321,9321,9321,9321,9321,9321,9321,9321,9321,9321,9321,9321,9321,9321,9321,9321,9321,9321,9321,9321
8,차룡8교(수위계),2015-09-03,9321,9321,9321,9321,9321,9321,9321,9321,9321,9321,9321,9321,9321,9321,9321,9321,9321,9321,9321,9321,9321,9321,9321,9321
8,차룡8교(수위계),2015-09-04,9321,9321,9321,9321,9321,9321,9321,9321,9321,9321,9321,9321,9321,9321,9321,9321,9321,9321,9321,9321,9321,9321,9321,9321
8,차룡8교(수위계),2015-09-05,9321,9321,9321,9321,9321,9321,9321,9321,9321,9321,9321,9321,9321,9321,9321,9321,9321,9321,9321,9321,9321,9321,9321,9321
8,차룡8교(수위계),2015-09-06,9321,9321,9321,9321,9321,9321,9321,9321,9321,9321,9321,9321,9321,9321,9321,9321,9321,9321,9321,9321,9321,9321,9321,9321
8,차룡8교(수위계),2015-09-07,9321,9321,9321,9321,9321,9321,9321,9321,9321,9321,9321,9321,9321,9321,9321,9321,9321,9321,9321,9321,9321,9321,9321,9321
8,차룡8교(수위계),2015-09-08,9321,9321,9321,9321,9321,9321,9321,9321,9321,9321,9321,9321,9321,9321,9321,9321,9321,9321,9321,9321,9321,9321,9321,9321
8,차룡8교(수위계),2015-09-09,9321,9321,9321,9321,9321,9321,9321,9321,9321,9321,9321,9321,9321,9321,9321,9321,9321,9321,9321,9321,9321,9321,9321,9321
8,차룡8교(수위계),2015-09-10,9321,9321,9321,9321,9321,9321,9321,9321,9321,9321,9321,9321,9321,9321,9321,9321,9321,9321,9321,9321,9321,9321,9321,9321
8,차룡8교(수위계),2015-09-11,9321,9321,9321,9321,9321,9321,9321,9321,9321,9321,9321,9321,9321,9321,9321,9321,9321,9321,9321,9321,9321,9321,9321,9321
8,차룡8교(수위계),2015-09-12,9321,9321,9321,9321,9321,9321,9321,9321,9321,9321,9321,9321,9321,9321,9321,9321,9321,9321,9321,9321,9321,9321,9321,9321
8,차룡8교(수위계),2015-09-13,9321,9321,9321,9321,9321,9321,9321,9321,9321,9321,9321,9321,9321,9321,9321,9321,9321,9321,9321,9321,9321,9321,9321,9321
8,차룡8교(수위계),2015-09-14,9321,9321,9321,9321,9321,9321,9321,9321,9321,9321,9321,9321,9321,9321,9321,10,10,9,10,10,10,9,10,10
8,차룡8교(수위계),2015-09-15,10,10,10,10,10,10,10,10,10,9,10,10,9,10,10,10,10,10,9,10,10,10,10,10
8,차룡8교(수위계),2015-09-16,9,10,10,10,10,10,10,10,10,9,10,9,9,10,10,10,9,9,10,10,9,10,10,10
8,차룡8교(수위계),2015-09-17,10,10,10,10,10,10,10,10,10,10,10,10,9,10,10,10,10,9,9,9,9,9,9,10
8,차룡8교(수위계),2015-09-18,10,10,10,10,10,10,10,10,9,10,9,10,10,10,10,10,10,10,9,10,10,9,10,10
8,차룡8교(수위계),2015-09-19,10,10,10,9,9,10,10,9,10,9,10,9,10,10,9,10,10,10,9,10,10,9,10,10
8,차룡8교(수위계),2015-09-20,10,10,10,10,10,10,10,10,9,10,9,10,10,10,10,9,10,9,9,10,10,10,10,9
8,차룡8교(수위계),2015-09-21,10,10,10,10,10,10,10,10,9,10,9,10,9,10,9,9,10,10,9,10,10,9,10,10
8,차룡8교(수위계),2015-09-22,10,10,10,10,9,9,9,9,10,9,9,10,10,9,9,10,9,9,9,10,10,9,10,10
8,차룡8교(수위계),2015-09-23,10,10,9,9,9,9,9,9,10,10,9,9,9,9,10,10,10,10,10,10,10,10,10,10
8,차룡8교(수위계),2015-09-24,10,10,10,10,10,10,10,10,10,9,9,10,9,9,9,9,10,10,10,10,10,9,9,9
8,차룡8교(수위계),2015-09-25,9,9,9,10,10,10,10,10,9,10,9,9,10,10,10,10,10,9,9,10,10,10,9,9
8,차룡8교(수위계),2015-09-26,9,10,10,10,10,10,9,10,9,10,9,10,10,9,10,9,9,9,9,9,10,10,9,9
8,차룡8교(수위계),2015-09-27,10,10,10,10,10,10,10,9,3,9,9,10,10,9,9,9,9,10,9,10,10,9,10,10
8,차룡8교(수위계),2015-09-28,10,10,10,9,9,9,9,9,9,10,10,9,10,10,10,10,10,10,10,9,10,10,9,9
8,차룡8교(수위계),2015-09-29,10,10,10,10,10,9,9,9,10,10,9,10,10,9,10,10,10,9,10,10,10,9,9,10
8,차룡8교(수위계),2015-09-30,10,10,10,10,10,10,10,10,10,9,9,10,10,10,10,10,10,10,9,9,9,9,9,0
8,차룡8교(수위계),2015-10-01,10,10,10,10,10,10,10,10,10,10,10,10,9,10,10,9,9,9,10,10,10,9,9,10
8,차룡8교(수위계),2015-10-02,10,9,9,10,10,10,9,9,10,9,10,10,9,10,10,9,10,9,9,10,9,10,10,10
8,차룡8교(수위계),2015-10-03,9,9,9,10,10,10,10,10,10,9,9,10,9,10,10,10,10,9,10,10,9,10,10,10
8,차룡8교(수위계),2015-10-04,9,10,10,10,10,10,10,10,9,10,9,10,10,10,10,10,9,10,9,10,10,10,10,9
8,차룡8교(수위계),2015-10-05,9,10,10,10,10,10,10,10,10,9,9,10,9,10,10,10,10,9,10,10,10,10,9,10
8,차룡8교(수위계),2015-10-06,10,10,10,10,9,9,9,9,10,10,9,10,9,10,9,9,10,9,10,9,10,10,10,9
8,차룡8교(수위계),2015-10-07,9,10,10,10,10,10,10,10,9,10,9,10,9,10,10,10,9,10,10,9,10,10,9,10
8,차룡8교(수위계),2015-10-08,10,10,10,10,10,9,9,10,10,9,10,9,9,10,10,10,10,9,10,10,10,10,9,10
8,차룡8교(수위계),2015-10-09,10,10,10,10,10,10,10,10,9,10,9,10,9,9,10,10,10,9,10,10,10,10,10,9
8,차룡8교(수위계),2015-10-10,9,10,10,10,10,10,9,9,10,10,10,9,10,10,10,10,10,9,9,10,10,9,9,9
8,차룡8교(수위계),2015-10-11,9,9,9,9,10,9,9,9,10,9,10,10,9,9,9,9,9,10,10,9,9,10,10,10
8,차룡8교(수위계),2015-10-12,10,10,10,9,10,10,10,9,9,10,9,10,9,9,10,10,10,9,10,9,9,10,10,9
8,차룡8교(수위계),2015-10-13,9,10,10,10,9,9,9,9,9,10,10,9,10,10,9,10,10,10,10,10,9,10,10,9
8,차룡8교(수위계),2015-10-14,9,10,10,10,10,10,9,10,9,9,9,10,10,9,10,10,9,9,10,10,10,9,10,10
8,차룡8교(수위계),2015-10-15,10,9,9,9,9,9,9,9,10,9,10,9,10,9,10,10,9,10,9,10,10,9,9,10
8,차룡8교(수위계),2015-10-16,10,10,10,10,10,10,10,9,9,9,9,9321,9321,9321,10,10,10,9,10,9,10,10,9,9
8,차룡8교(수위계),2015-10-17,9,10,10,10,9,9,9,9,9,10,9,10,9,10,10,9,10,10,9,10,10,9,9,10
8,차룡8교(수위계),2015-10-18,10,10,10,9,9,9,9,9,9,9,9,10,9,10,9,9,9,10,10,9,10,9,9,10
8,차룡8교(수위계),2015-10-19,10,10,10,9,9,9,9,9,10,9,9,10,9,10,10,9,9,10,9,9,10,10,9,9
8,차룡8교(수위계),2015-10-20,9,9,10,10,10,10,10,10,9,9,9,10,9,10,9,9,9,9,10,9,9,10,10,10
8,차룡8교(수위계),2015-10-21,9,9,9,9,9,10,10,10,9,9,9,10,9,10,9,9,9,9,10,9,10,10,9,9
8,차룡8교(수위계),2015-10-22,9,9,9,9,9,9,10,10,9,9,9,9,9,9,9,9,9,10,9,10,10,9,9,10
8,차룡8교(수위계),2015-10-23,10,10,10,10,9,9,9,9,9,9,9,10,9,9,10,10,9,10,9,10,10,9,9,10
8,차룡8교(수위계),2015-10-24,10,10,9,9,9,9,9,9,9,9,9,10,9,9,9,9,9,10,9,9,10,9,9,9
8,차룡8교(수위계),2015-10-25,9,9,9,10,10,10,10,9,9,9,9,10,10,10,9,9,9,9,10,9,9,10,10,10
8,차룡8교(수위계),2015-10-26,9,9,9,9,10,10,10,10,9,10,9,9,9,9,10,10,9,10,9,9,10,10,9,9
8,차룡8교(수위계),2015-10-27,9,9,9,9,9,9,9,9,10,10,9,9,10,9,9,9,9,10,9,10,10,9,9,9
8,차룡8교(수위계),2015-10-28,90,9,10,10,9,9,9,9,9,9,9,9,9,10,9,9,9,10,9,9,10,9,9,9
8,차룡8교(수위계),2015-10-29,10,10,9,10,10,10,10,9,10,9,9,9,9,9,9,9,9,10,9,10,9,9,9,10
8,차룡8교(수위계),2015-10-30,10,10,9,9,9,9,9,9,9,9,9,9,9,9,10,10,9,9,9,9,9,10,9,9
8,차룡8교(수위계),2015-10-31,9,9,9,10,10,10,10,10,9,9,10,9,9,10,9,9,9,10,9,10,9,10,10,9
8,차룡8교(수위계),2015-11-01,9,9,9,9,9,9,9,9,9,10,9,9,10,9,9,9,9,9,9,10,10,10,10,9
8,차룡8교(수위계),2015-11-02,9,9,9,9,9,10,10,10,9,9,9,9,9,10,9,9,10,9,10,9,9,10,9,9
8,차룡8교(수위계),2015-11-03,9,9,10,10,10,10,10,10,9,9,9,9,9,9,10,9,9,10,9,10,9,10,10,9
8,차룡8교(수위계),2015-11-04,9,9,90,10,10,10,10,10,9,10,10,10,9,10,9,9,9,9,9,9,10,9,9,10
8,차룡8교(수위계),2015-11-05,10,10,10,10,10,10,10,10,10,9,9,9,10,9,9,9,9,9,10,9,9,10,10,9
8,차룡8교(수위계),2015-11-06,9,9,9,9,10,10,10,10,9,10,9,9,9,9,9,9,9,10,10,9,9,9,10,10
8,차룡8교(수위계),2015-11-07,10,10,10,9,9,9,9,9,10,10,10,10,10,10,10,10,10,9,9,9,9,9,9,10
8,차룡8교(수위계),2015-11-08,10,10,10,10,10,10,10,10,9,9,9,9,9,9,9,9,9,9,9,9,10,10,10,10
8,차룡8교(수위계),2015-11-09,10,10,10,10,10,10,10,10,10,10,9,9,9,10,10,10,10,9,9,9,10,9,9,9
8,차룡8교(수위계),2015-11-10,10,10,9,9,9,9,9,9,9,9,9,9,9,10,10,10,10,9,9,9,10,10,10,9
8,차룡8교(수위계),2015-11-11,9,9,10,10,10,9,9,9,10,9,9,9,10,10,9,9,9,10,9,9,9,9,9,9
8,차룡8교(수위계),2015-11-12,9,10,10,9,9,9,9,9,9,10,9,10,9,9,9,9,9,10,9,9,9,9,9,9
8,차룡8교(수위계),2015-11-13,9,9,9,9,10,10,10,9,9,9,9,9,9,9,9,9,9,9,9,9,9,9,9,9
8,차룡8교(수위계),2015-11-14,9,9,9,9,9,9,10,10,10,10,10,9,9,10,10,10,10,9,9,9,9,9,9,9
8,차룡8교(수위계),2015-11-15,9,9,10,10,10,10,9,9,9,9,9,10,9,9,9,9,9,9,9,9,10,9,9,9
8,차룡8교(수위계),2015-11-16,9,10,10,10,10,10,10,9,9,9,10,9,9,10,10,10,10,9,9,9,9,9,9,9
8,차룡8교(수위계),2015-11-17,9,9,9,9,9,9,9,9,9,9,9,9,9,9,10,10,10,9,9,9,9,9,9,9
8,차룡8교(수위계),2015-11-18,9,10,10,10,10,10,10,10,9,9,9,10,10,10,10,10,10,9,9,9,9,9,9,9
8,차룡8교(수위계),2015-11-19,9,9,9,9,9,9,9,9,9,9,9,10,9,9,9,9,9,9,10,10,10,10,9,9
8,차룡8교(수위계),2015-11-20,9,9,9,9,9,9,9,9,9,9,9,10,9,9,9,9,9,10,9,10,9,9,10,10
8,차룡8교(수위계),2015-11-21,9,9,9,9,9,9,9,9,9,9,9,9,10,10,10,10,9,9,9,9,9,9,9,9
8,차룡8교(수위계),2015-11-22,9,9,9,10,10,10,10,10,9,9,10,9,10,9,9,10,9,9,9,10,10,10,9,9
8,차룡8교(수위계),2015-11-23,9,9,9,9,9,9,9,9,9,10,10,9,9,9,9,9,9,9,9,10,10,10,10,10
8,차룡8교(수위계),2015-11-24,9,9,9,9,9,9,9,10,9,9,9,9,9,9,9,9,9,10,9,9,9,9,9,10
8,차룡8교(수위계),2015-11-25,10,10,10,10,10,9,9,9,9,9,9,9,10,10,9,9,9,9,9,9,9,9,9,9
8,차룡8교(수위계),2015-11-26,9,9,10,9,9,9,9,9,9,10,9,9,9,9,9,9,9,9,9,9,10,100,10,9
8,차룡8교(수위계),2015-11-27,9,9,9,9,9,9,9,9,9,9,10,9,9,9,10,10,9,9,10,9,9,9,9,9
8,차룡8교(수위계),2015-11-28,9,9,9,10,10,9,9,9,10,9,9,10,9,9,10,10,9,9,9,9,10,9,9,9
8,차룡8교(수위계),2015-11-29,9,9,9,9,10,10,9,9,9,9,10,9,9,9,9,9,10,9,10,9,10,10,10,10
8,차룡8교(수위계),2015-11-30,10,10,10,10,10,10,10,10,10,9,9,10,9,9,9,9,9,10,9,10,9,9,10,0
8,차룡8교(수위계),2015-12-01,9,9,9,10,10,10,10,10,10,9,9,9,10,9,9,10,9,10,9,10,9,9,9,10
8,차룡8교(수위계),2015-12-02,10,10,10,10,10,10,10,10,10,9,9,9,9,10,10,10,10,9,9,9,9,9,10,9
8,차룡8교(수위계),2015-12-03,9,9,9,10,10,10,9,9,10,9,9,9,9,9,10,9,9,9,10,9,9,9,9,9
8,차룡8교(수위계),2015-12-04,9,9,9,9,9,9,9,9,9,9,9,9,9,10,10,9,9,9,9,10,10,9,9,9
8,차룡8교(수위계),2015-12-05,9,9,9,9,9,10,10,9,10,9,9,9,10,9,9,10,10,9,9,9,9,9,9,9
8,차룡8교(수위계),2015-12-06,10,10,10,10,10,10,9,9,9,9,10,9,9,9,10,10,10,9,9,10,9,9,10,10
8,차룡8교(수위계),2015-12-07,9,9,9,9,9,9,9,9,9,9,9,10,9,10,10,9,10,9,9,9,9,10,9,9
8,차룡8교(수위계),2015-12-08,10,10,9,9,9,9,9,9,9,9,9,9,9,9,9,10,9,10,9,10,9,9,9,10
8,차룡8교(수위계),2015-12-09,9,9,9,9,9,9,9,9,9,9,9,9,9,9,9,9,9,9,9,9,10,10,10,9
8,차룡8교(수위계),2015-12-10,9,9,10,10,10,9,9,9,9,9,10,10,10,10,10,10,10,10,10,10,10,10,9,10
8,차룡8교(수위계),2015-12-11,10,10,10,10,10,10,10,10,9,9,9,9,9,9,10,10,10,10,9,9,9,9,9,10
8,차룡8교(수위계),2015-12-12,10,10,9,9,9,10,10,10,9,9,9,9,9,10,9,9,10,9,10,9,9,10,10,10
8,차룡8교(수위계),2015-12-13,9,9,9,9,9,9,9,10,9,9,9,9,9,9,9,9,9,9,9,9,9,10,10,10
8,차룡8교(수위계),2015-12-14,9,9,9,9,9,9,10,10,9,9,10,9,9,9,9,9,9,9,10,10,10,10,10,10
8,차룡8교(수위계),2015-12-15,10,10,10,10,10,10,10,10,10,10,9,9,9,9,9,9,9,9,10,9,9,9,9,9
8,차룡8교(수위계),2015-12-16,10,10,9,9,9,9,9,9,9,9,9,9,9,9,9,9,10,9,9,9,10,10,9,9
8,차룡8교(수위계),2015-12-17,9,9,9,9,9,9,10,10,9,9,10,10,9,9,9,9,9,9,10,9,9,9,9,9
8,차룡8교(수위계),2015-12-18,9,10,10,9,9,9,9,9,9,9,10,9,9,10,10,9,9,10,9,9,9,9,9,9
8,차룡8교(수위계),2015-12-19,9,10,10,9,9,9,9,9,9,10,10,9,9,9,9,10,9,10,9,9,9,10,10,9
8,차룡8교(수위계),2015-12-20,9,9,9,9,9,9,9,9,10,10,9,9,9,9,9,9,9,9,9,9,9,9,9,9
8,차룡8교(수위계),2015-12-21,9,9,9,9,9,9,9,9,9,9,10,9,9,9,9,9,9,9,10,9,9,10,9,9
8,차룡8교(수위계),2015-12-22,9,10,10,10,9,9,9,9,9,9,10,9,9,9,9,9,10,9,10,9,9,9,9,9
8,차룡8교(수위계),2015-12-23,9,9,9,9,9,9,9,9,9,9,9,9,9,9,9,9,9,9,9,10,10,9,9,9
8,차룡8교(수위계),2015-12-24,9,10,10,9,9,9,9,9,9,9,9,9,9,9,9,9,9,9,10,9,9,9,9,9
8,차룡8교(수위계),2015-12-25,10,10,9,9,9,9,9,9,9,9,10,9,10,10,9,9,9,9,10,9,9,10,9,9
8,차룡8교(수위계),2015-12-26,9,9,9,9,9,9,9,9,9,10,10,9,9,9,9,9,9,10,9,10,9,9,9,9
8,차룡8교(수위계),2015-12-27,10,10,9,9,9,9,9,9,9,9,9,9,9,10,10,10,9,9,9,9,10,9,9,9
8,차룡8교(수위계),2015-12-28,9,10,10,10,10,10,10,10,10,9,9,10,10,9,9,10,9,9,9,10,9,9,9,10
8,차룡8교(수위계),2015-12-29,10,10,10,10,10,10,10,10,10,9,9,9,9,10,9,10,9,10,9,10,9,9,10,10
8,차룡8교(수위계),2015-12-30,10,10,10,10,10,10,9,9,10,9,9,9,10,9,10,9,10,9,9,9,10,9,9,9
8,차룡8교(수위계),2015-12-31,9,9,9,9,9,9,9,9,9,10,9,9,9,9,10,10,9,9,10,9,9,10,9,9
8,차룡8교(수위계),2016-01-01,9,9,10,10,10,10,10,10,10,9,9,10,9,10,9,9,9,9,10,9,9,10,9,9
8,차룡8교(수위계),2016-01-02,9,9,9,9,9,9,9,9,9,9,9,9,9,9,10,10,10,9,9,9,9,9,10,10
8,차룡8교(수위계),2016-01-03,10,9,9,9,9,9,9,9,9,9,9,9,9,10,9,9,9,9,10,9,9,10,9,9
8,차룡8교(수위계),2016-01-04,9,9,10,10,10,10,10,10,10,9,9,10,9,10,9,9,10,9,10,9,10,9,9,9
8,차룡8교(수위계),2016-01-05,10,10,9,9,9,9,10,10,9,9,9,9,9,9,9,10,10,9,9,9,10,10,9,9
8,차룡8교(수위계),2016-01-06,9,9,9,9,9,9,9,9,9,9,9,9,9,9,9,9,9,10,10,10,9,9,9,9
8,차룡8교(수위계),2016-01-07,9,9,10,10,10,10,10,9,9,9,9,10,9,9,10,10,9,9,10,9,9,10,10,10
8,차룡8교(수위계),2016-01-08,9,9,9,9,9,9,9,9,9,10,9,9,10,9,9,9,9,10,9,9,10,10,9,9
8,차룡8교(수위계),2016-01-09,9,9,9,10,10,10,10,10,10,9,9,9,10,9,10,10,10,9,10,9,9,10,10,9
8,차룡8교(수위계),2016-01-10,9,9,9,10,10,10,10,10,10,9,9,10,9,9,10,9,10,9,10,9,9,10,10,9
8,차룡8교(수위계),2016-01-11,9,9,9,9,9,9,9,9,9,10,10,9,10,9,9,9,9,10,10,9,9,9,10,10
8,차룡8교(수위계),2016-01-12,9,9,9,10,10,10,10,10,10,9,10,10,9,10,9,9,9,10,9,10,10,9,9,9
8,차룡8교(수위계),2016-01-13,10,10,10,10,10,10,10,10,10,9,10,9,9,10,10,10,9,10,9,10,10,9,9,9
8,차룡8교(수위계),2016-01-14,9,9,9,10,10,10,10,10,10,9,10,9,9,10,10,9,10,10,9,10,9,9,9,10
8,차룡8교(수위계),2016-01-15,10,10,10,10,9,9,9,10,10,9,10,9,10,9,9,10,10,9,10,9,10,9,9,9
8,차룡8교(수위계),2016-01-16,9,10,10,10,10,9,10,10,9,9,9,10,10,9,10,9,9,9,9,9,10,9,9,9
8,차룡8교(수위계),2016-01-17,9,9,9,9,9,9,9,9,9,10,10,9,10,9,9,9,10,10,9,9,9,9,9,9
8,차룡8교(수위계),2016-01-18,9,9,9,9,9,9,9,10,9,9,10,10,10,10,10,10,9,9,9,10,10,10,10,10
8,차룡8교(수위계),2016-01-19,10,9,10,9,9,9,9,9,9,9,10,9,9,9,10,9,9,10,10,9,9,9,9,9
8,차룡8교(수위계),2016-01-20,9,9,10,10,10,10,10,9,10,9,10,9,9,9,9,9,9,9,9,10,10,10,10,9
8,차룡8교(수위계),2016-01-21,9,9,9,9,9,9,10,10,10,9,10,10,9,9,10,10,10,10,9,9,9,10,10,10
8,차룡8교(수위계),2016-01-22,10,10,10,10,10,9,9,10,9,10,9,10,10,9,9,9,10,10,10,9,9,9,10,9
8,차룡8교(수위계),2016-01-23,9,9,9,10,10,10,10,10,10,10,10,10,9,9,9,9,9,10,10,9,10,10,10,10
8,차룡8교(수위계),2016-01-24,9,9,9,10,10,10,10,10,10,10,10,10,10,10,10,10,10,10,10,10,10,10,10,10
8,차룡8교(수위계),2016-01-25,10,10,10,10,10,10,10,10,10,10,10,10,10,10,10,10,10,10,10,10,10,10,10,10
8,차룡8교(수위계),2016-01-26,10,10,10,10,10,10,10,10,10,10,10,10,10,10,10,10,10,10,10,10,10,10,10,10
8,차룡8교(수위계),2016-01-27,10,10,10,10,10,10,10,10,10,10,10,10,10,10,10,10,10,10,10,10,10,10,10,10
8,차룡8교(수위계),2016-01-28,10,10,10,10,10,10,10,10,10,10,10,10,10,10,10,10,10,10,10,10,10,10,10,10
8,차룡8교(수위계),2016-01-29,10,10,10,10,10,10,10,10,10,10,10,9,9,9,9,9,9,9,9,9,9,9,9,9
8,차룡8교(수위계),2016-01-30,9,9,9,9,9,9,9,9,9,9,9,10,9,9,9,9,9,9,10,10,9,10,10,10
8,차룡8교(수위계),2016-01-31,9,9,9,9,9,9,9,9,9,10,10,9,10,10,10,10,10,10,9,9,10,10,10,10
8,차룡8교(수위계),2016-02-01,10,10,9,9,10,10,10,10,10,9,10,10,9,10,10,10,10,9,10,10,10,9,10,10
8,차룡8교(수위계),2016-02-02,10,10,10,10,10,10,9,9,10,10,9,10,10,10,10,10,9,10,10,10,10,10,10,10
8,차룡8교(수위계),2016-02-03,10,10,10,9,9,10,10,10,10,10,10,10,10,9,10,10,10,10,9,10,10,10,10,10
8,차룡8교(수위계),2016-02-04,10,10,10,10,10,10,10,10,10,9,10,10,9,10,10,10,10,10,10,10,10,10,10,10
8,차룡8교(수위계),2016-02-05,10,10,9,10,10,10,10,10,10,10,10,10,10,9,10,10,10,10,10,10,10,10,10,10
8,차룡8교(수위계),2016-02-06,10,10,10,10,10,10,10,10,10,10,10,10,10,10,10,10,10,10,10,10,10,10,10,10
8,차룡8교(수위계),2016-02-07,10,10,10,10,10,10,10,9,10,9,10,9,10,10,10,10,10,10,10,10,10,10,10,10
8,차룡8교(수위계),2016-02-08,10,10,10,10,10,10,10,9,10,9,10,10,10,10,10,10,10,10,10,10,10,10,10,10
8,차룡8교(수위계),2016-02-09,10,10,10,10,10,10,10,10,10,10,10,10,10,10,10,10,10,10,10,10,10,10,10,10
8,차룡8교(수위계),2016-02-10,10,10,10,10,10,10,10,10,10,10,10,9,10,9,10,10,10,10,10,10,10,10,10,10
8,차룡8교(수위계),2016-02-11,10,10,10,10,10,10,10,10,10,10,10,10,10,10,10,10,10,10,9,10,10,9,10,10
8,차룡8교(수위계),2016-02-12,10,10,10,10,10,10,10,10,10,10,9,9,9,9,9,9,10,10,10,10,10,10,10,10
8,차룡8교(수위계),2016-02-13,10,10,10,10,10,10,10,10,9,10,10,10,10,10,10,10,10,10,10,10,10,10,10,10
8,차룡8교(수위계),2016-02-14,10,10,10,10,10,10,10,10,10,10,10,9,10,10,9,10,10,10,10,10,10,10,10,9
8,차룡8교(수위계),2016-02-15,10,10,10,10,10,10,10,10,10,10,9,10,10,10,9,10,10,10,10,10,10,10,10,10
8,차룡8교(수위계),2016-02-16,10,10,10,10,10,10,10,10,10,10,10,10,9,10,10,10,10,10,10,9,10,10,10,10
8,차룡8교(수위계),2016-02-17,10,10,9,9,9,10,10,10,9,10,10,10,10,9,10,10,10,10,10,10,10,10,10,9
8,차룡8교(수위계),2016-02-18,10,10,10,10,10,10,10,10,10,10,10,10,9,10,10,10,10,10,10,10,10,10,9,10
8,차룡8교(수위계),2016-02-19,10,10,10,10,10,10,10,9,10,9,9,10,10,10,10,10,10,10,10,10,10,9,10,10
8,차룡8교(수위계),2016-02-20,10,10,10,10,10,10,10,10,10,10,10,10,10,10,9,10,9,10,10,9,10,10,10,9
8,차룡8교(수위계),2016-02-21,10,10,10,10,10,9,10,10,9,10,10,10,10,10,10,10,10,10,9,10,9,10,10,10
8,차룡8교(수위계),2016-02-22,10,9,9,10,10,10,10,10,10,10,10,10,10,10,10,10,10,10,9,10,10,10,10,10
8,차룡8교(수위계),2016-02-23,10,10,10,9,10,10,10,10,10,10,10,10,10,9,10,9,9,10,10,9,10,10,10,10
8,차룡8교(수위계),2016-02-24,10,10,10,10,9,10,10,10,10,9,10,10,10,10,10,10,10,9,10,10,10,10,10,10
8,차룡8교(수위계),2016-02-25,10,10,10,10,10,10,10,10,10,10,10,10,10,10,10,10,10,9,10,10,10,10,10,10
8,차룡8교(수위계),2016-02-26,9,10,10,10,10,10,10,10,10,10,9,10,10,10,10,10,10,10,9,10,10,10,10,10
8,차룡8교(수위계),2016-02-27,10,9,9,9,9,9,9,9,10,9,10,9,10,10,10,9,10,10,9,10,10,10,10,10
8,차룡8교(수위계),2016-02-28,10,10,10,10,10,10,10,10,10,10,10,10,9,10,10,10,10,10,10,10,10,10,10,10
8,차룡8교(수위계),2016-02-29,10,10,10,10,10,10,10,10,10,10,10,10,10,10,10,10,10,10,9,10,10,10,10,0
8,차룡8교(수위계),2016-03-01,10,10,10,10,10,10,10,10,10,10,10,10,10,9,10,9,10,10,10,10,10,10,10,10
8,차룡8교(수위계),2016-03-02,10,10,10,10,10,10,10,10,9,10,10,10,10,10,9,10,10,10,10,10,10,10,10,10
8,차룡8교(수위계),2016-03-03,10,10,10,9,9,10,10,9,10,10,10,10,10,9,9,9,9,10,10,9,10,10,10,10
8,차룡8교(수위계),2016-03-04,10,10,10,10,10,10,10,10,10,10,10,10,10,10,10,10,10,10,10,10,10,10,10,10
8,차룡8교(수위계),2016-03-05,10,10,10,10,10,10,10,10,10,9,10,10,10,10,10,10,10,10,10,10,10,10,10,10
8,차룡8교(수위계),2016-03-06,10,10,10,10,10,10,10,10,10,10,10,10,10,9,10,10,10,10,10,10,10,10,9,9
8,차룡8교(수위계),2016-03-07,9,9,10,10,10,10,10,10,10,9,10,9,10,10,10,10,9,10,10,9,10,10,10,10
8,차룡8교(수위계),2016-03-08,10,10,10,10,10,9,9,9,10,10,10,10,10,10,10,10,10,10,10,10,10,9,10,10
8,차룡8교(수위계),2016-03-09,10,9,10,10,10,10,10,10,10,9,10,10,9,10,9,10,10,10,10,10,9,10,10,10
8,차룡8교(수위계),2016-03-10,10,10,9,10,10,10,10,10,10,9,10,10,10,9,9,10,10,9,10,10,10,9,10,10
8,차룡8교(수위계),2016-03-11,10,9,9,9,10,10,10,10,9,10,10,9,10,9,9,10,10,10,10,10,9,9,10,10
8,차룡8교(수위계),2016-03-12,10,9,9,10,10,10,10,10,9,10,9,10,9,10,10,9,10,9,10,9,10,10,10,9
8,차룡8교(수위계),2016-03-13,9,9,9,9,9,9,10,9,9,10,10,9,10,10,10,10,10,10,9,10,10,10,10,10
8,차룡8교(수위계),2016-03-14,9,10,10,10,10,10,10,10,9,10,9,10,10,9,10,10,10,10,10,10,10,10,10,10
8,차룡8교(수위계),2016-03-15,10,10,10,10,10,9,9,9,10,10,10,10,10,10,10,10,10,9,10,10,10,9,10,10
8,차룡8교(수위계),2016-03-16,10,10,10,10,10,10,10,10,10,9,10,10,10,10,9,10,10,9,10,10,10,10,10,10
8,차룡8교(수위계),2016-03-17,10,10,10,9,9,10,10,10,10,10,10,9,10,10,10,10,10,9,10,10,10,9,10,10
8,차룡8교(수위계),2016-03-18,10,10,10,10,10,10,10,10,10,10,10,10,10,9,9,9,10,10,10,9,9,9,9,10
8,차룡8교(수위계),2016-03-19,10,10,10,10,10,10,9,9,10,9,10,9,10,10,10,10,10,9,10,10,10,9,9,10
8,차룡8교(수위계),2016-03-20,10,10,10,10,10,10,10,10,10,10,9,9,10,10,10,10,10,9,10,10,10,10,10,10
8,차룡8교(수위계),2016-03-21,10,-35760,9,9,9,9,9,9,10,9,10,10,9,10,9,9,10,10,9,10,10,10,9,10
8,차룡8교(수위계),2016-03-22,10,-35760,10,10,9,9,9,9,10,10,10,10,10,10,9,10,9,10,9,10,9,10,10,10
8,차룡8교(수위계),2016-03-23,10,9,9,9,9,10,10,9,10,10,10,10,9,10,10,10,10,10,10,9,10,10,10,10
8,차룡8교(수위계),2016-03-24,9,9,10,10,10,10,10,10,10,9,10,9,9,9,9,9,9,9,10,10,10,9,9,10
8,차룡8교(수위계),2016-03-25,10,10,10,10,10,10,10,10,10,10,10,10,10,10,10,10,10,10,9,9,10,10,10,10
8,차룡8교(수위계),2016-03-26,10,10,10,10,9,9,9,9,10,9,10,10,10,10,10,10,9,10,10,9,10,10,10,10
8,차룡8교(수위계),2016-03-27,10,9,10,10,10,10,10,10,9,10,10,9,10,10,9,10,10,10,10,10,10,10,10,10
8,차룡8교(수위계),2016-03-28,10,10,9,10,10,10,10,10,10,10,9,10,9,10,10,10,10,9,10,10,10,10,10,9
8,차룡8교(수위계),2016-03-29,10,10,10,10,10,10,10,10,10,10,10,10,9,9,9,10,10,10,10,10,10,10,10,9
8,차룡8교(수위계),2016-03-30,9,9,9,10,10,10,10,10,10,10,9,10,10,10,10,9,10,10,10,10,10,10,10,9
8,차룡8교(수위계),2016-03-31,10,10,10,10,9,9,10,9,10,9,10,10,10,9,9,9,9,10,10,10,10,10,10,10
8,차룡8교(수위계),2016-04-01,10,10,10,9,9,10,10,9,10,10,10,9,10,9,9,9,10,10,9,10,9,10,10,9
8,차룡8교(수위계),2016-04-02,10,10,10,10,10,9,9,10,10,10,9,10,10,10,9,9,9,10,10,10,9,10,10,10
8,차룡8교(수위계),2016-04-03,10,10,10,10,10,10,10,10,10,10,10,10,9,9,9,9,9,10,10,10,9,9,10,10
8,차룡8교(수위계),2016-04-04,10,10,10,10,10,10,10,10,10,10,10,9,9,9,9,9,9,9,9,10,10,10,10,10
8,차룡8교(수위계),2016-04-05,10,10,10,10,10,10,9,10,10,9,10,9,10,9,10,10,10,9,10,9,10,10,9,10
8,차룡8교(수위계),2016-04-06,10,10,10,9,9,9,9,10,10,10,10,9,10,10,9,10,10,10,9,10,10,9,10,10
8,차룡8교(수위계),2016-04-07,10,10,10,10,10,10,10,10,10,10,10,9,9,10,10,10,10,10,9,10,10,10,9,10
8,차룡8교(수위계),2016-04-08,10,10,10,10,10,10,10,10,10,10,9,10,9,10,10,9,9,10,9,10,9,10,10,9
8,차룡8교(수위계),2016-04-09,10,10,10,10,10,10,10,10,10,10,10,10,9,9,9,9,10,10,9,10,10,9,10,10
8,차룡8교(수위계),2016-04-10,10,9,10,10,10,10,10,10,9,10,10,10,10,10,10,10,9,10,10,10,10,10,9,9
8,차룡8교(수위계),2016-04-11,9,9,9,9,10,10,10,10,10,10,10,10,9,10,10,10,10,10,9,9,10,10,10,9
8,차룡8교(수위계),2016-04-12,9,10,10,10,10,10,10,10,10,10,9,10,9,10,10,10,9,9,9,10,10,10,10,9
8,차룡8교(수위계),2016-04-13,9,9,9,9,9,9,10,10,10,10,10,10,10,10,10,10,10,10,10,10,10,10,10,10
8,차룡8교(수위계),2016-04-14,10,10,10,9,9,9,9,9,10,10,10,10,10,10,10,10,10,10,9,10,9,9,10,10
8,차룡8교(수위계),2016-04-15,9,10,10,9,10,10,10,10,10,9,10,9,9,9,9,9,9,10,9,10,10,9,10,10
8,차룡8교(수위계),2016-04-16,10,10,9,9,9,10,9,9,10,9,10,10,10,10,10,10,10,10,9,10,10,10,56,40
8,차룡8교(수위계),2016-04-17,28,25,22,19,17,15,14,13,12,11,11,12,12,12,12,12,12,12,13,12,12,12,13,12
8,차룡8교(수위계),2016-04-18,12,12,12,12,12,12,12,12,12,12,12,12,12,12,12,12,12,12,12,12,12,12,12,12
8,차룡8교(수위계),2016-04-19,12,12,12,12,12,12,12,12,12,12,12,12,12,12,12,12,12,12,12,12,12,12,12,12
8,차룡8교(수위계),2016-04-20,12,12,12,12,12,12,12,12,12,12,12,12,12,12,12,12,12,12,12,12,12,12,12,12
8,차룡8교(수위계),2016-04-21,12,12,12,12,12,12,12,12,12,12,12,12,12,12,12,12,12,12,12,12,12,12,12,12
8,차룡8교(수위계),2016-04-22,12,12,12,12,12,12,12,12,12,12,12,12,12,12,12,12,12,12,12,12,12,12,12,12
8,차룡8교(수위계),2016-04-23,12,12,12,12,12,12,12,12,12,12,12,12,12,12,12,12,12,12,12,12,12,12,12,12
8,차룡8교(수위계),2016-04-24,12,12,12,12,12,12,12,12,12,12,12,12,12,12,12,12,12,12,12,12,12,12,12,12
8,차룡8교(수위계),2016-04-25,12,12,12,12,12,12,12,12,12,12,12,12,12,12,12,12,12,12,12,12,12,12,12,12
8,차룡8교(수위계),2016-04-26,12,12,12,12,12,12,12,12,12,12,12,12,12,12,12,12,12,12,12,12,12,12,12,12
8,차룡8교(수위계),2016-04-27,12,12,12,12,12,12,12,12,12,12,12,12,12,12,12,12,12,12,12,12,12,12,12,12
8,차룡8교(수위계),2016-04-28,12,12,12,12,12,12,12,12,12,12,12,12,12,12,12,12,12,12,12,12,12,12,12,12
8,차룡8교(수위계),2016-04-29,12,12,12,12,12,12,12,12,12,12,12,12,12,12,12,12,12,12,12,12,12,12,12,12
8,차룡8교(수위계),2016-04-30,12,12,12,12,12,12,12,12,12,12,12,12,12,12,12,12,12,12,12,12,12,12,12,0
8,차룡8교(수위계),2016-05-01,12,12,12,12,12,12,12,12,12,12,12,12,12,12,12,12,12,12,12,12,12,12,12,12
8,차룡8교(수위계),2016-05-02,12,12,12,12,12,12,12,12,12,12,12,12,12,12,12,12,12,12,12,12,12,12,12,12
8,차룡8교(수위계),2016-05-03,12,12,12,12,12,12,12,70,79,90,75,36,28,27,25,24,21,20,18,17,17,16,16,15
8,차룡8교(수위계),2016-05-04,15,15,14,14,14,14,13,14,0,13,13,13,13,13,13,13,13,12,12,12,12,12,12,12
8,차룡8교(수위계),2016-05-05,12,12,12,12,12,12,12,12,12,12,12,12,12,12,12,11,12,12,12,11,12,12,12,11
8,차룡8교(수위계),2016-05-06,11,11,11,12,12,12,11,11,11,11,11,12,12,11,11,11,11,11,11,11,11,11,11,11
8,차룡8교(수위계),2016-05-07,11,11,11,11,11,11,11,11,11,11,11,11,11,11,11,11,11,11,11,11,11,11,11,11
8,차룡8교(수위계),2016-05-08,11,11,11,11,11,11,11,11,11,11,11,11,11,11,11,11,11,11,11,11,11,11,11,11
8,차룡8교(수위계),2016-05-09,11,11,11,11,11,11,11,11,11,11,11,11,11,11,11,11,11,11,11,11,11,11,11,12
8,차룡8교(수위계),2016-05-10,12,12,12,11,11,11,11,11,11,11,11,11,11,11,11,11,11,12,12,11,11,11,11,11
8,차룡8교(수위계),2016-05-11,11,11,11,11,11,11,11,11,12,11,11,11,11,11,12,12,12,11,11,12,11,11,12,12
8,차룡8교(수위계),2016-05-12,11,11,11,11,11,11,11,12,11,11,11,12,11,11,11,11,11,11,11,11,12,11,11,11
8,차룡8교(수위계),2016-05-13,11,12,12,11,11,11,11,11,12,11,11,12,12,11,11,11,12,11,11,11,12,11,11,11
8,차룡8교(수위계),2016-05-14,12,12,11,11,11,11,11,12,11,12,11,12,11,11,11,11,11,12,11,11,12,11,11,11
8,차룡8교(수위계),2016-05-15,12,12,12,12,12,11,12,12,11,12,11,11,12,12,11,11,11,12,12,12,12,12,11,11
8,차룡8교(수위계),2016-05-16,11,11,11,12,11,12,11,11,11,11,12,11,12,11,12,11,11,11,11,11,12,11,12,12
8,차룡8교(수위계),2016-05-17,11,11,12,12,11,11,11,11,11,11,12,11,11,12,11,11,12,12,11,12,11,12,11,12
8,차룡8교(수위계),2016-05-18,12,11,11,11,11,12,11,12,12,12,11,12,11,12,12,12,12,11,12,11,11,12,12,11
8,차룡8교(수위계),2016-05-19,12,12,12,11,11,11,11,12,12,11,12,11,12,11,12,12,11,11,12,11,11,11,12,11
8,차룡8교(수위계),2016-05-20,11,12,12,12,11,11,12,11,11,11,11,12,12,12,11,11,11,11,12,11,12,11,12,12
8,차룡8교(수위계),2016-05-21,11,11,11,11,12,12,12,11,11,12,11,11,12,11,12,11,11,12,12,11,12,11,12,12
8,차룡8교(수위계),2016-05-22,12,12,11,11,12,12,12,11,11,12,11,12,12,11,11,11,11,12,11,12,11,12,12,11
8,차룡8교(수위계),2016-05-23,12,12,12,12,11,11,12,11,11,12,11,12,12,11,11,11,11,12,12,11,12,12,11,11
8,차룡8교(수위계),2016-05-24,11,12,12,12,12,11,11,11,11,11,11,11,11,11,11,11,11,11,11,11,11,12,12,12
8,차룡8교(수위계),2016-05-25,12,11,11,11,11,12,12,11,11,12,11,12,12,12,11,11,11,12,12,11,12,11,12,12
8,차룡8교(수위계),2016-05-26,12,11,11,11,11,12,11,12,11,12,11,12,11,11,11,11,11,11,12,11,11,11,12,12
8,차룡8교(수위계),2016-05-27,12,12,11,11,11,11,11,11,12,11,12,11,11,11,11,11,12,11,11,12,12,12,12,11
8,차룡8교(수위계),2016-05-28,11,11,11,11,12,12,12,12,11,11,12,12,11,12,12,11,11,12,12,11,12,11,11,12
8,차룡8교(수위계),2016-05-29,12,12,11,11,11,11,12,12,12,11,11,12,12,11,12,11,11,11,12,11,12,11,11,12
8,차룡8교(수위계),2016-05-30,12,12,11,11,11,11,11,12,12,11,12,11,12,12,12,12,12,12,11,12,11,12,11,11
8,차룡8교(수위계),2016-05-31,12,12,12,11,11,11,11,12,12,11,12,11,12,12,11,11,12,11,12,12,11,12,12,11
8,차룡8교(수위계),2016-06-01,11,11,11,11,11,11,11,11,12,11,11,12,12,12,11,11,11,11,11,11,12,11,11,12
8,차룡8교(수위계),2016-06-02,11,11,11,12,12,11,12,12,11,12,11,11,12,12,12,12,11,11,12,11,11,12,12,12
8,차룡8교(수위계),2016-06-03,11,11,12,12,12,12,12,12,11,11,12,11,11,12,11,11,11,11,12,11,11,12,11,11
8,차룡8교(수위계),2016-06-04,11,11,11,11,12,12,12,11,11,12,11,11,12,12,11,12,12,12,12,12,12,12,12,12
8,차룡8교(수위계),2016-06-05,12,12,12,12,12,12,12,12,11,11,12,11,11,12,11,11,11,11,12,11,12,12,11,11
8,차룡8교(수위계),2016-06-06,11,11,11,11,11,11,11,11,11,11,11,11,11,11,11,11,11,11,11,11,11,11,11,11
8,차룡8교(수위계),2016-06-07,11,11,11,11,11,11,11,11,11,12,11,11,12,12,12,11,11,12,12,11,12,12,11,11
8,차룡8교(수위계),2016-06-08,11,11,11,11,11,11,11,11,12,11,11,11,11,11,11,11,11,11,11,11,12,12,12,11
8,차룡8교(수위계),2016-06-09,11,11,11,11,11,11,11,11,12,12,11,11,12,11,11,11,12,12,11,11,12,11,11,11
8,차룡8교(수위계),2016-06-10,11,11,11,11,12,12,12,11,12,11,11,11,12,11,11,11,11,11,11,11,11,12,11,11
8,차룡8교(수위계),2016-06-11,11,11,11,11,11,11,11,11,12,11,12,12,11,11,11,11,11,11,11,12,11,11,11,12
8,차룡8교(수위계),2016-06-12,12,12,12,11,11,11,11,12,11,11,11,12,11,11,12,11,11,11,11,11,12,12,12,11
8,차룡8교(수위계),2016-06-13,11,11,11,11,11,11,12,12,11,11,11,12,11,11,11,11,11,12,11,12,12,11,11,11
8,차룡8교(수위계),2016-06-14,11,11,11,11,11,11,11,11,12,12,11,11,12,12,12,12,12,11,11,11,12,12,11,11
8,차룡8교(수위계),2016-06-15,11,11,11,11,11,11,11,11,12,11,11,11,11,11,11,11,11,11,11,11,11,11,11,11
8,차룡8교(수위계),2016-06-16,11,11,11,11,11,11,11,11,11,11,11,11,12,9321,9321,12,12,11,11,11,11,11,11,12
8,차룡8교(수위계),2016-06-17,12,11,11,11,11,12,11,11,11,11,11,11,12,11,11,11,11,11,11,12,11,11,12,11
8,차룡8교(수위계),2016-06-18,11,11,11,11,11,11,11,11,11,11,12,11,11,11,11,11,11,11,12,11,11,11,11,11
8,차룡8교(수위계),2016-06-19,12,12,12,12,12,12,12,12,11,11,11,11,11,11,11,11,11,11,11,11,12,11,11,11
8,차룡8교(수위계),2016-06-20,11,11,11,12,12,12,12,11,11,11,11,11,11,11,11,11,11,11,11,11,11,11,11,11
8,차룡8교(수위계),2016-06-21,11,11,12,12,12,12,12,11,11,11,11,11,11,11,11,11,11,11,11,11,11,11,12,11
8,차룡8교(수위계),2016-06-22,11,11,11,11,11,11,11,12,12,11,11,11,11,11,11,11,11,11,11,11,11,11,11,11
8,차룡8교(수위계),2016-06-23,11,11,11,11,11,11,11,11,11,11,11,11,11,11,11,11,11,11,11,11,11,11,11,11
8,차룡8교(수위계),2016-06-24,11,11,11,11,11,11,11,11,11,28,28,28,28,28,28,28,28,27,28,27,27,27,27,27
8,차룡8교(수위계),2016-06-25,27,27,27,27,27,27,27,26,26,27,26,26,26,26,26,26,26,26,26,26,26,26,26,26
8,차룡8교(수위계),2016-06-26,26,26,26,26,26,26,26,25,25,26,25,25,25,25,25,25,25,25,25,25,25,25,25,25
8,차룡8교(수위계),2016-06-27,25,25,25,25,25,25,25,25,25,24,25,25,25,24,24,24,24,24,24,24,24,24,24,24
8,차룡8교(수위계),2016-06-28,24,24,24,24,24,24,24,24,24,24,24,24,24,24,24,24,23,23,24,24,24,24,23,23
8,차룡8교(수위계),2016-06-29,23,23,23,23,23,23,23,23,23,23,23,23,23,23,23,23,23,23,23,23,23,23,23,23
8,차룡8교(수위계),2016-06-30,23,23,23,23,22,22,22,23,22,23,22,22,22,23,23,22,22,22,22,22,22,22,22,0
8,차룡8교(수위계),2016-07-01,22,22,22,22,22,22,22,22,22,22,22,22,22,22,29,28,28,28,28,28,28,28,28,28
8,차룡8교(수위계),2016-07-02,28,28,28,28,28,28,28,28,28,28,28,28,28,28,28,59,28,28,28,28,28,28,28,28
8,차룡8교(수위계),2016-07-03,28,28,28,28,28,28,28,28,28,28,28,28,28,28,28,28,28,37,28,28,28,28,28,28
8,차룡8교(수위계),2016-07-04,28,28,28,28,28,28,28,28,28,28,28,28,28,28,28,28,28,28,28,28,28,27,27,27
8,차룡8교(수위계),2016-07-05,28,28,28,28,28,28,28,27,27,27,27,27,27,27,43,28,28,28,28,28,28,28,28,28
8,차룡8교(수위계),2016-07-06,28,28,28,28,28,28,28,28,28,28,28,28,28,28,28,28,27,27,28,28,28,27,27,27
8,차룡8교(수위계),2016-07-07,27,27,27,27,27,27,27,27,27,27,27,27,27,27,27,27,27,27,27,27,27,27,27,27
8,차룡8교(수위계),2016-07-08,27,27,27,27,27,27,27,26,26,27,27,27,26,26,26,26,26,26,26,26,26,26,26,26
8,차룡8교(수위계),2016-07-09,26,26,26,26,26,26,26,26,26,26,26,26,26,26,26,26,25,25,26,25,26,26,25,25
8,차룡8교(수위계),2016-07-10,25,25,25,25,25,25,25,25,25,25,25,25,25,25,25,25,25,25,25,25,25,25,25,25
8,차룡8교(수위계),2016-07-11,25,25,24,24,24,24,24,24,25,24,24,24,24,24,24,24,24,24,24,24,24,24,24,24
8,차룡8교(수위계),2016-07-12,24,24,24,24,24,24,24,24,24,24,24,24,24,24,24,24,24,24,24,24,23,23,23,23
8,차룡8교(수위계),2016-07-13,23,23,23,23,23,23,23,23,23,23,23,23,23,23,23,23,23,23,23,23,23,23,23,23
8,차룡8교(수위계),2016-07-14,23,23,23,23,23,23,23,22,22,22,23,22,22,22,22,22,22,22,22,22,22,22,22,22
8,차룡8교(수위계),2016-07-15,22,22,22,22,22,22,22,22,22,22,22,22,22,22,22,22,22,22,21,22,21,21,21,21
8,차룡8교(수위계),2016-07-16,21,21,21,21,21,21,21,21,21,21,21,21,21,21,21,21,21,21,21,21,21,21,21,21
8,차룡8교(수위계),2016-07-17,21,21,21,21,21,20,20,21,21,20,21,20,21,21,20,20,20,21,20,20,20,20,20,20
8,차룡8교(수위계),2016-07-18,20,20,20,20,20,20,20,20,20,20,20,20,20,20,20,20,20,20,20,20,20,20,19,19
8,차룡8교(수위계),2016-07-19,19,19,19,19,19,19,19,19,19,19,19,19,19,19,19,19,19,19,19,19,19,19,19,19
8,차룡8교(수위계),2016-07-20,19,19,19,19,19,19,19,19,19,19,18,19,19,19,19,19,19,18,18,19,18,18,18,18
8,차룡8교(수위계),2016-07-21,18,18,18,18,18,18,18,18,18,9321,18,18,18,18,18,18,18,18,18,18,18,18,18,18
8,차룡8교(수위계),2016-07-22,18,18,18,18,18,18,18,18,17,18,17,18,17,17,17,17,17,17,17,17,17,17,17,17
8,차룡8교(수위계),2016-07-23,17,17,17,17,17,17,17,17,17,17,17,17,17,17,17,17,17,17,17,16,17,17,17,16
8,차룡8교(수위계),2016-07-24,16,16,16,16,16,16,16,16,16,16,16,16,16,16,16,16,16,16,16,16,16,16,16,16
8,차룡8교(수위계),2016-07-25,16,16,16,16,16,16,16,16,16,16,16,16,16,16,15,16,15,16,16,16,16,16,16,15
8,차룡8교(수위계),2016-07-26,15,15,15,15,15,15,15,15,15,15,15,15,15,15,15,15,15,15,15,15,15,15,15,15
8,차룡8교(수위계),2016-07-27,15,15,15,15,15,15,15,15,15,15,15,15,14,14,14,14,14,15,15,15,14,14,14,14
8,차룡8교(수위계),2016-07-28,14,14,14,14,14,14,14,14,14,14,14,14,14,14,14,14,14,14,14,14,14,14,14,14
8,차룡8교(수위계),2016-07-29,14,14,14,14,14,14,14,14,14,14,14,14,14,140,14,14,14,14,14,14,14,14,14,14
8,차룡8교(수위계),2016-07-30,14,14,14,14,14,14,14,14,14,14,13,14,14,13,13,13,13,13,13,13,13,13,13,13
8,차룡8교(수위계),2016-07-31,13,13,13,13,13,13,13,13,13,13,13,13,13,13,13,13,13,13,13,13,13,13,13,13
8,차룡8교(수위계),2016-08-01,13,13,13,13,13,13,13,13,13,13,13,13,13,13,13,19,72,28,28,28,28,28,28,28
8,차룡8교(수위계),2016-08-02,28,28,28,28,28,28,28,28,28,28,28,27,28,28,27,27,94,62,29,28,29,29,29,29
8,차룡8교(수위계),2016-08-03,28,28,28,28,28,28,28,28,28,28,28,28,28,28,28,28,28,28,28,30,29,29,29,28
8,차룡8교(수위계),2016-08-04,28,28,28,28,28,28,28,28,28,28,28,28,28,28,28,28,28,28,28,27,28,28,28,27
8,차룡8교(수위계),2016-08-05,27,27,27,27,27,27,27,27,27,27,27,27,27,27,27,27,27,26,26,26,26,26,26,26
8,차룡8교(수위계),2016-08-06,26,26,26,25,25,25,25,25,25,25,25,25,25,25,25,25,25,25,24,25,24,24,24,24
8,차룡8교(수위계),2016-08-07,24,24,24,24,240,24,24,24,23,23,23,23,23,23,23,23,23,23,23,23,23,22,22,22
8,차룡8교(수위계),2016-08-08,22,22,22,22,22,22,22,22,22,22,22,21,21,21,21,109,35,28,28,28,28,28,28,28
8,차룡8교(수위계),2016-08-09,28,28,28,28,28,27,27,28,27,27,27,27,27,27,27,27,27,27,27,27,27,27,27,27
8,차룡8교(수위계),2016-08-10,26,26,26,26,26,26,26,26,26,26,26,26,26,25,25,25,25,25,25,25,25,25,25,25
8,차룡8교(수위계),2016-08-11,25,25,25,25,25,25,25,24,24,24,24,24,24,24,24,24,24,24,24,23,24,24,23,23
8,차룡8교(수위계),2016-08-12,23,23,23,23,23,23,23,23,23,23,23,23,22,23,23,22,22,22,22,22,22,22,22,22
8,차룡8교(수위계),2016-08-13,22,22,22,22,22,22,21,21,21,21,21,21,21,21,21,21,21,21,21,20,21,20,20,20
8,차룡8교(수위계),2016-08-14,20,20,20,20,20,20,20,20,20,19,20,19,19,19,19,19,19,19,19,19,19,19,19,19
8,차룡8교(수위계),2016-08-15,19,18,18,18,18,18,18,18,18,18,18,18,18,18,18,18,18,18,18,18,17,17,17,17
8,차룡8교(수위계),2016-08-16,17,17,17,17,17,17,17,17,17,17,17,17,17,17,17,16,16,16,17,16,16,16,16,16
8,차룡8교(수위계),2016-08-17,16,16,16,16,16,16,16,16,15,16,15,16,16,16,15,15,15,15,15,15,15,15,15,15
8,차룡8교(수위계),2016-08-18,15,15,15,15,15,14,14,15,14,-35760,14,14,14,14,14,14,14,14,14,14,14,14,14,14
8,차룡8교(수위계),2016-08-19,14,14,14,13,13,13,13,14,13,14,13,13,14,13,13,13,13,13,13,13,13,13,13,13
8,차룡8교(수위계),2016-08-20,13,13,13,13,13,13,13,13,13,13,13,13,13,13,13,13,13,13,12,13,12,12,12,13
8,차룡8교(수위계),2016-08-21,13,13,12,12,12,12,12,12,12,12,12,12,12,12,12,12,12,12,12,12,12,12,12,12
8,차룡8교(수위계),2016-08-22,12,12,12,12,12,12,12,12,12,12,12,12,12,12,12,12,12,11,12,12,12,11,11,12
8,차룡8교(수위계),2016-08-23,12,12,12,12,12,12,12,12,12,11,11,12,12,12,11,11,11,11,12,12,11,11,12,11
8,차룡8교(수위계),2016-08-24,11,11,11,12,12,12,12,11,12,11,12,11,11,12,11,11,11,12,11,11,11,12,12,11
8,차룡8교(수위계),2016-08-25,11,11,11,12,12,12,12,11,12,11,11,11,12,12,11,11,12,12,11,12,12,11,11,12
8,차룡8교(수위계),2016-08-26,12,12,12,12,12,12,12,12,12,12,12,11,11,11,12,12,11,11,11,11,11,11,11,11
8,차룡8교(수위계),2016-08-27,11,11,11,11,11,11,11,11,12,11,11,11,11,11,11,12,11,11,11,11,11,11,11,11
8,차룡8교(수위계),2016-08-28,11,11,11,11,11,11,11,11,11,11,11,11,11,11,11,11,11,11,11,11,11,11,11,11
8,차룡8교(수위계),2016-08-29,11,11,11,11,11,11,11,11,11,11,11,11,11,11,11,11,11,11,11,11,11,11,11,11
8,차룡8교(수위계),2016-08-30,11,11,11,11,11,11,11,11,11,11,11,11,11,11,11,11,11,11,11,11,11,11,11,11
8,차룡8교(수위계),2016-08-31,11,11,11,11,11,11,11,11,11,11,11,11,11,11,11,11,11,11,11,11,11,11,11,11
8,차룡8교(수위계),2016-09-01,11,11,11,11,11,11,11,11,11,11,11,11,11,11,11,11,11,11,11,11,11,11,11,11
8,차룡8교(수위계),2016-09-02,11,11,11,11,11,11,11,11,11,11,11,11,11,11,11,11,11,11,29,30,51,71,90,104
8,차룡8교(수위계),2016-09-03,71,41,66,53,79,155,170,149,96,70,50,47,29,28,29,29,29,29,28,28,28,28,28,29
8,차룡8교(수위계),2016-09-04,29,28,28,28,28,28,28,28,28,28,28,28,28,28,28,28,28,28,28,28,28,27,27,27
8,차룡8교(수위계),2016-09-05,27,27,27,27,27,27,27,27,27,27,27,27,27,27,27,27,26,27,27,26,26,26,26,26
8,차룡8교(수위계),2016-09-06,26,26,26,26,26,26,26,26,26,26,26,26,25,26,26,25,25,25,25,25,25,25,25,25
8,차룡8교(수위계),2016-09-07,25,25,25,25,25,25,25,25,24,24,24,24,24,24,24,24,24,24,24,24,24,24,24,24
8,차룡8교(수위계),2016-09-08,24,24,24,23,23,23,23,23,23,23,23,23,23,23,23,23,23,22,23,22,22,22,22,22
8,차룡8교(수위계),2016-09-09,22,22,22,22,22,22,22,22,22,21,22,21,21,21,21,21,21,21,21,21,21,21,21,21
8,차룡8교(수위계),2016-09-10,21,21,21,21,21,20,20,20,20,20,20,20,20,20,20,20,20,20,20,20,19,20,20,20
8,차룡8교(수위계),2016-09-11,20,19,19,19,19,19,19,19,19,19,19,19,19,19,19,18,18,18,19,18,18,18,18,18
8,차룡8교(수위계),2016-09-12,18,18,18,18,18,18,18,18,18,17,17,18,18,18,17,17,17,17,17,17,17,17,17,17
8,차룡8교(수위계),2016-09-13,17,17,17,17,17,17,17,17,16,16,17,16,16,16,16,16,16,16,16,16,16,16,16,16
8,차룡8교(수위계),2016-09-14,16,15,15,15,16,16,16,15,15,15,15,15,15,15,15,15,15,15,15,15,15,15,15,15
8,차룡8교(수위계),2016-09-15,15,15,15,15,14,14,14,14,15,14,15,14,15,14,15,14,14,14,14,14,14,14,14,14
8,차룡8교(수위계),2016-09-16,14,14,14,14,14,14,14,14,14,14,14,14,14,14,14,14,14,14,13,14,14,14,14,14
8,차룡8교(수위계),2016-09-17,14,13,13,13,13,46,44,29,39,40,90,58,58,31,29,29,49,29,28,28,28,28,28,28
8,차룡8교(수위계),2016-09-18,28,28,28,28,28,28,28,28,28,28,29,29,29,28,28,28,28,28,28,28,28,28,28,28
8,차룡8교(수위계),2016-09-19,28,28,28,28,27,27,27,27,27,27,27,27,27,27,20,26,26,26,26,26,26,26,26,26
8,차룡8교(수위계),2016-09-20,26,26,26,26,26,26,26,26,26,26,26,25,25,26,25,25,25,25,25,25,25,25,25,25
8,차룡8교(수위계),2016-09-21,25,24,25,25,25,25,25,24,24,24,24,24,24,24,24,24,23,24,24,24,23,23,23,23
8,차룡8교(수위계),2016-09-22,23,23,23,23,23,23,23,23,23,23,22,22,23,22,22,22,22,22,22,22,22,22,22,22
8,차룡8교(수위계),2016-09-23,22,22,22,21,21,21,21,21,21,21,21,21,21,21,21,21,21,21,21,21,20,20,20,20
8,차룡8교(수위계),2016-09-24,20,20,20,20,20,20,20,20,19,20,19,20,19,19,19,19,19,19,19,19,19,19,19,19
8,차룡8교(수위계),2016-09-25,19,19,19,19,19,18,18,18,18,18,18,18,18,18,18,18,18,18,18,18,18,18,18,18
8,차룡8교(수위계),2016-09-26,17,17,17,17,17,17,17,17,17,17,17,17,17,17,17,17,17,17,16,16,16,16,16,16
8,차룡8교(수위계),2016-09-27,16,16,16,16,16,16,16,16,15,16,15,15,15,15,15,15,15,15,15,15,15,15,15,15
8,차룡8교(수위계),2016-09-28,15,15,15,15,15,15,15,15,15,14,14,14,14,14,15,15,15,15,15,15,15,14,14,14
8,차룡8교(수위계),2016-09-29,14,14,14,14,14,14,14,14,14,14,14,14,14,14,14,14,14,14,14,14,14,14,14,14
8,차룡8교(수위계),2016-09-30,14,14,14,13,13,13,13,13,13,13,14,13,13,13,13,13,13,13,13,13,13,13,13,0
8,차룡8교(수위계),2016-10-01,13,13,13,13,13,13,13,13,13,13,13,13,13,13,13,13,13,13,13,13,13,12,12,12
8,차룡8교(수위계),2016-10-02,12,12,12,12,12,12,12,12,12,13,12,12,13,12,12,13,12,12,12,12,12,12,12,12
8,차룡8교(수위계),2016-10-03,12,12,12,12,12,12,12,12,12,13,12,12,12,13,13,13,12,12,12,13,12,12,12,12
8,차룡8교(수위계),2016-10-04,13,13,13,12,12,12,12,12,13,12,13,12,13,13,13,12,12,13,12,12,12,13,13,13
8,차룡8교(수위계),2016-10-05,12,12,12,12,12,12,12,12,141,317,221,109,52,34,28,29,29,29,28,29,28,28,28,28
8,차룡8교(수위계),2016-10-06,28,28,28,28,28,28,28,28,28,28,28,28,28,28,27,28,27,28,27,27,27,27,27,27
8,차룡8교(수위계),2016-10-07,27,27,27,27,27,27,27,27,26,27,26,26,26,26,26,26,26,26,26,26,26,26,26,26
8,차룡8교(수위계),2016-10-08,26,26,26,26,26,26,25,25,25,25,25,25,25,25,25,25,25,25,250,25,25,25,24,24
8,차룡8교(수위계),2016-10-09,24,24,24,24,24,24,24,24,24,24,240,23,24,23,23,23,23,23,23,23,23,23,23,22
8,차룡8교(수위계),2016-10-10,22,22,22,22,22,22,22,22,22,22,22,22,22,22,22,22,21,21,21,21,21,21,21,21
8,차룡8교(수위계),2016-10-11,21,21,21,21,21,21,21,21,21,20,20,20,21,20,20,20,20,20,20,20,20,20,20,20
8,차룡8교(수위계),2016-10-12,20,20,20,19,19,19,19,19,19,19,19,19,19,19,19,19,19,19,19,19,19,18,18,18
8,차룡8교(수위계),2016-10-13,18,18,18,18,18,18,18,18,18,18,18,18,18,18,18,18,17,17,18,18,17,17,17,17
8,차룡8교(수위계),2016-10-14,17,17,17,17,17,17,17,17,17,17,17,17,16,17,17,17,16,17,16,16,16,16,16,16
8,차룡8교(수위계),2016-10-15,16,16,16,16,16,16,16,16,16,16,16,15,16,15,15,15,15,15,15,15,16,15,15,15
8,차룡8교(수위계),2016-10-16,15,15,15,15,15,15,15,15,15,15,15,15,15,15,15,15,15,15,15,15,15,15,15,15
8,차룡8교(수위계),2016-10-17,15,15,15,15,15,15,15,14,14,15,15,15,15,15,15,14,14,15,15,15,14,14,15,15
8,차룡8교(수위계),2016-10-18,15,14,14,14,14,14,15,15,14,14,14,14,14,14,14,14,14,14,14,14,14,14,14,14
8,차룡8교(수위계),2016-10-19,14,14,14,14,14,14,14,14,14,14,14,14,14,14,14,14,14,14,14,14,14,14,14,14
8,차룡8교(수위계),2016-10-20,14,14,14,14,14,14,14,14,14,14,14,14,14,14,14,14,14,14,14,13,14,14,14,14
8,차룡8교(수위계),2016-10-21,14,14,14,14,14,13,13,13,14,14,14,14,14,14,14,14,14,14,14,14,13,13,13,13
8,차룡8교(수위계),2016-10-22,13,13,13,13,13,13,14,14,13,13,14,13,14,14,14,14,14,13,13,13,14,14,14,14
8,차룡8교(수위계),2016-10-23,13,13,13,13,13,13,13,13,13,13,13,13,13,14,14,14,13,13,13,13,13,13,13,14
8,차룡8교(수위계),2016-10-24,14,14,14,14,14,14,13,14,14,13,14,13,13,14,13,13,13,13,14,13,13,13,14,14
8,차룡8교(수위계),2016-10-25,14,14,14,14,14,14,13,14,13,14,13,13,13,13,13,13,14,13,13,14,13,13,13,13
8,차룡8교(수위계),2016-10-26,13,14,13,13,13,13,13,13,13,13,13,13,13,13,13,13,13,13,13,13,13,13,13,13
8,차룡8교(수위계),2016-10-27,14,13,13,13,13,13,13,13,13,13,13,13,13,13,13,13,13,13,13,13,13,13,13,13
8,차룡8교(수위계),2016-10-28,13,13,13,13,13,13,13,14,14,13,13,13,13,13,13,13,13,13,13,13,13,13,13,13
8,차룡8교(수위계),2016-10-29,13,13,13,13,14,13,13,13,13,13,13,13,13,13,13,13,13,13,13,13,13,13,13,13
8,차룡8교(수위계),2016-10-30,13,13,13,13,13,13,13,13,13,13,13,13,13,13,13,13,13,13,13,13,13,13,13,13
8,차룡8교(수위계),2016-10-31,13,13,13,13,13,13,13,13,13,13,13,13,13,13,13,13,13,13,13,13,13,13,14,14
8,차룡8교(수위계),2016-11-01,13,13,13,13,13,13,13,13,14,13,13,13,13,13,13,13,13,13,13,13,14,13,13,13
8,차룡8교(수위계),2016-11-02,13,14,14,14,14,13,13,13,13,13,13,13,13,13,13,13,13,13,13,13,13,14,13,13
8,차룡8교(수위계),2016-11-03,13,13,13,13,13,13,13,13,13,13,13,13,13,13,13,13,13,13,13,13,14,13,13,13
8,차룡8교(수위계),2016-11-04,13,13,14,13,13,13,13,13,13,13,13,13,13,13,13,13,13,13,13,13,13,13,13,13
8,차룡8교(수위계),2016-11-05,13,13,13,13,13,13,13,13,13,13,13,13,13,13,13,13,13,13,13,13,13,13,13,13
8,차룡8교(수위계),2016-11-06,13,13,13,13,13,13,13,13,13,13,13,13,13,13,13,13,13,13,13,13,13,13,13,13
8,차룡8교(수위계),2016-11-07,13,13,13,13,13,13,13,13,13,13,13,13,13,13,13,13,13,13,13,13,13,13,13,13
8,차룡8교(수위계),2016-11-08,13,13,13,13,13,13,13,13,13,13,13,13,13,13,13,13,13,13,13,13,13,13,13,13
8,차룡8교(수위계),2016-11-09,13,13,13,13,13,13,13,13,13,13,13,13,13,13,13,13,13,13,13,13,13,13,13,13
8,차룡8교(수위계),2016-11-10,13,13,13,13,13,13,13,13,13,13,13,13,13,13,13,13,13,13,13,13,13,13,13,13
8,차룡8교(수위계),2016-11-11,13,13,13,13,13,13,13,13,13,13,13,13,13,13,13,13,13,13,13,13,13,13,13,13
8,차룡8교(수위계),2016-11-12,13,13,13,130,13,13,13,13,13,13,13,13,13,13,13,13,13,13,13,13,13,13,13,13
8,차룡8교(수위계),2016-11-13,13,13,13,13,13,13,13,13,13,13,13,13,13,13,13,13,13,13,13,13,13,13,13,13
8,차룡8교(수위계),2016-11-14,13,13,13,13,13,13,13,13,13,13,13,13,13,13,13,13,13,13,13,13,13,13,13,13
8,차룡8교(수위계),2016-11-15,13,13,13,13,13,13,13,13,13,13,13,13,13,13,13,13,13,13,13,13,13,13,13,13
8,차룡8교(수위계),2016-11-16,13,13,13,13,13,13,13,13,13,13,13,13,13,13,13,13,13,13,13,13,13,13,13,13
8,차룡8교(수위계),2016-11-17,13,13,13,13,13,13,13,13,13,13,13,13,13,13,13,13,13,13,13,13,13,13,13,13
8,차룡8교(수위계),2016-11-18,13,13,13,13,13,13,13,13,13,13,13,13,13,13,13,13,13,13,13,13,13,13,13,13
8,차룡8교(수위계),2016-11-19,13,13,13,13,13,13,13,13,13,13,13,13,13,13,13,13,13,13,13,13,13,13,13,13
8,차룡8교(수위계),2016-11-20,13,13,13,13,13,13,13,13,13,13,13,13,13,13,13,13,13,13,13,13,13,13,13,13
8,차룡8교(수위계),2016-11-21,13,13,13,13,13,13,13,13,13,13,13,13,13,13,13,13,13,13,13,13,13,13,13,13
8,차룡8교(수위계),2016-11-22,13,13,13,13,13,13,13,13,13,13,13,13,13,13,13,13,13,13,13,13,13,13,13,13
8,차룡8교(수위계),2016-11-23,13,13,13,13,13,13,13,13,13,13,13,13,13,13,13,13,13,13,13,13,13,13,13,13
8,차룡8교(수위계),2016-11-24,13,13,13,13,13,13,13,13,13,13,13,13,13,13,13,13,13,13,13,13,13,13,13,13
8,차룡8교(수위계),2016-11-25,13,13,13,13,13,13,13,13,13,13,13,13,13,13,13,13,13,13,13,13,13,13,13,13
8,차룡8교(수위계),2016-11-26,13,13,13,13,13,13,13,13,13,13,13,13,13,13,13,13,13,13,13,13,13,13,13,13
8,차룡8교(수위계),2016-11-27,13,13,13,13,13,13,13,13,13,13,13,13,13,13,13,13,13,13,13,13,13,13,13,13
8,차룡8교(수위계),2016-11-28,13,13,13,13,13,13,13,13,13,13,13,13,13,13,13,13,13,13,13,13,13,13,13,13
8,차룡8교(수위계),2016-11-29,13,13,13,13,13,13,13,13,13,13,13,13,13,13,13,13,13,13,13,13,13,13,13,13
8,차룡8교(수위계),2016-11-30,13,13,13,13,13,13,13,13,13,13,13,13,13,13,13,13,13,13,13,13,13,13,13,0
8,차룡8교(수위계),2016-12-01,13,13,13,13,13,13,13,13,13,13,13,13,13,13,13,13,13,13,13,13,13,13,13,13
8,차룡8교(수위계),2016-12-02,13,13,13,13,13,13,13,13,13,13,13,13,13,13,13,13,13,13,13,13,13,13,13,13
8,차룡8교(수위계),2016-12-03,13,13,13,13,13,13,13,13,13,13,13,13,13,13,13,13,13,13,13,13,13,13,13,13
8,차룡8교(수위계),2016-12-04,13,13,13,13,13,13,13,13,13,13,13,13,13,13,13,13,13,13,13,13,13,13,13,13
8,차룡8교(수위계),2016-12-05,13,13,13,13,13,13,13,13,13,13,13,13,13,13,13,13,13,13,13,13,13,13,13,13
8,차룡8교(수위계),2016-12-06,13,13,13,13,13,13,13,13,13,13,13,13,13,13,13,13,13,13,13,13,13,13,13,13
8,차룡8교(수위계),2016-12-07,13,13,13,13,13,13,13,13,13,13,13,13,13,13,13,13,13,13,13,13,13,13,13,13
8,차룡8교(수위계),2016-12-08,13,13,13,13,13,13,13,13,13,13,13,13,13,13,13,13,13,13,13,13,13,13,13,13
8,차룡8교(수위계),2016-12-09,13,13,13,13,13,13,13,13,13,13,13,13,13,13,13,13,13,13,13,13,13,13,13,13
8,차룡8교(수위계),2016-12-10,13,13,13,13,13,13,13,13,13,13,13,13,13,13,13,13,13,13,13,13,13,13,13,13
8,차룡8교(수위계),2016-12-11,13,13,13,13,13,13,13,13,13,13,13,13,13,13,13,13,13,13,13,13,13,13,13,13
8,차룡8교(수위계),2016-12-12,13,13,13,13,13,13,13,13,13,13,13,13,13,13,13,13,13,13,13,13,13,13,13,13
8,차룡8교(수위계),2016-12-13,13,13,13,13,13,13,13,13,13,13,13,13,13,13,13,13,13,13,13,13,13,13,13,13
8,차룡8교(수위계),2016-12-14,13,13,13,13,13,13,13,13,13,13,13,13,13,13,13,13,13,13,13,13,13,13,13,13
8,차룡8교(수위계),2016-12-15,13,13,13,13,13,13,13,13,13,13,13,13,13,13,13,13,13,13,13,13,13,13,13,13
8,차룡8교(수위계),2016-12-16,13,13,13,13,13,13,13,13,13,13,13,13,13,13,13,13,13,13,13,13,13,13,13,13
8,차룡8교(수위계),2016-12-17,13,13,13,13,13,13,13,13,13,13,13,13,13,13,13,13,13,13,13,13,13,13,13,13
8,차룡8교(수위계),2016-12-18,13,13,13,13,13,13,13,13,13,13,13,13,13,13,13,13,13,13,13,13,13,13,13,13
8,차룡8교(수위계),2016-12-19,13,13,13,13,13,13,13,13,13,13,13,13,13,13,13,13,13,13,13,13,13,13,13,13
8,차룡8교(수위계),2016-12-20,13,13,13,13,13,13,13,13,13,13,13,13,13,13,13,13,13,13,13,13,13,13,13,13
8,차룡8교(수위계),2016-12-21,13,13,13,13,13,13,13,13,13,13,13,13,13,13,13,13,13,13,13,13,13,13,13,13
8,차룡8교(수위계),2016-12-22,66,48,29,29,29,29,28,28,29,29,28,28,28,28,28,28,28,28,28,28,27,27,27,27
8,차룡8교(수위계),2016-12-23,27,27,27,27,27,27,26,26,26,26,26,26,26,26,25,25,26,26,25,25,25,25,25,25
8,차룡8교(수위계),2016-12-24,25,25,25,24,24,24,24,24,24,24,24,24,24,24,24,24,23,24,24,23,23,23,23,23
8,차룡8교(수위계),2016-12-25,23,23,23,23,23,23,23,23,22,23,23,22,22,22,23,22,22,22,22,22,22,22,22,22
8,차룡8교(수위계),2016-12-26,22,22,22,22,22,22,22,22,22,21,21,21,21,21,21,21,21,21,21,21,21,21,21,21
8,차룡8교(수위계),2016-12-27,21,21,21,21,21,21,21,21,21,21,21,21,20,20,21,20,21,21,20,20,21,21,20,20
8,차룡8교(수위계),2016-12-28,20,20,20,20,20,20,20,20,20,20,20,20,20,20,20,20,20,20,20,20,20,20,20,20
8,차룡8교(수위계),2016-12-29,19,19,19,19,19,19,19,19,19,19,19,19,19,19,19,19,19,19,19,19,19,19,19,19
8,차룡8교(수위계),2016-12-30,19,19,19,19,19,19,19,19,19,19,19,19,19,19,19,19,19,19,19,19,19,19,19,19
8,차룡8교(수위계),2016-12-31,19,19,19,19,19,19,19,19,19,19,19,19,19,19,19,19,19,19,19,18,19,19,18,18
8,차룡8교(수위계),2017-01-01,18,18,18,19,19,19,19,19,18,19,18,18,19,18,19,19,18,19,18,18,18,18,18,18
8,차룡8교(수위계),2017-01-02,18,18,18,18,18,18,18,18,18,18,18,18,18,18,18,18,18,18,18,18,18,18,18,18
8,차룡8교(수위계),2017-01-03,18,18,18,18,18,18,18,18,18,18,18,18,18,18,18,18,18,18,18,18,18,18,18,18
8,차룡8교(수위계),2017-01-04,18,17,17,17,17,17,18,17,18,18,18,17,18,18,17,17,18,18,17,18,18,17,17,18
8,차룡8교(수위계),2017-01-05,18,18,17,17,17,17,17,17,18,17,17,17,17,17,17,18,18,17,17,17,17,17,17,17
8,차룡8교(수위계),2017-01-06,17,17,17,17,17,17,17,17,17,17,17,17,17,17,17,17,17,17,17,17,17,17,17,17
8,차룡8교(수위계),2017-01-07,17,17,17,17,17,17,17,17,17,17,17,17,17,17,17,17,17,17,17,17,17,17,17,17
8,차룡8교(수위계),2017-01-08,17,17,17,17,17,17,17,17,17,17,17,17,17,17,17,17,17,17,17,17,17,17,17,17
8,차룡8교(수위계),2017-01-09,17,17,17,17,17,17,17,17,17,17,17,17,17,17,17,17,17,17,17,17,17,17,17,17
8,차룡8교(수위계),2017-01-10,17,17,17,16,17,17,17,17,16,17,17,16,17,17,16,17,16,17,17,16,16,17,17,17
8,차룡8교(수위계),2017-01-11,17,16,16,16,16,17,17,17,17,16,16,17,17,16,17,16,16,16,16,16,17,17,16,17
8,차룡8교(수위계),2017-01-12,17,16,16,16,16,16,16,16,16,16,16,17,16,16,16,16,16,16,16,16,16,16,16,16
8,차룡8교(수위계),2017-01-13,16,16,16,16,16,16,16,16,16,16,16,16,16,16,16,16,16,16,16,16,16,16,16,16
8,차룡8교(수위계),2017-01-14,16,16,16,16,16,16,16,16,16,16,16,16,16,16,16,16,16,16,16,16,16,16,16,16
8,차룡8교(수위계),2017-01-15,16,16,16,16,16,16,16,16,16,16,16,16,16,16,16,16,16,16,16,16,16,16,16,16
8,차룡8교(수위계),2017-01-16,16,16,16,16,16,16,16,16,16,16,16,16,16,16,16,16,16,16,16,16,16,16,16,16
8,차룡8교(수위계),2017-01-17,16,16,16,16,16,16,16,16,16,16,16,16,16,16,16,16,16,16,16,16,16,16,16,16
8,차룡8교(수위계),2017-01-18,16,16,16,16,16,16,16,16,16,16,16,16,16,16,16,16,16,16,16,16,16,16,16,16
8,차룡8교(수위계),2017-01-19,16,16,16,16,16,16,16,16,16,16,16,16,16,16,16,16,16,16,16,16,16,16,16,16
8,차룡8교(수위계),2017-01-20,16,16,16,16,16,16,16,16,16,16,16,16,16,16,16,16,16,16,16,16,16,16,16,16
8,차룡8교(수위계),2017-01-21,16,16,16,16,16,16,16,16,16,16,16,16,16,16,16,16,16,16,16,16,16,16,16,16
8,차룡8교(수위계),2017-01-22,16,16,16,16,16,16,16,16,16,16,16,16,16,16,16,16,16,16,16,16,16,16,16,16
8,차룡8교(수위계),2017-01-23,16,16,16,16,16,16,16,16,16,16,16,16,16,16,16,16,16,16,16,16,16,16,16,16
8,차룡8교(수위계),2017-01-24,16,16,16,16,16,16,16,16,16,16,16,16,16,16,16,16,16,16,16,16,16,16,16,16
8,차룡8교(수위계),2017-01-25,16,16,16,16,16,16,16,16,16,16,17,16,16,16,17,16,16,16,16,16,16,16,17,17
8,차룡8교(수위계),2017-01-26,16,16,16,16,16,16,17,17,16,17,17,16,17,16,16,16,16,17,17,16,17,17,17,17
8,차룡8교(수위계),2017-01-27,17,17,16,16,17,17,16,16,16,16,16,16,16,16,16,16,16,16,16,16,16,16,16,16
8,차룡8교(수위계),2017-01-28,16,16,16,16,16,16,16,16,16,16,15,16,16,16,16,16,16,16,16,16,16,16,16,16
8,차룡8교(수위계),2017-01-29,16,16,16,16,16,16,16,16,16,16,16,16,16,16,16,16,16,16,16,16,16,16,16,16
8,차룡8교(수위계),2017-01-30,16,16,16,16,16,16,16,16,16,16,15,16,16,16,16,16,16,16,16,16,16,16,16,16
8,차룡8교(수위계),2017-01-31,16,16,16,16,16,15,15,15,16,16,16,16,15,16,16,16,16,15,16,16,16,16,16,16
8,차룡8교(수위계),2017-02-01,16,16,16,16,16,16,15,15,15,16,16,16,15,16,16,16,16,16,16,15,16,16,16,16
8,차룡8교(수위계),2017-02-02,16,15,16,16,16,16,16,16,16,16,16,16,16,16,16,16,16,16,16,16,16,16,16,16
8,차룡8교(수위계),2017-02-03,16,16,16,16,16,16,16,16,15,16,15,16,15,16,16,16,16,15,16,16,16,15,16,16
8,차룡8교(수위계),2017-02-04,16,16,16,16,16,16,16,16,16,16,16,16,16,16,16,16,16,15,16,16,16,16,16,15
8,차룡8교(수위계),2017-02-05,16,16,16,16,16,16,16,16,16,16,16,16,16,16,16,16,16,16,16,16,16,16,15,15
8,차룡8교(수위계),2017-02-06,16,16,16,16,16,16,16,16,16,16,16,16,16,15,15,16,16,16,16,16,15,16,16,16
8,차룡8교(수위계),2017-02-07,15,15,15,15,15,15,16,16,16,16,16,15,16,16,16,16,16,15,16,16,16,16,16,16
8,차룡8교(수위계),2017-02-08,15,16,16,15,16,16,16,16,16,16,15,16,16,16,16,16,16,16,15,16,16,16,15,16
8,차룡8교(수위계),2017-02-09,16,16,16,16,16,16,15,15,16,16,16,16,16,16,16,16,16,16,16,15,16,16,16,16
8,차룡8교(수위계),2017-02-10,16,16,16,16,15,15,15,15,16,16,15,16,16,16,16,16,16,16,15,15,16,16,16,16
8,차룡8교(수위계),2017-02-11,16,16,16,16,15,15,15,15,16,16,15,16,16,15,16,16,16,15,16,16,15,15,16,16
8,차룡8교(수위계),2017-02-12,16,16,16,16,16,16,16,16,16,16,16,15,16,16,15,16,16,16,16,16,16,15,15,16
8,차룡8교(수위계),2017-02-13,16,16,16,16,16,16,16,16,16,16,15,16,16,16,16,15,16,15,16,16,16,16,16,15
8,차룡8교(수위계),2017-02-14,16,16,16,15,15,15,15,15,16,15,16,15,16,16,15,15,15,16,15,16,15,16,16,15
8,차룡8교(수위계),2017-02-15,15,16,16,16,16,16,16,16,15,16,16,15,16,16,16,16,16,15,16,15,16,15,16,16
8,차룡8교(수위계),2017-02-16,16,16,15,15,15,16,16,16,16,16,16,16,16,16,16,15,15,16,16,16,15,15,15,15
8,차룡8교(수위계),2017-02-17,15,15,15,15,15,15,15,16,15,15,16,15,15,16,15,15,15,16,15,16,15,16,16,16
8,차룡8교(수위계),2017-02-18,15,15,15,16,16,16,16,16,16,16,15,16,15,15,16,15,15,16,16,15,15,16,16,16
8,차룡8교(수위계),2017-02-19,16,16,15,16,16,16,16,16,15,16,15,16,15,16,16,16,16,16,15,15,15,15,16,16
8,차룡8교(수위계),2017-02-20,15,15,16,16,16,16,16,15,15,16,16,16,15,15,15,15,16,15,16,16,15,15,16,16
8,차룡8교(수위계),2017-02-21,15,15,16,16,16,16,16,16,16,16,15,16,15,16,15,15,16,16,15,16,15,15,16,16
8,차룡8교(수위계),2017-02-22,16,16,16,16,15,15,15,15,15,15,15,15,16,16,16,16,16,16,16,16,16,16,16,16
8,차룡8교(수위계),2017-02-23,16,16,16,16,16,16,15,15,15,16,16,15,15,15,15,15,15,16,16,15,15,16,16,16
8,차룡8교(수위계),2017-02-24,15,15,15,15,16,16,16,16,15,16,16,15,16,16,15,15,16,15,16,16,15,15,16,16
8,차룡8교(수위계),2017-02-25,16,15,15,15,15,16,16,16,15,15,16,15,16,15,16,15,15,16,15,16,16,15,16,16
8,차룡8교(수위계),2017-02-26,16,15,15,15,15,15,15,15,16,15,16,15,16,15,15,15,15,16,15,16,16,15,15,16
8,차룡8교(수위계),2017-02-27,16,16,16,16,16,16,16,16,16,16,15,15,16,16,16,15,15,16,16,15,16,16,16,16
8,차룡8교(수위계),2017-02-28,15,15,16,16,16,16,16,16,15,16,16,15,15,16,16,16,16,15,16,16,15,16,16,15
8,차룡8교(수위계),2017-03-01,15,15,15,16,16,16,16,16,15,16,15,15,16,16,16,16,16,15,15,16,16,16,15,15
8,차룡8교(수위계),2017-03-02,15,15,16,16,16,16,16,16,16,16,15,15,16,16,16,15,15,16,15,16,16,15,15,16
8,차룡8교(수위계),2017-03-03,16,16,16,15,15,15,15,15,16,15,15,16,15,16,16,16,16,15,16,15,15,16,16,16
8,차룡8교(수위계),2017-03-04,15,15,15,16,16,16,16,16,15,16,16,15,16,15,15,15,15,16,15,16,15,15,16,16
8,차룡8교(수위계),2017-03-05,15,15,15,15,16,16,16,16,15,16,15,16,15,16,15,15,15,16,15,16,16,15,15,16
8,차룡8교(수위계),2017-03-06,16,16,16,16,16,16,16,16,16,16,15,15,16,16,15,15,15,16,15,16,15,15,16,16
8,차룡8교(수위계),2017-03-07,16,16,15,15,16,16,16,15,15,16,15,16,15,16,16,16,16,15,16,15,16,16,15,15
8,차룡8교(수위계),2017-03-08,15,15,16,16,16,16,16,16,15,16,15,16,16,15,15,15,15,15,16,16,15,15,16,16
8,차룡8교(수위계),2017-03-09,16,16,16,16,15,15,15,16,15,16,15,16,16,15,16,15,15,15,16,16,16,15,16,16
8,차룡8교(수위계),2017-03-10,16,16,16,16,15,16,16,16,15,15,16,15,15,16,15,15,15,15,15,16,15,16,16,15
8,차룡8교(수위계),2017-03-11,15,16,16,16,15,15,15,15,15,15,15,16,15,15,16,16,16,15,15,15,16,15,15,16
8,차룡8교(수위계),2017-03-12,16,15,15,15,16,16,16,16,15,15,15,16,15,16,16,15,15,15,16,15,15,15,16,16
8,차룡8교(수위계),2017-03-13,16,15,15,15,16,16,15,15,15,16,16,16,15,16,16,15,16,16,15,15,16,16,16,16
8,차룡8교(수위계),2017-03-14,16,16,15,15,15,15,15,15,15,16,15,16,16,16,15,16,15,16,16,15,16,15,15,16
8,차룡8교(수위계),2017-03-15,16,16,15,15,16,16,16,16,15,15,16,15,15,16,15,15,16,16,15,16,15,16,16,16
8,차룡8교(수위계),2017-03-16,15,15,15,15,15,16,16,15,16,15,15,15,15,16,16,16,15,15,15,16,16,15,16,16
8,차룡8교(수위계),2017-03-17,16,15,15,15,16,16,16,16,16,15,15,16,15,16,16,16,15,16,15,15,16,15,15,16
8,차룡8교(수위계),2017-03-18,16,16,15,15,15,15,15,16,16,15,15,16,16,15,16,15,15,16,15,15,16,15,15,16
8,차룡8교(수위계),2017-03-19,16,16,15,15,15,16,16,15,16,16,16,15,16,15,15,16,16,15,16,16,15,16,16,15
8,차룡8교(수위계),2017-03-20,15,16,16,16,16,15,15,16,15,16,15,15,15,16,16,16,15,15,15,16,16,15,15,15
8,차룡8교(수위계),2017-03-21,15,15,15,15,15,15,15,15,15,16,15,16,15,16,16,16,15,15,16,15,16,15,15,15
8,차룡8교(수위계),2017-03-22,16,16,15,15,15,16,16,15,15,16,16,15,16,15,15,15,16,16,15,15,16,16,16,15
8,차룡8교(수위계),2017-03-23,15,15,15,15,15,15,15,15,15,16,15,16,15,15,16,16,16,15,16,15,15,16,15,15
8,차룡8교(수위계),2017-03-24,15,15,15,15,15,15,15,15,15,16,15,15,15,15,16,16,15,15,16,16,16,16,15,15
8,차룡8교(수위계),2017-03-25,15,15,15,15,15,15,15,15,15,15,16,16,15,15,16,16,16,15,15,15,15,16,16,16
8,차룡8교(수위계),2017-03-26,16,16,16,16,16,16,16,16,15,15,16,16,15,15,15,16,16,15,15,15,16,16,15,15
8,차룡8교(수위계),2017-03-27,15,15,15,15,15,15,15,15,16,15,16,15,15,15,15,15,15,16,16,15,15,16,15,15
8,차룡8교(수위계),2017-03-28,15,16,16,16,16,15,15,16,15,15,15,15,16,15,15,15,15,16,15,15,15,16,16,16
8,차룡8교(수위계),2017-03-29,16,15,15,15,15,15,15,15,15,15,15,15,15,16,16,16,16,16,16,16,16,16,16,15
8,차룡8교(수위계),2017-03-30,15,15,15,15,15,15,15,15,15,15,16,15,16,15,15,15,15,16,15,16,15,15,15,15
8,차룡8교(수위계),2017-03-31,15,15,15,15,15,16,16,16,16,15,15,15,15,15,15,16,15,15,15,15,16,16,16,16
8,차룡8교(수위계),2017-04-01,16,16,15,15,15,15,15,15,16,15,15,15,16,15,16,16,15,15,16,16,15,15,15,15
8,차룡8교(수위계),2017-04-02,16,16,15,15,15,15,15,15,15,16,15,15,16,15,15,15,16,15,16,15,16,15,15,15
8,차룡8교(수위계),2017-04-03,16,16,15,15,15,15,15,15,15,15,15,16,15,16,15,15,15,16,15,15,16,15,15,16
8,차룡8교(수위계),2017-04-04,15,15,15,15,16,16,16,15,16,16,16,15,16,16,16,16,16,15,16,15,15,15,16,16
8,차룡8교(수위계),2017-04-05,15,15,15,15,15,15,15,15,15,16,16,15,15,15,15,15,15,15,15,15,15,15,15,15
8,차룡8교(수위계),2017-04-06,15,15,43,37,28,27,27,26,26,26,26,26,26,26,26,26,26,26,25,25,25,25,25,25
8,차룡8교(수위계),2017-04-07,25,25,25,25,25,25,25,25,25,25,25,25,25,25,25,25,25,24,25,24,24,24,24,24
8,차룡8교(수위계),2017-04-08,24,24,24,24,24,24,24,24,24,24,24,24,24,24,24,24,24,24,24,23,24,24,23,23
8,차룡8교(수위계),2017-04-09,24,24,24,24,24,24,24,23,23,23,23,23,23,23,23,23,23,23,23,23,23,23,23,23
8,차룡8교(수위계),2017-04-10,23,23,23,23,23,23,23,23,22,23,22,23,23,22,23,22,23,22,22,23,23,23,22,22
8,차룡8교(수위계),2017-04-11,22,22,22,22,22,22,22,22,22,22,22,22,22,22,22,22,22,22,22,22,22,22,22,22
8,차룡8교(수위계),2017-04-12,22,22,22,22,21,21,21,21,22,22,21,22,22,21,21,22,21,22,21,21,21,21,21,21
8,차룡8교(수위계),2017-04-13,21,21,21,21,21,21,21,21,21,21,21,21,21,21,21,21,21,21,21,21,21,21,21,21
8,차룡8교(수위계),2017-04-14,21,21,21,21,21,21,21,21,21,20,21,21,20,20,20,21,21,21,21,20,20,20,20,20
8,차룡8교(수위계),2017-04-15,20,20,20,20,20,20,20,20,20,20,20,20,20,20,20,20,20,20,20,20,20,20,20,20
8,차룡8교(수위계),2017-04-16,20,20,20,20,20,20,20,20,20,20,20,20,20,20,20,20,20,20,20,20,20,20,19,20
8,차룡8교(수위계),2017-04-17,20,20,20,19,19,19,19,19,19,19,19,19,20,20,20,20,20,19,19,19,19,19,19,19
8,차룡8교(수위계),2017-04-18,19,19,19,19,19,19,19,19,19,19,19,19,19,19,19,19,19,19,19,19,19,19,19,19
8,차룡8교(수위계),2017-04-19,19,19,19,19,19,19,19,19,19,19,19,19,19,19,19,18,19,18,19,19,19,18,19,19
8,차룡8교(수위계),2017-04-20,18,18,18,18,18,18,18,18,18,18,18,18,19,18,18,18,18,18,18,18,18,18,18,18
8,차룡8교(수위계),2017-04-21,18,18,18,18,18,18,18,18,18,18,18,18,18,18,18,18,18,18,18,18,18,18,18,18
8,차룡8교(수위계),2017-04-22,18,18,18,18,18,18,18,18,18,18,18,18,18,18,18,18,18,18,18,18,18,18,18,18
8,차룡8교(수위계),2017-04-23,18,18,18,17,17,17,17,18,17,18,18,17,18,18,17,17,18,18,17,18,17,18,18,17
8,차룡8교(수위계),2017-04-24,17,18,18,17,17,17,17,17,17,17,17,17,17,17,17,17,17,17,17,17,17,17,17,17
8,차룡8교(수위계),2017-04-25,17,17,17,17,17,17,17,17,17,17,17,17,17,17,17,17,17,17,17,17,17,17,17,17
8,차룡8교(수위계),2017-04-26,17,17,17,17,17,17,17,17,17,17,17,17,17,17,17,17,17,17,17,17,17,17,17,17
8,차룡8교(수위계),2017-04-27,17,17,17,17,17,17,17,17,17,17,17,17,17,17,17,17,17,17,17,17,17,17,17,17
8,차룡8교(수위계),2017-04-28,17,17,17,17,17,17,17,17,17,17,17,17,17,17,17,17,17,17,17,17,17,17,17,17
8,차룡8교(수위계),2017-04-29,17,17,17,17,17,17,17,17,17,17,17,17,17,17,17,17,17,17,17,17,17,17,17,17
8,차룡8교(수위계),2017-04-30,17,17,17,17,17,17,17,17,17,17,17,17,17,17,17,17,17,17,17,17,17,17,17,0
8,차룡8교(수위계),2017-05-01,17,17,17,17,17,17,17,17,17,17,17,17,17,17,17,17,17,17,17,17,17,17,17,17
8,차룡8교(수위계),2017-05-02,17,17,17,17,17,17,17,17,17,17,17,17,17,17,17,17,17,17,17,17,17,17,17,17
8,차룡8교(수위계),2017-05-03,17,17,17,17,17,17,17,17,17,17,17,17,17,17,17,17,17,17,17,17,17,17,17,17
8,차룡8교(수위계),2017-05-04,17,17,17,17,17,17,17,17,17,16,17,17,17,17,17,17,17,17,17,17,17,17,17,17
8,차룡8교(수위계),2017-05-05,17,17,17,17,17,17,17,17,17,17,17,16,17,17,17,17,17,17,17,17,17,17,17,17
8,차룡8교(수위계),2017-05-06,17,17,17,17,17,17,17,16,17,17,17,17,16,17,17,17,17,17,17,17,16,17,16,17
8,차룡8교(수위계),2017-05-07,17,16,17,17,17,17,17,16,16,17,17,17,17,16,16,17,17,16,17,16,17,17,16,17
8,차룡8교(수위계),2017-05-08,16,17,17,16,16,16,16,17,17,16,17,17,17,16,17,17,16,16,17,17,16,16,16,17
8,차룡8교(수위계),2017-05-09,17,17,17,17,17,16,17,17,17,17,17,17,17,17,17,17,17,17,17,17,17,17,17,17
8,차룡8교(수위계),2017-05-10,17,17,17,17,17,17,17,17,17,16,17,17,17,16,17,16,16,16,17,16,17,16,17,17
8,차룡8교(수위계),2017-05-11,17,17,17,17,17,17,17,17,16,17,16,17,16,17,17,16,16,17,17,16,17,16,16,17
8,차룡8교(수위계),2017-05-12,17,17,17,17,17,17,17,17,17,16,16,16,17,16,16,16,17,17,17,17,17,17,16,16
8,차룡8교(수위계),2017-05-13,16,16,17,17,17,17,17,16,17,16,17,17,17,17,17,17,17,16,17,16,16,17,17,16
8,차룡8교(수위계),2017-05-14,16,17,17,16,16,16,16,16,17,16,17,16,17,17,16,16,16,17,16,17,16,17,17,16
8,차룡8교(수위계),2017-05-15,16,17,17,16,16,16,16,17,16,16,16,16,16,16,17,17,17,17,16,17,16,16,17,16
8,차룡8교(수위계),2017-05-16,16,16,17,16,16,16,16,16,17,16,16,16,16,16,16,16,16,16,16,16,16,17,16,16
8,차룡8교(수위계),2017-05-17,16,16,16,16,17,17,17,16,16,16,16,16,16,17,16,16,16,16,16,16,16,16,16,16
8,차룡8교(수위계),2017-05-18,16,16,17,17,16,16,16,16,16,16,16,16,16,16,16,16,16,16,16,16,16,16,16,16
8,차룡8교(수위계),2017-05-19,16,16,16,16,16,16,16,16,16,16,16,16,16,16,16,16,16,16,16,16,16,16,16,16
8,차룡8교(수위계),2017-05-20,16,16,16,16,16,16,16,16,16,16,16,16,16,16,16,16,16,16,16,16,16,16,16,16
8,차룡8교(수위계),2017-05-21,16,16,16,16,16,16,16,16,16,16,16,16,16,16,16,16,16,16,16,16,16,16,16,16
8,차룡8교(수위계),2017-05-22,16,16,16,16,16,16,16,16,16,16,16,16,16,16,16,16,16,16,16,16,16,16,16,16
8,차룡8교(수위계),2017-05-23,16,16,16,16,16,16,16,16,16,16,16,16,16,16,16,16,16,16,16,16,16,16,16,16
8,차룡8교(수위계),2017-05-24,16,16,16,16,16,16,16,16,16,16,16,16,16,16,16,16,16,16,16,16,16,16,16,16
8,차룡8교(수위계),2017-05-25,16,16,16,16,16,16,16,16,16,16,16,16,16,16,16,16,16,16,16,16,16,16,16,16
8,차룡8교(수위계),2017-05-26,16,16,16,160,16,16,16,16,16,16,16,16,16,16,16,16,16,16,16,16,16,16,16,16
8,차룡8교(수위계),2017-05-27,16,16,16,16,16,16,16,16,16,16,16,16,16,16,16,16,16,16,16,16,16,16,16,16
8,차룡8교(수위계),2017-05-28,16,16,16,16,16,16,16,16,16,16,16,16,16,16,16,16,16,16,16,16,16,16,16,16
8,차룡8교(수위계),2017-05-29,16,16,16,16,16,16,16,16,16,16,16,16,16,16,16,16,16,16,16,16,16,16,16,16
8,차룡8교(수위계),2017-05-30,16,16,16,16,16,16,16,16,16,16,16,16,16,16,16,16,16,16,16,16,16,16,16,16
8,차룡8교(수위계),2017-05-31,16,16,16,16,16,16,16,16,16,16,16,16,16,16,16,16,16,16,16,16,16,16,16,16
8,차룡8교(수위계),2017-06-01,16,16,16,16,16,16,16,16,16,16,16,16,16,16,16,16,16,16,16,16,16,16,16,16
8,차룡8교(수위계),2017-06-02,16,16,16,16,16,16,16,16,16,16,16,16,16,16,16,16,16,16,16,16,16,16,16,16
8,차룡8교(수위계),2017-06-03,16,16,16,16,16,16,16,16,16,16,16,16,16,16,16,16,16,16,16,16,16,16,16,16
8,차룡8교(수위계),2017-06-04,16,16,16,16,16,16,16,16,16,16,16,16,16,16,16,16,16,16,16,16,16,16,16,16
8,차룡8교(수위계),2017-06-05,16,16,16,16,16,16,16,16,16,16,16,16,16,16,16,16,16,16,16,16,16,16,16,16
8,차룡8교(수위계),2017-06-06,16,16,16,16,16,16,16,16,16,16,16,16,16,16,16,16,16,16,16,16,16,16,16,16
8,차룡8교(수위계),2017-06-07,16,16,16,16,16,16,16,16,16,16,16,16,16,16,16,16,16,16,16,16,16,16,16,16
8,차룡8교(수위계),2017-06-08,16,16,16,16,16,16,16,16,16,16,16,16,16,16,16,16,16,16,16,16,16,16,16,16
8,차룡8교(수위계),2017-06-09,16,16,16,16,16,16,16,16,16,16,16,16,16,16,16,16,16,16,16,16,16,16,16,16
8,차룡8교(수위계),2017-06-10,16,16,16,16,16,16,16,16,16,16,16,16,16,16,16,16,16,16,16,16,16,16,16,16
8,차룡8교(수위계),2017-06-11,16,16,16,16,16,16,16,16,16,16,16,16,16,16,16,16,16,16,16,16,16,16,16,16
8,차룡8교(수위계),2017-06-12,16,16,16,16,16,16,16,16,16,16,16,16,16,16,16,16,16,16,16,16,16,16,16,16
8,차룡8교(수위계),2017-06-13,16,16,16,16,16,16,16,16,16,16,16,16,16,16,16,16,16,16,16,16,16,16,16,16
8,차룡8교(수위계),2017-06-14,16,16,16,16,16,16,16,16,16,16,16,16,16,16,16,16,16,16,16,16,16,16,16,16
8,차룡8교(수위계),2017-06-15,16,16,16,16,16,16,16,16,16,16,16,16,16,16,16,16,16,16,16,16,16,16,16,16
8,차룡8교(수위계),2017-06-16,16,16,16,16,16,16,16,16,16,16,16,16,16,16,16,16,16,16,16,16,16,16,16,16
8,차룡8교(수위계),2017-06-17,16,16,16,16,16,16,16,16,16,16,16,16,16,16,16,16,16,16,16,16,16,16,16,16
8,차룡8교(수위계),2017-06-18,16,16,16,16,16,16,16,16,16,16,16,16,16,16,16,16,16,16,16,16,16,16,16,16
8,차룡8교(수위계),2017-06-19,16,16,16,16,16,16,16,16,16,16,16,16,16,16,16,16,16,16,16,16,16,16,16,16
8,차룡8교(수위계),2017-06-20,16,16,16,16,16,16,16,16,16,16,16,16,16,16,16,16,16,16,16,16,16,16,16,16
8,차룡8교(수위계),2017-06-21,16,16,16,16,16,16,16,16,16,16,16,16,16,16,16,16,16,16,16,16,16,16,16,16
8,차룡8교(수위계),2017-06-22,16,16,16,16,16,16,16,16,16,16,16,16,16,16,16,16,16,16,16,16,16,16,16,16
8,차룡8교(수위계),2017-06-23,16,16,16,16,16,16,16,16,16,16,16,16,16,16,16,16,16,16,16,16,16,16,16,16
8,차룡8교(수위계),2017-06-24,16,16,16,16,16,16,16,16,16,16,16,16,16,16,16,16,16,16,16,16,16,16,16,16
8,차룡8교(수위계),2017-06-25,16,16,16,16,16,16,16,16,16,16,16,16,16,16,16,16,16,16,16,16,16,16,16,16
8,차룡8교(수위계),2017-06-26,16,16,16,16,16,16,16,16,16,16,16,16,16,16,16,16,16,16,16,16,16,16,16,16
8,차룡8교(수위계),2017-06-27,16,16,16,16,16,16,16,16,16,16,16,16,16,16,16,16,16,16,16,16,16,16,16,16
8,차룡8교(수위계),2017-06-28,16,16,16,16,16,16,16,16,16,16,16,16,16,16,16,16,16,16,16,16,16,16,16,16
8,차룡8교(수위계),2017-06-29,16,16,16,16,16,16,16,16,16,16,16,16,16,16,16,16,16,16,16,16,16,16,16,16
8,차룡8교(수위계),2017-06-30,16,16,16,16,16,16,16,16,16,16,16,16,16,16,16,16,16,16,16,16,16,16,16,0
8,차룡8교(수위계),2017-07-01,16,16,16,16,16,16,16,16,16,16,16,16,16,16,16,16,16,16,16,16,16,16,16,16
8,차룡8교(수위계),2017-07-02,16,16,16,16,16,16,16,16,16,16,16,16,16,16,16,16,16,16,16,16,16,16,16,16
8,차룡8교(수위계),2017-07-03,16,16,16,16,16,16,16,16,16,16,16,16,16,16,16,16,16,16,16,16,16,16,16,16
8,차룡8교(수위계),2017-07-04,16,16,16,16,16,16,16,16,16,16,16,16,16,16,16,84,48,32,55,29,28,27,27,26
8,차룡8교(수위계),2017-07-05,26,26,26,26,26,26,26,25,26,26,25,25,25,25,25,25,25,25,25,25,25,25,24,24
8,차룡8교(수위계),2017-07-06,24,24,24,24,24,24,24,24,24,24,24,24,24,24,24,24,24,24,24,24,24,24,24,24
8,차룡8교(수위계),2017-07-07,24,24,24,24,24,24,23,23,23,24,23,23,23,23,23,23,23,23,23,23,23,23,23,23
8,차룡8교(수위계),2017-07-08,23,23,23,23,23,23,23,23,23,23,23,23,22,22,22,22,22,22,22,22,22,22,22,22
8,차룡8교(수위계),2017-07-09,22,22,22,22,22,22,22,22,22,22,22,22,22,22,22,22,22,22,22,21,21,22,22,22
8,차룡8교(수위계),2017-07-10,22,22,22,21,21,21,21,21,21,21,21,21,21,21,21,21,21,21,21,21,21,21,21,21
8,차룡8교(수위계),2017-07-11,21,21,21,21,21,20,20,21,20,20,20,20,20,20,20,20,20,20,20,20,20,20,20,20
8,차룡8교(수위계),2017-07-12,20,20,20,20,20,20,20,19,19,20,19,20,19,19,19,19,19,19,19,19,19,19,19,19
8,차룡8교(수위계),2017-07-13,19,19,19,19,19,19,19,18,19,19,19,18,18,19,19,19,19,18,18,19,18,18,18,18
8,차룡8교(수위계),2017-07-14,18,18,18,18,18,18,18,18,18,18,18,18,18,22,22,22,22,22,18,18,17,17,17,17
8,차룡8교(수위계),2017-07-15,18,18,18,18,17,17,17,17,17,17,17,17,17,17,17,17,17,17,17,17,17,17,17,17
8,차룡8교(수위계),2017-07-16,17,17,17,17,17,17,17,17,17,17,17,17,17,17,17,17,17,17,17,17,16,16,17,17
8,차룡8교(수위계),2017-07-17,17,17,17,17,16,16,16,17,16,16,16,16,16,16,16,16,16,16,16,16,16,16,16,16
8,차룡8교(수위계),2017-07-18,16,16,16,16,16,16,16,16,16,16,16,16,16,16,16,16,16,16,16,16,16,16,16,16
8,차룡8교(수위계),2017-07-19,16,16,16,16,16,16,16,16,16,16,16,16,16,16,16,16,16,16,16,16,16,16,16,16
8,차룡8교(수위계),2017-07-20,16,16,16,16,16,16,16,16,16,16,16,16,16,16,16,16,16,16,16,16,16,16,16,16
8,차룡8교(수위계),2017-07-21,16,16,16,16,16,16,16,16,16,16,16,16,16,16,16,16,16,16,16,16,16,16,16,16
8,차룡8교(수위계),2017-07-22,16,16,16,16,16,16,16,16,16,16,16,16,16,16,16,16,16,16,16,16,16,16,16,16
8,차룡8교(수위계),2017-07-23,16,16,16,16,16,16,16,16,16,16,16,16,16,16,16,16,16,16,16,16,16,16,16,16
8,차룡8교(수위계),2017-07-24,16,16,16,16,16,16,16,16,16,16,16,16,16,16,16,64,29,29,28,28,28,28,28,28
8,차룡8교(수위계),2017-07-25,28,28,28,28,28,28,28,28,28,27,28,28,27,27,27,27,50,29,29,29,28,28,28,28
8,차룡8교(수위계),2017-07-26,28,27,27,27,27,27,27,27,27,26,26,26,26,26,26,26,26,26,25,26,25,26,25,25
8,차룡8교(수위계),2017-07-27,25,25,25,25,25,24,24,24,24,24,24,24,24,24,24,24,24,24,23,23,23,23,23,23
8,차룡8교(수위계),2017-07-28,23,23,22,22,22,22,22,22,22,22,22,22,22,22,22,21,21,21,21,21,21,21,21,21
8,차룡8교(수위계),2017-07-29,21,21,21,20,20,20,20,20,20,20,20,20,20,20,20,20,20,20,20,20,20,19,19,19
8,차룡8교(수위계),2017-07-30,19,19,19,19,19,19,19,19,19,18,19,19,18,18,18,18,18,18,18,18,18,18,18,18
8,차룡8교(수위계),2017-07-31,18,18,18,17,17,17,17,18,18,17,18,17,17,17,17,17,18,18,17,17,17,17,17,17
8,차룡8교(수위계),2017-08-01,17,17,17,17,17,17,17,17,17,17,17,17,17,17,17,17,17,17,17,17,17,17,17,17
8,차룡8교(수위계),2017-08-02,17,17,17,17,17,17,17,17,17,17,17,17,17,17,17,17,17,17,17,17,17,17,17,17
8,차룡8교(수위계),2017-08-03,17,16,17,17,17,17,17,16,17,16,17,16,17,17,17,17,17,17,17,17,17,16,16,16
8,차룡8교(수위계),2017-08-04,16,16,17,17,17,17,16,16,16,16,16,16,16,16,16,16,16,16,16,16,16,16,16,16
8,차룡8교(수위계),2017-08-05,16,16,16,16,16,16,16,16,16,16,16,16,16,16,16,16,16,16,16,16,16,16,16,16
8,차룡8교(수위계),2017-08-06,16,16,16,16,16,16,16,16,16,16,16,16,16,16,16,16,16,16,16,16,16,16,16,16
8,차룡8교(수위계),2017-08-07,16,16,16,16,16,16,16,16,16,16,16,16,16,16,16,16,16,16,16,16,16,16,16,16
8,차룡8교(수위계),2017-08-08,16,16,16,16,16,16,16,16,16,16,16,16,16,16,16,16,16,16,16,16,16,16,16,16
8,차룡8교(수위계),2017-08-09,16,16,16,16,16,16,16,16,16,29,29,28,29,29,29,28,28,28,28,28,28,28,28,28
8,차룡8교(수위계),2017-08-10,28,28,28,28,29,29,29,29,29,28,28,28,28,28,28,28,28,28,28,28,28,27,28,28
8,차룡8교(수위계),2017-08-11,28,28,27,27,27,27,27,27,27,27,27,27,27,27,27,26,26,26,26,0,51,29,29,29
8,차룡8교(수위계),2017-08-12,29,28,28,28,28,28,28,28,28,28,28,28,28,28,28,28,28,27,27,27,27,27,27,27
8,차룡8교(수위계),2017-08-13,27,27,27,27,27,27,27,26,26,26,26,26,26,26,26,26,26,26,26,26,26,25,25,25
8,차룡8교(수위계),2017-08-14,25,25,25,25,25,25,25,25,25,25,25,25,25,25,24,24,24,24,24,24,24,24,24,24
8,차룡8교(수위계),2017-08-15,24,24,24,24,24,24,24,24,23,24,24,24,24,24,24,23,23,23,23,23,23,23,23,23
8,차룡8교(수위계),2017-08-16,23,23,23,23,22,22,22,22,23,22,22,22,22,22,22,22,22,22,22,22,22,22,22,22
8,차룡8교(수위계),2017-08-17,22,22,21,21,21,21,21,21,21,21,21,21,21,21,21,21,21,21,21,21,21,21,21,21
8,차룡8교(수위계),2017-08-18,20,29,29,29,28,28,28,28,28,28,28,28,28,28,28,28,28,28,28,28,28,28,28,27
8,차룡8교(수위계),2017-08-19,27,27,27,27,27,27,27,27,27,27,27,27,27,27,27,27,26,26,26,26,26,26,26,26
8,차룡8교(수위계),2017-08-20,26,26,25,25,25,25,25,25,25,25,25,25,25,25,25,25,25,25,24,25,25,25,25,25
8,차룡8교(수위계),2017-08-21,24,24,57,61,29,28,28,28,28,28,28,28,28,28,28,28,28,28,28,28,28,28,28,28
8,차룡8교(수위계),2017-08-22,28,27,27,35,28,28,28,28,28,28,28,28,28,28,28,28,28,28,28,28,28,28,28,28
8,차룡8교(수위계),2017-08-23,27,27,27,27,27,27,27,27,27,27,27,26,26,27,27,27,27,26,26,26,26,26,26,26
8,차룡8교(수위계),2017-08-24,26,26,26,26,26,26,25,25,26,25,25,25,25,25,25,25,25,25,25,25,25,24,24,24
8,차룡8교(수위계),2017-08-25,24,24,24,24,24,24,24,24,24,24,24,23,24,23,23,23,23,23,23,23,23,23,23,22
8,차룡8교(수위계),2017-08-26,22,23,23,22,22,22,22,22,22,22,22,22,22,21,21,22,22,21,21,21,21,21,21,21
8,차룡8교(수위계),2017-08-27,21,21,21,20,20,20,20,20,20,20,20,20,20,20,20,20,20,20,20,20,19,19,20,19
8,차룡8교(수위계),2017-08-28,19,19,19,19,19,19,19,19,19,19,19,19,19,18,18,18,18,19,18,18,18,18,18,18
8,차룡8교(수위계),2017-08-29,18,18,18,18,18,18,18,18,18,18,18,18,18,18,18,18,18,18,18,18,18,17,18,18
8,차룡8교(수위계),2017-08-30,18,18,18,18,18,17,17,17,18,18,17,18,18,17,18,18,17,17,18,17,18,18,17,17
8,차룡8교(수위계),2017-08-31,18,18,18,18,17,17,17,18,17,17,18,17,17,18,17,18,17,17,18,17,18,18,18,18
8,차룡8교(수위계),2017-09-01,18,18,18,17,17,17,17,18,18,17,18,18,17,18,18,18,18,18,18,17,18,18,17,17
8,차룡8교(수위계),2017-09-02,18,18,17,17,17,17,17,17,17,18,18,18,17,17,17,17,17,18,18,17,17,18,17,17
8,차룡8교(수위계),2017-09-03,17,17,18,18,18,17,17,18,17,17,18,17,17,18,18,17,17,17,18,17,17,17,18,18
8,차룡8교(수위계),2017-09-04,17,17,17,17,17,17,17,17,17,18,17,18,17,17,18,17,17,17,18,17,17,17,18,18
8,차룡8교(수위계),2017-09-05,18,18,18,18,17,17,17,18,18,17,17,17,18,18,18,17,17,17,17,17,17,17,18,18
8,차룡8교(수위계),2017-09-06,18,18,18,17,17,17,17,17,18,17,17,17,18,18,18,18,17,17,17,17,18,18,45,28
8,차룡8교(수위계),2017-09-07,28,28,28,28,28,28,28,28,28,27,28,28,27,27,27,27,27,27,27,27,27,27,27,27
8,차룡8교(수위계),2017-09-08,27,27,27,27,27,27,27,26,26,26,26,26,26,26,26,26,26,26,26,26,26,26,26,26
8,차룡8교(수위계),2017-09-09,26,25,25,25,25,25,25,25,25,25,25,25,25,25,25,25,25,25,25,25,25,25,25,25
8,차룡8교(수위계),2017-09-10,25,25,25,25,25,25,25,24,25,25,25,24,25,25,25,24,24,24,24,24,24,24,24,24
8,차룡8교(수위계),2017-09-11,24,24,24,24,24,56,49,74,32,29,29,42,35,29,29,29,29,29,29,29,29,28,28,28
8,차룡8교(수위계),2017-09-12,28,28,28,28,28,28,28,28,28,28,28,28,28,28,28,28,28,28,28,28,28,28,28,28
8,차룡8교(수위계),2017-09-13,27,27,28,28,27,27,27,27,27,27,27,27,27,27,27,27,27,27,27,27,27,27,27,27
8,차룡8교(수위계),2017-09-14,27,27,27,27,26,26,26,26,26,26,26,26,26,26,26,26,26,26,26,26,26,26,26,26
8,차룡8교(수위계),2017-09-15,26,26,26,26,26,26,26,26,25,26,25,25,26,26,26,25,25,25,25,25,25,25,25,25
8,차룡8교(수위계),2017-09-16,25,25,25,25,25,25,25,25,25,25,25,25,25,25,25,25,24,24,24,25,25,25,25,25
8,차룡8교(수위계),2017-09-17,25,25,25,25,24,24,24,24,24,24,24,24,24,24,24,24,24,24,24,24,24,24,24,24
8,차룡8교(수위계),2017-09-18,24,24,24,24,23,23,23,24,23,23,24,23,23,23,23,23,23,23,23,23,23,23,23,23
8,차룡8교(수위계),2017-09-19,23,23,23,23,23,23,23,23,23,23,22,23,22,22,22,22,22,23,22,22,22,22,22,22
8,차룡8교(수위계),2017-09-20,22,22,22,22,22,22,22,22,22,22,22,22,22,22,22,22,22,22,22,22,22,22,21,21
8,차룡8교(수위계),2017-09-21,21,21,21,21,21,21,21,21,21,21,21,21,21,21,21,21,21,21,21,21,21,21,21,21
8,차룡8교(수위계),2017-09-22,21,20,20,20,20,20,20,21,21,20,20,21,20,20,21,20,20,20,20,20,20,20,20,20
8,차룡8교(수위계),2017-09-23,20,20,20,20,20,20,20,20,20,20,20,20,20,19,20,20,19,20,19,20,19,19,20,20
8,차룡8교(수위계),2017-09-24,19,19,19,19,19,19,19,19,19,19,19,19,19,19,19,19,19,19,19,19,19,19,19,19
8,차룡8교(수위계),2017-09-25,19,19,19,19,19,19,18,19,18,18,19,18,19,18,19,18,18,18,18,18,18,18,18,18
8,차룡8교(수위계),2017-09-26,18,18,18,18,18,18,18,18,18,18,18,18,18,18,18,18,18,18,18,18,18,18,18,17
8,차룡8교(수위계),2017-09-27,17,17,17,17,17,18,18,18,18,18,18,18,18,17,17,17,17,17,17,17,17,17,17,17
8,차룡8교(수위계),2017-09-28,17,17,17,17,17,17,17,17,17,17,17,17,17,17,17,17,17,17,17,17,17,17,17,17
8,차룡8교(수위계),2017-09-29,17,17,17,17,17,17,17,17,17,17,17,17,17,17,17,17,17,17,17,17,17,17,17,17
8,차룡8교(수위계),2017-09-30,17,17,17,17,17,17,17,17,17,17,17,17,17,17,17,17,17,17,17,17,17,17,17,0
8,차룡8교(수위계),2017-10-01,17,17,17,17,17,17,17,17,17,17,17,17,17,17,17,17,17,17,17,17,17,17,17,17
8,차룡8교(수위계),2017-10-02,17,17,0,59,29,29,29,29,28,28,29,29,29,28,28,28,28,28,28,28,28,28,28,28
8,차룡8교(수위계),2017-10-03,28,28,28,28,28,28,28,28,27,28,28,28,27,27,27,27,27,27,27,27,27,27,27,27
8,차룡8교(수위계),2017-10-04,27,27,27,27,27,27,27,27,27,26,27,27,26,26,26,26,26,26,26,26,26,26,26,26
8,차룡8교(수위계),2017-10-05,26,26,26,26,26,26,26,26,25,26,26,25,25,26,25,25,25,25,25,25,25,25,25,25
8,차룡8교(수위계),2017-10-06,25,25,25,25,25,25,25,25,25,25,24,24,25,25,24,24,24,24,24,24,24,24,24,24
8,차룡8교(수위계),2017-10-07,24,24,24,24,24,24,24,24,24,24,24,24,24,24,24,24,23,23,24,23,23,23,23,23
8,차룡8교(수위계),2017-10-08,23,23,23,23,23,23,23,22,23,22,22,23,23,22,22,22,22,23,22,22,22,22,22,22
8,차룡8교(수위계),2017-10-09,22,22,22,22,22,22,22,22,22,22,21,21,21,22,22,21,21,21,21,21,21,21,21,21
8,차룡8교(수위계),2017-10-10,21,21,21,21,21,21,21,21,20,20,21,20,20,20,20,20,20,20,20,20,20,20,20,20
8,차룡8교(수위계),2017-10-11,20,20,20,20,19,19,20,19,20,19,19,20,20,20,19,19,19,19,19,19,19,19,19,19
8,차룡8교(수위계),2017-10-12,19,19,19,19,19,19,19,19,18,18,18,18,18,18,18,18,18,19,19,18,18,18,18,18
8,차룡8교(수위계),2017-10-13,18,18,18,18,18,18,18,18,18,18,18,18,18,18,18,18,18,18,18,18,18,18,18,18
8,차룡8교(수위계),2017-10-14,18,18,18,18,17,17,17,17,18,18,18,17,18,18,17,17,17,18,17,18,18,17,17,17
8,차룡8교(수위계),2017-10-15,17,17,18,18,18,18,18,18,18,18,18,17,17,18,18,18,18,18,17,17,17,17,17,17
8,차룡8교(수위계),2017-10-16,17,17,17,17,17,18,17,17,17,17,18,18,18,18,17,17,17,18,18,18,17,17,18,18
8,차룡8교(수위계),2017-10-17,18,17,17,17,17,17,17,17,18,18,18,17,18,18,18,18,18,17,17,18,18,18,18,17
8,차룡8교(수위계),2017-10-18,17,17,18,18,18,18,18,17,17,17,18,18,17,17,17,18,18,18,18,18,17,17,17,17
8,차룡8교(수위계),2017-10-19,17,17,17,18,18,18,18,18,18,18,17,18,18,18,18,17,17,18,18,18,18,17,17,17
8,차룡8교(수위계),2017-10-20,17,17,18,18,17,17,17,17,17,18,17,17,17,17,17,17,18,17,18,18,17,17,18,18
8,차룡8교(수위계),2017-10-21,18,17,17,17,17,17,17,17,18,18,17,17,17,17,17,17,17,17,17,18,18,17,17,17
8,차룡8교(수위계),2017-10-22,17,17,17,17,17,17,17,17,18,17,17,18,18,18,18,18,17,17,18,18,18,18,17,17
8,차룡8교(수위계),2017-10-23,17,17,17,18,18,18,17,18,17,17,18,17,17,18,18,17,18,18,17,17,18,17,17,17
8,차룡8교(수위계),2017-10-24,17,17,17,17,17,17,17,17,18,17,17,17,18,18,18,18,17,17,17,18,17,17,17,18
8,차룡8교(수위계),2017-10-25,18,17,17,17,17,17,17,17,17,17,17,17,17,18,17,17,18,17,17,18,17,17,17,18
8,차룡8교(수위계),2017-10-26,17,17,17,17,17,17,17,17,17,17,17,17,17,18,17,17,17,17,17,17,18,17,17,17
8,차룡8교(수위계),2017-10-27,17,17,17,17,17,17,17,17,17,17,17,17,17,17,17,17,17,17,18,17,17,17,17,18
8,차룡8교(수위계),2017-10-28,17,17,17,17,17,17,17,17,17,17,17,17,17,17,18,17,17,17,17,17,18,18,18,17
8,차룡8교(수위계),2017-10-29,17,17,17,17,17,17,17,17,17,17,17,17,17,17,17,18,17,17,17,17,17,17,17,17
8,차룡8교(수위계),2017-10-30,18,17,17,17,17,17,17,17,17,17,17,17,17,17,17,17,17,17,17,17,17,17,17,17
8,차룡8교(수위계),2017-10-31,17,17,17,17,17,17,17,17,17,17,17,17,17,17,17,17,17,17,18,17,17,17,17,17
8,차룡8교(수위계),2017-11-01,17,17,17,17,17,17,17,17,17,17,17,17,17,17,17,17,17,18,17,17,17,17,18,17
8,차룡8교(수위계),2017-11-02,17,17,17,17,17,17,17,17,17,17,17,17,17,17,17,17,17,17,17,17,18,17,17,17
8,차룡8교(수위계),2017-11-03,17,17,17,17,17,17,17,17,17,17,17,17,17,17,17,17,17,17,18,17,17,18,17,17
8,차룡8교(수위계),2017-11-04,17,17,17,17,17,17,17,17,17,17,17,17,17,17,17,17,17,17,17,17,17,17,17,17
8,차룡8교(수위계),2017-11-05,17,17,17,17,17,17,17,17,17,17,17,17,17,17,17,17,17,17,17,17,17,17,17,17
8,차룡8교(수위계),2017-11-06,17,17,17,17,17,17,17,17,17,17,17,17,17,17,17,17,17,17,17,17,17,17,17,17
8,차룡8교(수위계),2017-11-07,17,17,17,17,17,17,17,17,17,17,17,17,17,17,17,17,17,17,17,17,17,17,17,17
8,차룡8교(수위계),2017-11-08,17,17,17,17,17,17,17,17,17,17,17,17,17,17,17,17,17,17,17,18,17,17,17,17
8,차룡8교(수위계),2017-11-09,17,17,17,17,17,17,17,17,17,17,17,17,17,17,17,17,17,17,17,17,17,17,17,17
8,차룡8교(수위계),2017-11-10,17,17,17,17,17,17,17,17,17,17,17,17,17,17,17,17,17,17,17,17,17,17,17,17
8,차룡8교(수위계),2017-11-11,17,17,17,17,17,17,17,17,17,17,17,17,17,17,17,17,17,17,17,17,17,17,17,17
8,차룡8교(수위계),2017-11-12,17,17,17,17,17,17,17,17,17,17,17,17,17,17,17,17,17,17,17,17,17,17,17,17
8,차룡8교(수위계),2017-11-13,17,17,17,17,17,17,17,17,17,17,17,17,17,17,17,17,17,17,17,17,17,17,17,17
8,차룡8교(수위계),2017-11-14,17,17,17,17,17,17,17,17,17,17,17,17,17,17,17,17,17,17,17,17,17,17,17,17
8,차룡8교(수위계),2017-11-15,17,17,17,17,17,17,17,17,17,17,17,17,17,17,17,17,17,17,17,17,17,17,17,17
8,차룡8교(수위계),2017-11-16,17,17,17,17,17,17,17,17,17,17,17,17,17,17,17,17,17,17,17,17,17,17,17,17
8,차룡8교(수위계),2017-11-17,17,17,17,17,17,17,17,17,17,17,17,17,17,17,17,17,17,17,17,17,17,17,17,17
8,차룡8교(수위계),2017-11-18,17,17,17,17,17,17,17,17,17,17,17,17,17,17,17,17,17,17,17,17,17,17,17,17
8,차룡8교(수위계),2017-11-19,17,17,17,17,17,17,17,17,17,17,17,17,17,17,17,17,17,17,17,17,17,17,17,17
8,차룡8교(수위계),2017-11-20,17,17,17,17,17,17,17,17,17,17,17,17,17,17,17,17,17,17,17,17,17,17,17,17
8,차룡8교(수위계),2017-11-21,17,17,17,17,17,17,17,17,17,17,17,17,17,17,17,17,17,17,17,17,17,17,17,17
8,차룡8교(수위계),2017-11-22,17,17,17,17,17,17,17,17,17,17,17,17,17,17,17,17,17,17,17,17,17,17,17,17
8,차룡8교(수위계),2017-11-23,17,17,17,17,17,17,17,17,17,17,17,17,17,17,17,17,17,17,17,17,17,17,17,17
8,차룡8교(수위계),2017-11-24,17,17,17,17,17,17,17,17,17,17,17,17,17,17,17,17,17,17,17,17,17,17,17,17
8,차룡8교(수위계),2017-11-25,17,17,17,17,17,17,17,17,17,17,17,17,17,17,17,17,17,17,17,17,17,17,17,17
8,차룡8교(수위계),2017-11-26,17,17,17,17,17,17,17,17,17,17,17,17,17,17,17,17,17,17,17,17,17,17,17,17
8,차룡8교(수위계),2017-11-27,17,17,17,17,17,17,17,17,17,17,17,17,17,17,17,17,17,17,17,17,17,17,17,17
8,차룡8교(수위계),2017-11-28,17,17,17,17,17,17,17,17,17,17,17,17,17,17,17,17,17,17,17,17,17,17,17,17
8,차룡8교(수위계),2017-11-29,17,17,17,17,17,17,17,17,17,17,17,17,17,17,17,17,17,17,17,17,17,17,17,17
8,차룡8교(수위계),2017-11-30,17,17,17,17,17,17,17,17,17,17,17,17,17,17,17,17,17,17,17,17,17,17,17,0
8,차룡8교(수위계),2017-12-01,17,17,17,17,17,17,17,17,17,17,17,17,17,17,17,17,17,17,17,17,17,17,17,17
8,차룡8교(수위계),2017-12-02,17,17,17,17,17,17,17,17,17,17,17,17,17,17,17,17,17,17,17,17,17,17,17,17
8,차룡8교(수위계),2017-12-03,17,17,17,17,17,17,17,17,17,17,17,17,17,17,17,17,17,17,17,17,17,17,17,17
8,차룡8교(수위계),2017-12-04,17,17,17,17,17,17,17,17,17,17,17,17,17,17,17,17,17,17,17,17,17,17,17,17
8,차룡8교(수위계),2017-12-05,17,17,17,17,17,17,17,17,17,17,17,17,17,17,17,17,17,17,17,17,17,17,17,17
8,차룡8교(수위계),2017-12-06,17,17,17,17,17,17,17,17,17,17,17,17,17,17,17,17,17,17,17,17,17,17,17,17
8,차룡8교(수위계),2017-12-07,17,17,17,17,17,17,17,17,17,17,17,17,17,17,17,17,17,17,17,17,17,17,17,17
8,차룡8교(수위계),2017-12-08,17,17,17,17,17,17,17,17,17,17,17,17,17,17,17,17,17,17,17,17,17,17,17,17
8,차룡8교(수위계),2017-12-09,17,17,17,17,17,17,17,17,17,17,17,17,17,17,17,17,17,17,17,17,17,17,17,17
8,차룡8교(수위계),2017-12-10,17,17,17,17,17,17,17,17,17,17,17,17,17,17,17,17,17,17,17,17,17,17,17,17
8,차룡8교(수위계),2017-12-11,17,17,17,17,17,17,17,17,17,17,17,17,17,17,17,17,17,17,17,17,17,17,17,17
8,차룡8교(수위계),2017-12-12,17,17,17,17,17,17,17,17,17,17,17,17,17,17,17,17,17,17,17,17,17,17,17,17
8,차룡8교(수위계),2017-12-13,17,17,17,17,17,17,17,17,17,17,17,18,17,17,17,17,17,17,17,17,17,17,17,17
8,차룡8교(수위계),2017-12-14,17,17,17,17,18,17,17,17,18,18,17,18,17,18,18,18,17,17,18,18,17,17,17,17
8,차룡8교(수위계),2017-12-15,17,18,18,18,17,17,17,17,18,17,17,18,17,17,17,17,17,17,17,17,17,17,17,17
8,차룡8교(수위계),2017-12-16,17,17,17,17,17,17,17,17,17,17,17,17,17,17,17,17,17,17,17,17,17,17,17,17
8,차룡8교(수위계),2017-12-17,17,17,17,17,17,17,17,17,17,17,17,17,17,17,17,17,17,17,17,17,17,17,17,17
8,차룡8교(수위계),2017-12-18,17,17,17,17,17,17,17,17,17,17,17,17,17,17,17,17,17,17,17,17,17,17,17,17
8,차룡8교(수위계),2017-12-19,17,17,17,17,17,17,17,17,17,17,17,17,17,17,17,17,17,17,17,17,17,17,17,17
8,차룡8교(수위계),2017-12-20,17,17,17,17,17,17,17,17,17,170,17,17,17,17,17,17,17,17,17,17,17,17,17,17
8,차룡8교(수위계),2017-12-21,17,17,17,17,17,17,17,17,17,17,17,17,17,17,17,17,17,17,17,17,17,17,17,17
8,차룡8교(수위계),2017-12-22,17,17,17,17,17,17,170,17,17,17,17,17,17,17,17,17,17,17,17,17,17,17,17,17
8,차룡8교(수위계),2017-12-23,17,17,17,17,17,17,17,17,17,17,17,17,17,16,17,17,16,17,17,16,17,17,17,17
8,차룡8교(수위계),2017-12-24,17,17,17,17,17,17,17,17,16,16,17,17,17,17,17,16,17,17,17,16,17,17,17,16
8,차룡8교(수위계),2017-12-25,16,17,17,17,17,16,17,17,16,17,17,17,16,17,17,17,16,17,17,17,17,16,17,17
8,차룡8교(수위계),2017-12-26,17,17,17,17,17,17,17,17,17,17,17,17,16,17,17,17,17,17,16,17,17,17,16,17
8,차룡8교(수위계),2017-12-27,17,17,17,17,17,17,17,17,17,17,17,17,17,17,17,17,17,17,17,17,17,17,17,17
8,차룡8교(수위계),2017-12-28,17,17,17,17,17,17,17,17,17,17,17,17,17,17,17,17,17,17,17,17,17,17,17,17
8,차룡8교(수위계),2017-12-29,17,17,17,17,17,17,17,17,17,17,17,17,17,17,16,16,17,17,16,16,17,17,16,17
8,차룡8교(수위계),2017-12-30,17,16,16,16,17,17,16,16,16,17,17,16,17,17,17,17,17,16,16,17,17,17,17,17
8,차룡8교(수위계),2017-12-31,17,17,17,17,17,17,16,16,16,17,17,16,17,17,17,17,16,17,17,16,17,17,17,17
8,차룡8교(수위계),2018-01-01,17,16,17,17,17,17,17,17,17,17,17,16,17,17,16,16,17,17,17,17,16,17,17,17
8,차룡8교(수위계),2018-01-02,17,17,17,17,17,17,16,17,17,17,16,17,16,16,17,17,16,16,17,17,16,17,17,17
8,차룡8교(수위계),2018-01-03,16,16,17,17,17,16,16,17,16,17,16,17,16,16,16,16,17,16,17,17,17,16,16,16
8,차룡8교(수위계),2018-01-04,16,16,16,16,16,17,17,17,17,16,17,17,17,16,16,17,17,17,17,16,16,16,17,17
8,차룡8교(수위계),2018-01-05,17,17,17,17,17,17,17,17,17,17,17,16,17,17,17,17,16,17,17,16,17,17,17,17
8,차룡8교(수위계),2018-01-06,16,16,17,17,17,17,17,17,16,17,16,17,17,16,17,17,16,17,16,17,17,16,17,17
8,차룡8교(수위계),2018-01-07,17,17,17,17,17,17,17,17,17,17,16,17,17,17,17,17,16,17,17,17,17,17,17,17
8,차룡8교(수위계),2018-01-08,17,17,17,17,17,17,17,17,17,17,17,16,16,17,17,17,17,17,16,16,16,16,16,16
8,차룡8교(수위계),2018-01-09,17,17,17,17,17,16,16,16,16,17,16,16,17,17,17,17,17,16,17,17,16,16,17,17
8,차룡8교(수위계),2018-01-10,17,17,17,17,17,17,17,17,17,17,16,16,16,16,17,17,16,16,17,17,17,17,17,16
8,차룡8교(수위계),2018-01-11,16,17,17,17,17,17,17,17,17,17,17,17,17,17,17,17,17,17,17,17,17,17,17,17
8,차룡8교(수위계),2018-01-12,17,17,17,17,17,17,17,17,17,17,17,17,17,17,17,17,17,17,17,17,17,17,17,17
8,차룡8교(수위계),2018-01-13,17,17,17,17,17,17,17,17,17,17,17,17,17,17,17,17,17,17,17,17,17,17,17,17
8,차룡8교(수위계),2018-01-14,17,17,17,17,17,17,17,17,17,17,17,17,17,17,17,17,17,17,17,17,17,17,17,17
8,차룡8교(수위계),2018-01-15,17,17,17,17,17,17,17,17,17,17,17,17,17,17,17,17,17,17,17,17,17,17,17,17
8,차룡8교(수위계),2018-01-16,17,17,17,17,17,17,17,17,16,17,17,17,17,17,17,17,17,16,16,16,16,17,17,17
8,차룡8교(수위계),2018-01-17,17,17,16,16,16,16,16,16,16,16,16,17,16,16,16,16,16,16,16,16,16,16,16,16
8,차룡8교(수위계),2018-01-18,16,16,16,16,16,16,16,16,16,16,16,16,16,16,16,16,16,16,16,16,16,16,16,16
8,차룡8교(수위계),2018-01-19,16,16,16,16,16,16,16,16,16,16,16,16,16,16,16,16,16,16,16,16,16,16,16,16
8,차룡8교(수위계),2018-01-20,16,16,16,16,16,16,16,16,16,16,16,16,16,16,16,16,16,16,16,16,16,16,16,16
8,차룡8교(수위계),2018-01-21,16,16,16,16,16,16,16,16,16,16,16,16,16,16,16,16,16,16,16,16,16,16,16,16
8,차룡8교(수위계),2018-01-22,16,16,16,16,16,16,16,16,16,16,16,16,16,16,16,16,16,16,16,16,16,16,16,16
8,차룡8교(수위계),2018-01-23,16,16,16,16,16,16,16,16,16,16,16,16,16,16,16,16,16,16,16,16,16,16,16,16
8,차룡8교(수위계),2018-01-24,16,16,16,16,17,16,16,16,16,17,17,16,17,17,17,17,17,16,17,17,17,17,17,17
8,차룡8교(수위계),2018-01-25,17,17,17,17,17,17,17,17,17,17,17,17,17,17,17,17,17,17,17,17,17,17,17,17
8,차룡8교(수위계),2018-01-26,17,17,17,17,17,17,17,17,17,17,17,17,17,17,17,17,17,17,17,17,17,17,17,17
8,차룡8교(수위계),2018-01-27,17,17,17,17,17,17,17,17,17,17,17,17,17,17,17,17,17,17,17,17,17,17,17,17
8,차룡8교(수위계),2018-01-28,17,17,17,17,17,17,17,17,17,17,17,17,17,17,17,17,17,17,17,17,17,17,17,17
8,차룡8교(수위계),2018-01-29,17,17,17,17,17,17,17,17,17,17,17,17,17,17,17,17,17,17,17,17,17,17,17,17
8,차룡8교(수위계),2018-01-30,17,17,17,17,17,17,17,17,17,17,17,17,17,17,17,17,17,17,17,17,17,17,17,17
8,차룡8교(수위계),2018-01-31,17,17,17,17,17,17,17,17,17,17,17,17,17,17,17,17,17,17,17,17,17,17,17,17
8,차룡8교(수위계),2018-02-01,17,17,17,17,17,17,17,17,17,17,17,17,17,17,17,17,17,17,17,17,17,17,17,17
8,차룡8교(수위계),2018-02-02,17,17,17,17,17,17,17,17,17,17,17,17,17,17,17,17,17,17,17,17,17,17,17,17
8,차룡8교(수위계),2018-02-03,17,17,17,17,17,17,17,17,17,17,17,17,17,17,17,17,17,17,17,17,17,17,17,17
8,차룡8교(수위계),2018-02-04,17,17,17,17,17,17,17,17,17,17,17,17,17,17,17,17,17,17,17,17,17,17,17,17
8,차룡8교(수위계),2018-02-05,17,17,17,17,17,17,17,17,17,17,17,17,17,17,17,17,17,17,17,17,17,17,17,17
8,차룡8교(수위계),2018-02-06,17,17,17,17,17,17,17,17,17,17,17,17,17,17,17,17,17,17,17,17,17,17,17,17
8,차룡8교(수위계),2018-02-07,17,17,17,17,17,17,17,17,17,17,17,17,17,17,17,17,17,17,17,17,17,17,17,17
8,차룡8교(수위계),2018-02-08,17,17,17,17,17,17,17,17,17,17,17,17,17,17,17,17,17,17,17,17,17,17,17,17
8,차룡8교(수위계),2018-02-09,17,17,17,17,17,17,17,17,17,17,17,17,17,17,17,17,17,17,17,17,17,17,17,17
8,차룡8교(수위계),2018-02-10,17,17,17,17,17,17,17,17,17,17,17,16,17,17,16,16,16,17,16,16,16,16,16,16
8,차룡8교(수위계),2018-02-11,16,16,17,17,17,16,16,16,17,16,16,17,16,17,16,16,16,17,16,16,16,16,16,16
8,차룡8교(수위계),2018-02-12,16,17,17,17,17,17,17,16,17,16,16,17,16,16,16,16,16,17,16,16,16,16,16,16
8,차룡8교(수위계),2018-02-13,16,16,17,16,16,17,17,17,16,16,16,16,16,16,16,16,16,16,16,16,16,16,16,16
8,차룡8교(수위계),2018-02-14,16,16,16,16,16,16,16,16,16,16,16,16,16,16,16,16,16,16,16,16,16,16,16,16
8,차룡8교(수위계),2018-02-15,16,16,16,16,16,16,16,16,16,16,16,16,16,16,16,16,16,16,16,16,16,16,16,16
8,차룡8교(수위계),2018-02-16,16,16,16,16,16,16,16,16,16,16,16,16,16,16,16,16,16,16,16,16,16,16,16,16
8,차룡8교(수위계),2018-02-17,16,16,16,16,16,16,16,16,16,16,16,16,16,16,16,16,16,16,16,16,16,16,16,16
8,차룡8교(수위계),2018-02-18,16,16,16,16,16,16,16,16,16,16,16,16,16,16,16,16,16,16,16,16,16,16,16,16
8,차룡8교(수위계),2018-02-19,16,16,16,16,16,16,16,16,16,16,16,16,16,16,16,16,16,16,16,16,16,16,16,16
8,차룡8교(수위계),2018-02-20,16,16,16,16,16,16,16,16,16,16,16,16,16,16,16,16,16,16,16,16,16,16,16,16
8,차룡8교(수위계),2018-02-21,16,16,16,16,16,16,16,16,16,16,16,16,16,16,16,16,16,16,16,16,16,16,16,16
8,차룡8교(수위계),2018-02-22,16,16,16,16,16,16,16,16,16,16,16,16,16,16,16,16,16,16,16,16,16,16,16,16
8,차룡8교(수위계),2018-02-23,16,16,16,16,16,16,16,16,16,16,16,16,16,16,16,16,16,16,16,16,16,16,16,16
8,차룡8교(수위계),2018-02-24,16,16,16,16,16,16,16,16,16,16,16,16,16,16,16,16,16,16,16,16,16,16,16,16
8,차룡8교(수위계),2018-02-25,16,16,16,16,16,16,16,16,16,16,16,16,16,16,16,16,16,16,16,16,16,16,16,16
8,차룡8교(수위계),2018-02-26,16,16,16,16,16,16,16,16,16,16,16,16,16,16,16,16,16,16,16,16,16,16,16,16
8,차룡8교(수위계),2018-02-27,16,16,16,16,16,16,16,16,16,16,16,16,16,16,16,16,16,16,16,16,16,16,16,16
8,차룡8교(수위계),2018-02-28,16,16,16,16,16,16,16,16,16,16,16,16,16,16,16,16,16,16,16,16,16,16,16,15
8,차룡8교(수위계),2018-03-01,16,16,16,16,16,16,16,16,16,16,16,16,16,16,16,16,16,16,16,16,16,16,16,16
8,차룡8교(수위계),2018-03-02,16,16,16,16,16,16,16,16,16,16,16,16,16,16,16,16,16,16,16,16,16,16,16,16
8,차룡8교(수위계),2018-03-03,16,16,16,16,16,16,16,16,16,16,16,16,16,16,16,16,16,16,16,16,16,16,16,16
8,차룡8교(수위계),2018-03-04,16,16,16,16,16,16,16,16,16,16,16,16,16,16,16,16,16,16,16,16,16,16,32,28
8,차룡8교(수위계),2018-03-05,27,25,23,22,20,19,18,18,17,18,19,19,19,19,19,19,19,19,19,19,19,19,19,19
8,차룡8교(수위계),2018-03-06,19,19,19,19,19,19,19,19,19,19,19,19,19,19,19,19,19,19,19,19,19,19,19,19
8,차룡8교(수위계),2018-03-07,18,19,19,19,19,19,19,18,19,19,19,18,18,19,19,19,18,19,19,19,19,19,19,18
8,차룡8교(수위계),2018-03-08,18,18,18,19,19,19,19,19,19,19,19,19,18,19,19,19,19,19,19,19,19,19,19,19
8,차룡8교(수위계),2018-03-09,18,19,19,19,19,19,19,19,19,19,19,18,19,19,19,19,19,18,19,19,19,19,19,19
8,차룡8교(수위계),2018-03-10,19,19,18,18,18,19,19,19,18,19,19,19,19,19,19,19,19,18,19,19,19,19,19,19
8,차룡8교(수위계),2018-03-11,19,19,19,19,19,19,19,19,18,19,19,19,19,18,19,19,19,19,19,19,19,19,19,19
8,차룡8교(수위계),2018-03-12,18,19,19,19,19,19,19,19,18,18,18,19,18,19,19,19,18,19,19,18,19,19,19,18
8,차룡8교(수위계),2018-03-13,19,19,19,19,18,18,18,19,18,18,19,19,19,19,19,19,19,19,18,19,19,19,19,18
8,차룡8교(수위계),2018-03-14,19,19,19,18,18,19,19,18,19,19,19,18,19,19,19,19,18,19,19,19,18,19,19,19
8,차룡8교(수위계),2018-03-15,19,19,19,19,19,19,19,19,19,19,19,31,29,28,27,26,25,24,23,22,21,20,19,18
8,차룡8교(수위계),2018-03-16,18,18,17,17,16,17,17,17,17,17,17,17,17,17,17,17,17,17,17,17,17,17,17,17
8,차룡8교(수위계),2018-03-17,17,18,18,18,18,18,18,18,17,17,17,17,17,17,17,17,17,17,17,17,17,17,17,17
8,차룡8교(수위계),2018-03-18,19,19,19,19,19,19,19,19,19,19,17,18,18,18,18,18,18,18,18,18,19,19,19,19
8,차룡8교(수위계),2018-03-19,17,17,17,17,17,17,17,17,17,17,17,17,17,17,17,17,17,17,17,17,17,17,17,17
8,차룡8교(수위계),2018-03-20,17,17,17,17,17,17,17,17,17,17,17,17,17,17,17,17,17,17,17,17,17,17,17,17
8,차룡8교(수위계),2018-03-21,17,17,17,17,17,17,17,17,17,17,17,17,17,17,17,17,17,17,17,17,17,17,17,17
8,차룡8교(수위계),2018-03-22,17,17,17,17,17,17,17,17,17,17,17,17,17,17,17,17,17,17,17,17,17,17,17,17
8,차룡8교(수위계),2018-03-23,17,17,17,17,17,17,17,17,17,17,17,17,17,17,17,17,17,17,17,17,17,17,17,17
8,차룡8교(수위계),2018-03-24,17,17,17,17,17,17,17,17,17,17,17,17,17,17,17,17,17,17,17,17,17,17,17,17
8,차룡8교(수위계),2018-03-25,17,17,17,17,17,17,17,17,17,17,17,17,17,17,17,17,17,17,17,17,17,17,17,17
8,차룡8교(수위계),2018-03-26,17,17,17,17,17,17,17,17,17,17,17,17,17,17,17,17,17,17,17,17,17,17,17,17
8,차룡8교(수위계),2018-03-27,17,17,17,17,17,17,17,17,17,17,17,17,17,17,17,17,17,17,17,17,17,17,17,17
8,차룡8교(수위계),2018-03-28,17,17,17,17,17,17,17,17,17,17,17,17,17,17,17,17,17,17,17,17,17,17,17,17
8,차룡8교(수위계),2018-03-29,17,17,17,17,17,17,17,17,17,17,17,17,17,17,17,17,17,17,17,17,17,17,17,17
8,차룡8교(수위계),2018-03-30,17,17,17,17,17,17,17,17,17,17,17,17,17,17,17,17,17,17,17,17,17,17,17,17
8,차룡8교(수위계),2018-03-31,17,17,17,17,17,17,17,17,17,17,17,17,17,17,17,17,17,17,17,17,17,17,17,17
8,차룡8교(수위계),2018-04-01,17,17,17,17,17,17,17,17,17,17,17,17,17,17,17,17,17,17,17,17,17,17,17,17
8,차룡8교(수위계),2018-04-02,17,17,17,17,17,17,17,17,17,17,17,17,17,17,17,17,17,17,17,17,17,17,17,17
8,차룡8교(수위계),2018-04-03,17,17,17,17,17,17,17,17,17,17,17,17,17,17,17,17,17,17,17,17,17,17,17,17
8,차룡8교(수위계),2018-04-04,17,17,17,17,17,17,17,17,17,17,17,17,17,17,17,17,17,17,17,17,17,17,17,17
8,차룡8교(수위계),2018-04-05,17,17,17,17,17,17,17,17,17,17,17,17,17,17,17,17,17,17,17,17,17,17,17,17
8,차룡8교(수위계),2018-04-06,17,17,17,17,17,17,17,17,17,17,17,17,17,17,17,17,17,17,17,17,17,17,17,17
8,차룡8교(수위계),2018-04-07,17,17,17,17,17,17,17,17,17,17,17,17,17,17,17,17,17,17,17,17,17,17,17,17
8,차룡8교(수위계),2018-04-08,17,17,17,17,17,17,17,17,17,17,17,17,17,17,17,17,17,170,17,17,17,17,17,17
8,차룡8교(수위계),2018-04-09,17,17,17,17,17,17,17,17,17,17,17,17,17,17,17,17,17,17,17,17,17,17,17,17
8,차룡8교(수위계),2018-04-10,17,17,17,17,17,17,17,16,17,17,17,17,17,17,17,17,17,17,17,17,17,17,17,17
8,차룡8교(수위계),2018-04-11,17,17,17,17,17,17,17,17,17,17,17,17,17,17,17,17,17,17,17,17,17,17,17,17
8,차룡8교(수위계),2018-04-12,17,17,17,17,17,17,17,17,17,17,17,17,17,17,17,17,17,17,17,17,17,17,17,17
8,차룡8교(수위계),2018-04-13,17,17,17,17,17,17,17,17,17,17,17,17,17,17,17,17,17,17,17,17,17,17,17,17
8,차룡8교(수위계),2018-04-14,17,17,17,17,17,17,17,17,17,17,17,17,17,17,17,17,17,17,17,17,17,17,17,17
8,차룡8교(수위계),2018-04-15,17,17,17,17,17,17,17,17,17,17,17,17,17,17,17,17,17,17,17,17,17,17,17,17
8,차룡8교(수위계),2018-04-16,17,17,17,17,17,17,17,17,17,17,17,17,17,17,17,17,17,17,17,17,17,17,17,17
8,차룡8교(수위계),2018-04-17,17,17,17,17,17,17,17,17,17,17,17,17,17,17,17,16,17,17,17,17,17,17,17,17
8,차룡8교(수위계),2018-04-18,17,17,17,17,17,17,17,17,17,17,17,17,17,17,-35760,17,17,17,17,17,17,17,17,17
8,차룡8교(수위계),2018-04-19,17,17,17,17,17,17,17,17,17,17,17,17,17,17,17,17,17,17,17,17,17,17,17,17
8,차룡8교(수위계),2018-04-20,17,17,17,17,17,17,17,17,17,17,17,17,17,17,17,16,17,17,17,17,17,17,17,17
8,차룡8교(수위계),2018-04-21,17,17,17,17,17,17,17,16,16,16,17,17,17,17,17,17,17,17,17,17,17,17,17,17
8,차룡8교(수위계),2018-04-22,17,17,17,17,17,17,17,17,17,17,17,17,17,17,17,17,17,17,17,17,17,17,17,17
8,차룡8교(수위계),2018-04-23,17,17,17,17,17,17,17,17,17,17,17,17,17,17,17,17,17,17,17,17,17,17,17,17
8,차룡8교(수위계),2018-04-24,17,17,17,17,17,17,17,17,17,17,17,17,17,17,17,17,17,17,17,17,17,17,17,17
8,차룡8교(수위계),2018-04-25,17,17,17,17,17,17,17,17,17,17,17,17,17,17,17,17,17,17,17,17,17,17,17,17
8,차룡8교(수위계),2018-04-26,17,17,17,17,17,17,17,17,17,17,17,17,17,17,17,17,17,17,17,17,17,17,17,17
8,차룡8교(수위계),2018-04-27,17,17,17,17,17,17,17,17,17,17,17,17,17,16,17,17,17,17,17,17,17,17,17,17
8,차룡8교(수위계),2018-04-28,17,17,17,17,17,17,17,17,17,17,17,17,17,17,17,17,17,17,17,17,17,17,17,17
8,차룡8교(수위계),2018-04-29,17,17,17,17,17,17,17,17,17,17,17,17,17,17,17,17,17,17,17,17,17,17,17,17
8,차룡8교(수위계),2018-04-30,17,17,17,17,17,17,17,17,17,17,17,17,17,17,17,17,17,17,17,17,17,17,17,0
8,차룡8교(수위계),2018-05-01,17,17,17,17,17,17,17,17,17,17,17,17,17,17,17,17,17,17,17,17,17,17,17,17
8,차룡8교(수위계),2018-05-02,17,17,17,17,17,17,17,17,17,17,17,17,17,17,17,17,17,17,17,17,17,17,17,17
8,차룡8교(수위계),2018-05-03,17,17,17,17,17,17,17,17,17,17,17,17,17,17,17,17,17,17,17,17,17,17,17,17
8,차룡8교(수위계),2018-05-04,17,17,17,17,17,17,17,17,17,17,17,17,17,17,17,17,17,17,17,17,17,17,17,17
8,차룡8교(수위계),2018-05-05,17,17,17,17,17,17,17,17,16,17,17,17,17,17,17,16,17,17,17,17,17,17,17,17
8,차룡8교(수위계),2018-05-06,17,17,17,17,17,17,17,17,17,17,17,17,17,17,17,17,17,17,17,17,17,17,17,17
8,차룡8교(수위계),2018-05-07,17,17,17,17,17,17,17,17,17,17,17,17,17,17,17,17,17,17,17,17,17,17,17,17
8,차룡8교(수위계),2018-05-08,17,17,17,17,17,17,17,17,17,17,17,17,17,17,17,17,17,17,17,17,17,17,17,17
8,차룡8교(수위계),2018-05-09,17,17,17,17,17,17,17,17,17,17,17,17,17,17,16,17,17,17,17,17,17,17,17,17
8,차룡8교(수위계),2018-05-10,17,17,17,17,17,17,17,17,17,17,17,17,17,17,17,17,17,17,17,17,17,17,17,17
8,차룡8교(수위계),2018-05-11,17,17,17,17,17,17,17,17,17,17,17,17,17,17,17,17,17,17,17,17,17,17,17,17
8,차룡8교(수위계),2018-05-12,17,17,17,17,17,17,17,17,17,17,17,17,17,17,17,17,17,17,17,17,17,17,17,17
8,차룡8교(수위계),2018-05-13,17,17,17,17,17,17,17,17,17,17,17,17,17,17,17,17,17,17,17,17,17,17,17,17
8,차룡8교(수위계),2018-05-14,17,17,17,17,17,17,17,17,17,17,17,17,17,17,17,17,17,17,17,17,17,17,17,17
8,차룡8교(수위계),2018-05-15,17,17,17,17,17,17,17,17,17,17,17,17,17,17,17,17,17,17,17,17,17,17,17,17
8,차룡8교(수위계),2018-05-16,17,17,17,17,17,17,17,17,17,17,17,17,17,17,17,17,17,17,17,17,17,17,17,17
8,차룡8교(수위계),2018-05-17,17,17,17,17,17,17,17,17,17,17,17,17,17,17,17,17,17,17,17,17,17,17,17,17
8,차룡8교(수위계),2018-05-18,17,17,17,17,17,17,17,17,17,17,17,17,17,17,17,17,17,17,17,17,17,17,17,17
8,차룡8교(수위계),2018-05-19,17,17,17,17,17,17,17,17,17,17,17,17,17,17,17,17,17,17,17,17,17,17,17,17
8,차룡8교(수위계),2018-05-20,17,17,17,17,17,17,17,17,17,17,17,17,17,17,17,17,17,17,17,17,17,17,17,17
8,차룡8교(수위계),2018-05-21,17,17,17,17,17,17,17,17,17,17,17,17,17,17,17,17,17,17,17,17,17,17,17,17
8,차룡8교(수위계),2018-05-22,17,17,17,17,17,17,17,17,17,17,17,17,17,17,17,17,17,17,17,17,17,17,17,17
8,차룡8교(수위계),2018-05-23,17,17,17,17,17,17,17,17,17,17,17,17,17,17,17,17,17,17,17,17,17,17,17,17
8,차룡8교(수위계),2018-05-24,17,17,17,17,17,17,17,17,17,17,17,17,17,17,17,17,17,17,17,17,17,17,17,17
8,차룡8교(수위계),2018-05-25,17,17,17,17,17,17,17,17,17,17,17,17,17,17,17,17,17,17,17,17,17,17,17,17
8,차룡8교(수위계),2018-05-26,17,17,17,17,17,17,17,17,17,17,17,17,17,17,17,17,17,17,17,17,17,17,17,17
8,차룡8교(수위계),2018-05-27,17,17,17,17,17,17,17,17,17,17,17,17,17,17,17,17,17,17,17,17,17,17,17,17
8,차룡8교(수위계),2018-05-28,17,17,17,17,17,17,17,17,17,17,17,17,17,17,17,17,17,17,17,17,17,17,17,17
8,차룡8교(수위계),2018-05-29,17,17,17,17,17,17,17,17,17,17,17,17,17,17,17,17,17,17,17,17,17,17,17,17
8,차룡8교(수위계),2018-05-30,17,17,17,17,17,17,17,17,17,17,17,17,17,17,17,17,17,17,17,17,17,17,17,17
8,차룡8교(수위계),2018-05-31,17,17,17,17,17,17,17,17,17,17,17,17,17,17,17,17,17,17,17,17,17,17,17,17
8,차룡8교(수위계),2018-06-01,17,17,17,17,17,17,17,17,17,17,17,17,17,17,17,17,17,17,17,17,17,17,17,17
8,차룡8교(수위계),2018-06-02,17,17,17,17,17,17,170,17,17,17,17,17,17,17,17,16,17,17,17,17,17,17,17,17
8,차룡8교(수위계),2018-06-03,17,17,17,17,17,17,17,17,17,17,17,17,17,17,17,17,17,17,17,17,17,17,17,17
8,차룡8교(수위계),2018-06-04,17,17,17,17,17,17,17,17,17,17,17,17,17,17,17,17,17,17,17,17,17,17,17,17
8,차룡8교(수위계),2018-06-05,17,17,17,17,17,17,17,17,17,17,17,17,17,17,17,17,17,17,17,17,17,17,17,17
8,차룡8교(수위계),2018-06-06,17,17,17,17,17,17,170,17,17,17,17,17,17,17,17,17,17,17,17,17,17,17,17,17
8,차룡8교(수위계),2018-06-07,17,17,17,17,17,17,17,17,17,17,17,17,17,17,17,17,17,17,17,17,17,17,17,17
8,차룡8교(수위계),2018-06-08,17,17,17,17,17,17,17,17,17,17,17,17,17,17,17,17,17,17,17,17,17,17,17,17
8,차룡8교(수위계),2018-06-09,17,17,17,17,17,17,17,17,17,17,17,17,17,17,17,17,17,17,17,17,17,17,17,17
8,차룡8교(수위계),2018-06-10,17,17,17,17,17,17,17,17,17,17,17,17,17,17,17,17,17,17,17,17,17,17,17,17
8,차룡8교(수위계),2018-06-11,17,17,17,17,17,17,17,17,17,17,17,17,17,17,17,17,17,17,17,17,17,17,17,17
8,차룡8교(수위계),2018-06-12,17,17,17,17,17,17,17,17,17,17,17,17,17,17,17,17,17,17,17,17,17,17,17,17
8,차룡8교(수위계),2018-06-13,17,17,17,170,17,17,17,17,17,17,17,17,17,17,17,17,17,17,17,17,17,17,17,17
8,차룡8교(수위계),2018-06-14,17,17,17,16,16,17,17,17,17,17,17,17,17,17,17,17,17,17,17,17,17,17,17,17
8,차룡8교(수위계),2018-06-15,17,17,17,17,17,17,17,17,17,17,17,17,17,17,17,17,17,17,17,17,17,17,17,17
8,차룡8교(수위계),2018-06-16,17,17,17,17,17,17,17,17,17,17,17,17,17,17,17,17,17,17,17,17,17,17,17,17
8,차룡8교(수위계),2018-06-17,17,17,17,17,17,17,17,17,17,17,17,17,17,17,17,17,17,17,17,17,17,17,17,17
8,차룡8교(수위계),2018-06-18,17,17,17,17,17,17,17,17,17,17,17,17,17,17,17,17,17,17,17,17,17,17,17,17
8,차룡8교(수위계),2018-06-19,17,17,17,17,17,17,17,17,17,17,17,17,17,17,17,17,17,17,17,17,17,17,17,17
8,차룡8교(수위계),2018-06-20,17,17,17,17,17,17,17,17,17,17,17,17,17,17,17,17,17,17,17,17,17,17,17,17
8,차룡8교(수위계),2018-06-21,17,17,17,17,17,17,17,17,17,17,17,17,17,17,17,17,17,17,17,17,17,17,17,17
8,차룡8교(수위계),2018-06-22,17,17,17,17,17,17,17,17,17,17,17,17,17,17,17,17,17,17,17,17,17,17,17,17
8,차룡8교(수위계),2018-06-23,17,17,17,17,17,17,17,17,17,17,17,17,17,17,17,17,17,17,17,17,17,17,17,17
8,차룡8교(수위계),2018-06-24,17,17,17,17,17,17,17,17,17,17,17,17,17,17,17,17,17,17,17,17,17,17,17,17
8,차룡8교(수위계),2018-06-25,17,17,17,17,17,17,17,17,17,17,17,17,17,17,17,17,17,17,17,17,17,17,17,17
8,차룡8교(수위계),2018-06-26,17,17,17,17,17,17,17,17,17,17,17,17,17,17,17,17,17,17,17,17,17,17,17,17
8,차룡8교(수위계),2018-06-27,17,17,17,17,17,17,17,17,17,17,17,17,17,17,17,17,17,17,17,17,17,17,17,17
8,차룡8교(수위계),2018-06-28,17,17,17,17,17,17,0,91,74,72,33,29,60,67,31,29,28,28,27,27,27,26,26,25
8,차룡8교(수위계),2018-06-29,25,25,25,24,24,24,23,23,23,22,22,22,22,22,21,21,21,21,21,20,20,20,20,19
8,차룡8교(수위계),2018-06-30,19,19,19,19,19,19,19,18,18,18,18,18,18,18,18,18,18,18,18,18,18,18,18,0
8,차룡8교(수위계),2018-07-01,18,18,57,105,100,69,57,36,29,29,29,29,28,28,29,29,29,28,28,28,29,28,28,28
8,차룡8교(수위계),2018-07-02,28,28,28,28,28,28,27,27,27,27,27,27,27,27,27,27,26,26,26,26,26,26,26,26
8,차룡8교(수위계),2018-07-03,26,26,25,25,25,25,25,25,25,25,25,25,25,25,25,49,62,53,47,29,29,31,29,29
8,차룡8교(수위계),2018-07-04,29,29,29,29,29,29,29,28,28,28,28,28,28,28,28,28,28,28,28,28,28,28,28,27
8,차룡8교(수위계),2018-07-05,27,27,27,27,27,27,27,27,26,26,29,29,29,29,29,29,29,28,28,28,28,28,28,28
8,차룡8교(수위계),2018-07-06,28,28,28,28,28,28,28,28,28,28,28,27,27,27,27,27,27,27,27,27,27,27,26,26
8,차룡8교(수위계),2018-07-07,26,26,26,26,26,26,26,26,26,26,26,26,25,25,26,26,25,25,25,25,25,25,25,25
8,차룡8교(수위계),2018-07-08,25,25,25,25,25,25,24,24,24,24,24,24,24,24,24,24,24,24,24,24,24,23,23,23
8,차룡8교(수위계),2018-07-09,23,23,23,23,23,23,23,23,23,23,22,22,22,22,22,23,22,22,22,22,22,22,22,22
8,차룡8교(수위계),2018-07-10,22,22,21,21,21,21,21,21,21,21,21,21,21,21,21,21,21,21,21,21,21,21,20,20
8,차룡8교(수위계),2018-07-11,20,20,20,20,20,20,20,20,20,20,20,20,20,20,20,20,20,19,19,20,19,19,19,19
8,차룡8교(수위계),2018-07-12,19,19,19,19,19,19,18,19,18,19,18,18,18,18,18,18,18,18,18,18,18,18,18,18
8,차룡8교(수위계),2018-07-13,18,18,18,18,18,18,17,18,18,18,17,18,18,17,17,17,17,18,17,17,17,17,17,17
8,차룡8교(수위계),2018-07-14,17,17,17,17,17,17,17,17,17,17,17,17,17,17,17,17,17,17,17,17,17,16,16,17
8,차룡8교(수위계),2018-07-15,17,17,16,16,16,16,16,16,17,16,17,17,16,16,16,16,16,16,17,16,17,16,16,16
8,차룡8교(수위계),2018-07-16,17,17,16,16,16,16,16,16,17,16,17,17,16,16,16,16,16,17,16,17,17,16,16,17
8,차룡8교(수위계),2018-07-17,17,16,16,16,16,16,16,17,16,16,17,17,17,17,17,16,17,17,17,17,16,16,17,17
8,차룡8교(수위계),2018-07-18,17,17,16,16,16,16,16,17,17,16,17,17,16,17,17,17,16,17,17,16,17,16,16,17
8,차룡8교(수위계),2018-07-19,17,17,17,16,16,16,16,17,17,16,17,16,17,17,17,17,16,16,17,17,17,16,16,17
8,차룡8교(수위계),2018-07-20,17,17,17,16,16,16,17,16,17,16,17,16,16,17,17,17,16,16,17,16,17,17,16,16
8,차룡8교(수위계),2018-07-21,17,17,17,17,17,17,17,16,17,16,17,17,16,16,16,16,16,16,17,16,17,17,16,16
8,차룡8교(수위계),2018-07-22,17,17,17,17,17,17,17,16,17,16,17,17,17,17,17,17,17,17,16,17,17,16,16,16
8,차룡8교(수위계),2018-07-23,17,17,17,17,17,17,17,16,17,16,17,17,17,17,16,16,16,16,17,16,17,16,16,16
8,차룡8교(수위계),2018-07-24,17,17,17,17,17,17,17,16,17,16,17,17,17,16,16,16,16,17,16,16,17,16,16,16
8,차룡8교(수위계),2018-07-25,17,17,17,17,17,17,17,16,17,16,17,16,16,17,17,17,16,16,17,16,17,17,16,16
8,차룡8교(수위계),2018-07-26,16,16,17,17,17,17,16,16,16,17,16,16,17,17,17,17,16,16,17,16,16,17,17,17
8,차룡8교(수위계),2018-07-27,16,16,16,16,16,16,16,17,16,17,16,16,17,17,16,16,17,17,16,17,17,17,16,16
8,차룡8교(수위계),2018-07-28,16,16,16,16,16,16,16,16,16,17,16,17,16,17,17,17,16,17,16,17,17,16,16,16
8,차룡8교(수위계),2018-07-29,16,16,16,16,17,17,16,16,17,16,17,17,16,16,17,17,17,16,17,16,17,17,16,16
8,차룡8교(수위계),2018-07-30,17,17,17,17,17,17,17,16,16,17,16,17,17,16,16,16,16,17,17,16,17,17,16,16
8,차룡8교(수위계),2018-07-31,16,16,17,17,17,17,17,16,17,16,16,17,16,16,16,17,17,17,16,17,16,17,17,16
8,차룡8교(수위계),2018-08-01,16,16,17,17,17,17,17,16,17,16,17,16,16,16,16,17,17,16,17,17,16,17,16,16
8,차룡8교(수위계),2018-08-02,16,16,17,17,17,17,17,16,16,16,17,16,16,16,16,16,16,16,17,16,17,17,16,16
8,차룡8교(수위계),2018-08-03,16,17,17,17,17,17,17,16,17,16,17,17,17,16,16,16,17,17,17,16,17,16,16,16
8,차룡8교(수위계),2018-08-04,17,17,17,17,17,17,17,16,17,16,17,16,16,16,16,16,16,17,16,17,17,17,16,16
8,차룡8교(수위계),2018-08-05,16,16,16,16,160,17,16,16,16,17,17,16,16,16,17,17,16,16,17,16,17,16,17,17
8,차룡8교(수위계),2018-08-06,16,16,16,16,16,16,16,16,16,17,16,16,16,16,17,17,16,16,17,16,16,16,16,16
8,차룡8교(수위계),2018-08-07,16,16,160,16,16,16,16,16,17,16,16,17,17,16,16,16,16,16,17,16,16,16,17,17
8,차룡8교(수위계),2018-08-08,17,17,16,16,16,16,16,17,16,16,17,16,16,17,17,17,16,16,17,16,16,16,16,16
8,차룡8교(수위계),2018-08-09,17,17,17,17,17,17,17,17,16,16,17,16,17,16,16,16,17,16,17,16,16,16,16,17
8,차룡8교(수위계),2018-08-10,17,17,17,17,17,17,17,17,16,16,16,16,16,16,16,16,16,16,16,16,17,17,17,17
8,차룡8교(수위계),2018-08-11,17,16,17,17,17,17,17,17,16,16,16,16,17,16,16,16,16,16,17,16,16,16,17,17
8,차룡8교(수위계),2018-08-12,17,17,17,17,17,16,16,17,17,16,17,16,17,17,17,17,17,17,16,17,17,16,16,16
8,차룡8교(수위계),2018-08-13,16,16,16,16,17,17,17,16,17,16,17,16,16,16,16,16,16,16,17,16,17,16,16,16
8,차룡8교(수위계),2018-08-14,17,17,17,17,17,17,17,16,17,16,16,16,17,17,17,16,16,17,16,17,17,16,16,16
8,차룡8교(수위계),2018-08-15,17,17,17,17,17,17,17,16,17,16,17,16,16,16,17,16,17,16,16,16,16,16,16,16
8,차룡8교(수위계),2018-08-16,16,16,16,16,16,16,16,16,16,16,16,16,16,16,16,16,16,16,17,17,17,16,16,16
8,차룡8교(수위계),2018-08-17,16,16,16,16,17,17,17,16,16,17,16,17,17,17,17,17,17,16,16,17,16,16,16,17
8,차룡8교(수위계),2018-08-18,17,17,16,16,16,16,16,16,16,17,16,17,17,16,16,16,16,17,16,17,16,16,17,17
8,차룡8교(수위계),2018-08-19,16,16,16,16,16,16,16,17,16,16,16,17,16,17,16,16,16,17,16,17,16,16,16,16
8,차룡8교(수위계),2018-08-20,17,17,17,16,16,16,16,16,16,16,17,16,16,16,16,16,16,17,16,16,17,16,16,16
8,차룡8교(수위계),2018-08-21,16,17,17,17,17,17,17,16,17,16,16,16,17,17,17,17,17,17,16,17,16,16,16,16
8,차룡8교(수위계),2018-08-22,16,17,17,17,17,17,17,16,17,16,16,17,16,16,16,16,17,16,16,17,17,17,17,17
8,차룡8교(수위계),2018-08-23,17,17,17,16,17,17,17,17,17,16,16,16,16,16,16,16,16,16,16,17,17,17,16,17
8,차룡8교(수위계),2018-08-24,17,17,16,16,16,17,17,17,16,16,16,16,17,17,16,16,16,16,17,16,16,17,170,17
8,차룡8교(수위계),2018-08-25,16,16,16,16,16,16,16,16,17,16,16,16,16,16,16,16,16,16,17,16,16,16,16,16
8,차룡8교(수위계),2018-08-26,16,16,16,16,16,16,102,76,68,80,126,82,59,33,29,29,28,28,28,28,27,27,27,26
8,차룡8교(수위계),2018-08-27,26,26,25,25,25,25,25,25,24,24,24,24,79,44,29,29,29,30,29,29,28,28,28,28
8,차룡8교(수위계),2018-08-28,28,28,28,28,28,27,27,27,28,27,27,27,27,27,27,27,26,27,26,26,26,26,26,26
8,차룡8교(수위계),2018-08-29,25,25,25,25,25,25,25,25,25,25,25,25,25,25,25,24,24,24,24,24,24,24,24,24
8,차룡8교(수위계),2018-08-30,24,24,24,24,23,23,23,23,23,23,23,23,23,23,23,23,23,22,78,29,29,29,29,29
8,차룡8교(수위계),2018-08-31,29,28,28,28,28,28,28,28,28,28,28,36,29,29,29,29,29,29,29,28,28,28,46,29
8,차룡8교(수위계),2018-09-01,29,111,157,121,75,58,43,36,43,32,38,29,29,29,29,29,29,29,28,28,28,29,29,29
8,차룡8교(수위계),2018-09-02,28,28,28,28,28,28,28,28,28,28,28,28,28,28,28,28,27,27,27,27,27,27,27,27
8,차룡8교(수위계),2018-09-03,27,27,27,27,27,27,27,38,29,29,29,88,33,29,29,29,29,29,29,29,29,28,28,28
8,차룡8교(수위계),2018-09-04,28,28,28,28,28,46,45,29,29,29,29,29,29,28,29,28,28,28,28,28,28,28,28,28
8,차룡8교(수위계),2018-09-05,28,28,28,28,28,28,28,27,27,27,27,27,27,27,27,27,27,27,27,27,26,26,26,26
8,차룡8교(수위계),2018-09-06,26,26,26,26,26,26,25,25,25,25,25,25,25,25,25,25,25,24,24,24,24,24,24,24
8,차룡8교(수위계),2018-09-07,24,24,24,23,23,23,23,23,23,23,23,23,23,22,22,22,22,22,22,22,22,22,22,22
8,차룡8교(수위계),2018-09-08,22,22,22,22,22,21,21,21,21,21,21,21,21,21,20,20,20,21,21,21,20,20,20,20
8,차룡8교(수위계),2018-09-09,20,20,20,20,20,20,20,20,20,20,20,20,20,19,19,19,19,20,20,19,19,20,20,19
8,차룡8교(수위계),2018-09-10,19,19,19,19,19,19,19,19,19,19,19,19,19,19,19,19,19,19,19,19,19,19,19,19
8,차룡8교(수위계),2018-09-11,19,19,19,19,19,19,19,19,19,19,19,19,19,19,19,19,19,19,19,19,19,18,18,18
8,차룡8교(수위계),2018-09-12,18,18,18,18,18,18,19,18,18,18,18,18,18,18,18,18,18,18,18,18,18,18,18,18
8,차룡8교(수위계),2018-09-13,18,18,18,18,18,18,18,18,18,18,18,18,18,18,18,18,18,18,18,18,18,18,18,18
8,차룡8교(수위계),2018-09-14,18,18,18,18,18,18,18,18,18,18,18,18,18,18,18,18,18,18,18,18,18,18,18,18
8,차룡8교(수위계),2018-09-15,18,18,18,18,18,18,18,18,18,18,18,18,18,18,18,18,18,18,18,18,18,18,18,18
8,차룡8교(수위계),2018-09-16,18,18,18,18,18,18,18,18,18,18,18,18,18,18,18,18,18,18,18,18,18,18,18,18
8,차룡8교(수위계),2018-09-17,18,18,18,18,18,18,18,18,180,18,18,18,18,18,18,18,18,18,18,18,18,18,18,18
8,차룡8교(수위계),2018-09-18,18,18,18,18,18,18,18,18,18,18,18,18,18,18,18,18,18,18,18,18,18,18,18,18
8,차룡8교(수위계),2018-09-19,18,18,18,18,18,18,18,18,18,18,18,18,18,18,18,18,18,18,18,18,18,18,18,18
8,차룡8교(수위계),2018-09-20,18,18,18,18,18,18,18,18,18,18,18,18,18,18,18,18,18,18,18,18,18,18,18,18
8,차룡8교(수위계),2018-09-21,18,18,18,18,18,18,18,18,18,18,18,0,28,28,28,28,28,28,27,27,27,26,26,26
8,차룡8교(수위계),2018-09-22,26,26,25,25,25,24,24,24,24,24,23,23,23,23,23,23,23,23,22,22,22,22,22,22
8,차룡8교(수위계),2018-09-23,22,22,22,21,21,21,21,21,21,21,21,21,21,21,21,21,21,21,20,21,20,20,20,20
8,차룡8교(수위계),2018-09-24,20,20,20,20,20,20,20,20,20,20,19,20,20,20,20,20,20,20,20,20,20,20,20,20
8,차룡8교(수위계),2018-09-25,20,20,20,20,20,20,20,19,20,20,20,20,20,20,20,20,20,20,20,20,20,20,20,20
8,차룡8교(수위계),2018-09-26,20,20,20,20,20,20,20,20,20,19,20,20,19,19,19,19,19,20,19,19,20,20,20,19
8,차룡8교(수위계),2018-09-27,20,20,20,19,19,19,19,20,20,19,20,19,20,20,20,20,20,19,20,19,20,20,19,19
8,차룡8교(수위계),2018-09-28,19,20,20,20,20,19,19,20,19,20,20,20,19,20,20,19,19,20,20,19,19,19,19,20
8,차룡8교(수위계),2018-09-29,20,20,19,19,19,19,19,20,20,20,20,20,20,20,20,20,20,20,20,20,20,20,20,20
8,차룡8교(수위계),2018-09-30,20,20,20,20,20,20,20,20,20,19,19,20,19,20,19,19,19,19,19,19,19,19,19,0
8,차룡8교(수위계),2018-10-01,19,19,19,19,19,19,19,19,19,19,19,19,19,19,19,19,19,19,19,19,19,19,19,19
8,차룡8교(수위계),2018-10-02,19,19,19,19,19,19,19,19,19,19,19,19,19,19,19,19,19,19,19,19,19,19,19,19
8,차룡8교(수위계),2018-10-03,19,19,19,19,19,19,19,19,19,19,19,19,19,19,19,19,19,19,19,19,19,19,19,19
8,차룡8교(수위계),2018-10-04,19,19,19,19,19,19,19,19,19,19,19,19,19,19,19,19,19,19,19,19,19,19,19,19
8,차룡8교(수위계),2018-10-05,19,19,19,19,19,19,40,45,35,36,29,29,29,28,28,28,28,28,27,27,27,26,26,26
8,차룡8교(수위계),2018-10-06,25,25,25,38,35,59,59,105,154,233,121,81,63,56,49,44,40,37,34,31,29,28,29,29
8,차룡8교(수위계),2018-10-07,29,28,28,28,28,28,28,28,28,28,28,28,28,28,28,28,28,28,28,27,27,27,27,27
8,차룡8교(수위계),2018-10-08,27,27,27,26,26,26,25,26,25,25,25,25,25,24,24,24,24,24,24,24,23,23,23,23
8,차룡8교(수위계),2018-10-09,23,23,23,22,22,22,22,22,22,21,22,22,21,21,21,21,21,21,21,21,21,21,21,21
8,차룡8교(수위계),2018-10-10,21,21,21,21,21,21,21,21,21,21,21,21,210,21,21,21,21,21,21,21,21,21,21,21
8,차룡8교(수위계),2018-10-11,21,21,21,21,21,21,21,21,21,21,21,21,21,21,21,21,21,21,21,21,21,21,21,21
8,차룡8교(수위계),2018-10-12,21,21,21,21,21,21,21,21,21,21,21,21,21,21,21,21,21,21,21,21,21,21,21,21
8,차룡8교(수위계),2018-10-13,21,21,21,21,21,21,21,21,21,21,21,21,21,21,21,21,21,21,21,21,21,21,21,21
8,차룡8교(수위계),2018-10-14,21,21,21,21,21,21,21,21,21,21,21,21,21,21,21,21,21,210,21,21,21,21,21,21
8,차룡8교(수위계),2018-10-15,21,21,21,21,21,21,21,21,21,21,21,21,21,21,21,21,21,21,21,21,21,21,21,21
8,차룡8교(수위계),2018-10-16,21,21,21,21,21,21,21,21,21,21,21,21,21,21,21,21,21,21,21,21,21,21,21,21
8,차룡8교(수위계),2018-10-17,21,21,21,21,21,21,21,21,21,21,21,21,21,18,18,18,21,21,21,21,21,21,21,21
8,차룡8교(수위계),2018-10-18,21,21,21,21,21,21,21,21,21,21,21,21,21,21,21,21,21,21,21,21,21,21,21,21
8,차룡8교(수위계),2018-10-19,21,21,21,21,21,21,21,21,21,21,21,21,21,21,21,21,21,21,21,21,21,21,21,21
8,차룡8교(수위계),2018-10-20,21,21,21,21,21,21,21,21,21,21,21,21,21,21,21,21,21,21,21,21,21,21,21,2100
8,차룡8교(수위계),2018-10-21,21,21,21,21,21,21,21,21,21,21,21,21,21,21,21,21,21,21,21,21,21,21,21,21
8,차룡8교(수위계),2018-10-22,21,21,21,21,21,21,21,21,21,21,21,21,21,21,21,21,21,21,21,21,21,21,21,21
8,차룡8교(수위계),2018-10-23,21,21,21,21,21,21,21,21,21,21,21,21,21,21,21,21,21,21,21,21,21,21,21,21
8,차룡8교(수위계),2018-10-24,21,21,21,21,21,21,21,21,21,21,21,21,21,21,21,21,21,21,21,21,21,21,21,21
8,차룡8교(수위계),2018-10-25,21,21,21,21,21,21,21,21,21,21,21,21,21,21,21,21,21,21,21,21,21,21,21,21
8,차룡8교(수위계),2018-10-26,21,21,21,21,21,21,21,21,21,21,21,21,21,21,21,21,21,21,21,21,21,21,21,21
8,차룡8교(수위계),2018-10-27,21,21,21,21,21,21,21,21,21,21,21,21,21,21,21,21,21,21,21,21,21,21,21,21
8,차룡8교(수위계),2018-10-28,21,21,21,21,21,21,21,21,21,21,21,21,21,21,21,21,21,21,21,21,21,21,21,21
8,차룡8교(수위계),2018-10-29,21,21,21,21,21,21,21,21,21,21,21,21,21,21,21,21,21,21,21,21,21,21,21,21
8,차룡8교(수위계),2018-10-30,21,21,21,21,21,21,21,21,21,21,21,21,21,21,21,21,21,21,21,21,21,21,21,21
8,차룡8교(수위계),2018-10-31,21,21,21,21,21,21,21,21,21,21,21,21,21,21,21,20,21,21,21,21,21,21,21,21
8,차룡8교(수위계),2018-11-01,21,21,21,21,21,21,21,21,21,21,21,21,21,21,21,21,21,21,21,21,21,21,21,21
8,차룡8교(수위계),2018-11-02,21,21,21,20,20,21,21,20,21,21,21,21,21,21,21,21,21,21,21,21,21,21,21,21
8,차룡8교(수위계),2018-11-03,21,21,21,21,21,21,21,21,21,21,21,21,21,21,21,21,21,20,21,20,21,21,21,20
8,차룡8교(수위계),2018-11-04,21,21,21,21,21,21,21,21,21,21,21,21,21,21,21,20,21,21,21,21,21,21,21,20
8,차룡8교(수위계),2018-11-05,21,21,21,21,21,21,21,21,20,21,21,21,21,21,21,21,21,21,21,21,21,20,21,21
8,차룡8교(수위계),2018-11-06,21,21,21,21,21,20,20,21,21,21,21,21,21,21,20,21,20,21,21,21,21,21,21,20
8,차룡8교(수위계),2018-11-07,20,20,20,20,21,21,21,20,21,21,21,21,21,21,21,21,21,210,21,21,21,21,21,21
8,차룡8교(수위계),2018-11-08,21,21,21,21,21,21,21,21,21,21,21,21,21,21,21,23,23,23,23,23,23,22,22,22
8,차룡8교(수위계),2018-11-09,22,22,21,21,21,21,21,21,21,21,20,20,20,20,20,20,20,20,21,21,20,21,21,21
8,차룡8교(수위계),2018-11-10,20,20,20,21,21,21,21,21,20,20,21,21,20,21,21,21,20,20,21,20,20,21,21,20
8,차룡8교(수위계),2018-11-11,20,20,20,20,20,21,21,21,20,20,21,21,20,20,21,21,20,20,20,21,21,20,20,20
8,차룡8교(수위계),2018-11-12,20,20,20,20,21,21,21,21,20,20,21,20,20,21,20,20,20,20,20,20,20,20,20,21
8,차룡8교(수위계),2018-11-13,20,20,20,20,20,20,20,20,20,20,21,20,21,20,20,20,20,20,20,20,20,20,20,20
8,차룡8교(수위계),2018-11-14,20,20,20,20,20,20,20,20,20,20,20,20,20,20,20,20,20,20,21,20,20,20,20,20
8,차룡8교(수위계),2018-11-15,20,20,20,20,200,20,20,20,20,20,21,20,20,20,20,20,20,20,20,20,20,20,20,20
8,차룡8교(수위계),2018-11-16,20,20,20,20,20,20,20,20,20,20,20,20,20,20,20,20,20,20,20,20,20,20,20,20
8,차룡8교(수위계),2018-11-17,20,20,20,20,20,20,20,21,20,20,20,20,20,20,20,20,20,20,20,20,20,20,20,20
8,차룡8교(수위계),2018-11-18,20,20,20,20,20,20,20,20,20,20,20,20,20,20,20,20,20,20,200,20,20,20,20,20
8,차룡8교(수위계),2018-11-19,20,20,20,20,21,20,20,20,20,20,20,20,20,20,20,20,20,20,20,20,20,20,20,20
8,차룡8교(수위계),2018-11-20,20,20,20,20,20,20,20,20,20,20,20,20,20,20,20,20,20,20,20,20,20,20,20,20
8,차룡8교(수위계),2018-11-21,20,20,20,20,20,20,20,20,20,20,20,20,20,20,20,20,20,20,20,20,20,20,20,20
8,차룡8교(수위계),2018-11-22,20,20,20,20,20,20,20,20,20,20,20,20,20,20,20,20,20,20,20,20,20,20,20,20
8,차룡8교(수위계),2018-11-23,20,20,20,20,20,20,20,20,20,20,20,20,20,20,20,20,20,20,20,20,20,20,20,20
8,차룡8교(수위계),2018-11-24,20,20,20,20,20,20,20,20,20,20,20,20,20,20,20,20,20,20,20,20,20,20,20,20
8,차룡8교(수위계),2018-11-25,20,21,20,20,20,20,20,20,20,20,20,20,21,20,21,21,20,21,20,20,20,21,20,20
8,차룡8교(수위계),2018-11-26,20,20,20,20,21,21,20,20,20,21,21,20,20,20,21,20,20,20,20,20,20,20,21,21
8,차룡8교(수위계),2018-11-27,20,20,20,20,20,20,20,20,20,20,20,20,21,20,20,20,20,20,21,20,20,20,20,21
8,차룡8교(수위계),2018-11-28,21,20,20,20,20,20,20,20,20,20,20,20,20,20,20,20,20,20,20,20,20,21,20,20
8,차룡8교(수위계),2018-11-29,20,20,21,21,20,20,20,21,20,20,21,20,20,20,20,20,21,20,21,20,20,20,21,21
8,차룡8교(수위계),2018-11-30,21,21,20,20,20,20,20,20,20,20,20,20,20,20,20,20,21,20,20,20,20,20,21,0
8,차룡8교(수위계),2018-12-01,20,20,21,21,21,20,21,21,20,20,21,20,20,20,20,20,20,20,20,20,20,21,21,20
8,차룡8교(수위계),2018-12-02,20,20,20,20,20,20,20,20,20,20,20,21,20,20,20,20,20,20,20,20,20,20,21,20
8,차룡8교(수위계),2018-12-03,20,20,20,20,20,20,20,20,20,20,17,17,17,17,17,17,17,17,17,17,17,17,17,17
8,차룡8교(수위계),2018-12-04,17,17,17,17,17,17,17,17,17,17,17,17,17,17,17,17,17,17,17,17,17,17,17,17
8,차룡8교(수위계),2018-12-05,17,17,17,17,17,17,17,17,17,17,17,17,17,17,17,17,17,17,17,17,17,17,17,17
8,차룡8교(수위계),2018-12-06,17,17,17,17,17,17,17,17,17,17,17,17,17,17,17,17,17,17,17,17,17,17,17,17
8,차룡8교(수위계),2018-12-07,17,17,17,17,17,17,17,17,17,17,17,17,17,17,17,17,17,17,17,17,17,17,17,17
8,차룡8교(수위계),2018-12-08,17,17,17,17,17,17,17,17,17,17,23,24,24,23,23,23,23,23,23,23,24,24,24,24
8,차룡8교(수위계),2018-12-09,23,23,23,23,23,23,23,23,24,23,23,23,23,23,23,23,23,23,23,23,23,23,23,23
8,차룡8교(수위계),2018-12-10,23,23,23,23,23,23,23,23,23,23,23,23,23,23,23,23,23,23,23,23,23,23,23,23
8,차룡8교(수위계),2018-12-11,23,23,23,23,23,23,23,23,23,23,23,23,23,23,23,23,23,23,23,23,23,23,23,23
8,차룡8교(수위계),2018-12-12,23,23,23,23,23,23,23,23,23,23,23,23,23,23,17,17,17,17,17,17,17,17,17,17
8,차룡8교(수위계),2018-12-13,17,17,17,17,17,17,17,17,17,17,17,18,17,17,17,17,17,17,17,17,17,17,17,17
8,차룡8교(수위계),2018-12-14,17,17,17,17,18,17,17,17,18,18,17,18,17,18,18,18,17,17,18,18,17,17,17,17
8,차룡8교(수위계),2018-12-15,17,18,18,18,17,17,17,17,18,17,17,18,17,17,17,17,17,17,17,17,17,17,17,17
8,차룡8교(수위계),2018-12-16,17,17,17,17,17,17,17,17,17,17,17,17,17,17,17,17,17,17,17,17,17,17,17,17
8,차룡8교(수위계),2018-12-17,17,17,17,17,17,17,17,17,17,17,17,17,17,17,17,17,17,17,17,17,17,17,17,17
8,차룡8교(수위계),2018-12-18,17,17,17,17,17,17,17,17,17,17,17,17,17,17,17,17,17,17,17,17,17,17,17,17
8,차룡8교(수위계),2018-12-19,17,17,17,17,17,17,17,17,17,17,17,17,17,17,17,17,17,17,17,17,17,17,17,17
8,차룡8교(수위계),2018-12-20,17,17,17,17,17,17,17,17,17,17,17,17,17,17,17,17,17,17,17,17,17,17,17,17
8,차룡8교(수위계),2018-12-21,17,17,17,17,17,17,17,17,17,17,17,17,17,17,17,17,17,17,17,17,17,17,17,17
8,차룡8교(수위계),2018-12-22,17,17,17,17,17,17,17,17,17,17,17,17,17,17,17,17,17,17,17,17,17,17,17,17
8,차룡8교(수위계),2018-12-23,17,17,17,17,17,17,17,17,17,17,17,17,17,16,17,17,16,23,22,22,23,23,23,22
8,차룡8교(수위계),2018-12-24,22,23,23,23,23,22,22,22,23,22,22,23,23,22,23,22,22,23,23,16,22,22,22,23
8,차룡8교(수위계),2018-12-25,23,23,23,23,23,23,23,23,22,22,22,23,22,23,23,22,22,23,22,22,22,22,22,22
8,차룡8교(수위계),2018-12-26,22,22,22,22,22,22,22,22,22,23,22,23,23,23,23,23,22,22,22,23,23,23,22,22
8,차룡8교(수위계),2018-12-27,22,23,23,23,22,22,22,22,22,22,23,23,23,23,23,23,22,23,23,23,22,22,22,23
8,차룡8교(수위계),2018-12-28,23,23,23,23,23,23,23,23,23,23,23,23,23,23,23,22,23,23,23,23,23,23,23,22
8,차룡8교(수위계),2018-12-29,22,22,23,23,23,23,23,23,23,23,23,23,23,23,23,23,23,23,23,23,23,23,23,23
8,차룡8교(수위계),2018-12-30,23,23,23,23,23,23,23,23,23,23,23,23,23,23,23,23,23,23,23,23,23,23,23,23
8,차룡8교(수위계),2018-12-31,23,23,23,23,23,23,23,23,23,23,23,23,23,23,23,23,23,23,23,23,23,23,22,23
8,차룡8교(수위계),2019-01-01,23,23,23,23,23,23,23,23,22,23,23,22,22,23,22,22,22,22,22,22,22,22,22,22
8,차룡8교(수위계),2019-01-02,22,22,22,22,22,22,22,22,22,22,22,22,22,22,22,22,22,22,22,22,22,22,22,22
8,차룡8교(수위계),2019-01-03,22,22,22,22,22,22,22,22,22,22,22,22,22,22,22,22,22,22,22,22,22,22,22,22
8,차룡8교(수위계),2019-01-04,22,22,22,22,22,22,22,22,22,22,22,22,22,22,22,22,22,22,22,22,22,22,22,22
8,차룡8교(수위계),2019-01-05,22,22,22,22,22,22,22,22,22,22,22,22,22,22,22,22,22,22,22,22,22,22,22,22
8,차룡8교(수위계),2019-01-06,22,22,22,22,22,22,22,22,22,22,22,22,22,22,22,22,22,22,22,22,22,22,22,22
8,차룡8교(수위계),2019-01-07,22,22,22,22,22,22,22,22,22,22,22,22,22,22,22,22,22,22,22,22,22,22,22,22
8,차룡8교(수위계),2019-01-08,22,22,22,22,22,22,22,22,22,22,22,22,22,22,22,22,22,22,22,22,22,22,22,22
8,차룡8교(수위계),2019-01-09,22,22,22,22,22,22,22,22,22,22,22,22,22,22,22,22,22,22,22,22,22,22,22,22
8,차룡8교(수위계),2019-01-10,22,22,22,22,22,22,22,22,22,22,22,22,22,22,22,22,22,22,22,22,22,22,22,22
8,차룡8교(수위계),2019-01-11,22,22,22,22,22,22,22,22,22,22,22,22,22,22,22,22,22,22,22,22,22,22,22,22
8,차룡8교(수위계),2019-01-12,22,22,22,22,22,22,22,22,22,22,22,22,22,22,22,22,22,22,22,22,22,22,22,22
8,차룡8교(수위계),2019-01-13,22,22,22,22,22,22,22,22,22,22,22,22,22,22,22,22,22,22,22,22,22,22,22,22
8,차룡8교(수위계),2019-01-14,22,22,22,22,22,22,22,22,22,22,22,22,22,22,22,22,22,22,22,22,22,22,22,22
8,차룡8교(수위계),2019-01-15,22,22,22,22,22,22,22,22,22,22,22,22,22,22,22,22,22,22,22,22,22,22,22,22
8,차룡8교(수위계),2019-01-16,22,22,22,22,22,22,22,22,22,22,22,22,22,22,22,22,22,22,22,22,22,22,22,22
8,차룡8교(수위계),2019-01-17,22,22,22,22,22,22,22,22,22,22,22,22,22,22,22,22,22,22,22,22,22,22,22,22
8,차룡8교(수위계),2019-01-18,22,22,22,22,22,22,22,22,22,22,22,22,22,22,22,22,22,22,22,22,22,22,22,22
8,차룡8교(수위계),2019-01-19,22,22,22,22,22,22,22,22,22,22,22,22,22,22,22,22,22,22,22,22,22,22,22,22
8,차룡8교(수위계),2019-01-20,22,22,22,22,22,22,22,22,22,22,22,22,22,22,22,22,22,22,22,22,22,22,22,22
8,차룡8교(수위계),2019-01-21,22,22,22,22,22,22,22,22,22,22,22,22,22,22,22,22,22,22,22,22,22,22,22,22
8,차룡8교(수위계),2019-01-22,22,22,22,22,22,22,22,22,22,22,22,22,22,22,22,22,22,22,22,22,22,22,22,22
8,차룡8교(수위계),2019-01-23,22,22,22,22,22,22,22,22,22,22,22,22,22,22,22,22,22,22,22,22,22,22,22,22
8,차룡8교(수위계),2019-01-24,22,22,22,22,22,22,22,22,22,22,22,22,22,22,22,22,22,22,22,22,22,22,22,22
8,차룡8교(수위계),2019-01-25,22,22,22,22,22,22,22,22,22,22,22,22,22,22,22,22,22,22,22,22,22,22,22,22
8,차룡8교(수위계),2019-01-26,22,22,22,22,22,22,22,22,22,22,22,22,22,22,22,22,22,22,22,22,22,22,22,22
8,차룡8교(수위계),2019-01-27,22,22,22,22,22,22,22,22,22,22,22,22,22,22,22,22,22,22,22,22,22,22,22,22
8,차룡8교(수위계),2019-01-28,22,22,22,22,22,22,22,22,22,22,22,22,22,22,22,22,22,22,22,22,22,22,22,22
8,차룡8교(수위계),2019-01-29,22,22,22,22,22,22,22,22,22,22,22,22,22,22,22,22,22,22,22,22,22,22,22,22
8,차룡8교(수위계),2019-01-30,22,22,22,22,22,22,22,22,22,22,22,22,22,22,22,22,22,22,22,22,22,22,22,22
8,차룡8교(수위계),2019-01-31,22,22,22,22,22,22,22,22,22,22,22,22,22,22,22,22,22,22,22,22,22,22,22,22
8,차룡8교(수위계),2019-02-01,22,22,22,22,22,22,22,22,22,22,22,22,22,22,22,22,22,22,22,22,22,22,22,22
8,차룡8교(수위계),2019-02-02,22,22,22,22,22,22,22,22,22,22,22,22,22,22,22,22,22,22,22,22,22,22,22,22
8,차룡8교(수위계),2019-02-03,22,22,22,22,22,22,22,22,22,22,22,22,22,22,22,22,22,22,22,22,22,22,22,22
8,차룡8교(수위계),2019-02-04,22,22,22,22,22,22,22,22,22,22,22,22,22,22,22,22,22,22,22,22,22,22,22,22
8,차룡8교(수위계),2019-02-05,22,22,22,22,22,22,22,22,22,22,22,22,22,22,22,22,22,22,22,22,22,22,22,22
8,차룡8교(수위계),2019-02-06,22,22,22,22,22,22,22,22,22,22,22,22,22,22,22,22,22,22,22,22,22,22,22,22
8,차룡8교(수위계),2019-02-07,22,22,22,22,22,22,22,22,22,22,22,22,22,22,22,22,22,22,22,22,22,22,22,22
8,차룡8교(수위계),2019-02-08,22,22,22,22,22,22,22,22,22,22,22,22,22,22,22,22,22,22,22,22,22,22,22,22
8,차룡8교(수위계),2019-02-09,22,22,22,22,22,22,22,22,22,22,22,22,22,22,22,22,22,22,22,22,22,22,22,22
8,차룡8교(수위계),2019-02-10,22,22,22,22,22,22,22,22,22,22,22,22,22,22,22,22,22,22,22,22,22,22,22,22
8,차룡8교(수위계),2019-02-11,22,22,22,22,22,22,22,22,22,22,22,22,22,22,22,22,22,22,22,22,22,22,22,22
8,차룡8교(수위계),2019-02-12,22,22,22,22,22,22,22,22,22,22,22,22,22,22,22,22,22,22,22,22,22,22,22,22
8,차룡8교(수위계),2019-02-13,22,22,22,22,22,22,22,22,22,22,22,22,22,22,22,22,22,22,22,22,22,22,22,22
8,차룡8교(수위계),2019-02-14,22,22,22,22,22,22,22,22,22,22,22,22,22,22,22,22,22,22,22,22,22,22,22,22
8,차룡8교(수위계),2019-02-15,22,22,22,22,22,22,22,22,22,22,22,22,22,22,22,22,22,22,22,22,22,22,22,22
8,차룡8교(수위계),2019-02-16,22,22,22,22,22,22,22,22,22,22,22,22,22,22,22,22,22,22,22,22,22,22,22,22
8,차룡8교(수위계),2019-02-17,22,22,22,22,22,22,22,22,22,22,22,22,22,22,22,22,22,22,22,22,22,22,22,22
8,차룡8교(수위계),2019-02-18,22,22,22,22,22,22,22,22,22,22,22,22,22,22,22,0,22,0,22,22,16,16,0,0
8,차룡8교(수위계),2019-02-19,22,22,22,22,22,22,22,22,22,22,22,22,22,22,22,22,22,22,22,22,22,22,22,22
8,차룡8교(수위계),2019-02-20,22,22,22,22,22,22,22,22,22,22,22,22,22,22,22,22,22,22,22,22,22,22,22,22
8,차룡8교(수위계),2019-02-21,22,22,22,22,22,22,22,22,22,22,22,22,22,22,22,22,22,22,22,22,22,22,22,22
8,차룡8교(수위계),2019-02-22,22,22,22,22,22,22,22,22,22,22,22,22,22,22,22,22,22,22,22,22,22,22,22,22
8,차룡8교(수위계),2019-02-23,22,22,22,22,22,22,22,22,22,22,22,22,22,22,22,22,22,22,22,22,22,22,22,22
8,차룡8교(수위계),2019-02-24,22,22,22,22,22,22,22,22,22,22,22,22,22,22,22,22,22,22,22,22,22,22,22,22
8,차룡8교(수위계),2019-02-25,22,22,22,22,22,22,22,22,22,22,22,22,22,22,22,22,22,22,22,22,22,22,22,22
8,차룡8교(수위계),2019-02-26,22,22,22,22,22,22,22,22,22,22,22,22,22,22,22,22,22,22,22,22,22,22,22,22
8,차룡8교(수위계),2019-02-27,22,22,22,22,22,22,22,22,22,22,22,22,22,22,22,22,22,22,22,22,22,22,22,22
8,차룡8교(수위계),2019-02-28,22,22,22,22,22,22,22,22,22,22,22,22,22,22,22,22,22,22,22,22,22,22,22,15
8,차룡8교(수위계),2019-03-01,22,22,22,22,22,22,22,22,22,22,22,22,22,22,22,22,22,22,22,22,22,22,22,22
8,차룡8교(수위계),2019-03-02,22,22,22,22,22,22,22,22,22,22,22,22,22,22,22,22,22,22,22,22,22,22,22,22
8,차룡8교(수위계),2019-03-03,22,22,22,22,22,22,22,22,22,22,22,22,22,22,22,22,22,22,22,22,22,22,22,22
8,차룡8교(수위계),2019-03-04,22,22,22,22,22,22,22,22,22,22,22,22,22,22,22,22,22,22,22,22,22,22,22,22
8,차룡8교(수위계),2019-03-05,22,22,22,22,22,22,22,22,22,22,22,22,22,22,22,22,22,22,22,22,22,22,22,22
8,차룡8교(수위계),2019-03-06,22,22,22,22,22,22,22,22,22,22,22,22,22,22,22,22,22,22,22,22,22,22,22,22
8,차룡8교(수위계),2019-03-07,22,22,22,22,22,22,22,22,22,22,22,22,22,22,22,22,22,22,22,-35760,22,22,22,22
8,차룡8교(수위계),2019-03-08,22,22,22,22,22,22,22,22,22,22,22,22,22,22,22,22,22,22,22,22,22,22,22,22
8,차룡8교(수위계),2019-03-09,22,22,22,22,22,22,22,22,22,22,22,22,22,22,22,22,22,22,22,22,22,22,22,22
8,차룡8교(수위계),2019-03-10,22,22,22,22,22,22,22,22,22,22,22,22,22,22,22,22,22,22,22,22,22,22,22,22
8,차룡8교(수위계),2019-03-11,22,22,22,22,22,22,22,22,22,22,22,22,22,22,22,22,22,22,22,22,22,22,22,22
8,차룡8교(수위계),2019-03-12,22,22,22,22,22,22,22,22,22,22,22,22,22,22,22,22,22,22,22,22,22,22,22,22
8,차룡8교(수위계),2019-03-13,22,22,22,22,22,22,22,22,22,22,22,22,22,22,22,22,22,22,22,22,22,22,22,22
8,차룡8교(수위계),2019-03-14,22,22,22,22,22,22,22,22,22,22,22,22,22,22,22,22,22,22,22,22,22,22,22,22
8,차룡8교(수위계),2019-03-15,22,22,22,22,22,22,22,22,22,22,22,22,22,22,22,22,22,22,22,22,22,22,22,22
8,차룡8교(수위계),2019-03-16,22,22,22,22,22,22,22,22,22,22,22,22,22,22,22,22,22,22,22,22,22,22,22,22
8,차룡8교(수위계),2019-03-17,22,22,22,22,22,22,22,22,22,22,22,22,22,22,22,22,22,22,22,22,22,22,22,22
8,차룡8교(수위계),2019-03-18,22,22,22,22,22,22,22,22,22,22,22,22,22,22,22,22,22,22,22,22,22,22,22,22
8,차룡8교(수위계),2019-03-19,22,22,22,22,22,22,22,22,22,22,22,22,22,22,22,22,22,22,22,22,22,22,22,22
8,차룡8교(수위계),2019-03-20,22,22,22,22,22,22,22,22,22,22,22,22,22,22,22,22,22,22,22,22,22,22,22,22
8,차룡8교(수위계),2019-03-21,22,22,22,22,22,22,22,22,22,22,22,22,22,22,22,22,22,22,22,22,22,22,22,22
8,차룡8교(수위계),2019-03-22,22,22,22,22,22,22,22,22,22,22,22,22,22,22,22,22,22,22,22,22,22,22,22,22
8,차룡8교(수위계),2019-03-23,22,22,22,22,22,22,22,22,22,22,22,22,22,22,22,22,22,22,22,22,22,22,22,22
8,차룡8교(수위계),2019-03-24,22,22,22,22,22,22,22,22,22,22,22,22,22,22,22,22,22,22,22,22,22,22,22,22
8,차룡8교(수위계),2019-03-25,22,22,22,22,22,22,22,22,22,22,22,22,22,22,22,22,22,22,22,22,22,22,22,22
8,차룡8교(수위계),2019-03-26,22,22,22,22,22,22,22,22,22,22,22,22,22,17,17,17,17,17,17,17,17,17,17,17
8,차룡8교(수위계),2019-03-27,17,17,17,17,17,17,17,17,17,17,17,17,17,17,17,17,17,17,17,17,17,17,17,17
8,차룡8교(수위계),2019-03-28,17,17,17,17,17,17,17,17,17,17,17,17,17,17,17,17,17,17,17,17,17,17,17,17
8,차룡8교(수위계),2019-03-29,17,17,17,17,17,17,17,17,17,17,17,17,17,17,17,17,17,17,17,17,17,17,17,17
8,차룡8교(수위계),2019-03-30,17,17,17,17,17,17,17,17,17,17,17,17,17,17,17,17,17,17,17,17,17,17,17,17
8,차룡8교(수위계),2019-03-31,17,17,17,17,17,17,17,17,17,17,17,17,17,17,17,17,17,17,17,17,17,17,17,17
8,차룡8교(수위계),2019-04-01,17,17,17,17,17,17,17,17,17,22,22,22,22,22,22,22,22,22,22,22,22,22,22,22
8,차룡8교(수위계),2019-04-02,22,22,22,22,22,22,22,22,22,22,22,22,22,22,22,22,22,22,22,22,22,22,22,22
8,차룡8교(수위계),2019-04-03,22,22,22,22,22,22,22,22,22,22,22,22,22,22,22,22,22,22,22,22,22,22,22,22
8,차룡8교(수위계),2019-04-04,22,22,22,22,22,22,22,22,22,22,22,22,22,22,22,22,22,22,22,22,22,22,22,22
8,차룡8교(수위계),2019-04-05,22,22,22,22,22,22,22,22,22,22,22,22,22,22,22,22,22,22,22,22,22,22,22,22
8,차룡8교(수위계),2019-04-06,22,22,22,22,22,22,22,22,22,22,22,22,22,22,22,22,22,22,22,22,22,22,22,22
8,차룡8교(수위계),2019-04-07,22,22,22,22,22,22,22,22,22,22,22,22,22,22,22,22,22,22,22,22,22,22,22,22
8,차룡8교(수위계),2019-04-08,22,22,22,22,22,22,22,22,22,22,22,22,22,22,22,22,22,22,22,22,22,22,22,22
8,차룡8교(수위계),2019-04-09,22,22,22,22,22,22,22,22,22,22,22,22,22,22,22,22,22,22,22,22,22,22,22,22
8,차룡8교(수위계),2019-04-10,22,22,22,22,22,22,22,22,22,22,22,22,22,22,22,22,22,22,22,22,22,22,22,22
8,차룡8교(수위계),2019-04-11,22,22,22,22,22,22,22,22,22,22,22,22,22,22,22,22,22,22,22,22,22,22,22,22
8,차룡8교(수위계),2019-04-12,22,22,22,22,22,22,22,22,22,22,22,22,22,22,22,22,22,22,22,22,22,22,22,22
8,차룡8교(수위계),2019-04-13,22,22,22,22,22,22,22,22,22,22,22,22,22,22,22,22,22,22,22,22,22,22,22,22
8,차룡8교(수위계),2019-04-14,22,22,22,22,22,22,22,22,22,22,22,22,22,22,22,22,22,22,22,22,22,22,22,22
8,차룡8교(수위계),2019-04-15,22,22,22,22,22,22,22,22,22,22,22,22,22,22,22,22,22,22,22,22,22,22,22,22
8,차룡8교(수위계),2019-04-16,22,22,22,22,22,22,22,22,22,22,22,22,22,22,22,22,22,22,22,22,22,22,22,22
8,차룡8교(수위계),2019-04-17,22,22,22,22,22,22,22,22,22,22,22,22,22,22,22,22,22,22,22,22,22,22,22,22
8,차룡8교(수위계),2019-04-18,22,22,22,22,22,22,22,22,22,22,22,22,22,22,22,22,22,22,22,22,22,22,22,22
8,차룡8교(수위계),2019-04-19,22,22,22,22,22,22,22,22,22,22,22,22,22,22,22,22,22,22,22,22,22,22,22,22
8,차룡8교(수위계),2019-04-20,22,22,22,22,22,22,22,22,22,22,22,22,22,22,22,22,22,22,22,22,22,22,22,22
8,차룡8교(수위계),2019-04-21,22,22,22,22,22,22,22,22,22,22,22,22,22,22,22,22,22,22,22,22,22,22,22,22
8,차룡8교(수위계),2019-04-22,22,22,22,22,22,22,22,22,22,22,22,22,22,22,22,22,22,22,22,22,22,22,22,22
8,차룡8교(수위계),2019-04-23,22,22,22,22,22,22,22,22,22,22,22,22,22,22,22,22,22,22,22,22,22,22,22,22
8,차룡8교(수위계),2019-04-24,22,22,22,22,22,22,22,22,22,22,22,22,22,22,22,22,22,22,22,22,22,22,22,22
8,차룡8교(수위계),2019-04-25,22,22,22,22,22,22,22,22,22,22,22,22,22,22,22,22,22,22,22,22,22,22,22,22
8,차룡8교(수위계),2019-04-26,22,22,22,22,22,22,22,22,22,22,22,22,22,22,22,22,22,22,22,22,22,22,22,22
8,차룡8교(수위계),2019-04-27,22,22,22,22,22,22,22,22,22,22,22,22,22,22,22,22,22,22,22,22,22,22,22,22
8,차룡8교(수위계),2019-04-28,22,22,22,22,22,22,22,22,22,22,22,22,22,22,22,22,22,22,22,22,22,22,22,22
8,차룡8교(수위계),2019-04-29,22,22,22,22,22,22,22,22,22,22,22,22,22,22,22,22,22,22,22,22,22,22,22,22
8,차룡8교(수위계),2019-04-30,22,22,22,22,22,22,22,22,22,22,22,22,22,22,22,22,22,22,22,22,22,22,22,0
8,차룡8교(수위계),2019-05-01,22,22,22,22,22,22,22,22,22,22,22,22,22,22,22,22,22,22,22,22,22,22,22,22
8,차룡8교(수위계),2019-05-02,22,22,22,22,22,22,22,22,22,22,22,22,22,22,22,22,22,22,22,22,22,22,22,22
8,차룡8교(수위계),2019-05-03,22,22,22,22,22,22,22,22,22,22,22,22,22,22,22,22,22,22,22,22,22,22,22,22
8,차룡8교(수위계),2019-05-04,22,22,22,22,22,22,22,22,22,22,22,22,22,22,22,22,22,22,22,22,22,22,22,22
8,차룡8교(수위계),2019-05-05,22,22,22,22,22,22,22,22,22,22,22,22,22,22,22,22,22,22,22,22,22,22,22,22
8,차룡8교(수위계),2019-05-06,22,22,22,22,22,22,22,22,22,22,22,22,22,22,22,22,22,22,22,22,22,22,22,22
8,차룡8교(수위계),2019-05-07,22,22,22,22,22,22,22,22,22,22,22,22,22,22,22,22,22,22,22,22,22,22,22,22
8,차룡8교(수위계),2019-05-08,22,22,22,22,22,22,22,22,22,22,22,22,22,22,22,22,22,22,22,22,22,22,22,22
8,차룡8교(수위계),2019-05-09,22,22,22,22,22,22,22,22,22,22,22,22,22,22,22,22,22,22,22,22,22,22,22,22
8,차룡8교(수위계),2019-05-10,22,22,22,22,22,22,22,22,22,17,17,22,22,22,22,22,22,22,22,22,22,22,22,22
8,차룡8교(수위계),2019-05-11,22,22,22,22,22,22,22,22,22,22,22,22,22,22,22,22,22,22,22,22,22,22,22,22
8,차룡8교(수위계),2019-05-12,22,22,22,22,22,22,22,22,22,22,22,22,22,22,22,22,22,22,22,22,22,22,22,22
8,차룡8교(수위계),2019-05-13,22,22,22,22,22,22,22,22,22,22,22,22,22,22,22,22,22,22,22,22,22,22,22,22
8,차룡8교(수위계),2019-05-14,22,22,22,22,22,22,22,22,22,22,22,22,22,22,22,22,22,22,22,22,22,22,22,22
8,차룡8교(수위계),2019-05-15,22,22,22,22,22,22,22,22,22,22,22,22,22,22,22,22,22,22,22,22,22,22,22,22
8,차룡8교(수위계),2019-05-16,22,22,22,22,22,22,22,22,22,22,22,22,22,22,22,22,22,22,22,22,22,22,22,22
8,차룡8교(수위계),2019-05-17,22,22,22,22,22,22,22,22,22,22,22,22,22,22,22,22,22,22,22,22,22,22,22,22
8,차룡8교(수위계),2019-05-18,22,22,22,22,22,22,22,22,22,22,22,22,22,22,22,22,22,22,22,22,22,22,22,22
8,차룡8교(수위계),2019-05-19,22,22,22,22,22,22,22,22,22,22,22,22,22,22,22,22,22,22,22,22,22,22,22,22
8,차룡8교(수위계),2019-05-20,22,22,22,22,22,22,22,22,22,22,22,22,22,22,22,22,22,22,22,22,22,22,22,22
8,차룡8교(수위계),2019-05-21,22,22,22,22,22,22,22,22,22,22,22,22,22,22,22,22,22,22,22,22,22,22,22,22
8,차룡8교(수위계),2019-05-22,22,22,22,22,22,22,22,22,22,22,22,22,22,22,22,22,22,22,22,22,22,22,22,22
8,차룡8교(수위계),2019-05-23,22,22,22,22,22,22,22,22,22,22,22,22,22,22,22,22,22,22,22,22,22,22,22,22
8,차룡8교(수위계),2019-05-24,22,22,22,22,22,22,22,22,22,22,22,22,22,22,22,22,22,22,22,22,22,22,22,22
8,차룡8교(수위계),2019-05-25,22,22,22,22,22,22,22,22,22,22,22,22,22,22,22,22,22,22,22,22,22,22,22,22
8,차룡8교(수위계),2019-05-26,22,22,22,22,22,22,22,22,22,22,22,22,22,22,22,22,22,22,22,22,22,22,22,22
8,차룡8교(수위계),2019-05-27,22,22,22,22,22,22,22,22,22,32,29,51,54,29,27,26,25,25,24,24,23,23,23,23
8,차룡8교(수위계),2019-05-28,23,23,22,22,22,22,22,22,23,22,22,23,22,22,23,23,23,23,22,22,23,22,22,23
8,차룡8교(수위계),2019-05-29,23,22,22,22,22,22,23,22,22,22,22,230,22,23,23,22,22,22,23,23,22,22,22,22
8,차룡8교(수위계),2019-05-30,22,22,23,23,22,22,22,22,23,22,22,22,22,22,22,22,22,23,22,22,22,22,22,22
8,차룡8교(수위계),2019-05-31,23,22,22,23,22,22,22,22,22,22,22,22,22,22,22,22,22,22,22,22,22,22,22,22
8,차룡8교(수위계),2019-06-01,22,22,22,22,22,22,22,22,22,22,22,22,22,22,22,22,22,22,22,22,22,22,22,22
8,차룡8교(수위계),2019-06-02,22,22,22,22,22,22,22,22,22,22,22,22,22,22,22,22,22,22,22,22,22,22,22,22
8,차룡8교(수위계),2019-06-03,22,22,22,22,22,22,22,22,22,22,22,22,22,22,22,22,22,22,22,22,22,22,22,22
8,차룡8교(수위계),2019-06-04,22,22,22,22,22,22,22,22,22,22,22,22,22,22,22,22,22,22,22,22,22,22,22,22
8,차룡8교(수위계),2019-06-05,22,22,22,22,22,22,22,22,22,22,22,22,22,22,22,22,22,22,22,22,22,22,22,22
8,차룡8교(수위계),2019-06-06,22,22,22,22,22,22,22,22,22,22,22,22,22,22,22,22,22,22,22,22,22,22,22,22
8,차룡8교(수위계),2019-06-07,22,22,22,22,22,22,22,22,22,22,22,22,22,22,22,22,22,22,22,22,22,22,22,22
8,차룡8교(수위계),2019-06-08,22,22,22,22,22,22,22,22,22,22,22,22,22,22,22,22,22,22,22,22,22,22,22,22
8,차룡8교(수위계),2019-06-09,22,22,22,22,22,22,22,22,22,22,22,22,22,22,22,22,22,22,22,22,22,22,22,22
8,차룡8교(수위계),2019-06-10,22,22,22,22,22,22,22,22,22,22,22,22,22,22,22,22,22,22,22,22,22,22,22,22
8,차룡8교(수위계),2019-06-11,22,22,22,22,22,22,22,22,22,22,22,22,22,22,22,22,22,22,22,22,22,22,22,22
8,차룡8교(수위계),2019-06-12,22,22,22,22,22,22,22,22,22,22,22,22,22,22,22,22,22,22,22,22,22,22,22,22
8,차룡8교(수위계),2019-06-13,22,22,22,22,22,22,22,22,22,22,22,22,22,22,22,22,22,22,22,22,22,22,22,22
8,차룡8교(수위계),2019-06-14,22,22,22,22,22,22,22,22,22,22,22,22,22,22,22,22,22,22,22,22,22,22,22,22
8,차룡8교(수위계),2019-06-15,22,22,22,22,22,22,22,22,22,22,22,22,22,22,22,22,22,22,22,22,22,22,22,22
8,차룡8교(수위계),2019-06-16,22,22,22,22,22,22,22,22,22,22,22,22,22,22,22,22,220,22,22,22,22,22,22,22
8,차룡8교(수위계),2019-06-17,22,22,22,22,22,22,22,22,22,22,22,22,22,22,22,22,22,22,-35760,22,22,22,22,22
8,차룡8교(수위계),2019-06-18,22,22,22,22,22,22,22,22,22,22,22,22,22,22,22,22,22,22,22,22,22,22,22,22
8,차룡8교(수위계),2019-06-19,22,22,22,22,22,22,22,22,22,17,17,17,17,17,22,22,22,22,22,22,22,22,22,22
8,차룡8교(수위계),2019-06-20,22,22,22,22,22,22,22,22,22,22,22,22,22,22,22,22,22,22,22,22,22,22,22,22
8,차룡8교(수위계),2019-06-21,22,22,22,22,22,22,22,22,22,22,22,22,22,22,22,22,22,22,22,22,22,22,22,22
8,차룡8교(수위계),2019-06-22,22,22,22,22,22,22,22,22,22,22,22,22,22,22,22,22,22,22,22,22,22,22,22,22
8,차룡8교(수위계),2019-06-23,22,22,22,22,22,22,22,22,22,22,22,22,22,22,22,22,22,22,22,22,22,22,22,22
8,차룡8교(수위계),2019-06-24,22,22,22,22,22,22,22,22,22,22,22,22,22,22,22,22,22,22,22,22,22,22,22,22
8,차룡8교(수위계),2019-06-25,22,22,22,22,22,22,22,22,22,22,22,22,22,22,22,22,22,22,22,22,22,22,22,22
8,차룡8교(수위계),2019-06-26,22,22,22,22,22,22,22,22,22,22,35,45,29,28,27,26,35,50,43,46,41,29,29,95
8,차룡8교(수위계),2019-06-27,114,80,53,49,41,36,29,29,28,28,27,28,27,27,27,26,26,26,26,26,25,25,25,25
8,차룡8교(수위계),2019-06-28,25,25,25,25,25,24,24,24,24,24,24,23,23,23,23,23,23,23,23,23,23,23,23,23
8,차룡8교(수위계),2019-06-29,23,22,22,22,22,22,22,22,22,22,22,22,22,22,22,22,22,48,66,72,29,29,29,29
8,차룡8교(수위계),2019-06-30,29,28,28,28,28,28,28,28,28,28,27,28,28,28,28,27,27,27,28,27,27,27,27,0
8,차룡8교(수위계),2019-07-01,27,27,27,27,27,26,27,27,26,26,26,26,26,26,26,26,26,26,26,26,26,26,26,26
8,차룡8교(수위계),2019-07-02,26,26,25,25,25,25,25,25,25,25,25,25,25,25,25,25,25,24,24,24,24,24,24,24
8,차룡8교(수위계),2019-07-03,24,24,24,23,23,23,23,23,23,23,23,23,23,23,23,23,23,23,23,22,22,23,23,22
8,차룡8교(수위계),2019-07-04,22,22,22,22,22,22,22,22,22,22,22,22,22,22,22,22,21,21,21,21,21,21,21,21
8,차룡8교(수위계),2019-07-05,21,21,21,21,21,21,21,21,21,21,21,21,21,21,21,21,21,21,21,21,21,21,21,21
8,차룡8교(수위계),2019-07-06,21,21,21,21,21,21,21,21,21,21,21,21,21,21,21,21,21,21,21,21,21,21,21,21
8,차룡8교(수위계),2019-07-07,21,21,21,21,21,21,21,21,21,21,21,21,21,21,21,21,21,21,21,21,21,21,21,21
8,차룡8교(수위계),2019-07-08,21,21,21,21,21,21,21,21,21,21,21,21,21,21,21,21,21,21,21,21,21,21,21,21
8,차룡8교(수위계),2019-07-09,21,21,21,21,21,21,21,21,21,21,21,21,21,21,21,21,21,21,21,21,21,21,21,21
8,차룡8교(수위계),2019-07-10,21,21,21,21,21,21,21,21,21,21,21,21,21,21,21,21,21,21,21,21,21,21,21,21
8,차룡8교(수위계),2019-07-11,21,21,21,21,21,21,21,21,21,21,21,21,21,21,21,21,21,21,21,21,21,21,21,21
8,차룡8교(수위계),2019-07-12,21,21,21,21,21,21,21,21,21,21,21,21,21,21,21,21,21,21,21,21,21,21,21,21
8,차룡8교(수위계),2019-07-13,21,21,21,21,21,21,21,21,21,21,21,21,21,21,21,21,21,21,21,21,21,21,21,21
8,차룡8교(수위계),2019-07-14,21,21,21,21,21,21,21,21,21,21,21,21,21,21,21,21,21,21,21,21,21,21,21,21
8,차룡8교(수위계),2019-07-15,21,21,21,21,21,21,21,21,21,21,21,21,21,21,21,21,21,21,21,21,21,21,21,21
8,차룡8교(수위계),2019-07-16,21,21,21,21,21,21,21,21,21,21,21,21,21,21,21,21,21,21,21,21,21,21,21,21
8,차룡8교(수위계),2019-07-17,21,21,21,21,21,21,21,21,21,21,21,21,21,21,21,21,21,21,21,21,21,21,21,21
8,차룡8교(수위계),2019-07-18,21,21,21,21,21,21,21,21,21,21,21,21,21,21,21,21,21,21,21,21,21,21,21,21
8,차룡8교(수위계),2019-07-19,21,21,21,21,21,21,21,21,21,21,21,21,21,21,21,21,21,21,21,21,21,21,21,21
8,차룡8교(수위계),2019-07-20,21,52,56,38,32,45,40,29,39,49,83,84,59,660,32,29,28,27,43,56,61,60,58,66
8,차룡8교(수위계),2019-07-21,75,80,77,77,62,48,40,33,29,29,29,29,29,28,28,27,27,27,27,26,26,25,25,25
8,차룡8교(수위계),2019-07-22,25,25,25,25,25,25,24,24,24,24,24,23,23,23,23,23,23,23,23,23,23,23,23,23
8,차룡8교(수위계),2019-07-23,23,23,23,23,23,23,23,23,23,23,23,23,23,23,23,23,23,23,24,23,23,24,23,23
8,차룡8교(수위계),2019-07-24,23,23,23,23,23,23,23,23,23,23,24,23,23,23,24,23,23,23,23,23,24,24,24,24
8,차룡8교(수위계),2019-07-25,24,23,23,23,24,24,23,24,24,24,23,23,23,23,23,23,23,23,23,23,23,23,24,24
8,차룡8교(수위계),2019-07-26,23,23,23,23,23,23,23,23,23,23,23,23,23,23,23,23,23,23,23,23,23,23,23,23
8,차룡8교(수위계),2019-07-27,23,23,23,23,23,23,23,23,23,23,23,23,23,23,23,23,23,23,23,23,23,23,23,23
8,차룡8교(수위계),2019-07-28,23,23,23,23,23,23,23,23,23,23,23,23,23,23,23,23,23,23,23,23,23,23,23,23
8,차룡8교(수위계),2019-07-29,23,23,23,23,23,23,23,23,23,23,23,23,23,23,23,23,23,23,23,23,23,23,23,23
8,차룡8교(수위계),2019-07-30,23,23,23,23,23,23,23,23,23,23,23,23,23,23,23,23,23,23,23,23,23,23,23,23
8,차룡8교(수위계),2019-07-31,23,23,23,23,23,23,23,23,23,23,23,23,23,23,23,23,23,23,23,23,23,23,23,23
8,차룡8교(수위계),2019-08-01,23,23,23,23,23,23,23,23,23,23,23,23,23,230,23,23,23,23,23,23,23,23,23,23
8,차룡8교(수위계),2019-08-02,23,23,23,23,23,23,23,23,23,23,23,23,23,23,23,23,23,23,23,23,230,23,23,23
8,차룡8교(수위계),2019-08-03,23,23,23,23,23,23,23,23,23,23,23,23,23,23,23,23,23,23,23,23,23,23,23,23
8,차룡8교(수위계),2019-08-04,23,23,23,23,23,23,23,23,23,23,23,23,23,23,23,23,23,23,23,23,23,23,23,23
8,차룡8교(수위계),2019-08-05,23,23,23,23,23,23,23,23,23,23,23,23,23,23,23,23,23,23,23,23,23,23,23,23
8,차룡8교(수위계),2019-08-06,23,23,23,23,23,23,23,23,23,23,23,23,23,23,23,23,23,23,29,29,28,28,27,27
8,차룡8교(수위계),2019-08-07,26,26,26,25,25,25,25,25,24,24,23,23,22,23,23,22,22,22,23,23,23,23,23,23
8,차룡8교(수위계),2019-08-08,23,23,23,23,23,23,23,23,23,23,23,23,23,23,23,23,23,23,23,23,23,23,23,23
8,차룡8교(수위계),2019-08-09,23,23,23,23,23,23,23,23,23,23,23,23,23,23,23,23,23,23,23,23,23,23,23,23
8,차룡8교(수위계),2019-08-10,23,23,23,23,23,23,23,23,23,23,23,23,23,23,23,23,23,23,23,23,23,23,23,23
8,차룡8교(수위계),2019-08-11,23,23,23,23,23,23,23,23,23,23,23,23,23,23,23,23,23,23,23,23,23,23,23,23
8,차룡8교(수위계),2019-08-12,23,23,23,23,23,23,23,23,23,23,23,23,23,23,23,23,23,23,23,23,23,23,23,23
8,차룡8교(수위계),2019-08-13,23,23,23,23,23,23,23,23,23,23,23,23,23,23,23,23,23,23,23,23,23,23,23,23
8,차룡8교(수위계),2019-08-14,23,23,23,23,23,23,23,23,23,23,23,23,23,23,23,23,23,23,23,23,23,23,23,23
8,차룡8교(수위계),2019-08-15,23,23,23,23,23,23,23,23,23,23,23,23,23,23,23,23,23,23,23,23,23,23,23,23
8,차룡8교(수위계),2019-08-16,23,23,23,23,23,23,23,23,23,23,23,23,23,23,23,23,23,23,23,23,23,23,23,23
8,차룡8교(수위계),2019-08-17,23,23,23,23,23,23,23,23,23,23,23,23,23,23,23,23,23,23,23,23,23,23,23,23
8,차룡8교(수위계),2019-08-18,23,23,23,23,23,23,23,23,23,23,23,23,23,23,23,23,23,23,23,23,23,23,23,23
8,차룡8교(수위계),2019-08-19,23,23,23,23,23,23,23,23,23,23,23,23,23,23,23,23,23,23,23,23,23,23,23,23
8,차룡8교(수위계),2019-08-20,23,23,23,23,23,23,23,23,23,23,23,23,23,23,23,23,23,23,23,23,23,23,23,23
8,차룡8교(수위계),2019-08-21,23,23,23,23,23,23,23,23,23,23,23,23,23,23,23,23,23,23,23,71,36,29,28,27
8,차룡8교(수위계),2019-08-22,26,250,24,23,23,23,29,29,28,28,27,27,26,25,24,24,23,23,22,22,22,22,22,23
8,차룡8교(수위계),2019-08-23,23,22,23,23,23,23,23,23,22,23,23,23,23,23,23,23,23,23,23,23,23,23,23,23
8,차룡8교(수위계),2019-08-24,23,23,23,23,23,23,23,22,23,23,23,23,23,23,23,23,23,23,23,23,23,23,23,23
8,차룡8교(수위계),2019-08-25,23,23,22,22,22,22,22,23,23,23,23,23,23,23,22,23,23,23,23,23,23,23,23,23
8,차룡8교(수위계),2019-08-26,23,22,22,22,23,23,22,23,22,23,23,23,23,23,23,23,23,23,23,23,23,23,22,22
8,차룡8교(수위계),2019-08-27,22,23,23,23,23,23,23,23,23,23,23,23,23,23,23,23,22,22,22,23,23,23,23,23
8,차룡8교(수위계),2019-08-28,23,23,23,23,23,23,23,23,23,22,22,23,23,22,22,22,23,23,23,23,22,23,23,23
8,차룡8교(수위계),2019-08-29,23,23,23,23,23,23,23,23,23,23,23,22,22,22,22,22,23,23,23,23,23,23,23,22
8,차룡8교(수위계),2019-08-30,22,22,23,23,23,23,23,22,23,23,23,23,23,23,23,23,23,23,23,22,23,23,23,23
8,차룡8교(수위계),2019-08-31,23,23,23,23,23,23,23,22,23,22,23,22,23,23,23,23,23,23,23,23,22,23,23,23
8,차룡8교(수위계),2019-09-01,23,23,23,23,23,23,23,23,23,23,22,23,23,23,23,23,23,22,23,23,23,23,23,23
8,차룡8교(수위계),2019-09-02,23,23,23,23,23,23,23,23,23,23,63,51,29,28,27,26,25,23,23,22,22,39,29,28
8,차룡8교(수위계),2019-09-03,26,26,25,24,23,22,22,22,147,83,38,31,29,28,27,26,26,25,25,25,25,26,26,26
8,차룡8교(수위계),2019-09-04,26,26,26,25,25,25,25,25,25,25,25,25,25,25,25,25,25,25,25,24,24,24,24,24
8,차룡8교(수위계),2019-09-05,24,24,24,24,24,24,24,24,24,24,24,24,24,24,24,24,24,24,23,24,24,23,23,23
8,차룡8교(수위계),2019-09-06,23,23,23,23,23,23,23,23,23,23,23,23,23,23,23,23,24,24,23,23,23,23,23,23
8,차룡8교(수위계),2019-09-07,24,24,24,24,24,24,24,24,49,36,29,29,29,29,29,28,28,28,28,27,27,27,27,26
8,차룡8교(수위계),2019-09-08,26,26,26,26,26,26,25,25,25,25,24,24,24,24,23,23,23,23,23,23,23,22,22,22
8,차룡8교(수위계),2019-09-09,22,22,22,22,22,22,22,22,22,22,22,22,22,22,22,22,22,22,22,22,22,22,22,22
8,차룡8교(수위계),2019-09-10,22,22,22,22,22,22,22,22,22,22,22,22,22,22,22,22,22,22,22,22,22,22,22,22
8,차룡8교(수위계),2019-09-11,22,22,22,22,22,22,22,22,22,22,22,22,22,22,22,22,22,22,22,22,22,22,22,22
8,차룡8교(수위계),2019-09-12,21,21,22,22,22,22,22,22,22,22,22,22,22,21,21,22,22,22,22,22,21,21,21,21
8,차룡8교(수위계),2019-09-13,21,21,21,21,21,22,22,21,22,22,22,22,22,22,22,22,22,22,22,22,22,22,22,22
8,차룡8교(수위계),2019-09-14,22,22,22,22,22,21,22,22,22,22,22,21,22,22,22,22,22,22,22,22,22,22,22,22
8,차룡8교(수위계),2019-09-15,22,22,22,22,22,22,22,22,22,22,22,22,22,22,22,22,22,22,22,22,22,22,22,22
8,차룡8교(수위계),2019-09-16,22,22,22,21,21,22,21,22,22,22,22,22,22,22,22,22,22,22,22,22,22,22,22,21
8,차룡8교(수위계),2019-09-17,21,22,22,22,22,22,22,22,22,22,22,21,22,22,22,21,22,22,22,22,22,22,21,22
8,차룡8교(수위계),2019-09-18,22,22,22,22,22,22,22,22,21,22,22,22,22,22,21,22,22,22,22,22,22,22,22,21
8,차룡8교(수위계),2019-09-19,22,22,22,22,22,22,22,22,22,22,22,22,22,21,21,22,22,22,22,21,22,22,22,22
8,차룡8교(수위계),2019-09-20,22,22,22,21,21,21,21,22,22,22,21,22,22,22,22,22,22,22,22,22,22,22,21,21
8,차룡8교(수위계),2019-09-21,21,21,22,22,22,22,22,22,22,22,22,22,22,22,46,42,29,28,27,26,25,31,29,29
8,차룡8교(수위계),2019-09-22,28,28,27,28,39,37,37,32,30,47,47,51,59,51,62,68,73,75,79,95,105,71,52,43
8,차룡8교(수위계),2019-09-23,36,31,29,29,29,28,28,28,27,27,27,26,26,26,26,25,25,25,25,25,24,24,24,24
8,차룡8교(수위계),2019-09-24,23,23,23,23,23,23,23,23,23,23,23,22,23,23,22,22,23,22,23,22,23,23,22,22
8,차룡8교(수위계),2019-09-25,22,22,22,22,22,22,22,22,22,22,22,22,22,22,22,22,22,22,22,22,22,22,22,22
8,차룡8교(수위계),2019-09-26,22,22,22,21,21,21,21,22,22,21,22,22,21,21,21,21,21,22,21,21,22,22,21,21
8,차룡8교(수위계),2019-09-27,21,21,21,21,21,21,21,21,22,21,21,22,21,21,22,21,21,21,22,22,22,22,22,22
8,차룡8교(수위계),2019-09-28,21,21,21,21,21,21,21,21,22,22,21,21,22,22,21,21,21,21,21,22,22,22,22,22
8,차룡8교(수위계),2019-09-29,22,22,22,22,22,22,22,22,21,21,22,21,22,21,21,21,22,21,22,21,21,21,22,22
8,차룡8교(수위계),2019-09-30,22,22,22,22,22,22,22,22,21,21,22,21,21,22,22,22,22,21,22,21,21,21,21,0
8,차룡8교(수위계),2019-10-01,22,22,22,22,22,22,22,22,22,22,22,21,21,21,21,21,22,22,22,22,22,22,22,21
8,차룡8교(수위계),2019-10-02,21,21,21,21,21,21,21,21,21,21,41,29,42,45,50,36,32,46,237,319,175,112,81,70
8,차룡8교(수위계),2019-10-03,60,59,48,40,34,30,29,28,28,28,28,27,27,26,26,26,26,26,25,25,25,24,24,24
8,차룡8교(수위계),2019-10-04,24,24,24,24,24,24,24,24,24,24,24,24,24,24,24,24,24,24,24,24,24,24,24,24
8,차룡8교(수위계),2019-10-05,24,24,24,24,24,24,24,24,24,24,24,24,24,24,24,24,24,24,24,24,24,24,24,24
8,차룡8교(수위계),2019-10-06,24,24,24,24,24,24,24,24,24,24,24,24,24,24,24,24,24,24,24,24,24,24,240,24
8,차룡8교(수위계),2019-10-07,24,24,24,24,24,24,24,24,24,24,24,24,24,24,24,24,24,24,24,24,24,24,24,24
8,차룡8교(수위계),2019-10-08,24,24,24,24,24,24,24,24,24,24,24,24,24,24,24,24,24,24,24,24,24,24,24,24
8,차룡8교(수위계),2019-10-09,24,24,24,24,24,24,24,24,24,24,24,24,24,24,24,24,24,24,24,24,24,24,24,24
8,차룡8교(수위계),2019-10-10,24,24,24,24,24,24,24,24,24,24,23,24,24,24,24,24,24,24,24,24,24,24,24,24
8,차룡8교(수위계),2019-10-11,24,24,24,24,24,24,24,24,24,24,24,24,24,24,24,24,24,24,24,24,24,24,24,24
8,차룡8교(수위계),2019-10-12,24,24,24,24,24,24,24,24,24,24,24,24,24,24,24,24,24,24,24,24,24,24,24,24
8,차룡8교(수위계),2019-10-13,24,24,24,24,24,24,24,24,24,23,24,24,24,24,24,24,24,24,24,24,24,24,24,24
8,차룡8교(수위계),2019-10-14,24,23,24,24,24,24,24,24,24,24,24,24,24,24,24,24,24,24,24,24,24,24,24,24
8,차룡8교(수위계),2019-10-15,24,24,24,24,24,24,24,24,24,24,24,24,24,24,24,24,23,24,24,24,24,24,23,24
8,차룡8교(수위계),2019-10-16,24,24,24,24,24,24,24,24,24,24,24,24,24,24,24,24,24,24,24,24,24,24,23,24
8,차룡8교(수위계),2019-10-17,24,24,24,24,24,24,24,24,24,24,24,24,24,24,24,24,24,24,24,23,24,24,24,24
8,차룡8교(수위계),2019-10-18,24,24,23,23,23,24,24,24,24,24,24,24,24,24,24,24,24,24,23,23,23,23,23,23
8,차룡8교(수위계),2019-10-19,23,23,24,24,24,24,24,24,24,24,24,24,23,24,24,24,24,24,24,24,24,23,23,23
8,차룡8교(수위계),2019-10-20,24,24,24,24,24,24,24,24,24,24,24,24,24,24,24,24,24,24,24,24,23,24,24,24
8,차룡8교(수위계),2019-10-21,24,24,24,23,23,24,24,23,24,24,23,24,24,24,24,24,24,24,24,24,23,24,24,24
8,차룡8교(수위계),2019-10-22,24,23,23,23,23,23,23,24,23,24,24,24,24,24,24,24,24,24,24,24,24,24,24,23
8,차룡8교(수위계),2019-10-23,23,24,24,24,24,24,24,24,23,24,24,24,24,24,24,24,23,24,24,24,24,24,24,23
8,차룡8교(수위계),2019-10-24,24,24,24,24,24,24,24,23,24,24,24,24,23,24,24,23,24,24,24,24,24,24,24,24
8,차룡8교(수위계),2019-10-25,24,24,24,24,24,23,24,24,24,24,24,24,24,24,24,24,24,24,24,24,24,24,24,24
8,차룡8교(수위계),2019-10-26,24,24,23,24,24,24,24,24,23,24,23,23,24,24,24,24,24,24,24,24,24,24,24,23
8,차룡8교(수위계),2019-10-27,24,24,24,24,24,24,24,24,24,24,24,24,24,24,24,24,24,24,24,24,24,24,23,24
8,차룡8교(수위계),2019-10-28,24,24,24,24,24,24,24,24,24,24,23,24,23,24,24,23,24,23,24,24,24,24,23,24
8,차룡8교(수위계),2019-10-29,24,24,24,24,24,23,23,24,23,23,24,24,24,24,24,24,24,24,23,24,24,24,24,23
8,차룡8교(수위계),2019-10-30,24,24,24,23,23,24,24,24,23,24,24,24,23,24,24,24,24,23,24,23,24,24,24,23
8,차룡8교(수위계),2019-10-31,23,23,24,24,24,24,24,23,24,24,24,23,24,23,24,24,24,24,24,24,23,24,24,24
8,차룡8교(수위계),2019-11-01,24,24,24,24,23,23,23,24,23,23,23,24,23,24,24,24,24,24,24,24,24,24,24,24
8,차룡8교(수위계),2019-11-02,23,23,24,24,24,24,24,24,24,24,23,24,24,24,24,24,23,24,23,24,24,24,23,23
8,차룡8교(수위계),2019-11-03,23,23,24,24,24,24,24,24,23,24,24,23,24,24,24,24,24,24,23,23,24,24,24,24
8,차룡8교(수위계),2019-11-04,23,23,24,24,24,24,24,24,24,24,23,24,24,24,24,24,24,24,24,23,23,24,24,24
8,차룡8교(수위계),2019-11-05,24,24,23,23,23,23,24,23,24,24,24,23,24,24,24,24,24,24,24,24,23,24,24,24
8,차룡8교(수위계),2019-11-06,24,23,23,23,24,24,24,23,24,24,24,23,24,24,24,24,24,23,24,24,23,24,24,24
8,차룡8교(수위계),2019-11-07,24,24,24,23,23,23,23,24,24,24,23,24,24,24,23,24,24,24,24,23,24,24,24,23
8,차룡8교(수위계),2019-11-08,23,23,24,24,24,24,24,24,23,23,24,24,24,23,24,24,24,24,24,24,23,24,24,24
8,차룡8교(수위계),2019-11-09,24,23,23,23,24,24,24,24,24,24,24,24,23,24,24,23,24,24,23,24,24,23,24,24
8,차룡8교(수위계),2019-11-10,24,24,24,23,23,23,23,24,24,24,24,24,24,23,24,24,23,24,24,24,23,23,23,23
8,차룡8교(수위계),2019-11-11,23,24,24,24,23,23,23,23,24,24,23,24,24,23,24,24,24,23,24,24,23,24,24,24
8,차룡8교(수위계),2019-11-12,24,24,23,23,23,23,24,23,24,24,23,24,24,23,24,23,24,24,24,23,24,24,23,23
8,차룡8교(수위계),2019-11-13,24,24,24,24,24,24,24,24,24,23,24,23,24,24,24,23,24,24,24,24,24,23,23,23
8,차룡8교(수위계),2019-11-14,23,24,24,24,23,24,24,24,24,23,23,24,24,23,23,23,24,24,24,23,24,24,24,24
8,차룡8교(수위계),2019-11-15,24,23,23,23,23,23,23,24,23,23,23,24,24,24,24,24,24,24,23,24,24,24,23,23
8,차룡8교(수위계),2019-11-16,24,24,24,24,24,24,24,24,23,23,23,24,23,24,23,24,24,24,24,23,23,24,24,24
8,차룡8교(수위계),2019-11-17,24,24,23,23,23,24,24,24,24,24,23,24,24,23,23,23,24,24,24,24,24,24,24,24
8,차룡8교(수위계),2019-11-18,24,24,33,29,28,28,27,27,27,27,26,26,25,25,25,25,25,25,25,25,24,24,24,24
8,차룡8교(수위계),2019-11-19,25,25,24,24,24,24,24,24,24,24,24,24,24,24,24,24,24,24,24,24,24,24,24,24
8,차룡8교(수위계),2019-11-20,24,24,24,24,24,24,24,24,24,24,24,24,24,24,24,24,24,24,24,24,24,24,24,24
8,차룡8교(수위계),2019-11-21,24,24,24,24,24,24,24,24,24,24,24,24,24,24,24,24,24,24,24,24,24,24,23,24
8,차룡8교(수위계),2019-11-22,24,24,24,24,24,24,24,24,24,24,24,24,24,24,24,24,24,24,24,24,24,24,24,24
8,차룡8교(수위계),2019-11-23,23,24,24,24,24,24,24,24,23,23,23,24,24,24,24,24,24,24,24,23,24,24,24,24
8,차룡8교(수위계),2019-11-24,24,24,24,24,24,24,24,24,23,23,24,24,24,24,24,24,24,24,24,24,23,23,24,23
8,차룡8교(수위계),2019-11-25,24,24,24,23,24,24,24,24,24,23,23,24,24,24,23,23,24,24,24,24,24,24,24,24
8,차룡8교(수위계),2019-11-26,24,23,23,23,23,23,23,23,24,24,24,24,23,24,24,24,24,24,24,24,24,24,24,23
8,차룡8교(수위계),2019-11-27,23,23,24,24,24,24,24,24,23,24,24,24,24,23,24,24,24,24,24,23,23,23,23,23
8,차룡8교(수위계),2019-11-28,24,24,24,24,23,23,23,24,20,20,20,20,20,20,20,20,20,20,23,24,24,24,24,23
8,차룡8교(수위계),2019-11-29,23,24,24,24,24,24,24,24,20,20,21,20,20,20,24,24,24,24,24,24,23,24,24,24
8,차룡8교(수위계),2019-11-30,24,24,24,23,23,24,24,24,23,24,24,24,24,24,24,24,24,24,24,23,23,23,23,0
8,차룡8교(수위계),2019-12-01,24,23,23,23,23,23,23,23,23,23,24,24,24,24,23,23,24,24,24,24,24,24,24,24
8,차룡8교(수위계),2019-12-02,24,24,24,24,24,24,24,24,24,23,24,21,20,20,24,24,23,24,24,24,23,23,24,24
8,차룡8교(수위계),2019-12-03,24,24,23,24,24,24,24,24,24,24,23,24,24,24,24,24,24,24,24,23,23,24,24,24
8,차룡8교(수위계),2019-12-04,24,24,23,23,23,23,23,23,24,24,24,23,24,24,23,23,24,24,24,23,24,24,24,24
8,차룡8교(수위계),2019-12-05,24,23,23,23,23,23,23,23,24,24,24,24,24,24,24,24,24,24,23,24,24,24,23,23
8,차룡8교(수위계),2019-12-06,24,24,24,24,24,24,24,24,24,23,23,24,24,23,24,24,23,24,24,23,24,24,24,24
8,차룡8교(수위계),2019-12-07,24,23,24,24,24,24,24,24,24,23,24,24,23,24,24,24,23,24,23,24,24,23,23,24
8,차룡8교(수위계),2019-12-08,24,24,24,24,24,24,24,24,24,23,24,24,23,23,24,24,24,24,24,24,23,23,24,24
8,차룡8교(수위계),2019-12-09,24,24,24,24,24,24,24,24,23,23,24,24,23,24,24,24,24,23,24,23,24,24,24,24
8,차룡8교(수위계),2019-12-10,23,23,23,23,23,23,23,23,24,24,24,24,23,24,24,23,24,23,24,23,24,24,24,24
8,차룡8교(수위계),2019-12-11,24,24,23,23,23,23,23,24,24,24,24,24,24,24,24,24,23,24,24,24,23,24,24,24
8,차룡8교(수위계),2019-12-12,24,23,24,24,24,24,24,24,23,24,23,24,24,24,23,24,23,24,23,24,24,23,23,24
8,차룡8교(수위계),2019-12-13,24,24,24,24,24,24,24,24,23,24,24,23,24,24,24,24,23,24,23,24,24,24,24,24
8,차룡8교(수위계),2019-12-14,24,24,24,23,23,23,23,23,24,23,24,23,23,23,24,23,24,24,24,23,24,24,24,24
8,차룡8교(수위계),2019-12-15,24,24,24,24,24,23,23,23,24,23,24,24,24,23,23,24,23,24,23,24,24,24,23,24
8,차룡8교(수위계),2019-12-16,24,24,24,24,24,24,24,24,23,23,23,24,23,24,24,23,24,23,24,24,23,24,24,24
8,차룡8교(수위계),2019-12-17,23,23,23,23,23,24,23,24,24,23,24,24,23,24,24,24,23,24,24,24,24,23,23,23
8,차룡8교(수위계),2019-12-18,24,24,24,24,24,23,23,24,24,24,23,24,24,24,23,24,23,24,23,24,24,24,24,24
8,차룡8교(수위계),2019-12-19,24,24,23,23,23,23,23,23,24,23,24,24,24,23,23,24,24,23,24,24,24,23,23,23
8,차룡8교(수위계),2019-12-20,24,24,23,23,24,24,24,24,24,24,23,24,24,24,24,24,23,24,24,24,24,23,24,24
8,차룡8교(수위계),2019-12-21,24,23,24,24,24,24,24,24,23,24,24,23,23,24,24,24,24,23,24,24,24,23,23,23
8,차룡8교(수위계),2019-12-22,23,23,23,23,23,24,24,24,24,24,23,24,24,24,24,23,24,24,24,24,24,23,23,23
8,차룡8교(수위계),2019-12-23,24,24,24,24,24,24,24,23,24,23,23,24,23,24,24,24,24,23,24,24,24,23,24,24
8,차룡8교(수위계),2019-12-24,24,24,24,24,24,23,23,23,24,23,23,24,23,24,24,24,24,23,24,23,23,24,24,24
8,차룡8교(수위계),2019-12-25,24,23,23,23,23,23,23,23,24,24,24,23,24,23,24,23,24,24,24,24,24,23,23,24
8,차룡8교(수위계),2019-12-26,24,24,24,24,24,24,24,24,24,24,23,23,23,24,24,24,24,24,24,24,24,24,23,23
8,차룡8교(수위계),2019-12-27,23,24,24,24,24,24,24,24,24,23,24,23,23,23,24,24,24,24,24,24,23,23,23,23
8,차룡8교(수위계),2019-12-28,24,24,24,24,24,23,23,24,24,23,24,23,24,24,23,24,23,24,24,24,23,23,23,24
8,차룡8교(수위계),2019-12-29,24,24,24,24,24,23,23,23,23,24,24,24,24,23,24,24,24,23,23,23,23,23,23,23
8,차룡8교(수위계),2019-12-30,23,23,23,23,23,23,23,23,23,24,24,24,24,24,24,24,23,24,24,24,24,24,24,23
8,차룡8교(수위계),2019-12-31,23,24,24,24,23,23,24,24,24,23,24,24,23,23,23,23,24,23,23,23,24,24,24,23
8,차룡8교(수위계),2020-01-01,24,24,24,24,24,24,24,24,23,24,23,24,24,23,24,23,24,23,24,23,23,24,24,24
8,차룡8교(수위계),2020-01-02,24,24,24,24,24,24,24,24,23,24,24,24,23,24,24,24,23,24,24,23,23,23,23,24
8,차룡8교(수위계),2020-01-03,24,23,23,24,24,24,24,23,24,24,24,24,24,24,24,24,24,24,240,24,24,24,24,24
8,차룡8교(수위계),2020-01-04,24,23,23,23,24,24,24,24,23,24,23,24,24,24,24,24,24,23,24,24,23,23,24,24
8,차룡8교(수위계),2020-01-05,23,23,24,24,24,24,24,24,23,23,23,24,23,24,24,24,24,23,24,23,24,24,24,23
8,차룡8교(수위계),2020-01-06,23,23,24,24,24,24,24,24,24,24,24,23,23,23,23,23,23,23,23,23,23,23,23,23
8,차룡8교(수위계),2020-01-07,23,24,24,24,24,24,24,24,24,24,24,24,24,23,23,24,24,24,23,23,0,29,29,29
8,차룡8교(수위계),2020-01-08,28,28,28,28,28,28,28,28,27,28,28,27,27,27,27,27,27,27,27,27,27,28,28,28
8,차룡8교(수위계),2020-01-09,28,28,28,28,28,28,28,28,28,28,28,28,28,28,28,28,28,28,28,28,28,28,28,28
8,차룡8교(수위계),2020-01-10,28,28,28,28,28,28,28,28,28,28,28,28,28,28,28,28,28,28,28,28,28,28,28,28
8,차룡8교(수위계),2020-01-11,28,28,28,28,28,28,28,28,28,28,28,28,28,28,28,28,28,28,28,28,28,28,28,28
8,차룡8교(수위계),2020-01-12,28,28,28,28,28,28,28,28,28,28,28,28,28,28,28,28,28,28,28,28,28,28,28,28
8,차룡8교(수위계),2020-01-13,28,28,28,28,28,28,28,28,28,28,27,28,28,28,28,28,28,28,28,28,28,28,28,28
8,차룡8교(수위계),2020-01-14,28,28,28,28,28,28,28,28,28,28,28,28,28,28,28,28,28,27,28,28,28,28,28,28
8,차룡8교(수위계),2020-01-15,28,28,28,28,28,28,28,28,27,28,27,28,28,28,28,27,28,28,28,28,28,28,27,28
8,차룡8교(수위계),2020-01-16,28,28,28,28,28,28,28,28,28,28,28,27,28,27,28,28,28,28,28,28,28,28,28,28
8,차룡8교(수위계),2020-01-17,28,28,28,28,28,27,27,27,28,27,28,28,28,28,27,27,28,28,28,28,28,28,27,27
8,차룡8교(수위계),2020-01-18,27,27,28,28,28,28,28,28,28,28,28,28,27,28,28,28,28,27,28,28,28,28,28,28
8,차룡8교(수위계),2020-01-19,28,28,28,28,28,28,28,28,28,28,28,28,27,28,28,28,27,28,28,27,28,28,28,28
8,차룡8교(수위계),2020-01-20,27,28,28,27,28,28,28,28,28,28,28,28,28,28,28,28,28,28,28,28,28,28,28,28
8,차룡8교(수위계),2020-01-21,28,28,28,27,28,28,28,28,28,27,28,28,28,27,28,27,28,28,28,28,28,28,28,28
8,차룡8교(수위계),2020-01-22,28,28,28,28,28,28,28,28,28,27,28,28,28,28,28,28,28,28,28,28,27,27,27,27
8,차룡8교(수위계),2020-01-23,27,27,27,27,27,28,28,28,28,28,28,28,27,27,27,28,27,27,28,28,28,28,28,28
8,차룡8교(수위계),2020-01-24,27,27,28,28,28,28,28,28,28,28,28,28,28,27,27,28,28,28,28,27,28,27,27,27
8,차룡8교(수위계),2020-01-25,27,27,27,28,28,28,28,28,28,27,27,28,28,28,28,28,28,28,27,27,28,28,28,28
8,차룡8교(수위계),2020-01-26,28,28,28,28,28,28,27,27,28,27,28,27,27,27,27,28,28,28,28,28,28,28,28,28
8,차룡8교(수위계),2020-01-27,28,28,27,27,27,27,27,27,27,27,28,28,28,28,28,28,28,28,28,28,28,28,28,28
8,차룡8교(수위계),2020-01-28,28,28,28,28,28,28,28,28,27,27,28,28,28,28,28,27,28,28,28,28,27,27,28,28
8,차룡8교(수위계),2020-01-29,28,28,28,28,28,28,28,28,28,28,27,28,27,27,27,27,28,28,28,27,27,27,27,27
8,차룡8교(수위계),2020-01-30,28,28,28,28,28,28,28,28,28,28,28,28,27,27,28,28,28,28,27,28,28,28,28,27
8,차룡8교(수위계),2020-01-31,27,28,28,28,27,27,27,27,28,28,28,28,28,27,28,28,28,27,28,28,27,28,28,28
8,차룡8교(수위계),2020-02-01,27,27,27,27,27,28,28,27,28,27,27,28,28,28,27,27,28,27,27,28,27,28,28,28
8,차룡8교(수위계),2020-02-02,28,27,27,27,27,27,27,27,28,27,27,28,27,28,28,28,27,28,28,28,27,27,28,28
8,차룡8교(수위계),2020-02-03,28,28,27,27,27,27,27,27,28,28,27,28,28,28,28,27,28,27,28,27,28,28,27,27
8,차룡8교(수위계),2020-02-04,27,28,28,28,28,28,28,28,27,27,28,27,28,28,27,28,22,22,22,27,27,27,28,28
8,차룡8교(수위계),2020-02-05,28,28,28,28,28,28,28,27,28,28,28,27,28,28,27,27,28,28,28,27,27,28,28,28
8,차룡8교(수위계),2020-02-06,28,28,27,27,27,27,27,27,28,27,28,28,27,28,28,28,28,27,28,28,28,27,27,27
8,차룡8교(수위계),2020-02-07,27,27,27,27,27,27,27,27,27,27,28,28,28,28,27,27,28,27,28,28,27,27,28,28
8,차룡8교(수위계),2020-02-08,28,28,28,27,27,27,28,27,28,28,28,27,28,28,28,28,28,28,28,28,27,28,28,28
8,차룡8교(수위계),2020-02-09,28,27,27,28,28,28,28,28,27,27,28,27,28,27,27,27,28,27,28,27,27,28,28,28
8,차룡8교(수위계),2020-02-10,27,27,28,28,28,28,28,27,28,27,27,28,27,28,28,28,28,28,27,28,28,27,28,28
8,차룡8교(수위계),2020-02-11,28,27,27,27,27,27,27,27,28,28,28,27,28,28,28,28,28,27,28,28,28,28,28,27
8,차룡8교(수위계),2020-02-12,27,27,27,27,27,27,27,27,27,27,28,28,28,27,27,27,27,27,27,27,27,27,27,27
8,차룡8교(수위계),2020-02-13,28,27,27,28,28,28,28,28,27,27,27,28,28,28,28,28,27,28,27,28,28,27,27,27
8,차룡8교(수위계),2020-02-14,27,27,28,28,28,28,28,28,27,27,27,28,27,28,28,28,27,27,28,27,28,27,27,27
8,차룡8교(수위계),2020-02-15,27,28,27,27,27,27,27,27,27,27,27,28,28,28,28,27,27,28,28,28,27,27,27,27
8,차룡8교(수위계),2020-02-16,27,27,27,27,27,27,28,27,27,27,28,28,28,27,27,27,27,27,27,28,28,28,28,28
8,차룡8교(수위계),2020-02-17,27,27,27,27,27,27,27,27,28,28,27,27,27,27,27,27,27,28,27,27,27,28,28,28
8,차룡8교(수위계),2020-02-18,28,28,28,28,28,27,27,28,27,28,27,27,27,28,27,28,28,27,27,28,28,27,27,27
8,차룡8교(수위계),2020-02-19,28,28,28,28,28,28,28,27,28,28,27,28,27,27,28,27,28,27,28,27,27,28,27,27
8,차룡8교(수위계),2020-02-20,27,27,27,27,28,28,27,28,27,27,27,28,27,27,28,28,27,27,28,27,28,28,27,27
8,차룡8교(수위계),2020-02-21,27,27,27,27,28,28,28,28,27,28,27,27,27,27,27,27,27,28,27,27,27,28,28,28
8,차룡8교(수위계),2020-02-22,27,27,27,27,27,27,27,27,28,27,27,28,28,28,28,28,27,28,27,27,28,28,28,27
8,차룡8교(수위계),2020-02-23,27,27,28,27,27,27,27,27,27,27,27,28,27,28,28,27,28,28,27,28,27,27,28,28
8,차룡8교(수위계),2020-02-24,28,27,27,27,27,27,27,27,27,27,27,27,27,28,28,27,28,28,27,27,27,27,27,27
8,차룡8교(수위계),2020-02-25,28,28,28,28,28,28,28,28,28,28,28,28,28,28,28,28,28,27,27,27,27,27,27,27
8,차룡8교(수위계),2020-02-26,27,27,27,27,27,27,27,27,27,28,28,27,28,28,27,27,27,27,27,27,27,28,28,27
8,차룡8교(수위계),2020-02-27,27,27,27,27,27,28,28,28,27,28,28,28,28,28,28,27,27,28,27,28,27,27,27,27
8,차룡8교(수위계),2020-02-28,27,27,27,27,27,27,27,27,27,28,28,27,27,27,27,27,27,27,27,28,28,28,28,15
8,차룡8교(수위계),2020-02-29,27,27,27,27,27,27,27,27,28,27,27,28,27,27,27,27,27,27,28,27,28,28,27,27
8,차룡8교(수위계),2020-03-01,27,27,27,27,27,27,27,28,27,27,27,27,27,27,27,27,28,27,27,27,27,27,28,28
8,차룡8교(수위계),2020-03-02,28,27,27,27,28,28,28,28,27,27,28,27,27,28,28,27,27,28,27,28,27,27,28,28
8,차룡8교(수위계),2020-03-03,27,27,27,27,27,27,27,27,28,27,28,27,27,27,28,27,27,27,28,27,27,27,28,28
8,차룡8교(수위계),2020-03-04,28,28,28,28,28,28,28,27,27,28,27,27,28,28,28,27,27,27,28,27,27,27,28,28
8,차룡8교(수위계),2020-03-05,28,27,27,27,27,27,27,27,27,27,28,27,28,27,27,28,28,27,27,28,27,27,28,28
8,차룡8교(수위계),2020-03-06,27,27,27,27,27,27,27,27,27,27,27,27,28,27,27,27,28,27,28,27,28,28,27,27
8,차룡8교(수위계),2020-03-07,27,27,27,28,28,27,27,27,27,28,27,27,27,27,27,27,27,28,28,27,27,27,27,28
8,차룡8교(수위계),2020-03-08,27,27,27,27,27,28,28,27,27,28,27,27,27,28,27,28,27,28,27,27,28,27,27,28
8,차룡8교(수위계),2020-03-09,28,27,27,27,27,27,27,27,28,27,28,27,27,28,28,28,28,27,27,27,27,27,27,27
8,차룡8교(수위계),2020-03-10,27,28,28,28,28,28,28,28,27,27,27,27,27,27,27,27,27,28,28,27,27,27,27,27
8,차룡8교(수위계),2020-03-11,28,27,27,27,27,27,27,27,27,27,28,27,27,28,27,27,27,27,27,28,27,27,28,27
8,차룡8교(수위계),2020-03-12,27,27,28,28,27,27,27,28,28,27,27,27,27,27,27,27,27,27,27,27,27,27,28,28
8,차룡8교(수위계),2020-03-13,27,27,27,27,27,27,27,28,27,27,28,27,27,28,27,27,28,27,28,27,27,27,28,28
8,차룡8교(수위계),2020-03-14,27,27,27,27,28,28,27,27,28,27,27,28,27,27,27,28,28,27,28,27,27,27,27,28
8,차룡8교(수위계),2020-03-15,27,27,27,27,27,27,27,27,27,27,27,28,28,27,28,28,28,28,27,27,28,28,27,27
8,차룡8교(수위계),2020-03-16,28,28,28,28,28,28,28,27,28,27,28,27,27,28,27,27,28,28,27,27,27,28,28,28
8,차룡8교(수위계),2020-03-17,28,27,27,27,27,27,27,27,27,27,28,27,27,27,27,28,28,27,28,27,27,28,28,27
8,차룡8교(수위계),2020-03-18,27,27,28,28,27,27,27,28,28,28,27,28,27,27,27,28,28,27,28,27,28,28,27,27
8,차룡8교(수위계),2020-03-19,27,27,27,27,27,27,28,27,28,27,28,27,27,28,28,27,27,27,28,28,27,27,27,27
8,차룡8교(수위계),2020-03-20,27,28,28,28,27,27,27,28,28,27,27,27,27,27,27,27,27,28,27,27,28,28,28,27
8,차룡8교(수위계),2020-03-21,27,27,28,28,27,27,27,27,27,27,27,28,27,27,27,27,27,28,27,27,27,28,28,28
8,차룡8교(수위계),2020-03-22,28,27,27,27,27,28,28,27,28,27,27,28,28,28,27,27,28,27,28,28,27,27,27,27
8,차룡8교(수위계),2020-03-23,27,27,28,27,27,28,28,27,27,27,28,27,27,27,27,27,27,28,27,27,28,28,27,27
8,차룡8교(수위계),2020-03-24,28,28,27,27,27,28,27,27,27,27,28,28,28,28,28,28,27,28,27,27,28,27,27,27
8,차룡8교(수위계),2020-03-25,27,28,28,28,27,27,28,27,27,27,27,28,27,27,27,27,27,27,27,28,27,27,27,27
8,차룡8교(수위계),2020-03-26,27,28,28,28,28,28,28,27,27,27,27,28,28,28,28,28,28,28,28,28,28,27,27,27
8,차룡8교(수위계),2020-03-27,27,27,27,27,27,27,27,27,27,27,27,27,28,27,28,28,27,28,27,27,28,28,28,27
8,차룡8교(수위계),2020-03-28,27,27,27,28,27,27,27,27,28,27,27,27,27,27,27,27,27,27,27,28,27,27,27,27
8,차룡8교(수위계),2020-03-29,27,27,28,27,27,27,27,27,27,27,27,27,27,27,27,27,28,27,27,27,27,27,28,28
8,차룡8교(수위계),2020-03-30,28,27,27,27,27,27,27,27,27,27,27,28,27,27,28,28,28,27,28,27,27,28,27,27
8,차룡8교(수위계),2020-03-31,27,27,27,27,28,28,27,27,27,27,28,27,27,28,27,27,28,27,28,28,27,27,27,27
8,차룡8교(수위계),2020-04-01,27,27,27,27,27,27,27,27,27,28,27,27,27,27,28,27,27,28,27,28,27,27,27,28
8,차룡8교(수위계),2020-04-02,28,27,27,27,28,28,27,27,27,27,27,27,28,27,27,28,27,27,28,27,27,27,27,27
8,차룡8교(수위계),2020-04-03,27,27,28,28,27,27,27,27,27,27,28,27,27,28,28,28,27,28,27,28,27,27,28,27
8,차룡8교(수위계),2020-04-04,27,27,27,28,28,27,28,27,28,27,27,27,28,27,27,27,27,27,27,28,27,27,27,28
8,차룡8교(수위계),2020-04-05,27,27,27,27,28,28,28,27,27,27,28,27,27,28,27,28,27,28,27,27,27,27,27,28
8,차룡8교(수위계),2020-04-06,27,27,27,27,27,28,27,27,27,27,27,27,28,27,27,28,27,27,28,27,27,27,27,28
8,차룡8교(수위계),2020-04-07,28,27,27,27,27,27,27,28,27,27,27,27,28,27,27,28,27,27,27,27,27,27,27,27
8,차룡8교(수위계),2020-04-08,28,28,28,27,27,27,28,27,27,27,28,27,27,28,27,27,27,27,28,27,28,27,27,27
8,차룡8교(수위계),2020-04-09,28,27,27,27,28,28,28,27,27,27,27,27,28,27,27,27,27,28,27,27,27,27,27,28
8,차룡8교(수위계),2020-04-10,28,28,28,28,27,27,27,27,27,28,27,27,27,27,27,27,27,27,27,28,28,28,28,28
8,차룡8교(수위계),2020-04-11,27,27,27,27,27,27,27,27,28,27,28,27,27,27,27,27,28,27,27,27,28,28,27,27
8,차룡8교(수위계),2020-04-12,27,27,27,27,27,27,27,28,28,28,27,27,27,27,27,27,27,27,27,28,27,27,27,27
8,차룡8교(수위계),2020-04-13,27,27,27,27,27,27,27,27,27,28,27,27,27,28,27,27,27,27,28,27,28,27,27,28
8,차룡8교(수위계),2020-04-14,27,27,27,27,27,27,27,27,27,27,27,27,27,27,27,27,27,27,28,27,28,27,27,27
8,차룡8교(수위계),2020-04-15,28,27,27,27,27,27,27,27,27,27,28,27,27,27,27,27,27,28,27,28,27,27,28,27
8,차룡8교(수위계),2020-04-16,27,27,27,27,27,27,27,27,28,27,28,27,27,27,27,27,27,27,27,28,27,27,27,27
8,차룡8교(수위계),2020-04-17,27,27,27,27,27,27,27,27,27,27,27,27,27,27,27,27,27,27,27,27,27,27,27,27
8,차룡8교(수위계),2020-04-18,28,27,27,27,27,27,27,27,27,27,27,27,27,27,27,27,27,27,27,27,27,27,27,27
8,차룡8교(수위계),2020-04-19,27,27,27,27,27,27,27,27,27,27,27,27,27,27,27,27,27,29,29,29,34,29,28,26
8,차룡8교(수위계),2020-04-20,25,25,25,24,24,24,24,24,24,24,24,24,24,24,24,24,24,24,24,24,24,24,24,24
8,차룡8교(수위계),2020-04-21,24,24,24,24,24,24,24,24,24,24,24,24,24,24,24,24,24,24,24,24,24,24,24,24
8,차룡8교(수위계),2020-04-22,24,24,24,24,24,24,24,24,24,24,24,24,24,24,24,24,24,24,24,24,24,24,24,24
8,차룡8교(수위계),2020-04-23,24,24,24,24,24,24,24,24,24,24,24,24,24,24,24,24,24,24,24,24,24,24,24,24
8,차룡8교(수위계),2020-04-24,24,24,24,24,24,24,24,24,24,24,24,24,24,24,24,24,24,24,24,24,24,24,24,24
8,차룡8교(수위계),2020-04-25,24,24,24,24,24,24,24,24,24,24,24,24,24,24,24,24,24,24,24,24,24,24,24,24
8,차룡8교(수위계),2020-04-26,24,24,24,24,24,24,24,24,24,24,24,24,24,24,24,24,24,24,24,24,24,24,24,24
8,차룡8교(수위계),2020-04-27,24,24,24,24,24,24,24,24,24,24,24,24,24,24,24,24,24,24,24,24,24,24,24,24
8,차룡8교(수위계),2020-04-28,24,24,24,24,24,24,24,24,24,24,24,24,24,24,24,24,24,24,24,24,24,24,24,24
8,차룡8교(수위계),2020-04-29,24,24,24,24,24,24,24,24,24,24,24,24,24,24,24,24,24,24,24,24,24,24,24,24
8,차룡8교(수위계),2020-04-30,24,24,24,24,24,24,24,24,24,24,24,24,24,24,24,24,24,24,24,24,24,24,24,0
8,차룡8교(수위계),2020-05-01,24,24,24,24,24,24,24,24,24,24,24,24,24,24,24,24,24,24,24,24,24,24,24,24
8,차룡8교(수위계),2020-05-02,24,24,24,24,24,24,24,24,24,24,24,24,24,24,24,24,24,24,24,24,24,24,24,24
8,차룡8교(수위계),2020-05-03,24,24,24,24,24,24,24,24,24,24,24,24,24,24,24,24,24,24,24,24,24,24,24,24
8,차룡8교(수위계),2020-05-04,24,24,24,24,24,24,24,24,24,24,24,24,24,24,24,24,24,24,24,24,24,24,24,24
8,차룡8교(수위계),2020-05-05,24,24,24,24,24,24,24,24,24,24,24,24,24,24,24,24,24,24,24,24,24,24,24,24
8,차룡8교(수위계),2020-05-06,24,24,24,24,24,24,24,24,24,24,24,24,24,24,24,24,24,24,24,24,24,24,24,24
8,차룡8교(수위계),2020-05-07,24,24,24,24,24,24,24,24,24,24,24,24,24,24,24,24,24,24,24,24,24,24,24,24
8,차룡8교(수위계),2020-05-08,24,24,24,24,24,24,24,24,24,24,24,24,24,24,24,24,24,24,24,24,24,24,24,24
8,차룡8교(수위계),2020-05-09,24,24,24,24,24,24,24,24,24,24,24,24,24,24,24,24,24,24,24,24,24,24,24,24
8,차룡8교(수위계),2020-05-10,24,24,24,24,24,24,24,24,24,24,24,24,24,24,24,24,24,24,24,24,24,24,24,24
8,차룡8교(수위계),2020-05-11,24,24,24,24,24,24,24,24,24,24,24,24,24,24,24,24,24,24,24,24,24,24,24,24
8,차룡8교(수위계),2020-05-12,24,24,24,24,24,24,24,24,24,24,24,24,24,24,24,24,24,24,24,24,24,24,24,24
8,차룡8교(수위계),2020-05-13,24,24,24,24,24,24,24,24,24,24,24,24,24,24,24,24,24,24,24,24,24,24,24,24
8,차룡8교(수위계),2020-05-14,24,24,24,24,24,24,24,24,24,24,24,24,24,24,24,24,24,24,24,24,24,24,24,24
8,차룡8교(수위계),2020-05-15,24,24,24,24,24,24,24,24,24,24,24,24,24,24,24,24,24,24,24,24,24,24,24,24
8,차룡8교(수위계),2020-05-16,24,24,24,24,24,24,24,24,24,24,24,24,24,24,24,24,24,24,24,24,24,24,24,24
8,차룡8교(수위계),2020-05-17,24,24,24,24,24,24,24,24,24,24,24,24,24,24,24,24,24,24,24,24,24,24,24,24
8,차룡8교(수위계),2020-05-18,24,24,24,24,24,24,24,24,24,24,24,24,24,24,24,24,24,24,24,24,24,24,24,24
8,차룡8교(수위계),2020-05-19,24,24,24,24,24,24,24,24,24,24,24,24,24,24,240,24,24,24,24,24,24,24,24,24
8,차룡8교(수위계),2020-05-20,24,24,24,24,24,24,24,24,24,24,24,24,24,24,24,24,24,24,24,24,24,24,24,24
8,차룡8교(수위계),2020-05-21,24,24,24,24,24,24,24,24,24,24,24,24,24,24,24,24,24,24,24,24,24,24,24,24
8,차룡8교(수위계),2020-05-22,24,24,24,24,24,24,24,24,24,24,24,24,24,24,24,24,24,24,24,24,24,24,24,24
8,차룡8교(수위계),2020-05-23,24,24,24,24,24,24,24,24,24,24,24,24,24,24,24,24,24,24,24,24,24,24,24,24
8,차룡8교(수위계),2020-05-24,24,24,24,24,24,24,24,24,24,24,24,24,24,24,24,24,24,24,24,24,24,24,24,24
8,차룡8교(수위계),2020-05-25,24,24,24,24,24,24,24,24,24,24,24,24,24,24,24,24,24,24,24,24,24,24,24,24
8,차룡8교(수위계),2020-05-26,24,24,24,24,24,24,24,24,24,24,24,24,24,24,24,24,24,24,24,24,24,24,24,24
8,차룡8교(수위계),2020-05-27,24,24,24,24,24,24,24,24,24,24,24,24,24,24,24,24,24,24,24,24,24,24,24,24
8,차룡8교(수위계),2020-05-28,24,24,24,24,24,24,24,24,24,24,24,24,24,24,24,24,24,24,24,24,24,24,24,24
8,차룡8교(수위계),2020-05-29,24,24,24,24,24,24,24,24,24,24,24,24,24,24,24,24,24,24,24,24,24,24,24,24
8,차룡8교(수위계),2020-05-30,24,24,24,24,24,24,24,24,24,24,24,24,24,24,24,24,24,24,24,24,24,24,24,24
8,차룡8교(수위계),2020-05-31,24,24,24,24,24,24,24,24,24,24,24,24,24,24,24,24,24,24,24,24,24,24,24,24
8,차룡8교(수위계),2020-06-01,24,24,24,24,24,24,24,24,24,24,24,24,24,24,24,24,24,24,24,24,24,24,24,24
8,차룡8교(수위계),2020-06-02,24,24,24,24,24,24,24,24,24,24,24,24,24,24,24,24,24,24,24,24,24,24,24,24
8,차룡8교(수위계),2020-06-03,24,24,24,24,24,24,24,24,24,24,24,24,24,24,24,24,24,24,24,24,24,24,24,24
8,차룡8교(수위계),2020-06-04,24,24,24,24,24,24,24,24,24,24,24,24,24,24,24,24,24,24,24,24,24,24,24,24
8,차룡8교(수위계),2020-06-05,24,24,24,24,24,24,24,24,24,24,24,24,24,24,24,24,24,24,24,24,24,24,24,24
8,차룡8교(수위계),2020-06-06,24,24,24,24,24,24,24,24,24,24,24,24,24,24,24,24,24,24,24,24,24,24,24,24
8,차룡8교(수위계),2020-06-07,24,24,24,24,24,24,24,24,24,24,24,24,24,24,24,24,24,24,24,24,24,24,24,24
8,차룡8교(수위계),2020-06-08,24,24,24,24,24,24,24,24,24,24,24,24,24,24,24,24,24,24,24,24,24,24,24,24
8,차룡8교(수위계),2020-06-09,24,24,24,24,24,24,24,24,24,24,24,24,24,24,24,24,24,24,24,24,24,24,24,24
8,차룡8교(수위계),2020-06-10,24,24,24,24,24,24,24,24,24,24,24,24,24,24,24,24,24,24,24,24,24,24,24,24
8,차룡8교(수위계),2020-06-11,24,24,24,24,24,24,24,24,24,24,24,24,24,24,24,24,24,24,24,24,24,24,24,24
8,차룡8교(수위계),2020-06-12,24,24,24,24,24,24,24,24,24,24,24,24,24,24,24,24,24,24,24,24,24,24,24,24
8,차룡8교(수위계),2020-06-13,57,62,61,81,48,28,26,25,25,25,25,25,25,25,25,25,25,25,25,25,25,25,25,25
8,차룡8교(수위계),2020-06-14,25,25,25,25,25,25,25,25,25,25,25,25,25,25,25,25,25,25,25,25,25,25,25,25
8,차룡8교(수위계),2020-06-15,25,25,25,25,25,25,25,25,25,25,25,25,25,25,25,25,25,25,25,25,25,25,25,25
8,차룡8교(수위계),2020-06-16,25,25,25,25,25,25,25,25,25,25,25,25,25,25,25,25,25,25,25,25,25,25,25,25
8,차룡8교(수위계),2020-06-17,25,25,25,25,25,25,25,25,25,25,25,25,25,25,25,25,25,25,25,25,25,25,25,25
8,차룡8교(수위계),2020-06-18,25,25,25,25,25,25,25,25,25,25,25,25,25,25,25,25,25,25,25,25,25,25,25,25
8,차룡8교(수위계),2020-06-19,25,25,25,25,25,25,25,25,25,25,25,25,25,25,25,25,25,25,25,25,25,25,25,25
8,차룡8교(수위계),2020-06-20,25,25,25,25,25,25,25,25,25,25,25,25,25,25,25,25,25,25,25,25,25,25,25,25
8,차룡8교(수위계),2020-06-21,25,25,25,25,25,25,25,25,25,25,25,25,25,25,25,25,25,25,25,25,25,25,25,25
8,차룡8교(수위계),2020-06-22,25,25,25,25,25,25,25,25,25,25,25,25,25,25,25,25,25,25,25,25,25,25,25,25
8,차룡8교(수위계),2020-06-23,25,25,25,25,25,25,25,25,25,25,25,25,25,25,25,25,25,25,25,25,25,25,25,25
8,차룡8교(수위계),2020-06-24,25,25,25,25,25,25,25,25,25,25,25,25,25,25,25,25,25,25,25,32,30,28,26,26
8,차룡8교(수위계),2020-06-25,26,26,26,26,26,26,26,26,26,26,26,26,26,26,26,26,26,26,26,26,26,26,26,26
8,차룡8교(수위계),2020-06-26,26,26,26,26,26,26,26,26,26,26,26,26,26,26,26,26,26,26,26,26,26,26,26,26
8,차룡8교(수위계),2020-06-27,26,25,26,26,26,26,26,26,26,26,26,26,26,25,26,26,26,26,25,26,26,26,26,26
8,차룡8교(수위계),2020-06-28,26,26,26,25,26,25,26,26,26,26,26,25,26,26,26,26,25,26,25,26,26,26,25,26
8,차룡8교(수위계),2020-06-29,26,26,26,26,26,26,26,26,25,26,26,26,26,26,26,26,91,44,27,35,59,74,119,91
8,차룡8교(수위계),2020-06-30,42,29,27,26,25,24,24,24,25,25,24,25,25,25,24,24,24,25,25,24,25,25,25,0
8,차룡8교(수위계),2020-07-01,24,24,24,24,24,24,25,25,25,24,25,24,24,24,24,24,25,25,24,25,25,25,24,24
8,차룡8교(수위계),2020-07-02,24,24,25,25,25,25,24,25,24,25,24,24,25,25,25,24,25,25,24,25,25,24,24,24
8,차룡8교(수위계),2020-07-03,24,24,24,24,24,24,24,24,25,25,25,25,25,24,24,24,24,25,25,25,24,24,24,24
8,차룡8교(수위계),2020-07-04,24,24,25,25,25,25,24,24,25,24,24,24,24,25,25,24,24,24,25,25,24,24,24,24
8,차룡8교(수위계),2020-07-05,24,24,24,24,24,24,24,25,24,25,25,25,24,24,24,24,24,25,25,24,24,25,25,25
8,차룡8교(수위계),2020-07-06,24,24,24,24,24,24,24,25,25,24,24,25,25,25,25,25,24,24,24,24,24,24,24,24
8,차룡8교(수위계),2020-07-07,24,25,25,25,25,25,25,24,25,24,25,25,25,25,25,24,24,25,24,24,24,24,24,25
8,차룡8교(수위계),2020-07-08,25,25,25,25,25,25,25,25,24,25,24,24,24,24,24,25,25,24,25,25,24,24,24,25
8,차룡8교(수위계),2020-07-09,25,25,24,24,24,24,25,25,24,25,25,24,24,24,24,25,24,24,24,24,24,24,24,25
8,차룡8교(수위계),2020-07-10,25,25,25,58,33,29,113,67,77,68,63,29,27,26,27,27,27,26,27,27,26,26,26,26
8,차룡8교(수위계),2020-07-11,26,26,26,26,26,26,26,26,26,26,27,26,26,26,26,26,26,26,26,26,27,27,27,27
8,차룡8교(수위계),2020-07-12,26,26,26,26,26,26,26,27,26,26,26,26,26,26,26,26,27,27,26,26,50,31,28,64
8,차룡8교(수위계),2020-07-13,38,29,28,31,47,50,101,94,97,109,93,80,57,48,42,36,32,28,27,26,26,26,25,25
8,차룡8교(수위계),2020-07-14,25,25,25,25,25,25,25,25,25,25,25,25,25,25,25,25,25,25,25,25,25,25,25,25
8,차룡8교(수위계),2020-07-15,25,25,25,25,25,25,25,25,25,25,25,25,25,25,25,25,25,25,25,25,25,25,25,25
8,차룡8교(수위계),2020-07-16,25,25,25,25,25,25,25,25,25,25,25,26,26,26,25,25,25,26,25,26,25,25,25,25
8,차룡8교(수위계),2020-07-17,25,26,26,26,26,26,25,26,25,26,25,25,25,25,25,25,25,25,25,25,26,25,25,25
8,차룡8교(수위계),2020-07-18,25,25,25,25,26,25,25,25,25,25,26,26,26,26,25,25,26,25,25,25,25,26,26,26
8,차룡8교(수위계),2020-07-19,25,25,25,25,25,25,26,25,25,25,25,25,25,25,25,25,25,25,25,25,25,25,26,25
8,차룡8교(수위계),2020-07-20,25,25,25,26,25,25,26,26,25,25,25,25,25,25,25,25,25,25,25,26,25,25,25,25
8,차룡8교(수위계),2020-07-21,25,25,25,25,25,25,25,25,25,25,25,25,25,25,25,25,25,25,25,25,25,25,25,25
8,차룡8교(수위계),2020-07-22,25,25,25,39,47,27,27,27,27,26,26,27,27,76,31,26,25,25,25,25,26,26,26,26
8,차룡8교(수위계),2020-07-23,26,26,26,26,26,26,26,26,25,25,25,25,25,25,26,29,26,26,26,88,74,125,73,49
8,차룡8교(수위계),2020-07-24,40,33,29,27,26,26,26,26,26,26,26,26,26,26,26,26,26,26,26,26,26,26,26,26
8,차룡8교(수위계),2020-07-25,26,26,26,26,26,26,26,26,26,26,26,26,26,26,26,26,26,26,26,26,26,26,26,26
8,차룡8교(수위계),2020-07-26,26,26,26,26,26,26,26,26,26,26,26,26,26,26,26,26,26,26,26,26,26,26,26,23
8,차룡8교(수위계),2020-07-27,23,0,0,0,0,0,0,0,0,0,0,0,0,0,0,0,0,0,0,0,0,0,0,0
8,차룡8교(수위계),2020-12-10,0,0,0,0,0,0,0,0,0,0,0,0,0,31,31,31,31,31,31,31,31,31,31,31
8,차룡8교(수위계),2020-12-11,31,31,31,31,31,31,31,31,31,31,31,31,31,31,31,31,31,31,31,31,31,31,31,31
8,차룡8교(수위계),2020-12-12,31,31,31,31,31,31,31,31,31,31,31,31,31,31,31,31,31,31,31,31,31,31,31,31
8,차룡8교(수위계),2020-12-13,31,31,31,31,31,31,31,31,31,31,31,31,31,31,31,31,31,31,31,31,31,31,31,31
8,차룡8교(수위계),2020-12-14,31,31,31,31,31,31,31,31,31,31,31,31,31,31,31,31,31,31,31,31,0,0,0,0
8,차룡8교(수위계),2020-12-21,0,0,0,0,0,0,0,0,0,0,0,0,0,0,31,31,0,0,0,0,0,0,0,0
8,차룡8교(수위계),2021-02-02,0,0,0,0,0,0,0,0,0,0,0,0,30,30,30,30,30,30,30,30,30,30,30,30
8,차룡8교(수위계),2021-02-03,30,30,30,30,30,30,30,30,30,30,30,30,30,30,30,30,30,30,30,30,30,30,30,30
8,차룡8교(수위계),2021-02-04,30,30,30,30,30,30,30,30,30,30,30,30,30,30,30,30,30,30,30,30,30,30,30,30
8,차룡8교(수위계),2021-02-05,30,30,30,30,30,30,30,30,30,30,30,30,30,30,30,30,30,30,30,30,30,30,30,30
8,차룡8교(수위계),2021-02-06,30,30,30,30,30,30,30,30,30,30,30,30,30,30,30,30,30,30,30,30,30,30,30,30
8,차룡8교(수위계),2021-02-07,30,30,30,30,30,30,30,30,30,30,30,30,30,30,30,30,30,30,30,30,30,30,30,30
8,차룡8교(수위계),2021-02-08,30,30,30,30,30,30,30,30,30,30,30,30,30,30,30,30,30,30,30,30,30,30,30,30
8,차룡8교(수위계),2021-02-09,30,30,30,30,30,30,30,30,30,30,30,30,30,30,30,30,30,30,30,30,30,30,30,30
8,차룡8교(수위계),2021-02-10,30,30,30,30,30,30,30,30,30,30,30,30,30,30,30,30,30,30,30,30,30,30,30,30
8,차룡8교(수위계),2021-02-11,30,30,30,30,30,30,30,30,30,30,30,30,30,30,30,30,30,30,30,30,30,30,30,30
8,차룡8교(수위계),2021-02-12,30,30,30,30,30,30,30,30,30,30,30,30,30,30,30,30,30,30,30,30,30,30,30,30
8,차룡8교(수위계),2021-02-13,30,30,30,30,30,30,30,30,30,30,30,30,30,30,30,30,30,30,30,30,30,30,30,30
8,차룡8교(수위계),2021-02-14,30,30,30,30,30,30,30,30,30,30,30,30,30,30,30,30,30,30,30,30,30,30,30,30
8,차룡8교(수위계),2021-02-15,30,30,30,30,30,30,30,30,30,30,30,30,30,30,30,30,30,30,30,30,30,30,30,30
8,차룡8교(수위계),2021-02-16,30,30,30,30,30,30,30,30,30,30,30,30,30,30,30,30,30,30,30,30,30,30,30,30
8,차룡8교(수위계),2021-02-17,30,30,30,30,30,30,30,30,30,30,30,30,30,30,30,30,30,30,30,30,30,30,30,30
8,차룡8교(수위계),2021-02-18,30,30,30,30,30,30,30,30,30,30,30,30,30,30,30,30,30,30,30,30,30,30,30,30
8,차룡8교(수위계),2021-02-19,30,30,30,30,30,30,30,30,30,30,30,30,30,30,30,30,30,30,30,30,30,30,30,30
8,차룡8교(수위계),2021-02-20,30,30,30,30,30,30,30,30,30,30,30,30,30,30,30,29,30,30,30,30,30,30,30,30
8,차룡8교(수위계),2021-02-21,30,30,30,30,30,30,30,30,30,30,30,30,30,29,30,30,30,29,30,30,30,30,30,30
8,차룡8교(수위계),2021-02-22,30,30,29,30,30,30,30,30,30,30,30,30,30,30,30,30,30,30,29,30,30,30,30,30
8,차룡8교(수위계),2021-02-23,30,30,30,30,30,30,30,30,30,30,30,30,30,30,30,30,30,30,30,30,30,30,30,30
8,차룡8교(수위계),2021-02-24,30,30,30,30,30,30,30,30,30,30,29,30,30,30,30,30,30,30,30,30,30,30,30,30
8,차룡8교(수위계),2021-02-25,30,30,30,30,30,30,30,30,30,30,30,30,30,30,30,30,30,30,30,30,30,30,30,30
8,차룡8교(수위계),2021-02-26,30,30,30,30,30,30,30,30,30,30,30,29,30,30,30,30,30,30,30,30,30,30,30,29
8,차룡8교(수위계),2021-02-27,30,30,30,30,30,30,30,30,30,30,29,30,30,30,30,30,30,30,30,30,30,30,30,30
8,차룡8교(수위계),2021-02-28,30,30,30,30,30,30,30,30,30,30,30,30,30,30,30,30,30,30,30,30,30,30,30,30
8,차룡8교(수위계),2021-03-01,30,30,30,30,30,30,30,30,30,30,30,30,30,30,30,30,30,30,30,40,29,29,29,29
8,차룡8교(수위계),2021-03-02,59,32,29,29,29,29,29,29,29,29,29,30,30,29,29,29,30,29,29,29,30,30,29,29
8,차룡8교(수위계),2021-03-03,29,30,30,29,29,29,29,29,29,30,29,29,30,29,29,29,29,29,30,29,29,29,30,30
8,차룡8교(수위계),2021-03-04,29,29,29,29,29,29,29,29,29,29,30,29,29,30,30,29,29,29,29,30,30,29,29,29
8,차룡8교(수위계),2021-03-05,29,29,29,29,29,29,29,29,30,29,29,30,30,29,30,29,30,30,29,30,29,30,29,29
8,차룡8교(수위계),2021-03-06,30,30,29,29,29,29,30,30,30,29,30,29,29,29,29,30,30,29,29,29,30,30,30,30
8,차룡8교(수위계),2021-03-07,30,30,30,30,30,30,30,30,30,30,30,29,29,30,29,29,30,30,29,29,30,29,29,30
8,차룡8교(수위계),2021-03-08,30,29,29,29,30,30,30,30,30,29,29,29,30,29,29,29,29,29,30,29,29,30,30,29
8,차룡8교(수위계),2021-03-09,29,29,30,30,30,30,30,29,29,30,29,30,29,29,29,29,29,30,29,30,29,30,30,29
8,차룡8교(수위계),2021-03-10,29,29,29,29,29,29,29,30,29,29,30,30,29,29,30,29,29,29,29,30,29,30,29,29
8,차룡8교(수위계),2021-03-11,30,30,29,29,29,29,29,29,29,30,29,29,29,29,30,30,29,30,29,29,30,29,29,29
8,차룡8교(수위계),2021-03-12,29,29,29,30,30,30,30,30,30,30,30,30,30,30,30,30,30,30,30,30,30,30,30,30
8,차룡8교(수위계),2021-03-13,30,30,29,29,29,29,30,30,30,29,30,29,30,29,30,30,29,29,29,30,29,29,29,30
8,차룡8교(수위계),2021-03-14,29,29,29,30,30,29,29,29,29,30,30,30,29,29,30,29,29,29,29,29,30,29,29,30
8,차룡8교(수위계),2021-03-15,29,29,29,30,30,30,29,29,29,29,29,30,29,29,29,29,30,29,29,29,30,30,30,30
8,차룡8교(수위계),2021-03-16,30,30,29,29,29,29,29,29,29,30,29,30,29,30,29,29,29,29,29,29,30,29,30,29
8,차룡8교(수위계),2021-03-17,30,29,29,30,30,29,29,29,29,29,0,0,0,0,0,0,0,0,0,0,0,0,0,0
8,차룡8교(수위계),2021-03-18,0,0,0,0,0,0,0,0,0,29,29,29,29,30,29,29,29,30,29,29,29,29,29,29
8,차룡8교(수위계),2021-03-19,30,30,29,29,29,29,29,29,29,30,30,29,29,30,29,29,29,29,30,29,30,29,29,29
8,차룡8교(수위계),2021-03-20,29,29,29,29,29,30,30,30,30,30,30,30,30,30,29,29,29,29,29,29,29,29,29,29
8,차룡8교(수위계),2021-03-21,29,30,30,30,30,30,30,30,30,30,29,29,30,29,29,29,29,29,29,29,30,29,29,30
8,차룡8교(수위계),2021-03-22,30,29,29,29,29,29,29,29,29,30,29,30,29,29,30,29,29,29,29,29,29,30,29,29
8,차룡8교(수위계),2021-03-23,29,29,30,29,29,29,30,30,30,30,30,29,29,29,29,29,29,29,29,29,30,29,29,30
8,차룡8교(수위계),2021-03-24,29,29,29,30,30,29,29,29,29,29,29,30,29,29,29,30,30,30,29,29,29,30,30,29
8,차룡8교(수위계),2021-03-25,29,29,30,30,29,29,29,29,29,30,30,29,30,29,29,29,29,29,29,30,29,30,29,29
8,차룡8교(수위계),2021-03-26,30,30,29,29,29,29,29,29,29,29,29,29,30,29,29,29,29,30,29,29,29,29,29,29
8,차룡8교(수위계),2021-03-27,30,30,29,29,29,29,30,30,29,29,29,30,29,29,30,29,29,29,29,29,45,66,64,43
8,차룡8교(수위계),2021-03-28,63,51,44,29,29,29,30,30,30,29,29,30,29,29,30,30,30,29,30,29,30,29,30,29
8,차룡8교(수위계),2021-03-29,29,30,30,30,30,30,30,30,30,29,30,30,30,29,30,30,30,30,29,30,29,30,30,29
8,차룡8교(수위계),2021-03-30,29,29,29,29,29,29,29,30,30,29,30,29,30,30,29,30,29,29,29,29,30,29,30,29
8,차룡8교(수위계),2021-03-31,30,30,29,29,29,30,30,30,30,30,30,30,29,30,30,30,30,29,29,29,29,30,30,29
8,차룡8교(수위계),2021-04-01,29,29,30,30,30,30,29,29,30,29,29,30,29,29,29,29,29,29,30,29,29,29,29,30
8,차룡8교(수위계),2021-04-02,30,30,30,30,30,30,30,29,30,30,29,29,30,29,30,29,29,29,30,29,29,29,30,29
8,차룡8교(수위계),2021-04-03,29,29,29,29,29,30,30,30,30,29,30,29,29,30,30,30,29,29,29,29,29,29,29,29
8,차룡8교(수위계),2021-04-04,29,29,29,29,29,29,29,30,36,29,29,29,29,29,29,29,29,29,29,29,29,29,30,30
8,차룡8교(수위계),2021-04-05,30,30,29,29,29,29,29,29,29,29,29,30,29,29,30,29,29,29,29,29,29,29,29,29
8,차룡8교(수위계),2021-04-06,29,29,29,30,30,29,29,29,30,29,30,29,29,29,0,0,30,29,29,29,29,29,29,29
8,차룡8교(수위계),2021-04-07,29,29,29,30,29,29,29,29,30,29,29,29,29,29,29,29,29,30,29,30,29,29,30,29
8,차룡8교(수위계),2021-04-08,29,29,29,30,30,30,29,29,30,29,29,29,29,30,29,30,29,29,30,29,29,29,29,29
8,차룡8교(수위계),2021-04-09,29,30,29,29,29,29,29,29,29,30,30,29,29,30,29,29,29,29,29,29,29,29,30,29
8,차룡8교(수위계),2021-04-10,29,29,29,29,30,29,29,29,30,29,29,30,29,29,29,29,30,29,29,29,29,29,30,29
8,차룡8교(수위계),2021-04-11,29,29,29,30,29,29,29,29,30,29,29,29,29,29,29,29,29,29,29,30,29,29,29,29
8,차룡8교(수위계),2021-04-12,29,29,29,30,30,30,30,30,30,29,29,29,29,30,30,30,30,30,30,30,30,29,29,29
8,차룡8교(수위계),2021-04-13,29,29,29,29,29,29,29,29,29,29,30,29,29,29,30,29,29,29,29,29,29,29,29,29
8,차룡8교(수위계),2021-04-14,29,30,29,29,29,29,29,29,29,29,30,29,29,29,29,30,29,29,29,29,29,29,29,29
8,차룡8교(수위계),2021-04-15,29,29,30,30,29,29,29,29,30,29,29,29,30,29,29,29,29,30,30,29,30,29,0,0
8,차룡8교(수위계),2021-04-16,0,0,0,0,0,0,0,0,0,0,0,0,0,0,0,0,30,29,29,29,29,29,29,29
8,차룡8교(수위계),2021-04-17,29,29,30,30,29,29,29,29,29,30,29,30,29,29,29,29,29,29,29,29,30,29,29,29
8,차룡8교(수위계),2021-04-18,30,29,29,29,29,29,29,30,29,29,29,29,29,29,29,29,29,29,29,29,29,29,29,29
8,차룡8교(수위계),2021-04-19,29,30,29,29,29,30,30,29,29,30,29,30,29,29,29,29,29,29,29,29,30,29,30,29
8,차룡8교(수위계),2021-04-20,29,29,30,29,29,29,29,29,30,29,29,29,29,29,29,29,29,29,29,29,29,29,29,29
8,차룡8교(수위계),2021-04-21,30,29,29,29,29,29,30,30,29,29,29,29,29,29,29,29,29,29,29,29,30,29,29,29
8,차룡8교(수위계),2021-04-22,29,29,29,29,29,29,29,29,29,29,29,29,29,29,29,29,29,29,29,29,29,29,29,29
8,차룡8교(수위계),2021-04-23,29,29,29,29,30,29,29,29,29,29,29,29,29,29,29,29,29,29,29,29,29,29,29,29
8,차룡8교(수위계),2021-04-24,29,29,29,30,29,29,29,29,29,30,29,29,29,29,29,29,29,29,29,29,29,29,29,29
8,차룡8교(수위계),2021-04-25,30,30,29,29,29,29,29,29,30,29,29,29,29,29,29,29,29,29,29,29,30,29,29,29
8,차룡8교(수위계),2021-04-26,29,29,29,29,30,29,29,29,29,29,29,30,29,29,29,29,29,29,29,30,29,30,29,29
8,차룡8교(수위계),2021-04-27,29,30,29,29,29,29,29,29,30,29,29,29,29,29,29,29,29,29,29,30,29,29,29,29
8,차룡8교(수위계),2021-04-28,29,29,29,29,30,29,29,29,29,29,29,29,29,29,29,29,29,29,29,30,29,29,29,29
8,차룡8교(수위계),2021-04-29,29,29,29,29,30,30,29,29,30,29,29,29,29,29,29,29,29,29,29,29,29,29,29,29
8,차룡8교(수위계),2021-04-30,29,29,29,30,30,30,30,30,29,29,29,29,29,29,29,29,29,29,29,30,29,29,29,0
8,차룡8교(수위계),2021-05-01,29,30,29,29,29,29,29,29,29,29,30,29,29,29,29,29,29,29,29,29,29,29,29,29
8,차룡8교(수위계),2021-05-02,29,29,30,30,30,30,30,30,29,29,29,29,29,29,29,29,29,29,29,29,29,29,29,29
8,차룡8교(수위계),2021-05-03,29,30,29,29,29,29,29,29,29,29,29,29,29,29,29,29,29,29,29,29,29,29,29,29
8,차룡8교(수위계),2021-05-04,29,29,29,29,29,29,29,29,29,29,29,29,29,29,29,29,29,29,29,30,29,38,81,84
8,차룡8교(수위계),2021-05-05,81,43,29,29,29,29,29,28,28,29,29,29,29,28,29,29,29,29,29,29,29,29,28,29
8,차룡8교(수위계),2021-05-06,29,29,29,29,28,29,29,29,29,29,29,28,29,29,29,29,29,29,28,29,29,28,29,29
8,차룡8교(수위계),2021-05-07,29,29,29,28,28,28,28,29,29,29,29,29,29,29,29,29,29,29,29,29,28,29,28,29
8,차룡8교(수위계),2021-05-08,29,29,29,29,29,28,28,28,29,29,29,29,29,29,29,29,29,29,29,28,29,29,29,28
8,차룡8교(수위계),2021-05-09,28,29,29,29,29,29,28,28,29,29,28,29,29,28,29,29,28,28,28,29,29,28,29,28
8,차룡8교(수위계),2021-05-10,29,29,29,29,29,29,29,29,29,28,29,29,29,28,29,29,29,29,29,28,29,29,29,28
8,차룡8교(수위계),2021-05-11,28,29,29,29,29,29,29,29,29,28,29,29,29,29,28,28,28,28,28,29,29,29,29,29
8,차룡8교(수위계),2021-05-12,29,28,28,28,28,29,29,29,28,28,29,29,29,29,28,29,29,29,29,28,29,29,28,29
8,차룡8교(수위계),2021-05-13,29,29,29,29,29,29,29,29,29,29,29,29,29,29,29,29,29,29,29,28,29,28,29,29
8,차룡8교(수위계),2021-05-14,29,29,28,28,29,29,29,29,29,29,29,29,29,29,29,29,29,29,28,29,29,28,28,29
8,차룡8교(수위계),2021-05-15,29,29,29,29,29,29,29,29,29,29,29,29,28,28,29,29,29,29,29,29,29,28,28,28
8,차룡8교(수위계),2021-05-16,28,28,28,28,28,28,28,28,28,29,29,29,29,46,30,30,29,29,29,29,29,29,29,29
8,차룡8교(수위계),2021-05-17,29,29,29,29,29,29,29,29,29,29,29,29,29,29,29,29,29,29,29,29,29,29,29,29
8,차룡8교(수위계),2021-05-18,29,29,29,29,29,29,29,29,29,29,29,29,29,29,29,29,29,29,29,29,29,29,29,29
8,차룡8교(수위계),2021-05-19,29,29,29,29,29,29,29,29,29,29,29,29,29,29,29,29,29,29,29,29,29,29,29,29
8,차룡8교(수위계),2021-05-20,29,29,29,29,29,29,29,29,29,29,29,29,35,40,29,29,29,29,29,29,29,29,29,29
8,차룡8교(수위계),2021-05-21,29,29,29,29,29,29,29,29,29,29,29,29,29,29,29,29,29,29,29,29,29,29,29,29
8,차룡8교(수위계),2021-05-22,29,29,29,29,29,29,29,29,29,29,29,29,29,29,29,29,29,29,29,29,29,29,29,29
8,차룡8교(수위계),2021-05-23,29,29,29,29,29,29,29,29,29,29,29,29,29,29,29,29,29,29,29,29,29,29,29,29
8,차룡8교(수위계),2021-05-24,29,29,29,29,29,29,29,29,29,29,29,29,29,29,29,29,29,29,29,29,29,29,29,29
8,차룡8교(수위계),2021-05-25,29,29,29,29,29,29,29,29,29,29,29,29,29,29,29,29,29,29,29,29,29,29,29,29
8,차룡8교(수위계),2021-05-26,29,29,29,29,29,29,29,29,29,29,29,29,29,29,29,29,29,29,29,29,29,29,29,29
8,차룡8교(수위계),2021-05-27,29,29,29,29,29,29,29,29,29,29,29,29,29,29,29,29,29,29,29,29,29,29,29,29
8,차룡8교(수위계),2021-05-28,29,29,29,29,29,29,29,29,29,29,29,29,29,29,29,29,29,41,31,31,31,31,31,31
8,차룡8교(수위계),2021-05-29,31,31,31,31,31,31,31,31,31,31,31,31,31,31,31,31,31,31,31,31,31,31,31,31
8,차룡8교(수위계),2021-05-30,31,31,31,31,31,31,31,31,31,31,31,31,31,31,31,31,31,31,31,31,31,31,31,31
8,차룡8교(수위계),2021-05-31,31,31,31,31,31,31,31,31,31,31,31,31,31,31,31,31,31,31,31,31,31,31,31,31
8,차룡8교(수위계),2021-06-01,31,31,31,31,31,31,31,31,31,31,31,31,31,31,31,31,31,31,31,31,31,31,31,31
8,차룡8교(수위계),2021-06-02,31,31,31,31,31,31,31,31,31,31,31,31,31,31,31,31,31,31,31,31,31,31,31,31
8,차룡8교(수위계),2021-06-03,31,31,31,31,31,31,31,31,31,31,31,31,31,31,31,31,31,31,31,31,31,31,31,31
8,차룡8교(수위계),2021-06-04,31,31,31,31,31,31,31,31,31,31,31,31,31,31,31,31,31,31,31,31,31,31,31,31
8,차룡8교(수위계),2021-06-05,31,31,31,31,31,31,31,31,31,31,31,31,31,31,31,31,31,31,31,31,31,31,31,31
8,차룡8교(수위계),2021-06-06,31,31,31,31,31,31,31,31,31,31,31,31,31,31,31,31,31,30,31,31,31,31,31,31
8,차룡8교(수위계),2021-06-07,31,31,31,31,31,31,30,31,31,31,31,31,31,31,31,31,31,31,31,31,31,31,31,31
8,차룡8교(수위계),2021-06-08,30,31,31,31,31,31,31,31,30,31,31,30,31,31,31,31,31,30,31,31,31,30,31,31
8,차룡8교(수위계),2021-06-09,31,30,30,31,31,31,31,31,30,30,31,31,31,31,31,31,31,31,30,31,30,31,31,30
8,차룡8교(수위계),2021-06-10,31,31,31,31,31,31,31,31,31,31,31,31,31,31,31,31,31,31,31,31,30,31,31,31
8,차룡8교(수위계),2021-06-11,31,31,31,31,31,31,31,43,31,30,30,30,30,30,30,30,30,30,30,35,34,30,29,29
8,차룡8교(수위계),2021-06-12,29,29,29,29,29,29,29,29,30,30,30,29,29,29,29,29,29,29,29,29,29,29,29,29
8,차룡8교(수위계),2021-06-13,30,30,30,30,30,30,30,30,29,29,29,30,29,29,29,29,29,29,29,29,29,29,29,29
8,차룡8교(수위계),2021-06-14,30,29,29,29,29,29,29,29,29,29,29,29,29,29,29,29,29,29,29,29,29,29,29,29
8,차룡8교(수위계),2021-06-15,30,29,29,29,29,29,29,29,29,29,29,29,29,29,29,29,29,29,31,29,29,29,29,29
8,차룡8교(수위계),2021-06-16,29,29,58,41,29,29,29,29,29,29,29,29,29,29,29,29,29,29,29,29,29,29,29,29
8,차룡8교(수위계),2021-06-17,29,29,29,29,29,29,29,29,29,29,29,29,29,29,29,29,29,29,29,29,29,29,29,29
8,차룡8교(수위계),2021-06-18,29,29,29,29,29,29,29,29,29,29,29,29,29,29,29,29,29,29,29,29,29,29,29,29
8,차룡8교(수위계),2021-06-19,29,29,29,29,29,29,29,29,29,29,29,29,29,29,29,29,29,29,29,29,29,29,29,29
8,차룡8교(수위계),2021-06-20,29,29,29,29,29,29,29,29,29,29,29,29,29,29,29,29,29,29,29,29,29,29,29,29
8,차룡8교(수위계),2021-06-21,29,29,29,29,29,29,29,29,29,29,29,29,29,29,29,29,29,29,29,29,29,29,29,29
8,차룡8교(수위계),2021-06-22,29,29,29,29,29,29,29,29,29,29,29,29,29,29,29,29,29,29,29,29,29,29,29,29
8,차룡8교(수위계),2021-06-23,29,29,29,29,29,29,29,29,29,29,29,29,29,29,29,29,29,29,29,29,29,29,29,29
8,차룡8교(수위계),2021-06-24,29,29,29,29,29,29,29,29,29,29,29,29,29,29,29,29,29,29,29,29,29,29,29,29
8,차룡8교(수위계),2021-06-25,29,29,29,29,29,29,29,29,29,29,29,29,29,29,29,29,29,29,29,29,29,29,29,29
8,차룡8교(수위계),2021-06-26,29,29,29,29,29,29,29,29,29,29,29,29,29,29,29,29,29,29,29,29,29,29,29,29
8,차룡8교(수위계),2021-06-27,29,29,29,29,29,29,29,29,29,29,29,29,29,29,29,29,29,29,29,29,29,29,29,29
8,차룡8교(수위계),2021-06-28,29,29,29,29,29,29,29,29,29,29,29,29,29,29,29,29,29,29,29,29,29,29,29,29
8,차룡8교(수위계),2021-06-29,29,29,29,29,29,29,29,29,29,29,29,29,29,29,29,29,29,29,29,29,29,29,29,29
8,차룡8교(수위계),2021-06-30,29,29,29,29,29,29,29,29,29,29,29,29,29,29,29,29,29,29,29,29,29,29,29,0
8,차룡8교(수위계),2021-07-01,29,29,29,29,29,29,29,29,29,29,29,29,29,29,29,29,29,29,29,29,29,29,29,29
8,차룡8교(수위계),2021-07-02,29,29,29,29,29,29,29,29,29,29,29,29,29,29,29,29,29,29,29,29,29,29,29,29
8,차룡8교(수위계),2021-07-03,29,29,29,29,29,29,29,29,29,29,29,29,29,29,29,29,40,33,31,30,31,30,30,30
8,차룡8교(수위계),2021-07-04,38,53,0,0,0,0,0,0,0,0,0,0,0,0,0,0,0,0,0,0,0,0,0,0
8,차룡8교(수위계),2021-07-05,0,0,0,0,0,0,0,0,0,0,0,30,30,29,29,29,29,29,29,30,30,30,60,83
8,차룡8교(수위계),2021-07-06,76,0,0,0,108,138,177,167,178,119,128,110,107,83,72,67,91,61,65,63,52,44,39,35
8,차룡8교(수위계),2021-07-07,32,30,30,29,30,30,30,29,30,30,30,30,30,156,130,84,66,93,85,63,63,110,85,60
8,차룡8교(수위계),2021-07-08,51,46,42,38,35,32,31,31,30,29,30,29,30,30,29,29,29,30,30,30,30,30,30,30
8,차룡8교(수위계),2021-07-09,30,30,84,85,45,32,31,30,30,30,30,30,30,29,30,30,30,74,35,30,30,76,40,32
8,차룡8교(수위계),2021-07-10,30,30,30,30,30,30,30,30,30,30,30,30,30,30,30,30,30,30,30,29,30,30,30,30
8,차룡8교(수위계),2021-07-11,29,29,29,29,29,29,29,29,30,30,29,30,30,29,29,29,29,29,29,30,29,29,29,30
8,차룡8교(수위계),2021-07-12,30,30,30,30,30,29,29,29,30,29,30,29,29,30,30,30,30,30,29,30,29,29,29,30
8,차룡8교(수위계),2021-07-13,30,30,30,30,30,29,29,29,30,29,29,30,29,29,29,30,30,30,29,29,30,29,29,30
8,차룡8교(수위계),2021-07-14,30,30,30,30,30,30,29,30,29,29,30,30,29,29,29,30,30,30,30,29,30,29,29,29
8,차룡8교(수위계),2021-07-15,30,30,30,29,29,29,29,29,29,30,29,29,29,30,30,30,29,29,30,30,29,29,29,29
8,차룡8교(수위계),2021-07-16,30,30,30,30,30,30,29,29,30,29,29,29,29,29,29,29,77,31,31,31,31,31,31,31
8,차룡8교(수위계),2021-07-17,31,31,31,31,31,31,31,31,31,31,31,31,31,31,31,31,31,31,31,31,31,31,31,31
8,차룡8교(수위계),2021-07-18,31,31,31,31,31,31,31,31,31,31,31,31,31,31,31,31,31,31,31,31,31,31,31,31
8,차룡8교(수위계),2021-07-19,31,31,30,30,31,31,31,31,30,31,31,31,31,31,31,31,31,31,31,31,31,31,31,31
8,차룡8교(수위계),2021-07-20,31,31,31,31,31,31,31,31,31,31,31,31,31,31,31,31,31,31,31,31,31,31,31,31
8,차룡8교(수위계),2021-07-21,31,31,31,31,31,30,30,30,31,31,30,31,30,31,31,31,31,31,31,31,31,31,31,31
8,차룡8교(수위계),2021-07-22,31,31,31,31,31,30,31,30,31,31,31,31,31,31,31,31,31,31,31,31,31,31,30,31
8,차룡8교(수위계),2021-07-23,31,31,31,31,31,31,30,30,31,31,30,31,31,30,31,31,31,31,31,31,31,31,30,31
8,차룡8교(수위계),2021-07-24,31,31,31,31,31,31,31,31,31,30,31,30,31,31,31,31,31,31,31,31,31,31,31,31
8,차룡8교(수위계),2021-07-25,31,31,31,31,31,31,30,31,31,31,31,31,30,31,31,31,31,30,31,30,31,31,30,31
8,차룡8교(수위계),2021-07-26,31,31,31,31,30,30,30,30,31,31,31,30,31,31,31,31,31,31,31,30,31,30,31,31
8,차룡8교(수위계),2021-07-27,31,30,30,30,30,30,31,31,31,30,31,30,31,31,31,31,31,30,30,31,31,31,31,31
8,차룡8교(수위계),2021-07-28,31,31,31,30,30,30,31,31,31,30,31,30,31,31,31,31,31,31,30,31,31,30,31,31
8,차룡8교(수위계),2021-07-29,31,31,30,30,31,31,31,31,31,30,31,30,31,31,31,31,31,31,31,31,31,30,31,31
8,차룡8교(수위계),2021-07-30,31,31,31,30,30,30,31,30,31,30,31,30,31,31,31,31,31,31,31,30,31,30,31,31
8,차룡8교(수위계),2021-07-31,31,31,31,31,31,31,31,31,31,31,30,31,31,30,31,31,31,31,31,30,31,31,30,30
8,차룡8교(수위계),2021-08-01,30,31,31,31,31,31,31,31,30,31,30,31,31,31,31,31,31,31,31,31,31,31,31,30
8,차룡8교(수위계),2021-08-02,30,30,31,31,31,31,31,31,30,30,31,30,31,31,31,31,31,31,31,30,31,31,30,31
8,차룡8교(수위계),2021-08-03,31,31,31,31,30,30,30,30,31,30,31,30,30,30,31,31,31,31,30,30,31,30,30,30
8,차룡8교(수위계),2021-08-04,31,31,31,31,31,31,30,30,31,31,30,31,30,30,30,30,30,31,30,30,30,31,31,30
8,차룡8교(수위계),2021-08-05,30,31,31,31,31,30,30,30,31,31,30,31,30,30,31,30,30,30,30,31,30,31,30,30
8,차룡8교(수위계),2021-08-06,30,31,31,31,30,30,30,30,31,31,30,31,30,30,30,30,31,30,31,31,31,31,30,30
8,차룡8교(수위계),2021-08-07,30,31,31,31,31,31,31,31,31,30,30,31,30,30,31,30,30,30,31,30,31,31,31,30
8,차룡8교(수위계),2021-08-08,30,31,30,30,30,30,30,30,30,31,30,30,31,30,30,30,30,30,31,31,31,31,30,30
8,차룡8교(수위계),2021-08-09,30,30,30,30,30,30,30,30,31,30,30,31,30,30,31,31,31,31,31,30,31,30,30,30
8,차룡8교(수위계),2021-08-10,31,31,31,31,30,30,30,30,30,30,31,30,31,31,30,30,30,30,31,30,30,30,31,31
8,차룡8교(수위계),2021-08-11,31,31,30,30,30,30,30,30,30,30,30,30,31,31,31,31,31,30,31,30,31,30,30,30
8,차룡8교(수위계),2021-08-12,30,30,30,30,30,30,31,31,30,31,30,31,30,30,30,30,30,31,30,30,30,31,31,30
8,차룡8교(수위계),2021-08-13,30,30,30,30,30,30,30,30,30,30,31,30,30,30,30,31,31,31,31,30,30,31,31,31
8,차룡8교(수위계),2021-08-14,30,30,30,30,30,30,30,30,30,30,30,30,30,30,30,30,31,30,30,30,31,30,30,30
8,차룡8교(수위계),2021-08-15,30,30,30,31,31,31,31,31,30,30,30,30,30,31,30,30,31,30,31,31,30,30,30,30
8,차룡8교(수위계),2021-08-16,30,30,30,31,31,31,31,30,31,30,31,30,30,31,31,30,30,30,31,30,30,31,31,30
8,차룡8교(수위계),2021-08-17,30,30,30,30,30,30,30,30,30,30,60,31,31,31,31,31,31,31,31,31,31,31,31,31
8,차룡8교(수위계),2021-08-18,31,31,31,31,31,31,31,31,31,31,31,31,31,31,31,31,31,31,31,31,31,31,31,31
8,차룡8교(수위계),2021-08-19,31,31,31,31,31,31,31,31,31,31,31,31,31,31,31,31,31,31,31,31,31,31,31,31
8,차룡8교(수위계),2021-08-20,31,31,31,31,31,31,31,31,31,31,31,31,31,31,31,31,31,31,31,31,31,31,31,31
8,차룡8교(수위계),2021-08-21,31,31,31,31,31,31,31,37,107,86,96,196,102,103,102,154,86,72,62,48,42,39,32,31
8,차룡8교(수위계),2021-08-22,31,31,31,31,31,31,31,31,31,31,31,30,31,31,31,31,31,31,31,30,31,31,31,31
8,차룡8교(수위계),2021-08-23,30,30,30,30,30,31,31,31,31,30,30,31,31,31,66,49,94,52,31,31,31,41,58,70
8,차룡8교(수위계),2021-08-24,259,264,148,100,79,68,59,53,50,55,48,58,53,64,57,42,36,33,32,32,32,32,32,32
8,차룡8교(수위계),2021-08-25,32,32,32,32,32,32,32,32,32,32,32,38,74,46,32,31,31,31,31,31,31,31,31,31
8,차룡8교(수위계),2021-08-26,31,31,31,31,31,31,31,31,31,31,31,31,31,31,31,31,31,31,31,31,31,31,31,31
8,차룡8교(수위계),2021-08-27,31,31,31,31,31,31,31,31,31,31,31,31,31,31,31,31,31,31,31,31,31,31,31,31
8,차룡8교(수위계),2021-08-28,31,31,31,31,31,31,31,31,31,31,31,31,31,31,31,31,31,31,31,31,31,31,31,31
8,차룡8교(수위계),2021-08-29,31,31,31,31,31,30,30,31,31,31,31,31,31,31,31,31,31,30,31,31,31,31,31,31
8,차룡8교(수위계),2021-08-30,31,30,31,31,31,31,31,31,31,31,31,31,31,31,31,31,31,30,31,31,31,31,31,31
8,차룡8교(수위계),2021-08-31,31,30,30,30,30,31,31,31,31,30,31,31,31,31,31,30,31,31,31,31,31,31,31,31
8,차룡8교(수위계),2021-09-01,31,31,31,31,31,31,31,31,31,31,31,31,31,31,31,30,31,31,30,31,31,31,31,31
8,차룡8교(수위계),2021-09-02,31,31,31,31,31,31,31,31,31,31,31,31,31,31,31,31,31,31,31,31,31,31,31,31
8,차룡8교(수위계),2021-09-03,30,30,30,30,30,31,31,31,30,31,31,31,30,30,31,30,30,30,30,31,31,31,31,31
8,차룡8교(수위계),2021-09-04,31,31,30,30,30,31,31,31,31,31,31,30,31,31,31,30,30,31,31,31,30,31,31,31
8,차룡8교(수위계),2021-09-05,31,31,30,30,30,30,30,30,30,31,31,31,31,31,31,31,31,30,30,30,31,31,31,31
8,차룡8교(수위계),2021-09-06,31,31,31,31,31,30,30,30,31,31,31,31,31,31,31,30,30,30,31,31,31,31,31,31
8,차룡8교(수위계),2021-09-07,30,30,30,30,30,30,30,30,30,31,31,31,31,31,31,31,31,31,31,31,31,31,30,30
8,차룡8교(수위계),2021-09-08,31,31,31,31,31,31,31,31,31,31,31,31,31,30,31,31,31,31,31,31,31,30,30,31
8,차룡8교(수위계),2021-09-09,31,31,31,30,30,30,30,31,30,31,30,31,30,31,31,30,31,31,30,31,31,30,30,31
8,차룡8교(수위계),2021-09-10,31,31,31,31,31,31,31,31,31,31,31,31,31,31,30,31,31,31,31,30,31,31,31,30
8,차룡8교(수위계),2021-09-11,30,30,31,31,31,31,31,31,31,31,30,31,31,30,31,31,31,31,31,30,31,30,30,31
8,차룡8교(수위계),2021-09-12,31,31,30,30,30,31,31,31,30,31,30,31,31,31,31,30,30,31,30,31,31,30,31,31
8,차룡8교(수위계),2021-09-13,31,31,31,31,31,31,30,30,31,31,30,31,31,30,30,30,30,30,31,31,30,30,30,31
8,차룡8교(수위계),2021-09-14,31,31,31,31,31,31,31,31,31,31,31,31,31,31,31,31,31,31,31,31,31,31,31,31
8,차룡8교(수위계),2021-09-15,31,31,31,31,31,31,31,31,31,31,31,31,31,30,31,31,31,31,30,31,30,31,31,31
8,차룡8교(수위계),2021-09-16,31,30,30,31,31,31,31,31,31,31,30,31,31,31,31,31,31,31,31,30,30,30,31,31
8,차룡8교(수위계),2021-09-17,31,31,31,30,30,30,30,30,31,30,30,30,30,30,30,30,31,31,31,31,31,31,31,31
8,차룡8교(수위계),2021-09-18,31,31,30,30,31,31,31,31,31,31,31,31,31,31,31,31,31,0,31,31,30,31,31,31
8,차룡8교(수위계),2021-09-19,30,31,31,31,31,31,31,30,31,30,31,31,31,30,31,31,30,30,31,31,30,31,31,31
8,차룡8교(수위계),2021-09-20,30,30,30,31,31,31,31,31,31,30,31,31,30,31,30,30,30,30,31,31,30,31,31,31
8,차룡8교(수위계),2021-09-21,31,31,31,31,31,31,31,31,30,30,30,35,31,31,31,31,31,31,31,31,31,31,31,31
8,차룡8교(수위계),2021-09-22,31,31,31,31,31,31,31,31,31,31,31,31,31,31,31,31,31,31,31,31,31,31,31,31
8,차룡8교(수위계),2021-09-23,31,31,31,31,31,31,31,31,30,31,31,31,31,31,31,31,31,31,31,31,31,31,31,31
8,차룡8교(수위계),2021-09-24,31,31,31,31,31,31,30,30,31,31,31,31,31,31,31,31,31,31,31,31,31,31,31,31
8,차룡8교(수위계),2021-09-25,31,31,31,31,31,31,31,31,31,30,31,31,31,31,31,31,31,31,31,31,31,31,31,31
8,차룡8교(수위계),2021-09-26,31,31,31,31,31,31,31,31,31,31,31,31,31,31,31,31,31,31,31,31,31,31,31,31
8,차룡8교(수위계),2021-09-27,31,31,31,31,31,31,31,31,31,31,31,31,31,31,31,31,31,31,31,31,31,31,31,31
8,차룡8교(수위계),2021-09-28,31,31,31,31,31,31,31,31,31,31,31,31,31,31,31,31,31,31,31,31,31,31,31,31
8,차룡8교(수위계),2021-09-29,31,31,31,31,31,31,31,31,31,31,30,31,31,31,31,31,31,31,31,31,59,40,33,33
8,차룡8교(수위계),2021-09-30,33,33,33,33,33,33,33,33,33,33,33,33,33,33,33,33,33,33,33,33,33,33,33,0
8,차룡8교(수위계),2021-10-01,33,33,33,33,32,32,32,32,32,33,33,32,33,33,33,33,33,33,33,33,33,33,33,32
8,차룡8교(수위계),2021-10-02,33,33,33,33,0,0,0,0,0,0,0,0,0,0,0,0,0,0,0,0,0,0,0,0
8,차룡8교(수위계),2021-10-03,0,0,0,0,0,0,0,0,0,0,0,32,32,0,33,33,33,33,33,33,33,33,33,32
8,차룡8교(수위계),2021-10-04,33,33,33,33,33,33,33,33,33,33,32,33,32,33,33,33,33,33,33,33,33,32,32,33
8,차룡8교(수위계),2021-10-05,33,33,33,32,32,32,33,33,33,33,33,32,33,33,33,33,33,33,33,33,33,33,33,33
8,차룡8교(수위계),2021-10-06,33,33,33,33,33,33,33,33,33,33,33,33,33,33,33,33,33,33,33,33,33,33,33,33
8,차룡8교(수위계),2021-10-07,33,33,32,32,33,33,33,33,32,33,32,33,32,32,33,33,33,33,33,33,33,33,33,33
8,차룡8교(수위계),2021-10-08,33,33,33,33,33,33,33,33,33,33,33,33,33,32,32,33,33,33,32,32,33,33,33,33
8,차룡8교(수위계),2021-10-09,33,33,33,33,33,32,32,32,32,33,32,33,32,33,33,33,33,33,32,33,32,33,33,33
8,차룡8교(수위계),2021-10-10,33,32,32,32,32,33,33,33,33,32,33,33,32,33,33,33,33,33,32,33,33,33,33,33
8,차룡8교(수위계),2021-10-11,32,32,32,32,32,32,32,32,32,32,32,32,50,32,32,32,32,32,32,32,32,32,32,32
8,차룡8교(수위계),2021-10-12,32,32,32,32,32,32,32,32,32,32,32,32,32,32,32,32,32,32,32,32,32,32,32,32
8,차룡8교(수위계),2021-10-13,32,32,32,32,32,32,31,31,31,32,32,32,32,32,32,32,32,32,32,32,31,32,32,32
8,차룡8교(수위계),2021-10-14,32,32,32,32,32,31,32,32,31,32,31,32,32,32,32,32,32,32,32,32,32,31,32,32
8,차룡8교(수위계),2021-10-15,32,32,32,32,31,31,31,32,31,32,32,31,32,32,32,32,32,31,32,32,32,32,32,31
8,차룡8교(수위계),2021-10-16,31,32,32,32,32,32,32,32,31,31,32,32,32,31,31,31,31,31,31,32,32,32,32,31
8,차룡8교(수위계),2021-10-17,32,32,32,31,31,32,32,32,32,32,31,32,31,32,32,31,32,32,32,32,32,31,32,32
8,차룡8교(수위계),2021-10-18,32,31,31,31,31,32,32,32,32,32,32,32,31,32,31,32,32,32,32,32,31,31,32,32
8,차룡8교(수위계),2021-10-19,32,32,32,32,31,31,31,31,31,32,32,31,32,31,32,32,31,32,32,32,32,32,32,32
8,차룡8교(수위계),2021-10-20,32,32,32,32,31,31,32,32,32,31,31,32,31,32,31,32,32,32,31,32,31,31,31,32
8,차룡8교(수위계),2021-10-21,32,32,32,32,32,32,32,32,32,32,32,31,32,32,32,31,31,31,31,32,32,31,32,32
8,차룡8교(수위계),2021-10-22,32,32,31,31,31,31,31,32,31,32,31,32,32,32,32,32,31,32,31,32,32,32,32,31
8,차룡8교(수위계),2021-10-23,32,32,32,31,31,32,32,32,32,32,32,31,31,32,32,32,32,31,32,32,32,31,32,32
8,차룡8교(수위계),2021-10-24,32,31,31,31,31,31,31,31,31,32,31,31,32,31,32,32,32,32,32,31,32,32,31,31
8,차룡8교(수위계),2021-10-25,32,32,32,32,32,32,31,31,31,32,32,32,31,32,32,31,32,31,31,32,32,32,31,32
8,차룡8교(수위계),2021-10-26,32,32,31,31,31,32,32,32,32,31,31,31,32,31,32,32,32,32,32,32,32,31,32,32
8,차룡8교(수위계),2021-10-27,32,32,32,32,32,32,31,31,32,32,32,32,32,32,31,31,31,32,31,32,32,32,31,31
8,차룡8교(수위계),2021-10-28,32,32,32,31,31,32,32,32,32,32,32,32,31,32,31,31,32,31,32,32,32,31,31,32
8,차룡8교(수위계),2021-10-29,32,31,32,32,32,31,31,31,32,31,31,32,31,32,32,32,32,32,32,31,31,32,31,31
8,차룡8교(수위계),2021-10-30,32,32,32,32,32,32,32,32,32,32,31,32,31,32,31,31,31,31,32,31,32,32,31,31
8,차룡8교(수위계),2021-10-31,32,32,32,32,31,31,31,31,31,32,31,32,31,32,31,32,32,31,31,31,32,32,31,32
8,차룡8교(수위계),2021-11-01,32,32,32,32,32,32,32,31,31,32,32,31,31,32,31,31,31,32,31,31,32,32,31,31
8,차룡8교(수위계),2021-11-02,32,32,32,32,31,31,31,31,31,32,32,31,32,31,31,31,31,32,32,32,32,31,32,32
8,차룡8교(수위계),2021-11-03,31,31,31,31,32,32,32,32,32,31,31,31,32,31,32,32,32,32,32,31,32,31,32,32
8,차룡8교(수위계),2021-11-04,32,31,31,31,32,32,32,32,32,31,31,31,32,32,32,32,31,32,32,31,32,31,32,32
8,차룡8교(수위계),2021-11-05,32,32,31,31,31,31,32,32,32,31,31,31,32,31,32,32,31,31,32,32,32,32,31,32
8,차룡8교(수위계),2021-11-06,32,32,32,31,31,31,31,31,31,31,31,31,31,32,32,31,31,32,32,32,31,31,32,32
8,차룡8교(수위계),2021-11-07,31,32,32,32,32,32,32,32,32,32,32,32,32,32,32,31,31,32,31,32,31,32,32,31
8,차룡8교(수위계),2021-11-08,31,31,31,31,31,31,31,31,32,31,32,32,32,32,32,32,31,31,32,32,32,31,31,31
8,차룡8교(수위계),2021-11-09,31,31,32,32,32,31,31,31,31,32,32,31,32,31,32,32,32,32,31,32,32,31,31,32
8,차룡8교(수위계),2021-11-10,32,32,32,31,31,31,31,32,32,31,32,31,32,32,32,32,32,31,31,32,32,31,31,31
8,차룡8교(수위계),2021-11-11,31,31,31,31,31,31,31,31,31,31,31,32,31,31,31,31,32,32,31,32,32,31,31,32
8,차룡8교(수위계),2021-11-12,32,32,32,32,32,32,32,31,31,32,31,32,31,32,32,32,31,31,32,32,31,31,32,32
8,차룡8교(수위계),2021-11-13,31,31,31,32,32,32,32,31,32,31,31,31,31,31,32,31,31,31,32,31,32,31,31,32
8,차룡8교(수위계),2021-11-14,32,32,31,31,31,31,31,31,31,31,31,31,31,32,31,31,31,32,31,31,32,32,31,31
8,차룡8교(수위계),2021-11-15,31,32,32,32,32,31,31,31,31,32,28,32,31,31,31,31,31,32,31,31,32,31,31,31
8,차룡8교(수위계),2021-11-16,32,32,32,32,32,32,32,32,32,31,32,32,31,32,31,31,31,32,32,31,32,31,31,32
8,차룡8교(수위계),2021-11-17,32,31,31,31,31,31,32,32,32,31,31,31,31,32,31,31,31,32,32,31,31,32,31,31
8,차룡8교(수위계),2021-11-18,31,31,31,32,32,31,31,31,31,32,32,32,32,31,31,31,31,32,32,31,31,32,31,31
8,차룡8교(수위계),2021-11-19,31,32,32,32,31,31,31,31,31,32,31,32,32,31,31,32,32,31,31,32,31,32,32,31
8,차룡8교(수위계),2021-11-20,31,31,31,32,32,32,32,32,32,32,32,32,32,31,32,32,31,31,31,32,31,31,32,31
8,차룡8교(수위계),2021-11-21,31,31,31,31,31,31,31,31,31,31,32,31,32,31,32,31,31,32,31,31,32,32,31,31
8,차룡8교(수위계),2021-11-22,31,31,31,31,31,31,31,31,31,31,31,31,31,31,31,31,31,31,32,31,31,32,32,31
8,차룡8교(수위계),2021-11-23,31,32,32,32,32,32,32,31,31,31,32,31,32,31,31,31,32,32,31,32,32,32,31,31
8,차룡8교(수위계),2021-11-24,31,31,31,32,32,32,32,32,32,32,32,31,32,32,31,31,32,32,31,32,31,31,32,31
8,차룡8교(수위계),2021-11-25,31,31,31,31,32,32,32,32,32,31,31,31,31,32,32,31,31,32,32,32,31,32,32,31
8,차룡8교(수위계),2021-11-26,31,32,31,31,31,31,31,31,31,32,31,31,31,32,31,31,31,32,31,31,31,32,31,31
8,차룡8교(수위계),2021-11-27,32,32,32,32,31,31,31,31,31,32,32,32,31,32,31,31,31,32,31,31,32,31,31,32
8,차룡8교(수위계),2021-11-28,32,32,31,31,31,31,31,31,31,31,31,32,32,31,32,32,31,31,31,32,31,32,31,31
8,차룡8교(수위계),2021-11-29,31,31,32,32,32,31,31,31,31,32,32,31,31,32,31,31,32,31,32,31,32,31,31,31
8,차룡8교(수위계),2021-11-30,32,32,32,31,31,31,32,32,32,31,31,64,32,32,32,32,32,32,33,33,33,32,33,0
8,차룡8교(수위계),2021-12-01,33,33,33,32,32,32,32,32,32,32,33,33,33,32,32,32,32,33,32,32,33,33,33,32
8,차룡8교(수위계),2021-12-02,32,33,33,33,33,33,33,33,32,32,33,33,32,33,33,32,32,33,33,33,32,33,33,32
8,차룡8교(수위계),2021-12-03,32,32,32,33,33,33,33,33,33,33,33,33,33,32,32,32,32,33,33,32,33,33,33,32
8,차룡8교(수위계),2021-12-04,32,32,33,33,33,32,32,33,33,32,32,32,33,33,32,32,32,33,32,33,32,32,33,33
8,차룡8교(수위계),2021-12-05,33,32,32,32,32,32,32,32,33,32,33,32,32,33,32,32,32,32,33,32,33,33,33,33
8,차룡8교(수위계),2021-12-06,33,32,32,32,32,32,32,32,32,32,33,33,32,33,32,32,33,33,32,33,32,33,33,33
8,차룡8교(수위계),2021-12-07,32,32,32,32,32,33,33,33,33,32,33,33,33,32,32,33,32,33,33,32,33,32,32,32
8,차룡8교(수위계),2021-12-08,32,33,33,32,32,32,33,33,33,32,32,32,33,32,33,33,33,32,32,33,32,33,33,32
8,차룡8교(수위계),2021-12-09,32,32,32,32,33,33,33,33,33,32,33,33,33,33,33,32,33,33,32,32,33,33,33,32
8,차룡8교(수위계),2021-12-10,32,33,33,33,32,32,32,32,32,32,32,33,33,32,32,32,32,32,33,32,33,33,32,33
8,차룡8교(수위계),2021-12-11,33,33,33,33,32,32,32,32,32,32,32,32,33,32,33,33,33,32,33,33,33,32,32,32
8,차룡8교(수위계),2021-12-12,33,33,33,32,32,33,32,32,32,32,33,33,32,32,33,33,33,32,33,33,32,33,33,32
8,차룡8교(수위계),2021-12-13,33,33,33,32,32,32,32,33,33,32,33,32,33,32,33,33,32,32,33,32,33,32,32,33
8,차룡8교(수위계),2021-12-14,33,33,33,33,33,33,33,32,33,33,33,33,32,32,33,32,32,33,33,33,32,33,33,33
8,차룡8교(수위계),2021-12-15,32,32,32,32,32,32,32,32,32,32,32,33,33,33,33,33,33,33,32,33,32,33,33,32
8,차룡8교(수위계),2021-12-16,32,32,33,33,32,32,32,32,32,33,33,33,32,32,32,33,33,33,33,32,32,32,33,33
8,차룡8교(수위계),2021-12-17,33,33,33,33,32,32,33,33,33,32,33,33,33,33,33,33,33,33,33,32,32,33,33,33
8,차룡8교(수위계),2021-12-18,33,32,32,32,32,32,32,32,32,32,33,32,32,33,32,32,33,33,32,32,33,33,33,33
8,차룡8교(수위계),2021-12-19,33,33,33,33,33,33,33,33,33,32,33,32,33,33,32,32,33,32,33,32,33,32,32,33
8,차룡8교(수위계),2021-12-20,33,33,33,33,33,33,33,33,33,32,33,33,32,32,32,33,33,32,33,32,33,32,32,33
8,차룡8교(수위계),2021-12-21,33,33,33,32,32,32,32,32,32,32,32,33,33,32,33,33,33,32,32,33,32,33,33,32
8,차룡8교(수위계),2021-12-22,32,33,33,33,32,32,32,32,32,32,32,33,33,32,32,32,32,33,33,32,33,32,33,33
8,차룡8교(수위계),2021-12-23,32,32,32,32,33,33,33,33,33,32,33,33,33,33,33,32,33,32,33,33,33,32,33,33
8,차룡8교(수위계),2021-12-24,33,33,32,32,32,32,32,33,33,32,32,32,33,33,33,33,33,33,33,32,33,33,32,32
8,차룡8교(수위계),2021-12-25,32,32,32,33,33,32,32,33,33,33,32,32,33,33,33,33,33,32,33,33,33,32,32,32
8,차룡8교(수위계),2021-12-26,32,32,33,33,33,33,33,33,32,33,32,33,33,32,32,33,33,32,32,33,33,32,32,32
8,차룡8교(수위계),2021-12-27,32,33,33,33,33,32,32,33,33,33,33,33,33,33,32,33,33,33,33,32,32,32,32,33
8,차룡8교(수위계),2021-12-28,33,33,33,33,32,32,32,32,32,32,32,32,33,32,32,32,32,33,32,32,33,33,32,32
8,차룡8교(수위계),2021-12-29,32,32,32,32,32,32,32,32,32,32,33,32,32,32,32,32,32,33,32,32,33,32,32,32
8,차룡8교(수위계),2021-12-30,32,32,32,32,32,32,33,33,33,33,32,32,33,32,32,32,32,33,32,32,32,32,33,33
8,차룡8교(수위계),2021-12-31,32,32,32,32,32,32,33,33,33,32,32,32,32,32,33,32,32,32,32,33,32,32,32,0
8,차룡8교(수위계),2022-01-01,32,32,32,33,33,33,32,32,32,32,32,32,32,32,32,32,32,32,32,32,32,32,32,32
8,차룡8교(수위계),2022-01-02,32,32,33,32,32,32,32,32,32,32,32,32,32,32,32,32,32,32,32,33,32,32,32,32
8,차룡8교(수위계),2022-01-03,32,32,32,32,32,32,32,32,32,32,32,32,32,32,32,32,32,32,32,33,32,32,32,32
8,차룡8교(수위계),2022-01-04,32,32,32,32,32,32,32,32,32,32,32,32,32,32,32,32,32,32,32,32,32,33,32,32
8,차룡8교(수위계),2022-01-05,32,32,32,32,32,32,32,32,32,32,32,32,32,32,32,32,32,32,32,33,32,32,32,32
8,차룡8교(수위계),2022-01-06,32,32,32,32,32,32,32,32,32,32,32,32,32,32,32,32,32,32,32,32,32,32,32,32
8,차룡8교(수위계),2022-01-07,32,32,32,32,32,32,32,32,32,32,32,32,32,32,32,32,32,32,32,33,32,32,32,32
8,차룡8교(수위계),2022-01-08,32,32,32,32,32,32,32,32,32,32,32,32,32,32,32,32,32,32,32,33,32,32,32,32
8,차룡8교(수위계),2022-01-09,32,32,32,32,32,32,32,32,32,32,32,32,32,32,32,32,32,32,32,32,32,32,32,32
8,차룡8교(수위계),2022-01-10,32,0,0,0,0,0,0,0,0,32,32,32,32,32,32,32,32,32,33,32,32,33,32,32
8,차룡8교(수위계),2022-01-11,32,32,32,32,32,32,32,32,32,32,32,32,32,32,32,32,32,32,32,32,32,32,32,32
8,차룡8교(수위계),2022-01-12,32,32,32,32,32,32,32,32,32,32,32,32,32,32,32,32,32,32,32,32,32,32,32,32
8,차룡8교(수위계),2022-01-13,32,32,32,32,32,32,32,32,32,32,32,32,32,32,32,32,32,32,32,32,32,32,32,32
8,차룡8교(수위계),2022-01-14,32,32,32,32,32,32,32,32,32,32,32,32,32,32,32,32,32,32,32,32,32,32,32,32
8,차룡8교(수위계),2022-01-15,32,32,32,32,32,32,32,32,32,32,32,32,32,32,32,32,32,32,32,32,32,32,32,32
8,차룡8교(수위계),2022-01-16,32,32,0,0,32,32,32,32,32,32,32,32,32,32,32,32,32,32,32,32,32,32,32,32
8,차룡8교(수위계),2022-01-17,32,32,32,32,32,32,32,32,32,32,32,32,32,32,32,32,32,32,32,32,32,32,32,32
8,차룡8교(수위계),2022-01-18,32,32,32,32,32,32,32,32,32,32,32,32,32,32,32,32,32,32,32,32,32,32,32,32
8,차룡8교(수위계),2022-01-19,32,32,32,32,32,32,32,32,32,32,32,32,32,32,32,32,32,32,32,32,32,32,32,32
8,차룡8교(수위계),2022-01-20,32,32,32,32,32,32,32,32,32,32,32,32,32,32,32,32,32,32,32,32,32,32,32,32
8,차룡8교(수위계),2022-01-21,32,32,32,32,32,32,32,32,32,32,32,32,32,32,32,32,32,32,32,32,32,32,32,32
8,차룡8교(수위계),2022-01-22,32,32,32,32,32,32,32,32,32,32,32,32,32,32,32,32,32,32,32,32,32,32,32,32
8,차룡8교(수위계),2022-01-23,32,32,32,32,32,32,32,32,32,32,32,32,32,32,32,32,32,32,32,32,32,32,32,32
8,차룡8교(수위계),2022-01-24,32,32,32,32,32,32,32,32,32,32,32,32,32,32,32,32,32,32,32,32,32,32,32,32
8,차룡8교(수위계),2022-01-25,32,32,32,32,32,32,32,32,32,32,32,32,32,32,32,32,32,32,32,32,32,32,32,32
8,차룡8교(수위계),2022-01-26,32,32,32,32,32,32,32,32,32,32,32,32,32,32,32,32,32,32,32,32,32,32,32,32
8,차룡8교(수위계),2022-01-27,32,32,32,32,32,32,32,32,32,32,32,32,32,32,32,32,32,32,32,32,32,32,32,32
8,차룡8교(수위계),2022-01-28,32,32,32,32,32,32,32,32,32,32,32,32,32,32,32,32,32,32,32,32,32,32,32,32
8,차룡8교(수위계),2022-01-29,32,32,32,32,32,32,32,32,32,32,32,32,32,32,32,32,32,32,32,32,32,32,32,32
8,차룡8교(수위계),2022-01-30,32,32,32,32,32,32,32,32,32,32,32,32,32,32,32,32,32,32,32,32,32,32,32,32
8,차룡8교(수위계),2022-01-31,32,32,32,32,32,32,32,32,32,32,32,32,32,32,32,32,32,32,32,32,32,32,32,32
8,차룡8교(수위계),2022-02-01,32,32,32,32,32,32,32,32,32,32,32,32,32,32,32,32,32,32,32,32,32,32,32,32
8,차룡8교(수위계),2022-02-02,32,32,32,32,32,32,32,32,32,32,32,32,32,32,32,32,32,32,32,32,32,32,32,32
8,차룡8교(수위계),2022-02-03,32,32,32,32,32,32,32,32,32,32,32,32,32,32,32,32,32,32,32,32,32,32,32,32
8,차룡8교(수위계),2022-02-04,32,32,32,32,32,32,32,32,32,32,32,32,32,32,32,32,32,32,32,32,32,32,32,32
8,차룡8교(수위계),2022-02-05,32,32,32,32,32,32,32,32,32,32,32,32,32,32,32,32,32,32,32,32,32,32,32,32
8,차룡8교(수위계),2022-02-06,32,32,32,32,32,32,32,32,32,32,32,32,32,32,32,32,32,32,32,32,32,32,32,32
8,차룡8교(수위계),2022-02-07,32,32,32,32,32,32,32,32,32,32,32,32,32,32,32,32,0,0,0,0,32,32,32,32
8,차룡8교(수위계),2022-02-08,32,32,32,32,32,32,32,32,32,32,32,32,32,32,32,32,32,32,32,32,32,32,32,32
8,차룡8교(수위계),2022-02-09,32,32,32,32,32,32,32,32,32,32,32,32,32,32,32,32,32,32,32,32,32,32,32,32
8,차룡8교(수위계),2022-02-10,32,32,32,32,32,32,32,32,32,32,32,32,32,32,32,32,32,32,32,32,32,32,32,32
8,차룡8교(수위계),2022-02-11,32,32,32,32,32,32,32,32,32,32,32,32,32,32,32,32,32,32,32,32,32,32,32,32
8,차룡8교(수위계),2022-02-12,32,32,32,32,32,32,32,32,32,32,32,32,32,32,32,32,32,32,32,32,32,32,32,32
8,차룡8교(수위계),2022-02-13,32,32,32,32,32,32,32,32,32,32,32,32,32,32,32,32,32,32,32,32,32,32,32,32
8,차룡8교(수위계),2022-02-14,32,32,32,32,32,32,32,32,32,32,32,32,32,32,32,32,32,32,32,32,32,32,32,32
8,차룡8교(수위계),2022-02-15,32,32,32,32,32,32,32,32,32,32,32,32,32,32,32,32,32,32,32,32,32,32,32,32
8,차룡8교(수위계),2022-02-16,32,32,32,32,32,32,32,32,32,32,32,32,32,32,32,32,32,32,32,32,32,32,32,32
8,차룡8교(수위계),2022-02-17,32,32,32,32,32,32,32,32,32,32,32,0,0,0,0,0,0,0,32,32,32,32,32,32
8,차룡8교(수위계),2022-02-18,32,32,32,32,32,32,32,32,32,32,32,32,32,32,32,32,32,32,32,32,32,32,32,32
8,차룡8교(수위계),2022-02-19,32,32,32,32,32,32,32,32,32,32,32,32,32,32,32,32,32,32,32,32,32,32,32,32
8,차룡8교(수위계),2022-02-20,32,32,32,32,32,32,32,32,32,32,32,32,32,32,32,32,32,32,32,32,32,32,32,32
8,차룡8교(수위계),2022-02-21,32,32,32,32,32,32,32,32,32,32,32,32,32,32,32,32,32,32,32,32,32,32,32,32
8,차룡8교(수위계),2022-02-22,32,32,32,32,32,32,32,32,32,32,32,32,32,32,32,32,32,32,32,32,32,32,32,32
8,차룡8교(수위계),2022-02-23,32,32,32,32,32,32,32,32,32,32,32,32,32,32,32,32,32,32,32,32,32,32,32,32
8,차룡8교(수위계),2022-02-24,32,32,32,32,32,32,32,32,32,32,32,32,32,32,32,32,32,32,32,32,32,32,32,32
8,차룡8교(수위계),2022-02-25,32,32,32,32,32,32,32,32,32,32,32,32,32,32,32,32,32,32,32,32,32,32,32,32
8,차룡8교(수위계),2022-02-26,32,32,32,32,32,32,32,32,32,32,32,32,32,32,32,32,32,32,32,32,32,32,32,32
8,차룡8교(수위계),2022-02-27,32,32,32,32,32,32,32,32,32,32,32,32,32,32,32,32,32,32,32,32,32,32,32,32
8,차룡8교(수위계),2022-02-28,32,32,32,32,32,32,32,32,32,32,32,32,32,32,32,32,32,32,32,32,32,32,32,30
8,차룡8교(수위계),2022-03-01,32,32,32,32,32,32,32,32,32,32,32,32,32,32,32,32,32,32,32,32,32,32,32,32
8,차룡8교(수위계),2022-03-02,32,32,32,32,32,32,32,32,32,32,32,32,32,32,32,32,32,32,32,32,32,32,32,32
8,차룡8교(수위계),2022-03-03,32,32,32,32,32,32,32,32,32,32,32,32,32,32,32,32,32,32,32,32,32,32,32,32
8,차룡8교(수위계),2022-03-04,32,32,32,32,32,32,32,32,32,32,32,32,32,32,32,32,32,32,32,32,32,32,32,32
8,차룡8교(수위계),2022-03-05,32,32,32,32,32,32,32,32,32,32,32,32,32,32,32,32,32,32,32,32,32,32,32,32
8,차룡8교(수위계),2022-03-06,32,32,32,32,32,32,32,32,32,32,32,32,32,32,32,32,32,32,32,32,32,32,32,32
8,차룡8교(수위계),2022-03-07,32,32,32,32,32,32,32,32,32,32,32,32,32,32,32,32,32,32,32,32,32,32,32,32
8,차룡8교(수위계),2022-03-08,32,32,32,32,32,32,32,32,32,32,32,32,32,32,32,32,32,32,32,32,32,32,32,32
8,차룡8교(수위계),2022-03-09,32,32,32,32,32,32,32,32,32,32,32,32,32,32,32,32,32,32,32,32,32,32,32,32
8,차룡8교(수위계),2022-03-10,32,32,32,32,32,32,32,32,32,32,32,32,32,32,32,32,32,32,32,32,32,32,32,32
8,차룡8교(수위계),2022-03-11,32,32,32,32,32,32,32,32,32,32,32,32,32,32,32,32,32,32,32,32,32,32,32,32
8,차룡8교(수위계),2022-03-12,32,32,32,32,32,32,32,32,32,32,32,32,32,32,32,32,32,32,32,32,32,32,32,32
8,차룡8교(수위계),2022-03-13,32,32,32,32,32,32,32,32,32,32,32,32,32,32,32,32,32,32,32,32,32,32,32,32
8,차룡8교(수위계),2022-03-14,32,32,32,32,32,32,32,32,32,32,32,32,32,32,32,32,32,32,32,32,32,32,32,32
8,차룡8교(수위계),2022-03-15,32,32,32,32,32,32,32,32,32,32,32,32,32,32,32,32,32,32,32,32,32,32,32,32
8,차룡8교(수위계),2022-03-16,32,32,32,32,32,32,32,32,32,32,32,32,32,32,32,32,32,32,32,32,32,32,0,0
8,차룡8교(수위계),2022-03-17,0,0,0,0,0,0,0,0,0,32,32,32,32,32,32,32,32,32,32,32,32,32,32,32
8,차룡8교(수위계),2022-03-18,32,32,32,32,32,32,32,32,32,32,32,32,32,32,32,32,32,32,32,32,32,32,32,32
8,차룡8교(수위계),2022-03-19,32,32,32,32,32,32,32,32,32,32,32,32,32,32,32,32,32,32,32,32,32,32,32,32
8,차룡8교(수위계),2022-03-20,32,32,32,32,32,32,32,32,32,32,32,32,32,32,32,32,32,32,32,32,32,32,32,32
8,차룡8교(수위계),2022-03-21,32,32,32,32,32,32,32,32,32,32,32,32,32,32,32,32,32,32,32,32,32,32,32,32
8,차룡8교(수위계),2022-03-22,32,32,32,32,32,32,32,32,32,32,32,32,32,32,32,32,32,32,32,32,32,32,32,32
8,차룡8교(수위계),2022-03-23,32,32,32,32,32,32,32,32,32,32,32,32,32,32,32,32,32,32,32,32,32,32,32,32
8,차룡8교(수위계),2022-03-24,32,32,32,32,32,32,32,32,32,32,32,32,32,32,32,32,32,32,32,32,32,32,32,32
8,차룡8교(수위계),2022-03-25,32,32,32,32,32,32,32,32,32,32,32,32,32,32,32,32,32,32,32,32,32,32,32,32
8,차룡8교(수위계),2022-03-26,32,32,32,32,33,32,32,32,32,32,32,32,32,32,32,32,32,32,32,32,32,32,32,32
8,차룡8교(수위계),2022-03-27,32,32,32,32,32,32,32,32,32,32,32,32,32,32,32,32,32,32,32,32,32,32,32,32
8,차룡8교(수위계),2022-03-28,32,32,32,32,32,32,32,32,32,32,32,32,32,32,32,32,32,32,32,32,32,32,32,32
8,차룡8교(수위계),2022-03-29,32,32,32,32,32,32,32,32,32,32,32,32,32,32,32,32,32,32,32,32,32,32,32,32
8,차룡8교(수위계),2022-03-30,32,32,32,32,32,32,32,32,32,32,32,32,32,32,32,32,32,32,32,32,32,32,32,32
8,차룡8교(수위계),2022-03-31,33,33,33,33,33,32,32,32,32,32,32,32,32,32,32,32,32,32,32,32,32,32,32,32
8,차룡8교(수위계),2022-04-01,32,32,32,32,32,32,32,32,32,32,32,32,32,32,32,32,32,32,32,32,32,32,32,32
8,차룡8교(수위계),2022-04-02,32,32,32,32,32,32,32,32,32,32,32,32,32,32,32,32,32,32,32,32,32,32,32,32
8,차룡8교(수위계),2022-04-03,32,32,32,32,32,32,32,32,32,32,32,32,32,32,32,32,32,32,32,32,32,32,32,32
8,차룡8교(수위계),2022-04-04,32,32,32,32,32,32,32,32,32,32,32,32,32,32,32,32,32,32,32,32,32,32,32,32
8,차룡8교(수위계),2022-04-05,32,32,32,32,32,32,32,32,32,32,32,32,32,32,32,32,32,32,32,32,32,32,32,32
8,차룡8교(수위계),2022-04-06,32,32,32,32,32,32,32,32,32,32,32,32,32,32,32,32,32,32,32,33,32,32,32,32
8,차룡8교(수위계),2022-04-07,32,32,32,32,32,32,32,32,32,32,32,32,32,32,32,32,32,32,32,32,32,32,32,32
8,차룡8교(수위계),2022-04-08,32,32,32,32,32,32,32,32,32,32,32,32,32,32,32,32,32,32,32,33,32,32,32,32
8,차룡8교(수위계),2022-04-09,32,32,32,32,32,32,32,32,32,32,32,32,32,32,32,32,32,32,33,32,33,32,32,33
8,차룡8교(수위계),2022-04-10,32,32,32,32,32,32,32,32,32,32,32,32,32,32,32,32,32,32,33,32,32,33,32,32
8,차룡8교(수위계),2022-04-11,32,32,32,32,33,33,32,32,32,32,32,32,33,32,33,32,33,33,33,32,33,33,32,32
8,차룡8교(수위계),2022-04-12,32,32,32,32,32,32,32,32,32,32,32,32,32,32,32,33,33,33,32,33,32,32,33,33
8,차룡8교(수위계),2022-04-13,32,32,32,32,32,32,32,32,32,32,32,32,32,32,32,32,32,32,32,32,32,32,32,32
8,차룡8교(수위계),2022-04-14,32,32,32,32,32,32,32,32,32,32,32,32,32,32,32,32,32,32,32,32,32,32,32,32
8,차룡8교(수위계),2022-04-15,32,32,32,32,32,32,32,32,32,32,32,32,32,32,32,32,33,32,32,32,32,33,32,32
8,차룡8교(수위계),2022-04-16,32,32,32,32,32,32,32,32,32,32,32,32,32,32,32,32,32,32,32,32,33,32,32,32
8,차룡8교(수위계),2022-04-17,32,32,32,32,32,32,32,32,32,32,32,32,32,33,32,32,32,32,32,32,32,32,33,32
8,차룡8교(수위계),2022-04-18,32,32,32,32,32,32,32,32,32,32,32,32,32,32,32,33,33,32,32,33,32,32,32,32
8,차룡8교(수위계),2022-04-19,32,32,32,32,32,32,32,32,32,32,32,32,32,32,32,32,33,32,32,32,32,32,32,32
8,차룡8교(수위계),2022-04-20,32,32,32,32,32,32,32,32,32,32,32,33,32,32,32,32,32,32,32,33,32,32,32,32
8,차룡8교(수위계),2022-04-21,32,32,32,32,32,32,32,32,32,32,32,32,32,32,32,32,32,32,32,32,32,32,32,32
8,차룡8교(수위계),2022-04-22,32,32,32,32,32,32,32,32,32,32,32,32,32,32,32,32,32,32,32,32,32,33,32,32
8,차룡8교(수위계),2022-04-23,32,32,32,32,32,32,32,32,32,32,32,32,32,32,32,32,32,32,32,32,32,32,32,32
8,차룡8교(수위계),2022-04-24,32,32,32,32,32,32,32,32,32,32,32,32,32,32,32,33,32,32,32,32,32,32,32,33
8,차룡8교(수위계),2022-04-25,32,32,32,32,32,32,32,32,32,32,32,32,32,32,32,32,32,32,32,32,32,32,32,32
8,차룡8교(수위계),2022-04-26,32,64,81,31,31,31,31,31,31,31,31,31,31,31,31,31,31,31,31,31,31,31,31,31
8,차룡8교(수위계),2022-04-27,31,31,31,31,31,31,31,31,31,31,31,31,31,31,31,31,31,31,31,31,31,31,31,31
8,차룡8교(수위계),2022-04-28,31,31,31,31,31,31,31,31,31,31,31,31,31,31,31,31,31,31,31,31,31,31,31,31
8,차룡8교(수위계),2022-04-29,31,31,31,31,31,31,31,31,31,31,31,31,31,31,31,31,31,31,31,31,31,31,31,31
8,차룡8교(수위계),2022-04-30,31,31,31,31,31,31,31,31,31,31,31,31,31,31,31,31,31,31,31,31,31,31,31,0
8,차룡8교(수위계),2022-05-01,31,31,31,31,31,31,31,31,31,31,31,31,31,31,31,31,31,31,31,31,31,31,31,31
8,차룡8교(수위계),2022-05-02,31,31,31,31,31,31,31,31,31,31,31,31,31,31,31,31,31,31,31,31,31,31,31,31
8,차룡8교(수위계),2022-05-03,31,31,31,31,31,31,31,31,31,31,31,31,31,31,31,31,31,31,31,31,31,31,31,31
8,차룡8교(수위계),2022-05-04,31,31,31,31,31,31,31,31,31,31,31,31,31,31,31,31,31,31,31,31,31,31,31,31
8,차룡8교(수위계),2022-05-05,31,31,31,31,31,31,31,31,31,31,31,31,31,31,31,31,31,31,31,31,31,31,31,31
8,차룡8교(수위계),2022-05-06,31,31,31,31,31,31,31,31,31,31,31,31,31,31,31,31,31,31,31,31,31,31,31,31
8,차룡8교(수위계),2022-05-07,31,31,31,31,31,31,31,31,31,31,31,31,31,31,31,31,31,31,31,31,31,31,31,31
8,차룡8교(수위계),2022-05-08,31,31,31,31,31,31,31,31,31,31,31,31,31,31,31,31,31,31,31,31,31,31,31,31
8,차룡8교(수위계),2022-05-09,31,31,31,31,31,31,31,31,31,31,31,31,31,31,31,31,31,31,31,31,31,31,31,31
8,차룡8교(수위계),2022-05-10,31,31,31,31,31,31,31,31,31,31,31,31,31,31,31,31,31,31,31,31,31,31,31,31
8,차룡8교(수위계),2022-05-11,31,31,31,31,31,31,31,31,31,31,31,31,31,31,31,31,31,31,31,31,31,31,31,31
8,차룡8교(수위계),2022-05-12,31,31,31,31,31,31,31,31,31,31,31,31,31,31,31,31,31,31,31,31,31,31,31,31
8,차룡8교(수위계),2022-05-13,31,31,31,31,31,31,31,31,31,31,31,31,31,31,31,31,31,31,31,31,31,31,31,31
8,차룡8교(수위계),2022-05-14,31,31,31,31,31,31,31,31,31,31,31,31,31,31,31,31,31,31,31,31,31,31,31,31
8,차룡8교(수위계),2022-05-15,31,31,30,31,31,31,31,31,31,31,31,31,31,31,31,31,31,31,31,31,31,31,31,31
8,차룡8교(수위계),2022-05-16,31,31,31,31,31,31,31,31,31,31,31,31,31,31,31,31,31,31,31,31,31,31,31,31
8,차룡8교(수위계),2022-05-17,31,31,31,31,31,31,31,31,31,31,31,30,31,31,31,31,31,31,31,31,31,30,31,31
8,차룡8교(수위계),2022-05-18,31,31,31,31,31,31,30,31,31,31,31,31,31,31,31,31,31,31,31,31,31,31,31,31
8,차룡8교(수위계),2022-05-19,31,31,31,31,31,31,31,31,31,31,31,31,31,31,31,31,31,31,31,31,31,31,31,31
8,차룡8교(수위계),2022-05-20,31,31,31,31,31,31,31,31,31,31,31,31,31,31,31,31,31,31,31,31,31,31,31,31
8,차룡8교(수위계),2022-05-21,31,31,31,31,31,31,31,31,31,31,31,31,31,31,31,31,31,31,31,31,31,31,31,31
8,차룡8교(수위계),2022-05-22,31,31,31,31,31,31,31,31,31,31,31,31,31,31,30,31,31,31,31,31,31,31,31,31
8,차룡8교(수위계),2022-05-23,31,31,31,31,31,31,31,31,31,31,31,31,31,31,31,31,31,31,31,31,31,31,31,31
8,차룡8교(수위계),2022-05-24,31,31,31,31,0,31,31,31,31,31,31,30,31,31,31,31,31,31,31,31,31,31,31,31
8,차룡8교(수위계),2022-05-25,31,31,31,31,31,31,31,31,31,31,31,31,31,31,31,31,31,31,31,31,31,31,31,31
8,차룡8교(수위계),2022-05-26,31,31,31,31,31,31,31,31,31,31,31,31,31,31,31,31,31,31,31,31,31,31,31,31
8,차룡8교(수위계),2022-05-27,31,31,31,31,31,31,31,31,31,31,31,31,31,31,31,31,31,31,31,31,31,31,31,31
8,차룡8교(수위계),2022-05-28,31,31,31,31,31,31,31,31,31,0,0,0,0,0,31,31,31,31,31,31,31,31,31,31
8,차룡8교(수위계),2022-05-29,31,31,31,31,31,31,31,31,31,31,0,0,0,0,0,0,0,0,0,0,0,0,0,0
8,차룡8교(수위계),2022-05-30,0,0,31,31,31,31,31,31,31,31,31,31,31,31,31,31,31,31,31,31,31,31,31,31
8,차룡8교(수위계),2022-05-31,31,31,31,31,31,31,31,31,31,31,31,31,31,31,31,31,31,31,31,31,31,31,31,31
8,차룡8교(수위계),2022-06-01,31,31,31,31,31,31,31,31,31,31,31,31,31,31,31,31,31,31,31,31,31,31,31,31
8,차룡8교(수위계),2022-06-02,31,31,31,31,31,31,31,31,31,31,31,31,31,31,31,31,31,31,31,31,31,31,31,31
8,차룡8교(수위계),2022-06-03,31,31,31,31,31,31,31,31,31,31,31,31,31,31,31,31,31,31,31,31,31,31,31,31
8,차룡8교(수위계),2022-06-04,31,31,31,31,31,31,31,31,31,31,31,31,31,31,31,31,31,31,31,31,31,31,31,31
8,차룡8교(수위계),2022-06-05,31,31,31,31,31,31,31,31,31,31,31,31,31,31,31,31,31,34,43,39,36,33,36,33
8,차룡8교(수위계),2022-06-06,33,33,33,33,33,33,33,33,33,33,33,33,33,33,33,33,33,33,33,33,33,33,33,33
8,차룡8교(수위계),2022-06-07,33,33,33,33,33,33,33,33,33,33,33,33,33,33,33,33,33,33,33,33,33,33,33,33
8,차룡8교(수위계),2022-06-08,33,33,33,33,33,33,33,33,33,33,33,33,33,33,33,33,33,33,33,33,33,33,33,33
8,차룡8교(수위계),2022-06-09,33,33,33,33,33,33,33,33,33,33,33,33,33,33,33,33,33,33,33,33,33,33,33,33
8,차룡8교(수위계),2022-06-10,33,33,33,33,33,33,33,33,33,33,33,33,33,33,33,33,33,33,33,33,33,33,33,33
8,차룡8교(수위계),2022-06-11,33,33,33,33,33,33,33,33,33,33,33,33,33,33,33,33,33,33,33,33,33,33,33,33
8,차룡8교(수위계),2022-06-12,33,33,33,33,33,33,33,33,33,33,33,33,33,33,33,33,33,33,33,33,33,33,33,33
8,차룡8교(수위계),2022-06-13,33,33,33,33,33,33,33,33,33,33,33,33,33,33,33,33,33,33,33,33,33,33,33,33
8,차룡8교(수위계),2022-06-14,33,33,33,33,33,33,33,33,33,33,33,33,33,33,33,33,33,33,33,33,33,33,33,33
8,차룡8교(수위계),2022-06-15,33,33,33,33,33,33,33,33,33,33,33,33,33,33,33,33,33,33,33,33,33,33,33,33
8,차룡8교(수위계),2022-06-16,33,33,33,33,33,33,33,33,33,33,33,33,33,33,33,33,33,33,33,33,33,33,33,33
8,차룡8교(수위계),2022-06-17,33,33,33,33,33,33,33,33,33,33,33,33,33,33,33,33,33,33,33,33,33,33,33,33
8,차룡8교(수위계),2022-06-18,33,33,33,33,33,33,33,33,33,33,33,33,33,33,33,33,33,33,33,33,33,33,33,33
8,차룡8교(수위계),2022-06-19,33,33,33,33,33,33,33,33,33,33,33,33,33,33,33,33,33,33,33,33,33,33,33,33
8,차룡8교(수위계),2022-06-20,33,33,33,33,33,33,33,33,33,33,33,33,33,33,33,33,33,33,50,49,33,33,33,33
8,차룡8교(수위계),2022-06-21,33,33,33,33,33,33,33,33,33,33,33,33,33,33,33,33,33,33,33,33,33,33,33,33
8,차룡8교(수위계),2022-06-22,33,33,33,33,33,33,33,33,33,33,33,33,33,33,33,33,33,33,33,33,33,33,33,33
8,차룡8교(수위계),2022-06-23,33,33,33,33,33,33,33,33,33,33,33,33,33,33,33,33,33,33,33,33,33,33,33,33
8,차룡8교(수위계),2022-06-24,33,33,33,33,33,33,33,33,33,33,33,33,33,33,33,33,33,33,33,33,33,33,33,33
8,차룡8교(수위계),2022-06-25,33,33,33,33,33,33,33,33,33,33,33,33,33,33,33,33,33,33,33,33,33,33,33,33
8,차룡8교(수위계),2022-06-26,33,33,33,33,33,33,33,33,33,33,33,33,33,33,33,33,33,33,33,33,33,33,33,33
8,차룡8교(수위계),2022-06-27,33,33,33,33,33,33,66,38,32,33,33,33,33,33,52,32,33,39,33,35,33,32,32,32
8,차룡8교(수위계),2022-06-28,32,32,32,32,32,32,32,32,33,33,33,32,32,32,32,33,32,32,32,33,33,33,32,32
8,차룡8교(수위계),2022-06-29,32,32,32,32,32,32,32,32,32,66,45,43,72,27,32,32,32,32,32,32,32,31,31,31
8,차룡8교(수위계),2022-06-30,31,31,31,31,31,31,31,31,32,32,32,31,31,32,32,32,32,31,32,32,31,32,32,0
8,차룡8교(수위계),2022-07-01,31,31,31,31,31,31,31,31,32,31,32,32,31,31,31,31,32,32,32,31,31,31,32,31
8,차룡8교(수위계),2022-07-02,31,31,31,31,32,32,32,32,31,31,32,31,32,32,32,31,31,31,31,32,31,31,31,32
8,차룡8교(수위계),2022-07-03,31,31,31,31,31,31,31,31,32,31,32,31,31,31,31,32,32,32,31,31,31,31,31,31
8,차룡8교(수위계),2022-07-04,31,31,32,32,32,31,31,32,31,31,32,32,31,31,31,31,32,32,31,31,31,31,31,31
8,차룡8교(수위계),2022-07-05,31,31,31,31,31,31,31,32,31,31,32,31,31,31,31,31,31,31,32,31,31,31,31,31
8,차룡8교(수위계),2022-07-06,32,31,31,31,31,31,31,31,31,31,31,32,31,31,31,32,32,31,31,31,31,31,31,31
8,차룡8교(수위계),2022-07-07,31,31,31,31,31,31,31,31,31,31,31,31,31,31,31,31,31,31,31,31,31,31,31,31
8,차룡8교(수위계),2022-07-08,31,31,31,31,31,31,31,31,31,31,31,31,31,31,31,31,31,31,39,31,32,32,32,32
8,차룡8교(수위계),2022-07-09,32,32,32,32,32,32,32,32,32,32,32,32,32,32,32,32,32,32,32,32,32,32,32,32
8,차룡8교(수위계),2022-07-10,32,32,32,32,32,32,32,32,32,32,32,32,32,32,32,32,32,32,32,32,32,32,32,32
8,차룡8교(수위계),2022-07-11,32,32,32,32,32,32,32,32,32,32,32,32,52,45,32,32,32,32,32,32,32,32,32,32
8,차룡8교(수위계),2022-07-12,32,32,32,32,32,32,32,32,32,32,32,32,32,32,32,32,32,32,32,32,32,32,32,32
8,차룡8교(수위계),2022-07-13,32,32,32,32,32,32,32,32,32,32,32,32,32,32,32,32,32,32,32,32,32,32,32,32
8,차룡8교(수위계),2022-07-14,32,31,31,31,32,32,32,32,32,32,32,32,32,32,32,32,32,32,32,32,32,32,32,32
8,차룡8교(수위계),2022-07-15,32,32,32,32,32,32,32,32,32,32,32,32,32,32,32,32,32,32,32,32,32,32,32,32
8,차룡8교(수위계),2022-07-16,32,32,32,32,32,32,32,32,32,32,32,32,32,32,32,32,32,32,32,32,32,32,32,32
8,차룡8교(수위계),2022-07-17,32,32,32,32,32,32,32,32,32,32,31,32,32,32,32,32,32,32,32,32,32,32,32,32
8,차룡8교(수위계),2022-07-18,32,32,32,32,32,31,32,32,89,49,41,33,51,66,46,34,32,32,33,32,32,32,32,32
8,차룡8교(수위계),2022-07-19,32,32,32,32,32,32,32,32,32,32,32,32,32,32,32,32,32,32,32,32,32,32,32,32
8,차룡8교(수위계),2022-07-20,32,32,32,32,32,32,32,32,32,32,32,32,32,32,32,32,32,32,32,32,32,32,32,32
8,차룡8교(수위계),2022-07-21,32,32,32,32,32,32,32,32,32,32,32,32,32,32,32,32,32,32,32,32,32,32,32,32
8,차룡8교(수위계),2022-07-22,32,32,32,32,32,32,32,32,32,32,32,32,32,32,32,32,32,32,32,32,32,32,32,32
8,차룡8교(수위계),2022-07-23,32,32,32,32,32,32,32,32,32,32,32,32,32,32,32,32,32,32,32,32,32,32,32,32
8,차룡8교(수위계),2022-07-24,32,32,32,32,32,32,71,44,32,32,32,32,32,32,32,32,32,32,32,32,32,32,32,32
8,차룡8교(수위계),2022-07-25,32,32,32,32,32,32,32,32,32,32,32,32,32,32,32,32,32,32,32,32,32,32,32,32
8,차룡8교(수위계),2022-07-26,32,32,32,32,32,32,32,32,32,32,32,32,32,32,32,32,32,32,32,32,32,32,32,32
8,차룡8교(수위계),2022-07-27,32,32,32,32,32,32,32,32,32,32,32,32,32,32,32,32,32,32,32,32,32,32,32,32
8,차룡8교(수위계),2022-07-28,32,32,32,32,32,32,32,32,32,32,32,32,32,32,32,32,32,32,32,32,32,32,32,32
8,차룡8교(수위계),2022-07-29,32,32,32,32,32,32,32,32,32,32,32,32,32,32,32,32,32,32,32,32,32,32,32,32
8,차룡8교(수위계),2022-07-30,32,32,32,32,32,32,32,32,32,32,32,32,32,32,32,32,32,32,32,32,32,32,32,32
8,차룡8교(수위계),2022-07-31,32,32,32,32,32,32,32,32,32,32,32,32,32,32,32,32,32,32,32,32,32,32,32,32
8,차룡8교(수위계),2022-08-01,32,32,32,32,32,32,32,32,32,32,32,32,32,32,32,32,32,32,32,32,32,32,32,32
8,차룡8교(수위계),2022-08-02,32,32,32,32,32,32,54,31,32,32,32,32,32,32,32,32,32,32,32,32,32,32,32,32
8,차룡8교(수위계),2022-08-03,32,32,32,32,32,32,32,32,32,32,32,32,32,32,32,32,32,32,32,32,32,32,32,32
8,차룡8교(수위계),2022-08-04,32,32,32,32,32,32,32,32,32,32,32,32,32,32,32,32,32,32,32,32,32,32,32,32
8,차룡8교(수위계),2022-08-05,32,32,32,32,32,32,32,32,32,32,32,32,32,32,32,32,32,32,32,32,32,32,32,32
8,차룡8교(수위계),2022-08-06,32,32,32,32,32,32,32,32,32,32,32,32,32,32,32,32,32,32,32,32,32,32,32,32
8,차룡8교(수위계),2022-08-07,32,32,32,32,32,32,32,32,32,32,32,32,32,32,32,32,32,32,32,32,32,32,32,32
8,차룡8교(수위계),2022-08-08,32,32,32,32,32,32,32,32,32,32,32,32,32,32,32,32,32,32,32,32,32,32,32,32
8,차룡8교(수위계),2022-08-09,32,32,32,32,32,32,32,32,32,32,32,32,32,32,32,32,32,32,32,32,32,32,32,32
8,차룡8교(수위계),2022-08-10,32,32,32,32,32,32,32,32,32,32,32,32,32,32,32,32,32,32,32,32,32,32,32,32
8,차룡8교(수위계),2022-08-11,32,32,32,32,32,32,32,32,32,32,32,32,32,32,32,32,32,32,32,32,32,32,32,32
8,차룡8교(수위계),2022-08-12,32,32,32,32,32,32,32,32,32,32,32,32,32,32,32,32,32,32,32,32,32,32,32,32
8,차룡8교(수위계),2022-08-13,32,32,32,32,32,32,32,32,32,32,32,32,32,32,32,32,32,32,32,32,57,33,32,32
8,차룡8교(수위계),2022-08-14,32,32,32,32,32,32,32,32,31,31,31,31,31,31,32,31,32,31,31,32,31,31,31,31
8,차룡8교(수위계),2022-08-15,31,31,31,31,31,31,31,31,31,32,31,31,31,31,32,32,32,31,31,32,32,31,31,31
8,차룡8교(수위계),2022-08-16,31,31,31,31,31,31,31,31,31,31,31,31,31,31,31,31,31,31,32,32,31,31,31,31
8,차룡8교(수위계),2022-08-17,31,31,31,31,31,31,45,32,32,32,32,32,32,32,32,32,32,32,32,32,32,32,32,32
8,차룡8교(수위계),2022-08-18,32,32,32,32,32,32,32,32,32,32,32,32,32,32,32,32,32,32,32,32,32,32,32,32
8,차룡8교(수위계),2022-08-19,32,32,32,32,32,32,32,32,32,32,32,32,32,32,32,32,32,32,32,32,32,32,32,32
8,차룡8교(수위계),2022-08-20,32,32,32,32,32,32,32,32,32,32,32,32,32,32,165,74,33,32,32,32,32,32,32,32
8,차룡8교(수위계),2022-08-21,32,32,32,32,32,32,32,32,32,32,32,32,32,32,32,32,32,32,32,32,32,32,32,32
8,차룡8교(수위계),2022-08-22,32,32,32,32,32,32,32,32,32,32,32,32,32,32,32,32,32,32,32,32,32,32,32,32
8,차룡8교(수위계),2022-08-23,32,32,32,32,32,32,32,32,32,32,32,32,32,32,32,32,32,32,32,32,32,32,32,32
8,차룡8교(수위계),2022-08-24,32,32,32,32,32,32,32,32,32,32,62,50,33,33,33,33,33,33,33,33,33,33,33,33
8,차룡8교(수위계),2022-08-25,33,33,33,33,33,33,33,33,33,33,33,33,33,33,33,33,33,33,33,33,33,33,33,33
8,차룡8교(수위계),2022-08-26,33,33,33,33,33,33,33,33,33,33,33,33,33,33,33,33,33,33,33,33,33,33,33,155
8,차룡8교(수위계),2022-08-27,33,33,33,33,33,33,33,33,33,33,33,33,33,33,33,33,34,33,33,33,33,33,33,33
8,차룡8교(수위계),2022-08-28,33,33,33,33,33,33,33,33,33,33,33,33,33,33,33,33,33,33,33,33,33,33,33,33
8,차룡8교(수위계),2022-08-29,33,33,33,33,33,33,33,33,33,33,33,33,33,33,33,33,33,33,33,33,33,33,33,33
8,차룡8교(수위계),2022-08-30,33,33,33,33,33,33,33,33,33,33,33,33,33,33,33,33,33,57,33,33,33,33,33,33
8,차룡8교(수위계),2022-08-31,33,33,33,33,33,33,33,33,33,35,32,32,32,32,32,32,32,32,32,32,32,161,32,32
8,차룡8교(수위계),2022-09-01,32,32,32,32,32,32,32,32,32,32,32,32,32,32,32,32,32,32,32,32,32,32,32,32
8,차룡8교(수위계),2022-09-02,32,32,32,32,32,32,32,32,32,32,32,32,32,32,32,32,32,32,32,32,32,32,32,32
8,차룡8교(수위계),2022-09-03,32,32,32,32,32,32,32,32,32,32,32,32,32,32,32,32,32,32,32,32,32,32,32,32
8,차룡8교(수위계),2022-09-04,32,32,32,32,32,32,32,32,32,32,32,32,32,32,32,32,32,32,32,32,32,32,32,32
8,차룡8교(수위계),2022-09-05,32,32,32,32,32,32,32,32,32,32,32,32,32,32,32,32,32,32,32,32,32,32,32,60
8,차룡8교(수위계),2022-09-06,65,54,57,81,129,182,149,88,69,57,48,42,38,33,32,33,33,33,33,34,33,34,33,33
8,차룡8교(수위계),2022-09-07,33,33,33,33,33,33,33,33,33,33,33,33,33,33,34,34,33,33,34,34,33,33,33,33
8,차룡8교(수위계),2022-09-08,33,33,33,33,33,33,33,33,33,33,33,33,33,33,33,33,33,33,33,33,33,33,33,33
8,차룡8교(수위계),2022-09-09,33,33,33,33,33,33,33,33,33,33,33,33,33,33,33,33,33,33,33,33,33,33,33,33
8,차룡8교(수위계),2022-09-10,33,33,33,33,33,33,33,33,33,33,33,33,33,33,33,33,33,33,33,33,33,33,33,33
8,차룡8교(수위계),2022-09-11,33,33,33,33,33,33,33,33,33,33,33,33,33,33,33,33,33,33,33,33,33,33,33,33
8,차룡8교(수위계),2022-09-12,33,33,33,33,33,33,33,33,33,33,33,33,33,33,33,33,33,33,33,33,33,33,33,33
8,차룡8교(수위계),2022-09-13,33,33,33,33,33,33,33,33,33,33,33,33,33,33,33,33,33,33,33,33,33,33,33,33
8,차룡8교(수위계),2022-09-14,33,33,33,33,33,33,33,33,33,33,33,33,33,33,33,33,33,33,33,33,33,33,33,33
8,차룡8교(수위계),2022-09-15,33,33,33,33,33,33,33,33,33,33,33,33,33,33,33,33,33,33,33,33,33,33,33,33
8,차룡8교(수위계),2022-09-16,33,33,33,33,33,33,33,33,33,33,33,33,33,33,33,33,33,33,33,33,33,33,33,33
8,차룡8교(수위계),2022-09-17,33,33,33,33,33,33,33,33,33,33,33,33,33,33,33,33,33,33,33,33,33,33,33,33
8,차룡8교(수위계),2022-09-18,33,33,33,33,33,33,33,33,33,33,33,33,33,33,33,33,33,33,33,33,33,33,33,33
8,차룡8교(수위계),2022-09-19,33,33,33,33,33,33,33,33,33,33,0,33,0,0,0,0,0,0,0,0,0,0,0,0
8,차룡8교(수위계),2022-09-20,0,0,0,0,0,0,0,0,0,33,33,33,33,33,33,33,33,33,33,33,33,33,33,33
8,차룡8교(수위계),2022-09-21,33,33,33,33,33,33,33,33,33,33,33,33,33,33,33,33,33,33,33,33,33,33,33,33
8,차룡8교(수위계),2022-09-22,33,33,33,33,33,33,33,33,33,33,33,33,33,33,33,33,33,33,33,33,33,33,33,33
8,차룡8교(수위계),2022-09-23,33,33,33,33,33,33,33,33,33,33,33,33,33,33,33,33,33,33,33,33,33,33,33,33
8,차룡8교(수위계),2022-09-24,33,33,33,33,33,33,33,33,33,33,33,33,33,33,33,33,33,33,33,33,29,33,33,33
8,차룡8교(수위계),2022-09-25,33,33,33,33,33,0,33,33,33,33,33,33,33,33,33,33,33,33,33,33,33,33,33,33
8,차룡8교(수위계),2022-09-26,33,33,33,33,33,33,29,33,33,33,33,33,33,33,33,33,33,33,33,33,33,30,33,23
8,차룡8교(수위계),2022-09-27,33,30,30,33,33,33,33,33,33,33,26,33,33,33,33,33,30,23,33,33,33,33,33,33
8,차룡8교(수위계),2022-09-28,33,33,33,33,33,33,33,33,33,33,33,33,33,33,33,33,33,33,33,33,33,33,33,33
8,차룡8교(수위계),2022-09-29,33,33,33,33,33,33,33,33,33,33,33,33,33,33,33,33,33,33,33,33,33,33,33,33
8,차룡8교(수위계),2022-09-30,33,33,33,33,33,33,33,33,33,33,33,33,33,33,33,33,33,33,33,33,33,33,33,0
8,차룡8교(수위계),2022-10-01,33,33,33,33,33,33,33,33,33,33,33,33,26,17,17,33,33,33,33,33,33,33,33,33
8,차룡8교(수위계),2022-10-02,33,33,33,33,33,33,33,33,33,33,33,33,33,33,33,33,33,33,33,33,33,33,33,33
8,차룡8교(수위계),2022-10-03,33,33,33,33,33,33,33,33,33,33,33,33,33,33,33,33,33,33,33,33,33,33,33,33
8,차룡8교(수위계),2022-10-04,33,33,33,33,33,33,33,33,33,33,33,46,33,33,33,33,33,33,34,33,33,33,33,33
8,차룡8교(수위계),2022-10-05,33,34,34,33,33,33,33,33,33,33,33,33,33,33,33,33,33,33,34,33,33,33,33,33
8,차룡8교(수위계),2022-10-06,33,33,33,33,33,33,33,33,33,33,33,33,33,33,33,33,33,33,33,33,33,33,33,33
8,차룡8교(수위계),2022-10-07,33,33,9321,33,23,33,33,33,33,33,33,33,33,33,33,33,33,33,33,33,33,33,33,33
8,차룡8교(수위계),2022-10-08,33,30,30,33,33,33,26,33,33,33,33,33,33,33,33,33,33,33,33,33,33,33,33,33
8,차룡8교(수위계),2022-10-09,33,33,33,33,33,33,33,33,33,33,33,33,33,33,33,33,33,33,33,33,33,33,33,33
8,차룡8교(수위계),2022-10-10,33,33,33,33,33,33,33,33,33,33,33,33,33,33,33,33,33,33,33,33,33,33,33,33
8,차룡8교(수위계),2022-10-11,33,33,33,33,33,33,33,33,33,33,33,33,33,33,33,33,33,33,33,33,33,33,33,33
8,차룡8교(수위계),2022-10-12,33,33,33,33,33,33,33,33,33,33,33,33,33,33,33,33,33,33,33,33,33,33,33,33
8,차룡8교(수위계),2022-10-13,33,33,33,33,33,33,33,33,33,33,33,33,33,33,33,33,33,34,33,33,33,33,33,33
8,차룡8교(수위계),2022-10-14,33,33,33,33,33,33,33,33,33,33,33,33,33,33,33,33,33,33,33,33,33,33,33,33
8,차룡8교(수위계),2022-10-15,33,33,33,33,33,33,33,33,33,33,33,33,33,33,33,33,33,33,33,33,33,33,33,33
8,차룡8교(수위계),2022-10-16,33,33,33,33,33,33,33,33,33,33,33,33,33,33,33,33,33,33,33,33,33,33,33,33
8,차룡8교(수위계),2022-10-17,33,33,33,33,33,33,33,33,33,33,33,33,33,33,33,33,33,33,33,33,33,33,33,33
8,차룡8교(수위계),2022-10-18,33,33,33,33,33,33,33,33,33,33,33,33,33,33,33,33,33,33,33,33,33,33,33,33
8,차룡8교(수위계),2022-10-19,33,33,33,33,33,33,33,33,33,33,33,33,33,33,33,33,33,33,33,33,33,33,33,33
8,차룡8교(수위계),2022-10-20,33,33,33,33,33,33,33,33,33,33,33,33,33,33,33,33,33,33,33,33,33,33,33,33
8,차룡8교(수위계),2022-10-21,33,33,33,33,33,33,33,33,33,33,33,33,33,33,33,33,33,33,33,33,33,33,33,33
8,차룡8교(수위계),2022-10-22,33,33,33,33,33,33,33,33,33,33,33,33,33,33,33,33,33,33,33,33,33,33,33,33
8,차룡8교(수위계),2022-10-23,33,33,33,33,33,33,33,30,33,33,33,33,33,33,33,33,33,33,33,33,33,33,33,33
8,차룡8교(수위계),2022-10-24,33,33,33,33,33,33,33,33,33,33,33,33,33,33,33,33,33,33,33,33,33,33,33,33
8,차룡8교(수위계),2022-10-25,33,33,33,33,33,33,33,33,33,33,33,33,33,33,33,33,33,33,33,33,33,33,33,33
8,차룡8교(수위계),2022-10-26,33,33,33,33,33,33,33,33,33,33,33,33,33,33,33,33,33,33,33,33,33,33,33,33
8,차룡8교(수위계),2022-10-27,33,33,33,33,33,33,33,33,33,33,33,33,33,33,33,33,33,33,33,33,33,33,33,33
8,차룡8교(수위계),2022-10-28,33,33,33,33,33,33,33,33,33,33,33,33,33,33,33,33,33,33,33,33,33,33,33,33
8,차룡8교(수위계),2022-10-29,33,33,33,33,33,33,33,33,33,33,33,33,33,33,33,33,33,33,33,33,33,33,33,33
8,차룡8교(수위계),2022-10-30,33,33,33,33,33,33,33,33,33,33,33,33,33,33,33,33,33,33,33,33,33,33,33,33
8,차룡8교(수위계),2022-10-31,33,33,33,33,33,33,33,33,33,33,33,33,33,33,33,33,33,33,33,33,33,33,33,33
8,차룡8교(수위계),2022-11-01,33,33,33,33,33,33,33,33,33,33,33,33,33,33,33,33,33,33,33,33,33,33,33,33
8,차룡8교(수위계),2022-11-02,33,33,33,33,33,33,33,33,33,33,33,33,33,33,33,33,33,33,33,33,33,33,33,33
8,차룡8교(수위계),2022-11-03,33,33,33,33,33,33,33,33,33,33,33,33,33,33,33,33,33,33,33,33,33,33,33,33
8,차룡8교(수위계),2022-11-04,33,33,33,33,33,33,33,33,33,33,33,33,33,33,33,33,33,33,33,33,33,33,33,33
8,차룡8교(수위계),2022-11-05,33,33,33,33,33,33,33,33,33,33,33,33,33,33,33,33,33,33,33,33,33,33,33,33
8,차룡8교(수위계),2022-11-06,33,33,33,33,33,33,33,33,33,33,33,33,33,33,33,33,33,33,33,33,33,33,33,33
8,차룡8교(수위계),2022-11-07,33,33,33,33,33,33,33,33,33,33,33,33,33,33,33,33,33,33,33,33,33,33,33,33
8,차룡8교(수위계),2022-11-08,33,33,33,33,33,33,33,33,33,33,33,33,33,33,33,33,33,33,33,33,33,33,33,33
8,차룡8교(수위계),2022-11-09,33,33,33,33,33,33,33,33,33,33,33,33,33,33,33,33,33,33,33,33,33,33,33,33
8,차룡8교(수위계),2022-11-10,33,33,33,33,33,33,33,33,33,33,33,33,33,33,33,33,33,33,33,33,33,33,33,33
8,차룡8교(수위계),2022-11-11,33,33,33,33,33,33,33,33,33,33,33,33,33,33,33,33,33,33,33,33,33,33,33,33
8,차룡8교(수위계),2022-11-12,33,33,33,33,33,33,33,33,33,33,33,33,33,33,33,33,33,33,33,33,33,33,33,33
8,차룡8교(수위계),2022-11-13,33,33,33,33,33,33,33,33,33,33,33,33,33,33,33,33,33,33,33,33,33,33,33,33
8,차룡8교(수위계),2022-11-14,33,33,33,33,33,33,33,33,33,33,33,33,33,33,33,33,33,33,33,33,33,33,33,33
8,차룡8교(수위계),2022-11-15,33,33,33,33,33,33,33,33,33,33,33,33,33,33,33,33,33,33,33,33,33,33,33,33
8,차룡8교(수위계),2022-11-16,33,33,33,33,33,33,33,33,33,33,33,33,33,33,33,33,33,33,33,33,33,33,33,33
8,차룡8교(수위계),2022-11-17,33,33,33,33,33,33,33,33,33,33,33,33,33,33,33,33,33,33,33,33,33,33,33,33
8,차룡8교(수위계),2022-11-18,33,33,33,33,33,33,33,33,33,33,33,33,33,33,33,33,33,33,33,33,33,33,33,33
8,차룡8교(수위계),2022-11-19,33,33,33,33,33,33,33,33,33,33,33,33,33,33,33,33,33,33,33,33,33,33,33,33
8,차룡8교(수위계),2022-11-20,33,33,33,33,33,33,33,33,33,33,33,33,33,396,17,395,395,411,0,0,33,33,33,33
8,차룡8교(수위계),2022-11-21,33,33,33,33,33,33,33,33,33,33,33,33,33,33,33,33,33,33,33,33,33,33,33,33
8,차룡8교(수위계),2022-11-22,33,33,33,33,33,33,33,33,33,33,33,33,33,33,33,33,33,33,33,33,33,33,33,33
8,차룡8교(수위계),2022-11-23,33,33,33,33,33,33,33,33,33,33,33,33,33,33,33,33,33,33,33,33,33,33,33,33
8,차룡8교(수위계),2022-11-24,33,33,33,33,33,33,33,33,33,33,33,33,33,33,33,33,33,33,33,33,33,33,33,33
8,차룡8교(수위계),2022-11-25,33,33,33,33,33,33,33,33,33,33,33,33,33,33,33,33,33,33,33,33,33,33,33,33
8,차룡8교(수위계),2022-11-26,33,33,33,33,33,33,33,33,33,33,33,33,33,33,33,33,33,33,33,33,33,33,33,33
8,차룡8교(수위계),2022-11-27,33,33,33,33,33,33,33,33,33,33,33,33,33,33,33,33,33,33,33,33,33,33,33,33
8,차룡8교(수위계),2022-11-28,33,33,33,33,33,33,33,33,33,33,33,33,33,33,33,33,33,33,33,33,33,33,33,33
8,차룡8교(수위계),2022-11-29,33,43,32,32,32,32,32,32,32,32,32,32,32,32,32,32,32,32,32,32,32,32,32,32
8,차룡8교(수위계),2022-11-30,32,31,32,32,32,31,32,32,32,32,32,32,32,32,32,32,32,32,32,32,32,32,32,0
8,차룡8교(수위계),2022-12-01,32,32,32,32,32,32,32,32,32,32,32,31,32,32,32,32,32,32,32,32,31,31,31,32
8,차룡8교(수위계),2022-12-02,32,32,32,32,32,32,32,32,32,31,32,31,32,32,32,32,32,32,32,32,32,32,32,32
8,차룡8교(수위계),2022-12-03,32,32,32,32,32,32,32,32,32,32,32,32,32,32,32,32,32,32,32,32,32,32,32,32
8,차룡8교(수위계),2022-12-04,32,32,32,32,32,32,32,32,32,32,32,32,32,32,31,32,32,32,32,31,32,32,32,32
8,차룡8교(수위계),2022-12-05,32,32,32,32,32,32,32,32,32,32,32,32,32,32,32,31,32,32,32,32,32,32,32,32
8,차룡8교(수위계),2022-12-06,32,32,32,32,32,32,32,32,32,32,32,32,32,32,32,32,32,32,32,32,32,32,32,32
8,차룡8교(수위계),2022-12-07,32,32,31,31,32,32,32,32,32,32,31,31,32,32,32,32,32,32,32,32,32,32,31,32
8,차룡8교(수위계),2022-12-08,32,32,32,32,32,32,32,32,32,31,31,32,32,31,32,32,32,32,32,32,32,32,31,32
8,차룡8교(수위계),2022-12-09,32,32,32,31,32,32,32,32,32,32,32,32,31,32,32,32,32,32,32,32,32,32,31,32
8,차룡8교(수위계),2022-12-10,32,32,32,32,31,31,32,32,32,32,31,31,32,32,32,32,32,32,32,31,31,32,32,32
8,차룡8교(수위계),2022-12-11,32,32,32,31,32,32,32,32,32,32,32,32,32,32,31,32,31,32,32,31,32,32,32,32
8,차룡8교(수위계),2022-12-12,32,32,31,32,32,32,32,32,32,32,32,32,32,32,32,32,32,32,31,32,32,32,32,32
8,차룡8교(수위계),2022-12-13,32,32,32,32,32,31,31,32,32,32,31,32,32,32,32,32,32,31,32,32,32,32,32,32
8,차룡8교(수위계),2022-12-14,31,32,32,32,32,32,32,32,32,32,31,32,32,32,32,31,31,32,32,32,32,32,32,32
8,차룡8교(수위계),2022-12-15,31,32,32,32,32,32,32,32,32,32,32,32,31,32,32,32,32,32,32,32,32,31,31,31
8,차룡8교(수위계),2022-12-16,32,32,32,32,32,32,32,32,32,32,32,31,32,32,32,32,32,32,32,32,32,32,32,32
8,차룡8교(수위계),2022-12-17,32,32,32,32,31,31,31,32,32,32,31,32,32,31,32,32,31,32,32,31,32,32,32,32
8,차룡8교(수위계),2022-12-18,32,32,32,31,32,32,32,32,32,32,32,32,32,32,32,32,32,31,32,32,32,32,32,32
8,차룡8교(수위계),2022-12-19,32,32,32,32,32,32,32,32,32,32,32,32,32,32,32,32,32,32,32,32,32,32,32,32
8,차룡8교(수위계),2022-12-20,32,32,31,31,31,32,32,32,32,32,32,32,32,32,32,32,31,32,32,32,32,31,32,32
8,차룡8교(수위계),2022-12-21,32,32,32,31,31,31,31,31,31,31,31,32,32,32,32,31,31,31,31,31,32,32,32,32
8,차룡8교(수위계),2022-12-22,31,31,31,31,31,31,31,31,31,31,32,32,32,32,31,31,32,32,31,32,32,32,32,32
8,차룡8교(수위계),2022-12-23,32,31,31,31,31,32,32,32,32,31,32,32,31,31,32,32,31,32,32,32,32,32,32,32
8,차룡8교(수위계),2022-12-24,31,31,31,32,32,32,32,32,32,32,32,32,32,32,32,31,32,32,32,31,32,32,32,32
8,차룡8교(수위계),2022-12-25,31,31,31,32,32,32,32,32,32,32,32,32,31,32,32,32,32,31,32,32,31,31,32,32
8,차룡8교(수위계),2022-12-26,32,32,31,31,31,31,32,32,32,32,31,32,31,31,32,32,32,32,31,32,31,31,31,31
8,차룡8교(수위계),2022-12-27,31,31,32,32,32,32,32,31,31,32,32,31,32,32,31,32,32,31,31,32,31,31,32,32
8,차룡8교(수위계),2022-12-28,32,32,32,32,32,31,31,31,32,32,32,32,31,32,31,31,31,31,32,31,32,32,31,31
8,차룡8교(수위계),2022-12-29,32,32,31,31,31,32,32,32,32,31,32,31,31,32,31,31,31,32,31,32,31,31,31,31
8,차룡8교(수위계),2022-12-30,31,31,32,32,32,31,31,31,31,32,31,31,31,32,31,31,31,31,31,32,32,31,31,31
8,차룡8교(수위계),2022-12-31,32,32,32,32,32,32,31,31,31,31,31,31,32,31,31,32,32,31,32,31,31,31,31,0
8,차룡8교(수위계),2023-01-01,32,32,32,32,32,31,31,31,31,32,31,31,32,31,31,32,32,31,32,31,31,31,31,32
8,차룡8교(수위계),2023-01-02,31,32,32,32,32,32,32,31,31,32,32,31,32,31,31,31,31,32,31,31,32,32,31,31
8,차룡8교(수위계),2023-01-03,31,31,31,31,31,31,31,31,31,31,32,31,31,32,31,31,31,32,31,32,31,31,31,31
8,차룡8교(수위계),2023-01-04,31,31,31,31,31,31,32,32,32,31,32,31,32,31,32,32,31,31,32,31,32,31,31,31
8,차룡8교(수위계),2023-01-05,32,32,32,32,32,32,31,31,32,32,31,32,31,32,31,31,32,31,32,31,32,32,31,31
8,차룡8교(수위계),2023-01-06,31,31,31,31,31,32,32,32,32,31,31,31,31,32,31,31,32,31,31,32,31,32,32,32
8,차룡8교(수위계),2023-01-07,32,32,32,32,32,32,32,32,31,31,32,31,31,32,32,32,32,31,31,32,31,31,32,32
8,차룡8교(수위계),2023-01-08,31,31,31,32,32,32,32,32,31,31,32,31,31,32,31,32,32,31,31,32,31,32,32,31
8,차룡8교(수위계),2023-01-09,31,31,31,31,32,32,32,32,32,31,32,32,32,32,31,31,31,31,31,31,32,31,32,31
8,차룡8교(수위계),2023-01-10,31,31,32,32,31,31,31,32,32,31,31,31,32,31,32,31,31,32,32,31,31,32,31,31
8,차룡8교(수위계),2023-01-11,31,32,31,31,31,31,31,31,31,31,31,31,31,32,31,31,32,31,31,32,31,32,31,31
8,차룡8교(수위계),2023-01-12,32,32,32,31,31,31,31,31,31,31,31,31,31,31,32,32,31,31,32,31,31,31,31,31
8,차룡8교(수위계),2023-01-13,31,31,31,31,31,32,32,32,33,47,55,52,32,32,32,32,33,33,32,32,32,32,33,33
8,차룡8교(수위계),2023-01-14,32,32,32,32,32,32,32,32,32,32,32,32,32,32,32,32,33,33,33,33,32,32,32,32
8,차룡8교(수위계),2023-01-15,32,32,32,32,32,32,32,32,32,32,32,32,32,32,32,32,32,32,33,33,32,32,32,33
8,차룡8교(수위계),2023-01-16,33,32,32,32,32,32,32,32,32,32,32,33,32,32,33,33,32,33,32,32,33,32,32,32
8,차룡8교(수위계),2023-01-17,33,33,33,33,33,33,33,33,32,33,32,33,32,32,32,33,33,33,32,32,33,33,32,32
8,차룡8교(수위계),2023-01-18,32,32,32,32,33,33,33,33,33,32,33,32,32,33,32,32,32,32,33,32,33,32,32,32
8,차룡8교(수위계),2023-01-19,32,32,33,33,33,33,32,32,33,32,33,32,32,33,32,33,33,32,33,32,33,32,32,32
8,차룡8교(수위계),2023-01-20,32,32,32,32,33,33,32,32,32,33,32,33,32,32,32,32,32,33,32,32,33,32,32,32
8,차룡8교(수위계),2023-01-21,32,32,33,32,32,32,32,32,32,32,32,33,32,32,33,32,32,33,32,33,32,32,33,33
8,차룡8교(수위계),2023-01-22,33,33,33,33,32,32,33,33,33,32,32,32,33,32,32,32,32,32,32,32,32,33,33,33
8,차룡8교(수위계),2023-01-23,32,32,32,32,33,33,33,33,33,32,33,33,32,33,32,32,32,32,32,32,33,32,32,32
8,차룡8교(수위계),2023-01-24,32,32,32,33,32,32,32,33,32,32,32,32,32,32,32,32,32,32,33,33,33,32,32,32
8,차룡8교(수위계),2023-01-25,33,33,33,33,33,33,33,33,33,33,33,33,33,33,33,33,33,34,33,34,33,33,33,34
8,차룡8교(수위계),2023-01-26,33,33,33,34,34,34,34,34,33,34,34,34,34,34,34,34,34,34,34,34,34,34,34,34
8,차룡8교(수위계),2023-01-27,34,34,34,34,34,34,34,34,34,34,34,34,34,34,34,34,34,34,34,34,34,34,34,34
8,차룡8교(수위계),2023-01-28,33,34,34,34,34,34,34,34,34,34,34,34,34,34,34,34,34,34,34,34,34,34,34,34
8,차룡8교(수위계),2023-01-29,34,34,34,34,34,34,34,34,34,34,34,34,34,34,34,34,34,34,34,34,34,34,34,34
8,차룡8교(수위계),2023-01-30,34,34,34,34,34,34,34,34,34,34,34,34,34,34,34,34,34,34,34,34,34,34,34,34
8,차룡8교(수위계),2023-01-31,34,34,34,33,33,33,34,34,34,34,34,33,34,34,33,34,34,34,33,34,33,34,34,33
8,차룡8교(수위계),2023-02-01,33,33,33,33,33,33,33,33,33,33,33,33,33,33,33,32,32,32,32,32,32,32,32,32
8,차룡8교(수위계),2023-02-02,32,32,32,32,32,32,32,32,32,32,32,32,32,32,32,32,32,32,32,32,32,32,32,32
8,차룡8교(수위계),2023-02-03,32,32,32,32,32,32,32,32,32,32,32,32,32,32,32,32,32,32,32,32,32,32,32,32
8,차룡8교(수위계),2023-02-04,32,32,32,32,32,32,32,32,32,32,32,32,32,32,32,32,32,32,32,32,32,32,32,32
8,차룡8교(수위계),2023-02-05,32,32,32,32,32,32,32,32,32,32,32,32,32,32,32,32,32,32,32,32,32,32,32,32
8,차룡8교(수위계),2023-02-06,32,32,32,32,32,32,32,32,32,32,32,32,32,32,32,32,32,32,32,32,32,32,32,32
8,차룡8교(수위계),2023-02-07,32,32,32,32,32,32,32,32,32,32,32,32,32,32,32,32,32,32,32,32,32,32,32,32
8,차룡8교(수위계),2023-02-08,32,32,32,32,32,32,32,32,32,32,32,32,32,32,32,32,32,32,32,32,32,32,32,32
8,차룡8교(수위계),2023-02-09,32,32,32,32,32,32,32,32,32,32,32,32,32,32,32,32,32,32,32,32,32,32,32,32
8,차룡8교(수위계),2023-02-10,32,32,32,32,32,32,32,32,32,32,32,32,32,32,32,32,32,32,32,32,32,32,32,32
8,차룡8교(수위계),2023-02-11,32,32,32,32,32,32,32,32,32,32,32,32,32,32,32,32,32,32,32,32,32,32,32,32
8,차룡8교(수위계),2023-02-12,32,32,32,32,32,32,32,32,32,32,32,32,32,32,32,32,32,32,32,32,32,32,32,32
8,차룡8교(수위계),2023-02-13,32,32,32,32,32,32,32,32,32,32,32,32,32,32,32,32,32,32,32,32,32,32,32,32
8,차룡8교(수위계),2023-02-14,32,32,32,32,32,32,32,32,32,32,32,32,32,32,32,32,32,32,32,32,32,32,32,32
8,차룡8교(수위계),2023-02-15,32,32,32,32,32,32,32,32,32,32,32,32,32,32,32,32,32,32,32,32,32,32,32,32
8,차룡8교(수위계),2023-02-16,32,32,32,32,32,32,32,32,32,32,32,32,32,32,32,32,32,32,32,32,32,32,32,32
8,차룡8교(수위계),2023-02-17,32,32,32,32,32,32,32,32,32,32,32,32,32,32,32,32,32,32,32,32,32,32,32,32
8,차룡8교(수위계),2023-02-18,32,32,32,32,32,32,32,32,32,32,32,32,32,32,32,32,32,32,32,32,32,32,32,32
8,차룡8교(수위계),2023-02-19,32,32,32,32,32,32,32,32,32,32,32,32,32,32,32,32,32,32,32,32,32,32,32,32
8,차룡8교(수위계),2023-02-20,32,32,32,32,32,32,32,32,32,32,32,32,32,32,32,32,32,32,32,32,32,32,32,32
8,차룡8교(수위계),2023-02-21,32,32,32,32,32,32,32,32,32,32,32,32,32,32,32,32,32,32,32,32,32,32,32,32
8,차룡8교(수위계),2023-02-22,32,32,32,32,32,32,32,32,32,32,32,32,32,32,32,32,32,32,32,32,32,32,32,32
8,차룡8교(수위계),2023-02-23,32,32,32,32,32,32,32,32,32,32,32,32,32,32,32,32,32,32,32,32,32,32,32,32
8,차룡8교(수위계),2023-02-24,32,32,32,32,32,32,32,32,32,32,32,32,32,32,32,32,32,32,32,32,32,32,32,32
8,차룡8교(수위계),2023-02-25,32,32,32,32,32,32,32,32,32,32,32,32,32,32,32,32,32,32,32,32,32,32,32,32
8,차룡8교(수위계),2023-02-26,32,32,32,32,32,32,32,32,32,32,32,32,32,32,32,32,32,32,32,32,32,32,32,32
8,차룡8교(수위계),2023-02-27,32,32,32,32,32,32,32,32,32,32,32,32,32,32,32,32,32,32,32,32,32,32,32,32
8,차룡8교(수위계),2023-02-28,32,32,32,32,32,32,32,32,32,32,32,32,32,32,32,32,32,32,32,32,32,32,32,30
8,차룡8교(수위계),2023-03-01,32,32,32,32,32,32,32,32,32,32,32,32,32,32,32,32,32,32,32,32,32,32,32,32
8,차룡8교(수위계),2023-03-02,32,32,32,32,32,32,32,32,32,32,32,32,32,32,32,32,32,32,32,32,32,32,32,32
8,차룡8교(수위계),2023-03-03,32,32,32,32,32,32,32,32,32,32,32,32,32,32,32,32,32,32,32,32,32,32,32,32
8,차룡8교(수위계),2023-03-04,32,32,32,32,32,32,32,32,32,32,32,32,32,32,32,32,32,32,32,32,32,32,32,32
8,차룡8교(수위계),2023-03-05,32,32,32,32,32,32,32,32,32,32,32,32,32,32,32,32,32,32,32,32,32,32,32,32
8,차룡8교(수위계),2023-03-06,32,32,32,32,32,32,32,32,32,32,32,32,32,32,32,32,32,32,32,32,32,32,32,32
8,차룡8교(수위계),2023-03-07,32,32,32,32,32,32,32,32,32,32,32,32,32,32,32,32,32,32,32,32,32,32,32,32
8,차룡8교(수위계),2023-03-08,32,32,32,32,32,32,32,32,32,32,32,32,32,32,32,32,32,32,32,32,32,32,32,32
8,차룡8교(수위계),2023-03-09,32,32,32,32,32,32,32,32,32,32,32,32,32,32,32,32,32,32,32,32,32,32,32,32
8,차룡8교(수위계),2023-03-10,32,32,32,32,32,32,32,32,32,32,32,32,32,32,32,32,32,32,32,32,32,32,32,32
8,차룡8교(수위계),2023-03-11,32,32,32,32,32,32,32,32,32,32,32,32,32,32,32,32,32,32,32,32,32,32,32,32
8,차룡8교(수위계),2023-03-12,32,32,32,32,32,32,32,32,32,32,32,32,32,32,32,32,32,32,32,32,32,32,32,32
8,차룡8교(수위계),2023-03-13,32,32,32,32,32,32,32,32,32,32,32,32,32,32,32,32,32,32,32,32,32,32,32,32
8,차룡8교(수위계),2023-03-14,32,32,32,32,32,32,32,32,32,32,32,32,32,32,32,32,32,32,32,32,32,32,32,32
8,차룡8교(수위계),2023-03-15,32,32,32,32,32,32,32,32,32,32,32,32,32,32,32,32,32,32,32,32,32,32,32,32
8,차룡8교(수위계),2023-03-16,32,32,32,32,32,32,32,32,32,32,32,32,32,32,32,32,32,32,32,32,32,32,32,32
8,차룡8교(수위계),2023-03-17,32,32,32,32,32,32,32,32,32,32,32,32,32,32,32,32,32,32,32,32,32,32,32,32
8,차룡8교(수위계),2023-03-18,32,32,32,32,32,32,32,32,32,32,32,32,32,32,32,32,32,32,32,32,32,32,32,32
8,차룡8교(수위계),2023-03-19,32,32,32,32,32,32,32,32,32,32,32,32,32,32,32,32,32,32,32,32,32,32,32,32
8,차룡8교(수위계),2023-03-20,32,32,32,32,32,32,32,32,32,32,32,32,32,32,32,32,32,32,32,32,32,32,32,32
8,차룡8교(수위계),2023-03-21,32,32,32,32,32,32,32,32,32,32,32,32,32,32,32,32,32,32,32,32,32,32,32,32
8,차룡8교(수위계),2023-03-22,32,32,32,32,32,32,32,32,32,32,32,32,32,32,32,32,32,32,32,32,32,32,32,32
8,차룡8교(수위계),2023-03-23,32,32,32,32,32,32,32,32,32,32,36,31,31,31,31,31,31,31,32,31,31,31,31,31
8,차룡8교(수위계),2023-03-24,31,31,31,31,31,31,31,32,32,32,32,32,32,31,31,31,31,31,32,31,31,31,32,32
8,차룡8교(수위계),2023-03-25,32,32,32,32,32,31,31,31,32,32,31,31,31,32,32,32,31,31,31,32,31,31,31,31
8,차룡8교(수위계),2023-03-26,31,32,32,32,32,32,31,31,32,32,31,31,31,31,32,31,31,31,31,31,31,31,32,31
8,차룡8교(수위계),2023-03-27,31,31,31,32,32,31,31,31,31,31,32,31,31,31,32,31,31,31,31,31,31,31,32,31
8,차룡8교(수위계),2023-03-28,31,32,31,31,31,31,31,31,31,31,31,31,31,31,31,31,31,31,31,31,32,31,31,32
8,차룡8교(수위계),2023-03-29,31,31,31,31,32,32,32,32,31,32,31,31,31,31,31,31,31,31,31,31,31,31,31,31
8,차룡8교(수위계),2023-03-30,32,31,31,31,31,31,32,32,31,32,31,31,31,32,31,31,31,32,31,31,31,31,31,31
8,차룡8교(수위계),2023-03-31,31,31,31,32,32,31,31,31,32,31,31,31,31,31,31,31,32,31,32,31,31,31,31,31
8,차룡8교(수위계),2023-04-01,31,32,31,31,31,31,31,31,31,31,31,31,31,31,31,31,31,31,32,31,31,31,31,31
8,차룡8교(수위계),2023-04-02,31,31,31,31,31,31,31,31,31,32,31,31,31,31,31,31,31,31,31,31,31,31,32,31
8,차룡8교(수위계),2023-04-03,31,31,31,32,31,31,31,31,32,31,31,32,31,32,31,31,31,31,31,31,32,31,31,31
8,차룡8교(수위계),2023-04-04,31,31,31,31,31,31,32,32,31,31,31,31,31,31,31,32,31,31,31,32,31,31,31,31
8,차룡8교(수위계),2023-04-05,31,31,31,31,31,31,31,31,31,31,31,31,31,31,31,37,37,33,31,31,31,31,31,31
8,차룡8교(수위계),2023-04-06,31,31,31,31,31,31,31,31,31,31,31,31,31,31,31,31,31,31,31,31,31,31,31,31
8,차룡8교(수위계),2023-04-07,31,31,31,31,31,31,31,31,31,31,31,31,31,31,31,31,31,31,31,31,31,31,31,31
8,차룡8교(수위계),2023-04-08,31,31,31,31,31,31,31,31,31,31,31,31,31,31,31,31,31,31,31,31,31,31,31,31
8,차룡8교(수위계),2023-04-09,31,31,31,31,31,31,31,31,31,31,31,31,31,31,31,31,31,31,31,31,31,31,31,31
8,차룡8교(수위계),2023-04-10,31,31,31,31,31,31,31,31,31,31,31,31,31,31,31,31,31,31,31,31,31,31,31,31
8,차룡8교(수위계),2023-04-11,31,31,31,31,31,31,31,31,31,31,31,31,31,31,31,31,31,31,31,31,31,31,31,31
8,차룡8교(수위계),2023-04-12,31,31,31,31,31,31,31,31,31,31,31,31,31,31,31,31,31,31,31,31,31,31,31,31
8,차룡8교(수위계),2023-04-13,31,31,31,31,31,31,31,31,31,31,31,31,31,31,31,31,31,31,31,31,31,31,31,31
8,차룡8교(수위계),2023-04-14,31,31,31,31,31,31,31,31,31,31,31,31,31,31,31,31,31,31,31,31,31,31,31,31
8,차룡8교(수위계),2023-04-15,31,31,31,31,31,31,31,31,31,31,31,31,31,31,31,31,31,31,31,31,31,31,31,31
8,차룡8교(수위계),2023-04-16,31,31,31,31,31,31,31,31,31,31,31,31,31,31,31,31,31,31,31,31,31,31,31,31
8,차룡8교(수위계),2023-04-17,31,31,31,31,31,31,31,31,31,31,31,31,31,31,31,31,31,31,31,31,31,31,31,31
8,차룡8교(수위계),2023-04-18,31,31,31,31,31,31,31,31,31,31,31,31,31,31,31,31,31,31,31,31,31,31,31,31
8,차룡8교(수위계),2023-04-19,31,31,31,31,31,31,31,31,31,31,31,31,31,31,31,31,31,31,31,31,31,31,31,31
8,차룡8교(수위계),2023-04-20,31,31,31,31,31,31,31,31,31,31,31,31,31,31,31,31,31,31,31,31,31,31,31,31
8,차룡8교(수위계),2023-04-21,31,31,31,31,31,31,31,31,31,31,31,31,31,31,31,31,31,31,31,31,31,31,31,31
8,차룡8교(수위계),2023-04-22,31,31,31,31,31,31,31,31,31,31,31,31,31,31,31,31,31,31,31,31,31,31,31,31
8,차룡8교(수위계),2023-04-23,31,31,31,31,31,31,31,31,31,31,31,31,31,31,31,31,31,31,31,31,31,31,31,31
8,차룡8교(수위계),2023-04-24,31,31,31,31,31,31,31,31,31,31,31,31,31,31,31,31,31,31,31,31,31,31,31,31
8,차룡8교(수위계),2023-04-25,31,31,31,31,31,31,31,31,31,31,31,0,0,0,31,31,31,31,31,31,31,31,31,31
8,차룡8교(수위계),2023-04-26,31,31,31,31,31,31,31,31,31,31,31,31,31,31,31,31,31,31,31,31,31,31,31,31
8,차룡8교(수위계),2023-04-27,31,31,31,31,31,31,31,31,31,31,31,31,31,31,31,31,31,31,31,31,31,31,31,31
8,차룡8교(수위계),2023-04-28,31,31,31,31,31,31,31,31,31,31,31,31,31,31,31,31,31,31,31,31,31,31,31,31
8,차룡8교(수위계),2023-04-29,31,31,31,31,31,31,31,31,31,31,31,31,31,31,31,31,31,31,31,31,31,31,31,31
8,차룡8교(수위계),2023-04-30,31,31,31,31,31,31,31,31,31,31,31,31,31,31,31,31,31,31,31,31,31,31,31,0
8,차룡8교(수위계),2023-05-01,31,31,31,31,31,31,31,31,31,31,31,31,31,31,31,31,31,31,31,31,31,31,31,31
8,차룡8교(수위계),2023-05-02,31,31,31,31,31,31,31,31,31,31,31,31,31,31,31,31,31,31,31,31,31,31,31,31
8,차룡8교(수위계),2023-05-03,31,31,31,31,31,31,31,31,31,31,31,31,31,31,31,31,31,31,31,31,31,31,31,31
8,차룡8교(수위계),2023-05-04,31,31,31,31,31,31,31,31,31,31,31,31,31,31,31,31,31,31,31,31,31,31,31,31
8,차룡8교(수위계),2023-05-05,31,31,31,37,37,78,65,52,80,65,44,71,78,99,78,59,62,86,86,80,70,101,74,89
8,차룡8교(수위계),2023-05-06,136,125,81,66,61,55,52,55,49,45,53,52,46,57,60,53,45,40,36,34,32,31,31,31
8,차룡8교(수위계),2023-05-07,32,32,32,32,32,32,32,32,32,32,32,32,32,32,32,32,32,32,32,32,32,32,32,32
8,차룡8교(수위계),2023-05-08,32,32,32,32,32,32,32,32,32,32,32,32,32,32,32,32,32,32,32,32,32,32,32,32
8,차룡8교(수위계),2023-05-09,32,32,32,32,32,32,32,32,32,32,32,32,32,32,32,32,32,32,32,32,32,32,32,32
8,차룡8교(수위계),2023-05-10,32,32,32,32,32,32,32,32,32,32,32,32,32,32,32,32,32,32,32,32,32,32,32,32
8,차룡8교(수위계),2023-05-11,32,32,32,32,32,32,32,32,32,32,32,32,32,32,32,32,32,32,32,32,32,32,32,32
8,차룡8교(수위계),2023-05-12,32,32,32,32,32,32,32,32,32,32,32,32,32,32,32,32,32,32,32,32,32,32,32,32
8,차룡8교(수위계),2023-05-13,32,32,32,32,32,32,32,32,32,32,32,32,32,32,32,32,32,32,32,32,32,32,32,32
8,차룡8교(수위계),2023-05-14,32,32,32,32,32,32,32,32,32,32,32,32,32,32,32,32,32,32,32,32,32,32,32,32
8,차룡8교(수위계),2023-05-15,32,32,32,32,32,32,32,32,32,32,32,32,32,32,32,32,32,32,32,32,32,32,32,32
8,차룡8교(수위계),2023-05-16,32,32,32,32,32,32,32,32,32,32,32,32,32,32,32,32,32,32,32,32,32,32,32,32
8,차룡8교(수위계),2023-05-17,32,32,32,32,32,32,32,32,32,32,32,32,32,32,32,32,32,32,32,32,32,32,32,32
8,차룡8교(수위계),2023-05-18,32,32,32,32,32,32,32,32,32,32,32,32,32,32,32,32,32,32,32,32,31,40,34,31
8,차룡8교(수위계),2023-05-19,31,31,31,31,31,31,31,31,31,31,31,31,31,31,31,31,31,31,31,31,31,31,31,31
8,차룡8교(수위계),2023-05-20,31,31,31,31,31,0,0,0,31,31,31,31,31,31,31,31,31,31,31,31,31,31,31,31
8,차룡8교(수위계),2023-05-21,31,31,31,31,31,31,31,31,31,31,31,31,31,31,31,31,31,31,31,31,31,31,31,31
8,차룡8교(수위계),2023-05-22,31,31,31,31,31,31,31,31,31,31,31,31,31,31,31,31,31,31,31,31,31,31,31,31
8,차룡8교(수위계),2023-05-23,31,31,31,31,31,31,31,31,31,31,31,31,31,31,31,31,31,31,31,31,31,31,31,31
8,차룡8교(수위계),2023-05-24,31,31,31,31,31,31,31,31,31,31,31,31,31,31,31,31,31,31,31,31,31,31,31,31
8,차룡8교(수위계),2023-05-25,31,31,31,31,31,31,31,31,31,31,31,31,31,31,31,31,31,31,31,31,31,31,31,31
8,차룡8교(수위계),2023-05-26,31,31,31,31,31,31,31,31,31,31,31,31,31,31,31,31,31,31,31,31,31,31,31,31
8,차룡8교(수위계),2023-05-27,31,31,31,31,31,31,31,31,31,31,31,31,31,31,31,31,31,31,31,31,31,31,31,31
8,차룡8교(수위계),2023-05-28,31,31,31,31,31,31,31,31,31,31,31,31,31,31,31,31,31,31,31,31,31,31,31,31
8,차룡8교(수위계),2023-05-29,31,31,31,31,31,31,45,41,45,32,33,33,32,32,63,38,35,70,62,74,46,32,38,36
8,차룡8교(수위계),2023-05-30,32,32,32,32,32,32,32,32,32,32,32,32,32,32,32,32,32,32,32,32,32,32,32,32
8,차룡8교(수위계),2023-05-31,32,32,32,32,32,32,32,32,32,32,32,32,32,32,32,32,32,32,32,32,32,32,32,32
8,차룡8교(수위계),2023-06-01,32,32,32,32,32,32,32,32,32,32,32,32,76,34,31,31,31,31,31,31,31,31,31,31
8,차룡8교(수위계),2023-06-02,31,31,31,31,31,31,31,31,31,31,31,31,31,31,31,31,31,31,31,31,31,31,31,31
8,차룡8교(수위계),2023-06-03,31,31,31,31,31,31,31,31,31,31,31,31,31,31,31,31,31,31,31,31,31,31,31,31
8,차룡8교(수위계),2023-06-04,31,31,31,31,31,31,31,31,31,31,31,31,31,31,31,31,31,31,31,31,31,31,31,31
8,차룡8교(수위계),2023-06-05,31,31,31,31,31,31,31,31,31,31,31,31,31,31,31,31,31,31,31,31,31,31,31,31
8,차룡8교(수위계),2023-06-06,31,31,31,31,31,31,31,31,31,31,31,31,31,31,31,31,31,31,31,31,31,31,31,31
8,차룡8교(수위계),2023-06-07,31,31,31,31,31,31,31,31,31,31,31,31,31,31,31,31,31,31,31,31,31,31,31,31
8,차룡8교(수위계),2023-06-08,31,31,31,31,31,31,31,31,31,31,31,31,31,31,31,31,31,31,31,31,31,31,31,31
8,차룡8교(수위계),2023-06-09,31,31,31,31,31,31,31,31,31,31,31,31,31,31,31,31,31,31,31,31,31,31,31,31
8,차룡8교(수위계),2023-06-10,31,31,31,31,31,31,31,31,31,31,31,31,31,31,31,31,31,31,31,31,31,31,31,31
8,차룡8교(수위계),2023-06-11,31,31,31,31,31,31,31,31,31,31,31,31,31,31,31,31,31,31,31,31,31,31,31,31
8,차룡8교(수위계),2023-06-12,31,31,31,31,31,31,31,31,31,31,31,31,31,31,31,31,31,31,31,31,31,31,31,31
8,차룡8교(수위계),2023-06-13,31,31,31,31,31,31,31,31,31,31,31,31,31,31,31,31,31,31,31,31,31,31,31,31
8,차룡8교(수위계),2023-06-14,31,31,31,31,31,31,31,31,31,31,31,31,31,31,31,31,31,64,31,32,32,32,32,32
8,차룡8교(수위계),2023-06-15,32,32,32,31,31,31,31,32,32,32,32,32,32,32,32,32,32,32,32,32,32,32,32,32
8,차룡8교(수위계),2023-06-16,31,32,32,32,32,32,32,32,31,32,32,32,32,32,32,32,32,32,32,32,32,32,32,32
8,차룡8교(수위계),2023-06-17,32,31,32,32,32,32,32,32,32,32,32,32,32,32,32,32,32,32,32,32,32,32,32,32
8,차룡8교(수위계),2023-06-18,32,32,32,31,31,31,32,31,32,32,32,32,32,32,32,32,32,32,32,32,32,32,32,32
8,차룡8교(수위계),2023-06-19,32,32,31,31,32,32,32,31,32,32,32,32,32,32,32,32,32,32,32,32,32,31,32,32
8,차룡8교(수위계),2023-06-20,32,32,32,32,32,31,31,32,32,32,32,31,32,32,32,31,32,32,32,32,0,0,0,0
8,차룡8교(수위계),2023-06-21,32,32,31,31,0,31,32,32,31,31,32,32,32,32,31,31,31,31,32,32,32,32,32,32
8,차룡8교(수위계),2023-06-22,32,32,32,32,31,31,31,31,32,31,32,32,31,32,32,32,32,32,32,32,32,32,32,32
8,차룡8교(수위계),2023-06-23,32,32,32,32,31,32,32,32,32,32,32,32,32,32,32,32,32,32,32,32,32,32,32,32
8,차룡8교(수위계),2023-06-24,31,31,32,32,32,32,0,32,31,32,31,32,31,32,31,31,31,32,32,31,32,32,32,32
8,차룡8교(수위계),2023-06-25,32,32,31,31,31,31,31,32,32,32,31,32,32,32,32,32,32,32,32,32,49,57,38,31
8,차룡8교(수위계),2023-06-26,32,32,32,33,35,32,32,33,32,32,50,51,31,32,32,32,32,32,32,32,32,32,32,32
8,차룡8교(수위계),2023-06-27,32,32,31,32,32,32,32,32,32,32,32,32,32,32,32,32,32,32,32,32,32,32,32,32
8,차룡8교(수위계),2023-06-28,95,58,41,45,44,36,50,69,51,34,31,31,31,31,31,31,31,31,31,31,31,31,31,31
8,차룡8교(수위계),2023-06-29,31,31,31,31,31,31,30,30,30,31,31,31,30,30,31,31,31,31,31,34,37,31,31,31
8,차룡8교(수위계),2023-06-30,31,31,31,31,31,31,31,56,61,41,31,32,32,32,32,32,32,32,32,32,32,32,32,0
8,차룡8교(수위계),2023-07-01,32,32,32,32,32,32,32,32,32,32,32,32,32,32,32,32,32,32,32,32,32,32,32,32
8,차룡8교(수위계),2023-07-02,32,32,32,32,32,32,32,32,32,32,32,32,32,32,32,32,32,32,32,32,32,32,32,32
8,차룡8교(수위계),2023-07-03,32,32,32,32,32,32,32,32,32,32,32,32,32,32,32,32,32,32,32,32,32,32,32,32
8,차룡8교(수위계),2023-07-04,32,32,32,32,32,32,32,32,32,32,32,32,32,32,32,32,32,32,31,32,32,32,32,32
8,차룡8교(수위계),2023-07-05,32,32,32,32,32,40,63,42,30,31,31,31,31,31,31,31,31,31,31,31,31,31,31,31
8,차룡8교(수위계),2023-07-06,31,31,31,31,31,31,31,31,31,31,31,31,31,31,31,31,31,31,31,31,31,31,31,31
8,차룡8교(수위계),2023-07-07,31,31,31,31,31,31,31,31,31,31,31,31,31,31,31,88,77,149,102,59,46,42,35,33
8,차룡8교(수위계),2023-07-08,34,33,31,31,31,31,32,32,32,32,32,32,32,32,32,32,32,32,32,32,32,32,32,32
8,차룡8교(수위계),2023-07-09,32,32,32,32,32,32,32,32,32,32,32,32,32,32,32,32,32,32,32,32,32,32,32,32
8,차룡8교(수위계),2023-07-10,32,32,32,32,32,32,32,32,32,32,32,32,32,32,32,32,32,32,0,0,0,32,32,32
8,차룡8교(수위계),2023-07-11,32,0,32,32,32,32,32,32,32,32,32,32,32,32,32,84,62,43,31,31,35,31,32,31
8,차룡8교(수위계),2023-07-12,31,31,31,31,31,35,50,34,62,48,32,32,32,32,32,32,32,32,32,32,32,32,32,32
8,차룡8교(수위계),2023-07-13,32,32,32,32,32,32,32,32,32,63,39,31,32,32,32,32,32,32,32,32,32,32,32,32
8,차룡8교(수위계),2023-07-14,32,32,32,32,32,39,43,51,53,66,56,55,46,38,34,32,31,31,31,31,31,31,31,31
8,차룡8교(수위계),2023-07-15,31,31,31,31,31,31,31,31,31,31,31,31,31,31,31,31,31,31,31,31,31,31,31,31
8,차룡8교(수위계),2023-07-16,31,31,31,31,31,31,31,66,64,95,90,140,94,98,125,123,139,99,81,73,67,62,58,54
8,차룡8교(수위계),2023-07-17,69,94,73,71,62,65,54,49,47,45,130,90,67,73,63,58,55,57,50,47,46,43,41,38
8,차룡8교(수위계),2023-07-18,36,35,33,32,31,31,31,31,31,31,31,79,121,153,111,83,79,77,70,137,106,78,68,62
8,차룡8교(수위계),2023-07-19,58,55,51,49,46,43,41,39,38,36,35,33,32,32,32,31,31,31,31,32,31,31,31,32
8,차룡8교(수위계),2023-07-20,32,32,32,32,32,32,32,32,32,32,32,32,32,32,32,32,32,32,32,32,32,32,32,32
8,차룡8교(수위계),2023-07-21,32,32,32,32,32,32,32,32,32,32,32,32,32,32,32,32,32,32,32,32,32,32,32,32
8,차룡8교(수위계),2023-07-22,32,32,32,32,32,32,32,32,32,32,32,32,32,32,32,32,32,32,32,32,32,32,32,32
8,차룡8교(수위계),2023-07-23,32,32,32,32,32,32,32,32,32,32,32,32,32,32,32,32,32,32,32,32,32,43,32,32
8,차룡8교(수위계),2023-07-24,32,32,32,32,32,32,32,32,32,32,62,37,32,32,32,32,32,32,32,32,32,0,0,0
8,차룡8교(수위계),2023-07-25,0,32,32,32,0,32,32,32,32,32,32,32,32,32,32,32,32,32,32,32,32,32,32,32
8,차룡8교(수위계),2023-07-26,32,32,32,32,32,32,32,32,32,32,32,32,32,32,32,32,32,32,32,32,32,32,32,32
8,차룡8교(수위계),2023-07-27,32,32,32,32,32,32,32,32,32,32,32,32,32,32,32,32,32,32,32,32,32,32,32,32
8,차룡8교(수위계),2023-07-28,32,32,32,32,32,32,32,32,32,32,32,32,32,32,32,32,32,32,32,32,32,32,32,32
8,차룡8교(수위계),2023-07-29,32,32,32,32,32,32,32,32,32,32,32,32,32,32,32,32,32,32,32,32,32,32,32,32
8,차룡8교(수위계),2023-07-30,32,32,32,32,32,32,32,32,32,32,32,32,32,32,32,32,32,32,32,32,32,32,32,32
8,차룡8교(수위계),2023-07-31,32,32,32,32,32,32,32,32,32,32,32,32,32,32,32,32,32,32,32,32,32,32,32,32
8,차룡8교(수위계),2023-08-01,32,32,32,32,32,32,32,0,32,32,32,32,32,32,32,32,32,32,32,32,32,32,32,32
8,차룡8교(수위계),2023-08-02,32,32,32,32,32,32,32,32,32,32,32,32,32,32,32,32,32,32,32,32,32,32,32,32
8,차룡8교(수위계),2023-08-03,32,32,32,32,32,32,32,32,32,32,32,32,32,32,32,32,32,32,32,32,32,32,32,32
8,차룡8교(수위계),2023-08-04,32,32,32,32,32,32,32,32,32,32,32,32,32,32,32,32,32,32,32,32,32,32,32,32
8,차룡8교(수위계),2023-08-05,32,32,32,32,32,32,32,32,32,32,32,32,32,32,32,32,32,32,32,32,32,32,32,32
8,차룡8교(수위계),2023-08-06,32,32,32,32,32,32,32,32,32,32,32,32,32,32,32,32,32,32,32,32,32,32,32,32
8,차룡8교(수위계),2023-08-07,32,32,32,32,32,32,32,32,32,32,32,32,32,32,32,32,32,32,32,32,32,32,32,32
8,차룡8교(수위계),2023-08-08,32,32,32,32,32,32,32,32,32,32,32,32,32,32,32,32,32,32,32,32,32,32,32,32
8,차룡8교(수위계),2023-08-09,32,32,32,32,32,32,32,32,32,32,32,32,32,37,62,42,32,32,32,32,32,33,68,83
8,차룡8교(수위계),2023-08-10,79,84,106,134,158,132,116,234,263,212,152,142,123,97,82,72,65,61,55,51,47,44,40,37
8,차룡8교(수위계),2023-08-11,35,34,33,32,32,32,32,32,32,33,33,33,33,33,33,33,33,33,33,33,33,33,0,33
8,차룡8교(수위계),2023-08-12,33,33,33,33,33,33,33,33,33,33,33,33,33,33,33,33,33,33,33,33,33,33,33,33
8,차룡8교(수위계),2023-08-13,33,33,33,33,33,33,33,33,33,33,33,33,33,33,33,33,33,33,33,33,33,33,33,33
8,차룡8교(수위계),2023-08-14,33,33,33,33,33,33,33,0,33,33,33,33,33,33,33,33,33,33,33,33,33,33,33,33
8,차룡8교(수위계),2023-08-15,33,33,33,33,33,33,33,33,33,0,33,33,33,33,33,33,33,33,33,33,33,33,33,33
8,차룡8교(수위계),2023-08-16,33,33,33,33,33,33,33,0,0,33,33,33,33,33,33,33,33,33,33,33,33,33,33,33
8,차룡8교(수위계),2023-08-17,33,33,33,33,33,33,33,33,33,33,33,33,33,33,33,33,0,0,33,33,33,33,33,33
8,차룡8교(수위계),2023-08-18,33,33,33,33,33,33,33,33,33,33,33,33,33,33,33,33,33,33,33,33,33,33,33,33
8,차룡8교(수위계),2023-08-19,33,33,33,33,33,33,33,0,0,0,33,33,33,33,33,33,33,33,33,33,33,33,33,33
8,차룡8교(수위계),2023-08-20,33,33,33,33,33,33,33,33,33,33,33,33,33,33,33,33,33,33,33,33,33,32,33,33
8,차룡8교(수위계),2023-08-21,33,33,33,32,32,32,32,32,33,32,33,32,33,33,33,33,33,33,32,33,33,32,33,33
8,차룡8교(수위계),2023-08-22,33,33,33,33,33,33,33,33,33,32,33,33,32,32,33,33,32,32,32,33,32,32,33,33
8,차룡8교(수위계),2023-08-23,33,33,33,33,32,0,32,32,33,32,33,33,32,33,33,33,33,32,32,33,33,32,53,66
8,차룡8교(수위계),2023-08-24,33,33,56,77,52,53,111,0,96,67,54,47,42,39,37,37,35,33,33,37,62,69,185,138
8,차룡8교(수위계),2023-08-25,102,81,68,61,55,50,46,43,41,38,37,35,34,34,33,33,33,33,33,33,33,33,33,33
8,차룡8교(수위계),2023-08-26,33,33,33,33,33,33,33,33,33,33,33,33,33,33,33,33,33,33,33,33,33,33,33,33
8,차룡8교(수위계),2023-08-27,33,33,33,33,33,33,33,33,33,33,33,33,33,33,33,33,33,33,33,33,33,33,33,33
8,차룡8교(수위계),2023-08-28,33,33,33,33,33,33,33,33,33,33,33,33,33,33,33,33,33,33,33,33,33,33,33,33
8,차룡8교(수위계),2023-08-29,33,33,33,33,33,33,33,33,33,33,33,33,33,33,33,33,98,45,33,34,34,34,34,34
8,차룡8교(수위계),2023-08-30,34,34,34,34,34,34,34,34,55,72,96,74,47,39,69,44,41,38,36,35,34,34,33,33
8,차룡8교(수위계),2023-08-31,33,34,34,34,34,34,34,34,34,34,35,35,34,34,34,34,34,34,35,34,34,34,35,35
8,차룡8교(수위계),2023-09-01,34,34,34,33,34,34,34,34,34,34,34,34,34,34,34,34,34,34,34,34,34,34,44,34
8,차룡8교(수위계),2023-09-02,33,33,33,33,33,33,33,33,33,33,33,34,33,34,33,34,55,43,33,33,34,34,34,34
8,차룡8교(수위계),2023-09-03,34,34,34,34,0,34,34,34,34,34,34,34,34,34,34,34,34,34,34,34,34,34,34,34
8,차룡8교(수위계),2023-09-04,34,34,34,34,34,34,34,34,34,34,34,34,34,34,34,34,34,34,34,34,34,34,0,34
8,차룡8교(수위계),2023-09-05,34,34,34,34,34,34,34,34,34,34,34,34,34,34,34,34,0,34,34,34,34,34,34,34
8,차룡8교(수위계),2023-09-06,34,34,34,34,34,34,34,34,34,34,34,34,34,34,34,34,34,34,34,34,34,34,34,34
8,차룡8교(수위계),2023-09-07,34,34,34,34,34,34,34,34,34,33,34,34,34,34,34,34,34,34,34,34,34,34,33,34
8,차룡8교(수위계),2023-09-08,34,34,34,33,34,34,34,33,34,34,34,34,34,34,34,34,34,34,34,34,34,33,34,34
8,차룡8교(수위계),2023-09-09,34,33,33,34,34,34,34,34,34,34,0,0,0,0,0,0,0,0,0,0,0,0,0,0
8,차룡8교(수위계),2023-09-10,0,0,0,0,0,0,0,0,0,0,0,0,0,0,0,34,0,33,34,34,34,34,33,33
8,차룡8교(수위계),2023-09-11,34,34,34,34,34,34,34,34,34,33,33,34,33,34,33,33,33,34,34,34,34,34,34,34
8,차룡8교(수위계),2023-09-12,33,33,33,33,34,34,34,34,34,34,33,34,34,33,34,34,34,34,34,34,34,34,33,33
8,차룡8교(수위계),2023-09-13,33,34,34,34,34,34,34,34,33,34,34,34,34,34,34,34,34,34,33,34,34,34,34,34
8,차룡8교(수위계),2023-09-14,34,34,33,57,33,33,33,33,33,33,33,33,33,33,33,33,33,33,33,33,33,33,33,33
8,차룡8교(수위계),2023-09-15,33,33,33,33,33,33,33,33,33,33,33,33,33,33,33,33,33,33,33,33,33,33,33,33
8,차룡8교(수위계),2023-09-16,33,33,33,33,33,33,33,33,33,33,137,131,106,69,62,51,72,55,47,36,34,34,33,33
8,차룡8교(수위계),2023-09-17,33,33,33,33,46,121,67,49,44,42,39,36,34,34,33,33,33,33,33,34,34,34,34,34
8,차룡8교(수위계),2023-09-18,34,35,68,34,34,34,34,34,34,34,34,34,34,34,34,34,34,34,34,34,34,34,34,34
8,차룡8교(수위계),2023-09-19,34,34,34,34,34,34,34,34,34,34,34,34,34,34,34,34,34,34,34,34,34,34,34,34
8,차룡8교(수위계),2023-09-20,34,34,34,34,34,34,34,34,34,34,34,34,34,34,34,34,34,34,34,34,77,37,34,86
8,차룡8교(수위계),2023-09-21,120,141,72,53,48,44,41,40,53,42,36,35,35,34,34,33,33,33,34,33,33,33,33,34
8,차룡8교(수위계),2023-09-22,34,33,33,33,33,33,33,33,33,33,33,33,34,33,33,33,33,0,0,0,0,0,0,0
8,차룡8교(수위계),2023-12-08,0,0,0,0,0,0,0,0,0,0,0,0,34,34,34,34,34,34,34,34,34,34,34,34
8,차룡8교(수위계),2023-12-09,34,34,34,34,34,34,34,34,34,34,34,34,34,34,34,34,34,34,34,34,34,34,34,34
8,차룡8교(수위계),2023-12-10,34,34,34,34,34,34,34,34,34,34,34,34,34,34,34,34,34,34,34,34,34,34,34,34
8,차룡8교(수위계),2023-12-11,34,34,34,34,34,34,34,34,34,34,34,34,34,34,34,33,34,34,34,34,34,34,34,34
8,차룡8교(수위계),2023-12-12,34,34,34,34,34,34,34,34,34,34,34,34,34,34,34,34,34,34,34,34,34,34,34,34
8,차룡8교(수위계),2023-12-13,34,34,34,34,34,34,34,34,34,34,34,34,34,34,34,34,34,34,34,34,34,34,34,34
8,차룡8교(수위계),2023-12-14,34,34,34,34,34,34,34,34,34,34,34,34,34,34,34,34,34,34,34,34,34,34,34,40
8,차룡8교(수위계),2023-12-15,34,34,34,34,34,34,34,34,34,33,33,33,33,33,33,33,33,33,33,34,34,33,33,33
8,차룡8교(수위계),2023-12-16,33,34,34,34,33,33,33,33,33,34,34,34,34,34,34,34,34,33,34,33,33,33,33,33
8,차룡8교(수위계),2023-12-17,33,33,33,34,34,34,33,33,33,34,33,33,34,34,33,33,34,33,33,33,34,34,33,33
8,차룡8교(수위계),2023-12-18,33,33,33,33,33,33,33,33,33,34,33,33,34,34,34,34,33,33,33,33,33,33,33,33
8,차룡8교(수위계),2023-12-19,33,33,33,33,33,33,33,33,33,33,34,33,33,34,34,34,34,33,33,33,34,33,33,33
8,차룡8교(수위계),2023-12-20,33,33,33,33,33,33,33,33,33,33,34,34,33,33,33,33,33,34,33,33,33,34,34,34
8,차룡8교(수위계),2023-12-21,33,33,33,33,33,34,34,34,34,33,34,33,33,33,34,34,33,33,34,34,33,33,33,33
8,차룡8교(수위계),2023-12-22,34,34,33,33,33,33,33,33,33,34,33,34,33,33,34,34,33,33,33,33,33,33,33,33
8,차룡8교(수위계),2023-12-23,33,33,33,33,34,34,34,34,34,33,34,33,0,0,33,33,33,33,33,33,33,33,33,33
8,차룡8교(수위계),2023-12-24,33,33,34,34,33,33,33,33,33,33,33,33,33,33,33,33,33,33,33,33,33,33,33,33
8,차룡8교(수위계),2023-12-25,33,33,33,33,33,33,33,33,33,33,33,33,33,33,33,33,33,33,33,33,33,33,33,33
8,차룡8교(수위계),2023-12-26,33,33,33,33,33,33,33,33,33,33,33,33,33,33,33,33,33,33,33,33,33,33,33,33
8,차룡8교(수위계),2023-12-27,33,33,33,33,33,33,0,0,33,33,33,33,33,33,33,33,33,33,33,33,33,33,33,33
8,차룡8교(수위계),2023-12-28,33,33,33,33,33,33,33,33,33,33,33,33,0,33,33,33,33,33,33,33,33,33,33,33
8,차룡8교(수위계),2023-12-29,33,33,33,33,33,33,33,33,33,33,33,33,33,33,33,33,33,33,33,33,33,33,33,33
8,차룡8교(수위계),2023-12-30,33,33,33,33,33,33,33,33,33,33,33,33,33,33,33,33,33,33,33,33,33,33,33,33
8,차룡8교(수위계),2023-12-31,33,33,33,33,33,33,33,33,33,33,33,33,33,33,33,33,33,33,33,33,33,33,33,0
8,차룡8교(수위계),2024-01-01,33,33,33,33,33,33,33,33,33,33,33,33,33,33,33,33,33,33,33,33,33,33,33,33
8,차룡8교(수위계),2024-01-02,33,33,33,33,33,33,33,33,33,33,33,33,33,33,33,33,33,33,33,33,33,33,33,33
8,차룡8교(수위계),2024-01-03,33,33,33,33,33,33,33,33,33,33,33,33,33,33,33,33,33,33,33,33,33,33,33,33
8,차룡8교(수위계),2024-01-04,33,33,33,33,33,33,33,33,33,33,33,33,33,33,33,33,33,33,33,33,33,33,33,33
8,차룡8교(수위계),2024-01-05,33,33,33,33,33,33,33,33,33,33,33,33,33,33,33,33,33,33,33,33,33,33,33,33
8,차룡8교(수위계),2024-01-06,33,33,33,33,33,33,33,33,33,33,33,33,33,33,33,33,33,33,33,33,33,33,33,33
8,차룡8교(수위계),2024-01-07,33,33,33,33,33,33,33,33,33,33,33,33,33,33,33,33,33,33,33,33,33,33,33,33
8,차룡8교(수위계),2024-01-08,33,33,33,33,33,33,33,33,33,33,33,33,33,33,33,33,33,33,33,33,33,33,33,33
8,차룡8교(수위계),2024-01-09,33,33,33,33,33,33,33,33,33,33,33,33,33,33,33,33,33,33,33,33,33,33,33,33
8,차룡8교(수위계),2024-01-10,33,33,33,33,33,33,33,33,33,33,33,33,33,33,33,33,33,33,33,33,33,33,33,33
8,차룡8교(수위계),2024-01-11,33,33,33,33,33,33,33,33,33,33,33,33,33,33,33,33,33,33,33,33,33,33,33,33
8,차룡8교(수위계),2024-01-12,33,33,33,33,33,33,33,33,33,33,33,33,33,33,33,33,33,33,33,33,33,33,33,33
8,차룡8교(수위계),2024-01-13,33,33,33,33,33,33,33,33,33,33,33,33,33,33,33,33,33,33,33,33,33,33,33,33
8,차룡8교(수위계),2024-01-14,33,33,33,33,33,33,33,33,33,33,33,33,33,33,33,33,33,33,33,33,0,0,0,33
8,차룡8교(수위계),2024-01-15,33,33,33,33,33,33,33,33,33,33,33,0,0,0,33,33,33,33,33,33,33,33,33,33
8,차룡8교(수위계),2024-01-16,33,33,33,33,33,33,33,33,33,33,33,33,33,33,33,33,33,33,33,33,33,33,33,33
8,차룡8교(수위계),2024-01-17,33,33,33,33,33,33,33,33,33,33,33,33,33,33,33,33,33,33,33,33,33,33,33,33
8,차룡8교(수위계),2024-01-18,33,33,33,33,33,33,33,33,33,33,33,33,33,33,33,33,33,33,33,33,33,33,33,33
8,차룡8교(수위계),2024-01-19,33,33,33,33,33,33,33,33,33,33,33,33,33,33,33,33,33,33,33,33,33,33,33,33
8,차룡8교(수위계),2024-01-20,33,33,33,33,33,33,33,33,33,33,33,33,33,33,33,33,33,33,33,33,33,33,33,33
8,차룡8교(수위계),2024-01-21,33,33,33,33,33,33,33,33,33,33,33,33,33,33,33,33,33,33,33,33,33,33,33,33
8,차룡8교(수위계),2024-01-22,33,33,33,33,33,33,33,33,33,33,33,33,33,33,33,33,33,33,33,33,33,33,33,33
8,차룡8교(수위계),2024-01-23,33,33,33,33,33,33,33,33,33,33,33,33,33,33,33,33,33,33,33,33,33,33,33,33
8,차룡8교(수위계),2024-01-24,33,33,0,0,33,33,33,33,33,33,33,33,33,33,33,33,33,33,33,33,33,33,33,33
8,차룡8교(수위계),2024-01-25,33,0,0,33,33,33,33,33,33,33,33,33,33,33,33,33,33,33,33,33,33,33,33,33
8,차룡8교(수위계),2024-01-26,33,33,33,33,33,33,33,33,33,33,33,33,33,33,33,33,33,33,33,33,33,33,33,33
8,차룡8교(수위계),2024-01-27,33,33,33,33,33,33,33,0,0,33,33,33,33,0,0,0,0,0,0,0,0,0,0,0
8,차룡8교(수위계),2024-01-28,33,33,33,0,0,0,0,0,0,0,0,33,33,33,33,33,33,33,33,33,33,33,33,33
8,차룡8교(수위계),2024-01-29,33,33,33,33,33,33,33,33,33,33,33,33,33,33,33,33,33,33,33,33,33,33,33,33
8,차룡8교(수위계),2024-01-30,33,33,33,33,33,33,33,33,33,33,33,33,33,33,33,33,33,33,33,33,33,33,33,33
8,차룡8교(수위계),2024-01-31,33,33,33,33,33,33,33,33,33,33,33,33,33,33,33,33,33,33,33,33,33,33,33,33
8,차룡8교(수위계),2024-02-01,33,33,33,33,33,33,33,33,33,33,33,33,33,33,33,33,33,33,33,33,33,33,33,33
8,차룡8교(수위계),2024-02-02,33,33,33,33,33,33,33,33,33,33,33,33,33,33,33,33,33,33,33,33,33,33,33,33
8,차룡8교(수위계),2024-02-03,33,33,33,33,33,33,33,33,33,33,33,33,33,33,33,33,33,33,33,33,33,33,33,33
8,차룡8교(수위계),2024-02-04,33,33,33,33,33,33,33,33,33,33,33,33,33,33,33,33,33,33,33,33,33,33,33,33
8,차룡8교(수위계),2024-02-05,33,33,33,33,33,33,33,33,33,33,33,33,33,33,33,33,33,33,33,33,33,33,33,33
8,차룡8교(수위계),2024-02-06,33,33,33,33,33,33,33,33,33,33,33,33,33,33,33,33,33,33,33,33,33,33,33,33
8,차룡8교(수위계),2024-02-07,33,33,33,33,33,33,33,33,33,33,33,33,33,33,33,33,33,33,33,33,33,33,33,33
8,차룡8교(수위계),2024-02-08,33,33,33,33,33,33,33,33,33,33,33,33,33,33,33,33,33,33,33,33,33,33,33,33
8,차룡8교(수위계),2024-02-09,33,33,33,33,33,33,33,33,33,33,33,33,33,33,33,33,33,33,33,33,33,33,33,33
8,차룡8교(수위계),2024-02-10,33,33,33,33,33,33,33,33,33,33,33,33,33,33,33,33,33,33,33,33,33,33,33,33
8,차룡8교(수위계),2024-02-11,33,33,33,33,33,33,33,33,33,33,33,33,33,33,33,33,33,33,33,33,33,33,33,33
8,차룡8교(수위계),2024-02-12,33,33,33,33,33,33,33,33,33,33,33,33,33,33,33,33,33,33,33,33,33,33,33,33
8,차룡8교(수위계),2024-02-13,33,33,33,33,33,33,33,33,33,33,33,33,33,33,33,33,33,33,33,33,33,33,33,0
8,차룡8교(수위계),2024-02-14,0,0,33,33,33,33,33,33,33,33,33,33,33,33,33,33,33,33,33,33,33,33,33,33
8,차룡8교(수위계),2024-02-15,33,33,33,33,33,33,33,33,33,33,33,33,33,33,33,33,33,33,33,0,33,33,33,33
8,차룡8교(수위계),2024-02-16,33,33,33,33,33,0,0,0,33,33,0,0,0,0,0,0,0,0,0,0,0,0,0,33
8,차룡8교(수위계),2024-02-17,33,0,0,0,0,0,0,0,0,0,0,0,33,33,33,33,33,33,33,33,33,33,33,33
8,차룡8교(수위계),2024-02-18,33,33,33,33,33,33,33,33,33,33,33,33,33,33,33,33,33,33,33,33,33,33,33,40
8,차룡8교(수위계),2024-02-19,48,56,63,59,54,36,36,51,35,34,35,34,35,35,35,35,34,35,35,35,34,34,35,35
8,차룡8교(수위계),2024-02-20,34,34,34,34,34,34,34,34,34,35,35,35,35,35,35,35,35,34,34,34,34,34,34,35
8,차룡8교(수위계),2024-02-21,35,35,35,35,35,35,35,35,35,35,35,35,35,34,34,34,34,35,35,35,35,35,35,35
8,차룡8교(수위계),2024-02-22,35,35,34,34,34,34,34,34,34,34,34,35,35,35,35,35,35,35,35,34,34,34,34,34
8,차룡8교(수위계),2024-02-23,34,34,34,34,34,34,34,34,34,34,34,34,35,35,34,34,35,35,35,34,34,34,34,34
8,차룡8교(수위계),2024-02-24,34,34,34,34,34,34,34,34,34,34,35,35,34,34,35,34,34,34,34,35,35,35,34,34
8,차룡8교(수위계),2024-02-25,34,34,35,35,35,35,35,35,35,34,34,35,34,34,34,34,34,34,34,34,34,35,35,35
8,차룡8교(수위계),2024-02-26,35,34,35,35,35,34,34,34,34,34,35,35,34,34,34,34,34,35,35,34,34,35,35,34
8,차룡8교(수위계),2024-02-27,34,34,35,35,35,35,34,34,35,34,35,34,35,35,35,34,34,34,35,34,35,34,34,35
8,차룡8교(수위계),2024-02-28,35,35,34,34,34,34,34,34,34,35,35,35,34,35,35,35,34,34,35,35,34,34,34,30
8,차룡8교(수위계),2024-02-29,34,35,35,35,35,35,35,35,35,35,0,35,35,35,35,35,35,35,35,34,34,34,34,34
8,차룡8교(수위계),2024-03-01,34,35,35,35,35,35,35,35,35,0,0,0,0,35,34,34,34,34,35,34,35,34,34,34
8,차룡8교(수위계),2024-03-02,35,35,35,35,34,34,34,34,34,35,34,35,34,34,35,34,34,34,35,34,35,35,35,35
8,차룡8교(수위계),2024-03-03,35,34,34,34,34,34,35,34,34,35,35,35,34,34,34,34,34,34,35,35,34,35,34,34
8,차룡8교(수위계),2024-03-04,35,35,0,34,34,34,34,34,34,34,35,35,34,0,0,0,0,0,34,34,0,0,35,35
8,차룡8교(수위계),2024-03-05,35,34,34,34,35,35,35,35,0,0,0,0,0,0,0,34,34,34,34,34,34,34,34,34
8,차룡8교(수위계),2024-03-06,34,34,34,34,34,34,34,34,34,34,35,34,34,35,34,34,34,34,35,35,34,34,35,35
8,차룡8교(수위계),2024-03-07,35,35,35,35,35,35,35,35,35,35,34,34,35,34,34,34,34,35,35,35,34,34,35,35
8,차룡8교(수위계),2024-03-08,34,34,34,35,34,34,35,34,35,34,35,34,35,34,34,34,35,34,35,34,35,35,34,34
8,차룡8교(수위계),2024-03-09,34,35,35,35,34,34,34,34,34,35,35,34,34,35,34,35,35,35,35,34,35,34,34,35
8,차룡8교(수위계),2024-03-10,35,34,34,34,34,34,34,34,34,34,35,35,34,35,34,34,35,34,35,35,35,34,35,35
8,차룡8교(수위계),2024-03-11,34,34,34,34,34,35,35,35,35,35,34,34,34,35,35,35,34,34,34,35,35,35,34,34
8,차룡8교(수위계),2024-03-12,34,34,35,35,35,34,34,34,34,34,35,34,35,35,35,35,35,35,34,35,35,35,34,34
8,차룡8교(수위계),2024-03-13,35,35,34,34,34,35,35,35,35,35,35,34,35,34,34,35,34,34,35,34,35,34,34,34
8,차룡8교(수위계),2024-03-14,34,35,35,34,34,34,34,34,34,35,34,34,35,34,35,34,34,35,34,35,34,35,34,35
8,차룡8교(수위계),2024-03-15,35,34,34,34,34,35,35,35,35,34,34,34,35,34,34,34,35,34,35,34,35,35,35,34
8,차룡8교(수위계),2024-03-16,34,34,35,35,34,34,34,34,35,35,35,35,34,34,34,34,34,34,35,34,35,35,35,35
8,차룡8교(수위계),2024-03-17,34,34,34,34,34,34,35,35,34,35,34,35,34,35,35,35,35,34,35,35,34,35,35,34
8,차룡8교(수위계),2024-03-18,35,35,34,34,34,35,34,34,34,34,0,0,0,0,34,34,34,35,34,34,35,35,35,35
8,차룡8교(수위계),2024-03-19,35,34,34,34,34,34,34,34,34,35,34,35,35,34,34,34,34,34,35,34,34,35,34,34
8,차룡8교(수위계),2024-03-20,35,35,35,34,34,34,34,34,35,34,34,34,34,34,34,35,35,35,34,35,34,34,35,35
8,차룡8교(수위계),2024-03-21,34,34,34,34,35,35,34,34,35,35,34,34,34,34,35,34,34,34,35,34,34,34,35,35
8,차룡8교(수위계),2024-03-22,34,34,34,34,34,34,34,34,34,34,35,34,35,34,34,34,35,35,35,35,34,34,34,34
8,차룡8교(수위계),2024-03-23,34,35,35,35,35,35,35,34,35,34,34,34,35,34,35,35,34,34,35,34,35,34,34,34
8,차룡8교(수위계),2024-03-24,35,35,35,35,34,34,34,34,34,34,34,34,35,35,35,35,35,34,34,34,34,34,34,35
8,차룡8교(수위계),2024-03-25,35,35,35,35,35,35,35,35,34,34,34,34,34,34,34,34,34,35,35,35,35,35,34,34
8,차룡8교(수위계),2024-03-26,34,34,34,34,34,34,34,34,34,34,34,35,35,35,35,34,34,34,34,34,35,35,34,34
8,차룡8교(수위계),2024-03-27,35,35,34,34,34,34,34,34,34,34,34,35,34,35,35,34,34,35,35,34,34,34,34,35
8,차룡8교(수위계),2024-03-28,35,35,35,35,35,35,35,35,35,35,35,35,35,34,38,41,53,72,59,52,38,33,34,35
8,차룡8교(수위계),2024-03-29,35,35,35,34,35,35,35,35,35,35,34,35,34,34,35,34,35,35,35,35,35,35,34,35
8,차룡8교(수위계),2024-03-30,35,35,35,34,35,35,34,34,35,35,35,34,35,35,35,35,34,34,34,34,35,35,34,35
8,차룡8교(수위계),2024-03-31,35,35,35,35,34,34,35,35,34,34,35,34,35,34,35,35,35,34,35,35,35,35,35,35
8,차룡8교(수위계),2024-04-01,35,34,34,35,35,35,35,35,34,34,35,35,34,35,34,34,34,35,35,35,34,35,35,35
8,차룡8교(수위계),2024-04-02,35,35,34,34,34,34,34,34,35,34,35,35,35,35,35,35,35,35,34,35,35,35,34,35
8,차룡8교(수위계),2024-04-03,35,35,41,41,44,41,36,34,35,35,35,35,35,35,35,35,34,34,35,35,34,34,34,34
8,차룡8교(수위계),2024-04-04,34,34,34,35,35,35,35,35,34,35,35,34,34,35,35,35,35,35,34,34,35,35,35,34
8,차룡8교(수위계),2024-04-05,34,34,35,35,35,35,35,35,34,35,35,35,34,35,35,35,35,34,35,34,35,35,34,35
8,차룡8교(수위계),2024-04-06,35,35,35,34,34,34,34,34,35,34,34,35,34,34,34,34,34,34,34,35,34,35,34,34
8,차룡8교(수위계),2024-04-07,35,35,35,35,35,34,34,34,35,35,35,35,34,35,35,35,35,34,35,34,35,34,35,35
8,차룡8교(수위계),2024-04-08,34,34,34,35,35,35,35,35,35,35,35,34,35,35,34,34,35,35,34,35,35,35,34,34
8,차룡8교(수위계),2024-04-09,34,34,34,35,35,35,35,35,35,35,34,34,35,35,34,34,34,34,35,35,35,34,35,35
8,차룡8교(수위계),2024-04-10,35,34,34,34,34,34,35,35,34,35,35,34,35,34,34,34,34,35,35,35,35,35,34,34
8,차룡8교(수위계),2024-04-11,35,35,35,35,35,35,35,35,35,34,35,34,35,35,34,35,34,34,35,35,34,35,35,34
8,차룡8교(수위계),2024-04-12,34,34,35,35,35,35,35,35,35,35,34,34,35,34,35,35,35,35,35,34,35,34,34,35
8,차룡8교(수위계),2024-04-13,35,34,34,34,35,35,35,35,34,34,34,35,35,35,35,35,34,34,35,35,34,35,34,35
8,차룡8교(수위계),2024-04-14,35,35,34,34,35,35,35,35,34,34,34,34,35,35,35,35,35,35,34,35,35,35,34,34
8,차룡8교(수위계),2024-04-15,34,35,35,35,35,35,35,35,34,34,34,34,34,34,34,34,35,35,35,34,34,34,34,34
8,차룡8교(수위계),2024-04-16,35,35,35,35,35,35,35,35,34,34,35,34,35,35,34,34,35,35,34,35,34,35,34,35
8,차룡8교(수위계),2024-04-17,35,34,35,35,35,34,34,35,34,35,35,34,35,34,34,35,35,35,35,0,0,34,35,35
8,차룡8교(수위계),2024-04-18,35,35,34,34,34,35,35,35,34,34,34,35,34,35,35,35,34,34,35,0,0,34,34,35
8,차룡8교(수위계),2024-04-19,35,34,34,34,35,35,35,35,34,34,34,34,35,35,35,35,35,35,34,35,34,35,35,34
8,차룡8교(수위계),2024-04-20,34,34,35,35,35,35,35,35,34,34,34,34,34,34,34,34,34,34,35,35,35,35,35,35
8,차룡8교(수위계),2024-04-21,35,35,35,35,35,35,35,35,35,34,34,34,34,35,35,35,35,35,35,35,34,34,34,34
8,차룡8교(수위계),2024-04-22,34,34,34,34,34,34,34,34,34,34,35,35,35,35,35,35,35,35,35,35,34,34,35,35
8,차룡8교(수위계),2024-04-23,34,34,35,35,35,35,34,34,34,34,35,34,35,35,35,35,34,35,35,34,35,35,35,35
8,차룡8교(수위계),2024-04-24,34,34,34,34,34,34,34,34,34,35,35,34,34,35,34,35,34,34,35,34,35,34,35,35
8,차룡8교(수위계),2024-04-25,34,34,35,35,35,34,34,35,34,34,35,35,34,35,35,34,35,35,34,35,34,35,34,35
8,차룡8교(수위계),2024-04-26,35,34,34,34,34,34,34,34,35,35,34,35,34,35,34,34,34,34,35,35,34,35,34,34
8,차룡8교(수위계),2024-04-27,35,35,35,34,34,34,34,34,35,35,35,34,35,34,35,35,35,34,35,34,35,34,35,34
8,차룡8교(수위계),2024-04-28,34,34,35,35,35,34,34,35,34,35,35,34,35,35,35,35,35,35,34,35,34,35,35,35
8,차룡8교(수위계),2024-04-29,34,34,34,34,34,34,34,35,35,35,58,38,33,33,33,34,34,34,35,35,35,35,35,35
8,차룡8교(수위계),2024-04-30,35,35,35,35,35,35,35,35,34,35,35,34,35,35,35,35,35,35,35,34,35,35,35,0
8,차룡8교(수위계),2024-05-01,34,34,34,35,35,35,35,34,34,34,35,35,35,35,34,34,34,35,35,35,34,35,35,34
8,차룡8교(수위계),2024-05-02,34,35,35,35,34,34,34,34,35,35,35,34,35,35,34,35,35,35,34,35,34,35,35,34
8,차룡8교(수위계),2024-05-03,34,35,35,35,35,35,35,35,34,34,34,35,35,35,35,35,35,35,34,35,35,35,34,35
8,차룡8교(수위계),2024-05-04,35,34,35,35,35,34,34,35,34,34,34,35,35,35,35,35,35,35,35,34,35,35,34,34
8,차룡8교(수위계),2024-05-05,35,35,35,35,35,35,35,35,35,34,35,35,35,35,37,42,49,76,91,92,92,79,75,84
8,차룡8교(수위계),2024-05-06,153,136,101,88,77,67,54,49,44,41,38,35,34,34,34,35,35,35,35,35,35,35,35,35
8,차룡8교(수위계),2024-05-07,35,35,35,35,35,35,35,35,35,35,35,35,35,35,35,35,35,35,35,35,35,35,35,34
8,차룡8교(수위계),2024-05-08,34,34,34,35,35,35,35,35,35,35,35,35,35,35,35,35,35,35,35,35,35,35,34,35
8,차룡8교(수위계),2024-05-09,35,35,34,34,34,35,35,34,35,35,35,35,35,35,35,35,35,35,35,35,35,35,35,35
8,차룡8교(수위계),2024-05-10,35,35,34,34,35,35,35,34,35,35,35,35,35,35,35,35,35,35,35,35,35,35,34,35
8,차룡8교(수위계),2024-05-11,35,35,35,35,35,35,35,35,35,35,35,35,35,35,35,35,35,35,35,35,34,35,35,35
8,차룡8교(수위계),2024-05-12,35,35,35,35,35,35,35,35,35,35,35,35,35,35,35,35,35,35,35,35,35,35,35,35
8,차룡8교(수위계),2024-05-13,34,35,35,34,35,35,35,35,35,35,35,35,35,35,35,35,35,35,35,35,35,35,35,35
8,차룡8교(수위계),2024-05-14,35,34,34,35,35,35,35,35,35,35,35,35,35,35,34,34,34,35,35,35,35,35,35,35
8,차룡8교(수위계),2024-05-15,34,35,35,35,35,34,34,35,34,34,35,35,35,35,35,35,35,35,35,35,35,34,35,35
8,차룡8교(수위계),2024-05-16,35,35,34,34,35,35,35,35,35,35,35,35,35,35,35,35,35,35,35,35,34,35,35,35
8,차룡8교(수위계),2024-05-17,35,35,34,34,35,35,35,34,35,35,32,32,32,32,32,32,32,32,32,32,32,32,32,32
8,차룡8교(수위계),2024-05-18,32,32,32,32,32,32,32,32,32,32,32,32,32,32,32,32,32,32,32,32,31,40,34,31
8,차룡8교(수위계),2024-05-19,31,31,31,31,31,31,31,31,31,31,31,31,31,31,31,31,31,31,31,31,31,31,31,31
8,차룡8교(수위계),2024-05-20,31,31,31,31,31,31,31,31,31,31,31,31,31,31,31,31,31,31,31,31,31,31,31,31
8,차룡8교(수위계),2024-05-21,31,31,31,31,31,31,31,31,31,31,31,31,31,31,31,31,31,31,31,31,31,31,31,31
8,차룡8교(수위계),2024-05-22,31,31,31,31,31,31,31,31,31,31,31,31,31,31,31,31,31,31,31,31,31,31,31,31
8,차룡8교(수위계),2024-05-23,31,31,31,31,31,31,31,31,0,0,0,0,31,31,31,31,31,31,31,31,31,31,31,31
8,차룡8교(수위계),2024-05-24,0,0,0,31,0,31,31,31,31,31,31,31,31,31,31,31,31,31,31,31,31,31,31,31
8,차룡8교(수위계),2024-05-25,31,31,31,31,31,31,31,31,31,31,31,31,31,31,31,31,31,31,31,31,31,31,31,31
8,차룡8교(수위계),2024-05-26,31,31,31,31,31,31,0,31,31,31,31,31,31,31,0,0,31,31,31,0,0,0,0,0
8,차룡8교(수위계),2024-05-27,0,0,0,0,0,0,0,31,31,31,0,31,31,31,31,31,31,31,31,31,31,31,31,31
8,차룡8교(수위계),2024-05-28,31,31,31,31,31,31,31,31,31,31,31,31,31,31,31,31,31,31,31,31,31,31,31,31
8,차룡8교(수위계),2024-05-29,31,31,31,31,31,31,45,41,45,32,33,33,32,32,63,38,35,70,62,71,46,32,38,36
8,차룡8교(수위계),2024-05-30,32,32,32,32,32,32,32,32,32,32,32,32,32,32,32,32,32,32,32,32,32,32,32,32
8,차룡8교(수위계),2024-05-31,32,32,32,32,32,32,32,32,32,32,32,32,32,32,32,32,32,32,32,32,32,32,32,32
8,차룡8교(수위계),2024-06-01,32,32,32,32,32,32,32,32,32,32,32,32,76,34,31,31,31,31,31,31,31,31,31,31
8,차룡8교(수위계),2024-06-02,31,31,31,31,31,31,31,31,31,31,31,31,31,31,31,31,31,31,31,31,31,31,31,31
8,차룡8교(수위계),2024-06-03,31,31,31,0,0,31,31,31,31,31,31,31,31,31,31,31,31,31,31,31,31,31,31,31
8,차룡8교(수위계),2024-06-04,31,31,31,31,31,31,31,31,31,31,31,31,31,31,31,31,31,31,31,31,31,31,31,31
8,차룡8교(수위계),2024-06-05,31,31,31,31,31,31,31,31,31,31,31,31,31,31,31,31,31,31,31,31,31,31,31,31
8,차룡8교(수위계),2024-06-06,31,31,31,31,31,31,31,31,31,31,31,31,31,31,31,31,31,31,31,31,31,31,31,31
8,차룡8교(수위계),2024-06-07,31,31,31,31,31,31,31,31,31,31,31,31,31,31,31,31,31,31,31,31,31,31,31,31
8,차룡8교(수위계),2024-06-08,31,31,31,31,31,31,31,31,31,31,31,31,31,31,31,31,31,31,31,31,31,31,31,31
8,차룡8교(수위계),2024-06-09,31,31,31,31,31,31,31,31,31,31,31,31,31,31,31,31,31,31,31,31,31,31,31,31
8,차룡8교(수위계),2024-06-10,31,31,31,31,31,31,31,31,31,31,31,31,31,31,31,31,31,31,31,31,31,31,31,31
8,차룡8교(수위계),2024-06-11,31,31,31,31,31,31,31,31,31,31,31,31,31,31,31,31,31,31,31,31,31,31,31,31
8,차룡8교(수위계),2024-06-12,31,31,31,31,31,31,31,31,31,31,31,31,31,31,31,31,31,31,31,31,31,31,31,31
8,차룡8교(수위계),2024-06-13,31,31,31,31,31,31,31,31,31,31,31,31,31,31,31,31,31,31,31,31,31,31,31,31
8,차룡8교(수위계),2024-06-14,31,31,31,31,31,31,31,31,31,31,31,31,31,31,31,31,31,64,31,32,32,32,32,32
8,차룡8교(수위계),2024-06-15,32,32,32,31,31,31,31,32,32,32,32,32,32,32,32,32,32,32,32,32,32,32,32,32
8,차룡8교(수위계),2024-06-16,31,32,32,32,32,32,32,32,31,32,32,32,32,32,32,32,32,32,32,32,32,32,32,32
8,차룡8교(수위계),2024-06-17,32,31,32,32,32,32,32,32,32,32,32,32,32,32,32,32,32,32,32,32,32,32,32,32
8,차룡8교(수위계),2024-06-18,32,32,32,31,31,31,32,31,32,32,32,32,32,32,32,32,32,32,32,32,32,32,32,32
8,차룡8교(수위계),2024-06-19,32,32,31,31,32,32,32,31,32,32,32,32,32,32,32,32,32,32,32,32,32,31,32,32
8,차룡8교(수위계),2024-06-20,32,32,32,32,32,31,31,32,32,32,32,31,32,32,32,31,32,32,32,32,32,32,32,32
8,차룡8교(수위계),2024-06-21,32,32,31,31,31,31,32,32,31,31,32,32,32,32,31,31,31,31,32,32,32,32,32,32
8,차룡8교(수위계),2024-06-22,32,32,32,32,31,31,31,31,32,31,32,32,31,32,32,32,32,32,32,32,32,32,32,32
8,차룡8교(수위계),2024-06-23,32,32,32,32,31,32,32,32,32,32,32,32,32,32,32,32,32,32,32,32,32,32,32,32
8,차룡8교(수위계),2024-06-24,31,31,0,0,0,0,0,32,31,32,31,32,32,0,0,0,0,32,32,0,32,32,32,32
8,차룡8교(수위계),2024-06-25,32,32,31,31,31,31,31,32,32,32,31,32,32,32,32,32,32,0,32,32,49,57,38,31
8,차룡8교(수위계),2024-06-26,32,32,32,33,35,32,32,33,32,32,50,51,31,32,32,32,32,32,32,32,32,32,32,0
8,차룡8교(수위계),2024-06-27,0,0,31,32,32,32,32,32,0,0,0,32,32,0,0,0,0,0,0,0,0,32,32,32
8,차룡8교(수위계),2024-06-28,95,58,41,45,46,0,0,0,0,34,31,31,31,31,31,31,31,31,31,31,31,31,31,31
8,차룡8교(수위계),2024-06-29,31,31,31,31,31,31,30,30,30,31,31,31,30,30,31,31,31,31,31,34,37,31,31,31
8,차룡8교(수위계),2024-06-30,31,31,31,31,31,31,31,56,61,41,31,32,32,32,32,32,32,32,32,32,32,32,32,0
8,차룡8교(수위계),2024-07-01,32,32,32,32,32,32,32,32,32,32,32,32,32,32,32,32,32,32,32,32,32,32,32,32
8,차룡8교(수위계),2024-07-02,32,32,32,32,32,32,32,32,32,32,32,32,32,32,32,32,32,32,32,32,32,32,32,32
8,차룡8교(수위계),2024-07-03,32,32,32,32,32,32,32,32,32,32,32,32,32,32,32,32,32,32,32,32,32,32,32,32
8,차룡8교(수위계),2024-07-04,32,32,32,32,32,32,32,32,32,32,32,32,32,32,32,32,32,32,31,32,32,32,32,32
8,차룡8교(수위계),2024-07-05,32,32,32,32,32,40,63,42,30,31,31,31,31,31,31,31,31,31,31,31,31,31,31,31
8,차룡8교(수위계),2024-07-06,31,31,31,31,31,31,31,31,31,31,31,31,31,31,31,31,31,31,31,31,31,31,31,31
8,차룡8교(수위계),2024-07-07,31,31,31,31,31,31,31,31,31,31,31,31,31,31,31,88,77,149,102,59,46,42,35,33
8,차룡8교(수위계),2024-07-08,34,33,31,31,31,31,32,32,32,32,32,32,32,32,32,32,32,32,32,32,32,32,32,32
8,차룡8교(수위계),2024-07-09,32,32,32,32,32,32,32,32,32,32,32,32,32,32,32,32,32,32,32,32,32,32,32,32
8,차룡8교(수위계),2024-07-10,32,32,32,32,32,32,32,32,32,32,32,32,32,32,32,32,32,32,32,32,32,32,32,32
8,차룡8교(수위계),2024-07-11,32,32,32,32,32,32,32,32,32,32,32,32,32,32,32,84,62,43,31,31,35,31,32,31
8,차룡8교(수위계),2024-07-12,31,31,31,31,31,35,50,36,62,48,32,32,32,32,32,32,32,32,32,32,32,32,32,32
8,차룡8교(수위계),2024-07-13,32,32,32,32,32,32,32,32,32,63,39,31,32,32,32,32,32,32,32,32,32,32,32,32
8,차룡8교(수위계),2024-07-14,32,32,32,32,32,39,51,51,53,66,56,55,46,38,34,32,31,31,31,31,31,31,31,31
8,차룡8교(수위계),2024-07-15,31,31,31,31,31,31,31,31,31,31,31,31,31,31,31,31,31,31,31,31,31,31,31,31
8,차룡8교(수위계),2024-07-16,31,31,31,31,31,31,31,66,64,95,90,140,94,98,125,123,139,99,81,73,67,62,58,54
8,차룡8교(수위계),2024-07-17,69,94,73,71,62,65,54,49,47,45,130,90,67,73,63,58,55,57,50,47,46,43,41,38
8,차룡8교(수위계),2024-07-18,36,35,33,32,31,31,31,31,31,31,31,79,121,153,111,83,79,77,70,137,106,78,68,62
8,차룡8교(수위계),2024-07-19,58,55,51,49,46,43,41,39,38,36,35,33,32,32,32,31,31,31,31,32,31,31,31,32
8,차룡8교(수위계),2024-07-20,32,32,32,32,32,32,32,32,32,32,32,32,32,32,32,32,32,32,32,32,32,32,32,32
8,차룡8교(수위계),2024-07-21,32,32,32,32,32,32,32,32,32,32,32,32,32,32,32,32,32,32,32,32,32,32,32,32
8,차룡8교(수위계),2024-07-22,32,32,32,32,32,32,32,32,32,32,32,32,32,32,32,32,32,32,32,32,32,32,32,32
8,차룡8교(수위계),2024-07-23,32,32,32,32,32,32,32,32,32,32,32,32,32,32,32,32,32,32,32,32,32,43,32,32
8,차룡8교(수위계),2024-07-24,32,32,32,32,32,32,32,32,32,32,62,37,32,32,32,32,32,32,32,32,32,32,32,32
8,차룡8교(수위계),2024-07-25,32,32,32,32,32,32,32,32,32,32,32,32,32,32,32,32,32,32,32,32,32,32,32,32
8,차룡8교(수위계),2024-07-26,32,32,32,32,32,32,32,32,32,32,32,32,32,32,32,32,32,32,32,32,32,32,32,32
8,차룡8교(수위계),2024-07-27,32,32,32,32,32,32,32,32,32,32,32,32,32,32,32,32,32,32,32,32,32,32,32,32
8,차룡8교(수위계),2024-07-28,32,32,32,32,32,32,32,32,32,32,32,32,32,32,32,32,32,32,32,32,32,32,32,32
8,차룡8교(수위계),2024-07-29,32,32,32,32,32,32,32,32,32,32,32,32,32,32,32,32,32,32,32,32,32,32,32,32
8,차룡8교(수위계),2024-07-30,32,32,32,32,32,32,32,32,32,32,32,32,32,32,32,32,32,32,32,32,32,32,32,32
8,차룡8교(수위계),2024-07-31,32,32,32,32,32,32,32,32,32,32,32,32,32,32,32,0,32,32,0,0,0,0,0,0
8,차룡8교(수위계),2024-08-01,0,0,0,0,0,0,0,0,0,0,0,0,0,0,32,0,32,32,32,0,0,0,0,0
8,차룡8교(수위계),2024-08-02,0,0,0,0,0,0,32,32,32,32,32,32,32,32,32,32,32,32,32,32,32,32,32,32
8,차룡8교(수위계),2024-08-03,32,32,32,32,32,32,32,32,32,32,32,32,32,32,32,32,32,32,32,32,32,32,32,32
8,차룡8교(수위계),2024-08-04,32,32,32,32,32,32,32,32,32,32,32,32,32,32,32,32,32,32,32,32,32,32,32,32
8,차룡8교(수위계),2024-08-05,32,32,32,32,32,32,32,32,32,32,32,32,32,32,32,32,32,32,32,32,32,32,32,0
8,차룡8교(수위계),2024-08-06,0,0,0,0,0,32,32,32,32,0,0,32,32,32,32,0,0,0,0,0,0,0,0,32
8,차룡8교(수위계),2024-08-07,32,32,32,32,32,32,32,32,32,32,32,32,32,32,32,32,32,32,32,32,32,32,32,32
8,차룡8교(수위계),2024-08-08,32,32,32,32,32,32,32,32,32,32,32,32,32,32,32,32,32,32,32,32,32,32,32,32
8,차룡8교(수위계),2024-08-09,32,32,32,32,32,32,32,32,0,0,0,0,0,0,0,0,0,0,0,32,32,33,0,0
8,차룡8교(수위계),2024-08-10,0,0,0,0,0,0,0,0,0,212,152,142,123,97,82,72,65,61,55,51,47,44,40,37
8,차룡8교(수위계),2024-08-11,35,34,33,32,32,32,32,32,32,33,33,33,33,33,33,33,33,33,33,33,33,33,33,33
8,차룡8교(수위계),2024-08-12,33,33,33,33,33,33,33,33,33,33,33,0,0,0,0,0,0,0,0,0,0,0,0,0
8,차룡8교(수위계),2024-09-05,0,0,0,0,0,0,0,0,0,0,0,0,0,0,0,0,4.096,4.102,4.106,4.113,4.112,4.113,4.114,4.119
8,차룡8교(수위계),2024-09-06,4.122,4.122,4.122,4.121,4.123,4.127,4.124,4.124,4.126,4.117,4.11,4.111,4.105,4.11,4.103,4.107,4.116,4.116,4.117,4.126,4.122,4.121,4.121,4.125
8,차룡8교(수위계),2024-09-07,4.123,4.12,4.122,4.121,4.123,4.125,4.129,4.121,4.119,4.113,4.112,4.217,4.207,4.209,4.186,4.172,4.183,4.207,4.215,4.142,4.136,4.133,4.133,4.211
8,차룡8교(수위계),2024-09-08,4.216,4.215,4.152,4.148,4.147,4.146,4.146,4.148,4.157,4.157,4.152,4.164,4.159,4.162,4.142,4.147,4.144,4.147,4.148,4.145,4.145,4.149,4.147,4.143
8,차룡8교(수위계),2024-09-09,4.143,4.146,4.148,4.149,4.146,4.148,4.145,4.144,4.143,4.144,4.147,4.145,4.139,4.128,4.133,4.137,4.14,4.138,4.139,4.14,4.144,4.144,4.147,4.146
8,차룡8교(수위계),2024-09-10,4.141,4.141,4.142,4.144,4.142,4.14,4.144,4.141,4.142,4.142,4.138,4.133,4.128,4.129,4.138,4.131,4.133,4.131,4.133,4.133,4.134,4.133,4.134,4.133
8,차룡8교(수위계),2024-09-11,4.137,4.136,4.137,4.138,4.138,4.138,4.136,4.137,4.144,4.145,3.933,-0.052,0.021,0.056,12.7,0.8,-0.1,-9.1,-10.5,-7.2,-6.5,-7.3,-6.6,-7.1
8,차룡8교(수위계),2024-09-12,-7.1,-7.1,-7.3,3.7,3.6,2.9,-5.1,-6.7,-7.3,-0.3,2.7,2.3,3.8,3.1,2.9,3.2,3.1,1.9,-1.3,-4.5,-5.3,-3.9,2.3,2.7
8,차룡8교(수위계),2024-09-13,1.8,2.3,2.8,2.6,3.3,3.4,3,2.7,3.1,1.7,-4.9,1.6,2.6,0.1,-3.3,-5.4,3.5,3.3,3.1,2.9,3.4,2.7,1.6,-2.2
8,차룡8교(수위계),2024-09-14,2,2.8,3.6,3.8,4,4.2,4.3,4.7,5.4,3.9,4.3,3.1,-2,1.7,5.1,2.6,3.6,0.3,2,2.6,2.2,1.8,2.9,3.9
8,차룡8교(수위계),2024-09-15,4.4,3.6,3.7,4,6.7,6.8,6.8,6.7,6.7,7.2,7.4,7.6,7.3,7.5,7.5,7,6.6,-6.9,-8.1,7,-6.2,-4.5,-1.6,-3.2
8,차룡8교(수위계),2024-09-16,-12.7,-4.7,-1.5,4.5,-2.6,5.9,6,6,-16.5,-8.5,-16.4,-16.3,-16.4,-16.1,-16.1,-16.5,-4.2,6.3,6.4,-13.9,-6.8,-14.1,-16.2,-14.6
8,차룡8교(수위계),2024-09-17,-16.1,-16.5,-16.4,-16.7,-17,-16.6,-16.6,-16.8,-16.8,-17.2,-16.7,-16.3,-6.5,-6.8,-15.8,-16.1,-15.9,-16.1,-16.5,-16.5,-16.3,-16.4,-16.4,-16.3
8,차룡8교(수위계),2024-09-18,-16.4,-16.5,-16.7,-16.5,-7.5,-9.5,-17,-16.8,-16.8,-16.5,-16.4,-5.7,-6.4,-6.2,-6,-6.2,-6.3,-6.2,-4.5,-16.4,-8.9,-16.3,-16.6,-17
8,차룡8교(수위계),2024-09-19,-16.7,-16.9,-17,-17,-16.9,-16.9,-17,-17,-16.9,-16.9,-6.3,-6.7,-6.5,-6.5,-6.5,-6.1,-6.1,-6.6,-6.5,-11.5,-8.1,-16.8,-16.9,-16.8
8,차룡8교(수위계),2024-09-20,-16.7,-16.6,-16.6,-16.7,-16.5,-16.6,-16.5,-16.6,-16.5,-16.5,-16.2,-16.5,-16.4,-16.4,-16.3,-16.3,4.9,8.9,49.3,81.7,56,78,83.2,119.5
8,차룡8교(수위계),2024-09-21,115.7,234.3,178,92.4,75.7,51.9,47.8,47.5,55.6,55.3,57.5,133.7,173.3,244.8,217.7,153.2,118.3,115.4,109.9,151.6,185.6,103.3,74.4,62.1
8,차룡8교(수위계),2024-09-22,52.4,45.3,40.3,36.2,32.3,28.1,25.6,23.4,21.1,19.4,17.7,15.8,14.3,13.3,14.2,4.1,6.4,4.4,3.9,2.9,2.4,1.6,1.2,-0.7
8,차룡8교(수위계),2024-09-23,-0.4,-1.9,-2.4,-2.2,-2,-3.8,-3.9,-3.7,-2.8,-2.7,-3.7,-3.8,-3.8,-3.8,-4,-4.4,-4,9.5,9,9.1,9,8.7,8.7,8.5
8,차룡8교(수위계),2024-09-24,8.4,8,7.9,8,7.8,7.7,7.6,7.7,7.7,7.7,7.7,7.6,7.6,7.5,7.6,7.5,7.4,7.4,7.2,7.5,7.6,7.6,1.6,7.4
8,차룡8교(수위계),2024-09-25,7.2,7.4,1.7,3.9,0.8,3.4,-5,-5.3,7.2,7.3,7.4,-5.4,7.2,7.2,7.3,7.2,7.2,7.2,7.3,-5,-5,-5.2,-5.1,-5
8,차룡8교(수위계),2024-09-26,-5.1,-5,-5.1,-5.3,-5.1,-5.1,-5.3,-5,-5.1,-4.9,-5,-5.2,-5,-4.9,-4.7,-4.8,-4.9,-5.1,-4.7,-4.9,-4.8,-4.8,-4.7,-4.8
8,차룡8교(수위계),2024-09-27,-4.7,-4.8,-4.8,-5,-4.8,-4.9,-5.1,-5.1,-5.2,-5.3,-5.3,-5.3,-5.3,-5.3,-5.2,-4.9,-5.2,-4.9,-5.1,-5,-5.2,-5,-5.1,-5.2
8,차룡8교(수위계),2024-09-28,-5.4,-5.2,-5.3,-5.2,-5.4,-5.5,-5.6,-5.6,-5.7,-5.6,-5.7,-5.7,-5.7,-5.6,-6,-5.8,-5.8,-5.7,-5.8,-5.9,-5.9,-5.8,-5.8,-5.7
8,차룡8교(수위계),2024-09-29,-5.7,-5.8,-5.9,-6,-5.7,-5.8,-6.3,-6,-5.9,-6.1,-6.1,-6.7,-6.5,-6.1,-5.8,-6,-6.3,-6.1,-6.2,-6.1,-6.3,-6.3,-6.5,-6.3
8,차룡8교(수위계),2024-09-30,-6.2,-6.1,-5.9,-6,-6,-6,-6.1,-6.1,-6.4,-6.6,-6.9,-7.1,-6.7,-6.8,-6.7,-6.5,-6.5,-7,-6.8,-6.6,-6.5,-6.7,-6.3,-6.6
8,차룡8교(수위계),2024-10-01,-6.6,-6.6,-6.5,-6.5,-5.8,7,6.8,1.3,7,6.9,7,7.1,6.8,6.8,6.7,-7,-7.1,-7.2,-7.1,-7.2,-7.2,-7.3,-7.3,-7.8
8,차룡8교(수위계),2024-10-02,-7.5,-7.4,-7.6,-7.2,-7.3,-7.1,-7.3,-7.4,-7.3,-7.4,-7.4,-7.6,-7.7,-7.8,-7.2,-7,-7.3,-7.1,-6.8,-6.8,-7.3,-7,-6.6,-7
50,연덕교(수위계),2024-10-02,0,0,0,0,0,0,0,0,0,0,0,0,0,0,0,0,0,-300,30,29.7,30,30,30,29.6
8,차룡8교(수위계),2024-10-03,-7.2,-7.2,-7.1,-7,-7,-6.8,-7.1,-7.6,-7.5,-7.4,-1.5,-1.7,-1.6,-1.9,-1.6,-1.6,-1.7,-1.8,-1.9,-2,-2.1,-1.9,-1.9,-2
50,연덕교(수위계),2024-10-03,30,30,29.9,29.5,29.3,29.9,30,29.3,29,29,30,29.9,30,30,30,30,29.9,29.9,30,31.4,57.1,78,67.4,55
8,차룡8교(수위계),2024-10-04,-1.8,-1.9,-1.8,-1.8,-1.8,-1.7,-1.6,-1.4,-1.9,-2.1,-2.1,-2.2,-2,-2,-1.9,-1.9,-1.9,-2,-1.9,-2,-2,-1.8,-1.9,-1.8
50,연덕교(수위계),2024-10-04,44.7,39.3,37,35,34,33,32.1,32,32,32,32,31.9,32,31,30.6,31.1,32,32,31,31,31,31,30.7,30.5
8,차룡8교(수위계),2024-10-05,-1.9,-1.9,-1.3,-1.3,-1.4,-1.2,-1.2,-1.6,-1.6,-1.7,-1.9,-1.9,-1.8,-1.8,-1.5,-1.5,-1.4,-1.6,-1.7,-1.8,-1.5,-1.6,-1.8,-1.1
50,연덕교(수위계),2024-10-05,30,30,30,30,30,29.9,29.7,30,30,30,30,30,30.7,30.4,30,30,30,30,30,30,30,30,30,30
8,차룡8교(수위계),2024-10-06,-1.2,-1.3,-1.3,-1.2,-1.3,-1.3,-1.3,-1.8,-1.8,-1.6,-1.9,-1.9,-2,-1.9,-1.9,-2,-2.1,-2.6,-1.8,-1.8,-1.8,-2,-1.9,-1
50,연덕교(수위계),2024-10-06,29.9,30,29.5,29.2,29.2,29,29,29.7,29,29,29,29.3,29.6,29.1,29,29,30,31.6,42,45,42.7,39,36.3,34.6
8,차룡8교(수위계),2024-10-07,-2.2,-1.8,8.4,-1.8,2.6,12.5,1.4,2.7,-2,-2,-2.3,-1.9,-2.2,-1.9,-1.9,-1.9,-2,-2,-2.1,-2.2,12.4,14.1,14.4,9
50,연덕교(수위계),2024-10-07,33,32,32,31,31,30.9,30.7,31.3,34,35,35,34.3,33.3,32.2,32,31.3,31,31,31,31.1,32.3,33,32.9,32
8,차룡8교(수위계),2024-10-08,3.1,-2.3,14.5,14.7,9,5.6,14.8,15,-2.4,14.9,5.9,-3.2,-3.5,-3.1,-3.1,-3.2,-3,-2.7,-2.8,-2.9,-2.9,-2.5,-2.7,-3.1
50,연덕교(수위계),2024-10-08,31.5,31.2,31,30.5,30,30,30,30,30,30,30,30,30,29.2,30,29.9,29.8,29.6,29.9,29.2,29,29,30,30
8,차룡8교(수위계),2024-10-09,-2.4,-2.7,-2.7,-2.9,-2.9,-2.6,-2.4,-2.9,-3.1,-3.2,-3.3,-3.4,-3.1,-3,-2.9,-2.9,-2.3,-2.9,-2.2,-2.3,-2.4,-3.2,-2.6,-2.9
50,연덕교(수위계),2024-10-09,29.3,29,29,29,29,28.5,28.4,28,28.7,28,28,28,28,29,28.8,28.8,28.8,28.3,28.3,28.4,29,28.7,29,29
8,차룡8교(수위계),2024-10-10,-2.9,-3,-2.9,-2.9,-3.1,-2.9,-3,-2.9,-3.3,-3.2,-3.4,-3.4,-3.6,-3.1,-3,-2.9,-2.9,-3,-3,-3.1,-2.9,-2.8,-2.6,-2.7
50,연덕교(수위계),2024-10-10,28.8,28,28,28,27.9,28,28,28,28.3,29,28,28,28.4,28.1,28.5,28,28,28.1,29.8,29.4,29,28.9,29,29.1
8,차룡8교(수위계),2024-10-11,-3,-2.9,-2.5,2.3,11.2,14.9,12.6,14.9,14.9,15,15.1,-3.4,-3.4,-3.2,-3,-3,-3.1,-2.7,-3.1,-3.6,-3.6,-3.4,-3.3,10
50,연덕교(수위계),2024-10-11,29,28,27.9,28,27.7,28,28,28,27.4,27,27.7,27,27,28,28,28,28,28,28.2,28,27.9,27.9,27.5,27
8,차룡8교(수위계),2024-10-12,3.2,-2.9,-2.7,-1.8,-1.6,3.9,-2.2,-1.6,-1.6,12,-2.7,-2.9,-3,-2.6,-2.2,-2.1,-2.4,-2.2,-2.1,-2.2,-2.3,-2.3,-2.2,-0.5
50,연덕교(수위계),2024-10-12,27.7,27.9,28,27,27,27,27,27,27,27,27,27,27,27,27,27,26.7,27,27,27,27,27,27.5,27
8,차룡8교(수위계),2024-10-13,12.1,-1.5,5.5,13.6,13.6,13.5,13.6,13.2,13.7,13.6,13.6,-3,-2.6,-2.4,-2.2,-2,-1.9,-1.7,-1.5,-1.4,-1.2,-1,-1.5,-1.7
50,연덕교(수위계),2024-10-13,27,27,27,27,27,26.5,26.9,26.6,27,27,27,26.4,26.5,26.3,27,27,27,26.9,26.2,26.8,26.5,27,26.3,26.7
8,차룡8교(수위계),2024-10-14,-1.1,-1.5,-1.8,-1.1,-1.9,-1.8,-1.4,-1.3,-1.3,-1.7,-1.6,-1.3,-1.6,-1.1,-1.4,-1.4,-1.1,-1.3,-0.5,-1.3,-1.1,-1.2,1,-1.3
50,연덕교(수위계),2024-10-14,26.9,26.8,26.8,26.6,26.1,26.1,26,26,26.1,26.2,26.2,26.3,26,26,26.8,27,27,27,27.3,27,27,34.6,115.7,143.9
8,차룡8교(수위계),2024-10-15,2.7,-1.1,-1,13.1,13.2,13.1,-1.2,-1,-1.4,-0.8,-0.4,-1,-1.2,-1.2,-1,-0.7,-0.9,-0.9,-0.5,-0.8,-0.7,-0.9,-0.6,-0.8
50,연덕교(수위계),2024-10-15,121.5,78.2,57.5,48,42.2,47.9,46,42.5,39.6,38.6,41.4,43,40,38.2,37,36,36,35,34.3,34,34,34,33.7,33
8,차룡8교(수위계),2024-10-16,-0.8,-0.9,-1.2,-1.5,-1.4,-1.5,-1.4,-1.2,-1.1,-0.9,-1.4,-0.4,0,-0.6,-0.4,-0.4,-0.4,-0.1,-0.5,0.2,-1.5,-1.1,9.5,-1.4
50,연덕교(수위계),2024-10-16,32.4,32,32,32,32,31,31,31,31.2,31.2,31,31,31,31.7,31,31,31,30.5,31,30.1,30,30,30,30
8,차룡8교(수위계),2024-10-17,8.7,-0.3,0.1,-0.2,-0.8,-0.3,-0.4,-0.4,-0.6,-0.5,-0.7,-0.7,-1,-0.8,-0.7,-0.7,-0.5,-1,-0.9,-0.5,-0.8,-1,-1.1,-0.9
50,연덕교(수위계),2024-10-17,30,29.7,29.1,29,29.9,29.3,29,29,29,29,29.3,29,28.8,29,29,30,29.7,29,29,29,29,29,29,29
8,차룡8교(수위계),2024-10-18,-1,-0.6,-0.7,-1,-1,-0.9,-1.2,-1.2,-1.1,-1.1,-1.1,-1.4,-1.1,-1.4,-1.6,-1.3,-1.1,-1.1,-1.1,-1.3,-0.9,-1.1,-1.1,-0.8
50,연덕교(수위계),2024-10-18,28.9,29,28.8,28.8,28.3,28,28,28,28,28,28,28.5,28.2,29,48,96.1,109.7,178.6,229.4,216.4,199.2,156.6,123.5,114.7
8,차룡8교(수위계),2024-10-19,-0.7,-0.5,-1.3,-0.7,-1.3,-1.3,-1.4,-1.3,-1.5,-1.7,-1.5,-1.8,-1.5,-1.6,-1.8,20.9,9.5,7.8,6.4,6.2,7.5,7.5,15,14.2
50,연덕교(수위계),2024-10-19,107.3,102.3,97.2,93.2,89.2,86,81.3,78.9,76,74,73,70.7,70,68,72.1,123.1,117.3,96.7,79.2,72,69,66.9,65.9,65.4
8,차룡8교(수위계),2024-10-20,13.4,13.2,13,12.6,14,12.8,14.6,11.2,13.9,15,11.6,9.5,13.2,-4.4,7.7,9.9,12.4,8.9,13,12.3,12,13.8,4.4,0.4
50,연덕교(수위계),2024-10-20,64,62.4,62,61.1,61,60.4,60,60,59.5,58,58,57.6,57,56,55.5,55,54,53.9,53.9,53,52.4,52.1,51,50.2
8,차룡8교(수위계),2024-10-21,4.4,4.3,0.5,3,8.5,7.6,7.5,7.4,7.1,6.6,6.5,6.4,7.4,7.2,7.8,8.5,9.1,9.8,11,11.1,11.2,11.3,11.6,11.5
50,연덕교(수위계),2024-10-21,50,49.9,49.3,49,48.1,48,48,47.9,48,47.9,48,47,46,46,45.4,46,46,45,45,45,44,43,43,43
8,차룡8교(수위계),2024-10-22,11.4,12,10.5,14.6,19.7,48.3,31.5,17.5,28.6,19.4,7.5,7.6,7.1,7.1,7.1,7.1,7,7,7,6.8,6.8,6.8,6.6,6.5
50,연덕교(수위계),2024-10-22,53.6,81.2,131.2,153.9,154.2,170,166.4,163.4,182.6,175.9,152,139.1,132,126.8,122,116.8,112.3,109.3,106.7,104.7,98,96.8,94.4,90.2
8,차룡8교(수위계),2024-10-23,6.4,6.3,6.3,6.4,6,6.3,5.9,6,5.7,5.8,5.6,5.7,5.4,5.8,5.2,5.3,5.1,4.8,4.5,4.3,4.5,4.2,3.9,4.1
50,연덕교(수위계),2024-10-23,87.2,84.8,82.8,80.8,78.7,77,76,73.9,72.5,71.7,71,70,69,67.3,66.8,66,65,64,63,62.6,62,60.9,61,60
8,차룡8교(수위계),2024-10-24,3.6,3.8,3.6,3.7,3.6,3.5,3.6,3.3,3.5,3,3.3,2.8,2.8,2.7,2.8,3.2,3.8,3.5,3,12.8,12.7,12.8,12.6,12.4
50,연덕교(수위계),2024-10-24,60,60,58,58,57.2,57,56.3,56.2,55.9,55,54.8,54,53.9,53.6,52.7,52,52,52,52,51.6,51,50,49.7,49
8,차룡8교(수위계),2024-10-25,12.6,12.4,12.3,12.6,12.6,12.6,12.7,12.5,12.9,12.7,13.2,13.6,13.7,14,13.6,13.5,13.6,13.5,13.9,13.2,12.9,12.7,12.7,12.6
50,연덕교(수위계),2024-10-25,49.7,49.3,48.5,48,48,47.2,47.8,47,47,47,46.9,46,45.7,45,45.7,45.3,45.5,45,44.9,44,45,44.2,43,43.3
8,차룡8교(수위계),2024-10-26,12.5,13.8,14.2,4.4,13.1,-1.7,-1.5,-1.8,-1.7,-1.9,14.7,14.7,15.1,15.1,15.4,15.4,15.2,15.3,7,13.6,13.5,9.4,3.2,-1.6
50,연덕교(수위계),2024-10-26,43,44,43,42.7,42,42,42.7,42,42,42,41.9,42,41,41,40.9,40,41,41,40,40,40,41,40.5,40
8,차룡8교(수위계),2024-10-27,-1.6,-1.6,-1.7,1.1,-1.5,-1.6,-1.6,-1.5,-1.6,-1.8,-1.8,-1.7,-1.6,-1.5,-1.4,-1.4,-1.3,-1.3,-1.6,-1.3,-1.5,-1.7,-1.2,0.2
50,연덕교(수위계),2024-10-27,40,40,40.6,40,40,40,40,40,40,39.3,39,39,39.4,39.9,40,39,39.3,39.3,39,39.4,40,41,42,42
8,차룡8교(수위계),2024-10-28,-1.4,-0.7,0.1,13.3,10.5,13.3,13.3,13.1,13.1,13.3,11.9,5.1,-2,-1.9,-0.1,-2,-2,-2,-2.4,-2.4,-2.3,-2.4,-2.5,-2.6
50,연덕교(수위계),2024-10-28,40,39,38.4,38,37.7,38,38,38,38,38,38.1,39,38.1,38,38,38,37.2,37,37,37,37,36.5,37,37.3
8,차룡8교(수위계),2024-10-29,-2,-2.5,-2.6,-2.5,-2.7,-2.6,-2.5,-2.5,-2.9,-2.8,-3.1,-3,-3,-2.9,-3,-2.8,-2.8,-2.8,-2.8,-2.7,-2.9,-2.9,-2.9,-3
50,연덕교(수위계),2024-10-29,37,36,36,36,36,36,36,36,36,36.3,36,36,36,36,36,36,35,35,35.9,36,36,35,35,35
8,차룡8교(수위계),2024-10-30,-3,-2.9,-3,-3,-2.7,-2.8,-2.7,-2.9,-2.9,-3.1,-3.5,-3.4,-3.3,-3.2,-3,-2.9,-3,-3.1,-3.2,-3.1,-3.1,-3,-3.1,-2.9
50,연덕교(수위계),2024-10-30,35,35,34,34,34,35,34,34,34,34.6,35,35,35,34.3,34,34.1,34,34,33.9,33.9,34,34.3,34,33
8,차룡8교(수위계),2024-10-31,-3.1,-3.1,-3,-3,-2.9,-3,-2.9,-2.8,-2.9,-2.9,-3,-3.3,-3.4,-3.3,-3.3,-3.3,-3.4,-3.2,-3.2,-3.1,-2.8,-3,-2.8,-2.9
50,연덕교(수위계),2024-10-31,33,34,33,33,32.9,32.9,33.2,33,33,32.8,33,34,33,33,33,33,33.8,34,33,32.5,32,33,32.5,32
8,차룡8교(수위계),2024-11-01,-2.8,-2.8,-2.8,-2.8,-2.7,-2.8,-2.8,-2.6,-2.8,-2.7,-2.7,-2.8,-2.7,-3.5,-2.6,-2.5,-2.5,-2.6,-2.6,-2.9,-2.7,-2.8,-2.6,-2.7
50,연덕교(수위계),2024-11-01,32,32,32,32,34.9,61.3,131.5,99.8,69.5,90.5,121.4,107.3,90.1,66.3,59,62.9,72,71.6,66.5,61,61,64.8,86.8,105.5
8,차룡8교(수위계),2024-11-02,-2.7,-2.9,-2.8,-2.7,-2.8,-2.7,-2.8,-2.7,-2.8,-2.8,-2.8,-2.8,-2.9,-3.5,-2.1,-2.6,-2.6,-2.7,-2.6,-2.6,-2.6,-2.6,-2.4,-2.3
50,연덕교(수위계),2024-11-02,119.9,106.9,103,111.4,108.7,101.3,102.8,92.2,83.3,81.9,80,78,77,76.3,74.6,73.1,71.7,71,70.3,68.9,68.2,67,65.9,65
8,차룡8교(수위계),2024-11-03,-2.1,5.8,-0.8,-1.3,0.7,-2.3,-2,-2,-1.7,-1.8,-1.8,-2.5,-2.7,-2.7,-2.5,-2.6,-2.5,-2.4,-2.5,-2.3,-2.2,-1.9,-2,-1.9
50,연덕교(수위계),2024-11-03,64,63.5,62,62,61,60.8,60.9,60,60,59,59,58.4,57.6,56.9,56,55.1,54.7,55,54.5,54,53,53.8,53.6,52
8,차룡8교(수위계),2024-11-04,-2,-1.7,12.4,-0.8,-1.8,-0.2,-1.9,-1.8,-1.8,-2.2,-2.2,-2,-2.2,-2.3,-2.1,-2.2,-2.5,-2.4,-2.5,-2.3,-2.1,-2,-2.1,-2.1
50,연덕교(수위계),2024-11-04,52,51,51,50.4,49,48.8,48.8,48.2,49,48.9,49,48.1,48,48.2,48.6,47.8,47,46.8,47,46.6,46.4,46,45.7,46
8,차룡8교(수위계),2024-11-05,-2.4,-2.2,-2,-2,-1.9,-1.7,-1.8,-1.8,-1.7,-1.8,-1.6,-1.7,-1.6,-1.9,-1.8,-1.5,-1.9,-2.1,-1.9,-2,-1.5,-1.7,-1.9,-1.9
50,연덕교(수위계),2024-11-05,45,44.7,44,44,44.8,44,43.9,43.9,43,44,44,44,44,43.1,43,44,43,42.3,42,42,41.1,42,41,41
8,차룡8교(수위계),2024-11-06,-1.9,-1.8,-1.7,-1.9,-1.6,-1.8,-1.7,-1.8,-1.5,-1.6,-1.6,-1.9,-2,-1.6,-1.5,-1.6,-1.8,-1.9,-1.7,-2,-2,-1.8,-1.9,-2.4
50,연덕교(수위계),2024-11-06,40.5,40,40,40,40,39.3,39,39,39,39.8,40,40,40,39,39,39,38.7,38.1,38,38.3,38.5,39,38.6,38
8,차룡8교(수위계),2024-11-07,-2.3,-2.3,-2.6,-2.5,-2.6,-2.7,-2.7,-2.6,-2.3,-2,-2,-1.5,-1.5,-1.1,-1,-0.8,-1.2,-1.1,-0.8,-1.8,-1.6,-1.7,-0.9,-2.1
50,연덕교(수위계),2024-11-07,38,37.8,37.6,37,37,37,37,37,37,37,38,37.8,38,37.4,37,37,37,37,37,37,36.1,36.5,37,37
8,차룡8교(수위계),2024-11-08,-2.4,-2.7,-2.5,-2.4,-2.1,-2,-2.2,-2,-2,-1.7,-1.3,-0.3,-1.3,-1.3,-1.5,-1.7,-1.5,-1.1,-1.4,-1.5,0.6,-1.5,-1.7,-1.8
50,연덕교(수위계),2024-11-08,36,36,36,36,36,35.6,35.4,35.1,35.3,35.4,36,36,36,36,36,35.9,35.1,35,36,35,35,35,36,35
8,차룡8교(수위계),2024-11-09,-2.1,-2.4,-2,-2.1,-1.9,-2.5,-2.2,-2.1,-2.1,-1.2,-1.4,-0.7,-1,-1.5,-1.6,-1.7,-1.7,-1.4,-1.3,-1.2,-1.1,-1.6,-1.5,-1.2
50,연덕교(수위계),2024-11-09,34.7,34.6,34.9,35,34,34,33.5,34,33,33,35,35,34.6,34.5,34,34,34,34,34,33.6,33.7,33,34.4,34
8,차룡8교(수위계),2024-11-10,-1.4,-1.8,-1.9,-1.9,-1.9,-1.8,-2,-2,-1.9,-1.8,-1.8,-1.7,-1.5,-1.7,-1.8,-1.7,-2,-1.8,-1.9,-2.3,-1.8,-1.7,-1.7,-1.8
50,연덕교(수위계),2024-11-10,34,33.2,33,33,33,33,33,33,33,33,34,34.3,34,34,34.5,34.4,35,34,34,33.9,33,33,34,33.8
8,차룡8교(수위계),2024-11-11,-2.1,-2.7,-2.1,-2,-2.4,-2.3,-2.9,-2.7,-3,-2.4,-2.1,-1.7,-1.6,-1.8,-1.6,-1.8,-1.7,-2.3,-1.5,-1.9,-1.8,-2.1,-2.6,-2.6
50,연덕교(수위계),2024-11-11,33,33,33,33,33,32.5,32.3,33,32.3,32,33,33.6,33.3,33,33,33,33,33.1,33,33,33,33,33,33
8,차룡8교(수위계),2024-11-12,-2.8,-2.5,-2.7,-2.6,-2.5,-3,-3.2,-3.2,-3.1,-2.4,-1.7,-1.9,-2.2,-1.8,-1.7,-1.8,-1.7,-2.1,-1.4,-1.1,-1.7,-2.4,-2.6,-2.7
50,연덕교(수위계),2024-11-12,33,33,32.2,32,32,32,32,32,32,32,33,33,33,33,34.4,33.5,33,33,32.9,32.4,32,32,32,32.3
8,차룡8교(수위계),2024-11-13,-3.7,-3.7,-3.6,-3.6,-3.6,-3.7,-3,-3,-3.3,-3.1,-2,-1.4,-1.3,-1.5,-1.6,-1.6,-1.8,-1.8,-1.6,-1.6,-1.6,-1.7,-1.8,-2.6
50,연덕교(수위계),2024-11-13,32,32,32,31.5,31.5,31.3,31,31,31,31.7,32,32.6,32,34.2,34,32.4,32,31,32,31.8,31.1,31,31,32
8,차룡8교(수위계),2024-11-14,-2.6,-3.1,-3.1,-3.8,-3.5,-3.8,-3.9,-3.3,-3.3,-3,-2,-1.4,-0.9,-1.5,-1.5,-1.5,-1.1,-0.6,-0.2,-1.1,-1.2,-1.5,-1.2,-1.6
50,연덕교(수위계),2024-11-14,31.1,31,31,31,31,31,31,31,30.9,30.8,32,32,32,32,32,31.5,32,31,31,31.1,31,31,31,31.8
8,차룡8교(수위계),2024-11-15,-2.2,-2.9,-2.5,-2,-2.2,-2.3,-1.7,-2.4,-2.3,-2.7,-2.4,-2,-2.1,-2.2,-1.8,-1.7,-1.9,-1.8,-2.1,-1.9,-2,-2.5,-2.7,-3
50,연덕교(수위계),2024-11-15,31,31,31,31,31,31,31,30.5,31,31,31,31,31,31,31,31.8,31.4,31,31,30.9,31,31,31,31
8,차룡8교(수위계),2024-11-16,-2.7,-2.6,-2.6,-2.4,-2.5,-2.7,-3.3,-3.5,-3.5,-2.8,-1.9,0.8,-1,-1.1,-1.6,-1.5,-0.3,1.7,-1.5,-1.1,-2.1,-1.7,-1.2,-2.4
50,연덕교(수위계),2024-11-16,31,30,30,30.5,31,30.4,30,30,30,31,31,30.3,31,30.7,31,31,31,31,31,30,30,30,31,31
8,차룡8교(수위계),2024-11-17,-2.6,-2.3,-2.4,-2.3,-2.9,-3.6,-2.7,-1.6,-2.7,-2.1,-1.8,-1.6,-1.8,-2.1,-2.1,-2.1,-1.9,-2.2,-2.3,-2.3,-2.3,-2.2,-2.8,-2.3
50,연덕교(수위계),2024-11-17,30.3,30,30,30,30.7,30.6,30,30,30,30,30.2,30,30,30,30,31,30.3,30,30,30,30,30,30,30
8,차룡8교(수위계),2024-11-18,-2.5,-2.8,-1.4,-2.6,-2.8,14.1,14.1,14.1,14.1,14.1,-2.6,-2.7,-2.8,-2.6,-2.5,-2.4,-2.9,14.2,14,14.1,14.3,14.3,14.2,14.2
50,연덕교(수위계),2024-11-18,30,30,29,29.8,30,29.7,29.5,29,29,29,30,30,30,29.1,29.1,30,30,30,29.4,29.4,29.3,29.8,30,29.3
8,차룡8교(수위계),2024-11-19,14.3,14.4,14.5,14.5,14.6,14.6,14.6,14.6,14.6,14.6,14.6,-2.5,-2.5,-2.5,-2.7,-2.6,-2.7,-2.6,-2.5,-2.7,-3,14.8,14.5,14.6
50,연덕교(수위계),2024-11-19,29.2,29,29,29,29.6,29.2,29,29,29,29,29.6,30,30,30,29.5,30,30.2,30,30,29,29,29.6,30,30
8,차룡8교(수위계),2024-11-20,14.7,14.6,14.5,14.6,14.6,14.6,14.6,14.6,14.6,14.8,-3.6,-3.1,-3.1,-3.2,-3.5,-3.5,-3.6,-3.4,-2.7,-2.3,-3.1,12.3,13.9,14.1
50,연덕교(수위계),2024-11-20,30,29.7,29,30,30,29.6,29,29,29,29,29.6,30,30,30,29.2,30,30,30,30,29.7,29.2,29,30,29.8
8,차룡8교(수위계),2024-11-21,14.2,14.3,14.4,14.5,14.5,14.5,14.5,14.5,14.5,14.5,14.5,-3.8,-3.5,-3.3,-3.3,-3.2,14.4,14.3,14.1,14.2,14.4,14.3,14.1,14.1
50,연덕교(수위계),2024-11-21,29.6,29,28.8,29,29.4,29,29,28.2,28.4,29,29.2,29,29,29.1,29,29.6,29.9,29.5,29,29,29,29,29.5,29.7
8,차룡8교(수위계),2024-11-22,14.1,14.2,14.2,14.2,14.2,14.3,14.3,14.3,14.3,14.4,14.1,14.1,-3.5,-3.3,-3.5,-3.2,14.2,14.1,14,13.9,13.8,14,13.8,14
50,연덕교(수위계),2024-11-22,29.4,29,29,29,29,29,29,28,28,28.5,29,29,29.5,29,28.9,29.1,30,30,29,29,28.8,29,29,29
8,차룡8교(수위계),2024-11-23,14,14,14.1,14.1,14.1,14.1,14.1,14.1,14.1,14,14,14,13.8,13.5,13.7,13.7,13.9,13.9,13.7,13.8,13.9,13.9,13.9,13.7
50,연덕교(수위계),2024-11-23,29,29,28.4,28,28.1,28.1,28,28,28,27.6,28,28.1,29,28,28,28,29,29,28.3,28,28,28,29,29
8,차룡8교(수위계),2024-11-24,14,14,14,14,14,14,14,14,13.9,14,13.8,13.8,13.8,-2.4,14.5,14.2,14.1,14.1,14.1,14.1,14.1,14.2,14.2,14.4
50,연덕교(수위계),2024-11-24,28,28,28,28,28,28.1,28,28,28,28,28,28,28,28,28,27.9,28,28,28,28,28,28,28,28
8,차룡8교(수위계),2024-11-25,14.3,14.3,14.2,14,14,14.1,14.1,14.1,14.1,14.1,14.1,14.1,14.1,14.3,14.3,14.2,14.2,14.3,14.1,13.7,14.3,14.1,14.2,14.1
50,연덕교(수위계),2024-11-25,28,28,28,27.2,28,28,28,27.2,27,27.2,28,28,28.2,28,28,28,28.9,28,28,28,28.9,30,30,29.8
8,차룡8교(수위계),2024-11-26,14,13.9,14,13.9,13.8,23.2,6.8,5.7,5.4,5.3,5.4,5.2,5,5,4.8,4.5,4.8,4.4,4.1,4.2,4.1,3.7,3.9,3.8
50,연덕교(수위계),2024-11-26,29,29,29.8,29.7,60,118,134.2,92.7,77.5,72,61.3,53,46.1,43,42,40,38.7,38,37.1,36.8,36.2,36,35.7,35
8,차룡8교(수위계),2024-11-27,3.2,3.7,3.7,3.6,4.2,3.8,3,3.4,3.3,2.5,3.8,3.8,3.6,6.1,3.4,4.1,3.3,2.5,2.9,2.6,1.7,0.8,-0.8,9.3
50,연덕교(수위계),2024-11-27,35,34.6,35,35,34,33.6,33.3,33,33,33,33,33.6,33,33,33,32,33,33,32,32,31.9,32,32,32
8,차룡8교(수위계),2024-11-28,8.8,8.9,8.7,8.5,8.8,8.7,8.3,8.1,7.7,9,9,9.3,9.3,9.4,9.5,9.7,9.5,9.4,9.4,8.9,9.2,7.8,7.6,8.3
50,연덕교(수위계),2024-11-28,32,31.2,31,31,31,31,31,31,31,31,31,32,32,32.3,31,31,31,31.8,32,31,30.7,30.5,30.5,31
8,차룡8교(수위계),2024-11-29,8,8,9.2,8.7,8.1,7.8,7.9,6.7,6,7.1,7,7.2,5.3,6.5,5.3,5.6,3.3,4.1,3.2,3.9,3.1,3.5,3.1,3.6
50,연덕교(수위계),2024-11-29,30.3,30.3,30.4,30,30,30.4,30,30,30,30,30,30,30.1,30,30.4,30,30,30.9,30.5,30.2,30,30,30,30
8,차룡8교(수위계),2024-11-30,3.3,3.2,2.9,2.8,2.7,2.6,2,2.5,2,2.2,1.9,1.9,2.3,2.4,2.4,2.7,3.3,2.7,2.3,2.3,2.2,1.8,2,1.8
50,연덕교(수위계),2024-11-30,30,30,29.7,29,29,30,30,29.7,29,29,29,30,30,30,29,29.2,29,30,29.9,29.5,29.2,29.4,29.1,29
8,차룡8교(수위계),2024-12-01,1.7,1.9,1.7,1.7,2,2.1,2.2,2.1,2.1,2,2.3,2.2,2.8,3,3.3,3,3.3,2.8,3.3,3.6,3,2.6,3.4,3.3
50,연덕교(수위계),2024-12-01,29,29,30,30,30,29.7,29,29,29,29,29,29,29.5,29.4,29.2,29,29,29.4,30,30,29,29,29,29
8,차룡8교(수위계),2024-12-02,3.4,3.5,3.4,3.1,3,2.7,2.6,2.6,2.6,2.7,2.7,2.8,3.5,4,3.4,4,3.8,3.5,3.2,3.5,3.3,3.5,3.1,2.4
50,연덕교(수위계),2024-12-02,29.3,29,29,28.4,28,29,29,29,28.5,28,28.8,29.7,30.4,30.6,30,29.8,30,30,29,29,29,28.8,28.6,29
8,차룡8교(수위계),2024-12-03,2.2,2.5,2.3,2.2,2.2,2.1,2,1.9,2.2,2.3,2.5,2.5,2.5,2.7,2.4,2.5,2.7,2.7,2.4,2.2,2.2,2,2.1,2.1
50,연덕교(수위계),2024-12-03,29,29,29,28,28,28,28,28,28,28,28,28,29,29,29,28,28.3,28.1,29,29,28.9,28,27.7,28
8,차룡8교(수위계),2024-12-04,2,2,1.8,1.8,1.7,1.8,1.6,1.6,1.8,1.8,2,1.7,1.8,1.9,1.8,1.9,1.7,1.7,2,1.8,1.7,1.7,1.7,1.6
50,연덕교(수위계),2024-12-04,28.6,28,28,28,28,28,28,28,28,27.3,27.3,28,29,28.3,28.5,28,28,28,28,28.3,28,28,28,28
8,차룡8교(수위계),2024-12-05,1.6,1.6,1.6,1.6,1.6,1.6,1.6,1.6,1.6,1.9,1.9,1.8,1.9,1.8,1.7,1.7,1.8,1.8,2.2,2,1.9,1.9,1.9,1.9
50,연덕교(수위계),2024-12-05,29,28,28,28,27.8,28,28,28,28,28,27.8,28,28,28.7,28.6,28,27.9,28,28,28.3,28.4,28,27.9,28
8,차룡8교(수위계),2024-12-06,1.8,1.8,1.8,1.8,1.8,1.8,1.6,1.8,1.8,1.8,1.8,2,1.9,1.5,1.7,1.9,1.8,1.8,2,1.9,1.8,1.7,1.7,1.6
50,연덕교(수위계),2024-12-06,28,28,28,27,27,27.7,28,28,27.5,27,27,27.5,28,28,28,28,27.4,28,28,28,28,27.4,27.3,27.9
8,차룡8교(수위계),2024-12-07,1.6,1.6,1.6,1.6,1.6,1.6,1.6,1.5,1.5,1.6,1.6,1.6,1.7,1.6,1.6,1.5,1.5,1.6,1.5,1.6,1.5,1.5,1.5,1.4
50,연덕교(수위계),2024-12-07,28,28,27.6,27,27,27.5,27.2,27,27,27,27,27,27.9,28,27.7,27.5,27.2,27.4,28,28,28,28,27,27
8,차룡8교(수위계),2024-12-08,1.4,1.4,1.3,1.3,1.3,1.3,1.2,1.2,1.2,1.2,1.3,1.3,1.4,1.4,1.4,1.4,1.3,1.4,1.2,1.3,1.2,1.2,1.1,1.1
50,연덕교(수위계),2024-12-08,28,28,27.5,27,27,26.8,27,27,27,27,26.1,26.3,27,27.5,27,27,27,26.9,27,27,27,27,27,26.7
8,차룡8교(수위계),2024-12-09,1.1,1.1,1.1,1.1,1.1,1.1,1.2,1.1,1.1,1.2,1.3,1.4,1.4,1.5,1.6,1.6,1.6,1.6,1.5,1.5,1.5,1.5,1.4,1.4
50,연덕교(수위계),2024-12-09,27,27,27,26,26.1,26,26.5,26.9,26.4,26,26,26.6,27,27.3,27,27,27,29,41,41,41,41,41.3,41
8,차룡8교(수위계),2024-12-10,1.4,1.3,1.3,1.3,1.2,1.2,1.2,1.2,1.2,1.1,1.3,1.5,1.6,1.8,1.8,1.9,1.9,1.5,1.4,1.3,1.3,1.3,1.2,1.2
50,연덕교(수위계),2024-12-10,41,41,41.1,41,41,41,41,41,40.7,41,41,41,41,41,40,40,40,40,40,40,39.4,39,38,37
8,차룡8교(수위계),2024-12-11,1.2,1.2,1.2,1.2,1.2,1.2,1.2,1.2,1.2,1.2,1.3,1.4,1.6,1.6,1.6,1.7,1.6,1.3,1.5,1.4,1.3,1.2,1.2,1.1
50,연덕교(수위계),2024-12-11,36,36,35,35,35,35,34.7,34.5,34,34,34,34.4,34.6,34,33.4,34,34,34,33.5,33,33,33,33,33.9
8,차룡8교(수위계),2024-12-12,1.1,1.1,1.1,1,1,0.9,0.9,0.9,1,1.1,1.3,1.4,1.5,1.6,1.6,1.6,1.6,1.6,1.4,1.4,1.3,1.2,1.2,1.2
50,연덕교(수위계),2024-12-12,33,33,32,32,32.8,33,33,32,32,32,33,33,33,33,32.1,33,33,33,33,33,32.6,32.2,32.3,32.5
8,차룡8교(수위계),2024-12-13,1.2,1.2,1.2,1.2,1.1,1.1,1.1,1.1,1.1,1.2,1.2,1.4,1.4,1.6,1.6,1.7,1.6,1.4,1.2,1.3,1.3,1.2,1.2,1.2
50,연덕교(수위계),2024-12-13,32,32,32,32,32,32,32,32,32,32,32,32.4,32,32.7,32,32,32,32,32,32.3,32,31.5,32,32
8,차룡8교(수위계),2024-12-14,1.1,1,1,1,1,1,1,0.9,0.9,0.9,0,0,0,0,0,0,0,0,0,0,0,0,0,0
50,연덕교(수위계),2024-12-14,32,32,31.9,31.7,32,31.3,32,31.8,31,31,0,0,0,0,0,0,0,0,0,0,0,0,0,0
8,차룡8교(수위계),2024-12-15,0,0,0,0,0,0,0,0,0,0,0,0,0,0,1.4,1.5,1.5,1.6,1.6,1.5,1.3,1.3,1.3,1.3
50,연덕교(수위계),2024-12-15,0,0,0,0,0,0,0,0,0,0,0,0,0,0,31.8,31.9,32,31.9,32,31.8,31,31.7,31.3,32
8,차룡8교(수위계),2024-12-16,1.2,1.1,1.1,1.1,1.1,1.1,1,1.1,1,1.1,1.2,1.2,1.2,1.3,1.3,1.4,1.3,1.6,1.4,1.3,1.2,1.2,1.1,1.2
50,연덕교(수위계),2024-12-16,31.8,31.9,31,31,31,31.4,31,31,31,31,31,31.5,32,32,31.4,31,31.7,32,31.6,32,31,31,31,31
8,차룡8교(수위계),2024-12-17,1.1,1.1,1.1,1.2,1.1,1.1,1.1,1,0.9,1.1,1.1,1.1,1.2,1.3,1.3,1.3,1.3,1.3,1.1,1.1,0.9,0.9,0.9,0.8
50,연덕교(수위계),2024-12-17,31,31.6,30.8,30.3,31,31,31,31,30.8,30,31,31.4,31.4,31.4,31,31,31,31,31.2,31,30.8,30,30,31
8,차룡8교(수위계),2024-12-18,0.9,0.9,0.9,0.9,0.9,1,1,0.8,0.9,0.9,0.9,1,1.1,1,1.1,1.1,1,0.9,0.8,0.8,0.8,0.8,0.7,0.7
50,연덕교(수위계),2024-12-18,31,31,30.7,30,30,30.9,30.8,30.1,30,30.1,30,31,31,31,30.5,30,30.2,31,30.8,30.5,30,30,30.2,31
8,차룡8교(수위계),2024-12-19,0.7,0.7,0.7,0.7,0.7,0.6,0.7,0.7,0.7,0.6,0.6,0.8,0.8,0.8,0.8,0.8,0.8,1,1.1,1.1,1.1,0.9,0.9,0.8
50,연덕교(수위계),2024-12-19,30.7,30.1,30,30,30,30,30,30,30,30,30,30,30.5,30,30,30,30.7,30.4,31,30.1,30,30,30,30
8,차룡8교(수위계),2024-12-20,0.8,0.8,0.8,0.8,0.8,0.8,0.8,0.8,0.8,0.9,0.9,1.1,1,1.1,1,1,1.2,1,1,0.9,0.9,0.9,0.9,1
50,연덕교(수위계),2024-12-20,30,30,29.9,30,30,30,30,30,30,30,30,30,30,30,30,30,30,30,30.2,30,30,30,29.9,30
8,차룡8교(수위계),2024-12-21,0.9,0.9,0.9,0.9,0.9,0.9,0.9,0.9,0.9,0.9,0.9,0.9,0.9,1,0.9,1,0.9,0.8,0.8,0.7,0.8,0.7,0.7,0.7
50,연덕교(수위계),2024-12-21,30,30,29.8,29,29,29,29.4,29.2,29.7,29,29,30,30,30,30,30,29,29,29.1,30,29.8,29,28.9,29
8,차룡8교(수위계),2024-12-22,0.6,0.7,0.7,0.8,0.8,0.7,0.8,0.7,0.7,0.7,0.8,0.7,0.8,0.8,0.8,1,0.9,0.9,0.8,0.8,0.7,0.8,0.6,0.6
50,연덕교(수위계),2024-12-22,29,29.1,29,29,28,28,28.7,29,29,28.4,28,28,28.5,29,29,29,28.5,28,28.4,29,28.7,28,28,28
8,차룡8교(수위계),2024-12-23,0.6,0.6,0.6,0.6,0.6,0.6,0.6,0.7,0.6,0.7,0.8,0.8,0.8,0.9,0.9,0.9,0.9,0.8,0.8,0.7,0.7,0.7,0.7,0.6
50,연덕교(수위계),2024-12-23,28,29,29,28,28,27.5,28,28,28,28,28,28,28,29,29,29,28,28,28,29,28.5,28,28,28
8,차룡8교(수위계),2024-12-24,0.6,0.6,0.6,0.6,0.6,0.5,0.6,0.6,0.7,0.6,0.9,1.1,1.1,1.1,1.2,1.2,1.1,0.7,0.7,0.5,0.4,0.5,0.5,0.5
50,연덕교(수위계),2024-12-24,28,28.4,28.4,28,27.3,27,27.3,28,28,28,27,27,28,28,28,28,28,28,28,28,28,28,28,27.6
8,차룡8교(수위계),2024-12-25,0.5,0.5,0.5,0.5,0.4,0.5,0.5,0.5,0.5,0.5,0.5,0.7,0.8,0.9,0.9,1,0.9,0.8,0.6,0.6,0.6,0.6,0.6,0.6
50,연덕교(수위계),2024-12-25,27.2,27.2,27.3,27.9,27,27,26.9,27,27,27,27,27,27,27,27.4,28,28,27,27,27,27,27.2,27,27
8,차룡8교(수위계),2024-12-26,0.6,0.5,0.5,0.6,0.6,0.6,0.6,0.5,0.6,0.7,0.9,0.9,1,1.1,1.1,1.1,1.1,1.1,0.9,0.8,0.7,0.7,0.6,0.6
50,연덕교(수위계),2024-12-26,27,27,27,27.4,27,27,26,26.1,26.9,27,26.9,27,26.9,27,27,27,27,27,26.8,26,27,27,26.8,26.4
8,차룡8교(수위계),2024-12-27,0.6,0.6,0.5,0.5,0.7,0.8,0.7,0.7,0.6,0.7,0.7,0.8,0.8,0.9,0.9,0.9,0.9,0.8,1,0.8,0.8,0.8,0.7,0.7
50,연덕교(수위계),2024-12-27,26,26,26.4,27,26.1,26,26,25.8,26,26,27,26.8,26,26,27,27,27,26,26,26,26,26.1,26,26
8,차룡8교(수위계),2024-12-28,0.7,0.6,0.6,0.6,0.6,0.7,0.7,0.6,0.5,0.6,0.7,0.9,1.1,1.1,1.1,1.1,1.1,0.9,1,0.8,0.8,0.7,0.6,0.6
50,연덕교(수위계),2024-12-28,26,26,26,26.1,26,26,25.5,25.3,26,26,26,26,25.3,26,26,26,26,26,25.9,25,26,27,27,26
8,차룡8교(수위계),2024-12-29,0.5,0.6,0.5,0.5,0.5,0.5,0.3,0.5,0.5,0.4,0.5,0.7,0.8,0.9,0.9,0.9,0.9,0.8,0.7,0.7,0.6,0.6,0.6,0.6
50,연덕교(수위계),2024-12-29,26,26,26,26,26,26,25,25,25,26,26,26,25.4,25,25.6,26,26,26,25.2,25,25,26,26,26
8,차룡8교(수위계),2024-12-30,0.6,0.6,0.6,0.6,0.6,0.6,0.6,0.6,0.6,0.6,0.7,0.8,1,1.1,1.1,1.1,1.1,1.1,0.8,1.1,0.9,0.8,0.9,0.9
50,연덕교(수위계),2024-12-30,25,25,25,25.8,26,25.5,25,25,25,25,25.9,25.6,25.2,25,25,26,26,26,25,25,25,25,26,25.9
8,차룡8교(수위계),2024-12-31,0.8,1.1,1,0.9,0.9,1.1,0.9,0.8,0.9,0.9,1,1.1,1.2,1.2,1.3,1.2,1.2,1.2,1.1,0.9,0.8,0.8,0.8,0.8
50,연덕교(수위계),2024-12-31,25,25,24.7,25,25,25,25,24.1,24,25,25.7,26,25,24.9,25,25.1,25.9,25.1,24.9,24.4,24.8,24,25,25
8,차룡8교(수위계),2025-01-01,0.7,0.7,0.7,0.6,0.6,0.6,0.6,0.6,0.6,0.7,0.8,0.9,1,1.1,1.1,1.1,1.1,1,0.9,0.8,0.8,0.7,0.6,0.6
50,연덕교(수위계),2025-01-01,25,24.9,24.6,24.2,24,24,24,24,24,24,24.5,24,24,24,24.1,24.9,25,24.4,24,24,24,24,24.8,24.2
8,차룡8교(수위계),2025-01-02,0.6,0.5,0.5,0.5,0.4,0.4,0.3,0.3,0.4,0.5,0.5,0.8,1,1.1,1.1,1.1,1.1,0.9,0.9,0.9,0.8,0.8,0.8,0.8
50,연덕교(수위계),2025-01-02,24,24,24,24,24,24,24,24,24,24,24,24,24,24,24,24,24.4,24,24,24,24,24.1,24.4,25
8,차룡8교(수위계),2025-01-03,0.9,0.9,0.9,0.8,0.8,0.8,0.8,0.7,0.7,0.7,0.7,0.7,0.8,0.8,0.8,0.8,0.8,0.6,0.7,0.7,0.6,0.6,0.6,0.6
50,연덕교(수위계),2025-01-03,24,24.1,24,24,24,24,24,23.7,23,23.5,24,24,24,23.9,23,24,24.2,24.4,24,24,24,24,24,24.2
8,차룡8교(수위계),2025-01-04,0.6,0.6,0.6,0.6,0.6,0.5,0.5,0.5,0.5,0.6,0.7,0.8,0.8,0.8,0.9,0.9,0.8,0.8,0.7,0.6,0.6,0.6,0.6,0.6
50,연덕교(수위계),2025-01-04,24,24,23.8,23.7,24,24,24,23.6,23.5,23.2,24,24,24,23.9,23.8,24,24,24,24,24,24,24,24.8,24
8,차룡8교(수위계),2025-01-05,0.6,0.6,0.5,0.5,0.5,0.6,0.6,0.6,0.5,0.5,0.6,0.6,0.7,0.8,0.8,0.8,0.8,0.8,0.8,0.8,0.9,0.6,0.8,0.7
50,연덕교(수위계),2025-01-05,24,24,23.4,23.9,24,24,23.6,23.4,23,23.3,24,24,23.4,23.9,23.6,24,24,24,24,24.1,24,24,24,24
8,차룡8교(수위계),2025-01-06,0.8,0.8,0.9,1,0.9,0.8,0.8,0.8,0.8,0.6,0.7,0.8,0.8,0.9,0.9,1.2,1.1,0.9,0.9,0.9,0.9,0.9,0.9,0.9
50,연덕교(수위계),2025-01-06,24,24,24,24,24,23.8,24,24,24,24,24,24,24,24,24,24,24,24,24.8,24.4,24,24,24.8,25
8,차룡8교(수위계),2025-01-07,0.9,0.9,0.9,0.9,0.9,0.8,0.9,0.8,0.8,0.9,0.9,0.9,1,1,0.9,1,0.9,0.9,0.9,0.8,0.8,0.8,0.8,0.8
50,연덕교(수위계),2025-01-07,25,24,24,24,24,24,24,23.1,23,23,23.6,24,24,24,24,24,24,24,24,24,24,24,24,24
8,차룡8교(수위계),2025-01-08,0.9,0.9,0.9,0.8,0.8,0.8,0.8,0.8,0.8,0.9,0.9,0.8,0.9,1,1,1,1,1,0.9,0.9,1,0.9,0.8,0.8
50,연덕교(수위계),2025-01-08,24,24,23.9,23.7,23.7,24,24,23.9,23.1,23,23,24,23.7,23.8,24,24,24,24,24,24,24,24,24,24
8,차룡8교(수위계),2025-01-09,0.8,0.8,0.8,0.8,0.8,0.7,0.7,0.7,0.8,0.8,0.8,0.8,0.9,0.8,0.8,0.9,0.8,0.9,0.9,17.5,16.9,16.5,16.5,16.6
50,연덕교(수위계),2025-01-09,24,23.9,23.3,23,24,24,23.7,23,23,23,23,23.9,23.9,23,23,23.6,23.6,24,24,23.9,23,23,23.6,24
8,차룡8교(수위계),2025-01-10,16.6,16.7,16.7,16.7,16.8,16.8,16.9,16.9,17,17.2,17.3,17.3,2.6,1.7,1.1,1,3.4,3.6,3.5,3,2.4,2,-10.2,-12
50,연덕교(수위계),2025-01-10,24,23.3,23,23,22.8,23,23,22,22,22,22,22.1,23,23,23,23,23.8,24,24,24,24,23.7,24,24
8,차룡8교(수위계),2025-01-11,-11.9,-11.9,-11.7,-11.7,-11.7,-11.7,-11.7,-11.8,-11.9,-12.2,-12,-11.2,-10.8,-10.6,-11,-11.6,-11.7,-11.4,-11,1.9,16.3,16.3,16.3,16.4
50,연덕교(수위계),2025-01-11,24,23.2,23,23,23,23,23,23,22.7,22.2,23,23,23,23,23,23,23.5,23,24,23.5,23,24,24,24
8,차룡8교(수위계),2025-01-12,16.3,16.3,16.2,16.2,16.2,16.2,16.2,16.2,16.2,15.9,15.9,2.9,3.3,3.4,3.2,2.5,1.9,1.3,0.9,0.5,0.4,0.4,0.4,0.5
50,연덕교(수위계),2025-01-12,24,24,23.8,24,24,23.8,23,23,23,23,23.2,23.1,23.4,23.3,23.4,23.2,24,24,24,24,23.1,23,24,24
8,차룡8교(수위계),2025-01-13,0.3,0.5,0.6,0.6,0.6,0.7,0.7,0.7,0.7,0.6,0.5,0.7,1.8,2.7,2.9,3,2.7,2.1,1.6,1.4,1.3,1.5,1.8,1.6
50,연덕교(수위계),2025-01-13,24,24,23,23,23,23,23.7,23.4,23,23,23,23.3,24,24,23.6,24,24,24,24,24,24,24,24,24
8,차룡8교(수위계),2025-01-14,1.8,1.9,1.9,1.9,1.9,1.8,1.9,1.8,1.8,1.5,1.7,17.1,16.5,16,14.7,13.8,-11,-11.1,-11.3,-11.4,15,14.9,15.1,15.3
50,연덕교(수위계),2025-01-14,24,24,24,24,24,24,24,23.7,23,23.5,24,24,24.7,24.1,24,24,24,25,25,24,24,24,24,24
8,차룡8교(수위계),2025-01-15,-14.3,17.1,17.4,6.6,17.5,17.4,17.3,17.2,17.2,17.2,17.3,17.3,0,0.1,0.2,0.6,16.9,16.9,16.8,16.8,16.8,16.8,16.8,16.8
50,연덕교(수위계),2025-01-15,24,24,23,22.5,22,22,22,22,21.8,21.9,21,21,21.4,22,22,22,22,22,22,22,22,22,22,22
8,차룡8교(수위계),2025-01-16,16.7,16.7,16.7,16.7,16.7,16.6,16.7,16.8,17,17.2,17.3,16.5,15.8,15.9,15.9,15.9,15.8,15.9,15.8,15.8,15.9,15.9,15.9,15.9
50,연덕교(수위계),2025-01-16,22,22,22,21.4,21,21,21,21,21,20.8,21,21,21,21,21.8,22,21.4,22,21.9,22,22,21.6,21.3,21.5
8,차룡8교(수위계),2025-01-17,15.9,15.9,15.9,15.9,15.9,15.9,15.9,15.9,16,15.9,15.9,15.9,15.8,15.8,15.8,15.7,15.7,15.8,15.8,15.7,15.8,15.7,15.7,15.8
50,연덕교(수위계),2025-01-17,21.7,22,22,21.2,21,21,20.8,21,21,21,21,21,21,21,21,21.5,21.7,21,21.3,21.9,22,22,21.4,21.5
8,차룡8교(수위계),2025-01-18,15.7,15.7,15.7,15.8,15.7,15.8,15.8,15.7,15.8,15.7,15.7,15.7,15.6,15.6,15.5,15.6,15.6,15.6,15.7,15.7,15.7,15.7,15.7,15.8
50,연덕교(수위계),2025-01-18,22,22,21.3,21.3,21,21,21,21,21,21,21,20.4,20.4,21,21,21.2,20.9,21,21,21,21,21.8,21.6,21
8,차룡8교(수위계),2025-01-19,15.7,15.8,15.8,15.8,15.8,15.8,15.9,15.8,15.9,15.8,15.7,15.7,15.6,15.6,15.5,15.5,15.5,15.6,15.7,15.7,15.7,15.7,15.8,15.8
50,연덕교(수위계),2025-01-19,21,20.9,21,21.2,21,20.9,21,21,21,20.8,20.6,20.3,20.7,21,21,21,21,21,21,21,21,21,21,21
8,차룡8교(수위계),2025-01-20,15.8,15.8,15.8,15.8,15.8,15.8,15.8,15.8,15.8,15.8,15.8,15.7,15.6,15.6,15.7,15.8,15.8,15.8,15.9,16,16,16,16,16
50,연덕교(수위계),2025-01-20,21,21,21,21.3,21,21,20.8,21,21,21,21,21,21,21,21.9,21.6,21.7,21.3,21.1,21.3,21.7,22,22,21.4
8,차룡8교(수위계),2025-01-21,16,16,16,16,16,16,16,16,16,16,16,16,15.9,15.9,15.9,15.9,15.9,15.9,16,16,16,16,16,16
50,연덕교(수위계),2025-01-21,22,22,22,21.8,21,21,21,21,21,20.4,21,20.3,21,21,21.9,22,21,21.4,21.3,21.4,21.4,21.3,21,21
8,차룡8교(수위계),2025-01-22,16,16,16,16,16,16.1,16,16,16.1,16,16,16,15.7,15.7,15.6,15.5,15.5,15.6,15.6,15.6,15.6,15.6,15.6,15.8
50,연덕교(수위계),2025-01-22,21.3,21.3,21.4,21.5,21,20.7,21,20.2,21,21,21,21,21.7,22,21.4,22,21.7,21.4,22,22,22,22,22,21.9
8,차룡8교(수위계),2025-01-23,15.6,15.7,15.7,15.7,15.7,15.7,15.7,15.7,15.8,15.7,15.7,15.6,15.4,15.3,15.3,15.3,15.4,15.6,15.6,15.7,15.7,15.7,15.7,15.7
50,연덕교(수위계),2025-01-23,21.8,22,22,22,21.6,21,21,21,21.3,21.8,21.2,21,21,21,21.3,21.7,22,21.4,21.3,21.2,22,22,21,21
8,차룡8교(수위계),2025-01-24,15.7,15.7,15.7,15.7,15.7,15.7,15.8,15.8,15.7,15.7,15.6,15.6,15.4,15.6,15.4,15.4,15.4,15.4,15.5,15.5,15.5,15.5,15.6,15.7
50,연덕교(수위계),2025-01-24,21,21,21.7,21,21,20.7,20.4,20.7,20,20.8,20.9,20.6,20.4,20.8,21,21,21.2,21,21,21,21,21,21.1,21.4
8,차룡8교(수위계),2025-01-25,15.6,15.6,15.7,15.7,15.7,15.7,15.7,15.7,15.7,15.7,15.7,15.6,15.6,15.5,15.4,15.4,15.4,15.4,15.5,15.5,15.5,15.5,15.5,15.6
50,연덕교(수위계),2025-01-25,21.1,21,21,20.7,21,20.5,21,20.3,20.4,20.7,20,20.4,20,20.2,20.8,21,21,20.6,21,21,21,21.2,21.9,21.7
8,차룡8교(수위계),2025-01-26,15.5,15.5,15.6,15.6,15.6,15.6,15.6,15.6,15.5,15.5,15.5,15.5,15.5,15.5,15.5,15.6,15.6,15.6,15.6,15.6,15.5,15.6,15.5,15.6
50,연덕교(수위계),2025-01-26,20.8,20.5,20,20,20.4,20.5,20.5,20,20,20.1,20.4,20.4,20,20,20,20,20.7,20,20.5,20.6,21,21,21,21
8,차룡8교(수위계),2025-01-27,15.6,15.6,15.6,15.6,15.6,15.6,15.6,15.6,15.6,15.7,15.7,15.6,15.5,15.5,15.4,15.4,15.5,15.4,15.6,15.6,15.6,15.6,15.6,15.6
50,연덕교(수위계),2025-01-27,20.9,20.4,20,20,20.6,21,21,24,25.8,25.9,25,25,24.2,24.3,24,24,23.5,23,22.9,22,21.7,21,21,21
8,차룡8교(수위계),2025-01-28,15.6,15.6,15.6,15.6,15.6,15.6,15.6,15.6,15.7,15.6,15.6,15.5,15.5,15.5,15.5,15.5,15.6,15.6,15.6,15.6,15.6,15.6,15.7,15.7
50,연덕교(수위계),2025-01-28,21.1,21,21,21,20.9,21,21,20.5,20,20,20.1,20,20.4,20,20,20,20.5,20.4,20.9,20.7,20,20,20,20
8,차룡8교(수위계),2025-01-29,15.7,15.7,15.7,15.7,15.7,15.7,15.7,15.7,15.7,15.7,15.7,15.6,15.6,15.5,15.5,15.5,15.6,15.6,15.7,15.7,15.7,15.7,15.7,15.7
50,연덕교(수위계),2025-01-29,20,20,20,20,20,20,20,20,20,20,20,20,20,20,20,20,20,20,20,20,20,20,19.7,20
8,차룡8교(수위계),2025-01-30,15.7,15.7,15.7,15.7,15.7,15.8,15.8,15.9,16,16.3,16.3,16.1,16,15.9,15.8,15.9,15.9,15.9,16,15.9,15.9,15.9,15.9,15.9
50,연덕교(수위계),2025-01-30,20,20,20,20,19.8,20,20,19.5,19.9,20,19.8,20,20,20,19.7,20,20,20,20,20,20,19.9,19.9,20
8,차룡8교(수위계),2025-01-31,15.9,16,16,16,16,16,16,16,16,16,16,16,16,16,16,16,16,16,16,16,16.1,16,16,16.1
50,연덕교(수위계),2025-01-31,20,20,20,20,20,20,20,20,20,20,19.5,20,20,20,20,20,20,20.1,20,20,20,20,20,20
8,차룡8교(수위계),2025-02-01,16.1,16.1,16.1,16,16.2,16.1,16,16.1,16,16.1,16,16.1,16.1,16.1,16.1,16.1,16.1,16.1,16.3,16.2,16.1,16.1,16.1,16
50,연덕교(수위계),2025-02-01,20,20,20,20,20,19.7,20,20,21,24,27.8,32,43.5,59,60,56,50,44,40,37,34,32,31,30
8,차룡8교(수위계),2025-02-02,16.1,16.2,16.2,16.1,15.9,16,16,15.7,15.6,15.3,15,14.9,14.7,13.9,13.7,13.6,13.7,14.3,14.5,14.7,14.8,15,15.1,15.7
50,연덕교(수위계),2025-02-02,28.8,28,27,26.3,26,25,24.4,24,24,23.5,24,23.2,23,23,23,23,22.8,22.8,23,22,22,22,22,22
8,차룡8교(수위계),2025-02-03,15.8,15.8,15.9,15.9,15.9,15.9,15.8,15.9,15.9,15.8,15.7,15.5,13.9,13.4,13.2,12.8,13.6,14.1,14.6,14.7,14.8,15,15.1,15.1
50,연덕교(수위계),2025-02-03,22,22,22,22,22,22,22,21.5,21,21,21,21.3,21.6,22,22,21.3,21.3,22,22,22,21.3,21,21,21.9
8,차룡8교(수위계),2025-02-04,15.3,15.3,15.3,15.4,15.4,15.4,15.2,15.4,15.5,15.5,15.1,14.7,14.5,14.7,14,13.7,14.6,15,15.3,15.1,15.4,15.6,15.4,15.9
50,연덕교(수위계),2025-02-04,22,22,21.1,21,20.7,20.9,20.8,20.7,20.7,20,20,20.3,21,21,21,21,21.1,22,22,22,21,21,21,22
8,차룡8교(수위계),2025-02-05,16,16,16,15.9,15.8,15.7,15.6,15.5,15.5,15.7,15.9,16.3,16.6,16.5,16.3,16.3,16.3,16.1,16.1,14,14.2,14.9,15.1,15.5
50,연덕교(수위계),2025-02-05,22,21.8,21,21,20.8,20.7,20.5,20.5,20,20.4,20,20.7,20.8,21,21,21,21,21.5,21.4,21.7,21,21,21,22
8,차룡8교(수위계),2025-02-06,15.9,16,15.9,15.8,15.7,15.6,15.6,15.6,15.6,15.7,15.8,16,16.1,16.2,16.3,16.3,16.3,16.3,16.3,16.3,16.3,16.3,16.2,16.2
50,연덕교(수위계),2025-02-06,21.4,21,21,20.6,20,20.5,20.1,20,20,20,20,20,20,20.8,20.7,20.9,21,21,21,21,21.1,21,21,21
8,차룡8교(수위계),2025-02-07,16.2,16.2,16.1,16.2,16.2,16.1,16.1,16.1,16.1,16.2,16.2,16.2,16.3,16.3,16.3,16.4,16.4,16.4,16.5,16.5,16.5,16.6,16.6,16.7
50,연덕교(수위계),2025-02-07,21,21,21,20,20.9,20.3,20.8,20,20.5,20.6,20.9,20,21,21,21,20.9,21,21,20.9,21,21,21,20.6,20.2
8,차룡8교(수위계),2025-02-08,16.7,16.8,16.8,16.8,16.8,16.9,16.9,16.9,16.9,17,17,17.1,17.4,17.5,17.2,-1.7,-14.3,-14.3,15.6,15.3,15.3,15.2,15.1,15.1
50,연덕교(수위계),2025-02-08,20,20,20,20.6,20,20,19,19.2,19.2,19.7,19.9,20,19.5,20,20,20,20,20.1,21,21,21,20.9,20,20
8,차룡8교(수위계),2025-02-09,15.1,15.1,15.1,15.1,15.1,15.1,15.1,15.1,15.2,15.3,15.3,15.3,15.2,15.1,15,15,-11.4,-11.1,-10.8,-10.7,-10.7,-10.6,-10.6,-10.5
50,연덕교(수위계),2025-02-09,20,20,20,20,20,19.4,19.8,19.8,19.9,0,0,0,19.3,19,20,20,20,20,20,20.1,20.3,20.3,20.4,20
8,차룡8교(수위계),2025-02-10,-10.4,-10.3,-10.3,-10.3,-10.3,-10.3,-10.3,-10.3,-10.3,-10.4,-10.5,-10.4,-10.4,-10.3,15.2,15.4,15.6,15.9,16.1,16.2,16.4,16.5,16.5,16.6
50,연덕교(수위계),2025-02-10,20,20,20,20,20,20,20,19.9,20,20,20,19.9,20,20,20,20,20.3,20,20.9,20.8,20.5,20.8,20.7,20.4
8,차룡8교(수위계),2025-02-11,16.7,16.7,16.7,16.7,16.7,16.8,16.7,16.7,16.7,16.7,16.6,16.5,16.3,16.4,16.4,-9.8,-10.2,-10.2,-10.2,-10.3,-10.5,-10.6,-10.7,-10.8
50,연덕교(수위계),2025-02-11,20,20.8,20.2,20.4,20,20,20,20,20,20,20,20,20,20,20,20,20,20.3,20.4,20.5,20,20.4,20.1,20.5
8,차룡8교(수위계),2025-02-12,-10.9,-11,-11.1,-11.1,-11.1,-11.2,-11.2,-11.3,-11.3,-11.4,14,14.4,14.7,14.9,15.1,-13.2,-0.8,0.3,2,-13.2,-13.3,-11.5,1.4,2.3
50,연덕교(수위계),2025-02-12,20.8,21,21,20.4,21,20.6,21,21.8,26,55.7,64,55,47,43,40.2,37.3,35,33,31,30.4,30,29,28,27.5
8,차룡8교(수위계),2025-02-13,4.4,-12.6,-12.8,-13,-13.1,-13.1,-13,-13,-12.9,-12.9,-12.7,-12.9,-13.1,-13,2.2,2.3,2.7,2.9,3.1,3,3,3,3,3
50,연덕교(수위계),2025-02-13,26.6,26,25,25,24.3,24,24,23,23,23,22.9,22.9,22.9,23,23,23,23,23,23,22.2,22,22,22.4,23
8,차룡8교(수위계),2025-02-14,2.9,2.7,2.6,2.5,2.4,2.3,2.3,2.3,2.4,2.4,2.5,4.5,4.5,13.7,13.8,14,13.8,3.2,3.1,2.8,2.7,2.6,2.4,2.4
50,연덕교(수위계),2025-02-14,22.3,22,22,21.3,21,21,21,21.4,21,21,21,21,21,21.2,21.9,21.4,21.8,21.4,21.4,21.6,21.3,21.3,21.7,22
8,차룡8교(수위계),2025-02-15,2.2,2.2,2.2,2.2,2.2,2.1,2.1,2.1,2.2,2.4,2.6,2.5,2.6,5.4,5.4,5.4,4.6,2.8,4.7,3.3,11.2,13,5.3,7.2
50,연덕교(수위계),2025-02-15,22,21.6,21,21,21,21,21,21,21,20.6,20.3,21,21,21.1,21,21,21,21,21,21,21,21,21,21
8,차룡8교(수위계),2025-02-16,2.4,2.3,2.2,2.2,2.1,2.2,2.1,2.1,2.2,2.3,11.1,12.1,13.4,13.5,10.8,14,13.7,10.4,5.5,13.1,13.1,5.5,8.3,11.1
50,연덕교(수위계),2025-02-16,21,21,21,20.4,20.7,21,20.9,20.2,20,20.1,20.1,20.9,21,21,21,20.7,20.6,21,21,21,21,21.4,21,21
8,차룡8교(수위계),2025-02-17,13.2,4.3,3.9,2.8,2.6,2.5,2.6,0,0,0,0,0,0,0,0,0,0,0,0,0,0,0,0,0
50,연덕교(수위계),2025-02-17,21,21,21,20.6,20,20.3,20.5,0,0,0,0,0,0,0,0,0,0,0,0,0,0,0,0,0
8,차룡8교(수위계),2025-02-26,0,0,0,0,0,0,0,0,0,0,0,0,0,0,0,0,0,0,0,12.6,2,2,1.9,12.9
50,연덕교(수위계),2025-02-26,0,0,0,0,0,0,0,0,0,0,0,0,0,0,0,0,0,0,0,20.2,20.6,20,20.7,21
8,차룡8교(수위계),2025-02-27,1.9,6.1,8.4,13.1,13.1,13.1,13.1,13.1,1.8,1.8,1.8,1.9,2.1,3,1.9,1.9,1.9,11.1,12.5,12.7,12.6,12.6,12.6,12.5
50,연덕교(수위계),2025-02-27,20.7,20.5,20,20.3,20,20,20,20,19.8,19.8,19.6,19.5,20,20,20,20,20,20,20,20,20,20,20,20.1
8,차룡8교(수위계),2025-02-28,12.9,13.1,13.1,13.1,13.1,13.1,13,13,13,13,13.1,12.9,12.8,13,13,12.9,13.1,12.6,12.6,12.7,12.5,12.6,12.7,12.7
50,연덕교(수위계),2025-02-28,20,20,20,20,20,20,20,20,20,19.9,19.5,19.9,19.1,19.8,19.6,19.8,20,20,20,20.2,21,20.4,20.1,20
8,차룡8교(수위계),2025-03-01,12.8,12.9,12.9,13,13,13.1,13,13,13,12.8,12.8,12.5,12.4,12.5,12.4,12.5,12.4,12.7,12.6,12.5,12.4,12.6,12.4,12.5
50,연덕교(수위계),2025-03-01,20.7,20,20,19.9,20,20,20,20,20,19.9,19,19.4,19.9,19.7,20,20,20,20,20.6,21.4,21.7,21.6,21.3,21.6
8,차룡8교(수위계),2025-03-02,12.3,12.4,12.4,12.3,12.3,12.6,12.2,12.1,12.5,12.4,12.1,11.8,12.3,11.4,11.5,11.6,11.7,11.7,11.8,12,12.1,12.1,12.2,12.6
50,연덕교(수위계),2025-03-02,21,21,20.5,20,20.3,20.1,20.3,20.1,20,20,20.2,20,20,20.4,20,20,20,20,20.7,24,29,30,35.3,43
8,차룡8교(수위계),2025-03-03,12.7,12.6,12.7,12.7,12.8,12.8,12.9,12.9,13,13,13,13,13,13.1,13,13,13,13.1,13.1,13.1,13.1,13.1,13.1,13.1
50,연덕교(수위계),2025-03-03,43,39.2,60.2,61.7,75,65.4,53,43.3,38,36.9,40,39,37.8,35,32.7,31,30,30,29,28,27.8,27,27,26
8,차룡8교(수위계),2025-03-04,13.1,13.1,13.1,13.1,13.2,13.2,13.2,13.2,13.1,13.2,13.1,13.1,13.1,13.1,13.1,13.1,13.1,13.1,13.1,13.1,13.1,13.1,13.1,13.1
50,연덕교(수위계),2025-03-04,27,26.3,26,25.7,26,26,26,25.8,25.6,26.8,28,31,37,47,58.4,59,50,42.1,38,35,33,32,31,30
8,차룡8교(수위계),2025-03-05,13.1,13.1,13.1,13.1,13.1,13.2,13.2,13.2,13.2,13.1,13.1,13.1,13,13,13,13,13,13,13.1,13.1,13.1,13.1,13.1,13.1
50,연덕교(수위계),2025-03-05,29.9,29,28.1,28,27,27,26,26,26,26,26,26,25.9,26,26,25.9,25.9,25,25.2,25.4,25.8,25,25,24
8,차룡8교(수위계),2025-03-06,13.1,13.1,13.2,13.2,13.2,13.2,13.2,13.2,13.3,13.2,13.2,13.1,13.1,13.1,13.1,13.1,13,13,13,13.1,13.1,13.1,13.2,13.2
50,연덕교(수위계),2025-03-06,24,24,24,24,23.9,23.9,23.7,23.1,23,23,23.8,23.9,24,23.9,23.4,23.9,24,24,24,23.2,23.8,24,24,24
8,차룡8교(수위계),2025-03-07,13.2,13.3,13.3,13.4,13.4,13.4,13.4,13.4,13.4,13.4,13.2,13.1,13,12.8,12.8,12.8,12.9,12.9,13,13.1,13.1,13.1,13.1,13.2
50,연덕교(수위계),2025-03-07,24,23.2,23,23,23,22.2,22,22,22.6,22.6,22.4,22.2,22.6,22.8,23,23.3,23,23,23,22.8,23,23,23,22.6
8,차룡8교(수위계),2025-03-08,13.2,13.1,13.2,13.1,13.2,13.2,13.2,13.2,13.2,13.1,13.1,12.9,12.9,12.8,12.8,12.8,12.9,12.9,12.9,13,13.1,13.1,13.2,13.3
50,연덕교(수위계),2025-03-08,22.6,23,22.6,22.6,22.3,22,22,22,22,22,22,22,21.8,21.9,22,22.5,22,22,22,22,22,22.5,22.7,22.1
8,차룡8교(수위계),2025-03-09,13.2,13.4,13.4,13.4,13.5,13.5,13.5,13.6,13.5,13.4,13.2,13,12.3,12.1,1.7,1.8,7,12.5,12.7,12.8,12.9,12.9,13,13.1
50,연덕교(수위계),2025-03-09,22,22,22,22,22,21.9,21.4,22,22,22,22,21.8,21.7,22,22.3,23,22,21.9,21.5,21,21.6,22,22,22
8,차룡8교(수위계),2025-03-10,13.1,13.1,13.1,13.2,13.2,13.2,13.3,13.2,13.2,13.1,12.9,12.8,12.5,12.5,12.4,12.4,12.5,12.4,12.5,12.6,12.7,12.7,12.8,13
50,연덕교(수위계),2025-03-10,22,22,22,22,22,21.4,21,21.6,21.5,21,22,21,21,21.6,22,22,22,21.7,21.8,21.7,22,22,22,22
8,차룡8교(수위계),2025-03-11,12.9,13,13,13,13,13.1,13.1,13.1,13,12.9,12.6,12.2,11.9,9.4,11.7,11.5,6.8,11.3,11.4,11.7,11.9,12.1,12.2,12.3
50,연덕교(수위계),2025-03-11,22,22,22,22,22,21.5,21,21,21,21.1,21.5,24.7,24,23.3,23,23,22.3,22,22,22,22,22,22,22
8,차룡8교(수위계),2025-03-12,12.3,12.3,12.3,12.4,12.5,12.5,12.6,12.6,12.5,12.4,12.1,11.7,11.4,11.2,11.2,11.3,11.3,11.3,11.4,11.5,11.8,11.9,12.1,12.1
50,연덕교(수위계),2025-03-12,22,22,22,22,22,21.7,21.2,21,21,21,21,21,21,21.2,22,22,22,21.5,21.5,21.6,21.9,22,22,21.9
8,차룡8교(수위계),2025-03-13,12.2,12.1,12,11.9,12.1,12.1,12.2,12.2,11.9,11.9,11.8,11.8,11.4,11.4,2.3,11.3,1.5,1.6,9.8,6.1,12.1,12.2,12.3,12.4
50,연덕교(수위계),2025-03-13,22,21.9,21.5,21.5,21.2,21,21,21,21,20.9,21,21,21,21,21.1,22,22,21.4,21.7,21.7,22,21.2,21.8,21.3
8,차룡8교(수위계),2025-03-14,12.5,12.5,12.5,12.6,12.6,12.6,12.6,12.9,12.7,12.7,12.2,11.6,1.5,2.1,1.7,1.6,1.6,9.2,1.7,1.7,11.4,11.7,11.7,11.7
50,연덕교(수위계),2025-03-14,21,21.2,21,21.4,21,20.8,20.6,20.6,21,20.9,20.7,20.9,21,21,21,22,22,21.6,21,21.3,21.4,21.8,22,21.7
8,차룡8교(수위계),2025-03-15,11.8,11.8,12,12,11.8,11.9,12,12.1,12.1,12.2,12.2,12.2,12.1,12.1,12.2,12.1,12.2,12.1,12,12,12.1,12.1,12.2,12.2
50,연덕교(수위계),2025-03-15,21.9,21.9,21.3,21.5,21,21,21,21,22,25,27,28.7,29,30.4,33.4,36,36,34,31.9,30,29,28,27,26
8,차룡8교(수위계),2025-03-16,12.2,12.2,12.2,12.1,12.1,12.1,12.1,12.1,12.1,12.1,12,11.9,11.9,11.9,11.9,12.1,12.1,12,11.9,12.1,12.1,12.2,12.2,12.3
50,연덕교(수위계),2025-03-16,25.9,25,24,24,23.3,23,22.1,22,22,22,22,22,22,22,22.1,24,32,30.6,29.4,28.5,27,26,25,24
8,차룡8교(수위계),2025-03-17,12.3,12.4,12.4,12.4,12.4,12.4,12.5,12.5,12.4,12.4,12.2,12.1,11.3,1.7,1.8,1.8,1.8,1.9,12,12.2,12.3,12.2,12.2,12.4
50,연덕교(수위계),2025-03-17,23.8,23.2,23,23,23,22.2,22,22,22,21.5,22,21.9,22,22,22,22.1,22.5,22,22,22,22,22.2,22,22
8,차룡8교(수위계),2025-03-18,12.5,12.6,12.6,12.6,12.5,12.5,12.6,12.6,12.6,12.4,12.2,12.1,12,12,12.1,12,12.1,12.1,12.1,12.2,12.3,12.3,12.4,12.4
50,연덕교(수위계),2025-03-18,22,21.4,21.3,21,21.1,21,21,21.1,21,21,21,21.3,21.3,21.6,21.9,21.5,21.4,22,22,21.9,22,22,21.4,21.7
8,차룡8교(수위계),2025-03-19,12.5,12.5,12.6,12.6,12.6,12.7,12.9,12.9,12.9,12.7,12.5,12.3,12.3,12.1,6.8,12.1,11.5,12.1,12.2,12.3,12.4,12.5,12.5,12.5
50,연덕교(수위계),2025-03-19,22,21.5,21,21,21,21,20.8,21,21,20.9,21,21,21,20.6,20.2,21,21.5,21,21,21,21,21,21,21
8,차룡8교(수위계),2025-03-20,12.5,12.6,12.7,12.8,12.9,12.9,12.9,12.9,12.9,12.9,12.4,12.1,11.8,11.5,2.5,11.6,11.5,11.6,11.7,11.9,12,12,12.1,12.2
50,연덕교(수위계),2025-03-20,21.2,21,21,21,20.5,20.9,20.3,20.7,21,20.7,24,23.8,23,22,22,22,22,21.2,21.1,21,21.2,21.2,21,21.3
8,차룡8교(수위계),2025-03-21,12.2,12.3,12.3,12.4,12.3,12.3,12.4,12.4,12.1,12,11.7,11.3,11,10.9,10.3,1.4,1.4,10.3,7.2,10.6,10.9,11.1,11.2,11.3
50,연덕교(수위계),2025-03-21,21.2,21.1,21,21,21,20.4,20.5,20,20.4,20.4,20.5,21,21,20.8,21,21,21,21,21,20.9,21,21,21,21
8,차룡8교(수위계),2025-03-22,11.5,11.5,11.8,11.8,11.9,12,12,12,11.9,11.6,11,-3.4,-12.2,-12.1,-11.8,-12.2,-12.1,-4.4,9.8,2.3,10.1,5.9,10.4,10.5
50,연덕교(수위계),2025-03-22,21,21,21,21,21,20.6,20.7,20.2,20.2,20.8,21,21,21,21,21,21,21.3,21.1,21.6,21,21,21,21,21.3
8,차룡8교(수위계),2025-03-23,10.6,10.8,10.9,11.1,11.2,11.5,11.4,11.1,11,10.7,10.4,9.8,-12.2,-11.9,-11.9,-11.9,-12.1,9.3,9.6,5.1,9.5,9.8,9.8,9.9
50,연덕교(수위계),2025-03-23,21,21,20.9,21,20.9,20.3,20,20.4,20,21,21,21,21.3,21,21,21,20.3,20.9,20.1,20.4,20.4,20,20,20
8,차룡8교(수위계),2025-03-24,10,10,10.2,10.5,10.1,10.3,10.5,10.6,10.5,10.2,9.7,9.4,9.4,9.1,9.1,9.3,9.2,9.4,9.5,9.8,9.8,9.9,9.9,10.1
50,연덕교(수위계),2025-03-24,20.4,20,20,20,20,20.1,20.5,20.6,20.2,20.4,19.8,20,20,20,20.4,20.7,21,21,20.3,20.6,20,20,20.6,21
8,차룡8교(수위계),2025-03-25,10.3,10.6,10.7,10.8,10.8,10.7,10.8,11.1,10.9,10.8,10.3,10,9.3,9.4,9.4,9.3,9.4,9.6,9.9,10,10,10.1,10.2,10.3
50,연덕교(수위계),2025-03-25,21,20.9,21,21,20.6,20.5,20,20,20,20,19.9,20,20,20.3,20,20,20.6,20.1,21,20.6,20.9,20.5,20.8,21
8,차룡8교(수위계),2025-03-26,10.6,10.7,10.9,11,11.2,11.3,11.4,11.3,11,10.7,10.6,10.3,10,9.8,9.8,9.5,9.6,9.6,10.1,10.3,10.6,10.7,10.6,10.9
50,연덕교(수위계),2025-03-26,21,21,20.8,20,20,20.1,20,20,20,20,20.2,20,20,20,20.2,20,20,20.4,20.8,20.5,20.5,20.3,20,20.2
8,차룡8교(수위계),2025-03-27,10.7,10.6,10.8,10.8,10.6,10.7,10.7,10.8,10.4,10.8,10.3,10,10.3,10.4,10.3,10.4,10.5,10.9,10.8,10.8,10.9,11.1,11.1,10.9
50,연덕교(수위계),2025-03-27,20.5,21,21,20.7,20,20.2,21,22,25,26,27,28.8,29,28,27.6,26.7,25.3,25.2,24.5,50,60,47,39,34
8,차룡8교(수위계),2025-03-28,11,11,11.1,11.1,11.1,11.2,11.3,11.3,11.6,11.6,11.5,11.2,11.3,11.3,11.3,11.3,11.5,11.6,11.8,11.8,11.9,11.9,11.7,11.7
50,연덕교(수위계),2025-03-28,31,29.9,28,26.6,26,25,24.7,24.2,23.3,26,24,23.3,23,22.6,22,22.4,22.1,22.5,22,21.4,22,22,22,22
8,차룡8교(수위계),2025-03-29,11.8,11.9,12.1,12.2,12.3,12.5,12.5,12.5,12.4,12.3,12.3,12.2,12.1,12.2,12.1,12.2,12.2,12.2,12.2,12.5,12.3,12.4,12.5,12.6
50,연덕교(수위계),2025-03-29,22,22,22,22,21,21,20.9,20.5,20.9,20.1,20,20.2,20.4,21,21,21,20,21,21,21,20.3,20.5,20.1,20
8,차룡8교(수위계),2025-03-30,12.7,12.8,12.8,12.9,13.1,13.2,13.2,13.2,13.2,13.2,13,12.8,12.7,12.7,12.5,12.4,12.5,12.6,12.7,12.9,13.1,13.1,13.2,13.2
50,연덕교(수위계),2025-03-30,20.1,20,20,20,20,20,20,20,20,20,20,20,19.1,20,20.2,20,20,20,20,19.6,19.4,20,20,20
8,차룡8교(수위계),2025-03-31,13.2,13.3,13.2,13.3,13.2,13.4,13.3,13.3,13.2,13.1,12.8,12.7,12.4,12.5,12.4,12.5,12.3,12.2,12.3,12.3,12.4,12.4,12.6,12.8
50,연덕교(수위계),2025-03-31,21,21,21,20.1,20,20,20,20,20,20,20,21,21,21,21.6,21.5,21.1,21,21,21,21,21,21,21
8,차룡8교(수위계),2025-04-01,12.8,12.9,12.9,12.9,13,13,12.9,12.9,12.8,12.8,12.6,12.3,12.1,11.7,11.8,11.8,11.6,11.8,12,12.2,12.3,12.6,12.7,12.4
50,연덕교(수위계),2025-04-01,21,21.4,21.1,21.2,21.1,21.1,21,21,21,21,20.9,21,20.9,20.7,20.4,21,21.2,21,21.7,21,22,22,22,21.7
8,차룡8교(수위계),2025-04-02,12.5,12.7,12.7,12.8,12.9,12.9,12.9,12.9,12.8,12.7,12.2,12,11.6,11.6,11.5,11.4,11.5,11.8,11.9,11.9,11.9,12,12.2,12.2
50,연덕교(수위계),2025-04-02,21,21.7,21.6,21.4,21,20.8,21,21,21,20.6,20.1,20.5,20,20.3,20.9,21,22,21.6,21.7,21.3,21.5,22,22,21
8,차룡8교(수위계),2025-04-03,12.2,12.3,12.3,12.4,12.5,12.6,12.7,12.6,12.6,12.5,12.3,12,12,11.8,11.8,11.7,11.8,11.8,12,12.1,12.2,12.3,12.3,12.4
50,연덕교(수위계),2025-04-03,21,21,21,21,21,21,20.8,20.8,20,20,20,20,20,20,20.6,21,21.9,22,21.2,21.5,22,22,21.4,21
8,차룡8교(수위계),2025-04-04,12.5,12.6,12.6,12.6,12.7,12.7,12.7,12.7,12.7,12.6,12.4,12,11.8,11.4,11.3,11.3,11.1,11.3,11.5,11.6,11.8,11.9,12,12.1
50,연덕교(수위계),2025-04-04,21,21,21.4,21.6,21,20.3,20,20.2,20,20.9,20.5,20,20.2,20.1,20.7,20.4,21,21.8,22,22,22,21.7,21.9,21.5
8,차룡8교(수위계),2025-04-05,12.1,12.1,12.1,12.1,12,12,12.1,12.1,12.1,12,11.9,11.7,11.7,11.6,11.6,11.6,11.7,11.7,11.7,11.7,11.8,11.7,11.7,11.8
50,연덕교(수위계),2025-04-05,21.4,21.2,21,21,21,21,21,20.3,20,20,20.2,20.1,20,20,20,20.4,21,21.8,23.6,23.7,23.1,23.5,23,22.3
8,차룡8교(수위계),2025-04-06,11.8,12,12,12.1,12.2,12.3,12.4,12.4,12.2,12.1,11.8,11.5,11.4,11.5,11.1,10.8,10.9,11.1,11.2,11.3,11.5,11.6,11.6,11.8
50,연덕교(수위계),2025-04-06,22,21.7,21,20.7,20.7,20.6,20,20,20,20,20,20,20,20,20,20,20,20,20,20,19.8,19.7,19.7,20
8,차룡8교(수위계),2025-04-07,11.9,12,12,12.1,12.2,12.2,12.3,12.2,12.2,12,11.7,11.4,11.3,11.3,11,10.9,10.9,11.2,11.2,11.3,11.4,11.4,11.4,11.3
50,연덕교(수위계),2025-04-07,20,19.7,19.8,19.7,19,19,19,19.1,19,19.3,19,19.4,20,20,20,20,20,20,20,20,20,20,20,20.5
8,차룡8교(수위계),2025-04-08,11.4,11.4,11.4,11.2,11.2,11.2,11.1,11.2,11.1,11.1,10.9,10.6,10.7,10.6,10.4,10.1,10.1,10.5,10.9,10.7,10.7,10.9,11.2,11.2
50,연덕교(수위계),2025-04-08,20.5,20,20,20,20,20,20,19.9,19.8,19.5,19,19,19,20,19.9,19.8,20,20,20,20,20,20,20.3,21
8,차룡8교(수위계),2025-04-09,11.3,11.4,11.5,11.6,11.6,11.7,11.7,11.6,11.6,11.5,11.2,11,10.7,10.8,10.7,10.7,10.5,10.8,10.9,10.9,11,10.9,11,10.9
50,연덕교(수위계),2025-04-09,20,20.3,20,20,19.3,19,19.4,19.8,20,20,20,20,20,20,20,20,20,20,20,20,20,20,20,20
8,차룡8교(수위계),2025-04-10,11,10.8,10.8,10.8,10.9,11,11.1,11,11,10.8,10.7,10.6,10.3,10.3,10.1,10.1,10.1,10.3,10.4,10.5,10.6,10.7,10.8,10.8
50,연덕교(수위계),2025-04-10,20,21,20.5,20,20,20,20,20,20,20,19.9,20,19.7,20,20,20,20,20,20,20,20,20,20,20.2
8,차룡8교(수위계),2025-04-11,10.9,11,11.1,11.1,11.3,11.4,11.4,11.3,11.3,11.3,10.9,10.7,10.7,10.4,10.3,10.3,10.3,10.5,10.6,10.7,10.7,10.9,10.9,11.1
50,연덕교(수위계),2025-04-11,20,20,20.1,20,20,20,20,20,20,20,20,19,19.1,19.5,19.9,20,20,20,20,20,20,20,20,20
8,차룡8교(수위계),2025-04-12,11,11.1,11.1,11.2,11.3,11.3,11.3,11.3,11.3,11.3,11.2,10.9,10.9,10.8,10.7,10.7,10.7,10.8,10.9,11.1,11,10.9,10.9,10.7
50,연덕교(수위계),2025-04-12,20,20,20.4,20,20,20,20,20,20,20,20,19.6,19.9,19.2,19,19.4,20,20,20,20,21.8,37.6,64,81.1
8,차룡8교(수위계),2025-04-13,10.8,10.6,26,8.2,15.7,15.4,15.4,15.2,13.1,4.3,5.8,14.9,14.9,8,4.6,6.3,3.9,4.1,10.1,5.9,3.6,5.2,4.7,4.3
50,연덕교(수위계),2025-04-13,92,99.6,123.9,108.6,71.1,55,46,41,38.3,37,36,34.5,34.4,33.6,33,33,32.9,32.2,32,32,32,32,32,31.3
8,차룡8교(수위계),2025-04-14,7.4,2.6,6.8,2.6,5.6,7.8,2.2,7.7,8.2,3.6,9,11.6,7.6,8.5,2.3,7.5,1.5,3.7,6.3,2.1,7.1,4.8,10.9,10.2
50,연덕교(수위계),2025-04-14,31,31,31,30.7,31,31.7,35,38,38,35.8,33.9,33,32.4,32,32,33,33,32,31.7,31.6,30.7,30,30,30
8,차룡8교(수위계),2025-04-15,10.6,10.7,10.7,10.6,10.5,10.4,10.3,10.4,10.4,10.4,10.5,10.4,10.6,10.6,10.7,10.8,10.8,10.8,10.7,10.6,10.5,10.5,10.3,10.3
50,연덕교(수위계),2025-04-15,30,30,29.9,29.7,29,29,29,29,28.7,28.4,28.6,29.1,29.1,29,28.7,29,29,28.7,28.2,28,28,28,28,28
8,차룡8교(수위계),2025-04-16,10.2,10.2,10.1,10.1,10.1,10,10.1,10.2,10.2,10.4,10.6,10.7,10.9,11,11,11.1,11,11,10.9,11,10.8,10.8,10.8,10.7
50,연덕교(수위계),2025-04-16,27,27,28,28,27,27,26.5,27,27,27,27,27,27.7,28,27,27,27,27,27.9,27,27,27,27,27
8,차룡8교(수위계),2025-04-17,10.7,10.7,10.7,10.7,10.7,10.7,10.7,10.8,10.9,10.9,10.9,10.9,10.9,11,11.1,11.1,11.1,11.1,11.1,11.1,11.1,11,11,11
50,연덕교(수위계),2025-04-17,27,26,26,26,26,26,26,25.8,26,26,26,26,26,27,27,27,27.9,27,27,27,27,27,26.9,27
8,차룡8교(수위계),2025-04-18,11,11,11,11,11,11,11,11,11,11.1,11.2,11.2,11.3,11.4,11.4,11.4,11.3,11.3,11.2,11.2,11,11,11,10.9
50,연덕교(수위계),2025-04-18,27,26,25.8,26,26,26,26,25.3,25,25.2,25,25.1,26,26.3,26.1,26,25.1,25,25,25,25,25,25,25
8,차룡8교(수위계),2025-04-19,10.9,10.8,10.9,10.9,11,11,11,11,11.1,11.1,11.1,11.2,11.2,11.2,11.3,11.2,11.2,11.2,11.2,11.1,11.1,11.1,11.1,11.1
50,연덕교(수위계),2025-04-19,24.9,24.8,24,24.2,24.1,24,24,24,24,24,24.1,24.2,24,24.1,24,24.3,24,24,24,24,24.6,25,25,25
8,차룡8교(수위계),2025-04-20,11.1,11.1,11.1,11.1,11.1,11.1,11,11,11,11,11,11,11,10.9,10.9,10.9,10.8,10.8,10.8,10.7,10.7,10.7,10.7,10.7
50,연덕교(수위계),2025-04-20,25.5,25.7,25,25,24.5,24,24,24,24,24,24.1,24,24,23.5,24,24,24.1,24,24,24,23.6,23,23.6,23.8
8,차룡8교(수위계),2025-04-21,10.7,10.6,10.6,10.6,10.6,10.6,10.6,10.6,10.6,10.7,10.8,10.9,10.9,11,11,11.1,11.1,11,10.9,10.9,10.7,10.7,10.6,10.6
50,연덕교(수위계),2025-04-21,24,23.8,24,24,23.6,23.1,23,23,23,23.6,23.8,25,27,26,26,25,24.5,24.5,24,24,24,24,23.2,24
8,차룡8교(수위계),2025-04-22,10.6,10.5,10.5,10.5,10.5,10.6,10.6,10.5,10.6,10.6,10.7,10.8,10.8,10.9,10.9,11,11,11,11,11,11,11,11,10.9
50,연덕교(수위계),2025-04-22,24,24,23.8,23.3,23.6,23,23.8,24,29.8,34.9,36,36,36,49.2,77,85,76,64.7,55.3,47.5,42.3,39,37,36
8,차룡8교(수위계),2025-04-23,10.9,10.9,10.9,10.8,10.8,10.8,10.7,10.6,10.6,10.7,10.7,10.8,10.9,11,10.9,10.9,10.9,10.7,10.6,10.6,10.5,10.5,10.5,10.4
50,연덕교(수위계),2025-04-23,35,34,33,33,33,33,32.9,32.5,32,32.8,33,32.9,32.3,32,33,32.4,32,32,32,32,32,32,31,31
8,차룡8교(수위계),2025-04-24,10.4,10.4,10.4,10.4,10.4,10.4,10.4,10.4,10.5,10.6,10.6,10.7,10.8,10.9,11,11,11.1,10.9,10.9,10.8,10.7,10.6,10.7,10.6
50,연덕교(수위계),2025-04-24,31,31,31,31,31,30.2,30.9,30.7,30,30,30,31,31,31,30.8,30.4,30,30,30,30,30,30,30,29.6
8,차룡8교(수위계),2025-04-25,10.6,10.5,10.4,10.4,10.3,10.3,10.3,10.3,10.3,10.4,10.5,10.4,10.5,10.5,10.6,10.7,10.7,10.6,10.5,10.3,10.4,10.4,10.3,10.2
50,연덕교(수위계),2025-04-25,29,29.2,29.6,29,29,29,28.5,28,29,29,29,28.5,28.9,29,29,28,28.2,29,28.6,28,28,28,28,28
8,차룡8교(수위계),2025-04-26,10.2,10,10,9.9,9.8,9.7,9.7,9.8,9.9,10.1,10.2,10.3,10.4,10.4,10.5,10.6,10.6,10.4,10.3,10.3,10.2,10.1,10,9.9
50,연덕교(수위계),2025-04-26,28,28,27.1,27.3,27.2,27,27,27,27,27,26.9,27,26.1,26.4,27.3,27,27,26,26,26,26,26,25.8,26
8,차룡8교(수위계),2025-04-27,9.9,9.9,9.9,9.9,9.9,9.9,9.9,9.9,10,10.2,10.4,10.3,10.5,10.6,10.7,10.7,10.7,10.6,10.5,10.4,10.4,10.4,10.3,10.3
50,연덕교(수위계),2025-04-27,26,26,25.9,26,26,26,26,25.8,25.3,25,26,26,25.7,25.9,25.7,25.2,26,25,25,25,25,26,25,25
8,차룡8교(수위계),2025-04-28,10.3,10.3,10.3,10.3,10.3,10.3,10.3,10.3,10.3,10.5,10.6,10.7,10.7,10.7,10.9,10.9,11,11,10.8,10.7,10.6,10.6,10.5,10.5
50,연덕교(수위계),2025-04-28,25,25,25,25,25,25,25,25,25,25,24,26.1,27,26,25.8,25.3,25.9,25.6,25.5,25,25,25,25,25
8,차룡8교(수위계),2025-04-29,10.4,10.3,10.2,10.1,10,9.9,10,10,10.1,10.2,10.3,10.3,10.4,10.3,10.4,10.4,10.4,10.4,10.3,10.3,10.2,10.2,10.1,10
50,연덕교(수위계),2025-04-29,25,24.2,25,24.9,24.6,24.3,24,24,24.5,24.1,24.6,24,24.1,24.6,24.2,24,23.7,24,24,24.2,24,24,24,24.3
8,차룡8교(수위계),2025-04-30,10,9.9,9.9,9.9,9.8,9.8,9.8,9.8,9.9,10.1,10.3,10.4,10.5,10.6,10.6,10.7,10.6,10.5,10.4,10.3,10.2,10.2,10,10
50,연덕교(수위계),2025-04-30,24,24,24,24,24,24,24,23.4,23.7,24,24,24,23,23.6,23.9,23.9,23.1,23,23.3,24,24,23.6,23.2,23.3
8,차룡8교(수위계),2025-05-01,9.9,9.9,9.9,9.9,10,10,10,10.1,10.2,10.3,10.4,10.5,10.5,10.6,10.6,10.4,10.3,15.1,8.3,6.6,7.5,5.9,15.6,15.6
50,연덕교(수위계),2025-05-01,24,23.8,23,23.3,23,23,23.4,23,23,23,23,23.2,23,23,22.1,23.4,44.1,106.8,94.8,86.6,63.4,50,42.9,42.2
8,차룡8교(수위계),2025-05-02,15.5,15.5,15.6,15.6,15.5,6.1,14.6,14.5,14.8,15.1,14.6,14.2,6.3,2.9,5.1,4,4.7,14.5,5.2,14.2,6.6,14.2,9.4,14.3
50,연덕교(수위계),2025-05-02,42.3,40,37,35,34,32.8,32,32,32,32,31,31,31,31.6,31,30.6,30,30,30,30,30,30,29.2,30
8,차룡8교(수위계),2025-05-03,12.3,14.3,14.1,14.1,14.4,14.1,14.2,14.4,14.3,14.4,14.4,14.4,14.4,14.4,14.4,14.4,14.4,14.4,14.3,14.3,14.2,14.1,14.1,13.7
50,연덕교(수위계),2025-05-03,29.5,29.3,29,29,29.6,29,29,28.4,28,29,29,29,29,30,35,38,37.1,35,33,31,30,30,29,29
8,차룡8교(수위계),2025-05-04,13.4,12.1,8.3,6.8,16.5,16.2,15.9,15.8,15.7,15.6,15.5,15.4,15.3,15.3,15.1,15,15,15.1,15.2,15.2,15.2,15.2,15.2,15.1
50,연덕교(수위계),2025-05-04,29,29,29,28,28,28,28,28,28,27,27.3,28,28,27.6,27.4,27.9,27.7,27,27,26,26,27,27,26.8
8,차룡8교(수위계),2025-05-05,15.1,15.1,15.1,15.1,15.1,15.1,15,15.1,15.1,15.1,15.1,15.1,15.1,15.1,15,15,15,15,15,15.1,15,15,15,15
50,연덕교(수위계),2025-05-05,26,26,26,26.6,26,26,26,26,26,26,26,26,25.8,26,26,26,25.5,25.9,26,26,27,27,27.7,33
8,차룡8교(수위계),2025-05-06,15,15,15,15,15,15,15,15,15,15,15,15,15,15,15,15,15,15,15,15,15,15,15,15
50,연덕교(수위계),2025-05-06,36,36,34,32.3,30.3,29.7,28,27.9,27,27.8,27.9,27,26.1,26,26,26.4,27,28,49.2,54,45,38,34,32
8,차룡8교(수위계),2025-05-07,15,15,15,15,15,15,14.9,14.9,14.9,14.9,14.9,14.9,14.9,14.9,14.9,14.9,14.8,14.9,14.9,14.9,14.9,14.9,14.9,14.9
50,연덕교(수위계),2025-05-07,30,29,29,28,28,28,27.8,27,26.9,26.7,27,27.2,27,26.8,26.9,27,27,26,26,26,27,26.8,26,26
8,차룡8교(수위계),2025-05-08,14.9,14.9,14.9,14.9,14.9,14.9,14.9,14.9,14.9,14.9,14.9,14.9,14.8,14.8,14.8,14.7,14.8,14.8,14.8,14.8,14.9,14.9,14.9,14.9
50,연덕교(수위계),2025-05-08,25.6,26,26,26,25,25,25.2,26,25.8,25,25,26,26,26,25,25,25,25.1,25.2,25,25,25,25,24.7
8,차룡8교(수위계),2025-05-09,14.9,14.8,14.8,14.9,14.9,14.9,14.8,14.8,14.8,14.8,14.8,14.8,11.6,6.1,7.2,8.6,6.5,5.5,5.5,5.4,7.4,8.1,5.8,5.9
50,연덕교(수위계),2025-05-09,25,25,25,25,24.9,24.9,30.8,33,34,33,48.3,84,80.2,75.9,73,79.8,90.3,69,56,47.2,43,40,38,37
8,차룡8교(수위계),2025-05-10,5.6,5.6,5,5.8,4.3,6.3,4,6.4,5.5,3.8,7.7,15.2,13.9,13,15.1,14.8,14.1,15,14.6,14.2,14.6,5.2,8.3,3.2
50,연덕교(수위계),2025-05-10,36,36,35,35.5,35,34.8,34,34,34,34,34,33.7,33,33.9,33.9,33.1,33,33,32.9,33,32.9,32.1,32,32.2
8,차룡8교(수위계),2025-05-11,3.8,4.8,4.4,3.4,3.4,3.9,4.8,15,15.3,3.7,4.6,14.9,15.3,4.1,11.5,15,4.8,14.9,15.1,15.4,15.2,15,15.2,3
50,연덕교(수위계),2025-05-11,32,32,31.9,31,32,32,32,31,31,31,31.3,31,31,31,31,31,31,30.7,39,42.9,39,36,34,32.3
8,차룡8교(수위계),2025-05-12,3.4,15.2,15.5,3.2,15.2,15.5,15.4,15.3,15.2,15,15.2,15,14.9,14.9,15,15,14.9,15,15,15,15,14.9,14.9,14.9
50,연덕교(수위계),2025-05-12,32,31.1,31,30.7,30.9,30.2,30,30.3,30.6,30.5,30,30,30.2,31,30.5,30,30,30,30,30,30,29.1,29.3,29.8
8,차룡8교(수위계),2025-05-13,14.8,14.8,14.7,14.7,14.7,14.7,14.7,14.7,14.8,14.8,14.8,14.7,14.7,14.7,14.7,14.7,14.7,14.7,14.7,14.7,14.7,14.7,14.7,14.7
50,연덕교(수위계),2025-05-13,29.3,29,29,29,29,29,29,28.9,28,29,29,29,29,29,29,29,29,28,28,28,28,28,27.8,28
8,차룡8교(수위계),2025-05-14,14.7,14.7,14.7,14.7,14.7,14.7,14.7,14.8,14.9,14.9,14.9,14.9,14.9,14.9,14.8,14.9,14.8,14.9,14.9,14.9,14.9,14.9,14.9,14.9
50,연덕교(수위계),2025-05-14,27.1,28,27.9,27,27,27,27,27.3,27,26,26.7,27,27.9,27,26.7,26.7,27,27,26.2,26,26.8,26.7,27,26.3
8,차룡8교(수위계),2025-05-15,14.9,14.9,14.9,14.9,14.9,15,14.9,15,15,15,15,15,15,15,15,15,15,15,15,15,15,15,15,15
50,연덕교(수위계),2025-05-15,26,26,27,27,26.2,26,25.4,26,26,26,26,25.4,25.3,26,26,26.5,26.9,26,26,26,26,26,26,26
8,차룡8교(수위계),2025-05-16,15,15,15,15,15,15,15,15,15,15,15,15,15,15,15,15.1,15.1,15.1,15.1,18,57.3,62.3,37.1,27.7
50,연덕교(수위계),2025-05-16,26,25,25.2,25.9,26,26,25.4,25,25,26,25.6,25.4,26,26,27,28,31,61.7,69.5,76.7,110.9,142.3,111.6,113.4
8,차룡8교(수위계),2025-05-17,18.1,7.2,6.6,6.9,6.2,6.3,6.1,5.8,6.2,6,5.7,5.5,5.9,5.7,5.4,5.5,5.3,5,4.9,5,5,4.9,4.8,4.7
50,연덕교(수위계),2025-05-17,98,73,60,55,52.9,52,51,50,49,48.4,48,48,47.4,47,46.2,45.7,45,44.7,44,43.6,42.9,43,42.2,42
8,차룡8교(수위계),2025-05-18,4.7,4.9,4.9,4.9,4.8,4.7,4.8,4.7,4.6,4.4,4.2,4.3,4.5,4.5,4.4,4.4,4.3,4,4,4.2,4.4,4.2,3.8,3.6
50,연덕교(수위계),2025-05-18,41.6,41,40.6,40.9,40,40,39.3,39,39.4,39,38.5,38.5,38,38,38,37.2,36.5,36.7,36.8,36,36,36,35.8,36
8,차룡8교(수위계),2025-05-19,3.8,4.2,3.9,3.3,3.1,3.4,3.6,3.1,3,3.6,3.1,3.1,3.5,3.2,3,3.3,3.7,3.4,3,3.4,3.5,3.2,3.2,3.7
50,연덕교(수위계),2025-05-19,35,35,34.5,34.5,35,35,34,34,34,33.5,34.4,34,34,33.4,33,33.1,33,33,32.3,32,32,32.5,32.5,32
8,차룡8교(수위계),2025-05-20,3.4,3.7,3.5,3,3.8,3.4,2.3,3.5,3.6,0,0,0,0,0,0,0,0,0,0,0,0,0,0,0
50,연덕교(수위계),2025-05-20,31.4,31.3,32,31.8,31.1,30.9,31,31,31,31,30.7,31,31.8,31,31,30.5,30.7,31,30.3,30.3,29.9,30,30.6,30.4
8,차룡8교(수위계),2025-05-21,0,0,0,0,0,0,0,0,0,0,0,0.3,0.4,0.6,0.6,0.6,0.7,0.8,0.6,0.5,0.5,0.7,0.6,0.5
50,연덕교(수위계),2025-05-21,30,30,29.9,30,30,29.2,29.2,29.2,29,29,29.2,29.4,29.9,29.4,29,29,29,29,29,29,29,29,29.4,29
8,차룡8교(수위계),2025-05-22,6.4,16,16.1,15.9,15.9,15.9,15.9,15.9,15.9,15.9,15.8,15.9,15.9,15.9,15.8,15.7,15.8,15.8,15.7,15.7,15.9,15.9,15.9,16
50,연덕교(수위계),2025-05-22,29,29,28,28,29,29,28,27.9,28,28,29,28.6,28,28,28.5,28.6,28,28,28,28,28,28,28,28
8,차룡8교(수위계),2025-05-23,16,16,16,16,16,16,16,16,16,16,15.9,15.9,15.9,15.9,15.8,15.8,15.8,15.7,15.7,15.8,15.9,15.7,15.7,15.7
50,연덕교(수위계),2025-05-23,28,28,28,27.3,27,27.1,27,27,26.4,26,26.8,27.3,27.3,27,26.4,27,27,27,26.6,26.2,27,27,27,26.1
8,차룡8교(수위계),2025-05-24,15.7,15.7,15.7,15.8,15.7,15.7,15.8,15.8,15.7,15.8,15.8,15.7,15.7,15.7,15.7,15.7,15.7,15.7,15.7,15.7,15.7,15.8,15.8,15.7
50,연덕교(수위계),2025-05-24,26.9,26.8,27,26,26,25.4,26,26,26,26.8,27,27,27.4,28,28,28,28,28,27.3,27,27,27,27.3,27
8,차룡8교(수위계),2025-05-25,15.8,15.7,15.7,15.7,15.7,15.7,15.7,15.7,15.6,15.7,15.6,15.7,15.6,15.7,15.7,15.7,15.8,15.8,15.8,15.7,15.8,15.8,15.9,15.9
50,연덕교(수위계),2025-05-25,27,26.5,26.2,26,26,26.9,27,26,26.7,26,26,26,26.1,26,26,26,26,26,26,25.2,25,25,26,26
8,차룡8교(수위계),2025-05-26,15.9,15.8,15.9,15.9,15.9,15.9,15.9,15.9,15.8,15.7,15.8,15.9,16,15.9,16,16,16.1,16.1,16.2,16.1,16,16.1,7.8,4.2
50,연덕교(수위계),2025-05-26,25,25,25.8,26,26,25,25,25,25,25.9,25,25,25,25.6,25.2,25,24.8,24.8,25.4,25.6,25,25,25,25
8,차룡8교(수위계),2025-05-27,6.4,4,3.9,4.1,3.9,3.9,4.1,16.3,16.2,16.1,16.2,4,3.8,3.8,3.8,3.8,4,3.9,3.8,3.9,4,4.1,4,3.9
50,연덕교(수위계),2025-05-27,25.9,25.4,25,25,24.9,25,25,24,24.4,24.2,25,24.2,24,24,25,25,24,24,24,24,24.4,24.6,24,24
8,차룡8교(수위계),2025-05-28,3.8,3.9,3.9,3.8,3.8,3.9,3.9,3.8,3.6,5,3.7,3.7,3.5,3.4,3.4,3.2,3,3.4,3.5,3.5,3.5,3.7,3.5,3.4
50,연덕교(수위계),2025-05-28,24.3,25,24,24,24,24,24,24,23.7,23.7,24,24.2,24,24,24,25,24.7,24,24,23.9,24,24,24,24
8,차룡8교(수위계),2025-05-29,3.6,3.6,3.8,3.6,3.5,3.7,3.7,3.6,3.5,3.5,3.6,3.6,3.5,3.4,3.2,3.2,3.3,3.6,3.3,3.3,3.3,3.4,3.3,3.3
50,연덕교(수위계),2025-05-29,24,24.5,24.9,24,23,23,23,23.9,24,24,23.3,23.4,23.6,25,28,27,26,24.7,24,23.9,23,23.6,24,24
8,차룡8교(수위계),2025-05-30,3.3,3.3,3.3,3.1,3.3,3.3,3.4,3.3,3.2,3.2,3.2,3.2,3.1,3.1,3.1,2.8,2.7,3,2.9,3,3.1,3.3,3.2,3.3
50,연덕교(수위계),2025-05-30,23.7,23.3,22.8,22.3,23,23,23,22.7,22.1,22.2,23,23,23,23,23,23.1,23,23,23,23.9,23.8,23.2,23,22.7
8,차룡8교(수위계),2025-05-31,3.3,3.2,3.2,3.3,3.3,3.5,3.5,3.5,3.3,3.3,3.3,3.1,2.9,2.9,2.8,2.8,2.7,2.8,2.8,2.9,2.9,3,2.9,3.1
50,연덕교(수위계),2025-05-31,23,23.3,23.2,23,23,22.6,22.9,22.8,22,22,22.2,22.3,22,22,22,22,22.6,23,22.6,22,22,22.8,22.5,22.5
8,차룡8교(수위계),2025-06-01,3.1,3.4,3.2,3.1,3.2,3.2,3.3,3.3,3.2,3.2,3.2,3,2.5,2.8,2.7,2.7,2.6,2.5,2.6,2.9,2.9,2.8,2.9,2.8
50,연덕교(수위계),2025-06-01,22.4,22.7,23,22.3,22,22,22,22.4,22.8,22,22.1,22.1,22,22,22,22,22,22.3,22.5,22,22.2,22,22,22.5
8,차룡8교(수위계),2025-06-02,3,3,3.1,3,3,2.9,2.9,3.1,3,3,2.9,2.9,2.9,3,2.8,3,2.9,2.9,3,2.9,2.9,3,3,2.7
50,연덕교(수위계),2025-06-02,22.7,22,22.1,22.4,22.4,22,22,22,22.2,22,22,22,22,22.7,23,23.6,24,23.6,24,23.5,23.7,23.4,23.8,24
8,차룡8교(수위계),2025-06-03,2.9,3,2.8,2.8,2.9,2.9,2.8,2.8,2.6,2.3,2.2,2.5,2.5,2.4,1.8,1.9,1.9,1.9,1.9,2,2.1,2.2,2.3,2.5
50,연덕교(수위계),2025-06-03,24,24,24.1,27,27.7,27,27,27.4,27,26.3,25.8,25,24,24.1,24,24,23.5,22.7,23,23,23,23,23,23
8,차룡8교(수위계),2025-06-04,2.3,2.4,2.7,2.7,2.8,2.8,2.7,2.6,2.8,2.2,2.1,2.1,1.9,2,1.9,1.8,1.9,1.9,1.9,1.9,2.2,2.3,2.5,2.3
50,연덕교(수위계),2025-06-04,23.1,23,22.9,22.2,22,22.2,22.9,22.3,22.2,22,22,22.2,22,22,22,22.3,22.2,22.3,22,22,22.3,23,23,23
8,차룡8교(수위계),2025-06-05,2.4,2.2,2.2,2.3,2.3,2.5,2.5,2.3,2.1,1.9,1.8,1.8,1.9,1.6,1.7,1.8,1.8,1.5,1.6,1.6,1.8,1.8,2.1,2.1
50,연덕교(수위계),2025-06-05,22.2,22.5,23,22.9,22,22,22,22,22,22,22,22.5,22,22.5,22.9,22,22.6,22.6,22.4,22,22,22,22.9,22.9
8,차룡8교(수위계),2025-06-06,2.3,2.3,2.4,2.6,2.2,2.3,2.1,2,2.2,1.9,1.7,1.7,1.6,1.6,1.5,1.6,1.8,1.7,1.6,1.6,1.7,2.1,2.2,2
50,연덕교(수위계),2025-06-06,22.6,22.8,23,22.3,22,22,22,22,22,22,22,21.9,21.8,22,22,21.8,21.9,22,22,22,22,22,22,22
8,차룡8교(수위계),2025-06-07,2,2.2,2.2,2.3,2.2,2.3,2.1,2,2,1.8,1.6,1.5,1.4,1.4,1.3,1.2,1.2,1.2,1.3,1.3,1.6,1.7,2.1,2.1
50,연덕교(수위계),2025-06-07,21.5,21.5,21.8,22,22,22,21.5,22,22,22,21.9,21,21.3,21.1,21.4,21,22,21.6,22,22,22,21.7,22,22
8,차룡8교(수위계),2025-06-08,1.9,1.8,1.8,2,1.8,2,1.9,1.9,1.9,1.6,1.4,1.4,1.6,1.4,1.3,1.2,1,1.6,1.7,1.4,1.5,1.7,2.1,1.8
50,연덕교(수위계),2025-06-08,22,22,21.3,21.9,21.8,21,21.4,21.5,22,22,21.8,21.2,21.4,21,21,21.4,21.3,21.6,21.7,21.4,22,21.9,21.5,21.6
8,차룡8교(수위계),2025-06-09,1.8,2,2.1,2.2,2.1,2.2,1.9,1.9,1.7,2,10.3,1.5,1.5,1.4,1.2,1.2,1.5,1.3,1.3,1.5,1.5,1.7,1.7,1.8
50,연덕교(수위계),2025-06-09,22,22,22,21.8,21.6,21.9,22,21,21.4,21.7,21.8,22,22,22,22,22,22,22,22,22,22,22,21.4,21.3
8,차룡8교(수위계),2025-06-10,2,1.9,1.9,2.1,1.9,1.7,1.8,1.8,1.5,1.9,1.3,1.2,1.2,1.1,1.2,1.1,1.1,1.2,1.2,1.5,1.6,1.3,1.5,1.8
50,연덕교(수위계),2025-06-10,22,22,22,22,22,22,21.7,21,21,21,21.7,22,21,21,21,21.4,21.7,22,22,22,22,21.8,22,21.4
8,차룡8교(수위계),2025-06-11,1.9,1.6,1.5,1.7,1.7,1.6,1.5,1.2,1.3,1.3,1.1,1.1,1.1,1.1,0.9,0.7,1,1,1,1.1,1.1,1.1,1.3,1.4
50,연덕교(수위계),2025-06-11,21.8,22,22,22,22,21.6,21.5,21.6,21.3,21,21,21.1,21,21.1,21,22.8,26.9,27.4,27,26,24.5,23,22,22
8,차룡8교(수위계),2025-06-12,1.4,1.4,1.2,1.2,1.3,1.3,1.2,1.3,1.4,1.4,1.3,1.2,1.3,1.3,1.2,1,1,1.1,1,1,1.2,1.1,1.1,1.3
50,연덕교(수위계),2025-06-12,21,21,21.2,21,21,21,21,21,21,21,21,21,21,21,21.1,21,21,21.4,21,21,21.4,21.7,21.9,21.8
8,차룡8교(수위계),2025-06-13,1.2,1.2,1.3,1.3,1.2,1.2,1.2,1.2,1.2,1.1,1.1,1,1,0.9,1,1,1,1,1,1,1,1.1,16.4,75.8
50,연덕교(수위계),2025-06-13,21.4,21.2,21,21,21,21,21,21,21,21,21,21,21,21,21.3,21.6,21.3,21.7,21.5,21.9,22,22,29.9,73.5
8,차룡8교(수위계),2025-06-14,64.7,22.6,19.2,30.5,40.9,81.1,38.2,35.5,32.1,80.6,46.5,56.3,36.8,18.4,9.2,8.3,8.1,7.5,6.6,6.9,6.5,6.9,6.1,6.6
50,연덕교(수위계),2025-06-14,204.9,120,92.9,122,121.8,173.1,148,105.9,114.8,132.8,123.3,159.8,138,107,95.9,93.7,81.6,73.5,69,66.5,64.1,62.1,60.3,59
8,차룡8교(수위계),2025-06-15,6.3,6.5,6.2,6,6.6,5.9,6.3,5.7,6.1,5.6,5.9,5.3,5.6,5.4,5.5,5.4,5.2,5.3,4.9,5.2,4.8,4.9,4.7,4.6
50,연덕교(수위계),2025-06-15,57.9,56,54.8,54,52.9,51.3,50.1,49,48,48,47,46,45.1,44,44.4,43,42.2,41.6,41,41,41,42.7,42,40.7
8,차룡8교(수위계),2025-06-16,4.9,4.6,4.5,4.6,4.5,4.6,4.6,4.4,4.4,4.4,4.3,4.3,4.4,4.7,4.7,4.7,4.6,4.7,4.6,4.2,4.1,3.7,3.4,3
50,연덕교(수위계),2025-06-16,43,43,41.9,40.8,39.9,39,38.7,38,37,37,44.1,59.5,60.4,54,47,43,40.3,39,38,38,37.2,37,37,37
8,차룡8교(수위계),2025-06-17,2.3,2.6,2.4,3,2.9,3.1,3,3.1,3.1,3.2,2.8,2.6,2.1,1.5,1.3,-0.1,-0.7,2.4,3,2.2,1.4,0.9,0.6,0.5
50,연덕교(수위계),2025-06-17,37.8,37,36.5,36,35.7,35.8,35.1,35,34.4,34,35.3,35,35,34,34,34.5,34,33.2,33,33,33.4,33,33,32
8,차룡8교(수위계),2025-06-18,0.5,0.5,0.5,0.6,0.8,0.8,1,1.2,1.3,1.5,1.7,1.8,2.1,2.2,2.4,2.4,15.6,9.2,15.4,15.5,15.6,15.6,15.6,15.6
50,연덕교(수위계),2025-06-18,32,33,32.2,31.9,31,31,31.6,31.5,31,30.8,31,31.5,31.9,31,30.9,30.7,31,31,30.3,30,30,36,40,40
8,차룡8교(수위계),2025-06-19,15.6,15.6,15.7,15.7,15.7,15.7,15.6,15.6,15.5,15.4,15.4,15.5,15.5,15.5,15.6,15.6,15.6,15.7,15.6,15.6,15.7,15.6,15.5,15.6
50,연덕교(수위계),2025-06-19,39.1,39,40,39.8,40,39,39,39,39,39,39,39.1,40,39,39.7,38,38.2,38.6,38,38,37.4,38,38,38
8,차룡8교(수위계),2025-06-20,15.5,15.5,15.4,15.5,15.6,15.3,15.3,15.2,15.3,15.1,15.4,15.4,15.1,15.3,15.3,15.2,15.2,15.3,15.2,15.3,15.2,15.6,15.6,15.6
50,연덕교(수위계),2025-06-20,37.8,37.4,36.8,36,36,36,35,34.6,34.7,35,35,35.4,36,37.5,37,37,39.6,51,46.8,44,41.7,39.8,39,39
8,차룡8교(수위계),2025-06-21,15.6,15.6,15.6,15.6,15.5,15.6,15.6,15.6,15.6,15.6,15.6,15.5,15.5,15.5,15.6,15.5,15.5,15.5,15.4,15.5,14.7,12.3,8.5,41.3
50,연덕교(수위계),2025-06-21,39,39.3,39,36.9,36.2,36.5,37.3,36,35,34,33.7,36,37.2,39.9,40.6,40,40,41,41,39.3,46,68.9,81.6,87.4
8,차룡8교(수위계),2025-06-22,60.3,29.2,8.3,8.1,8.1,8,8,7.9,7.8,7.5,7.6,7.4,7.5,7.1,7.4,7.1,6.9,7.1,7,6.8,6.6,6.7,6.7,6.3
50,연덕교(수위계),2025-06-22,168.1,133.8,89.1,72.6,63.5,58,55,53.4,53,53,52,52,51.1,51,50.9,50.3,49.7,49,49,48.8,48,47.8,47,46.7
8,차룡8교(수위계),2025-06-23,6.4,6.5,6.3,6.1,6.1,6.1,6.1,6,5.8,5.8,5.8,5.6,5.8,5.6,5.4,5.5,5.5,5.2,5.3,5.1,5,5,4.8,4.8
50,연덕교(수위계),2025-06-23,45.9,46.2,45.4,45,44,43,44,43,42.7,42,42.2,43,42.4,41.8,41,40,41,40,39.7,39.9,39,39.7,39.1,39
8,차룡8교(수위계),2025-06-24,4.7,4.7,4.7,4.5,4.7,4.6,4.4,4.7,4.3,4.6,4.2,4.3,4.4,10.9,20.6,8.1,7.7,7.3,7.2,7.3,8.3,23,8.5,8.1
50,연덕교(수위계),2025-06-24,39,38,38,38,38,37,36.8,38,37.4,37,37,38,39.7,82.9,100.2,75.4,59,51,48,48,70.2,118.2,77.9,59.9
8,차룡8교(수위계),2025-06-25,8.1,8.1,7.6,7.2,7.2,7.4,6.9,7.4,6.7,7.1,6.4,6.7,6.3,6.3,6.4,6.1,6.3,5.9,5.8,5.6,5.4,5.5,5.4,5.3
50,연덕교(수위계),2025-06-25,52.5,49,47,47,52,53.2,49,46,44.8,43.5,43,43.4,43.2,42.7,42.5,41.7,42,42,41.8,41.1,41,42,42.5,42.7
8,차룡8교(수위계),2025-06-26,5.3,5.1,5.2,4.9,5,4.7,4.9,4.6,5,4.7,4.9,5.1,4.5,5,4.1,4.4,4.1,3.8,4.1,3.4,3.9,3.4,3.6,3.3
50,연덕교(수위계),2025-06-26,42,41.2,41.5,41.6,40.9,41,41,41.2,41.8,41.3,41,40.3,40.1,40,40,39.9,39,38.8,39,39,38.7,38,38,38.1
8,차룡8교(수위계),2025-06-27,3.4,3.2,3.1,2.8,2.7,2.8,2.4,1.2,15.6,1.3,16,15.9,15.9,16,16.1,16.3,16.3,16.3,16.3,16.6,16.5,16.3,16.3,16.3
50,연덕교(수위계),2025-06-27,38,38,37,37,38,37,37,36,36.7,37.7,37,37.4,37,37,37,37,37,36,36,36,36,35,34.6,34.4
8,차룡8교(수위계),2025-06-28,16.3,16.3,16.4,16.5,16.5,16.4,16.4,16.4,16.3,16.4,16.5,16.4,16.3,16.2,16.3,16.3,16.2,16.4,16.2,16.3,16.4,16.2,16.3,16.3
50,연덕교(수위계),2025-06-28,35.3,35,34.7,34,33.8,34,34,33.6,33,33,34.5,34,34,33.1,33.3,33.8,33,33,32,32.1,33,32.9,33,32.2
8,차룡8교(수위계),2025-06-29,16.4,16.3,16.5,16.4,16.4,16.5,2.1,2,16.2,2.2,2.1,2.2,2.1,2.3,2.4,2.6,2.4,2.5,2.6,2.5,2.6,2.5,2.4,2.3
50,연덕교(수위계),2025-06-29,32.5,33,32.5,32.2,31.9,32,32,32,32.2,31.5,32,32.1,32.6,32,31.8,31.6,31.9,32,31.6,31.6,31.5,31.8,32,31.8
8,차룡8교(수위계),2025-06-30,2.3,2.2,2.4,2.3,2.2,2.2,2.3,2.3,2.5,2.2,2.3,2.2,2.5,2.4,2.3,2.5,2.3,2.7,2.6,2.5,2.2,2.3,2.2,2.3
50,연덕교(수위계),2025-06-30,31.5,31,31.6,31.6,31.2,30.6,30.2,31,31,31.3,31,30.8,32,32,32,31,31,31,31,31,30.5,30,31,31
8,차룡8교(수위계),2025-07-01,2.5,2.1,2.5,2.1,2.1,2.3,2.3,2.3,2.1,2,2,2.2,2.2,2.1,2.2,2.2,2.2,2.2,2.2,2.3,2,2.1,2.1,2.2
50,연덕교(수위계),2025-07-01,31,30.2,30,30.3,30.2,30.5,30,29.4,29.9,30.1,30.4,30,30,30,31,30.2,30.7,30,30,30.5,30,30,30,30
8,차룡8교(수위계),2025-07-02,2.2,1.9,2,1.9,2.1,2.2,2.3,2.3,2.1,2,2,2.1,2.2,2.2,2.3,2.4,2.4,2.4,2.4,2.3,1.9,2.2,2.3,2.4
50,연덕교(수위계),2025-07-02,30.6,30.1,30,29.8,29.6,29.9,29.2,29,29,29,30,30,30,29.7,29.2,30,30,29.6,29,29.2,30,29.7,29,29
8,차룡8교(수위계),2025-07-03,2.2,2.3,2.3,2.4,2.2,2.1,2,1.9,1.9,1.9,2.1,2.1,2.1,2.5,2.3,2.7,2.4,2.5,2.3,2.1,2.3,2.4,2.4,2.5
50,연덕교(수위계),2025-07-03,29.2,29.9,29,29,28.7,29,29.3,29,28.7,28,29,29,29.1,29,28.6,29,30,29.5,29,29,28.8,29,29,29
8,차룡8교(수위계),2025-07-04,2.5,2.5,2.4,2.4,2.3,2.4,2.1,2.1,1.9,1.9,2,2.3,2.6,2.5,2.7,2.7,2.7,2,2.4,2.3,2.3,2.4,2.5,2.3
50,연덕교(수위계),2025-07-04,28,28,29,29,28.3,28,28,28,28,28.4,28,28,28.9,28.6,28.8,28,28,28.7,29,28.8,28.3,28,28.8,29
8,차룡8교(수위계),2025-07-05,2.2,2.1,2.9,3,2.7,2.6,2.4,2.3,2.2,2.2,2.4,2.5,2.4,2.6,2.6,2.6,2.7,2.6,2.7,2.7,2,2.9,2.4,2.6
50,연덕교(수위계),2025-07-05,28.6,27.7,28.1,28,28,28,27.8,27.5,28,28,28,27.4,27.6,28,28,28,27.7,27.5,28.1,28,27.9,28,28,28
8,차룡8교(수위계),2025-07-06,2.4,1.5,2.7,2.5,1.9,2.1,2.2,2.7,2.3,2,2.2,2,2.5,2.1,2.1,2.4,2.8,2.6,2.7,1.7,2.5,2.4,2.9,2.6
50,연덕교(수위계),2025-07-06,28,28,27.5,27,27.9,28,27.6,27,27,27,27.6,27.3,27,26.4,27,27,27.5,27,27,27,27,27,27,27.1
8,차룡8교(수위계),2025-07-07,2.5,2.5,2.9,2.4,2.5,2.4,2.6,1.8,1.9,13.3,1.9,8.9,10.3,2.2,2.4,2.5,2.2,2.1,2.2,2,5.7,2.2,2.3,2.3
50,연덕교(수위계),2025-07-07,27.3,28,27.2,26.8,26.3,26.8,27,27,26,26,26.4,27,27,26.5,26.4,27,27,27,27,26.1,26.5,27,27,26.7
8,차룡8교(수위계),2025-07-08,2,2,2.3,2.4,2.5,2.1,2.2,2.4,2,2,1.7,1.9,2,2.1,2.1,2.3,2.2,2.1,2,1.8,2.2,1.8,2.2,2
50,연덕교(수위계),2025-07-08,26.9,27,27,26.5,26,26,26,26,26,26,26,26,27,27,26,26,25.8,26.3,27,26,26,26,26.5,26.3
8,차룡8교(수위계),2025-07-09,2.2,1.9,2,2.1,2.1,2.5,2.3,2.2,2.1,1.9,2.1,2.1,2.3,2.1,1.8,1.7,1.9,1.5,2,2.2,2,2.1,2,2
50,연덕교(수위계),2025-07-09,26,26,26,26,26,26,25,25.6,25.4,26,25.1,25,25.8,26,26.4,25.9,25,25,26,26,26,25.2,25,25.8
8,차룡8교(수위계),2025-07-10,1.9,2.1,2,2.2,2.2,2.1,2.1,2.1,2,2.1,2.1,1.9,1.9,2.1,2,2.1,2.1,2,2.1,1.8,1.9,2.1,2.1,2
50,연덕교(수위계),2025-07-10,26,26,26,25.4,25,25.3,25,24.6,24.1,25,25,25,25,24.9,25,25,25,24.7,24,25,25.3,25,25,25
8,차룡8교(수위계),2025-07-11,2,2.2,1.9,2.1,2.1,2.6,2.5,2.4,2.1,2.1,2.2,2.1,2.1,2.2,2.2,2.2,2.2,2.1,2.2,2.1,2.3,2.3,2.3,2.2
50,연덕교(수위계),2025-07-11,25,25.7,25.6,25,24.4,25,25,25,24,24,24,24.9,25,24.8,24.7,24.8,25,24.6,24,24,24.4,25,25,24.3
8,차룡8교(수위계),2025-07-12,2.4,2.2,2.3,2.4,2.2,2.4,2.4,2.6,2.2,2.2,2.2,2.3,2.4,2.4,2.2,2.3,2.2,2,2.3,2.2,2.3,2.2,2.1,2.4
50,연덕교(수위계),2025-07-12,24.2,24.6,25,25,24,23.1,23.1,24,23.7,24,23.1,23.5,24,24,24,24,23.8,24,24,23.9,23.6,23.3,24,23.9
8,차룡8교(수위계),2025-07-13,2.3,2.3,2.4,2.4,2.1,2.2,2.2,2.6,2.3,2.4,2.4,2.3,2.2,1.9,1.9,2.1,1.9,2.2,33.9,121.3,83.1,89.6,127.7,52
50,연덕교(수위계),2025-07-13,23.7,23.1,24,24,23.6,23,23,23,23.5,23.2,23,22.9,23,23.4,23.8,24,23.8,23.4,65,272.4,212,138.2,266.1,148.6
8,차룡8교(수위계),2025-07-14,63,61,44.1,30.5,14.3,8.5,8,8,7.8,7.7,7.6,7.7,7.7,7.8,7.8,7.8,7.7,7.5,7.4,7.4,7.5,7.5,7.5,7.5
50,연덕교(수위계),2025-07-14,139.3,153.4,117.5,88.5,77.5,71.8,66.1,62.9,62,59.3,57.5,55.8,54.7,53,51.1,50.4,50,49,48,47.2,49,49,48.8,48
8,차룡8교(수위계),2025-07-15,7.2,7.1,7.2,7.2,7.3,7.2,7,6.9,7,7,7.1,7.1,6.9,6.8,6.8,6.8,6.8,6.7,6.6,6.6,6.6,6.4,6.5,6.3
50,연덕교(수위계),2025-07-15,47,46,45.8,45.3,46,44.8,44,43,42.4,42.2,42,42,41,41,41,40,40,39.2,39,38,39,39,38,38
8,차룡8교(수위계),2025-07-16,6.3,6.2,6,6.2,5.9,5.9,5.7,5.6,5.6,5.2,5.3,5.2,5.1,5.3,5.1,5.2,5.2,5,5.1,5.1,4.8,4.9,4.7,4.7
50,연덕교(수위계),2025-07-16,37,37,37.2,36.1,36.1,36,36,36,36,35,36,36,35,35,38,38.7,38,37,36,35.2,35,35,34,34
8,차룡8교(수위계),2025-07-17,4.7,4.5,4.7,4.8,4.7,4.7,4.7,4.6,4.7,5.1,5,4.7,4.4,25.8,10.6,7.8,8,69.4,60.1,44.8,25.4,18.8,24.9,17.7
50,연덕교(수위계),2025-07-17,34.4,33.5,33,44.5,67.1,54.1,80.3,110.8,106.7,73,57,51,48,45.3,44,44,43,43.3,167,93.7,65.1,56.2,125.1,95.8
8,차룡8교(수위계),2025-07-18,17.6,59.6,38.5,21.9,17.4,14.8,12,8.3,6.8,6.7,6.8,7,6.9,6.9,25.6,11.7,7.1,9.7,24,14.1,15.2,21.1,12.3,9.3
50,연덕교(수위계),2025-07-18,100.4,80.7,80.6,72.6,61.1,58,56.1,55.1,55.4,54.9,54,53,52.8,53,61,55,52.9,51.3,91.6,90.8,74.3,69.4,67.5,82.2
8,차룡8교(수위계),2025-07-19,9.3,9.3,9.2,28.3,64.2,104.7,67.4,59,48.7,40.3,37.3,32.2,172,114,82.5,72.1,73.2,56.8,45.8,40.3,37,38.3,34,22.6
50,연덕교(수위계),2025-07-19,66,62,61.5,63,106.4,135.7,109.2,87,82.5,78,74.6,77,173.8,213.6,150.2,129.4,118.3,107,98.5,97.2,93.8,90.2,89.7,85.2
8,차룡8교(수위계),2025-07-20,19.8,18.6,18.2,15.6,16.2,14.1,9.4,7.9,6.9,6.8,6.9,7,7.1,7,6.9,6.9,6.9,6.8,6.8,6.7,6.7,6.7,6.7,6.7
50,연덕교(수위계),2025-07-20,82.6,80.4,80.3,78.2,76.3,74,72.6,71.1,70,70,68.5,67,65.6,65,64.5,63.9,62.8,62.1,61,61,60,59,58.7,58
8,차룡8교(수위계),2025-07-21,6.5,6.3,6.5,6.6,6.1,6,6.5,6.3,5.6,5.6,5.4,5.7,5.8,5.8,22,33.6,13.7,17.7,8.6,8.7,8.8,8.8,8.8,8.7
50,연덕교(수위계),2025-07-21,57.1,56.8,56,56,55.8,54.7,54.2,53.7,53.6,53,52.2,52,51.4,52,51,50.4,49.9,49,48.8,49,48,48,47,46.7
8,차룡8교(수위계),2025-07-22,8.7,8.6,8.6,8.6,8.7,8.7,8.8,8.7,8.7,8.8,8.9,8.7,8.7,8.4,8.2,8.6,9,8.4,8.5,8.8,8.1,8.4,8.2,8.1
50,연덕교(수위계),2025-07-22,47,46,46,45,44.3,45,44.1,44,44,44,44.7,43.8,42.9,42.2,42,43,42,41.4,41,41,41,41,41,40.9
8,차룡8교(수위계),2025-07-23,8.4,7.8,8.2,8.2,7.9,8.2,7.9,7.9,8,7.7,8,7.7,7.4,7.8,7.5,7.2,7.1,7,6.7,6.8,6.8,6.5,6.6,6.1
50,연덕교(수위계),2025-07-23,40,40.8,40,40,40,39,40,39.6,39.3,39,39,39.5,39,39,38,38,38,38,38,37.5,37,37,37.6,37
8,차룡8교(수위계),2025-07-24,6.3,6.1,6,5.9,5.7,5.7,5.3,5.4,4.9,4.5,4.9,4.1,3.1,5.1,2.3,4.5,1.7,6.6,3.8,4.6,3.7,4.2,4.1,3.7
50,연덕교(수위계),2025-07-24,36.4,36,36,36,36,35.3,35,35,36,35,36,35.5,36,36,35.4,35,34,35,35,35,34.2,34,34.4,35
8,차룡8교(수위계),2025-07-25,4.8,4.2,3.4,3,3.7,4.7,6.3,7.6,8.5,10,10,16,2.4,2.2,2.2,2.4,2.7,2.7,2.7,2.8,2.8,2.8,2.8,2.8
50,연덕교(수위계),2025-07-25,34,34,33.6,33.7,35,33.8,33.1,33,33,34,33.9,34,33,33,34,33.2,33.3,33,33,34,33.1,33,32.2,32.8
8,차룡8교(수위계),2025-07-26,3,3.1,3.2,3.1,3.2,3.5,3.5,3.7,3.9,4.1,4.3,4.4,4.4,4.6,4.5,4.7,4.7,4.9,4.8,4.8,4.8,4.7,4.7,4.8
50,연덕교(수위계),2025-07-26,33.5,33,33,32,33,32.8,32.9,32,31.7,32,33,32.8,32.4,32,32.2,32.3,32.2,32,31.5,32,33,32.3,32,32
8,차룡8교(수위계),2025-07-27,5,4.9,4.8,4.9,5,5,5,5,5.1,5.2,5.3,5.1,5.1,5.2,5.2,5.4,18.4,18.3,16,14.6,18.7,18.5,14.7,18.5
50,연덕교(수위계),2025-07-27,32,32,32,32,31,31,32,31.2,31,31,31,31.2,31.9,31,31,30,31.2,31,30.9,30.8,31,31,31,31
8,차룡8교(수위계),2025-07-28,18.5,18.7,18.1,17.9,18.5,18.5,18.3,5.7,5.6,5.3,5.3,5.1,5.1,18.4,18.3,18.3,18.5,18.5,18.4,18.4,18.3,18.4,18.4,18.5
50,연덕교(수위계),2025-07-28,31,30.2,31,31,30.4,30,30,30.1,30.8,31,30.7,30.4,31.3,31,31.3,31,31,30.8,31,31,30,30.9,31,31
8,차룡8교(수위계),2025-07-29,18.5,18.5,18.6,18.5,18.6,18.5,18.5,18.5,5.6,5.2,18.5,18.4,18.4,18.2,18.3,18.3,18.4,18.4,18.4,18.4,18.6,18.5,18.4,18.5
50,연덕교(수위계),2025-07-29,31,30,30,30,30,30,29,29,29.6,30,30,29,29.8,29.6,30,30,29.4,29,30,30,30,29.2,29.3,30
8,차룡8교(수위계),2025-07-30,18.5,18.5,18.5,18.4,18.6,18.6,18.6,5.5,5.1,4.9,4.5,16.8,18.2,18.3,18.3,18.3,18.2,18.4,18.5,18.4,18.5,18.5,18.7,18.6
50,연덕교(수위계),2025-07-30,30.1,30,29,29,29.6,29.5,29,28.2,28,29.2,29,29.8,28.8,28,29,29.8,29,28,28,29,29.4,29,29,28.1
8,차룡8교(수위계),2025-07-31,18.6,18.7,18.7,18.8,17.5,18.7,18.6,5.3,4.9,4.7,4.3,4,18.4,18.4,18.3,18.1,18.1,18.2,18.3,18.4,18.5,17.7,18.5,18.5
50,연덕교(수위계),2025-07-31,29,29.6,29,28.9,28.3,28,28,28.1,28,28,28,29,29,28.3,28.5,28,28,28,27.9,27.9,28,28.8,28.5,28.3
8,차룡8교(수위계),2025-08-01,4.9,4.8,4.9,4.9,4.9,5,5,4.8,4.5,18,16.4,10.1,3.6,7.8,16.3,17.9,17.9,18,3.8,4.1,4,17.9,4.1,4.1
50,연덕교(수위계),2025-08-01,27.8,28,28.6,28.4,27.4,27,27,28,28,27.3,27,27,28,28,27.6,27,27.1,28,28,28,27.4,27,28,28.4
8,차룡8교(수위계),2025-08-02,4.1,4.3,4.3,4.3,4.3,4.3,4.3,4.2,4.3,4,3.6,3.3,3.1,3,2.8,2.9,2.7,3.1,3.5,3.6,3.6,3.7,3.9,4
50,연덕교(수위계),2025-08-02,28,27.2,27,28,27.2,27,26.8,26.2,27,26.9,27,26.7,26,27.5,28,28,27,26.8,27.3,27.4,27.1,27,27,28
8,차룡8교(수위계),2025-08-03,4,4,4.1,4,4.3,4.3,4,4.1,4,4,3.7,3.6,3.4,3.1,3.1,3.3,3.3,3.3,3.6,3.6,3.6,33.6,51.4,14.8
50,연덕교(수위계),2025-08-03,27.7,27,26.8,26.4,27.3,26.8,26.7,26,37.3,26.6,27,26.7,26.4,26,26,27,27,26.1,26,26,27,29.1,172.1,89.2
8,차룡8교(수위계),2025-08-04,7.2,7.1,7.1,7.3,7.3,7.2,24.7,8.7,9,9,8.6,8.8,8.5,8.6,8.9,8.1,8.3,8,8.7,7.8,7.8,8.6,7.4,8.2
50,연덕교(수위계),2025-08-04,58,48,42,41.9,50,48.4,43.7,44,43,38.8,36,35,33.2,32,31,30.6,30.3,30,29.8,29.4,29,29,29,29
8,차룡8교(수위계),2025-08-05,8.4,7.6,7.7,8,7.6,7.8,7.5,7.9,7.2,7.3,7.9,7.2,7.5,7.1,7,6.9,7,6.5,6.6,6.2,6,6.3,5.7,5.9
50,연덕교(수위계),2025-08-05,29,28.9,29.8,28.1,28,28,27.6,27.3,27,26.8,26.7,28,87.2,171.9,86.8,61.4,50,44,40.6,38,36,35.4,34,34
8,차룡8교(수위계),2025-08-06,5.5,5.2,5.4,4.9,4.8,4.9,4.1,4.1,3.8,2.5,4.2,3.4,3,3.7,3.7,3.4,3.5,3.4,3.2,0,0,0,0,0
50,연덕교(수위계),2025-08-06,33,32,32.1,32,31,30.4,29.7,30,30,30,29.6,30,28.4,28.2,28.1,28.4,28.5,28.6,28.3,28,28.6,29,29,28
8,차룡8교(수위계),2025-08-07,0,0,0,0,0,0,0,0,0,12.7,12.7,12.6,12.3,12.2,12.2,12.2,12.2,12.4,12.6,12.7,12.9,12.9,13.1,13.4
50,연덕교(수위계),2025-08-07,27.7,27.7,28,27.3,26.8,26.1,26,27,27,26.1,26.1,26.7,27,27.2,27,26,26,26.6,26,26,25.5,26,26.6,26.4
8,차룡8교(수위계),2025-08-08,13.3,13.3,13.4,13.4,13.4,13.5,13.6,13.7,13.5,13.3,13.1,12.9,13,12.9,12.9,13,13,13,13.2,13.3,13.4,13.5,13.5,13.5
50,연덕교(수위계),2025-08-08,26,25.2,25,26.2,26,25,24.8,24,25,25,25,24.7,24.7,25.1,25.4,25,24.2,24.6,25,25.1,25.1,25,24.7,25
8,차룡8교(수위계),2025-08-09,13.3,13.7,13.7,13.8,13.7,13.8,13.8,13.8,13.8,13.8,13.6,13.5,13.4,13.5,13.6,13.8,13.8,13.8,13.9,13.9,13.9,14,14.1,14
50,연덕교(수위계),2025-08-09,25.1,25,24,24,24.8,24.4,24,24,23.5,23.2,24,24.2,24,24,24,24,24.2,25,28.9,35,37.4,36,33,31
8,차룡8교(수위계),2025-08-10,14,14.1,14.2,41.3,34.3,57.9,29.6,15.9,8,8,7.9,7.9,7.9,7.9,7.9,8,7.8,7.8,7.8,7.6,7.5,7.4,7.2,7.3
50,연덕교(수위계),2025-08-10,29,30,40.7,85.7,94.4,119,116.7,81.7,66,59.8,67.4,61.5,60,55,50.9,45.6,42,40,39,38.6,38,37,36,35.8
8,차룡8교(수위계),2025-08-11,7.1,7.2,7.1,7,6.8,6.7,6.6,6.4,6.3,6.2,6.2,6,6.1,5.9,6.1,5.9,6.1,5.7,31.9,22.6,8.9,9,8.9,8.8
50,연덕교(수위계),2025-08-11,35,34.8,34,33,33,33.3,32,32,31,31.4,32.8,32,32,31,30.7,33,34,36,63,72.2,79.7,66,54,47.5
8,차룡8교(수위계),2025-08-12,8.7,8.7,8.5,8.5,8.3,8.2,8.2,8,8,22.4,29.5,25.7,12.5,9.4,24.7,15.9,25.6,36.3,27.9,18.7,8.5,9,9,8.7
50,연덕교(수위계),2025-08-12,45,41.9,42,42.4,45.6,48.8,47.6,50,82.7,123.5,145.6,109.7,88.5,75.7,152,121.4,89.5,83.1,106.2,88.7,78.5,70.6,67,64
8,차룡8교(수위계),2025-08-13,8.2,8.4,8.9,8.4,8.1,8.7,8.1,8.3,8.4,7.8,8.3,8.1,7.8,8.1,7.8,7.8,8,7.7,8,7.6,7.8,7.6,7.4,7.7
50,연덕교(수위계),2025-08-13,62,60.6,59.4,58.3,60,59,57.9,55,57,58,58,56,54.2,54.5,54.1,53.6,53.2,52,52,51,50.2,49.4,48.8,49
8,차룡8교(수위계),2025-08-14,7.2,7.6,7.1,7.6,7.1,7.3,6.7,6.8,6.5,6.5,6.5,6,6.3,6,5.9,6.1,5.6,5.9,5.6,5.4,5.5,5,5.2,4.9
50,연덕교(수위계),2025-08-14,48,46.9,47,46,45.9,45.4,44.3,43.8,43.7,43.8,44.9,45,44,43.6,43,42.4,41.8,41.2,41.8,41,41,40.5,40,40
8,차룡8교(수위계),2025-08-15,5.1,4.7,4.4,4.4,3.2,4.7,1.5,4.1,-8.4,-9.7,-10.1,-9.7,-9.8,12.8,8.5,7.7,6.5,6.4,6.3,6.3,5.9,5.8,5.3,5.3
50,연덕교(수위계),2025-08-15,39,39.3,39.4,38.5,38.5,37,37.7,38,37,37.9,37.2,38,38,37,37,36,36.1,36.9,36,35.9,35,35.3,36,35.3
8,차룡8교(수위계),2025-08-16,4.8,5,4.9,4.8,4.8,5,4.9,4.7,4.4,4.1,3.7,3.2,3.1,3.1,3,2.9,2.9,2.9,3,3.1,3.2,3.2,3.4,3.6
50,연덕교(수위계),2025-08-16,35,34.6,34.5,35,34.4,34,33,33.2,35,34,33.9,33.3,34,34.4,33.9,33.2,32.1,32,34,33,33,32,32.3,32.8
8,차룡8교(수위계),2025-08-17,3.6,3.7,4.1,4.2,4.3,4.5,4.8,4.5,4.5,13.9,4.2,3.9,2.7,2.7,2.7,2.5,2.6,2.6,2.9,9.5,13.7,13.6,13.6,13.6
50,연덕교(수위계),2025-08-17,32.5,32,31,31,33,32,31,30.8,30.3,31.8,31.1,31,31,30.8,31.6,31.2,30.9,30,30,31,31,30.6,30,30
8,차룡8교(수위계),2025-08-18,13.8,13.8,13.8,4.2,13.7,4.1,4.1,4.1,4.1,14.2,13.9,13.9,13.8,13.9,5.9,14,14,13.8,2.7,13.5,2.9,13.5,3.1,13.7
50,연덕교(수위계),2025-08-18,31,31,30,30,29.9,30,30,29.3,29,28.4,30,30.8,30,29.5,29,30,29,29,28.4,29,30,30,30,29.8
8,차룡8교(수위계),2025-08-19,13.7,13.5,3.5,3.7,3.8,4,4.3,4,14.1,14,14,14,14,14,14.1,14.1,14.1,13.9,13.7,5.7,13.7,13.4,13.5,13.5
50,연덕교(수위계),2025-08-19,29,29.8,29.6,29,28.4,28.1,28,28,28,27.9,28,29,29.2,29.3,28.4,28.5,28.5,28,28,28,28,28.9,29,29
8,차룡8교(수위계),2025-08-20,13.6,13.7,3.7,3.9,4.4,4.6,4.4,4.2,8.6,14,14,13.9,13.9,14,14,14.1,14.1,13.9,13.9,13.6,13.6,3.7,10.2,4
50,연덕교(수위계),2025-08-20,28.5,28.9,29,28.8,28,28,27.5,27,28,28,28,28,28,28,28,28,27,27.6,28,28,28,28,28,28
8,차룡8교(수위계),2025-08-21,4,4.2,14.1,4.7,12.7,14.2,14,14.1,14.1,14.3,14.3,14.2,14.2,14.3,14.4,14.3,14.4,14.1,14,14,14,13.7,13.8,13.9
50,연덕교(수위계),2025-08-21,28,28,27.2,27.4,27.1,27.1,27,27,26.5,26.6,26.5,27,26.3,27,27,27.4,27.2,27.2,27,27,27,27,27,27
8,차룡8교(수위계),2025-08-22,13.7,4.2,4.4,4.9,4.7,4.6,4.8,9.4,4.5,13.8,13.8,6.1,13.9,13.9,14,14,13.9,8.6,13.6,13.5,13.2,5.1,3.8,4
50,연덕교(수위계),2025-08-22,27.2,27,26.5,26.3,26.7,26,25.9,25.4,25,25.5,26,26.4,26.2,26.2,27,26,26,25.6,25,27,27,27,27,26.4
8,차룡8교(수위계),2025-08-23,4.1,4.6,4.7,4.9,7.8,5,5.1,4.7,4.1,6.3,7.9,13.5,13.7,13.3,13.7,13.8,13.8,13.7,13.4,13.3,3.4,3.5,3.5,3.9
50,연덕교(수위계),2025-08-23,26.7,26.9,26.2,25.7,25,25,25,26,25.2,25.5,26,26,26,26,25.3,25.8,25.2,25.8,25.6,25,25,25,25.4,25
8,차룡8교(수위계),2025-08-24,4.1,4.6,4.6,4.7,4.6,9.6,10.3,10.8,13.8,13.9,13.7,13.8,13.9,13.9,14,14.1,14.1,13.9,13.8,13.6,13.5,13.5,14,14
50,연덕교(수위계),2025-08-24,25,24.7,25,25.5,25,24.8,24.4,23.9,24.2,24,24.1,24,24.8,25.1,25,25,24,24,24,24,24,24,24.2,25
8,차룡8교(수위계),2025-08-25,14,14,14.3,14.1,14.1,14.1,14.1,14.2,14.3,14.4,14.4,14.5,14.7,14.7,14.8,14.9,14.9,14.7,14.6,14.9,15,14.9,14.9,14.7
50,연덕교(수위계),2025-08-25,25,25,25,24.7,24.6,24,23,23,23.5,24,23.7,24.3,24,26,25,24.2,23.6,23.6,23.9,24.3,24.4,24,24,24
8,차룡8교(수위계),2025-08-26,14.7,14.7,14.8,14.8,14.8,14.8,14.9,14.8,14.9,15,15.1,15.2,15.3,15.3,15.4,15.3,15.4,15.3,15.1,14.6,14.6,14.6,14.4,14.5
50,연덕교(수위계),2025-08-26,24,24.2,23.8,24,24,24,23.7,23.1,23.4,23,23,23,23.3,23.8,24,24,24,23.5,23.8,23.3,23,23,23,23
8,차룡8교(수위계),2025-08-27,14.4,14.4,14.4,14.4,14.4,14.1,12.5,14.3,14.4,14.4,14.5,14.7,14.8,14.9,15,15,14.8,14.8,14.8,14.8,14.6,3.4,3.7,3.8
50,연덕교(수위계),2025-08-27,24,24,24,23.3,23,23.1,23,22.9,21.9,21.7,21.9,22,23,22.8,22.3,21.8,22.8,23.1,22.8,23.2,23,23,23,23
8,차룡8교(수위계),2025-08-28,3.9,3.9,4,4,4,4.1,4.1,3.9,3.8,3.6,3.6,14.7,7.8,2.7,15,15.1,15.2,15,15,14.8,14.8,3.5,14.6,6.9
50,연덕교(수위계),2025-08-28,23.2,23,23,22.3,22,21.8,22,21.9,22,21.7,21.4,22,22.7,23,22.9,22,22,22,22.7,23,22.6,22,22.3,22
8,차룡8교(수위계),2025-08-29,3.6,3.6,3.7,3.6,3.3,3.5,3.7,3.5,3.3,3,2.7,2.5,2.3,2.4,2.3,2.4,2.4,2.3,2.4,2.4,2.6,2.7,2.9,3
50,연덕교(수위계),2025-08-29,22.2,22,22,22.1,22,22,22,21.8,21.1,21.4,21.3,21.5,22,22.6,22,21.9,21,21.6,21.6,22,21.6,21,21,21.4
8,차룡8교(수위계),2025-08-30,3.1,3.3,3.2,3.5,3.4,4,4,3.8,3.4,3.1,2.7,2.4,2.3,2.4,2.4,2.3,2.3,2.4,2.4,2.5,2.7,2.9,3.1,3.2
50,연덕교(수위계),2025-08-30,22,22,21.5,21.2,21,20.9,21,20.2,21,21,21,21,21,21,21,21,20.7,20.2,20.6,21,22.2,21,21,21
8,차룡8교(수위계),2025-08-31,3.2,3.3,3.5,3.4,3.4,3.6,3.7,3.4,3.2,3.1,3,3,3.2,3.2,2.9,2.9,2.9,2.9,2.9,3,3.5,3.3,3.6,3.3
50,연덕교(수위계),2025-08-31,20.8,21,21,20.6,20,20.8,19.9,20.2,20.6,19.5,20,20,21,29,30,29,28.5,27,25.2,24,23,23,24,24.2
8,차룡8교(수위계),2025-09-01,3.5,3.5,3.4,3.6,27.5,19.6,7.2,7.1,7.1,7.1,33.7,13.3,15.8,15.9,16.3,15.6,14.6,15.4,14.3,12.7,15.2,14.3,16.1,15.8
50,연덕교(수위계),2025-09-01,24.2,0,0,0,35,32.6,29.9,28,25.8,25.6,73.5,62,50.2,41,35,32,29.9,28,27,25.8,25.3,24.5,24,24.2
8,차룡8교(수위계),2025-09-02,16.2,16.3,16.3,16.5,16.5,16.6,16.7,16.7,16.8,16.6,16.6,16.7,16.6,65.9,21.6,8.9,8.9,8.9,8.9,8.8,8.6,8.6,9.1,8.8
50,연덕교(수위계),2025-09-02,25,24,23.6,23,23,23,23,22,22,22,22.1,23,130.9,152.1,148.1,92,64.5,51.9,44.6,40.3,38,36,35.7,34.3
8,차룡8교(수위계),2025-09-03,8.5,8.7,8.6,8.5,8.6,8.4,8.4,8.3,8.1,8.2,8,8.2,7.8,8.1,7.7,8,7.7,7.9,7.5,7.6,7.2,7.2,6.8,6.5
50,연덕교(수위계),2025-09-03,33,32,31,30,30,29.5,28.2,28,28,28.1,27.8,27.5,27,27,27.2,27,26.8,25.2,26,26.6,26.2,25.7,25,25.4
8,차룡8교(수위계),2025-09-04,6.6,6.3,6.2,6.2,5.9,6,5.7,5.8,5.6,5.6,5.5,5.3,5.4,4.8,15.9,4.2,4.3,4.9,3.8,3.6,4,4,5.9,5.4
50,연덕교(수위계),2025-09-04,26,25.7,25,24.5,24,25,24,23.6,23.5,23.3,23.7,24,24,23.3,23,24,24,24,24,23.1,24,24,23.8,23.7
8,차룡8교(수위계),2025-09-05,4.6,3.8,18.5,12.1,12,11.8,11.3,11.8,11.4,11,10.6,9.3,9.2,8.4,5.7,6.4,7.7,5.8,5,4.6,4.4,4.2,4.1,4
50,연덕교(수위계),2025-09-05,23.7,23,23.8,24,23.5,22.6,22,22.1,22,22.3,22,22,23,23,23,22.7,22.5,23,23,22.6,24,22.5,22.3,23.2
8,차룡8교(수위계),2025-09-06,3.8,3.8,3.8,3.8,3.7,3.7,3.6,3.7,3.8,4,4.3,4.5,4.6,4.5,4.5,4.4,4.5,4.4,4.3,4.3,4.1,4,4.2,4.2
50,연덕교(수위계),2025-09-06,22.5,22.3,21.1,22,22.1,22,21.2,20.4,21,22,22,21.2,21,22,22.5,22.8,22,22.3,23.7,23.1,23,22.8,22.6,22
8,차룡8교(수위계),2025-09-07,4.1,4.1,4.1,4.1,4.1,4.1,4.1,4.1,4.2,4.3,4.4,4.4,4.3,4.5,4.4,4.3,4.3,4.2,4.3,4.2,4.2,4.1,4.1,4
50,연덕교(수위계),2025-09-07,22,22,22,21.9,21.1,21,21,21.9,21.5,21,20.7,21,21,21,21,21,21.7,24,23.9,26,25.5,24.8,24.2,24
8,차룡8교(수위계),2025-09-08,4,4,4,4,4,4,4,4,4.1,4,4.1,4.2,4.3,4.3,4.3,4.3,4.3,4.2,4.2,4.1,4.1,4.2,4.1,4.1
50,연덕교(수위계),2025-09-08,24,23.3,23,22,21.9,21.6,21,21,20.6,20.3,20,21.2,21.1,21.6,22,22.1,22.2,22,21.3,21.4,21.8,21,21.4,21.5
8,차룡8교(수위계),2025-09-09,4.1,4,4.1,4.1,4,4,3.9,8.9,8.1,8.7,8.1,8.6,8.2,7.8,8.1,8.5,53.3,34.5,8.9,8.3,9.2,8.5,7.8,8.4
50,연덕교(수위계),2025-09-09,21.8,21.7,21.3,21.5,21.9,26,38,47.3,41,35.8,32.1,30.4,31,33.2,31.6,29.9,30,35,35.8,32.6,31,30,28.7,27
8,차룡8교(수위계),2025-09-10,8.2,8,7.8,7.6,7.7,7.9,7.7,7.7,7.4,6.9,7.3,6.9,6.6,6.6,6.5,6,6.7,6,6.8,5.8,6.1,6.2,5.4,6
50,연덕교(수위계),2025-09-10,26,25,23.9,23.6,23,22.2,22,21.6,21,21,21,21.9,21.6,21.8,21.8,22,22,22,21.3,22,22,21.9,22,21.6
8,차룡8교(수위계),2025-09-11,5.4,6,6.4,6.3,6.8,6.5,6.4,6.6,6.1,6.4,5.9,6.5,5.7,6.3,5.4,5.9,5.3,5.2,5.3,4.7,5,4.2,4.2,3.3
50,연덕교(수위계),2025-09-11,22,21.7,21.2,21,21,21,20,20.8,20.6,20.8,20.2,21,21,20.8,21,21,21,21,21,21,21,21,21,20.8
8,차룡8교(수위계),2025-09-12,3.1,5.2,3.5,2.8,16.3,3.3,3.3,3.2,3.3,3.4,3.6,3.7,3.8,3.7,3.8,3.9,3.8,3.7,3.7,3.8,3.6,3.7,3.6,3.7
50,연덕교(수위계),2025-09-12,20.6,21,21,21,20.9,21,21,20.5,20,20,19.9,20,20.1,22,21,21,21,21.2,21,20,20,20.8,21,21
8,차룡8교(수위계),2025-09-13,3.6,3.6,3.5,3.5,3.4,3.4,3.3,3.3,3.3,3.3,3.2,3.2,3.1,3,2.9,2.8,2.8,2.8,2.9,2.8,2.8,2.8,2.7,2.7
50,연덕교(수위계),2025-09-13,21.7,21,21,21,21,21,70.9,80.6,60.3,48.1,41.6,39,36,33,31,28.8,27.4,27.2,25.7,24.8,24,24,23.2,23
8,차룡8교(수위계),2025-09-14,2.8,2.8,2.8,2.7,2.7,2.7,2.8,2.7,2.7,2.7,2.8,2.7,2.8,2.8,2.8,2.8,2.8,2.7,2.6,2.8,2.7,2.7,2.8,2.7
50,연덕교(수위계),2025-09-14,23,23,22.6,22.8,22,22.9,22.4,21.9,21.8,21.4,21,21.3,21.4,22,22,22,21.6,21.7,21.4,21,21.7,22,22,21.7
8,차룡8교(수위계),2025-09-15,2.7,2.7,2.7,2.7,2.7,2.8,2.8,2.7,2.7,2.7,2.7,2.7,2.6,2.7,2.6,2.6,2.6,2.5,2.6,2.7,2.7,2.7,2.8,2.8
50,연덕교(수위계),2025-09-15,22,21.7,21.4,21,21,21,21,21,20.3,20.8,20.4,20.7,21.2,21.6,21.1,21,20.8,21,21.9,21.3,20.9,21.5,21,21
8,차룡8교(수위계),2025-09-16,2.8,2.8,3,3.1,3.2,3.1,3.2,3.2,3,2.9,2.8,2.6,2.7,2.6,2.8,2.7,2.8,2.7,2.9,2.9,3,3.1,3.2,3.1
50,연덕교(수위계),2025-09-16,20.4,20.9,20.7,21,20.9,20.8,20,20,20,19.2,19.4,20,20.5,20,20,20.1,20.1,21,21.7,21.4,21,20.7,21,21
8,차룡8교(수위계),2025-09-17,3.1,3.1,3.1,3.1,3,3,3,3.1,3,3.1,3,2.9,2.9,0,0,0,0,0,0,0,0,0,0,0
50,연덕교(수위계),2025-09-17,21,20.4,20,20,20.3,20,20,19.6,19.3,19.4,19.5,19.5,18.7,0,0,0,0,0,0,0,0,0,0,0
