floor,normalization,aggregation,weights,components,repeat,spearman_vs_baseline,top20_overlap
0.01,minmax,geometric,equal,HEVD,0,0.9690779463596244,20
0.01,minmax,geometric,equal,HEVD,1,0.9690779463596244,20
0.01,minmax,geometric,equal,HEVD,2,0.9690779463596244,20
0.01,minmax,geometric,equal,HEVD,3,0.9690779463596244,20
0.01,minmax,geometric,equal,HEVD,4,0.9690779463596244,20
0.01,minmax,geometric,equal,HEVD,5,0.9690779463596244,20
0.01,minmax,geometric,equal,HEVD,6,0.9690779463596244,20
0.01,minmax,geometric,equal,HEVD,7,0.9690779463596244,20
0.01,minmax,geometric,equal,HEVD,8,0.9690779463596244,20
0.01,minmax,geometric,equal,HEVD,9,0.9690779463596244,20
0.01,minmax,geometric,equal,HEVD,10,0.9690779463596244,20
0.01,minmax,geometric,equal,HEVD,11,0.9690779463596244,20
0.01,minmax,geometric,equal,HEVD,12,0.9690779463596244,20
0.01,minmax,geometric,equal,HEVD,13,0.9690779463596244,20
0.01,minmax,geometric,equal,HEVD,14,0.9690779463596244,20
0.01,minmax,geometric,equal,HEVD,15,0.9690779463596244,20
0.01,minmax,geometric,equal,HEVD,16,0.9690779463596244,20
0.01,minmax,geometric,equal,HEVD,17,0.9690779463596244,20
0.01,minmax,geometric,equal,HEVD,18,0.9690779463596244,20
0.01,minmax,geometric,equal,HEVD,19,0.9690779463596244,20
0.01,minmax,geometric,equal,HEVD,20,0.9690779463596244,20
0.01,minmax,geometric,equal,HEVD,21,0.9690779463596244,20
0.01,minmax,geometric,equal,HEVD,22,0.9690779463596244,20
0.01,minmax,geometric,equal,HEVD,23,0.9690779463596244,20
0.01,minmax,geometric,equal,HEVD,24,0.9690779463596244,20
0.01,minmax,geometric,equal,HEVD,25,0.9690779463596244,20
0.01,minmax,geometric,equal,HEVD,26,0.9690779463596244,20
0.01,minmax,geometric,equal,HEVD,27,0.9690779463596244,20
0.01,minmax,geometric,equal,HEVD,28,0.9690779463596244,20
0.01,minmax,geometric,equal,HEVD,29,0.9690779463596244,20
0.01,minmax,geometric,equal,HEVD,30,0.9690779463596244,20
0.01,minmax,geometric,equal,HEVD,31,0.9690779463596244,20
0.01,minmax,geometric,equal,HEVD,32,0.9690779463596244,20
0.01,minmax,geometric,equal,HEVD,33,0.9690779463596244,20
0.01,minmax,geometric,equal,HEVD,34,0.9690779463596244,20
0.01,minmax,geometric,equal,HEVD,35,0.9690779463596244,20
0.01,minmax,geometric,equal,HEVD,36,0.9690779463596244,20
0.01,minmax,geometric,equal,HEVD,37,0.9690779463596244,20
0.01,minmax,geometric,equal,HEVD,38,0.9690779463596244,20
0.01,minmax,geometric,equal,HEVD,39,0.9690779463596244,20
0.01,minmax,geometric,equal,HEV,0,0.8451229179160523,8
0.01,minmax,geometric,equal,HEV,1,0.8451229179160523,8
0.01,minmax,geometric,equal,HEV,2,0.8451229179160523,8
0.01,minmax,geometric,equal,HEV,3,0.8451229179160523,8
0.01,minmax,geometric,equal,HEV,4,0.8451229179160523,8
0.01,minmax,geometric,equal,HEV,5,0.8451229179160523,8
0.01,minmax,geometric,equal,HEV,6,0.8451229179160523,8
0.01,minmax,geometric,equal,HEV,7,0.8451229179160523,8
0.01,minmax,geometric,equal,HEV,8,0.8451229179160523,8
0.01,minmax,geometric,equal,HEV,9,0.8451229179160523,8
0.01,minmax,geometric,equal,HEV,10,0.8451229179160523,8
0.01,minmax,geometric,equal,HEV,11,0.8451229179160523,8
0.01,minmax,geometric,equal,HEV,12,0.8451229179160523,8
0.01,minmax,geometric,equal,HEV,13,0.8451229179160523,8
0.01,minmax,geometric,equal,HEV,14,0.8451229179160523,8
0.01,minmax,geometric,equal,HEV,15,0.8451229179160523,8
0.01,minmax,geometric,equal,HEV,16,0.8451229179160523,8
0.01,minmax,geometric,equal,HEV,17,0.8451229179160523,8
0.01,minmax,geometric,equal,HEV,18,0.8451229179160523,8
0.01,minmax,geometric,equal,HEV,19,0.8451229179160523,8
0.01,minmax,geometric,equal,HEV,20,0.8451229179160523,8
0.01,minmax,geometric,equal,HEV,21,0.8451229179160523,8
0.01,minmax,geometric,equal,HEV,22,0.8451229179160523,8
0.01,minmax,geometric,equal,HEV,23,0.8451229179160523,8
0.01,minmax,geometric,equal,HEV,24,0.8451229179160523,8
0.01,minmax,geometric,equal,HEV,25,0.8451229179160523,8
0.01,minmax,geometric,equal,HEV,26,0.8451229179160523,8
0.01,minmax,geometric,equal,HEV,27,0.8451229179160523,8
0.01,minmax,geometric,equal,HEV,28,0.8451229179160523,8
0.01,minmax,geometric,equal,HEV,29,0.8451229179160523,8
0.01,minmax,geometric,equal,HEV,30,0.8451229179160523,8
0.01,minmax,geometric,equal,HEV,31,0.8451229179160523,8
0.01,minmax,geometric,equal,HEV,32,0.8451229179160523,8
0.01,minmax,geometric,equal,HEV,33,0.8451229179160523,8
0.01,minmax,geometric,equal,HEV,34,0.8451229179160523,8
0.01,minmax,geometric,equal,HEV,35,0.8451229179160523,8
0.01,minmax,geometric,equal,HEV,36,0.8451229179160523,8
0.01,minmax,geometric,equal,HEV,37,0.8451229179160523,8
0.01,minmax,geometric,equal,HEV,38,0.8451229179160523,8
0.01,minmax,geometric,equal,HEV,39,0.8451229179160523,8
0.01,minmax,geometric,entropy,HEVD,0,0.8007467467755647,9
0.01,minmax,geometric,entropy,HEVD,1,0.8007467467755647,9
0.01,minmax,geometric,entropy,HEVD,2,0.8007467467755647,9
0.01,minmax,geometric,entropy,HEVD,3,0.8007467467755647,9
0.01,minmax,geometric,entropy,HEVD,4,0.8007467467755647,9
0.01,minmax,geometric,entropy,HEVD,5,0.8007467467755647,9
0.01,minmax,geometric,entropy,HEVD,6,0.8007467467755647,9
0.01,minmax,geometric,entropy,HEVD,7,0.8007467467755647,9
0.01,minmax,geometric,entropy,HEVD,8,0.8007467467755647,9
0.01,minmax,geometric,entropy,HEVD,9,0.8007467467755647,9
0.01,minmax,geometric,entropy,HEVD,10,0.8007467467755647,9
0.01,minmax,geometric,entropy,HEVD,11,0.8007467467755647,9
0.01,minmax,geometric,entropy,HEVD,12,0.8007467467755647,9
0.01,minmax,geometric,entropy,HEVD,13,0.8007467467755647,9
0.01,minmax,geometric,entropy,HEVD,14,0.8007467467755647,9
0.01,minmax,geometric,entropy,HEVD,15,0.8007467467755647,9
0.01,minmax,geometric,entropy,HEVD,16,0.8007467467755647,9
0.01,minmax,geometric,entropy,HEVD,17,0.8007467467755647,9
0.01,minmax,geometric,entropy,HEVD,18,0.8007467467755647,9
0.01,minmax,geometric,entropy,HEVD,19,0.8007467467755647,9
0.01,minmax,geometric,entropy,HEVD,20,0.8007467467755647,9
0.01,minmax,geometric,entropy,HEVD,21,0.8007467467755647,9
0.01,minmax,geometric,entropy,HEVD,22,0.8007467467755647,9
0.01,minmax,geometric,entropy,HEVD,23,0.8007467467755647,9
0.01,minmax,geometric,entropy,HEVD,24,0.8007467467755647,9
0.01,minmax,geometric,entropy,HEVD,25,0.8007467467755647,9
0.01,minmax,geometric,entropy,HEVD,26,0.8007467467755647,9
0.01,minmax,geometric,entropy,HEVD,27,0.8007467467755647,9
0.01,minmax,geometric,entropy,HEVD,28,0.8007467467755647,9
0.01,minmax,geometric,entropy,HEVD,29,0.8007467467755647,9
0.01,minmax,geometric,entropy,HEVD,30,0.8007467467755647,9
0.01,minmax,geometric,entropy,HEVD,31,0.8007467467755647,9
0.01,minmax,geometric,entropy,HEVD,32,0.8007467467755647,9
0.01,minmax,geometric,entropy,HEVD,33,0.8007467467755647,9
0.01,minmax,geometric,entropy,HEVD,34,0.8007467467755647,9
0.01,minmax,geometric,entropy,HEVD,35,0.8007467467755647,9
0.01,minmax,geometric,entropy,HEVD,36,0.8007467467755647,9
0.01,minmax,geometric,entropy,HEVD,37,0.8007467467755647,9
0.01,minmax,geometric,entropy,HEVD,38,0.8007467467755647,9
0.01,minmax,geometric,entropy,HEVD,39,0.8007467467755647,9
0.01,minmax,geometric,entropy,HEV,0,0.7599940981770361,7
0.01,minmax,geometric,entropy,HEV,1,0.7599940981770361,7
0.01,minmax,geometric,entropy,HEV,2,0.7599940981770361,7
0.01,minmax,geometric,entropy,HEV,3,0.7599940981770361,7
0.01,minmax,geometric,entropy,HEV,4,0.7599940981770361,7
0.01,minmax,geometric,entropy,HEV,5,0.7599940981770361,7
0.01,minmax,geometric,entropy,HEV,6,0.7599940981770361,7
0.01,minmax,geometric,entropy,HEV,7,0.7599940981770361,7
0.01,minmax,geometric,entropy,HEV,8,0.7599940981770361,7
0.01,minmax,geometric,entropy,HEV,9,0.7599940981770361,7
0.01,minmax,geometric,entropy,HEV,10,0.7599940981770361,7
0.01,minmax,geometric,entropy,HEV,11,0.7599940981770361,7
0.01,minmax,geometric,entropy,HEV,12,0.7599940981770361,7
0.01,minmax,geometric,entropy,HEV,13,0.7599940981770361,7
0.01,minmax,geometric,entropy,HEV,14,0.7599940981770361,7
0.01,minmax,geometric,entropy,HEV,15,0.7599940981770361,7
0.01,minmax,geometric,entropy,HEV,16,0.7599940981770361,7
0.01,minmax,geometric,entropy,HEV,17,0.7599940981770361,7
0.01,minmax,geometric,entropy,HEV,18,0.7599940981770361,7
0.01,minmax,geometric,entropy,HEV,19,0.7599940981770361,7
0.01,minmax,geometric,entropy,HEV,20,0.7599940981770361,7
0.01,minmax,geometric,entropy,HEV,21,0.7599940981770361,7
0.01,minmax,geometric,entropy,HEV,22,0.7599940981770361,7
0.01,minmax,geometric,entropy,HEV,23,0.7599940981770361,7
0.01,minmax,geometric,entropy,HEV,24,0.7599940981770361,7
0.01,minmax,geometric,entropy,HEV,25,0.7599940981770361,7
0.01,minmax,geometric,entropy,HEV,26,0.7599940981770361,7
0.01,minmax,geometric,entropy,HEV,27,0.7599940981770361,7
0.01,minmax,geometric,entropy,HEV,28,0.7599940981770361,7
0.01,minmax,geometric,entropy,HEV,29,0.7599940981770361,7
0.01,minmax,geometric,entropy,HEV,30,0.7599940981770361,7
0.01,minmax,geometric,entropy,HEV,31,0.7599940981770361,7
0.01,minmax,geometric,entropy,HEV,32,0.7599940981770361,7
0.01,minmax,geometric,entropy,HEV,33,0.7599940981770361,7
0.01,minmax,geometric,entropy,HEV,34,0.7599940981770361,7
0.01,minmax,geometric,entropy,HEV,35,0.7599940981770361,7
0.01,minmax,geometric,entropy,HEV,36,0.7599940981770361,7
0.01,minmax,geometric,entropy,HEV,37,0.7599940981770361,7
0.01,minmax,geometric,entropy,HEV,38,0.7599940981770361,7
0.01,minmax,geometric,entropy,HEV,39,0.7599940981770361,7
0.01,minmax,geometric,dirichlet,HEVD,0,0.9464136937457324,5
0.01,minmax,geometric,dirichlet,HEVD,1,0.8826341581238405,8
0.01,minmax,geometric,dirichlet,HEVD,2,0.9435575819859999,17
0.01,minmax,geometric,dirichlet,HEVD,3,0.7100555014241349,5
0.01,minmax,geometric,dirichlet,HEVD,4,0.34271536321714996,4
0.01,minmax,geometric,dirichlet,HEVD,5,0.9585504025446557,11
0.01,minmax,geometric,dirichlet,HEVD,6,0.8242697252646907,10
0.01,minmax,geometric,dirichlet,HEVD,7,0.7653064641793348,5
0.01,minmax,geometric,dirichlet,HEVD,8,0.7321545574147058,5
0.01,minmax,geometric,dirichlet,HEVD,9,0.8848333170015565,14
0.01,minmax,geometric,dirichlet,HEVD,10,0.8418661674988931,6
0.01,minmax,geometric,dirichlet,HEVD,11,0.7620238883746339,2
0.01,minmax,geometric,dirichlet,HEVD,12,0.9646082598237605,13
0.01,minmax,geometric,dirichlet,HEVD,13,0.5551471277338136,5
0.01,minmax,geometric,dirichlet,HEVD,14,0.9718916185271687,12
0.01,minmax,geometric,dirichlet,HEVD,15,0.8696575043692496,5
0.01,minmax,geometric,dirichlet,HEVD,16,0.9336315789384347,16
0.01,minmax,geometric,dirichlet,HEVD,17,0.8940873211648179,5
0.01,minmax,geometric,dirichlet,HEVD,18,0.7778798514944446,1
0.01,minmax,geometric,dirichlet,HEVD,19,0.8628120702092346,10
0.01,minmax,geometric,dirichlet,HEVD,20,0.38783577885005505,2
0.01,minmax,geometric,dirichlet,HEVD,21,0.8248541968742726,11
0.01,minmax,geometric,dirichlet,HEVD,22,0.8345937604113174,14
0.01,minmax,geometric,dirichlet,HEVD,23,0.5479024724621802,0
0.01,minmax,geometric,dirichlet,HEVD,24,0.922842521603537,6
0.01,minmax,geometric,dirichlet,HEVD,25,0.9648477420127064,14
0.01,minmax,geometric,dirichlet,HEVD,26,0.8896402719652057,10
0.01,minmax,geometric,dirichlet,HEVD,27,0.812167719842363,7
0.01,minmax,geometric,dirichlet,HEVD,28,0.8988944186707429,12
0.01,minmax,geometric,dirichlet,HEVD,29,0.9664682160022448,16
0.01,minmax,geometric,dirichlet,HEVD,30,0.5366380305574382,1
0.01,minmax,geometric,dirichlet,HEVD,31,0.835080556081958,12
0.01,minmax,geometric,dirichlet,HEVD,32,0.8868954799366479,11
0.01,minmax,geometric,dirichlet,HEVD,33,0.5716832942760376,5
0.01,minmax,geometric,dirichlet,HEVD,34,0.899594615554418,13
0.01,minmax,geometric,dirichlet,HEVD,35,0.8997014364737133,11
0.01,minmax,geometric,dirichlet,HEVD,36,0.9648724088331754,17
0.01,minmax,geometric,dirichlet,HEVD,37,0.8501349502815603,3
0.01,minmax,geometric,dirichlet,HEVD,38,0.9369482921433803,9
0.01,minmax,geometric,dirichlet,HEVD,39,0.8700794847233696,12
0.01,minmax,geometric,dirichlet,HEV,0,0.8102797743302159,6
0.01,minmax,geometric,dirichlet,HEV,1,0.8454208777882888,8
0.01,minmax,geometric,dirichlet,HEV,2,0.809503066193299,7
0.01,minmax,geometric,dirichlet,HEV,3,0.7971469696317821,6
0.01,minmax,geometric,dirichlet,HEV,4,0.8345009912243593,9
0.01,minmax,geometric,dirichlet,HEV,5,0.7613540275114551,8
0.01,minmax,geometric,dirichlet,HEV,6,0.8252825636150816,7
0.01,minmax,geometric,dirichlet,HEV,7,0.8142690157007577,8
0.01,minmax,geometric,dirichlet,HEV,8,0.8388558055021437,8
0.01,minmax,geometric,dirichlet,HEV,9,0.35111008971185625,2
0.01,minmax,geometric,dirichlet,HEV,10,0.8289717863251089,5
0.01,minmax,geometric,dirichlet,HEV,11,0.8264596554426223,7
0.01,minmax,geometric,dirichlet,HEV,12,0.8223754480637548,3
0.01,minmax,geometric,dirichlet,HEV,13,0.8420680447006516,8
0.01,minmax,geometric,dirichlet,HEV,14,0.8526331986335612,7
0.01,minmax,geometric,dirichlet,HEV,15,0.5063700450499061,3
0.01,minmax,geometric,dirichlet,HEV,16,0.6327646646875292,3
0.01,minmax,geometric,dirichlet,HEV,17,0.6231695045562401,2
0.01,minmax,geometric,dirichlet,HEV,18,0.8252167971879663,8
0.01,minmax,geometric,dirichlet,HEV,19,0.7987804656204817,3
0.01,minmax,geometric,dirichlet,HEV,20,0.8217989337555138,8
0.01,minmax,geometric,dirichlet,HEV,21,0.8445647956524306,9
0.01,minmax,geometric,dirichlet,HEV,22,0.8499318714324821,8
0.01,minmax,geometric,dirichlet,HEV,23,0.8149138615868127,6
0.01,minmax,geometric,dirichlet,HEV,24,0.8287747244710738,9
0.01,minmax,geometric,dirichlet,HEV,25,0.8242369996014277,7
0.01,minmax,geometric,dirichlet,HEV,26,0.8310259734022575,8
0.01,minmax,geometric,dirichlet,HEV,27,0.8282189266195826,6
0.01,minmax,geometric,dirichlet,HEV,28,0.796888262848711,6
0.01,minmax,geometric,dirichlet,HEV,29,0.6949810868098638,3
0.01,minmax,geometric,dirichlet,HEV,30,0.8413003906483837,7
0.01,minmax,geometric,dirichlet,HEV,31,0.8007535389551258,7
0.01,minmax,geometric,dirichlet,HEV,32,0.8545246045563771,7
0.01,minmax,geometric,dirichlet,HEV,33,0.8308941059754373,7
0.01,minmax,geometric,dirichlet,HEV,34,0.8062594083514142,6
0.01,minmax,geometric,dirichlet,HEV,35,0.8275263662408447,6
0.01,minmax,geometric,dirichlet,HEV,36,0.8405574554360961,7
0.01,minmax,geometric,dirichlet,HEV,37,0.7116226215109763,3
0.01,minmax,geometric,dirichlet,HEV,38,0.8401309502433894,9
0.01,minmax,geometric,dirichlet,HEV,39,0.7917813746391605,5
0.01,minmax,additive,equal,HEVD,0,0.8781279084488712,9
0.01,minmax,additive,equal,HEVD,1,0.8781279084488712,9
0.01,minmax,additive,equal,HEVD,2,0.8781279084488712,9
0.01,minmax,additive,equal,HEVD,3,0.8781279084488712,9
0.01,minmax,additive,equal,HEVD,4,0.8781279084488712,9
0.01,minmax,additive,equal,HEVD,5,0.8781279084488712,9
0.01,minmax,additive,equal,HEVD,6,0.8781279084488712,9
0.01,minmax,additive,equal,HEVD,7,0.8781279084488712,9
0.01,minmax,additive,equal,HEVD,8,0.8781279084488712,9
0.01,minmax,additive,equal,HEVD,9,0.8781279084488712,9
0.01,minmax,additive,equal,HEVD,10,0.8781279084488712,9
0.01,minmax,additive,equal,HEVD,11,0.8781279084488712,9
0.01,minmax,additive,equal,HEVD,12,0.8781279084488712,9
0.01,minmax,additive,equal,HEVD,13,0.8781279084488712,9
0.01,minmax,additive,equal,HEVD,14,0.8781279084488712,9
0.01,minmax,additive,equal,HEVD,15,0.8781279084488712,9
0.01,minmax,additive,equal,HEVD,16,0.8781279084488712,9
0.01,minmax,additive,equal,HEVD,17,0.8781279084488712,9
0.01,minmax,additive,equal,HEVD,18,0.8781279084488712,9
0.01,minmax,additive,equal,HEVD,19,0.8781279084488712,9
0.01,minmax,additive,equal,HEVD,20,0.8781279084488712,9
0.01,minmax,additive,equal,HEVD,21,0.8781279084488712,9
0.01,minmax,additive,equal,HEVD,22,0.8781279084488712,9
0.01,minmax,additive,equal,HEVD,23,0.8781279084488712,9
0.01,minmax,additive,equal,HEVD,24,0.8781279084488712,9
0.01,minmax,additive,equal,HEVD,25,0.8781279084488712,9
0.01,minmax,additive,equal,HEVD,26,0.8781279084488712,9
0.01,minmax,additive,equal,HEVD,27,0.8781279084488712,9
0.01,minmax,additive,equal,HEVD,28,0.8781279084488712,9
0.01,minmax,additive,equal,HEVD,29,0.8781279084488712,9
0.01,minmax,additive,equal,HEVD,30,0.8781279084488712,9
0.01,minmax,additive,equal,HEVD,31,0.8781279084488712,9
0.01,minmax,additive,equal,HEVD,32,0.8781279084488712,9
0.01,minmax,additive,equal,HEVD,33,0.8781279084488712,9
0.01,minmax,additive,equal,HEVD,34,0.8781279084488712,9
0.01,minmax,additive,equal,HEVD,35,0.8781279084488712,9
0.01,minmax,additive,equal,HEVD,36,0.8781279084488712,9
0.01,minmax,additive,equal,HEVD,37,0.8781279084488712,9
0.01,minmax,additive,equal,HEVD,38,0.8781279084488712,9
0.01,minmax,additive,equal,HEVD,39,0.8781279084488712,9
0.01,minmax,additive,equal,HEV,0,0.8351443852767073,7
0.01,minmax,additive,equal,HEV,1,0.8351443852767073,7
0.01,minmax,additive,equal,HEV,2,0.8351443852767073,7
0.01,minmax,additive,equal,HEV,3,0.8351443852767073,7
0.01,minmax,additive,equal,HEV,4,0.8351443852767073,7
0.01,minmax,additive,equal,HEV,5,0.8351443852767073,7
0.01,minmax,additive,equal,HEV,6,0.8351443852767073,7
0.01,minmax,additive,equal,HEV,7,0.8351443852767073,7
0.01,minmax,additive,equal,HEV,8,0.8351443852767073,7
0.01,minmax,additive,equal,HEV,9,0.8351443852767073,7
0.01,minmax,additive,equal,HEV,10,0.8351443852767073,7
0.01,minmax,additive,equal,HEV,11,0.8351443852767073,7
0.01,minmax,additive,equal,HEV,12,0.8351443852767073,7
0.01,minmax,additive,equal,HEV,13,0.8351443852767073,7
0.01,minmax,additive,equal,HEV,14,0.8351443852767073,7
0.01,minmax,additive,equal,HEV,15,0.8351443852767073,7
0.01,minmax,additive,equal,HEV,16,0.8351443852767073,7
0.01,minmax,additive,equal,HEV,17,0.8351443852767073,7
0.01,minmax,additive,equal,HEV,18,0.8351443852767073,7
0.01,minmax,additive,equal,HEV,19,0.8351443852767073,7
0.01,minmax,additive,equal,HEV,20,0.8351443852767073,7
0.01,minmax,additive,equal,HEV,21,0.8351443852767073,7
0.01,minmax,additive,equal,HEV,22,0.8351443852767073,7
0.01,minmax,additive,equal,HEV,23,0.8351443852767073,7
0.01,minmax,additive,equal,HEV,24,0.8351443852767073,7
0.01,minmax,additive,equal,HEV,25,0.8351443852767073,7
0.01,minmax,additive,equal,HEV,26,0.8351443852767073,7
0.01,minmax,additive,equal,HEV,27,0.8351443852767073,7
0.01,minmax,additive,equal,HEV,28,0.8351443852767073,7
0.01,minmax,additive,equal,HEV,29,0.8351443852767073,7
0.01,minmax,additive,equal,HEV,30,0.8351443852767073,7
0.01,minmax,additive,equal,HEV,31,0.8351443852767073,7
0.01,minmax,additive,equal,HEV,32,0.8351443852767073,7
0.01,minmax,additive,equal,HEV,33,0.8351443852767073,7
0.01,minmax,additive,equal,HEV,34,0.8351443852767073,7
0.01,minmax,additive,equal,HEV,35,0.8351443852767073,7
0.01,minmax,additive,equal,HEV,36,0.8351443852767073,7
0.01,minmax,additive,equal,HEV,37,0.8351443852767073,7
0.01,minmax,additive,equal,HEV,38,0.8351443852767073,7
0.01,minmax,additive,equal,HEV,39,0.8351443852767073,7
0.01,minmax,additive,entropy,HEVD,0,0.9199250280636537,10
0.01,minmax,additive,entropy,HEVD,1,0.9199250280636537,10
0.01,minmax,additive,entropy,HEVD,2,0.9199250280636537,10
0.01,minmax,additive,entropy,HEVD,3,0.9199250280636537,10
0.01,minmax,additive,entropy,HEVD,4,0.9199250280636537,10
0.01,minmax,additive,entropy,HEVD,5,0.9199250280636537,10
0.01,minmax,additive,entropy,HEVD,6,0.9199250280636537,10
0.01,minmax,additive,entropy,HEVD,7,0.9199250280636537,10
0.01,minmax,additive,entropy,HEVD,8,0.9199250280636537,10
0.01,minmax,additive,entropy,HEVD,9,0.9199250280636537,10
0.01,minmax,additive,entropy,HEVD,10,0.9199250280636537,10
0.01,minmax,additive,entropy,HEVD,11,0.9199250280636537,10
0.01,minmax,additive,entropy,HEVD,12,0.9199250280636537,10
0.01,minmax,additive,entropy,HEVD,13,0.9199250280636537,10
0.01,minmax,additive,entropy,HEVD,14,0.9199250280636537,10
0.01,minmax,additive,entropy,HEVD,15,0.9199250280636537,10
0.01,minmax,additive,entropy,HEVD,16,0.9199250280636537,10
0.01,minmax,additive,entropy,HEVD,17,0.9199250280636537,10
0.01,minmax,additive,entropy,HEVD,18,0.9199250280636537,10
0.01,minmax,additive,entropy,HEVD,19,0.9199250280636537,10
0.01,minmax,additive,entropy,HEVD,20,0.9199250280636537,10
0.01,minmax,additive,entropy,HEVD,21,0.9199250280636537,10
0.01,minmax,additive,entropy,HEVD,22,0.9199250280636537,10
0.01,minmax,additive,entropy,HEVD,23,0.9199250280636537,10
0.01,minmax,additive,entropy,HEVD,24,0.9199250280636537,10
0.01,minmax,additive,entropy,HEVD,25,0.9199250280636537,10
0.01,minmax,additive,entropy,HEVD,26,0.9199250280636537,10
0.01,minmax,additive,entropy,HEVD,27,0.9199250280636537,10
0.01,minmax,additive,entropy,HEVD,28,0.9199250280636537,10
0.01,minmax,additive,entropy,HEVD,29,0.9199250280636537,10
0.01,minmax,additive,entropy,HEVD,30,0.9199250280636537,10
0.01,minmax,additive,entropy,HEVD,31,0.9199250280636537,10
0.01,minmax,additive,entropy,HEVD,32,0.9199250280636537,10
0.01,minmax,additive,entropy,HEVD,33,0.9199250280636537,10
0.01,minmax,additive,entropy,HEVD,34,0.9199250280636537,10
0.01,minmax,additive,entropy,HEVD,35,0.9199250280636537,10
0.01,minmax,additive,entropy,HEVD,36,0.9199250280636537,10
0.01,minmax,additive,entropy,HEVD,37,0.9199250280636537,10
0.01,minmax,additive,entropy,HEVD,38,0.9199250280636537,10
0.01,minmax,additive,entropy,HEVD,39,0.9199250280636537,10
0.01,minmax,additive,entropy,HEV,0,0.8310144091360393,7
0.01,minmax,additive,entropy,HEV,1,0.8310144091360393,7
0.01,minmax,additive,entropy,HEV,2,0.8310144091360393,7
0.01,minmax,additive,entropy,HEV,3,0.8310144091360393,7
0.01,minmax,additive,entropy,HEV,4,0.8310144091360393,7
0.01,minmax,additive,entropy,HEV,5,0.8310144091360393,7
0.01,minmax,additive,entropy,HEV,6,0.8310144091360393,7
0.01,minmax,additive,entropy,HEV,7,0.8310144091360393,7
0.01,minmax,additive,entropy,HEV,8,0.8310144091360393,7
0.01,minmax,additive,entropy,HEV,9,0.8310144091360393,7
0.01,minmax,additive,entropy,HEV,10,0.8310144091360393,7
0.01,minmax,additive,entropy,HEV,11,0.8310144091360393,7
0.01,minmax,additive,entropy,HEV,12,0.8310144091360393,7
0.01,minmax,additive,entropy,HEV,13,0.8310144091360393,7
0.01,minmax,additive,entropy,HEV,14,0.8310144091360393,7
0.01,minmax,additive,entropy,HEV,15,0.8310144091360393,7
0.01,minmax,additive,entropy,HEV,16,0.8310144091360393,7
0.01,minmax,additive,entropy,HEV,17,0.8310144091360393,7
0.01,minmax,additive,entropy,HEV,18,0.8310144091360393,7
0.01,minmax,additive,entropy,HEV,19,0.8310144091360393,7
0.01,minmax,additive,entropy,HEV,20,0.8310144091360393,7
0.01,minmax,additive,entropy,HEV,21,0.8310144091360393,7
0.01,minmax,additive,entropy,HEV,22,0.8310144091360393,7
0.01,minmax,additive,entropy,HEV,23,0.8310144091360393,7
0.01,minmax,additive,entropy,HEV,24,0.8310144091360393,7
0.01,minmax,additive,entropy,HEV,25,0.8310144091360393,7
0.01,minmax,additive,entropy,HEV,26,0.8310144091360393,7
0.01,minmax,additive,entropy,HEV,27,0.8310144091360393,7
0.01,minmax,additive,entropy,HEV,28,0.8310144091360393,7
0.01,minmax,additive,entropy,HEV,29,0.8310144091360393,7
0.01,minmax,additive,entropy,HEV,30,0.8310144091360393,7
0.01,minmax,additive,entropy,HEV,31,0.8310144091360393,7
0.01,minmax,additive,entropy,HEV,32,0.8310144091360393,7
0.01,minmax,additive,entropy,HEV,33,0.8310144091360393,7
0.01,minmax,additive,entropy,HEV,34,0.8310144091360393,7
0.01,minmax,additive,entropy,HEV,35,0.8310144091360393,7
0.01,minmax,additive,entropy,HEV,36,0.8310144091360393,7
0.01,minmax,additive,entropy,HEV,37,0.8310144091360393,7
0.01,minmax,additive,entropy,HEV,38,0.8310144091360393,7
0.01,minmax,additive,entropy,HEV,39,0.8310144091360393,7
0.01,minmax,additive,dirichlet,HEVD,0,0.9029951462733197,2
0.01,minmax,additive,dirichlet,HEVD,1,0.5254545902871081,3
0.01,minmax,additive,dirichlet,HEVD,2,0.6856147311480328,1
0.01,minmax,additive,dirichlet,HEVD,3,0.8700780253291471,6
0.01,minmax,additive,dirichlet,HEVD,4,0.7827171887796842,13
0.01,minmax,additive,dirichlet,HEVD,5,0.9220749226447119,6
0.01,minmax,additive,dirichlet,HEVD,6,0.43053714629454926,2
0.01,minmax,additive,dirichlet,HEVD,7,0.7353838319690893,10
0.01,minmax,additive,dirichlet,HEVD,8,0.18278969620653004,1
0.01,minmax,additive,dirichlet,HEVD,9,0.9147042720031674,7
0.01,minmax,additive,dirichlet,HEVD,10,0.9296555238641768,8
0.01,minmax,additive,dirichlet,HEVD,11,0.9189792408968627,10
0.01,minmax,additive,dirichlet,HEVD,12,0.3654786980145726,0
0.01,minmax,additive,dirichlet,HEVD,13,0.9151740233334632,7
0.01,minmax,additive,dirichlet,HEVD,14,0.892152970982576,6
0.01,minmax,additive,dirichlet,HEVD,15,0.7787343719713492,13
0.01,minmax,additive,dirichlet,HEVD,16,0.8999975348317514,6
0.01,minmax,additive,dirichlet,HEVD,17,0.773357050054064,8
0.01,minmax,additive,dirichlet,HEVD,18,0.8399130451216256,9
0.01,minmax,additive,dirichlet,HEVD,19,0.5341033367798298,1
0.01,minmax,additive,dirichlet,HEVD,20,0.7079461070895711,9
0.01,minmax,additive,dirichlet,HEVD,21,0.669411418856544,2
0.01,minmax,additive,dirichlet,HEVD,22,0.8469567104841114,9
0.01,minmax,additive,dirichlet,HEVD,23,0.6920188359107786,0
0.01,minmax,additive,dirichlet,HEVD,24,0.9118086407732351,6
0.01,minmax,additive,dirichlet,HEVD,25,0.6779135885834734,8
0.01,minmax,additive,dirichlet,HEVD,26,0.8327080307630917,9
0.01,minmax,additive,dirichlet,HEVD,27,0.33996239561550645,1
0.01,minmax,additive,dirichlet,HEVD,28,0.30642604603826973,2
0.01,minmax,additive,dirichlet,HEVD,29,0.7200479670426071,6
0.01,minmax,additive,dirichlet,HEVD,30,0.9250256659192888,6
0.01,minmax,additive,dirichlet,HEVD,31,0.825691486258188,1
0.01,minmax,additive,dirichlet,HEVD,32,0.30939757287623504,2
0.01,minmax,additive,dirichlet,HEVD,33,0.8337946663337663,9
0.01,minmax,additive,dirichlet,HEVD,34,0.6112114938197799,2
0.01,minmax,additive,dirichlet,HEVD,35,0.7783470617908433,8
0.01,minmax,additive,dirichlet,HEVD,36,0.07028477416322057,1
0.01,minmax,additive,dirichlet,HEVD,37,0.6909525911635283,0
0.01,minmax,additive,dirichlet,HEVD,38,0.9052346996859272,6
0.01,minmax,additive,dirichlet,HEVD,39,0.8702985935153711,4
0.01,minmax,additive,dirichlet,HEV,0,0.48165708272069924,2
0.01,minmax,additive,dirichlet,HEV,1,0.6684914732606403,5
0.01,minmax,additive,dirichlet,HEV,2,0.8622516689756842,7
0.01,minmax,additive,dirichlet,HEV,3,0.43495504041715166,2
0.01,minmax,additive,dirichlet,HEV,4,0.8650667838229478,7
0.01,minmax,additive,dirichlet,HEV,5,0.7431697971780267,7
0.01,minmax,additive,dirichlet,HEV,6,0.8565870353755646,7
0.01,minmax,additive,dirichlet,HEV,7,0.6479744963059076,3
0.01,minmax,additive,dirichlet,HEV,8,0.8551150470294261,7
0.01,minmax,additive,dirichlet,HEV,9,0.132631282007386,1
0.01,minmax,additive,dirichlet,HEV,10,0.3383874798912627,2
0.01,minmax,additive,dirichlet,HEV,11,0.6850224017556449,4
0.01,minmax,additive,dirichlet,HEV,12,0.7913609893277951,8
0.01,minmax,additive,dirichlet,HEV,13,0.8078917955436097,8
0.01,minmax,additive,dirichlet,HEV,14,0.8344373452110696,7
0.01,minmax,additive,dirichlet,HEV,15,0.8655464725524745,7
0.01,minmax,additive,dirichlet,HEV,16,0.8524800634878273,6
0.01,minmax,additive,dirichlet,HEV,17,0.7932183631890292,8
0.01,minmax,additive,dirichlet,HEV,18,0.48841211439504817,2
0.01,minmax,additive,dirichlet,HEV,19,0.8398722987006769,8
0.01,minmax,additive,dirichlet,HEV,20,0.8119963179825291,8
0.01,minmax,additive,dirichlet,HEV,21,0.7804388394574265,2
0.01,minmax,additive,dirichlet,HEV,22,0.6618708584777182,4
0.01,minmax,additive,dirichlet,HEV,23,0.8207747959151656,7
0.01,minmax,additive,dirichlet,HEV,24,0.7309148894263786,7
0.01,minmax,additive,dirichlet,HEV,25,0.7443932044977427,8
0.01,minmax,additive,dirichlet,HEV,26,0.8296006780768178,7
0.01,minmax,additive,dirichlet,HEV,27,0.8196482393645814,7
0.01,minmax,additive,dirichlet,HEV,28,0.46327001294321685,2
0.01,minmax,additive,dirichlet,HEV,29,0.791006120675303,3
0.01,minmax,additive,dirichlet,HEV,30,0.824389379226765,5
0.01,minmax,additive,dirichlet,HEV,31,0.7072879032191125,6
0.01,minmax,additive,dirichlet,HEV,32,0.819612072344505,7
0.01,minmax,additive,dirichlet,HEV,33,0.14931738452365464,1
0.01,minmax,additive,dirichlet,HEV,34,0.7665716394145864,7
0.01,minmax,additive,dirichlet,HEV,35,0.40060283960859744,2
0.01,minmax,additive,dirichlet,HEV,36,0.7136382223160879,6
0.01,minmax,additive,dirichlet,HEV,37,0.7197469696513185,7
0.01,minmax,additive,dirichlet,HEV,38,0.7996294705035285,6
0.01,minmax,additive,dirichlet,HEV,39,0.6279752273253745,3
0.01,percentile,geometric,equal,HEVD,0,0.7736409345744156,8
0.01,percentile,geometric,equal,HEVD,1,0.7736409345744156,8
0.01,percentile,geometric,equal,HEVD,2,0.7736409345744156,8
0.01,percentile,geometric,equal,HEVD,3,0.7736409345744156,8
0.01,percentile,geometric,equal,HEVD,4,0.7736409345744156,8
0.01,percentile,geometric,equal,HEVD,5,0.7736409345744156,8
0.01,percentile,geometric,equal,HEVD,6,0.7736409345744156,8
0.01,percentile,geometric,equal,HEVD,7,0.7736409345744156,8
0.01,percentile,geometric,equal,HEVD,8,0.7736409345744156,8
0.01,percentile,geometric,equal,HEVD,9,0.7736409345744156,8
0.01,percentile,geometric,equal,HEVD,10,0.7736409345744156,8
0.01,percentile,geometric,equal,HEVD,11,0.7736409345744156,8
0.01,percentile,geometric,equal,HEVD,12,0.7736409345744156,8
0.01,percentile,geometric,equal,HEVD,13,0.7736409345744156,8
0.01,percentile,geometric,equal,HEVD,14,0.7736409345744156,8
0.01,percentile,geometric,equal,HEVD,15,0.7736409345744156,8
0.01,percentile,geometric,equal,HEVD,16,0.7736409345744156,8
0.01,percentile,geometric,equal,HEVD,17,0.7736409345744156,8
0.01,percentile,geometric,equal,HEVD,18,0.7736409345744156,8
0.01,percentile,geometric,equal,HEVD,19,0.7736409345744156,8
0.01,percentile,geometric,equal,HEVD,20,0.7736409345744156,8
0.01,percentile,geometric,equal,HEVD,21,0.7736409345744156,8
0.01,percentile,geometric,equal,HEVD,22,0.7736409345744156,8
0.01,percentile,geometric,equal,HEVD,23,0.7736409345744156,8
0.01,percentile,geometric,equal,HEVD,24,0.7736409345744156,8
0.01,percentile,geometric,equal,HEVD,25,0.7736409345744156,8
0.01,percentile,geometric,equal,HEVD,26,0.7736409345744156,8
0.01,percentile,geometric,equal,HEVD,27,0.7736409345744156,8
0.01,percentile,geometric,equal,HEVD,28,0.7736409345744156,8
0.01,percentile,geometric,equal,HEVD,29,0.7736409345744156,8
0.01,percentile,geometric,equal,HEVD,30,0.7736409345744156,8
0.01,percentile,geometric,equal,HEVD,31,0.7736409345744156,8
0.01,percentile,geometric,equal,HEVD,32,0.7736409345744156,8
0.01,percentile,geometric,equal,HEVD,33,0.7736409345744156,8
0.01,percentile,geometric,equal,HEVD,34,0.7736409345744156,8
0.01,percentile,geometric,equal,HEVD,35,0.7736409345744156,8
0.01,percentile,geometric,equal,HEVD,36,0.7736409345744156,8
0.01,percentile,geometric,equal,HEVD,37,0.7736409345744156,8
0.01,percentile,geometric,equal,HEVD,38,0.7736409345744156,8
0.01,percentile,geometric,equal,HEVD,39,0.7736409345744156,8
0.01,percentile,geometric,equal,HEV,0,0.6947880837434436,2
0.01,percentile,geometric,equal,HEV,1,0.6947880837434436,2
0.01,percentile,geometric,equal,HEV,2,0.6947880837434436,2
0.01,percentile,geometric,equal,HEV,3,0.6947880837434436,2
0.01,percentile,geometric,equal,HEV,4,0.6947880837434436,2
0.01,percentile,geometric,equal,HEV,5,0.6947880837434436,2
0.01,percentile,geometric,equal,HEV,6,0.6947880837434436,2
0.01,percentile,geometric,equal,HEV,7,0.6947880837434436,2
0.01,percentile,geometric,equal,HEV,8,0.6947880837434436,2
0.01,percentile,geometric,equal,HEV,9,0.6947880837434436,2
0.01,percentile,geometric,equal,HEV,10,0.6947880837434436,2
0.01,percentile,geometric,equal,HEV,11,0.6947880837434436,2
0.01,percentile,geometric,equal,HEV,12,0.6947880837434436,2
0.01,percentile,geometric,equal,HEV,13,0.6947880837434436,2
0.01,percentile,geometric,equal,HEV,14,0.6947880837434436,2
0.01,percentile,geometric,equal,HEV,15,0.6947880837434436,2
0.01,percentile,geometric,equal,HEV,16,0.6947880837434436,2
0.01,percentile,geometric,equal,HEV,17,0.6947880837434436,2
0.01,percentile,geometric,equal,HEV,18,0.6947880837434436,2
0.01,percentile,geometric,equal,HEV,19,0.6947880837434436,2
0.01,percentile,geometric,equal,HEV,20,0.6947880837434436,2
0.01,percentile,geometric,equal,HEV,21,0.6947880837434436,2
0.01,percentile,geometric,equal,HEV,22,0.6947880837434436,2
0.01,percentile,geometric,equal,HEV,23,0.6947880837434436,2
0.01,percentile,geometric,equal,HEV,24,0.6947880837434436,2
0.01,percentile,geometric,equal,HEV,25,0.6947880837434436,2
0.01,percentile,geometric,equal,HEV,26,0.6947880837434436,2
0.01,percentile,geometric,equal,HEV,27,0.6947880837434436,2
0.01,percentile,geometric,equal,HEV,28,0.6947880837434436,2
0.01,percentile,geometric,equal,HEV,29,0.6947880837434436,2
0.01,percentile,geometric,equal,HEV,30,0.6947880837434436,2
0.01,percentile,geometric,equal,HEV,31,0.6947880837434436,2
0.01,percentile,geometric,equal,HEV,32,0.6947880837434436,2
0.01,percentile,geometric,equal,HEV,33,0.6947880837434436,2
0.01,percentile,geometric,equal,HEV,34,0.6947880837434436,2
0.01,percentile,geometric,equal,HEV,35,0.6947880837434436,2
0.01,percentile,geometric,equal,HEV,36,0.6947880837434436,2
0.01,percentile,geometric,equal,HEV,37,0.6947880837434436,2
0.01,percentile,geometric,equal,HEV,38,0.6947880837434436,2
0.01,percentile,geometric,equal,HEV,39,0.6947880837434436,2
0.01,percentile,geometric,entropy,HEVD,0,0.7680363143350378,8
0.01,percentile,geometric,entropy,HEVD,1,0.7680363143350378,8
0.01,percentile,geometric,entropy,HEVD,2,0.7680363143350378,8
0.01,percentile,geometric,entropy,HEVD,3,0.7680363143350378,8
0.01,percentile,geometric,entropy,HEVD,4,0.7680363143350378,8
0.01,percentile,geometric,entropy,HEVD,5,0.7680363143350378,8
0.01,percentile,geometric,entropy,HEVD,6,0.7680363143350378,8
0.01,percentile,geometric,entropy,HEVD,7,0.7680363143350378,8
0.01,percentile,geometric,entropy,HEVD,8,0.7680363143350378,8
0.01,percentile,geometric,entropy,HEVD,9,0.7680363143350378,8
0.01,percentile,geometric,entropy,HEVD,10,0.7680363143350378,8
0.01,percentile,geometric,entropy,HEVD,11,0.7680363143350378,8
0.01,percentile,geometric,entropy,HEVD,12,0.7680363143350378,8
0.01,percentile,geometric,entropy,HEVD,13,0.7680363143350378,8
0.01,percentile,geometric,entropy,HEVD,14,0.7680363143350378,8
0.01,percentile,geometric,entropy,HEVD,15,0.7680363143350378,8
0.01,percentile,geometric,entropy,HEVD,16,0.7680363143350378,8
0.01,percentile,geometric,entropy,HEVD,17,0.7680363143350378,8
0.01,percentile,geometric,entropy,HEVD,18,0.7680363143350378,8
0.01,percentile,geometric,entropy,HEVD,19,0.7680363143350378,8
0.01,percentile,geometric,entropy,HEVD,20,0.7680363143350378,8
0.01,percentile,geometric,entropy,HEVD,21,0.7680363143350378,8
0.01,percentile,geometric,entropy,HEVD,22,0.7680363143350378,8
0.01,percentile,geometric,entropy,HEVD,23,0.7680363143350378,8
0.01,percentile,geometric,entropy,HEVD,24,0.7680363143350378,8
0.01,percentile,geometric,entropy,HEVD,25,0.7680363143350378,8
0.01,percentile,geometric,entropy,HEVD,26,0.7680363143350378,8
0.01,percentile,geometric,entropy,HEVD,27,0.7680363143350378,8
0.01,percentile,geometric,entropy,HEVD,28,0.7680363143350378,8
0.01,percentile,geometric,entropy,HEVD,29,0.7680363143350378,8
0.01,percentile,geometric,entropy,HEVD,30,0.7680363143350378,8
0.01,percentile,geometric,entropy,HEVD,31,0.7680363143350378,8
0.01,percentile,geometric,entropy,HEVD,32,0.7680363143350378,8
0.01,percentile,geometric,entropy,HEVD,33,0.7680363143350378,8
0.01,percentile,geometric,entropy,HEVD,34,0.7680363143350378,8
0.01,percentile,geometric,entropy,HEVD,35,0.7680363143350378,8
0.01,percentile,geometric,entropy,HEVD,36,0.7680363143350378,8
0.01,percentile,geometric,entropy,HEVD,37,0.7680363143350378,8
0.01,percentile,geometric,entropy,HEVD,38,0.7680363143350378,8
0.01,percentile,geometric,entropy,HEVD,39,0.7680363143350378,8
0.01,percentile,geometric,entropy,HEV,0,0.6904083881254505,2
0.01,percentile,geometric,entropy,HEV,1,0.6904083881254505,2
0.01,percentile,geometric,entropy,HEV,2,0.6904083881254505,2
0.01,percentile,geometric,entropy,HEV,3,0.6904083881254505,2
0.01,percentile,geometric,entropy,HEV,4,0.6904083881254505,2
0.01,percentile,geometric,entropy,HEV,5,0.6904083881254505,2
0.01,percentile,geometric,entropy,HEV,6,0.6904083881254505,2
0.01,percentile,geometric,entropy,HEV,7,0.6904083881254505,2
0.01,percentile,geometric,entropy,HEV,8,0.6904083881254505,2
0.01,percentile,geometric,entropy,HEV,9,0.6904083881254505,2
0.01,percentile,geometric,entropy,HEV,10,0.6904083881254505,2
0.01,percentile,geometric,entropy,HEV,11,0.6904083881254505,2
0.01,percentile,geometric,entropy,HEV,12,0.6904083881254505,2
0.01,percentile,geometric,entropy,HEV,13,0.6904083881254505,2
0.01,percentile,geometric,entropy,HEV,14,0.6904083881254505,2
0.01,percentile,geometric,entropy,HEV,15,0.6904083881254505,2
0.01,percentile,geometric,entropy,HEV,16,0.6904083881254505,2
0.01,percentile,geometric,entropy,HEV,17,0.6904083881254505,2
0.01,percentile,geometric,entropy,HEV,18,0.6904083881254505,2
0.01,percentile,geometric,entropy,HEV,19,0.6904083881254505,2
0.01,percentile,geometric,entropy,HEV,20,0.6904083881254505,2
0.01,percentile,geometric,entropy,HEV,21,0.6904083881254505,2
0.01,percentile,geometric,entropy,HEV,22,0.6904083881254505,2
0.01,percentile,geometric,entropy,HEV,23,0.6904083881254505,2
0.01,percentile,geometric,entropy,HEV,24,0.6904083881254505,2
0.01,percentile,geometric,entropy,HEV,25,0.6904083881254505,2
0.01,percentile,geometric,entropy,HEV,26,0.6904083881254505,2
0.01,percentile,geometric,entropy,HEV,27,0.6904083881254505,2
0.01,percentile,geometric,entropy,HEV,28,0.6904083881254505,2
0.01,percentile,geometric,entropy,HEV,29,0.6904083881254505,2
0.01,percentile,geometric,entropy,HEV,30,0.6904083881254505,2
0.01,percentile,geometric,entropy,HEV,31,0.6904083881254505,2
0.01,percentile,geometric,entropy,HEV,32,0.6904083881254505,2
0.01,percentile,geometric,entropy,HEV,33,0.6904083881254505,2
0.01,percentile,geometric,entropy,HEV,34,0.6904083881254505,2
0.01,percentile,geometric,entropy,HEV,35,0.6904083881254505,2
0.01,percentile,geometric,entropy,HEV,36,0.6904083881254505,2
0.01,percentile,geometric,entropy,HEV,37,0.6904083881254505,2
0.01,percentile,geometric,entropy,HEV,38,0.6904083881254505,2
0.01,percentile,geometric,entropy,HEV,39,0.6904083881254505,2
0.01,percentile,geometric,dirichlet,HEVD,0,0.8299357100272579,10
0.01,percentile,geometric,dirichlet,HEVD,1,0.6378438425227075,5
0.01,percentile,geometric,dirichlet,HEVD,2,0.6532868797911922,4
0.01,percentile,geometric,dirichlet,HEVD,3,0.6826093153558223,1
0.01,percentile,geometric,dirichlet,HEVD,4,0.7512212960669411,11
0.01,percentile,geometric,dirichlet,HEVD,5,0.39905297879998586,2
0.01,percentile,geometric,dirichlet,HEVD,6,0.5887121749825205,3
0.01,percentile,geometric,dirichlet,HEVD,7,0.7631767645602736,3
0.01,percentile,geometric,dirichlet,HEVD,8,0.6486463290283878,7
0.01,percentile,geometric,dirichlet,HEVD,9,0.4976904896145749,5
0.01,percentile,geometric,dirichlet,HEVD,10,0.8378438452112675,7
0.01,percentile,geometric,dirichlet,HEVD,11,0.5726971093681881,5
0.01,percentile,geometric,dirichlet,HEVD,12,0.15256283288547987,1
0.01,percentile,geometric,dirichlet,HEVD,13,0.720405109703793,4
0.01,percentile,geometric,dirichlet,HEVD,14,0.34296252200775823,3
0.01,percentile,geometric,dirichlet,HEVD,15,0.37103082094975354,4
0.01,percentile,geometric,dirichlet,HEVD,16,0.2698184026534703,3
0.01,percentile,geometric,dirichlet,HEVD,17,0.860859838221112,11
0.01,percentile,geometric,dirichlet,HEVD,18,0.6996300362544201,8
0.01,percentile,geometric,dirichlet,HEVD,19,0.4740022465847373,4
0.01,percentile,geometric,dirichlet,HEVD,20,0.6440407954770317,4
0.01,percentile,geometric,dirichlet,HEVD,21,0.2109322533794374,2
0.01,percentile,geometric,dirichlet,HEVD,22,0.6663816691438738,7
0.01,percentile,geometric,dirichlet,HEVD,23,0.4731669596864267,4
0.01,percentile,geometric,dirichlet,HEVD,24,0.8029158409524514,6
0.01,percentile,geometric,dirichlet,HEVD,25,0.8163159817622877,11
0.01,percentile,geometric,dirichlet,HEVD,26,0.6826533223366822,7
0.01,percentile,geometric,dirichlet,HEVD,27,0.8297274016407782,10
0.01,percentile,geometric,dirichlet,HEVD,28,0.6459901609674499,4
0.01,percentile,geometric,dirichlet,HEVD,29,0.25326380493050527,3
0.01,percentile,geometric,dirichlet,HEVD,30,0.8543984241629077,9
0.01,percentile,geometric,dirichlet,HEVD,31,0.8386082136375203,9
0.01,percentile,geometric,dirichlet,HEVD,32,0.8674831630702645,12
0.01,percentile,geometric,dirichlet,HEVD,33,0.8418206135732668,10
0.01,percentile,geometric,dirichlet,HEVD,34,0.4866304735173054,2
0.01,percentile,geometric,dirichlet,HEVD,35,0.10503259255408644,1
0.01,percentile,geometric,dirichlet,HEVD,36,0.8625293510366869,11
0.01,percentile,geometric,dirichlet,HEVD,37,0.7333568223234251,4
0.01,percentile,geometric,dirichlet,HEVD,38,0.6307074378423857,1
0.01,percentile,geometric,dirichlet,HEVD,39,0.4416355189100728,1
0.01,percentile,geometric,dirichlet,HEV,0,0.7571816577745605,6
0.01,percentile,geometric,dirichlet,HEV,1,0.44622863563124593,2
0.01,percentile,geometric,dirichlet,HEV,2,0.6750081085671689,3
0.01,percentile,geometric,dirichlet,HEV,3,0.7620385918708757,4
0.01,percentile,geometric,dirichlet,HEV,4,0.5668622322266805,2
0.01,percentile,geometric,dirichlet,HEV,5,0.7592780145594855,2
0.01,percentile,geometric,dirichlet,HEV,6,0.36764509915616617,3
0.01,percentile,geometric,dirichlet,HEV,7,0.6613514962423763,3
0.01,percentile,geometric,dirichlet,HEV,8,0.800622644099915,5
0.01,percentile,geometric,dirichlet,HEV,9,0.3267901934435326,2
0.01,percentile,geometric,dirichlet,HEV,10,0.7707197319179362,3
0.01,percentile,geometric,dirichlet,HEV,11,0.751835662158391,2
0.01,percentile,geometric,dirichlet,HEV,12,0.6247907446328148,1
0.01,percentile,geometric,dirichlet,HEV,13,0.7858597817521696,4
0.01,percentile,geometric,dirichlet,HEV,14,0.5069909736462427,2
0.01,percentile,geometric,dirichlet,HEV,15,0.611419561897138,1
0.01,percentile,geometric,dirichlet,HEV,16,0.7328526044448799,1
0.01,percentile,geometric,dirichlet,HEV,17,0.7460323809876884,2
0.01,percentile,geometric,dirichlet,HEV,18,0.5179889967708332,2
0.01,percentile,geometric,dirichlet,HEV,19,0.5950066059575368,2
0.01,percentile,geometric,dirichlet,HEV,20,0.4370541666901168,2
0.01,percentile,geometric,dirichlet,HEV,21,0.5049945675774353,3
0.01,percentile,geometric,dirichlet,HEV,22,0.7455355413473216,2
0.01,percentile,geometric,dirichlet,HEV,23,0.764330857672481,4
0.01,percentile,geometric,dirichlet,HEV,24,0.8019770969765976,6
0.01,percentile,geometric,dirichlet,HEV,25,0.4667530233264628,2
0.01,percentile,geometric,dirichlet,HEV,26,0.791592721762288,7
0.01,percentile,geometric,dirichlet,HEV,27,0.7348319516738783,2
0.01,percentile,geometric,dirichlet,HEV,28,0.6653244536750968,2
0.01,percentile,geometric,dirichlet,HEV,29,0.3316012664131844,3
0.01,percentile,geometric,dirichlet,HEV,30,0.6138752431226937,1
0.01,percentile,geometric,dirichlet,HEV,31,0.7287509894592826,6
0.01,percentile,geometric,dirichlet,HEV,32,0.4576314049882405,1
0.01,percentile,geometric,dirichlet,HEV,33,0.7751196746530523,3
0.01,percentile,geometric,dirichlet,HEV,34,0.6604792236523807,2
0.01,percentile,geometric,dirichlet,HEV,35,0.8000436946501993,6
0.01,percentile,geometric,dirichlet,HEV,36,0.6563136814565614,3
0.01,percentile,geometric,dirichlet,HEV,37,0.6956427748461534,2
0.01,percentile,geometric,dirichlet,HEV,38,0.6432352416000728,3
0.01,percentile,geometric,dirichlet,HEV,39,0.7679495919783412,4
0.01,percentile,additive,equal,HEVD,0,0.8379386902205509,10
0.01,percentile,additive,equal,HEVD,1,0.8379386902205509,10
0.01,percentile,additive,equal,HEVD,2,0.8379386902205509,10
0.01,percentile,additive,equal,HEVD,3,0.8379386902205509,10
0.01,percentile,additive,equal,HEVD,4,0.8379386902205509,10
0.01,percentile,additive,equal,HEVD,5,0.8379386902205509,10
0.01,percentile,additive,equal,HEVD,6,0.8379386902205509,10
0.01,percentile,additive,equal,HEVD,7,0.8379386902205509,10
0.01,percentile,additive,equal,HEVD,8,0.8379386902205509,10
0.01,percentile,additive,equal,HEVD,9,0.8379386902205509,10
0.01,percentile,additive,equal,HEVD,10,0.8379386902205509,10
0.01,percentile,additive,equal,HEVD,11,0.8379386902205509,10
0.01,percentile,additive,equal,HEVD,12,0.8379386902205509,10
0.01,percentile,additive,equal,HEVD,13,0.8379386902205509,10
0.01,percentile,additive,equal,HEVD,14,0.8379386902205509,10
0.01,percentile,additive,equal,HEVD,15,0.8379386902205509,10
0.01,percentile,additive,equal,HEVD,16,0.8379386902205509,10
0.01,percentile,additive,equal,HEVD,17,0.8379386902205509,10
0.01,percentile,additive,equal,HEVD,18,0.8379386902205509,10
0.01,percentile,additive,equal,HEVD,19,0.8379386902205509,10
0.01,percentile,additive,equal,HEVD,20,0.8379386902205509,10
0.01,percentile,additive,equal,HEVD,21,0.8379386902205509,10
0.01,percentile,additive,equal,HEVD,22,0.8379386902205509,10
0.01,percentile,additive,equal,HEVD,23,0.8379386902205509,10
0.01,percentile,additive,equal,HEVD,24,0.8379386902205509,10
0.01,percentile,additive,equal,HEVD,25,0.8379386902205509,10
0.01,percentile,additive,equal,HEVD,26,0.8379386902205509,10
0.01,percentile,additive,equal,HEVD,27,0.8379386902205509,10
0.01,percentile,additive,equal,HEVD,28,0.8379386902205509,10
0.01,percentile,additive,equal,HEVD,29,0.8379386902205509,10
0.01,percentile,additive,equal,HEVD,30,0.8379386902205509,10
0.01,percentile,additive,equal,HEVD,31,0.8379386902205509,10
0.01,percentile,additive,equal,HEVD,32,0.8379386902205509,10
0.01,percentile,additive,equal,HEVD,33,0.8379386902205509,10
0.01,percentile,additive,equal,HEVD,34,0.8379386902205509,10
0.01,percentile,additive,equal,HEVD,35,0.8379386902205509,10
0.01,percentile,additive,equal,HEVD,36,0.8379386902205509,10
0.01,percentile,additive,equal,HEVD,37,0.8379386902205509,10
0.01,percentile,additive,equal,HEVD,38,0.8379386902205509,10
0.01,percentile,additive,equal,HEVD,39,0.8379386902205509,10
0.01,percentile,additive,equal,HEV,0,0.7941450331712224,2
0.01,percentile,additive,equal,HEV,1,0.7941450331712224,2
0.01,percentile,additive,equal,HEV,2,0.7941450331712224,2
0.01,percentile,additive,equal,HEV,3,0.7941450331712224,2
0.01,percentile,additive,equal,HEV,4,0.7941450331712224,2
0.01,percentile,additive,equal,HEV,5,0.7941450331712224,2
0.01,percentile,additive,equal,HEV,6,0.7941450331712224,2
0.01,percentile,additive,equal,HEV,7,0.7941450331712224,2
0.01,percentile,additive,equal,HEV,8,0.7941450331712224,2
0.01,percentile,additive,equal,HEV,9,0.7941450331712224,2
0.01,percentile,additive,equal,HEV,10,0.7941450331712224,2
0.01,percentile,additive,equal,HEV,11,0.7941450331712224,2
0.01,percentile,additive,equal,HEV,12,0.7941450331712224,2
0.01,percentile,additive,equal,HEV,13,0.7941450331712224,2
0.01,percentile,additive,equal,HEV,14,0.7941450331712224,2
0.01,percentile,additive,equal,HEV,15,0.7941450331712224,2
0.01,percentile,additive,equal,HEV,16,0.7941450331712224,2
0.01,percentile,additive,equal,HEV,17,0.7941450331712224,2
0.01,percentile,additive,equal,HEV,18,0.7941450331712224,2
0.01,percentile,additive,equal,HEV,19,0.7941450331712224,2
0.01,percentile,additive,equal,HEV,20,0.7941450331712224,2
0.01,percentile,additive,equal,HEV,21,0.7941450331712224,2
0.01,percentile,additive,equal,HEV,22,0.7941450331712224,2
0.01,percentile,additive,equal,HEV,23,0.7941450331712224,2
0.01,percentile,additive,equal,HEV,24,0.7941450331712224,2
0.01,percentile,additive,equal,HEV,25,0.7941450331712224,2
0.01,percentile,additive,equal,HEV,26,0.7941450331712224,2
0.01,percentile,additive,equal,HEV,27,0.7941450331712224,2
0.01,percentile,additive,equal,HEV,28,0.7941450331712224,2
0.01,percentile,additive,equal,HEV,29,0.7941450331712224,2
0.01,percentile,additive,equal,HEV,30,0.7941450331712224,2
0.01,percentile,additive,equal,HEV,31,0.7941450331712224,2
0.01,percentile,additive,equal,HEV,32,0.7941450331712224,2
0.01,percentile,additive,equal,HEV,33,0.7941450331712224,2
0.01,percentile,additive,equal,HEV,34,0.7941450331712224,2
0.01,percentile,additive,equal,HEV,35,0.7941450331712224,2
0.01,percentile,additive,equal,HEV,36,0.7941450331712224,2
0.01,percentile,additive,equal,HEV,37,0.7941450331712224,2
0.01,percentile,additive,equal,HEV,38,0.7941450331712224,2
0.01,percentile,additive,equal,HEV,39,0.7941450331712224,2
0.01,percentile,additive,entropy,HEVD,0,0.8297953859321308,10
0.01,percentile,additive,entropy,HEVD,1,0.8297953859321308,10
0.01,percentile,additive,entropy,HEVD,2,0.8297953859321308,10
0.01,percentile,additive,entropy,HEVD,3,0.8297953859321308,10
0.01,percentile,additive,entropy,HEVD,4,0.8297953859321308,10
0.01,percentile,additive,entropy,HEVD,5,0.8297953859321308,10
0.01,percentile,additive,entropy,HEVD,6,0.8297953859321308,10
0.01,percentile,additive,entropy,HEVD,7,0.8297953859321308,10
0.01,percentile,additive,entropy,HEVD,8,0.8297953859321308,10
0.01,percentile,additive,entropy,HEVD,9,0.8297953859321308,10
0.01,percentile,additive,entropy,HEVD,10,0.8297953859321308,10
0.01,percentile,additive,entropy,HEVD,11,0.8297953859321308,10
0.01,percentile,additive,entropy,HEVD,12,0.8297953859321308,10
0.01,percentile,additive,entropy,HEVD,13,0.8297953859321308,10
0.01,percentile,additive,entropy,HEVD,14,0.8297953859321308,10
0.01,percentile,additive,entropy,HEVD,15,0.8297953859321308,10
0.01,percentile,additive,entropy,HEVD,16,0.8297953859321308,10
0.01,percentile,additive,entropy,HEVD,17,0.8297953859321308,10
0.01,percentile,additive,entropy,HEVD,18,0.8297953859321308,10
0.01,percentile,additive,entropy,HEVD,19,0.8297953859321308,10
0.01,percentile,additive,entropy,HEVD,20,0.8297953859321308,10
0.01,percentile,additive,entropy,HEVD,21,0.8297953859321308,10
0.01,percentile,additive,entropy,HEVD,22,0.8297953859321308,10
0.01,percentile,additive,entropy,HEVD,23,0.8297953859321308,10
0.01,percentile,additive,entropy,HEVD,24,0.8297953859321308,10
0.01,percentile,additive,entropy,HEVD,25,0.8297953859321308,10
0.01,percentile,additive,entropy,HEVD,26,0.8297953859321308,10
0.01,percentile,additive,entropy,HEVD,27,0.8297953859321308,10
0.01,percentile,additive,entropy,HEVD,28,0.8297953859321308,10
0.01,percentile,additive,entropy,HEVD,29,0.8297953859321308,10
0.01,percentile,additive,entropy,HEVD,30,0.8297953859321308,10
0.01,percentile,additive,entropy,HEVD,31,0.8297953859321308,10
0.01,percentile,additive,entropy,HEVD,32,0.8297953859321308,10
0.01,percentile,additive,entropy,HEVD,33,0.8297953859321308,10
0.01,percentile,additive,entropy,HEVD,34,0.8297953859321308,10
0.01,percentile,additive,entropy,HEVD,35,0.8297953859321308,10
0.01,percentile,additive,entropy,HEVD,36,0.8297953859321308,10
0.01,percentile,additive,entropy,HEVD,37,0.8297953859321308,10
0.01,percentile,additive,entropy,HEVD,38,0.8297953859321308,10
0.01,percentile,additive,entropy,HEVD,39,0.8297953859321308,10
0.01,percentile,additive,entropy,HEV,0,0.78964647711481,2
0.01,percentile,additive,entropy,HEV,1,0.78964647711481,2
0.01,percentile,additive,entropy,HEV,2,0.78964647711481,2
0.01,percentile,additive,entropy,HEV,3,0.78964647711481,2
0.01,percentile,additive,entropy,HEV,4,0.78964647711481,2
0.01,percentile,additive,entropy,HEV,5,0.78964647711481,2
0.01,percentile,additive,entropy,HEV,6,0.78964647711481,2
0.01,percentile,additive,entropy,HEV,7,0.78964647711481,2
0.01,percentile,additive,entropy,HEV,8,0.78964647711481,2
0.01,percentile,additive,entropy,HEV,9,0.78964647711481,2
0.01,percentile,additive,entropy,HEV,10,0.78964647711481,2
0.01,percentile,additive,entropy,HEV,11,0.78964647711481,2
0.01,percentile,additive,entropy,HEV,12,0.78964647711481,2
0.01,percentile,additive,entropy,HEV,13,0.78964647711481,2
0.01,percentile,additive,entropy,HEV,14,0.78964647711481,2
0.01,percentile,additive,entropy,HEV,15,0.78964647711481,2
0.01,percentile,additive,entropy,HEV,16,0.78964647711481,2
0.01,percentile,additive,entropy,HEV,17,0.78964647711481,2
0.01,percentile,additive,entropy,HEV,18,0.78964647711481,2
0.01,percentile,additive,entropy,HEV,19,0.78964647711481,2
0.01,percentile,additive,entropy,HEV,20,0.78964647711481,2
0.01,percentile,additive,entropy,HEV,21,0.78964647711481,2
0.01,percentile,additive,entropy,HEV,22,0.78964647711481,2
0.01,percentile,additive,entropy,HEV,23,0.78964647711481,2
0.01,percentile,additive,entropy,HEV,24,0.78964647711481,2
0.01,percentile,additive,entropy,HEV,25,0.78964647711481,2
0.01,percentile,additive,entropy,HEV,26,0.78964647711481,2
0.01,percentile,additive,entropy,HEV,27,0.78964647711481,2
0.01,percentile,additive,entropy,HEV,28,0.78964647711481,2
0.01,percentile,additive,entropy,HEV,29,0.78964647711481,2
0.01,percentile,additive,entropy,HEV,30,0.78964647711481,2
0.01,percentile,additive,entropy,HEV,31,0.78964647711481,2
0.01,percentile,additive,entropy,HEV,32,0.78964647711481,2
0.01,percentile,additive,entropy,HEV,33,0.78964647711481,2
0.01,percentile,additive,entropy,HEV,34,0.78964647711481,2
0.01,percentile,additive,entropy,HEV,35,0.78964647711481,2
0.01,percentile,additive,entropy,HEV,36,0.78964647711481,2
0.01,percentile,additive,entropy,HEV,37,0.78964647711481,2
0.01,percentile,additive,entropy,HEV,38,0.78964647711481,2
0.01,percentile,additive,entropy,HEV,39,0.78964647711481,2
0.01,percentile,additive,dirichlet,HEVD,0,0.8779590517365781,13
0.01,percentile,additive,dirichlet,HEVD,1,0.5968143596467254,6
0.01,percentile,additive,dirichlet,HEVD,2,0.5776256648158796,4
0.01,percentile,additive,dirichlet,HEVD,3,0.7048581421983261,7
0.01,percentile,additive,dirichlet,HEVD,4,0.8768800836813857,12
0.01,percentile,additive,dirichlet,HEVD,5,0.5362845296349807,4
0.01,percentile,additive,dirichlet,HEVD,6,0.6446433429231241,2
0.01,percentile,additive,dirichlet,HEVD,7,0.807197960398665,4
0.01,percentile,additive,dirichlet,HEVD,8,0.6832311230739881,4
0.01,percentile,additive,dirichlet,HEVD,9,0.8993883231358974,8
0.01,percentile,additive,dirichlet,HEVD,10,0.7086516498793,6
0.01,percentile,additive,dirichlet,HEVD,11,0.7550317372119996,3
0.01,percentile,additive,dirichlet,HEVD,12,0.8118372703102207,2
0.01,percentile,additive,dirichlet,HEVD,13,0.8171366201108834,3
0.01,percentile,additive,dirichlet,HEVD,14,0.47331988279868886,2
0.01,percentile,additive,dirichlet,HEVD,15,0.829943046925577,5
0.01,percentile,additive,dirichlet,HEVD,16,0.7465003287338347,2
0.01,percentile,additive,dirichlet,HEVD,17,0.7541691972318442,4
0.01,percentile,additive,dirichlet,HEVD,18,0.6869274354003605,4
0.01,percentile,additive,dirichlet,HEVD,19,0.5641358428093816,5
0.01,percentile,additive,dirichlet,HEVD,20,0.8226930141835849,9
0.01,percentile,additive,dirichlet,HEVD,21,0.11746898347452252,2
0.01,percentile,additive,dirichlet,HEVD,22,0.8258662495526143,2
0.01,percentile,additive,dirichlet,HEVD,23,0.5093451513003768,3
0.01,percentile,additive,dirichlet,HEVD,24,0.4112307903698968,3
0.01,percentile,additive,dirichlet,HEVD,25,0.9176478340989224,12
0.01,percentile,additive,dirichlet,HEVD,26,0.8854965950515583,9
0.01,percentile,additive,dirichlet,HEVD,27,0.28103432790500144,3
0.01,percentile,additive,dirichlet,HEVD,28,-0.0032007260194504322,0
0.01,percentile,additive,dirichlet,HEVD,29,0.9423369638071439,13
0.01,percentile,additive,dirichlet,HEVD,30,0.34583400234047323,2
0.01,percentile,additive,dirichlet,HEVD,31,0.8729288949393178,11
0.01,percentile,additive,dirichlet,HEVD,32,0.847035472284716,7
0.01,percentile,additive,dirichlet,HEVD,33,0.7125687225239213,2
0.01,percentile,additive,dirichlet,HEVD,34,0.9122614679403498,10
0.01,percentile,additive,dirichlet,HEVD,35,0.6736503145415822,4
0.01,percentile,additive,dirichlet,HEVD,36,0.35201885105633335,3
0.01,percentile,additive,dirichlet,HEVD,37,0.6197108591266012,5
0.01,percentile,additive,dirichlet,HEVD,38,0.6685443520487874,3
0.01,percentile,additive,dirichlet,HEVD,39,0.6233999836629385,6
0.01,percentile,additive,dirichlet,HEV,0,0.7410421523579133,2
0.01,percentile,additive,dirichlet,HEV,1,0.7239550580550264,2
0.01,percentile,additive,dirichlet,HEV,2,0.7732587487056606,2
0.01,percentile,additive,dirichlet,HEV,3,0.7401965791465351,3
0.01,percentile,additive,dirichlet,HEV,4,0.33784622768058553,3
0.01,percentile,additive,dirichlet,HEV,5,0.8088745112744237,4
0.01,percentile,additive,dirichlet,HEV,6,0.648744010278902,1
0.01,percentile,additive,dirichlet,HEV,7,0.8111935488276534,2
0.01,percentile,additive,dirichlet,HEV,8,0.22857267420583738,2
0.01,percentile,additive,dirichlet,HEV,9,0.823264452424979,6
0.01,percentile,additive,dirichlet,HEV,10,0.664888709803629,1
0.01,percentile,additive,dirichlet,HEV,11,0.7971113945469568,2
0.01,percentile,additive,dirichlet,HEV,12,0.21934687982911877,3
0.01,percentile,additive,dirichlet,HEV,13,0.7072738829493693,4
0.01,percentile,additive,dirichlet,HEV,14,0.7255603176315111,5
0.01,percentile,additive,dirichlet,HEV,15,0.7692739270158625,2
0.01,percentile,additive,dirichlet,HEV,16,0.7763126966111498,3
0.01,percentile,additive,dirichlet,HEV,17,0.7659690646308451,5
0.01,percentile,additive,dirichlet,HEV,18,0.40714585485348626,3
0.01,percentile,additive,dirichlet,HEV,19,0.8362683872658352,4
0.01,percentile,additive,dirichlet,HEV,20,0.8360092026785243,2
0.01,percentile,additive,dirichlet,HEV,21,0.7813468626175768,2
0.01,percentile,additive,dirichlet,HEV,22,0.7250526947521742,2
0.01,percentile,additive,dirichlet,HEV,23,0.789858731853076,6
0.01,percentile,additive,dirichlet,HEV,24,0.8122768980603361,7
0.01,percentile,additive,dirichlet,HEV,25,0.477012935446645,2
0.01,percentile,additive,dirichlet,HEV,26,0.8309385278353495,3
0.01,percentile,additive,dirichlet,HEV,27,0.8376870600204094,3
0.01,percentile,additive,dirichlet,HEV,28,0.2963052670794505,2
0.01,percentile,additive,dirichlet,HEV,29,0.6210846349745205,1
0.01,percentile,additive,dirichlet,HEV,30,0.8280472537226123,4
0.01,percentile,additive,dirichlet,HEV,31,0.6950510853400891,1
0.01,percentile,additive,dirichlet,HEV,32,0.09786015553031557,2
0.01,percentile,additive,dirichlet,HEV,33,0.37751633686918556,2
0.01,percentile,additive,dirichlet,HEV,34,0.7385728872704888,5
0.01,percentile,additive,dirichlet,HEV,35,0.6844014545009958,1
0.01,percentile,additive,dirichlet,HEV,36,0.8350311079370688,3
0.01,percentile,additive,dirichlet,HEV,37,0.8331284100509074,4
0.01,percentile,additive,dirichlet,HEV,38,0.7608506482172664,2
0.01,percentile,additive,dirichlet,HEV,39,0.7210667276047172,4
0.05,minmax,geometric,equal,HEVD,0,1.0,20
0.05,minmax,geometric,equal,HEVD,1,1.0,20
0.05,minmax,geometric,equal,HEVD,2,1.0,20
0.05,minmax,geometric,equal,HEVD,3,1.0,20
0.05,minmax,geometric,equal,HEVD,4,1.0,20
0.05,minmax,geometric,equal,HEVD,5,1.0,20
0.05,minmax,geometric,equal,HEVD,6,1.0,20
0.05,minmax,geometric,equal,HEVD,7,1.0,20
0.05,minmax,geometric,equal,HEVD,8,1.0,20
0.05,minmax,geometric,equal,HEVD,9,1.0,20
0.05,minmax,geometric,equal,HEVD,10,1.0,20
0.05,minmax,geometric,equal,HEVD,11,1.0,20
0.05,minmax,geometric,equal,HEVD,12,1.0,20
0.05,minmax,geometric,equal,HEVD,13,1.0,20
0.05,minmax,geometric,equal,HEVD,14,1.0,20
0.05,minmax,geometric,equal,HEVD,15,1.0,20
0.05,minmax,geometric,equal,HEVD,16,1.0,20
0.05,minmax,geometric,equal,HEVD,17,1.0,20
0.05,minmax,geometric,equal,HEVD,18,1.0,20
0.05,minmax,geometric,equal,HEVD,19,1.0,20
0.05,minmax,geometric,equal,HEVD,20,1.0,20
0.05,minmax,geometric,equal,HEVD,21,1.0,20
0.05,minmax,geometric,equal,HEVD,22,1.0,20
0.05,minmax,geometric,equal,HEVD,23,1.0,20
0.05,minmax,geometric,equal,HEVD,24,1.0,20
0.05,minmax,geometric,equal,HEVD,25,1.0,20
0.05,minmax,geometric,equal,HEVD,26,1.0,20
0.05,minmax,geometric,equal,HEVD,27,1.0,20
0.05,minmax,geometric,equal,HEVD,28,1.0,20
0.05,minmax,geometric,equal,HEVD,29,1.0,20
0.05,minmax,geometric,equal,HEVD,30,1.0,20
0.05,minmax,geometric,equal,HEVD,31,1.0,20
0.05,minmax,geometric,equal,HEVD,32,1.0,20
0.05,minmax,geometric,equal,HEVD,33,1.0,20
0.05,minmax,geometric,equal,HEVD,34,1.0,20
0.05,minmax,geometric,equal,HEVD,35,1.0,20
0.05,minmax,geometric,equal,HEVD,36,1.0,20
0.05,minmax,geometric,equal,HEVD,37,1.0,20
0.05,minmax,geometric,equal,HEVD,38,1.0,20
0.05,minmax,geometric,equal,HEVD,39,1.0,20
0.05,minmax,geometric,equal,HEV,0,0.8786862337501944,8
0.05,minmax,geometric,equal,HEV,1,0.8786862337501944,8
0.05,minmax,geometric,equal,HEV,2,0.8786862337501944,8
0.05,minmax,geometric,equal,HEV,3,0.8786862337501944,8
0.05,minmax,geometric,equal,HEV,4,0.8786862337501944,8
0.05,minmax,geometric,equal,HEV,5,0.8786862337501944,8
0.05,minmax,geometric,equal,HEV,6,0.8786862337501944,8
0.05,minmax,geometric,equal,HEV,7,0.8786862337501944,8
0.05,minmax,geometric,equal,HEV,8,0.8786862337501944,8
0.05,minmax,geometric,equal,HEV,9,0.8786862337501944,8
0.05,minmax,geometric,equal,HEV,10,0.8786862337501944,8
0.05,minmax,geometric,equal,HEV,11,0.8786862337501944,8
0.05,minmax,geometric,equal,HEV,12,0.8786862337501944,8
0.05,minmax,geometric,equal,HEV,13,0.8786862337501944,8
0.05,minmax,geometric,equal,HEV,14,0.8786862337501944,8
0.05,minmax,geometric,equal,HEV,15,0.8786862337501944,8
0.05,minmax,geometric,equal,HEV,16,0.8786862337501944,8
0.05,minmax,geometric,equal,HEV,17,0.8786862337501944,8
0.05,minmax,geometric,equal,HEV,18,0.8786862337501944,8
0.05,minmax,geometric,equal,HEV,19,0.8786862337501944,8
0.05,minmax,geometric,equal,HEV,20,0.8786862337501944,8
0.05,minmax,geometric,equal,HEV,21,0.8786862337501944,8
0.05,minmax,geometric,equal,HEV,22,0.8786862337501944,8
0.05,minmax,geometric,equal,HEV,23,0.8786862337501944,8
0.05,minmax,geometric,equal,HEV,24,0.8786862337501944,8
0.05,minmax,geometric,equal,HEV,25,0.8786862337501944,8
0.05,minmax,geometric,equal,HEV,26,0.8786862337501944,8
0.05,minmax,geometric,equal,HEV,27,0.8786862337501944,8
0.05,minmax,geometric,equal,HEV,28,0.8786862337501944,8
0.05,minmax,geometric,equal,HEV,29,0.8786862337501944,8
0.05,minmax,geometric,equal,HEV,30,0.8786862337501944,8
0.05,minmax,geometric,equal,HEV,31,0.8786862337501944,8
0.05,minmax,geometric,equal,HEV,32,0.8786862337501944,8
0.05,minmax,geometric,equal,HEV,33,0.8786862337501944,8
0.05,minmax,geometric,equal,HEV,34,0.8786862337501944,8
0.05,minmax,geometric,equal,HEV,35,0.8786862337501944,8
0.05,minmax,geometric,equal,HEV,36,0.8786862337501944,8
0.05,minmax,geometric,equal,HEV,37,0.8786862337501944,8
0.05,minmax,geometric,equal,HEV,38,0.8786862337501944,8
0.05,minmax,geometric,equal,HEV,39,0.8786862337501944,8
0.05,minmax,geometric,entropy,HEVD,0,0.847729125886878,12
0.05,minmax,geometric,entropy,HEVD,1,0.847729125886878,12
0.05,minmax,geometric,entropy,HEVD,2,0.847729125886878,12
0.05,minmax,geometric,entropy,HEVD,3,0.847729125886878,12
0.05,minmax,geometric,entropy,HEVD,4,0.847729125886878,12
0.05,minmax,geometric,entropy,HEVD,5,0.847729125886878,12
0.05,minmax,geometric,entropy,HEVD,6,0.847729125886878,12
0.05,minmax,geometric,entropy,HEVD,7,0.847729125886878,12
0.05,minmax,geometric,entropy,HEVD,8,0.847729125886878,12
0.05,minmax,geometric,entropy,HEVD,9,0.847729125886878,12
0.05,minmax,geometric,entropy,HEVD,10,0.847729125886878,12
0.05,minmax,geometric,entropy,HEVD,11,0.847729125886878,12
0.05,minmax,geometric,entropy,HEVD,12,0.847729125886878,12
0.05,minmax,geometric,entropy,HEVD,13,0.847729125886878,12
0.05,minmax,geometric,entropy,HEVD,14,0.847729125886878,12
0.05,minmax,geometric,entropy,HEVD,15,0.847729125886878,12
0.05,minmax,geometric,entropy,HEVD,16,0.847729125886878,12
0.05,minmax,geometric,entropy,HEVD,17,0.847729125886878,12
0.05,minmax,geometric,entropy,HEVD,18,0.847729125886878,12
0.05,minmax,geometric,entropy,HEVD,19,0.847729125886878,12
0.05,minmax,geometric,entropy,HEVD,20,0.847729125886878,12
0.05,minmax,geometric,entropy,HEVD,21,0.847729125886878,12
0.05,minmax,geometric,entropy,HEVD,22,0.847729125886878,12
0.05,minmax,geometric,entropy,HEVD,23,0.847729125886878,12
0.05,minmax,geometric,entropy,HEVD,24,0.847729125886878,12
0.05,minmax,geometric,entropy,HEVD,25,0.847729125886878,12
0.05,minmax,geometric,entropy,HEVD,26,0.847729125886878,12
0.05,minmax,geometric,entropy,HEVD,27,0.847729125886878,12
0.05,minmax,geometric,entropy,HEVD,28,0.847729125886878,12
0.05,minmax,geometric,entropy,HEVD,29,0.847729125886878,12
0.05,minmax,geometric,entropy,HEVD,30,0.847729125886878,12
0.05,minmax,geometric,entropy,HEVD,31,0.847729125886878,12
0.05,minmax,geometric,entropy,HEVD,32,0.847729125886878,12
0.05,minmax,geometric,entropy,HEVD,33,0.847729125886878,12
0.05,minmax,geometric,entropy,HEVD,34,0.847729125886878,12
0.05,minmax,geometric,entropy,HEVD,35,0.847729125886878,12
0.05,minmax,geometric,entropy,HEVD,36,0.847729125886878,12
0.05,minmax,geometric,entropy,HEVD,37,0.847729125886878,12
0.05,minmax,geometric,entropy,HEVD,38,0.847729125886878,12
0.05,minmax,geometric,entropy,HEVD,39,0.847729125886878,12
0.05,minmax,geometric,entropy,HEV,0,0.7801412265213133,7
0.05,minmax,geometric,entropy,HEV,1,0.7801412265213133,7
0.05,minmax,geometric,entropy,HEV,2,0.7801412265213133,7
0.05,minmax,geometric,entropy,HEV,3,0.7801412265213133,7
0.05,minmax,geometric,entropy,HEV,4,0.7801412265213133,7
0.05,minmax,geometric,entropy,HEV,5,0.7801412265213133,7
0.05,minmax,geometric,entropy,HEV,6,0.7801412265213133,7
0.05,minmax,geometric,entropy,HEV,7,0.7801412265213133,7
0.05,minmax,geometric,entropy,HEV,8,0.7801412265213133,7
0.05,minmax,geometric,entropy,HEV,9,0.7801412265213133,7
0.05,minmax,geometric,entropy,HEV,10,0.7801412265213133,7
0.05,minmax,geometric,entropy,HEV,11,0.7801412265213133,7
0.05,minmax,geometric,entropy,HEV,12,0.7801412265213133,7
0.05,minmax,geometric,entropy,HEV,13,0.7801412265213133,7
0.05,minmax,geometric,entropy,HEV,14,0.7801412265213133,7
0.05,minmax,geometric,entropy,HEV,15,0.7801412265213133,7
0.05,minmax,geometric,entropy,HEV,16,0.7801412265213133,7
0.05,minmax,geometric,entropy,HEV,17,0.7801412265213133,7
0.05,minmax,geometric,entropy,HEV,18,0.7801412265213133,7
0.05,minmax,geometric,entropy,HEV,19,0.7801412265213133,7
0.05,minmax,geometric,entropy,HEV,20,0.7801412265213133,7
0.05,minmax,geometric,entropy,HEV,21,0.7801412265213133,7
0.05,minmax,geometric,entropy,HEV,22,0.7801412265213133,7
0.05,minmax,geometric,entropy,HEV,23,0.7801412265213133,7
0.05,minmax,geometric,entropy,HEV,24,0.7801412265213133,7
0.05,minmax,geometric,entropy,HEV,25,0.7801412265213133,7
0.05,minmax,geometric,entropy,HEV,26,0.7801412265213133,7
0.05,minmax,geometric,entropy,HEV,27,0.7801412265213133,7
0.05,minmax,geometric,entropy,HEV,28,0.7801412265213133,7
0.05,minmax,geometric,entropy,HEV,29,0.7801412265213133,7
0.05,minmax,geometric,entropy,HEV,30,0.7801412265213133,7
0.05,minmax,geometric,entropy,HEV,31,0.7801412265213133,7
0.05,minmax,geometric,entropy,HEV,32,0.7801412265213133,7
0.05,minmax,geometric,entropy,HEV,33,0.7801412265213133,7
0.05,minmax,geometric,entropy,HEV,34,0.7801412265213133,7
0.05,minmax,geometric,entropy,HEV,35,0.7801412265213133,7
0.05,minmax,geometric,entropy,HEV,36,0.7801412265213133,7
0.05,minmax,geometric,entropy,HEV,37,0.7801412265213133,7
0.05,minmax,geometric,entropy,HEV,38,0.7801412265213133,7
0.05,minmax,geometric,entropy,HEV,39,0.7801412265213133,7
0.05,minmax,geometric,dirichlet,HEVD,0,0.9243022129124142,7
0.05,minmax,geometric,dirichlet,HEVD,1,0.9439224934554942,5
0.05,minmax,geometric,dirichlet,HEVD,2,0.8761367920738545,6
0.05,minmax,geometric,dirichlet,HEVD,3,0.9198945468450952,13
0.05,minmax,geometric,dirichlet,HEVD,4,0.941751663705194,7
0.05,minmax,geometric,dirichlet,HEVD,5,0.9282621962292384,14
0.05,minmax,geometric,dirichlet,HEVD,6,0.901677992618042,4
0.05,minmax,geometric,dirichlet,HEVD,7,0.9669518404039057,12
0.05,minmax,geometric,dirichlet,HEVD,8,0.7468607563090587,6
0.05,minmax,geometric,dirichlet,HEVD,9,0.9783694403958564,14
0.05,minmax,geometric,dirichlet,HEVD,10,0.929128867200497,9
0.05,minmax,geometric,dirichlet,HEVD,11,0.916876238893429,10
0.05,minmax,geometric,dirichlet,HEVD,12,0.9116364085676332,1
0.05,minmax,geometric,dirichlet,HEVD,13,0.7410109411710143,8
0.05,minmax,geometric,dirichlet,HEVD,14,0.6236459838864742,10
0.05,minmax,geometric,dirichlet,HEVD,15,0.8732873093944897,8
0.05,minmax,geometric,dirichlet,HEVD,16,0.6437536784350932,1
0.05,minmax,geometric,dirichlet,HEVD,17,0.5845765739991101,4
0.05,minmax,geometric,dirichlet,HEVD,18,0.8202080575343378,2
0.05,minmax,geometric,dirichlet,HEVD,19,0.9702154934474397,10
0.05,minmax,geometric,dirichlet,HEVD,20,0.9898651056942817,17
0.05,minmax,geometric,dirichlet,HEVD,21,0.8972751337841713,4
0.05,minmax,geometric,dirichlet,HEVD,22,0.9503579891397266,11
0.05,minmax,geometric,dirichlet,HEVD,23,0.9002207712922976,7
0.05,minmax,geometric,dirichlet,HEVD,24,0.6913355273993241,1
0.05,minmax,geometric,dirichlet,HEVD,25,0.705269274500985,5
0.05,minmax,geometric,dirichlet,HEVD,26,0.9553359720849801,12
0.05,minmax,geometric,dirichlet,HEVD,27,0.7219074035119313,6
0.05,minmax,geometric,dirichlet,HEVD,28,0.9882610428377852,15
0.05,minmax,geometric,dirichlet,HEVD,29,0.9654998532264603,12
0.05,minmax,geometric,dirichlet,HEVD,30,0.8593589723106986,14
0.05,minmax,geometric,dirichlet,HEVD,31,0.6057452292291962,1
0.05,minmax,geometric,dirichlet,HEVD,32,0.9028762012819209,12
0.05,minmax,geometric,dirichlet,HEVD,33,0.8934412287317001,14
0.05,minmax,geometric,dirichlet,HEVD,34,0.9380223821516858,10
0.05,minmax,geometric,dirichlet,HEVD,35,0.9449348154757893,12
0.05,minmax,geometric,dirichlet,HEVD,36,0.8909254176185332,5
0.05,minmax,geometric,dirichlet,HEVD,37,0.9070546272290889,9
0.05,minmax,geometric,dirichlet,HEVD,38,0.9190240293683207,14
0.05,minmax,geometric,dirichlet,HEVD,39,0.8370865064822964,12
0.05,minmax,geometric,dirichlet,HEV,0,0.8287920292932164,7
0.05,minmax,geometric,dirichlet,HEV,1,0.7976510352264007,3
0.05,minmax,geometric,dirichlet,HEV,2,0.6530354351827798,4
0.05,minmax,geometric,dirichlet,HEV,3,0.8649595497649879,9
0.05,minmax,geometric,dirichlet,HEV,4,0.7956116557523235,6
0.05,minmax,geometric,dirichlet,HEV,5,0.8303202785772287,8
0.05,minmax,geometric,dirichlet,HEV,6,0.8658722869122284,7
0.05,minmax,geometric,dirichlet,HEV,7,0.863568647394259,8
0.05,minmax,geometric,dirichlet,HEV,8,0.8018822820316669,8
0.05,minmax,geometric,dirichlet,HEV,9,0.8608043882361142,7
0.05,minmax,geometric,dirichlet,HEV,10,0.8341697358248894,6
0.05,minmax,geometric,dirichlet,HEV,11,0.8009076890407395,8
0.05,minmax,geometric,dirichlet,HEV,12,0.8380406928506955,6
0.05,minmax,geometric,dirichlet,HEV,13,0.7979914372675035,2
0.05,minmax,geometric,dirichlet,HEV,14,0.8442849827465769,5
0.05,minmax,geometric,dirichlet,HEV,15,0.8697303360811853,9
0.05,minmax,geometric,dirichlet,HEV,16,0.7981715217974227,3
0.05,minmax,geometric,dirichlet,HEV,17,0.7018124849462363,2
0.05,minmax,geometric,dirichlet,HEV,18,0.8258864141934408,7
0.05,minmax,geometric,dirichlet,HEV,19,0.8139143937538772,8
0.05,minmax,geometric,dirichlet,HEV,20,0.8586382634206275,9
0.05,minmax,geometric,dirichlet,HEV,21,0.821969653711092,8
0.05,minmax,geometric,dirichlet,HEV,22,0.6126914964706082,3
0.05,minmax,geometric,dirichlet,HEV,23,0.8112642551419261,8
0.05,minmax,geometric,dirichlet,HEV,24,0.8626187361301084,7
0.05,minmax,geometric,dirichlet,HEV,25,0.8275624889262388,5
0.05,minmax,geometric,dirichlet,HEV,26,0.8272437417725127,7
0.05,minmax,geometric,dirichlet,HEV,27,0.23932315208333324,3
0.05,minmax,geometric,dirichlet,HEV,28,0.8638226348899685,9
0.05,minmax,geometric,dirichlet,HEV,29,0.8334443116593893,6
0.05,minmax,geometric,dirichlet,HEV,30,0.7865317093370824,8
0.05,minmax,geometric,dirichlet,HEV,31,0.8725536845898003,9
0.05,minmax,geometric,dirichlet,HEV,32,0.8426506038388383,6
0.05,minmax,geometric,dirichlet,HEV,33,0.8257347457425168,7
0.05,minmax,geometric,dirichlet,HEV,34,0.8781672327131144,8
0.05,minmax,geometric,dirichlet,HEV,35,0.8516322435488984,6
0.05,minmax,geometric,dirichlet,HEV,36,0.8324286414608317,7
0.05,minmax,geometric,dirichlet,HEV,37,0.863586135397861,7
0.05,minmax,geometric,dirichlet,HEV,38,0.8520222706328723,8
0.05,minmax,geometric,dirichlet,HEV,39,0.8267649816980586,6
0.05,minmax,additive,equal,HEVD,0,0.8781279084488712,9
0.05,minmax,additive,equal,HEVD,1,0.8781279084488712,9
0.05,minmax,additive,equal,HEVD,2,0.8781279084488712,9
0.05,minmax,additive,equal,HEVD,3,0.8781279084488712,9
0.05,minmax,additive,equal,HEVD,4,0.8781279084488712,9
0.05,minmax,additive,equal,HEVD,5,0.8781279084488712,9
0.05,minmax,additive,equal,HEVD,6,0.8781279084488712,9
0.05,minmax,additive,equal,HEVD,7,0.8781279084488712,9
0.05,minmax,additive,equal,HEVD,8,0.8781279084488712,9
0.05,minmax,additive,equal,HEVD,9,0.8781279084488712,9
0.05,minmax,additive,equal,HEVD,10,0.8781279084488712,9
0.05,minmax,additive,equal,HEVD,11,0.8781279084488712,9
0.05,minmax,additive,equal,HEVD,12,0.8781279084488712,9
0.05,minmax,additive,equal,HEVD,13,0.8781279084488712,9
0.05,minmax,additive,equal,HEVD,14,0.8781279084488712,9
0.05,minmax,additive,equal,HEVD,15,0.8781279084488712,9
0.05,minmax,additive,equal,HEVD,16,0.8781279084488712,9
0.05,minmax,additive,equal,HEVD,17,0.8781279084488712,9
0.05,minmax,additive,equal,HEVD,18,0.8781279084488712,9
0.05,minmax,additive,equal,HEVD,19,0.8781279084488712,9
0.05,minmax,additive,equal,HEVD,20,0.8781279084488712,9
0.05,minmax,additive,equal,HEVD,21,0.8781279084488712,9
0.05,minmax,additive,equal,HEVD,22,0.8781279084488712,9
0.05,minmax,additive,equal,HEVD,23,0.8781279084488712,9
0.05,minmax,additive,equal,HEVD,24,0.8781279084488712,9
0.05,minmax,additive,equal,HEVD,25,0.8781279084488712,9
0.05,minmax,additive,equal,HEVD,26,0.8781279084488712,9
0.05,minmax,additive,equal,HEVD,27,0.8781279084488712,9
0.05,minmax,additive,equal,HEVD,28,0.8781279084488712,9
0.05,minmax,additive,equal,HEVD,29,0.8781279084488712,9
0.05,minmax,additive,equal,HEVD,30,0.8781279084488712,9
0.05,minmax,additive,equal,HEVD,31,0.8781279084488712,9
0.05,minmax,additive,equal,HEVD,32,0.8781279084488712,9
0.05,minmax,additive,equal,HEVD,33,0.8781279084488712,9
0.05,minmax,additive,equal,HEVD,34,0.8781279084488712,9
0.05,minmax,additive,equal,HEVD,35,0.8781279084488712,9
0.05,minmax,additive,equal,HEVD,36,0.8781279084488712,9
0.05,minmax,additive,equal,HEVD,37,0.8781279084488712,9
0.05,minmax,additive,equal,HEVD,38,0.8781279084488712,9
0.05,minmax,additive,equal,HEVD,39,0.8781279084488712,9
0.05,minmax,additive,equal,HEV,0,0.8351443852767073,7
0.05,minmax,additive,equal,HEV,1,0.8351443852767073,7
0.05,minmax,additive,equal,HEV,2,0.8351443852767073,7
0.05,minmax,additive,equal,HEV,3,0.8351443852767073,7
0.05,minmax,additive,equal,HEV,4,0.8351443852767073,7
0.05,minmax,additive,equal,HEV,5,0.8351443852767073,7
0.05,minmax,additive,equal,HEV,6,0.8351443852767073,7
0.05,minmax,additive,equal,HEV,7,0.8351443852767073,7
0.05,minmax,additive,equal,HEV,8,0.8351443852767073,7
0.05,minmax,additive,equal,HEV,9,0.8351443852767073,7
0.05,minmax,additive,equal,HEV,10,0.8351443852767073,7
0.05,minmax,additive,equal,HEV,11,0.8351443852767073,7
0.05,minmax,additive,equal,HEV,12,0.8351443852767073,7
0.05,minmax,additive,equal,HEV,13,0.8351443852767073,7
0.05,minmax,additive,equal,HEV,14,0.8351443852767073,7
0.05,minmax,additive,equal,HEV,15,0.8351443852767073,7
0.05,minmax,additive,equal,HEV,16,0.8351443852767073,7
0.05,minmax,additive,equal,HEV,17,0.8351443852767073,7
0.05,minmax,additive,equal,HEV,18,0.8351443852767073,7
0.05,minmax,additive,equal,HEV,19,0.8351443852767073,7
0.05,minmax,additive,equal,HEV,20,0.8351443852767073,7
0.05,minmax,additive,equal,HEV,21,0.8351443852767073,7
0.05,minmax,additive,equal,HEV,22,0.8351443852767073,7
0.05,minmax,additive,equal,HEV,23,0.8351443852767073,7
0.05,minmax,additive,equal,HEV,24,0.8351443852767073,7
0.05,minmax,additive,equal,HEV,25,0.8351443852767073,7
0.05,minmax,additive,equal,HEV,26,0.8351443852767073,7
0.05,minmax,additive,equal,HEV,27,0.8351443852767073,7
0.05,minmax,additive,equal,HEV,28,0.8351443852767073,7
0.05,minmax,additive,equal,HEV,29,0.8351443852767073,7
0.05,minmax,additive,equal,HEV,30,0.8351443852767073,7
0.05,minmax,additive,equal,HEV,31,0.8351443852767073,7
0.05,minmax,additive,equal,HEV,32,0.8351443852767073,7
0.05,minmax,additive,equal,HEV,33,0.8351443852767073,7
0.05,minmax,additive,equal,HEV,34,0.8351443852767073,7
0.05,minmax,additive,equal,HEV,35,0.8351443852767073,7
0.05,minmax,additive,equal,HEV,36,0.8351443852767073,7
0.05,minmax,additive,equal,HEV,37,0.8351443852767073,7
0.05,minmax,additive,equal,HEV,38,0.8351443852767073,7
0.05,minmax,additive,equal,HEV,39,0.8351443852767073,7
0.05,minmax,additive,entropy,HEVD,0,0.924888987009762,10
0.05,minmax,additive,entropy,HEVD,1,0.924888987009762,10
0.05,minmax,additive,entropy,HEVD,2,0.924888987009762,10
0.05,minmax,additive,entropy,HEVD,3,0.924888987009762,10
0.05,minmax,additive,entropy,HEVD,4,0.924888987009762,10
0.05,minmax,additive,entropy,HEVD,5,0.924888987009762,10
0.05,minmax,additive,entropy,HEVD,6,0.924888987009762,10
0.05,minmax,additive,entropy,HEVD,7,0.924888987009762,10
0.05,minmax,additive,entropy,HEVD,8,0.924888987009762,10
0.05,minmax,additive,entropy,HEVD,9,0.924888987009762,10
0.05,minmax,additive,entropy,HEVD,10,0.924888987009762,10
0.05,minmax,additive,entropy,HEVD,11,0.924888987009762,10
0.05,minmax,additive,entropy,HEVD,12,0.924888987009762,10
0.05,minmax,additive,entropy,HEVD,13,0.924888987009762,10
0.05,minmax,additive,entropy,HEVD,14,0.924888987009762,10
0.05,minmax,additive,entropy,HEVD,15,0.924888987009762,10
0.05,minmax,additive,entropy,HEVD,16,0.924888987009762,10
0.05,minmax,additive,entropy,HEVD,17,0.924888987009762,10
0.05,minmax,additive,entropy,HEVD,18,0.924888987009762,10
0.05,minmax,additive,entropy,HEVD,19,0.924888987009762,10
0.05,minmax,additive,entropy,HEVD,20,0.924888987009762,10
0.05,minmax,additive,entropy,HEVD,21,0.924888987009762,10
0.05,minmax,additive,entropy,HEVD,22,0.924888987009762,10
0.05,minmax,additive,entropy,HEVD,23,0.924888987009762,10
0.05,minmax,additive,entropy,HEVD,24,0.924888987009762,10
0.05,minmax,additive,entropy,HEVD,25,0.924888987009762,10
0.05,minmax,additive,entropy,HEVD,26,0.924888987009762,10
0.05,minmax,additive,entropy,HEVD,27,0.924888987009762,10
0.05,minmax,additive,entropy,HEVD,28,0.924888987009762,10
0.05,minmax,additive,entropy,HEVD,29,0.924888987009762,10
0.05,minmax,additive,entropy,HEVD,30,0.924888987009762,10
0.05,minmax,additive,entropy,HEVD,31,0.924888987009762,10
0.05,minmax,additive,entropy,HEVD,32,0.924888987009762,10
0.05,minmax,additive,entropy,HEVD,33,0.924888987009762,10
0.05,minmax,additive,entropy,HEVD,34,0.924888987009762,10
0.05,minmax,additive,entropy,HEVD,35,0.924888987009762,10
0.05,minmax,additive,entropy,HEVD,36,0.924888987009762,10
0.05,minmax,additive,entropy,HEVD,37,0.924888987009762,10
0.05,minmax,additive,entropy,HEVD,38,0.924888987009762,10
0.05,minmax,additive,entropy,HEVD,39,0.924888987009762,10
0.05,minmax,additive,entropy,HEV,0,0.8369144532314982,7
0.05,minmax,additive,entropy,HEV,1,0.8369144532314982,7
0.05,minmax,additive,entropy,HEV,2,0.8369144532314982,7
0.05,minmax,additive,entropy,HEV,3,0.8369144532314982,7
0.05,minmax,additive,entropy,HEV,4,0.8369144532314982,7
0.05,minmax,additive,entropy,HEV,5,0.8369144532314982,7
0.05,minmax,additive,entropy,HEV,6,0.8369144532314982,7
0.05,minmax,additive,entropy,HEV,7,0.8369144532314982,7
0.05,minmax,additive,entropy,HEV,8,0.8369144532314982,7
0.05,minmax,additive,entropy,HEV,9,0.8369144532314982,7
0.05,minmax,additive,entropy,HEV,10,0.8369144532314982,7
0.05,minmax,additive,entropy,HEV,11,0.8369144532314982,7
0.05,minmax,additive,entropy,HEV,12,0.8369144532314982,7
0.05,minmax,additive,entropy,HEV,13,0.8369144532314982,7
0.05,minmax,additive,entropy,HEV,14,0.8369144532314982,7
0.05,minmax,additive,entropy,HEV,15,0.8369144532314982,7
0.05,minmax,additive,entropy,HEV,16,0.8369144532314982,7
0.05,minmax,additive,entropy,HEV,17,0.8369144532314982,7
0.05,minmax,additive,entropy,HEV,18,0.8369144532314982,7
0.05,minmax,additive,entropy,HEV,19,0.8369144532314982,7
0.05,minmax,additive,entropy,HEV,20,0.8369144532314982,7
0.05,minmax,additive,entropy,HEV,21,0.8369144532314982,7
0.05,minmax,additive,entropy,HEV,22,0.8369144532314982,7
0.05,minmax,additive,entropy,HEV,23,0.8369144532314982,7
0.05,minmax,additive,entropy,HEV,24,0.8369144532314982,7
0.05,minmax,additive,entropy,HEV,25,0.8369144532314982,7
0.05,minmax,additive,entropy,HEV,26,0.8369144532314982,7
0.05,minmax,additive,entropy,HEV,27,0.8369144532314982,7
0.05,minmax,additive,entropy,HEV,28,0.8369144532314982,7
0.05,minmax,additive,entropy,HEV,29,0.8369144532314982,7
0.05,minmax,additive,entropy,HEV,30,0.8369144532314982,7
0.05,minmax,additive,entropy,HEV,31,0.8369144532314982,7
0.05,minmax,additive,entropy,HEV,32,0.8369144532314982,7
0.05,minmax,additive,entropy,HEV,33,0.8369144532314982,7
0.05,minmax,additive,entropy,HEV,34,0.8369144532314982,7
0.05,minmax,additive,entropy,HEV,35,0.8369144532314982,7
0.05,minmax,additive,entropy,HEV,36,0.8369144532314982,7
0.05,minmax,additive,entropy,HEV,37,0.8369144532314982,7
0.05,minmax,additive,entropy,HEV,38,0.8369144532314982,7
0.05,minmax,additive,entropy,HEV,39,0.8369144532314982,7
0.05,minmax,additive,dirichlet,HEVD,0,0.8736288797104125,6
0.05,minmax,additive,dirichlet,HEVD,1,0.9036232220205074,7
0.05,minmax,additive,dirichlet,HEVD,2,0.5136469124348065,4
0.05,minmax,additive,dirichlet,HEVD,3,0.8539958496066589,10
0.05,minmax,additive,dirichlet,HEVD,4,0.899516254201209,9
0.05,minmax,additive,dirichlet,HEVD,5,0.34969264364810326,0
0.05,minmax,additive,dirichlet,HEVD,6,0.6211163634634199,5
0.05,minmax,additive,dirichlet,HEVD,7,0.9339481294968178,8
0.05,minmax,additive,dirichlet,HEVD,8,0.8323129930124257,13
0.05,minmax,additive,dirichlet,HEVD,9,0.8567539587544123,3
0.05,minmax,additive,dirichlet,HEVD,10,0.901790897469501,9
0.05,minmax,additive,dirichlet,HEVD,11,0.7547485084448828,11
0.05,minmax,additive,dirichlet,HEVD,12,0.854782429855664,4
0.05,minmax,additive,dirichlet,HEVD,13,0.8296306051401003,0
0.05,minmax,additive,dirichlet,HEVD,14,0.8282637595613377,2
0.05,minmax,additive,dirichlet,HEVD,15,0.9345124965654563,8
0.05,minmax,additive,dirichlet,HEVD,16,0.8423655513261972,3
0.05,minmax,additive,dirichlet,HEVD,17,0.8368509724759344,6
0.05,minmax,additive,dirichlet,HEVD,18,0.6236168939722934,3
0.05,minmax,additive,dirichlet,HEVD,19,0.7364802857111337,2
0.05,minmax,additive,dirichlet,HEVD,20,0.8329925667648179,9
0.05,minmax,additive,dirichlet,HEVD,21,0.8931601428000274,12
0.05,minmax,additive,dirichlet,HEVD,22,0.9042742249124082,7
0.05,minmax,additive,dirichlet,HEVD,23,0.7436864655643874,2
0.05,minmax,additive,dirichlet,HEVD,24,0.6540754270738781,7
0.05,minmax,additive,dirichlet,HEVD,25,0.8185054666834899,8
0.05,minmax,additive,dirichlet,HEVD,26,0.7816409935915966,2
0.05,minmax,additive,dirichlet,HEVD,27,0.8812874655230459,4
0.05,minmax,additive,dirichlet,HEVD,28,0.9256615628220317,7
0.05,minmax,additive,dirichlet,HEVD,29,0.8622424576684758,4
0.05,minmax,additive,dirichlet,HEVD,30,0.6272778874350785,3
0.05,minmax,additive,dirichlet,HEVD,31,0.9042405550548966,8
0.05,minmax,additive,dirichlet,HEVD,32,0.6613820332776555,0
0.05,minmax,additive,dirichlet,HEVD,33,0.8810220221850138,8
0.05,minmax,additive,dirichlet,HEVD,34,0.16713789175597615,1
0.05,minmax,additive,dirichlet,HEVD,35,0.5581589005408447,4
0.05,minmax,additive,dirichlet,HEVD,36,0.8817065112670144,13
0.05,minmax,additive,dirichlet,HEVD,37,0.15764610898343104,0
0.05,minmax,additive,dirichlet,HEVD,38,0.7945848015848697,5
0.05,minmax,additive,dirichlet,HEVD,39,0.9166082540807521,8
0.05,minmax,additive,dirichlet,HEV,0,0.8399276489524167,8
0.05,minmax,additive,dirichlet,HEV,1,0.8255876702200244,5
0.05,minmax,additive,dirichlet,HEV,2,0.2565012865883754,2
0.05,minmax,additive,dirichlet,HEV,3,0.8355505583558228,6
0.05,minmax,additive,dirichlet,HEV,4,0.8292632944557069,7
0.05,minmax,additive,dirichlet,HEV,5,0.6783394405544182,4
0.05,minmax,additive,dirichlet,HEV,6,0.06463964272646708,1
0.05,minmax,additive,dirichlet,HEV,7,0.7981758145315728,8
0.05,minmax,additive,dirichlet,HEV,8,0.8174142390997827,5
0.05,minmax,additive,dirichlet,HEV,9,0.8564052767960685,7
0.05,minmax,additive,dirichlet,HEV,10,0.8416376396493734,8
0.05,minmax,additive,dirichlet,HEV,11,0.8267183701930527,7
0.05,minmax,additive,dirichlet,HEV,12,0.6400858596575726,5
0.05,minmax,additive,dirichlet,HEV,13,0.7264810165892789,2
0.05,minmax,additive,dirichlet,HEV,14,0.8326723959513239,5
0.05,minmax,additive,dirichlet,HEV,15,0.5726359863407486,4
0.05,minmax,additive,dirichlet,HEV,16,0.7001111135873332,6
0.05,minmax,additive,dirichlet,HEV,17,0.7085791000536709,5
0.05,minmax,additive,dirichlet,HEV,18,0.767652476657505,6
0.05,minmax,additive,dirichlet,HEV,19,0.8042394651206922,7
0.05,minmax,additive,dirichlet,HEV,20,0.7384119560353037,7
0.05,minmax,additive,dirichlet,HEV,21,0.843884019235609,7
0.05,minmax,additive,dirichlet,HEV,22,0.8653333270069185,7
0.05,minmax,additive,dirichlet,HEV,23,0.8078094783455904,7
0.05,minmax,additive,dirichlet,HEV,24,0.7991806074989217,7
0.05,minmax,additive,dirichlet,HEV,25,-0.014626029849001096,1
0.05,minmax,additive,dirichlet,HEV,26,0.20071446176152374,2
0.05,minmax,additive,dirichlet,HEV,27,0.8543373313210244,7
0.05,minmax,additive,dirichlet,HEV,28,0.8398861554417806,8
0.05,minmax,additive,dirichlet,HEV,29,0.7680104710802688,6
0.05,minmax,additive,dirichlet,HEV,30,0.5157128513558072,2
0.05,minmax,additive,dirichlet,HEV,31,0.42331410536151876,2
0.05,minmax,additive,dirichlet,HEV,32,0.7389073548945558,7
0.05,minmax,additive,dirichlet,HEV,33,0.8367331599796961,7
0.05,minmax,additive,dirichlet,HEV,34,0.7906467770452023,3
0.05,minmax,additive,dirichlet,HEV,35,0.8052243076505206,7
0.05,minmax,additive,dirichlet,HEV,36,0.8456156526711319,7
0.05,minmax,additive,dirichlet,HEV,37,0.8028503778387539,8
0.05,minmax,additive,dirichlet,HEV,38,0.8411718359818053,6
0.05,minmax,additive,dirichlet,HEV,39,0.8132827288525333,5
0.05,percentile,geometric,equal,HEVD,0,0.7959993600967473,9
0.05,percentile,geometric,equal,HEVD,1,0.7959993600967473,9
0.05,percentile,geometric,equal,HEVD,2,0.7959993600967473,9
0.05,percentile,geometric,equal,HEVD,3,0.7959993600967473,9
0.05,percentile,geometric,equal,HEVD,4,0.7959993600967473,9
0.05,percentile,geometric,equal,HEVD,5,0.7959993600967473,9
0.05,percentile,geometric,equal,HEVD,6,0.7959993600967473,9
0.05,percentile,geometric,equal,HEVD,7,0.7959993600967473,9
0.05,percentile,geometric,equal,HEVD,8,0.7959993600967473,9
0.05,percentile,geometric,equal,HEVD,9,0.7959993600967473,9
0.05,percentile,geometric,equal,HEVD,10,0.7959993600967473,9
0.05,percentile,geometric,equal,HEVD,11,0.7959993600967473,9
0.05,percentile,geometric,equal,HEVD,12,0.7959993600967473,9
0.05,percentile,geometric,equal,HEVD,13,0.7959993600967473,9
0.05,percentile,geometric,equal,HEVD,14,0.7959993600967473,9
0.05,percentile,geometric,equal,HEVD,15,0.7959993600967473,9
0.05,percentile,geometric,equal,HEVD,16,0.7959993600967473,9
0.05,percentile,geometric,equal,HEVD,17,0.7959993600967473,9
0.05,percentile,geometric,equal,HEVD,18,0.7959993600967473,9
0.05,percentile,geometric,equal,HEVD,19,0.7959993600967473,9
0.05,percentile,geometric,equal,HEVD,20,0.7959993600967473,9
0.05,percentile,geometric,equal,HEVD,21,0.7959993600967473,9
0.05,percentile,geometric,equal,HEVD,22,0.7959993600967473,9
0.05,percentile,geometric,equal,HEVD,23,0.7959993600967473,9
0.05,percentile,geometric,equal,HEVD,24,0.7959993600967473,9
0.05,percentile,geometric,equal,HEVD,25,0.7959993600967473,9
0.05,percentile,geometric,equal,HEVD,26,0.7959993600967473,9
0.05,percentile,geometric,equal,HEVD,27,0.7959993600967473,9
0.05,percentile,geometric,equal,HEVD,28,0.7959993600967473,9
0.05,percentile,geometric,equal,HEVD,29,0.7959993600967473,9
0.05,percentile,geometric,equal,HEVD,30,0.7959993600967473,9
0.05,percentile,geometric,equal,HEVD,31,0.7959993600967473,9
0.05,percentile,geometric,equal,HEVD,32,0.7959993600967473,9
0.05,percentile,geometric,equal,HEVD,33,0.7959993600967473,9
0.05,percentile,geometric,equal,HEVD,34,0.7959993600967473,9
0.05,percentile,geometric,equal,HEVD,35,0.7959993600967473,9
0.05,percentile,geometric,equal,HEVD,36,0.7959993600967473,9
0.05,percentile,geometric,equal,HEVD,37,0.7959993600967473,9
0.05,percentile,geometric,equal,HEVD,38,0.7959993600967473,9
0.05,percentile,geometric,equal,HEVD,39,0.7959993600967473,9
0.05,percentile,geometric,equal,HEV,0,0.7146798273431925,2
0.05,percentile,geometric,equal,HEV,1,0.7146798273431925,2
0.05,percentile,geometric,equal,HEV,2,0.7146798273431925,2
0.05,percentile,geometric,equal,HEV,3,0.7146798273431925,2
0.05,percentile,geometric,equal,HEV,4,0.7146798273431925,2
0.05,percentile,geometric,equal,HEV,5,0.7146798273431925,2
0.05,percentile,geometric,equal,HEV,6,0.7146798273431925,2
0.05,percentile,geometric,equal,HEV,7,0.7146798273431925,2
0.05,percentile,geometric,equal,HEV,8,0.7146798273431925,2
0.05,percentile,geometric,equal,HEV,9,0.7146798273431925,2
0.05,percentile,geometric,equal,HEV,10,0.7146798273431925,2
0.05,percentile,geometric,equal,HEV,11,0.7146798273431925,2
0.05,percentile,geometric,equal,HEV,12,0.7146798273431925,2
0.05,percentile,geometric,equal,HEV,13,0.7146798273431925,2
0.05,percentile,geometric,equal,HEV,14,0.7146798273431925,2
0.05,percentile,geometric,equal,HEV,15,0.7146798273431925,2
0.05,percentile,geometric,equal,HEV,16,0.7146798273431925,2
0.05,percentile,geometric,equal,HEV,17,0.7146798273431925,2
0.05,percentile,geometric,equal,HEV,18,0.7146798273431925,2
0.05,percentile,geometric,equal,HEV,19,0.7146798273431925,2
0.05,percentile,geometric,equal,HEV,20,0.7146798273431925,2
0.05,percentile,geometric,equal,HEV,21,0.7146798273431925,2
0.05,percentile,geometric,equal,HEV,22,0.7146798273431925,2
0.05,percentile,geometric,equal,HEV,23,0.7146798273431925,2
0.05,percentile,geometric,equal,HEV,24,0.7146798273431925,2
0.05,percentile,geometric,equal,HEV,25,0.7146798273431925,2
0.05,percentile,geometric,equal,HEV,26,0.7146798273431925,2
0.05,percentile,geometric,equal,HEV,27,0.7146798273431925,2
0.05,percentile,geometric,equal,HEV,28,0.7146798273431925,2
0.05,percentile,geometric,equal,HEV,29,0.7146798273431925,2
0.05,percentile,geometric,equal,HEV,30,0.7146798273431925,2
0.05,percentile,geometric,equal,HEV,31,0.7146798273431925,2
0.05,percentile,geometric,equal,HEV,32,0.7146798273431925,2
0.05,percentile,geometric,equal,HEV,33,0.7146798273431925,2
0.05,percentile,geometric,equal,HEV,34,0.7146798273431925,2
0.05,percentile,geometric,equal,HEV,35,0.7146798273431925,2
0.05,percentile,geometric,equal,HEV,36,0.7146798273431925,2
0.05,percentile,geometric,equal,HEV,37,0.7146798273431925,2
0.05,percentile,geometric,equal,HEV,38,0.7146798273431925,2
0.05,percentile,geometric,equal,HEV,39,0.7146798273431925,2
0.05,percentile,geometric,entropy,HEVD,0,0.7916357611779783,9
0.05,percentile,geometric,entropy,HEVD,1,0.7916357611779783,9
0.05,percentile,geometric,entropy,HEVD,2,0.7916357611779783,9
0.05,percentile,geometric,entropy,HEVD,3,0.7916357611779783,9
0.05,percentile,geometric,entropy,HEVD,4,0.7916357611779783,9
0.05,percentile,geometric,entropy,HEVD,5,0.7916357611779783,9
0.05,percentile,geometric,entropy,HEVD,6,0.7916357611779783,9
0.05,percentile,geometric,entropy,HEVD,7,0.7916357611779783,9
0.05,percentile,geometric,entropy,HEVD,8,0.7916357611779783,9
0.05,percentile,geometric,entropy,HEVD,9,0.7916357611779783,9
0.05,percentile,geometric,entropy,HEVD,10,0.7916357611779783,9
0.05,percentile,geometric,entropy,HEVD,11,0.7916357611779783,9
0.05,percentile,geometric,entropy,HEVD,12,0.7916357611779783,9
0.05,percentile,geometric,entropy,HEVD,13,0.7916357611779783,9
0.05,percentile,geometric,entropy,HEVD,14,0.7916357611779783,9
0.05,percentile,geometric,entropy,HEVD,15,0.7916357611779783,9
0.05,percentile,geometric,entropy,HEVD,16,0.7916357611779783,9
0.05,percentile,geometric,entropy,HEVD,17,0.7916357611779783,9
0.05,percentile,geometric,entropy,HEVD,18,0.7916357611779783,9
0.05,percentile,geometric,entropy,HEVD,19,0.7916357611779783,9
0.05,percentile,geometric,entropy,HEVD,20,0.7916357611779783,9
0.05,percentile,geometric,entropy,HEVD,21,0.7916357611779783,9
0.05,percentile,geometric,entropy,HEVD,22,0.7916357611779783,9
0.05,percentile,geometric,entropy,HEVD,23,0.7916357611779783,9
0.05,percentile,geometric,entropy,HEVD,24,0.7916357611779783,9
0.05,percentile,geometric,entropy,HEVD,25,0.7916357611779783,9
0.05,percentile,geometric,entropy,HEVD,26,0.7916357611779783,9
0.05,percentile,geometric,entropy,HEVD,27,0.7916357611779783,9
0.05,percentile,geometric,entropy,HEVD,28,0.7916357611779783,9
0.05,percentile,geometric,entropy,HEVD,29,0.7916357611779783,9
0.05,percentile,geometric,entropy,HEVD,30,0.7916357611779783,9
0.05,percentile,geometric,entropy,HEVD,31,0.7916357611779783,9
0.05,percentile,geometric,entropy,HEVD,32,0.7916357611779783,9
0.05,percentile,geometric,entropy,HEVD,33,0.7916357611779783,9
0.05,percentile,geometric,entropy,HEVD,34,0.7916357611779783,9
0.05,percentile,geometric,entropy,HEVD,35,0.7916357611779783,9
0.05,percentile,geometric,entropy,HEVD,36,0.7916357611779783,9
0.05,percentile,geometric,entropy,HEVD,37,0.7916357611779783,9
0.05,percentile,geometric,entropy,HEVD,38,0.7916357611779783,9
0.05,percentile,geometric,entropy,HEVD,39,0.7916357611779783,9
0.05,percentile,geometric,entropy,HEV,0,0.7114142088481484,2
0.05,percentile,geometric,entropy,HEV,1,0.7114142088481484,2
0.05,percentile,geometric,entropy,HEV,2,0.7114142088481484,2
0.05,percentile,geometric,entropy,HEV,3,0.7114142088481484,2
0.05,percentile,geometric,entropy,HEV,4,0.7114142088481484,2
0.05,percentile,geometric,entropy,HEV,5,0.7114142088481484,2
0.05,percentile,geometric,entropy,HEV,6,0.7114142088481484,2
0.05,percentile,geometric,entropy,HEV,7,0.7114142088481484,2
0.05,percentile,geometric,entropy,HEV,8,0.7114142088481484,2
0.05,percentile,geometric,entropy,HEV,9,0.7114142088481484,2
0.05,percentile,geometric,entropy,HEV,10,0.7114142088481484,2
0.05,percentile,geometric,entropy,HEV,11,0.7114142088481484,2
0.05,percentile,geometric,entropy,HEV,12,0.7114142088481484,2
0.05,percentile,geometric,entropy,HEV,13,0.7114142088481484,2
0.05,percentile,geometric,entropy,HEV,14,0.7114142088481484,2
0.05,percentile,geometric,entropy,HEV,15,0.7114142088481484,2
0.05,percentile,geometric,entropy,HEV,16,0.7114142088481484,2
0.05,percentile,geometric,entropy,HEV,17,0.7114142088481484,2
0.05,percentile,geometric,entropy,HEV,18,0.7114142088481484,2
0.05,percentile,geometric,entropy,HEV,19,0.7114142088481484,2
0.05,percentile,geometric,entropy,HEV,20,0.7114142088481484,2
0.05,percentile,geometric,entropy,HEV,21,0.7114142088481484,2
0.05,percentile,geometric,entropy,HEV,22,0.7114142088481484,2
0.05,percentile,geometric,entropy,HEV,23,0.7114142088481484,2
0.05,percentile,geometric,entropy,HEV,24,0.7114142088481484,2
0.05,percentile,geometric,entropy,HEV,25,0.7114142088481484,2
0.05,percentile,geometric,entropy,HEV,26,0.7114142088481484,2
0.05,percentile,geometric,entropy,HEV,27,0.7114142088481484,2
0.05,percentile,geometric,entropy,HEV,28,0.7114142088481484,2
0.05,percentile,geometric,entropy,HEV,29,0.7114142088481484,2
0.05,percentile,geometric,entropy,HEV,30,0.7114142088481484,2
0.05,percentile,geometric,entropy,HEV,31,0.7114142088481484,2
0.05,percentile,geometric,entropy,HEV,32,0.7114142088481484,2
0.05,percentile,geometric,entropy,HEV,33,0.7114142088481484,2
0.05,percentile,geometric,entropy,HEV,34,0.7114142088481484,2
0.05,percentile,geometric,entropy,HEV,35,0.7114142088481484,2
0.05,percentile,geometric,entropy,HEV,36,0.7114142088481484,2
0.05,percentile,geometric,entropy,HEV,37,0.7114142088481484,2
0.05,percentile,geometric,entropy,HEV,38,0.7114142088481484,2
0.05,percentile,geometric,entropy,HEV,39,0.7114142088481484,2
0.05,percentile,geometric,dirichlet,HEVD,0,0.7371125627543083,2
0.05,percentile,geometric,dirichlet,HEVD,1,0.8217415271565592,8
0.05,percentile,geometric,dirichlet,HEVD,2,0.8706305055382698,12
0.05,percentile,geometric,dirichlet,HEVD,3,0.4283321474327838,4
0.05,percentile,geometric,dirichlet,HEVD,4,0.6212919293139166,4
0.05,percentile,geometric,dirichlet,HEVD,5,0.36463894200398633,3
0.05,percentile,geometric,dirichlet,HEVD,6,0.6612940360191374,4
0.05,percentile,geometric,dirichlet,HEVD,7,0.7966844260946788,8
0.05,percentile,geometric,dirichlet,HEVD,8,0.6127185069378824,9
0.05,percentile,geometric,dirichlet,HEVD,9,0.8661719298072097,12
0.05,percentile,geometric,dirichlet,HEVD,10,0.47222521176744253,4
0.05,percentile,geometric,dirichlet,HEVD,11,0.5268007655632996,3
0.05,percentile,geometric,dirichlet,HEVD,12,0.7643202769287538,6
0.05,percentile,geometric,dirichlet,HEVD,13,0.7078323888893776,5
0.05,percentile,geometric,dirichlet,HEVD,14,0.7546731713430948,3
0.05,percentile,geometric,dirichlet,HEVD,15,0.7435193403457677,7
0.05,percentile,geometric,dirichlet,HEVD,16,0.8161744259585979,6
0.05,percentile,geometric,dirichlet,HEVD,17,0.7692331539014343,8
0.05,percentile,geometric,dirichlet,HEVD,18,0.4618014875957263,3
0.05,percentile,geometric,dirichlet,HEVD,19,0.8827840341223154,13
0.05,percentile,geometric,dirichlet,HEVD,20,0.8660949267023128,10
0.05,percentile,geometric,dirichlet,HEVD,21,0.7490257301744943,3
0.05,percentile,geometric,dirichlet,HEVD,22,0.6639374548471366,7
0.05,percentile,geometric,dirichlet,HEVD,23,0.6710046808554699,6
0.05,percentile,geometric,dirichlet,HEVD,24,0.2751185581519422,2
0.05,percentile,geometric,dirichlet,HEVD,25,0.38427153577897394,2
0.05,percentile,geometric,dirichlet,HEVD,26,0.8504847157103762,8
0.05,percentile,geometric,dirichlet,HEVD,27,0.748336686644713,4
0.05,percentile,geometric,dirichlet,HEVD,28,0.7717187557824814,10
0.05,percentile,geometric,dirichlet,HEVD,29,0.7544775416812481,3
0.05,percentile,geometric,dirichlet,HEVD,30,0.8275346697211274,9
0.05,percentile,geometric,dirichlet,HEVD,31,0.5891415122381173,4
0.05,percentile,geometric,dirichlet,HEVD,32,0.7694902083106665,8
0.05,percentile,geometric,dirichlet,HEVD,33,0.8244671052932466,3
0.05,percentile,geometric,dirichlet,HEVD,34,0.5092461456034967,6
0.05,percentile,geometric,dirichlet,HEVD,35,0.6877417424896141,10
0.05,percentile,geometric,dirichlet,HEVD,36,0.809040408547787,8
0.05,percentile,geometric,dirichlet,HEVD,37,0.19552349621169024,2
0.05,percentile,geometric,dirichlet,HEVD,38,0.6334915494338796,1
0.05,percentile,geometric,dirichlet,HEVD,39,0.839796522908168,7
0.05,percentile,geometric,dirichlet,HEV,0,0.6155686042679483,2
0.05,percentile,geometric,dirichlet,HEV,1,0.6844398972814547,1
0.05,percentile,geometric,dirichlet,HEV,2,0.6459613854644842,1
0.05,percentile,geometric,dirichlet,HEV,3,0.5113279556513893,2
0.05,percentile,geometric,dirichlet,HEV,4,0.6889742935465497,1
0.05,percentile,geometric,dirichlet,HEV,5,0.7741176442121928,2
0.05,percentile,geometric,dirichlet,HEV,6,0.7976826443405233,8
0.05,percentile,geometric,dirichlet,HEV,7,0.7832064833419762,2
0.05,percentile,geometric,dirichlet,HEV,8,0.5579840972175006,2
0.05,percentile,geometric,dirichlet,HEV,9,0.7502543428357017,6
0.05,percentile,geometric,dirichlet,HEV,10,0.24521884923269405,2
0.05,percentile,geometric,dirichlet,HEV,11,0.3348573804134943,3
0.05,percentile,geometric,dirichlet,HEV,12,0.7179947937187103,1
0.05,percentile,geometric,dirichlet,HEV,13,0.7968287712765538,6
0.05,percentile,geometric,dirichlet,HEV,14,0.5984722057166277,2
0.05,percentile,geometric,dirichlet,HEV,15,0.22861603040599868,3
0.05,percentile,geometric,dirichlet,HEV,16,0.8027586304289132,7
0.05,percentile,geometric,dirichlet,HEV,17,0.7519693390798986,2
0.05,percentile,geometric,dirichlet,HEV,18,0.7861905644781528,3
0.05,percentile,geometric,dirichlet,HEV,19,0.7265589867507906,2
0.05,percentile,geometric,dirichlet,HEV,20,0.6552939855038522,2
0.05,percentile,geometric,dirichlet,HEV,21,0.7196673695036827,1
0.05,percentile,geometric,dirichlet,HEV,22,0.6597020544483291,4
0.05,percentile,geometric,dirichlet,HEV,23,0.7751412689093888,2
0.05,percentile,geometric,dirichlet,HEV,24,0.8010600081141449,7
0.05,percentile,geometric,dirichlet,HEV,25,0.7088451564828361,3
0.05,percentile,geometric,dirichlet,HEV,26,0.6415672644393464,2
0.05,percentile,geometric,dirichlet,HEV,27,0.7293940867868234,1
0.05,percentile,geometric,dirichlet,HEV,28,0.8043963695281102,4
0.05,percentile,geometric,dirichlet,HEV,29,0.7767046108404868,2
0.05,percentile,geometric,dirichlet,HEV,30,0.7237109406597884,2
0.05,percentile,geometric,dirichlet,HEV,31,0.6046830852309869,2
0.05,percentile,geometric,dirichlet,HEV,32,0.546947880289608,2
0.05,percentile,geometric,dirichlet,HEV,33,0.6733150349136254,2
0.05,percentile,geometric,dirichlet,HEV,34,0.6204088105710643,2
0.05,percentile,geometric,dirichlet,HEV,35,0.6443071021603914,1
0.05,percentile,geometric,dirichlet,HEV,36,0.6712973676580093,2
0.05,percentile,geometric,dirichlet,HEV,37,0.6187385887057053,1
0.05,percentile,geometric,dirichlet,HEV,38,0.7587266398130073,4
0.05,percentile,geometric,dirichlet,HEV,39,0.37638104921149124,2
0.05,percentile,additive,equal,HEVD,0,0.8379391838359783,10
0.05,percentile,additive,equal,HEVD,1,0.8379391838359783,10
0.05,percentile,additive,equal,HEVD,2,0.8379391838359783,10
0.05,percentile,additive,equal,HEVD,3,0.8379391838359783,10
0.05,percentile,additive,equal,HEVD,4,0.8379391838359783,10
0.05,percentile,additive,equal,HEVD,5,0.8379391838359783,10
0.05,percentile,additive,equal,HEVD,6,0.8379391838359783,10
0.05,percentile,additive,equal,HEVD,7,0.8379391838359783,10
0.05,percentile,additive,equal,HEVD,8,0.8379391838359783,10
0.05,percentile,additive,equal,HEVD,9,0.8379391838359783,10
0.05,percentile,additive,equal,HEVD,10,0.8379391838359783,10
0.05,percentile,additive,equal,HEVD,11,0.8379391838359783,10
0.05,percentile,additive,equal,HEVD,12,0.8379391838359783,10
0.05,percentile,additive,equal,HEVD,13,0.8379391838359783,10
0.05,percentile,additive,equal,HEVD,14,0.8379391838359783,10
0.05,percentile,additive,equal,HEVD,15,0.8379391838359783,10
0.05,percentile,additive,equal,HEVD,16,0.8379391838359783,10
0.05,percentile,additive,equal,HEVD,17,0.8379391838359783,10
0.05,percentile,additive,equal,HEVD,18,0.8379391838359783,10
0.05,percentile,additive,equal,HEVD,19,0.8379391838359783,10
0.05,percentile,additive,equal,HEVD,20,0.8379391838359783,10
0.05,percentile,additive,equal,HEVD,21,0.8379391838359783,10
0.05,percentile,additive,equal,HEVD,22,0.8379391838359783,10
0.05,percentile,additive,equal,HEVD,23,0.8379391838359783,10
0.05,percentile,additive,equal,HEVD,24,0.8379391838359783,10
0.05,percentile,additive,equal,HEVD,25,0.8379391838359783,10
0.05,percentile,additive,equal,HEVD,26,0.8379391838359783,10
0.05,percentile,additive,equal,HEVD,27,0.8379391838359783,10
0.05,percentile,additive,equal,HEVD,28,0.8379391838359783,10
0.05,percentile,additive,equal,HEVD,29,0.8379391838359783,10
0.05,percentile,additive,equal,HEVD,30,0.8379391838359783,10
0.05,percentile,additive,equal,HEVD,31,0.8379391838359783,10
0.05,percentile,additive,equal,HEVD,32,0.8379391838359783,10
0.05,percentile,additive,equal,HEVD,33,0.8379391838359783,10
0.05,percentile,additive,equal,HEVD,34,0.8379391838359783,10
0.05,percentile,additive,equal,HEVD,35,0.8379391838359783,10
0.05,percentile,additive,equal,HEVD,36,0.8379391838359783,10
0.05,percentile,additive,equal,HEVD,37,0.8379391838359783,10
0.05,percentile,additive,equal,HEVD,38,0.8379391838359783,10
0.05,percentile,additive,equal,HEVD,39,0.8379391838359783,10
0.05,percentile,additive,equal,HEV,0,0.794145900188291,2
0.05,percentile,additive,equal,HEV,1,0.794145900188291,2
0.05,percentile,additive,equal,HEV,2,0.794145900188291,2
0.05,percentile,additive,equal,HEV,3,0.794145900188291,2
0.05,percentile,additive,equal,HEV,4,0.794145900188291,2
0.05,percentile,additive,equal,HEV,5,0.794145900188291,2
0.05,percentile,additive,equal,HEV,6,0.794145900188291,2
0.05,percentile,additive,equal,HEV,7,0.794145900188291,2
0.05,percentile,additive,equal,HEV,8,0.794145900188291,2
0.05,percentile,additive,equal,HEV,9,0.794145900188291,2
0.05,percentile,additive,equal,HEV,10,0.794145900188291,2
0.05,percentile,additive,equal,HEV,11,0.794145900188291,2
0.05,percentile,additive,equal,HEV,12,0.794145900188291,2
0.05,percentile,additive,equal,HEV,13,0.794145900188291,2
0.05,percentile,additive,equal,HEV,14,0.794145900188291,2
0.05,percentile,additive,equal,HEV,15,0.794145900188291,2
0.05,percentile,additive,equal,HEV,16,0.794145900188291,2
0.05,percentile,additive,equal,HEV,17,0.794145900188291,2
0.05,percentile,additive,equal,HEV,18,0.794145900188291,2
0.05,percentile,additive,equal,HEV,19,0.794145900188291,2
0.05,percentile,additive,equal,HEV,20,0.794145900188291,2
0.05,percentile,additive,equal,HEV,21,0.794145900188291,2
0.05,percentile,additive,equal,HEV,22,0.794145900188291,2
0.05,percentile,additive,equal,HEV,23,0.794145900188291,2
0.05,percentile,additive,equal,HEV,24,0.794145900188291,2
0.05,percentile,additive,equal,HEV,25,0.794145900188291,2
0.05,percentile,additive,equal,HEV,26,0.794145900188291,2
0.05,percentile,additive,equal,HEV,27,0.794145900188291,2
0.05,percentile,additive,equal,HEV,28,0.794145900188291,2
0.05,percentile,additive,equal,HEV,29,0.794145900188291,2
0.05,percentile,additive,equal,HEV,30,0.794145900188291,2
0.05,percentile,additive,equal,HEV,31,0.794145900188291,2
0.05,percentile,additive,equal,HEV,32,0.794145900188291,2
0.05,percentile,additive,equal,HEV,33,0.794145900188291,2
0.05,percentile,additive,equal,HEV,34,0.794145900188291,2
0.05,percentile,additive,equal,HEV,35,0.794145900188291,2
0.05,percentile,additive,equal,HEV,36,0.794145900188291,2
0.05,percentile,additive,equal,HEV,37,0.794145900188291,2
0.05,percentile,additive,equal,HEV,38,0.794145900188291,2
0.05,percentile,additive,equal,HEV,39,0.794145900188291,2
0.05,percentile,additive,entropy,HEVD,0,0.8318651317026698,10
0.05,percentile,additive,entropy,HEVD,1,0.8318651317026698,10
0.05,percentile,additive,entropy,HEVD,2,0.8318651317026698,10
0.05,percentile,additive,entropy,HEVD,3,0.8318651317026698,10
0.05,percentile,additive,entropy,HEVD,4,0.8318651317026698,10
0.05,percentile,additive,entropy,HEVD,5,0.8318651317026698,10
0.05,percentile,additive,entropy,HEVD,6,0.8318651317026698,10
0.05,percentile,additive,entropy,HEVD,7,0.8318651317026698,10
0.05,percentile,additive,entropy,HEVD,8,0.8318651317026698,10
0.05,percentile,additive,entropy,HEVD,9,0.8318651317026698,10
0.05,percentile,additive,entropy,HEVD,10,0.8318651317026698,10
0.05,percentile,additive,entropy,HEVD,11,0.8318651317026698,10
0.05,percentile,additive,entropy,HEVD,12,0.8318651317026698,10
0.05,percentile,additive,entropy,HEVD,13,0.8318651317026698,10
0.05,percentile,additive,entropy,HEVD,14,0.8318651317026698,10
0.05,percentile,additive,entropy,HEVD,15,0.8318651317026698,10
0.05,percentile,additive,entropy,HEVD,16,0.8318651317026698,10
0.05,percentile,additive,entropy,HEVD,17,0.8318651317026698,10
0.05,percentile,additive,entropy,HEVD,18,0.8318651317026698,10
0.05,percentile,additive,entropy,HEVD,19,0.8318651317026698,10
0.05,percentile,additive,entropy,HEVD,20,0.8318651317026698,10
0.05,percentile,additive,entropy,HEVD,21,0.8318651317026698,10
0.05,percentile,additive,entropy,HEVD,22,0.8318651317026698,10
0.05,percentile,additive,entropy,HEVD,23,0.8318651317026698,10
0.05,percentile,additive,entropy,HEVD,24,0.8318651317026698,10
0.05,percentile,additive,entropy,HEVD,25,0.8318651317026698,10
0.05,percentile,additive,entropy,HEVD,26,0.8318651317026698,10
0.05,percentile,additive,entropy,HEVD,27,0.8318651317026698,10
0.05,percentile,additive,entropy,HEVD,28,0.8318651317026698,10
0.05,percentile,additive,entropy,HEVD,29,0.8318651317026698,10
0.05,percentile,additive,entropy,HEVD,30,0.8318651317026698,10
0.05,percentile,additive,entropy,HEVD,31,0.8318651317026698,10
0.05,percentile,additive,entropy,HEVD,32,0.8318651317026698,10
0.05,percentile,additive,entropy,HEVD,33,0.8318651317026698,10
0.05,percentile,additive,entropy,HEVD,34,0.8318651317026698,10
0.05,percentile,additive,entropy,HEVD,35,0.8318651317026698,10
0.05,percentile,additive,entropy,HEVD,36,0.8318651317026698,10
0.05,percentile,additive,entropy,HEVD,37,0.8318651317026698,10
0.05,percentile,additive,entropy,HEVD,38,0.8318651317026698,10
0.05,percentile,additive,entropy,HEVD,39,0.8318651317026698,10
0.05,percentile,additive,entropy,HEV,0,0.7907855201336889,2
0.05,percentile,additive,entropy,HEV,1,0.7907855201336889,2
0.05,percentile,additive,entropy,HEV,2,0.7907855201336889,2
0.05,percentile,additive,entropy,HEV,3,0.7907855201336889,2
0.05,percentile,additive,entropy,HEV,4,0.7907855201336889,2
0.05,percentile,additive,entropy,HEV,5,0.7907855201336889,2
0.05,percentile,additive,entropy,HEV,6,0.7907855201336889,2
0.05,percentile,additive,entropy,HEV,7,0.7907855201336889,2
0.05,percentile,additive,entropy,HEV,8,0.7907855201336889,2
0.05,percentile,additive,entropy,HEV,9,0.7907855201336889,2
0.05,percentile,additive,entropy,HEV,10,0.7907855201336889,2
0.05,percentile,additive,entropy,HEV,11,0.7907855201336889,2
0.05,percentile,additive,entropy,HEV,12,0.7907855201336889,2
0.05,percentile,additive,entropy,HEV,13,0.7907855201336889,2
0.05,percentile,additive,entropy,HEV,14,0.7907855201336889,2
0.05,percentile,additive,entropy,HEV,15,0.7907855201336889,2
0.05,percentile,additive,entropy,HEV,16,0.7907855201336889,2
0.05,percentile,additive,entropy,HEV,17,0.7907855201336889,2
0.05,percentile,additive,entropy,HEV,18,0.7907855201336889,2
0.05,percentile,additive,entropy,HEV,19,0.7907855201336889,2
0.05,percentile,additive,entropy,HEV,20,0.7907855201336889,2
0.05,percentile,additive,entropy,HEV,21,0.7907855201336889,2
0.05,percentile,additive,entropy,HEV,22,0.7907855201336889,2
0.05,percentile,additive,entropy,HEV,23,0.7907855201336889,2
0.05,percentile,additive,entropy,HEV,24,0.7907855201336889,2
0.05,percentile,additive,entropy,HEV,25,0.7907855201336889,2
0.05,percentile,additive,entropy,HEV,26,0.7907855201336889,2
0.05,percentile,additive,entropy,HEV,27,0.7907855201336889,2
0.05,percentile,additive,entropy,HEV,28,0.7907855201336889,2
0.05,percentile,additive,entropy,HEV,29,0.7907855201336889,2
0.05,percentile,additive,entropy,HEV,30,0.7907855201336889,2
0.05,percentile,additive,entropy,HEV,31,0.7907855201336889,2
0.05,percentile,additive,entropy,HEV,32,0.7907855201336889,2
0.05,percentile,additive,entropy,HEV,33,0.7907855201336889,2
0.05,percentile,additive,entropy,HEV,34,0.7907855201336889,2
0.05,percentile,additive,entropy,HEV,35,0.7907855201336889,2
0.05,percentile,additive,entropy,HEV,36,0.7907855201336889,2
0.05,percentile,additive,entropy,HEV,37,0.7907855201336889,2
0.05,percentile,additive,entropy,HEV,38,0.7907855201336889,2
0.05,percentile,additive,entropy,HEV,39,0.7907855201336889,2
0.05,percentile,additive,dirichlet,HEVD,0,0.4571937526460091,3
0.05,percentile,additive,dirichlet,HEVD,1,0.8595515636624078,7
0.05,percentile,additive,dirichlet,HEVD,2,0.7807589569969738,9
0.05,percentile,additive,dirichlet,HEVD,3,0.7189102081134409,3
0.05,percentile,additive,dirichlet,HEVD,4,0.6183744114425087,6
0.05,percentile,additive,dirichlet,HEVD,5,0.7608878080381347,9
0.05,percentile,additive,dirichlet,HEVD,6,0.7166214715469282,7
0.05,percentile,additive,dirichlet,HEVD,7,0.7034746794652987,4
0.05,percentile,additive,dirichlet,HEVD,8,0.7221618053329333,9
0.05,percentile,additive,dirichlet,HEVD,9,0.8793109112321169,13
0.05,percentile,additive,dirichlet,HEVD,10,0.835336687780559,2
0.05,percentile,additive,dirichlet,HEVD,11,0.6882712165245989,3
0.05,percentile,additive,dirichlet,HEVD,12,0.43953576059383015,3
0.05,percentile,additive,dirichlet,HEVD,13,0.42577596748369756,2
0.05,percentile,additive,dirichlet,HEVD,14,0.9101077462353658,12
0.05,percentile,additive,dirichlet,HEVD,15,0.8151968062977888,5
0.05,percentile,additive,dirichlet,HEVD,16,0.6515471997407941,3
0.05,percentile,additive,dirichlet,HEVD,17,0.6152985511739695,1
0.05,percentile,additive,dirichlet,HEVD,18,0.6910394080662235,7
0.05,percentile,additive,dirichlet,HEVD,19,0.8850473541906926,10
0.05,percentile,additive,dirichlet,HEVD,20,0.4144847430911731,3
0.05,percentile,additive,dirichlet,HEVD,21,0.9006998870387176,11
0.05,percentile,additive,dirichlet,HEVD,22,0.737503231758825,3
0.05,percentile,additive,dirichlet,HEVD,23,0.8882734182156616,10
0.05,percentile,additive,dirichlet,HEVD,24,0.9259555842081304,14
0.05,percentile,additive,dirichlet,HEVD,25,0.9328600591685784,11
0.05,percentile,additive,dirichlet,HEVD,26,0.7662047845083569,7
0.05,percentile,additive,dirichlet,HEVD,27,0.744491186846636,0
0.05,percentile,additive,dirichlet,HEVD,28,0.935890046851018,11
0.05,percentile,additive,dirichlet,HEVD,29,0.8601136331706124,7
0.05,percentile,additive,dirichlet,HEVD,30,0.9281514838707803,12
0.05,percentile,additive,dirichlet,HEVD,31,0.8139475627526621,7
0.05,percentile,additive,dirichlet,HEVD,32,0.6337547182320609,3
0.05,percentile,additive,dirichlet,HEVD,33,0.8366769293403904,1
0.05,percentile,additive,dirichlet,HEVD,34,0.7843592163298694,2
0.05,percentile,additive,dirichlet,HEVD,35,0.7829292507191536,2
0.05,percentile,additive,dirichlet,HEVD,36,0.16859531347493673,2
0.05,percentile,additive,dirichlet,HEVD,37,0.9117684492873462,6
0.05,percentile,additive,dirichlet,HEVD,38,0.7755081277032378,3
0.05,percentile,additive,dirichlet,HEVD,39,0.21829102820275723,1
0.05,percentile,additive,dirichlet,HEV,0,0.5755724046082107,3
0.05,percentile,additive,dirichlet,HEV,1,0.6375783339879428,2
0.05,percentile,additive,dirichlet,HEV,2,0.3541816756107264,2
0.05,percentile,additive,dirichlet,HEV,3,0.7983093056497381,2
0.05,percentile,additive,dirichlet,HEV,4,0.7752898348818535,2
0.05,percentile,additive,dirichlet,HEV,5,0.5667047153044917,2
0.05,percentile,additive,dirichlet,HEV,6,0.8124947900613845,7
0.05,percentile,additive,dirichlet,HEV,7,0.8331208813143951,4
0.05,percentile,additive,dirichlet,HEV,8,0.6297125428217121,1
0.05,percentile,additive,dirichlet,HEV,9,0.7439882119552695,2
0.05,percentile,additive,dirichlet,HEV,10,0.6695448823884336,2
0.05,percentile,additive,dirichlet,HEV,11,0.7558872793530096,2
0.05,percentile,additive,dirichlet,HEV,12,0.7373127226567247,2
0.05,percentile,additive,dirichlet,HEV,13,0.1043045261974776,2
0.05,percentile,additive,dirichlet,HEV,14,0.8376782293382584,3
0.05,percentile,additive,dirichlet,HEV,15,0.8101912759982477,4
0.05,percentile,additive,dirichlet,HEV,16,0.6314788243482672,3
0.05,percentile,additive,dirichlet,HEV,17,0.21706650787118256,3
0.05,percentile,additive,dirichlet,HEV,18,0.7775102843521505,3
0.05,percentile,additive,dirichlet,HEV,19,0.8198897433077107,7
0.05,percentile,additive,dirichlet,HEV,20,0.5457853998985784,3
0.05,percentile,additive,dirichlet,HEV,21,0.8361962770463257,4
0.05,percentile,additive,dirichlet,HEV,22,0.7207633455658006,3
0.05,percentile,additive,dirichlet,HEV,23,0.8336199965456264,3
0.05,percentile,additive,dirichlet,HEV,24,0.7115214198742237,4
0.05,percentile,additive,dirichlet,HEV,25,0.7918786493170185,2
0.05,percentile,additive,dirichlet,HEV,26,0.660781552191658,3
0.05,percentile,additive,dirichlet,HEV,27,0.8089493087882073,8
0.05,percentile,additive,dirichlet,HEV,28,0.8047858657260182,2
0.05,percentile,additive,dirichlet,HEV,29,0.8156246254380289,7
0.05,percentile,additive,dirichlet,HEV,30,0.6895119482740724,3
0.05,percentile,additive,dirichlet,HEV,31,0.7061791779805623,2
0.05,percentile,additive,dirichlet,HEV,32,0.7673604232091845,6
0.05,percentile,additive,dirichlet,HEV,33,0.8129702835523777,3
0.05,percentile,additive,dirichlet,HEV,34,0.731792453473155,1
0.05,percentile,additive,dirichlet,HEV,35,0.07617825784451826,2
0.05,percentile,additive,dirichlet,HEV,36,0.5941566649493117,1
0.05,percentile,additive,dirichlet,HEV,37,0.7960552568867412,4
0.05,percentile,additive,dirichlet,HEV,38,0.8046832895558972,2
0.05,percentile,additive,dirichlet,HEV,39,0.6380384746033468,2
0.1,minmax,geometric,equal,HEVD,0,0.9927757765526135,18
0.1,minmax,geometric,equal,HEVD,1,0.9927757765526135,18
0.1,minmax,geometric,equal,HEVD,2,0.9927757765526135,18
0.1,minmax,geometric,equal,HEVD,3,0.9927757765526135,18
0.1,minmax,geometric,equal,HEVD,4,0.9927757765526135,18
0.1,minmax,geometric,equal,HEVD,5,0.9927757765526135,18
0.1,minmax,geometric,equal,HEVD,6,0.9927757765526135,18
0.1,minmax,geometric,equal,HEVD,7,0.9927757765526135,18
0.1,minmax,geometric,equal,HEVD,8,0.9927757765526135,18
0.1,minmax,geometric,equal,HEVD,9,0.9927757765526135,18
0.1,minmax,geometric,equal,HEVD,10,0.9927757765526135,18
0.1,minmax,geometric,equal,HEVD,11,0.9927757765526135,18
0.1,minmax,geometric,equal,HEVD,12,0.9927757765526135,18
0.1,minmax,geometric,equal,HEVD,13,0.9927757765526135,18
0.1,minmax,geometric,equal,HEVD,14,0.9927757765526135,18
0.1,minmax,geometric,equal,HEVD,15,0.9927757765526135,18
0.1,minmax,geometric,equal,HEVD,16,0.9927757765526135,18
0.1,minmax,geometric,equal,HEVD,17,0.9927757765526135,18
0.1,minmax,geometric,equal,HEVD,18,0.9927757765526135,18
0.1,minmax,geometric,equal,HEVD,19,0.9927757765526135,18
0.1,minmax,geometric,equal,HEVD,20,0.9927757765526135,18
0.1,minmax,geometric,equal,HEVD,21,0.9927757765526135,18
0.1,minmax,geometric,equal,HEVD,22,0.9927757765526135,18
0.1,minmax,geometric,equal,HEVD,23,0.9927757765526135,18
0.1,minmax,geometric,equal,HEVD,24,0.9927757765526135,18
0.1,minmax,geometric,equal,HEVD,25,0.9927757765526135,18
0.1,minmax,geometric,equal,HEVD,26,0.9927757765526135,18
0.1,minmax,geometric,equal,HEVD,27,0.9927757765526135,18
0.1,minmax,geometric,equal,HEVD,28,0.9927757765526135,18
0.1,minmax,geometric,equal,HEVD,29,0.9927757765526135,18
0.1,minmax,geometric,equal,HEVD,30,0.9927757765526135,18
0.1,minmax,geometric,equal,HEVD,31,0.9927757765526135,18
0.1,minmax,geometric,equal,HEVD,32,0.9927757765526135,18
0.1,minmax,geometric,equal,HEVD,33,0.9927757765526135,18
0.1,minmax,geometric,equal,HEVD,34,0.9927757765526135,18
0.1,minmax,geometric,equal,HEVD,35,0.9927757765526135,18
0.1,minmax,geometric,equal,HEVD,36,0.9927757765526135,18
0.1,minmax,geometric,equal,HEVD,37,0.9927757765526135,18
0.1,minmax,geometric,equal,HEVD,38,0.9927757765526135,18
0.1,minmax,geometric,equal,HEVD,39,0.9927757765526135,18
0.1,minmax,geometric,equal,HEV,0,0.8863321999661727,8
0.1,minmax,geometric,equal,HEV,1,0.8863321999661727,8
0.1,minmax,geometric,equal,HEV,2,0.8863321999661727,8
0.1,minmax,geometric,equal,HEV,3,0.8863321999661727,8
0.1,minmax,geometric,equal,HEV,4,0.8863321999661727,8
0.1,minmax,geometric,equal,HEV,5,0.8863321999661727,8
0.1,minmax,geometric,equal,HEV,6,0.8863321999661727,8
0.1,minmax,geometric,equal,HEV,7,0.8863321999661727,8
0.1,minmax,geometric,equal,HEV,8,0.8863321999661727,8
0.1,minmax,geometric,equal,HEV,9,0.8863321999661727,8
0.1,minmax,geometric,equal,HEV,10,0.8863321999661727,8
0.1,minmax,geometric,equal,HEV,11,0.8863321999661727,8
0.1,minmax,geometric,equal,HEV,12,0.8863321999661727,8
0.1,minmax,geometric,equal,HEV,13,0.8863321999661727,8
0.1,minmax,geometric,equal,HEV,14,0.8863321999661727,8
0.1,minmax,geometric,equal,HEV,15,0.8863321999661727,8
0.1,minmax,geometric,equal,HEV,16,0.8863321999661727,8
0.1,minmax,geometric,equal,HEV,17,0.8863321999661727,8
0.1,minmax,geometric,equal,HEV,18,0.8863321999661727,8
0.1,minmax,geometric,equal,HEV,19,0.8863321999661727,8
0.1,minmax,geometric,equal,HEV,20,0.8863321999661727,8
0.1,minmax,geometric,equal,HEV,21,0.8863321999661727,8
0.1,minmax,geometric,equal,HEV,22,0.8863321999661727,8
0.1,minmax,geometric,equal,HEV,23,0.8863321999661727,8
0.1,minmax,geometric,equal,HEV,24,0.8863321999661727,8
0.1,minmax,geometric,equal,HEV,25,0.8863321999661727,8
0.1,minmax,geometric,equal,HEV,26,0.8863321999661727,8
0.1,minmax,geometric,equal,HEV,27,0.8863321999661727,8
0.1,minmax,geometric,equal,HEV,28,0.8863321999661727,8
0.1,minmax,geometric,equal,HEV,29,0.8863321999661727,8
0.1,minmax,geometric,equal,HEV,30,0.8863321999661727,8
0.1,minmax,geometric,equal,HEV,31,0.8863321999661727,8
0.1,minmax,geometric,equal,HEV,32,0.8863321999661727,8
0.1,minmax,geometric,equal,HEV,33,0.8863321999661727,8
0.1,minmax,geometric,equal,HEV,34,0.8863321999661727,8
0.1,minmax,geometric,equal,HEV,35,0.8863321999661727,8
0.1,minmax,geometric,equal,HEV,36,0.8863321999661727,8
0.1,minmax,geometric,equal,HEV,37,0.8863321999661727,8
0.1,minmax,geometric,equal,HEV,38,0.8863321999661727,8
0.1,minmax,geometric,equal,HEV,39,0.8863321999661727,8
0.1,minmax,geometric,entropy,HEVD,0,0.8886119694448205,12
0.1,minmax,geometric,entropy,HEVD,1,0.8886119694448205,12
0.1,minmax,geometric,entropy,HEVD,2,0.8886119694448205,12
0.1,minmax,geometric,entropy,HEVD,3,0.8886119694448205,12
0.1,minmax,geometric,entropy,HEVD,4,0.8886119694448205,12
0.1,minmax,geometric,entropy,HEVD,5,0.8886119694448205,12
0.1,minmax,geometric,entropy,HEVD,6,0.8886119694448205,12
0.1,minmax,geometric,entropy,HEVD,7,0.8886119694448205,12
0.1,minmax,geometric,entropy,HEVD,8,0.8886119694448205,12
0.1,minmax,geometric,entropy,HEVD,9,0.8886119694448205,12
0.1,minmax,geometric,entropy,HEVD,10,0.8886119694448205,12
0.1,minmax,geometric,entropy,HEVD,11,0.8886119694448205,12
0.1,minmax,geometric,entropy,HEVD,12,0.8886119694448205,12
0.1,minmax,geometric,entropy,HEVD,13,0.8886119694448205,12
0.1,minmax,geometric,entropy,HEVD,14,0.8886119694448205,12
0.1,minmax,geometric,entropy,HEVD,15,0.8886119694448205,12
0.1,minmax,geometric,entropy,HEVD,16,0.8886119694448205,12
0.1,minmax,geometric,entropy,HEVD,17,0.8886119694448205,12
0.1,minmax,geometric,entropy,HEVD,18,0.8886119694448205,12
0.1,minmax,geometric,entropy,HEVD,19,0.8886119694448205,12
0.1,minmax,geometric,entropy,HEVD,20,0.8886119694448205,12
0.1,minmax,geometric,entropy,HEVD,21,0.8886119694448205,12
0.1,minmax,geometric,entropy,HEVD,22,0.8886119694448205,12
0.1,minmax,geometric,entropy,HEVD,23,0.8886119694448205,12
0.1,minmax,geometric,entropy,HEVD,24,0.8886119694448205,12
0.1,minmax,geometric,entropy,HEVD,25,0.8886119694448205,12
0.1,minmax,geometric,entropy,HEVD,26,0.8886119694448205,12
0.1,minmax,geometric,entropy,HEVD,27,0.8886119694448205,12
0.1,minmax,geometric,entropy,HEVD,28,0.8886119694448205,12
0.1,minmax,geometric,entropy,HEVD,29,0.8886119694448205,12
0.1,minmax,geometric,entropy,HEVD,30,0.8886119694448205,12
0.1,minmax,geometric,entropy,HEVD,31,0.8886119694448205,12
0.1,minmax,geometric,entropy,HEVD,32,0.8886119694448205,12
0.1,minmax,geometric,entropy,HEVD,33,0.8886119694448205,12
0.1,minmax,geometric,entropy,HEVD,34,0.8886119694448205,12
0.1,minmax,geometric,entropy,HEVD,35,0.8886119694448205,12
0.1,minmax,geometric,entropy,HEVD,36,0.8886119694448205,12
0.1,minmax,geometric,entropy,HEVD,37,0.8886119694448205,12
0.1,minmax,geometric,entropy,HEVD,38,0.8886119694448205,12
0.1,minmax,geometric,entropy,HEVD,39,0.8886119694448205,12
0.1,minmax,geometric,entropy,HEV,0,0.8004389550235794,7
0.1,minmax,geometric,entropy,HEV,1,0.8004389550235794,7
0.1,minmax,geometric,entropy,HEV,2,0.8004389550235794,7
0.1,minmax,geometric,entropy,HEV,3,0.8004389550235794,7
0.1,minmax,geometric,entropy,HEV,4,0.8004389550235794,7
0.1,minmax,geometric,entropy,HEV,5,0.8004389550235794,7
0.1,minmax,geometric,entropy,HEV,6,0.8004389550235794,7
0.1,minmax,geometric,entropy,HEV,7,0.8004389550235794,7
0.1,minmax,geometric,entropy,HEV,8,0.8004389550235794,7
0.1,minmax,geometric,entropy,HEV,9,0.8004389550235794,7
0.1,minmax,geometric,entropy,HEV,10,0.8004389550235794,7
0.1,minmax,geometric,entropy,HEV,11,0.8004389550235794,7
0.1,minmax,geometric,entropy,HEV,12,0.8004389550235794,7
0.1,minmax,geometric,entropy,HEV,13,0.8004389550235794,7
0.1,minmax,geometric,entropy,HEV,14,0.8004389550235794,7
0.1,minmax,geometric,entropy,HEV,15,0.8004389550235794,7
0.1,minmax,geometric,entropy,HEV,16,0.8004389550235794,7
0.1,minmax,geometric,entropy,HEV,17,0.8004389550235794,7
0.1,minmax,geometric,entropy,HEV,18,0.8004389550235794,7
0.1,minmax,geometric,entropy,HEV,19,0.8004389550235794,7
0.1,minmax,geometric,entropy,HEV,20,0.8004389550235794,7
0.1,minmax,geometric,entropy,HEV,21,0.8004389550235794,7
0.1,minmax,geometric,entropy,HEV,22,0.8004389550235794,7
0.1,minmax,geometric,entropy,HEV,23,0.8004389550235794,7
0.1,minmax,geometric,entropy,HEV,24,0.8004389550235794,7
0.1,minmax,geometric,entropy,HEV,25,0.8004389550235794,7
0.1,minmax,geometric,entropy,HEV,26,0.8004389550235794,7
0.1,minmax,geometric,entropy,HEV,27,0.8004389550235794,7
0.1,minmax,geometric,entropy,HEV,28,0.8004389550235794,7
0.1,minmax,geometric,entropy,HEV,29,0.8004389550235794,7
0.1,minmax,geometric,entropy,HEV,30,0.8004389550235794,7
0.1,minmax,geometric,entropy,HEV,31,0.8004389550235794,7
0.1,minmax,geometric,entropy,HEV,32,0.8004389550235794,7
0.1,minmax,geometric,entropy,HEV,33,0.8004389550235794,7
0.1,minmax,geometric,entropy,HEV,34,0.8004389550235794,7
0.1,minmax,geometric,entropy,HEV,35,0.8004389550235794,7
0.1,minmax,geometric,entropy,HEV,36,0.8004389550235794,7
0.1,minmax,geometric,entropy,HEV,37,0.8004389550235794,7
0.1,minmax,geometric,entropy,HEV,38,0.8004389550235794,7
0.1,minmax,geometric,entropy,HEV,39,0.8004389550235794,7
0.1,minmax,geometric,dirichlet,HEVD,0,0.7872663968293019,13
0.1,minmax,geometric,dirichlet,HEVD,1,0.6584640415800369,3
0.1,minmax,geometric,dirichlet,HEVD,2,0.9370323564307553,14
0.1,minmax,geometric,dirichlet,HEVD,3,0.8910902912952829,7
0.1,minmax,geometric,dirichlet,HEVD,4,0.4059196231331069,0
0.1,minmax,geometric,dirichlet,HEVD,5,0.8375891438062499,0
0.1,minmax,geometric,dirichlet,HEVD,6,0.3051661186935994,4
0.1,minmax,geometric,dirichlet,HEVD,7,0.9582344070569472,10
0.1,minmax,geometric,dirichlet,HEVD,8,0.9602544149758468,13
0.1,minmax,geometric,dirichlet,HEVD,9,0.839192158836319,5
0.1,minmax,geometric,dirichlet,HEVD,10,0.8790149024814446,12
0.1,minmax,geometric,dirichlet,HEVD,11,0.5606677545670622,5
0.1,minmax,geometric,dirichlet,HEVD,12,0.5029021477190799,4
0.1,minmax,geometric,dirichlet,HEVD,13,0.7455538685794496,14
0.1,minmax,geometric,dirichlet,HEVD,14,0.9065725741150199,5
0.1,minmax,geometric,dirichlet,HEVD,15,0.7971174729754267,4
0.1,minmax,geometric,dirichlet,HEVD,16,0.7353678088634035,12
0.1,minmax,geometric,dirichlet,HEVD,17,0.9631491393733606,14
0.1,minmax,geometric,dirichlet,HEVD,18,0.9868826020161628,15
0.1,minmax,geometric,dirichlet,HEVD,19,0.7581164839342058,4
0.1,minmax,geometric,dirichlet,HEVD,20,0.9559845320601676,11
0.1,minmax,geometric,dirichlet,HEVD,21,0.937913706724948,11
0.1,minmax,geometric,dirichlet,HEVD,22,0.8120831611266548,10
0.1,minmax,geometric,dirichlet,HEVD,23,0.9335365435519255,14
0.1,minmax,geometric,dirichlet,HEVD,24,0.9129964884116873,3
0.1,minmax,geometric,dirichlet,HEVD,25,0.9853788283020896,12
0.1,minmax,geometric,dirichlet,HEVD,26,0.8756388447558042,6
0.1,minmax,geometric,dirichlet,HEVD,27,0.9522703399847364,12
0.1,minmax,geometric,dirichlet,HEVD,28,0.6634632399986684,10
0.1,minmax,geometric,dirichlet,HEVD,29,0.9112095895852783,12
0.1,minmax,geometric,dirichlet,HEVD,30,0.9738922880825711,16
0.1,minmax,geometric,dirichlet,HEVD,31,0.9084066003244815,6
0.1,minmax,geometric,dirichlet,HEVD,32,0.8159936584169034,4
0.1,minmax,geometric,dirichlet,HEVD,33,0.9725344229723167,11
0.1,minmax,geometric,dirichlet,HEVD,34,0.8607330391650083,7
0.1,minmax,geometric,dirichlet,HEVD,35,0.933071508762795,8
0.1,minmax,geometric,dirichlet,HEVD,36,0.6712276035715731,6
0.1,minmax,geometric,dirichlet,HEVD,37,0.9488340443996381,10
0.1,minmax,geometric,dirichlet,HEVD,38,0.8509717879105457,6
0.1,minmax,geometric,dirichlet,HEVD,39,0.4921731512665497,1
0.1,minmax,geometric,dirichlet,HEV,0,0.8324961291766194,8
0.1,minmax,geometric,dirichlet,HEV,1,0.8848829418071018,8
0.1,minmax,geometric,dirichlet,HEV,2,0.6075677160012177,3
0.1,minmax,geometric,dirichlet,HEV,3,0.8101224322491869,5
0.1,minmax,geometric,dirichlet,HEV,4,0.8723647145103116,7
0.1,minmax,geometric,dirichlet,HEV,5,0.8588290655972415,7
0.1,minmax,geometric,dirichlet,HEV,6,0.8019906860709306,8
0.1,minmax,geometric,dirichlet,HEV,7,0.6088658881515917,3
0.1,minmax,geometric,dirichlet,HEV,8,0.8494971549661388,8
0.1,minmax,geometric,dirichlet,HEV,9,0.8691580216223751,8
0.1,minmax,geometric,dirichlet,HEV,10,0.8762294547129194,7
0.1,minmax,geometric,dirichlet,HEV,11,0.6577240507873591,1
0.1,minmax,geometric,dirichlet,HEV,12,0.8454659050884089,5
0.1,minmax,geometric,dirichlet,HEV,13,0.8768599733090133,8
0.1,minmax,geometric,dirichlet,HEV,14,0.8189761053063968,5
0.1,minmax,geometric,dirichlet,HEV,15,0.8061518329740369,4
0.1,minmax,geometric,dirichlet,HEV,16,0.8039984957930311,4
0.1,minmax,geometric,dirichlet,HEV,17,0.8744895130166981,7
0.1,minmax,geometric,dirichlet,HEV,18,0.843024527420254,6
0.1,minmax,geometric,dirichlet,HEV,19,0.6911330777004113,5
0.1,minmax,geometric,dirichlet,HEV,20,0.8136298245265673,5
0.1,minmax,geometric,dirichlet,HEV,21,0.8309332208845975,5
0.1,minmax,geometric,dirichlet,HEV,22,0.8322104138813853,6
0.1,minmax,geometric,dirichlet,HEV,23,0.8530193983110791,7
0.1,minmax,geometric,dirichlet,HEV,24,0.8691621064819022,7
0.1,minmax,geometric,dirichlet,HEV,25,0.8410951009079204,6
0.1,minmax,geometric,dirichlet,HEV,26,0.8802276830501704,7
0.1,minmax,geometric,dirichlet,HEV,27,0.8551897601457059,7
0.1,minmax,geometric,dirichlet,HEV,28,0.8712520037386486,9
0.1,minmax,geometric,dirichlet,HEV,29,0.8467783919391859,8
0.1,minmax,geometric,dirichlet,HEV,30,0.8152594900461805,7
0.1,minmax,geometric,dirichlet,HEV,31,0.8513285148450876,8
0.1,minmax,geometric,dirichlet,HEV,32,0.8433835429420623,7
0.1,minmax,geometric,dirichlet,HEV,33,0.8758210761896064,8
0.1,minmax,geometric,dirichlet,HEV,34,0.8844092579916153,8
0.1,minmax,geometric,dirichlet,HEV,35,0.8304634657231884,8
0.1,minmax,geometric,dirichlet,HEV,36,0.8202124277609467,7
0.1,minmax,geometric,dirichlet,HEV,37,0.8640725282252475,7
0.1,minmax,geometric,dirichlet,HEV,38,0.8279745736278312,5
0.1,minmax,geometric,dirichlet,HEV,39,0.8834095667222782,8
0.1,minmax,additive,equal,HEVD,0,0.8781279084488712,9
0.1,minmax,additive,equal,HEVD,1,0.8781279084488712,9
0.1,minmax,additive,equal,HEVD,2,0.8781279084488712,9
0.1,minmax,additive,equal,HEVD,3,0.8781279084488712,9
0.1,minmax,additive,equal,HEVD,4,0.8781279084488712,9
0.1,minmax,additive,equal,HEVD,5,0.8781279084488712,9
0.1,minmax,additive,equal,HEVD,6,0.8781279084488712,9
0.1,minmax,additive,equal,HEVD,7,0.8781279084488712,9
0.1,minmax,additive,equal,HEVD,8,0.8781279084488712,9
0.1,minmax,additive,equal,HEVD,9,0.8781279084488712,9
0.1,minmax,additive,equal,HEVD,10,0.8781279084488712,9
0.1,minmax,additive,equal,HEVD,11,0.8781279084488712,9
0.1,minmax,additive,equal,HEVD,12,0.8781279084488712,9
0.1,minmax,additive,equal,HEVD,13,0.8781279084488712,9
0.1,minmax,additive,equal,HEVD,14,0.8781279084488712,9
0.1,minmax,additive,equal,HEVD,15,0.8781279084488712,9
0.1,minmax,additive,equal,HEVD,16,0.8781279084488712,9
0.1,minmax,additive,equal,HEVD,17,0.8781279084488712,9
0.1,minmax,additive,equal,HEVD,18,0.8781279084488712,9
0.1,minmax,additive,equal,HEVD,19,0.8781279084488712,9
0.1,minmax,additive,equal,HEVD,20,0.8781279084488712,9
0.1,minmax,additive,equal,HEVD,21,0.8781279084488712,9
0.1,minmax,additive,equal,HEVD,22,0.8781279084488712,9
0.1,minmax,additive,equal,HEVD,23,0.8781279084488712,9
0.1,minmax,additive,equal,HEVD,24,0.8781279084488712,9
0.1,minmax,additive,equal,HEVD,25,0.8781279084488712,9
0.1,minmax,additive,equal,HEVD,26,0.8781279084488712,9
0.1,minmax,additive,equal,HEVD,27,0.8781279084488712,9
0.1,minmax,additive,equal,HEVD,28,0.8781279084488712,9
0.1,minmax,additive,equal,HEVD,29,0.8781279084488712,9
0.1,minmax,additive,equal,HEVD,30,0.8781279084488712,9
0.1,minmax,additive,equal,HEVD,31,0.8781279084488712,9
0.1,minmax,additive,equal,HEVD,32,0.8781279084488712,9
0.1,minmax,additive,equal,HEVD,33,0.8781279084488712,9
0.1,minmax,additive,equal,HEVD,34,0.8781279084488712,9
0.1,minmax,additive,equal,HEVD,35,0.8781279084488712,9
0.1,minmax,additive,equal,HEVD,36,0.8781279084488712,9
0.1,minmax,additive,equal,HEVD,37,0.8781279084488712,9
0.1,minmax,additive,equal,HEVD,38,0.8781279084488712,9
0.1,minmax,additive,equal,HEVD,39,0.8781279084488712,9
0.1,minmax,additive,equal,HEV,0,0.8351443852767073,7
0.1,minmax,additive,equal,HEV,1,0.8351443852767073,7
0.1,minmax,additive,equal,HEV,2,0.8351443852767073,7
0.1,minmax,additive,equal,HEV,3,0.8351443852767073,7
0.1,minmax,additive,equal,HEV,4,0.8351443852767073,7
0.1,minmax,additive,equal,HEV,5,0.8351443852767073,7
0.1,minmax,additive,equal,HEV,6,0.8351443852767073,7
0.1,minmax,additive,equal,HEV,7,0.8351443852767073,7
0.1,minmax,additive,equal,HEV,8,0.8351443852767073,7
0.1,minmax,additive,equal,HEV,9,0.8351443852767073,7
0.1,minmax,additive,equal,HEV,10,0.8351443852767073,7
0.1,minmax,additive,equal,HEV,11,0.8351443852767073,7
0.1,minmax,additive,equal,HEV,12,0.8351443852767073,7
0.1,minmax,additive,equal,HEV,13,0.8351443852767073,7
0.1,minmax,additive,equal,HEV,14,0.8351443852767073,7
0.1,minmax,additive,equal,HEV,15,0.8351443852767073,7
0.1,minmax,additive,equal,HEV,16,0.8351443852767073,7
0.1,minmax,additive,equal,HEV,17,0.8351443852767073,7
0.1,minmax,additive,equal,HEV,18,0.8351443852767073,7
0.1,minmax,additive,equal,HEV,19,0.8351443852767073,7
0.1,minmax,additive,equal,HEV,20,0.8351443852767073,7
0.1,minmax,additive,equal,HEV,21,0.8351443852767073,7
0.1,minmax,additive,equal,HEV,22,0.8351443852767073,7
0.1,minmax,additive,equal,HEV,23,0.8351443852767073,7
0.1,minmax,additive,equal,HEV,24,0.8351443852767073,7
0.1,minmax,additive,equal,HEV,25,0.8351443852767073,7
0.1,minmax,additive,equal,HEV,26,0.8351443852767073,7
0.1,minmax,additive,equal,HEV,27,0.8351443852767073,7
0.1,minmax,additive,equal,HEV,28,0.8351443852767073,7
0.1,minmax,additive,equal,HEV,29,0.8351443852767073,7
0.1,minmax,additive,equal,HEV,30,0.8351443852767073,7
0.1,minmax,additive,equal,HEV,31,0.8351443852767073,7
0.1,minmax,additive,equal,HEV,32,0.8351443852767073,7
0.1,minmax,additive,equal,HEV,33,0.8351443852767073,7
0.1,minmax,additive,equal,HEV,34,0.8351443852767073,7
0.1,minmax,additive,equal,HEV,35,0.8351443852767073,7
0.1,minmax,additive,equal,HEV,36,0.8351443852767073,7
0.1,minmax,additive,equal,HEV,37,0.8351443852767073,7
0.1,minmax,additive,equal,HEV,38,0.8351443852767073,7
0.1,minmax,additive,equal,HEV,39,0.8351443852767073,7
0.1,minmax,additive,entropy,HEVD,0,0.927797710588944,10
0.1,minmax,additive,entropy,HEVD,1,0.927797710588944,10
0.1,minmax,additive,entropy,HEVD,2,0.927797710588944,10
0.1,minmax,additive,entropy,HEVD,3,0.927797710588944,10
0.1,minmax,additive,entropy,HEVD,4,0.927797710588944,10
0.1,minmax,additive,entropy,HEVD,5,0.927797710588944,10
0.1,minmax,additive,entropy,HEVD,6,0.927797710588944,10
0.1,minmax,additive,entropy,HEVD,7,0.927797710588944,10
0.1,minmax,additive,entropy,HEVD,8,0.927797710588944,10
0.1,minmax,additive,entropy,HEVD,9,0.927797710588944,10
0.1,minmax,additive,entropy,HEVD,10,0.927797710588944,10
0.1,minmax,additive,entropy,HEVD,11,0.927797710588944,10
0.1,minmax,additive,entropy,HEVD,12,0.927797710588944,10
0.1,minmax,additive,entropy,HEVD,13,0.927797710588944,10
0.1,minmax,additive,entropy,HEVD,14,0.927797710588944,10
0.1,minmax,additive,entropy,HEVD,15,0.927797710588944,10
0.1,minmax,additive,entropy,HEVD,16,0.927797710588944,10
0.1,minmax,additive,entropy,HEVD,17,0.927797710588944,10
0.1,minmax,additive,entropy,HEVD,18,0.927797710588944,10
0.1,minmax,additive,entropy,HEVD,19,0.927797710588944,10
0.1,minmax,additive,entropy,HEVD,20,0.927797710588944,10
0.1,minmax,additive,entropy,HEVD,21,0.927797710588944,10
0.1,minmax,additive,entropy,HEVD,22,0.927797710588944,10
0.1,minmax,additive,entropy,HEVD,23,0.927797710588944,10
0.1,minmax,additive,entropy,HEVD,24,0.927797710588944,10
0.1,minmax,additive,entropy,HEVD,25,0.927797710588944,10
0.1,minmax,additive,entropy,HEVD,26,0.927797710588944,10
0.1,minmax,additive,entropy,HEVD,27,0.927797710588944,10
0.1,minmax,additive,entropy,HEVD,28,0.927797710588944,10
0.1,minmax,additive,entropy,HEVD,29,0.927797710588944,10
0.1,minmax,additive,entropy,HEVD,30,0.927797710588944,10
0.1,minmax,additive,entropy,HEVD,31,0.927797710588944,10
0.1,minmax,additive,entropy,HEVD,32,0.927797710588944,10
0.1,minmax,additive,entropy,HEVD,33,0.927797710588944,10
0.1,minmax,additive,entropy,HEVD,34,0.927797710588944,10
0.1,minmax,additive,entropy,HEVD,35,0.927797710588944,10
0.1,minmax,additive,entropy,HEVD,36,0.927797710588944,10
0.1,minmax,additive,entropy,HEVD,37,0.927797710588944,10
0.1,minmax,additive,entropy,HEVD,38,0.927797710588944,10
0.1,minmax,additive,entropy,HEVD,39,0.927797710588944,10
0.1,minmax,additive,entropy,HEV,0,0.8414305682378241,7
0.1,minmax,additive,entropy,HEV,1,0.8414305682378241,7
0.1,minmax,additive,entropy,HEV,2,0.8414305682378241,7
0.1,minmax,additive,entropy,HEV,3,0.8414305682378241,7
0.1,minmax,additive,entropy,HEV,4,0.8414305682378241,7
0.1,minmax,additive,entropy,HEV,5,0.8414305682378241,7
0.1,minmax,additive,entropy,HEV,6,0.8414305682378241,7
0.1,minmax,additive,entropy,HEV,7,0.8414305682378241,7
0.1,minmax,additive,entropy,HEV,8,0.8414305682378241,7
0.1,minmax,additive,entropy,HEV,9,0.8414305682378241,7
0.1,minmax,additive,entropy,HEV,10,0.8414305682378241,7
0.1,minmax,additive,entropy,HEV,11,0.8414305682378241,7
0.1,minmax,additive,entropy,HEV,12,0.8414305682378241,7
0.1,minmax,additive,entropy,HEV,13,0.8414305682378241,7
0.1,minmax,additive,entropy,HEV,14,0.8414305682378241,7
0.1,minmax,additive,entropy,HEV,15,0.8414305682378241,7
0.1,minmax,additive,entropy,HEV,16,0.8414305682378241,7
0.1,minmax,additive,entropy,HEV,17,0.8414305682378241,7
0.1,minmax,additive,entropy,HEV,18,0.8414305682378241,7
0.1,minmax,additive,entropy,HEV,19,0.8414305682378241,7
0.1,minmax,additive,entropy,HEV,20,0.8414305682378241,7
0.1,minmax,additive,entropy,HEV,21,0.8414305682378241,7
0.1,minmax,additive,entropy,HEV,22,0.8414305682378241,7
0.1,minmax,additive,entropy,HEV,23,0.8414305682378241,7
0.1,minmax,additive,entropy,HEV,24,0.8414305682378241,7
0.1,minmax,additive,entropy,HEV,25,0.8414305682378241,7
0.1,minmax,additive,entropy,HEV,26,0.8414305682378241,7
0.1,minmax,additive,entropy,HEV,27,0.8414305682378241,7
0.1,minmax,additive,entropy,HEV,28,0.8414305682378241,7
0.1,minmax,additive,entropy,HEV,29,0.8414305682378241,7
0.1,minmax,additive,entropy,HEV,30,0.8414305682378241,7
0.1,minmax,additive,entropy,HEV,31,0.8414305682378241,7
0.1,minmax,additive,entropy,HEV,32,0.8414305682378241,7
0.1,minmax,additive,entropy,HEV,33,0.8414305682378241,7
0.1,minmax,additive,entropy,HEV,34,0.8414305682378241,7
0.1,minmax,additive,entropy,HEV,35,0.8414305682378241,7
0.1,minmax,additive,entropy,HEV,36,0.8414305682378241,7
0.1,minmax,additive,entropy,HEV,37,0.8414305682378241,7
0.1,minmax,additive,entropy,HEV,38,0.8414305682378241,7
0.1,minmax,additive,entropy,HEV,39,0.8414305682378241,7
0.1,minmax,additive,dirichlet,HEVD,0,0.43286452333374553,0
0.1,minmax,additive,dirichlet,HEVD,1,0.8550799879243588,9
0.1,minmax,additive,dirichlet,HEVD,2,0.21916522504001834,0
0.1,minmax,additive,dirichlet,HEVD,3,0.8729415275662782,2
0.1,minmax,additive,dirichlet,HEVD,4,0.929566296015917,8
0.1,minmax,additive,dirichlet,HEVD,5,0.8140420874144805,8
0.1,minmax,additive,dirichlet,HEVD,6,0.8887193030891225,6
0.1,minmax,additive,dirichlet,HEVD,7,0.7829085706410278,6
0.1,minmax,additive,dirichlet,HEVD,8,0.8391922710800267,9
0.1,minmax,additive,dirichlet,HEVD,9,0.7642717457308742,2
0.1,minmax,additive,dirichlet,HEVD,10,0.6028397123144116,2
0.1,minmax,additive,dirichlet,HEVD,11,0.8624003484688942,7
0.1,minmax,additive,dirichlet,HEVD,12,0.5911549890356157,0
0.1,minmax,additive,dirichlet,HEVD,13,0.7566638886268623,1
0.1,minmax,additive,dirichlet,HEVD,14,0.7474556826876793,10
0.1,minmax,additive,dirichlet,HEVD,15,0.8786715293498552,3
0.1,minmax,additive,dirichlet,HEVD,16,0.8214727477664728,5
0.1,minmax,additive,dirichlet,HEVD,17,0.7492079495046909,10
0.1,minmax,additive,dirichlet,HEVD,18,0.6291437665033551,5
0.1,minmax,additive,dirichlet,HEVD,19,0.7347476257180776,8
0.1,minmax,additive,dirichlet,HEVD,20,0.828102576410679,7
0.1,minmax,additive,dirichlet,HEVD,21,0.8772441176338237,6
0.1,minmax,additive,dirichlet,HEVD,22,0.5406986040472574,3
0.1,minmax,additive,dirichlet,HEVD,23,0.9010964372880345,7
0.1,minmax,additive,dirichlet,HEVD,24,0.8894860005723066,9
0.1,minmax,additive,dirichlet,HEVD,25,0.8341887082323115,7
0.1,minmax,additive,dirichlet,HEVD,26,0.6286184179783821,4
0.1,minmax,additive,dirichlet,HEVD,27,0.68383433604887,2
0.1,minmax,additive,dirichlet,HEVD,28,0.37639248913039636,2
0.1,minmax,additive,dirichlet,HEVD,29,0.8161037699347501,3
0.1,minmax,additive,dirichlet,HEVD,30,0.8692985660234663,5
0.1,minmax,additive,dirichlet,HEVD,31,0.9144865421068049,6
0.1,minmax,additive,dirichlet,HEVD,32,0.8718960624156886,9
0.1,minmax,additive,dirichlet,HEVD,33,0.43394470968295323,1
0.1,minmax,additive,dirichlet,HEVD,34,0.9032263891277023,5
0.1,minmax,additive,dirichlet,HEVD,35,0.9347269162217485,7
0.1,minmax,additive,dirichlet,HEVD,36,0.9214035507859445,8
0.1,minmax,additive,dirichlet,HEVD,37,0.626335895556679,0
0.1,minmax,additive,dirichlet,HEVD,38,0.5834991656590617,0
0.1,minmax,additive,dirichlet,HEVD,39,0.919622549116452,6
0.1,minmax,additive,dirichlet,HEV,0,0.86100205898853,7
0.1,minmax,additive,dirichlet,HEV,1,0.46069937994420407,3
0.1,minmax,additive,dirichlet,HEV,2,0.5501741255296243,3
0.1,minmax,additive,dirichlet,HEV,3,0.7607439994268387,6
0.1,minmax,additive,dirichlet,HEV,4,0.8080112400262878,7
0.1,minmax,additive,dirichlet,HEV,5,0.6849311870513662,5
0.1,minmax,additive,dirichlet,HEV,6,0.8472837925242077,6
0.1,minmax,additive,dirichlet,HEV,7,0.7981223368353226,4
0.1,minmax,additive,dirichlet,HEV,8,0.8308872059031379,6
0.1,minmax,additive,dirichlet,HEV,9,0.8200647407407932,6
0.1,minmax,additive,dirichlet,HEV,10,0.8536622997206866,7
0.1,minmax,additive,dirichlet,HEV,11,0.8643420517214996,7
0.1,minmax,additive,dirichlet,HEV,12,0.37520084715285507,2
0.1,minmax,additive,dirichlet,HEV,13,0.8229557180270121,8
0.1,minmax,additive,dirichlet,HEV,14,0.7029775564807679,5
0.1,minmax,additive,dirichlet,HEV,15,0.4216202860761453,2
0.1,minmax,additive,dirichlet,HEV,16,0.8239544969037309,5
0.1,minmax,additive,dirichlet,HEV,17,0.8355498943074929,7
0.1,minmax,additive,dirichlet,HEV,18,0.44609028223139446,2
0.1,minmax,additive,dirichlet,HEV,19,0.831330078199337,7
0.1,minmax,additive,dirichlet,HEV,20,0.8662475056585515,7
0.1,minmax,additive,dirichlet,HEV,21,0.3762054714834133,2
0.1,minmax,additive,dirichlet,HEV,22,0.6924202071358261,6
0.1,minmax,additive,dirichlet,HEV,23,0.5235721267702946,3
0.1,minmax,additive,dirichlet,HEV,24,0.7957274069175095,4
0.1,minmax,additive,dirichlet,HEV,25,0.11889147787193093,1
0.1,minmax,additive,dirichlet,HEV,26,0.48282414322457773,2
0.1,minmax,additive,dirichlet,HEV,27,0.7930533693125137,6
0.1,minmax,additive,dirichlet,HEV,28,0.864750921893046,7
0.1,minmax,additive,dirichlet,HEV,29,0.8324848671615047,7
0.1,minmax,additive,dirichlet,HEV,30,0.7753548007758168,8
0.1,minmax,additive,dirichlet,HEV,31,0.8437451882575419,7
0.1,minmax,additive,dirichlet,HEV,32,0.8543168084654579,7
0.1,minmax,additive,dirichlet,HEV,33,0.8662812932973679,7
0.1,minmax,additive,dirichlet,HEV,34,0.522115960266432,2
0.1,minmax,additive,dirichlet,HEV,35,0.8590868231457202,7
0.1,minmax,additive,dirichlet,HEV,36,0.8334646116210126,7
0.1,minmax,additive,dirichlet,HEV,37,0.8465150356650819,6
0.1,minmax,additive,dirichlet,HEV,38,0.8293063907278302,5
0.1,minmax,additive,dirichlet,HEV,39,0.6405214581275562,5
0.1,percentile,geometric,equal,HEVD,0,0.8106716707940367,9
0.1,percentile,geometric,equal,HEVD,1,0.8106716707940367,9
0.1,percentile,geometric,equal,HEVD,2,0.8106716707940367,9
0.1,percentile,geometric,equal,HEVD,3,0.8106716707940367,9
0.1,percentile,geometric,equal,HEVD,4,0.8106716707940367,9
0.1,percentile,geometric,equal,HEVD,5,0.8106716707940367,9
0.1,percentile,geometric,equal,HEVD,6,0.8106716707940367,9
0.1,percentile,geometric,equal,HEVD,7,0.8106716707940367,9
0.1,percentile,geometric,equal,HEVD,8,0.8106716707940367,9
0.1,percentile,geometric,equal,HEVD,9,0.8106716707940367,9
0.1,percentile,geometric,equal,HEVD,10,0.8106716707940367,9
0.1,percentile,geometric,equal,HEVD,11,0.8106716707940367,9
0.1,percentile,geometric,equal,HEVD,12,0.8106716707940367,9
0.1,percentile,geometric,equal,HEVD,13,0.8106716707940367,9
0.1,percentile,geometric,equal,HEVD,14,0.8106716707940367,9
0.1,percentile,geometric,equal,HEVD,15,0.8106716707940367,9
0.1,percentile,geometric,equal,HEVD,16,0.8106716707940367,9
0.1,percentile,geometric,equal,HEVD,17,0.8106716707940367,9
0.1,percentile,geometric,equal,HEVD,18,0.8106716707940367,9
0.1,percentile,geometric,equal,HEVD,19,0.8106716707940367,9
0.1,percentile,geometric,equal,HEVD,20,0.8106716707940367,9
0.1,percentile,geometric,equal,HEVD,21,0.8106716707940367,9
0.1,percentile,geometric,equal,HEVD,22,0.8106716707940367,9
0.1,percentile,geometric,equal,HEVD,23,0.8106716707940367,9
0.1,percentile,geometric,equal,HEVD,24,0.8106716707940367,9
0.1,percentile,geometric,equal,HEVD,25,0.8106716707940367,9
0.1,percentile,geometric,equal,HEVD,26,0.8106716707940367,9
0.1,percentile,geometric,equal,HEVD,27,0.8106716707940367,9
0.1,percentile,geometric,equal,HEVD,28,0.8106716707940367,9
0.1,percentile,geometric,equal,HEVD,29,0.8106716707940367,9
0.1,percentile,geometric,equal,HEVD,30,0.8106716707940367,9
0.1,percentile,geometric,equal,HEVD,31,0.8106716707940367,9
0.1,percentile,geometric,equal,HEVD,32,0.8106716707940367,9
0.1,percentile,geometric,equal,HEVD,33,0.8106716707940367,9
0.1,percentile,geometric,equal,HEVD,34,0.8106716707940367,9
0.1,percentile,geometric,equal,HEVD,35,0.8106716707940367,9
0.1,percentile,geometric,equal,HEVD,36,0.8106716707940367,9
0.1,percentile,geometric,equal,HEVD,37,0.8106716707940367,9
0.1,percentile,geometric,equal,HEVD,38,0.8106716707940367,9
0.1,percentile,geometric,equal,HEVD,39,0.8106716707940367,9
0.1,percentile,geometric,equal,HEV,0,0.7309830112874706,2
0.1,percentile,geometric,equal,HEV,1,0.7309830112874706,2
0.1,percentile,geometric,equal,HEV,2,0.7309830112874706,2
0.1,percentile,geometric,equal,HEV,3,0.7309830112874706,2
0.1,percentile,geometric,equal,HEV,4,0.7309830112874706,2
0.1,percentile,geometric,equal,HEV,5,0.7309830112874706,2
0.1,percentile,geometric,equal,HEV,6,0.7309830112874706,2
0.1,percentile,geometric,equal,HEV,7,0.7309830112874706,2
0.1,percentile,geometric,equal,HEV,8,0.7309830112874706,2
0.1,percentile,geometric,equal,HEV,9,0.7309830112874706,2
0.1,percentile,geometric,equal,HEV,10,0.7309830112874706,2
0.1,percentile,geometric,equal,HEV,11,0.7309830112874706,2
0.1,percentile,geometric,equal,HEV,12,0.7309830112874706,2
0.1,percentile,geometric,equal,HEV,13,0.7309830112874706,2
0.1,percentile,geometric,equal,HEV,14,0.7309830112874706,2
0.1,percentile,geometric,equal,HEV,15,0.7309830112874706,2
0.1,percentile,geometric,equal,HEV,16,0.7309830112874706,2
0.1,percentile,geometric,equal,HEV,17,0.7309830112874706,2
0.1,percentile,geometric,equal,HEV,18,0.7309830112874706,2
0.1,percentile,geometric,equal,HEV,19,0.7309830112874706,2
0.1,percentile,geometric,equal,HEV,20,0.7309830112874706,2
0.1,percentile,geometric,equal,HEV,21,0.7309830112874706,2
0.1,percentile,geometric,equal,HEV,22,0.7309830112874706,2
0.1,percentile,geometric,equal,HEV,23,0.7309830112874706,2
0.1,percentile,geometric,equal,HEV,24,0.7309830112874706,2
0.1,percentile,geometric,equal,HEV,25,0.7309830112874706,2
0.1,percentile,geometric,equal,HEV,26,0.7309830112874706,2
0.1,percentile,geometric,equal,HEV,27,0.7309830112874706,2
0.1,percentile,geometric,equal,HEV,28,0.7309830112874706,2
0.1,percentile,geometric,equal,HEV,29,0.7309830112874706,2
0.1,percentile,geometric,equal,HEV,30,0.7309830112874706,2
0.1,percentile,geometric,equal,HEV,31,0.7309830112874706,2
0.1,percentile,geometric,equal,HEV,32,0.7309830112874706,2
0.1,percentile,geometric,equal,HEV,33,0.7309830112874706,2
0.1,percentile,geometric,equal,HEV,34,0.7309830112874706,2
0.1,percentile,geometric,equal,HEV,35,0.7309830112874706,2
0.1,percentile,geometric,equal,HEV,36,0.7309830112874706,2
0.1,percentile,geometric,equal,HEV,37,0.7309830112874706,2
0.1,percentile,geometric,equal,HEV,38,0.7309830112874706,2
0.1,percentile,geometric,equal,HEV,39,0.7309830112874706,2
0.1,percentile,geometric,entropy,HEVD,0,0.8070045979195754,9
0.1,percentile,geometric,entropy,HEVD,1,0.8070045979195754,9
0.1,percentile,geometric,entropy,HEVD,2,0.8070045979195754,9
0.1,percentile,geometric,entropy,HEVD,3,0.8070045979195754,9
0.1,percentile,geometric,entropy,HEVD,4,0.8070045979195754,9
0.1,percentile,geometric,entropy,HEVD,5,0.8070045979195754,9
0.1,percentile,geometric,entropy,HEVD,6,0.8070045979195754,9
0.1,percentile,geometric,entropy,HEVD,7,0.8070045979195754,9
0.1,percentile,geometric,entropy,HEVD,8,0.8070045979195754,9
0.1,percentile,geometric,entropy,HEVD,9,0.8070045979195754,9
0.1,percentile,geometric,entropy,HEVD,10,0.8070045979195754,9
0.1,percentile,geometric,entropy,HEVD,11,0.8070045979195754,9
0.1,percentile,geometric,entropy,HEVD,12,0.8070045979195754,9
0.1,percentile,geometric,entropy,HEVD,13,0.8070045979195754,9
0.1,percentile,geometric,entropy,HEVD,14,0.8070045979195754,9
0.1,percentile,geometric,entropy,HEVD,15,0.8070045979195754,9
0.1,percentile,geometric,entropy,HEVD,16,0.8070045979195754,9
0.1,percentile,geometric,entropy,HEVD,17,0.8070045979195754,9
0.1,percentile,geometric,entropy,HEVD,18,0.8070045979195754,9
0.1,percentile,geometric,entropy,HEVD,19,0.8070045979195754,9
0.1,percentile,geometric,entropy,HEVD,20,0.8070045979195754,9
0.1,percentile,geometric,entropy,HEVD,21,0.8070045979195754,9
0.1,percentile,geometric,entropy,HEVD,22,0.8070045979195754,9
0.1,percentile,geometric,entropy,HEVD,23,0.8070045979195754,9
0.1,percentile,geometric,entropy,HEVD,24,0.8070045979195754,9
0.1,percentile,geometric,entropy,HEVD,25,0.8070045979195754,9
0.1,percentile,geometric,entropy,HEVD,26,0.8070045979195754,9
0.1,percentile,geometric,entropy,HEVD,27,0.8070045979195754,9
0.1,percentile,geometric,entropy,HEVD,28,0.8070045979195754,9
0.1,percentile,geometric,entropy,HEVD,29,0.8070045979195754,9
0.1,percentile,geometric,entropy,HEVD,30,0.8070045979195754,9
0.1,percentile,geometric,entropy,HEVD,31,0.8070045979195754,9
0.1,percentile,geometric,entropy,HEVD,32,0.8070045979195754,9
0.1,percentile,geometric,entropy,HEVD,33,0.8070045979195754,9
0.1,percentile,geometric,entropy,HEVD,34,0.8070045979195754,9
0.1,percentile,geometric,entropy,HEVD,35,0.8070045979195754,9
0.1,percentile,geometric,entropy,HEVD,36,0.8070045979195754,9
0.1,percentile,geometric,entropy,HEVD,37,0.8070045979195754,9
0.1,percentile,geometric,entropy,HEVD,38,0.8070045979195754,9
0.1,percentile,geometric,entropy,HEVD,39,0.8070045979195754,9
0.1,percentile,geometric,entropy,HEV,0,0.7284031720554969,2
0.1,percentile,geometric,entropy,HEV,1,0.7284031720554969,2
0.1,percentile,geometric,entropy,HEV,2,0.7284031720554969,2
0.1,percentile,geometric,entropy,HEV,3,0.7284031720554969,2
0.1,percentile,geometric,entropy,HEV,4,0.7284031720554969,2
0.1,percentile,geometric,entropy,HEV,5,0.7284031720554969,2
0.1,percentile,geometric,entropy,HEV,6,0.7284031720554969,2
0.1,percentile,geometric,entropy,HEV,7,0.7284031720554969,2
0.1,percentile,geometric,entropy,HEV,8,0.7284031720554969,2
0.1,percentile,geometric,entropy,HEV,9,0.7284031720554969,2
0.1,percentile,geometric,entropy,HEV,10,0.7284031720554969,2
0.1,percentile,geometric,entropy,HEV,11,0.7284031720554969,2
0.1,percentile,geometric,entropy,HEV,12,0.7284031720554969,2
0.1,percentile,geometric,entropy,HEV,13,0.7284031720554969,2
0.1,percentile,geometric,entropy,HEV,14,0.7284031720554969,2
0.1,percentile,geometric,entropy,HEV,15,0.7284031720554969,2
0.1,percentile,geometric,entropy,HEV,16,0.7284031720554969,2
0.1,percentile,geometric,entropy,HEV,17,0.7284031720554969,2
0.1,percentile,geometric,entropy,HEV,18,0.7284031720554969,2
0.1,percentile,geometric,entropy,HEV,19,0.7284031720554969,2
0.1,percentile,geometric,entropy,HEV,20,0.7284031720554969,2
0.1,percentile,geometric,entropy,HEV,21,0.7284031720554969,2
0.1,percentile,geometric,entropy,HEV,22,0.7284031720554969,2
0.1,percentile,geometric,entropy,HEV,23,0.7284031720554969,2
0.1,percentile,geometric,entropy,HEV,24,0.7284031720554969,2
0.1,percentile,geometric,entropy,HEV,25,0.7284031720554969,2
0.1,percentile,geometric,entropy,HEV,26,0.7284031720554969,2
0.1,percentile,geometric,entropy,HEV,27,0.7284031720554969,2
0.1,percentile,geometric,entropy,HEV,28,0.7284031720554969,2
0.1,percentile,geometric,entropy,HEV,29,0.7284031720554969,2
0.1,percentile,geometric,entropy,HEV,30,0.7284031720554969,2
0.1,percentile,geometric,entropy,HEV,31,0.7284031720554969,2
0.1,percentile,geometric,entropy,HEV,32,0.7284031720554969,2
0.1,percentile,geometric,entropy,HEV,33,0.7284031720554969,2
0.1,percentile,geometric,entropy,HEV,34,0.7284031720554969,2
0.1,percentile,geometric,entropy,HEV,35,0.7284031720554969,2
0.1,percentile,geometric,entropy,HEV,36,0.7284031720554969,2
0.1,percentile,geometric,entropy,HEV,37,0.7284031720554969,2
0.1,percentile,geometric,entropy,HEV,38,0.7284031720554969,2
0.1,percentile,geometric,entropy,HEV,39,0.7284031720554969,2
0.1,percentile,geometric,dirichlet,HEVD,0,0.6258466424020537,7
0.1,percentile,geometric,dirichlet,HEVD,1,0.8476462827527268,8
0.1,percentile,geometric,dirichlet,HEVD,2,0.6731862805206029,5
0.1,percentile,geometric,dirichlet,HEVD,3,0.707988680962844,6
0.1,percentile,geometric,dirichlet,HEVD,4,0.8833113889640064,10
0.1,percentile,geometric,dirichlet,HEVD,5,0.6106256782240245,5
0.1,percentile,geometric,dirichlet,HEVD,6,0.8838015648857691,12
0.1,percentile,geometric,dirichlet,HEVD,7,0.8503039745118234,11
0.1,percentile,geometric,dirichlet,HEVD,8,0.7821540636246089,9
0.1,percentile,geometric,dirichlet,HEVD,9,0.8413463234247761,6
0.1,percentile,geometric,dirichlet,HEVD,10,0.47964527503414495,1
0.1,percentile,geometric,dirichlet,HEVD,11,0.7502001223103238,9
0.1,percentile,geometric,dirichlet,HEVD,12,0.49510581204819815,4
0.1,percentile,geometric,dirichlet,HEVD,13,0.8182127071124013,7
0.1,percentile,geometric,dirichlet,HEVD,14,0.8420962887411894,9
0.1,percentile,geometric,dirichlet,HEVD,15,0.4008554965439815,1
0.1,percentile,geometric,dirichlet,HEVD,16,0.7881928548543907,4
0.1,percentile,geometric,dirichlet,HEVD,17,0.8834238972669902,14
0.1,percentile,geometric,dirichlet,HEVD,18,0.8780039487675464,10
0.1,percentile,geometric,dirichlet,HEVD,19,0.894792302724708,11
0.1,percentile,geometric,dirichlet,HEVD,20,0.7863372510465895,8
0.1,percentile,geometric,dirichlet,HEVD,21,0.3593268282448967,1
0.1,percentile,geometric,dirichlet,HEVD,22,0.7676738526420969,4
0.1,percentile,geometric,dirichlet,HEVD,23,0.6449031977066281,2
0.1,percentile,geometric,dirichlet,HEVD,24,0.6984883937856429,7
0.1,percentile,geometric,dirichlet,HEVD,25,0.72114128268475,6
0.1,percentile,geometric,dirichlet,HEVD,26,0.3338415479633348,3
0.1,percentile,geometric,dirichlet,HEVD,27,0.8247109118710573,3
0.1,percentile,geometric,dirichlet,HEVD,28,0.8663429258628705,11
0.1,percentile,geometric,dirichlet,HEVD,29,0.7985752726184533,5
0.1,percentile,geometric,dirichlet,HEVD,30,0.6516143138269791,5
0.1,percentile,geometric,dirichlet,HEVD,31,0.5239019040042171,4
0.1,percentile,geometric,dirichlet,HEVD,32,0.6315476171175288,3
0.1,percentile,geometric,dirichlet,HEVD,33,0.8796860721274996,14
0.1,percentile,geometric,dirichlet,HEVD,34,0.7299727599895407,5
0.1,percentile,geometric,dirichlet,HEVD,35,0.8600197558878258,12
0.1,percentile,geometric,dirichlet,HEVD,36,0.46524494209624495,4
0.1,percentile,geometric,dirichlet,HEVD,37,0.6524593009345352,2
0.1,percentile,geometric,dirichlet,HEVD,38,0.7615528956506309,7
0.1,percentile,geometric,dirichlet,HEVD,39,0.8484613472835841,13
0.1,percentile,geometric,dirichlet,HEV,0,0.4737779085943708,2
0.1,percentile,geometric,dirichlet,HEV,1,0.5206982601851786,2
0.1,percentile,geometric,dirichlet,HEV,2,0.7588744955038551,3
0.1,percentile,geometric,dirichlet,HEV,3,0.7925233546046073,3
0.1,percentile,geometric,dirichlet,HEV,4,0.7407564043230472,1
0.1,percentile,geometric,dirichlet,HEV,5,0.8062121424041149,4
0.1,percentile,geometric,dirichlet,HEV,6,0.6215307030972482,3
0.1,percentile,geometric,dirichlet,HEV,7,0.7556895138172697,2
0.1,percentile,geometric,dirichlet,HEV,8,0.6148860015289246,3
0.1,percentile,geometric,dirichlet,HEV,9,0.1898234451787511,3
0.1,percentile,geometric,dirichlet,HEV,10,0.7995444949423559,5
0.1,percentile,geometric,dirichlet,HEV,11,0.6822773812955465,2
0.1,percentile,geometric,dirichlet,HEV,12,0.7997701411844412,3
0.1,percentile,geometric,dirichlet,HEV,13,0.5898551772817804,2
0.1,percentile,geometric,dirichlet,HEV,14,0.8019912613255824,3
0.1,percentile,geometric,dirichlet,HEV,15,0.5382883617122193,2
0.1,percentile,geometric,dirichlet,HEV,16,0.7162426914813516,4
0.1,percentile,geometric,dirichlet,HEV,17,0.729620471755694,3
0.1,percentile,geometric,dirichlet,HEV,18,0.716850130863529,3
0.1,percentile,geometric,dirichlet,HEV,19,0.6235199572234873,2
0.1,percentile,geometric,dirichlet,HEV,20,0.7705586981806943,2
0.1,percentile,geometric,dirichlet,HEV,21,0.47000167736947956,2
0.1,percentile,geometric,dirichlet,HEV,22,0.7514526552673738,6
0.1,percentile,geometric,dirichlet,HEV,23,0.6605295952198779,1
0.1,percentile,geometric,dirichlet,HEV,24,0.6475281655202471,2
0.1,percentile,geometric,dirichlet,HEV,25,0.8025673482782252,7
0.1,percentile,geometric,dirichlet,HEV,26,0.7835745126708887,3
0.1,percentile,geometric,dirichlet,HEV,27,0.7201279467077809,2
0.1,percentile,geometric,dirichlet,HEV,28,0.7879430820014077,3
0.1,percentile,geometric,dirichlet,HEV,29,0.7532586549960655,2
0.1,percentile,geometric,dirichlet,HEV,30,0.635615386850695,1
0.1,percentile,geometric,dirichlet,HEV,31,0.7582905145140955,3
0.1,percentile,geometric,dirichlet,HEV,32,0.5964337871286998,3
0.1,percentile,geometric,dirichlet,HEV,33,0.691666303389781,1
0.1,percentile,geometric,dirichlet,HEV,34,0.7348702176128616,2
0.1,percentile,geometric,dirichlet,HEV,35,0.23656260924066108,2
0.1,percentile,geometric,dirichlet,HEV,36,0.7529859547384413,1
0.1,percentile,geometric,dirichlet,HEV,37,0.7716412515024234,2
0.1,percentile,geometric,dirichlet,HEV,38,0.6261135407042303,3
0.1,percentile,geometric,dirichlet,HEV,39,0.7590705946635457,1
0.1,percentile,additive,equal,HEVD,0,0.8379393982018568,10
0.1,percentile,additive,equal,HEVD,1,0.8379393982018568,10
0.1,percentile,additive,equal,HEVD,2,0.8379393982018568,10
0.1,percentile,additive,equal,HEVD,3,0.8379393982018568,10
0.1,percentile,additive,equal,HEVD,4,0.8379393982018568,10
0.1,percentile,additive,equal,HEVD,5,0.8379393982018568,10
0.1,percentile,additive,equal,HEVD,6,0.8379393982018568,10
0.1,percentile,additive,equal,HEVD,7,0.8379393982018568,10
0.1,percentile,additive,equal,HEVD,8,0.8379393982018568,10
0.1,percentile,additive,equal,HEVD,9,0.8379393982018568,10
0.1,percentile,additive,equal,HEVD,10,0.8379393982018568,10
0.1,percentile,additive,equal,HEVD,11,0.8379393982018568,10
0.1,percentile,additive,equal,HEVD,12,0.8379393982018568,10
0.1,percentile,additive,equal,HEVD,13,0.8379393982018568,10
0.1,percentile,additive,equal,HEVD,14,0.8379393982018568,10
0.1,percentile,additive,equal,HEVD,15,0.8379393982018568,10
0.1,percentile,additive,equal,HEVD,16,0.8379393982018568,10
0.1,percentile,additive,equal,HEVD,17,0.8379393982018568,10
0.1,percentile,additive,equal,HEVD,18,0.8379393982018568,10
0.1,percentile,additive,equal,HEVD,19,0.8379393982018568,10
0.1,percentile,additive,equal,HEVD,20,0.8379393982018568,10
0.1,percentile,additive,equal,HEVD,21,0.8379393982018568,10
0.1,percentile,additive,equal,HEVD,22,0.8379393982018568,10
0.1,percentile,additive,equal,HEVD,23,0.8379393982018568,10
0.1,percentile,additive,equal,HEVD,24,0.8379393982018568,10
0.1,percentile,additive,equal,HEVD,25,0.8379393982018568,10
0.1,percentile,additive,equal,HEVD,26,0.8379393982018568,10
0.1,percentile,additive,equal,HEVD,27,0.8379393982018568,10
0.1,percentile,additive,equal,HEVD,28,0.8379393982018568,10
0.1,percentile,additive,equal,HEVD,29,0.8379393982018568,10
0.1,percentile,additive,equal,HEVD,30,0.8379393982018568,10
0.1,percentile,additive,equal,HEVD,31,0.8379393982018568,10
0.1,percentile,additive,equal,HEVD,32,0.8379393982018568,10
0.1,percentile,additive,equal,HEVD,33,0.8379393982018568,10
0.1,percentile,additive,equal,HEVD,34,0.8379393982018568,10
0.1,percentile,additive,equal,HEVD,35,0.8379393982018568,10
0.1,percentile,additive,equal,HEVD,36,0.8379393982018568,10
0.1,percentile,additive,equal,HEVD,37,0.8379393982018568,10
0.1,percentile,additive,equal,HEVD,38,0.8379393982018568,10
0.1,percentile,additive,equal,HEVD,39,0.8379393982018568,10
0.1,percentile,additive,equal,HEV,0,0.7941452731289371,2
0.1,percentile,additive,equal,HEV,1,0.7941452731289371,2
0.1,percentile,additive,equal,HEV,2,0.7941452731289371,2
0.1,percentile,additive,equal,HEV,3,0.7941452731289371,2
0.1,percentile,additive,equal,HEV,4,0.7941452731289371,2
0.1,percentile,additive,equal,HEV,5,0.7941452731289371,2
0.1,percentile,additive,equal,HEV,6,0.7941452731289371,2
0.1,percentile,additive,equal,HEV,7,0.7941452731289371,2
0.1,percentile,additive,equal,HEV,8,0.7941452731289371,2
0.1,percentile,additive,equal,HEV,9,0.7941452731289371,2
0.1,percentile,additive,equal,HEV,10,0.7941452731289371,2
0.1,percentile,additive,equal,HEV,11,0.7941452731289371,2
0.1,percentile,additive,equal,HEV,12,0.7941452731289371,2
0.1,percentile,additive,equal,HEV,13,0.7941452731289371,2
0.1,percentile,additive,equal,HEV,14,0.7941452731289371,2
0.1,percentile,additive,equal,HEV,15,0.7941452731289371,2
0.1,percentile,additive,equal,HEV,16,0.7941452731289371,2
0.1,percentile,additive,equal,HEV,17,0.7941452731289371,2
0.1,percentile,additive,equal,HEV,18,0.7941452731289371,2
0.1,percentile,additive,equal,HEV,19,0.7941452731289371,2
0.1,percentile,additive,equal,HEV,20,0.7941452731289371,2
0.1,percentile,additive,equal,HEV,21,0.7941452731289371,2
0.1,percentile,additive,equal,HEV,22,0.7941452731289371,2
0.1,percentile,additive,equal,HEV,23,0.7941452731289371,2
0.1,percentile,additive,equal,HEV,24,0.7941452731289371,2
0.1,percentile,additive,equal,HEV,25,0.7941452731289371,2
0.1,percentile,additive,equal,HEV,26,0.7941452731289371,2
0.1,percentile,additive,equal,HEV,27,0.7941452731289371,2
0.1,percentile,additive,equal,HEV,28,0.7941452731289371,2
0.1,percentile,additive,equal,HEV,29,0.7941452731289371,2
0.1,percentile,additive,equal,HEV,30,0.7941452731289371,2
0.1,percentile,additive,equal,HEV,31,0.7941452731289371,2
0.1,percentile,additive,equal,HEV,32,0.7941452731289371,2
0.1,percentile,additive,equal,HEV,33,0.7941452731289371,2
0.1,percentile,additive,equal,HEV,34,0.7941452731289371,2
0.1,percentile,additive,equal,HEV,35,0.7941452731289371,2
0.1,percentile,additive,equal,HEV,36,0.7941452731289371,2
0.1,percentile,additive,equal,HEV,37,0.7941452731289371,2
0.1,percentile,additive,equal,HEV,38,0.7941452731289371,2
0.1,percentile,additive,equal,HEV,39,0.7941452731289371,2
0.1,percentile,additive,entropy,HEVD,0,0.8330943264557668,10
0.1,percentile,additive,entropy,HEVD,1,0.8330943264557668,10
0.1,percentile,additive,entropy,HEVD,2,0.8330943264557668,10
0.1,percentile,additive,entropy,HEVD,3,0.8330943264557668,10
0.1,percentile,additive,entropy,HEVD,4,0.8330943264557668,10
0.1,percentile,additive,entropy,HEVD,5,0.8330943264557668,10
0.1,percentile,additive,entropy,HEVD,6,0.8330943264557668,10
0.1,percentile,additive,entropy,HEVD,7,0.8330943264557668,10
0.1,percentile,additive,entropy,HEVD,8,0.8330943264557668,10
0.1,percentile,additive,entropy,HEVD,9,0.8330943264557668,10
0.1,percentile,additive,entropy,HEVD,10,0.8330943264557668,10
0.1,percentile,additive,entropy,HEVD,11,0.8330943264557668,10
0.1,percentile,additive,entropy,HEVD,12,0.8330943264557668,10
0.1,percentile,additive,entropy,HEVD,13,0.8330943264557668,10
0.1,percentile,additive,entropy,HEVD,14,0.8330943264557668,10
0.1,percentile,additive,entropy,HEVD,15,0.8330943264557668,10
0.1,percentile,additive,entropy,HEVD,16,0.8330943264557668,10
0.1,percentile,additive,entropy,HEVD,17,0.8330943264557668,10
0.1,percentile,additive,entropy,HEVD,18,0.8330943264557668,10
0.1,percentile,additive,entropy,HEVD,19,0.8330943264557668,10
0.1,percentile,additive,entropy,HEVD,20,0.8330943264557668,10
0.1,percentile,additive,entropy,HEVD,21,0.8330943264557668,10
0.1,percentile,additive,entropy,HEVD,22,0.8330943264557668,10
0.1,percentile,additive,entropy,HEVD,23,0.8330943264557668,10
0.1,percentile,additive,entropy,HEVD,24,0.8330943264557668,10
0.1,percentile,additive,entropy,HEVD,25,0.8330943264557668,10
0.1,percentile,additive,entropy,HEVD,26,0.8330943264557668,10
0.1,percentile,additive,entropy,HEVD,27,0.8330943264557668,10
0.1,percentile,additive,entropy,HEVD,28,0.8330943264557668,10
0.1,percentile,additive,entropy,HEVD,29,0.8330943264557668,10
0.1,percentile,additive,entropy,HEVD,30,0.8330943264557668,10
0.1,percentile,additive,entropy,HEVD,31,0.8330943264557668,10
0.1,percentile,additive,entropy,HEVD,32,0.8330943264557668,10
0.1,percentile,additive,entropy,HEVD,33,0.8330943264557668,10
0.1,percentile,additive,entropy,HEVD,34,0.8330943264557668,10
0.1,percentile,additive,entropy,HEVD,35,0.8330943264557668,10
0.1,percentile,additive,entropy,HEVD,36,0.8330943264557668,10
0.1,percentile,additive,entropy,HEVD,37,0.8330943264557668,10
0.1,percentile,additive,entropy,HEVD,38,0.8330943264557668,10
0.1,percentile,additive,entropy,HEVD,39,0.8330943264557668,10
0.1,percentile,additive,entropy,HEV,0,0.7914724053679585,2
0.1,percentile,additive,entropy,HEV,1,0.7914724053679585,2
0.1,percentile,additive,entropy,HEV,2,0.7914724053679585,2
0.1,percentile,additive,entropy,HEV,3,0.7914724053679585,2
0.1,percentile,additive,entropy,HEV,4,0.7914724053679585,2
0.1,percentile,additive,entropy,HEV,5,0.7914724053679585,2
0.1,percentile,additive,entropy,HEV,6,0.7914724053679585,2
0.1,percentile,additive,entropy,HEV,7,0.7914724053679585,2
0.1,percentile,additive,entropy,HEV,8,0.7914724053679585,2
0.1,percentile,additive,entropy,HEV,9,0.7914724053679585,2
0.1,percentile,additive,entropy,HEV,10,0.7914724053679585,2
0.1,percentile,additive,entropy,HEV,11,0.7914724053679585,2
0.1,percentile,additive,entropy,HEV,12,0.7914724053679585,2
0.1,percentile,additive,entropy,HEV,13,0.7914724053679585,2
0.1,percentile,additive,entropy,HEV,14,0.7914724053679585,2
0.1,percentile,additive,entropy,HEV,15,0.7914724053679585,2
0.1,percentile,additive,entropy,HEV,16,0.7914724053679585,2
0.1,percentile,additive,entropy,HEV,17,0.7914724053679585,2
0.1,percentile,additive,entropy,HEV,18,0.7914724053679585,2
0.1,percentile,additive,entropy,HEV,19,0.7914724053679585,2
0.1,percentile,additive,entropy,HEV,20,0.7914724053679585,2
0.1,percentile,additive,entropy,HEV,21,0.7914724053679585,2
0.1,percentile,additive,entropy,HEV,22,0.7914724053679585,2
0.1,percentile,additive,entropy,HEV,23,0.7914724053679585,2
0.1,percentile,additive,entropy,HEV,24,0.7914724053679585,2
0.1,percentile,additive,entropy,HEV,25,0.7914724053679585,2
0.1,percentile,additive,entropy,HEV,26,0.7914724053679585,2
0.1,percentile,additive,entropy,HEV,27,0.7914724053679585,2
0.1,percentile,additive,entropy,HEV,28,0.7914724053679585,2
0.1,percentile,additive,entropy,HEV,29,0.7914724053679585,2
0.1,percentile,additive,entropy,HEV,30,0.7914724053679585,2
0.1,percentile,additive,entropy,HEV,31,0.7914724053679585,2
0.1,percentile,additive,entropy,HEV,32,0.7914724053679585,2
0.1,percentile,additive,entropy,HEV,33,0.7914724053679585,2
0.1,percentile,additive,entropy,HEV,34,0.7914724053679585,2
0.1,percentile,additive,entropy,HEV,35,0.7914724053679585,2
0.1,percentile,additive,entropy,HEV,36,0.7914724053679585,2
0.1,percentile,additive,entropy,HEV,37,0.7914724053679585,2
0.1,percentile,additive,entropy,HEV,38,0.7914724053679585,2
0.1,percentile,additive,entropy,HEV,39,0.7914724053679585,2
0.1,percentile,additive,dirichlet,HEVD,0,0.6954862544993636,9
0.1,percentile,additive,dirichlet,HEVD,1,0.7389375275333284,6
0.1,percentile,additive,dirichlet,HEVD,2,0.8194449562007642,9
0.1,percentile,additive,dirichlet,HEVD,3,0.8674733959917059,5
0.1,percentile,additive,dirichlet,HEVD,4,0.6697650962701392,4
0.1,percentile,additive,dirichlet,HEVD,5,0.8741065180710693,5
0.1,percentile,additive,dirichlet,HEVD,6,0.54201119746853,4
0.1,percentile,additive,dirichlet,HEVD,7,0.7347956581366547,3
0.1,percentile,additive,dirichlet,HEVD,8,0.8492209903650219,7
0.1,percentile,additive,dirichlet,HEVD,9,0.6516791991093469,5
0.1,percentile,additive,dirichlet,HEVD,10,0.842315362047363,5
0.1,percentile,additive,dirichlet,HEVD,11,0.7034679747345706,4
0.1,percentile,additive,dirichlet,HEVD,12,0.827902904291479,5
0.1,percentile,additive,dirichlet,HEVD,13,0.78037327428242,8
0.1,percentile,additive,dirichlet,HEVD,14,0.5826154752553454,0
0.1,percentile,additive,dirichlet,HEVD,15,0.8466689844759845,5
0.1,percentile,additive,dirichlet,HEVD,16,0.4924331270409048,2
0.1,percentile,additive,dirichlet,HEVD,17,0.8055053378332796,4
0.1,percentile,additive,dirichlet,HEVD,18,0.5637839271541243,6
0.1,percentile,additive,dirichlet,HEVD,19,0.6751083111535555,4
0.1,percentile,additive,dirichlet,HEVD,20,0.9325586936513807,11
0.1,percentile,additive,dirichlet,HEVD,21,0.7524177836907742,4
0.1,percentile,additive,dirichlet,HEVD,22,0.5159342801185601,3
0.1,percentile,additive,dirichlet,HEVD,23,0.8992209276825278,13
0.1,percentile,additive,dirichlet,HEVD,24,0.6993494654888176,3
0.1,percentile,additive,dirichlet,HEVD,25,0.8947217505251595,4
0.1,percentile,additive,dirichlet,HEVD,26,0.8505397659712565,5
0.1,percentile,additive,dirichlet,HEVD,27,0.7073259942265264,3
0.1,percentile,additive,dirichlet,HEVD,28,0.6214269389768847,5
0.1,percentile,additive,dirichlet,HEVD,29,0.7449262493789087,5
0.1,percentile,additive,dirichlet,HEVD,30,0.855270335837172,7
0.1,percentile,additive,dirichlet,HEVD,31,0.47995250008650114,0
0.1,percentile,additive,dirichlet,HEVD,32,0.7336633891701817,1
0.1,percentile,additive,dirichlet,HEVD,33,0.8212291145945672,6
0.1,percentile,additive,dirichlet,HEVD,34,0.7545956545073825,8
0.1,percentile,additive,dirichlet,HEVD,35,0.41179534741202733,2
0.1,percentile,additive,dirichlet,HEVD,36,0.7399763704520889,8
0.1,percentile,additive,dirichlet,HEVD,37,0.15038061684055903,2
0.1,percentile,additive,dirichlet,HEVD,38,0.7064139628630177,7
0.1,percentile,additive,dirichlet,HEVD,39,0.8480347580324099,7
0.1,percentile,additive,dirichlet,HEV,0,0.7463092386021596,5
0.1,percentile,additive,dirichlet,HEV,1,0.48631702391171694,2
0.1,percentile,additive,dirichlet,HEV,2,0.653487359292083,2
0.1,percentile,additive,dirichlet,HEV,3,0.829681538208666,4
0.1,percentile,additive,dirichlet,HEV,4,0.8027159328411955,3
0.1,percentile,additive,dirichlet,HEV,5,0.812427884912137,7
0.1,percentile,additive,dirichlet,HEV,6,0.8108589630945461,6
0.1,percentile,additive,dirichlet,HEV,7,0.8267004942751074,4
0.1,percentile,additive,dirichlet,HEV,8,0.8191748569526067,3
0.1,percentile,additive,dirichlet,HEV,9,0.7556087309744586,2
0.1,percentile,additive,dirichlet,HEV,10,0.8035881313856038,6
0.1,percentile,additive,dirichlet,HEV,11,0.6789863974629856,2
0.1,percentile,additive,dirichlet,HEV,12,0.6711284389795533,1
0.1,percentile,additive,dirichlet,HEV,13,0.8084371041347419,2
0.1,percentile,additive,dirichlet,HEV,14,0.7153613924381874,2
0.1,percentile,additive,dirichlet,HEV,15,0.7825408097047664,2
0.1,percentile,additive,dirichlet,HEV,16,0.8137315630390316,6
0.1,percentile,additive,dirichlet,HEV,17,0.5332216031708895,1
0.1,percentile,additive,dirichlet,HEV,18,0.7906068102501504,6
0.1,percentile,additive,dirichlet,HEV,19,0.6203423380776869,2
0.1,percentile,additive,dirichlet,HEV,20,0.741323026199608,3
0.1,percentile,additive,dirichlet,HEV,21,0.7951163145744933,2
0.1,percentile,additive,dirichlet,HEV,22,0.6181304312553713,1
0.1,percentile,additive,dirichlet,HEV,23,0.7086438836928745,2
0.1,percentile,additive,dirichlet,HEV,24,0.8238542119201563,2
0.1,percentile,additive,dirichlet,HEV,25,0.7903996351273139,6
0.1,percentile,additive,dirichlet,HEV,26,0.7905311212849075,2
0.1,percentile,additive,dirichlet,HEV,27,0.7344599756993477,2
0.1,percentile,additive,dirichlet,HEV,28,0.784526863981243,6
0.1,percentile,additive,dirichlet,HEV,29,0.8299315532467729,2
0.1,percentile,additive,dirichlet,HEV,30,0.6264339215847838,2
0.1,percentile,additive,dirichlet,HEV,31,0.6913522805185554,3
0.1,percentile,additive,dirichlet,HEV,32,0.7440450485885428,3
0.1,percentile,additive,dirichlet,HEV,33,0.5708437409415137,2
0.1,percentile,additive,dirichlet,HEV,34,0.6924117859194435,1
0.1,percentile,additive,dirichlet,HEV,35,0.6722339013527437,4
0.1,percentile,additive,dirichlet,HEV,36,0.5955296637706146,1
0.1,percentile,additive,dirichlet,HEV,37,0.81345900250968,3
0.1,percentile,additive,dirichlet,HEV,38,0.8309992498729349,2
0.1,percentile,additive,dirichlet,HEV,39,0.8095666079754456,2
