grid_id,baseline_rank,baseline_top20_nms,in_robust_core,top20_count,top20_probability
라라775800,3188,0,0,30,0.010416666666666666
라라782800,1949,0,0,51,0.017708333333333333
라라783805,2480,0,0,19,0.006597222222222222
라라784804,3171,0,0,0,0.0
라라784805,2560,0,0,0,0.0
라라784806,2484,0,0,1,0.00034722222222222224
라라785806,2913,0,0,0,0.0
라라786801,2206,0,0,35,0.012152777777777778
라라787803,3020,0,0,0,0.0
라라788858,5364,0,0,0,0.0
라라789803,2216,0,0,12,0.004166666666666667
라라789822,4372,0,0,0,0.0
라라789838,5496,0,0,0,0.0
라라789840,7224,0,0,0,0.0
라라790821,4394,0,0,0,0.0
라라790822,6209,0,0,0,0.0
라라790838,5840,0,0,0,0.0
라라790840,7792,0,0,0,0.0
라라790843,6715,0,0,0,0.0
라라790845,7491,0,0,0,0.0
라라791821,4097,0,0,0,0.0
라라791822,5739,0,0,0,0.0
라라791842,7975,0,0,0,0.0
라라791844,7727,0,0,0,0.0
라라791845,6989,0,0,0,0.0
라라792805,2815,0,0,0,0.0
라라792808,3965,0,0,0,0.0
라라792821,6573,0,0,0,0.0
라라792822,5792,0,0,0,0.0
라라792831,6817,0,0,0,0.0
라라792838,7571,0,0,0,0.0
라라792840,7071,0,0,0,0.0
라라792841,7929,0,0,0,0.0
라라792842,7728,0,0,0,0.0
라라792843,7413,0,0,0,0.0
라라792844,8172,0,0,0,0.0
라라792845,7384,0,0,0,0.0
라라792855,4074,0,0,0,0.0
라라792877,1910,0,0,7,0.0024305555555555556
라라793807,4279,0,0,0,0.0
라라793808,3713,0,0,0,0.0
라라793830,5632,0,0,0,0.0
라라793831,5613,0,0,0,0.0
라라793841,7582,0,0,0,0.0
라라793843,8505,0,0,0,0.0
라라793856,3742,0,0,0,0.0
라라793858,2894,0,0,0,0.0
라라793859,1541,0,0,71,0.024652777777777777
라라793861,1551,0,0,1,0.00034722222222222224
라라793862,1705,0,0,21,0.007291666666666667
라라794805,2778,0,0,0,0.0
라라794809,3857,0,0,0,0.0
라라794810,3975,0,0,0,0.0
라라794811,7076,0,0,0,0.0
라라794832,5969,0,0,0,0.0
라라794833,4233,0,0,0,0.0
라라794834,5166,0,0,0,0.0
라라795810,4568,0,0,0,0.0
라라795811,4847,0,0,0,0.0
라라795820,5986,0,0,0,0.0
라라795821,7258,0,0,0,0.0
라라795823,6879,0,0,0,0.0
라라795830,6261,0,0,0,0.0
라라795832,4404,0,0,0,0.0
라라795833,4493,0,0,0,0.0
라라795834,5200,0,0,0,0.0
라라796806,4147,0,0,0,0.0
라라796812,4744,0,0,0,0.0
라라796820,6183,0,0,0,0.0
라라796821,7833,0,0,0,0.0
라라796822,5936,0,0,0,0.0
라라796823,7589,0,0,0,0.0
라라796826,5979,0,0,0,0.0
라라796827,6128,0,0,0,0.0
라라796828,6527,0,0,0,0.0
라라797804,3435,0,0,0,0.0
라라797805,4771,0,0,0,0.0
라라797806,4700,0,0,0,0.0
라라797808,4470,0,0,0,0.0
라라797809,4037,0,0,0,0.0
라라797810,4554,0,0,0,0.0
라라797818,6429,0,0,0,0.0
라라797820,4224,0,0,0,0.0
라라797821,4509,0,0,0,0.0
라라797822,5869,0,0,0,0.0
라라797823,6181,0,0,0,0.0
라라797824,7877,0,0,0,0.0
라라797825,7195,0,0,0,0.0
라라797828,7691,0,0,0,0.0
라라797855,2122,0,0,24,0.008333333333333333
라라797867,2010,0,0,8,0.002777777777777778
라라797869,4832,0,0,0,0.0
라라798804,3552,0,0,0,0.0
라라798806,4597,0,0,0,0.0
라라798807,4573,0,0,0,0.0
라라798808,3184,0,0,0,0.0
라라798809,3309,0,0,0,0.0
라라798810,4924,0,0,0,0.0
라라798816,5568,0,0,0,0.0
라라798819,7744,0,0,0,0.0
라라798820,5809,0,0,0,0.0
라라798821,4546,0,0,0,0.0
라라798822,7199,0,0,0,0.0
라라798823,8168,0,0,0,0.0
라라798842,4527,0,0,0,0.0
라라798843,5283,0,0,0,0.0
라라798855,2196,0,0,43,0.014930555555555556
라라798856,3526,0,0,0,0.0
라라798867,1901,0,0,21,0.007291666666666667
라라798869,2837,0,0,0,0.0
라라798870,2615,0,0,2,0.0006944444444444445
라라799807,3912,0,0,0,0.0
라라799808,2932,0,0,0,0.0
라라799809,4371,0,0,0,0.0
라라799811,5707,0,0,0,0.0
라라799813,5516,0,0,0,0.0
라라799819,7840,0,0,0,0.0
라라799820,6390,0,0,0,0.0
라라799821,7094,0,0,0,0.0
라라799842,4494,0,0,0,0.0
라라799843,4236,0,0,0,0.0
라라799866,3720,0,0,0,0.0
라라799874,3656,0,0,0,0.0
라라799875,4574,0,0,0,0.0
라라800822,7704,0,0,0,0.0
라라800828,4973,0,0,0,0.0
라라800874,2295,0,0,0,0.0
라라800875,2075,0,0,29,0.010069444444444445
라라801810,4414,0,0,0,0.0
라라801811,4710,0,0,0,0.0
라라801894,4864,0,0,0,0.0
라라802811,3393,0,0,0,0.0
라라802819,8572,0,0,0,0.0
라라802893,5002,0,0,0,0.0
라라803817,6913,0,0,0,0.0
라라803818,7459,0,0,0,0.0
라라803828,4364,0,0,0,0.0
라라803874,3364,0,0,0,0.0
라라803891,3406,0,0,0,0.0
라라804809,3085,0,0,0,0.0
라라804812,4323,0,0,0,0.0
라라804816,5889,0,0,0,0.0
라라804817,5441,0,0,0,0.0
라라804818,7419,0,0,0,0.0
라라804874,3054,0,0,0,0.0
라라805815,4904,0,0,0,0.0
라라805830,1774,0,0,31,0.010763888888888889
라라805883,3392,0,0,0,0.0
라라805887,6240,0,0,0,0.0
라라806813,5395,0,0,0,0.0
라라806814,4543,0,0,0,0.0
라라806815,5082,0,0,0,0.0
라라807807,5824,0,0,0,0.0
라라807813,5966,0,0,0,0.0
라라807814,4002,0,0,0,0.0
라라807815,5270,0,0,0,0.0
라라808811,6349,0,0,0,0.0
라라808813,6008,0,0,0,0.0
라라808814,4006,0,0,0,0.0
라라808815,5444,0,0,0,0.0
라라808829,2089,0,0,2,0.0006944444444444445
라라808875,5429,0,0,0,0.0
라라809813,6162,0,0,0,0.0
라라809814,5294,0,0,0,0.0
라라809874,3926,0,0,0,0.0
라라809875,3243,0,0,0,0.0
라라809889,8519,0,0,0,0.0
라라809890,9105,0,0,0,0.0
라라810810,9046,0,0,0,0.0
라라810813,7652,0,0,0,0.0
라라810827,2961,0,0,0,0.0
라라810828,1791,0,0,0,0.0
라라810829,3071,0,0,0,0.0
라라810874,2811,0,0,4,0.001388888888888889
라라810875,4977,0,0,0,0.0
라라810888,6548,0,0,0,0.0
라라810890,7537,0,0,0,0.0
라라810891,7773,0,0,0,0.0
라라810893,7211,0,0,0,0.0
라라811809,8744,0,0,0,0.0
라라811826,1742,0,0,0,0.0
라라811827,2412,0,0,0,0.0
라라811828,1709,0,0,0,0.0
라라811874,3779,0,0,0,0.0
라라811875,5258,0,0,0,0.0
라라811888,7040,0,0,0,0.0
라라811889,6766,0,0,0,0.0
라라812787,3140,0,0,0,0.0
라라812808,8707,0,0,0,0.0
라라812809,9030,0,0,0,0.0
라라812825,3431,0,0,0,0.0
라라812826,2063,0,0,0,0.0
라라812827,1148,0,0,238,0.08263888888888889
라라812828,1624,0,0,3,0.0010416666666666667
라라812889,7295,0,0,0,0.0
라라813806,7129,0,0,0,0.0
라라813807,7935,0,0,0,0.0
라라813808,5598,0,0,0,0.0
라라813809,7835,0,0,0,0.0
라라814792,4232,0,0,0,0.0
라라814806,7682,0,0,0,0.0
라라814807,7097,0,0,0,0.0
라라814808,6909,0,0,0,0.0
라라815808,5743,0,0,0,0.0
라라815809,5664,0,0,0,0.0
라라815810,7390,0,0,0,0.0
라라816809,5658,0,0,0,0.0
라라816826,1974,0,0,27,0.009375
라라817776,3604,0,0,0,0.0
라라817783,5069,0,0,0,0.0
라라817784,4878,0,0,0,0.0
라라817823,2928,0,0,0,0.0
라라818775,3195,0,0,0,0.0
라라818781,3773,0,0,0,0.0
라라818782,2502,0,0,0,0.0
라라818783,4379,0,0,0,0.0
라라818845,2963,0,0,0,0.0
라라818846,1594,0,0,21,0.007291666666666667
라라818847,1376,0,0,45,0.015625
라라819779,3765,0,0,0,0.0
라라819782,5291,0,0,0,0.0
라라819841,4009,0,0,0,0.0
라라819842,2746,0,0,0,0.0
라라819843,3636,0,0,0,0.0
라라819844,3341,0,0,0,0.0
라라819851,2654,0,0,0,0.0
라라819858,3338,0,0,0,0.0
라라819861,2094,0,0,0,0.0
라라820842,2743,0,0,0,0.0
라라820843,1914,0,0,13,0.0045138888888888885
라라820851,2902,0,0,0,0.0
라라820857,3708,0,0,0,0.0
라라820858,2065,0,0,0,0.0
라라820859,1834,0,0,38,0.013194444444444444
라라820860,3181,0,0,0,0.0
라라820861,2236,0,0,0,0.0
라라821851,4490,0,0,0,0.0
라라821859,1710,0,0,34,0.011805555555555555
라라821860,2193,0,0,0,0.0
라라821863,2576,0,0,0,0.0
라라822784,5192,0,0,0,0.0
라라822840,4167,0,0,0,0.0
라라822842,3704,0,0,0,0.0
라라822845,3326,0,0,0,0.0
라라822864,4033,0,0,0,0.0
라라823844,1785,0,0,56,0.019444444444444445
라라823860,2905,0,0,0,0.0
라라824788,4770,0,0,0,0.0
라라824844,2551,0,0,0,0.0
라라824845,3460,0,0,0,0.0
라라824865,2842,0,0,0,0.0
라라825783,2898,0,0,0,0.0
라라825784,2753,0,0,0,0.0
라라825802,4851,0,0,0,0.0
라라825838,3876,0,0,0,0.0
라라825860,3145,0,0,0,0.0
라라826783,2233,0,0,1,0.00034722222222222224
라라826793,8388,0,0,0,0.0
라라826823,1696,0,0,1,0.00034722222222222224
라라826824,1706,0,0,7,0.0024305555555555556
라라826842,3781,0,0,0,0.0
라라826844,3918,0,0,0,0.0
라라826845,3522,0,0,0,0.0
라라827793,7461,0,0,0,0.0
라라827794,7092,0,0,0,0.0
라라827824,1898,0,0,52,0.018055555555555554
라라827845,4258,0,0,0,0.0
라라828786,3628,0,0,0,0.0
라라828791,6615,0,0,0,0.0
라라828793,6411,0,0,0,0.0
라라828794,7948,0,0,0,0.0
라라828844,3357,0,0,0,0.0
라라829786,4640,0,0,0,0.0
라라829792,6588,0,0,0,0.0
라라829845,2879,0,0,0,0.0
라라830845,1953,0,0,11,0.0038194444444444443
라라831788,6644,0,0,0,0.0
라라831793,7086,0,0,0,0.0
라라831801,6263,0,0,0,0.0
라라831802,5173,0,0,0,0.0
라라831845,2607,0,0,0,0.0
라라832786,7033,0,0,0,0.0
라라832789,6332,0,0,0,0.0
라라832790,6514,0,0,0,0.0
라라832798,7937,0,0,0,0.0
라라832799,7021,0,0,0,0.0
라라832800,5865,0,0,0,0.0
라라832801,4634,0,0,0,0.0
라라832802,5061,0,0,0,0.0
라라832805,5287,0,0,0,0.0
라라832846,3885,0,0,0,0.0
라라833788,6536,0,0,0,0.0
라라833789,4648,0,0,0,0.0
라라833790,5734,0,0,0,0.0
라라833796,7575,0,0,0,0.0
라라833797,8475,0,0,0,0.0
라라833798,7023,0,0,0,0.0
라라833799,5133,0,0,0,0.0
라라833800,6569,0,0,0,0.0
라라834787,6227,0,0,0,0.0
라라834788,5125,0,0,0,0.0
라라834789,4749,0,0,0,0.0
라라834790,5942,0,0,0,0.0
라라834791,7340,0,0,0,0.0
라라834792,7128,0,0,0,0.0
라라834797,9317,0,0,0,0.0
라라834798,8247,0,0,0,0.0
라라835784,7271,0,0,0,0.0
라라835787,6383,0,0,0,0.0
라라835788,8135,0,0,0,0.0
라라835789,4704,0,0,0,0.0
라라835790,6552,0,0,0,0.0
라라835791,7301,0,0,0,0.0
라라835792,5286,0,0,0,0.0
라라835799,7799,0,0,0,0.0
라라835800,8227,0,0,0,0.0
라라836787,6969,0,0,0,0.0
라라836788,8034,0,0,0,0.0
라라836789,7376,0,0,0,0.0
라라836790,8056,0,0,0,0.0
라라836791,8269,0,0,0,0.0
라라836796,7319,0,0,0,0.0
라라836799,5281,0,0,0,0.0
라라836800,6018,0,0,0,0.0
라라836803,6803,0,0,0,0.0
라라837786,7028,0,0,0,0.0
라라837788,8461,0,0,0,0.0
라라837789,8794,0,0,0,0.0
라라837790,9220,0,0,0,0.0
라라837791,8846,0,0,0,0.0
라라837799,7552,0,0,0,0.0
라라837800,7438,0,0,0,0.0
라라837803,5334,0,0,0,0.0
라라838791,8378,0,0,0,0.0
라라839793,6293,0,0,0,0.0
라라840785,5337,0,0,0,0.0
라라840787,6283,0,0,0,0.0
라라841777,4373,0,0,0,0.0
라라841779,5162,0,0,0,0.0
라라841780,6084,0,0,0,0.0
라라841789,6756,0,0,0,0.0
라라842740,4413,0,0,0,0.0
라라842741,4447,0,0,0,0.0
라라842742,4221,0,0,0,0.0
라라842778,3346,0,0,0,0.0
라라842852,3401,0,0,0,0.0
라라843740,3418,0,0,0,0.0
라라843742,4706,0,0,0,0.0
라라843743,4273,0,0,0,0.0
라라843796,6544,0,0,0,0.0
라라843852,4095,0,0,0,0.0
라라843853,3794,0,0,0,0.0
라라844743,6247,0,0,0,0.0
라라844744,6769,0,0,0,0.0
라라844781,4862,0,0,0,0.0
라라844792,5300,0,0,0,0.0
라라844795,6839,0,0,0,0.0
라라844796,3770,0,0,0,0.0
라라844797,4093,0,0,0,0.0
라라844852,4068,0,0,0,0.0
라라844853,2450,0,0,0,0.0
라라845788,5784,0,0,0,0.0
라라845794,6735,0,0,0,0.0
라라845795,5884,0,0,0,0.0
라라845796,4181,0,0,0,0.0
라라845851,4450,0,0,0,0.0
라라845853,3911,0,0,0,0.0
라라846746,6290,0,0,0,0.0
라라846782,4071,0,0,0,0.0
라라846787,5469,0,0,0,0.0
라라846792,4747,0,0,0,0.0
라라846851,4584,0,0,0,0.0
라라847762,4643,0,0,0,0.0
라라847782,3641,0,0,0,0.0
라라847783,3718,0,0,0,0.0
라라847787,5189,0,0,0,0.0
라라848743,4755,0,0,0,0.0
라라848783,5140,0,0,0,0.0
라라848785,3675,0,0,0,0.0
라라848786,5293,0,0,0,0.0
라라848787,5579,0,0,0,0.0
라라848794,7500,0,0,0,0.0
라라848814,3585,0,0,0,0.0
라라848847,5538,0,0,0,0.0
라라848849,3534,0,0,0,0.0
라라848850,4272,0,0,0,0.0
라라849784,4431,0,0,0,0.0
라라849785,4421,0,0,0,0.0
라라849786,5257,0,0,0,0.0
라라849801,5976,0,0,0,0.0
라라849808,4162,0,0,0,0.0
라라849819,3646,0,0,0,0.0
라라849849,5191,0,0,0,0.0
라라849850,5099,0,0,0,0.0
라라850744,5803,0,0,0,0.0
라라850765,3917,0,0,0,0.0
라라850782,6459,0,0,0,0.0
라라850784,5713,0,0,0,0.0
라라850818,5699,0,0,0,0.0
라라850848,5108,0,0,0,0.0
라라850849,5591,0,0,0,0.0
라라850850,5233,0,0,0,0.0
라라851744,5544,0,0,0,0.0
라라851763,4061,0,0,0,0.0
라라851764,3514,0,0,0,0.0
라라851782,6243,0,0,0,0.0
라라851786,5105,0,0,0,0.0
라라851793,5960,0,0,0,0.0
라라851798,6107,0,0,0,0.0
라라851800,5834,0,0,0,0.0
라라851801,5111,0,0,0,0.0
라라851809,4603,0,0,0,0.0
라라851847,6447,0,0,0,0.0
라라851848,6665,0,0,0,0.0
라라851849,5895,0,0,0,0.0
라라851850,6129,0,0,0,0.0
라라852748,5475,0,0,0,0.0
라라852750,6917,0,0,0,0.0
라라852761,4291,0,0,0,0.0
라라852762,4582,0,0,0,0.0
라라852781,4892,0,0,0,0.0
라라852782,5801,0,0,0,0.0
라라852789,5227,0,0,0,0.0
라라852790,5731,0,0,0,0.0
라라852792,6161,0,0,0,0.0
라라852793,4871,0,0,0,0.0
라라852800,5448,0,0,0,0.0
라라852801,3300,0,0,0,0.0
라라852802,7892,0,0,0,0.0
라라852809,4265,0,0,0,0.0
라라852845,7805,0,0,0,0.0
라라852847,5514,0,0,0,0.0
라라852849,6393,0,0,0,0.0
라라853790,4600,0,0,0,0.0
라라853791,7010,0,0,0,0.0
라라853792,5411,0,0,0,0.0
라라853793,5715,0,0,0,0.0
라라853799,8300,0,0,0,0.0
라라853800,5407,0,0,0,0.0
라라853801,5297,0,0,0,0.0
라라853802,7151,0,0,0,0.0
라라853810,4830,0,0,0,0.0
라라853814,4269,0,0,0,0.0
라라853815,3547,0,0,0,0.0
라라853847,6409,0,0,0,0.0
라라853848,7410,0,0,0,0.0
라라853849,6800,0,0,0,0.0
라라854758,5985,0,0,0,0.0
라라854759,7750,0,0,0,0.0
라라854784,4242,0,0,0,0.0
라라854785,2887,0,0,0,0.0
라라854788,5318,0,0,0,0.0
라라854810,4984,0,0,0,0.0
라라854814,5982,0,0,0,0.0
라라854815,2357,0,0,4,0.001388888888888889
라라854816,4996,0,0,0,0.0
라라854841,5670,0,0,0,0.0
라라854842,5785,0,0,0,0.0
라라854844,6253,0,0,0,0.0
라라855752,7614,0,0,0,0.0
라라855757,5535,0,0,0,0.0
라라855758,6821,0,0,0,0.0
라라855783,5328,0,0,0,0.0
라라855784,2379,0,0,0,0.0
라라855785,4826,0,0,0,0.0
라라855794,6455,0,0,0,0.0
라라855795,6553,0,0,0,0.0
라라855796,6647,0,0,0,0.0
라라855808,3611,0,0,0,0.0
라라855810,5325,0,0,0,0.0
라라855815,4078,0,0,0,0.0
라라855817,5710,0,0,0,0.0
라라855841,6141,0,0,0,0.0
라라855842,5775,0,0,0,0.0
라라855843,4926,0,0,0,0.0
라라855844,5070,0,0,0,0.0
라라856752,6738,0,0,0,0.0
라라856754,9356,0,0,0,0.0
라라856757,9101,0,0,0,0.0
라라856783,6675,0,0,0,0.0
라라856794,6479,0,0,0,0.0
라라856795,5590,0,0,0,0.0
라라856817,6234,0,0,0,0.0
라라856842,6333,0,0,0,0.0
라라856843,3961,0,0,0,0.0
라라857756,7647,0,0,0,0.0
라라857757,8716,0,0,0,0.0
라라857791,4593,0,0,0,0.0
라라857795,5480,0,0,0,0.0
라라857796,8314,0,0,0,0.0
라라857842,5646,0,0,0,0.0
라라858756,9394,0,0,0,0.0
라라858777,5059,0,0,0,0.0
라라858778,7166,0,0,0,0.0
라라858792,4285,0,0,0,0.0
라라858816,7009,0,0,0,0.0
라라858829,3462,0,0,0,0.0
라라859757,8353,0,0,0,0.0
라라859758,9351,0,0,0,0.0
라라859776,4054,0,0,0,0.0
라라859777,4339,0,0,0,0.0
라라859778,5342,0,0,0,0.0
라라859787,5474,0,0,0,0.0
라라859789,4688,0,0,0,0.0
라라859796,7055,0,0,0,0.0
라라859808,4540,0,0,0,0.0
라라859810,6736,0,0,0,0.0
라라859825,7437,0,0,0,0.0
라라859827,4455,0,0,0,0.0
라라859845,6963,0,0,0,0.0
라라859846,7515,0,0,0,0.0
라라859847,7579,0,0,0,0.0
라라860757,7118,0,0,0,0.0
라라860801,6922,0,0,0,0.0
라라860805,2796,0,0,4,0.001388888888888889
라라860813,5371,0,0,0,0.0
라라860821,7059,0,0,0,0.0
라라860822,7442,0,0,0,0.0
라라860823,5652,0,0,0,0.0
라라860824,5465,0,0,0,0.0
라라860825,6372,0,0,0,0.0
라라860826,6814,0,0,0,0.0
라라860827,6285,0,0,0,0.0
라라860828,5089,0,0,0,0.0
라라860842,4622,0,0,0,0.0
라라861756,8030,0,0,0,0.0
라라861777,5953,0,0,0,0.0
라라861778,5509,0,0,0,0.0
라라861792,2880,0,0,0,0.0
라라861804,2639,0,0,0,0.0
라라861805,3157,0,0,0,0.0
라라861817,8318,0,0,0,0.0
라라861818,8084,0,0,0,0.0
라라861819,9052,0,0,0,0.0
라라861820,8445,0,0,0,0.0
라라861821,6716,0,0,0,0.0
라라861822,7679,0,0,0,0.0
라라861823,7293,0,0,0,0.0
라라861824,6200,0,0,0,0.0
라라861825,5489,0,0,0,0.0
라라861846,6190,0,0,0,0.0
라라861848,6637,0,0,0,0.0
라라862756,7299,0,0,0,0.0
라라862777,4060,0,0,0,0.0
라라862778,4876,0,0,0,0.0
라라862779,6872,0,0,0,0.0
라라862781,5240,0,0,0,0.0
라라862786,4702,0,0,0,0.0
라라862791,2891,0,0,11,0.0038194444444444443
라라862801,6092,0,0,0,0.0
라라862802,7433,0,0,0,0.0
라라862803,7230,0,0,0,0.0
라라862804,6991,0,0,0,0.0
라라862805,5093,0,0,0,0.0
라라862806,5150,0,0,0,0.0
라라862819,8376,0,0,0,0.0
라라862820,8986,0,0,0,0.0
라라862821,8394,0,0,0,0.0
라라862825,6624,0,0,0,0.0
라라862844,4047,0,0,0,0.0
라라863778,3321,0,0,0,0.0
라라863779,4400,0,0,0,0.0
라라863794,4587,0,0,0,0.0
라라863795,4526,0,0,0,0.0
라라863820,8097,0,0,0,0.0
라라863821,8921,0,0,0,0.0
라라863822,8026,0,0,0,0.0
라라863823,4927,0,0,0,0.0
라라863843,5092,0,0,0,0.0
라라863844,5933,0,0,0,0.0
라라864778,4765,0,0,0,0.0
라라864779,4505,0,0,0,0.0
라라864795,3445,0,0,0,0.0
라라864796,3639,0,0,0,0.0
라라864797,6140,0,0,0,0.0
라라864812,6182,0,0,0,0.0
라라864819,7057,0,0,0,0.0
라라864820,7955,0,0,0,0.0
라라865777,4548,0,0,0,0.0
라라865778,3703,0,0,0,0.0
라라865779,6187,0,0,0,0.0
라라865780,5887,0,0,0,0.0
라라865794,5179,0,0,0,0.0
라라865796,7399,0,0,0,0.0
라라865797,6971,0,0,0,0.0
라라865816,6541,0,0,0,0.0
라라865817,6404,0,0,0,0.0
라라865843,5832,0,0,0,0.0
라라866762,5719,0,0,0,0.0
라라866763,4550,0,0,0,0.0
라라866794,6051,0,0,0,0.0
라라866808,4189,0,0,0,0.0
라라866810,5635,0,0,0,0.0
라라866813,6565,0,0,0,0.0
라라866816,5757,0,0,0,0.0
라라866835,6601,0,0,0,0.0
라라866836,6334,0,0,0,0.0
라라866841,3954,0,0,0,0.0
라라866842,3059,0,0,0,0.0
라라866843,3640,0,0,0,0.0
라라867759,6020,0,0,0,0.0
라라867761,4399,0,0,0,0.0
라라867762,3838,0,0,0,0.0
라라867777,6385,0,0,0,0.0
라라867795,7910,0,0,0,0.0
라라867807,5379,0,0,0,0.0
라라867808,4619,0,0,0,0.0
라라867811,4165,0,0,0,0.0
라라867812,4712,0,0,0,0.0
라라867835,4961,0,0,0,0.0
라라867836,4368,0,0,0,0.0
라라868759,4529,0,0,0,0.0
라라868760,4834,0,0,0,0.0
라라868761,5024,0,0,0,0.0
라라868777,3841,0,0,0,0.0
라라868794,8341,0,0,0,0.0
라라868795,8425,0,0,0,0.0
라라868804,5011,0,0,0,0.0
라라868805,2462,0,0,0,0.0
라라868806,4217,0,0,0,0.0
라라868811,4558,0,0,0,0.0
라라868812,6489,0,0,0,0.0
라라868835,4245,0,0,0,0.0
라라868836,5340,0,0,0,0.0
라라869758,6493,0,0,0,0.0
라라869777,4133,0,0,0,0.0
라라869778,3901,0,0,0,0.0
라라869794,6718,0,0,0,0.0
라라869797,8564,0,0,0,0.0
라라869805,2442,0,0,0,0.0
라라869806,4673,0,0,0,0.0
라라869834,4774,0,0,0,0.0
라라870777,5810,0,0,0,0.0
라라870793,7034,0,0,0,0.0
라라870794,4842,0,0,0,0.0
라라870804,5581,0,0,0,0.0
라라870805,4966,0,0,0,0.0
라라870831,4650,0,0,0,0.0
라라870832,4893,0,0,0,0.0
라라871800,8096,0,0,0,0.0
라라871803,5880,0,0,0,0.0
라라871804,5397,0,0,0,0.0
라라871830,4888,0,0,0,0.0
라라871831,4691,0,0,0,0.0
라라871836,4810,0,0,0,0.0
라라872775,6156,0,0,0,0.0
라라872793,7232,0,0,0,0.0
라라872798,8217,0,0,0,0.0
라라872799,8200,0,0,0,0.0
라라872800,6852,0,0,0,0.0
라라872802,6857,0,0,0,0.0
라라872803,5816,0,0,0,0.0
라라872805,5987,0,0,0,0.0
라라872829,5618,0,0,0,0.0
라라872830,5248,0,0,0,0.0
라라873757,5643,0,0,0,0.0
라라873774,3473,0,0,0,0.0
라라873775,3712,0,0,0,0.0
라라873776,3922,0,0,0,0.0
라라873795,4850,0,0,0,0.0
라라873797,7022,0,0,0,0.0
라라873800,7378,0,0,0,0.0
라라873817,4890,0,0,0,0.0
라라873828,7999,0,0,0,0.0
라라873873,4595,0,0,0,0.0
라라874775,1689,0,0,0,0.0
라라874776,1328,0,0,0,0.0
라라874798,7499,0,0,0,0.0
라라874817,3974,0,0,0,0.0
라라874828,6876,0,0,0,0.0
라라874831,6239,0,0,0,0.0
라라874833,6630,0,0,0,0.0
라라874869,7374,0,0,0,0.0
라라875759,4423,0,0,0,0.0
라라875775,3605,0,0,0,0.0
라라875794,4687,0,0,0,0.0
라라875825,7945,0,0,0,0.0
라라875827,8397,0,0,0,0.0
라라875828,8137,0,0,0,0.0
라라875832,6834,0,0,0,0.0
라라875833,5850,0,0,0,0.0
라라875866,7992,0,0,0,0.0
라라875867,7244,0,0,0,0.0
라라876756,3624,0,0,0,0.0
라라876757,3580,0,0,0,0.0
라라876758,3362,0,0,0,0.0
라라876759,3389,0,0,0,0.0
라라876772,4156,0,0,0,0.0
라라876773,5244,0,0,0,0.0
라라876774,5416,0,0,0,0.0
라라876794,5001,0,0,0,0.0
라라876802,8567,0,0,0,0.0
라라876803,8582,0,0,0,0.0
라라876804,8840,0,0,0,0.0
라라876806,7901,0,0,0,0.0
라라876818,5199,0,0,0,0.0
라라876825,7522,0,0,0,0.0
라라876826,6440,0,0,0,0.0
라라876827,8027,0,0,0,0.0
라라876832,7734,0,0,0,0.0
라라876866,6992,0,0,0,0.0
라라876867,7296,0,0,0,0.0
라라876868,7344,0,0,0,0.0
라라877757,3561,0,0,0,0.0
라라877758,3419,0,0,0,0.0
라라877771,5778,0,0,0,0.0
라라877772,3755,0,0,0,0.0
라라877773,3199,0,0,0,0.0
라라877791,6599,0,0,0,0.0
라라877804,9411,0,0,0,0.0
라라877805,8102,0,0,0,0.0
라라877806,8687,0,0,0,0.0
라라877818,3873,0,0,0,0.0
라라877819,5586,0,0,0,0.0
라라877824,6860,0,0,0,0.0
라라877825,6384,0,0,0,0.0
라라877826,8534,0,0,0,0.0
라라877831,7697,0,0,0,0.0
라라877866,6970,0,0,0,0.0
라라877867,8009,0,0,0,0.0
라라878758,4149,0,0,0,0.0
라라878772,5156,0,0,0,0.0
라라878791,7310,0,0,0,0.0
라라878805,3608,0,0,0,0.0
라라878806,1417,0,0,0,0.0
라라878811,3810,0,0,0,0.0
라라878818,2301,0,0,0,0.0
라라878819,2954,0,0,0,0.0
라라878823,7408,0,0,0,0.0
라라878830,7828,0,0,0,0.0
라라878831,8033,0,0,0,0.0
라라878834,7677,0,0,0,0.0
라라878835,6467,0,0,0,0.0
라라878860,7291,0,0,0,0.0
라라878875,4901,0,0,0,0.0
라라878876,3297,0,0,0,0.0
라라879759,4732,0,0,0,0.0
라라879762,5478,0,0,0,0.0
라라879792,7653,0,0,0,0.0
라라879801,8689,0,0,0,0.0
라라879804,7854,0,0,0,0.0
라라879805,8125,0,0,0,0.0
라라879806,9825,0,0,0,0.0
라라879818,3472,0,0,0,0.0
라라879819,5744,0,0,0,0.0
라라879821,4939,0,0,0,0.0
라라879831,6312,0,0,0,0.0
라라879832,7286,0,0,0,0.0
라라879861,6784,0,0,0,0.0
라라879876,4727,0,0,0,0.0
라라879878,4912,0,0,0,0.0
라라880765,5676,0,0,0,0.0
라라880803,7760,0,0,0,0.0
라라880804,4972,0,0,0,0.0
라라880805,7752,0,0,0,0.0
라라880806,9473,0,0,0,0.0
라라880810,5432,0,0,0,0.0
라라880817,5356,0,0,0,0.0
라라880818,3416,0,0,0,0.0
라라880821,5754,0,0,0,0.0
라라880853,5230,0,0,0,0.0
라라880860,8528,0,0,0,0.0
라라880861,6781,0,0,0,0.0
라라880862,7284,0,0,0,0.0
라라880876,4396,0,0,0,0.0
라라881770,4119,0,0,0,0.0
라라881788,8499,0,0,0,0.0
라라881801,9058,0,0,0,0.0
라라881802,8930,0,0,0,0.0
라라881803,9320,0,0,0,0.0
라라881804,7514,0,0,0,0.0
라라881805,7116,0,0,0,0.0
라라881806,8077,0,0,0,0.0
라라881824,5638,0,0,0,0.0
라라881826,5857,0,0,0,0.0
라라881854,4796,0,0,0,0.0
라라881858,8627,0,0,0,0.0
라라881860,8181,0,0,0,0.0
라라881861,8607,0,0,0,0.0
라라881870,6017,0,0,0,0.0
라라881871,4816,0,0,0,0.0
라라881872,7600,0,0,0,0.0
라라881874,6930,0,0,0,0.0
라라882770,5835,0,0,0,0.0
라라882786,7781,0,0,0,0.0
라라882787,7108,0,0,0,0.0
라라882788,8914,0,0,0,0.0
라라882789,9271,0,0,0,0.0
라라882791,9407,0,0,0,0.0
라라882804,8028,0,0,0,0.0
라라882805,5922,0,0,0,0.0
라라882806,7629,0,0,0,0.0
라라882826,6501,0,0,0,0.0
라라882859,7467,0,0,0,0.0
라라882861,8070,0,0,0,0.0
라라882870,5911,0,0,0,0.0
라라882871,5807,0,0,0,0.0
라라882873,6220,0,0,0,0.0
라라882875,6232,0,0,0,0.0
라라883769,5771,0,0,0,0.0
라라883804,8523,0,0,0,0.0
라라883805,8665,0,0,0,0.0
라라883806,2943,0,0,0,0.0
라라883812,7460,0,0,0,0.0
라라883823,4815,0,0,0,0.0
라라883824,5402,0,0,0,0.0
라라883856,5241,0,0,0,0.0
라라883858,6032,0,0,0,0.0
라라884786,8047,0,0,0,0.0
라라884804,8124,0,0,0,0.0
라라884805,8929,0,0,0,0.0
라라884811,8352,0,0,0,0.0
라라884866,5236,0,0,0,0.0
라라884867,8387,0,0,0,0.0
라라884868,8036,0,0,0,0.0
라라885786,6923,0,0,0,0.0
라라885787,7623,0,0,0,0.0
라라885802,8998,0,0,0,0.0
라라885804,9127,0,0,0,0.0
라라885806,7385,0,0,0,0.0
라라885807,6719,0,0,0,0.0
라라885808,6125,0,0,0,0.0
라라885859,8090,0,0,0,0.0
라라885860,8055,0,0,0,0.0
라라885866,8280,0,0,0,0.0
라라885867,7790,0,0,0,0.0
라라886786,7793,0,0,0,0.0
라라886803,8003,0,0,0,0.0
라라886805,9133,0,0,0,0.0
라라886806,7428,0,0,0,0.0
라라886810,7768,0,0,0,0.0
라라886813,6452,0,0,0,0.0
라라886815,6938,0,0,0,0.0
라라886817,8310,0,0,0,0.0
라라886822,9209,0,0,0,0.0
라라886848,3903,0,0,0,0.0
라라886849,4153,0,0,0,0.0
라라886858,8501,0,0,0,0.0
라라886863,4262,0,0,0,0.0
라라887786,6952,0,0,0,0.0
라라887796,8769,0,0,0,0.0
라라887802,7345,0,0,0,0.0
라라887803,8191,0,0,0,0.0
라라887817,6907,0,0,0,0.0
라라887818,7066,0,0,0,0.0
라라887823,9771,0,0,0,0.0
라라887856,8292,0,0,0,0.0
라라887857,8197,0,0,0,0.0
라라887858,6994,0,0,0,0.0
라라888786,6082,0,0,0,0.0
라라888787,8879,0,0,0,0.0
라라888800,5521,0,0,0,0.0
라라888801,6897,0,0,0,0.0
라라888802,7536,0,0,0,0.0
라라888804,8469,0,0,0,0.0
라라888812,5123,0,0,0,0.0
라라888816,7368,0,0,0,0.0
라라888817,8368,0,0,0,0.0
라라888826,4103,0,0,0,0.0
라라888827,4805,0,0,0,0.0
라라888836,8291,0,0,0,0.0
라라888845,2722,0,0,0,0.0
라라888846,2724,0,0,0,0.0
라라888849,3368,0,0,0,0.0
라라888850,4665,0,0,0,0.0
라라888851,5508,0,0,0,0.0
라라888857,7557,0,0,0,0.0
라라888858,7292,0,0,0,0.0
라라888859,8661,0,0,0,0.0
라라889767,4818,0,0,0,0.0
라라889786,5849,0,0,0,0.0
라라889787,4734,0,0,0,0.0
라라889792,7050,0,0,0,0.0
라라889793,8717,0,0,0,0.0
라라889794,5555,0,0,0,0.0
라라889795,7477,0,0,0,0.0
라라889798,9579,0,0,0,0.0
라라889799,8481,0,0,0,0.0
라라889800,6594,0,0,0,0.0
라라889803,7383,0,0,0,0.0
라라889814,5490,0,0,0,0.0
라라889815,8827,0,0,0,0.0
라라889816,8727,0,0,0,0.0
라라889825,6609,0,0,0,0.0
라라889826,4342,0,0,0,0.0
라라889831,9584,0,0,0,0.0
라라889834,8880,0,0,0,0.0
라라889836,8058,0,0,0,0.0
라라889837,7306,0,0,0,0.0
라라889849,5052,0,0,0,0.0
라라890787,9193,0,0,0,0.0
라라890789,8579,0,0,0,0.0
라라890791,8295,0,0,0,0.0
라라890792,6152,0,0,0,0.0
라라890793,5918,0,0,0,0.0
라라890794,5909,0,0,0,0.0
라라890795,5148,0,0,0,0.0
라라890796,8092,0,0,0,0.0
라라890797,8751,0,0,0,0.0
라라890798,8175,0,0,0,0.0
라라890799,8493,0,0,0,0.0
라라890803,7225,0,0,0,0.0
라라890814,4994,0,0,0,0.0
라라890826,7364,0,0,0,0.0
라라890827,6043,0,0,0,0.0
라라890834,8117,0,0,0,0.0
라라890835,7474,0,0,0,0.0
라라890837,7633,0,0,0,0.0
라라890842,3939,0,0,0,0.0
라라890847,3928,0,0,0,0.0
라라890850,4848,0,0,0,0.0
라라890851,6277,0,0,0,0.0
라라891789,5097,0,0,0,0.0
라라891791,9756,0,0,0,0.0
라라891792,8032,0,0,0,0.0
라라891793,7909,0,0,0,0.0
라라891794,7503,0,0,0,0.0
라라891795,7844,0,0,0,0.0
라라891796,5172,0,0,0,0.0
라라891797,7879,0,0,0,0.0
라라891800,7979,0,0,0,0.0
라라891802,7158,0,0,0,0.0
라라891803,8100,0,0,0,0.0
라라891815,6370,0,0,0,0.0
라라891826,9586,0,0,0,0.0
라라891829,9075,0,0,0,0.0
라라891832,7984,0,0,0,0.0
라라891833,7848,0,0,0,0.0
라라891834,7736,0,0,0,0.0
라라891839,2889,0,0,0,0.0
라라891842,3524,0,0,0,0.0
라라891845,3100,0,0,0,0.0
라라891851,2237,0,0,0,0.0
라라891945,9180,0,0,0,0.0
라라892788,6382,0,0,0,0.0
라라892789,6315,0,0,0,0.0
라라892790,7031,0,0,0,0.0
라라892791,6218,0,0,0,0.0
라라892795,6468,0,0,0,0.0
라라892796,7886,0,0,0,0.0
라라892802,7471,0,0,0,0.0
라라892803,8626,0,0,0,0.0
라라892808,9104,0,0,0,0.0
라라892809,8123,0,0,0,0.0
라라892823,9839,0,0,0,0.0
라라892824,9467,0,0,0,0.0
라라892825,9025,0,0,0,0.0
라라892828,8561,0,0,0,0.0
라라892831,7431,0,0,0,0.0
라라892832,6753,0,0,0,0.0
라라892839,2468,0,0,9,0.003125
라라892840,2312,0,0,3,0.0010416666666666667
라라892841,2619,0,0,0,0.0
라라892842,3133,0,0,0,0.0
라라892850,4055,0,0,0,0.0
라라892851,4287,0,0,0,0.0
라라892852,4950,0,0,0,0.0
라라892944,8412,0,0,0,0.0
라라892947,9540,0,0,0,0.0
라라893790,9515,0,0,0,0.0
라라893791,6073,0,0,0,0.0
라라893794,9047,0,0,0,0.0
라라893803,8868,0,0,0,0.0
라라893804,8010,0,0,0,0.0
라라893806,8999,0,0,0,0.0
라라893807,9578,0,0,0,0.0
라라893808,5413,0,0,0,0.0
라라893809,7141,0,0,0,0.0
라라893810,8202,0,0,0,0.0
라라893822,9774,0,0,0,0.0
라라893827,8832,0,0,0,0.0
라라893835,4420,0,0,0,0.0
라라893840,3796,0,0,0,0.0
라라893841,2096,0,0,2,0.0006944444444444445
라라893842,4363,0,0,0,0.0
라라893850,3830,0,0,0,0.0
라라893851,4084,0,0,0,0.0
라라893852,5615,0,0,0,0.0
라라893944,8482,0,0,0,0.0
라라893945,9015,0,0,0,0.0
라라893946,7926,0,0,0,0.0
라라893947,7807,0,0,0,0.0
라라893948,8415,0,0,0,0.0
라라894790,9518,0,0,0,0.0
라라894791,8218,0,0,0,0.0
라라894800,5171,0,0,0,0.0
라라894803,7921,0,0,0,0.0
라라894804,10140,0,0,0,0.0
라라894806,9353,0,0,0,0.0
라라894807,9360,0,0,0,0.0
라라894808,8246,0,0,0,0.0
라라894809,8337,0,0,0,0.0
라라894810,8955,0,0,0,0.0
라라894813,6380,0,0,0,0.0
라라894814,5645,0,0,0,0.0
라라894822,8734,0,0,0,0.0
라라894830,7137,0,0,0,0.0
라라894833,7403,0,0,0,0.0
라라894834,4758,0,0,0,0.0
라라894840,3909,0,0,0,0.0
라라894841,3942,0,0,0,0.0
라라894842,3938,0,0,0,0.0
라라894843,4760,0,0,0,0.0
라라894851,4795,0,0,0,0.0
라라894922,6846,0,0,0,0.0
라라894943,9832,0,0,0,0.0
라라894944,8179,0,0,0,0.0
라라894945,7878,0,0,0,0.0
라라895788,9019,0,0,0,0.0
라라895802,9451,0,0,0,0.0
라라895807,10122,0,0,0,0.0
라라895809,8508,0,0,0,0.0
라라895811,8239,0,0,0,0.0
라라895812,6143,0,0,0,0.0
라라895813,6282,0,0,0,0.0
라라895814,4859,0,0,0,0.0
라라895815,7207,0,0,0,0.0
라라895832,7048,0,0,0,0.0
라라895835,8427,0,0,0,0.0
라라895838,5154,0,0,0,0.0
라라895841,5387,0,0,0,0.0
라라895842,2699,0,0,0,0.0
라라895843,4171,0,0,0,0.0
라라895852,4115,0,0,0,0.0
라라895921,6664,0,0,0,0.0
라라895922,6373,0,0,0,0.0
라라895923,8186,0,0,0,0.0
라라895938,9874,0,0,0,0.0
라라895939,10045,0,0,0,0.0
라라895942,10081,0,0,0,0.0
라라895943,8872,0,0,0,0.0
라라896799,282,0,0,0,0.0
라라896802,8685,0,0,0,0.0
라라896803,10117,0,0,0,0.0
라라896823,5486,0,0,0,0.0
라라896831,7432,0,0,0,0.0
라라896835,6895,0,0,0,0.0
라라896836,7732,0,0,0,0.0
라라896837,8621,0,0,0,0.0
라라896838,3546,0,0,0,0.0
라라896843,5238,0,0,0,0.0
라라896852,3968,0,0,0,0.0
라라896939,9854,0,0,0,0.0
라라896940,10188,0,0,0,0.0
라라896942,9107,0,0,0,0.0
라라896943,9796,0,0,0,0.0
라라897799,8852,0,0,0,0.0
라라897801,455,0,0,0,0.0
라라897802,4783,0,0,0,0.0
라라897803,6295,0,0,0,0.0
라라897804,10166,0,0,0,0.0
라라897805,9979,0,0,0,0.0
라라897806,9789,0,0,0,0.0
라라897825,7818,0,0,0,0.0
라라897826,7501,0,0,0,0.0
라라897827,3826,0,0,0,0.0
라라897833,7527,0,0,0,0.0
라라897835,7343,0,0,0,0.0
라라897836,7439,0,0,0,0.0
라라897837,8808,0,0,0,0.0
라라897858,3848,0,0,0,0.0
라라897923,8823,0,0,0,0.0
라라897940,10053,0,0,0,0.0
라라897941,9790,0,0,0,0.0
라라898799,8901,0,0,0,0.0
라라898800,4991,0,0,0,0.0
라라898801,5081,0,0,0,0.0
라라898802,5007,0,0,0,0.0
라라898803,7424,0,0,0,0.0
라라898804,9795,0,0,0,0.0
라라898805,8315,0,0,0,0.0
라라898806,7322,0,0,0,0.0
라라898807,7645,0,0,0,0.0
라라898808,8594,0,0,0,0.0
라라898809,2359,0,0,0,0.0
라라898824,7981,0,0,0,0.0
라라898825,6616,0,0,0,0.0
라라898826,7019,0,0,0,0.0
라라898827,6815,0,0,0,0.0
라라898828,3881,0,0,0,0.0
라라898829,2057,0,0,0,0.0
라라898830,3272,0,0,0,0.0
라라898859,3523,0,0,0,0.0
라라898940,10049,0,0,0,0.0
라라898941,10074,0,0,0,0.0
라라899799,9341,0,0,0,0.0
라라899800,4764,0,0,0,0.0
라라899801,3479,0,0,0,0.0
라라899802,5129,0,0,0,0.0
라라899803,5666,0,0,0,0.0
라라899804,5175,0,0,0,0.0
라라899805,8203,0,0,0,0.0
라라899806,7109,0,0,0,0.0
라라899807,9208,0,0,0,0.0
라라899808,8890,0,0,0,0.0
라라899809,4884,0,0,0,0.0
라라899810,1608,0,0,0,0.0
라라899813,9574,0,0,0,0.0
라라899828,3258,0,0,0,0.0
라라899829,2049,0,0,0,0.0
라라899830,3619,0,0,0,0.0
라라899858,2863,0,0,0,0.0
라라899936,10196,0,0,0,0.0
라라899937,10200,0,0,0,0.0
라라899938,10194,0,0,0,0.0
라라899940,10010,0,0,0,0.0
라라899957,9219,0,0,0,0.0
라라900797,6832,0,0,0,0.0
라라900798,7674,0,0,0,0.0
라라900799,9945,0,0,0,0.0
라라900800,2477,0,0,0,0.0
라라900801,5703,0,0,0,0.0
라라900802,6706,0,0,0,0.0
라라900803,8473,0,0,0,0.0
라라900804,8270,0,0,0,0.0
라라900805,8857,0,0,0,0.0
라라900806,5609,0,0,0,0.0
라라900808,8657,0,0,0,0.0
라라900809,9664,0,0,0,0.0
라라900810,1722,0,0,0,0.0
라라900811,1965,0,0,0,0.0
라라900812,1858,0,0,0,0.0
라라900829,2885,0,0,0,0.0
라라900858,2167,0,0,0,0.0
라라900860,4150,0,0,0,0.0
라라900863,2631,0,0,0,0.0
라라900864,3934,0,0,0,0.0
라라900932,10185,0,0,0,0.0
라라900935,10198,0,0,0,0.0
라라900936,10167,0,0,0,0.0
라라900937,10026,0,0,0,0.0
라라900968,9770,0,0,0,0.0
라라901778,4327,0,0,0,0.0
라라901796,7550,0,0,0,0.0
라라901799,7507,0,0,0,0.0
라라901800,2640,0,0,0,0.0
라라901801,9170,0,0,0,0.0
라라901802,8540,0,0,0,0.0
라라901803,8694,0,0,0,0.0
라라901804,7393,0,0,0,0.0
라라901805,6231,0,0,0,0.0
라라901806,5360,0,0,0,0.0
라라901810,4301,0,0,0,0.0
라라901811,5307,0,0,0,0.0
라라901812,1518,0,0,0,0.0
라라901813,1363,0,0,0,0.0
라라901861,3446,0,0,0,0.0
라라901862,3063,0,0,0,0.0
라라901863,1584,0,0,1,0.00034722222222222224
라라901864,2929,0,0,0,0.0
라라901888,5443,0,0,0,0.0
라라901922,7312,0,0,0,0.0
라라901923,8357,0,0,0,0.0
라라901935,8724,0,0,0,0.0
라라901936,10190,0,0,0,0.0
라라901937,9864,0,0,0,0.0
라라901954,8535,0,0,0,0.0
라라901968,7297,0,0,0,0.0
라라902768,2577,0,0,24,0.008333333333333333
라라902778,4406,0,0,0,0.0
라라902797,8492,0,0,0,0.0
라라902798,9004,0,0,0,0.0
라라902799,9117,0,0,0,0.0
라라902800,3564,0,0,0,0.0
라라902804,6651,0,0,0,0.0
라라902805,6777,0,0,0,0.0
라라902806,6634,0,0,0,0.0
라라902807,9727,0,0,0,0.0
라라902810,3844,0,0,0,0.0
라라902859,3397,0,0,0,0.0
라라902863,1846,0,0,8,0.002777777777777778
라라902922,6281,0,0,0,0.0
라라902933,9982,0,0,0,0.0
라라902934,6111,0,0,0,0.0
라라902947,10058,0,0,0,0.0
라라902954,8581,0,0,0,0.0
라라902967,8326,0,0,0,0.0
라라903762,2644,0,0,21,0.007291666666666667
라라903767,2667,0,0,3,0.0010416666666666667
라라903776,2513,0,0,0,0.0
라라903777,2524,0,0,0,0.0
라라903778,4542,0,0,0,0.0
라라903796,7532,0,0,0,0.0
라라903797,7903,0,0,0,0.0
라라903798,8892,0,0,0,0.0
라라903800,686,0,0,1,0.00034722222222222224
라라903805,7159,0,0,0,0.0
라라903806,5381,0,0,0,0.0
라라903889,4476,0,0,0,0.0
라라903890,5525,0,0,0,0.0
라라903923,9147,0,0,0,0.0
라라903924,9523,0,0,0,0.0
라라903933,9736,0,0,0,0.0
라라903934,6586,0,0,0,0.0
라라903966,9272,0,0,0,0.0
라라903967,8796,0,0,0,0.0
라라903970,10043,0,0,0,0.0
라라904766,4215,0,0,0,0.0
라라904775,3061,0,0,15,0.005208333333333333
라라904776,3835,0,0,0,0.0
라라904798,7806,0,0,0,0.0
라라904800,7762,0,0,0,0.0
라라904802,8221,0,0,0,0.0
라라904803,8118,0,0,0,0.0
라라904806,7104,0,0,0,0.0
라라904807,8113,0,0,0,0.0
라라904889,4112,0,0,0,0.0
라라904890,4194,0,0,0,0.0
라라904923,8536,0,0,0,0.0
라라904924,8691,0,0,0,0.0
라라904933,9203,0,0,0,0.0
라라904966,8869,0,0,0,0.0
라라904967,8766,0,0,0,0.0
라라904969,9246,0,0,0,0.0
라라905764,3078,0,0,4,0.001388888888888889
라라905796,6761,0,0,0,0.0
라라905797,8542,0,0,0,0.0
라라905799,7435,0,0,0,0.0
라라905800,6894,0,0,0,0.0
라라905802,7200,0,0,0,0.0
라라905803,7927,0,0,0,0.0
라라905804,7365,0,0,0,0.0
라라905807,9441,0,0,0,0.0
라라905808,6700,0,0,0,0.0
라라905809,8188,0,0,0,0.0
라라905889,3437,0,0,0,0.0
라라905924,7996,0,0,0,0.0
라라905928,8112,0,0,0,0.0
라라905932,7226,0,0,0,0.0
라라905933,9130,0,0,0,0.0
라라905966,8133,0,0,0,0.0
라라905967,9375,0,0,0,0.0
라라905969,9502,0,0,0,0.0
라라905970,9700,0,0,0,0.0
라라906765,3973,0,0,18,0.00625
라라906796,8185,0,0,0,0.0
라라906798,9036,0,0,0,0.0
라라906799,7701,0,0,0,0.0
라라906800,7876,0,0,0,0.0
라라906804,6826,0,0,0,0.0
라라906805,5333,0,0,0,0.0
라라906807,7283,0,0,0,0.0
라라906808,6516,0,0,0,0.0
라라906809,6587,0,0,0,0.0
라라906811,8787,0,0,0,0.0
라라906888,3168,0,0,0,0.0
라라906889,1867,0,0,0,0.0
라라906890,3477,0,0,0,0.0
라라906891,5083,0,0,0,0.0
라라906927,5438,0,0,0,0.0
라라906928,4462,0,0,0,0.0
라라906929,2996,0,0,0,0.0
라라906930,2005,0,0,0,0.0
라라906931,2839,0,0,0,0.0
라라906932,1881,0,0,0,0.0
라라906933,1521,0,0,0,0.0
라라906934,1845,0,0,0,0.0
라라906952,9100,0,0,0,0.0
라라906966,9557,0,0,0,0.0
라라906967,9670,0,0,0,0.0
라라906970,8876,0,0,0,0.0
라라907794,7908,0,0,0,0.0
라라907795,7816,0,0,0,0.0
라라907798,8684,0,0,0,0.0
라라907799,7423,0,0,0,0.0
라라907800,9020,0,0,0,0.0
라라907805,7585,0,0,0,0.0
라라907808,8946,0,0,0,0.0
라라907809,7872,0,0,0,0.0
라라907810,7625,0,0,0,0.0
라라907889,3478,0,0,0,0.0
라라907890,3739,0,0,0,0.0
라라907891,2982,0,0,0,0.0
라라907892,4642,0,0,0,0.0
라라907927,8782,0,0,0,0.0
라라907928,4570,0,0,0,0.0
라라907929,2570,0,0,0,0.0
라라907930,2557,0,0,0,0.0
라라907931,1635,0,0,0,0.0
라라907932,7847,0,0,0,0.0
라라907933,7826,0,0,0,0.0
라라907934,5530,0,0,0,0.0
라라907935,5515,0,0,0,0.0
라라907936,10132,0,0,0,0.0
라라907950,10036,0,0,0,0.0
라라907951,5272,0,0,0,0.0
라라907952,9987,0,0,0,0.0
라라907967,9150,0,0,0,0.0
라라907969,8682,0,0,0,0.0
라라907970,8981,0,0,0,0.0
라라907974,10018,0,0,0,0.0
라라908794,5464,0,0,0,0.0
라라908795,7646,0,0,0,0.0
라라908796,7341,0,0,0,0.0
라라908808,6427,0,0,0,0.0
라라908814,8235,0,0,0,0.0
라라908889,5519,0,0,0,0.0
라라908890,3740,0,0,0,0.0
라라908891,2865,0,0,0,0.0
라라908892,4333,0,0,0,0.0
라라908929,6508,0,0,0,0.0
라라908930,1971,0,0,0,0.0
라라908931,1695,0,0,0,0.0
라라908932,7354,0,0,0,0.0
라라908933,8173,0,0,0,0.0
라라908934,4248,0,0,0,0.0
라라908935,10055,0,0,0,0.0
라라908946,4524,0,0,0,0.0
라라908950,2666,0,0,0,0.0
라라908951,7074,0,0,0,0.0
라라908952,10158,0,0,0,0.0
라라908966,9724,0,0,0,0.0
라라908969,9934,0,0,0,0.0
라라908970,10134,0,0,0,0.0
라라908975,9981,0,0,0,0.0
라라908977,9720,0,0,0,0.0
라라909791,7564,0,0,0,0.0
라라909792,7039,0,0,0,0.0
라라909793,2646,0,0,0,0.0
라라909794,5174,0,0,0,0.0
라라909795,9572,0,0,0,0.0
라라909810,7555,0,0,0,0.0
라라909813,6150,0,0,0,0.0
라라909815,6184,0,0,0,0.0
라라909857,3432,0,0,0,0.0
라라909892,4575,0,0,0,0.0
라라909921,5494,0,0,0,0.0
라라909932,10099,0,0,0,0.0
라라909933,9112,0,0,0,0.0
라라909934,8053,0,0,0,0.0
라라909935,4594,0,0,0,0.0
라라909945,3946,0,0,0,0.0
라라909946,1631,0,0,37,0.012847222222222222
라라909947,4468,0,0,0,0.0
라라909948,2260,0,0,0,0.0
라라909949,1036,0,0,0,0.0
라라909950,9738,0,0,0,0.0
라라909969,9543,0,0,0,0.0
라라909970,10021,0,0,0,0.0
라라909974,9757,0,0,0,0.0
라라909976,9628,0,0,0,0.0
라라909977,8900,0,0,0,0.0
라라909978,9837,0,0,0,0.0
라라910790,7372,0,0,0,0.0
라라910791,7093,0,0,0,0.0
라라910792,6629,0,0,0,0.0
라라910793,7427,0,0,0,0.0
라라910794,7893,0,0,0,0.0
라라910795,9553,0,0,0,0.0
라라910796,9109,0,0,0,0.0
라라910797,9307,0,0,0,0.0
라라910801,7923,0,0,0,0.0
라라910807,5566,0,0,0,0.0
라라910808,4856,0,0,0,0.0
라라910815,4504,0,0,7,0.0024305555555555556
라라910819,5833,0,0,0,0.0
라라910821,6071,0,0,0,0.0
라라910852,3888,0,0,0,0.0
라라910893,6730,0,0,0,0.0
라라910921,5312,0,0,0,0.0
라라910922,7764,0,0,0,0.0
라라910923,3282,0,0,0,0.0
라라910924,10129,0,0,0,0.0
라라910933,10128,0,0,0,0.0
라라910935,7553,0,0,0,0.0
라라910936,2752,0,0,0,0.0
라라910938,10181,0,0,0,0.0
라라910946,2038,0,0,0,0.0
라라910947,3955,0,0,0,0.0
라라910948,9556,0,0,0,0.0
라라910970,10102,0,0,0,0.0
라라910974,10028,0,0,0,0.0
라라911791,8586,0,0,0,0.0
라라911795,8905,0,0,0,0.0
라라911796,7745,0,0,0,0.0
라라911808,3299,0,0,0,0.0
라라911809,5578,0,0,0,0.0
라라911810,6805,0,0,0,0.0
라라911813,6040,0,0,0,0.0
라라911814,6308,0,0,0,0.0
라라911816,6028,0,0,0,0.0
라라911817,8245,0,0,0,0.0
라라911819,4545,0,0,20,0.006944444444444444
라라911889,6245,0,0,0,0.0
라라911919,9478,0,0,0,0.0
라라911920,10163,0,0,0,0.0
라라911921,5709,0,0,0,0.0
라라911922,1485,0,0,0,0.0
라라911923,1649,0,0,0,0.0
라라911924,2859,0,0,0,0.0
라라911925,5102,0,0,0,0.0
라라911932,8298,0,0,0,0.0
라라911933,7036,0,0,0,0.0
라라911936,4970,0,0,0,0.0
라라911937,2818,0,0,0,0.0
라라911938,3294,0,0,0,0.0
라라911945,4229,0,0,0,0.0
라라911946,8451,0,0,0,0.0
라라911947,10161,0,0,0,0.0
라라911967,8728,0,0,0,0.0
라라911973,10044,0,0,0,0.0
라라912806,6465,0,0,0,0.0
라라912807,5611,0,0,0,0.0
라라912808,3695,0,0,0,0.0
라라912809,4239,0,0,0,0.0
라라912810,8066,0,0,0,0.0
라라912812,7084,0,0,0,0.0
라라912813,6757,0,0,0,0.0
라라912814,7912,0,0,0,0.0
라라912815,6690,0,0,0,0.0
라라912889,5874,0,0,0,0.0
라라912893,4975,0,0,0,0.0
라라912915,10118,0,0,0,0.0
라라912919,10126,0,0,0,0.0
라라912922,4183,0,0,0,0.0
라라912923,4439,0,0,0,0.0
라라912924,3,1,1,2567,0.8913194444444444
라라912925,2149,0,0,0,0.0
라라912926,9924,0,0,0,0.0
라라912930,4294,0,0,0,0.0
라라912931,2317,0,0,0,0.0
라라912932,3566,0,0,0,0.0
라라912933,3861,0,0,0,0.0
라라912934,3430,0,0,0,0.0
라라912935,4178,0,0,0,0.0
라라912936,1968,0,0,0,0.0
라라912937,1496,0,0,0,0.0
라라912938,3125,0,0,0,0.0
라라912945,3509,0,0,0,0.0
라라912946,4656,0,0,0,0.0
라라912974,9149,0,0,0,0.0
라라913789,7054,0,0,0,0.0
라라913807,5828,0,0,0,0.0
라라913808,4032,0,0,0,0.0
라라913809,6862,0,0,0,0.0
라라913846,4581,0,0,0,0.0
라라913850,4345,0,0,0,0.0
라라913851,4184,0,0,0,0.0
라라913852,4873,0,0,0,0.0
라라913894,4163,0,0,0,0.0
라라913915,9224,0,0,0,0.0
라라913916,9730,0,0,0,0.0
라라913923,5484,0,0,0,0.0
라라913924,1731,0,0,0,0.0
라라913925,1760,0,0,0,0.0
라라913926,2721,0,0,0,0.0
라라913927,9970,0,0,0,0.0
라라913928,1508,0,0,0,0.0
라라913929,4647,0,0,0,0.0
라라913930,1996,0,0,0,0.0
라라913931,2162,0,0,0,0.0
라라913932,2416,0,0,0,0.0
라라913933,9254,0,0,0,0.0
라라913935,9806,0,0,0,0.0
라라913937,948,0,0,0,0.0
라라913938,899,0,0,0,0.0
라라913939,6804,0,0,0,0.0
라라913940,5607,0,0,0,0.0
라라913941,8076,0,0,0,0.0
라라913944,6189,0,0,0,0.0
라라913945,901,0,0,0,0.0
라라913946,1199,0,0,0,0.0
라라913972,8398,0,0,0,0.0
라라913975,9799,0,0,0,0.0
라라914789,6542,0,0,0,0.0
라라914790,8149,0,0,0,0.0
라라914807,5317,0,0,0,0.0
라라914809,6943,0,0,0,0.0
라라914850,4471,0,0,0,0.0
라라914851,3930,0,0,0,0.0
라라914894,2892,0,0,0,0.0
라라914895,3991,0,0,0,0.0
라라914915,7695,0,0,0,0.0
라라914916,8884,0,0,0,0.0
라라914924,9455,0,0,0,0.0
라라914927,3070,0,0,0,0.0
라라914928,1892,0,0,0,0.0
라라914929,1302,0,0,0,0.0
라라914930,925,0,0,0,0.0
라라914931,945,0,0,0,0.0
라라914932,3091,0,0,0,0.0
라라914933,9403,0,0,0,0.0
라라914937,9626,0,0,0,0.0
라라914944,1178,0,0,0,0.0
라라914945,483,0,0,0,0.0
라라914946,975,0,0,0,0.0
라라914947,2711,0,0,0,0.0
라라914972,7969,0,0,0,0.0
라라915788,6249,0,0,0,0.0
라라915789,7572,0,0,0,0.0
라라915794,8894,0,0,0,0.0
라라915833,6034,0,0,0,0.0
라라915895,4382,0,0,0,0.0
라라915914,8715,0,0,0,0.0
라라915915,9144,0,0,0,0.0
라라915929,1334,0,0,0,0.0
라라915930,1391,0,0,0,0.0
라라915931,526,0,0,0,0.0
라라915933,2157,0,0,0,0.0
라라915934,1879,0,0,0,0.0
라라915936,9014,0,0,0,0.0
라라915937,8374,0,0,0,0.0
라라915938,9179,0,0,0,0.0
라라915946,1101,0,0,0,0.0
라라915947,1570,0,0,0,0.0
라라915949,10191,0,0,0,0.0
라라915950,10155,0,0,0,0.0
라라915959,9136,0,0,0,0.0
라라915970,9018,0,0,0,0.0
라라916787,3559,0,0,0,0.0
라라916788,4491,0,0,0,0.0
라라916789,5745,0,0,0,0.0
라라916805,3424,0,0,12,0.004166666666666667
라라916833,6101,0,0,0,0.0
라라916834,6042,0,0,0,0.0
라라916835,3947,0,0,0,0.0
라라916836,4635,0,0,0,0.0
라라916837,6355,0,0,0,0.0
라라916843,5623,0,0,0,0.0
라라916844,5385,0,0,0,0.0
라라916896,5554,0,0,0,0.0
라라916897,4151,0,0,0,0.0
라라916898,4472,0,0,0,0.0
라라916914,6995,0,0,0,0.0
라라916930,1755,0,0,0,0.0
라라916931,5308,0,0,0,0.0
라라916932,3763,0,0,0,0.0
라라916933,8902,0,0,0,0.0
라라916937,8569,0,0,0,0.0
라라916944,9917,0,0,0,0.0
라라916949,7593,0,0,0,0.0
라라916950,10174,0,0,0,0.0
라라916951,10159,0,0,0,0.0
라라916952,10197,0,0,0,0.0
라라916971,9445,0,0,0,0.0
라라917786,5901,0,0,0,0.0
라라917787,4427,0,0,0,0.0
라라917788,6863,0,0,0,0.0
라라917791,7387,0,0,0,0.0
라라917806,2896,0,0,0,0.0
라라917834,6787,0,0,0,0.0
라라917835,4722,0,0,0,0.0
라라917836,5462,0,0,0,0.0
라라917843,5970,0,0,0,0.0
라라917844,5348,0,0,0,0.0
라라917897,3972,0,0,0,0.0
라라917898,6366,0,0,0,0.0
라라917899,5415,0,0,0,0.0
라라917900,6979,0,0,0,0.0
라라917902,7669,0,0,0,0.0
라라917913,7486,0,0,0,0.0
라라917932,6335,0,0,0,0.0
라라917933,6116,0,0,0,0.0
라라917934,9903,0,0,0,0.0
라라917944,10014,0,0,0,0.0
라라917949,9026,0,0,0,0.0
라라917950,7352,0,0,0,0.0
라라917951,8207,0,0,0,0.0
라라917952,6939,0,0,0,0.0
라라917953,10152,0,0,0,0.0
라라917958,10115,0,0,0,0.0
라라917959,8409,0,0,0,0.0
라라917960,9233,0,0,0,0.0
라라917961,8584,0,0,0,0.0
라라917962,9251,0,0,0,0.0
라라917963,8815,0,0,0,0.0
라라917965,2559,0,0,32,0.011111111111111112
라라917966,9194,0,0,0,0.0
라라917967,6474,0,0,0,0.0
라라918787,5346,0,0,0,0.0
라라918806,3340,0,0,0,0.0
라라918807,3990,0,0,0,0.0
라라918836,5916,0,0,0,0.0
라라918837,6585,0,0,0,0.0
라라918839,8279,0,0,0,0.0
라라918840,7676,0,0,0,0.0
라라918841,7778,0,0,0,0.0
라라918842,4779,0,0,0,0.0
라라918897,5316,0,0,0,0.0
라라918900,5169,0,0,0,0.0
라라918901,6631,0,0,0,0.0
라라918932,10000,0,0,0,0.0
라라918933,7436,0,0,0,0.0
라라918941,9443,0,0,0,0.0
라라918943,9976,0,0,0,0.0
라라918944,10091,0,0,0,0.0
라라918945,9969,0,0,0,0.0
라라918946,9291,0,0,0,0.0
라라918947,7667,0,0,0,0.0
라라918952,9383,0,0,0,0.0
라라918953,7174,0,0,0,0.0
라라918954,9488,0,0,0,0.0
라라918955,10176,0,0,0,0.0
라라918959,4660,0,0,0,0.0
라라918960,4658,0,0,0,0.0
라라918961,5619,0,0,0,0.0
라라918962,3407,0,0,0,0.0
라라918963,3715,0,0,0,0.0
라라918967,6678,0,0,0,0.0
라라919787,5576,0,0,0,0.0
라라919788,7686,0,0,0,0.0
라라919807,3262,0,0,7,0.0024305555555555556
라라919830,4129,0,0,5,0.001736111111111111
라라919836,4499,0,0,36,0.0125
라라919838,7290,0,0,0,0.0
라라919839,4021,0,0,0,0.0
라라919840,4932,0,0,0,0.0
라라919841,6146,0,0,0,0.0
라라919842,7203,0,0,0,0.0
라라919894,4933,0,0,0,0.0
라라919895,4567,0,0,0,0.0
라라919902,6739,0,0,0,0.0
라라919905,7278,0,0,0,0.0
라라919909,5685,0,0,0,0.0
라라919933,7791,0,0,0,0.0
라라919943,7599,0,0,0,0.0
라라919944,9469,0,0,0,0.0
라라919946,8522,0,0,0,0.0
라라919947,7808,0,0,0,0.0
라라919948,7913,0,0,0,0.0
라라919949,9526,0,0,0,0.0
라라919953,2015,0,0,0,0.0
라라919954,1529,0,0,0,0.0
라라919955,6106,0,0,0,0.0
라라919956,5431,0,0,0,0.0
라라919962,9751,0,0,0,0.0
라라920787,4496,0,0,0,0.0
라라920806,2339,0,0,0,0.0
라라920807,2044,0,0,2,0.0006944444444444445
라라920839,7838,0,0,0,0.0
라라920889,4038,0,0,0,0.0
라라920890,3815,0,0,0,0.0
라라920892,1716,0,0,0,0.0
라라920893,4148,0,0,0,0.0
라라920902,7305,0,0,0,0.0
라라920903,4877,0,0,0,0.0
라라920904,7717,0,0,0,0.0
라라920950,9519,0,0,0,0.0
라라920954,557,0,0,0,0.0
라라920955,2590,0,0,0,0.0
라라920956,2374,0,0,0,0.0
라라920962,9655,0,0,0,0.0
라라921793,3265,0,0,0,0.0
라라921795,2112,0,0,0,0.0
라라921807,1727,0,0,3,0.0010416666666666667
라라921808,3178,0,0,0,0.0
라라921838,5500,0,0,0,0.0
라라921890,3257,0,0,0,0.0
라라921891,4508,0,0,0,0.0
라라921892,5106,0,0,0,0.0
라라921903,5103,0,0,0,0.0
라라921904,6580,0,0,0,0.0
라라921905,6982,0,0,0,0.0
라라921909,7316,0,0,0,0.0
라라921949,9499,0,0,0,0.0
라라921955,706,0,0,0,0.0
라라921956,549,0,0,0,0.0
라라922794,2209,0,0,0,0.0
라라922807,1924,0,0,58,0.02013888888888889
라라922808,2514,0,0,0,0.0
라라922830,5633,0,0,0,0.0
라라922838,6167,0,0,10,0.003472222222222222
라라922903,8711,0,0,0,0.0
라라922907,7914,0,0,0,0.0
라라922973,9942,0,0,0,0.0
라라923794,911,0,0,691,0.23993055555555556
라라923809,3009,0,0,0,0.0
라라923830,5606,0,0,1,0.00034722222222222224
라라923951,8230,0,0,0,0.0
라라923953,9065,0,0,0,0.0
라라923954,8190,0,0,0,0.0
라라923958,1207,0,0,0,0.0
라라923972,9929,0,0,0,0.0
라라923973,10063,0,0,0,0.0
라라924809,1865,0,0,1,0.00034722222222222224
라라924811,2581,0,0,17,0.005902777777777778
라라924846,6916,0,0,0,0.0
라라924905,9126,0,0,0,0.0
라라924906,9865,0,0,0,0.0
라라924951,8658,0,0,0,0.0
라라924953,9259,0,0,0,0.0
라라924954,9299,0,0,0,0.0
라라924956,7266,0,0,0,0.0
라라925846,3130,0,0,0,0.0
라라925905,6449,0,0,0,0.0
라라925906,9583,0,0,0,0.0
라라925953,8670,0,0,0,0.0
라라925955,9608,0,0,0,0.0
라라925956,9316,0,0,0,0.0
라라925972,7663,0,0,0,0.0
라라925973,4191,0,0,0,0.0
라라926826,7375,0,0,0,0.0
라라926827,9485,0,0,0,0.0
라라926852,5730,0,0,0,0.0
라라926903,7475,0,0,0,0.0
라라926904,9522,0,0,0,0.0
라라926905,9221,0,0,0,0.0
라라926953,9493,0,0,0,0.0
라라926954,9677,0,0,0,0.0
라라926959,8828,0,0,0,0.0
라라926960,843,0,0,0,0.0
라라926971,4746,0,0,0,0.0
라라926972,4318,0,0,0,0.0
라라926973,9393,0,0,0,0.0
라라927851,5539,0,0,0,0.0
라라927852,4510,0,0,0,0.0
라라927853,3247,0,0,0,0.0
라라927854,3613,0,0,0,0.0
라라927855,3476,0,0,0,0.0
라라927856,5141,0,0,0,0.0
라라927901,7447,0,0,0,0.0
라라927903,6056,0,0,0,0.0
라라927904,5906,0,0,0,0.0
라라927905,8340,0,0,0,0.0
라라927956,9711,0,0,0,0.0
라라927957,6386,0,0,0,0.0
라라927958,917,0,0,0,0.0
라라927959,3015,0,0,0,0.0
라라927960,1230,0,0,0,0.0
라라927961,669,0,0,0,0.0
라라927962,992,0,0,0,0.0
라라927963,8997,0,0,0,0.0
라라927970,6093,0,0,0,0.0
라라927971,3944,0,0,0,0.0
라라927972,4090,0,0,0,0.0
라라927973,4908,0,0,0,0.0
라라928793,6338,0,0,0,0.0
라라928796,2794,0,0,0,0.0
라라928797,2736,0,0,0,0.0
라라928798,4034,0,0,0,0.0
라라928828,6060,0,0,2,0.0006944444444444445
라라928854,6861,0,0,0,0.0
라라928855,4351,0,0,0,0.0
라라928856,3754,0,0,0,0.0
라라928857,4820,0,0,0,0.0
라라928894,6011,0,0,0,0.0
라라928901,6063,0,0,0,0.0
라라928902,5671,0,0,0,0.0
라라928903,6036,0,0,0,0.0
라라928904,6773,0,0,0,0.0
라라928907,9042,0,0,0,0.0
라라928952,908,0,0,0,0.0
라라928955,9992,0,0,0,0.0
라라928956,9801,0,0,0,0.0
라라928957,9653,0,0,0,0.0
라라928958,5547,0,0,0,0.0
라라928959,4398,0,0,0,0.0
라라928960,2585,0,0,0,0.0
라라928961,5218,0,0,0,0.0
라라928962,1677,0,0,0,0.0
라라928963,953,0,0,0,0.0
라라928964,8367,0,0,0,0.0
라라928967,8606,0,0,0,0.0
라라928971,7706,0,0,0,0.0
라라928972,3626,0,0,0,0.0
라라928973,3535,0,0,0,0.0
라라928974,9140,0,0,0,0.0
라라929791,4579,0,0,0,0.0
라라929792,3684,0,0,0,0.0
라라929794,5288,0,0,0,0.0
라라929795,3583,0,0,0,0.0
라라929796,1849,0,0,0,0.0
라라929797,3398,0,0,0,0.0
라라929798,4108,0,0,0,0.0
라라929856,4111,0,0,0,0.0
라라929887,5006,0,0,0,0.0
라라929893,5737,0,0,0,0.0
라라929894,5674,0,0,0,0.0
라라929901,5400,0,0,0,0.0
라라929902,5232,0,0,0,0.0
라라929903,6950,0,0,0,0.0
라라929952,9465,0,0,0,0.0
라라929953,9747,0,0,0,0.0
라라929954,9878,0,0,0,0.0
라라929955,4776,0,0,0,0.0
라라929956,1680,0,0,0,0.0
라라929957,6133,0,0,0,0.0
라라929958,9635,0,0,0,0.0
라라929959,10011,0,0,0,0.0
라라929960,9999,0,0,0,0.0
라라929961,10048,0,0,0,0.0
라라929966,9380,0,0,0,0.0
라라929967,624,0,0,0,0.0
라라929968,463,0,0,0,0.0
라라929969,306,0,0,0,0.0
라라929970,242,0,0,0,0.0
라라929973,7796,0,0,0,0.0
라라930797,3603,0,0,0,0.0
라라930798,4942,0,0,0,0.0
라라930799,4588,0,0,0,0.0
라라930883,3840,0,0,0,0.0
라라930885,3376,0,0,2,0.0006944444444444445
라라930895,4610,0,0,0,0.0
라라930952,9480,0,0,0,0.0
라라930953,9527,0,0,0,0.0
라라930954,2817,0,0,0,0.0
라라930955,1826,0,0,0,0.0
라라930956,9588,0,0,0,0.0
라라930957,9678,0,0,0,0.0
라라930967,2181,0,0,0,0.0
라라930968,3205,0,0,0,0.0
라라930969,1105,0,0,0,0.0
라라930970,1494,0,0,0,0.0
라라930971,224,0,0,0,0.0
라라930972,6883,0,0,0,0.0
라라930973,208,0,0,0,0.0
라라930974,436,0,0,0,0.0
라라931799,5019,0,0,0,0.0
라라931883,4231,0,0,0,0.0
라라931884,3722,0,0,0,0.0
라라931885,3229,0,0,4,0.001388888888888889
라라931941,8472,0,0,0,0.0
라라931952,9959,0,0,0,0.0
라라931953,5085,0,0,0,0.0
라라931954,2597,0,0,0,0.0
라라931970,488,0,0,0,0.0
라라931971,1380,0,0,0,0.0
라라931972,7880,0,0,0,0.0
라라931973,270,0,0,0,0.0
라라931974,103,0,0,0,0.0
라라932794,3701,0,0,0,0.0
라라932799,3981,0,0,0,0.0
라라932971,1088,0,0,0,0.0
라라932972,231,0,0,0,0.0
라라932973,174,0,0,0,0.0
라라932974,255,0,0,0,0.0
라라933794,3906,0,0,0,0.0
라라933895,3908,0,0,0,0.0
라라933972,65,0,0,0,0.0
라라933973,161,0,0,0,0.0
라라933974,39,0,0,353,0.12256944444444444
라라934972,5766,0,0,0,0.0
라라934973,320,0,0,0,0.0
라라934974,205,0,0,0,0.0
라라935946,6759,0,0,0,0.0
라라935971,7042,0,0,0,0.0
라라935973,3193,0,0,0,0.0
라라936802,5776,0,0,0,0.0
라라936818,5423,0,0,0,0.0
라라936892,3161,0,0,5,0.001736111111111111
라라936970,8410,0,0,0,0.0
라라936971,5267,0,0,0,0.0
라라936974,4576,0,0,0,0.0
라라937808,8115,0,0,0,0.0
라라937809,9906,0,0,0,0.0
라라937810,9768,0,0,0,0.0
라라937846,5026,0,0,0,0.0
라라937852,3361,0,0,0,0.0
라라937853,3109,0,0,0,0.0
라라937854,3450,0,0,0,0.0
라라937855,4352,0,0,0,0.0
라라937889,2669,0,0,6,0.0020833333333333333
라라937940,8729,0,0,0,0.0
라라937946,8614,0,0,0,0.0
라라938808,7323,0,0,0,0.0
라라938809,7761,0,0,0,0.0
라라938810,9606,0,0,0,0.0
라라938821,5781,0,0,0,0.0
라라938853,4180,0,0,0,0.0
라라938854,1668,0,0,3,0.0010416666666666667
라라938942,8883,0,0,0,0.0
라라938943,8745,0,0,0,0.0
라라938944,6100,0,0,0,0.0
라라938945,7456,0,0,0,0.0
라라938963,8571,0,0,0,0.0
라라938970,6958,0,0,0,0.0
라라938973,4964,0,0,0,0.0
라라939807,7746,0,0,0,0.0
라라939808,6460,0,0,0,0.0
라라939809,6914,0,0,0,0.0
라라939817,4819,0,0,0,0.0
라라939820,4416,0,0,0,0.0
라라939821,3956,0,0,0,0.0
라라939822,4705,0,0,0,0.0
라라939823,5401,0,0,0,0.0
라라939870,3854,0,0,0,0.0
라라939871,5452,0,0,0,0.0
라라939872,4549,0,0,0,0.0
라라939873,3521,0,0,0,0.0
라라939944,7373,0,0,0,0.0
라라939945,7655,0,0,0,0.0
라라939969,7983,0,0,0,0.0
라라939970,8103,0,0,0,0.0
라라939972,5691,0,0,0,0.0
라라940806,6045,0,0,0,0.0
라라940807,5896,0,0,0,0.0
라라940808,6414,0,0,0,0.0
라라940816,5537,0,0,0,0.0
라라940821,4154,0,0,0,0.0
라라940822,4319,0,0,0,0.0
라라940872,3588,0,0,0,0.0
라라940873,2255,0,0,0,0.0
라라940874,3218,0,0,0,0.0
라라940969,8613,0,0,0,0.0
라라940970,6957,0,0,0,0.0
라라940971,7130,0,0,0,0.0
라라941803,6478,0,0,0,0.0
라라941805,6841,0,0,0,0.0
라라941806,5155,0,0,0,0.0
라라941846,5044,0,0,0,0.0
라라941872,2148,0,0,0,0.0
라라941873,4237,0,0,0,0.0
라라941874,4019,0,0,0,0.0
라라941883,2826,0,0,0,0.0
라라941968,10056,0,0,0,0.0
라라941969,7164,0,0,0,0.0
라라941970,7102,0,0,0,0.0
라라942804,4948,0,0,0,0.0
라라942816,5700,0,0,0,0.0
라라942817,5722,0,0,0,0.0
라라942872,4367,0,0,0,0.0
라라942873,5039,0,0,0,0.0
라라942939,6944,0,0,0,0.0
라라942965,9308,0,0,0,0.0
라라942969,9604,0,0,0,0.0
라라942970,7535,0,0,0,0.0
라라943810,6472,0,0,0,0.0
라라943811,6789,0,0,0,0.0
라라943814,5667,0,0,0,0.0
라라943815,4449,0,0,0,0.0
라라943816,4290,0,0,0,0.0
라라943964,8219,0,0,0,0.0
라라943965,7740,0,0,0,0.0
라라943966,9428,0,0,0,0.0
라라943967,9675,0,0,0,0.0
라라944810,4445,0,0,0,0.0
라라944814,4528,0,0,0,0.0
라라944815,3000,0,0,0,0.0
라라944816,5186,0,0,0,0.0
라라944876,3895,0,0,0,0.0
라라944945,6520,0,0,0,0.0
라라944946,7020,0,0,0,0.0
라라944964,6788,0,0,0,0.0
라라944965,4988,0,0,0,0.0
라라944966,9118,0,0,0,0.0
라라945812,4501,0,0,0,0.0
라라945813,5990,0,0,0,0.0
라라945814,6286,0,0,0,0.0
라라945815,3614,0,0,0,0.0
라라945816,4974,0,0,0,0.0
라라945817,4676,0,0,0,0.0
라라945873,3959,0,0,0,0.0
라라945934,4120,0,0,0,0.0
라라945964,7487,0,0,0,0.0
라라945965,5805,0,0,0,0.0
라라945966,9281,0,0,0,0.0
라라946811,4117,0,0,0,0.0
라라946816,3799,0,0,0,0.0
라라946817,4329,0,0,0,0.0
라라946938,6574,0,0,0,0.0
라라946939,4461,0,0,0,0.0
라라946965,8541,0,0,0,0.0
라라947818,3575,0,0,0,0.0
라라947868,3714,0,0,0,0.0
라라947874,1466,0,0,18,0.00625
라라947939,6579,0,0,0,0.0
라라947940,5693,0,0,0,0.0
라라947958,9201,0,0,0,0.0
라라947960,7868,0,0,0,0.0
라라947966,8908,0,0,0,0.0
라라948809,6252,0,0,0,0.0
라라948811,4116,0,0,0,0.0
라라948812,4768,0,0,0,0.0
라라948813,5890,0,0,0,0.0
라라948819,3957,0,0,0,0.0
라라948864,6546,0,0,0,0.0
라라948879,3819,0,0,0,0.0
라라948940,6749,0,0,0,0.0
라라949806,4456,0,0,0,0.0
라라949807,3185,0,0,0,0.0
라라949808,4621,0,0,0,0.0
라라949809,6686,0,0,0,0.0
라라949939,8244,0,0,0,0.0
라라949940,7568,0,0,0,0.0
라라949941,8363,0,0,0,0.0
라라949948,7609,0,0,0,0.0
라라949949,6740,0,0,0,0.0
라라949965,7285,0,0,0,0.0
라라950801,5251,0,0,0,0.0
라라950806,5698,0,0,0,0.0
라라950809,5362,0,0,0,0.0
라라950810,5723,0,0,0,0.0
라라950867,4799,0,0,0,0.0
라라950868,4681,0,0,0,0.0
라라950939,8043,0,0,0,0.0
라라950940,6112,0,0,0,0.0
라라950956,4899,0,0,0,0.0
라라951801,6550,0,0,0,0.0
라라951804,6539,0,0,0,0.0
라라951808,4458,0,0,0,0.0
라라951809,5628,0,0,0,0.0
라라951865,3738,0,0,0,0.0
라라951866,4843,0,0,0,0.0
라라951939,8550,0,0,0,0.0
라라951940,8781,0,0,0,0.0
라라951965,3024,0,0,0,0.0
라라951966,4389,0,0,0,0.0
라라951967,6853,0,0,0,0.0
라라952805,7018,0,0,0,0.0
라라952808,5672,0,0,0,0.0
라라952809,5877,0,0,0,0.0
라라952845,7356,0,0,0,0.0
라라952865,3466,0,0,0,0.0
라라952866,2370,0,0,0,0.0
라라952867,6869,0,0,0,0.0
라라952939,3910,0,0,0,0.0
라라952941,7802,0,0,0,0.0
라라952942,7238,0,0,0,0.0
라라952948,7235,0,0,0,0.0
라라952967,5276,0,0,0,0.0
라라953806,6649,0,0,0,0.0
라라953807,5167,0,0,0,0.0
라라953830,2937,0,0,0,0.0
라라953843,6019,0,0,0,0.0
라라953844,5389,0,0,0,0.0
라라953845,5034,0,0,0,0.0
라라953846,6037,0,0,0,0.0
라라953861,5820,0,0,0,0.0
라라953864,5147,0,0,0,0.0
라라953865,5553,0,0,0,0.0
라라953866,8254,0,0,0,0.0
라라953941,4514,0,0,0,0.0
라라953942,5944,0,0,0,0.0
라라953951,5014,0,0,0,0.0
라라953952,7111,0,0,0,0.0
라라954785,6593,0,0,0,0.0
라라954798,6799,0,0,0,0.0
라라954817,3511,0,0,0,0.0
라라954824,4141,0,0,0,0.0
라라954829,2308,0,0,0,0.0
라라954830,2931,0,0,0,0.0
라라954840,6898,0,0,0,0.0
라라954845,7714,0,0,0,0.0
라라954846,5929,0,0,0,0.0
라라954850,6877,0,0,0,0.0
라라954860,4591,0,0,0,0.0
라라954862,6711,0,0,0,0.0
라라954864,8338,0,0,0,0.0
라라954939,6575,0,0,0,0.0
라라954941,2765,0,0,0,0.0
라라954942,5601,0,0,0,0.0
라라954950,6845,0,0,0,0.0
라라954970,4917,0,0,0,0.0
라라954971,5131,0,0,0,0.0
라라954972,4854,0,0,0,0.0
라라955784,7090,0,0,0,0.0
라라955785,7245,0,0,0,0.0
라라955786,7635,0,0,0,0.0
라라955789,6320,0,0,0,0.0
라라955793,5373,0,0,0,0.0
라라955796,7155,0,0,0,0.0
라라955797,6680,0,0,0,0.0
라라955798,6072,0,0,0,0.0
라라955815,3351,0,0,0,0.0
라라955825,4487,0,0,0,0.0
라라955845,3573,0,0,0,0.0
라라955859,4122,0,0,2,0.0006944444444444445
라라955860,4433,0,0,0,0.0
라라955861,5860,0,0,0,0.0
라라955882,7145,0,0,0,0.0
라라955883,2048,0,0,0,0.0
라라955884,2185,0,0,0,0.0
라라955897,5649,0,0,0,0.0
라라955908,3315,0,0,0,0.0
라라955940,6531,0,0,0,0.0
라라955941,5772,0,0,0,0.0
라라955948,7871,0,0,0,0.0
라라955949,7554,0,0,0,0.0
라라955950,4374,0,0,0,0.0
라라955951,5913,0,0,0,0.0
라라955970,5640,0,0,0,0.0
라라955971,2912,0,0,0,0.0
라라955972,3176,0,0,0,0.0
라라956785,6934,0,0,0,0.0
라라956796,6408,0,0,0,0.0
라라956797,6891,0,0,0,0.0
라라956798,8947,0,0,0,0.0
라라956838,3615,0,0,0,0.0
라라956845,2087,0,0,0,0.0
라라956846,2563,0,0,0,0.0
라라956882,5184,0,0,0,0.0
라라956883,3123,0,0,0,0.0
라라956884,6683,0,0,0,0.0
라라956939,6009,0,0,0,0.0
라라956940,5552,0,0,0,0.0
라라956947,6987,0,0,0,0.0
라라956948,8225,0,0,0,0.0
라라956950,6064,0,0,0,0.0
라라956951,4651,0,0,0,0.0
라라956971,3853,0,0,0,0.0
라라956972,2829,0,0,0,0.0
라라956973,4442,0,0,0,0.0
라라957786,7970,0,0,0,0.0
라라957840,3600,0,0,0,0.0
라라957841,6168,0,0,0,0.0
라라957844,5435,0,0,0,0.0
라라957845,1182,0,0,0,0.0
라라957847,6762,0,0,0,0.0
라라957850,4947,0,0,0,0.0
라라957860,2263,0,0,0,0.0
라라957881,6457,0,0,0,0.0
라라957882,4626,0,0,0,0.0
라라957883,3746,0,0,0,0.0
라라957884,4479,0,0,0,0.0
라라957885,8618,0,0,0,0.0
라라957899,6336,0,0,0,0.0
라라957909,3358,0,0,0,0.0
라라957940,5872,0,0,0,0.0
라라957945,7680,0,0,0,0.0
라라957946,3962,0,0,0,0.0
라라957947,4670,0,0,0,0.0
라라957948,8016,0,0,0,0.0
라라958820,4995,0,0,0,0.0
라라958823,3323,0,0,0,0.0
라라958824,3116,0,0,0,0.0
라라958841,4463,0,0,0,0.0
라라958842,6488,0,0,0,0.0
라라958843,7995,0,0,0,0.0
라라958844,4715,0,0,0,0.0
라라958845,6779,0,0,0,0.0
라라958846,4350,0,0,0,0.0
라라958848,1040,0,0,1,0.00034722222222222224
라라958850,4267,0,0,0,0.0
라라958860,5327,0,0,0,0.0
라라958861,7811,0,0,0,0.0
라라958862,4693,0,0,0,0.0
라라958863,6484,0,0,0,0.0
라라958882,2833,0,0,0,0.0
라라958883,541,0,0,0,0.0
라라958884,5789,0,0,0,0.0
라라958885,7603,0,0,0,0.0
라라958896,6387,0,0,0,0.0
라라958898,6521,0,0,0,0.0
라라958899,5470,0,0,0,0.0
라라958900,5822,0,0,0,0.0
라라958940,6246,0,0,0,0.0
라라958945,5950,0,0,0,0.0
라라958947,8365,0,0,0,0.0
라라959841,3570,0,0,0,0.0
라라959842,4667,0,0,0,0.0
라라959843,6850,0,0,0,0.0
라라959845,2079,0,0,0,0.0
라라959851,4214,0,0,0,0.0
라라959852,2780,0,0,1,0.00034722222222222224
라라959856,3678,0,0,0,0.0
라라959862,5440,0,0,0,0.0
라라959863,2380,0,0,0,0.0
라라959864,8635,0,0,0,0.0
라라959873,2588,0,0,0,0.0
라라959874,7941,0,0,0,0.0
라라959879,5278,0,0,0,0.0
라라959880,10168,0,0,0,0.0
라라959882,3821,0,0,0,0.0
라라959883,2118,0,0,0,0.0
라라959884,3539,0,0,0,0.0
라라959885,6329,0,0,0,0.0
라라959888,9121,0,0,0,0.0
라라959896,7578,0,0,0,0.0
라라959898,5428,0,0,0,0.0
라라959899,3883,0,0,0,0.0
라라959911,6490,0,0,0,0.0
라라959912,8141,0,0,0,0.0
라라959919,7649,0,0,0,0.0
라라959923,5858,0,0,0,0.0
라라959939,5104,0,0,0,0.0
라라960800,3634,0,0,0,0.0
라라960806,5506,0,0,0,0.0
라라960829,3319,0,0,0,0.0
라라960830,4698,0,0,0,0.0
라라960838,451,0,0,40,0.013888888888888888
라라960840,6310,0,0,0,0.0
라라960841,4955,0,0,0,0.0
라라960842,3948,0,0,0,0.0
라라960845,159,0,0,0,0.0
라라960846,134,0,0,0,0.0
라라960847,202,0,0,0,0.0
라라960848,217,0,0,0,0.0
라라960852,2018,0,0,0,0.0
라라960853,5048,0,0,0,0.0
라라960864,7769,0,0,0,0.0
라라960870,8676,0,0,0,0.0
라라960871,267,0,0,0,0.0
라라960872,167,0,0,0,0.0
라라960873,225,0,0,0,0.0
라라960874,1581,0,0,0,0.0
라라960875,4678,0,0,0,0.0
라라960878,10106,0,0,0,0.0
라라960879,3203,0,0,0,0.0
라라960880,6267,0,0,0,0.0
라라960881,9446,0,0,0,0.0
라라960882,4921,0,0,0,0.0
라라960883,4182,0,0,0,0.0
라라960884,4520,0,0,0,0.0
라라960885,2573,0,0,0,0.0
라라960886,5542,0,0,0,0.0
라라960887,6627,0,0,0,0.0
라라960898,7573,0,0,0,0.0
라라960899,4137,0,0,0,0.0
라라960919,8074,0,0,0,0.0
라라960920,8194,0,0,0,0.0
라라960922,4709,0,0,0,0.0
라라960923,5673,0,0,0,0.0
라라960935,3985,0,0,0,0.0
라라960936,499,0,0,26,0.009027777777777777
라라960938,4495,0,0,0,0.0
라라960939,5231,0,0,0,0.0
라라960942,6177,0,0,0,0.0
라라961784,5602,0,0,0,0.0
라라961803,6413,0,0,0,0.0
라라961804,5904,0,0,0,0.0
라라961818,4025,0,0,0,0.0
라라961822,4076,0,0,0,0.0
라라961829,2987,0,0,0,0.0
라라961830,3048,0,0,0,0.0
라라961831,5113,0,0,0,0.0
라라961837,1490,0,0,0,0.0
라라961838,2613,0,0,0,0.0
라라961839,2011,0,0,0,0.0
라라961840,4106,0,0,0,0.0
라라961846,80,0,0,153,0.053125
라라961847,218,0,0,0,0.0
라라961852,2012,0,0,0,0.0
라라961858,5143,0,0,0,0.0
라라961859,6250,0,0,0,0.0
라라961868,2114,0,0,0,0.0
라라961869,5900,0,0,0,0.0
라라961870,348,0,0,0,0.0
라라961871,5468,0,0,0,0.0
라라961872,818,0,0,0,0.0
라라961873,477,0,0,0,0.0
라라961874,887,0,0,0,0.0
라라961875,2612,0,0,0,0.0
라라961876,10105,0,0,0,0.0
라라961877,6486,0,0,0,0.0
라라961878,3697,0,0,0,0.0
라라961879,3577,0,0,0,0.0
라라961880,4714,0,0,0,0.0
라라961881,4699,0,0,0,0.0
라라961882,3953,0,0,0,0.0
라라961883,831,0,0,0,0.0
라라961884,2045,0,0,0,0.0
라라961885,3330,0,0,0,0.0
라라961886,5750,0,0,0,0.0
라라961887,4668,0,0,0,0.0
라라961888,1988,0,0,0,0.0
라라961889,9346,0,0,0,0.0
라라961894,8558,0,0,0,0.0
라라961895,1534,0,0,0,0.0
라라961896,8131,0,0,0,0.0
라라961897,1141,0,0,0,0.0
라라961898,5551,0,0,0,0.0
라라961899,5245,0,0,0,0.0
라라961900,7078,0,0,0,0.0
라라961909,4142,0,0,0,0.0
라라961916,9051,0,0,0,0.0
라라961919,9213,0,0,0,0.0
라라961921,8849,0,0,0,0.0
라라961922,6473,0,0,0,0.0
라라961935,1861,0,0,0,0.0
라라961936,3055,0,0,0,0.0
라라961937,6933,0,0,0,0.0
라라961938,2289,0,0,0,0.0
라라961939,2142,0,0,0,0.0
라라962800,6013,0,0,0,0.0
라라962803,5355,0,0,0,0.0
라라962817,4385,0,0,0,0.0
라라962821,3302,0,0,0,0.0
라라962822,2106,0,0,0,0.0
라라962829,4125,0,0,0,0.0
라라962830,2372,0,0,0,0.0
라라962831,4931,0,0,0,0.0
라라962837,523,0,0,0,0.0
라라962838,1730,0,0,0,0.0
라라962848,140,0,0,0,0.0
라라962851,5881,0,0,0,0.0
라라962852,3093,0,0,0,0.0
라라962868,1447,0,0,0,0.0
라라962869,687,0,0,0,0.0
라라962870,677,0,0,0,0.0
라라962871,446,0,0,0,0.0
라라962872,2927,0,0,0,0.0
라라962873,2257,0,0,0,0.0
라라962874,1958,0,0,0,0.0
라라962875,405,0,0,0,0.0
라라962876,1868,0,0,0,0.0
라라962877,5795,0,0,0,0.0
라라962878,3979,0,0,0,0.0
라라962879,1642,0,0,0,0.0
라라962880,4198,0,0,0,0.0
라라962881,8789,0,0,0,0.0
라라962882,2690,0,0,0,0.0
라라962883,4557,0,0,0,0.0
라라962884,1788,0,0,0,0.0
라라962885,4865,0,0,0,0.0
라라962887,7212,0,0,0,0.0
라라962888,6533,0,0,0,0.0
라라962889,8592,0,0,0,0.0
라라962894,6617,0,0,0,0.0
라라962895,668,0,0,0,0.0
라라962896,27,0,0,1624,0.5638888888888889
라라962897,260,0,0,0,0.0
라라962898,497,0,0,0,0.0
라라962899,264,0,0,0,0.0
라라962920,8459,0,0,0,0.0
라라962921,7346,0,0,0,0.0
라라962922,4686,0,0,0,0.0
라라962923,6824,0,0,0,0.0
라라962925,8916,0,0,0,0.0
라라962934,6330,0,0,0,0.0
라라962935,1464,0,0,0,0.0
라라962936,1431,0,0,0,0.0
라라962937,5973,0,0,0,0.0
라라962938,2253,0,0,0,0.0
라라962939,7167,0,0,0,0.0
라라963750,6906,0,0,0,0.0
라라963783,5502,0,0,0,0.0
라라963784,3352,0,0,0,0.0
라라963785,6422,0,0,0,0.0
라라963800,5459,0,0,0,0.0
라라963802,5005,0,0,0,0.0
라라963803,5430,0,0,0,0.0
라라963815,4592,0,0,0,0.0
라라963821,4007,0,0,0,0.0
라라963822,4465,0,0,0,0.0
라라963823,5921,0,0,0,0.0
라라963831,6376,0,0,0,0.0
라라963834,671,0,0,0,0.0
라라963835,341,0,0,0,0.0
라라963837,428,0,0,0,0.0
라라963838,791,0,0,0,0.0
라라963841,3016,0,0,0,0.0
라라963866,421,0,0,0,0.0
라라963867,1005,0,0,0,0.0
라라963868,656,0,0,0,0.0
라라963869,288,0,0,0,0.0
라라963870,133,0,0,916,0.31805555555555554
라라963871,240,0,0,0,0.0
라라963872,6323,0,0,0,0.0
라라963873,5559,0,0,0,0.0
라라963874,2431,0,0,0,0.0
라라963875,5220,0,0,0,0.0
라라963876,3717,0,0,0,0.0
라라963877,4761,0,0,0,0.0
라라963878,1876,0,0,0,0.0
라라963879,1824,0,0,0,0.0
라라963880,5774,0,0,0,0.0
라라963881,4836,0,0,0,0.0
라라963882,4322,0,0,0,0.0
라라963883,729,0,0,0,0.0
라라963884,2270,0,0,0,0.0
라라963885,1749,0,0,0,0.0
라라963886,2920,0,0,0,0.0
라라963887,3748,0,0,0,0.0
라라963888,2687,0,0,0,0.0
라라963889,6360,0,0,0,0.0
라라963890,8424,0,0,0,0.0
라라963891,7884,0,0,0,0.0
라라963892,7758,0,0,0,0.0
라라963893,947,0,0,0,0.0
라라963894,563,0,0,0,0.0
라라963895,918,0,0,0,0.0
라라963896,1661,0,0,0,0.0
라라963897,1943,0,0,0,0.0
라라963898,1425,0,0,0,0.0
라라963899,570,0,0,0,0.0
라라963900,365,0,0,0,0.0
라라963901,8220,0,0,0,0.0
라라963906,9076,0,0,0,0.0
라라963917,7803,0,0,0,0.0
라라963918,8041,0,0,0,0.0
라라963921,7737,0,0,0,0.0
라라963922,8020,0,0,0,0.0
라라963923,8656,0,0,0,0.0
라라963934,7668,0,0,0,0.0
라라963935,2457,0,0,0,0.0
라라963936,2823,0,0,0,0.0
라라963937,6555,0,0,0,0.0
라라963938,2154,0,0,0,0.0
라라963939,1959,0,0,0,0.0
라라963940,6714,0,0,0,0.0
라라963973,6054,0,0,0,0.0
라라964751,6887,0,0,0,0.0
라라964783,4311,0,0,0,0.0
라라964784,4254,0,0,0,0.0
라라964785,6151,0,0,0,0.0
라라964799,5145,0,0,0,0.0
라라964802,3833,0,0,0,0.0
라라964832,516,0,0,0,0.0
라라964833,376,0,0,0,0.0
라라964834,551,0,0,0,0.0
라라964839,2969,0,0,0,0.0
라라964840,1191,0,0,0,0.0
라라964841,682,0,0,0,0.0
라라964842,1767,0,0,0,0.0
라라964866,1874,0,0,0,0.0
라라964867,309,0,0,0,0.0
라라964868,396,0,0,0,0.0
라라964869,2047,0,0,0,0.0
라라964870,323,0,0,0,0.0
라라964871,303,0,0,0,0.0
라라964872,903,0,0,0,0.0
라라964873,782,0,0,0,0.0
라라964874,1502,0,0,0,0.0
라라964875,3562,0,0,0,0.0
라라964876,3156,0,0,0,0.0
라라964877,4935,0,0,0,0.0
라라964878,2700,0,0,0,0.0
라라964879,3963,0,0,0,0.0
라라964880,4605,0,0,0,0.0
라라964881,3650,0,0,0,0.0
라라964882,4657,0,0,0,0.0
라라964883,4312,0,0,0,0.0
라라964884,1215,0,0,0,0.0
라라964885,1623,0,0,0,0.0
라라964886,1944,0,0,0,0.0
라라964887,2565,0,0,0,0.0
라라964888,2071,0,0,0,0.0
라라964889,4457,0,0,0,0.0
라라964890,4092,0,0,0,0.0
라라964891,5063,0,0,0,0.0
라라964892,1678,0,0,0,0.0
라라964893,2440,0,0,0,0.0
라라964894,2387,0,0,0,0.0
라라964895,2132,0,0,0,0.0
라라964896,3350,0,0,0,0.0
라라964897,5447,0,0,0,0.0
라라964898,1354,0,0,0,0.0
라라964899,1936,0,0,0,0.0
라라964900,1252,0,0,0,0.0
라라964901,1014,0,0,0,0.0
라라964902,1175,0,0,0,0.0
라라964903,3248,0,0,0,0.0
라라964904,5584,0,0,0,0.0
라라964905,9191,0,0,0,0.0
라라964915,9230,0,0,0,0.0
라라964917,971,0,0,0,0.0
라라964918,1885,0,0,0,0.0
라라964919,3159,0,0,0,0.0
라라964920,1193,0,0,0,0.0
라라964921,2126,0,0,0,0.0
라라964922,7755,0,0,0,0.0
라라964934,6316,0,0,0,0.0
라라964935,2630,0,0,0,0.0
라라964936,4436,0,0,0,0.0
라라964937,5329,0,0,0,0.0
라라964938,2322,0,0,0,0.0
라라964939,3782,0,0,0,0.0
라라965748,4088,0,0,0,0.0
라라965750,6136,0,0,0,0.0
라라965785,6021,0,0,0,0.0
라라965786,6340,0,0,0,0.0
라라965833,277,0,0,10,0.003472222222222222
라라965836,3766,0,0,0,0.0
라라965841,18,1,0,880,0.3055555555555556
라라965842,1132,0,0,0,0.0
라라965843,449,0,0,0,0.0
라라965864,849,0,0,0,0.0
라라965865,956,0,0,0,0.0
라라965867,581,0,0,0,0.0
라라965868,227,0,0,0,0.0
라라965869,371,0,0,0,0.0
라라965870,182,0,0,0,0.0
라라965871,99,0,0,0,0.0
라라965872,894,0,0,0,0.0
라라965873,1596,0,0,0,0.0
라라965874,866,0,0,0,0.0
라라965875,8636,0,0,0,0.0
라라965876,8580,0,0,0,0.0
라라965877,3278,0,0,0,0.0
라라965878,9049,0,0,0,0.0
라라965879,1647,0,0,0,0.0
라라965880,5138,0,0,0,0.0
라라965881,2535,0,0,0,0.0
라라965882,2264,0,0,0,0.0
라라965883,2433,0,0,0,0.0
라라965884,2934,0,0,0,0.0
라라965885,1671,0,0,0,0.0
라라965886,1899,0,0,0,0.0
라라965887,2373,0,0,0,0.0
라라965888,2139,0,0,0,0.0
라라965889,2739,0,0,0,0.0
라라965890,3267,0,0,0,0.0
라라965891,2611,0,0,0,0.0
라라965892,4583,0,0,0,0.0
라라965893,4132,0,0,0,0.0
라라965895,3035,0,0,0,0.0
라라965896,3710,0,0,0,0.0
라라965897,7119,0,0,0,0.0
라라965898,2636,0,0,0,0.0
라라965899,4875,0,0,0,0.0
라라965901,1049,0,0,0,0.0
라라965902,3177,0,0,0,0.0
라라965903,5437,0,0,0,0.0
라라965904,1583,0,0,0,0.0
라라965905,4679,0,0,0,0.0
라라965910,5051,0,0,0,0.0
라라965914,7079,0,0,0,0.0
라라965915,1307,0,0,0,0.0
라라965916,2169,0,0,0,0.0
라라965917,1433,0,0,0,0.0
라라965918,6114,0,0,0,0.0
라라965919,5249,0,0,0,0.0
라라965920,2606,0,0,0,0.0
라라965921,2773,0,0,0,0.0
라라965934,6299,0,0,0,0.0
라라965935,3387,0,0,0,0.0
라라965936,4838,0,0,0,0.0
라라965937,3749,0,0,0,0.0
라라965938,2741,0,0,0,0.0
라라965939,4386,0,0,0,0.0
라라966748,5262,0,0,0,0.0
라라966782,7106,0,0,0,0.0
라라966785,4555,0,0,0,0.0
라라966786,5963,0,0,0,0.0
라라966790,4837,0,0,0,0.0
라라966800,3355,0,0,0,0.0
라라966842,314,0,0,11,0.0038194444444444443
라라966843,591,0,0,0,0.0
라라966844,3735,0,0,0,0.0
라라966865,1197,0,0,0,0.0
라라966866,1574,0,0,0,0.0
라라966869,79,0,0,0,0.0
라라966870,119,0,0,0,0.0
라라966871,2978,0,0,0,0.0
라라966872,961,0,0,0,0.0
라라966873,1276,0,0,0,0.0
라라966874,465,0,0,0,0.0
라라966875,5170,0,0,0,0.0
라라966876,7587,0,0,0,0.0
라라966877,4107,0,0,0,0.0
라라966879,498,0,0,0,0.0
라라966880,417,0,0,0,0.0
라라966881,2580,0,0,0,0.0
라라966882,166,0,0,1177,0.40868055555555555
라라966883,7422,0,0,0,0.0
라라966884,3674,0,0,0,0.0
라라966885,3935,0,0,0,0.0
라라966886,2085,0,0,0,0.0
라라966887,1399,0,0,0,0.0
라라966888,2589,0,0,0,0.0
라라966889,5202,0,0,0,0.0
라라966890,2572,0,0,0,0.0
라라966891,2310,0,0,0,0.0
라라966892,1258,0,0,0,0.0
라라966893,6662,0,0,0,0.0
라라966894,7863,0,0,0,0.0
라라966895,4446,0,0,0,0.0
라라966896,2030,0,0,0,0.0
라라966897,2103,0,0,0,0.0
라라966898,6176,0,0,0,0.0
라라966902,9035,0,0,0,0.0
라라966903,5216,0,0,0,0.0
라라966904,3567,0,0,0,0.0
라라966905,1090,0,0,0,0.0
라라966910,4750,0,0,0,0.0
라라966911,5779,0,0,0,0.0
라라966912,6029,0,0,0,0.0
라라966914,2591,0,0,0,0.0
라라966915,1234,0,0,0,0.0
라라966916,1775,0,0,0,0.0
라라966917,1946,0,0,0,0.0
라라966918,3862,0,0,0,0.0
라라966919,1597,0,0,0,0.0
라라966920,514,0,0,0,0.0
라라966921,2099,0,0,0,0.0
라라966922,8428,0,0,0,0.0
라라966929,9119,0,0,0,0.0
라라966933,8767,0,0,0,0.0
라라966934,8094,0,0,0,0.0
라라966935,3658,0,0,0,0.0
라라966936,1930,0,0,0,0.0
라라966937,3736,0,0,0,0.0
라라967742,5856,0,0,0,0.0
라라967743,5565,0,0,0,0.0
라라967746,7222,0,0,0,0.0
라라967750,6494,0,0,0,0.0
라라967803,5677,0,0,0,0.0
라라967821,4040,0,0,0,0.0
라라967822,3892,0,0,0,0.0
라라967841,3692,0,0,0,0.0
라라967842,647,0,0,0,0.0
라라967864,7483,0,0,0,0.0
라라967865,210,0,0,0,0.0
라라967866,1601,0,0,0,0.0
라라967868,1565,0,0,0,0.0
라라967869,1239,0,0,0,0.0
라라967870,1065,0,0,0,0.0
라라967871,850,0,0,0,0.0
라라967872,2539,0,0,0,0.0
라라967873,748,0,0,0,0.0
라라967874,667,0,0,0,0.0
라라967875,34,0,0,650,0.22569444444444445
라라967876,68,0,0,24,0.008333333333333333
라라967877,3337,0,0,0,0.0
라라967878,56,0,0,1560,0.5416666666666666
라라967879,5930,0,0,0,0.0
라라967880,393,0,0,0,0.0
라라967881,219,0,0,0,0.0
라라967882,324,0,0,0,0.0
라라967883,5049,0,0,0,0.0
라라967884,1420,0,0,0,0.0
라라967885,637,0,0,0,0.0
라라967886,4409,0,0,0,0.0
라라967887,1763,0,0,0,0.0
라라967888,4484,0,0,0,0.0
라라967889,6564,0,0,0,0.0
라라967890,4046,0,0,0,0.0
라라967891,3527,0,0,0,0.0
라라967892,4048,0,0,0,0.0
라라967893,530,0,0,347,0.12048611111111111
라라967894,1204,0,0,0,0.0
라라967895,200,0,0,16,0.005555555555555556
라라967896,479,0,0,0,0.0
라라967897,1843,0,0,0,0.0
라라967898,8752,0,0,0,0.0
라라967900,3865,0,0,0,0.0
라라967901,1787,0,0,0,0.0
라라967902,3311,0,0,0,0.0
라라967903,3058,0,0,0,0.0
라라967904,1825,0,0,0,0.0
라라967905,2202,0,0,0,0.0
라라967906,1042,0,0,0,0.0
라라967910,6503,0,0,0,0.0
라라967911,3724,0,0,0,0.0
라라967912,2158,0,0,0,0.0
라라967913,877,0,0,0,0.0
라라967914,4945,0,0,0,0.0
라라967915,1698,0,0,0,0.0
라라967916,1053,0,0,0,0.0
라라967917,2574,0,0,0,0.0
라라967918,3053,0,0,0,0.0
라라967919,1269,0,0,0,0.0
라라967920,2361,0,0,0,0.0
라라967921,643,0,0,0,0.0
라라967922,1559,0,0,0,0.0
라라967923,7620,0,0,0,0.0
라라967932,3725,0,0,0,0.0
라라967933,4441,0,0,0,0.0
라라967934,2104,0,0,0,0.0
라라967935,4559,0,0,0,0.0
라라967936,2033,0,0,0,0.0
라라967937,3210,0,0,0,0.0
라라968743,5956,0,0,0,0.0
라라968804,4631,0,0,0,0.0
라라968805,5062,0,0,0,0.0
라라968822,3870,0,0,0,0.0
라라968830,5015,0,0,0,0.0
라라968865,2921,0,0,0,0.0
라라968866,1548,0,0,0,0.0
라라968867,74,0,0,0,0.0
라라968868,874,0,0,0,0.0
라라968869,1074,0,0,0,0.0
라라968870,1028,0,0,0,0.0
라라968871,976,0,0,0,0.0
라라968872,1379,0,0,0,0.0
라라968873,3186,0,0,0,0.0
라라968874,239,0,0,0,0.0
라라968875,59,0,0,0,0.0
라라968876,49,0,0,0,0.0
라라968877,7455,0,0,0,0.0
라라968878,9097,0,0,0,0.0
라라968879,6518,0,0,0,0.0
라라968880,258,0,0,0,0.0
라라968881,363,0,0,0,0.0
라라968882,5115,0,0,0,0.0
라라968886,3456,0,0,0,0.0
라라968887,2219,0,0,0,0.0
라라968888,5197,0,0,0,0.0
라라968889,5394,0,0,0,0.0
라라968890,6502,0,0,0,0.0
라라968891,3219,0,0,0,0.0
라라968892,4537,0,0,0,0.0
라라968893,2734,0,0,0,0.0
라라968894,1524,0,0,0,0.0
라라968895,1756,0,0,0,0.0
라라968896,1335,0,0,0,0.0
라라968897,1779,0,0,0,0.0
라라968898,4985,0,0,0,0.0
라라968899,3065,0,0,0,0.0
라라968900,1274,0,0,0,0.0
라라968901,965,0,0,0,0.0
라라968902,1000,0,0,0,0.0
라라968903,1920,0,0,0,0.0
라라968904,2354,0,0,0,0.0
라라968905,769,0,0,0,0.0
라라968906,478,0,0,0,0.0
라라968907,3127,0,0,0,0.0
라라968908,3597,0,0,0,0.0
라라968910,833,0,0,0,0.0
라라968911,1517,0,0,0,0.0
라라968912,900,0,0,0,0.0
라라968913,1895,0,0,0,0.0
라라968914,1896,0,0,0,0.0
라라968915,2329,0,0,0,0.0
라라968916,1134,0,0,0,0.0
라라968917,1450,0,0,0,0.0
라라968918,2893,0,0,0,0.0
라라968919,2866,0,0,0,0.0
라라968920,873,0,0,0,0.0
라라968921,868,0,0,0,0.0
라라968922,1497,0,0,0,0.0
라라968923,6656,0,0,0,0.0
라라968932,3659,0,0,0,0.0
라라968933,3669,0,0,0,0.0
라라968934,1595,0,0,0,0.0
라라968935,2822,0,0,0,0.0
라라968936,842,0,0,0,0.0
라라968937,6867,0,0,0,0.0
라라969748,5853,0,0,0,0.0
라라969762,5959,0,0,0,0.0
라라969785,6986,0,0,0,0.0
라라969804,4737,0,0,0,0.0
라라969805,5510,0,0,0,0.0
라라969822,5126,0,0,0,0.0
라라969823,5797,0,0,0,0.0
라라969866,7749,0,0,0,0.0
라라969868,1089,0,0,0,0.0
라라969869,1013,0,0,0,0.0
라라969870,1340,0,0,0,0.0
라라969871,946,0,0,0,0.0
라라969872,1403,0,0,0,0.0
라라969873,96,0,0,56,0.019444444444444445
라라969874,183,0,0,0,0.0
라라969875,42,0,0,0,0.0
라라969876,124,0,0,0,0.0
라라969877,7187,0,0,0,0.0
라라969878,7035,0,0,0,0.0
라라969879,1567,0,0,0,0.0
라라969887,663,0,0,0,0.0
라라969888,580,0,0,0,0.0
라라969889,6652,0,0,0,0.0
라라969890,7942,0,0,0,0.0
라라969891,2643,0,0,0,0.0
라라969892,3068,0,0,0,0.0
라라969893,2592,0,0,0,0.0
라라969894,538,0,0,0,0.0
라라969895,1934,0,0,0,0.0
라라969896,716,0,0,654,0.22708333333333333
라라969897,2188,0,0,0,0.0
라라969898,4887,0,0,0,0.0
라라969899,4906,0,0,0,0.0
라라969900,1026,0,0,167,0.05798611111111111
라라969901,1387,0,0,0,0.0
라라969902,1448,0,0,0,0.0
라라969903,3685,0,0,0,0.0
라라969905,962,0,0,0,0.0
라라969906,375,0,0,0,0.0
라라969907,854,0,0,0,0.0
라라969910,749,0,0,0,0.0
라라969911,2053,0,0,0,0.0
라라969912,2377,0,0,0,0.0
라라969913,2856,0,0,0,0.0
라라969914,9278,0,0,0,0.0
라라969915,2719,0,0,0,0.0
라라969916,2182,0,0,0,0.0
라라969917,2558,0,0,0,0.0
라라969919,6728,0,0,0,0.0
라라969920,674,0,0,0,0.0
라라969921,600,0,0,0,0.0
라라969922,1745,0,0,0,0.0
라라969923,1998,0,0,0,0.0
라라969931,3761,0,0,0,0.0
라라969932,1676,0,0,0,0.0
라라969933,2998,0,0,0,0.0
라라969934,2875,0,0,0,0.0
라라969935,2434,0,0,0,0.0
라라969936,3147,0,0,0,0.0
라라969937,7576,0,0,0,0.0
라라970760,5188,0,0,0,0.0
라라970762,6796,0,0,0,0.0
라라970763,6927,0,0,0,0.0
라라970766,4317,0,0,0,0.0
라라970767,5412,0,0,0,0.0
라라970768,6583,0,0,0,0.0
라라970781,4792,0,0,0,0.0
라라970805,6823,0,0,0,0.0
라라970869,757,0,0,0,0.0
라라970870,1015,0,0,0,0.0
라라970871,1030,0,0,0,0.0
라라970875,47,0,0,0,0.0
라라970876,37,0,0,46,0.01597222222222222
라라970877,138,0,0,0,0.0
라라970890,1122,0,0,0,0.0
라라970891,1926,0,0,0,0.0
라라970892,1063,0,0,0,0.0
라라970893,509,0,0,0,0.0
라라970894,296,0,0,0,0.0
라라970895,743,0,0,0,0.0
라라970896,3325,0,0,0,0.0
라라970897,5846,0,0,0,0.0
라라970898,4812,0,0,0,0.0
라라970899,3399,0,0,0,0.0
라라970900,1823,0,0,0,0.0
라라970901,1281,0,0,0,0.0
라라970902,1381,0,0,23,0.00798611111111111
라라970903,5583,0,0,0,0.0
라라970906,1491,0,0,0,0.0
라라970907,1550,0,0,0,0.0
라라970909,8441,0,0,0,0.0
라라970910,1916,0,0,0,0.0
라라970911,3727,0,0,0,0.0
라라970912,4503,0,0,0,0.0
라라970913,1034,0,0,0,0.0
라라970914,2677,0,0,0,0.0
라라970915,3269,0,0,0,0.0
라라970916,3436,0,0,0,0.0
라라970917,2171,0,0,0,0.0
라라970920,4604,0,0,0,0.0
라라970921,2545,0,0,0,0.0
라라970922,921,0,0,0,0.0
라라970923,1279,0,0,0,0.0
라라970924,8051,0,0,0,0.0
라라970930,6287,0,0,0,0.0
라라970931,1869,0,0,0,0.0
라라970932,4220,0,0,0,0.0
라라970933,4793,0,0,0,0.0
라라970934,6702,0,0,0,0.0
라라970935,2277,0,0,0,0.0
라라970936,7210,0,0,0,0.0
라라971754,6881,0,0,0,0.0
라라971760,5748,0,0,0,0.0
라라971764,6936,0,0,0,0.0
라라971765,5943,0,0,0,0.0
라라971766,2470,0,0,0,0.0
라라971781,5190,0,0,0,0.0
라라971782,6119,0,0,0,0.0
라라971824,6091,0,0,0,0.0
라라971870,1171,0,0,0,0.0
라라971871,1854,0,0,0,0.0
라라971872,792,0,0,0,0.0
라라971874,26,1,0,376,0.13055555555555556
라라971875,456,0,0,0,0.0
라라971890,1505,0,0,0,0.0
라라971891,583,0,0,0,0.0
라라971892,1104,0,0,0,0.0
라라971893,237,0,0,0,0.0
라라971894,408,0,0,0,0.0
라라971895,344,0,0,0,0.0
라라971896,5045,0,0,0,0.0
라라971897,3502,0,0,0,0.0
라라971898,4036,0,0,0,0.0
라라971899,420,0,0,15,0.005208333333333333
라라971900,2463,0,0,0,0.0
라라971901,3112,0,0,0,0.0
라라971902,2936,0,0,0,0.0
라라971903,3529,0,0,0,0.0
라라971904,9232,0,0,0,0.0
라라971905,8991,0,0,0,0.0
라라971906,7362,0,0,0,0.0
라라971909,7673,0,0,0,0.0
라라971910,2245,0,0,0,0.0
라라971911,2670,0,0,0,0.0
라라971912,2632,0,0,0,0.0
라라971913,2968,0,0,0,0.0
라라971914,2536,0,0,0,0.0
라라971915,2664,0,0,0,0.0
라라971916,1641,0,0,0,0.0
라라971917,1523,0,0,0,0.0
라라971920,3756,0,0,0,0.0
라라971921,6086,0,0,0,0.0
라라971922,4780,0,0,0,0.0
라라971923,1325,0,0,0,0.0
라라971924,2571,0,0,0,0.0
라라971929,5198,0,0,0,0.0
라라971930,3531,0,0,0,0.0
라라971931,4105,0,0,0,0.0
라라971932,6613,0,0,0,0.0
라라971933,3045,0,0,0,0.0
라라971934,7065,0,0,0,0.0
라라971935,979,0,0,0,0.0
라라971936,6347,0,0,0,0.0
라라972755,3525,0,0,0,0.0
라라972756,5020,0,0,0,0.0
라라972760,4777,0,0,0,0.0
라라972763,5714,0,0,0,0.0
라라972766,5917,0,0,0,0.0
라라972768,6968,0,0,0,0.0
라라972782,6928,0,0,0,0.0
라라972802,2478,0,0,34,0.011805555555555555
라라972824,5888,0,0,0,0.0
라라972871,1795,0,0,0,0.0
라라972891,2445,0,0,0,0.0
라라972892,503,0,0,0,0.0
라라972893,466,0,0,0,0.0
라라972894,181,0,0,272,0.09444444444444444
라라972895,2629,0,0,0,0.0
라라972896,212,0,0,0,0.0
라라972897,389,0,0,0,0.0
라라972898,317,0,0,0,0.0
라라972899,726,0,0,0,0.0
라라972900,3652,0,0,0,0.0
라라972901,2854,0,0,0,0.0
라라972902,6681,0,0,0,0.0
라라972903,5526,0,0,0,0.0
라라972904,8383,0,0,0,0.0
라라972908,8371,0,0,0,0.0
라라972909,4589,0,0,0,0.0
라라972910,968,0,0,0,0.0
라라972911,1659,0,0,0,0.0
라라972912,955,0,0,0,0.0
라라972913,1666,0,0,0,0.0
라라972914,691,0,0,0,0.0
라라972915,613,0,0,0,0.0
라라972916,1410,0,0,0,0.0
라라972920,2163,0,0,0,0.0
라라972921,69,0,0,8,0.002777777777777778
라라972923,1819,0,0,0,0.0
라라972924,1939,0,0,0,0.0
라라972925,5830,0,0,0,0.0
라라972926,8075,0,0,0,0.0
라라972927,9685,0,0,0,0.0
라라972928,3557,0,0,0,0.0
라라972929,742,0,0,0,0.0
라라972930,2165,0,0,0,0.0
라라972931,2786,0,0,0,0.0
라라972932,4615,0,0,0,0.0
라라972933,2604,0,0,0,0.0
라라972934,857,0,0,0,0.0
라라972935,4999,0,0,0,0.0
라라972936,3033,0,0,0,0.0
라라973753,8088,0,0,0,0.0
라라973754,5927,0,0,0,0.0
라라973755,3066,0,0,0,0.0
라라973756,4268,0,0,0,0.0
라라973781,5264,0,0,0,0.0
라라973802,2540,0,0,0,0.0
라라973865,9054,0,0,0,0.0
라라973893,1639,0,0,0,0.0
라라973894,1928,0,0,0,0.0
라라973897,471,0,0,0,0.0
라라973898,177,0,0,0,0.0
라라973899,256,0,0,0,0.0
라라973900,301,0,0,733,0.2545138888888889
라라973901,2831,0,0,0,0.0
라라973902,6827,0,0,0,0.0
라라973903,3487,0,0,0,0.0
라라973904,5947,0,0,0,0.0
라라973905,5812,0,0,0,0.0
라라973906,1211,0,0,0,0.0
라라973907,616,0,0,0,0.0
라라973908,2176,0,0,0,0.0
라라973909,1697,0,0,0,0.0
라라973910,969,0,0,0,0.0
라라973911,1217,0,0,0,0.0
라라973912,935,0,0,0,0.0
라라973913,2504,0,0,0,0.0
라라973914,898,0,0,0,0.0
라라973915,518,0,0,0,0.0
라라973916,1579,0,0,0,0.0
라라973917,4226,0,0,0,0.0
라라973918,2272,0,0,0,0.0
라라973919,245,0,0,0,0.0
라라973920,701,0,0,0,0.0
라라973921,608,0,0,0,0.0
라라973922,1147,0,0,0,0.0
라라973923,2471,0,0,0,0.0
라라973924,1897,0,0,0,0.0
라라973925,2136,0,0,0,0.0
라라973926,892,0,0,0,0.0
라라973927,2137,0,0,0,0.0
라라973928,2740,0,0,0,0.0
라라973929,7586,0,0,0,0.0
라라973930,2882,0,0,0,0.0
라라973931,1249,0,0,0,0.0
라라973935,2695,0,0,0,0.0
라라973936,3447,0,0,0,0.0
라라974755,5378,0,0,0,0.0
라라974768,5347,0,0,0,0.0
라라974781,5593,0,0,0,0.0
라라974863,7958,0,0,0,0.0
라라974864,8435,0,0,0,0.0
라라974865,8995,0,0,0,0.0
라라974869,7144,0,0,0,0.0
라라974897,5392,0,0,0,0.0
라라974898,105,0,0,82,0.02847222222222222
라라974899,176,0,0,0,0.0
라라974900,118,0,0,776,0.26944444444444443
라라974901,352,0,0,0,0.0
라라974902,6496,0,0,0,0.0
라라974903,2638,0,0,0,0.0
라라974904,1283,0,0,0,0.0
라라974905,1318,0,0,0,0.0
라라974906,305,0,0,0,0.0
라라974907,1426,0,0,0,0.0
라라974908,2547,0,0,0,0.0
라라974909,2183,0,0,0,0.0
라라974910,876,0,0,0,0.0
라라974911,1256,0,0,0,0.0
라라974912,1061,0,0,0,0.0
라라974913,688,0,0,0,0.0
라라974914,3153,0,0,0,0.0
라라974915,746,0,0,0,0.0
라라974916,3421,0,0,0,0.0
라라974917,4365,0,0,0,0.0
라라974918,3966,0,0,0,0.0
라라974919,2727,0,0,0,0.0
라라974920,434,0,0,0,0.0
라라974921,2989,0,0,0,0.0
라라974922,1566,0,0,0,0.0
라라974923,3933,0,0,0,0.0
라라974924,2909,0,0,0,0.0
라라974925,1852,0,0,0,0.0
라라974926,1626,0,0,0,0.0
라라974927,6835,0,0,0,0.0
라라974928,2704,0,0,0,0.0
라라974929,2715,0,0,0,0.0
라라974930,3027,0,0,0,0.0
라라974931,1963,0,0,0,0.0
라라974932,2459,0,0,0,0.0
라라974933,7898,0,0,0,0.0
라라974934,6276,0,0,0,0.0
라라974935,1840,0,0,0,0.0
라라974936,4571,0,0,0,0.0
라라974937,8760,0,0,0,0.0
라라975755,7465,0,0,0,0.0
라라975756,7968,0,0,0,0.0
라라975768,6774,0,0,0,0.0
라라975769,5482,0,0,0,0.0
라라975781,6618,0,0,0,0.0
라라975800,3348,0,0,0,0.0
라라975801,2930,0,0,20,0.006944444444444444
라라975809,6729,0,0,0,0.0
라라975829,6822,0,0,0,0.0
라라975863,9252,0,0,0,0.0
라라975864,9496,0,0,0,0.0
라라975865,9577,0,0,0,0.0
라라975895,805,0,0,0,0.0
라라975897,343,0,0,0,0.0
라라975898,781,0,0,0,0.0
라라975899,403,0,0,2,0.0006944444444444445
라라975901,6241,0,0,0,0.0
라라975902,6790,0,0,0,0.0
라라975903,3751,0,0,0,0.0
라라975904,2179,0,0,0,0.0
라라975905,1190,0,0,0,0.0
라라975906,3375,0,0,0,0.0
라라975907,1300,0,0,0,0.0
라라975908,4578,0,0,0,0.0
라라975909,5534,0,0,0,0.0
라라975910,1322,0,0,0,0.0
라라975911,1591,0,0,0,0.0
라라975912,1480,0,0,0,0.0
라라975913,2316,0,0,0,0.0
라라975914,1528,0,0,0,0.0
라라975915,355,0,0,0,0.0
라라975916,387,0,0,0,0.0
라라975917,5,1,1,2667,0.9260416666666667
라라975918,30,0,0,0,0.0
라라975919,97,0,0,0,0.0
라라975920,1365,0,0,0,0.0
라라975921,1150,0,0,0,0.0
라라975922,906,0,0,0,0.0
라라975923,1590,0,0,0,0.0
라라975924,1006,0,0,0,0.0
라라975925,2067,0,0,0,0.0
라라975926,3428,0,0,0,0.0
라라975927,3785,0,0,0,0.0
라라975928,3586,0,0,0,0.0
라라975929,2838,0,0,0,0.0
라라975930,3121,0,0,0,0.0
라라975931,2549,0,0,0,0.0
라라975933,2608,0,0,0,0.0
라라975934,3541,0,0,0,0.0
라라975935,3606,0,0,0,0.0
라라975936,6469,0,0,0,0.0
라라976755,8014,0,0,0,0.0
라라976769,7324,0,0,0,0.0
라라976821,6230,0,0,0,0.0
라라976829,8052,0,0,0,0.0
라라976830,6751,0,0,0,0.0
라라976863,8163,0,0,0,0.0
라라976865,9637,0,0,0,0.0
라라976895,810,0,0,0,0.0
라라976897,5924,0,0,0,0.0
라라976898,8139,0,0,0,0.0
라라976899,6087,0,0,0,0.0
라라976900,5878,0,0,0,0.0
라라976901,4121,0,0,0,0.0
라라976902,4654,0,0,0,0.0
라라976903,1544,0,0,0,0.0
라라976904,4274,0,0,0,0.0
라라976905,6695,0,0,0,0.0
라라976906,2007,0,0,0,0.0
라라976907,2039,0,0,0,0.0
라라976908,4313,0,0,0,0.0
라라976909,3005,0,0,0,0.0
라라976910,1535,0,0,0,0.0
라라976911,2946,0,0,4,0.001388888888888889
라라976912,508,0,0,0,0.0
라라976913,2246,0,0,0,0.0
라라976914,491,0,0,160,0.05555555555555555
라라976915,1476,0,0,0,0.0
라라976916,1221,0,0,0,0.0
라라976917,372,0,0,0,0.0
라라976918,1156,0,0,0,0.0
라라976919,2330,0,0,0,0.0
라라976920,1616,0,0,0,0.0
라라976921,987,0,0,0,0.0
라라976922,1537,0,0,0,0.0
라라976923,2117,0,0,0,0.0
라라976924,1638,0,0,2,0.0006944444444444445
라라976925,6929,0,0,0,0.0
라라976926,9775,0,0,0,0.0
라라976927,9633,0,0,0,0.0
라라976928,7939,0,0,0,0.0
라라976929,3088,0,0,0,0.0
라라976930,1984,0,0,0,0.0
라라976931,9567,0,0,0,0.0
라라976932,9002,0,0,0,0.0
라라976933,4209,0,0,0,0.0
라라976934,2002,0,0,0,0.0
라라976935,2222,0,0,0,0.0
라라976939,7888,0,0,0,0.0
라라977755,9111,0,0,0,0.0
라라977769,2754,0,0,0,0.0
라라977770,6210,0,0,0,0.0
라라977771,4195,0,0,0,0.0
라라977779,7214,0,0,0,0.0
라라977781,5758,0,0,0,0.0
라라977782,5838,0,0,0,0.0
라라977783,6115,0,0,0,0.0
라라977787,4043,0,0,0,0.0
라라977830,7700,0,0,0,0.0
라라977850,196,0,0,0,0.0
라라977855,5365,0,0,0,0.0
라라977860,7165,0,0,0,0.0
라라977865,8008,0,0,0,0.0
라라977866,7261,0,0,0,0.0
라라977867,6937,0,0,0,0.0
라라977895,835,0,0,0,0.0
라라977896,1645,0,0,0,0.0
라라977897,8629,0,0,0,0.0
라라977898,5239,0,0,0,0.0
라라977899,6419,0,0,0,0.0
라라977900,5390,0,0,0,0.0
라라977901,627,0,0,621,0.215625
라라977902,881,0,0,0,0.0
라라977903,1370,0,0,0,0.0
라라977904,3380,0,0,0,0.0
라라977905,7470,0,0,0,0.0
라라977906,4428,0,0,0,0.0
라라977907,3090,0,0,0,0.0
라라977908,1371,0,0,0,0.0
라라977909,2427,0,0,0,0.0
라라977910,952,0,0,0,0.0
라라977911,1248,0,0,4,0.001388888888888889
라라977912,1863,0,0,0,0.0
라라977913,8327,0,0,0,0.0
라라977914,3293,0,0,0,0.0
라라977915,4286,0,0,0,0.0
라라977916,1887,0,0,0,0.0
라라977917,809,0,0,0,0.0
라라977918,2083,0,0,0,0.0
라라977919,4335,0,0,0,0.0
라라977920,4366,0,0,0,0.0
라라977921,3904,0,0,0,0.0
라라977922,7453,0,0,0,0.0
라라977923,4730,0,0,0,0.0
라라977924,5079,0,0,0,0.0
라라977925,8673,0,0,0,0.0
라라977928,4384,0,0,0,0.0
라라977929,8182,0,0,0,0.0
라라977930,3894,0,0,0,0.0
라라977931,6840,0,0,0,0.0
라라977932,2834,0,0,0,0.0
라라977933,3464,0,0,0,0.0
라라977934,1272,0,0,0,0.0
라라977935,2763,0,0,0,0.0
라라977936,6639,0,0,0,0.0
라라977938,8549,0,0,0,0.0
라라978779,6720,0,0,0,0.0
라라978781,7934,0,0,0,0.0
라라978782,6180,0,0,0,0.0
라라978783,6134,0,0,0,0.0
라라978784,6830,0,0,0,0.0
라라978802,2903,0,0,2,0.0006944444444444445
라라978830,6892,0,0,0,0.0
라라978831,8065,0,0,0,0.0
라라978832,6381,0,0,0,0.0
라라978833,6949,0,0,0,0.0
라라978847,6238,0,0,0,0.0
라라978850,1212,0,0,0,0.0
라라978851,1382,0,0,0,0.0
라라978852,773,0,0,0,0.0
라라978859,5047,0,0,0,0.0
라라978864,7951,0,0,0,0.0
라라978867,7642,0,0,0,0.0
라라978868,7298,0,0,0,0.0
라라978896,1224,0,0,0,0.0
라라978898,7831,0,0,0,0.0
라라978899,8731,0,0,0,0.0
라라978900,5074,0,0,0,0.0
라라978901,4808,0,0,0,0.0
라라978902,8688,0,0,0,0.0
라라978903,4675,0,0,0,0.0
라라978904,5908,0,0,0,0.0
라라978905,7607,0,0,0,0.0
라라978906,4325,0,0,0,0.0
라라978907,2105,0,0,0,0.0
라라978908,1243,0,0,0,0.0
라라978909,634,0,0,5,0.001736111111111111
라라978910,1750,0,0,0,0.0
라라978911,3342,0,0,0,0.0
라라978912,8850,0,0,0,0.0
라라978913,4620,0,0,0,0.0
라라978914,5222,0,0,0,0.0
라라978915,2305,0,0,0,0.0
라라978916,413,0,0,74,0.025694444444444443
라라978917,1078,0,0,0,0.0
라라978918,5457,0,0,0,0.0
라라978919,5854,0,0,0,0.0
라라978920,3802,0,0,0,0.0
라라978921,3056,0,0,0,0.0
라라978922,1814,0,0,0,0.0
라라978923,3679,0,0,0,0.0
라라978924,9946,0,0,0,0.0
라라978928,1900,0,0,0,0.0
라라978929,1564,0,0,0,0.0
라라978932,3795,0,0,0,0.0
라라978933,2802,0,0,0,0.0
라라978934,3629,0,0,0,0.0
라라978935,1235,0,0,0,0.0
라라978936,1314,0,0,0,0.0
라라979773,5025,0,0,0,0.0
라라979780,8110,0,0,0,0.0
라라979781,8423,0,0,0,0.0
라라979830,8333,0,0,0,0.0
라라979831,4454,0,0,0,0.0
라라979832,3493,0,0,0,0.0
라라979833,6274,0,0,0,0.0
라라979834,5289,0,0,0,0.0
라라979851,2333,0,0,0,0.0
라라979852,731,0,0,0,0.0
라라979867,7242,0,0,0,0.0
라라979868,7822,0,0,0,0.0
라라979899,7785,0,0,0,0.0
라라979900,7194,0,0,0,0.0
라라979901,534,0,0,0,0.0
라라979902,2787,0,0,0,0.0
라라979903,4377,0,0,0,0.0
라라979904,3831,0,0,0,0.0
라라979905,6236,0,0,0,0.0
라라979906,4426,0,0,0,0.0
라라979907,3038,0,0,0,0.0
라라979908,3849,0,0,0,0.0
라라979909,2732,0,0,0,0.0
라라979910,2628,0,0,0,0.0
라라979911,4010,0,0,0,0.0
라라979912,5368,0,0,0,0.0
라라979913,4556,0,0,0,0.0
라라979914,3141,0,0,0,0.0
라라979915,2432,0,0,0,0.0
라라979916,3915,0,0,0,0.0
라라979917,1753,0,0,0,0.0
라라979918,2405,0,0,0,0.0
라라979919,3386,0,0,0,0.0
라라979920,1321,0,0,0,0.0
라라979921,2024,0,0,0,0.0
라라979922,2113,0,0,0,0.0
라라979923,8807,0,0,0,0.0
라라979928,1177,0,0,0,0.0
라라979929,1098,0,0,0,0.0
라라979930,2651,0,0,0,0.0
라라979931,1360,0,0,0,0.0
라라979932,3705,0,0,0,0.0
라라979933,6268,0,0,0,0.0
라라979934,9142,0,0,0,0.0
라라979935,7894,0,0,0,0.0
라라979936,2124,0,0,0,0.0
라라979937,720,0,0,0,0.0
라라979938,1699,0,0,0,0.0
라라979941,5503,0,0,0,0.0
라라979942,6545,0,0,0,0.0
라라979952,2406,0,0,16,0.005555555555555556
라라979956,3028,0,0,23,0.00798611111111111
라라980755,6157,0,0,0,0.0
라라980773,3699,0,0,0,0.0
라라980779,7099,0,0,0,0.0
라라980787,2342,0,0,0,0.0
라라980788,3882,0,0,0,0.0
라라980813,6104,0,0,0,0.0
라라980814,5180,0,0,0,0.0
라라980830,6424,0,0,0,0.0
라라980831,2400,0,0,12,0.004166666666666667
라라980832,2418,0,0,0,0.0
라라980833,4566,0,0,0,0.0
라라980834,5363,0,0,0,0.0
라라980835,5894,0,0,0,0.0
라라980854,6266,0,0,0,0.0
라라980858,3443,0,0,0,0.0
라라980899,7598,0,0,0,0.0
라라980900,5031,0,0,0,0.0
라라980901,6090,0,0,0,0.0
라라980902,3929,0,0,0,0.0
라라980903,3455,0,0,0,0.0
라라980904,3592,0,0,0,0.0
라라980905,3405,0,0,0,0.0
라라980906,4614,0,0,0,0.0
라라980907,4230,0,0,0,0.0
라라980908,4745,0,0,0,0.0
라라980909,1577,0,0,0,0.0
라라980910,1192,0,0,0,0.0
라라980911,2368,0,0,0,0.0
라라980912,3937,0,0,0,0.0
라라980913,6463,0,0,0,0.0
라라980914,1909,0,0,0,0.0
라라980915,1394,0,0,1,0.00034722222222222224
라라980916,4131,0,0,0,0.0
라라980917,1589,0,0,0,0.0
라라980918,2554,0,0,0,0.0
라라980919,2031,0,0,0,0.0
라라980920,1200,0,0,0,0.0
라라980921,1884,0,0,0,0.0
라라980922,7249,0,0,0,0.0
라라980928,3631,0,0,0,0.0
라라980929,7140,0,0,0,0.0
라라980930,609,0,0,0,0.0
라라980931,924,0,0,0,0.0
라라980932,1007,0,0,0,0.0
라라980933,8888,0,0,0,0.0
라라980934,8736,0,0,0,0.0
라라980935,9904,0,0,0,0.0
라라980936,8525,0,0,0,0.0
라라980937,3339,0,0,0,0.0
라라980942,391,0,0,0,0.0
라라980944,4870,0,0,0,0.0
라라980952,1602,0,0,27,0.009375
라라980953,1751,0,0,0,0.0
라라980955,2617,0,0,11,0.0038194444444444443
라라981778,6451,0,0,0,0.0
라라981787,1569,0,0,32,0.011111111111111112
라라981788,1465,0,0,516,0.17916666666666667
라라981789,2915,0,0,0,0.0
라라981805,6203,0,0,0,0.0
라라981813,5217,0,0,0,0.0
라라981814,1203,0,0,2,0.0006944444444444445
라라981830,6932,0,0,0,0.0
라라981831,3275,0,0,0,0.0
라라981832,4176,0,0,0,0.0
라라981833,8316,0,0,0,0.0
라라981834,8212,0,0,0,0.0
라라981835,6655,0,0,0,0.0
라라981849,139,0,0,0,0.0
라라981850,67,0,0,51,0.017708333333333333
라라981900,5080,0,0,0,0.0
라라981901,5042,0,0,0,0.0
라라981902,5957,0,0,0,0.0
라라981903,3732,0,0,0,0.0
라라981904,3317,0,0,0,0.0
라라981905,3124,0,0,0,0.0
라라981906,1950,0,0,0,0.0
라라981907,4978,0,0,0,0.0
라라981908,1143,0,0,0,0.0
라라981909,1875,0,0,0,0.0
라라981910,1242,0,0,0,0.0
라라981911,2391,0,0,0,0.0
라라981912,1793,0,0,0,0.0
라라981913,1127,0,0,670,0.2326388888888889
라라981914,2449,0,0,0,0.0
라라981915,5741,0,0,0,0.0
라라981916,7175,0,0,0,0.0
라라981917,4523,0,0,0,0.0
라라981918,2990,0,0,0,0.0
라라981919,1836,0,0,0,0.0
라라981920,1613,0,0,0,0.0
라라981921,3089,0,0,0,0.0
라라981926,9199,0,0,0,0.0
라라981927,8732,0,0,0,0.0
라라981928,3303,0,0,0,0.0
라라981929,2492,0,0,0,0.0
라라981932,785,0,0,0,0.0
라라981933,368,0,0,277,0.09618055555555556
라라981934,7480,0,0,0,0.0
라라981935,9367,0,0,0,0.0
라라981937,7591,0,0,0,0.0
라라981938,6297,0,0,0,0.0
라라981939,2340,0,0,0,0.0
라라981940,980,0,0,0,0.0
라라981941,382,0,0,3,0.0010416666666666667
라라981943,213,0,0,0,0.0
라라981945,4883,0,0,0,0.0
라라981946,3284,0,0,0,0.0
라라981947,2078,0,0,0,0.0
라라981948,60,0,0,1140,0.3958333333333333
라라981949,82,0,0,21,0.007291666666666667
라라981952,2249,0,0,0,0.0
라라982786,3187,0,0,0,0.0
라라982787,1189,0,0,13,0.0045138888888888885
라라982788,2645,0,0,0,0.0
라라982802,5117,0,0,0,0.0
라라982809,6833,0,0,0,0.0
라라982811,6425,0,0,0,0.0
라라982812,1167,0,0,26,0.009027777777777777
라라982832,7205,0,0,0,0.0
라라982833,7336,0,0,0,0.0
라라982835,1168,0,0,620,0.2152777777777778
라라982849,115,0,0,0,0.0
라라982850,521,0,0,27,0.009375
라라982902,25,1,0,440,0.1527777777777778
라라982903,1855,0,0,0,0.0
라라982904,5493,0,0,0,0.0
라라982905,1206,0,0,0,0.0
라라982906,1859,0,0,0,0.0
라라982907,2994,0,0,0,0.0
라라982908,619,0,0,0,0.0
라라982909,789,0,0,0,0.0
라라982910,1832,0,0,0,0.0
라라982911,3651,0,0,0,0.0
라라982912,1986,0,0,0,0.0
라라982913,4544,0,0,0,0.0
라라982916,8224,0,0,0,0.0
라라982917,3249,0,0,0,0.0
라라982918,1842,0,0,0,0.0
라라982919,2056,0,0,0,0.0
라라982920,3310,0,0,0,0.0
라라982921,3084,0,0,0,0.0
라라982926,6361,0,0,0,0.0
라라982929,2911,0,0,0,0.0
라라982930,1068,0,0,0,0.0
라라982931,2107,0,0,0,0.0
라라982933,2973,0,0,0,0.0
라라982934,599,0,0,0,0.0
라라982935,606,0,0,0,0.0
라라982936,2204,0,0,0,0.0
라라982938,7613,0,0,0,0.0
라라982939,340,0,0,0,0.0
라라982940,204,0,0,0,0.0
라라982941,1086,0,0,0,0.0
라라982942,5625,0,0,0,0.0
라라982943,5310,0,0,0,0.0
라라982944,1229,0,0,0,0.0
라라982945,740,0,0,54,0.01875
라라982946,707,0,0,0,0.0
라라982947,2160,0,0,0,0.0
라라982948,64,0,0,3,0.0010416666666666667
라라982949,654,0,0,0,0.0
라라982956,2871,0,0,14,0.004861111111111111
라라983779,6324,0,0,0,0.0
라라983786,5651,0,0,0,0.0
라라983787,3411,0,0,0,0.0
라라983788,3783,0,0,0,0.0
라라983789,4960,0,0,0,0.0
라라983805,5303,0,0,0,0.0
라라983806,7414,0,0,0,0.0
라라983808,7566,0,0,0,0.0
라라983809,4845,0,0,0,0.0
라라983810,5711,0,0,0,0.0
라라983811,5067,0,0,43,0.014930555555555556
라라983812,3780,0,0,0,0.0
라라983833,7651,0,0,0,0.0
라라983834,8959,0,0,0,0.0
라라983849,1514,0,0,0,0.0
라라983850,3969,0,0,0,0.0
라라983903,1978,0,0,0,0.0
라라983904,2151,0,0,0,0.0
라라983905,100,0,0,123,0.042708333333333334
라라983906,2288,0,0,0,0.0
라라983907,419,0,0,0,0.0
라라983908,439,0,0,0,0.0
라라983909,1815,0,0,0,0.0
라라983910,936,0,0,8,0.002777777777777778
라라983911,2682,0,0,0,0.0
라라983912,3182,0,0,0,0.0
라라983913,5476,0,0,0,0.0
라라983914,9337,0,0,0,0.0
라라983916,2186,0,0,0,0.0
라라983917,1126,0,0,0,0.0
라라983918,1929,0,0,0,0.0
라라983919,2336,0,0,0,0.0
라라983920,759,0,0,0,0.0
라라983921,2964,0,0,0,0.0
라라983928,3777,0,0,0,0.0
라라983929,3046,0,0,0,0.0
라라983930,1906,0,0,0,0.0
라라983931,988,0,0,0,0.0
라라983932,1364,0,0,0,0.0
라라983933,5636,0,0,0,0.0
라라983934,2375,0,0,0,0.0
라라983935,2544,0,0,0,0.0
라라983936,5176,0,0,0,0.0
라라983937,5449,0,0,0,0.0
라라983938,6130,0,0,0,0.0
라라983939,6024,0,0,0,0.0
라라983940,1484,0,0,0,0.0
라라983941,709,0,0,0,0.0
라라983942,397,0,0,0,0.0
라라983943,533,0,0,0,0.0
라라983944,879,0,0,0,0.0
라라983945,131,0,0,8,0.002777777777777778
라라983946,206,0,0,0,0.0
라라983947,1201,0,0,0,0.0
라라983948,109,0,0,0,0.0
라라983949,1501,0,0,0,0.0
라라984783,6423,0,0,0,0.0
라라984784,6153,0,0,0,0.0
라라984787,5669,0,0,0,0.0
라라984805,6225,0,0,0,0.0
라라984806,6191,0,0,0,0.0
라라984807,6694,0,0,0,0.0
라라984808,7616,0,0,0,0.0
라라984809,4811,0,0,0,0.0
라라984810,6670,0,0,0,0.0
라라984811,7648,0,0,0,0.0
라라984812,5608,0,0,0,0.0
라라984830,4896,0,0,0,0.0
라라984831,5694,0,0,0,0.0
라라984836,5604,0,0,0,0.0
라라984850,3668,0,0,0,0.0
라라984851,5747,0,0,0,0.0
라라984852,220,0,0,0,0.0
라라984903,5650,0,0,0,0.0
라라984904,2356,0,0,0,0.0
라라984906,6001,0,0,0,0.0
라라984907,595,0,0,0,0.0
라라984908,4140,0,0,0,0.0
라라984909,2091,0,0,0,0.0
라라984910,2678,0,0,0,0.0
라라984911,6188,0,0,0,0.0
라라984913,7690,0,0,0,0.0
라라984915,8061,0,0,0,0.0
라라984916,1440,0,0,0,0.0
라라984917,951,0,0,0,0.0
라라984918,794,0,0,0,0.0
라라984919,1216,0,0,0,0.0
라라984920,1622,0,0,0,0.0
라라984921,3469,0,0,0,0.0
라라984928,1956,0,0,0,0.0
라라984929,1951,0,0,0,0.0
라라984930,888,0,0,0,0.0
라라984932,5320,0,0,0,0.0
라라984933,359,0,0,0,0.0
라라984934,423,0,0,0,0.0
라라984935,307,0,0,0,0.0
라라984936,1166,0,0,0,0.0
라라984937,1149,0,0,0,0.0
라라984938,1454,0,0,0,0.0
라라984939,2489,0,0,0,0.0
라라984940,5404,0,0,0,0.0
라라984941,5718,0,0,0,0.0
라라984942,1503,0,0,0,0.0
라라984943,871,0,0,0,0.0
라라984944,641,0,0,0,0.0
라라984945,1041,0,0,0,0.0
라라984946,6012,0,0,0,0.0
라라984947,1056,0,0,0,0.0
라라984948,367,0,0,0,0.0
라라984949,830,0,0,0,0.0
라라984952,5662,0,0,1,0.00034722222222222224
라라985773,6819,0,0,0,0.0
라라985774,4954,0,0,0,0.0
라라985783,4026,0,0,0,0.0
라라985785,6658,0,0,0,0.0
라라985786,7287,0,0,0,0.0
라라985806,6667,0,0,0,0.0
라라985810,8169,0,0,0,0.0
라라985811,5907,0,0,0,0.0
라라985812,8085,0,0,0,0.0
라라985817,4531,0,0,0,0.0
라라985834,7198,0,0,0,0.0
라라985839,3864,0,0,0,0.0
라라985840,3676,0,0,0,0.0
라라985851,251,0,0,0,0.0
라라985852,1413,0,0,0,0.0
라라985904,3086,0,0,0,0.0
라라985905,4512,0,0,0,0.0
라라985906,635,0,0,0,0.0
라라985907,4255,0,0,0,0.0
라라985908,1582,0,0,0,0.0
라라985909,441,0,0,0,0.0
라라985910,714,0,0,0,0.0
라라985911,4802,0,0,0,0.0
라라985913,8419,0,0,0,0.0
라라985915,8107,0,0,0,0.0
라라985916,1686,0,0,0,0.0
라라985917,1954,0,0,0,0.0
라라985918,1255,0,0,0,0.0
라라985919,1357,0,0,0,0.0
라라985920,1264,0,0,0,0.0
라라985921,1685,0,0,0,0.0
라라985922,6743,0,0,0,0.0
라라985927,1392,0,0,0,0.0
라라985928,1174,0,0,0,0.0
라라985929,1664,0,0,0,0.0
라라985930,1634,0,0,0,0.0
라라985932,1643,0,0,0,0.0
라라985933,370,0,0,0,0.0
라라985934,334,0,0,0,0.0
라라985935,3987,0,0,0,0.0
라라985936,327,0,0,0,0.0
라라985937,274,0,0,0,0.0
라라985938,193,0,0,0,0.0
라라985939,2240,0,0,0,0.0
라라985940,4432,0,0,0,0.0
라라985941,6974,0,0,0,0.0
라라985943,4637,0,0,0,0.0
라라985944,1786,0,0,0,0.0
라라985945,978,0,0,0,0.0
라라985946,1546,0,0,0,0.0
라라985947,1001,0,0,0,0.0
라라985948,655,0,0,0,0.0
라라985949,1055,0,0,0,0.0
라라986768,5165,0,0,0,0.0
라라986769,4992,0,0,0,0.0
라라986770,5424,0,0,0,0.0
라라986771,6369,0,0,0,0.0
라라986773,5574,0,0,0,0.0
라라986779,6456,0,0,0,0.0
라라986782,6103,0,0,0,0.0
라라986783,5603,0,0,0,0.0
라라986810,7407,0,0,0,0.0
라라986811,3128,0,0,0,0.0
라라986839,4801,0,0,0,0.0
라라986852,57,0,0,0,0.0
라라986853,89,0,0,0,0.0
라라986904,1886,0,0,0,0.0
라라986905,5036,0,0,0,0.0
라라986906,107,0,0,0,0.0
라라986907,88,0,0,0,0.0
라라986908,248,0,0,0,0.0
라라986909,1724,0,0,0,0.0
라라986910,2111,0,0,0,0.0
라라986913,9377,0,0,0,0.0
라라986916,3155,0,0,0,0.0
라라986917,284,0,0,1,0.00034722222222222224
라라986918,450,0,0,0,0.0
라라986919,1606,0,0,0,0.0
라라986920,728,0,0,0,0.0
라라986921,1004,0,0,0,0.0
라라986922,861,0,0,0,0.0
라라986923,4302,0,0,0,0.0
라라986927,3281,0,0,0,0.0
라라986928,1308,0,0,0,0.0
라라986929,2369,0,0,0,0.0
라라986930,1525,0,0,0,0.0
라라986931,5246,0,0,0,0.0
라라986932,1472,0,0,0,0.0
라라986933,1538,0,0,0,0.0
라라986934,622,0,0,0,0.0
라라986935,2408,0,0,0,0.0
라라986936,699,0,0,0,0.0
라라986937,747,0,0,0,0.0
라라986938,1050,0,0,0,0.0
라라986939,3498,0,0,0,0.0
라라986940,2019,0,0,0,0.0
라라986941,8373,0,0,0,0.0
라라986942,7530,0,0,0,0.0
라라986943,6668,0,0,0,0.0
라라986944,6298,0,0,0,0.0
라라986945,2346,0,0,0,0.0
라라986946,2217,0,0,0,0.0
라라986947,1482,0,0,0,0.0
라라986948,604,0,0,0,0.0
라라986949,705,0,0,0,0.0
라라986951,4989,0,0,0,0.0
라라987769,5456,0,0,0,0.0
라라987770,4252,0,0,0,0.0
라라987771,5210,0,0,0,0.0
라라987772,7272,0,0,0,0.0
라라987774,7275,0,0,0,0.0
라라987781,7570,0,0,0,0.0
라라987783,5663,0,0,0,0.0
라라987784,5692,0,0,0,0.0
라라987802,5367,0,0,0,0.0
라라987803,5577,0,0,0,0.0
라라987804,5040,0,0,0,0.0
라라987811,7029,0,0,0,0.0
라라987818,4429,0,0,0,0.0
라라987819,3688,0,0,0,0.0
라라987840,3119,0,0,0,0.0
라라987853,374,0,0,0,0.0
라라987854,332,0,0,0,0.0
라라987907,4,1,1,1947,0.6760416666666667
라라987908,704,0,0,0,0.0
라라987909,175,0,0,0,0.0
라라987910,221,0,0,0,0.0
라라987911,4072,0,0,0,0.0
라라987912,8071,0,0,0,0.0
라라987913,4064,0,0,0,0.0
라라987914,9057,0,0,0,0.0
라라987915,7670,0,0,0,0.0
라라987917,7333,0,0,0,0.0
라라987918,1927,0,0,0,0.0
라라987919,708,0,0,0,0.0
라라987920,715,0,0,0,0.0
라라987921,157,0,0,0,0.0
라라987922,2425,0,0,0,0.0
라라987923,1349,0,0,0,0.0
라라987924,8222,0,0,0,0.0
라라987925,2173,0,0,0,0.0
라라987927,1268,0,0,0,0.0
라라987928,1236,0,0,0,0.0
라라987929,957,0,0,0,0.0
라라987930,2618,0,0,0,0.0
라라987931,2441,0,0,0,0.0
라라987932,1715,0,0,0,0.0
라라987933,3374,0,0,0,0.0
라라987934,1646,0,0,0,0.0
라라987935,1294,0,0,0,0.0
라라987936,1762,0,0,0,0.0
라라987937,1251,0,0,0,0.0
라라987938,1020,0,0,0,0.0
라라987939,1094,0,0,0,0.0
라라987940,2650,0,0,0,0.0
라라987941,3855,0,0,0,0.0
라라987942,3694,0,0,0,0.0
라라987943,3079,0,0,0,0.0
라라987944,2210,0,0,0,0.0
라라987945,4412,0,0,0,0.0
라라987946,2790,0,0,0,0.0
라라987947,548,0,0,0,0.0
라라987948,982,0,0,0,0.0
라라987949,1265,0,0,0,0.0
라라988758,2855,0,0,0,0.0
라라988759,5076,0,0,0,0.0
라라988770,5259,0,0,0,0.0
라라988771,5302,0,0,0,0.0
라라988772,6605,0,0,0,0.0
라라988773,7534,0,0,0,0.0
라라988782,7027,0,0,0,0.0
라라988783,5793,0,0,0,0.0
라라988784,6397,0,0,0,0.0
라라988804,4247,0,0,0,0.0
라라988805,5473,0,0,0,0.0
라라988810,6512,0,0,0,0.0
라라988811,6697,0,0,0,0.0
라라988840,3760,0,0,0,0.0
라라988841,3980,0,0,0,0.0
라라988842,3151,0,0,0,0.0
라라988843,4596,0,0,0,0.0
라라988846,5003,0,0,0,0.0
라라988911,3167,0,0,0,0.0
라라988912,690,0,0,0,0.0
라라988913,4716,0,0,0,0.0
라라988914,5396,0,0,0,0.0
라라988915,3483,0,0,0,0.0
라라988916,3113,0,0,0,0.0
라라988917,5275,0,0,0,0.0
라라988918,572,0,0,0,0.0
라라988919,111,0,0,0,0.0
라라988920,2115,0,0,0,0.0
라라988921,5599,0,0,0,0.0
라라988922,5004,0,0,0,0.0
라라988924,1038,0,0,0,0.0
라라988925,4259,0,0,0,0.0
라라988926,330,0,0,0,0.0
라라988927,1384,0,0,0,0.0
라라988928,1169,0,0,0,0.0
라라988929,22,1,0,1240,0.4305555555555556
라라988930,520,0,0,0,0.0
라라988931,1111,0,0,0,0.0
라라988932,70,0,0,3,0.0010416666666666667
라라988933,127,0,0,0,0.0
라라988934,1684,0,0,0,0.0
라라988935,3030,0,0,0,0.0
라라988936,1935,0,0,0,0.0
라라988937,1418,0,0,0,0.0
라라988938,349,0,0,0,0.0
라라988939,302,0,0,0,0.0
라라988940,3554,0,0,0,0.0
라라988941,2156,0,0,0,0.0
라라988942,1373,0,0,0,0.0
라라988943,2066,0,0,0,0.0
라라988944,1796,0,0,0,0.0
라라988945,2610,0,0,0,0.0
라라988946,2358,0,0,0,0.0
라라988947,2725,0,0,0,0.0
라라988948,5925,0,0,0,0.0
라라988949,2252,0,0,0,0.0
라라988950,1586,0,0,0,0.0
라라988951,7581,0,0,0,0.0
라라989770,6889,0,0,0,0.0
라라989771,6164,0,0,0,0.0
라라989773,7899,0,0,0,0.0
라라989774,7741,0,0,0,0.0
라라989775,9355,0,0,0,0.0
라라989781,6951,0,0,0,0.0
라라989782,7604,0,0,0,0.0
라라989783,3832,0,0,0,0.0
라라989784,6269,0,0,0,0.0
라라989788,5196,0,0,0,0.0
라라989789,4201,0,0,0,0.0
라라989795,5213,0,0,0,0.0
라라989802,4804,0,0,0,0.0
라라989804,3266,0,0,0,0.0
라라989827,3845,0,0,0,0.0
라라989842,3379,0,0,0,0.0
라라989843,4275,0,0,0,0.0
라라989845,5940,0,0,0,0.0
라라989847,5910,0,0,0,0.0
라라989913,6926,0,0,0,0.0
라라989914,2192,0,0,0,0.0
라라989915,2494,0,0,0,0.0
라라989916,3328,0,0,0,0.0
라라989917,6215,0,0,0,0.0
라라989918,2046,0,0,0,0.0
라라989919,803,0,0,0,0.0
라라989920,2509,0,0,0,0.0
라라989921,4155,0,0,0,0.0
라라989922,6433,0,0,0,0.0
라라989923,1945,0,0,0,0.0
라라989924,964,0,0,0,0.0
라라989925,469,0,0,0,0.0
라라989926,214,0,0,3,0.0010416666666666667
라라989927,3395,0,0,0,0.0
라라989928,7911,0,0,0,0.0
라라989930,7146,0,0,0,0.0
라라989931,1032,0,0,0,0.0
라라989932,6752,0,0,0,0.0
라라989933,5883,0,0,0,0.0
라라989934,243,0,0,0,0.0
라라989935,511,0,0,0,0.0
라라989936,4200,0,0,0,0.0
라라989937,2140,0,0,0,0.0
라라989938,824,0,0,0,0.0
라라989939,3569,0,0,0,0.0
라라989940,3532,0,0,0,0.0
라라989941,6270,0,0,0,0.0
라라989942,2541,0,0,0,0.0
라라989943,2676,0,0,0,0.0
라라989944,4467,0,0,0,0.0
라라989945,1694,0,0,0,0.0
라라989946,1031,0,0,0,0.0
라라989947,1822,0,0,0,0.0
라라989948,828,0,0,0,0.0
라라989949,199,0,0,7,0.0024305555555555556
라라989950,1593,0,0,0,0.0
라라989951,1133,0,0,0,0.0
라라990769,6351,0,0,0,0.0
라라990770,8105,0,0,0,0.0
라라990773,9409,0,0,0,0.0
라라990783,6258,0,0,0,0.0
라라990789,4070,0,0,0,0.0
라라990811,7100,0,0,0,0.0
라라990915,5341,0,0,0,0.0
라라990916,1395,0,0,0,0.0
라라990917,278,0,0,0,0.0
라라990918,61,0,0,93,0.03229166666666667
라라990919,2225,0,0,0,0.0
라라990920,4298,0,0,0,0.0
라라990923,62,0,0,936,0.325
라라990924,666,0,0,0,0.0
라라990925,862,0,0,0,0.0
라라990926,2798,0,0,0,0.0
라라990927,273,0,0,7,0.0024305555555555556
라라990928,36,0,0,68,0.02361111111111111
라라990934,4525,0,0,0,0.0
라라990935,1839,0,0,0,0.0
라라990936,6058,0,0,0,0.0
라라990937,2052,0,0,0,0.0
라라990938,2764,0,0,0,0.0
라라990939,1110,0,0,0,0.0
라라990940,922,0,0,0,0.0
라라990941,4983,0,0,0,0.0
라라990942,1195,0,0,0,0.0
라라990943,2593,0,0,0,0.0
라라990944,1979,0,0,0,0.0
라라990945,1456,0,0,0,0.0
라라990946,399,0,0,0,0.0
라라990947,1389,0,0,0,0.0
라라990948,1833,0,0,0,0.0
라라990949,2758,0,0,0,0.0
라라990951,1459,0,0,0,0.0
라라990952,2381,0,0,0,0.0
라라991917,750,0,0,0,0.0
라라991919,401,0,0,0,0.0
라라991923,834,0,0,0,0.0
라라991924,1770,0,0,0,0.0
라라991925,4532,0,0,0,0.0
라라991926,73,0,0,310,0.1076388888888889
라라991927,156,0,0,0,0.0
라라991928,1769,0,0,0,0.0
라라991935,8885,0,0,0,0.0
라라991936,4752,0,0,0,0.0
라라991937,90,0,0,0,0.0
라라991938,2622,0,0,0,0.0
라라991939,937,0,0,0,0.0
라라991940,4689,0,0,0,0.0
라라991941,9885,0,0,0,0.0
라라991942,10201,0,0,0,0.0
라라991944,3510,0,0,0,0.0
라라991945,1942,0,0,0,0.0
라라991946,1513,0,0,0,0.0
라라991947,1324,0,0,0,0.0
라라991948,379,0,0,0,0.0
라라991949,1023,0,0,0,0.0
라라991950,6016,0,0,0,0.0
라라991951,531,0,0,0,0.0
라라991952,293,0,0,0,0.0
라라991953,1270,0,0,0,0.0
라라991970,8480,0,0,0,0.0
라라991995,6030,0,0,0,0.0
라라992789,2985,0,0,0,0.0
라라992843,4829,0,0,0,0.0
라라992913,8932,0,0,0,0.0
라라992914,8774,0,0,0,0.0
라라992917,5701,0,0,0,0.0
라라992926,905,0,0,0,0.0
라라992936,1905,0,0,0,0.0
라라992937,148,0,0,0,0.0
라라992938,1878,0,0,0,0.0
라라992939,10180,0,0,0,0.0
라라992946,10145,0,0,0,0.0
라라992947,4282,0,0,0,0.0
라라992948,986,0,0,0,0.0
라라992949,1506,0,0,0,0.0
라라992950,5345,0,0,0,0.0
라라992951,1342,0,0,0,0.0
라라992952,741,0,0,0,0.0
라라992953,321,0,0,0,0.0
라라992954,2251,0,0,0,0.0
라라992956,5343,0,0,0,0.0
라라992957,3382,0,0,0,0.0
라라992958,9384,0,0,0,0.0
라라992995,6216,0,0,0,0.0
라라992999,7508,0,0,0,0.0
라라993915,6851,0,0,0,0.0
라라993917,5451,0,0,0,0.0
라라993921,3530,0,0,0,0.0
라라993923,5060,0,0,0,0.0
라라993924,5391,0,0,0,0.0
라라993925,2671,0,0,0,0.0
라라993926,1728,0,0,0,0.0
라라993937,985,0,0,0,0.0
라라993938,3769,0,0,0,0.0
라라993947,10202,0,0,0,0.0
라라993949,2054,0,0,0,0.0
라라993950,3801,0,0,0,0.0
라라993951,2967,0,0,0,0.0
라라993952,2825,0,0,0,0.0
라라993953,711,0,0,0,0.0
라라993954,564,0,0,0,0.0
라라993956,1890,0,0,0,0.0
라라993957,1323,0,0,0,0.0
라라993958,2382,0,0,0,0.0
라라993995,6535,0,0,0,0.0
라라994828,1543,0,0,29,0.010069444444444445
라라994838,3107,0,0,0,0.0
라라994917,4051,0,0,0,0.0
라라994919,4288,0,0,0,0.0
라라994923,3239,0,0,0,0.0
라라994924,2744,0,0,0,0.0
라라994925,3897,0,0,0,0.0
라라994938,10154,0,0,0,0.0
라라994950,768,0,0,0,0.0
라라994951,659,0,0,0,0.0
라라994952,9235,0,0,0,0.0
라라994953,2080,0,0,0,0.0
라라994954,1997,0,0,0,0.0
라라994955,2239,0,0,0,0.0
라라994956,5557,0,0,0,0.0
라라994957,882,0,0,0,0.0
라라994958,932,0,0,0,0.0
라라994959,1797,0,0,0,0.0
라라994960,9758,0,0,0,0.0
라라995768,5631,0,0,0,0.0
라라995770,6120,0,0,0,0.0
라라995772,5885,0,0,0,0.0
라라995789,2858,0,0,0,0.0
라라995914,7243,0,0,0,0.0
라라995915,6763,0,0,0,0.0
라라995918,4320,0,0,0,0.0
라라995921,6196,0,0,0,0.0
라라995923,2422,0,0,0,0.0
라라995924,790,0,0,0,0.0
라라995926,9605,0,0,0,0.0
라라995940,10187,0,0,0,0.0
라라995950,8675,0,0,0,0.0
라라995951,719,0,0,0,0.0
라라995952,1704,0,0,0,0.0
라라995953,4539,0,0,0,0.0
라라995954,1625,0,0,0,0.0
라라995955,1277,0,0,0,0.0
라라995956,5564,0,0,0,0.0
라라995957,1257,0,0,0,0.0
라라995958,2125,0,0,0,0.0
라라995959,2410,0,0,0,0.0
라라995960,2068,0,0,0,0.0
라라995961,3986,0,0,0,0.0
라라995962,2594,0,0,0,0.0
라라995963,7988,0,0,0,0.0
라라995964,8983,0,0,0,0.0
라라996746,2860,0,0,0,0.0
라라996747,2953,0,0,0,0.0
라라996788,2662,0,0,0,0.0
라라996809,5112,0,0,0,0.0
라라996810,4905,0,0,0,0.0
라라996815,4031,0,0,0,0.0
라라996816,4063,0,0,0,0.0
라라996911,7013,0,0,0,0.0
라라996914,5410,0,0,0,0.0
라라996919,5531,0,0,0,0.0
라라996923,3499,0,0,0,0.0
라라996924,8979,0,0,0,0.0
라라996952,4485,0,0,0,0.0
라라996954,3333,0,0,0,0.0
라라996955,2552,0,0,0,0.0
라라996956,7694,0,0,0,0.0
라라996957,8233,0,0,0,0.0
라라996958,1975,0,0,0,0.0
라라996959,2191,0,0,0,0.0
라라996960,1955,0,0,0,0.0
라라996961,1748,0,0,0,0.0
라라996962,1033,0,0,0,0.0
라라996963,1882,0,0,0,0.0
라라996964,598,0,0,0,0.0
라라996965,5398,0,0,0,0.0
라라996992,4264,0,0,0,0.0
라라997806,4934,0,0,0,0.0
라라997807,6309,0,0,0,0.0
라라997808,4284,0,0,0,0.0
라라997809,3232,0,0,0,0.0
라라997815,3402,0,0,0,0.0
라라997816,3025,0,0,0,0.0
라라997817,3645,0,0,0,0.0
라라997833,783,0,0,108,0.0375
라라997868,9237,0,0,0,0.0
라라997914,6509,0,0,0,0.0
라라997915,6875,0,0,0,0.0
라라997919,5721,0,0,0,0.0
라라997920,4800,0,0,0,0.0
라라997923,1757,0,0,0,0.0
라라997924,3227,0,0,0,0.0
라라997926,9225,0,0,0,0.0
라라997953,9898,0,0,0,0.0
라라997955,6244,0,0,0,0.0
라라997956,5592,0,0,0,0.0
라라997958,7190,0,0,0,0.0
라라997959,1627,0,0,0,0.0
라라997960,2273,0,0,0,0.0
라라997961,5266,0,0,0,0.0
라라997962,294,0,0,16,0.005555555555555556
라라997963,430,0,0,55,0.019097222222222224
라라997964,848,0,0,0,0.0
라라997965,1477,0,0,0,0.0
라라997966,1637,0,0,0,0.0
라라997998,5637,0,0,0,0.0
라라997999,5994,0,0,0,0.0
라라998755,6722,0,0,0,0.0
라라998756,7038,0,0,0,0.0
라라998768,3132,0,0,0,0.0
라라998806,4161,0,0,0,0.0
라라998807,4118,0,0,0,0.0
라라998808,3776,0,0,0,0.0
라라998915,6717,0,0,0,0.0
라라998916,6806,0,0,0,0.0
라라998917,852,0,0,0,0.0
라라998918,5527,0,0,0,0.0
라라998919,6348,0,0,0,0.0
라라998921,7464,0,0,0,0.0
라라998922,3013,0,0,0,0.0
라라998923,1512,0,0,0,0.0
라라998924,2402,0,0,0,0.0
라라998925,4172,0,0,0,0.0
라라998926,9601,0,0,0,0.0
라라998930,9176,0,0,0,0.0
라라998953,3200,0,0,0,0.0
라라998954,5573,0,0,0,0.0
라라998955,6264,0,0,0,0.0
라라998956,3273,0,0,0,0.0
라라998957,8937,0,0,0,0.0
라라998959,5543,0,0,0,0.0
라라998960,1337,0,0,0,0.0
라라998961,6610,0,0,0,0.0
라라998962,788,0,0,2,0.0006944444444444445
라라998963,886,0,0,0,0.0
라라998964,1079,0,0,0,0.0
라라998965,3095,0,0,0,0.0
라라998966,2279,0,0,0,0.0
라라998997,5897,0,0,0,0.0
라라998998,3212,0,0,0,0.0
라라998999,3442,0,0,0,0.0
라라999756,7314,0,0,0,0.0
라라999757,6445,0,0,0,0.0
라라999758,7398,0,0,0,0.0
라라999808,4300,0,0,0,0.0
라라999900,9827,0,0,0,0.0
라라999915,7150,0,0,0,0.0
라라999916,5644,0,0,0,0.0
라라999917,1350,0,0,0,0.0
라라999918,6077,0,0,0,0.0
라라999919,6607,0,0,0,0.0
라라999921,5732,0,0,0,0.0
라라999922,3415,0,0,0,0.0
라라999923,1850,0,0,0,0.0
라라999924,2231,0,0,0,0.0
라라999925,4701,0,0,0,0.0
라라999926,9379,0,0,0,0.0
라라999953,5949,0,0,0,0.0
라라999954,3264,0,0,0,0.0
라라999955,8263,0,0,0,0.0
라라999956,3314,0,0,0,0.0
라라999957,3241,0,0,0,0.0
라라999958,6436,0,0,0,0.0
라라999960,4507,0,0,0,0.0
라라999961,2208,0,0,0,0.0
라라999962,7409,0,0,0,0.0
라라999963,3007,0,0,0,0.0
라라999964,2008,0,0,0,0.0
라라999965,3096,0,0,0,0.0
라라999966,5728,0,0,0,0.0
라라999967,9849,0,0,0,0.0
라라999998,2429,0,0,0,0.0
라라999999,2958,0,0,0,0.0
라마967065,4411,0,0,3,0.0010416666666666667
라마972066,6004,0,0,0,0.0
라마972067,4664,0,0,1,0.00034722222222222224
라마973065,6648,0,0,0,0.0
라마973067,5463,0,0,0,0.0
라마974044,7502,0,0,0,0.0
라마974066,5974,0,0,0,0.0
라마974078,9186,0,0,0,0.0
라마975045,6829,0,0,0,0.0
라마975063,2073,0,0,7,0.0024305555555555556
라마975064,6173,0,0,0,0.0
라마975066,6160,0,0,0,0.0
라마975078,9188,0,0,0,0.0
라마976065,2363,0,0,0,0.0
라마976066,7056,0,0,0,0.0
라마976078,9392,0,0,0,0.0
라마977039,5892,0,0,0,0.0
라마977044,6388,0,0,0,0.0
라마977075,9581,0,0,0,0.0
라마978027,2248,0,0,0,0.0
라마978029,4891,0,0,0,0.0
라마978039,4728,0,0,0,0.0
라마978040,7733,0,0,0,0.0
라마978045,5903,0,0,0,0.0
라마978048,7454,0,0,0,0.0
라마978055,4930,0,0,0,0.0
라마978076,9681,0,0,0,0.0
라마979027,1067,0,0,0,0.0
라마979039,4652,0,0,0,0.0
라마979040,7005,0,0,0,0.0
라마979044,7192,0,0,0,0.0
라마979047,7823,0,0,0,0.0
라마979053,5016,0,0,1,0.00034722222222222224
라마979055,4696,0,0,0,0.0
라마979056,4521,0,0,0,0.0
라마979057,7124,0,0,0,0.0
라마979058,3240,0,0,2,0.0006944444444444445
라마979078,7857,0,0,0,0.0
라마979092,4897,0,0,0,0.0
라마979093,3372,0,0,0,0.0
라마980027,796,0,0,0,0.0
라마980029,3475,0,0,0,0.0
라마980030,4858,0,0,0,0.0
라마980031,6528,0,0,0,0.0
라마980038,7088,0,0,0,0.0
라마980044,7980,0,0,0,0.0
라마980054,4173,0,0,0,0.0
라마980057,6431,0,0,0,0.0
라마980058,4175,0,0,0,0.0
라마980068,8293,0,0,0,0.0
라마980074,9137,0,0,0,0.0
라마980080,9034,0,0,0,0.0
라마980094,6910,0,0,0,0.0
라마981012,6567,0,0,0,0.0
라마981029,216,0,0,1,0.00034722222222222224
라마981030,13,1,0,741,0.25729166666666664
라마981031,142,0,0,0,0.0
라마981032,4227,0,0,0,0.0
라마981034,1046,0,0,0,0.0
라마981060,6363,0,0,0,0.0
라마981068,7864,0,0,0,0.0
라마981069,8460,0,0,0,0.0
라마981075,9312,0,0,0,0.0
라마981078,7473,0,0,0,0.0
라마981079,7780,0,0,0,0.0
라마981080,8608,0,0,0,0.0
라마982011,7288,0,0,0,0.0
라마982012,4392,0,0,0,0.0
라마982013,6776,0,0,0,0.0
라마982027,1,1,0,1006,0.34930555555555554
라마982030,603,0,0,5,0.001736111111111111
라마982031,1400,0,0,0,0.0
라마982032,1062,0,0,0,0.0
라마982033,2688,0,0,0,0.0
라마982034,2082,0,0,0,0.0
라마982035,5221,0,0,0,0.0
라마982039,7520,0,0,0,0.0
라마982042,6946,0,0,0,0.0
라마982059,4257,0,0,0,0.0
라마982060,5229,0,0,0,0.0
라마982061,6226,0,0,0,0.0
라마982071,8319,0,0,0,0.0
라마982078,6856,0,0,0,0.0
라마982079,8726,0,0,0,0.0
라마983027,996,0,0,0,0.0
라마983030,944,0,0,0,0.0
라마983031,774,0,0,0,0.0
라마983034,1713,0,0,0,0.0
라마983035,5271,0,0,0,0.0
라마983037,9021,0,0,0,0.0
라마983041,7429,0,0,0,0.0
라마983042,8756,0,0,0,0.0
라마983043,8923,0,0,0,0.0
라마983058,3270,0,0,0,0.0
라마983059,3290,0,0,0,0.0
라마983060,5114,0,0,0,0.0
라마983061,5841,0,0,0,0.0
라마983071,8229,0,0,0,0.0
라마983075,8359,0,0,0,0.0
라마983076,8864,0,0,0,0.0
라마983077,7411,0,0,0,0.0
라마983078,6908,0,0,0,0.0
라마983079,5786,0,0,0,0.0
라마984011,1016,0,0,1,0.00034722222222222224
라마984012,2194,0,0,0,0.0
라마984013,2917,0,0,0,0.0
라마984026,4683,0,0,0,0.0
라마984029,304,0,0,2,0.0006944444444444445
라마984030,354,0,0,4,0.001388888888888889
라마984031,695,0,0,0,0.0
라마984032,1557,0,0,0,0.0
라마984033,732,0,0,0,0.0
라마984034,2487,0,0,0,0.0
라마984035,2824,0,0,0,0.0
라마984042,9533,0,0,0,0.0
라마984043,8830,0,0,0,0.0
라마984044,8301,0,0,0,0.0
라마984059,6682,0,0,0,0.0
라마984074,7139,0,0,0,0.0
라마984075,8496,0,0,0,0.0
라마984077,8859,0,0,0,0.0
라마984078,8836,0,0,0,0.0
라마985010,2109,0,0,0,0.0
라마985011,2349,0,0,0,0.0
라마985012,1701,0,0,0,0.0
라마985013,2207,0,0,0,0.0
라마985014,6660,0,0,0,0.0
라마985029,298,0,0,10,0.003472222222222222
라마985030,347,0,0,0,0.0
라마985031,244,0,0,0,0.0
라마985032,972,0,0,0,0.0
라마985033,2004,0,0,0,0.0
라마985037,8323,0,0,0,0.0
라마985040,8497,0,0,0,0.0
라마985041,8531,0,0,0,0.0
라마985042,9450,0,0,0,0.0
라마985043,9778,0,0,0,0.0
라마985044,9571,0,0,0,0.0
라마985045,9492,0,0,0,0.0
라마985092,9249,0,0,0,0.0
라마985093,9045,0,0,0,0.0
라마986010,6098,0,0,0,0.0
라마986011,4029,0,0,0,0.0
라마986012,2175,0,0,0,0.0
라마986013,2483,0,0,0,0.0
라마986014,8335,0,0,0,0.0
라마986025,6742,0,0,0,0.0
라마986029,4075,0,0,0,0.0
라마986030,2098,0,0,0,0.0
라마986031,1957,0,0,0,0.0
라마986040,8953,0,0,0,0.0
라마986043,9851,0,0,0,0.0
라마986044,8362,0,0,0,0.0
라마986045,9185,0,0,0,0.0
라마986057,5384,0,0,0,0.0
라마986058,6377,0,0,0,0.0
라마986078,9683,0,0,0,0.0
라마987010,5142,0,0,0,0.0
라마987011,3254,0,0,0,0.0
라마987012,2290,0,0,0,0.0
라마987013,811,0,0,0,0.0
라마987027,1673,0,0,0,0.0
라마987028,23,1,0,161,0.05590277777777778
라마987038,9037,0,0,0,0.0
라마987042,9129,0,0,0,0.0
라마987044,8601,0,0,0,0.0
라마987045,9323,0,0,0,0.0
라마987072,8078,0,0,0,0.0
라마987073,7265,0,0,0,0.0
라마987078,8943,0,0,0,0.0
라마987079,8949,0,0,0,0.0
라마988006,8938,0,0,0,0.0
라마988011,826,0,0,0,0.0
라마988012,283,0,0,0,0.0
라마988013,5319,0,0,0,0.0
라마988014,859,0,0,0,0.0
라마988027,5814,0,0,0,0.0
라마988028,1759,0,0,0,0.0
라마988029,7724,0,0,0,0.0
라마988056,4788,0,0,0,0.0
라마988072,8839,0,0,0,0.0
라마988077,9364,0,0,0,0.0
라마988078,8154,0,0,0,0.0
라마988079,8915,0,0,0,0.0
라마988092,8965,0,0,0,0.0
라마988093,9479,0,0,0,0.0
라마988094,9709,0,0,0,0.0
라마988095,10054,0,0,0,0.0
라마988096,10071,0,0,0,0.0
라마989006,8709,0,0,0,0.0
라마989011,1297,0,0,0,0.0
라마989012,787,0,0,0,0.0
라마989013,1636,0,0,0,0.0
라마989014,3040,0,0,0,0.0
라마989043,8334,0,0,0,0.0
라마989077,9086,0,0,0,0.0
라마989078,5706,0,0,0,0.0
라마989079,8205,0,0,0,0.0
라마989094,9822,0,0,0,0.0
라마989095,9894,0,0,0,0.0
라마990006,9270,0,0,0,0.0
라마990010,9325,0,0,0,0.0
라마990011,9095,0,0,0,0.0
라마990012,8847,0,0,0,0.0
라마990014,2569,0,0,0,0.0
라마990043,8297,0,0,0,0.0
라마990057,7302,0,0,0,0.0
라마990075,8063,0,0,0,0.0
라마990078,7282,0,0,0,0.0
라마990094,9779,0,0,0,0.0
라마990095,9949,0,0,0,0.0
라마991006,8698,0,0,0,0.0
라마991007,8452,0,0,0,0.0
라마991009,9334,0,0,0,0.0
라마991010,9222,0,0,0,0.0
라마991011,7498,0,0,0,0.0
라마991012,8566,0,0,0,0.0
라마991013,2528,0,0,0,0.0
라마991014,2710,0,0,0,0.0
라마991028,7561,0,0,0,0.0
라마991029,8361,0,0,0,0.0
라마991056,5755,0,0,0,0.0
라마991057,8515,0,0,0,0.0
라마991075,7658,0,0,0,0.0
라마991090,7173,0,0,0,0.0
라마991091,6321,0,0,0,0.0
라마991092,7240,0,0,0,0.0
라마991094,9340,0,0,0,0.0
라마992006,6523,0,0,0,0.0
라마992007,6809,0,0,0,0.0
라마992008,8483,0,0,0,0.0
라마992010,7698,0,0,0,0.0
라마992011,7371,0,0,0,0.0
라마992012,8762,0,0,0,0.0
라마992013,3440,0,0,0,0.0
라마992014,2693,0,0,0,0.0
라마992055,4986,0,0,0,0.0
라마992056,6395,0,0,0,0.0
라마992076,7357,0,0,0,0.0
라마992077,7223,0,0,0,0.0
라마992090,7506,0,0,0,0.0
라마992091,7169,0,0,0,0.0
라마992094,9661,0,0,0,0.0
라마993006,8215,0,0,0,0.0
라마993007,7380,0,0,0,0.0
라마993008,7370,0,0,0,0.0
라마993009,7250,0,0,0,0.0
라마993010,5697,0,0,0,0.0
라마993011,5851,0,0,0,0.0
라마993012,7731,0,0,0,0.0
라마993013,5962,0,0,0,0.0
라마993014,2029,0,0,0,0.0
라마993034,5971,0,0,0,0.0
라마993044,7722,0,0,0,0.0
라마993051,6636,0,0,0,0.0
라마993054,6279,0,0,0,0.0
라마993055,6487,0,0,0,0.0
라마993075,6688,0,0,0,0.0
라마993091,7342,0,0,0,0.0
라마993092,7885,0,0,0,0.0
라마993096,9263,0,0,0,0.0
라마993097,7157,0,0,0,0.0
라마993098,8647,0,0,0,0.0
라마994007,9494,0,0,0,0.0
라마994008,7777,0,0,0,0.0
라마994009,6014,0,0,0,0.0
라마994010,7846,0,0,0,0.0
라마994013,2250,0,0,0,0.0
라마994014,2919,0,0,0,0.0
라마994034,6089,0,0,0,0.0
라마994043,6015,0,0,0,0.0
라마994055,8069,0,0,0,0.0
라마994077,7392,0,0,0,0.0
라마994089,7279,0,0,0,0.0
라마994096,8992,0,0,0,0.0
라마994097,5717,0,0,0,0.0
라마994098,8797,0,0,0,0.0
라마995002,7496,0,0,0,0.0
라마995003,7367,0,0,0,0.0
라마995005,8456,0,0,0,0.0
라마995007,8913,0,0,0,0.0
라마995009,9255,0,0,0,0.0
라마995013,2243,0,0,0,0.0
라마995014,1442,0,0,0,0.0
라마995015,5588,0,0,0,0.0
라마995022,9412,0,0,0,0.0
라마995028,4407,0,0,0,0.0
라마995029,7280,0,0,0,0.0
라마995052,4736,0,0,0,0.0
라마995055,7675,0,0,0,0.0
라마995083,6692,0,0,0,0.0
라마995097,7628,0,0,0,0.0
라마995098,8814,0,0,0,0.0
라마995109,8855,0,0,0,0.0
라마995110,8856,0,0,0,0.0
라마996004,8272,0,0,0,0.0
라마996010,1310,0,0,0,0.0
라마996011,3271,0,0,0,0.0
라마996012,2135,0,0,0,0.0
라마996013,5152,0,0,0,0.0
라마996014,2988,0,0,0,0.0
라마996015,5518,0,0,0,0.0
라마996017,9114,0,0,0,0.0
라마996022,9102,0,0,0,0.0
라마996023,8982,0,0,0,0.0
라마996027,5301,0,0,0,0.0
라마996028,3625,0,0,0,0.0
라마996029,4393,0,0,0,0.0
라마996033,7304,0,0,0,0.0
라마996043,6896,0,0,0,0.0
라마996081,8261,0,0,0,0.0
라마996083,5309,0,0,0,0.0
라마996084,5562,0,0,0,0.0
라마996104,9909,0,0,0,0.0
라마996105,9714,0,0,0,0.0
라마997010,1994,0,0,0,0.0
라마997011,3995,0,0,0,0.0
라마997012,3057,0,0,0,0.0
라마997013,3459,0,0,0,0.0
라마997014,3301,0,0,0,0.0
라마997015,3307,0,0,0,0.0
라마997017,8842,0,0,0,0.0
라마997022,9702,0,0,0,0.0
라마997023,9326,0,0,0,0.0
라마997024,9528,0,0,0,0.0
라마997027,5681,0,0,0,0.0
라마997028,3764,0,0,0,0.0
라마997029,2974,0,0,0,0.0
라마997031,9031,0,0,0,0.0
라마997035,9070,0,0,0,0.0
라마997042,7650,0,0,0,0.0
라마997043,6420,0,0,0,0.0
라마997046,8171,0,0,0,0.0
라마997049,7389,0,0,0,0.0
라마997080,5550,0,0,0,0.0
라마997083,5203,0,0,0,0.0
라마997084,5454,0,0,0,0.0
라마997089,7458,0,0,0,0.0
라마997090,5226,0,0,0,0.0
라마997103,9040,0,0,0,0.0
라마997104,7006,0,0,0,0.0
라마997105,9431,0,0,0,0.0
라마997106,9124,0,0,0,0.0
라마997107,9368,0,0,0,0.0
라마998000,7739,0,0,0,0.0
라마998003,8216,0,0,0,0.0
라마998009,1681,0,0,0,0.0
라마998010,2262,0,0,0,0.0
라마998011,3664,0,0,0,0.0
라마998012,4027,0,0,0,0.0
라마998013,3958,0,0,0,0.0
라마998014,3971,0,0,0,0.0
라마998015,3665,0,0,0,0.0
라마998017,8810,0,0,0,0.0
라마998020,9631,0,0,0,0.0
라마998023,9513,0,0,0,0.0
라마998024,8395,0,0,0,0.0
라마998026,7395,0,0,0,0.0
라마998027,6771,0,0,0,0.0
라마998028,5761,0,0,0,0.0
라마998029,4159,0,0,0,0.0
라마998030,7082,0,0,0,0.0
라마998035,8768,0,0,0,0.0
라마998046,8803,0,0,0,0.0
라마998047,9402,0,0,0,0.0
라마998050,2966,0,0,0,0.0
라마998051,5247,0,0,0,0.0
라마998079,4391,0,0,0,0.0
라마998081,5237,0,0,0,0.0
라마998088,7922,0,0,0,0.0
라마998089,7142,0,0,0,0.0
라마998090,6619,0,0,0,0.0
라마998103,9301,0,0,0,0.0
라마998106,9629,0,0,0,0.0
라마998107,8590,0,0,0,0.0
라마999000,4560,0,0,0,0.0
라마999011,941,0,0,0,0.0
라마999012,2582,0,0,0,0.0
라마999013,2119,0,0,0,0.0
라마999014,2840,0,0,0,0.0
라마999015,1121,0,0,0,0.0
라마999017,8476,0,0,0,0.0
라마999018,8204,0,0,0,0.0
라마999019,9071,0,0,0,0.0
라마999026,5765,0,0,0,0.0
라마999027,5066,0,0,0,0.0
라마999028,2945,0,0,0,0.0
라마999029,4005,0,0,0,0.0
라마999030,6325,0,0,0,0.0
라마999033,8468,0,0,0,0.0
라마999034,8873,0,0,0,0.0
라마999035,9406,0,0,0,0.0
라마999041,8457,0,0,0,0.0
라마999043,8509,0,0,0,0.0
라마999044,8494,0,0,0,0.0
라마999049,6997,0,0,0,0.0
라마999050,6654,0,0,0,0.0
라마999051,4913,0,0,0,0.0
라마999055,6099,0,0,0,0.0
라마999074,7767,0,0,0,0.0
라마999078,6999,0,0,0,0.0
라마999103,9342,0,0,0,0.0
라마999105,7723,0,0,0,0.0
라마999106,7125,0,0,0,0.0
라마999107,7730,0,0,0,0.0
라마999108,7449,0,0,0,0.0
마라000757,3632,0,0,0,0.0
마라000758,5945,0,0,0,0.0
마라000768,4222,0,0,0,0.0
마라000866,9382,0,0,0,0.0
마라000917,6596,0,0,0,0.0
마라000918,7000,0,0,0,0.0
마라000920,7595,0,0,0,0.0
마라000921,5505,0,0,0,0.0
마라000922,5466,0,0,0,0.0
마라000949,8640,0,0,0,0.0
마라000953,3042,0,0,0,0.0
마라000954,1428,0,0,0,0.0
마라000955,1758,0,0,0,0.0
마라000956,9532,0,0,0,0.0
마라000957,3786,0,0,0,0.0
마라000958,2259,0,0,0,0.0
마라000959,1813,0,0,0,0.0
마라000960,3452,0,0,0,0.0
마라000961,3976,0,0,0,0.0
마라000962,1967,0,0,0,0.0
마라000963,2791,0,0,0,0.0
마라000964,1488,0,0,0,0.0
마라000965,3420,0,0,0,0.0
마라000997,6589,0,0,0,0.0
마라000998,4443,0,0,0,0.0
마라000999,2751,0,0,0,0.0
마라001805,4251,0,0,0,0.0
마라001808,4082,0,0,0,0.0
마라001865,9189,0,0,0,0.0
마라001866,9696,0,0,0,0.0
마라001888,5037,0,0,0,0.0
마라001912,6450,0,0,0,0.0
마라001913,6641,0,0,0,0.0
마라001916,5928,0,0,0,0.0
마라001919,7476,0,0,0,0.0
마라001921,9950,0,0,0,0.0
마라001952,9855,0,0,0,0.0
마라001953,3501,0,0,0,0.0
마라001954,1588,0,0,0,0.0
마라001955,2242,0,0,0,0.0
마라001956,8146,0,0,0,0.0
마라001957,8795,0,0,0,0.0
마라001958,3752,0,0,0,0.0
마라001959,3274,0,0,0,0.0
마라001960,5298,0,0,0,0.0
마라001961,8132,0,0,0,0.0
마라001962,1807,0,0,0,0.0
마라001963,665,0,0,0,0.0
마라001964,2367,0,0,0,0.0
마라001965,1980,0,0,0,0.0
마라001966,1112,0,0,0,0.0
마라001997,5339,0,0,0,0.0
마라001999,6170,0,0,0,0.0
마라002771,4243,0,0,0,0.0
마라002774,5724,0,0,0,0.0
마라002791,2314,0,0,0,0.0
마라002796,2647,0,0,0,0.0
마라002800,3787,0,0,0,0.0
마라002859,7543,0,0,0,0.0
마라002864,9807,0,0,0,0.0
마라002865,9842,0,0,0,0.0
마라002885,9671,0,0,0,0.0
마라002912,6807,0,0,0,0.0
마라002914,7815,0,0,0,0.0
마라002917,7105,0,0,0,0.0
마라002919,8750,0,0,0,0.0
마라002920,9614,0,0,0,0.0
마라002954,3234,0,0,0,0.0
마라002955,2648,0,0,0,0.0
마라002956,2999,0,0,0,0.0
마라002957,3655,0,0,0,0.0
마라002958,928,0,0,0,0.0
마라002959,7989,0,0,0,0.0
마라002961,9396,0,0,0,0.0
마라002962,6207,0,0,0,0.0
마라002963,3222,0,0,0,0.0
마라002964,2437,0,0,0,0.0
마라002965,6131,0,0,0,0.0
마라003791,1932,0,0,1,0.00034722222222222224
마라003954,1427,0,0,0,0.0
마라003955,4909,0,0,0,0.0
마라003956,6418,0,0,0,0.0
마라003957,9425,0,0,0,0.0
마라003958,8159,0,0,0,0.0
마라003960,9310,0,0,0,0.0
마라003994,6510,0,0,0,0.0
마라004762,5453,0,0,0,0.0
마라004769,5605,0,0,0,0.0
마라004913,6868,0,0,0,0.0
마라004914,7577,0,0,0,0.0
마라004915,8048,0,0,0,0.0
마라004919,3216,0,0,0,0.0
마라004920,9169,0,0,0,0.0
마라004957,8800,0,0,0,0.0
마라004959,9461,0,0,0,0.0
마라004969,9282,0,0,0,0.0
마라005768,5130,0,0,0,0.0
마라005769,7126,0,0,0,0.0
마라005913,6435,0,0,0,0.0
마라005914,7135,0,0,0,0.0
마라005920,8120,0,0,0,0.0
마라005921,9184,0,0,0,0.0
마라005922,8401,0,0,0,0.0
마라005952,5361,0,0,0,0.0
마라005955,7315,0,0,0,0.0
마라005963,9215,0,0,0,0.0
마라005993,5532,0,0,0,0.0
마라005999,4672,0,0,0,0.0
마라006763,6262,0,0,0,0.0
마라006768,3528,0,0,0,0.0
마라006899,9781,0,0,0,0.0
마라006919,8559,0,0,0,0.0
마라006920,8935,0,0,0,0.0
마라006922,7804,0,0,0,0.0
마라006951,9560,0,0,0,0.0
마라006953,9265,0,0,0,0.0
마라006954,8264,0,0,0,0.0
마라006957,5055,0,0,0,0.0
마라006960,8126,0,0,0,0.0
마라006961,9686,0,0,0,0.0
마라006962,8969,0,0,0,0.0
마라006993,6271,0,0,0,0.0
마라007753,6705,0,0,0,0.0
마라007754,6081,0,0,0,0.0
마라007755,5997,0,0,0,0.0
마라007767,3516,0,0,0,0.0
마라007768,2789,0,0,0,0.0
마라007769,6642,0,0,0,0.0
마라007910,9128,0,0,0,0.0
마라007915,5836,0,0,0,0.0
마라007917,7121,0,0,0,0.0
마라007918,2603,0,0,0,0.0
마라007919,8798,0,0,0,0.0
마라007950,8262,0,0,0,0.0
마라007951,9280,0,0,0,0.0
마라007952,8242,0,0,0,0.0
마라007953,7560,0,0,0,0.0
마라007960,6524,0,0,0,0.0
마라007961,7708,0,0,0,0.0
마라007962,9143,0,0,0,0.0
마라007963,8819,0,0,0,0.0
마라008753,5422,0,0,0,0.0
마라008754,4618,0,0,0,0.0
마라008755,3225,0,0,0,0.0
마라008756,7563,0,0,0,0.0
마라008767,3778,0,0,0,0.0
마라008768,3808,0,0,0,0.0
마라008858,5905,0,0,0,0.0
마라008859,5046,0,0,0,0.0
마라008860,3863,0,0,0,0.0
마라008861,7122,0,0,0,0.0
마라008916,6635,0,0,0,0.0
마라008917,7162,0,0,0,0.0
마라008951,8702,0,0,0,0.0
마라008952,8166,0,0,0,0.0
마라008953,6023,0,0,0,0.0
마라008958,7081,0,0,0,0.0
마라008959,3920,0,0,0,0.0
마라008960,2702,0,0,0,0.0
마라008961,5314,0,0,0,0.0
마라008962,8136,0,0,0,0.0
마라008963,7622,0,0,0,0.0
마라008965,8380,0,0,0,0.0
마라008992,6638,0,0,0,0.0
마라008996,5708,0,0,0,0.0
마라008999,6169,0,0,0,0.0
마라009753,5253,0,0,0,0.0
마라009754,3251,0,0,0,0.0
마라009755,5569,0,0,0,0.0
마라009756,6745,0,0,0,0.0
마라009758,6138,0,0,0,0.0
마라009767,5695,0,0,0,0.0
마라009768,6343,0,0,0,0.0
마라009780,5043,0,0,0,0.0
마라009851,8934,0,0,0,0.0
마라009860,3950,0,0,0,0.0
마라009958,3492,0,0,0,0.0
마라009959,3072,0,0,0,0.0
마라009960,3667,0,0,0,0.0
마라009961,3551,0,0,0,0.0
마라009962,5726,0,0,0,0.0
마라009963,6966,0,0,0,0.0
마라009964,2530,0,0,0,0.0
마라009965,5678,0,0,0,0.0
마라010754,4211,0,0,0,0.0
마라010755,4853,0,0,0,0.0
마라010757,7325,0,0,0,0.0
마라010780,3164,0,0,0,0.0
마라010781,4577,0,0,0,0.0
마라010851,8403,0,0,0,0.0
마라010852,9974,0,0,0,0.0
마라010854,8331,0,0,0,0.0
마라010916,6350,0,0,0,0.0
마라010952,5923,0,0,0,0.0
마라010953,6666,0,0,0,0.0
마라010954,6530,0,0,0,0.0
마라010957,7170,0,0,0,0.0
마라010958,3590,0,0,0,0.0
마라010959,3285,0,0,0,0.0
마라010960,4880,0,0,0,0.0
마라010961,5403,0,0,0,0.0
마라010962,3612,0,0,0,0.0
마라010963,3252,0,0,0,0.0
마라010964,5762,0,0,0,0.0
마라010965,6148,0,0,0,0.0
마라010966,8585,0,0,0,0.0
마라010979,7906,0,0,0,0.0
마라010997,7218,0,0,0,0.0
마라011745,4039,0,0,0,0.0
마라011768,6750,0,0,0,0.0
마라011780,5087,0,0,0,0.0
마라011781,2578,0,0,0,0.0
마라011782,6442,0,0,0,0.0
마라011848,6679,0,0,0,0.0
마라011849,8306,0,0,0,0.0
마라011850,7954,0,0,0,0.0
마라011852,9559,0,0,0,0.0
마라011857,5358,0,0,0,0.0
마라011916,6797,0,0,0,0.0
마라011956,8551,0,0,0,0.0
마라011957,3728,0,0,0,0.0
마라011958,3806,0,0,0,0.0
마라011959,6368,0,0,0,0.0
마라011960,8017,0,0,0,0.0
마라011961,5984,0,0,0,0.0
마라011962,5029,0,0,0,0.0
마라011963,3719,0,0,0,0.0
마라011964,1019,0,0,0,0.0
마라011965,4397,0,0,0,0.0
마라011966,2505,0,0,0,0.0
마라011967,9253,0,0,0,0.0
마라011968,775,0,0,0,0.0
마라011970,9349,0,0,0,0.0
마라011976,9297,0,0,0,0.0
마라011978,7726,0,0,0,0.0
마라012759,5086,0,0,0,0.0
마라012779,5862,0,0,0,0.0
마라012780,3385,0,0,0,0.0
마라012781,4763,0,0,0,0.0
마라012782,6481,0,0,0,0.0
마라012851,8570,0,0,0,0.0
마라012859,4787,0,0,0,0.0
마라012866,8002,0,0,0,0.0
마라012917,733,0,0,0,0.0
마라012918,652,0,0,0,0.0
마라012919,8829,0,0,0,0.0
마라012956,4474,0,0,0,0.0
마라012957,3383,0,0,0,0.0
마라012958,5661,0,0,0,0.0
마라012959,4759,0,0,0,0.0
마라012960,9647,0,0,0,0.0
마라012961,8611,0,0,0,0.0
마라012962,4481,0,0,0,0.0
마라012963,5848,0,0,0,0.0
마라012964,1008,0,0,9,0.003125
마라012965,7149,0,0,0,0.0
마라012966,6055,0,0,0,0.0
마라012967,4789,0,0,0,0.0
마라012968,8645,0,0,0,0.0
마라012969,2390,0,0,0,0.0
마라012970,7217,0,0,0,0.0
마라012971,5338,0,0,0,0.0
마라012978,8907,0,0,0,0.0
마라013748,3750,0,0,0,0.0
마라013768,5572,0,0,0,0.0
마라013779,5736,0,0,0,0.0
마라013781,5110,0,0,0,0.0
마라013783,5352,0,0,0,0.0
마라013858,6304,0,0,0,0.0
마라013859,7386,0,0,0,0.0
마라013862,7907,0,0,0,0.0
마라013919,7630,0,0,0,0.0
마라013951,5817,0,0,0,0.0
마라013952,6426,0,0,0,0.0
마라013955,9103,0,0,0,0.0
마라013956,6915,0,0,0,0.0
마라013957,5657,0,0,0,0.0
마라013958,5116,0,0,0,0.0
마라013959,4855,0,0,0,0.0
마라013960,981,0,0,0,0.0
마라013962,7707,0,0,0,0.0
마라013963,1313,0,0,0,0.0
마라013964,9690,0,0,0,0.0
마라013965,5791,0,0,0,0.0
마라013966,5614,0,0,0,0.0
마라013967,4762,0,0,0,0.0
마라013968,9108,0,0,0,0.0
마라013969,1830,0,0,0,0.0
마라013970,390,0,0,0,0.0
마라013971,5090,0,0,0,0.0
마라013972,5315,0,0,0,0.0
마라013974,9457,0,0,0,0.0
마라013982,7172,0,0,0,0.0
마라013986,6770,0,0,0,0.0
마라013987,6925,0,0,0,0.0
마라013995,8987,0,0,0,0.0
마라014747,2709,0,0,0,0.0
마라014753,4586,0,0,0,0.0
마라014768,4160,0,0,0,0.0
마라014769,5273,0,0,0,0.0
마라014777,6121,0,0,0,0.0
마라014781,6364,0,0,0,0.0
마라014859,8249,0,0,0,0.0
마라014860,7608,0,0,0,0.0
마라014861,7779,0,0,0,0.0
마라014915,5567,0,0,0,0.0
마라014947,6302,0,0,0,0.0
마라014948,6057,0,0,0,0.0
마라014954,8919,0,0,0,0.0
마라014955,5952,0,0,0,0.0
마라014956,9722,0,0,0,0.0
마라014957,6137,0,0,0,0.0
마라014958,2051,0,0,0,0.0
마라014959,633,0,0,0,0.0
마라014960,1406,0,0,0,0.0
마라014961,942,0,0,0,0.0
마라014962,970,0,0,0,0.0
마라014964,6965,0,0,0,0.0
마라014965,8961,0,0,0,0.0
마라014966,6439,0,0,0,0.0
마라014967,6356,0,0,0,0.0
마라014968,5934,0,0,0,0.0
마라014969,1669,0,0,0,0.0
마라014970,2584,0,0,0,0.0
마라014971,4453,0,0,0,0.0
마라014972,3134,0,0,0,0.0
마라014973,8612,0,0,0,0.0
마라014982,6562,0,0,0,0.0
마라014983,6744,0,0,0,0.0
마라014984,8704,0,0,0,0.0
마라014986,4894,0,0,0,0.0
마라014987,6726,0,0,0,0.0
마라014993,8114,0,0,0,0.0
마라015747,4346,0,0,0,0.0
마라015768,1857,0,0,0,0.0
마라015858,8532,0,0,0,0.0
마라015860,8320,0,0,0,0.0
마라015861,8853,0,0,0,0.0
마라015862,9817,0,0,0,0.0
마라015863,9264,0,0,0,0.0
마라015914,995,0,0,0,0.0
마라015915,3279,0,0,0,0.0
마라015949,6734,0,0,0,0.0
마라015954,7160,0,0,0,0.0
마라015955,6576,0,0,0,0.0
마라015959,1401,0,0,0,0.0
마라015960,489,0,0,0,0.0
마라015961,1024,0,0,0,0.0
마라015965,10193,0,0,0,0.0
마라015966,4381,0,0,0,0.0
마라015967,6392,0,0,0,0.0
마라015968,5250,0,0,0,0.0
마라015969,1009,0,0,0,0.0
마라015970,5132,0,0,0,0.0
마라015971,2095,0,0,0,0.0
마라015972,7827,0,0,0,0.0
마라015973,9041,0,0,0,0.0
마라015975,9603,0,0,0,0.0
마라015982,6053,0,0,0,0.0
마라015983,6300,0,0,0,0.0
마라015986,4740,0,0,0,0.0
마라015993,6062,0,0,0,0.0
마라015994,7334,0,0,0,0.0
마라016747,4430,0,0,0,0.0
마라016754,4478,0,0,0,0.0
마라016861,10042,0,0,0,0.0
마라016862,9372,0,0,0,0.0
마라016863,8863,0,0,0,0.0
마라016914,1085,0,0,0,0.0
마라016950,6223,0,0,0,0.0
마라016953,9811,0,0,0,0.0
마라016958,2275,0,0,0,0.0
마라016959,1522,0,0,0,0.0
마라016960,2174,0,0,0,0.0
마라016966,6890,0,0,0,0.0
마라016967,3162,0,0,0,0.0
마라016968,5648,0,0,0,0.0
마라016969,2991,0,0,0,0.0
마라016970,2461,0,0,0,0.0
마라016971,3500,0,0,0,0.0
마라016972,2389,0,0,0,0.0
마라016973,5064,0,0,0,0.0
마라016997,6674,0,0,0,0.0
마라016998,8533,0,0,0,0.0
마라017753,5122,0,0,0,0.0
마라017768,4868,0,0,0,0.0
마라017861,9767,0,0,0,0.0
마라017862,9759,0,0,0,0.0
마라017863,8824,0,0,0,0.0
마라017947,6975,0,0,0,0.0
마라017948,6885,0,0,0,0.0
마라017950,6723,0,0,0,0.0
마라017953,9622,0,0,0,0.0
마라017957,1358,0,0,0,0.0
마라017958,1414,0,0,0,0.0
마라017959,1780,0,0,0,0.0
마라017960,3555,0,0,0,0.0
마라017961,8248,0,0,0,0.0
마라017966,4500,0,0,0,0.0
마라017967,2297,0,0,0,0.0
마라017968,6171,0,0,0,0.0
마라017969,4682,0,0,0,0.0
마라017970,4814,0,0,0,0.0
마라017971,2952,0,0,0,0.0
마라017972,7944,0,0,0,0.0
마라017973,7401,0,0,0,0.0
마라017982,8278,0,0,0,0.0
마라017998,5563,0,0,0,0.0
마라018863,7067,0,0,0,0.0
마라018865,7448,0,0,0,0.0
마라018946,7154,0,0,0,0.0
마라018947,6980,0,0,0,0.0
마라018957,9746,0,0,0,0.0
마라018958,1021,0,0,0,0.0
마라018959,1393,0,0,0,0.0
마라018960,3607,0,0,0,0.0
마라018961,8577,0,0,0,0.0
마라018966,4096,0,0,0,0.0
마라018967,4012,0,0,0,0.0
마라018968,4065,0,0,0,0.0
마라018969,2307,0,0,0,0.0
마라018970,3731,0,0,0,0.0
마라018971,4240,0,0,0,0.0
마라018972,7721,0,0,0,0.0
마라018973,5425,0,0,0,0.0
마라018974,8753,0,0,0,0.0
마라018976,9815,0,0,0,0.0
마라019864,7417,0,0,0,0.0
마라019865,7017,0,0,0,0.0
마라019945,7426,0,0,0,0.0
마라019948,7355,0,0,0,0.0
마라019951,9953,0,0,0,0.0
마라019955,10052,0,0,0,0.0
마라019958,5366,0,0,0,0.0
마라019960,7248,0,0,0,0.0
마라019961,7788,0,0,0,0.0
마라019962,9029,0,0,0,0.0
마라019963,9673,0,0,0,0.0
마라019966,7541,0,0,0,0.0
마라019967,7381,0,0,0,0.0
마라019968,2028,0,0,0,0.0
마라019969,1333,0,0,0,0.0
마라019970,4014,0,0,0,0.0
마라019971,6194,0,0,0,0.0
마라019972,6480,0,0,0,0.0
마라019973,6532,0,0,0,0.0
마라019974,6284,0,0,0,0.0
마라020757,4387,0,0,0,0.0
마라020945,7002,0,0,0,0.0
마라020948,7735,0,0,0,0.0
마라020952,10001,0,0,0,0.0
마라020957,9434,0,0,0,0.0
마라020960,8322,0,0,0,0.0
마라020961,7517,0,0,0,0.0
마라020962,8046,0,0,0,0.0
마라020963,7771,0,0,0,0.0
마라020966,6611,0,0,0,0.0
마라020967,8153,0,0,0,0.0
마라020968,914,0,0,0,0.0
마라020969,3014,0,0,0,0.0
마라020970,4206,0,0,0,0.0
마라020971,4638,0,0,0,0.0
마라020972,4081,0,0,0,0.0
마라020973,3610,0,0,0,0.0
마라020974,3324,0,0,0,0.0
마라020975,9776,0,0,0,0.0
마라020998,8035,0,0,0,0.0
마라020999,7113,0,0,0,0.0
마라021946,8134,0,0,0,0.0
마라021947,8370,0,0,0,0.0
마라021952,10090,0,0,0,0.0
마라021953,10086,0,0,0,0.0
마라021957,9718,0,0,0,0.0
마라021958,3175,0,0,0,0.0
마라021961,9793,0,0,0,0.0
마라021962,8294,0,0,0,0.0
마라021963,6204,0,0,0,0.0
마라021966,9816,0,0,0,0.0
마라021967,5931,0,0,0,0.0
마라021968,7562,0,0,0,0.0
마라021969,4004,0,0,0,0.0
마라021970,2538,0,0,0,0.0
마라021971,2972,0,0,0,0.0
마라021972,3235,0,0,0,0.0
마라021973,3768,0,0,0,0.0
마라021974,7621,0,0,0,0.0
마라021975,9788,0,0,0,0.0
마라022946,7845,0,0,0,0.0
마라022947,8349,0,0,0,0.0
마라022958,2332,0,0,0,0.0
마라022959,2311,0,0,0,0.0
마라022963,9167,0,0,0,0.0
마라022964,8909,0,0,0,0.0
마라022965,6918,0,0,0,0.0
마라022966,6163,0,0,0,0.0
마라022967,5770,0,0,0,0.0
마라022968,1553,0,0,0,0.0
마라022969,532,0,0,0,0.0
마라022970,338,0,0,0,0.0
마라022971,3378,0,0,0,0.0
마라022972,2116,0,0,0,0.0
마라022973,2810,0,0,0,0.0
마라022974,2803,0,0,0,0.0
마라022975,5030,0,0,0,0.0
마라023896,9352,0,0,0,0.0
마라023910,4271,0,0,0,0.0
마라023945,6197,0,0,0,0.0
마라023946,6155,0,0,0,0.0
마라023949,10142,0,0,0,0.0
마라023950,10141,0,0,0,0.0
마라023958,2479,0,0,0,0.0
마라023959,2749,0,0,0,0.0
마라023960,2110,0,0,0,0.0
마라023962,2518,0,0,0,0.0
마라023964,9703,0,0,0,0.0
마라023965,8354,0,0,0,0.0
마라023966,7196,0,0,0,0.0
마라023967,7156,0,0,0,0.0
마라023968,1386,0,0,0,0.0
마라023969,683,0,0,0,0.0
마라023970,1527,0,0,0,0.0
마라023971,2876,0,0,0,0.0
마라023972,1838,0,0,0,0.0
마라023973,2490,0,0,0,0.0
마라023974,910,0,0,0,0.0
마라023975,3660,0,0,0,0.0
마라024896,5195,0,0,0,0.0
마라024912,1809,0,0,7,0.0024305555555555556
마라024944,6684,0,0,0,0.0
마라024950,10160,0,0,0,0.0
마라024951,10171,0,0,0,0.0
마라024958,1562,0,0,0,0.0
마라024959,2757,0,0,0,0.0
마라024960,2355,0,0,0,0.0
마라024961,2870,0,0,0,0.0
마라024962,3064,0,0,0,0.0
마라024963,2633,0,0,0,0.0
마라024966,9345,0,0,0,0.0
마라024968,2801,0,0,0,0.0
마라024969,2293,0,0,0,0.0
마라024970,1468,0,0,0,0.0
마라024971,2701,0,0,0,0.0
마라024972,2447,0,0,0,0.0
마라024973,3927,0,0,0,0.0
마라024974,1460,0,0,0,0.0
마라024975,1620,0,0,0,0.0
마라025896,2951,0,0,0,0.0
마라025898,8506,0,0,0,0.0
마라025899,5009,0,0,0,0.0
마라025900,2661,0,0,0,0.0
마라025901,6505,0,0,0,0.0
마라025907,3160,0,0,0,0.0
마라025908,657,0,0,0,0.0
마라025909,426,0,0,27,0.009375
마라025913,2595,0,0,4,0.001388888888888889
마라025943,6495,0,0,0,0.0
마라025949,10125,0,0,0,0.0
마라025950,10121,0,0,0,0.0
마라025960,3037,0,0,0,0.0
마라025961,2864,0,0,0,0.0
마라025962,3878,0,0,0,0.0
마라025963,3039,0,0,0,0.0
마라025966,8565,0,0,0,0.0
마라025968,1165,0,0,0,0.0
마라025969,1355,0,0,0,0.0
마라025970,1947,0,0,0,0.0
마라025971,3568,0,0,0,0.0
마라025972,7152,0,0,0,0.0
마라025973,1977,0,0,0,0.0
마라025974,1831,0,0,0,0.0
마라025975,8755,0,0,0,0.0
마라026758,8437,0,0,0,0.0
마라026759,7542,0,0,0,0.0
마라026888,5998,0,0,0,0.0
마라026896,3422,0,0,0,0.0
마라026898,642,0,0,0,0.0
마라026899,1492,0,0,0,0.0
마라026900,864,0,0,0,0.0
마라026901,550,0,0,0,0.0
마라026902,232,0,0,0,0.0
마라026905,480,0,0,0,0.0
마라026906,32,0,0,96,0.03333333333333333
마라026943,5704,0,0,0,0.0
마라026944,6047,0,0,0,0.0
마라026949,9985,0,0,0,0.0
마라026960,4256,0,0,0,0.0
마라026966,9697,0,0,0,0.0
마라026967,8648,0,0,0,0.0
마라026968,4936,0,0,0,0.0
마라026969,2696,0,0,0,0.0
마라026970,4513,0,0,0,0.0
마라026971,5094,0,0,0,0.0
마라026972,4246,0,0,0,0.0
마라026973,2941,0,0,0,0.0
마라026974,2035,0,0,0,0.0
마라026975,1489,0,0,0,0.0
마라026977,9656,0,0,0,0.0
마라027757,9287,0,0,0,0.0
마라027896,448,0,0,0,0.0
마라027897,2343,0,0,0,0.0
마라027898,1213,0,0,0,0.0
마라027899,1124,0,0,0,0.0
마라027900,164,0,0,0,0.0
마라027901,198,0,0,0,0.0
마라027902,78,0,0,1,0.00034722222222222224
마라027903,162,0,0,1,0.00034722222222222224
마라027904,87,0,0,58,0.02013888888888889
마라027905,1470,0,0,0,0.0
마라027950,10088,0,0,0,0.0
마라027960,4113,0,0,0,0.0
마라027961,3952,0,0,0,0.0
마라027962,3581,0,0,0,0.0
마라027963,2586,0,0,0,0.0
마라027965,10066,0,0,0,0.0
마라027966,7273,0,0,0,0.0
마라027967,8129,0,0,0,0.0
마라027968,5206,0,0,0,0.0
마라027969,1003,0,0,0,0.0
마라027970,2532,0,0,0,0.0
마라027971,3921,0,0,0,0.0
마라027973,4170,0,0,0,0.0
마라027974,9544,0,0,0,0.0
마라028753,6904,0,0,0,0.0
마라028755,8470,0,0,0,0.0
마라028895,4636,0,0,0,0.0
마라028896,1912,0,0,0,0.0
마라028897,556,0,0,0,0.0
마라028898,767,0,0,0,0.0
마라028899,1072,0,0,0,0.0
마라028900,858,0,0,0,0.0
마라028940,4786,0,0,0,0.0
마라028958,5068,0,0,0,0.0
마라028960,5290,0,0,0,0.0
마라028961,4720,0,0,0,0.0
마라028962,4347,0,0,0,0.0
마라028963,4223,0,0,0,0.0
마라028965,8023,0,0,0,0.0
마라028966,6959,0,0,0,0.0
마라028967,8996,0,0,0,0.0
마라028968,5523,0,0,0,0.0
마라028969,1057,0,0,0,0.0
마라028970,2348,0,0,0,0.0
마라028971,4289,0,0,0,0.0
마라029753,4680,0,0,0,0.0
마라029754,5787,0,0,0,0.0
마라029755,7597,0,0,0,0.0
마라029756,9158,0,0,0,0.0
마라029945,9869,0,0,0,0.0
마라029958,3893,0,0,0,0.0
마라029959,6154,0,0,0,0.0
마라029960,5224,0,0,0,0.0
마라029962,4050,0,0,0,0.0
마라029965,9960,0,0,0,0.0
마라029966,9916,0,0,0,0.0
마라029967,5073,0,0,0,0.0
마라029968,4424,0,0,0,0.0
마라029969,4340,0,0,0,0.0
마라030753,6213,0,0,0,0.0
마라030754,7814,0,0,0,0.0
마라030755,8654,0,0,0,0.0
마라030894,8963,0,0,0,0.0
마라030940,4968,0,0,0,0.0
마라030948,9955,0,0,0,0.0
마라030959,3964,0,0,0,0.0
마라030961,4937,0,0,0,0.0
마라030966,2351,0,0,0,0.0
마라030967,1066,0,0,0,0.0
마라030977,8311,0,0,0,0.0
마라030980,8364,0,0,0,0.0
마라031753,7747,0,0,0,0.0
마라031904,5898,0,0,0,0.0
마라031944,7015,0,0,0,0.0
마라031945,9910,0,0,0,0.0
마라031960,4563,0,0,0,0.0
마라031964,3902,0,0,0,0.0
마라031965,1644,0,0,0,0.0
마라031966,2287,0,0,0,0.0
마라031967,1347,0,0,0,0.0
마라031968,9860,0,0,0,0.0
마라031979,7637,0,0,0,0.0
마라031981,6578,0,0,0,0.0
마라031982,6317,0,0,0,0.0
마라032908,2464,0,0,1,0.00034722222222222224
마라032909,2923,0,0,0,0.0
마라032910,2542,0,0,2,0.0006944444444444445
마라032940,4784,0,0,0,0.0
마라032944,9847,0,0,0,0.0
마라032960,1509,0,0,0,0.0
마라032962,9134,0,0,0,0.0
마라032963,1614,0,0,0,0.0
마라032964,2020,0,0,0,0.0
마라032965,1162,0,0,0,0.0
마라032966,438,0,0,0,0.0
마라032967,467,0,0,0,0.0
마라032968,2166,0,0,0,0.0
마라032979,6096,0,0,0,0.0
마라032980,5261,0,0,0,0.0
마라032981,6710,0,0,0,0.0
마라032982,8004,0,0,0,0.0
마라033754,6559,0,0,0,0.0
마라033909,9592,0,0,0,0.0
마라033921,7257,0,0,0,0.0
마라033931,3643,0,0,0,0.0
마라033933,4091,0,0,0,0.0
마라033934,4378,0,0,0,0.0
마라033939,4809,0,0,0,0.0
마라033959,1818,0,0,0,0.0
마라033960,3503,0,0,0,0.0
마라033961,8487,0,0,0,0.0
마라033962,2976,0,0,0,0.0
마라033963,1051,0,0,0,0.0
마라033964,2895,0,0,0,0.0
마라033965,1223,0,0,0,0.0
마라033966,169,0,0,0,0.0
마라033967,763,0,0,0,0.0
마라033968,1473,0,0,0,0.0
마라033969,9508,0,0,0,0.0
마라033977,7451,0,0,0,0.0
마라033979,6547,0,0,0,0.0
마라033980,5311,0,0,0,0.0
마라034754,5274,0,0,0,0.0
마라034755,4725,0,0,0,0.0
마라034910,9155,0,0,0,0.0
마라034922,9542,0,0,0,0.0
마라034955,9980,0,0,0,0.0
마라034956,7546,0,0,0,0.0
마라034960,3388,0,0,0,0.0
마라034961,3198,0,0,0,0.0
마라034962,2026,0,0,0,0.0
마라034963,5354,0,0,0,0.0
마라034964,1478,0,0,0,0.0
마라034965,2738,0,0,0,0.0
마라034966,1330,0,0,0,0.0
마라034967,820,0,0,0,0.0
마라034968,1311,0,0,0,0.0
마라034969,1655,0,0,0,0.0
마라034976,7905,0,0,0,0.0
마라034977,3757,0,0,0,0.0
마라034978,6985,0,0,0,0.0
마라035749,3793,0,0,0,0.0
마라035954,9486,0,0,0,0.0
마라035955,5321,0,0,0,0.0
마라035956,5596,0,0,0,0.0
마라035957,8643,0,0,0,0.0
마라035958,9794,0,0,0,0.0
마라035959,5556,0,0,0,0.0
마라035960,3224,0,0,0,0.0
마라035961,631,0,0,0,0.0
마라035962,3839,0,0,0,0.0
마라035963,1144,0,0,0,0.0
마라035964,1989,0,0,0,0.0
마라035965,4187,0,0,0,0.0
마라035966,764,0,0,0,0.0
마라035967,1058,0,0,0,0.0
마라035968,1102,0,0,0,0.0
마라035969,678,0,0,0,0.0
마라035970,2761,0,0,0,0.0
마라035976,7294,0,0,0,0.0
마라035977,3343,0,0,0,0.0
마라036748,1479,0,0,0,0.0
마라036749,2609,0,0,0,0.0
마라036750,3932,0,0,0,0.0
마라036885,1315,0,0,39,0.013541666666666667
마라036910,9202,0,0,0,0.0
마라036914,9294,0,0,1,0.00034722222222222224
마라036932,4204,0,0,0,0.0
마라036942,10031,0,0,0,0.0
마라036948,9529,0,0,0,0.0
마라036949,9096,0,0,0,0.0
마라036950,7634,0,0,0,0.0
마라036951,8530,0,0,0,0.0
마라036953,7443,0,0,0,0.0
마라036954,2935,0,0,0,0.0
마라036955,7787,0,0,0,0.0
마라036956,6921,0,0,0,0.0
마라036957,5546,0,0,0,0.0
마라036958,8258,0,0,0,0.0
마라036959,6561,0,0,0,0.0
마라036960,4517,0,0,0,0.0
마라036961,2168,0,0,0,0.0
마라036962,3753,0,0,0,0.0
마라036963,3813,0,0,0,0.0
마라036964,2877,0,0,0,0.0
마라036965,3686,0,0,0,0.0
마라036966,1747,0,0,0,0.0
마라036967,1336,0,0,0,0.0
마라036968,681,0,0,0,0.0
마라036969,1461,0,0,0,0.0
마라036970,1259,0,0,0,0.0
마라036976,6428,0,0,0,0.0
마라036977,7277,0,0,0,0.0
마라037748,3344,0,0,0,0.0
마라037908,9245,0,0,0,0.0
마라037911,9116,0,0,0,0.0
마라037912,9505,0,0,0,0.0
마라037938,6791,0,0,0,0.0
마라037939,8622,0,0,0,0.0
마라037941,10024,0,0,0,0.0
마라037946,4466,0,0,0,0.0
마라037947,4168,0,0,0,0.0
마라037948,3126,0,0,0,0.0
마라037949,5193,0,0,0,0.0
마라037950,3148,0,0,0,0.0
마라037951,3237,0,0,0,0.0
마라037952,2685,0,0,0,0.0
마라037953,3488,0,0,0,0.0
마라037954,3026,0,0,0,0.0
마라037955,5981,0,0,0,0.0
마라037956,3287,0,0,0,0.0
마라037957,2733,0,0,0,0.0
마라037958,4910,0,0,0,0.0
마라037959,7594,0,0,0,0.0
마라037960,5511,0,0,0,0.0
마라037961,8308,0,0,0,0.0
마라037962,5759,0,0,0,0.0
마라037963,3409,0,0,0,0.0
마라037964,3288,0,0,0,0.0
마라037965,2726,0,0,0,0.0
마라037966,6653,0,0,0,0.0
마라037967,1732,0,0,0,0.0
마라037968,1651,0,0,0,0.0
마라037969,517,0,0,0,0.0
마라037970,1510,0,0,0,0.0
마라037981,7819,0,0,0,0.0
마라038907,2627,0,0,0,0.0
마라038908,2144,0,0,17,0.005902777777777778
마라038909,9503,0,0,0,0.0
마라038910,9658,0,0,0,0.0
마라038911,9735,0,0,0,0.0
마라038912,9197,0,0,0,0.0
마라038937,7206,0,0,0,0.0
마라038939,2878,0,0,0,0.0
마라038940,3681,0,0,0,0.0
마라038941,10130,0,0,0,0.0
마라038946,4174,0,0,0,0.0
마라038947,8805,0,0,0,0.0
마라038948,7016,0,0,0,0.0
마라038949,4299,0,0,0,0.0
마라038950,4297,0,0,0,0.0
마라038951,4018,0,0,0,0.0
마라038952,2097,0,0,0,0.0
마라038953,3617,0,0,0,0.0
마라038954,4666,0,0,0,0.0
마라038955,2335,0,0,0,0.0
마라038956,2452,0,0,0,0.0
마라038957,7729,0,0,0,0.0
마라038958,2906,0,0,0,0.0
마라038959,6818,0,0,0,0.0
마라038960,7524,0,0,0,0.0
마라038962,5008,0,0,0,0.0
마라038963,2883,0,0,0,0.0
마라038964,10139,0,0,0,0.0
마라038968,9546,0,0,0,0.0
마라038969,670,0,0,0,0.0
마라038970,326,0,0,0,0.0
마라038974,9620,0,0,0,0.0
마라039880,2409,0,0,0,0.0
마라039881,1862,0,0,6,0.0020833333333333333
마라039882,1811,0,0,21,0.007291666666666667
마라039907,3313,0,0,0,0.0
마라039912,9745,0,0,0,0.0
마라039915,9084,0,0,0,0.0
마라039935,5868,0,0,0,0.0
마라039938,9669,0,0,0,0.0
마라039939,3775,0,0,0,0.0
마라039945,9512,0,0,0,0.0
마라039946,3584,0,0,0,0.0
마라039947,5961,0,0,0,0.0
마라039948,5621,0,0,0,0.0
마라039949,4480,0,0,0,0.0
마라039950,3204,0,0,0,0.0
마라039951,4169,0,0,0,0.0
마라039952,5405,0,0,0,0.0
마라039953,2485,0,0,0,0.0
마라039954,1913,0,0,0,0.0
마라039955,4127,0,0,0,0.0
마라039957,2040,0,0,0,0.0
마라039958,2623,0,0,0,0.0
마라039959,2916,0,0,0,0.0
마라039962,10183,0,0,0,0.0
마라039970,2476,0,0,0,0.0
마라039971,10040,0,0,0,0.0
마라040913,9698,0,0,0,0.0
마라040941,10138,0,0,0,0.0
마라040945,8877,0,0,0,0.0
마라040946,4840,0,0,0,0.0
마라040947,8697,0,0,0,0.0
마라040948,4825,0,0,0,0.0
마라040949,3850,0,0,0,0.0
마라040950,3465,0,0,0,0.0
마라040951,5181,0,0,0,0.0
마라040952,2674,0,0,0,0.0
마라040953,3052,0,0,0,0.0
마라040954,1817,0,0,0,0.0
마라040955,3843,0,0,0,0.0
마라040957,4208,0,0,0,0.0
마라040958,3074,0,0,0,0.0
마라040959,3365,0,0,0,0.0
마라040960,7213,0,0,0,0.0
마라040986,9258,0,0,0,0.0
마라041879,1219,0,0,45,0.015625
마라041913,9552,0,0,0,0.0
마라041915,9348,0,0,0,0.0
마라041916,9887,0,0,0,0.0
마라041946,5727,0,0,0,0.0
마라041947,9561,0,0,0,0.0
마라041948,9211,0,0,0,0.0
마라041949,4951,0,0,0,0.0
마라041950,6645,0,0,0,0.0
마라041951,4488,0,0,0,0.0
마라041952,2616,0,0,0,0.0
마라041953,1552,0,0,0,0.0
마라041954,1210,0,0,0,0.0
마라041955,1607,0,0,0,0.0
마라041956,7784,0,0,0,0.0
마라041957,4482,0,0,0,0.0
마라041958,4124,0,0,0,0.0
마라041959,1721,0,0,0,0.0
마라041962,10184,0,0,0,0.0
마라041980,5941,0,0,0,0.0
마라041981,4056,0,0,0,0.0
마라041982,6820,0,0,0,0.0
마라042878,2467,0,0,0,0.0
마라042879,1498,0,0,5,0.001736111111111111
마라042880,2642,0,0,0,0.0
마라042906,3860,0,0,2,0.0006944444444444445
마라042915,9463,0,0,0,0.0
마라042941,8761,0,0,0,0.0
마라042945,6085,0,0,0,0.0
마라042946,3716,0,0,0,0.0
마라042947,3996,0,0,0,0.0
마라042948,4030,0,0,0,0.0
마라042949,7120,0,0,0,0.0
마라042950,4196,0,0,0,0.0
마라042951,2599,0,0,0,0.0
마라042952,2531,0,0,0,0.0
마라042953,2350,0,0,0,0.0
마라042954,4235,0,0,0,0.0
마라042955,1693,0,0,0,0.0
마라042956,2261,0,0,0,0.0
마라042957,1247,0,0,0,0.0
마라042958,2759,0,0,0,0.0
마라042961,7044,0,0,0,0.0
마라042969,9889,0,0,0,0.0
마라042980,8044,0,0,0,0.0
마라042981,8389,0,0,0,0.0
마라042986,9417,0,0,0,0.0
마라043907,3877,0,0,0,0.0
마라043913,10019,0,0,0,0.0
마라043938,2703,0,0,0,0.0
마라043944,6193,0,0,0,0.0
마라043945,2100,0,0,0,0.0
마라043946,1754,0,0,0,0.0
마라043947,2564,0,0,0,0.0
마라043948,4266,0,0,0,0.0
마라043949,5729,0,0,0,0.0
마라043950,3099,0,0,0,0.0
마라043951,3152,0,0,0,0.0
마라043952,2401,0,0,0,0.0
마라043953,2159,0,0,0,0.0
마라043954,3474,0,0,0,0.0
마라043955,1504,0,0,0,0.0
마라043956,1017,0,0,0,0.0
마라043957,394,0,0,0,0.0
마라043958,1351,0,0,0,0.0
마라043962,6621,0,0,0,0.0
마라043985,9314,0,0,0,0.0
마라044915,9967,0,0,0,0.0
마라044916,9991,0,0,0,0.0
마라044937,2227,0,0,0,0.0
마라044938,2128,0,0,0,0.0
마라044939,2748,0,0,0,0.0
마라044943,8870,0,0,0,0.0
마라044944,6066,0,0,0,0.0
마라044945,4069,0,0,0,0.0
마라044946,1734,0,0,0,0.0
마라044947,2933,0,0,0,0.0
마라044948,7974,0,0,0,0.0
마라044949,3691,0,0,0,0.0
마라044950,3051,0,0,0,0.0
마라044951,4283,0,0,0,0.0
마라044952,2957,0,0,0,0.0
마라044953,2784,0,0,0,0.0
마라044954,2493,0,0,0,0.0
마라044955,2321,0,0,0,0.0
마라044956,1619,0,0,0,0.0
마라044957,1790,0,0,0,0.0
마라044958,7993,0,0,0,0.0
마라044983,9309,0,0,0,0.0
마라044986,8973,0,0,0,0.0
마라045911,9841,0,0,0,0.0
마라045912,9902,0,0,0,0.0
마라045915,9896,0,0,0,0.0
마라045917,10008,0,0,0,0.0
마라045936,2120,0,0,0,0.0
마라045937,1367,0,0,0,0.0
마라045938,1146,0,0,0,0.0
마라045944,6591,0,0,0,0.0
마라045945,4918,0,0,0,0.0
마라045946,5382,0,0,0,0.0
마라045947,4889,0,0,0,0.0
마라045948,9427,0,0,0,0.0
마라045949,7193,0,0,0,0.0
마라045950,5263,0,0,0,0.0
마라045951,4128,0,0,0,0.0
마라045952,2955,0,0,0,0.0
마라045953,3320,0,0,0,0.0
마라045954,3312,0,0,0,0.0
마라045955,3017,0,0,0,0.0
마라045956,2624,0,0,0,0.0
마라045957,4179,0,0,0,0.0
마라046935,4349,0,0,0,0.0
마라046936,5088,0,0,0,0.0
마라046937,1214,0,0,0,0.0
마라046938,2212,0,0,0,0.0
마라046939,2770,0,0,0,0.0
마라046946,6446,0,0,0,0.0
마라046947,8826,0,0,0,0.0
마라046948,9085,0,0,0,0.0
마라046949,9594,0,0,0,0.0
마라046950,8271,0,0,0,0.0
마라046951,6165,0,0,0,0.0
마라046952,4216,0,0,0,0.0
마라046953,3560,0,0,0,0.0
마라046954,3807,0,0,0,0.0
마라046955,3087,0,0,0,0.0
마라046956,4723,0,0,0,0.0
마라046957,1941,0,0,0,0.0
마라046958,6808,0,0,0,0.0
마라046959,7987,0,0,0,0.0
마라046976,7636,0,0,0,0.0
마라047902,3292,0,0,0,0.0
마라047907,9739,0,0,0,0.0
마라047909,9777,0,0,0,0.0
마라047910,9876,0,0,0,0.0
마라047912,9963,0,0,0,0.0
마라047919,10119,0,0,0,0.0
마라047934,7559,0,0,0,0.0
마라047935,2621,0,0,0,0.0
마라047936,4144,0,0,0,0.0
마라047939,3698,0,0,0,0.0
마라047944,2170,0,0,0,0.0
마라047947,9068,0,0,0,0.0
마라047948,9083,0,0,0,0.0
마라047949,7468,0,0,0,0.0
마라047950,5160,0,0,0,0.0
마라047951,4791,0,0,0,0.0
마라047952,5336,0,0,0,0.0
마라047953,3824,0,0,0,0.0
마라047954,3723,0,0,0,0.0
마라047955,4102,0,0,0,0.0
마라047956,3316,0,0,0,0.0
마라047957,4202,0,0,0,0.0
마라048910,9773,0,0,0,0.0
마라048915,10002,0,0,0,0.0
마라048929,8578,0,0,0,0.0
마라048934,2495,0,0,0,0.0
마라048935,2021,0,0,0,0.0
마라048936,3869,0,0,0,0.0
마라048937,2723,0,0,0,0.0
마라048938,5255,0,0,0,0.0
마라048939,5799,0,0,0,0.0
마라048944,2845,0,0,0,0.0
마라048948,8324,0,0,0,0.0
마라048949,3556,0,0,0,0.0
마라048950,4015,0,0,0,0.0
마라048951,9370,0,0,0,0.0
마라048952,6754,0,0,0,0.0
마라048953,4260,0,0,0,0.0
마라048954,2843,0,0,0,0.0
마라048955,3978,0,0,0,0.0
마라048956,5915,0,0,0,0.0
마라049848,10192,0,0,0,0.0
마라049849,8821,0,0,0,0.0
마라049906,9306,0,0,0,0.0
마라049908,9363,0,0,0,0.0
마라049909,8680,0,0,0,0.0
마라049928,6955,0,0,0,0.0
마라049929,407,0,0,0,0.0
마라049930,1700,0,0,0,0.0
마라049934,4821,0,0,0,0.0
마라049935,2986,0,0,0,0.0
마라049936,4316,0,0,0,0.0
마라049937,1306,0,0,0,0.0
마라049938,2665,0,0,0,0.0
마라049939,3117,0,0,0,0.0
마라049943,3925,0,0,0,0.0
마라049944,8305,0,0,0,0.0
마라049946,3734,0,0,0,0.0
마라049948,3519,0,0,0,0.0
마라049949,2352,0,0,0,0.0
마라049950,4104,0,0,0,0.0
마라049951,8598,0,0,0,0.0
마라049952,6816,0,0,0,0.0
마라049953,3545,0,0,0,0.0
마라049954,3139,0,0,0,0.0
마라049955,5756,0,0,0,0.0
마라050849,7201,0,0,0,0.0
마라050909,9338,0,0,0,0.0
마라050911,9830,0,0,0,0.0
마라050920,10095,0,0,0,0.0
마라050928,425,0,0,0,0.0
마라050929,590,0,0,0,0.0
마라050935,6003,0,0,0,0.0
마라050936,9680,0,0,0,0.0
마라050938,4516,0,0,0,0.0
마라050944,10069,0,0,0,0.0
마라050945,3788,0,0,0,0.0
마라050946,1703,0,0,0,0.0
마라050947,7869,0,0,0,0.0
마라050948,4098,0,0,0,0.0
마라050949,2325,0,0,0,0.0
마라050950,2198,0,0,0,0.0
마라050951,3190,0,0,0,0.0
마라050952,5136,0,0,0,0.0
마라050953,4085,0,0,0,0.0
마라050954,5000,0,0,0,0.0
마라050985,9044,0,0,0,0.0
마라050986,9448,0,0,0,0.0
마라051840,10109,0,0,0,0.0
마라051844,9644,0,0,0,0.0
마라051845,8705,0,0,0,0.0
마라051846,9971,0,0,0,0.0
마라051849,9091,0,0,0,0.0
마라051850,8018,0,0,0,0.0
마라051910,9319,0,0,0,0.0
마라051919,10098,0,0,0,0.0
마라051920,10093,0,0,0,0.0
마라051927,573,0,0,0,0.0
마라051928,289,0,0,0,0.0
마라051936,3377,0,0,0,0.0
마라051937,2850,0,0,0,0.0
마라051938,5620,0,0,0,0.0
마라051943,10199,0,0,0,0.0
마라051945,1962,0,0,0,0.0
마라051946,1289,0,0,0,0.0
마라051947,2910,0,0,0,0.0
마라051948,6406,0,0,0,0.0
마라051949,2706,0,0,0,0.0
마라051950,1800,0,0,0,0.0
마라051951,3649,0,0,0,0.0
마라051952,3638,0,0,0,0.0
마라051953,3201,0,0,0,0.0
마라051954,9507,0,0,0,0.0
마라051984,6640,0,0,0,0.0
마라051985,6208,0,0,0,0.0
마라051986,8597,0,0,0,0.0
마라052840,6595,0,0,0,0.0
마라052845,9226,0,0,0,0.0
마라052846,9295,0,0,0,0.0
마라052848,10131,0,0,0,0.0
마라052849,8560,0,0,0,0.0
마라052850,9386,0,0,0,0.0
마라052851,10147,0,0,0,0.0
마라052852,10137,0,0,0,0.0
마라052853,10110,0,0,0,0.0
마라052910,9444,0,0,0,0.0
마라052911,9481,0,0,0,0.0
마라052926,8838,0,0,0,0.0
마라052927,2294,0,0,0,0.0
마라052936,315,0,0,78,0.027083333333333334
마라052937,4425,0,0,0,0.0
마라052938,8170,0,0,0,0.0
마라052944,7441,0,0,0,0.0
마라052945,1547,0,0,0,0.0
마라052946,1611,0,0,0,0.0
마라052947,2561,0,0,0,0.0
마라052948,6622,0,0,0,0.0
마라052949,2362,0,0,0,0.0
마라052950,1921,0,0,0,0.0
마라052951,7221,0,0,0,0.0
마라052952,739,0,0,0,0.0
마라052953,1451,0,0,0,0.0
마라052985,7132,0,0,0,0.0
마라052986,7897,0,0,0,0.0
마라053839,4341,0,0,0,0.0
마라053840,2286,0,0,0,0.0
마라053841,10070,0,0,0,0.0
마라053843,1764,0,0,0,0.0
마라053844,1841,0,0,0,0.0
마라053845,1299,0,0,0,0.0
마라053846,1532,0,0,0,0.0
마라053847,2767,0,0,0,0.0
마라053848,1993,0,0,0,0.0
마라053849,2205,0,0,0,0.0
마라053850,1883,0,0,0,0.0
마라053851,2189,0,0,0,0.0
마라053852,1185,0,0,0,0.0
마라053853,1778,0,0,0,0.0
마라053854,10114,0,0,0,0.0
마라053863,4244,0,0,0,0.0
마라053906,9769,0,0,0,0.0
마라053911,9413,0,0,2,0.0006944444444444445
마라053926,1434,0,0,0,0.0
마라053927,2424,0,0,0,0.0
마라053945,3067,0,0,0,0.0
마라053946,1938,0,0,0,0.0
마라053947,2686,0,0,0,0.0
마라053948,3370,0,0,0,0.0
마라053949,4769,0,0,0,0.0
마라053950,3513,0,0,0,0.0
마라053951,2827,0,0,0,0.0
마라053952,2660,0,0,0,0.0
마라053953,1948,0,0,0,0.0
마라053984,9204,0,0,0,0.0
마라053985,9536,0,0,0,0.0
마라053987,9274,0,0,0,0.0
마라054838,4572,0,0,0,0.0
마라054839,2683,0,0,0,0.0
마라054840,3036,0,0,1,0.00034722222222222224
마라054841,2537,0,0,0,0.0
마라054842,2319,0,0,0,0.0
마라054843,285,0,0,3,0.0010416666666666667
마라054844,977,0,0,0,0.0
마라054845,1654,0,0,0,0.0
마라054846,610,0,0,0,0.0
마라054847,897,0,0,0,0.0
마라054848,1507,0,0,0,0.0
마라054849,172,0,0,409,0.14201388888888888
마라054850,2776,0,0,0,0.0
마라054851,7303,0,0,0,0.0
마라054852,1630,0,0,0,0.0
마라054853,1170,0,0,0,0.0
마라054854,2904,0,0,0,0.0
마라054862,4203,0,0,0,0.0
마라054863,1187,0,0,0,0.0
마라054864,1228,0,0,0,0.0
마라054865,5380,0,0,0,0.0
마라054868,6228,0,0,0,0.0
마라054904,9944,0,0,0,0.0
마라054906,9679,0,0,0,0.0
마라054909,9010,0,0,0,0.0
마라054925,1232,0,0,0,0.0
마라054926,653,0,0,0,0.0
마라054936,3998,0,0,0,0.0
마라054941,1481,0,0,55,0.019097222222222224
마라054943,7709,0,0,0,0.0
마라054944,6026,0,0,0,0.0
마라054945,4309,0,0,0,0.0
마라054946,8504,0,0,0,0.0
마라054947,4477,0,0,0,0.0
마라054948,2730,0,0,0,0.0
마라054950,8296,0,0,0,0.0
마라054951,3104,0,0,0,0.0
마라054952,2371,0,0,0,0.0
마라054953,1752,0,0,0,0.0
마라054986,9153,0,0,0,0.0
마라054987,8556,0,0,0,0.0
마라054988,8975,0,0,0,0.0
마라055838,3887,0,0,0,0.0
마라055839,943,0,0,0,0.0
마라055840,2296,0,0,0,0.0
마라055841,6554,0,0,0,0.0
마라055842,1331,0,0,0,0.0
마라055843,2130,0,0,0,0.0
마라055844,3413,0,0,0,0.0
마라055845,4958,0,0,0,0.0
마라055846,1969,0,0,0,0.0
마라055847,1060,0,0,0,0.0
마라055848,3295,0,0,0,0.0
마라055849,268,0,0,5,0.001736111111111111
마라055850,2213,0,0,0,0.0
마라055852,4405,0,0,0,0.0
마라055853,3094,0,0,0,0.0
마라055854,5954,0,0,0,0.0
마라055862,4464,0,0,0,0.0
마라055863,6760,0,0,0,0.0
마라055864,4694,0,0,0,0.0
마라055865,7759,0,0,0,0.0
마라055925,1430,0,0,0,0.0
마라055943,2506,0,0,0,0.0
마라055944,2808,0,0,0,0.0
마라055945,2663,0,0,0,0.0
마라055946,2365,0,0,0,0.0
마라055947,2769,0,0,0,0.0
마라055948,2499,0,0,0,0.0
마라055949,7317,0,0,0,0.0
마라055950,4835,0,0,0,0.0
마라055951,2443,0,0,0,0.0
마라055952,2318,0,0,0,0.0
마라055953,2299,0,0,0,0.0
마라055954,7692,0,0,0,0.0
마라055978,4685,0,0,0,0.0
마라055979,7956,0,0,0,0.0
마라055980,3759,0,0,0,0.0
마라055986,9172,0,0,0,0.0
마라055987,5295,0,0,0,0.0
마라055988,7219,0,0,0,0.0
마라056838,345,0,0,1,0.00034722222222222224
마라056839,190,0,0,0,0.0
마라056840,990,0,0,0,0.0
마라056841,1198,0,0,0,0.0
마라056842,798,0,0,0,0.0
마라056843,6590,0,0,0,0.0
마라056844,7801,0,0,0,0.0
마라056845,4492,0,0,0,0.0
마라056846,337,0,0,633,0.21979166666666666
마라056847,2298,0,0,0,0.0
마라056848,3772,0,0,0,0.0
마라056849,559,0,0,20,0.006944444444444444
마라056850,586,0,0,0,0.0
마라056851,593,0,0,0,0.0
마라056852,3453,0,0,0,0.0
마라056853,1871,0,0,0,0.0
마라056854,3809,0,0,0,0.0
마라056855,3331,0,0,0,0.0
마라056856,6577,0,0,0,0.0
마라056857,4562,0,0,0,0.0
마라056905,9257,0,0,0,0.0
마라056910,8924,0,0,0,0.0
마라056924,4806,0,0,0,0.0
마라056929,10195,0,0,0,0.0
마라056942,4561,0,0,0,0.0
마라056943,2567,0,0,0,0.0
마라056944,612,0,0,566,0.19652777777777777
마라056945,2684,0,0,0,0.0
마라056946,3011,0,0,0,0.0
마라056947,2320,0,0,0,0.0
마라056948,3236,0,0,0,0.0
마라056949,5187,0,0,0,0.0
마라056950,7531,0,0,0,0.0
마라056951,3578,0,0,0,0.0
마라056952,2596,0,0,0,0.0
마라056953,3941,0,0,0,0.0
마라056954,7434,0,0,0,0.0
마라056979,7098,0,0,0,0.0
마라056980,3847,0,0,0,0.0
마라056986,8968,0,0,0,0.0
마라056987,8790,0,0,0,0.0
마라056988,8723,0,0,0,0.0
마라057838,9470,0,0,0,0.0
마라057839,1273,0,0,0,0.0
마라057840,5326,0,0,0,0.0
마라057841,168,0,0,784,0.2722222222222222
마라057842,1495,0,0,0,0.0
마라057843,6811,0,0,0,0.0
마라057844,1799,0,0,0,0.0
마라057845,2975,0,0,0,0.0
마라057846,2016,0,0,0,0.0
마라057847,2220,0,0,0,0.0
마라057848,703,0,0,0,0.0
마라057849,215,0,0,104,0.03611111111111111
마라057850,226,0,0,0,0.0
마라057851,415,0,0,0,0.0
마라057852,697,0,0,0,0.0
마라057853,878,0,0,0,0.0
마라057854,1118,0,0,3,0.0010416666666666667
마라057855,860,0,0,0,0.0
마라057856,816,0,0,0,0.0
마라057857,369,0,0,759,0.2635416666666667
마라057858,1070,0,0,0,0.0
마라057859,2133,0,0,0,0.0
마라057860,5560,0,0,0,0.0
마라057861,5975,0,0,0,0.0
마라057869,5813,0,0,0,0.0
마라057902,9861,0,0,0,0.0
마라057910,9535,0,0,0,0.0
마라057923,8988,0,0,0,0.0
마라057924,2992,0,0,0,0.0
마라057941,7641,0,0,0,0.0
마라057942,2292,0,0,0,0.0
마라057943,3999,0,0,0,0.0
마라057944,513,0,0,98,0.034027777777777775
마라057945,4437,0,0,0,0.0
마라057946,3217,0,0,0,0.0
마라057947,3977,0,0,0,0.0
마라057948,4867,0,0,0,0.0
마라057949,8972,0,0,0,0.0
마라057950,8511,0,0,0,0.0
마라057951,3879,0,0,0,0.0
마라057952,3329,0,0,0,0.0
마라057953,6027,0,0,0,0.0
마라057980,5767,0,0,0,0.0
마라057986,9266,0,0,0,0.0
마라058838,10162,0,0,0,0.0
마라058839,112,0,0,0,0.0
마라058840,5735,0,0,0,0.0
마라058841,540,0,0,0,0.0
마라058842,1792,0,0,0,0.0
마라058843,9357,0,0,0,0.0
마라058844,8290,0,0,0,0.0
마라058845,6202,0,0,0,0.0
마라058846,2869,0,0,0,0.0
마라058847,3890,0,0,0,0.0
마라058848,5260,0,0,0,0.0
마라058849,442,0,0,0,0.0
마라058850,997,0,0,0,0.0
마라058851,318,0,0,0,0.0
마라058852,1717,0,0,0,0.0
마라058853,1159,0,0,0,0.0
마라058854,1116,0,0,0,0.0
마라058855,2017,0,0,0,0.0
마라058856,1290,0,0,0,0.0
마라058857,1603,0,0,0,0.0
마라058858,1870,0,0,0,0.0
마라058859,3859,0,0,0,0.0
마라058860,8910,0,0,0,0.0
마라058922,6782,0,0,0,0.0
마라058923,2043,0,0,0,0.0
마라058924,4938,0,0,0,0.0
마라058941,2283,0,0,0,0.0
마라058942,1598,0,0,0,0.0
마라058943,2280,0,0,0,0.0
마라058944,4188,0,0,0,0.0
마라058945,4354,0,0,0,0.0
마라058946,4052,0,0,0,0.0
마라058947,3363,0,0,0,0.0
마라058948,5988,0,0,0,0.0
마라058951,3741,0,0,0,0.0
마라058952,3146,0,0,0,0.0
마라058953,3818,0,0,0,0.0
마라058954,4941,0,0,0,0.0
마라058955,8143,0,0,0,0.0
마라058957,2034,0,0,0,0.0
마라058959,9333,0,0,0,0.0
마라059838,10067,0,0,0,0.0
마라059839,1138,0,0,0,0.0
마라059840,4914,0,0,0,0.0
마라059841,6117,0,0,0,0.0
마라059845,2705,0,0,0,0.0
마라059846,4145,0,0,0,0.0
마라059847,2121,0,0,1,0.00034722222222222224
마라059848,2037,0,0,0,0.0
마라059849,545,0,0,0,0.0
마라059850,427,0,0,7,0.0024305555555555556
마라059851,919,0,0,0,0.0
마라059852,377,0,0,566,0.19652777777777777
마라059853,459,0,0,649,0.22534722222222223
마라059854,3060,0,0,0,0.0
마라059856,4738,0,0,0,0.0
마라059857,2023,0,0,0,0.0
마라059858,2720,0,0,0,0.0
마라059859,3286,0,0,0,0.0
마라059860,6341,0,0,0,0.0
마라059906,9881,0,0,0,0.0
마라059922,7114,0,0,0,0.0
마라059938,8414,0,0,0,0.0
마라059940,2516,0,0,0,0.0
마라059941,3170,0,0,0,0.0
마라059942,1915,0,0,0,0.0
마라059943,2712,0,0,0,0.0
마라059944,2501,0,0,0,0.0
마라059945,3209,0,0,0,0.0
마라059946,3804,0,0,0,0.0
마라059947,3891,0,0,0,0.0
마라059948,4186,0,0,0,0.0
마라059949,2241,0,0,0,0.0
마라059950,3797,0,0,0,0.0
마라059951,4080,0,0,0,0.0
마라059952,2448,0,0,0,0.0
마라059953,4134,0,0,0,0.0
마라059954,3846,0,0,0,0.0
마라059955,4813,0,0,0,0.0
마라059956,1820,0,0,0,0.0
마라059957,1990,0,0,0,0.0
마라059958,1226,0,0,0,0.0
마라059976,5675,0,0,0,0.0
마라060838,1278,0,0,0,0.0
마라060839,380,0,0,0,0.0
마라060840,1263,0,0,0,0.0
마라060841,2713,0,0,0,0.0
마라060844,8737,0,0,0,0.0
마라060845,2404,0,0,0,0.0
마라060846,696,0,0,646,0.22430555555555556
마라060847,3507,0,0,0,0.0
마라060848,1173,0,0,0,0.0
마라060849,558,0,0,12,0.004166666666666667
마라060850,1692,0,0,0,0.0
마라060851,553,0,0,0,0.0
마라060852,402,0,0,1,0.00034722222222222224
마라060853,3707,0,0,0,0.0
마라060857,2981,0,0,0,0.0
마라060858,1976,0,0,0,0.0
마라060859,5054,0,0,0,0.0
마라060905,7544,0,0,0,0.0
마라060921,1139,0,0,0,0.0
마라060922,2867,0,0,0,0.0
마라060926,10182,0,0,0,0.0
마라060940,1130,0,0,0,0.0
마라060941,1429,0,0,0,0.0
마라060942,1880,0,0,0,0.0
마라060943,3693,0,0,0,0.0
마라060944,2971,0,0,0,0.0
마라060945,3425,0,0,0,0.0
마라060946,3289,0,0,0,0.0
마라060947,5871,0,0,0,0.0
마라060948,7430,0,0,0,0.0
마라060949,5504,0,0,0,0.0
마라060950,909,0,0,0,0.0
마라060951,6374,0,0,0,0.0
마라060952,1837,0,0,0,0.0
마라060953,3550,0,0,0,0.0
마라060954,2783,0,0,0,0.0
마라060955,3771,0,0,0,0.0
마라060956,1893,0,0,0,0.0
마라060957,578,0,0,0,0.0
마라060958,5204,0,0,0,0.0
마라061838,249,0,0,0,0.0
마라061839,960,0,0,0,0.0
마라061840,2766,0,0,0,0.0
마라061841,5683,0,0,0,0.0
마라061844,2862,0,0,0,0.0
마라061845,2341,0,0,0,0.0
마라061846,1043,0,0,0,0.0
마라061847,5481,0,0,0,0.0
마라061848,3354,0,0,0,0.0
마라061849,4218,0,0,0,0.0
마라061850,5999,0,0,0,0.0
마라061851,3872,0,0,0,0.0
마라061852,6005,0,0,0,0.0
마라061855,6339,0,0,0,0.0
마라061856,8837,0,0,0,0.0
마라061857,6185,0,0,0,0.0
마라061858,3196,0,0,0,0.0
마라061859,7254,0,0,0,0.0
마라061920,6186,0,0,0,0.0
마라061921,4146,0,0,0,0.0
마라061939,840,0,0,0,0.0
마라061940,1702,0,0,0,0.0
마라061941,1675,0,0,0,0.0
마라061942,1652,0,0,0,0.0
마라061943,846,0,0,0,0.0
마라061944,1411,0,0,0,0.0
마라061945,9408,0,0,0,0.0
마라061949,713,0,0,0,0.0
마라061950,574,0,0,0,0.0
마라061951,4362,0,0,0,0.0
마라061952,2423,0,0,0,0.0
마라061953,2338,0,0,0,0.0
마라061954,2772,0,0,0,0.0
마라061955,5243,0,0,0,0.0
마라061956,1202,0,0,0,0.0
마라061957,1445,0,0,0,0.0
마라061958,5689,0,0,0,0.0
마라061964,5417,0,0,0,0.0
마라061972,6378,0,0,0,0.0
마라061974,5679,0,0,0,0.0
마라062837,4844,0,0,0,0.0
마라062838,2088,0,0,0,0.0
마라062839,486,0,0,0,0.0
마라062844,1396,0,0,0,0.0
마라062845,896,0,0,0,0.0
마라062846,2465,0,0,0,0.0
마라062847,6327,0,0,0,0.0
마라062855,3726,0,0,0,0.0
마라062856,7440,0,0,0,0.0
마라062857,8068,0,0,0,0.0
마라062859,8619,0,0,0,0.0
마라062920,271,0,0,0,0.0
마라062921,308,0,0,0,0.0
마라062926,10189,0,0,0,0.0
마라062939,1260,0,0,0,0.0
마라062940,2792,0,0,0,0.0
마라062941,2774,0,0,0,0.0
마라062942,736,0,0,0,0.0
마라062943,853,0,0,0,0.0
마라062944,1091,0,0,0,0.0
마라062949,702,0,0,0,0.0
마라062950,484,0,0,0,0.0
마라062951,4376,0,0,0,0.0
마라062952,1765,0,0,0,0.0
마라062953,1768,0,0,0,0.0
마라062954,2334,0,0,0,0.0
마라062955,5702,0,0,0,0.0
마라062963,3662,0,0,0,0.0
마라063835,4390,0,0,0,0.0
마라063844,983,0,0,0,0.0
마라063845,676,0,0,0,0.0
마라063846,1735,0,0,0,0.0
마라063847,7276,0,0,0,0.0
마라063861,8128,0,0,0,0.0
마라063919,7330,0,0,0,0.0
마라063920,76,0,0,0,0.0
마라063932,9081,0,0,0,0.0
마라063938,1520,0,0,0,0.0
마라063939,2145,0,0,0,0.0
마라063940,4919,0,0,0,0.0
마라063941,3250,0,0,0,0.0
마라063942,1572,0,0,0,0.0
마라063943,2278,0,0,0,0.0
마라063944,1844,0,0,0,0.0
마라063949,3019,0,0,0,0.0
마라063950,727,0,0,0,0.0
마라063951,4086,0,0,0,0.0
마라063952,1312,0,0,0,0.0
마라063953,1667,0,0,0,0.0
마라063954,2232,0,0,0,0.0
마라063955,8407,0,0,0,0.0
마라063956,8862,0,0,0,0.0
마라063957,1829,0,0,154,0.05347222222222222
마라063958,7188,0,0,0,0.0
마라063961,137,0,0,1144,0.3972222222222222
마라063962,3353,0,0,0,0.0
마라063963,5696,0,0,0,0.0
마라064835,1095,0,0,0,0.0
마라064836,3967,0,0,0,0.0
마라064837,3644,0,0,0,0.0
마라064838,3621,0,0,0,0.0
마라064839,2384,0,0,0,0.0
마라064840,6075,0,0,0,0.0
마라064842,7046,0,0,0,0.0
마라064843,949,0,0,0,0.0
마라064844,916,0,0,0,0.0
마라064845,454,0,0,0,0.0
마라064846,207,0,0,0,0.0
마라064847,605,0,0,0,0.0
마라064910,9088,0,0,0,0.0
마라064918,7421,0,0,0,0.0
마라064919,8517,0,0,0,0.0
마라064937,3226,0,0,0,0.0
마라064938,3454,0,0,0,0.0
마라064939,9891,0,0,0,0.0
마라064940,5119,0,0,0,0.0
마라064941,3537,0,0,0,0.0
마라064949,799,0,0,0,0.0
마라064951,5228,0,0,0,0.0
마라064952,1560,0,0,0,0.0
마라064953,1475,0,0,0,0.0
마라064954,2438,0,0,0,0.0
마라064955,9013,0,0,0,0.0
마라064956,5471,0,0,0,0.0
마라064957,3533,0,0,0,0.0
마라064958,10108,0,0,0,0.0
마라064959,331,0,0,0,0.0
마라064960,351,0,0,0,0.0
마라064961,171,0,0,0,0.0
마라065834,3080,0,0,0,0.0
마라065835,14,1,0,728,0.25277777777777777
마라065836,567,0,0,0,0.0
마라065837,684,0,0,0,0.0
마라065838,3189,0,0,0,0.0
마라065839,2907,0,0,0,0.0
마라065840,241,0,0,0,0.0
마라065843,839,0,0,0,0.0
마라065844,607,0,0,0,0.0
마라065845,474,0,0,0,0.0
마라065846,84,0,0,1420,0.4930555555555556
마라065847,3949,0,0,0,0.0
마라065900,9754,0,0,0,0.0
마라065909,2779,0,0,17,0.005902777777777778
마라065918,8575,0,0,0,0.0
마라065919,1220,0,0,0,0.0
마라065927,4253,0,0,0,0.0
마라065932,10177,0,0,0,0.0
마라065933,9157,0,0,0,0.0
마라065937,1305,0,0,0,0.0
마라065938,2534,0,0,0,0.0
마라065939,9491,0,0,0,0.0
마라065948,9829,0,0,0,0.0
마라065949,950,0,0,0,0.0
마라065950,350,0,0,0,0.0
마라065951,3900,0,0,0,0.0
마라065952,5958,0,0,0,0.0
마라065953,1866,0,0,0,0.0
마라065954,3609,0,0,0,0.0
마라065955,9818,0,0,0,0.0
마라065956,4613,0,0,0,0.0
마라065957,7133,0,0,0,0.0
마라065958,10038,0,0,0,0.0
마라066833,3457,0,0,0,0.0
마라066834,1378,0,0,0,0.0
마라066835,2274,0,0,0,0.0
마라066836,1458,0,0,1,0.00034722222222222224
마라066837,189,0,0,6,0.0020833333333333333
마라066838,3231,0,0,0,0.0
마라066839,7253,0,0,0,0.0
마라066844,2304,0,0,0,0.0
마라066845,2614,0,0,0,0.0
마라066846,1087,0,0,0,0.0
마라066847,2190,0,0,0,0.0
마라066906,9948,0,0,0,0.0
마라066921,7220,0,0,0,0.0
마라066922,6517,0,0,0,0.0
마라066925,5285,0,0,0,0.0
마라066926,6998,0,0,0,0.0
마라066931,7262,0,0,0,0.0
마라066932,7251,0,0,0,0.0
마라066933,4435,0,0,0,0.0
마라066934,5680,0,0,0,0.0
마라066936,2276,0,0,0,0.0
마라066937,1338,0,0,0,0.0
마라066938,2025,0,0,0,0.0
마라066939,2868,0,0,0,0.0
마라066940,4684,0,0,0,0.0
마라066949,1261,0,0,0,0.0
마라066950,7606,0,0,0,0.0
마라066951,1736,0,0,0,0.0
마라066952,2788,0,0,0,0.0
마라066953,3032,0,0,0,0.0
마라066954,3174,0,0,0,0.0
마라066955,9743,0,0,0,0.0
마라066957,10151,0,0,0,0.0
마라066960,10072,0,0,0,0.0
마라066976,3852,0,0,0,0.0
마라066977,4748,0,0,0,0.0
마라067831,3491,0,0,0,0.0
마라067832,2649,0,0,0,0.0
마라067833,1176,0,0,0,0.0
마라067834,1615,0,0,0,0.0
마라067837,3851,0,0,0,0.0
마라067838,21,1,0,434,0.15069444444444444
마라067846,5127,0,0,0,0.0
마라067847,618,0,0,0,0.0
마라067848,2498,0,0,0,0.0
마라067849,5818,0,0,0,0.0
마라067908,9937,0,0,0,0.0
마라067921,7075,0,0,0,0.0
마라067922,4276,0,0,0,0.0
마라067923,8447,0,0,0,0.0
마라067924,5545,0,0,0,0.0
마라067925,2692,0,0,0,0.0
마라067926,2512,0,0,0,0.0
마라067927,3144,0,0,0,0.0
마라067928,4410,0,0,0,0.0
마라067929,6858,0,0,0,0.0
마라067930,7789,0,0,0,0.0
마라067931,4207,0,0,0,0.0
마라067932,6825,0,0,0,0.0
마라067933,2395,0,0,0,0.0
마라067934,2553,0,0,0,0.0
마라067935,8637,0,0,0,0.0
마라067936,1245,0,0,0,0.0
마라067937,1516,0,0,0,0.0
마라067938,1960,0,0,0,0.0
마라067939,1812,0,0,0,0.0
마라067940,1462,0,0,0,0.0
마라067941,2806,0,0,0,0.0
마라067950,2755,0,0,0,0.0
마라067951,1657,0,0,0,0.0
마라067952,3163,0,0,0,0.0
마라067953,2731,0,0,0,0.0
마라067954,3682,0,0,0,0.0
마라067955,10065,0,0,0,0.0
마라067976,3223,0,0,0,0.0
마라067977,3448,0,0,0,0.0
마라067978,5351,0,0,0,0.0
마라067979,2679,0,0,0,0.0
마라067980,2672,0,0,0,0.0
마라067981,5268,0,0,0,0.0
마라068828,1605,0,0,0,0.0
마라068829,2521,0,0,0,0.0
마라068830,1293,0,0,0,0.0
마라068831,931,0,0,0,0.0
마라068833,86,0,0,53,0.01840277777777778
마라068838,2658,0,0,0,0.0
마라068839,4551,0,0,0,0.0
마라068847,5038,0,0,0,0.0
마라068848,2847,0,0,0,0.0
마라068849,1463,0,0,0,0.0
마라068850,3827,0,0,0,0.0
마라068851,462,0,0,0,0.0
마라068852,4718,0,0,0,0.0
마라068853,6172,0,0,0,0.0
마라068922,10172,0,0,0,0.0
마라068923,10120,0,0,0,0.0
마라068924,3429,0,0,0,0.0
마라068925,2583,0,0,0,0.0
마라068926,2403,0,0,0,0.0
마라068927,3623,0,0,0,0.0
마라068928,2900,0,0,0,0.0
마라068929,3001,0,0,0,0.0
마라068930,3587,0,0,0,0.0
마라068931,4767,0,0,0,0.0
마라068932,2874,0,0,0,0.0
마라068933,2728,0,0,0,0.0
마라068934,3657,0,0,0,0.0
마라068935,2146,0,0,0,0.0
마라068936,2435,0,0,0,0.0
마라068937,2041,0,0,0,0.0
마라068938,2153,0,0,0,0.0
마라068940,1925,0,0,0,0.0
마라068941,1218,0,0,0,0.0
마라068942,1081,0,0,0,0.0
마라068950,3371,0,0,0,0.0
마라068951,2458,0,0,0,0.0
마라068952,3277,0,0,0,0.0
마라068953,4822,0,0,0,0.0
마라068954,4314,0,0,0,0.0
마라068955,10107,0,0,0,0.0
마라068957,10133,0,0,0,0.0
마라068974,3508,0,0,0,0.0
마라068975,4639,0,0,0,0.0
마라068979,5458,0,0,0,0.0
마라068980,2474,0,0,0,0.0
마라068981,3166,0,0,0,0.0
마라069847,6497,0,0,0,0.0
마라069848,1687,0,0,0,0.0
마라069849,3041,0,0,0,0.0
마라069850,4250,0,0,0,0.0
마라069851,3194,0,0,0,0.0
마라069852,2525,0,0,0,0.0
마라069853,4534,0,0,0,0.0
마라069893,2455,0,0,0,0.0
마라069897,2819,0,0,0,0.0
마라069915,482,0,0,0,0.0
마라069921,3458,0,0,0,0.0
마라069922,9893,0,0,0,0.0
마라069923,7377,0,0,0,0.0
마라069924,5864,0,0,0,0.0
마라069925,2282,0,0,0,0.0
마라069926,1658,0,0,0,0.0
마라069927,2836,0,0,0,0.0
마라069928,3856,0,0,0,0.0
마라069929,3010,0,0,0,0.0
마라069930,7329,0,0,0,0.0
마라069931,3213,0,0,0,0.0
마라069932,3260,0,0,0,0.0
마라069933,3563,0,0,0,0.0
마라069934,1903,0,0,0,0.0
마라069935,2291,0,0,0,0.0
마라069936,3463,0,0,0,0.0
마라069940,2385,0,0,0,0.0
마라069941,991,0,0,0,0.0
마라069942,1082,0,0,0,0.0
마라069943,812,0,0,0,0.0
마라069949,4053,0,0,0,0.0
마라069950,2221,0,0,0,0.0
마라069951,2605,0,0,0,0.0
마라069952,3103,0,0,0,0.0
마라069953,9621,0,0,0,0.0
마라069954,6033,0,0,0,0.0
마라069955,9641,0,0,0,0.0
마라069966,3905,0,0,3,0.0010416666666666667
마라069974,2750,0,0,0,0.0
마라069975,5965,0,0,0,0.0
마라069980,6108,0,0,0,0.0
마라069981,5720,0,0,0,0.0
마라069993,8775,0,0,0,0.0
마라070847,6122,0,0,0,0.0
마라070848,884,0,0,39,0.013541666666666667
마라070849,6973,0,0,0,0.0
마라070851,7756,0,0,0,0.0
마라070852,7953,0,0,0,0.0
마라070893,2566,0,0,0,0.0
마라070896,2634,0,0,0,0.0
마라070897,2507,0,0,0,0.0
마라070914,1280,0,0,0,0.0
마라070915,3622,0,0,0,0.0
마라070922,6687,0,0,0,0.0
마라070923,7300,0,0,0,0.0
마라070924,2804,0,0,0,0.0
마라070925,6964,0,0,0,0.0
마라070926,3002,0,0,0,0.0
마라070927,3544,0,0,0,0.0
마라070928,2637,0,0,0,0.0
마라070929,3106,0,0,0,0.0
마라070930,6878,0,0,0,0.0
마라070931,5977,0,0,0,0.0
마라070932,4874,0,0,0,0.0
마라070933,3444,0,0,0,0.0
마라070934,9828,0,0,0,0.0
마라070935,3426,0,0,0,0.0
마라070938,4690,0,0,0,0.0
마라070939,3110,0,0,0,0.0
마라070940,1158,0,0,0,0.0
마라070941,1383,0,0,0,0.0
마라070942,891,0,0,0,0.0
마라070943,2147,0,0,0,0.0
마라070949,2254,0,0,0,0.0
마라070950,2529,0,0,0,0.0
마라070952,4135,0,0,0,0.0
마라070953,4419,0,0,0,0.0
마라070954,6672,0,0,0,0.0
마라070955,10149,0,0,0,0.0
마라070974,4369,0,0,0,0.0
마라070994,9689,0,0,0,0.0
마라071848,1291,0,0,0,0.0
마라071849,4001,0,0,0,0.0
마라071850,3594,0,0,0,0.0
마라071851,3202,0,0,0,0.0
마라071852,7351,0,0,0,0.0
마라071853,8693,0,0,0,0.0
마라071893,3050,0,0,0,0.0
마라071900,2598,0,0,1,0.00034722222222222224
마라071902,2852,0,0,0,0.0
마라071909,4598,0,0,0,0.0
마라071914,1781,0,0,0,0.0
마라071915,6102,0,0,0,0.0
마라071916,9846,0,0,0,0.0
마라071920,3589,0,0,0,0.0
마라071921,3823,0,0,0,0.0
마라071922,10148,0,0,0,0.0
마라071923,9676,0,0,0,0.0
마라071924,5450,0,0,0,0.0
마라071925,7479,0,0,0,0.0
마라071926,6105,0,0,0,0.0
마라071927,6174,0,0,0,0.0
마라071928,4547,0,0,0,0.0
마라071929,3305,0,0,0,0.0
마라071930,5688,0,0,0,0.0
마라071931,3245,0,0,0,0.0
마라071932,5972,0,0,0,0.0
마라071933,967,0,0,0,0.0
마라071938,2050,0,0,0,0.0
마라071939,1469,0,0,0,0.0
마라071940,1499,0,0,0,0.0
마라071941,4126,0,0,0,0.0
마라071942,930,0,0,0,0.0
마라071943,1208,0,0,0,0.0
마라071948,6166,0,0,0,0.0
마라071949,2268,0,0,0,0.0
마라071950,3410,0,0,0,0.0
마라071952,1359,0,0,8,0.002777777777777778
마라071953,4295,0,0,0,0.0
마라071954,3914,0,0,0,0.0
마라071955,9336,0,0,0,0.0
마라071956,10165,0,0,0,0.0
마라071991,8666,0,0,0,0.0
마라071992,6842,0,0,0,0.0
마라071993,6699,0,0,0,0.0
마라071998,9591,0,0,0,0.0
마라072848,984,0,0,681,0.23645833333333333
마라072849,3417,0,0,0,0.0
마라072850,2172,0,0,0,0.0
마라072851,2143,0,0,0,0.0
마라072852,7850,0,0,0,0.0
마라072895,2197,0,0,10,0.003472222222222222
마라072908,4044,0,0,0,0.0
마라072913,640,0,0,0,0.0
마라072914,2062,0,0,0,0.0
마라072917,7068,0,0,0,0.0
마라072918,10173,0,0,0,0.0
마라072919,938,0,0,0,0.0
마라072920,2267,0,0,0,0.0
마라072925,5536,0,0,0,0.0
마라072926,5483,0,0,0,0.0
마라072927,8213,0,0,0,0.0
마라072928,4925,0,0,0,0.0
마라072929,2397,0,0,0,0.0
마라072930,4234,0,0,0,0.0
마라072931,4649,0,0,0,0.0
마라072932,1740,0,0,0,0.0
마라072933,2256,0,0,0,0.0
마라072934,1933,0,0,0,0.0
마라072935,2454,0,0,0,0.0
마라072938,3356,0,0,0,0.0
마라072939,2271,0,0,0,0.0
마라072940,1987,0,0,0,0.0
마라072941,1568,0,0,0,0.0
마라072942,3391,0,0,0,0.0
마라072943,9161,0,0,0,0.0
마라072948,3082,0,0,0,0.0
마라072949,2200,0,0,0,0.0
마라072950,2323,0,0,0,0.0
마라072951,3497,0,0,0,0.0
마라072952,1672,0,0,1,0.00034722222222222224
마라072953,1981,0,0,0,0.0
마라072954,3332,0,0,0,0.0
마라072955,3828,0,0,0,0.0
마라072956,10113,0,0,0,0.0
마라072991,9163,0,0,0,0.0
마라072992,8223,0,0,0,0.0
마라072993,6534,0,0,0,0.0
마라072994,9538,0,0,0,0.0
마라072996,8045,0,0,0,0.0
마라072997,8867,0,0,0,0.0
마라073848,1106,0,0,0,0.0
마라073849,1188,0,0,0,0.0
마라073850,808,0,0,0,0.0
마라073851,766,0,0,0,0.0
마라073852,3506,0,0,0,0.0
마라073853,4099,0,0,0,0.0
마라073855,230,0,0,0,0.0
마라073856,565,0,0,0,0.0
마라073857,571,0,0,0,0.0
마라073860,4797,0,0,0,0.0
마라073907,3984,0,0,0,0.0
마라073913,770,0,0,0,0.0
마라073917,3191,0,0,0,0.0
마라073918,2420,0,0,0,0.0
마라073919,2656,0,0,0,0.0
마라073920,1873,0,0,0,0.0
마라073921,5096,0,0,0,0.0
마라073922,10143,0,0,0,0.0
마라073923,6109,0,0,0,0.0
마라073925,5071,0,0,0,0.0
마라073927,6812,0,0,0,0.0
마라073929,9362,0,0,0,0.0
마라073930,7774,0,0,0,0.0
마라073932,8875,0,0,0,0.0
마라073933,9471,0,0,0,0.0
마라073934,1453,0,0,0,0.0
마라073935,2360,0,0,0,0.0
마라073941,2081,0,0,0,0.0
마라073943,7208,0,0,0,0.0
마라073944,7101,0,0,0,0.0
마라073948,2689,0,0,0,0.0
마라073949,2555,0,0,0,0.0
마라073950,1741,0,0,0,0.0
마라073951,2949,0,0,0,0.0
마라073952,1982,0,0,0,0.0
마라073953,2366,0,0,0,0.0
마라073954,2411,0,0,0,0.0
마라073955,2735,0,0,0,0.0
마라073956,9474,0,0,0,0.0
마라073992,9304,0,0,0,0.0
마라073995,8243,0,0,0,0.0
마라073996,7867,0,0,0,0.0
마라073997,9331,0,0,0,0.0
마라074848,1018,0,0,8,0.002777777777777778
마라074849,772,0,0,0,0.0
마라074850,920,0,0,0,0.0
마라074851,758,0,0,0,0.0
마라074852,1301,0,0,0,0.0
마라074853,1241,0,0,0,0.0
마라074854,1439,0,0,0,0.0
마라074855,487,0,0,0,0.0
마라074856,1125,0,0,0,0.0
마라074857,93,0,0,65,0.022569444444444444
마라074858,5419,0,0,0,0.0
마라074859,5022,0,0,0,0.0
마라074860,3642,0,0,0,0.0
마라074893,3434,0,0,0,0.0
마라074916,2399,0,0,0,0.0
마라074917,3172,0,0,0,0.0
마라074918,2652,0,0,0,0.0
마라074919,3075,0,0,0,0.0
마라074920,1648,0,0,0,0.0
마라074922,9293,0,0,0,0.0
마라074923,9381,0,0,0,0.0
마라074924,9905,0,0,0,0.0
마라074925,4483,0,0,0,0.0
마라074926,5955,0,0,0,0.0
마라074932,9087,0,0,0,0.0
마라074933,4993,0,0,0,0.0
마라074934,9388,0,0,0,0.0
마라074943,3982,0,0,0,0.0
마라074944,2376,0,0,0,0.0
마라074945,4192,0,0,0,0.0
마라074947,4900,0,0,0,0.0
마라074948,3149,0,0,0,0.0
마라074949,6758,0,0,0,0.0
마라074950,7264,0,0,0,0.0
마라074951,2925,0,0,0,0.0
마라074952,2853,0,0,0,0.0
마라074953,3044,0,0,0,0.0
마라074954,2187,0,0,0,0.0
마라074955,7919,0,0,0,0.0
마라074956,9763,0,0,0,0.0
마라074987,8692,0,0,0,0.0
마라074992,7775,0,0,0,0.0
마라074993,8605,0,0,0,0.0
마라074995,7457,0,0,0,0.0
마라074996,6471,0,0,0,0.0
마라074997,9082,0,0,0,0.0
마라074998,9458,0,0,0,0.0
마라075848,2266,0,0,46,0.01597222222222222
마라075849,1140,0,0,0,0.0
마라075850,639,0,0,0,0.0
마라075851,392,0,0,0,0.0
마라075852,698,0,0,0,0.0
마라075853,1663,0,0,0,0.0
마라075854,2027,0,0,0,0.0
마라075855,114,0,0,0,0.0
마라075856,20,1,0,192,0.06666666666666667
마라075857,552,0,0,0,0.0
마라075858,2977,0,0,0,0.0
마라075859,2127,0,0,0,0.0
마라075860,3105,0,0,0,0.0
마라075901,2211,0,0,0,0.0
마라075912,1782,0,0,0,0.0
마라075917,2482,0,0,0,0.0
마라075919,7720,0,0,0,0.0
마라075921,8106,0,0,0,0.0
마라075922,9080,0,0,0,0.0
마라075923,8477,0,0,0,0.0
마라075924,8226,0,0,0,0.0
마라075925,9844,0,0,0,0.0
마라075926,6256,0,0,0,0.0
마라075933,9890,0,0,0,0.0
마라075939,2070,0,0,0,0.0
마라075942,7229,0,0,0,0.0
마라075943,2980,0,0,0,0.0
마라075944,3047,0,0,0,0.0
마라075945,2072,0,0,0,0.0
마라075946,3689,0,0,0,0.0
마라075947,4359,0,0,0,0.0
마라075948,2926,0,0,0,0.0
마라075949,2846,0,0,0,0.0
마라075950,5212,0,0,0,0.0
마라075951,2797,0,0,0,0.0
마라075952,2602,0,0,0,0.0
마라075953,5374,0,0,0,0.0
마라075954,8391,0,0,0,0.0
마라075985,8679,0,0,0,0.0
마라075986,8379,0,0,0,0.0
마라075987,9205,0,0,0,0.0
마라075988,6984,0,0,0,0.0
마라075990,8994,0,0,0,0.0
마라075991,8007,0,0,0,0.0
마라075992,7990,0,0,0,0.0
마라075995,1783,0,0,0,0.0
마라075996,7617,0,0,0,0.0
마라076848,5050,0,0,0,0.0
마라076849,416,0,0,0,0.0
마라076850,150,0,0,535,0.1857638888888889
마라076851,58,0,0,22,0.007638888888888889
마라076852,440,0,0,0,0.0
마라076853,777,0,0,0,0.0
마라076854,542,0,0,0,0.0
마라076855,464,0,0,0,0.0
마라076856,361,0,0,0,0.0
마라076857,188,0,0,0,0.0
마라076858,24,0,0,33,0.011458333333333333
마라076859,2653,0,0,0,0.0
마라076860,5163,0,0,0,0.0
마라076892,5575,0,0,0,0.0
마라076902,2491,0,0,0,0.0
마라076911,630,0,0,0,0.0
마라076916,8906,0,0,0,0.0
마라076917,7836,0,0,0,0.0
마라076918,3706,0,0,0,0.0
마라076919,2009,0,0,0,0.0
마라076920,3630,0,0,0,0.0
마라076922,8630,0,0,0,0.0
마라076924,3192,0,0,0,0.0
마라076925,9073,0,0,0,0.0
마라076926,10150,0,0,0,0.0
마라076937,7321,0,0,0,0.0
마라076938,3593,0,0,0,0.0
마라076939,2655,0,0,0,0.0
마라076941,9385,0,0,0,0.0
마라076942,5386,0,0,0,0.0
마라076943,3936,0,0,0,0.0
마라076944,3618,0,0,0,0.0
마라076945,3034,0,0,0,0.0
마라076946,3886,0,0,0,0.0
마라076947,1784,0,0,0,0.0
마라076948,2668,0,0,0,0.0
마라076949,4907,0,0,0,0.0
마라076950,3518,0,0,0,0.0
마라076951,2938,0,0,0,0.0
마라076952,2302,0,0,0,0.0
마라076953,2888,0,0,0,0.0
마라076954,9414,0,0,0,0.0
마라076985,1902,0,0,0,0.0
마라076986,562,0,0,0,0.0
마라076988,6322,0,0,0,0.0
마라076989,8834,0,0,0,0.0
마라076990,7662,0,0,0,0.0
마라076991,5372,0,0,0,0.0
마라076996,8792,0,0,0,0.0
마라077848,4020,0,0,0,0.0
마라077849,575,0,0,0,0.0
마라077850,295,0,0,0,0.0
마라077851,222,0,0,2,0.0006944444444444445
마라077852,233,0,0,0,0.0
마라077853,856,0,0,0,0.0
마라077854,1238,0,0,0,0.0
마라077855,2419,0,0,0,0.0
마라077856,265,0,0,0,0.0
마라077857,153,0,0,0,0.0
마라077858,528,0,0,0,0.0
마라077859,3730,0,0,0,0.0
마라077860,4444,0,0,0,0.0
마라077879,6464,0,0,0,0.0
마라077896,806,0,0,55,0.019097222222222224
마라077898,2510,0,0,0,0.0
마라077901,1405,0,0,30,0.010416666666666666
마라077910,7583,0,0,0,0.0
마라077918,4518,0,0,0,0.0
마라077919,1284,0,0,0,0.0
마라077920,1262,0,0,0,0.0
마라077921,2579,0,0,0,0.0
마라077922,8276,0,0,0,0.0
마라077923,8257,0,0,0,0.0
마라077924,8521,0,0,0,0.0
마라077925,8054,0,0,0,0.0
마라077926,5183,0,0,0,0.0
마라077927,9497,0,0,0,0.0
마라077937,3304,0,0,0,0.0
마라077938,2284,0,0,0,0.0
마라077939,6076,0,0,0,0.0
마라077940,9531,0,0,0,0.0
마라077941,5279,0,0,0,0.0
마라077942,6354,0,0,0,0.0
마라077943,3345,0,0,0,0.0
마라077944,5182,0,0,0,0.0
마라077945,4357,0,0,0,0.0
마라077946,2393,0,0,0,0.0
마라077947,4067,0,0,0,0.0
마라077948,6412,0,0,0,0.0
마라077949,3022,0,0,0,0.0
마라077950,2814,0,0,0,0.0
마라077951,2150,0,0,0,0.0
마라077952,2497,0,0,0,0.0
마라077953,3135,0,0,0,0.0
마라077954,8759,0,0,0,0.0
마라077985,2475,0,0,0,0.0
마라077986,8081,0,0,0,0.0
마라077987,7703,0,0,0,0.0
마라077988,9826,0,0,0,0.0
마라077989,9190,0,0,0,0.0
마라078848,4773,0,0,0,0.0
마라078849,735,0,0,0,0.0
마라078850,751,0,0,0,0.0
마라078851,342,0,0,0,0.0
마라078852,290,0,0,0,0.0
마라078853,561,0,0,0,0.0
마라078854,2914,0,0,0,0.0
마라078855,658,0,0,0,0.0
마라078856,588,0,0,0,0.0
마라078857,2203,0,0,0,0.0
마라078859,4438,0,0,0,0.0
마라078878,6273,0,0,0,0.0
마라078909,9501,0,0,0,0.0
마라078910,3880,0,0,0,0.0
마라078913,7394,0,0,0,0.0
마라078917,7518,0,0,0,0.0
마라078918,2258,0,0,0,0.0
마라078919,7180,0,0,0,0.0
마라078920,1128,0,0,0,0.0
마라078921,116,0,0,257,0.08923611111111111
마라078923,6900,0,0,0,0.0
마라078924,8285,0,0,0,0.0
마라078925,8690,0,0,0,0.0
마라078926,8939,0,0,0,0.0
마라078927,9668,0,0,0,0.0
마라078928,1467,0,0,0,0.0
마라078929,3296,0,0,0,0.0
마라078937,8471,0,0,0,0.0
마라078938,4225,0,0,0,0.0
마라078939,2313,0,0,0,0.0
마라078940,6242,0,0,0,0.0
마라078941,2691,0,0,0,0.0
마라078942,3543,0,0,0,0.0
마라078943,3003,0,0,0,0.0
마라078944,5146,0,0,0,0.0
마라078945,1922,0,0,0,0.0
마라078946,1744,0,0,0,0.0
마라078947,3884,0,0,0,0.0
마라078948,2956,0,0,0,0.0
마라078949,3468,0,0,0,0.0
마라078950,8390,0,0,0,0.0
마라078951,8763,0,0,0,0.0
마라078952,4079,0,0,0,0.0
마라078953,3858,0,0,0,0.0
마라078954,6124,0,0,0,0.0
마라078986,8659,0,0,0,0.0
마라078987,9261,0,0,0,0.0
마라078988,6967,0,0,0,0.0
마라079849,2873,0,0,0,0.0
마라079850,1035,0,0,0,0.0
마라079851,929,0,0,0,0.0
마라079852,1345,0,0,0,0.0
마라079853,313,0,0,0,0.0
마라079854,1064,0,0,0,0.0
마라079856,813,0,0,0,0.0
마라079857,1650,0,0,0,0.0
마라079858,4606,0,0,0,0.0
마라079890,889,0,0,0,0.0
마라079894,9563,0,0,0,0.0
마라079909,9171,0,0,0,0.0
마라079912,5418,0,0,0,0.0
마라079913,4707,0,0,0,0.0
마라079916,8192,0,0,0,0.0
마라079917,2214,0,0,0,0.0
마라079918,2812,0,0,0,0.0
마라079919,2324,0,0,0,0.0
마라079920,2155,0,0,0,0.0
마라079921,228,0,0,0,0.0
마라079922,1404,0,0,0,0.0
마라079925,3907,0,0,0,0.0
마라079926,6272,0,0,0,0.0
마라079927,4011,0,0,0,0.0
마라079928,1632,0,0,0,0.0
마라079929,2392,0,0,0,0.0
마라079930,4609,0,0,0,0.0
마라079931,9804,0,0,0,0.0
마라079939,6443,0,0,0,0.0
마라079940,4861,0,0,0,0.0
마라079941,3923,0,0,0,0.0
마라079942,4751,0,0,0,0.0
마라079943,6278,0,0,0,0.0
마라079944,2821,0,0,0,0.0
마라079945,2777,0,0,0,0.0
마라079946,3700,0,0,0,0.0
마라079947,3633,0,0,0,0.0
마라079948,4663,0,0,0,0.0
마라079949,9509,0,0,0,0.0
마라079954,3098,0,0,0,0.0
마라079987,2347,0,0,67,0.02326388888888889
마라079988,5414,0,0,0,0.0
마라079989,8918,0,0,0,0.0
마라079992,7772,0,0,0,0.0
마라079993,7360,0,0,0,0.0
마라080849,3790,0,0,0,0.0
마라080850,1746,0,0,0,0.0
마라080851,1282,0,0,0,0.0
마라080852,1093,0,0,0,0.0
마라080853,3433,0,0,0,0.0
마라080854,1237,0,0,0,0.0
마라080856,1244,0,0,0,0.0
마라080857,1578,0,0,0,0.0
마라080858,5570,0,0,0,0.0
마라080859,4979,0,0,0,0.0
마라080883,710,0,0,30,0.010416666666666666
마라080889,566,0,0,25,0.008680555555555556
마라080908,1531,0,0,1,0.00034722222222222224
마라080909,147,0,0,0,0.0
마라080911,6947,0,0,0,0.0
마라080912,3158,0,0,0,0.0
마라080913,9466,0,0,0,0.0
마라080916,1802,0,0,0,0.0
마라080917,3180,0,0,0,0.0
마라080919,3661,0,0,0,0.0
마라080920,253,0,0,0,0.0
마라080921,287,0,0,0,0.0
마라080922,54,0,0,235,0.08159722222222222
마라080925,8273,0,0,0,0.0
마라080927,435,0,0,0,0.0
마라080928,1539,0,0,0,0.0
마라080929,1275,0,0,0,0.0
마라080930,5359,0,0,0,0.0
마라080931,4087,0,0,0,0.0
마라080932,7824,0,0,0,0.0
마라080940,9630,0,0,0,0.0
마라080941,7481,0,0,0,0.0
마라080942,7185,0,0,0,0.0
마라080943,4497,0,0,0,0.0
마라080944,3549,0,0,0,0.0
마라080945,3108,0,0,0,0.0
마라080946,6074,0,0,0,0.0
마라080947,3653,0,0,0,0.0
마라080948,6088,0,0,0,0.0
마라080949,9871,0,0,0,0.0
마라080983,9672,0,0,0,0.0
마라080987,4094,0,0,0,0.0
마라080988,5207,0,0,0,0.0
마라080989,4348,0,0,0,0.0
마라081849,1285,0,0,0,0.0
마라081850,1662,0,0,46,0.01597222222222222
마라081851,1835,0,0,3,0.0010416666666666667
마라081852,2543,0,0,0,0.0
마라081853,4213,0,0,0,0.0
마라081854,4459,0,0,0,0.0
마라081856,1117,0,0,0,0.0
마라081857,125,0,0,0,0.0
마라081858,5121,0,0,0,0.0
마라081883,3494,0,0,0,0.0
마라081884,923,0,0,0,0.0
마라081885,5161,0,0,0,0.0
마라081887,525,0,0,0,0.0
마라081888,384,0,0,0,0.0
마라081889,259,0,0,0,0.0
마라081894,9731,0,0,0,0.0
마라081907,8552,0,0,0,0.0
마라081908,95,0,0,22,0.007638888888888889
마라081911,2799,0,0,0,0.0
마라081912,2517,0,0,0,0.0
마라081916,2950,0,0,0,0.0
마라081917,3449,0,0,0,0.0
마라081921,424,0,0,0,0.0
마라081922,473,0,0,0,0.0
마라081923,136,0,0,37,0.012847222222222222
마라081927,1368,0,0,0,0.0
마라081928,623,0,0,0,0.0
마라081929,2032,0,0,0,0.0
마라081930,3165,0,0,0,0.0
마라081931,2417,0,0,0,0.0
마라081932,2436,0,0,0,0.0
마라081933,3822,0,0,0,0.0
마라081934,9541,0,0,0,0.0
마라081942,7660,0,0,0,0.0
마라081943,4866,0,0,0,0.0
마라081944,3825,0,0,0,0.0
마라081945,3542,0,0,0,0.0
마라081946,4703,0,0,0,0.0
마라081947,3829,0,0,0,0.0
마라081948,6259,0,0,0,0.0
마라081987,9823,0,0,0,0.0
마라081988,7047,0,0,0,0.0
마라081989,2697,0,0,0,0.0
마라081990,1827,0,0,0,0.0
마라081991,2520,0,0,0,0.0
마라082849,837,0,0,0,0.0
마라082850,1961,0,0,0,0.0
마라082851,2388,0,0,0,0.0
마라082852,502,0,0,0,0.0
마라082853,113,0,0,0,0.0
마라082854,117,0,0,0,0.0
마라082856,433,0,0,0,0.0
마라082857,410,0,0,0,0.0
마라082885,132,0,0,1,0.00034722222222222224
마라082886,902,0,0,0,0.0
마라082887,515,0,0,0,0.0
마라082888,281,0,0,0,0.0
마라082899,9430,0,0,0,0.0
마라082910,2059,0,0,0,0.0
마라082911,8234,0,0,0,0.0
마라082912,2077,0,0,0,0.0
마라082915,8520,0,0,0,0.0
마라082916,1580,0,0,0,0.0
마라082917,1402,0,0,0,0.0
마라082918,1585,0,0,0,0.0
마라082919,414,0,0,0,0.0
마라082920,272,0,0,0,0.0
마라082921,481,0,0,0,0.0
마라082922,257,0,0,0,0.0
마라082923,43,0,0,91,0.03159722222222222
마라082927,310,0,0,0,0.0
마라082928,1119,0,0,0,0.0
마라082929,2526,0,0,0,0.0
마라082930,2235,0,0,0,0.0
마라082931,2523,0,0,0,0.0
마라082932,1719,0,0,0,0.0
마라082933,1940,0,0,0,0.0
마라082934,3517,0,0,0,0.0
마라082935,7338,0,0,0,0.0
마라082936,9558,0,0,0,0.0
마라082943,8478,0,0,0,0.0
마라082944,7281,0,0,0,0.0
마라082945,4293,0,0,0,0.0
마라082946,5208,0,0,0,0.0
마라082947,4152,0,0,0,0.0
마라082948,9882,0,0,0,0.0
마라082986,10170,0,0,0,0.0
마라082987,9968,0,0,0,0.0
마라082988,6403,0,0,0,0.0
마라082989,3122,0,0,0,0.0
마라082990,5528,0,0,0,0.0
마라082991,9814,0,0,0,0.0
마라083849,4976,0,0,0,0.0
마라083850,1424,0,0,0,0.0
마라083851,1891,0,0,0,0.0
마라083852,2014,0,0,0,0.0
마라083853,1002,0,0,0,0.0
마라083854,75,0,0,0,0.0
마라083856,7117,0,0,0,0.0
마라083857,6801,0,0,0,0.0
마라083884,223,0,0,0,0.0
마라083885,963,0,0,0,0.0
마라083886,994,0,0,1,0.00034722222222222224
마라083887,52,0,0,338,0.11736111111111111
마라083891,9748,0,0,0,0.0
마라083910,1181,0,0,0,0.0
마라083911,1385,0,0,0,0.0
마라083912,1037,0,0,0,0.0
마라083916,6844,0,0,0,0.0
마라083917,717,0,0,0,0.0
마라083919,461,0,0,0,0.0
마라083920,495,0,0,0,0.0
마라083922,83,0,0,14,0.004861111111111111
마라083927,1408,0,0,0,0.0
마라083928,819,0,0,0,0.0
마라083929,1777,0,0,0,0.0
마라083930,1688,0,0,0,0.0
마라083931,1107,0,0,0,0.0
마라083932,883,0,0,0,0.0
마라083933,1691,0,0,0,0.0
마라083934,2456,0,0,0,0.0
마라083935,1937,0,0,0,0.0
마라083936,4608,0,0,0,0.0
마라083937,9752,0,0,0,0.0
마라083945,9324,0,0,0,0.0
마라083946,5225,0,0,0,0.0
마라083987,10157,0,0,0,0.0
마라083988,9848,0,0,0,0.0
마라083989,1599,0,0,0,0.0
마라084846,3183,0,0,0,0.0
마라084847,422,0,0,2,0.0006944444444444445
마라084848,3253,0,0,0,0.0
마라084849,2708,0,0,0,0.0
마라084850,1183,0,0,9,0.003125
마라084851,2141,0,0,0,0.0
마라084852,4331,0,0,0,0.0
마라084853,638,0,0,0,0.0
마라084854,3599,0,0,0,0.0
마라084855,4849,0,0,0,0.0
마라084856,5580,0,0,0,0.0
마라084857,6859,0,0,0,0.0
마라084884,149,0,0,189,0.065625
마라084885,1027,0,0,0,0.0
마라084886,795,0,0,0,0.0
마라084887,2439,0,0,0,0.0
마라084889,6048,0,0,0,0.0
마라084894,9260,0,0,0,0.0
마라084905,3820,0,0,0,0.0
마라084909,1113,0,0,23,0.00798611111111111
마라084910,673,0,0,0,0.0
마라084911,1377,0,0,0,0.0
마라084917,546,0,0,0,0.0
마라084918,648,0,0,0,0.0
마라084919,300,0,0,0,0.0
마라084920,333,0,0,0,0.0
마라084922,6526,0,0,0,0.0
마라084927,3602,0,0,0,0.0
마라084928,1412,0,0,0,0.0
마라084929,1660,0,0,0,0.0
마라084930,3114,0,0,0,0.0
마라084931,2364,0,0,0,0.0
마라084932,1985,0,0,0,0.0
마라084933,1995,0,0,0,0.0
마라084934,3461,0,0,0,0.0
마라084935,1733,0,0,0,0.0
마라084936,2550,0,0,0,0.0
마라084937,3215,0,0,0,0.0
마라084938,8922,0,0,0,0.0
마라084989,9863,0,0,0,0.0
마라085842,3690,0,0,0,0.0
마라085843,2069,0,0,0,0.0
마라085844,1271,0,0,0,0.0
마라085845,1629,0,0,0,0.0
마라085846,1640,0,0,0,0.0
마라085847,173,0,0,36,0.0125
마라085848,940,0,0,0,0.0
마라085849,1653,0,0,0,0.0
마라085850,1097,0,0,0,0.0
마라085851,569,0,0,0,0.0
마라085852,254,0,0,0,0.0
마라085853,353,0,0,0,0.0
마라085854,895,0,0,0,0.0
마라085856,2716,0,0,0,0.0
마라085857,4083,0,0,0,0.0
마라085877,4756,0,0,0,0.0
마라085883,201,0,0,0,0.0
마라085884,145,0,0,27,0.009375
마라085885,2601,0,0,0,0.0
마라085886,756,0,0,0,0.0
마라085887,5829,0,0,0,0.0
마라085891,9376,0,0,0,0.0
마라085892,9195,0,0,0,0.0
마라085893,9805,0,0,0,0.0
마라085905,55,0,0,311,0.10798611111111112
마라085908,721,0,0,0,0.0
마라085909,780,0,0,0,0.0
마라085910,1877,0,0,0,0.0
마라085912,8199,0,0,0,0.0
마라085916,328,0,0,0,0.0
마라085917,693,0,0,0,0.0
마라085918,195,0,0,0,0.0
마라085919,194,0,0,0,0.0
마라085920,445,0,0,0,0.0
마라085921,246,0,0,11,0.0038194444444444443
마라085922,77,0,0,0,0.0
마라085923,31,0,0,142,0.049305555555555554
마라085924,823,0,0,0,0.0
마라085926,4590,0,0,0,0.0
마라085927,784,0,0,0,0.0
마라085928,822,0,0,0,0.0
마라085929,5627,0,0,0,0.0
마라085930,1714,0,0,0,0.0
마라085931,1889,0,0,0,0.0
마라085932,3747,0,0,0,0.0
마라085934,1233,0,0,0,0.0
마라085935,1449,0,0,0,0.0
마라085936,1542,0,0,0,0.0
마라085937,3485,0,0,0,0.0
마라085938,10027,0,0,0,0.0
마라085956,9926,0,0,0,0.0
마라085989,9899,0,0,0,0.0
마라086842,1772,0,0,0,0.0
마라086843,661,0,0,0,0.0
마라086844,418,0,0,0,0.0
마라086845,496,0,0,0,0.0
마라086846,165,0,0,37,0.012847222222222222
마라086848,4766,0,0,0,0.0
마라086849,2747,0,0,0,0.0
마라086850,1163,0,0,0,0.0
마라086851,1720,0,0,0,0.0
마라086852,585,0,0,0,0.0
마라086853,776,0,0,0,0.0
마라086856,6733,0,0,0,0.0
마라086857,2093,0,0,0,0.0
마라086858,9077,0,0,0,0.0
마라086880,4580,0,0,0,0.0
마라086884,2830,0,0,0,0.0
마라086885,211,0,0,0,0.0
마라086886,276,0,0,0,0.0
마라086887,3412,0,0,0,0.0
마라086893,9275,0,0,0,0.0
마라086894,9932,0,0,0,0.0
마라086903,9892,0,0,0,0.0
마라086904,2519,0,0,0,0.0
마라086907,72,0,0,0,0.0
마라086909,865,0,0,0,0.0
마라086910,915,0,0,0,0.0
마라086916,312,0,0,0,0.0
마라086917,582,0,0,0,0.0
마라086918,589,0,0,0,0.0
마라086920,1907,0,0,0,0.0
마라086921,192,0,0,13,0.0045138888888888885
마라086922,81,0,0,0,0.0
마라086923,66,0,0,0,0.0
마라086924,38,0,0,132,0.04583333333333333
마라086925,5912,0,0,0,0.0
마라086926,1483,0,0,0,0.0
마라086927,357,0,0,11,0.0038194444444444443
마라086928,672,0,0,0,0.0
마라086929,4307,0,0,0,0.0
마라086930,2527,0,0,0,0.0
마라086931,4114,0,0,0,0.0
마라086932,3572,0,0,0,0.0
마라086933,1991,0,0,0,0.0
마라086934,1100,0,0,0,0.0
마라086935,1554,0,0,0,0.0
마라086936,4138,0,0,0,0.0
마라086980,8984,0,0,0,0.0
마라086981,9378,0,0,0,0.0
마라086992,9410,0,0,0,0.0
마라086997,9504,0,0,0,0.0
마라087842,3230,0,0,0,0.0
마라087843,1137,0,0,0,0.0
마라087844,615,0,0,0,0.0
마라087845,506,0,0,0,0.0
마라087846,395,0,0,0,0.0
마라087847,85,0,0,0,0.0
마라087848,4136,0,0,0,0.0
마라087849,16,1,0,1323,0.459375
마라087850,485,0,0,0,0.0
마라087851,1375,0,0,0,0.0
마라087852,507,0,0,0,0.0
마라087853,851,0,0,0,0.0
마라087854,3789,0,0,0,0.0
마라087856,9803,0,0,0,0.0
마라087857,596,0,0,0,0.0
마라087885,101,0,0,33,0.011458333333333333
마라087886,179,0,0,6,0.0020833333333333333
마라087887,252,0,0,0,0.0
마라087888,9667,0,0,0,0.0
마라087889,10035,0,0,0,0.0
마라087893,10041,0,0,0,0.0
마라087895,9783,0,0,0,0.0
마라087903,10004,0,0,0,0.0
마라087904,269,0,0,0,0.0
마라087908,92,0,0,92,0.03194444444444444
마라087909,45,0,0,41,0.01423611111111111
마라087917,291,0,0,0,0.0
마라087920,197,0,0,0,0.0
마라087921,689,0,0,0,0.0
마라087922,163,0,0,0,0.0
마라087923,108,0,0,0,0.0
마라087924,33,0,0,222,0.07708333333333334
마라087925,1267,0,0,0,0.0
마라087926,825,0,0,0,0.0
마라087927,872,0,0,0,0.0
마라087928,493,0,0,0,0.0
마라087929,1114,0,0,0,0.0
마라087930,1319,0,0,0,0.0
마라087931,1423,0,0,0,0.0
마라087932,993,0,0,0,0.0
마라087933,832,0,0,0,0.0
마라087934,4330,0,0,0,0.0
마라087935,9009,0,0,0,0.0
마라087983,9050,0,0,0,0.0
마라087989,9867,0,0,0,0.0
마라087991,7654,0,0,0,0.0
마라088842,4969,0,0,0,0.0
마라088843,1157,0,0,0,0.0
마라088844,1254,0,0,0,0.0
마라088845,1343,0,0,0,0.0
마라088846,771,0,0,3,0.0010416666666666667
마라088847,2001,0,0,0,0.0
마라088848,2344,0,0,13,0.0045138888888888885
마라088849,146,0,0,0,0.0
마라088850,1397,0,0,0,0.0
마라088851,356,0,0,0,0.0
마라088852,266,0,0,0,0.0
마라088856,4343,0,0,0,0.0
마라088894,10016,0,0,0,0.0
마라088895,9895,0,0,0,0.0
마라088903,3574,0,0,0,0.0
마라088909,102,0,0,0,0.0
마라088910,130,0,0,0,0.0
마라088911,1398,0,0,0,0.0
마라088921,335,0,0,0,0.0
마라088922,141,0,0,0,0.0
마라088923,50,0,0,144,0.05
마라088924,470,0,0,0,0.0
마라088925,855,0,0,0,0.0
마라088926,373,0,0,5,0.001736111111111111
마라088927,722,0,0,0,0.0
마라088928,1054,0,0,0,0.0
마라088929,1083,0,0,0,0.0
마라088930,620,0,0,0,0.0
마라088931,2234,0,0,0,0.0
마라088932,2793,0,0,0,0.0
마라088933,3837,0,0,0,0.0
마라088941,8818,0,0,0,0.0
마라088996,9772,0,0,0,0.0
마라089788,2508,0,0,0,0.0
마라089842,5201,0,0,0,0.0
마라089843,1847,0,0,0,0.0
마라089844,2074,0,0,0,0.0
마라089845,2548,0,0,0,0.0
마라089846,3012,0,0,0,0.0
마라089847,847,0,0,8,0.002777777777777778
마라089848,316,0,0,711,0.246875
마라089849,2959,0,0,0,0.0
마라089850,2805,0,0,0,0.0
마라089851,311,0,0,2,0.0006944444444444445
마라089852,744,0,0,0,0.0
마라089853,358,0,0,0,0.0
마라089854,2331,0,0,0,0.0
마라089855,4990,0,0,0,0.0
마라089856,2428,0,0,0,0.0
마라089857,3798,0,0,0,0.0
마라089859,8898,0,0,0,0.0
마라089885,9659,0,0,0,0.0
마라089894,10051,0,0,0,0.0
마라089897,10047,0,0,0,0.0
마라089901,6948,0,0,0,0.0
마라089902,9808,0,0,0,0.0
마라089908,129,0,0,14,0.004861111111111111
마라089910,1500,0,0,0,0.0
마라089911,547,0,0,0,0.0
마라089912,1604,0,0,0,0.0
마라089915,760,0,0,0,0.0
마라089921,6470,0,0,0,0.0
마라089923,560,0,0,1,0.00034722222222222224
마라089924,629,0,0,1,0.00034722222222222224
마라089925,1155,0,0,0,0.0
마라089926,594,0,0,0,0.0
마라089927,568,0,0,0,0.0
마라089928,527,0,0,0,0.0
마라089929,1600,0,0,0,0.0
마라089930,2698,0,0,0,0.0
마라089931,2681,0,0,0,0.0
마라089932,1329,0,0,0,0.0
마라089933,2055,0,0,0,0.0
마라089940,9589,0,0,0,0.0
마라089941,5091,0,0,0,0.0
마라089943,9691,0,0,0,0.0
마라089944,9965,0,0,0,0.0
마라089985,9734,0,0,0,0.0
마라089986,9530,0,0,0,0.0
마라089991,9760,0,0,0,0.0
마라089998,9717,0,0,0,0.0
마라089999,4296,0,0,0,0.0
마라090790,2430,0,0,0,0.0
마라090791,3721,0,0,0,0.0
마라090835,5331,0,0,0,0.0
마라090842,3467,0,0,0,0.0
마라090843,2178,0,0,0,0.0
마라090844,2641,0,0,0,0.0
마라090845,6139,0,0,0,0.0
마라090846,4731,0,0,0,0.0
마라090847,512,0,0,57,0.019791666666666666
마라090848,1561,0,0,0,0.0
마라090849,989,0,0,0,0.0
마라090850,4952,0,0,0,0.0
마라090852,366,0,0,0,0.0
마라090853,325,0,0,0,0.0
마라090854,1674,0,0,0,0.0
마라090855,2309,0,0,0,0.0
마라090856,1711,0,0,0,0.0
마라090857,1888,0,0,0,0.0
마라090860,7505,0,0,0,0.0
마라090895,9712,0,0,0,0.0
마라090899,10082,0,0,0,0.0
마라090900,10087,0,0,0,0.0
마라090901,4538,0,0,0,0.0
마라090902,186,0,0,0,0.0
마라090907,543,0,0,0,0.0
마라090908,6144,0,0,0,0.0
마라090909,6265,0,0,0,0.0
마라090910,362,0,0,10,0.003472222222222222
마라090911,933,0,0,0,0.0
마라090912,660,0,0,0,0.0
마라090914,723,0,0,0,0.0
마라090915,494,0,0,0,0.0
마라090922,3800,0,0,0,0.0
마라090923,870,0,0,0,0.0
마라090924,388,0,0,1,0.00034722222222222224
마라090925,1073,0,0,0,0.0
마라090926,476,0,0,1,0.00034722222222222224
마라090927,793,0,0,0,0.0
마라090928,1723,0,0,0,0.0
마라090929,4304,0,0,0,0.0
마라090930,3369,0,0,0,0.0
마라090931,1530,0,0,0,0.0
마라090932,1432,0,0,0,0.0
마라090933,2060,0,0,0,0.0
마라090940,10079,0,0,0,0.0
마라090943,9343,0,0,0,0.0
마라090984,9267,0,0,0,0.0
마라090985,6871,0,0,0,0.0
마라090986,5460,0,0,0,0.0
마라090987,7973,0,0,0,0.0
마라090992,9853,0,0,0,0.0
마라090998,9695,0,0,0,0.0
마라090999,4953,0,0,0,0.0
마라091842,3073,0,0,0,0.0
마라091843,2562,0,0,0,0.0
마라091844,7112,0,0,0,0.0
마라091845,2522,0,0,0,0.0
마라091846,2444,0,0,0,0.0
마라091847,1848,0,0,0,0.0
마라091848,1773,0,0,0,0.0
마라091849,3994,0,0,0,0.0
마라091850,1415,0,0,0,0.0
마라091851,1240,0,0,0,0.0
마라091856,9008,0,0,0,0.0
마라091857,7874,0,0,0,0.0
마라091880,4261,0,0,0,0.0
마라091881,4417,0,0,0,0.0
마라091882,9920,0,0,0,0.0
마라091900,4089,0,0,0,0.0
마라091901,836,0,0,0,0.0
마라091906,4158,0,0,0,0.0
마라091907,8059,0,0,0,0.0
마라091908,185,0,0,1,0.00034722222222222224
마라091909,617,0,0,0,0.0
마라091910,755,0,0,0,0.0
마라091911,292,0,0,0,0.0
마라091912,151,0,0,16,0.005555555555555556
마라091913,91,0,0,47,0.016319444444444445
마라091914,275,0,0,0,0.0
마라091915,329,0,0,0,0.0
마라091916,510,0,0,0,0.0
마라091922,4515,0,0,0,0.0
마라091923,821,0,0,0,0.0
마라091924,404,0,0,1,0.00034722222222222224
마라091925,1437,0,0,6,0.0020833333333333333
마라091926,1346,0,0,0,0.0
마라091927,4564,0,0,0,0.0
마라091929,2224,0,0,0,0.0
마라091930,3924,0,0,0,0.0
마라091931,1679,0,0,0,0.0
마라091932,1344,0,0,0,0.0
마라091933,2228,0,0,0,0.0
마라091983,10085,0,0,0,0.0
마라091984,8287,0,0,0,0.0
마라091985,8064,0,0,0,0.0
마라091986,7123,0,0,0,0.0
마라091987,2556,0,0,0,0.0
마라091999,9701,0,0,0,0.0
마라092820,1186,0,0,3,0.0010416666666666667
마라092821,1665,0,0,0,0.0
마라092822,3812,0,0,0,0.0
마라092842,4035,0,0,0,0.0
마라092843,3211,0,0,0,0.0
마라092844,4238,0,0,0,0.0
마라092845,4045,0,0,0,0.0
마라092846,4197,0,0,0,0.0
마라092847,1409,0,0,0,0.0
마라092848,1511,0,0,0,0.0
마라092849,2626,0,0,0,0.0
마라092850,1917,0,0,0,0.0
마라092851,863,0,0,0,0.0
마라092852,411,0,0,0,0.0
마라092853,7069,0,0,0,0.0
마라092854,8050,0,0,0,0.0
마라092855,3276,0,0,0,0.0
마라092856,745,0,0,0,0.0
마라092857,3989,0,0,0,0.0
마라092862,7523,0,0,0,0.0
마라092880,9845,0,0,0,0.0
마라092899,7134,0,0,0,0.0
마라092900,2546,0,0,0,0.0
마라092901,1555,0,0,0,0.0
마라092905,5549,0,0,0,0.0
마라092906,1558,0,0,0,0.0
마라092907,1771,0,0,0,0.0
마라092908,5084,0,0,0,0.0
마라092909,621,0,0,0,0.0
마라092910,457,0,0,0,0.0
마라092911,1048,0,0,0,0.0
마라092912,123,0,0,0,0.0
마라092913,191,0,0,0,0.0
마라092914,158,0,0,0,0.0
마라092922,4881,0,0,0,0.0
마라092923,761,0,0,0,0.0
마라092924,2184,0,0,0,0.0
마라092929,6582,0,0,0,0.0
마라092930,1045,0,0,0,0.0
마라092931,1327,0,0,0,0.0
마라092932,2960,0,0,0,0.0
마라092933,2086,0,0,0,0.0
마라092934,7268,0,0,0,0.0
마라092981,9923,0,0,0,0.0
마라092982,9645,0,0,0,0.0
마라092983,9132,0,0,0,0.0
마라092984,8899,0,0,0,0.0
마라092985,5668,0,0,0,0.0
마라092986,1864,0,0,0,0.0
마라092987,1052,0,0,0,0.0
마라093806,3601,0,0,0,0.0
마라093820,4023,0,0,0,0.0
마라093821,2717,0,0,0,0.0
마라093822,4641,0,0,0,0.0
마라093841,7070,0,0,0,0.0
마라093842,3359,0,0,0,0.0
마라093843,2102,0,0,0,0.0
마라093844,2965,0,0,0,0.0
마라093845,4735,0,0,0,0.0
마라093846,1457,0,0,0,0.0
마라093847,4177,0,0,0,0.0
마라093848,3256,0,0,0,0.0
마라093849,3396,0,0,0,0.0
마라093851,1084,0,0,0,0.0
마라093852,1708,0,0,0,0.0
마라093853,3489,0,0,0,0.0
마라093854,4143,0,0,0,0.0
마라093855,2924,0,0,0,0.0
마라093856,1515,0,0,0,0.0
마라093857,7977,0,0,0,0.0
마라093878,3774,0,0,0,0.0
마라093897,10111,0,0,0,0.0
마라093899,1983,0,0,0,0.0
마라093900,3360,0,0,0,0.0
마라093904,7063,0,0,0,0.0
마라093905,1682,0,0,0,0.0
마라093906,1362,0,0,0,0.0
마라093907,2108,0,0,0,0.0
마라093908,827,0,0,0,0.0
마라093909,2223,0,0,0,0.0
마라093910,128,0,0,14,0.004861111111111111
마라093911,152,0,0,1,0.00034722222222222224
마라093913,170,0,0,0,0.0
마라093914,8025,0,0,0,0.0
마라093915,452,0,0,0,0.0
마라093916,626,0,0,0,0.0
마라093918,9545,0,0,0,0.0
마라093921,6866,0,0,0,0.0
마라093922,5920,0,0,0,0.0
마라093923,3803,0,0,0,0.0
마라093924,2939,0,0,0,0.0
마라093925,1419,0,0,0,0.0
마라093926,2901,0,0,0,0.0
마라093927,7007,0,0,0,0.0
마라093928,3327,0,0,0,0.0
마라093929,1966,0,0,0,0.0
마라093930,1805,0,0,0,0.0
마라093931,1059,0,0,0,0.0
마라093932,1761,0,0,0,0.0
마라093933,1707,0,0,0,0.0
마라093934,3206,0,0,0,0.0
마라093944,9616,0,0,0,0.0
마라093980,10112,0,0,0,0.0
마라093981,9925,0,0,0,0.0
마라093982,6956,0,0,0,0.0
마라093983,6255,0,0,0,0.0
마라093984,5284,0,0,0,0.0
마라093985,5357,0,0,0,0.0
마라093986,2327,0,0,0,0.0
마라093987,737,0,0,0,0.0
마라094805,4987,0,0,0,0.0
마라094806,3451,0,0,0,0.0
마라094807,2177,0,0,0,0.0
마라094808,3179,0,0,0,0.0
마라094821,4782,0,0,0,0.0
마라094822,4967,0,0,0,0.0
마라094834,5120,0,0,0,0.0
마라094835,3115,0,0,0,0.0
마라094836,3131,0,0,0,0.0
마라094837,1108,0,0,0,0.0
마라094838,4807,0,0,0,0.0
마라094839,3083,0,0,0,0.0
마라094840,3896,0,0,0,0.0
마라094841,2962,0,0,0,0.0
마라094842,5304,0,0,0,0.0
마라094843,2835,0,0,0,0.0
마라094844,3490,0,0,0,0.0
마라094845,2575,0,0,0,0.0
마라094846,2383,0,0,0,0.0
마라094847,1621,0,0,0,0.0
마라094848,3081,0,0,0,0.0
마라094849,5254,0,0,0,0.0
마라094850,8741,0,0,0,0.0
마라094851,8399,0,0,0,0.0
마라094852,4164,0,0,0,0.0
마라094853,5630,0,0,0,0.0
마라094854,893,0,0,0,0.0
마라094855,1851,0,0,0,0.0
마라094856,3366,0,0,0,0.0
마라094905,4008,0,0,0,0.0
마라094906,3970,0,0,0,0.0
마라094907,2500,0,0,0,0.0
마라094908,1804,0,0,0,0.0
마라094909,934,0,0,0,0.0
마라094910,180,0,0,0,0.0
마라094911,299,0,0,1,0.00034722222222222224
마라094912,247,0,0,0,0.0
마라094913,155,0,0,0,0.0
마라094914,650,0,0,0,0.0
마라094915,1872,0,0,0,0.0
마라094916,1808,0,0,0,0.0
마라094922,730,0,0,0,0.0
마라094923,1612,0,0,0,0.0
마라094924,3438,0,0,0,0.0
마라094925,1587,0,0,0,0.0
마라094926,1341,0,0,0,0.0
마라094927,3322,0,0,1,0.00034722222222222224
마라094928,2164,0,0,0,0.0
마라094929,2813,0,0,0,0.0
마라094930,2851,0,0,0,0.0
마라094931,2084,0,0,0,0.0
마라094932,3246,0,0,0,0.0
마라094933,2180,0,0,0,0.0
마라094934,2345,0,0,0,0.0
마라094981,9001,0,0,0,0.0
마라094982,7626,0,0,0,0.0
마라094983,8167,0,0,0,0.0
마라094984,7963,0,0,0,0.0
마라094985,7369,0,0,0,0.0
마라094986,10135,0,0,0,0.0
마라095795,3283,0,0,0,0.0
마라095796,4616,0,0,0,0.0
마라095806,2076,0,0,0,0.0
마라095807,279,0,0,288,0.1
마라095808,4016,0,0,0,0.0
마라095821,4205,0,0,0,0.0
마라095822,3673,0,0,0,0.0
마라095829,2886,0,0,0,0.0
마라095830,2134,0,0,0,0.0
마라095831,48,0,0,559,0.19409722222222223
마라095832,28,0,0,315,0.109375
마라095833,46,0,0,0,0.0
마라095834,17,0,0,2,0.0006944444444444445
마라095835,2,1,1,1807,0.6274305555555556
마라095836,12,0,0,0,0.0
마라095837,2460,0,0,0,0.0
마라095838,1131,0,0,0,0.0
마라095839,135,0,0,0,0.0
마라095840,1356,0,0,0,0.0
마라095841,890,0,0,0,0.0
마라095842,797,0,0,1,0.00034722222222222224
마라095843,2281,0,0,0,0.0
마라095844,1853,0,0,0,0.0
마라095845,2983,0,0,0,0.0
마라095846,1309,0,0,0,0.0
마라095847,5815,0,0,0,0.0
마라095848,2587,0,0,0,0.0
마라095849,3940,0,0,0,0.0
마라095850,7782,0,0,0,0.0
마라095851,5159,0,0,0,0.0
마라095852,6006,0,0,0,0.0
마라095853,3988,0,0,0,0.0
마라095854,1029,0,0,0,0.0
마라095855,386,0,0,0,0.0
마라095856,2229,0,0,0,0.0
마라095882,9684,0,0,0,0.0
마라095888,8678,0,0,0,0.0
마라095904,7644,0,0,0,0.0
마라095905,6483,0,0,0,0.0
마라095906,1970,0,0,0,0.0
마라095908,1743,0,0,0,0.0
마라095909,959,0,0,0,0.0
마라095910,409,0,0,0,0.0
마라095911,385,0,0,0,0.0
마라095912,19,0,0,11,0.0038194444444444443
마라095913,584,0,0,0,0.0
마라095914,779,0,0,0,0.0
마라095915,360,0,0,3,0.0010416666666666667
마라095916,958,0,0,0,0.0
마라095921,1120,0,0,0,0.0
마라095922,443,0,0,0,0.0
마라095923,8119,0,0,0,0.0
마라095924,4823,0,0,0,0.0
마라095925,1471,0,0,0,0.0
마라095926,2238,0,0,0,0.0
마라095927,7256,0,0,0,0.0
마라095933,4334,0,0,0,0.0
마라095934,6865,0,0,0,0.0
마라095945,9877,0,0,0,0.0
마라095948,9990,0,0,0,0.0
마라095981,7638,0,0,0,0.0
마라095982,9741,0,0,0,0.0
마라095983,4241,0,0,0,0.0
마라095984,2861,0,0,0,0.0
마라095985,1992,0,0,0,0.0
마라095986,3871,0,0,0,0.0
마라095987,10080,0,0,0,0.0
마라096796,1860,0,0,0,0.0
마라096797,1803,0,0,0,0.0
마라096798,4062,0,0,0,0.0
마라096806,3111,0,0,0,0.0
마라096807,1288,0,0,0,0.0
마라096822,2922,0,0,0,0.0
마라096826,5589,0,0,0,0.0
마라096827,4711,0,0,0,0.0
마라096828,4277,0,0,0,0.0
마라096829,6,1,1,1356,0.4708333333333333
마라096830,3280,0,0,0,0.0
마라096831,536,0,0,0,0.0
마라096832,40,0,0,38,0.013194444444444444
마라096833,29,0,0,0,0.0
마라096834,927,0,0,0,0.0
마라096835,41,0,0,0,0.0
마라096837,1441,0,0,0,0.0
마라096838,1246,0,0,0,0.0
마라096839,1326,0,0,0,0.0
마라096840,1904,0,0,0,0.0
마라096841,2265,0,0,0,0.0
마라096842,875,0,0,0,0.0
마라096843,1103,0,0,0,0.0
마라096844,381,0,0,0,0.0
마라096845,261,0,0,0,0.0
마라096846,611,0,0,0,0.0
마라096847,3136,0,0,0,0.0
마라096848,6721,0,0,0,0.0
마라096850,9369,0,0,0,0.0
마라096851,9613,0,0,0,0.0
마라096852,8562,0,0,0,0.0
마라096853,3173,0,0,0,0.0
마라096854,1080,0,0,0,0.0
마라096855,1129,0,0,0,0.0
마라096858,6632,0,0,0,0.0
마라096882,5587,0,0,0,0.0
마라096904,4949,0,0,0,0.0
마라096905,2090,0,0,0,0.0
마라096906,1789,0,0,0,0.0
마라096908,3031,0,0,0,0.0
마라096909,1164,0,0,0,0.0
마라096910,126,0,0,0,0.0
마라096911,490,0,0,0,0.0
마라096912,9,1,1,697,0.2420138888888889
마라096913,15,0,1,963,0.334375
마라096914,444,0,0,0,0.0
마라096918,8725,0,0,0,0.0
마라096921,954,0,0,0,0.0
마라096922,229,0,0,0,0.0
마라096923,519,0,0,6,0.0020833333333333333
마라096925,6540,0,0,0,0.0
마라096938,9242,0,0,0,0.0
마라096945,9873,0,0,0,0.0
마라096981,8851,0,0,0,0.0
마라096982,2800,0,0,0,0.0
마라096983,2568,0,0,0,0.0
마라096984,3318,0,0,0,0.0
마라096985,4344,0,0,0,0.0
마라096986,5487,0,0,0,0.0
마라097796,2300,0,0,0,0.0
마라097797,3097,0,0,0,0.0
마라097821,1286,0,0,0,0.0
마라097822,2995,0,0,0,0.0
마라097823,2768,0,0,0,0.0
마라097825,5406,0,0,0,0.0
마라097827,3680,0,0,0,0.0
마라097828,724,0,0,0,0.0
마라097829,472,0,0,0,0.0
마라097830,1071,0,0,0,0.0
마라097831,71,0,0,0,0.0
마라097832,53,0,0,0,0.0
마라097833,51,0,0,0,0.0
마라097834,904,0,0,0,0.0
마라097835,336,0,0,0,0.0
마라097836,3008,0,0,0,0.0
마라097837,1361,0,0,0,0.0
마라097838,1446,0,0,0,0.0
마라097839,1194,0,0,0,0.0
마라097840,2230,0,0,0,0.0
마라097841,1372,0,0,0,0.0
마라097842,1571,0,0,0,0.0
마라097843,1670,0,0,0,0.0
마라097844,1486,0,0,0,0.0
마라097845,3006,0,0,0,0.0
마라097846,2328,0,0,0,0.0
마라097847,3384,0,0,0,0.0
마라097848,9218,0,0,0,0.0
마라097850,1894,0,0,0,0.0
마라097851,10060,0,0,0,0.0
마라097852,7096,0,0,0,0.0
마라097853,5032,0,0,0,0.0
마라097854,4997,0,0,0,0.0
마라097882,5686,0,0,0,0.0
마라097883,4981,0,0,0,0.0
마라097891,9879,0,0,0,0.0
마라097893,10012,0,0,0,0.0
마라097905,2414,0,0,0,0.0
마라097906,1152,0,0,3,0.0010416666666666667
마라097908,6659,0,0,0,0.0
마라097909,1196,0,0,0,0.0
마라097910,2707,0,0,0,0.0
마라097911,1556,0,0,0,0.0
마라097914,1010,0,0,0,0.0
마라097915,1012,0,0,0,0.0
마라097916,1617,0,0,0,0.0
마라097917,1911,0,0,0,0.0
마라097918,6828,0,0,0,0.0
마라097919,8232,0,0,0,0.0
마라097921,651,0,0,0,0.0
마라097922,364,0,0,0,0.0
마라097923,432,0,0,48,0.016666666666666666
마라098819,2244,0,0,0,0.0
마라098820,1011,0,0,0,0.0
마라098821,1952,0,0,0,0.0
마라098822,2816,0,0,0,0.0
마라098823,4498,0,0,0,0.0
마라098825,4028,0,0,0,0.0
마라098826,801,0,0,0,0.0
마라098827,1160,0,0,0,0.0
마라098828,765,0,0,0,0.0
마라098829,2386,0,0,0,0.0
마라098830,2515,0,0,0,0.0
마라098831,1075,0,0,0,0.0
마라098832,143,0,0,0,0.0
마라098833,110,0,0,1,0.00034722222222222224
마라098834,1919,0,0,0,0.0
마라098835,468,0,0,0,0.0
마라098836,406,0,0,0,0.0
마라098837,2378,0,0,0,0.0
마라098840,4742,0,0,0,0.0
마라098841,1039,0,0,0,0.0
마라098842,3663,0,0,0,0.0
마라098843,3404,0,0,0,0.0
마라098844,3076,0,0,0,0.0
마라098845,3018,0,0,0,0.0
마라098846,3439,0,0,0,0.0
마라098847,3548,0,0,0,0.0
마라098849,838,0,0,0,0.0
마라098850,2129,0,0,0,0.0
마라098851,4469,0,0,0,0.0
마라098852,7548,0,0,0,0.0
마라098853,5118,0,0,0,0.0
마라098854,7540,0,0,0,0.0
마라098858,7866,0,0,0,0.0
마라098883,5223,0,0,0,0.0
마라098892,9636,0,0,0,0.0
마라098904,939,0,0,0,0.0
마라098905,649,0,0,37,0.012847222222222222
마라098911,8396,0,0,0,0.0
마라098914,754,0,0,0,0.0
마라098915,974,0,0,0,0.0
마라098916,1292,0,0,0,0.0
마라098917,1339,0,0,0,0.0
마라098918,7875,0,0,0,0.0
마라098919,6441,0,0,0,0.0
마라098922,1076,0,0,0,0.0
마라098927,9182,0,0,0,0.0
마라099819,1633,0,0,0,0.0
마라099820,5780,0,0,0,0.0
마라099821,844,0,0,0,0.0
마라099822,804,0,0,0,0.0
마라099823,5077,0,0,0,0.0
마라099824,1317,0,0,0,0.0
마라099825,1452,0,0,0,0.0
마라099826,1209,0,0,0,0.0
마라099827,1444,0,0,0,0.0
마라099829,522,0,0,0,0.0
마라099830,3919,0,0,0,0.0
마라099831,6515,0,0,0,0.0
마라099832,1908,0,0,0,0.0
마라099833,250,0,0,0,0.0
마라099834,3394,0,0,0,0.0
마라099835,3582,0,0,0,0.0
마라099836,1776,0,0,0,0.0
마라099837,4280,0,0,0,0.0
마라099838,4717,0,0,0,0.0
마라099840,5010,0,0,0,0.0
마라099841,3784,0,0,0,0.0
마라099842,6289,0,0,0,0.0
마라099843,5369,0,0,0,0.0
마라099844,762,0,0,0,0.0
마라099845,524,0,0,25,0.008680555555555556
마라099846,1794,0,0,0,0.0
마라099847,880,0,0,0,0.0
마라099848,738,0,0,0,0.0
마라099849,1712,0,0,0,0.0
마라099850,1069,0,0,0,0.0
마라099851,4306,0,0,0,0.0
마라099852,3515,0,0,0,0.0
마라099853,2872,0,0,0,0.0
마라099884,5408,0,0,0,0.0
마라099899,4646,0,0,0,0.0
마라099904,628,0,0,0,0.0
마라099905,664,0,0,0,0.0
마라099907,912,0,0,0,0.0
마라099908,1266,0,0,0,0.0
마라099909,6886,0,0,0,0.0
마라099910,500,0,0,0,0.0
마라099911,1154,0,0,0,0.0
마라099912,807,0,0,0,0.0
마라099913,644,0,0,0,0.0
마라099914,505,0,0,0,0.0
마라099915,1142,0,0,0,0.0
마라099916,685,0,0,1,0.00034722222222222224
마라099917,1348,0,0,0,0.0
마라099918,9886,0,0,0,0.0
마라099919,8700,0,0,0,0.0
마라099921,1184,0,0,0,0.0
마라099922,3520,0,0,0,0.0
마라099923,1096,0,0,0,0.0
마라099935,8743,0,0,0,0.0
마라100816,4278,0,0,0,0.0
마라100819,1416,0,0,0,0.0
마라100820,2908,0,0,0,0.0
마라100821,1205,0,0,0,0.0
마라100822,501,0,0,0,0.0
마라100823,4898,0,0,0,0.0
마라100824,1352,0,0,0,0.0
마라100825,869,0,0,0,0.0
마라100826,1390,0,0,0,0.0
마라100827,1737,0,0,0,0.0
마라100828,9692,0,0,0,0.0
마라100829,2742,0,0,0,0.0
마라100830,6462,0,0,0,0.0
마라100832,1044,0,0,0,0.0
마라100833,339,0,0,0,0.0
마라100834,3138,0,0,0,0.0
마라100835,2421,0,0,0,0.0
마라100836,2058,0,0,0,0.0
마라100837,144,0,0,10,0.003472222222222222
마라100838,5498,0,0,0,0.0
마라100839,4695,0,0,0,0.0
마라100840,1353,0,0,0,0.0
마라100841,280,0,0,0,0.0
마라100842,646,0,0,0,0.0
마라100843,4530,0,0,0,0.0
마라100844,346,0,0,0,0.0
마라100845,121,0,0,1411,0.48993055555555554
마라100846,2161,0,0,0,0.0
마라100847,460,0,0,0,0.0
마라100848,236,0,0,0,0.0
마라100849,4662,0,0,0,0.0
마라100850,1135,0,0,0,0.0
마라100851,1025,0,0,0,0.0
마라100852,3486,0,0,0,0.0
마라100853,4066,0,0,0,0.0
마라100858,7843,0,0,0,0.0
마라100884,5992,0,0,0,0.0
마라100896,2832,0,0,0,0.0
마라100899,8304,0,0,0,0.0
마라100900,5639,0,0,0,0.0
마라100902,529,0,0,0,0.0
마라100903,1180,0,0,0,0.0
마라100904,602,0,0,0,0.0
마라100905,725,0,0,0,0.0
마라100906,154,0,0,4,0.001388888888888889
마라100908,632,0,0,0,0.0
마라100909,1136,0,0,0,0.0
마라100910,1369,0,0,0,0.0
마라100912,587,0,0,0,0.0
마라100913,814,0,0,0,0.0
마라100914,458,0,0,0,0.0
마라100915,680,0,0,13,0.0045138888888888885
마라100916,1725,0,0,0,0.0
마라100917,7950,0,0,0,0.0
마라100918,9166,0,0,0,0.0
마라100919,9038,0,0,0,0.0
마라100920,7797,0,0,0,0.0
마라100921,5682,0,0,0,0.0
마라100922,203,0,0,0,0.0
마라100979,10100,0,0,0,0.0
마라100980,10146,0,0,0,0.0
마라101820,6849,0,0,0,0.0
마라101821,2657,0,0,0,0.0
마라101823,5655,0,0,0,0.0
마라101828,8641,0,0,0,0.0
마라101829,2760,0,0,0,0.0
마라101830,5349,0,0,0,0.0
마라101831,2775,0,0,0,0.0
마라101832,263,0,0,0,0.0
마라101833,104,0,0,2,0.0006944444444444445
마라101834,2003,0,0,16,0.005555555555555556
마라101835,2680,0,0,0,0.0
마라101836,412,0,0,0,0.0
마라101837,7,1,0,663,0.23020833333333332
마라101838,8,0,1,1169,0.4059027777777778
마라101839,5277,0,0,0,0.0
마라101840,3816,0,0,0,0.0
마라101841,504,0,0,0,0.0
마라101842,1592,0,0,0,0.0
마라101843,2396,0,0,0,0.0
마라101844,4536,0,0,0,0.0
마라101845,3228,0,0,0,0.0
마라101846,2337,0,0,0,0.0
마라101847,2848,0,0,0,0.0
마라101848,601,0,0,0,0.0
마라101849,1739,0,0,0,0.0
마라101850,625,0,0,0,0.0
마라101851,2849,0,0,0,0.0
마라101852,2481,0,0,0,0.0
마라101853,4959,0,0,0,0.0
마라101895,3441,0,0,0,0.0
마라101896,2451,0,0,0,0.0
마라101898,5867,0,0,0,0.0
마라101899,4326,0,0,0,0.0
마라101900,4219,0,0,0,0.0
마라101901,9192,0,0,0,0.0
마라101902,492,0,0,0,0.0
마라101903,841,0,0,0,0.0
마라101904,539,0,0,0,0.0
마라101905,675,0,0,0,0.0
마라101906,98,0,0,13,0.0045138888888888885
마라101908,597,0,0,0,0.0
마라101909,2303,0,0,0,0.0
마라101912,537,0,0,0,0.0
마라101913,694,0,0,0,0.0
마라101914,5641,0,0,0,0.0
마라101915,4817,0,0,0,0.0
마라101916,7959,0,0,0,0.0
마라101917,7484,0,0,0,0.0
마라101918,8788,0,0,0,0.0
마라101920,645,0,0,0,0.0
마라101921,2659,0,0,0,0.0
마라101922,4383,0,0,0,0.0
마라101977,9648,0,0,0,0.0
마라101978,10050,0,0,0,0.0
마라102815,5075,0,0,0,0.0
마라102818,3744,0,0,0,0.0
마라102822,734,0,0,0,0.0
마라102823,577,0,0,0,0.0
마라102829,3197,0,0,0,0.0
마라102830,4872,0,0,0,0.0
마라102831,4166,0,0,0,0.0
마라102832,1123,0,0,0,0.0
마라102834,2844,0,0,0,0.0
마라102835,2884,0,0,0,0.0
마라102836,398,0,0,0,0.0
마라102837,35,0,0,0,0.0
마라102838,234,0,0,0,0.0
마라102840,6149,0,0,0,0.0
마라102841,5866,0,0,0,0.0
마라102842,712,0,0,0,0.0
마라102843,1545,0,0,0,0.0
마라102844,5053,0,0,0,0.0
마라102845,885,0,0,0,0.0
마라102846,4922,0,0,0,0.0
마라102847,1407,0,0,0,0.0
마라102848,2013,0,0,0,0.0
마라102849,2841,0,0,0,0.0
마라102850,679,0,0,0,0.0
마라102851,636,0,0,0,0.0
마라102852,5946,0,0,0,0.0
마라102853,8886,0,0,0,0.0
마라102855,9063,0,0,0,0.0
마라102857,8538,0,0,0,0.0
마라102896,2918,0,0,0,0.0
마라102898,7263,0,0,0,0.0
마라102899,6755,0,0,0,0.0
마라102900,6438,0,0,0,0.0
마라102901,7998,0,0,0,0.0
마라102902,1153,0,0,0,0.0
마라102903,1806,0,0,0,0.0
마라102905,867,0,0,0,0.0
마라102906,122,0,0,256,0.08888888888888889
마라102911,8145,0,0,0,0.0
마라102912,5558,0,0,0,0.0
마라102913,4185,0,0,0,0.0
마라102914,4803,0,0,0,0.0
마라102915,4057,0,0,0,0.0
마라102916,5989,0,0,0,0.0
마라102917,8187,0,0,0,0.0
마라102921,1455,0,0,0,0.0
마라103817,4041,0,0,0,0.0
마라103818,3842,0,0,0,0.0
마라103822,1474,0,0,0,0.0
마라103830,184,0,0,0,0.0
마라103831,1628,0,0,0,0.0
마라103833,3233,0,0,0,0.0
마라103845,9792,0,0,0,0.0
마라103846,907,0,0,0,0.0
마라103847,913,0,0,0,0.0
마라103848,2315,0,0,0,0.0
마라103849,8801,0,0,0,0.0
마라103851,5742,0,0,0,0.0
마라103852,7107,0,0,0,0.0
마라103854,7829,0,0,0,0.0
마라103895,6314,0,0,0,0.0
마라103896,2022,0,0,0,0.0
마라103897,2453,0,0,0,0.0
마라103898,2899,0,0,0,0.0
마라103899,2503,0,0,0,0.0
마라103900,2195,0,0,0,0.0
마라103901,5517,0,0,0,0.0
마라103902,1295,0,0,0,0.0
마라103903,429,0,0,0,0.0
마라103904,555,0,0,0,0.0
마라103915,8440,0,0,0,0.0
마라103916,8328,0,0,0,0.0
마라104818,3616,0,0,0,0.0
마라104823,5370,0,0,0,0.0
마라104830,1222,0,0,0,0.0
마라104831,1298,0,0,0,0.0
마라104846,753,0,0,0,0.0
마라104848,475,0,0,0,0.0
마라104851,7191,0,0,0,0.0
마라104852,5522,0,0,0,0.0
마라104853,6097,0,0,0,0.0
마라104897,5571,0,0,0,0.0
마라104898,6344,0,0,0,0.0
마라104899,7179,0,0,0,0.0
마라104900,8739,0,0,0,0.0
마라104904,6899,0,0,0,0.0
마라105818,4263,0,0,0,0.0
마라105823,4940,0,0,0,0.0
마라105824,6707,0,0,0,0.0
마라105830,926,0,0,0,0.0
마라105831,544,0,0,0,0.0
마라105832,4361,0,0,0,0.0
마라105851,6786,0,0,0,0.0
마라105852,5879,0,0,0,0.0
마라105853,4101,0,0,0,0.0
마라105854,7895,0,0,0,0.0
마라105895,5582,0,0,0,0.0
마라105896,1435,0,0,0,0.0
마라105897,2131,0,0,0,0.0
마라105898,1304,0,0,0,0.0
마라105899,1618,0,0,0,0.0
마라105900,1726,0,0,0,0.0
마라105901,238,0,0,0,0.0
마라105902,554,0,0,0,0.0
마라105903,1145,0,0,0,0.0
마라106847,10037,0,0,0,0.0
마라106849,5234,0,0,0,0.0
마라106851,44,0,0,0,0.0
마라106853,614,0,0,0,0.0
마라106854,400,0,0,0,0.0
마라106895,3591,0,0,0,0.0
마라106896,1421,0,0,0,0.0
마라106897,4677,0,0,0,0.0
마라106898,1526,0,0,0,0.0
마라106899,187,0,0,0,0.0
마라106900,160,0,0,5,0.001736111111111111
마라106901,692,0,0,0,0.0
마라106902,2785,0,0,0,0.0
마라107823,4929,0,0,0,0.0
마라107849,5137,0,0,0,0.0
마라107850,178,0,0,0,0.0
마라107851,94,0,0,0,0.0
마라107852,829,0,0,0,0.0
마라107853,973,0,0,0,0.0
마라107887,7610,0,0,0,0.0
마라107894,378,0,0,0,0.0
마라107895,3308,0,0,0,0.0
마라107896,9723,0,0,0,0.0
마라108793,3945,0,0,0,0.0
마라108794,3049,0,0,0,0.0
마라108824,4916,0,0,0,0.0
마라108848,2745,0,0,0,0.0
마라108849,1172,0,0,0,0.0
마라108851,10,1,0,499,0.17326388888888888
마라108852,778,0,0,0,0.0
마라108853,535,0,0,0,0.0
마라108874,3208,0,0,1,0.00034722222222222224
마라108881,4869,0,0,0,0.0
마라108894,1999,0,0,0,0.0
마라108895,286,0,0,4,0.001388888888888889
마라109786,802,0,0,0,0.0
마라109787,2092,0,0,0,0.0
마라109794,7011,0,0,0,0.0
마라109795,4617,0,0,0,0.0
마라109796,1918,0,0,0,0.0
마라109797,8360,0,0,0,0.0
마라109848,2199,0,0,0,0.0
마라109849,718,0,0,0,0.0
마라109851,63,0,0,551,0.19131944444444443
마라109891,2036,0,0,0,0.0
마라109894,431,0,0,1,0.00034722222222222224
마라109895,383,0,0,0,0.0
마라110786,752,0,0,3,0.0010416666666666667
마라110787,1287,0,0,0,0.0
마라110795,11,1,0,242,0.08402777777777778
마라110796,3220,0,0,0,0.0
마라110799,8211,0,0,0,0.0
마라110822,3069,0,0,0,0.0
마라110847,576,0,0,0,0.0
마라110848,2673,0,0,0,0.0
마라110849,1022,0,0,8,0.002777777777777778
마라110893,3571,0,0,0,0.0
마라110894,262,0,0,8,0.002777777777777778
마라111786,1092,0,0,0,0.0
마라111787,1683,0,0,0,0.0
마라111794,4130,0,0,0,0.0
마라111799,8544,0,0,0,0.0
마라111846,1549,0,0,0,0.0
마라111847,322,0,0,0,0.0
마라111848,700,0,0,0,0.0
마라111849,1047,0,0,1,0.00034722222222222224
마라111893,845,0,0,0,0.0
마라112773,3672,0,0,0,0.0
마라112774,3263,0,0,0,0.0
마라112785,3390,0,0,0,0.0
마라112786,1303,0,0,0,0.0
마라112787,2466,0,0,0,0.0
마라112800,8189,0,0,0,0.0
마라112806,4754,0,0,0,0.0
마라112847,297,0,0,15,0.005208333333333333
마라112848,1253,0,0,0,0.0
마라112849,453,0,0,0,0.0
마라112850,999,0,0,0,0.0
마라112851,815,0,0,0,0.0
마라112852,662,0,0,0,0.0
마라113774,4963,0,0,0,0.0
마라113775,2809,0,0,0,0.0
마라113776,1438,0,0,0,0.0
마라113777,3347,0,0,0,0.0
마라113787,2979,0,0,0,0.0
마라113804,4415,0,0,0,0.0
마라113826,3677,0,0,0,0.0
마라113848,1227,0,0,0,0.0
마라113849,437,0,0,0,0.0
마라113851,1366,0,0,0,0.0
마라114776,5021,0,0,0,0.0
마라114777,3400,0,0,0,0.0
마라114826,3758,0,0,0,0.0
마라114850,319,0,0,1,0.00034722222222222224
마라114851,998,0,0,0,0.0
마라115804,4775,0,0,0,0.0
마라115888,4109,0,0,0,0.0
마라115889,4292,0,0,0,0.0
마라116802,4511,0,0,0,0.0
마라116887,4541,0,0,0,0.0
마라116888,5541,0,0,0,0.0
마라116889,3484,0,0,0,0.0
마라117848,5852,0,0,0,0.0
마라117884,4506,0,0,2,0.0006944444444444445
마라117887,5725,0,0,0,0.0
마라118804,6394,0,0,0,0.0
마라118805,6477,0,0,0,0.0
마라118806,6046,0,0,0,0.0
마라118886,4743,0,0,0,0.0
마라118887,5427,0,0,0,0.0
마라119784,2064,0,0,0,0.0
마라119785,3696,0,0,0,0.0
마라119806,5445,0,0,0,0.0
마라119807,5629,0,0,0,0.0
마라119886,3427,0,0,1,0.00034722222222222224
마라119888,5967,0,0,0,0.0
마라120784,1816,0,0,0,0.0
마라120806,6581,0,0,0,0.0
마라120807,2795,0,0,0,0.0
마라120808,4336,0,0,0,0.0
마라121783,2970,0,0,0,0.0
마라121784,1931,0,0,0,0.0
마라121808,5035,0,0,0,0.0
마라122783,4473,0,0,0,0.0
마라122784,4533,0,0,0,0.0
마라123816,6095,0,0,0,0.0
마라124782,6235,0,0,0,0.0
마라124805,8001,0,0,0,0.0
마라124815,6079,0,0,0,0.0
마라125813,6248,0,0,0,0.0
마라125814,4630,0,0,0,0.0
마라125815,4324,0,0,0,0.0
마라125816,4957,0,0,0,0.0
마라126787,4388,0,0,0,0.0
마라126814,4059,0,0,0,0.0
마라126815,6604,0,0,0,0.0
마라126816,5393,0,0,0,0.0
마라127787,4629,0,0,0,0.0
마라127813,4785,0,0,0,0.0
마라128806,6693,0,0,0,0.0
마라128816,5375,0,0,0,0.0
마라128817,4739,0,0,0,0.0
마라129816,3576,0,0,0,0.0
마라129817,4073,0,0,0,0.0
마라129818,5139,0,0,0,0.0
마라131795,1828,0,0,0,0.0
마라131796,4552,0,0,0,0.0
마라131816,4337,0,0,0,0.0
마라132790,9007,0,0,0,0.0
마라132794,6614,0,0,0,0.0
마라132795,2000,0,0,0,0.0
마라132796,3767,0,0,0,0.0
마라133788,7821,0,0,0,0.0
마라133789,7418,0,0,0,0.0
마라133790,9178,0,0,0,0.0
마라133793,7510,0,0,0,0.0
마라133796,4943,0,0,0,0.0
마라134772,6192,0,0,0,0.0
마라134773,5597,0,0,0,0.0
마라134789,5647,0,0,0,0.0
마라134790,6732,0,0,0,0.0
마라134796,6201,0,0,0,0.0
마라134797,6307,0,0,0,0.0
마라135773,3480,0,0,0,0.0
마라135788,8548,0,0,0,0.0
마라135789,8180,0,0,0,0.0
마라135790,5353,0,0,0,0.0
마라135791,9682,0,0,0,0.0
마라135794,7533,0,0,0,0.0
마라135805,8599,0,0,0,0.0
마라135814,5211,0,0,0,0.0
마라136772,2407,0,0,0,0.0
마라136773,1563,0,0,0,0.0
마라136774,4633,0,0,0,0.0
마라136794,7391,0,0,0,0.0
마라136799,4308,0,0,0,0.0
마라136800,4655,0,0,0,0.0
마라136801,4923,0,0,0,0.0
마라136802,4353,0,0,0,0.0
마라136803,4644,0,0,0,0.0
마라136804,2398,0,0,0,0.0
마라136805,6563,0,0,0,0.0
마라136806,8206,0,0,0,0.0
마라136808,8557,0,0,0,0.0
마라136809,8450,0,0,0,0.0
마라136810,6437,0,0,0,0.0
마라137772,4781,0,0,0,0.0
마라137773,2756,0,0,0,0.0
마라137798,5687,0,0,0,0.0
마라137799,5100,0,0,0,0.0
마라137800,4000,0,0,0,0.0
마라137801,3021,0,0,0,0.0
마라137802,3268,0,0,0,0.0
마라137803,3504,0,0,0,0.0
마라137804,4049,0,0,0,0.0
마라137805,4212,0,0,0,0.0
마라137806,817,0,0,0,0.0
마라137807,7837,0,0,0,0.0
마라137808,3062,0,0,0,0.0
마라137809,4846,0,0,0,0.0
마라137810,7472,0,0,0,0.0
마라138799,3291,0,0,0,0.0
마라138800,2226,0,0,0,0.0
마라138801,3620,0,0,0,0.0
마라138802,5843,0,0,0,0.0
마라138803,6331,0,0,0,0.0
마라138805,5520,0,0,0,0.0
마라138806,3792,0,0,0,0.0
마라138807,5870,0,0,0,0.0
마라138808,5861,0,0,0,0.0
마라138813,5144,0,0,0,0.0
마라139797,6458,0,0,0,0.0
마라139799,3505,0,0,0,0.0
마라139800,2897,0,0,0,0.0
마라139801,4360,0,0,0,0.0
마라139802,4332,0,0,0,0.0
마라139803,3540,0,0,0,0.0
마라139804,6961,0,0,0,0.0
마라139805,7311,0,0,0,0.0
마라139806,8210,0,0,0,0.0
마라140793,235,0,0,0,0.0
마라140794,1422,0,0,0,0.0
마라140795,1718,0,0,0,0.0
마라140797,2326,0,0,10,0.003472222222222222
마라140800,5733,0,0,0,0.0
마라140801,6778,0,0,0,0.0
마라140802,7889,0,0,0,0.0
마라140803,7971,0,0,0,0.0
마라140804,7683,0,0,0,0.0
마라141793,2890,0,0,0,0.0
마라141794,3261,0,0,0,0.0
마라141795,4653,0,0,0,0.0
마라141800,5798,0,0,0,0.0
마라141801,5996,0,0,0,0.0
마라142793,2944,0,0,0,0.0
마라142794,2152,0,0,0,0.0
마라142795,3482,0,0,0,0.0
마라142801,7681,0,0,0,0.0
마라142802,5980,0,0,0,0.0
마라143796,1296,0,0,0,0.0
마라143797,1810,0,0,0,0.0
마라143798,1690,0,0,0,0.0
마라143802,6538,0,0,0,0.0
마라143807,7820,0,0,0,0.0
마라144792,7110,0,0,0,0.0
마라144796,2138,0,0,0,0.0
마라144797,1250,0,0,0,0.0
마라144798,592,0,0,0,0.0
마라144801,9498,0,0,0,0.0
마라144803,7982,0,0,0,0.0
마라144806,8701,0,0,0,0.0
마라144807,8653,0,0,0,0.0
마라145793,3367,0,0,0,0.0
마라145794,2807,0,0,0,0.0
마라145795,120,0,0,5,0.001736111111111111
마라145796,4315,0,0,0,0.0
마라145797,2940,0,0,0,0.0
마라145798,9395,0,0,0,0.0
마라146793,2635,0,0,0,0.0
마라146794,2496,0,0,0,0.0
마라146795,1316,0,0,0,0.0
마라146796,1374,0,0,0,0.0
마라146797,4356,0,0,0,0.0
마라147793,800,0,0,0,0.0
마라147794,2997,0,0,0,0.0
마라147795,786,0,0,0,0.0
마라147796,2625,0,0,0,0.0
마라147797,9223,0,0,0,0.0
마라147807,7738,0,0,0,0.0
마라148795,7404,0,0,0,0.0
마라148796,6052,0,0,0,0.0
마라148807,5738,0,0,0,0.0
마라149795,7994,0,0,0,0.0
마라149796,8402,0,0,0,0.0
마라149807,6558,0,0,0,0.0
마라150791,6444,0,0,0,0.0
마라150792,5497,0,0,0,0.0
마라151790,4982,0,0,0,0.0
마라151791,3169,0,0,0,0.0
마라153807,4839,0,0,0,0.0
마라154806,4535,0,0,0,0.0
마라154807,6626,0,0,0,0.0
마라154808,7725,0,0,0,0.0
마라155807,5168,0,0,0,0.0
마라156803,7488,0,0,0,0.0
마라157805,5773,0,0,0,0.0
마라160807,4753,0,0,0,0.0
마라160817,7710,0,0,0,0.0
마라161800,6551,0,0,0,0.0
마라161803,2473,0,0,0,0.0
마라161807,4669,0,0,0,0.0
마라161809,3874,0,0,2,0.0006944444444444445
마라161817,6612,0,0,0,0.0
마라161818,8021,0,0,0,0.0
마라161823,9820,0,0,0,0.0
마라162802,8426,0,0,0,0.0
마라162803,8274,0,0,0,0.0
마라162804,7567,0,0,0,0.0
마라162807,5595,0,0,0,0.0
마라162810,2942,0,0,0,0.0
마라162811,9607,0,0,0,0.0
마라162820,7215,0,0,0,0.0
마라162821,4928,0,0,0,0.0
마라162822,7631,0,0,0,0.0
마라162823,9332,0,0,0,0.0
마라162824,9998,0,0,0,0.0
마라162826,9753,0,0,0,0.0
마라163802,7182,0,0,0,0.0
마라163803,8148,0,0,0,0.0
마라163808,4612,0,0,0,0.0
마라163809,4962,0,0,0,0.0
마라163810,2446,0,0,0,0.0
마라163811,9919,0,0,0,0.0
마라163818,6389,0,0,0,0.0
마라163819,7947,0,0,0,0.0
마라163820,4915,0,0,0,0.0
마라163821,5350,0,0,0,0.0
마라163822,6712,0,0,0,0.0
마라163823,9687,0,0,0,0.0
마라163824,9765,0,0,0,0.0
마라163829,8236,0,0,0,0.0
마라163831,8024,0,0,0,0.0
마라163834,6838,0,0,0,0.0
마라163835,5164,0,0,0,0.0
마라163837,5072,0,0,0,0.0
마라164810,9623,0,0,0,0.0
마라164812,9939,0,0,0,0.0
마라164818,8303,0,0,0,0.0
마라164819,6326,0,0,0,0.0
마라164820,3207,0,0,0,0.0
마라164821,9663,0,0,0,0.0
마라164831,5802,0,0,0,0.0
마라164832,5209,0,0,0,0.0
마라164833,4024,0,0,0,0.0
마라164834,2675,0,0,0,0.0
마라164835,6978,0,0,0,0.0
마라164837,5831,0,0,0,0.0
마라164838,5185,0,0,0,0.0
마라165794,4380,0,0,0,0.0
마라165803,7452,0,0,0,0.0
마라165807,4998,0,0,0,0.0
마라165811,3414,0,0,0,0.0
마라165812,1443,0,0,0,0.0
마라165820,1533,0,0,0,0.0
마라165834,6083,0,0,0,0.0
마라165835,6847,0,0,0,0.0
마라165837,6135,0,0,0,0.0
마라166804,6352,0,0,0,0.0
마라166805,5804,0,0,0,0.0
마라166806,5485,0,0,0,0.0
마라166809,5705,0,0,0,0.0
마라166810,7239,0,0,0,0.0
마라166811,1151,0,0,0,0.0
마라166812,1225,0,0,0,0.0
마라166819,7580,0,0,0,0.0
마라166835,6701,0,0,0,0.0
마라167804,5716,0,0,0,0.0
마라167805,5017,0,0,0,0.0
마라167806,2472,0,0,11,0.0038194444444444443
마라167807,5626,0,0,0,0.0
마라167812,2394,0,0,0,0.0
마라167813,5844,0,0,0,0.0
마라167819,9797,0,0,0,0.0
마라167820,8783,0,0,0,0.0
마라167834,7881,0,0,0,0.0
마라167835,8253,0,0,0,0.0
마라168804,3092,0,0,0,0.0
마라168805,3336,0,0,0,0.0
마라168806,6780,0,0,0,0.0
마라168808,6725,0,0,0,0.0
마라168811,10022,0,0,0,0.0
마라168814,9615,0,0,0,0.0
마라168817,8038,0,0,0,0.0
마라168818,8438,0,0,0,0.0
마라168819,8162,0,0,0,0.0
마라168820,9831,0,0,0,0.0
마라168821,1540,0,0,0,0.0
마라168822,8384,0,0,0,0.0
마라168827,7943,0,0,0,0.0
마라169805,7997,0,0,0,0.0
마라169808,7052,0,0,0,0.0
마라169812,9618,0,0,0,0.0
마라169813,9506,0,0,0,0.0
마라169814,9640,0,0,0,0.0
마라169817,1610,0,0,0,0.0
마라169818,1738,0,0,0,0.0
마라169819,5622,0,0,0,0.0
마라169820,6837,0,0,0,0.0
마라169821,2123,0,0,0,0.0
마라169822,5324,0,0,0,0.0
마라169823,3814,0,0,0,0.0
마라169825,9110,0,0,0,0.0
마라169826,8714,0,0,0,0.0
마라169827,7241,0,0,0,0.0
마라169828,7012,0,0,0,0.0
마라170806,9005,0,0,0,0.0
마라170807,8718,0,0,0,0.0
마라170808,6556,0,0,0,0.0
마라170809,10046,0,0,0,0.0
마라170810,9956,0,0,0,0.0
마라170812,9511,0,0,0,0.0
마라170813,9059,0,0,0,0.0
마라170814,9534,0,0,0,0.0
마라170817,2006,0,0,0,0.0
마라170818,4440,0,0,0,0.0
마라170819,7853,0,0,0,0.0
마라170821,8108,0,0,0,0.0
마라170822,3408,0,0,0,0.0
마라170823,3259,0,0,0,0.0
마라170827,7696,0,0,0,0.0
마라170828,6935,0,0,0,0.0
마라170829,8060,0,0,0,0.0
마라170831,7685,0,0,0,0.0
마라171807,8405,0,0,0,0.0
마라171808,7601,0,0,0,0.0
마라171810,9856,0,0,0,0.0
마라171812,9562,0,0,0,0.0
마라171813,8931,0,0,0,0.0
마라171817,7770,0,0,0,0.0
마라171818,7176,0,0,0,0.0
마라171819,9174,0,0,0,0.0
마라171820,10013,0,0,0,0.0
마라171831,7270,0,0,0,0.0
마라172776,4879,0,0,0,0.0
마라172807,9989,0,0,0,0.0
마라172814,9284,0,0,0,0.0
마라172817,9053,0,0,0,0.0
마라172818,9214,0,0,0,0.0
마라173779,3931,0,0,0,0.0
마라173808,8911,0,0,0,0.0
마라173809,8966,0,0,0,0.0
마라173810,8699,0,0,0,0.0
마라173811,9537,0,0,0,0.0
마라173814,8663,0,0,0,0.0
마라173815,8956,0,0,0,0.0
마라173816,1077,0,0,0,0.0
마라173817,7887,0,0,0,0.0
마라174779,4451,0,0,0,0.0
마라174781,3960,0,0,0,0.0
마라174808,8639,0,0,0,0.0
마라174812,8543,0,0,0,0.0
마라174814,8817,0,0,0,0.0
마라174815,3711,0,0,0,0.0
마라174816,5178,0,0,0,0.0
마라174817,7719,0,0,0,0.0
마라174818,8667,0,0,0,0.0
마라175780,3221,0,0,0,0.0
마라175781,3737,0,0,0,0.0
마라175782,3143,0,0,0,0.0
마라175797,6035,0,0,0,0.0
마라175810,6513,0,0,0,0.0
마라175811,8954,0,0,0,0.0
마라175813,2488,0,0,0,0.0
마라175814,8602,0,0,0,0.0
마라175816,5746,0,0,0,0.0
마라175817,7246,0,0,0,0.0
마라175818,8771,0,0,0,0.0
마라175819,7025,0,0,0,0.0
마라175821,8841,0,0,0,0.0
마라176782,4110,0,0,0,0.0
마라176784,5013,0,0,0,0.0
마라176795,4628,0,0,0,0.0
마라176802,6319,0,0,0,0.0
마라176804,5660,0,0,0,0.0
마라176808,9500,0,0,0,0.0
마라176809,8417,0,0,0,0.0
마라176812,209,0,0,0,0.0
마라176813,106,0,0,1,0.00034722222222222224
마라176817,6127,0,0,0,0.0
마라176820,6704,0,0,0,0.0
마라176821,8299,0,0,0,0.0
마라177792,5467,0,0,0,0.0
마라177793,2201,0,0,0,0.0
마라177794,1729,0,0,0,0.0
마라177795,7605,0,0,0,0.0
마라177796,6981,0,0,0,0.0
마라177806,6810,0,0,0,0.0
마라177807,6113,0,0,0,0.0
마라177808,3811,0,0,0,0.0
마라177809,1536,0,0,0,0.0
마라177810,8948,0,0,0,0.0
마라177811,447,0,0,0,0.0
마라177812,3997,0,0,0,0.0
마라177813,4778,0,0,0,0.0
마라177820,6022,0,0,0,0.0
마라178783,7353,0,0,0,0.0
마라178794,6506,0,0,0,0.0
마라178795,7904,0,0,0,0.0
마라178796,8518,0,0,0,0.0
마라178808,3495,0,0,0,0.0
마라178809,5600,0,0,0,0.0
마라178821,5808,0,0,0,0.0
마라179794,6584,0,0,0,0.0
마라179795,7008,0,0,0,0.0
마라180782,6620,0,0,0,0.0
마라180794,7504,0,0,0,0.0
마라180795,6623,0,0,0,0.0
마라180796,8722,0,0,0,0.0
마라180805,7991,0,0,0,0.0
마라180806,9296,0,0,0,0.0
마라180808,5461,0,0,0,0.0
마라181781,6795,0,0,0,0.0
마라181782,3496,0,0,0,0.0
마라181783,7328,0,0,0,0.0
마라181793,8706,0,0,0,0.0
마라181805,9580,0,0,0,0.0
마라181806,9564,0,0,0,0.0
마라181808,8444,0,0,0,0.0
마라182781,2042,0,0,0,0.0
마라182782,2469,0,0,0,0.0
마라182804,8674,0,0,0,0.0
마라182805,9318,0,0,0,0.0
마라183780,7556,0,0,0,0.0
마라183781,3101,0,0,0,0.0
마라183782,4022,0,0,0,0.0
마라183791,8649,0,0,0,0.0
마라184782,5477,0,0,0,0.0
마라184783,5612,0,0,0,0.0
마라184791,6882,0,0,0,0.0
마라184792,9952,0,0,0,0.0
마라185782,8799,0,0,0,0.0
마라185783,7171,0,0,0,0.0
마라185791,4249,0,0,0,0.0
마라185792,5377,0,0,0,0.0
마라186775,1798,0,0,0,0.0
마라186776,4674,0,0,0,0.0
마라186777,1801,0,0,0,0.0
마라186778,2269,0,0,0,0.0
마라186779,10127,0,0,0,0.0
마라186790,7882,0,0,0,0.0
마라186791,8764,0,0,0,0.0
마라186792,6592,0,0,0,0.0
마라186816,4403,0,0,0,0.0
마라186817,5023,0,0,0,0.0
마라187775,3899,0,0,0,0.0
마라187776,5109,0,0,0,0.0
마라187777,1493,0,0,0,0.0
마라187779,3244,0,0,0,0.0
마라187786,3423,0,0,0,0.0
마라187789,8793,0,0,0,0.0
마라187790,4741,0,0,0,0.0
마라187791,6222,0,0,0,0.0
마라187792,7766,0,0,0,0.0
마라187804,9256,0,0,0,0.0
마라188775,2511,0,0,0,0.0
마라188776,3471,0,0,0,0.0
마라188777,2101,0,0,0,0.0
마라188778,4199,0,0,0,0.0
마라188779,6353,0,0,0,0.0
마라188786,9022,0,0,0,0.0
마라188787,5128,0,0,0,0.0
마라188788,6905,0,0,0,0.0
마라188789,7712,0,0,0,0.0
마라188790,5495,0,0,0,0.0
마라188791,5057,0,0,0,0.0
마라188792,3683,0,0,0,0.0
마라188793,4058,0,0,0,0.0
마라188794,3349,0,0,0,0.0
마라188795,1656,0,0,0,0.0
마라188796,1099,0,0,0,0.0
마라188797,2771,0,0,0,0.0
마라188804,6359,0,0,0,0.0
마라188815,6068,0,0,0,0.0
마라189776,3648,0,0,0,0.0
마라189778,966,0,0,0,0.0
마라189779,4772,0,0,0,0.0
마라189780,8951,0,0,0,0.0
마라189787,6070,0,0,0,0.0
마라189788,8463,0,0,0,0.0
마라189789,5153,0,0,0,0.0
마라189790,6375,0,0,0,0.0
마라189791,4422,0,0,0,0.0
마라189792,4408,0,0,0,0.0
마라189793,1821,0,0,0,0.0
마라189794,2061,0,0,0,0.0
마라189795,579,0,0,0,0.0
마라189796,2218,0,0,0,0.0
마라189797,5760,0,0,0,0.0
마라189798,3137,0,0,0,0.0
마라189802,7960,0,0,0,0.0
마라189803,7209,0,0,0,0.0
마라190775,3242,0,0,0,0.0
마라190776,4489,0,0,0,0.0
마라190780,9833,0,0,0,0.0
마라190787,10156,0,0,0,0.0
마라190788,5914,0,0,0,0.0
마라190789,9725,0,0,0,0.0
마라190790,9460,0,0,0,0.0
마라190791,8317,0,0,0,0.0
마라190792,4794,0,0,0,0.0
마라190793,1575,0,0,0,0.0
마라190795,2881,0,0,0,0.0
마라190796,3120,0,0,0,0.0
마라190797,2828,0,0,0,0.0
마라190798,1923,0,0,0,0.0
마라190799,2215,0,0,0,0.0
마라190802,7469,0,0,0,0.0
마라190819,5065,0,0,0,0.0
마라191782,9475,0,0,0,0.0
마라191788,10078,0,0,0,0.0
마라191789,9994,0,0,0,0.0
마라191790,10175,0,0,0,0.0
마라191791,4902,0,0,0,0.0
마라191792,3805,0,0,0,0.0
마라191793,4328,0,0,0,0.0
마라191794,1320,0,0,0,0.0
마라191795,1161,0,0,0,0.0
마라191796,2857,0,0,0,0.0
마라191797,3536,0,0,0,0.0
마라191798,2486,0,0,0,0.0
마라191819,3993,0,0,0,0.0
마라192776,2729,0,0,0,0.0
마라192777,6798,0,0,0,0.0
마라192778,4139,0,0,0,0.0
마라192779,9858,0,0,0,0.0
마라192789,10169,0,0,0,0.0
마라192790,9800,0,0,0,0.0
마라192791,4123,0,0,0,0.0
마라192792,8208,0,0,0,0.0
마라192793,6044,0,0,0,0.0
마라192794,4003,0,0,0,0.0
마라192795,3481,0,0,0,0.0
마라192796,3381,0,0,0,0.0
마라193776,2415,0,0,0,0.0
마라193777,5194,0,0,0,0.0
마라193778,4920,0,0,0,0.0
마라193784,10064,0,0,0,0.0
마라193791,4757,0,0,0,0.0
마라193792,5439,0,0,0,0.0
마라193793,4860,0,0,0,0.0
마라193794,3762,0,0,0,0.0
마라193795,2948,0,0,0,0.0
마라193796,9000,0,0,0,0.0
마라194776,7493,0,0,0,0.0
마라194791,8268,0,0,0,0.0
마라194792,8329,0,0,0,0.0
마라194793,4857,0,0,0,0.0
마라194794,8843,0,0,0,0.0
마라194795,10007,0,0,0,0.0
마라194796,9884,0,0,0,0.0
마라195776,3335,0,0,0,0.0
마라195777,8609,0,0,0,0.0
마라195778,5388,0,0,0,0.0
마라195779,4310,0,0,0,0.0
마라195781,10179,0,0,0,0.0
마라195792,7870,0,0,0,0.0
마라195793,9032,0,0,0,0.0
마라195794,8259,0,0,0,0.0
마라195795,8989,0,0,0,0.0
마라195796,9883,0,0,0,0.0
마라195821,5442,0,0,5,0.001736111111111111
마라196777,8563,0,0,0,0.0
마라196778,5215,0,0,0,0.0
마라196779,5265,0,0,0,0.0
마라196781,10153,0,0,0,0.0
마라196789,10077,0,0,0,0.0
마라196790,9139,0,0,0,0.0
마라196791,8588,0,0,0,0.0
마라196793,6301,0,0,0,0.0
마라196794,7231,0,0,0,0.0
마라196795,7062,0,0,0,0.0
마라196796,9418,0,0,0,0.0
마라197778,9957,0,0,0,0.0
마라197779,3647,0,0,0,0.0
마라197781,10057,0,0,0,0.0
마라197788,10083,0,0,0,0.0
마라197789,8062,0,0,0,0.0
마라197790,8302,0,0,0,0.0
마라197791,3889,0,0,0,0.0
마라197792,8686,0,0,0,0.0
마라197793,5845,0,0,0,0.0
마라197794,8158,0,0,0,0.0
마라197795,6396,0,0,0,0.0
마라197796,9074,0,0,0,0.0
마라198779,1973,0,0,0,0.0
마라198788,6643,0,0,0,0.0
마라198789,5282,0,0,0,0.0
마라198790,7873,0,0,0,0.0
마라198791,6224,0,0,0,0.0
마라198792,3553,0,0,0,0.0
마라198793,4599,0,0,0,0.0
마라198794,7596,0,0,0,0.0
마라198795,6549,0,0,0,0.0
마라199779,1388,0,0,0,0.0
마라199780,1436,0,0,0,0.0
마라199788,4824,0,0,0,0.0
마라199789,5783,0,0,0,0.0
마라199790,5594,0,0,0,0.0
마라199791,1964,0,0,0,0.0
마라199792,6041,0,0,0,0.0
마라199793,5617,0,0,0,0.0
마라199794,6677,0,0,0,0.0
마라199795,4721,0,0,0,0.0
마라200776,10186,0,0,0,0.0
마라200779,1332,0,0,0,0.0
마라200780,1766,0,0,0,0.0
마라200784,8831,0,0,0,0.0
마라200785,9424,0,0,0,0.0
마라200787,9175,0,0,0,0.0
마라200788,7267,0,0,0,0.0
마라200789,6342,0,0,0,0.0
마라200790,5322,0,0,0,0.0
마라200792,5492,0,0,0,0.0
마라200793,5752,0,0,0,0.0
마라200794,7382,0,0,0,0.0
마라200795,4841,0,0,0,0.0
마라201779,1109,0,0,0,0.0
마라201780,1115,0,0,0,0.0
마라201782,7161,0,0,0,0.0
마라201783,9033,0,0,0,0.0
마라201784,5033,0,0,0,0.0
마라201785,2600,0,0,0,0.0
마라201786,2426,0,0,0,0.0
마라201787,4210,0,0,0,0.0
마라201788,9928,0,0,0,0.0
마라201789,6960,0,0,0,0.0
마라201790,6211,0,0,0,0.0
마라201792,5800,0,0,0,0.0
마라201793,8513,0,0,0,0.0
마라201794,7227,0,0,0,0.0
마라202780,3598,0,0,0,0.0
마라202783,5964,0,0,0,0.0
마라202784,3709,0,0,0,0.0
마라202785,1519,0,0,0,0.0
마라202786,3898,0,0,0,0.0
마라202787,5937,0,0,0,0.0
마라202788,3951,0,0,0,0.0
마라202789,8498,0,0,0,0.0
마라202790,5839,0,0,0,0.0
마라202791,8031,0,0,0,0.0
마라202792,8977,0,0,0,0.0
마라202793,7396,0,0,0,0.0
마라202794,7716,0,0,0,0.0
마라203785,6996,0,0,0,0.0
마라203786,5935,0,0,0,0.0
마라203787,6212,0,0,0,0.0
마라203788,8121,0,0,0,0.0
마라203789,9365,0,0,0,0.0
마라203790,5899,0,0,0,0.0
마라203791,5919,0,0,0,0.0
마라203792,4661,0,0,0,0.0
마라204791,7463,0,0,0,0.0
마라204792,7030,0,0,0,0.0
마라205791,9358,0,0,0,0.0
마라207794,5893,0,0,0,0.0
마라207795,5479,0,0,0,0.0
마라207796,7247,0,0,0,0.0
마라208795,5420,0,0,0,0.0
마라208796,4434,0,0,0,0.0
마라210810,4645,0,0,0,0.0
마라211810,3834,0,0,0,0.0
마라212814,5548,0,0,0,0.0
마라213794,6147,0,0,0,0.0
마라213809,3579,0,0,0,0.0
마라213814,6391,0,0,0,0.0
마라213815,7713,0,0,0,0.0
마라215805,6919,0,0,0,0.0
마라215814,4944,0,0,0,0.0
마라216805,3306,0,0,0,0.0
마라216807,3102,0,0,0,0.0
마라216808,2353,0,0,0,0.0
마라216809,3214,0,0,0,0.0
마라216810,5455,0,0,0,0.0
마라216812,4798,0,0,0,0.0
마라216813,3702,0,0,0,0.0
마라216814,5875,0,0,0,0.0
마라217803,4193,0,0,0,0.0
마라217804,3470,0,0,0,0.0
마라217805,2947,0,0,0,0.0
마라217806,4708,0,0,0,0.0
마라217807,3654,0,0,0,0.0
마라217808,3671,0,0,0,0.0
마라217809,2993,0,0,0,0.0
마라217810,2285,0,0,0,0.0
마라218796,4519,0,0,0,0.0
마라218803,4355,0,0,0,0.0
마라218805,3538,0,0,0,0.0
마라218807,3150,0,0,0,0.0
마라218809,3238,0,0,0,0.0
마라219797,3077,0,0,0,0.0
마라219798,3745,0,0,0,0.0
마라219803,3867,0,0,0,0.0
마라219804,1487,0,0,0,0.0
마라219805,5151,0,0,0,0.0
마라220799,3595,0,0,0,0.0
마라220804,2737,0,0,0,0.0
마라220805,5078,0,0,0,0.0
마라221798,2694,0,0,0,0.0
마라221802,4565,0,0,0,0.0
마라222800,3558,0,0,0,0.0
마마000000,4585,0,0,0,0.0
마마000014,2247,0,0,0,0.0
마마000018,8719,0,0,0,0.0
마마000019,5665,0,0,0,0.0
마마000020,8695,0,0,0,0.0
마마000021,8615,0,0,0,0.0
마마000026,3565,0,0,0,0.0
마마000027,1231,0,0,0,0.0
마마000030,4980,0,0,0,0.0
마마000033,7817,0,0,0,0.0
마마000034,8385,0,0,0,0.0
마마000035,9447,0,0,0,0.0
마마000043,7331,0,0,0,0.0
마마000044,8422,0,0,0,0.0
마마000054,7592,0,0,0,0.0
마마000079,6724,0,0,0,0.0
마마000081,5806,0,0,0,0.0
마마000083,6110,0,0,0,0.0
마마000084,5018,0,0,0,0.0
마마000106,8596,0,0,0,0.0
마마000107,7004,0,0,0,0.0
마마000108,5753,0,0,0,0.0
마마001010,9464,0,0,0,0.0
마마001013,8288,0,0,0,0.0
마마001016,9433,0,0,0,0.0
마마001020,8267,0,0,0,0.0
마마001021,8393,0,0,0,0.0
마마001022,3154,0,0,0,0.0
마마001023,9454,0,0,0,0.0
마마001027,3868,0,0,0,0.0
마마001032,9632,0,0,0,0.0
마마001033,8970,0,0,0,0.0
마마001034,6941,0,0,0,0.0
마마001035,9487,0,0,0,0.0
마마001042,5524,0,0,0,0.0
마마001043,7318,0,0,0,0.0
마마001057,9300,0,0,0,0.0
마마001061,9593,0,0,0,0.0
마마001062,9840,0,0,0,0.0
마마001063,9961,0,0,0,0.0
마마001065,9649,0,0,0,0.0
마마001074,9064,0,0,0,0.0
마마001075,8554,0,0,0,0.0
마마001083,6650,0,0,0,0.0
마마001106,6691,0,0,0,0.0
마마002009,9954,0,0,0,0.0
마마002010,9419,0,0,0,0.0
마마002011,8757,0,0,0,0.0
마마002012,8738,0,0,0,0.0
마마002021,8662,0,0,0,0.0
마마002022,7985,0,0,0,0.0
마마002030,8042,0,0,0,0.0
마마002031,7366,0,0,0,0.0
마마002032,8512,0,0,0,0.0
마마002033,9079,0,0,0,0.0
마마002034,9662,0,0,0,0.0
마마002035,9286,0,0,0,0.0
마마002040,7350,0,0,0,0.0
마마002041,7181,0,0,0,0.0
마마002042,7900,0,0,0,0.0
마마002057,9173,0,0,0,0.0
마마002058,9298,0,0,0,0.0
마마002059,8748,0,0,0,0.0
마마002061,9726,0,0,0,0.0
마마002063,8603,0,0,0,0.0
마마002064,10033,0,0,0,0.0
마마002065,9809,0,0,0,0.0
마마002075,8491,0,0,0,0.0
마마002079,6466,0,0,0,0.0
마마002082,6401,0,0,0,0.0
마마002083,5983,0,0,0,0.0
마마002084,7551,0,0,0,0.0
마마002085,5768,0,0,0,0.0
마마002086,6713,0,0,0,0.0
마마003006,8854,0,0,0,0.0
마마003008,9125,0,0,0,0.0
마마003009,9802,0,0,0,0.0
마마003010,9643,0,0,0,0.0
마마003011,7842,0,0,0,0.0
마마003012,7529,0,0,0,0.0
마마003013,8184,0,0,0,0.0
마마003023,8950,0,0,0,0.0
마마003024,8152,0,0,0,0.0
마마003043,8917,0,0,0,0.0
마마003051,6767,0,0,0,0.0
마마003058,9399,0,0,0,0.0
마마003062,7361,0,0,0,0.0
마마003063,9273,0,0,0,0.0
마마003064,9162,0,0,0,0.0
마마003065,10116,0,0,0,0.0
마마003074,9835,0,0,0,0.0
마마003083,8375,0,0,0,0.0
마마003084,6434,0,0,0,0.0
마마003085,6126,0,0,0,0.0
마마003086,6628,0,0,0,0.0
마마003087,8346,0,0,0,0.0
마마004011,9573,0,0,0,0.0
마마004012,9694,0,0,0,0.0
마마004024,8574,0,0,0,0.0
마마004034,9089,0,0,0,0.0
마마004041,8454,0,0,0,0.0
마마004043,7512,0,0,0,0.0
마마004044,9438,0,0,0,0.0
마마004053,8082,0,0,0,0.0
마마004060,2533,0,0,0,0.0
마마004061,3004,0,0,0,0.0
마마004062,9755,0,0,0,0.0
마마004063,8845,0,0,0,0.0
마마004064,9780,0,0,0,0.0
마마004084,7672,0,0,0,0.0
마마004085,4863,0,0,0,0.0
마마004086,7931,0,0,0,0.0
마마004088,8784,0,0,0,0.0
마마005005,7490,0,0,0,0.0
마마005009,9302,0,0,0,0.0
마마005010,9749,0,0,0,0.0
마마005030,8251,0,0,0,0.0
마마005043,7800,0,0,0,0.0
마마005044,8632,0,0,0,0.0
마마005045,9857,0,0,0,0.0
마마005063,7332,0,0,0,0.0
마마005064,3373,0,0,0,0.0
마마005065,9610,0,0,0,0.0
마마005073,9737,0,0,0,0.0
마마005074,9922,0,0,0,0.0
마마005085,7972,0,0,0,0.0
마마005088,9602,0,0,0,0.0
마마006009,9303,0,0,0,0.0
마마006061,9997,0,0,0,0.0
마마006062,9587,0,0,0,0.0
마마006063,6175,0,0,0,0.0
마마006064,9665,0,0,0,0.0
마마006065,1573,0,0,3,0.0010416666666666667
마마006066,8941,0,0,0,0.0
마마006067,9986,0,0,0,0.0
마마006068,10103,0,0,0,0.0
마마006071,9931,0,0,0,0.0
마마006072,9812,0,0,0,0.0
마마006074,9875,0,0,0,0.0
마마006079,8516,0,0,0,0.0
마마007004,7177,0,0,0,0.0
마마007013,5421,0,0,0,0.0
마마007014,6094,0,0,0,0.0
마마007053,8238,0,0,0,0.0
마마007062,1856,0,0,0,0.0
마마007063,9156,0,0,0,0.0
마마007064,5512,0,0,0,0.0
마마007065,9742,0,0,0,0.0
마마007066,8486,0,0,0,0.0
마마007067,5863,0,0,0,0.0
마마007068,9625,0,0,0,0.0
마마007070,9216,0,0,0,0.0
마마007071,9416,0,0,0,0.0
마마007072,9389,0,0,0,0.0
마마007075,10034,0,0,0,0.0
마마007091,8109,0,0,0,0.0
마마008003,6306,0,0,0,0.0
마마008008,7918,0,0,0,0.0
마마008009,7307,0,0,0,0.0
마마008013,5690,0,0,0,0.0
마마008014,6983,0,0,0,0.0
마마008031,5902,0,0,0,0.0
마마008041,7711,0,0,0,0.0
마마008061,9785,0,0,0,0.0
마마008062,2306,0,0,0,0.0
마마008063,1576,0,0,0,0.0
마마008066,9525,0,0,0,0.0
마마008069,9988,0,0,0,0.0
마마008070,9688,0,0,0,0.0
마마009042,7064,0,0,0,0.0
마마009062,9666,0,0,0,0.0
마마009068,9078,0,0,0,0.0
마마009072,10123,0,0,0,0.0
마마009091,7743,0,0,0,0.0
마마009093,8650,0,0,0,0.0
마마010003,6689,0,0,0,0.0
마마010043,6206,0,0,0,0.0
마마010068,9330,0,0,0,0.0
마마010069,8874,0,0,0,0.0
마마010070,9784,0,0,0,0.0
마마010071,9791,0,0,0,0.0
마마010072,10097,0,0,0,0.0
마마010091,6873,0,0,0,0.0
마마010093,8773,0,0,0,0.0
마마011071,8933,0,0,0,0.0
마마011072,4321,0,0,0,0.0
마마011073,8432,0,0,0,0.0
마마011091,8526,0,0,0,0.0
마마012031,9039,0,0,0,0.0
마마012047,8495,0,0,0,0.0
마마012073,8587,0,0,0,0.0
마마012074,10092,0,0,0,0.0
마마012089,9930,0,0,0,0.0
마마012090,9710,0,0,0,0.0
마마012091,7687,0,0,0,0.0
마마013002,7825,0,0,0,0.0
마마013028,3403,0,0,0,0.0
마마013030,6158,0,0,0,0.0
마마013074,9824,0,0,0,0.0
마마013075,10084,0,0,0,0.0
마마014002,6703,0,0,0,0.0
마마014004,6061,0,0,0,0.0
마마014007,6159,0,0,0,0.0
마마014013,8430,0,0,0,0.0
마마014027,4042,0,0,0,0.0
마마014028,4790,0,0,0,0.0
마마014029,5330,0,0,0,0.0
마마014031,4833,0,0,0,0.0
마마014042,8589,0,0,0,0.0
마마014074,8421,0,0,0,0.0
마마014075,9390,0,0,0,0.0
마마014076,9947,0,0,0,0.0
마마014077,9453,0,0,0,0.0
마마015022,6953,0,0,0,0.0
마마015023,7494,0,0,0,0.0
마마015027,3627,0,0,0,0.0
마마015028,5684,0,0,0,0.0
마마015033,6608,0,0,0,0.0
마마015058,8013,0,0,0,0.0
마마015075,8386,0,0,0,0.0
마마015076,5654,0,0,0,0.0
마마015077,9598,0,0,0,0.0
마마016023,7699,0,0,0,0.0
마마016033,5653,0,0,0,0.0
마마016034,3913,0,0,0,0.0
마마016035,7061,0,0,0,0.0
마마016057,8770,0,0,0,0.0
마마016074,8416,0,0,0,0.0
마마016076,7961,0,0,0,0.0
마마016077,9135,0,0,0,0.0
마마016078,8537,0,0,0,0.0
마마017024,8527,0,0,0,0.0
마마017034,5149,0,0,0,0.0
마마017035,2820,0,0,0,0.0
마마017058,9440,0,0,0,0.0
마마017060,9510,0,0,0,0.0
마마017078,9012,0,0,0,0.0
마마017079,9212,0,0,0,0.0
마마018028,8087,0,0,0,0.0
마마018035,5642,0,0,0,0.0
마마018036,6685,0,0,0,0.0
마마018058,9442,0,0,0,0.0
마마019008,6888,0,0,0,0.0
마마019017,8920,0,0,0,0.0
마마019018,9933,0,0,0,0.0
마마019034,6537,0,0,0,0.0
마마019057,8903,0,0,0,0.0
마마019058,9305,0,0,0,0.0
마마019077,6924,0,0,0,0.0
마마019081,7358,0,0,0,0.0
마마020003,7080,0,0,0,0.0
마마020016,7584,0,0,0,0.0
마마020017,8079,0,0,0,0.0
마마020018,8765,0,0,0,0.0
마마020019,9821,0,0,0,0.0
마마020055,9123,0,0,0,0.0
마마020056,5610,0,0,0,0.0
마마020057,9639,0,0,0,0.0
마마020058,10101,0,0,0,0.0
마마020079,7693,0,0,0,0.0
마마020080,7545,0,0,0,0.0
마마020081,4017,0,0,0,0.0
마마020082,5938,0,0,0,0.0
마마021003,4659,0,0,0,0.0
마마021012,8465,0,0,0,0.0
마마021013,7812,0,0,0,0.0
마마021016,8897,0,0,0,0.0
마마021019,9490,0,0,0,0.0
마마021034,5434,0,0,0,0.0
마마021035,5135,0,0,0,0.0
마마021052,8896,0,0,0,0.0
마마021054,7952,0,0,0,0.0
마마021055,7348,0,0,0,0.0
마마021056,8284,0,0,0,0.0
마마021061,8861,0,0,0,0.0
마마021081,7896,0,0,0,0.0
마마021082,7091,0,0,0,0.0
마마021083,7024,0,0,0,0.0
마마021084,9006,0,0,0,0.0
마마021085,9964,0,0,0,0.0
마마022012,8820,0,0,0,0.0
마마022013,6407,0,0,0,0.0
마마022014,8408,0,0,0,0.0
마마022033,3023,0,0,0,0.0
마마022034,3733,0,0,0,0.0
마마022035,5659,0,0,0,0.0
마마022061,8652,0,0,0,0.0
마마022062,8165,0,0,0,0.0
마마022083,8080,0,0,0,0.0
마마022084,7619,0,0,0,0.0
마마022085,8610,0,0,0,0.0
마마022086,8681,0,0,0,0.0
마마022087,8671,0,0,0,0.0
마마023013,7528,0,0,0,0.0
마마023015,8177,0,0,0,0.0
마마023016,6199,0,0,0,0.0
마마023033,2413,0,0,0,0.0
마마023034,3043,0,0,0,0.0
마마023035,4303,0,0,0,0.0
마마023052,7363,0,0,0,0.0
마마023061,8882,0,0,0,0.0
마마023062,5823,0,0,0,0.0
마마023063,6972,0,0,0,0.0
마마023084,8507,0,0,0,0.0
마마023085,7949,0,0,0,0.0
마마023087,7757,0,0,0,0.0
마마024015,6402,0,0,0,0.0
마마024016,6874,0,0,0,0.0
마마024032,5769,0,0,0,0.0
마마024033,5499,0,0,0,0.0
마마024034,4692,0,0,0,0.0
마마024035,6078,0,0,0,0.0
마마024036,6709,0,0,0,0.0
마마024040,5886,0,0,0,0.0
마마024064,6572,0,0,0,0.0
마마024084,8164,0,0,0,0.0
마마025015,5409,0,0,0,0.0
마마025016,6673,0,0,0,0.0
마마025022,7643,0,0,0,0.0
마마025064,8343,0,0,0,0.0
마마026025,6988,0,0,0,0.0
마마026050,7618,0,0,0,0.0
마마026068,6251,0,0,0,0.0
마마027004,6912,0,0,0,0.0
마마027005,6570,0,0,0,0.0
마마027014,4475,0,0,0,0.0
마마027015,6410,0,0,0,0.0
마마027068,7539,0,0,0,0.0
마마028005,4971,0,0,0,0.0
마마028006,6663,0,0,0,0.0
마마028014,6362,0,0,0,0.0
마마028015,7003,0,0,0,0.0
마마028036,4305,0,0,0,0.0
마마028078,7014,0,0,0,0.0
마마029005,6049,0,0,0,0.0
마마029006,6415,0,0,0,0.0
마마029008,7665,0,0,0,0.0
마마029011,6765,0,0,0,0.0
마마029016,6145,0,0,0,0.0
마마029039,6448,0,0,0,0.0
마마029069,7204,0,0,0,0.0
마마029078,6346,0,0,0,0.0
마마030007,7359,0,0,0,0.0
마마030015,6318,0,0,0,0.0
마마030017,6698,0,0,0,0.0
마마030032,6453,0,0,0,0.0
마마030078,6893,0,0,0,0.0
마마030079,8057,0,0,0,0.0
마마031020,6260,0,0,0,0.0
마마031031,5847,0,0,0,0.0
마마031038,3817,0,0,0,0.0
마마031039,4157,0,0,0,0.0
마마031067,8625,0,0,0,0.0
마마031078,7445,0,0,0,0.0
마마031079,8646,0,0,0,0.0
마마031081,6737,0,0,0,0.0
마마031082,7327,0,0,0,0.0
마마032031,4338,0,0,0,0.0
마마032033,5790,0,0,0,0.0
마마032066,8312,0,0,0,0.0
마마032067,6568,0,0,0,0.0
마마032068,5269,0,0,0,0.0
마마033028,4448,0,0,0,0.0
마마033030,4713,0,0,0,0.0
마마033032,3596,0,0,0,0.0
마마033033,3866,0,0,0,0.0
마마033034,5488,0,0,0,0.0
마마033060,8628,0,0,0,0.0
마마033065,7765,0,0,0,0.0
마마033085,7659,0,0,0,0.0
마마034031,3992,0,0,0,0.0
마마034032,2714,0,0,0,0.0
마마034033,1609,0,0,0,0.0
마마034034,3729,0,0,0,0.0
마마034067,8089,0,0,0,0.0
마마035016,5876,0,0,0,0.0
마마035019,4013,0,0,0,0.0
마마035020,3637,0,0,0,0.0
마마035033,3743,0,0,0,0.0
마마035058,7565,0,0,0,0.0
마마035062,7163,0,0,0,0.0
마마035063,6357,0,0,0,0.0
마마035064,5939,0,0,0,0.0
마마035065,6504,0,0,0,0.0
마마035066,6461,0,0,0,0.0
마마035067,8256,0,0,0,0.0
마마035074,8927,0,0,0,0.0
마마036004,6065,0,0,0,0.0
마마036019,5788,0,0,0,0.0
마마036020,5313,0,0,0,0.0
마마036058,5041,0,0,0,0.0
마마036059,6296,0,0,0,0.0
마마036062,6990,0,0,0,0.0
마마036063,8406,0,0,0,0.0
마마036064,6764,0,0,0,0.0
마마036065,7085,0,0,0,0.0
마마036066,6519,0,0,0,0.0
마마036083,9122,0,0,0,0.0
마마036088,6902,0,0,0,0.0
마마037005,7549,0,0,0,0.0
마마037054,5256,0,0,0,0.0
마마037062,8104,0,0,0,0.0
마마037088,6214,0,0,0,0.0
마마037089,6976,0,0,0,0.0
마마038031,4401,0,0,0,0.0
마마038084,6870,0,0,0,0.0
마마039030,5107,0,0,0,0.0
마마039075,9361,0,0,0,0.0
마마039076,9248,0,0,0,0.0
마마039077,9798,0,0,0,0.0
마마040005,7915,0,0,0,0.0
마마040013,8555,0,0,0,0.0
마마040031,6237,0,0,0,0.0
마마040074,9366,0,0,0,0.0
마마040075,9207,0,0,0,0.0
마마040076,9565,0,0,0,0.0
마마040077,9927,0,0,0,0.0
마마040080,9055,0,0,0,0.0
마마040087,6854,0,0,0,0.0
마마040088,6080,0,0,0,0.0
마마041010,7184,0,0,0,0.0
마마041083,6920,0,0,0,0.0
마마041084,6039,0,0,0,0.0
마마041085,5540,0,0,0,0.0
마마041086,6291,0,0,0,0.0
마마042010,8638,0,0,0,0.0
마마042011,9160,0,0,0,0.0
마마042025,8568,0,0,0,0.0
마마042078,9517,0,0,0,0.0
마마042081,8037,0,0,0,0.0
마마042082,8313,0,0,0,0.0
마마042083,6417,0,0,0,0.0
마마042084,6855,0,0,0,0.0
마마042085,8696,0,0,0,0.0
마마042087,7834,0,0,0,0.0
마마042088,7308,0,0,0,0.0
마마043009,8730,0,0,0,0.0
마마043010,8015,0,0,0,0.0
마마043011,7289,0,0,0,0.0
마마043012,7986,0,0,0,0.0
마마043081,7938,0,0,0,0.0
마마043082,8993,0,0,0,0.0
마마044009,9819,0,0,0,0.0
마마044010,9422,0,0,0,0.0
마마044011,9761,0,0,0,0.0
마마044020,7233,0,0,0,0.0
마마044079,6962,0,0,0,0.0
마마044081,8785,0,0,0,0.0
마마045011,9836,0,0,0,0.0
마마045019,6731,0,0,0,0.0
마마045020,7718,0,0,0,0.0
마마045021,9168,0,0,0,0.0
마마045054,6358,0,0,0,0.0
마마045059,7147,0,0,0,0.0
마마045060,5472,0,0,0,0.0
마마045075,9782,0,0,0,0.0
마마045076,8488,0,0,0,0.0
마마045078,8624,0,0,0,0.0
마마045080,7466,0,0,0,0.0
마마045084,9164,0,0,0,0.0
마마045086,6371,0,0,0,0.0
마마045087,5821,0,0,0,0.0
마마045088,6198,0,0,0,0.0
마마046044,5177,0,0,0,0.0
마마046058,7400,0,0,0,0.0
마마046059,5399,0,0,0,0.0
마마046060,7748,0,0,0,0.0
마마046072,9452,0,0,0,0.0
마마046073,9165,0,0,0,0.0
마마046075,6492,0,0,0,0.0
마마046077,8500,0,0,0,0.0
마마046086,6219,0,0,0,0.0
마마047020,9634,0,0,0,0.0
마마047043,4882,0,0,0,0.0
마마047045,5991,0,0,0,0.0
마마047053,7590,0,0,0,0.0
마마047054,7127,0,0,0,0.0
마마047055,5436,0,0,0,0.0
마마047056,6476,0,0,0,0.0
마마047058,5782,0,0,0,0.0
마마047060,8669,0,0,0,0.0
마마047067,8161,0,0,0,0.0
마마047068,9484,0,0,0,0.0
마마047071,10032,0,0,0,0.0
마마047072,8524,0,0,0,0.0
마마047073,9439,0,0,0,0.0
마마047074,10009,0,0,0,0.0
마마047075,9462,0,0,0,0.0
마마047088,4624,0,0,0,0.0
마마048016,7841,0,0,0,0.0
마마048017,9426,0,0,0,0.0
마마048019,8231,0,0,0,0.0
마마048020,8111,0,0,0,0.0
마마048021,9321,0,0,0,0.0
마마048022,9975,0,0,0,0.0
마마048046,4965,0,0,0,0.0
마마048047,4956,0,0,0,0.0
마마048056,6132,0,0,0,0.0
마마048057,3512,0,0,0,0.0
마마048058,5616,0,0,0,0.0
마마048060,8138,0,0,0,0.0
마마048061,7482,0,0,0,0.0
마마048067,7742,0,0,0,0.0
마마048068,9311,0,0,0,0.0
마마048069,9862,0,0,0,0.0
마마048071,9650,0,0,0,0.0
마마048072,10089,0,0,0,0.0
마마048075,8479,0,0,0,0.0
마마048076,9024,0,0,0,0.0
마마048078,6010,0,0,0,0.0
마마048079,4611,0,0,0,0.0
마마049010,9062,0,0,0,0.0
마마049012,7859,0,0,0,0.0
마마049018,7962,0,0,0,0.0
마마049019,8573,0,0,0,0.0
마마049022,9872,0,0,0,0.0
마마049023,9069,0,0,0,0.0
마마049039,8431,0,0,0,0.0
마마049054,5751,0,0,0,0.0
마마049056,5305,0,0,0,0.0
마마049057,5332,0,0,0,0.0
마마049060,6229,0,0,0,0.0
마마049061,7754,0,0,0,0.0
마마049066,8462,0,0,0,0.0
마마049067,8595,0,0,0,0.0
마마049071,9154,0,0,0,0.0
마마049072,8811,0,0,0,0.0
마마049087,5376,0,0,0,0.0
마마050012,6178,0,0,0,0.0
마마050013,7416,0,0,0,0.0
마마050014,8746,0,0,0,0.0
마마050016,7795,0,0,0,0.0
마마050021,9113,0,0,0,0.0
마마050022,8265,0,0,0,0.0
마마050023,7462,0,0,0,0.0
마마050024,9115,0,0,0,0.0
마마050031,8740,0,0,0,0.0
마마050034,8660,0,0,0,0.0
마마050052,7489,0,0,0,0.0
마마050065,7925,0,0,0,0.0
마마050066,7902,0,0,0,0.0
마마050067,7891,0,0,0,0.0
마마050068,9327,0,0,0,0.0
마마051013,7547,0,0,0,0.0
마마051020,9098,0,0,0,0.0
마마051021,8086,0,0,0,0.0
마마051022,9582,0,0,0,0.0
마마051023,9187,0,0,0,0.0
마마051025,9003,0,0,0,0.0
마마051026,9514,0,0,0,0.0
마마051027,9236,0,0,0,0.0
마마051028,9099,0,0,0,0.0
마마051060,6560,0,0,0,0.0
마마051061,7032,0,0,0,0.0
마마051062,7420,0,0,0,0.0
마마051066,6280,0,0,0,0.0
마마051067,7809,0,0,0,0.0
마마052023,9459,0,0,0,0.0
마마052024,9838,0,0,0,0.0
마마052026,9704,0,0,0,0.0
마마052027,8546,0,0,0,0.0
마마052028,9067,0,0,0,0.0
마마052030,7639,0,0,0,0.0
마마052031,8307,0,0,0,0.0
마마052036,7083,0,0,0,0.0
마마052057,6525,0,0,0,0.0
마마052058,7255,0,0,0,0.0
마마052067,5859,0,0,0,0.0
마마052084,7216,0,0,0,0.0
마마053006,7966,0,0,0,0.0
마마053007,8776,0,0,0,0.0
마마053009,7917,0,0,0,0.0
마마053011,7485,0,0,0,0.0
마마053024,9421,0,0,0,0.0
마마053025,9554,0,0,0,0.0
마마053026,9489,0,0,0,0.0
마마053027,9347,0,0,0,0.0
마마053028,8418,0,0,0,0.0
마마053030,6421,0,0,0,0.0
마마053031,8098,0,0,0,0.0
마마053033,8878,0,0,0,0.0
마마053035,6794,0,0,0,0.0
마마053046,6657,0,0,0,0.0
마마053057,7335,0,0,0,0.0
마마053058,6903,0,0,0,0.0
마마053059,7115,0,0,0,0.0
마마053060,6507,0,0,0,0.0
마마053079,8962,0,0,0,0.0
마마053080,8813,0,0,0,0.0
마마054004,8019,0,0,0,0.0
마마054008,6813,0,0,0,0.0
마마054009,7178,0,0,0,0.0
마마054010,7574,0,0,0,0.0
마마054011,7183,0,0,0,0.0
마마054026,9539,0,0,0,0.0
마마054027,9456,0,0,0,0.0
마마054028,8928,0,0,0,0.0
마마054029,6836,0,0,0,0.0
마마054030,4719,0,0,0,0.0
마마054031,4729,0,0,0,0.0
마마054032,8958,0,0,0,0.0
마마054033,8631,0,0,0,0.0
마마054036,8978,0,0,0,0.0
마마054061,7388,0,0,0,0.0
마마054069,5027,0,0,0,0.0
마마054079,8195,0,0,0,0.0
마마054080,7497,0,0,0,0.0
마마054081,8022,0,0,0,0.0
마마054087,8835,0,0,0,0.0
마마054088,7001,0,0,0,0.0
마마054089,6571,0,0,0,0.0
마마055007,6432,0,0,0,0.0
마마055008,7095,0,0,0,0.0
마마055009,6491,0,0,0,0.0
마마055010,8350,0,0,0,0.0
마마055014,7337,0,0,0,0.0
마마055028,9181,0,0,0,0.0
마마055029,7058,0,0,0,0.0
마마055030,5926,0,0,0,0.0
마마055031,6142,0,0,0,0.0
마마055036,8664,0,0,0,0.0
마마055047,7148,0,0,0,0.0
마마055061,6275,0,0,0,0.0
마마055080,8372,0,0,0,0.0
마마055087,7060,0,0,0,0.0
마마056007,6792,0,0,0,0.0
마마056008,6676,0,0,0,0.0
마마056010,7702,0,0,0,0.0
마마056011,7763,0,0,0,0.0
마마056013,7684,0,0,0,0.0
마마056031,6430,0,0,0,0.0
마마056032,8455,0,0,0,0.0
마마056035,9159,0,0,0,0.0
마마056036,7933,0,0,0,0.0
마마056037,9328,0,0,0,0.0
마마056042,8453,0,0,0,0.0
마마056051,8553,0,0,0,0.0
마마056059,8006,0,0,0,0.0
마마056060,6911,0,0,0,0.0
마마056061,4886,0,0,0,0.0
마마057011,5624,0,0,0,0.0
마마057036,8952,0,0,0,0.0
마마057037,9432,0,0,0,0.0
마마057049,8539,0,0,0,0.0
마마057050,7602,0,0,0,0.0
마마057051,7967,0,0,0,0.0
마마057060,7197,0,0,0,0.0
마마057061,3943,0,0,0,0.0
마마057068,6864,0,0,0,0.0
마마057071,5796,0,0,0,0.0
마마057077,7858,0,0,0,0.0
마마057084,9043,0,0,0,0.0
마마058026,7136,0,0,0,0.0
마마058030,8193,0,0,0,0.0
마마058032,6603,0,0,0,0.0
마마058033,8073,0,0,0,0.0
마마058036,9599,0,0,0,0.0
마마058037,9762,0,0,0,0.0
마마058039,9914,0,0,0,0.0
마마058041,9387,0,0,0,0.0
마마058045,9244,0,0,0,0.0
마마058049,8325,0,0,0,0.0
마마058059,9405,0,0,0,0.0
마마058061,5825,0,0,0,0.0
마마058085,6741,0,0,0,0.0
마마058087,7705,0,0,0,0.0
마마059010,8214,0,0,0,0.0
마마059012,7349,0,0,0,0.0
마마059030,7041,0,0,0,0.0
마마059035,9138,0,0,0,0.0
마마059036,8651,0,0,0,0.0
마마059037,8833,0,0,0,0.0
마마059039,9597,0,0,0,0.0
마마059045,8309,0,0,0,0.0
마마059046,8446,0,0,0,0.0
마마059047,8866,0,0,0,0.0
마마059048,8342,0,0,0,0.0
마마059049,8348,0,0,0,0.0
마마059054,8093,0,0,0,0.0
마마059058,9094,0,0,0,0.0
마마059066,7450,0,0,0,0.0
마마059069,6405,0,0,0,0.0
마마059073,3142,0,0,0,0.0
마마059076,8176,0,0,0,0.0
마마059080,9285,0,0,0,0.0
마마059084,7689,0,0,0,0.0
마마059086,7849,0,0,0,0.0
마마060031,8576,0,0,0,0.0
마마060036,9706,0,0,0,0.0
마마060037,8971,0,0,0,0.0
마마060038,9707,0,0,0,0.0
마마060042,8344,0,0,0,0.0
마마060043,9400,0,0,0,0.0
마마060046,7612,0,0,0,0.0
마마060047,8616,0,0,0,0.0
마마060048,8228,0,0,0,0.0
마마060049,8411,0,0,0,0.0
마마060056,8255,0,0,0,0.0
마마060058,7313,0,0,0,0.0
마마060059,6746,0,0,0,0.0
마마060070,6399,0,0,0,0.0
마마060071,4946,0,0,0,0.0
마마060072,5344,0,0,0,0.0
마마060076,6977,0,0,0,0.0
마마060078,9151,0,0,0,0.0
마마060083,8583,0,0,0,0.0
마마060084,8012,0,0,0,0.0
마마061011,7753,0,0,0,0.0
마마061012,6848,0,0,0,0.0
마마061013,8822,0,0,0,0.0
마마061017,7053,0,0,0,0.0
마마061038,8758,0,0,0,0.0
마마061042,9243,0,0,0,0.0
마마061046,9429,0,0,0,0.0
마마061049,8749,0,0,0,0.0
마마061058,8429,0,0,0,0.0
마마061059,7976,0,0,0,0.0
마마061060,7624,0,0,0,0.0
마마061068,8281,0,0,0,0.0
마마061071,6305,0,0,0,0.0
마마061072,7640,0,0,0,0.0
마마061076,8945,0,0,0,0.0
마마061078,5292,0,0,0,0.0
마마061079,8209,0,0,0,0.0
마마062010,7855,0,0,0,0.0
마마062042,8404,0,0,0,0.0
마마062047,9066,0,0,0,0.0
마마062056,9435,0,0,0,0.0
마마062065,5134,0,0,0,0.0
마마062071,5948,0,0,0,0.0
마마062078,7783,0,0,0,0.0
마마063005,8677,0,0,0,0.0
마마063006,8413,0,0,0,0.0
마마063008,7965,0,0,0,0.0
마마063010,7830,0,0,0,0.0
마마063012,7611,0,0,0,0.0
마마063015,7326,0,0,0,0.0
마마063034,8806,0,0,0,0.0
마마063036,7569,0,0,0,0.0
마마063071,7073,0,0,0,0.0
마마063072,7932,0,0,0,0.0
마마064005,9437,0,0,0,0.0
마마064006,6783,0,0,0,0.0
마마064007,8464,0,0,0,0.0
마마064008,8990,0,0,0,0.0
마마064014,7089,0,0,0,0.0
마마064015,7798,0,0,0,0.0
마마064016,7234,0,0,0,0.0
마마064045,9693,0,0,0,0.0
마마064068,8484,0,0,0,0.0
마마064070,8503,0,0,0,0.0
마마064084,7236,0,0,0,0.0
마마064085,5426,0,0,0,0.0
마마064086,5740,0,0,0,0.0
마마065003,9415,0,0,0,0.0
마마065006,9339,0,0,0,0.0
마마065007,8377,0,0,0,0.0
마마065008,8974,0,0,0,0.0
마마065014,7920,0,0,0,0.0
마마065015,8381,0,0,0,0.0
마마065016,8889,0,0,0,0.0
마마065019,9250,0,0,0,0.0
마마065069,8712,0,0,0,0.0
마마065084,8802,0,0,0,0.0
마마065085,7237,0,0,0,0.0
마마065086,8095,0,0,0,0.0
마마066005,8708,0,0,0,0.0
마마066006,7957,0,0,0,0.0
마마066007,5993,0,0,0,0.0
마마066008,8623,0,0,0,0.0
마마066009,8633,0,0,0,0.0
마마066012,7632,0,0,0,0.0
마마066014,9335,0,0,0,0.0
마마066015,9028,0,0,0,0.0
마마066019,9131,0,0,0,0.0
마마066046,9145,0,0,0,0.0
마마066069,7813,0,0,0,0.0
마마066070,10005,0,0,0,0.0
마마066073,9984,0,0,0,0.0
마마066083,8754,0,0,0,0.0
마마066085,8895,0,0,0,0.0
마마066086,9398,0,0,0,0.0
마마066087,9238,0,0,0,0.0
마마067000,9516,0,0,0,0.0
마마067003,9995,0,0,0,0.0
마마067004,6768,0,0,0,0.0
마마067005,8485,0,0,0,0.0
마마067007,8277,0,0,0,0.0
마마067010,8241,0,0,0,0.0
마마067011,8116,0,0,0,0.0
마마067015,7688,0,0,0,0.0
마마067016,7397,0,0,0,0.0
마마067018,9915,0,0,0,0.0
마마067044,9941,0,0,0,0.0
마마067045,9888,0,0,0,0.0
마마067051,9859,0,0,0,0.0
마마067068,8604,0,0,0,0.0
마마067069,7379,0,0,0,0.0
마마067070,9962,0,0,0,0.0
마마067085,9595,0,0,0,0.0
마마067087,9973,0,0,0,0.0
마마068002,9674,0,0,0,0.0
마마068003,9977,0,0,0,0.0
마마068004,7862,0,0,0,0.0
마마068005,8151,0,0,0,0.0
마마068006,8655,0,0,0,0.0
마마068008,8489,0,0,0,0.0
마마068012,8529,0,0,0,0.0
마마068013,8703,0,0,0,0.0
마마068016,8672,0,0,0,0.0
마마068017,9611,0,0,0,0.0
마마068018,9966,0,0,0,0.0
마마068040,4522,0,0,0,0.0
마마068041,6696,0,0,0,0.0
마마068044,9152,0,0,0,0.0
마마068045,9436,0,0,0,0.0
마마068046,7916,0,0,0,0.0
마마068047,9196,0,0,0,0.0
마마068051,9374,0,0,0,0.0
마마068052,7615,0,0,0,0.0
마마068068,9373,0,0,0,0.0
마마068069,7516,0,0,0,0.0
마마068070,9401,0,0,0,0.0
마마068074,9277,0,0,0,0.0
마마068075,8347,0,0,0,0.0
마마068085,9978,0,0,0,0.0
마마069001,7309,0,0,0,0.0
마마069002,6292,0,0,0,0.0
마마069003,6007,0,0,0,0.0
마마069004,6901,0,0,0,0.0
마마069012,6625,0,0,0,0.0
마마069013,7269,0,0,0,0.0
마마069016,9313,0,0,0,0.0
마마069017,9708,0,0,0,0.0
마마069045,9206,0,0,0,0.0
마마069046,7425,0,0,0,0.0
마마069052,7138,0,0,0,0.0
마마069053,6884,0,0,0,0.0
마마069069,8786,0,0,0,0.0
마마069070,9106,0,0,0,0.0
마마069079,8780,0,0,0,0.0
마마069081,8083,0,0,0,0.0
마마069083,9183,0,0,0,0.0
마마069084,9596,0,0,0,0.0
마마069085,9555,0,0,0,0.0
마마070001,6257,0,0,0,0.0
마마070003,3129,0,0,0,0.0
마마070004,4553,0,0,0,0.0
마마070005,8127,0,0,0,0.0
마마070007,5777,0,0,0,0.0
마마070046,8976,0,0,0,0.0
마마070068,8742,0,0,0,0.0
마마070069,9289,0,0,0,0.0
마마070076,9609,0,0,0,0.0
마마070083,8198,0,0,0,0.0
마마070084,7883,0,0,0,0.0
마마070085,9239,0,0,0,0.0
마마071007,7839,0,0,0,0.0
마마071017,8617,0,0,0,0.0
마마071068,8912,0,0,0,0.0
마마071069,9354,0,0,0,0.0
마마071070,9521,0,0,0,0.0
마마071071,10073,0,0,0,0.0
마마071072,9943,0,0,0,0.0
마마071079,9017,0,0,0,0.0
마마071080,7049,0,0,0,0.0
마마071081,8332,0,0,0,0.0
마마071082,7776,0,0,0,0.0
마마071083,7657,0,0,0,0.0
마마071084,6499,0,0,0,0.0
마마071086,9200,0,0,0,0.0
마마072017,9269,0,0,0,0.0
마마072069,7153,0,0,0,0.0
마마072070,8266,0,0,0,0.0
마마072080,8865,0,0,0,0.0
마마072081,5101,0,0,0,0.0
마마072082,5219,0,0,0,0.0
마마072083,6454,0,0,0,0.0
마마072084,7402,0,0,0,0.0
마마072086,9391,0,0,0,0.0
마마072089,9329,0,0,0,0.0
마마073002,8434,0,0,0,0.0
마마073069,8644,0,0,0,0.0
마마073070,8321,0,0,0,0.0
마마073071,8926,0,0,0,0.0
마마073072,8345,0,0,0,0.0
마마073077,8668,0,0,0,0.0
마마073078,7259,0,0,0,0.0
마마073081,6398,0,0,0,0.0
마마073082,7415,0,0,0,0.0
마마073083,8091,0,0,0,0.0
마마073084,8791,0,0,0,0.0
마마073085,6365,0,0,0,0.0
마마073086,8150,0,0,0,0.0
마마073087,8816,0,0,0,0.0
마마073089,9247,0,0,0,0.0
마마074018,8039,0,0,0,0.0
마마074019,7347,0,0,0,0.0
마마074071,6646,0,0,0,0.0
마마074077,7492,0,0,0,0.0
마마074078,8392,0,0,0,0.0
마마074082,8848,0,0,0,0.0
마마074085,7852,0,0,0,0.0
마마074086,6179,0,0,0,0.0
마마074087,8029,0,0,0,0.0
마마074088,8844,0,0,0,0.0
마마074089,9228,0,0,0,0.0
마마075001,8275,0,0,0,0.0
마마075064,6511,0,0,0,0.0
마마075077,8282,0,0,0,0.0
마마075086,7320,0,0,0,0.0
마마075087,8178,0,0,0,0.0
마마075088,8893,0,0,0,0.0
마마076001,6522,0,0,0,0.0
마마076017,9449,0,0,0,0.0
마마076083,7928,0,0,0,0.0
마마076084,8442,0,0,0,0.0
마마076085,7526,0,0,0,0.0
마마076087,6379,0,0,0,0.0
마마076089,9241,0,0,0,0.0
마마077014,8336,0,0,0,0.0
마마077015,8858,0,0,0,0.0
마마077017,9657,0,0,0,0.0
마마077039,6931,0,0,0,0.0
마마077085,7671,0,0,0,0.0
마마077086,8778,0,0,0,0.0
마마077088,7940,0,0,0,0.0
마마078015,8809,0,0,0,0.0
마마078016,9423,0,0,0,0.0
마마078018,9843,0,0,0,0.0
마마078023,9290,0,0,0,0.0
마마078029,3670,0,0,0,0.0
마마078040,5157,0,0,0,0.0
마마078042,7810,0,0,0,0.0
마마078073,5826,0,0,0,0.0
마마078085,8174,0,0,0,0.0
마마078086,7558,0,0,0,0.0
마마079001,6069,0,0,0,0.0
마마079014,8355,0,0,0,0.0
마마079015,8735,0,0,0,0.0
마마079025,8283,0,0,0,0.0
마마079031,6598,0,0,0,0.0
마마079041,7678,0,0,0,0.0
마마079042,5932,0,0,0,0.0
마마079043,4885,0,0,0,0.0
마마079059,9550,0,0,0,0.0
마마079061,8183,0,0,0,0.0
마마079086,7513,0,0,0,0.0
마마079087,8634,0,0,0,0.0
마마080017,9900,0,0,0,0.0
마마080018,9322,0,0,0,0.0
마마080019,8160,0,0,0,0.0
마마080044,6831,0,0,0,0.0
마마080059,9740,0,0,0,0.0
마마080060,8466,0,0,0,0.0
마마080061,9092,0,0,0,0.0
마마080086,7794,0,0,0,0.0
마마081019,5433,0,0,0,0.0
마마081020,8201,0,0,0,0.0
마마081022,8467,0,0,0,0.0
마마081029,5855,0,0,0,0.0
마마081030,2718,0,0,0,0.0
마마081058,9744,0,0,0,0.0
마마081060,8925,0,0,0,0.0
마마081061,8358,0,0,0,0.0
마마081086,7478,0,0,0,0.0
마마081088,6747,0,0,0,0.0
마마081089,7856,0,0,0,0.0
마마082026,5205,0,0,0,0.0
마마082029,4228,0,0,0,0.0
마마082030,4452,0,0,0,0.0
마마082061,8351,0,0,0,0.0
마마082086,6031,0,0,0,0.0
마마082087,6345,0,0,0,0.0
마마082088,5819,0,0,0,0.0
마마082089,6367,0,0,0,0.0
마마083023,7664,0,0,0,0.0
마마083026,5335,0,0,0,0.0
마마083027,4569,0,0,0,0.0
마마083028,3983,0,0,0,0.0
마마083038,6025,0,0,0,0.0
마마083059,10039,0,0,0,0.0
마마083084,6597,0,0,0,0.0
마마083085,4486,0,0,0,0.0
마마083086,5513,0,0,0,0.0
마마083087,6195,0,0,0,0.0
마마083088,6118,0,0,0,0.0
마마084021,7077,0,0,0,0.0
마마084027,4632,0,0,0,0.0
마마084028,2762,0,0,0,0.0
마마084058,9938,0,0,0,0.0
마마084059,9729,0,0,0,0.0
마마084060,9721,0,0,0,0.0
마마084071,7588,0,0,0,0.0
마마084076,5028,0,0,0,0.0
마마084085,5995,0,0,0,0.0
마마084086,3875,0,0,0,0.0
마마085003,8502,0,0,0,0.0
마마085004,7924,0,0,0,0.0
마마085026,4697,0,0,0,0.0
마마085027,3255,0,0,0,0.0
마마085028,4607,0,0,0,0.0
마마085036,5012,0,0,0,0.0
마마085037,4395,0,0,0,0.0
마마085057,9870,0,0,0,0.0
마마085058,10144,0,0,0,0.0
마마085059,10094,0,0,0,0.0
마마085075,5978,0,0,0,0.0
마마085076,4828,0,0,0,0.0
마마085083,7861,0,0,0,0.0
마마085084,5837,0,0,0,0.0
마마085085,3791,0,0,0,0.0
마마085086,3298,0,0,0,0.0
마마085087,3118,0,0,0,0.0
마마086002,9719,0,0,0,0.0
마마086003,9198,0,0,0,0.0
마마086004,8710,0,0,0,0.0
마마086005,8356,0,0,0,0.0
마마086036,4190,0,0,0,0.0
마마086037,3687,0,0,0,0.0
마마086038,4903,0,0,0,0.0
마마086057,10029,0,0,0,0.0
마마086058,10136,0,0,0,0.0
마마086084,5712,0,0,0,0.0
마마086085,4375,0,0,0,0.0
마마086086,3666,0,0,0,0.0
마마087004,8142,0,0,0,0.0
마마087005,6772,0,0,0,0.0
마마087037,4502,0,0,0,0.0
마마087038,4077,0,0,0,0.0
마마087039,5158,0,0,0,0.0
마마087049,7051,0,0,0,0.0
마마087052,4827,0,0,0,0.0
마마087053,8812,0,0,0,0.0
마마087084,6485,0,0,0,0.0
마마087085,4625,0,0,0,0.0
마마087086,4602,0,0,0,0.0
마마088000,7037,0,0,0,0.0
마마088004,9276,0,0,0,0.0
마마088005,8433,0,0,0,0.0
마마088028,7519,0,0,0,0.0
마마088035,4623,0,0,0,0.0
마마088036,4601,0,0,0,0.0
마마088037,6400,0,0,0,0.0
마마088040,6217,0,0,0,0.0
마마088048,6313,0,0,0,0.0
마마088050,6498,0,0,0,0.0
마마088051,6337,0,0,0,0.0
마마088052,5296,0,0,0,0.0
마마088053,7751,0,0,0,0.0
마마088054,8871,0,0,0,0.0
마마088086,4733,0,0,0,0.0
마마089000,10075,0,0,0,0.0
마마089028,6123,0,0,0,0.0
마마089029,7495,0,0,0,0.0
마마089030,5561,0,0,0,0.0
마마089031,5533,0,0,0,0.0
마마089032,6942,0,0,0,0.0
마마089034,4100,0,0,0,0.0
마마089035,5491,0,0,0,0.0
마마089036,4358,0,0,0,0.0
마마089037,6205,0,0,0,0.0
마마089049,7509,0,0,0,0.0
마마089051,8196,0,0,0,0.0
마마089052,7143,0,0,0,0.0
마마089054,8547,0,0,0,0.0
마마089085,6059,0,0,0,0.0
마마090000,9350,0,0,0,0.0
마마090001,10030,0,0,0,0.0
마마090028,6843,0,0,0,0.0
마마090029,6000,0,0,0,0.0
마마090030,7274,0,0,0,0.0
마마090031,4726,0,0,0,0.0
마마090032,5056,0,0,0,0.0
마마090034,2984,0,0,0,0.0
마마090035,5501,0,0,0,0.0
마마090036,5280,0,0,0,0.0
마마090044,7666,0,0,0,0.0
마마090045,7444,0,0,0,0.0
마마090050,6708,0,0,0,0.0
마마090051,5827,0,0,0,0.0
마마090052,6669,0,0,0,0.0
마마090053,7715,0,0,0,0.0
마마091000,8449,0,0,0,0.0
마마091001,8339,0,0,0,0.0
마마091002,8591,0,0,0,0.0
마마091023,6328,0,0,0,0.0
마마091031,5811,0,0,0,0.0
마마091035,6543,0,0,0,0.0
마마091036,4418,0,0,0,0.0
마마091043,7202,0,0,0,0.0
마마091044,5749,0,0,0,0.0
마마091045,5252,0,0,0,0.0
마마091046,5763,0,0,0,0.0
마마091051,6993,0,0,0,0.0
마마091052,7525,0,0,0,0.0
마마091062,7103,0,0,0,0.0
마마092001,6482,0,0,0,0.0
마마092002,9146,0,0,0,0.0
마마092022,3334,0,0,0,0.0
마마092034,7026,0,0,0,0.0
마마092035,6067,0,0,0,0.0
마마092036,3635,0,0,0,0.0
마마092038,7832,0,0,0,0.0
마마092043,5446,0,0,0,0.0
마마092044,2620,0,0,0,0.0
마마092045,6793,0,0,0,0.0
마마092048,8049,0,0,0,0.0
마마092051,8260,0,0,0,0.0
마마092060,7851,0,0,0,0.0
마마092061,7412,0,0,0,0.0
마마092062,6416,0,0,0,0.0
마마092084,6606,0,0,0,0.0
마마093022,4460,0,0,0,0.0
마마093036,5656,0,0,0,0.0
마마093037,7043,0,0,0,0.0
마마093043,7406,0,0,0,0.0
마마093044,7186,0,0,0,0.0
마마093048,8144,0,0,0,0.0
마마093053,8436,0,0,0,0.0
마마093062,6566,0,0,0,0.0
마마093083,7521,0,0,0,0.0
마마094041,8286,0,0,0,0.0
마마094048,7786,0,0,0,0.0
마마094054,10015,0,0,0,0.0
마마094056,9907,0,0,0,0.0
마마094061,6880,0,0,0,0.0
마마094078,7538,0,0,0,0.0
마마095022,5098,0,0,0,0.0
마마095023,4852,0,0,0,0.0
마마095047,9090,0,0,0,0.0
마마095048,8600,0,0,0,0.0
마마095049,7446,0,0,0,0.0
마마095051,8967,0,0,0,0.0
마마095052,9921,0,0,0,0.0
마마095056,9283,0,0,0,0.0
마마095062,8250,0,0,0,0.0
마마096022,5794,0,0,0,0.0
마마096043,3029,0,0,0,0.0
마마096044,1179,0,0,0,0.0
마마096045,2781,0,0,0,0.0
마마096047,7930,0,0,0,0.0
마마096048,9268,0,0,0,0.0
마마096049,5873,0,0,0,0.0
마마096050,8458,0,0,0,0.0
마마096051,8289,0,0,0,0.0
마마096052,9575,0,0,0,0.0
마마096053,9983,0,0,0,0.0
마마096056,9787,0,0,0,0.0
마마096063,8072,0,0,0,0.0
마마096080,4370,0,0,0,0.0
마마096081,8101,0,0,0,0.0
마마097022,6002,0,0,0,0.0
마마097023,6311,0,0,0,0.0
마마097044,1972,0,0,0,0.0
마마097047,7964,0,0,0,0.0
마마097048,5585,0,0,0,0.0
마마097049,6727,0,0,0,0.0
마마097050,8400,0,0,0,0.0
마마097051,9371,0,0,0,0.0
마마097052,9901,0,0,0,0.0
마마097053,9786,0,0,0,0.0
마마097054,3836,0,0,0,0.0
마마097055,9911,0,0,0,0.0
마마097056,9292,0,0,0,0.0
마마097061,7936,0,0,0,0.0
마마097073,8944,0,0,0,0.0
마마097081,7946,0,0,0,0.0
마마098022,5214,0,0,0,0.0
마마098045,9234,0,0,0,0.0
마마098047,9590,0,0,0,0.0
마마098048,9288,0,0,0,0.0
마마098049,9750,0,0,0,0.0
마마098050,9495,0,0,0,0.0
마마098051,9972,0,0,0,0.0
마마098052,10104,0,0,0,0.0
마마098053,9344,0,0,0,0.0
마마098054,9600,0,0,0,0.0
마마098055,9227,0,0,0,0.0
마마098056,9733,0,0,0,0.0
마마098057,9627,0,0,0,0.0
마마098070,9229,0,0,0,0.0
마마098078,8240,0,0,0,0.0
마마099026,5891,0,0,0,0.0
마마099027,4671,0,0,0,0.0
마마099028,4627,0,0,0,0.0
마마099029,5882,0,0,0,0.0
마마099046,8980,0,0,0,0.0
마마099050,8713,0,0,0,0.0
마마099051,10020,0,0,0,0.0
마마099052,9612,0,0,0,0.0
마마099053,6802,0,0,0,0.0
마마099054,9359,0,0,0,0.0
마마099055,9617,0,0,0,0.0
마마099057,9023,0,0,0,0.0
마마099069,8747,0,0,0,0.0
마마099070,8593,0,0,0,0.0
마마099072,9936,0,0,0,0.0
마마099073,9210,0,0,0,0.0
마마099074,8860,0,0,0,0.0
마마099077,8720,0,0,0,0.0
마마100028,4270,0,0,0,0.0
마마100047,8985,0,0,0,0.0
마마100048,6303,0,0,0,0.0
마마100050,10076,0,0,0,0.0
마마100052,9940,0,0,0,0.0
마마100055,9217,0,0,0,0.0
마마100056,8147,0,0,0,0.0
마마100071,9764,0,0,0,0.0
마마100072,8545,0,0,0,0.0
마마100073,9148,0,0,0,0.0
마마100074,9262,0,0,0,0.0
마마100075,9732,0,0,0,0.0
마마100077,8777,0,0,0,0.0
마마101022,4281,0,0,0,0.0
마마101025,6038,0,0,0,0.0
마마101030,5764,0,0,0,0.0
마마101031,6233,0,0,0,0.0
마마101046,9061,0,0,0,0.0
마마101047,8330,0,0,0,0.0
마마101048,5242,0,0,0,0.0
마마101049,8721,0,0,0,0.0
마마101050,6945,0,0,0,0.0
마마101051,8155,0,0,0,0.0
마마101065,8936,0,0,0,0.0
마마101066,7978,0,0,0,0.0
마마101067,8382,0,0,0,0.0
마마101070,9897,0,0,0,0.0
마마101071,8514,0,0,0,0.0
마마101072,9705,0,0,0,0.0
마마101073,8122,0,0,0,0.0
마마101074,8439,0,0,0,0.0
마마101075,9240,0,0,0,0.0
마마101076,8887,0,0,0,0.0
마마101077,8011,0,0,0,0.0
마마102023,5634,0,0,0,0.0
마마102024,5968,0,0,0,0.0
마마102031,4724,0,0,0,0.0
마마102032,5095,0,0,0,0.0
마마102033,5124,0,0,0,0.0
마마102034,5323,0,0,0,0.0
마마102035,5299,0,0,0,0.0
마마102036,7131,0,0,0,0.0
마마102040,8448,0,0,0,0.0
마마102048,8140,0,0,0,0.0
마마102049,2782,0,0,0,0.0
마마102050,4895,0,0,0,0.0
마마102051,8733,0,0,0,0.0
마마102064,7511,0,0,0,0.0
마마102065,5058,0,0,0,0.0
마마102066,5951,0,0,0,0.0
마마102067,9093,0,0,0,0.0
마마102070,9624,0,0,0,0.0
마마102071,8683,0,0,0,0.0
마마102072,9056,0,0,0,0.0
마마102073,8040,0,0,0,0.0
마마102074,9472,0,0,0,0.0
마마102075,9048,0,0,0,0.0
마마102076,8157,0,0,0,0.0
마마102077,7627,0,0,0,0.0
마마103038,6221,0,0,0,0.0
마마103041,5235,0,0,0,0.0
마마103042,7860,0,0,0,0.0
마마103049,6661,0,0,0,0.0
마마103050,6748,0,0,0,0.0
마마103051,5507,0,0,0,0.0
마마103064,5842,0,0,0,0.0
마마103066,8642,0,0,0,0.0
마마103073,9549,0,0,0,0.0
마마103074,8000,0,0,0,0.0
마마103075,9027,0,0,0,0.0
마마104040,6050,0,0,0,0.0
마마104041,7228,0,0,0,0.0
마마104042,8156,0,0,0,0.0
마마104043,8620,0,0,0,0.0
마마104049,6633,0,0,0,0.0
마마104063,7661,0,0,0,0.0
마마104064,5306,0,0,0,0.0
마마104065,6671,0,0,0,0.0
마마105039,6475,0,0,0,0.0
마마105040,5529,0,0,0,0.0
마마105043,7260,0,0,0,0.0
마마106040,6294,0,0,0,0.0
마마106042,7087,0,0,0,0.0
마마106044,6557,0,0,0,0.0
마마107040,3916,0,0,0,0.0
마마107044,6254,0,0,0,0.0
마마107066,8420,0,0,0,0.0
마마108039,4402,0,0,0,0.0
마마108040,4831,0,0,0,0.0
마마108044,6500,0,0,0,0.0
마마109038,7168,0,0,0,0.0
마마109039,4911,0,0,0,0.0
마마109064,9642,0,0,0,0.0
마마109066,8474,0,0,0,0.0
마마110036,6600,0,0,0,0.0
마마110037,6775,0,0,0,0.0
마마110038,7865,0,0,0,0.0
마마110065,9548,0,0,0,0.0
마마110066,8369,0,0,0,0.0
마마111035,6602,0,0,0,0.0
마마111036,7252,0,0,0,0.0
마마111063,9813,0,0,0,0.0
마마111064,9651,0,0,0,0.0
마마111065,9912,0,0,0,0.0
마마111066,10059,0,0,0,0.0
마마111067,8940,0,0,0,0.0
마마111068,8067,0,0,0,0.0
마마112035,7045,0,0,0,0.0
마마112064,9834,0,0,0,0.0
마마112065,10025,0,0,0,0.0
마마112066,9913,0,0,0,0.0
마마112067,9141,0,0,0,0.0
마마113034,6940,0,0,0,0.0
마마113054,7890,0,0,0,0.0
마마113055,8252,0,0,0,0.0
마마113056,7405,0,0,0,0.0
마마113065,9177,0,0,0,0.0
마마113067,8881,0,0,0,0.0
마마114034,7189,0,0,0,0.0
마마114052,9468,0,0,0,0.0
마마114053,8891,0,0,0,0.0
마마114054,9120,0,0,0,0.0
마마114055,6529,0,0,0,0.0
마마114056,6785,0,0,0,0.0
마마114058,8804,0,0,0,0.0
마마114065,8510,0,0,0,0.0
마마115050,9996,0,0,0,0.0
마마115051,7072,0,0,0,0.0
마마115055,9619,0,0,0,0.0
마마115057,9072,0,0,0,0.0
마마115063,8960,0,0,0,0.0
마마115065,8904,0,0,0,0.0
마마115066,9520,0,0,0,0.0
마마116050,9918,0,0,0,0.0
마마116051,9646,0,0,0,0.0
마마117048,9568,0,0,0,0.0
마마117050,9766,0,0,0,0.0
마마118048,9715,0,0,0,0.0
마마118049,9958,0,0,0,0.0
마마119045,8964,0,0,0,0.0
마마119046,9016,0,0,0,0.0
마마119047,9483,0,0,0,0.0
마마119048,8490,0,0,0,0.0
마마119049,9404,0,0,0,0.0
마마120043,9576,0,0,0,0.0
마마120044,9570,0,0,0,0.0
마마120045,9551,0,0,0,0.0
마마120046,8942,0,0,0,0.0
마마120047,8772,0,0,0,0.0
마마120048,9716,0,0,0,0.0
마마121042,9880,0,0,0,0.0
마마121043,10061,0,0,0,0.0
마마121044,9935,0,0,0,0.0
마마122042,10003,0,0,0,0.0
마마122043,10124,0,0,0,0.0
마마122047,10096,0,0,0,0.0
마마122048,10023,0,0,0,0.0
마마122049,9866,0,0,0,0.0
마마123042,10017,0,0,0,0.0
마마123047,9852,0,0,0,0.0
마마123048,9728,0,0,0,0.0
마마124040,9850,0,0,0,0.0
마마124041,9868,0,0,0,0.0
마마124042,10164,0,0,0,0.0
마마124046,10178,0,0,0,0.0
마마124047,10068,0,0,0,0.0
마마125040,9652,0,0,0,0.0
마마125041,8443,0,0,0,0.0
마마125046,9993,0,0,0,0.0
마마125047,9566,0,0,0,0.0
마마126032,5383,0,0,0,0.0
마마126034,8237,0,0,0,0.0
마마126041,9476,0,0,0,0.0
마마126045,9699,0,0,0,0.0
마마126046,9397,0,0,0,0.0
마마127032,6288,0,0,0,0.0
마마127035,8099,0,0,0,0.0
마마127040,8825,0,0,0,0.0
마마127060,9654,0,0,0,0.0
마마128058,9810,0,0,0,0.0
마마128059,9713,0,0,0,0.0
마마128060,9547,0,0,0,0.0
마마128061,10006,0,0,0,0.0
마마129058,9908,0,0,0,0.0
마마129059,9569,0,0,0,0.0
마마129060,9638,0,0,0,0.0
마마129061,10062,0,0,0,0.0
마마129062,9951,0,0,0,0.0
마마130057,9482,0,0,0,0.0
마마130058,9315,0,0,0,0.0
마마130059,9524,0,0,0,0.0
마마130060,9660,0,0,0,0.0
마마130061,9585,0,0,0,0.0
마마130062,7656,0,0,0,0.0
마마131058,8779,0,0,0,0.0
마마131061,8130,0,0,0,0.0
마마131062,6954,0,0,0,0.0
마마132061,9011,0,0,0,0.0
마마132062,9060,0,0,0,0.0
마마132063,9231,0,0,0,0.0
마마134058,8366,0,0,0,0.0
마마134062,9420,0,0,0,0.0
마마135059,8005,0,0,0,0.0
마마135060,9279,0,0,0,0.0
마마135061,9477,0,0,0,0.0
마마135062,7339,0,0,0,0.0
마마138060,8957,0,0,0,0.0
